BETA	cis_trans	abs_effect
-2.14131	cis	2.14131
-1.07303	cis	1.07303
-0.130006	cis	0.130006
-0.112139	cis	0.112139
-1.43287	cis	1.43287
-0.171464	cis	0.171464
1.16889	cis	1.16889
-0.133131	cis	0.133131
0.140966	cis	0.140966
0.368378	cis	0.368378
0.130746	cis	0.130746
-0.46045	cis	0.46045
0.305918	cis	0.305918
-1.0437	cis	1.0437
0.0770189	cis	0.0770189
-0.376199	cis	0.376199
-0.500785	cis	0.500785
1.01463	cis	1.01463
0.155897	cis	0.155897
0.0720635	cis	0.0720635
-0.0516438	cis	0.0516438
0.5323	cis	0.5323
-1.65048	cis	1.65048
-1.35194	cis	1.35194
0.264076	cis	0.264076
-1.24697	cis	1.24697
0.208994	cis	0.208994
0.117298	cis	0.117298
1.01185	cis	1.01185
-0.549271	cis	0.549271
0.900129	cis	0.900129
-0.204558	cis	0.204558
-0.71037	cis	0.71037
0.876234	cis	0.876234
-1.47068	cis	1.47068
0.177943	cis	0.177943
-0.125441	cis	0.125441
0.0525499	cis	0.0525499
-0.119001	cis	0.119001
0.493851	cis	0.493851
0.106931	cis	0.106931
-2.53707	cis	2.53707
0.400536	cis	0.400536
1.28967	cis	1.28967
-0.179751	cis	0.179751
-0.916029	cis	0.916029
0.758144	cis	0.758144
-0.1494	cis	0.1494
0.447772	cis	0.447772
0.278481	cis	0.278481
-0.683543	cis	0.683543
0.0763991	cis	0.0763991
-0.92209	cis	0.92209
0.130724	cis	0.130724
-0.613204	cis	0.613204
0.150038	cis	0.150038
1.08271	cis	1.08271
-2.13994	cis	2.13994
-0.18758	cis	0.18758
-0.160171	cis	0.160171
0.100779	cis	0.100779
-0.363801	cis	0.363801
1.67192	cis	1.67192
0.710977	cis	0.710977
-0.280817	cis	0.280817
-1.36144	cis	1.36144
0.210924	cis	0.210924
-0.495879	cis	0.495879
0.668328	cis	0.668328
-1.47102	cis	1.47102
-0.315342	cis	0.315342
-0.0995011	cis	0.0995011
0.114196	cis	0.114196
-0.769464	cis	0.769464
-0.312744	cis	0.312744
-0.599759	cis	0.599759
-0.262083	cis	0.262083
-0.0740477	cis	0.0740477
-0.314245	cis	0.314245
0.06989	cis	0.06989
-0.288336	cis	0.288336
0.0891548	cis	0.0891548
0.473504	cis	0.473504
-0.147127	cis	0.147127
0.491871	cis	0.491871
0.080219	cis	0.080219
-1.63311	cis	1.63311
-0.0430416	cis	0.0430416
0.146494	cis	0.146494
0.752122	cis	0.752122
0.0525225	cis	0.0525225
-1.73077	cis	1.73077
0.594301	cis	0.594301
0.653726	cis	0.653726
0.0552751	cis	0.0552751
-0.148882	cis	0.148882
-0.281562	cis	0.281562
-0.0607776	cis	0.0607776
-0.281674	cis	0.281674
0.271103	cis	0.271103
-2.16169	cis	2.16169
0.651891	cis	0.651891
0.0835655	cis	0.0835655
0.145081	cis	0.145081
0.816673	cis	0.816673
0.0456899	cis	0.0456899
0.0631049	cis	0.0631049
0.0627552	cis	0.0627552
-0.453807	cis	0.453807
-1.25223	cis	1.25223
0.937063	cis	0.937063
-0.110117	cis	0.110117
0.50754	cis	0.50754
-0.85493	cis	0.85493
-0.201208	cis	0.201208
-0.0562521	cis	0.0562521
0.0593809	cis	0.0593809
-0.216061	cis	0.216061
-0.543398	cis	0.543398
-0.392344	cis	0.392344
-0.065997	cis	0.065997
0.0648035	cis	0.0648035
0.136455	cis	0.136455
-1.1181	cis	1.1181
0.333144	cis	0.333144
-0.523587	cis	0.523587
-0.989696	cis	0.989696
-1.18089	cis	1.18089
-1.4779	cis	1.4779
-0.306075	cis	0.306075
-0.756061	cis	0.756061
0.162304	cis	0.162304
-0.0689126	cis	0.0689126
-0.99133	cis	0.99133
-0.163436	cis	0.163436
0.154976	cis	0.154976
-0.235855	cis	0.235855
-0.401997	cis	0.401997
-0.33586	cis	0.33586
0.103302	cis	0.103302
-0.0710844	cis	0.0710844
0.0622235	cis	0.0622235
0.310055	cis	0.310055
-0.517837	cis	0.517837
-0.723174	cis	0.723174
1.4197	cis	1.4197
-0.300222	cis	0.300222
0.259187	cis	0.259187
0.351966	cis	0.351966
-1.11127	cis	1.11127
-0.672661	cis	0.672661
-0.187713	cis	0.187713
0.31605	cis	0.31605
-0.238922	cis	0.238922
-0.209913	cis	0.209913
-0.370779	cis	0.370779
-0.438684	cis	0.438684
-0.0725575	cis	0.0725575
0.108612	cis	0.108612
0.200452	cis	0.200452
-0.27557	cis	0.27557
-0.456116	cis	0.456116
-1.29486	cis	1.29486
0.096121	cis	0.096121
-0.303414	cis	0.303414
0.0442542	cis	0.0442542
-0.165694	cis	0.165694
-1.18622	cis	1.18622
-0.731028	cis	0.731028
0.314188	cis	0.314188
-0.300333	cis	0.300333
0.0461415	cis	0.0461415
0.18797	cis	0.18797
0.0861511	cis	0.0861511
-0.0422395	cis	0.0422395
0.457074	cis	0.457074
-0.101415	cis	0.101415
-0.617966	cis	0.617966
-0.233989	cis	0.233989
0.284731	cis	0.284731
-0.573252	cis	0.573252
0.203246	cis	0.203246
-1.91768	cis	1.91768
-0.532827	cis	0.532827
0.142852	cis	0.142852
0.124765	cis	0.124765
-0.37687	cis	0.37687
-0.179861	cis	0.179861
-0.696158	cis	0.696158
0.583245	cis	0.583245
0.140918	cis	0.140918
-1.39845	cis	1.39845
-0.770232	cis	0.770232
-2.03542	cis	2.03542
0.137951	cis	0.137951
-0.334532	cis	0.334532
0.0518692	cis	0.0518692
0.200916	cis	0.200916
-0.192013	cis	0.192013
-0.431683	cis	0.431683
-0.306602	cis	0.306602
-0.418115	cis	0.418115
0.273512	cis	0.273512
-0.589435	cis	0.589435
0.218461	cis	0.218461
-1.51571	cis	1.51571
-0.322674	cis	0.322674
-0.600832	cis	0.600832
-1.63555	cis	1.63555
0.298231	cis	0.298231
0.453472	cis	0.453472
-0.950688	cis	0.950688
-1.01736	cis	1.01736
-0.621184	cis	0.621184
-0.269463	cis	0.269463
-0.303743	cis	0.303743
0.387251	cis	0.387251
0.154688	cis	0.154688
-0.16856	cis	0.16856
1.12877	cis	1.12877
-2.1851	cis	2.1851
-0.4481	cis	0.4481
-0.652131	cis	0.652131
-0.0526992	cis	0.0526992
-2.28813	cis	2.28813
0.222852	cis	0.222852
-0.156771	cis	0.156771
-0.294784	cis	0.294784
-0.14421	cis	0.14421
-1.45256	cis	1.45256
-0.95113	cis	0.95113
0.504495	cis	0.504495
-1.38391	cis	1.38391
-0.392871	cis	0.392871
0.0705704	cis	0.0705704
-0.28211	cis	0.28211
-0.515256	cis	0.515256
-2.00344	cis	2.00344
-0.0814351	cis	0.0814351
0.0970206	cis	0.0970206
-0.170325	cis	0.170325
-0.816211	cis	0.816211
0.808502	cis	0.808502
0.671305	cis	0.671305
-1.42617	cis	1.42617
0.121035	cis	0.121035
-0.176524	cis	0.176524
0.303794	cis	0.303794
0.648179	cis	0.648179
-0.0690214	cis	0.0690214
-0.102922	cis	0.102922
-0.131509	cis	0.131509
0.13264	cis	0.13264
0.0734897	cis	0.0734897
-0.285649	cis	0.285649
-0.209308	cis	0.209308
-0.852877	cis	0.852877
-2.16441	cis	2.16441
-0.0813992	cis	0.0813992
0.179192	cis	0.179192
-0.0596786	cis	0.0596786
0.130451	cis	0.130451
-1.16787	cis	1.16787
0.313694	cis	0.313694
-0.0808273	cis	0.0808273
-0.181901	cis	0.181901
-0.865297	cis	0.865297
-0.528378	cis	0.528378
0.18563	cis	0.18563
0.155972	cis	0.155972
-0.325775	cis	0.325775
0.0590989	cis	0.0590989
-0.403099	cis	0.403099
-0.0644059	cis	0.0644059
-0.919951	cis	0.919951
-0.113055	cis	0.113055
-0.473716	cis	0.473716
-0.997107	cis	0.997107
-0.295574	cis	0.295574
-1.50011	cis	1.50011
-1.20262	cis	1.20262
-0.779998	cis	0.779998
0.378907	cis	0.378907
0.679921	cis	0.679921
0.26923	cis	0.26923
0.106145	cis	0.106145
0.0855181	cis	0.0855181
0.100692	cis	0.100692
-0.797515	cis	0.797515
0.535187	cis	0.535187
-1.37335	cis	1.37335
0.75923	cis	0.75923
-0.974693	cis	0.974693
-1.12264	cis	1.12264
-0.311544	cis	0.311544
-0.0518046	cis	0.0518046
-0.0693641	cis	0.0693641
0.419724	cis	0.419724
-0.303626	cis	0.303626
-0.230746	cis	0.230746
0.0967573	cis	0.0967573
-1.06584	cis	1.06584
-0.129618	cis	0.129618
-0.342748	cis	0.342748
-0.26405	cis	0.26405
-0.440484	cis	0.440484
0.189054	cis	0.189054
0.168971	cis	0.168971
0.466453	cis	0.466453
-1.28982	cis	1.28982
0.844712	cis	0.844712
-0.312667	cis	0.312667
-0.388869	cis	0.388869
-0.175013	cis	0.175013
0.781571	cis	0.781571
-0.148743	cis	0.148743
1.81153	cis	1.81153
-1.56245	cis	1.56245
1.80202	cis	1.80202
0.267743	cis	0.267743
0.465194	cis	0.465194
-0.418699	cis	0.418699
-0.259478	cis	0.259478
-0.291387	cis	0.291387
-2.20125	cis	2.20125
-0.745722	cis	0.745722
0.339916	cis	0.339916
-1.29687	cis	1.29687
0.288069	cis	0.288069
-0.24663	cis	0.24663
0.306247	cis	0.306247
0.219424	cis	0.219424
-0.580515	cis	0.580515
0.675368	cis	0.675368
-0.351058	cis	0.351058
1.23758	cis	1.23758
-1.05367	cis	1.05367
-0.378822	cis	0.378822
1.17569	cis	1.17569
0.139753	cis	0.139753
0.265993	cis	0.265993
-0.409486	cis	0.409486
0.420751	cis	0.420751
0.0786795	cis	0.0786795
-0.933125	cis	0.933125
-0.348333	cis	0.348333
-0.457063	cis	0.457063
-0.251159	cis	0.251159
-0.228706	cis	0.228706
0.19908	cis	0.19908
-0.128109	cis	0.128109
-0.360713	cis	0.360713
-0.714885	cis	0.714885
-0.0512959	cis	0.0512959
-0.807665	cis	0.807665
0.738612	cis	0.738612
-0.161179	cis	0.161179
-0.0872103	cis	0.0872103
-0.160358	cis	0.160358
-1.10539	cis	1.10539
0.594143	cis	0.594143
0.196675	cis	0.196675
-0.210812	cis	0.210812
1.95298	cis	1.95298
0.344802	cis	0.344802
1.42363	cis	1.42363
-0.48871	cis	0.48871
0.132243	cis	0.132243
-0.295394	cis	0.295394
0.431503	cis	0.431503
-0.266905	cis	0.266905
-0.047254	cis	0.047254
-0.157211	cis	0.157211
-0.0958369	cis	0.0958369
0.753248	cis	0.753248
0.295865	cis	0.295865
0.498155	cis	0.498155
0.227428	cis	0.227428
-0.100331	cis	0.100331
0.639082	cis	0.639082
-0.266448	cis	0.266448
-1.09402	cis	1.09402
-2.0767	cis	2.0767
0.626629	cis	0.626629
-0.336285	cis	0.336285
0.602436	cis	0.602436
-0.516813	cis	0.516813
-0.270074	cis	0.270074
-1.17179	cis	1.17179
0.97492	cis	0.97492
-0.12862	cis	0.12862
-0.130695	cis	0.130695
-0.055927	cis	0.055927
-0.520086	cis	0.520086
-0.366586	cis	0.366586
0.230764	cis	0.230764
0.450722	cis	0.450722
0.238308	cis	0.238308
-0.131513	cis	0.131513
-0.230425	cis	0.230425
0.13155	cis	0.13155
0.0652587	cis	0.0652587
-0.213702	cis	0.213702
0.073672	cis	0.073672
0.140246	cis	0.140246
0.0845525	cis	0.0845525
-1.13641	cis	1.13641
-1.02741	cis	1.02741
-1.01101	cis	1.01101
-0.892058	cis	0.892058
-0.177234	cis	0.177234
0.621564	cis	0.621564
-0.259635	cis	0.259635
-0.1814	cis	0.1814
-1.03409	cis	1.03409
-0.784669	cis	0.784669
-1.566	cis	1.566
0.42054	cis	0.42054
0.199403	cis	0.199403
0.0403068	cis	0.0403068
-0.547683	cis	0.547683
-0.154781	cis	0.154781
-1.62159	cis	1.62159
-0.128078	cis	0.128078
-0.292988	cis	0.292988
-0.242407	cis	0.242407
-0.59736	cis	0.59736
0.670303	cis	0.670303
-1.07368	cis	1.07368
0.534743	cis	0.534743
-0.0908033	cis	0.0908033
0.200769	cis	0.200769
-0.655462	cis	0.655462
0.0473783	cis	0.0473783
-0.28777	cis	0.28777
-0.209126	cis	0.209126
0.196107	cis	0.196107
0.231674	cis	0.231674
-1.32199	cis	1.32199
0.531697	cis	0.531697
0.785594	cis	0.785594
0.485235	cis	0.485235
0.0775119	cis	0.0775119
-0.64344	cis	0.64344
-0.303074	cis	0.303074
-0.16385	cis	0.16385
0.225631	cis	0.225631
-1.97525	cis	1.97525
0.845825	cis	0.845825
0.497343	cis	0.497343
0.37262	cis	0.37262
-0.372548	cis	0.372548
-0.27901	cis	0.27901
0.611453	cis	0.611453
-1.55637	cis	1.55637
1.16858	cis	1.16858
-0.123898	cis	0.123898
0.230783	cis	0.230783
0.321728	cis	0.321728
0.522485	cis	0.522485
2.30343	cis	2.30343
-0.46683	cis	0.46683
0.61028	cis	0.61028
-2.14108	cis	2.14108
-0.310605	cis	0.310605
0.281301	cis	0.281301
-0.262996	cis	0.262996
0.0908657	cis	0.0908657
0.20209	cis	0.20209
-1.18498	cis	1.18498
-0.505516	cis	0.505516
-0.314865	cis	0.314865
-0.787782	cis	0.787782
-0.543808	cis	0.543808
0.0568999	cis	0.0568999
0.506571	cis	0.506571
0.178284	cis	0.178284
-0.152795	cis	0.152795
-0.431625	cis	0.431625
1.36241	cis	1.36241
-0.28048	cis	0.28048
0.871103	cis	0.871103
-0.733736	cis	0.733736
1.38693	cis	1.38693
1.46914	cis	1.46914
-0.183892	cis	0.183892
0.0657057	cis	0.0657057
0.221088	cis	0.221088
0.090355	cis	0.090355
1.47426	cis	1.47426
1.05924	cis	1.05924
-0.87143	cis	0.87143
-0.686011	cis	0.686011
-0.570247	cis	0.570247
-0.450944	cis	0.450944
-0.130136	cis	0.130136
0.252326	cis	0.252326
-0.371035	cis	0.371035
-0.535276	cis	0.535276
0.12698	cis	0.12698
0.661614	cis	0.661614
0.243524	cis	0.243524
-0.511236	cis	0.511236
-0.151462	cis	0.151462
0.813809	cis	0.813809
-1.88492	cis	1.88492
-0.0806698	cis	0.0806698
-0.841561	cis	0.841561
0.36502	cis	0.36502
-0.455618	cis	0.455618
-0.545222	cis	0.545222
-0.281538	cis	0.281538
-0.134914	cis	0.134914
-0.0970322	cis	0.0970322
-0.240816	cis	0.240816
0.816216	cis	0.816216
-0.82748	cis	0.82748
-0.569263	cis	0.569263
-0.657053	cis	0.657053
-0.139386	cis	0.139386
0.185034	cis	0.185034
0.486541	cis	0.486541
-0.555847	cis	0.555847
-1.18996	cis	1.18996
-0.781652	cis	0.781652
0.316242	cis	0.316242
-0.152485	cis	0.152485
0.217476	cis	0.217476
-0.711417	cis	0.711417
-0.412489	cis	0.412489
-0.368532	cis	0.368532
-1.0498	cis	1.0498
-1.50454	cis	1.50454
-0.177399	cis	0.177399
-1.11173	cis	1.11173
0.243184	cis	0.243184
1.09206	cis	1.09206
-0.0756909	cis	0.0756909
-0.135924	cis	0.135924
-0.623968	cis	0.623968
-0.570915	cis	0.570915
0.306717	cis	0.306717
0.712956	cis	0.712956
0.582727	cis	0.582727
0.81885	cis	0.81885
-0.789794	cis	0.789794
1.35452	cis	1.35452
0.0505037	cis	0.0505037
-0.157248	cis	0.157248
0.557049	cis	0.557049
-0.551695	cis	0.551695
0.0949865	cis	0.0949865
0.591046	cis	0.591046
1.21456	cis	1.21456
0.970997	cis	0.970997
-0.492405	cis	0.492405
-0.621616	cis	0.621616
0.214737	cis	0.214737
1.10233	cis	1.10233
-0.145354	cis	0.145354
-0.219581	cis	0.219581
-0.435784	cis	0.435784
0.388696	cis	0.388696
-1.965	cis	1.965
-0.0625948	cis	0.0625948
-0.226101	cis	0.226101
-0.119593	cis	0.119593
1.66885	cis	1.66885
-0.943902	cis	0.943902
-0.243725	cis	0.243725
0.191253	cis	0.191253
-0.087721	cis	0.087721
-0.0632316	cis	0.0632316
0.177986	cis	0.177986
0.114555	cis	0.114555
0.659098	cis	0.659098
-0.575446	cis	0.575446
0.559026	cis	0.559026
0.145837	cis	0.145837
0.157958	cis	0.157958
0.150069	cis	0.150069
-0.157199	cis	0.157199
-0.152284	cis	0.152284
-0.293416	cis	0.293416
-1.31708	cis	1.31708
0.0635468	cis	0.0635468
0.384006	cis	0.384006
-0.0991638	cis	0.0991638
-0.97428	cis	0.97428
1.1618	cis	1.1618
-0.319387	cis	0.319387
-0.0508892	cis	0.0508892
0.0679369	cis	0.0679369
-0.578799	cis	0.578799
-1.07208	cis	1.07208
0.244399	cis	0.244399
-0.104139	cis	0.104139
0.0561669	cis	0.0561669
-0.498094	cis	0.498094
-0.732268	cis	0.732268
-0.51417	cis	0.51417
-0.187019	cis	0.187019
1.36037	cis	1.36037
-0.11102	cis	0.11102
-0.243039	cis	0.243039
-0.332652	cis	0.332652
-0.198132	cis	0.198132
0.276143	cis	0.276143
-0.89061	cis	0.89061
-0.608198	cis	0.608198
-0.931659	cis	0.931659
0.12433	cis	0.12433
-0.655164	cis	0.655164
-0.0997571	cis	0.0997571
0.363358	cis	0.363358
-0.564358	cis	0.564358
-1.2396	cis	1.2396
0.482524	cis	0.482524
0.153192	cis	0.153192
0.697897	cis	0.697897
0.143194	cis	0.143194
-0.0590917	cis	0.0590917
-0.0512882	cis	0.0512882
0.190019	cis	0.190019
-0.10388	cis	0.10388
0.0729292	cis	0.0729292
-0.275561	cis	0.275561
0.31284	cis	0.31284
-0.212675	cis	0.212675
0.313273	cis	0.313273
-0.455126	cis	0.455126
0.0635579	cis	0.0635579
0.0543412	cis	0.0543412
0.776879	cis	0.776879
-2.1286	cis	2.1286
0.0689859	cis	0.0689859
-0.260536	cis	0.260536
-0.21656	cis	0.21656
-0.060453	cis	0.060453
0.510299	cis	0.510299
0.322668	cis	0.322668
0.131409	cis	0.131409
-0.347906	cis	0.347906
-0.329491	cis	0.329491
0.14734	cis	0.14734
0.891717	cis	0.891717
-0.213248	cis	0.213248
-0.310258	cis	0.310258
0.0505972	cis	0.0505972
-0.155608	cis	0.155608
-0.106363	cis	0.106363
-0.127843	cis	0.127843
0.999377	cis	0.999377
-0.261961	cis	0.261961
-0.132765	cis	0.132765
-1.11448	cis	1.11448
0.0800974	cis	0.0800974
-0.0654035	cis	0.0654035
-0.982666	cis	0.982666
-0.94832	cis	0.94832
-0.446614	cis	0.446614
-0.283305	cis	0.283305
-0.66665	cis	0.66665
1.68857	cis	1.68857
-0.163053	cis	0.163053
-0.0898858	cis	0.0898858
0.261816	cis	0.261816
-0.515765	cis	0.515765
-0.251881	cis	0.251881
-0.385618	cis	0.385618
0.205498	cis	0.205498
0.310273	cis	0.310273
0.308195	cis	0.308195
-1.25827	cis	1.25827
-0.27829	cis	0.27829
1.4738	cis	1.4738
0.161767	cis	0.161767
0.127786	cis	0.127786
0.266088	cis	0.266088
-0.266289	cis	0.266289
-0.189629	cis	0.189629
0.148262	cis	0.148262
0.119599	cis	0.119599
0.075854	cis	0.075854
-0.251129	cis	0.251129
-0.424937	cis	0.424937
-0.82517	cis	0.82517
0.135582	cis	0.135582
0.0804661	cis	0.0804661
0.120783	cis	0.120783
-0.499516	cis	0.499516
0.323625	cis	0.323625
-0.181662	cis	0.181662
0.251007	cis	0.251007
-1.31457	cis	1.31457
0.150051	cis	0.150051
-0.0940479	cis	0.0940479
-0.320886	cis	0.320886
-0.250327	cis	0.250327
-1.65859	cis	1.65859
0.966602	cis	0.966602
0.94409	cis	0.94409
0.812692	cis	0.812692
0.119717	cis	0.119717
-1.51183	cis	1.51183
-0.962236	cis	0.962236
1.90821	cis	1.90821
-0.29314	cis	0.29314
-0.0540588	cis	0.0540588
0.243096	cis	0.243096
-0.123112	cis	0.123112
0.135281	cis	0.135281
0.150654	cis	0.150654
0.067092	cis	0.067092
-0.306329	cis	0.306329
0.231572	cis	0.231572
0.510801	cis	0.510801
-0.528646	cis	0.528646
-0.394004	cis	0.394004
0.595659	cis	0.595659
2.43448	cis	2.43448
2.10958	cis	2.10958
0.059038	cis	0.059038
-0.193589	cis	0.193589
-0.0702393	cis	0.0702393
0.115504	cis	0.115504
-0.126513	cis	0.126513
-0.515555	cis	0.515555
-1.16652	cis	1.16652
-1.83917	cis	1.83917
0.190846	cis	0.190846
-0.269874	cis	0.269874
-0.145603	cis	0.145603
-0.402216	cis	0.402216
0.101156	cis	0.101156
0.169727	cis	0.169727
0.0669946	cis	0.0669946
0.385293	cis	0.385293
1.16733	cis	1.16733
-0.544731	cis	0.544731
-0.139907	cis	0.139907
0.732663	cis	0.732663
1.83598	cis	1.83598
-0.758729	cis	0.758729
-0.228234	cis	0.228234
0.0524554	cis	0.0524554
-0.209925	cis	0.209925
-0.0914883	cis	0.0914883
-0.114888	cis	0.114888
-0.908153	cis	0.908153
-0.208963	cis	0.208963
-0.136077	cis	0.136077
-0.20784	cis	0.20784
0.0800052	cis	0.0800052
-0.17267	cis	0.17267
-0.375327	cis	0.375327
0.183481	cis	0.183481
-0.231143	cis	0.231143
-1.08702	cis	1.08702
-0.104598	cis	0.104598
0.488624	cis	0.488624
1.0155	cis	1.0155
1.03637	cis	1.03637
0.833102	cis	0.833102
-0.123596	cis	0.123596
-0.103007	cis	0.103007
-0.260142	cis	0.260142
-1.35046	cis	1.35046
0.52264	cis	0.52264
-0.571574	cis	0.571574
0.431274	cis	0.431274
0.843766	cis	0.843766
0.158759	cis	0.158759
-0.288569	cis	0.288569
-1.45267	cis	1.45267
-0.438917	cis	0.438917
-0.855514	cis	0.855514
0.437541	cis	0.437541
-0.614653	cis	0.614653
-0.342285	cis	0.342285
0.758797	cis	0.758797
0.956851	cis	0.956851
-0.482434	cis	0.482434
-0.865384	cis	0.865384
1.36803	cis	1.36803
0.0501624	cis	0.0501624
0.130076	cis	0.130076
-1.38187	cis	1.38187
-2.09748	cis	2.09748
-1.24747	cis	1.24747
-0.124514	cis	0.124514
0.0991727	cis	0.0991727
-0.713267	cis	0.713267
0.664161	cis	0.664161
-0.123251	cis	0.123251
0.705411	cis	0.705411
-0.387989	cis	0.387989
-0.107184	cis	0.107184
0.995087	cis	0.995087
0.653381	cis	0.653381
-0.178699	cis	0.178699
0.0969185	cis	0.0969185
-0.352706	cis	0.352706
-0.969647	cis	0.969647
-0.247641	cis	0.247641
-0.135033	cis	0.135033
-0.211254	cis	0.211254
-0.730729	cis	0.730729
-0.601237	cis	0.601237
-0.695581	cis	0.695581
-1.09614	cis	1.09614
-0.0899036	cis	0.0899036
-0.451425	cis	0.451425
0.452594	cis	0.452594
-0.411811	cis	0.411811
-0.0844093	cis	0.0844093
0.193847	cis	0.193847
-0.186439	cis	0.186439
0.321151	cis	0.321151
1.67033	cis	1.67033
-0.0960176	cis	0.0960176
0.279846	cis	0.279846
-0.782673	cis	0.782673
-0.147324	cis	0.147324
-0.146904	cis	0.146904
0.0988859	cis	0.0988859
-0.128196	cis	0.128196
-0.844495	cis	0.844495
-0.462163	cis	0.462163
-0.379826	cis	0.379826
0.507389	cis	0.507389
0.197679	cis	0.197679
-0.163048	cis	0.163048
-0.905298	cis	0.905298
0.0769487	cis	0.0769487
-0.386177	cis	0.386177
0.374248	cis	0.374248
0.287041	cis	0.287041
-0.386754	cis	0.386754
-0.807068	cis	0.807068
-0.766881	cis	0.766881
0.14807	cis	0.14807
-0.1279	cis	0.1279
-0.117869	cis	0.117869
-0.332675	cis	0.332675
-0.756792	cis	0.756792
-0.135415	cis	0.135415
-1.32784	cis	1.32784
0.126321	cis	0.126321
-0.810284	cis	0.810284
0.111134	cis	0.111134
-0.0550163	cis	0.0550163
-0.498231	cis	0.498231
1.21188	cis	1.21188
0.376783	cis	0.376783
-0.394843	cis	0.394843
0.254231	cis	0.254231
-0.0912416	cis	0.0912416
0.121345	cis	0.121345
-0.292623	cis	0.292623
0.293541	cis	0.293541
0.0949557	cis	0.0949557
0.374495	cis	0.374495
-0.443589	cis	0.443589
-0.117125	cis	0.117125
0.720656	cis	0.720656
-0.352544	cis	0.352544
0.250404	cis	0.250404
0.32916	cis	0.32916
1.38002	cis	1.38002
-0.685115	cis	0.685115
-0.600187	cis	0.600187
-0.919677	cis	0.919677
-0.299014	cis	0.299014
-0.424788	cis	0.424788
0.0598131	cis	0.0598131
0.225073	cis	0.225073
0.219874	cis	0.219874
0.0569828	cis	0.0569828
-0.325834	cis	0.325834
-0.112657	cis	0.112657
-0.746705	cis	0.746705
0.653756	cis	0.653756
-0.664097	cis	0.664097
-0.115544	cis	0.115544
-1.60553	cis	1.60553
-0.97424	cis	0.97424
0.251524	cis	0.251524
0.0754471	cis	0.0754471
0.702106	cis	0.702106
-0.0978435	cis	0.0978435
0.24053	cis	0.24053
0.122237	cis	0.122237
0.592805	cis	0.592805
0.054516	cis	0.054516
-0.256835	cis	0.256835
-0.673246	cis	0.673246
-0.990816	cis	0.990816
-0.227152	cis	0.227152
-0.144621	cis	0.144621
0.393195	cis	0.393195
-0.708717	cis	0.708717
0.499694	cis	0.499694
-0.866532	cis	0.866532
-1.18373	cis	1.18373
0.478116	cis	0.478116
-0.259551	cis	0.259551
-1.07442	cis	1.07442
-1.02133	cis	1.02133
0.216467	cis	0.216467
-0.685375	cis	0.685375
-0.769842	cis	0.769842
-0.218422	cis	0.218422
0.284863	cis	0.284863
0.263919	cis	0.263919
0.723556	cis	0.723556
-0.389423	cis	0.389423
-0.262561	cis	0.262561
-0.249898	cis	0.249898
-0.0811361	cis	0.0811361
0.441574	cis	0.441574
1.02672	cis	1.02672
-0.126377	cis	0.126377
0.318199	cis	0.318199
0.314034	cis	0.314034
-0.424563	cis	0.424563
0.195763	cis	0.195763
-1.03507	cis	1.03507
-2.13562	cis	2.13562
0.125425	cis	0.125425
-0.0440477	cis	0.0440477
0.0723366	cis	0.0723366
-0.350068	cis	0.350068
-0.90262	cis	0.90262
-0.0973696	cis	0.0973696
-0.782268	cis	0.782268
-0.456088	cis	0.456088
-1.65618	cis	1.65618
-0.0489091	cis	0.0489091
0.449638	cis	0.449638
-1.02774	cis	1.02774
0.400809	cis	0.400809
-0.107179	cis	0.107179
-0.333573	cis	0.333573
-0.866471	cis	0.866471
-0.0475776	cis	0.0475776
1.15549	cis	1.15549
-0.2935	cis	0.2935
0.104211	cis	0.104211
-0.30222	cis	0.30222
0.0873582	cis	0.0873582
-0.490531	cis	0.490531
-0.183077	cis	0.183077
-0.248941	cis	0.248941
-0.170939	cis	0.170939
-0.598903	cis	0.598903
1.00059	cis	1.00059
0.677846	cis	0.677846
0.429709	cis	0.429709
0.382561	cis	0.382561
0.608491	cis	0.608491
-0.161943	cis	0.161943
1.1396	cis	1.1396
-0.111728	cis	0.111728
-1.11533	cis	1.11533
0.21306	cis	0.21306
0.459153	cis	0.459153
-0.796557	cis	0.796557
-0.693431	cis	0.693431
0.462985	cis	0.462985
-0.895896	cis	0.895896
0.320152	cis	0.320152
-0.245553	cis	0.245553
-0.567555	cis	0.567555
-1.10774	cis	1.10774
-1.55135	cis	1.55135
0.588142	cis	0.588142
-1.26318	cis	1.26318
0.0739611	cis	0.0739611
0.126215	cis	0.126215
-0.554043	cis	0.554043
-0.168808	cis	0.168808
-0.542109	cis	0.542109
0.172867	cis	0.172867
0.413316	cis	0.413316
0.0912382	cis	0.0912382
0.30914	cis	0.30914
-0.109719	cis	0.109719
0.807	cis	0.807
-0.393993	cis	0.393993
-0.605073	cis	0.605073
0.271047	cis	0.271047
0.266776	cis	0.266776
0.267068	cis	0.267068
0.274569	cis	0.274569
0.521978	cis	0.521978
-0.49846	cis	0.49846
-0.117008	cis	0.117008
-0.442276	cis	0.442276
-0.193638	cis	0.193638
1.4118	cis	1.4118
-0.0879517	cis	0.0879517
-0.939817	cis	0.939817
0.948856	cis	0.948856
0.11285	cis	0.11285
0.556243	cis	0.556243
-0.0494707	cis	0.0494707
-0.066021	cis	0.066021
0.450744	cis	0.450744
0.0503694	cis	0.0503694
-0.13114	cis	0.13114
-0.393344	cis	0.393344
0.470732	cis	0.470732
-0.0733642	cis	0.0733642
0.223344	cis	0.223344
-0.152735	cis	0.152735
0.113676	cis	0.113676
0.150296	cis	0.150296
-0.482854	cis	0.482854
0.183359	cis	0.183359
0.514873	cis	0.514873
-0.135831	cis	0.135831
0.541982	cis	0.541982
-0.445837	cis	0.445837
-0.251724	cis	0.251724
-0.944394	cis	0.944394
-0.122188	cis	0.122188
-0.364589	cis	0.364589
-0.250583	cis	0.250583
0.836295	cis	0.836295
-0.79784	cis	0.79784
-0.524902	cis	0.524902
-0.899028	cis	0.899028
-0.285217	cis	0.285217
0.359139	cis	0.359139
-0.233249	cis	0.233249
-0.185418	cis	0.185418
-0.517554	cis	0.517554
0.140359	cis	0.140359
-1.40487	cis	1.40487
-0.677849	cis	0.677849
-0.419897	cis	0.419897
-0.214121	cis	0.214121
0.832249	cis	0.832249
0.115195	cis	0.115195
-0.336713	cis	0.336713
0.0952254	cis	0.0952254
0.929755	cis	0.929755
-0.614189	cis	0.614189
-0.383138	cis	0.383138
-0.372981	cis	0.372981
-1.09202	cis	1.09202
-0.0528713	cis	0.0528713
-0.105488	cis	0.105488
0.30075	cis	0.30075
0.499727	cis	0.499727
1.08819	cis	1.08819
0.264902	cis	0.264902
-0.889381	cis	0.889381
-0.197253	cis	0.197253
-0.177128	cis	0.177128
-0.114139	cis	0.114139
-0.209613	cis	0.209613
-0.0636255	cis	0.0636255
0.354843	cis	0.354843
-0.655107	cis	0.655107
-1.55146	cis	1.55146
-0.207092	cis	0.207092
0.0331617	cis	0.0331617
-0.65694	cis	0.65694
0.172467	cis	0.172467
-0.101129	cis	0.101129
0.0859166	cis	0.0859166
0.136144	cis	0.136144
-1.04482	cis	1.04482
-1.21261	cis	1.21261
0.237445	cis	0.237445
-0.190985	cis	0.190985
-0.258612	cis	0.258612
-0.361651	cis	0.361651
0.58936	cis	0.58936
0.0922754	cis	0.0922754
0.223043	cis	0.223043
-0.148522	cis	0.148522
0.159253	cis	0.159253
-0.155934	cis	0.155934
0.145924	cis	0.145924
0.218803	cis	0.218803
0.285849	cis	0.285849
0.201076	cis	0.201076
-0.366869	cis	0.366869
-0.135765	cis	0.135765
0.30474	cis	0.30474
0.259964	cis	0.259964
0.164799	cis	0.164799
-1.20143	cis	1.20143
-0.144109	cis	0.144109
0.136702	cis	0.136702
0.112803	cis	0.112803
0.0601855	cis	0.0601855
-1.70422	cis	1.70422
0.0833853	cis	0.0833853
-1.32394	cis	1.32394
0.652589	cis	0.652589
-0.433494	cis	0.433494
0.294315	cis	0.294315
-0.522527	cis	0.522527
0.246498	cis	0.246498
0.616697	cis	0.616697
-0.847757	cis	0.847757
1.3177	cis	1.3177
-0.918638	cis	0.918638
0.349056	cis	0.349056
-0.435763	cis	0.435763
-1.18182	cis	1.18182
-0.0576758	cis	0.0576758
-0.0648835	cis	0.0648835
-0.769375	cis	0.769375
0.576493	cis	0.576493
-1.15278	cis	1.15278
-1.16413	cis	1.16413
-0.449255	cis	0.449255
0.402085	cis	0.402085
1.41557	cis	1.41557
-0.81714	cis	0.81714
-0.0996953	cis	0.0996953
-0.397971	cis	0.397971
-0.189693	cis	0.189693
0.680996	cis	0.680996
1.03615	cis	1.03615
-0.560938	cis	0.560938
-1.0752	cis	1.0752
-0.416919	cis	0.416919
0.197608	cis	0.197608
2.71031	cis	2.71031
-0.514347	cis	0.514347
0.0434255	cis	0.0434255
0.148377	cis	0.148377
-0.0926862	cis	0.0926862
-0.141105	cis	0.141105
0.551589	cis	0.551589
0.073065	cis	0.073065
-1.08605	cis	1.08605
0.17446	cis	0.17446
0.672424	cis	0.672424
-1.05457	cis	1.05457
0.158404	cis	0.158404
-0.625009	cis	0.625009
-1.13099	cis	1.13099
0.225228	cis	0.225228
0.163758	cis	0.163758
-0.0597488	cis	0.0597488
-0.04395	cis	0.04395
0.361326	cis	0.361326
-1.17392	cis	1.17392
0.17525	cis	0.17525
-0.171643	cis	0.171643
0.652134	cis	0.652134
-0.214553	cis	0.214553
-1.44745	cis	1.44745
0.184688	cis	0.184688
0.206413	cis	0.206413
-0.788645	cis	0.788645
-0.709071	cis	0.709071
-0.365204	cis	0.365204
-0.270212	cis	0.270212
-0.0446618	cis	0.0446618
-0.27856	cis	0.27856
-0.48961	cis	0.48961
-0.525811	cis	0.525811
0.281753	cis	0.281753
0.308878	cis	0.308878
-0.49946	cis	0.49946
-1.00356	cis	1.00356
-0.107756	cis	0.107756
0.450576	cis	0.450576
-0.360316	cis	0.360316
0.0450196	cis	0.0450196
-0.995846	cis	0.995846
-1.20903	cis	1.20903
-0.350391	cis	0.350391
0.790242	cis	0.790242
-0.655874	cis	0.655874
-1.14723	cis	1.14723
0.367015	cis	0.367015
-1.18348	cis	1.18348
-0.318661	cis	0.318661
-0.300175	cis	0.300175
0.097812	cis	0.097812
-0.192952	cis	0.192952
-0.178703	cis	0.178703
-0.195547	cis	0.195547
-0.182657	cis	0.182657
-0.173111	cis	0.173111
0.722247	cis	0.722247
-0.251503	cis	0.251503
-1.49129	cis	1.49129
-0.290251	cis	0.290251
0.0736419	cis	0.0736419
-0.560699	cis	0.560699
-0.85385	cis	0.85385
0.0922467	cis	0.0922467
0.59088	cis	0.59088
-0.361665	cis	0.361665
-0.55101	cis	0.55101
-0.337311	cis	0.337311
1.10072	cis	1.10072
0.336111	cis	0.336111
-0.0738863	cis	0.0738863
0.801408	cis	0.801408
-0.38046	cis	0.38046
0.145979	cis	0.145979
0.0873013	cis	0.0873013
-1.50724	cis	1.50724
-0.103207	cis	0.103207
0.857091	cis	0.857091
-0.287618	cis	0.287618
-0.159663	cis	0.159663
0.168671	cis	0.168671
-0.596967	cis	0.596967
-0.165031	cis	0.165031
-0.43352	cis	0.43352
0.314869	cis	0.314869
0.928344	cis	0.928344
-0.195594	cis	0.195594
-0.594363	cis	0.594363
-0.0497729	cis	0.0497729
-0.427919	cis	0.427919
0.822797	cis	0.822797
-0.0520825	cis	0.0520825
0.335945	cis	0.335945
0.501956	cis	0.501956
0.210591	cis	0.210591
-0.265058	cis	0.265058
-0.288167	cis	0.288167
1.25239	cis	1.25239
0.213018	cis	0.213018
-0.859283	cis	0.859283
0.194597	cis	0.194597
0.818376	cis	0.818376
0.0620336	cis	0.0620336
0.097246	cis	0.097246
0.046242	cis	0.046242
0.941074	cis	0.941074
0.090566	cis	0.090566
0.156268	cis	0.156268
0.430092	cis	0.430092
-0.38894	cis	0.38894
0.058466	cis	0.058466
0.137932	cis	0.137932
-0.638409	cis	0.638409
-0.324458	cis	0.324458
-0.205377	cis	0.205377
0.404703	cis	0.404703
-0.547742	cis	0.547742
-0.124973	cis	0.124973
-0.0834534	cis	0.0834534
0.904537	cis	0.904537
-0.312379	cis	0.312379
-0.184332	cis	0.184332
1.43724	cis	1.43724
-0.145747	cis	0.145747
-1.08179	cis	1.08179
-0.0915977	cis	0.0915977
-1.70499	cis	1.70499
-0.196116	cis	0.196116
0.107348	cis	0.107348
0.40306	cis	0.40306
0.160194	cis	0.160194
0.326157	cis	0.326157
-0.404328	cis	0.404328
-2.28098	cis	2.28098
-0.781391	cis	0.781391
-0.186397	cis	0.186397
-1.07034	cis	1.07034
-0.167718	cis	0.167718
-0.260766	cis	0.260766
-0.758335	cis	0.758335
0.0548438	cis	0.0548438
-0.158687	cis	0.158687
-0.714931	cis	0.714931
-1.69919	cis	1.69919
0.382563	cis	0.382563
0.0651218	cis	0.0651218
-0.398844	cis	0.398844
-1.33547	cis	1.33547
-0.576455	cis	0.576455
-0.111756	cis	0.111756
0.772467	cis	0.772467
-0.636914	cis	0.636914
-0.522582	cis	0.522582
-0.0732004	cis	0.0732004
-0.403833	cis	0.403833
-0.113484	cis	0.113484
-0.395338	cis	0.395338
-0.743114	cis	0.743114
-0.138826	cis	0.138826
-0.456829	cis	0.456829
0.474578	cis	0.474578
0.260409	cis	0.260409
0.540787	cis	0.540787
-1.24305	cis	1.24305
0.144128	cis	0.144128
-0.0992385	cis	0.0992385
0.0431862	cis	0.0431862
0.45467	cis	0.45467
-0.44959	cis	0.44959
0.0906963	cis	0.0906963
0.203834	cis	0.203834
-0.509413	cis	0.509413
-0.271953	cis	0.271953
-0.340079	cis	0.340079
0.736645	cis	0.736645
0.929333	cis	0.929333
-1.53218	cis	1.53218
-0.0558805	cis	0.0558805
-1.04487	cis	1.04487
0.815899	cis	0.815899
0.991312	cis	0.991312
1.98928	cis	1.98928
0.468376	cis	0.468376
0.209477	cis	0.209477
-0.12631	cis	0.12631
0.793659	cis	0.793659
0.431213	cis	0.431213
0.239679	cis	0.239679
-0.0680039	cis	0.0680039
-0.274013	cis	0.274013
-0.917544	cis	0.917544
-1.13649	cis	1.13649
-0.077452	cis	0.077452
-0.294027	cis	0.294027
-0.0441278	cis	0.0441278
0.254982	cis	0.254982
0.980929	cis	0.980929
-0.0988964	cis	0.0988964
0.244609	cis	0.244609
-0.712803	cis	0.712803
-0.664377	cis	0.664377
0.251576	cis	0.251576
-1.30778	cis	1.30778
-0.219489	cis	0.219489
-0.414393	cis	0.414393
0.250581	cis	0.250581
0.390149	cis	0.390149
-0.113899	cis	0.113899
-0.612343	cis	0.612343
-0.332299	cis	0.332299
0.560986	cis	0.560986
-0.271595	cis	0.271595
-0.13057	cis	0.13057
-0.982511	cis	0.982511
-0.413539	cis	0.413539
0.339793	cis	0.339793
0.109525	cis	0.109525
-0.174098	cis	0.174098
-0.438324	cis	0.438324
0.773224	cis	0.773224
-0.200322	cis	0.200322
-0.171632	cis	0.171632
0.109162	cis	0.109162
-0.142662	cis	0.142662
0.57461	cis	0.57461
-0.106383	cis	0.106383
0.0669372	cis	0.0669372
-0.119493	cis	0.119493
-0.528749	cis	0.528749
-0.325908	cis	0.325908
-0.100713	cis	0.100713
0.620193	cis	0.620193
-2.12305	cis	2.12305
-0.766223	cis	0.766223
0.573733	cis	0.573733
0.249741	cis	0.249741
-0.71721	cis	0.71721
-1.27528	cis	1.27528
3.06174	cis	3.06174
-0.446228	cis	0.446228
0.663553	cis	0.663553
-0.109524	cis	0.109524
-0.0811533	cis	0.0811533
0.0479463	cis	0.0479463
1.21424	cis	1.21424
0.624436	cis	0.624436
-0.131046	cis	0.131046
-1.28638	cis	1.28638
-1.98406	cis	1.98406
0.101703	cis	0.101703
-0.77797	cis	0.77797
-1.68599	cis	1.68599
0.179732	cis	0.179732
0.0466159	cis	0.0466159
0.827312	cis	0.827312
0.336709	cis	0.336709
1.98982	cis	1.98982
-0.156684	cis	0.156684
0.298047	cis	0.298047
-0.30416	cis	0.30416
-0.188851	cis	0.188851
-0.0845107	cis	0.0845107
-0.0804199	cis	0.0804199
-0.115747	cis	0.115747
-1.56606	cis	1.56606
-0.589244	cis	0.589244
-0.230155	cis	0.230155
0.500325	cis	0.500325
0.250759	cis	0.250759
0.251287	cis	0.251287
-0.266427	cis	0.266427
-0.401848	cis	0.401848
-0.437976	cis	0.437976
-1.20038	cis	1.20038
0.332545	cis	0.332545
0.0558972	cis	0.0558972
0.085356	cis	0.085356
-2.09067	cis	2.09067
0.696605	cis	0.696605
-0.442077	cis	0.442077
-0.58515	cis	0.58515
0.0466551	cis	0.0466551
-0.124882	cis	0.124882
-1.74989	cis	1.74989
0.578632	cis	0.578632
-0.866784	cis	0.866784
0.0956263	cis	0.0956263
0.0737352	cis	0.0737352
-0.128379	cis	0.128379
-0.367745	cis	0.367745
0.181251	cis	0.181251
-1.73562	cis	1.73562
0.721262	cis	0.721262
0.507513	cis	0.507513
-0.586855	cis	0.586855
-0.209113	cis	0.209113
-0.0996617	cis	0.0996617
-0.0539741	cis	0.0539741
-0.522552	cis	0.522552
0.0529879	cis	0.0529879
0.612939	cis	0.612939
0.0874241	cis	0.0874241
0.0452383	cis	0.0452383
0.17598	cis	0.17598
0.128391	cis	0.128391
-0.253334	cis	0.253334
0.869309	cis	0.869309
-0.587582	cis	0.587582
-0.0715932	cis	0.0715932
-0.220081	cis	0.220081
0.306414	cis	0.306414
-0.481066	cis	0.481066
-1.10347	cis	1.10347
0.209037	cis	0.209037
-0.41414	cis	0.41414
0.0718759	cis	0.0718759
0.206164	cis	0.206164
-0.156066	cis	0.156066
-0.165781	cis	0.165781
0.0486006	cis	0.0486006
0.576259	cis	0.576259
0.0509609	cis	0.0509609
-0.186106	cis	0.186106
0.0483685	cis	0.0483685
0.32452	cis	0.32452
0.0779119	cis	0.0779119
-0.118399	cis	0.118399
-0.335258	cis	0.335258
-0.406133	cis	0.406133
0.169415	cis	0.169415
-0.374762	cis	0.374762
-1.12113	cis	1.12113
-0.665605	cis	0.665605
-1.30623	cis	1.30623
0.580251	cis	0.580251
-0.28481	cis	0.28481
0.376049	cis	0.376049
-1.5063	cis	1.5063
-0.158717	cis	0.158717
-0.58184	cis	0.58184
-0.0858988	cis	0.0858988
0.092518	cis	0.092518
-0.0464979	cis	0.0464979
-0.425154	cis	0.425154
1.1762	cis	1.1762
-0.0586133	cis	0.0586133
-0.107661	cis	0.107661
-0.246739	cis	0.246739
0.420018	cis	0.420018
-0.114121	cis	0.114121
-0.211366	cis	0.211366
-0.470642	cis	0.470642
0.0455788	cis	0.0455788
-0.447301	cis	0.447301
-0.289438	cis	0.289438
-0.478386	cis	0.478386
0.357195	cis	0.357195
-0.186739	cis	0.186739
-0.186	cis	0.186
0.0749246	cis	0.0749246
0.920065	cis	0.920065
0.149775	cis	0.149775
-0.285453	cis	0.285453
-1.14024	cis	1.14024
0.915129	cis	0.915129
0.246128	cis	0.246128
-0.0443444	cis	0.0443444
-2.0349	cis	2.0349
-0.421931	cis	0.421931
0.345349	cis	0.345349
-0.0645067	cis	0.0645067
-0.518923	cis	0.518923
-0.229563	cis	0.229563
-0.330403	cis	0.330403
0.979239	cis	0.979239
1.13366	cis	1.13366
0.771209	cis	0.771209
-0.576438	cis	0.576438
-1.20563	cis	1.20563
-0.141887	cis	0.141887
-0.366155	cis	0.366155
0.206744	cis	0.206744
-1.36172	cis	1.36172
-0.242286	cis	0.242286
-0.0605695	cis	0.0605695
0.721038	cis	0.721038
0.125271	cis	0.125271
-1.40453	cis	1.40453
-0.296956	cis	0.296956
-0.168501	cis	0.168501
-0.798817	cis	0.798817
-0.987262	cis	0.987262
-0.151836	cis	0.151836
0.0664441	cis	0.0664441
-2.1922	cis	2.1922
-0.740884	cis	0.740884
0.0839823	cis	0.0839823
-0.193755	cis	0.193755
-0.501311	cis	0.501311
-0.561066	cis	0.561066
-0.627978	cis	0.627978
0.0779119	cis	0.0779119
0.101672	cis	0.101672
-0.704253	cis	0.704253
-0.819528	cis	0.819528
-0.64294	cis	0.64294
0.0563757	cis	0.0563757
-0.696079	cis	0.696079
-0.213246	cis	0.213246
1.13311	cis	1.13311
-0.523663	cis	0.523663
-1.08845	cis	1.08845
-0.555479	cis	0.555479
0.136212	cis	0.136212
-0.739277	cis	0.739277
-0.902049	cis	0.902049
-1.02172	cis	1.02172
-1.17357	cis	1.17357
0.244415	cis	0.244415
-0.924321	cis	0.924321
-1.13611	cis	1.13611
0.647091	cis	0.647091
-0.0511199	cis	0.0511199
0.135946	cis	0.135946
-0.132063	cis	0.132063
-0.0975336	cis	0.0975336
-0.220503	cis	0.220503
0.0559153	cis	0.0559153
-0.306174	cis	0.306174
-1.30046	cis	1.30046
-1.60028	cis	1.60028
0.102404	cis	0.102404
-0.952507	cis	0.952507
-0.06471	cis	0.06471
0.197434	cis	0.197434
0.975221	cis	0.975221
0.790719	cis	0.790719
0.168899	cis	0.168899
-2.25612	cis	2.25612
0.15012	cis	0.15012
0.969022	cis	0.969022
-1.42418	cis	1.42418
0.338243	cis	0.338243
-1.33607	cis	1.33607
-0.0673485	cis	0.0673485
-0.21418	cis	0.21418
-0.360608	cis	0.360608
0.713349	cis	0.713349
0.192655	cis	0.192655
0.493029	cis	0.493029
-0.979726	cis	0.979726
-0.771403	cis	0.771403
-0.210997	cis	0.210997
0.24818	cis	0.24818
0.371239	cis	0.371239
-0.137314	cis	0.137314
0.848017	cis	0.848017
0.111969	cis	0.111969
-0.837264	cis	0.837264
0.432841	cis	0.432841
0.497457	cis	0.497457
0.616582	cis	0.616582
-0.190808	cis	0.190808
1.16316	cis	1.16316
-0.962034	cis	0.962034
-0.0504	cis	0.0504
-0.199461	cis	0.199461
0.100192	cis	0.100192
0.110602	cis	0.110602
-0.283344	cis	0.283344
-0.178825	cis	0.178825
0.733901	cis	0.733901
-0.221789	cis	0.221789
0.188576	cis	0.188576
-0.0942691	cis	0.0942691
0.754913	cis	0.754913
2.30554	cis	2.30554
2.52781	cis	2.52781
0.142476	cis	0.142476
-0.353584	cis	0.353584
-0.737156	cis	0.737156
0.0937249	cis	0.0937249
0.901083	cis	0.901083
-0.120163	cis	0.120163
-0.0834691	cis	0.0834691
-0.153752	cis	0.153752
-1.15093	cis	1.15093
0.652645	cis	0.652645
-0.182869	cis	0.182869
-1.32552	cis	1.32552
-0.231723	cis	0.231723
-0.876738	cis	0.876738
-0.81596	cis	0.81596
-0.783123	cis	0.783123
-0.344539	cis	0.344539
0.768777	cis	0.768777
0.302411	cis	0.302411
0.242345	cis	0.242345
0.328099	cis	0.328099
-0.456835	cis	0.456835
-1.63908	cis	1.63908
-1.07617	cis	1.07617
-0.154946	cis	0.154946
-0.229797	cis	0.229797
-0.985988	cis	0.985988
-0.144035	cis	0.144035
0.0710901	cis	0.0710901
0.0767919	cis	0.0767919
0.207829	cis	0.207829
0.0619579	cis	0.0619579
-0.0567731	cis	0.0567731
-0.118569	cis	0.118569
0.0733067	cis	0.0733067
0.122122	cis	0.122122
0.446737	cis	0.446737
0.217323	cis	0.217323
0.0970869	cis	0.0970869
-1.78976	cis	1.78976
-0.365908	cis	0.365908
0.121375	cis	0.121375
-0.0689811	cis	0.0689811
-0.499077	cis	0.499077
0.293531	cis	0.293531
-0.168108	cis	0.168108
-0.858613	cis	0.858613
-0.596922	cis	0.596922
0.244314	cis	0.244314
0.338391	cis	0.338391
0.39639	cis	0.39639
0.31024	cis	0.31024
0.161547	cis	0.161547
0.608763	cis	0.608763
0.368634	cis	0.368634
0.834515	cis	0.834515
1.40751	cis	1.40751
0.454887	cis	0.454887
-0.195129	cis	0.195129
-0.222923	cis	0.222923
0.170754	cis	0.170754
0.0760496	cis	0.0760496
-0.315479	cis	0.315479
0.227962	cis	0.227962
0.518197	cis	0.518197
0.158992	cis	0.158992
-0.780443	cis	0.780443
0.205754	cis	0.205754
0.545483	cis	0.545483
-0.303824	cis	0.303824
-0.426928	cis	0.426928
-0.293554	cis	0.293554
0.449359	cis	0.449359
0.264121	cis	0.264121
0.149482	cis	0.149482
0.237563	cis	0.237563
0.134254	cis	0.134254
-0.10915	cis	0.10915
-0.359255	cis	0.359255
0.210148	cis	0.210148
-0.0543386	cis	0.0543386
-0.135451	cis	0.135451
0.197452	cis	0.197452
-0.0545877	cis	0.0545877
0.468495	cis	0.468495
0.152056	cis	0.152056
-0.169784	cis	0.169784
0.0957848	cis	0.0957848
-0.29096	cis	0.29096
0.272516	cis	0.272516
0.191137	cis	0.191137
0.310151	cis	0.310151
-0.23507	cis	0.23507
0.174433	cis	0.174433
-0.473892	cis	0.473892
0.399285	cis	0.399285
-0.175767	cis	0.175767
-0.102356	cis	0.102356
-0.508817	cis	0.508817
0.372604	cis	0.372604
-0.51907	cis	0.51907
-1.00652	cis	1.00652
-0.531214	cis	0.531214
0.236967	cis	0.236967
-1.02388	cis	1.02388
0.580307	cis	0.580307
-0.0795677	cis	0.0795677
-0.326901	cis	0.326901
-0.309939	cis	0.309939
-0.381357	cis	0.381357
0.323259	cis	0.323259
0.700482	cis	0.700482
-0.33612	cis	0.33612
0.122793	cis	0.122793
-0.24455	cis	0.24455
-0.0898018	cis	0.0898018
0.201323	cis	0.201323
-0.630914	cis	0.630914
0.0475296	cis	0.0475296
-0.359265	cis	0.359265
-0.744149	cis	0.744149
0.116002	cis	0.116002
0.247267	cis	0.247267
-0.166329	cis	0.166329
0.131262	cis	0.131262
-0.2259	cis	0.2259
0.199683	cis	0.199683
-0.139958	cis	0.139958
0.0602498	cis	0.0602498
-0.66233	cis	0.66233
-0.318006	cis	0.318006
-1.21567	cis	1.21567
-0.111318	cis	0.111318
-0.0972564	cis	0.0972564
-0.0632983	cis	0.0632983
-0.407092	cis	0.407092
-1.79327	cis	1.79327
-0.413289	cis	0.413289
-0.201239	cis	0.201239
-0.927084	cis	0.927084
0.0922917	cis	0.0922917
0.102096	cis	0.102096
-0.227578	cis	0.227578
-0.147097	cis	0.147097
-0.365507	cis	0.365507
-0.625252	cis	0.625252
0.75165	cis	0.75165
-0.371386	cis	0.371386
-0.444661	cis	0.444661
0.611695	cis	0.611695
0.199143	cis	0.199143
-0.207445	cis	0.207445
-0.494869	cis	0.494869
0.088145	cis	0.088145
0.0598959	cis	0.0598959
0.159221	cis	0.159221
-0.726838	cis	0.726838
0.187959	cis	0.187959
-0.779748	cis	0.779748
-0.836867	cis	0.836867
-0.807124	cis	0.807124
-0.0425849	cis	0.0425849
-0.10871	cis	0.10871
0.415861	cis	0.415861
-0.629764	cis	0.629764
-0.283102	cis	0.283102
-0.213118	cis	0.213118
-0.436742	cis	0.436742
0.129775	cis	0.129775
0.454066	cis	0.454066
0.498622	cis	0.498622
-0.103266	cis	0.103266
-0.217211	cis	0.217211
0.150116	cis	0.150116
-0.556308	cis	0.556308
-0.0859259	cis	0.0859259
-0.0916136	cis	0.0916136
-0.188144	cis	0.188144
0.279662	cis	0.279662
-0.274007	cis	0.274007
0.914401	cis	0.914401
-0.754545	cis	0.754545
-0.887162	cis	0.887162
-0.0824049	cis	0.0824049
0.280655	cis	0.280655
-0.266082	cis	0.266082
0.272343	cis	0.272343
-0.055224	cis	0.055224
-0.23741	cis	0.23741
0.726982	cis	0.726982
-0.118716	cis	0.118716
-0.428543	cis	0.428543
-1.51788	cis	1.51788
-0.420519	cis	0.420519
-1.83799	cis	1.83799
-1.1693	cis	1.1693
-1.77024	cis	1.77024
-0.6181	cis	0.6181
0.649675	cis	0.649675
-0.565245	cis	0.565245
0.0602913	cis	0.0602913
-1.23358	cis	1.23358
-0.943899	cis	0.943899
-0.698042	cis	0.698042
0.052498	cis	0.052498
-0.737687	cis	0.737687
0.0965814	cis	0.0965814
-0.205771	cis	0.205771
-0.931688	cis	0.931688
-1.35698	cis	1.35698
-0.0603207	cis	0.0603207
0.0913199	cis	0.0913199
-0.102946	cis	0.102946
-0.68665	cis	0.68665
-0.146018	cis	0.146018
0.092139	cis	0.092139
-0.137535	cis	0.137535
-0.0564705	cis	0.0564705
0.156957	cis	0.156957
-1.41179	cis	1.41179
0.0720902	cis	0.0720902
-0.0489263	cis	0.0489263
0.393902	cis	0.393902
-0.0435305	cis	0.0435305
0.20243	cis	0.20243
0.0442538	cis	0.0442538
0.358336	cis	0.358336
-0.473612	cis	0.473612
-0.383517	cis	0.383517
-0.432881	cis	0.432881
0.0472072	cis	0.0472072
-1.02943	cis	1.02943
-0.11109	cis	0.11109
-0.129635	cis	0.129635
-0.0865425	cis	0.0865425
-1.04744	cis	1.04744
0.116414	cis	0.116414
-0.776178	cis	0.776178
-0.0875426	cis	0.0875426
0.0964967	cis	0.0964967
-0.0841432	cis	0.0841432
-1.1702	cis	1.1702
0.1569	cis	0.1569
2.25382	cis	2.25382
0.0848885	cis	0.0848885
-0.423658	cis	0.423658
-0.0899015	cis	0.0899015
-0.808839	cis	0.808839
0.199095	cis	0.199095
-0.184468	cis	0.184468
-0.0966357	cis	0.0966357
-0.709851	cis	0.709851
0.700583	cis	0.700583
-0.714251	cis	0.714251
1.37335	cis	1.37335
-0.386602	cis	0.386602
0.627644	cis	0.627644
1.33843	cis	1.33843
1.05497	cis	1.05497
0.412999	cis	0.412999
-0.354789	cis	0.354789
-0.462544	cis	0.462544
-0.654935	cis	0.654935
-0.169713	cis	0.169713
0.0977248	cis	0.0977248
-0.210225	cis	0.210225
-0.130772	cis	0.130772
-0.288408	cis	0.288408
0.293206	cis	0.293206
-0.898988	cis	0.898988
-0.0633352	cis	0.0633352
-0.169245	cis	0.169245
0.233085	cis	0.233085
-0.0842388	cis	0.0842388
-0.562526	cis	0.562526
-0.0906505	cis	0.0906505
0.701813	cis	0.701813
0.53017	cis	0.53017
-1.46045	cis	1.46045
-0.0519596	cis	0.0519596
-0.227268	cis	0.227268
-0.169751	cis	0.169751
-0.0828751	cis	0.0828751
0.786404	cis	0.786404
-1.01531	cis	1.01531
-0.790144	cis	0.790144
-0.581952	cis	0.581952
0.100702	cis	0.100702
0.0729844	cis	0.0729844
0.054615	cis	0.054615
0.0553191	cis	0.0553191
-0.582208	cis	0.582208
0.102536	cis	0.102536
-0.0569905	cis	0.0569905
0.324103	cis	0.324103
-0.0990556	cis	0.0990556
-0.363145	cis	0.363145
-0.104733	cis	0.104733
-1.5156	cis	1.5156
-0.411685	cis	0.411685
-1.25754	cis	1.25754
1.19412	cis	1.19412
-0.376088	cis	0.376088
-0.489052	cis	0.489052
-0.288746	cis	0.288746
0.298394	cis	0.298394
0.211379	cis	0.211379
-0.892743	cis	0.892743
-0.36086	cis	0.36086
0.177098	cis	0.177098
0.528604	cis	0.528604
-0.0474624	cis	0.0474624
0.0449753	cis	0.0449753
0.394543	cis	0.394543
-0.152389	cis	0.152389
0.140067	cis	0.140067
0.131025	cis	0.131025
0.594609	cis	0.594609
-0.68847	cis	0.68847
-0.748316	cis	0.748316
0.623241	cis	0.623241
-0.533538	cis	0.533538
0.635343	cis	0.635343
1.32039	cis	1.32039
0.263662	cis	0.263662
-0.314114	cis	0.314114
0.0754316	cis	0.0754316
-1.03771	cis	1.03771
-0.343788	cis	0.343788
-0.286687	cis	0.286687
0.120325	cis	0.120325
-1.19268	cis	1.19268
0.234884	cis	0.234884
0.350367	cis	0.350367
-0.50968	cis	0.50968
0.328632	cis	0.328632
0.178181	cis	0.178181
0.289232	cis	0.289232
0.203319	cis	0.203319
-0.547058	cis	0.547058
-0.0700179	cis	0.0700179
-0.234166	cis	0.234166
0.167721	cis	0.167721
-0.688213	cis	0.688213
0.232923	cis	0.232923
0.198615	cis	0.198615
0.638974	cis	0.638974
0.224743	cis	0.224743
0.265727	cis	0.265727
0.138442	cis	0.138442
1.11524	cis	1.11524
-0.754078	cis	0.754078
-1.28149	cis	1.28149
-1.07325	cis	1.07325
0.194829	cis	0.194829
-0.0612815	cis	0.0612815
0.0938049	cis	0.0938049
-0.226357	cis	0.226357
-0.212621	cis	0.212621
0.0890438	cis	0.0890438
-0.652043	cis	0.652043
0.434912	cis	0.434912
-0.0818868	cis	0.0818868
-0.337032	cis	0.337032
-0.327169	cis	0.327169
0.495475	cis	0.495475
-1.15416	cis	1.15416
-0.330605	cis	0.330605
-0.0691964	cis	0.0691964
-0.10326	cis	0.10326
0.608009	cis	0.608009
-1.00485	cis	1.00485
-1.19509	cis	1.19509
-0.33947	cis	0.33947
0.117783	cis	0.117783
0.781183	cis	0.781183
-0.103594	cis	0.103594
-0.256606	cis	0.256606
-0.579348	cis	0.579348
0.0637795	cis	0.0637795
0.114785	cis	0.114785
-0.462556	cis	0.462556
0.525153	cis	0.525153
-1.79074	cis	1.79074
-0.585166	cis	0.585166
0.193385	cis	0.193385
0.14703	cis	0.14703
-0.418046	cis	0.418046
-0.165758	cis	0.165758
-0.759935	cis	0.759935
0.113124	cis	0.113124
-0.138387	cis	0.138387
0.238409	cis	0.238409
-0.28428	cis	0.28428
-0.382463	cis	0.382463
-1.79943	cis	1.79943
-0.287528	cis	0.287528
-0.300495	cis	0.300495
0.332778	cis	0.332778
-0.183352	cis	0.183352
-0.529385	cis	0.529385
-0.114206	cis	0.114206
0.374696	cis	0.374696
0.758662	cis	0.758662
-0.313426	cis	0.313426
0.555496	cis	0.555496
-0.226227	cis	0.226227
-1.50648	cis	1.50648
-1.50871	cis	1.50871
-1.35654	cis	1.35654
-1.35796	cis	1.35796
-0.0478142	cis	0.0478142
-0.864423	cis	0.864423
-0.365358	cis	0.365358
1.57659	cis	1.57659
0.0953342	cis	0.0953342
0.720011	cis	0.720011
-0.593159	cis	0.593159
0.0635026	cis	0.0635026
-0.331235	cis	0.331235
-1.1045	cis	1.1045
2.91145	cis	2.91145
-0.121278	cis	0.121278
0.456913	cis	0.456913
0.813798	cis	0.813798
0.264116	cis	0.264116
-0.0618946	cis	0.0618946
-0.139746	cis	0.139746
0.872117	cis	0.872117
-1.45427	cis	1.45427
0.301221	cis	0.301221
-1.18833	cis	1.18833
-0.768225	cis	0.768225
-0.0973897	cis	0.0973897
-0.270304	cis	0.270304
0.228838	cis	0.228838
-0.4028	cis	0.4028
-0.0674649	cis	0.0674649
-0.0593167	cis	0.0593167
-0.0534206	cis	0.0534206
0.481314	cis	0.481314
-0.426725	cis	0.426725
-0.100835	cis	0.100835
0.751868	cis	0.751868
0.121136	cis	0.121136
-0.0636652	cis	0.0636652
1.15648	cis	1.15648
-0.148309	cis	0.148309
-0.0504922	cis	0.0504922
-1.20646	cis	1.20646
-1.08214	cis	1.08214
0.220018	cis	0.220018
-0.64564	cis	0.64564
-0.0766804	cis	0.0766804
-0.935166	cis	0.935166
0.254804	cis	0.254804
0.583278	cis	0.583278
-0.631941	cis	0.631941
-0.950875	cis	0.950875
-0.0622752	cis	0.0622752
0.292495	cis	0.292495
-0.888345	cis	0.888345
-0.479207	cis	0.479207
-0.134661	cis	0.134661
-0.144248	cis	0.144248
0.0938581	cis	0.0938581
0.181634	cis	0.181634
0.0857847	cis	0.0857847
-0.168263	cis	0.168263
0.215406	cis	0.215406
-0.896459	cis	0.896459
-0.149246	cis	0.149246
-0.144935	cis	0.144935
-0.0537254	cis	0.0537254
-0.10179	cis	0.10179
-0.630326	cis	0.630326
-0.398886	cis	0.398886
-0.674741	cis	0.674741
0.118198	cis	0.118198
-0.963337	cis	0.963337
-0.115348	cis	0.115348
0.413357	cis	0.413357
0.732344	cis	0.732344
-0.999729	cis	0.999729
-0.707533	cis	0.707533
0.1507	cis	0.1507
0.211476	cis	0.211476
0.769121	cis	0.769121
0.207326	cis	0.207326
0.443157	cis	0.443157
0.311384	cis	0.311384
-0.759311	cis	0.759311
-0.142631	cis	0.142631
1.55982	cis	1.55982
-0.0901531	cis	0.0901531
-1.4944	cis	1.4944
0.101744	cis	0.101744
-0.44407	cis	0.44407
0.0939221	cis	0.0939221
0.232074	cis	0.232074
-0.286574	cis	0.286574
0.125729	cis	0.125729
-0.0893504	cis	0.0893504
-0.427087	cis	0.427087
-0.343463	cis	0.343463
-0.127192	cis	0.127192
0.272628	cis	0.272628
-0.669852	cis	0.669852
-0.182121	cis	0.182121
-0.122843	cis	0.122843
-0.290607	cis	0.290607
-0.232272	cis	0.232272
0.828281	cis	0.828281
0.0972752	cis	0.0972752
0.0661682	cis	0.0661682
0.0856413	cis	0.0856413
0.0611568	cis	0.0611568
0.10774	cis	0.10774
-0.914682	cis	0.914682
0.851026	cis	0.851026
-0.0436634	cis	0.0436634
-0.370192	cis	0.370192
1.11015	cis	1.11015
0.110287	cis	0.110287
0.0665093	trans	0.0665093
0.0426242	trans	0.0426242
-0.127668	trans	0.127668
-0.13421	trans	0.13421
-0.0477954	trans	0.0477954
0.0495458	trans	0.0495458
-0.761309	trans	0.761309
-0.0386717	trans	0.0386717
0.0500556	trans	0.0500556
0.0397694	trans	0.0397694
0.0566752	trans	0.0566752
0.0485185	trans	0.0485185
-0.0439667	trans	0.0439667
-0.632891	trans	0.632891
-0.984706	trans	0.984706
0.0441422	trans	0.0441422
-0.0494576	trans	0.0494576
0.0572601	trans	0.0572601
0.0474301	trans	0.0474301
0.0785635	trans	0.0785635
0.0419204	trans	0.0419204
0.574029	trans	0.574029
-0.294203	trans	0.294203
-0.291339	trans	0.291339
-0.53895	trans	0.53895
-0.445637	trans	0.445637
0.2029	trans	0.2029
0.331902	trans	0.331902
-0.322592	trans	0.322592
0.564259	trans	0.564259
0.0743497	trans	0.0743497
0.25528	trans	0.25528
-0.212286	trans	0.212286
-0.318281	trans	0.318281
0.381799	trans	0.381799
0.0488609	trans	0.0488609
0.0460327	trans	0.0460327
-0.0449476	trans	0.0449476
-0.0441823	trans	0.0441823
0.0441947	trans	0.0441947
-0.0471688	trans	0.0471688
0.0803076	trans	0.0803076
-0.0659391	trans	0.0659391
-0.0431611	trans	0.0431611
0.0565518	trans	0.0565518
0.0925742	trans	0.0925742
-0.0576971	trans	0.0576971
-0.0789538	trans	0.0789538
0.0495717	trans	0.0495717
0.0460787	trans	0.0460787
0.05548	trans	0.05548
-0.0570276	trans	0.0570276
0.0418363	trans	0.0418363
-0.0670554	trans	0.0670554
-0.0907359	trans	0.0907359
-0.0456161	trans	0.0456161
0.292559	trans	0.292559
-0.0488709	trans	0.0488709
-0.0958855	trans	0.0958855
0.0892156	trans	0.0892156
0.0573432	trans	0.0573432
0.189374	trans	0.189374
-0.066595	trans	0.066595
0.0857781	trans	0.0857781
0.049985	trans	0.049985
0.0878768	trans	0.0878768
-0.0476736	trans	0.0476736
0.198557	trans	0.198557
0.378609	trans	0.378609
0.0406121	trans	0.0406121
0.0646414	trans	0.0646414
0.103894	trans	0.103894
0.0401094	trans	0.0401094
-0.272281	trans	0.272281
0.15663	trans	0.15663
0.461473	trans	0.461473
-0.0957072	trans	0.0957072
-0.0550074	trans	0.0550074
-0.0659182	trans	0.0659182
0.0539833	trans	0.0539833
-0.10322	trans	0.10322
0.0471175	trans	0.0471175
0.631023	trans	0.631023
-0.166548	trans	0.166548
0.0493069	trans	0.0493069
-0.0390987	trans	0.0390987
0.501236	trans	0.501236
-0.0508413	trans	0.0508413
-0.239835	trans	0.239835
0.0732811	trans	0.0732811
-0.0500758	trans	0.0500758
-0.0593913	trans	0.0593913
0.0546194	trans	0.0546194
0.0538324	trans	0.0538324
0.0923532	trans	0.0923532
0.0438523	trans	0.0438523
0.0495275	trans	0.0495275
0.0797417	trans	0.0797417
-0.0448854	trans	0.0448854
-0.0631097	trans	0.0631097
0.229096	trans	0.229096
0.0471512	trans	0.0471512
0.040187	trans	0.040187
-0.0886601	trans	0.0886601
0.0711537	trans	0.0711537
0.337508	trans	0.337508
0.0390195	trans	0.0390195
0.0507172	trans	0.0507172
0.103182	trans	0.103182
0.102737	trans	0.102737
0.352417	trans	0.352417
0.0945809	trans	0.0945809
-0.0769945	trans	0.0769945
0.047599	trans	0.047599
0.218324	trans	0.218324
-0.175866	trans	0.175866
-0.641745	trans	0.641745
-0.571567	trans	0.571567
-0.212582	trans	0.212582
-0.228712	trans	0.228712
-0.0855914	trans	0.0855914
0.111549	trans	0.111549
0.0512981	trans	0.0512981
-0.0487033	trans	0.0487033
-0.052805	trans	0.052805
0.0738738	trans	0.0738738
0.0440764	trans	0.0440764
0.0420801	trans	0.0420801
0.0667873	trans	0.0667873
-0.0419711	trans	0.0419711
0.0825836	trans	0.0825836
0.0739918	trans	0.0739918
0.0808158	trans	0.0808158
0.0449241	trans	0.0449241
0.107927	trans	0.107927
-0.0884439	trans	0.0884439
0.0425325	trans	0.0425325
-0.0600382	trans	0.0600382
0.0447291	trans	0.0447291
0.0733441	trans	0.0733441
-0.0384771	trans	0.0384771
-0.0465921	trans	0.0465921
0.0698707	trans	0.0698707
-0.0632827	trans	0.0632827
-1.23179	trans	1.23179
-1.64004	trans	1.64004
-0.049465	trans	0.049465
0.0841347	trans	0.0841347
0.0718606	trans	0.0718606
-0.0520829	trans	0.0520829
-0.0451546	trans	0.0451546
-0.0577409	trans	0.0577409
0.0555757	trans	0.0555757
-0.0688711	trans	0.0688711
0.0498447	trans	0.0498447
0.0746958	trans	0.0746958
-0.0425203	trans	0.0425203
-0.0455225	trans	0.0455225
0.058807	trans	0.058807
0.0645643	trans	0.0645643
0.0522639	trans	0.0522639
-0.0495345	trans	0.0495345
0.053118	trans	0.053118
0.0415307	trans	0.0415307
-0.0425584	trans	0.0425584
-0.0452973	trans	0.0452973
0.0419837	trans	0.0419837
0.0738136	trans	0.0738136
-0.413348	trans	0.413348
-0.38427	trans	0.38427
-0.050882	trans	0.050882
0.0500647	trans	0.0500647
0.0456763	trans	0.0456763
0.158407	trans	0.158407
-0.0511551	trans	0.0511551
0.0839541	trans	0.0839541
0.0624291	trans	0.0624291
-0.0577522	trans	0.0577522
-0.055056	trans	0.055056
0.0819373	trans	0.0819373
-0.128366	trans	0.128366
0.213952	trans	0.213952
0.583601	trans	0.583601
0.164108	trans	0.164108
0.668902	trans	0.668902
0.0535416	trans	0.0535416
0.0642584	trans	0.0642584
0.0511845	trans	0.0511845
0.0654158	trans	0.0654158
0.426975	trans	0.426975
0.288297	trans	0.288297
0.0622378	trans	0.0622378
-0.0572484	trans	0.0572484
0.0444673	trans	0.0444673
0.5041	trans	0.5041
0.0504658	trans	0.0504658
0.0437441	trans	0.0437441
-0.0584255	trans	0.0584255
-0.0625732	trans	0.0625732
0.690935	trans	0.690935
0.0469902	trans	0.0469902
0.158201	trans	0.158201
0.0461564	trans	0.0461564
-0.1055	trans	0.1055
0.0813344	trans	0.0813344
0.0784182	trans	0.0784182
0.0383147	trans	0.0383147
-0.0585918	trans	0.0585918
0.299878	trans	0.299878
0.0443515	trans	0.0443515
0.0415496	trans	0.0415496
-0.0509306	trans	0.0509306
0.118995	trans	0.118995
0.0591632	trans	0.0591632
0.0408446	trans	0.0408446
0.131376	trans	0.131376
0.224853	trans	0.224853
0.0517716	trans	0.0517716
0.0355494	trans	0.0355494
-0.0512118	trans	0.0512118
0.470696	trans	0.470696
0.062802	trans	0.062802
0.0715001	trans	0.0715001
-0.0515753	trans	0.0515753
-0.0478971	trans	0.0478971
-0.0443409	trans	0.0443409
-0.0553047	trans	0.0553047
0.0586389	trans	0.0586389
-0.0844914	trans	0.0844914
-0.109964	trans	0.109964
0.270079	trans	0.270079
0.549261	trans	0.549261
-0.0695275	trans	0.0695275
0.0809984	trans	0.0809984
0.133949	trans	0.133949
-0.0735918	trans	0.0735918
0.118762	trans	0.118762
-0.0769742	trans	0.0769742
0.556681	trans	0.556681
0.0979492	trans	0.0979492
0.185583	trans	0.185583
0.0553045	trans	0.0553045
-0.0735341	trans	0.0735341
0.0416944	trans	0.0416944
0.0514604	trans	0.0514604
-0.0449284	trans	0.0449284
0.0604276	trans	0.0604276
-0.0850006	trans	0.0850006
-0.178696	trans	0.178696
-0.046402	trans	0.046402
0.0462289	trans	0.0462289
0.0898285	trans	0.0898285
-0.062898	trans	0.062898
-0.0487273	trans	0.0487273
-0.104237	trans	0.104237
-0.0500814	trans	0.0500814
0.0576191	trans	0.0576191
0.0517739	trans	0.0517739
0.0592699	trans	0.0592699
-0.0618582	trans	0.0618582
-0.112491	trans	0.112491
-0.0773068	trans	0.0773068
0.0733922	trans	0.0733922
0.0534326	trans	0.0534326
-0.234596	trans	0.234596
0.511683	trans	0.511683
0.0742903	trans	0.0742903
-0.0496471	trans	0.0496471
-0.0663189	trans	0.0663189
-0.0584445	trans	0.0584445
0.0587357	trans	0.0587357
0.0638942	trans	0.0638942
0.0441224	trans	0.0441224
-0.137086	trans	0.137086
0.0388049	trans	0.0388049
0.0544706	trans	0.0544706
0.106829	trans	0.106829
-0.0424273	trans	0.0424273
0.0661034	trans	0.0661034
0.14708	trans	0.14708
-0.0451142	trans	0.0451142
0.0529682	trans	0.0529682
0.0435306	trans	0.0435306
-0.0829529	trans	0.0829529
-0.0587817	trans	0.0587817
0.245861	trans	0.245861
0.156823	trans	0.156823
0.164593	trans	0.164593
0.0934772	trans	0.0934772
0.0551546	trans	0.0551546
-0.798102	trans	0.798102
0.0488829	trans	0.0488829
-0.312513	trans	0.312513
-0.0973983	trans	0.0973983
-0.0618192	trans	0.0618192
-0.0482015	trans	0.0482015
0.285844	trans	0.285844
0.0598968	trans	0.0598968
-0.142154	trans	0.142154
0.447639	trans	0.447639
0.0367753	trans	0.0367753
-0.0898166	trans	0.0898166
-0.0493084	trans	0.0493084
0.0484431	trans	0.0484431
-0.0581642	trans	0.0581642
0.0637814	trans	0.0637814
-0.0422845	trans	0.0422845
-0.0402763	trans	0.0402763
0.134205	trans	0.134205
0.0406693	trans	0.0406693
0.0444325	trans	0.0444325
0.03727	trans	0.03727
0.77193	trans	0.77193
0.0298501	trans	0.0298501
-0.0496323	trans	0.0496323
0.257782	trans	0.257782
0.116387	trans	0.116387
-0.0640868	trans	0.0640868
0.045501	trans	0.045501
-0.0434281	trans	0.0434281
0.0769574	trans	0.0769574
-0.0901343	trans	0.0901343
-0.0517512	trans	0.0517512
-0.0452719	trans	0.0452719
0.0430862	trans	0.0430862
0.0630159	trans	0.0630159
0.0728889	trans	0.0728889
-0.0512978	trans	0.0512978
0.0603756	trans	0.0603756
0.0583127	trans	0.0583127
0.0357538	trans	0.0357538
0.0419208	trans	0.0419208
0.465776	trans	0.465776
0.139078	trans	0.139078
0.127004	trans	0.127004
-0.19393	trans	0.19393
0.425343	trans	0.425343
-0.157637	trans	0.157637
0.0438584	trans	0.0438584
0.0452475	trans	0.0452475
0.0825872	trans	0.0825872
-0.11136	trans	0.11136
0.0485738	trans	0.0485738
-0.0560549	trans	0.0560549
0.0661839	trans	0.0661839
0.100421	trans	0.100421
0.120308	trans	0.120308
0.0419347	trans	0.0419347
0.234649	trans	0.234649
0.0782439	trans	0.0782439
-0.0545726	trans	0.0545726
-0.0459486	trans	0.0459486
-0.0592117	trans	0.0592117
-0.0487667	trans	0.0487667
-0.0477959	trans	0.0477959
0.0516695	trans	0.0516695
-0.18444	trans	0.18444
-0.105735	trans	0.105735
-0.0507278	trans	0.0507278
1.05504	trans	1.05504
-0.0452185	trans	0.0452185
-0.0523042	trans	0.0523042
0.0735649	trans	0.0735649
-0.050281	trans	0.050281
0.0435793	trans	0.0435793
0.0920508	trans	0.0920508
-0.0569145	trans	0.0569145
0.053611	trans	0.053611
-0.0513023	trans	0.0513023
0.0439012	trans	0.0439012
-0.0443727	trans	0.0443727
0.048483	trans	0.048483
-0.0527417	trans	0.0527417
0.118017	trans	0.118017
0.0587876	trans	0.0587876
-0.0805565	trans	0.0805565
-0.0994647	trans	0.0994647
-0.128958	trans	0.128958
0.0581444	trans	0.0581444
1.04392	trans	1.04392
-0.0507061	trans	0.0507061
-0.0470419	trans	0.0470419
0.0481319	trans	0.0481319
0.0910145	trans	0.0910145
-0.0546568	trans	0.0546568
0.0547822	trans	0.0547822
-0.053845	trans	0.053845
0.043135	trans	0.043135
0.0839605	trans	0.0839605
-0.0458433	trans	0.0458433
0.0516572	trans	0.0516572
0.136084	trans	0.136084
-0.0613086	trans	0.0613086
-0.0736353	trans	0.0736353
-0.10689	trans	0.10689
-0.127334	trans	0.127334
1.12269	trans	1.12269
-0.0464931	trans	0.0464931
-0.0474	trans	0.0474
0.0887572	trans	0.0887572
-0.828326	trans	0.828326
-0.0597042	trans	0.0597042
-0.0587732	trans	0.0587732
-0.0431327	trans	0.0431327
0.0719273	trans	0.0719273
0.0521617	trans	0.0521617
-0.0652166	trans	0.0652166
0.0806913	trans	0.0806913
-0.0556796	trans	0.0556796
-0.0492513	trans	0.0492513
-0.0835892	trans	0.0835892
0.183362	trans	0.183362
0.0858067	trans	0.0858067
-0.0615047	trans	0.0615047
0.0890512	trans	0.0890512
0.112192	trans	0.112192
0.0526033	trans	0.0526033
0.0470167	trans	0.0470167
0.0425726	trans	0.0425726
0.0608857	trans	0.0608857
-0.0687215	trans	0.0687215
0.0466012	trans	0.0466012
-0.0602597	trans	0.0602597
-0.117397	trans	0.117397
0.13018	trans	0.13018
-0.0540621	trans	0.0540621
-0.0812124	trans	0.0812124
-0.0420708	trans	0.0420708
0.161013	trans	0.161013
0.467385	trans	0.467385
0.0620659	trans	0.0620659
-0.164147	trans	0.164147
-0.889889	trans	0.889889
0.0462811	trans	0.0462811
-0.0508948	trans	0.0508948
-0.0609881	trans	0.0609881
-0.0527473	trans	0.0527473
0.162279	trans	0.162279
0.0896373	trans	0.0896373
-0.0715903	trans	0.0715903
0.0864144	trans	0.0864144
-0.051278	trans	0.051278
-0.0546064	trans	0.0546064
-0.0474251	trans	0.0474251
-0.072464	trans	0.072464
0.0865512	trans	0.0865512
-0.045105	trans	0.045105
0.0877862	trans	0.0877862
0.0586364	trans	0.0586364
-0.056247	trans	0.056247
0.0582884	trans	0.0582884
-0.0392574	trans	0.0392574
-0.0415674	trans	0.0415674
-0.0412538	trans	0.0412538
-0.0363468	trans	0.0363468
0.0351593	trans	0.0351593
0.856193	trans	0.856193
0.14495	trans	0.14495
0.0622973	trans	0.0622973
0.0680374	trans	0.0680374
0.0877492	trans	0.0877492
-0.410013	trans	0.410013
-0.0381876	trans	0.0381876
-0.0433392	trans	0.0433392
-0.0978518	trans	0.0978518
0.0658095	trans	0.0658095
-0.386662	trans	0.386662
-0.446481	trans	0.446481
0.0396203	trans	0.0396203
-0.0483002	trans	0.0483002
-0.0554828	trans	0.0554828
-0.051871	trans	0.051871
0.0425599	trans	0.0425599
-1.46904	trans	1.46904
0.0500802	trans	0.0500802
0.146276	trans	0.146276
-0.070247	trans	0.070247
0.0593051	trans	0.0593051
0.0419723	trans	0.0419723
0.0481445	trans	0.0481445
-0.0464541	trans	0.0464541
-0.143098	trans	0.143098
-0.401934	trans	0.401934
-0.086065	trans	0.086065
0.0432879	trans	0.0432879
0.0829126	trans	0.0829126
0.0514917	trans	0.0514917
-0.126863	trans	0.126863
0.0783069	trans	0.0783069
-0.0740985	trans	0.0740985
0.0444236	trans	0.0444236
-0.0431438	trans	0.0431438
0.0755053	trans	0.0755053
-0.0396508	trans	0.0396508
-0.0736839	trans	0.0736839
-0.0553581	trans	0.0553581
-0.0422199	trans	0.0422199
0.131778	trans	0.131778
-0.0444286	trans	0.0444286
-0.0613896	trans	0.0613896
-0.0501007	trans	0.0501007
-0.0594137	trans	0.0594137
-0.0871397	trans	0.0871397
0.160113	trans	0.160113
0.0419015	trans	0.0419015
0.104873	trans	0.104873
-0.0829626	trans	0.0829626
0.046839	trans	0.046839
0.175338	trans	0.175338
0.125083	trans	0.125083
0.0509661	trans	0.0509661
-0.0497012	trans	0.0497012
-0.0576864	trans	0.0576864
-0.0616788	trans	0.0616788
-0.0416714	trans	0.0416714
0.0871471	trans	0.0871471
-0.0774178	trans	0.0774178
-0.0650726	trans	0.0650726
-0.151745	trans	0.151745
0.0472636	trans	0.0472636
-0.0516568	trans	0.0516568
0.0844488	trans	0.0844488
-0.0543689	trans	0.0543689
-0.0535514	trans	0.0535514
0.139036	trans	0.139036
-0.0760093	trans	0.0760093
-0.0414579	trans	0.0414579
-0.0614152	trans	0.0614152
0.042065	trans	0.042065
-0.0419061	trans	0.0419061
-0.0691593	trans	0.0691593
0.0756117	trans	0.0756117
-0.0524725	trans	0.0524725
-0.0834841	trans	0.0834841
-0.0735685	trans	0.0735685
0.0536188	trans	0.0536188
0.0401692	trans	0.0401692
0.0436306	trans	0.0436306
0.128029	trans	0.128029
0.0668526	trans	0.0668526
-0.0492308	trans	0.0492308
-0.128715	trans	0.128715
0.0410385	trans	0.0410385
0.0521513	trans	0.0521513
0.0435389	trans	0.0435389
0.042538	trans	0.042538
-0.0879263	trans	0.0879263
0.0529471	trans	0.0529471
-0.049769	trans	0.049769
0.0521369	trans	0.0521369
0.061116	trans	0.061116
0.0427757	trans	0.0427757
0.0520317	trans	0.0520317
-0.0573784	trans	0.0573784
0.0717608	trans	0.0717608
0.0511402	trans	0.0511402
-0.0605441	trans	0.0605441
0.0628358	trans	0.0628358
0.0733106	trans	0.0733106
0.0731189	trans	0.0731189
0.0526651	trans	0.0526651
-0.0502101	trans	0.0502101
-0.0536889	trans	0.0536889
0.0722932	trans	0.0722932
0.0690036	trans	0.0690036
-0.0494248	trans	0.0494248
-0.0427494	trans	0.0427494
-0.0694385	trans	0.0694385
0.104386	trans	0.104386
0.0752596	trans	0.0752596
-0.0419585	trans	0.0419585
-0.0554434	trans	0.0554434
0.0813354	trans	0.0813354
0.0986269	trans	0.0986269
0.109671	trans	0.109671
-0.0941943	trans	0.0941943
-0.248399	trans	0.248399
-0.0699499	trans	0.0699499
-0.0802359	trans	0.0802359
-0.0443985	trans	0.0443985
0.0715917	trans	0.0715917
0.113745	trans	0.113745
0.0527969	trans	0.0527969
-0.05706	trans	0.05706
-0.0664557	trans	0.0664557
0.0945356	trans	0.0945356
-0.0472163	trans	0.0472163
-0.101391	trans	0.101391
-0.0678265	trans	0.0678265
0.04121	trans	0.04121
-0.14219	trans	0.14219
-0.0733439	trans	0.0733439
0.107977	trans	0.107977
-0.045421	trans	0.045421
-0.0422831	trans	0.0422831
-0.0905708	trans	0.0905708
0.0640472	trans	0.0640472
-0.0581169	trans	0.0581169
0.125075	trans	0.125075
-0.0490221	trans	0.0490221
-0.0487785	trans	0.0487785
0.24677	trans	0.24677
0.0466304	trans	0.0466304
-0.0472832	trans	0.0472832
-0.0805735	trans	0.0805735
0.190873	trans	0.190873
0.0460167	trans	0.0460167
-0.0559796	trans	0.0559796
-0.0988677	trans	0.0988677
-0.0534842	trans	0.0534842
-0.0472933	trans	0.0472933
0.0667936	trans	0.0667936
0.944794	trans	0.944794
0.0513905	trans	0.0513905
0.0460802	trans	0.0460802
0.0498312	trans	0.0498312
-0.0407698	trans	0.0407698
-0.107513	trans	0.107513
-0.0484271	trans	0.0484271
0.0432065	trans	0.0432065
0.0442422	trans	0.0442422
-0.0393074	trans	0.0393074
-0.048843	trans	0.048843
0.18699	trans	0.18699
0.0489154	trans	0.0489154
-0.323404	trans	0.323404
-0.0527331	trans	0.0527331
-0.0486022	trans	0.0486022
0.129358	trans	0.129358
0.0877578	trans	0.0877578
0.0910347	trans	0.0910347
-0.601296	trans	0.601296
-0.0593048	trans	0.0593048
-0.0739981	trans	0.0739981
-0.0595452	trans	0.0595452
0.273453	trans	0.273453
0.111382	trans	0.111382
-0.377808	trans	0.377808
0.070422	trans	0.070422
-0.0488314	trans	0.0488314
-0.914946	trans	0.914946
0.0800156	trans	0.0800156
-0.103111	trans	0.103111
-0.0824695	trans	0.0824695
0.0763535	trans	0.0763535
-0.107275	trans	0.107275
-0.0520877	trans	0.0520877
-0.0931373	trans	0.0931373
0.044326	trans	0.044326
0.0536971	trans	0.0536971
0.0455082	trans	0.0455082
-0.0475376	trans	0.0475376
0.0496893	trans	0.0496893
-0.0550834	trans	0.0550834
-0.0537874	trans	0.0537874
-0.0877647	trans	0.0877647
-0.0425326	trans	0.0425326
-0.0625516	trans	0.0625516
-0.0707565	trans	0.0707565
0.0682608	trans	0.0682608
0.0596603	trans	0.0596603
-0.0555936	trans	0.0555936
0.06288	trans	0.06288
0.0600894	trans	0.0600894
0.0511721	trans	0.0511721
-0.057163	trans	0.057163
0.0515104	trans	0.0515104
0.0470848	trans	0.0470848
0.0529459	trans	0.0529459
0.0491803	trans	0.0491803
-0.0567169	trans	0.0567169
-0.110312	trans	0.110312
0.103165	trans	0.103165
-0.0866176	trans	0.0866176
0.0812812	trans	0.0812812
-0.0473407	trans	0.0473407
0.161984	trans	0.161984
0.0994461	trans	0.0994461
0.243574	trans	0.243574
0.782857	trans	0.782857
0.133526	trans	0.133526
0.0595892	trans	0.0595892
0.0749195	trans	0.0749195
-0.0954067	trans	0.0954067
0.0819399	trans	0.0819399
0.0710097	trans	0.0710097
-0.060066	trans	0.060066
0.0651737	trans	0.0651737
-0.726936	trans	0.726936
-0.0550998	trans	0.0550998
0.784812	trans	0.784812
0.155768	trans	0.155768
-0.616991	trans	0.616991
0.0674927	trans	0.0674927
0.0616959	trans	0.0616959
0.0465016	trans	0.0465016
0.921353	trans	0.921353
-0.0430243	trans	0.0430243
-0.0910372	trans	0.0910372
0.0424661	trans	0.0424661
0.0569026	trans	0.0569026
0.0424559	trans	0.0424559
-0.0465244	trans	0.0465244
0.0760615	trans	0.0760615
0.173926	trans	0.173926
0.049351	trans	0.049351
0.0987733	trans	0.0987733
-0.239802	trans	0.239802
-0.0437482	trans	0.0437482
0.0405715	trans	0.0405715
-0.0433511	trans	0.0433511
0.437368	trans	0.437368
-0.118948	trans	0.118948
-0.0481716	trans	0.0481716
0.0425988	trans	0.0425988
0.144563	trans	0.144563
-0.0925579	trans	0.0925579
-0.061849	trans	0.061849
0.115257	trans	0.115257
0.0577305	trans	0.0577305
-0.0487144	trans	0.0487144
0.164473	trans	0.164473
-0.0603989	trans	0.0603989
-0.107971	trans	0.107971
0.0677814	trans	0.0677814
0.0625694	trans	0.0625694
-0.147664	trans	0.147664
-0.171453	trans	0.171453
0.312853	trans	0.312853
-0.0406388	trans	0.0406388
-0.0654769	trans	0.0654769
0.0455816	trans	0.0455816
-0.0712362	trans	0.0712362
0.0478342	trans	0.0478342
-0.167887	trans	0.167887
0.0503776	trans	0.0503776
-0.0576159	trans	0.0576159
0.0582514	trans	0.0582514
-0.0570822	trans	0.0570822
0.0636097	trans	0.0636097
-0.11964	trans	0.11964
-0.0571048	trans	0.0571048
-0.07798	trans	0.07798
0.0466546	trans	0.0466546
0.948211	trans	0.948211
0.160846	trans	0.160846
-0.0569355	trans	0.0569355
-0.0668293	trans	0.0668293
0.0489182	trans	0.0489182
0.703151	trans	0.703151
0.263144	trans	0.263144
-0.0912363	trans	0.0912363
0.0539419	trans	0.0539419
-0.0502576	trans	0.0502576
-0.418479	trans	0.418479
-0.0605618	trans	0.0605618
0.0498514	trans	0.0498514
0.05703	trans	0.05703
0.0498701	trans	0.0498701
0.076745	trans	0.076745
-0.175622	trans	0.175622
0.0479747	trans	0.0479747
0.050112	trans	0.050112
-0.0690326	trans	0.0690326
-0.0530213	trans	0.0530213
-0.0667108	trans	0.0667108
0.0459988	trans	0.0459988
-0.0721932	trans	0.0721932
0.0478299	trans	0.0478299
0.0572155	trans	0.0572155
-0.424399	trans	0.424399
-0.0620834	trans	0.0620834
0.0488	trans	0.0488
-0.0464268	trans	0.0464268
0.080833	trans	0.080833
-0.179442	trans	0.179442
0.051674	trans	0.051674
0.0531245	trans	0.0531245
-0.0616085	trans	0.0616085
-0.0724942	trans	0.0724942
0.0490137	trans	0.0490137
-0.0797544	trans	0.0797544
0.0507081	trans	0.0507081
0.0598172	trans	0.0598172
0.097782	trans	0.097782
-0.077199	trans	0.077199
-0.0520385	trans	0.0520385
-0.0759108	trans	0.0759108
-0.071623	trans	0.071623
-0.0848526	trans	0.0848526
-0.0473743	trans	0.0473743
-0.18629	trans	0.18629
-0.0646161	trans	0.0646161
0.113256	trans	0.113256
-0.0634219	trans	0.0634219
-0.109642	trans	0.109642
-0.047704	trans	0.047704
-0.047383	trans	0.047383
0.0747414	trans	0.0747414
-0.18664	trans	0.18664
-0.101738	trans	0.101738
-0.0587013	trans	0.0587013
0.153537	trans	0.153537
-0.0537178	trans	0.0537178
0.0982435	trans	0.0982435
0.0833637	trans	0.0833637
0.0569768	trans	0.0569768
0.0431678	trans	0.0431678
0.146869	trans	0.146869
0.0697484	trans	0.0697484
0.0728998	trans	0.0728998
0.11015	trans	0.11015
-0.0524027	trans	0.0524027
0.178684	trans	0.178684
0.0862675	trans	0.0862675
-0.0444983	trans	0.0444983
-0.0488022	trans	0.0488022
0.124335	trans	0.124335
0.0565372	trans	0.0565372
0.0574921	trans	0.0574921
-0.108223	trans	0.108223
0.21727	trans	0.21727
-0.0559156	trans	0.0559156
0.222091	trans	0.222091
-0.0434373	trans	0.0434373
0.0704653	trans	0.0704653
0.809558	trans	0.809558
0.0492455	trans	0.0492455
0.28281	trans	0.28281
0.0605738	trans	0.0605738
-0.0839046	trans	0.0839046
0.0673884	trans	0.0673884
0.0527573	trans	0.0527573
0.0424688	trans	0.0424688
0.202831	trans	0.202831
0.0467903	trans	0.0467903
0.373042	trans	0.373042
0.256896	trans	0.256896
0.0544096	trans	0.0544096
0.0763746	trans	0.0763746
-0.088417	trans	0.088417
0.0744388	trans	0.0744388
0.0418491	trans	0.0418491
-0.115547	trans	0.115547
0.256936	trans	0.256936
0.568006	trans	0.568006
0.0780515	trans	0.0780515
0.0486559	trans	0.0486559
-0.102521	trans	0.102521
0.236858	trans	0.236858
0.0431948	trans	0.0431948
0.132026	trans	0.132026
-0.0502746	trans	0.0502746
-0.0666088	trans	0.0666088
-0.0511343	trans	0.0511343
-0.107099	trans	0.107099
0.0641485	trans	0.0641485
-0.118233	trans	0.118233
0.0518455	trans	0.0518455
0.721883	trans	0.721883
0.0621663	trans	0.0621663
-0.0491024	trans	0.0491024
0.0584733	trans	0.0584733
-0.0413001	trans	0.0413001
0.0521539	trans	0.0521539
0.0532074	trans	0.0532074
-0.0399537	trans	0.0399537
0.0412637	trans	0.0412637
0.0390432	trans	0.0390432
-0.0493637	trans	0.0493637
0.0384718	trans	0.0384718
0.107325	trans	0.107325
-0.036583	trans	0.036583
-0.131458	trans	0.131458
-0.140012	trans	0.140012
0.103434	trans	0.103434
0.0900192	trans	0.0900192
-0.0460511	trans	0.0460511
0.049604	trans	0.049604
0.0543489	trans	0.0543489
0.0453955	trans	0.0453955
0.0811813	trans	0.0811813
0.0915529	trans	0.0915529
0.065403	trans	0.065403
0.0465921	trans	0.0465921
-0.0904396	trans	0.0904396
0.0630738	trans	0.0630738
0.625009	trans	0.625009
-0.0512175	trans	0.0512175
0.048798	trans	0.048798
0.0447661	trans	0.0447661
-0.0918308	trans	0.0918308
-0.0429266	trans	0.0429266
0.048973	trans	0.048973
-0.0905619	trans	0.0905619
0.0477783	trans	0.0477783
0.0557104	trans	0.0557104
0.122758	trans	0.122758
-0.0604045	trans	0.0604045
-0.0518023	trans	0.0518023
0.124587	trans	0.124587
0.0486159	trans	0.0486159
0.0435854	trans	0.0435854
-0.0603845	trans	0.0603845
0.0643888	trans	0.0643888
0.0637094	trans	0.0637094
0.049655	trans	0.049655
0.0689416	trans	0.0689416
0.0431921	trans	0.0431921
0.0577112	trans	0.0577112
0.0755734	trans	0.0755734
0.0388	trans	0.0388
0.081565	trans	0.081565
0.0472428	trans	0.0472428
-0.070064	trans	0.070064
0.102119	trans	0.102119
0.0626123	trans	0.0626123
0.0373188	trans	0.0373188
-0.104759	trans	0.104759
-0.0948003	trans	0.0948003
0.0827727	trans	0.0827727
0.607029	trans	0.607029
-0.0525248	trans	0.0525248
0.0424914	trans	0.0424914
0.0442658	trans	0.0442658
0.0433502	trans	0.0433502
0.0526782	trans	0.0526782
-0.0737099	trans	0.0737099
0.0552001	trans	0.0552001
0.0766422	trans	0.0766422
-0.0447387	trans	0.0447387
-0.0466937	trans	0.0466937
0.0487721	trans	0.0487721
0.0625607	trans	0.0625607
0.0453554	trans	0.0453554
0.0506537	trans	0.0506537
0.139939	trans	0.139939
0.113104	trans	0.113104
-0.0594522	trans	0.0594522
0.0882922	trans	0.0882922
-0.0940597	trans	0.0940597
-0.0530092	trans	0.0530092
0.0422498	trans	0.0422498
-0.0533004	trans	0.0533004
0.0410655	trans	0.0410655
0.0707966	trans	0.0707966
0.0785039	trans	0.0785039
0.0703551	trans	0.0703551
0.0444219	trans	0.0444219
0.0885251	trans	0.0885251
-0.105235	trans	0.105235
-0.042364	trans	0.042364
0.0459172	trans	0.0459172
-0.088096	trans	0.088096
-0.0542044	trans	0.0542044
-0.0414592	trans	0.0414592
0.066827	trans	0.066827
0.0762586	trans	0.0762586
-0.0634915	trans	0.0634915
0.123663	trans	0.123663
0.148724	trans	0.148724
0.250016	trans	0.250016
0.297135	trans	0.297135
0.0945769	trans	0.0945769
-0.0704576	trans	0.0704576
-0.0845831	trans	0.0845831
-0.0482864	trans	0.0482864
-0.151729	trans	0.151729
-0.0676628	trans	0.0676628
0.118276	trans	0.118276
0.0509701	trans	0.0509701
0.0502793	trans	0.0502793
-0.0574607	trans	0.0574607
-0.0570117	trans	0.0570117
0.0486314	trans	0.0486314
0.0483696	trans	0.0483696
0.0824919	trans	0.0824919
0.0957992	trans	0.0957992
0.133596	trans	0.133596
0.14587	trans	0.14587
0.0447882	trans	0.0447882
0.0446403	trans	0.0446403
0.0776205	trans	0.0776205
0.080082	trans	0.080082
-0.0742747	trans	0.0742747
-0.346953	trans	0.346953
0.0451793	trans	0.0451793
0.0294866	trans	0.0294866
-0.0445381	trans	0.0445381
0.422941	trans	0.422941
-0.0299789	trans	0.0299789
0.0475633	trans	0.0475633
0.0597477	trans	0.0597477
0.0556985	trans	0.0556985
0.0775396	trans	0.0775396
0.141755	trans	0.141755
0.229513	trans	0.229513
0.269944	trans	0.269944
0.180762	trans	0.180762
-0.0966112	trans	0.0966112
-0.0975149	trans	0.0975149
0.0524131	trans	0.0524131
-0.081977	trans	0.081977
0.071	trans	0.071
0.0526842	trans	0.0526842
-0.0441294	trans	0.0441294
0.0895815	trans	0.0895815
0.151567	trans	0.151567
0.193842	trans	0.193842
0.152741	trans	0.152741
0.0636034	trans	0.0636034
-0.0515439	trans	0.0515439
-0.0674176	trans	0.0674176
-0.0381279	trans	0.0381279
0.0456148	trans	0.0456148
-0.0454644	trans	0.0454644
-0.078586	trans	0.078586
-0.0705443	trans	0.0705443
0.0546863	trans	0.0546863
-0.0455731	trans	0.0455731
-0.180614	trans	0.180614
-0.139214	trans	0.139214
-0.0560708	trans	0.0560708
0.0398022	trans	0.0398022
-0.0556235	trans	0.0556235
0.0620806	trans	0.0620806
0.117954	trans	0.117954
0.118378	trans	0.118378
-0.0952725	trans	0.0952725
-0.0716458	trans	0.0716458
0.0621127	trans	0.0621127
0.170919	trans	0.170919
0.0553791	trans	0.0553791
0.176374	trans	0.176374
0.0450092	trans	0.0450092
-0.0887544	trans	0.0887544
0.0491871	trans	0.0491871
0.492238	trans	0.492238
0.0373362	trans	0.0373362
0.127315	trans	0.127315
-0.081746	trans	0.081746
-0.0454931	trans	0.0454931
0.0412072	trans	0.0412072
-0.428847	trans	0.428847
-0.0615466	trans	0.0615466
0.0506342	trans	0.0506342
0.053165	trans	0.053165
-0.138147	trans	0.138147
0.0622661	trans	0.0622661
0.123767	trans	0.123767
0.124148	trans	0.124148
0.180809	trans	0.180809
0.0873479	trans	0.0873479
-0.244259	trans	0.244259
-0.0599845	trans	0.0599845
0.0535368	trans	0.0535368
0.0413514	trans	0.0413514
0.0442224	trans	0.0442224
0.0444369	trans	0.0444369
0.0892499	trans	0.0892499
-0.0607238	trans	0.0607238
-0.0636021	trans	0.0636021
-0.102708	trans	0.102708
-0.178909	trans	0.178909
-0.0581189	trans	0.0581189
0.059923	trans	0.059923
0.0436364	trans	0.0436364
-0.106646	trans	0.106646
0.0645822	trans	0.0645822
-0.076851	trans	0.076851
-0.0711159	trans	0.0711159
0.138914	trans	0.138914
-0.0509068	trans	0.0509068
0.105284	trans	0.105284
0.121606	trans	0.121606
0.0663482	trans	0.0663482
-0.0475635	trans	0.0475635
0.0444603	trans	0.0444603
0.138127	trans	0.138127
0.0630799	trans	0.0630799
0.0688594	trans	0.0688594
0.10619	trans	0.10619
0.15915	trans	0.15915
0.0817911	trans	0.0817911
0.0587985	trans	0.0587985
0.0411719	trans	0.0411719
0.0911101	trans	0.0911101
0.0435628	trans	0.0435628
-0.0446995	trans	0.0446995
0.0453178	trans	0.0453178
-0.0489766	trans	0.0489766
0.0635626	trans	0.0635626
0.0672031	trans	0.0672031
-0.0766849	trans	0.0766849
-0.0454416	trans	0.0454416
0.187932	trans	0.187932
0.0600611	trans	0.0600611
-0.0819432	trans	0.0819432
-0.057999	trans	0.057999
-0.0458082	trans	0.0458082
0.0614662	trans	0.0614662
-0.0582925	trans	0.0582925
0.0485474	trans	0.0485474
0.0909509	trans	0.0909509
0.0616452	trans	0.0616452
0.0425685	trans	0.0425685
0.0428838	trans	0.0428838
0.0958355	trans	0.0958355
0.0613888	trans	0.0613888
-0.0461835	trans	0.0461835
0.0705973	trans	0.0705973
0.0523195	trans	0.0523195
0.0869215	trans	0.0869215
-0.046894	trans	0.046894
0.0809132	trans	0.0809132
0.0469613	trans	0.0469613
-0.0480824	trans	0.0480824
0.052257	trans	0.052257
0.0488999	trans	0.0488999
-0.0846602	trans	0.0846602
0.0578432	trans	0.0578432
0.153873	trans	0.153873
-0.0575761	trans	0.0575761
0.0756243	trans	0.0756243
-0.0418358	trans	0.0418358
-0.0594774	trans	0.0594774
-0.253755	trans	0.253755
0.0728739	trans	0.0728739
-0.0601677	trans	0.0601677
-0.0429637	trans	0.0429637
-0.0751928	trans	0.0751928
-0.070016	trans	0.070016
0.0693805	trans	0.0693805
0.0453316	trans	0.0453316
0.0656791	trans	0.0656791
0.0476858	trans	0.0476858
0.0501943	trans	0.0501943
-0.117802	trans	0.117802
0.0643438	trans	0.0643438
0.0595705	trans	0.0595705
0.107743	trans	0.107743
0.0728697	trans	0.0728697
0.419163	trans	0.419163
0.0453117	trans	0.0453117
0.153028	trans	0.153028
0.0610221	trans	0.0610221
0.0439198	trans	0.0439198
-0.0412577	trans	0.0412577
0.0417655	trans	0.0417655
-0.258437	trans	0.258437
-0.0372986	trans	0.0372986
0.0811862	trans	0.0811862
0.587103	trans	0.587103
0.157468	trans	0.157468
0.111594	trans	0.111594
0.173467	trans	0.173467
-0.0704011	trans	0.0704011
-0.0471438	trans	0.0471438
-0.0416352	trans	0.0416352
-0.0510735	trans	0.0510735
-0.0519502	trans	0.0519502
0.0428435	trans	0.0428435
0.0702732	trans	0.0702732
-0.0816991	trans	0.0816991
-0.0746629	trans	0.0746629
0.0785743	trans	0.0785743
-0.0462891	trans	0.0462891
0.0777005	trans	0.0777005
-0.0912022	trans	0.0912022
-0.0429572	trans	0.0429572
0.554971	trans	0.554971
0.148458	trans	0.148458
-0.0458464	trans	0.0458464
0.0981891	trans	0.0981891
0.0432915	trans	0.0432915
0.261328	trans	0.261328
0.145083	trans	0.145083
0.0474915	trans	0.0474915
0.065005	trans	0.065005
-0.0547505	trans	0.0547505
-0.0502085	trans	0.0502085
0.0408344	trans	0.0408344
0.0423288	trans	0.0423288
0.361946	trans	0.361946
-0.0391759	trans	0.0391759
-0.0491766	trans	0.0491766
-0.0678569	trans	0.0678569
0.375116	trans	0.375116
0.0880301	trans	0.0880301
-0.0486167	trans	0.0486167
0.0620723	trans	0.0620723
0.0802293	trans	0.0802293
0.0496601	trans	0.0496601
-0.0655032	trans	0.0655032
-0.0505706	trans	0.0505706
0.0793203	trans	0.0793203
-0.196307	trans	0.196307
-0.0792718	trans	0.0792718
0.137764	trans	0.137764
0.0479229	trans	0.0479229
0.0676654	trans	0.0676654
-0.0550903	trans	0.0550903
-0.0390319	trans	0.0390319
-0.112042	trans	0.112042
-0.048237	trans	0.048237
-0.0471915	trans	0.0471915
0.0523833	trans	0.0523833
0.0567347	trans	0.0567347
-0.044573	trans	0.044573
0.0613536	trans	0.0613536
0.0572271	trans	0.0572271
-1.15911	trans	1.15911
-0.931193	trans	0.931193
0.0537639	trans	0.0537639
-0.0844842	trans	0.0844842
0.0769395	trans	0.0769395
0.0407365	trans	0.0407365
-0.0515357	trans	0.0515357
0.162517	trans	0.162517
0.130948	trans	0.130948
-0.0870894	trans	0.0870894
-0.0631228	trans	0.0631228
0.287463	trans	0.287463
0.118816	trans	0.118816
0.0464929	trans	0.0464929
0.0473551	trans	0.0473551
-0.070556	trans	0.070556
-0.0521329	trans	0.0521329
-0.13603	trans	0.13603
0.123307	trans	0.123307
0.332316	trans	0.332316
0.192645	trans	0.192645
0.126155	trans	0.126155
0.187102	trans	0.187102
0.0843524	trans	0.0843524
-0.0736244	trans	0.0736244
0.063346	trans	0.063346
0.32624	trans	0.32624
-0.0453625	trans	0.0453625
0.107642	trans	0.107642
0.0453148	trans	0.0453148
0.734402	trans	0.734402
0.0542618	trans	0.0542618
0.823563	trans	0.823563
-0.0437761	trans	0.0437761
-0.0593067	trans	0.0593067
-0.104335	trans	0.104335
0.21541	trans	0.21541
0.079234	trans	0.079234
0.0768097	trans	0.0768097
0.582939	trans	0.582939
0.0657244	trans	0.0657244
-0.0451764	trans	0.0451764
-0.0627447	trans	0.0627447
-0.049682	trans	0.049682
0.0491945	trans	0.0491945
0.0482504	trans	0.0482504
0.0452859	trans	0.0452859
-0.041739	trans	0.041739
-0.0451958	trans	0.0451958
0.0485894	trans	0.0485894
0.0659874	trans	0.0659874
0.284575	trans	0.284575
-0.04425	trans	0.04425
0.0774325	trans	0.0774325
-0.128867	trans	0.128867
-0.055259	trans	0.055259
-0.0571334	trans	0.0571334
-0.0425918	trans	0.0425918
-0.0556462	trans	0.0556462
-0.0821561	trans	0.0821561
-0.2158	trans	0.2158
0.0435165	trans	0.0435165
0.0790144	trans	0.0790144
0.0615895	trans	0.0615895
0.126983	trans	0.126983
-0.064761	trans	0.064761
0.121644	trans	0.121644
0.0557256	trans	0.0557256
-0.0433638	trans	0.0433638
-0.0561161	trans	0.0561161
0.0524576	trans	0.0524576
0.0628994	trans	0.0628994
0.0448855	trans	0.0448855
-0.0463534	trans	0.0463534
0.0464232	trans	0.0464232
-0.125417	trans	0.125417
0.0422424	trans	0.0422424
-0.104162	trans	0.104162
-0.109465	trans	0.109465
0.0658943	trans	0.0658943
0.190759	trans	0.190759
-0.0657234	trans	0.0657234
0.0616375	trans	0.0616375
-0.0493398	trans	0.0493398
-0.0487362	trans	0.0487362
0.056021	trans	0.056021
-0.0484242	trans	0.0484242
0.0516177	trans	0.0516177
-0.0809352	trans	0.0809352
0.0522571	trans	0.0522571
-0.0427655	trans	0.0427655
0.0496796	trans	0.0496796
0.0444088	trans	0.0444088
-0.0455432	trans	0.0455432
0.0421364	trans	0.0421364
0.0516491	trans	0.0516491
-0.0442042	trans	0.0442042
0.137953	trans	0.137953
0.443479	trans	0.443479
-0.682965	trans	0.682965
0.0452028	trans	0.0452028
0.042265	trans	0.042265
-0.0684921	trans	0.0684921
0.126618	trans	0.126618
0.0488732	trans	0.0488732
-0.0523798	trans	0.0523798
-0.0559832	trans	0.0559832
-0.066653	trans	0.066653
0.0396797	trans	0.0396797
0.0451709	trans	0.0451709
-0.102544	trans	0.102544
0.0763919	trans	0.0763919
-0.0513231	trans	0.0513231
-0.0591531	trans	0.0591531
0.056576	trans	0.056576
0.0787955	trans	0.0787955
0.0430672	trans	0.0430672
0.0439441	trans	0.0439441
0.0427726	trans	0.0427726
0.040312	trans	0.040312
-0.0408155	trans	0.0408155
0.0563758	trans	0.0563758
0.0450364	trans	0.0450364
-0.0503447	trans	0.0503447
-0.170073	trans	0.170073
0.116188	trans	0.116188
0.0516618	trans	0.0516618
0.0581724	trans	0.0581724
-0.0438939	trans	0.0438939
-0.0568674	trans	0.0568674
0.045975	trans	0.045975
-0.0761442	trans	0.0761442
0.0548545	trans	0.0548545
0.0568876	trans	0.0568876
-0.0414066	trans	0.0414066
-0.0597005	trans	0.0597005
-0.048185	trans	0.048185
0.126168	trans	0.126168
0.936672	trans	0.936672
0.260374	trans	0.260374
0.0522012	trans	0.0522012
0.0807629	trans	0.0807629
0.0441911	trans	0.0441911
0.0427287	trans	0.0427287
0.046916	trans	0.046916
0.0490231	trans	0.0490231
-0.0531793	trans	0.0531793
0.0451128	trans	0.0451128
0.0498217	trans	0.0498217
-0.0513656	trans	0.0513656
0.0780251	trans	0.0780251
-0.0434743	trans	0.0434743
0.0441074	trans	0.0441074
0.201283	trans	0.201283
0.0396916	trans	0.0396916
-0.0919306	trans	0.0919306
-0.0761421	trans	0.0761421
0.0701079	trans	0.0701079
0.0670956	trans	0.0670956
0.0390299	trans	0.0390299
0.102853	trans	0.102853
-0.0487368	trans	0.0487368
-0.435907	trans	0.435907
-0.304648	trans	0.304648
0.139327	trans	0.139327
0.0405495	trans	0.0405495
-0.0684266	trans	0.0684266
0.0780956	trans	0.0780956
0.0858702	trans	0.0858702
0.139589	trans	0.139589
-0.049447	trans	0.049447
-0.0595905	trans	0.0595905
0.378537	trans	0.378537
-0.0479772	trans	0.0479772
-0.0390489	trans	0.0390489
0.037511	trans	0.037511
0.155396	trans	0.155396
0.0923028	trans	0.0923028
-0.103585	trans	0.103585
0.0905758	trans	0.0905758
-0.303989	trans	0.303989
-0.0675403	trans	0.0675403
-0.048323	trans	0.048323
-0.0871981	trans	0.0871981
0.058277	trans	0.058277
-0.0536788	trans	0.0536788
-0.0812654	trans	0.0812654
0.0994395	trans	0.0994395
-0.215298	trans	0.215298
0.135331	trans	0.135331
-0.181099	trans	0.181099
-0.0497552	trans	0.0497552
-0.0456954	trans	0.0456954
-0.0561944	trans	0.0561944
0.0507888	trans	0.0507888
-0.0580878	trans	0.0580878
-0.0853292	trans	0.0853292
-0.0569654	trans	0.0569654
0.0589929	trans	0.0589929
0.0790437	trans	0.0790437
0.0463205	trans	0.0463205
0.0583554	trans	0.0583554
0.0458479	trans	0.0458479
0.0476853	trans	0.0476853
0.0802027	trans	0.0802027
0.0700703	trans	0.0700703
-0.0556413	trans	0.0556413
0.374152	trans	0.374152
-0.0559566	trans	0.0559566
0.0597461	trans	0.0597461
0.525258	trans	0.525258
0.0505495	trans	0.0505495
0.0711941	trans	0.0711941
0.0435314	trans	0.0435314
-0.0551975	trans	0.0551975
0.0749676	trans	0.0749676
-0.0704198	trans	0.0704198
-0.0547895	trans	0.0547895
0.0543382	trans	0.0543382
0.0478049	trans	0.0478049
0.0447509	trans	0.0447509
0.079191	trans	0.079191
0.0462078	trans	0.0462078
0.0693117	trans	0.0693117
0.114899	trans	0.114899
-0.0751048	trans	0.0751048
-0.0683686	trans	0.0683686
-0.0655478	trans	0.0655478
-0.0582576	trans	0.0582576
-0.0821141	trans	0.0821141
0.043296	trans	0.043296
0.637475	trans	0.637475
0.153966	trans	0.153966
0.0463547	trans	0.0463547
0.048943	trans	0.048943
0.08947	trans	0.08947
0.0452048	trans	0.0452048
-0.0389774	trans	0.0389774
0.332136	trans	0.332136
0.114348	trans	0.114348
0.0552193	trans	0.0552193
0.10255	trans	0.10255
-0.0887602	trans	0.0887602
-0.0611477	trans	0.0611477
-0.070964	trans	0.070964
-0.0536073	trans	0.0536073
0.051893	trans	0.051893
-0.117046	trans	0.117046
-0.0696831	trans	0.0696831
0.148463	trans	0.148463
-0.131163	trans	0.131163
0.126673	trans	0.126673
0.0439749	trans	0.0439749
0.0817818	trans	0.0817818
-0.0590542	trans	0.0590542
0.489463	trans	0.489463
0.0561624	trans	0.0561624
-0.0587306	trans	0.0587306
0.0685905	trans	0.0685905
0.124431	trans	0.124431
-0.0616281	trans	0.0616281
0.163259	trans	0.163259
0.309768	trans	0.309768
0.643502	trans	0.643502
-0.0707709	trans	0.0707709
-0.0600123	trans	0.0600123
-0.151281	trans	0.151281
0.258842	trans	0.258842
0.418491	trans	0.418491
-0.0742061	trans	0.0742061
-0.0585508	trans	0.0585508
0.130474	trans	0.130474
-0.084555	trans	0.084555
0.154645	trans	0.154645
-0.0556832	trans	0.0556832
0.0630609	trans	0.0630609
-0.150915	trans	0.150915
-0.0691691	trans	0.0691691
-0.0668526	trans	0.0668526
-0.0554202	trans	0.0554202
-0.155226	trans	0.155226
0.10998	trans	0.10998
-0.284886	trans	0.284886
-0.150426	trans	0.150426
0.0513145	trans	0.0513145
-0.0996303	trans	0.0996303
-0.0635241	trans	0.0635241
0.0727841	trans	0.0727841
0.0456484	trans	0.0456484
-0.214965	trans	0.214965
0.104424	trans	0.104424
0.0427845	trans	0.0427845
0.0773875	trans	0.0773875
0.0453552	trans	0.0453552
0.0881632	trans	0.0881632
0.0633745	trans	0.0633745
0.0478815	trans	0.0478815
-0.0512573	trans	0.0512573
0.0441422	trans	0.0441422
0.0588892	trans	0.0588892
0.237317	trans	0.237317
0.078599	trans	0.078599
-0.0503817	trans	0.0503817
-0.044898	trans	0.044898
0.0841484	trans	0.0841484
-0.0807419	trans	0.0807419
0.0485605	trans	0.0485605
-0.0630615	trans	0.0630615
-0.0613494	trans	0.0613494
-0.0519023	trans	0.0519023
-0.115056	trans	0.115056
-0.0459258	trans	0.0459258
-0.0562775	trans	0.0562775
0.114879	trans	0.114879
-0.0539871	trans	0.0539871
-0.0656379	trans	0.0656379
-0.0463905	trans	0.0463905
0.0593316	trans	0.0593316
-0.123385	trans	0.123385
-0.0626334	trans	0.0626334
0.160503	trans	0.160503
-0.108944	trans	0.108944
-0.0472161	trans	0.0472161
0.115337	trans	0.115337
0.0682578	trans	0.0682578
-0.0560775	trans	0.0560775
0.133895	trans	0.133895
0.0565999	trans	0.0565999
0.0616194	trans	0.0616194
0.100081	trans	0.100081
-0.0421088	trans	0.0421088
0.153163	trans	0.153163
0.080768	trans	0.080768
0.0620063	trans	0.0620063
0.0553235	trans	0.0553235
0.0537839	trans	0.0537839
-0.0445409	trans	0.0445409
0.220972	trans	0.220972
-0.109255	trans	0.109255
0.044357	trans	0.044357
-0.0795187	trans	0.0795187
0.0456017	trans	0.0456017
-0.0450523	trans	0.0450523
0.0614526	trans	0.0614526
-0.0735042	trans	0.0735042
-0.0673187	trans	0.0673187
-0.0925345	trans	0.0925345
-0.0430573	trans	0.0430573
0.0470105	trans	0.0470105
0.514387	trans	0.514387
0.0785796	trans	0.0785796
0.0526232	trans	0.0526232
-0.0657884	trans	0.0657884
-0.0545938	trans	0.0545938
0.0955951	trans	0.0955951
0.0638766	trans	0.0638766
0.0500363	trans	0.0500363
-0.0544173	trans	0.0544173
-0.0425052	trans	0.0425052
0.0576809	trans	0.0576809
0.0598764	trans	0.0598764
-0.0479363	trans	0.0479363
0.0442783	trans	0.0442783
0.0573517	trans	0.0573517
0.852044	trans	0.852044
0.948641	trans	0.948641
-0.068373	trans	0.068373
-0.112895	trans	0.112895
-0.988399	trans	0.988399
-0.076331	trans	0.076331
-0.0955609	trans	0.0955609
0.239967	trans	0.239967
-0.267773	trans	0.267773
0.0431731	trans	0.0431731
0.0450894	trans	0.0450894
0.0443923	trans	0.0443923
-0.0727844	trans	0.0727844
-0.686307	trans	0.686307
0.046583	trans	0.046583
-0.149794	trans	0.149794
0.047925	trans	0.047925
0.282529	trans	0.282529
0.0591736	trans	0.0591736
0.0497607	trans	0.0497607
0.0413677	trans	0.0413677
-0.0490252	trans	0.0490252
-0.12509	trans	0.12509
0.0480677	trans	0.0480677
-0.0478603	trans	0.0478603
0.43412	trans	0.43412
-0.0449259	trans	0.0449259
0.0741461	trans	0.0741461
-0.0627217	trans	0.0627217
-0.339536	trans	0.339536
0.058338	trans	0.058338
0.0475705	trans	0.0475705
0.744209	trans	0.744209
-0.047944	trans	0.047944
-0.216719	trans	0.216719
-0.0448972	trans	0.0448972
-0.0623639	trans	0.0623639
-0.210675	trans	0.210675
0.0430906	trans	0.0430906
-0.0776763	trans	0.0776763
-0.146688	trans	0.146688
-0.0918089	trans	0.0918089
-0.0725939	trans	0.0725939
-0.0991097	trans	0.0991097
-0.0958894	trans	0.0958894
0.0977335	trans	0.0977335
-0.17989	trans	0.17989
0.0498378	trans	0.0498378
0.0739116	trans	0.0739116
0.0643673	trans	0.0643673
0.426813	trans	0.426813
0.0561831	trans	0.0561831
0.0758344	trans	0.0758344
0.0875644	trans	0.0875644
0.0600786	trans	0.0600786
0.0785456	trans	0.0785456
0.0671697	trans	0.0671697
0.0624739	trans	0.0624739
0.0464412	trans	0.0464412
0.418066	trans	0.418066
-0.0474026	trans	0.0474026
-0.0502615	trans	0.0502615
0.0450585	trans	0.0450585
-0.15267	trans	0.15267
0.0474668	trans	0.0474668
0.0636108	trans	0.0636108
-0.0452379	trans	0.0452379
-0.947135	trans	0.947135
0.0439923	trans	0.0439923
0.0759876	trans	0.0759876
-0.0734182	trans	0.0734182
-0.131669	trans	0.131669
0.0459825	trans	0.0459825
0.132433	trans	0.132433
0.0503933	trans	0.0503933
0.229619	trans	0.229619
-0.0656897	trans	0.0656897
0.536485	trans	0.536485
0.0441827	trans	0.0441827
0.0499526	trans	0.0499526
-0.401366	trans	0.401366
0.755922	trans	0.755922
-0.0503853	trans	0.0503853
0.0537007	trans	0.0537007
0.0672478	trans	0.0672478
-0.065495	trans	0.065495
0.0421322	trans	0.0421322
0.066565	trans	0.066565
-0.0463702	trans	0.0463702
0.088049	trans	0.088049
-0.0523907	trans	0.0523907
-0.0649275	trans	0.0649275
-0.0423487	trans	0.0423487
-0.164423	trans	0.164423
-0.0487463	trans	0.0487463
0.0458086	trans	0.0458086
0.102723	trans	0.102723
0.0755867	trans	0.0755867
0.0674114	trans	0.0674114
0.151961	trans	0.151961
0.0967587	trans	0.0967587
0.409993	trans	0.409993
-0.0651367	trans	0.0651367
0.0389222	trans	0.0389222
0.0795326	trans	0.0795326
0.0675068	trans	0.0675068
0.0439749	trans	0.0439749
0.0396406	trans	0.0396406
0.0404851	trans	0.0404851
0.0387742	trans	0.0387742
-0.0536478	trans	0.0536478
0.084174	trans	0.084174
0.107226	trans	0.107226
0.0654941	trans	0.0654941
0.0775921	trans	0.0775921
-0.0600035	trans	0.0600035
0.0459576	trans	0.0459576
-0.0581523	trans	0.0581523
-0.0420828	trans	0.0420828
0.0580574	trans	0.0580574
-0.0416418	trans	0.0416418
-0.138603	trans	0.138603
0.106145	trans	0.106145
0.0514599	trans	0.0514599
-0.0546544	trans	0.0546544
0.0978341	trans	0.0978341
0.185401	trans	0.185401
0.0875152	trans	0.0875152
0.21464	trans	0.21464
0.159048	trans	0.159048
0.0441429	trans	0.0441429
0.0434884	trans	0.0434884
-0.0580685	trans	0.0580685
-0.0471994	trans	0.0471994
0.0474931	trans	0.0474931
-0.0719488	trans	0.0719488
0.0678731	trans	0.0678731
-0.474161	trans	0.474161
0.0523076	trans	0.0523076
0.0791685	trans	0.0791685
0.0601191	trans	0.0601191
-0.063866	trans	0.063866
-0.132092	trans	0.132092
0.0524142	trans	0.0524142
0.143394	trans	0.143394
0.0614011	trans	0.0614011
0.0730005	trans	0.0730005
0.151847	trans	0.151847
-0.146908	trans	0.146908
-0.155436	trans	0.155436
0.0765092	trans	0.0765092
-0.0645951	trans	0.0645951
-0.0481398	trans	0.0481398
-0.0530932	trans	0.0530932
-0.165212	trans	0.165212
0.112009	trans	0.112009
-0.0669583	trans	0.0669583
0.109633	trans	0.109633
0.0596959	trans	0.0596959
0.0478617	trans	0.0478617
0.0595153	trans	0.0595153
0.122622	trans	0.122622
0.400264	trans	0.400264
-0.0763505	trans	0.0763505
0.0640767	trans	0.0640767
0.0751273	trans	0.0751273
-0.148021	trans	0.148021
0.0823995	trans	0.0823995
-0.253454	trans	0.253454
0.0454846	trans	0.0454846
-0.0466912	trans	0.0466912
0.166125	trans	0.166125
0.26694	trans	0.26694
0.057262	trans	0.057262
-0.0937647	trans	0.0937647
0.0709336	trans	0.0709336
0.0633967	trans	0.0633967
0.048219	trans	0.048219
-0.0438144	trans	0.0438144
-0.0758489	trans	0.0758489
-0.137562	trans	0.137562
-0.0630869	trans	0.0630869
0.393091	trans	0.393091
-0.0778012	trans	0.0778012
1.25134	trans	1.25134
0.0286301	trans	0.0286301
0.0294127	trans	0.0294127
-0.939375	trans	0.939375
0.0654549	trans	0.0654549
0.0299108	trans	0.0299108
-0.0492663	trans	0.0492663
-0.0997118	trans	0.0997118
0.516309	trans	0.516309
-0.210698	trans	0.210698
0.0488046	trans	0.0488046
0.0507641	trans	0.0507641
-0.0539275	trans	0.0539275
0.105002	trans	0.105002
0.0633567	trans	0.0633567
0.0699848	trans	0.0699848
-0.0512314	trans	0.0512314
-0.0545614	trans	0.0545614
-0.053148	trans	0.053148
-0.0635425	trans	0.0635425
0.112735	trans	0.112735
0.0481275	trans	0.0481275
-0.0490573	trans	0.0490573
-0.0645596	trans	0.0645596
0.0994508	trans	0.0994508
0.0909047	trans	0.0909047
-0.147633	trans	0.147633
0.068559	trans	0.068559
-0.0514263	trans	0.0514263
-0.0490638	trans	0.0490638
-0.0575049	trans	0.0575049
-0.13486	trans	0.13486
0.0702766	trans	0.0702766
0.193509	trans	0.193509
-0.0538542	trans	0.0538542
-0.0441	trans	0.0441
0.0457622	trans	0.0457622
-0.0433716	trans	0.0433716
-0.0487101	trans	0.0487101
0.0556003	trans	0.0556003
0.0551422	trans	0.0551422
-0.0739282	trans	0.0739282
-0.770675	trans	0.770675
0.0492415	trans	0.0492415
0.348205	trans	0.348205
0.044879	trans	0.044879
0.0513599	trans	0.0513599
-0.0571106	trans	0.0571106
0.0770903	trans	0.0770903
0.125549	trans	0.125549
-0.0688083	trans	0.0688083
0.351534	trans	0.351534
0.109841	trans	0.109841
0.0745653	trans	0.0745653
0.172813	trans	0.172813
0.0431421	trans	0.0431421
0.0809688	trans	0.0809688
-1.22565	trans	1.22565
0.0474571	trans	0.0474571
-0.0485215	trans	0.0485215
-0.070815	trans	0.070815
0.479036	trans	0.479036
0.0566119	trans	0.0566119
-0.0525284	trans	0.0525284
-0.0453091	trans	0.0453091
0.16318	trans	0.16318
-0.0818985	trans	0.0818985
0.140658	trans	0.140658
-0.0921951	trans	0.0921951
0.0543305	trans	0.0543305
-0.144947	trans	0.144947
0.0831371	trans	0.0831371
-0.0754835	trans	0.0754835
0.197373	trans	0.197373
0.042957	trans	0.042957
0.0899844	trans	0.0899844
-0.0490985	trans	0.0490985
0.070381	trans	0.070381
0.148638	trans	0.148638
-0.0635032	trans	0.0635032
0.0797847	trans	0.0797847
0.0570635	trans	0.0570635
-0.0426236	trans	0.0426236
0.0433472	trans	0.0433472
-0.0948254	trans	0.0948254
-0.112596	trans	0.112596
-0.0517065	trans	0.0517065
-0.0554617	trans	0.0554617
-0.0689789	trans	0.0689789
0.0877953	trans	0.0877953
0.393608	trans	0.393608
-0.0682689	trans	0.0682689
0.0405979	trans	0.0405979
0.055218	trans	0.055218
0.0707065	trans	0.0707065
0.108987	trans	0.108987
0.050409	trans	0.050409
-0.248316	trans	0.248316
0.0408335	trans	0.0408335
-0.0805712	trans	0.0805712
-0.0472189	trans	0.0472189
-0.0744622	trans	0.0744622
0.051517	trans	0.051517
-0.0484926	trans	0.0484926
0.0573292	trans	0.0573292
0.0850725	trans	0.0850725
0.0632589	trans	0.0632589
0.0917247	trans	0.0917247
0.14914	trans	0.14914
-0.0625761	trans	0.0625761
-0.0818312	trans	0.0818312
-0.0456323	trans	0.0456323
0.142428	trans	0.142428
0.0758665	trans	0.0758665
-0.246199	trans	0.246199
-0.159595	trans	0.159595
-0.0999543	trans	0.0999543
0.0567248	trans	0.0567248
0.0799215	trans	0.0799215
0.11251	trans	0.11251
0.0640353	trans	0.0640353
-0.047339	trans	0.047339
-0.0547082	trans	0.0547082
-0.082649	trans	0.082649
1.74943	trans	1.74943
1.21852	trans	1.21852
-0.0542144	trans	0.0542144
-0.0591038	trans	0.0591038
-0.243067	trans	0.243067
0.0504542	trans	0.0504542
-0.0452386	trans	0.0452386
-0.0337222	trans	0.0337222
-0.351447	trans	0.351447
0.0627785	trans	0.0627785
-0.0738884	trans	0.0738884
0.107123	trans	0.107123
0.0611621	trans	0.0611621
0.0642033	trans	0.0642033
0.0354865	trans	0.0354865
0.0904548	trans	0.0904548
0.0958508	trans	0.0958508
-0.0493854	trans	0.0493854
0.0545368	trans	0.0545368
0.22027	trans	0.22027
-0.27793	trans	0.27793
-0.0657493	trans	0.0657493
-0.0616109	trans	0.0616109
0.123585	trans	0.123585
0.0569435	trans	0.0569435
-0.0434174	trans	0.0434174
0.142391	trans	0.142391
0.36435	trans	0.36435
0.0525682	trans	0.0525682
-0.180845	trans	0.180845
-0.0768968	trans	0.0768968
-0.191529	trans	0.191529
0.0540377	trans	0.0540377
-0.0636028	trans	0.0636028
0.0823257	trans	0.0823257
0.0912273	trans	0.0912273
-0.0759043	trans	0.0759043
0.0557508	trans	0.0557508
-0.121239	trans	0.121239
-0.0574094	trans	0.0574094
0.0971916	trans	0.0971916
0.0999268	trans	0.0999268
0.0713404	trans	0.0713404
0.0546733	trans	0.0546733
-0.0419012	trans	0.0419012
0.0442665	trans	0.0442665
-0.0529487	trans	0.0529487
0.0586147	trans	0.0586147
-0.0536877	trans	0.0536877
0.236362	trans	0.236362
-0.0601158	trans	0.0601158
0.0616318	trans	0.0616318
0.272927	trans	0.272927
-0.109318	trans	0.109318
0.295118	trans	0.295118
-0.0470068	trans	0.0470068
-0.150042	trans	0.150042
-0.0504479	trans	0.0504479
0.374943	trans	0.374943
-0.1286	trans	0.1286
0.0461344	trans	0.0461344
0.819249	trans	0.819249
-0.0580977	trans	0.0580977
-0.0549852	trans	0.0549852
-1.09901	trans	1.09901
0.0717135	trans	0.0717135
0.172755	trans	0.172755
0.0626909	trans	0.0626909
0.0512272	trans	0.0512272
-0.0500638	trans	0.0500638
-0.169466	trans	0.169466
0.0402363	trans	0.0402363
0.0473115	trans	0.0473115
0.0509934	trans	0.0509934
0.0707303	trans	0.0707303
0.0812766	trans	0.0812766
-0.0487545	trans	0.0487545
-0.0626649	trans	0.0626649
0.0434835	trans	0.0434835
-0.0579233	trans	0.0579233
-0.062218	trans	0.062218
-0.182555	trans	0.182555
-0.0604835	trans	0.0604835
0.076144	trans	0.076144
0.154765	trans	0.154765
0.0735718	trans	0.0735718
-0.0911497	trans	0.0911497
0.0465291	trans	0.0465291
0.0459905	trans	0.0459905
0.131705	trans	0.131705
-0.0670787	trans	0.0670787
0.0473179	trans	0.0473179
0.0551231	trans	0.0551231
0.0444388	trans	0.0444388
0.0584407	trans	0.0584407
0.619491	trans	0.619491
0.125352	trans	0.125352
0.0428474	trans	0.0428474
0.121058	trans	0.121058
-0.0499165	trans	0.0499165
0.057518	trans	0.057518
0.043199	trans	0.043199
0.202377	trans	0.202377
0.0461838	trans	0.0461838
0.0489289	trans	0.0489289
-0.967106	trans	0.967106
-0.0934922	trans	0.0934922
-0.0684773	trans	0.0684773
-0.046786	trans	0.046786
0.0760339	trans	0.0760339
-0.0888202	trans	0.0888202
-0.039844	trans	0.039844
0.0496513	trans	0.0496513
0.0426651	trans	0.0426651
-0.0660525	trans	0.0660525
0.072138	trans	0.072138
-0.0755744	trans	0.0755744
-0.109089	trans	0.109089
-0.135188	trans	0.135188
-0.168514	trans	0.168514
0.102007	trans	0.102007
0.0462119	trans	0.0462119
0.0777666	trans	0.0777666
0.0495853	trans	0.0495853
-0.109457	trans	0.109457
0.0987612	trans	0.0987612
-0.0838606	trans	0.0838606
-0.0650135	trans	0.0650135
0.0543767	trans	0.0543767
0.711347	trans	0.711347
-0.19376	trans	0.19376
0.0424132	trans	0.0424132
0.0571052	trans	0.0571052
-0.0630838	trans	0.0630838
-0.363279	trans	0.363279
0.0645356	trans	0.0645356
-0.0418452	trans	0.0418452
0.16133	trans	0.16133
0.0489597	trans	0.0489597
-0.0460134	trans	0.0460134
-0.0532653	trans	0.0532653
-0.102345	trans	0.102345
0.0856374	trans	0.0856374
-0.862477	trans	0.862477
0.0508262	trans	0.0508262
-0.0452928	trans	0.0452928
-0.170289	trans	0.170289
-0.0729264	trans	0.0729264
0.03802	trans	0.03802
0.064603	trans	0.064603
-0.040763	trans	0.040763
0.134443	trans	0.134443
-0.0501564	trans	0.0501564
0.052033	trans	0.052033
-0.0548872	trans	0.0548872
0.0608259	trans	0.0608259
0.0648967	trans	0.0648967
0.344255	trans	0.344255
-0.0567581	trans	0.0567581
-0.060155	trans	0.060155
-0.0422224	trans	0.0422224
0.0579525	trans	0.0579525
0.841172	trans	0.841172
0.0454138	trans	0.0454138
-0.0623997	trans	0.0623997
-0.0529362	trans	0.0529362
0.718927	trans	0.718927
-0.135026	trans	0.135026
-0.0399207	trans	0.0399207
0.573029	trans	0.573029
-0.062778	trans	0.062778
0.0614862	trans	0.0614862
-0.0695262	trans	0.0695262
0.043607	trans	0.043607
0.0980738	trans	0.0980738
0.0579776	trans	0.0579776
0.0655713	trans	0.0655713
0.0363705	trans	0.0363705
-0.0511398	trans	0.0511398
0.0442498	trans	0.0442498
0.0485235	trans	0.0485235
0.0688471	trans	0.0688471
-1.02669	trans	1.02669
-0.847085	trans	0.847085
0.135581	trans	0.135581
0.0504086	trans	0.0504086
-0.0540337	trans	0.0540337
0.0883547	trans	0.0883547
-0.0674066	trans	0.0674066
-0.0663946	trans	0.0663946
0.0772566	trans	0.0772566
0.164534	trans	0.164534
-0.0467701	trans	0.0467701
-0.0635503	trans	0.0635503
-0.0952396	trans	0.0952396
-0.0965629	trans	0.0965629
0.0990075	trans	0.0990075
0.0496846	trans	0.0496846
0.0534475	trans	0.0534475
0.0583191	trans	0.0583191
0.0437462	trans	0.0437462
0.0984783	trans	0.0984783
-0.0451075	trans	0.0451075
-0.0531453	trans	0.0531453
0.0420543	trans	0.0420543
0.0471523	trans	0.0471523
0.0534229	trans	0.0534229
-0.0806054	trans	0.0806054
-0.0593528	trans	0.0593528
-0.0423313	trans	0.0423313
-0.0701465	trans	0.0701465
-0.0416463	trans	0.0416463
0.0679579	trans	0.0679579
-0.108266	trans	0.108266
-0.117679	trans	0.117679
-0.0388244	trans	0.0388244
-0.0451586	trans	0.0451586
-0.0345908	trans	0.0345908
0.0853501	trans	0.0853501
-0.0402007	trans	0.0402007
-0.128648	trans	0.128648
0.0630578	trans	0.0630578
-0.0528292	trans	0.0528292
0.0530805	trans	0.0530805
0.0597062	trans	0.0597062
0.0433525	trans	0.0433525
-0.0517519	trans	0.0517519
-0.0635946	trans	0.0635946
-0.0447972	trans	0.0447972
0.188357	trans	0.188357
0.0532425	trans	0.0532425
-0.0753286	trans	0.0753286
-0.0474623	trans	0.0474623
0.0486868	trans	0.0486868
0.079639	trans	0.079639
0.0515633	trans	0.0515633
-0.0425004	trans	0.0425004
0.0488878	trans	0.0488878
-0.0580534	trans	0.0580534
0.074449	trans	0.074449
0.0738018	trans	0.0738018
0.0412248	trans	0.0412248
-0.0447984	trans	0.0447984
0.130217	trans	0.130217
-0.0519205	trans	0.0519205
-0.075378	trans	0.075378
0.0429799	trans	0.0429799
-0.0632671	trans	0.0632671
-0.0475834	trans	0.0475834
0.0793523	trans	0.0793523
-0.0423094	trans	0.0423094
0.0486219	trans	0.0486219
-0.0420119	trans	0.0420119
0.0853348	trans	0.0853348
-0.732799	trans	0.732799
-0.934959	trans	0.934959
-0.0736252	trans	0.0736252
-0.0394577	trans	0.0394577
0.17939	trans	0.17939
0.0747469	trans	0.0747469
0.271915	trans	0.271915
0.056734	trans	0.056734
0.101176	trans	0.101176
-0.0447156	trans	0.0447156
0.0570764	trans	0.0570764
-0.0454246	trans	0.0454246
0.0432056	trans	0.0432056
0.0432234	trans	0.0432234
-0.0870124	trans	0.0870124
-0.0785132	trans	0.0785132
0.313091	trans	0.313091
0.0956076	trans	0.0956076
0.414732	trans	0.414732
-0.0418291	trans	0.0418291
0.053673	trans	0.053673
0.0436745	trans	0.0436745
0.0435252	trans	0.0435252
-0.0457894	trans	0.0457894
-0.0669313	trans	0.0669313
0.0463292	trans	0.0463292
0.356914	trans	0.356914
0.0735939	trans	0.0735939
0.0444648	trans	0.0444648
0.0551909	trans	0.0551909
0.0577336	trans	0.0577336
0.0594483	trans	0.0594483
-0.0432467	trans	0.0432467
0.0469918	trans	0.0469918
0.0647198	trans	0.0647198
-0.0446385	trans	0.0446385
-0.0478066	trans	0.0478066
-0.0450731	trans	0.0450731
-0.05792	trans	0.05792
0.0490797	trans	0.0490797
-0.0401779	trans	0.0401779
-0.0477479	trans	0.0477479
-0.0538934	trans	0.0538934
0.0539037	trans	0.0539037
-0.0849639	trans	0.0849639
0.0568801	trans	0.0568801
-0.0822379	trans	0.0822379
-0.0971622	trans	0.0971622
-0.447513	trans	0.447513
-0.053915	trans	0.053915
-0.17138	trans	0.17138
0.0736862	trans	0.0736862
-0.0620986	trans	0.0620986
-0.219878	trans	0.219878
0.0508655	trans	0.0508655
-0.046669	trans	0.046669
0.0810468	trans	0.0810468
0.343522	trans	0.343522
0.0532716	trans	0.0532716
0.141273	trans	0.141273
0.119927	trans	0.119927
0.0640778	trans	0.0640778
-0.061902	trans	0.061902
0.462203	trans	0.462203
-0.0418243	trans	0.0418243
0.0447872	trans	0.0447872
0.0703088	trans	0.0703088
0.0921462	trans	0.0921462
-0.0592479	trans	0.0592479
0.0501324	trans	0.0501324
0.0497704	trans	0.0497704
0.0520437	trans	0.0520437
0.053662	trans	0.053662
-0.0897002	trans	0.0897002
-0.0691844	trans	0.0691844
0.196392	trans	0.196392
-0.182831	trans	0.182831
0.136974	trans	0.136974
0.0479382	trans	0.0479382
0.0772264	trans	0.0772264
0.0659027	trans	0.0659027
0.124128	trans	0.124128
0.0414027	trans	0.0414027
-0.204128	trans	0.204128
0.861619	trans	0.861619
-0.0401494	trans	0.0401494
0.0945508	trans	0.0945508
0.0455369	trans	0.0455369
0.0512222	trans	0.0512222
-0.109885	trans	0.109885
0.151333	trans	0.151333
-0.0626506	trans	0.0626506
0.041731	trans	0.041731
-0.309844	trans	0.309844
-0.0448387	trans	0.0448387
0.0647042	trans	0.0647042
-0.0747071	trans	0.0747071
0.111442	trans	0.111442
-0.0922455	trans	0.0922455
-0.0571583	trans	0.0571583
-0.0514017	trans	0.0514017
0.105968	trans	0.105968
-0.0525816	trans	0.0525816
0.0593484	trans	0.0593484
-0.0412426	trans	0.0412426
0.0642239	trans	0.0642239
0.0901858	trans	0.0901858
0.0484369	trans	0.0484369
0.0986244	trans	0.0986244
-0.952739	trans	0.952739
-0.0825705	trans	0.0825705
0.0766178	trans	0.0766178
-0.050177	trans	0.050177
0.403326	trans	0.403326
-0.0864225	trans	0.0864225
-0.0607056	trans	0.0607056
-0.113589	trans	0.113589
-0.204104	trans	0.204104
-0.0505189	trans	0.0505189
0.06349	trans	0.06349
-0.0664228	trans	0.0664228
-0.0553695	trans	0.0553695
0.089291	trans	0.089291
0.0460559	trans	0.0460559
0.0814021	trans	0.0814021
0.222619	trans	0.222619
-0.0499579	trans	0.0499579
-0.0657473	trans	0.0657473
-0.0557542	trans	0.0557542
-0.100102	trans	0.100102
0.107366	trans	0.107366
-0.0432323	trans	0.0432323
0.0518244	trans	0.0518244
0.0536049	trans	0.0536049
0.069475	trans	0.069475
0.0405714	trans	0.0405714
0.0469064	trans	0.0469064
0.102321	trans	0.102321
-0.0470245	trans	0.0470245
0.0416486	trans	0.0416486
0.065983	trans	0.065983
-0.0425901	trans	0.0425901
0.0819834	trans	0.0819834
0.0594623	trans	0.0594623
0.0735486	trans	0.0735486
0.128532	trans	0.128532
0.0478337	trans	0.0478337
0.153963	trans	0.153963
-0.0691128	trans	0.0691128
-0.0664606	trans	0.0664606
0.0391656	trans	0.0391656
-0.0643966	trans	0.0643966
-0.052994	trans	0.052994
0.0556423	trans	0.0556423
0.0895221	trans	0.0895221
0.0411849	trans	0.0411849
0.043962	trans	0.043962
-0.504816	trans	0.504816
0.0401742	trans	0.0401742
-0.12595	trans	0.12595
0.0392442	trans	0.0392442
0.264428	trans	0.264428
-0.684391	trans	0.684391
0.202466	trans	0.202466
-0.789596	trans	0.789596
-0.172397	trans	0.172397
0.429185	trans	0.429185
0.64787	trans	0.64787
0.40333	trans	0.40333
0.593231	trans	0.593231
0.890994	trans	0.890994
-0.461342	trans	0.461342
0.454455	trans	0.454455
0.44104	trans	0.44104
-0.516947	trans	0.516947
0.469828	trans	0.469828
0.44242	trans	0.44242
0.545115	trans	0.545115
-0.0359304	trans	0.0359304
-0.488443	trans	0.488443
-0.612474	trans	0.612474
-0.440606	trans	0.440606
0.801474	trans	0.801474
-0.846402	trans	0.846402
0.967382	trans	0.967382
-0.514728	trans	0.514728
-0.497674	trans	0.497674
-0.499605	trans	0.499605
0.476627	trans	0.476627
0.78992	trans	0.78992
0.644479	trans	0.644479
0.389548	trans	0.389548
0.648995	trans	0.648995
0.856243	trans	0.856243
0.406201	trans	0.406201
0.475306	trans	0.475306
0.756934	trans	0.756934
0.854619	trans	0.854619
0.455779	trans	0.455779
-0.037773	trans	0.037773
-0.444922	trans	0.444922
-0.751561	trans	0.751561
0.999611	trans	0.999611
0.672333	trans	0.672333
0.895642	trans	0.895642
0.41392	trans	0.41392
0.372049	trans	0.372049
0.75428	trans	0.75428
0.741113	trans	0.741113
-0.694049	trans	0.694049
0.724877	trans	0.724877
-0.49353	trans	0.49353
0.888953	trans	0.888953
0.544046	trans	0.544046
0.895961	trans	0.895961
-0.755171	trans	0.755171
0.624509	trans	0.624509
0.824168	trans	0.824168
-0.593607	trans	0.593607
0.683081	trans	0.683081
-0.665003	trans	0.665003
0.359247	trans	0.359247
0.590764	trans	0.590764
0.8917	trans	0.8917
0.714506	trans	0.714506
-0.607248	trans	0.607248
-0.0444018	trans	0.0444018
0.502746	trans	0.502746
-0.542739	trans	0.542739
0.235648	trans	0.235648
0.339094	trans	0.339094
0.469472	trans	0.469472
0.300147	trans	0.300147
0.846139	trans	0.846139
0.199559	trans	0.199559
0.471717	trans	0.471717
0.37062	trans	0.37062
0.682603	trans	0.682603
0.855112	trans	0.855112
0.320529	trans	0.320529
0.71215	trans	0.71215
-0.500723	trans	0.500723
0.549229	trans	0.549229
0.731732	trans	0.731732
0.53871	trans	0.53871
-0.0425303	trans	0.0425303
-0.64762	trans	0.64762
-0.60683	trans	0.60683
-0.310549	trans	0.310549
0.392985	trans	0.392985
0.221416	trans	0.221416
-0.298543	trans	0.298543
0.412014	trans	0.412014
-0.410909	trans	0.410909
0.420727	trans	0.420727
0.720469	trans	0.720469
-0.637534	trans	0.637534
-0.355538	trans	0.355538
0.566164	trans	0.566164
0.806073	trans	0.806073
0.271132	trans	0.271132
0.336203	trans	0.336203
-0.323569	trans	0.323569
0.570033	trans	0.570033
-0.241994	trans	0.241994
0.785712	trans	0.785712
0.387404	trans	0.387404
-0.186335	trans	0.186335
-0.589417	trans	0.589417
-0.725622	trans	0.725622
0.358095	trans	0.358095
0.762186	trans	0.762186
0.467087	trans	0.467087
0.796556	trans	0.796556
-0.712568	trans	0.712568
0.487133	trans	0.487133
-0.346792	trans	0.346792
0.507289	trans	0.507289
0.543756	trans	0.543756
0.5593	trans	0.5593
-0.474978	trans	0.474978
0.520395	trans	0.520395
0.296279	trans	0.296279
0.9291	trans	0.9291
0.349446	trans	0.349446
-0.422274	trans	0.422274
0.306322	trans	0.306322
0.327017	trans	0.327017
0.794012	trans	0.794012
0.624809	trans	0.624809
0.462548	trans	0.462548
0.61873	trans	0.61873
0.512598	trans	0.512598
0.697981	trans	0.697981
0.787917	trans	0.787917
0.710398	trans	0.710398
0.744618	trans	0.744618
-0.433377	trans	0.433377
0.756005	trans	0.756005
-0.659155	trans	0.659155
0.275363	trans	0.275363
-0.78662	trans	0.78662
-0.683993	trans	0.683993
-0.381796	trans	0.381796
0.712907	trans	0.712907
0.420248	trans	0.420248
-0.246273	trans	0.246273
0.30633	trans	0.30633
0.248669	trans	0.248669
0.43297	trans	0.43297
-0.56066	trans	0.56066
-0.069051	trans	0.069051
0.736088	trans	0.736088
0.558006	trans	0.558006
-0.507919	trans	0.507919
0.339535	trans	0.339535
0.775497	trans	0.775497
0.723762	trans	0.723762
0.565912	trans	0.565912
0.682095	trans	0.682095
0.71235	trans	0.71235
0.538739	trans	0.538739
0.597232	trans	0.597232
0.73729	trans	0.73729
0.507277	trans	0.507277
0.73257	trans	0.73257
-0.518928	trans	0.518928
0.822549	trans	0.822549
0.445429	trans	0.445429
0.433559	trans	0.433559
0.365827	trans	0.365827
0.290123	trans	0.290123
0.656211	trans	0.656211
0.606876	trans	0.606876
0.755688	trans	0.755688
0.389525	trans	0.389525
0.657892	trans	0.657892
-0.640376	trans	0.640376
-0.46346	trans	0.46346
0.690218	trans	0.690218
-0.278836	trans	0.278836
0.415925	trans	0.415925
0.299379	trans	0.299379
0.759655	trans	0.759655
0.550624	trans	0.550624
-0.813497	trans	0.813497
-0.0643356	trans	0.0643356
0.74717	trans	0.74717
0.228226	trans	0.228226
-0.909376	trans	0.909376
-0.518541	trans	0.518541
0.958644	trans	0.958644
-0.778557	trans	0.778557
-0.535976	trans	0.535976
0.352606	trans	0.352606
0.78929	trans	0.78929
0.876999	trans	0.876999
0.368814	trans	0.368814
0.61373	trans	0.61373
-0.763764	trans	0.763764
0.558798	trans	0.558798
0.623714	trans	0.623714
0.730655	trans	0.730655
-0.24324	trans	0.24324
-0.467513	trans	0.467513
0.86912	trans	0.86912
0.442581	trans	0.442581
0.793834	trans	0.793834
0.521075	trans	0.521075
0.329328	trans	0.329328
0.869821	trans	0.869821
0.269127	trans	0.269127
-0.800855	trans	0.800855
0.272683	trans	0.272683
-0.542187	trans	0.542187
0.30378	trans	0.30378
-0.509849	trans	0.509849
0.634769	trans	0.634769
0.665737	trans	0.665737
0.559514	trans	0.559514
0.559367	trans	0.559367
-0.229494	trans	0.229494
0.768223	trans	0.768223
0.628815	trans	0.628815
0.879375	trans	0.879375
0.646284	trans	0.646284
0.596502	trans	0.596502
-0.592896	trans	0.592896
-0.570348	trans	0.570348
0.292359	trans	0.292359
-0.712805	trans	0.712805
0.492893	trans	0.492893
0.830974	trans	0.830974
-0.746097	trans	0.746097
0.279641	trans	0.279641
0.367811	trans	0.367811
0.720308	trans	0.720308
0.368804	trans	0.368804
0.432116	trans	0.432116
0.779741	trans	0.779741
-0.526975	trans	0.526975
0.648716	trans	0.648716
0.42234	trans	0.42234
-0.389521	trans	0.389521
0.289863	trans	0.289863
0.766277	trans	0.766277
0.627738	trans	0.627738
0.559649	trans	0.559649
-0.432823	trans	0.432823
0.726403	trans	0.726403
0.718093	trans	0.718093
0.302448	trans	0.302448
0.501015	trans	0.501015
-0.419552	trans	0.419552
-0.0687151	trans	0.0687151
0.700563	trans	0.700563
-0.336086	trans	0.336086
0.2578	trans	0.2578
0.488371	trans	0.488371
0.582085	trans	0.582085
0.226536	trans	0.226536
0.772218	trans	0.772218
-0.372597	trans	0.372597
0.314113	trans	0.314113
0.346006	trans	0.346006
0.265747	trans	0.265747
0.881897	trans	0.881897
0.347692	trans	0.347692
0.591574	trans	0.591574
-0.404018	trans	0.404018
-0.282134	trans	0.282134
0.807944	trans	0.807944
0.90087	trans	0.90087
-0.567691	trans	0.567691
0.343147	trans	0.343147
0.666612	trans	0.666612
0.606937	trans	0.606937
-0.928427	trans	0.928427
0.361768	trans	0.361768
-0.597278	trans	0.597278
0.211696	trans	0.211696
0.467419	trans	0.467419
-0.354193	trans	0.354193
0.45758	trans	0.45758
0.636485	trans	0.636485
-0.253472	trans	0.253472
0.678544	trans	0.678544
0.652433	trans	0.652433
0.421019	trans	0.421019
0.621551	trans	0.621551
0.267105	trans	0.267105
-0.534711	trans	0.534711
0.688223	trans	0.688223
-0.366249	trans	0.366249
0.854229	trans	0.854229
0.289489	trans	0.289489
0.436432	trans	0.436432
-0.238909	trans	0.238909
0.624435	trans	0.624435
0.800031	trans	0.800031
0.593555	trans	0.593555
0.144144	trans	0.144144
0.552992	trans	0.552992
-0.964736	trans	0.964736
0.351441	trans	0.351441
0.373747	trans	0.373747
0.758614	trans	0.758614
0.320196	trans	0.320196
0.857102	trans	0.857102
-0.595136	trans	0.595136
0.584915	trans	0.584915
0.530121	trans	0.530121
-0.630655	trans	0.630655
-0.780254	trans	0.780254
0.624288	trans	0.624288
0.376056	trans	0.376056
-0.37664	trans	0.37664
-0.388824	trans	0.388824
0.959657	trans	0.959657
-0.795492	trans	0.795492
0.316317	trans	0.316317
-0.284221	trans	0.284221
-0.659612	trans	0.659612
-0.686302	trans	0.686302
0.496235	trans	0.496235
0.39423	trans	0.39423
0.44469	trans	0.44469
-0.454902	trans	0.454902
0.273265	trans	0.273265
-0.541436	trans	0.541436
1.06107	trans	1.06107
-0.599804	trans	0.599804
0.986487	trans	0.986487
0.752423	trans	0.752423
0.335678	trans	0.335678
0.344804	trans	0.344804
-0.425289	trans	0.425289
-0.729639	trans	0.729639
0.720159	trans	0.720159
-0.311611	trans	0.311611
0.563182	trans	0.563182
0.586453	trans	0.586453
-0.742619	trans	0.742619
0.768726	trans	0.768726
0.654683	trans	0.654683
-0.564498	trans	0.564498
0.494272	trans	0.494272
0.548199	trans	0.548199
0.0415353	trans	0.0415353
0.297161	trans	0.297161
0.444494	trans	0.444494
-0.702323	trans	0.702323
-0.495595	trans	0.495595
-0.535564	trans	0.535564
0.530682	trans	0.530682
0.777638	trans	0.777638
-0.263466	trans	0.263466
0.256353	trans	0.256353
-0.337671	trans	0.337671
0.531652	trans	0.531652
0.413967	trans	0.413967
0.370146	trans	0.370146
0.735946	trans	0.735946
0.805039	trans	0.805039
0.0572652	trans	0.0572652
-0.5529	trans	0.5529
-0.0559725	trans	0.0559725
0.431128	trans	0.431128
0.0542121	trans	0.0542121
-0.0451447	trans	0.0451447
0.043222	trans	0.043222
-0.0466362	trans	0.0466362
0.0560172	trans	0.0560172
-0.0955645	trans	0.0955645
-0.127824	trans	0.127824
-0.128238	trans	0.128238
-0.0484229	trans	0.0484229
0.062717	trans	0.062717
0.0562443	trans	0.0562443
-0.369452	trans	0.369452
-0.0564196	trans	0.0564196
-0.0503944	trans	0.0503944
-0.0452831	trans	0.0452831
0.0429152	trans	0.0429152
0.0868014	trans	0.0868014
-0.0779064	trans	0.0779064
0.061494	trans	0.061494
0.041245	trans	0.041245
0.10071	trans	0.10071
-0.0427145	trans	0.0427145
0.0876898	trans	0.0876898
-0.344467	trans	0.344467
0.0861619	trans	0.0861619
-0.101091	trans	0.101091
-0.0458998	trans	0.0458998
-0.137812	trans	0.137812
0.694212	trans	0.694212
-0.062853	trans	0.062853
-0.0444747	trans	0.0444747
-0.0433982	trans	0.0433982
0.0740063	trans	0.0740063
-0.116581	trans	0.116581
0.0441298	trans	0.0441298
0.265472	trans	0.265472
0.174167	trans	0.174167
-0.0523981	trans	0.0523981
-0.0716204	trans	0.0716204
-0.177805	trans	0.177805
-0.0463754	trans	0.0463754
-0.0614763	trans	0.0614763
-0.0881653	trans	0.0881653
0.315892	trans	0.315892
0.0430287	trans	0.0430287
-0.0700078	trans	0.0700078
-0.0445224	trans	0.0445224
-0.0909576	trans	0.0909576
-0.0518717	trans	0.0518717
0.048575	trans	0.048575
-0.0737365	trans	0.0737365
-0.0440648	trans	0.0440648
0.0518841	trans	0.0518841
-0.0489429	trans	0.0489429
-0.0464465	trans	0.0464465
0.0525946	trans	0.0525946
-0.0587331	trans	0.0587331
-0.0641693	trans	0.0641693
-0.0575306	trans	0.0575306
0.512631	trans	0.512631
0.111289	trans	0.111289
0.0420096	trans	0.0420096
-0.043605	trans	0.043605
-0.0652242	trans	0.0652242
-0.0593458	trans	0.0593458
0.515572	trans	0.515572
0.460674	trans	0.460674
-0.059947	trans	0.059947
0.0813857	trans	0.0813857
-0.0555422	trans	0.0555422
0.0442335	trans	0.0442335
-0.0420208	trans	0.0420208
-0.0933836	trans	0.0933836
-0.0517307	trans	0.0517307
-0.337866	trans	0.337866
0.111293	trans	0.111293
-0.0534576	trans	0.0534576
0.0361821	trans	0.0361821
0.0442732	trans	0.0442732
0.167213	trans	0.167213
-0.0318229	trans	0.0318229
0.0314066	trans	0.0314066
-0.0867972	trans	0.0867972
-0.072817	trans	0.072817
0.142156	trans	0.142156
0.0323631	trans	0.0323631
0.874525	trans	0.874525
0.827449	trans	0.827449
0.0438845	trans	0.0438845
0.0332756	trans	0.0332756
0.0657911	trans	0.0657911
0.0578102	trans	0.0578102
-0.0387006	trans	0.0387006
0.0306028	trans	0.0306028
-0.0616888	trans	0.0616888
0.0515399	trans	0.0515399
0.0494006	trans	0.0494006
-0.0400566	trans	0.0400566
0.0300627	trans	0.0300627
0.321411	trans	0.321411
-0.0581165	trans	0.0581165
-0.0388242	trans	0.0388242
0.0480002	trans	0.0480002
-0.190056	trans	0.190056
-0.0360944	trans	0.0360944
0.0981965	trans	0.0981965
-0.142227	trans	0.142227
-0.234291	trans	0.234291
0.0474866	trans	0.0474866
-0.157031	trans	0.157031
0.365516	trans	0.365516
0.0433128	trans	0.0433128
-0.0883599	trans	0.0883599
-0.384568	trans	0.384568
-0.0525002	trans	0.0525002
0.19686	trans	0.19686
-0.0609982	trans	0.0609982
-0.052025	trans	0.052025
-0.0478825	trans	0.0478825
-0.088251	trans	0.088251
-0.0605122	trans	0.0605122
0.0519594	trans	0.0519594
0.161431	trans	0.161431
0.088928	trans	0.088928
-0.0399097	trans	0.0399097
-0.0583947	trans	0.0583947
-0.0815996	trans	0.0815996
0.102824	trans	0.102824
-0.393038	trans	0.393038
-0.094606	trans	0.094606
-0.129495	trans	0.129495
0.144112	trans	0.144112
0.0414798	trans	0.0414798
-0.0550381	trans	0.0550381
0.101967	trans	0.101967
-0.073146	trans	0.073146
0.0740297	trans	0.0740297
-0.131933	trans	0.131933
-0.180143	trans	0.180143
-0.150222	trans	0.150222
-0.0633807	trans	0.0633807
0.0654985	trans	0.0654985
-0.0722067	trans	0.0722067
-0.0515209	trans	0.0515209
0.119731	trans	0.119731
-0.0473258	trans	0.0473258
0.0680433	trans	0.0680433
-0.051559	trans	0.051559
0.0731347	trans	0.0731347
0.0423736	trans	0.0423736
-0.353988	trans	0.353988
-0.601376	trans	0.601376
0.0509189	trans	0.0509189
-0.159605	trans	0.159605
-0.0643353	trans	0.0643353
-0.256754	trans	0.256754
0.0584888	trans	0.0584888
0.083523	trans	0.083523
0.129935	trans	0.129935
-0.372738	trans	0.372738
-0.046959	trans	0.046959
0.0468862	trans	0.0468862
0.0704865	trans	0.0704865
0.0523069	trans	0.0523069
-0.113852	trans	0.113852
-0.0469923	trans	0.0469923
0.0421977	trans	0.0421977
0.243476	trans	0.243476
0.123813	trans	0.123813
0.282664	trans	0.282664
-0.0517939	trans	0.0517939
-0.0442745	trans	0.0442745
-0.0474328	trans	0.0474328
-0.049444	trans	0.049444
-0.0515057	trans	0.0515057
0.0545888	trans	0.0545888
-0.298876	trans	0.298876
0.0869942	trans	0.0869942
0.0438469	trans	0.0438469
0.599681	trans	0.599681
0.0742443	trans	0.0742443
-0.0514263	trans	0.0514263
-0.0422364	trans	0.0422364
0.0627631	trans	0.0627631
0.939732	trans	0.939732
0.0685953	trans	0.0685953
0.0479748	trans	0.0479748
-0.812323	trans	0.812323
0.573283	trans	0.573283
0.475366	trans	0.475366
-0.0399854	trans	0.0399854
-0.0774756	trans	0.0774756
0.0725896	trans	0.0725896
0.522797	trans	0.522797
0.7	trans	0.7
0.621273	trans	0.621273
0.0640787	trans	0.0640787
0.0523316	trans	0.0523316
-0.0615173	trans	0.0615173
0.0686795	trans	0.0686795
0.0647031	trans	0.0647031
-0.0425633	trans	0.0425633
0.0708858	trans	0.0708858
-0.0522908	trans	0.0522908
-0.0428796	trans	0.0428796
-0.0535054	trans	0.0535054
0.0504954	trans	0.0504954
-0.0675773	trans	0.0675773
-0.0444159	trans	0.0444159
0.0457557	trans	0.0457557
0.0546623	trans	0.0546623
-0.0864622	trans	0.0864622
0.048385	trans	0.048385
-0.0656747	trans	0.0656747
0.124685	trans	0.124685
-0.0494529	trans	0.0494529
-0.0448941	trans	0.0448941
0.117088	trans	0.117088
0.0594108	trans	0.0594108
0.0772526	trans	0.0772526
0.117815	trans	0.117815
0.0642213	trans	0.0642213
-0.258325	trans	0.258325
0.306786	trans	0.306786
0.0604846	trans	0.0604846
0.0620251	trans	0.0620251
0.0748312	trans	0.0748312
-0.191581	trans	0.191581
-0.0395246	trans	0.0395246
-0.0465026	trans	0.0465026
-0.0450218	trans	0.0450218
0.0771004	trans	0.0771004
-0.035689	trans	0.035689
-0.0833061	trans	0.0833061
0.0400683	trans	0.0400683
0.0369181	trans	0.0369181
0.0351209	trans	0.0351209
-0.0507561	trans	0.0507561
-0.043766	trans	0.043766
-0.0813279	trans	0.0813279
-0.0379338	trans	0.0379338
-0.0474828	trans	0.0474828
0.0688538	trans	0.0688538
0.0530702	trans	0.0530702
0.0506908	trans	0.0506908
0.085402	trans	0.085402
0.0364781	trans	0.0364781
-0.0445123	trans	0.0445123
-0.0467031	trans	0.0467031
-0.0606669	trans	0.0606669
0.0484471	trans	0.0484471
0.0834501	trans	0.0834501
-0.0756818	trans	0.0756818
-0.124463	trans	0.124463
-0.0472444	trans	0.0472444
-0.0762396	trans	0.0762396
-0.120889	trans	0.120889
0.0786473	trans	0.0786473
0.404781	trans	0.404781
0.114946	trans	0.114946
0.0843714	trans	0.0843714
-0.0853076	trans	0.0853076
-0.0464872	trans	0.0464872
-0.0601937	trans	0.0601937
-0.0558794	trans	0.0558794
-0.100344	trans	0.100344
-0.0486303	trans	0.0486303
0.0510735	trans	0.0510735
-0.0626139	trans	0.0626139
0.0581373	trans	0.0581373
0.042028	trans	0.042028
-0.0565683	trans	0.0565683
0.0603554	trans	0.0603554
-0.0448132	trans	0.0448132
0.121312	trans	0.121312
-0.0465998	trans	0.0465998
0.0959025	trans	0.0959025
0.122721	trans	0.122721
0.107996	trans	0.107996
0.0687258	trans	0.0687258
0.103324	trans	0.103324
0.14418	trans	0.14418
0.0668908	trans	0.0668908
0.0698082	trans	0.0698082
0.0427874	trans	0.0427874
0.078396	trans	0.078396
0.0756003	trans	0.0756003
0.0453485	trans	0.0453485
-0.0518818	trans	0.0518818
-0.0999051	trans	0.0999051
0.0455228	trans	0.0455228
-0.0767378	trans	0.0767378
-0.0504361	trans	0.0504361
-0.0458668	trans	0.0458668
0.135894	trans	0.135894
0.0451048	trans	0.0451048
0.362456	trans	0.362456
-0.0591083	trans	0.0591083
0.278536	trans	0.278536
0.0640126	trans	0.0640126
0.0575012	trans	0.0575012
0.0691703	trans	0.0691703
-0.0635768	trans	0.0635768
0.0797815	trans	0.0797815
0.0375962	trans	0.0375962
0.282676	trans	0.282676
0.069077	trans	0.069077
0.0680385	trans	0.0680385
0.0412718	trans	0.0412718
-0.0381236	trans	0.0381236
-0.0402793	trans	0.0402793
-0.0443031	trans	0.0443031
0.103513	trans	0.103513
0.0487464	trans	0.0487464
0.041309	trans	0.041309
-0.67604	trans	0.67604
-0.453784	trans	0.453784
-0.910611	trans	0.910611
-0.0845251	trans	0.0845251
-0.0421912	trans	0.0421912
0.0698722	trans	0.0698722
-0.0590836	trans	0.0590836
0.0538476	trans	0.0538476
0.370408	trans	0.370408
-0.16601	trans	0.16601
0.350149	trans	0.350149
0.0519723	trans	0.0519723
-0.503749	trans	0.503749
-0.564264	trans	0.564264
0.354835	trans	0.354835
0.0943488	trans	0.0943488
-0.0513884	trans	0.0513884
0.516626	trans	0.516626
-0.0333855	trans	0.0333855
-0.0438249	trans	0.0438249
-0.0417538	trans	0.0417538
-0.0458721	trans	0.0458721
0.089768	trans	0.089768
-0.06758	trans	0.06758
-0.0606398	trans	0.0606398
0.0787118	trans	0.0787118
0.0578252	trans	0.0578252
0.169988	trans	0.169988
0.0635088	trans	0.0635088
-0.0509501	trans	0.0509501
-0.0604226	trans	0.0604226
-0.124058	trans	0.124058
-0.132347	trans	0.132347
-0.197127	trans	0.197127
0.0435208	trans	0.0435208
-0.151074	trans	0.151074
-0.25894	trans	0.25894
0.05233	trans	0.05233
-0.0402122	trans	0.0402122
-0.0654597	trans	0.0654597
0.107291	trans	0.107291
0.0406656	trans	0.0406656
0.0643934	trans	0.0643934
0.085444	trans	0.085444
-0.0595944	trans	0.0595944
-0.0791135	trans	0.0791135
0.0436962	trans	0.0436962
-0.138903	trans	0.138903
-0.0620736	trans	0.0620736
0.0466401	trans	0.0466401
-0.0563668	trans	0.0563668
0.0727584	trans	0.0727584
-0.042763	trans	0.042763
0.057223	trans	0.057223
-0.659461	trans	0.659461
0.0586107	trans	0.0586107
0.0421905	trans	0.0421905
-0.0843384	trans	0.0843384
-0.0592744	trans	0.0592744
0.105729	trans	0.105729
0.161702	trans	0.161702
-0.0437943	trans	0.0437943
-0.0469419	trans	0.0469419
0.0710523	trans	0.0710523
-0.0492866	trans	0.0492866
0.0493153	trans	0.0493153
-0.0588679	trans	0.0588679
0.092899	trans	0.092899
0.0787616	trans	0.0787616
0.050046	trans	0.050046
0.0428667	trans	0.0428667
0.0626038	trans	0.0626038
-0.214361	trans	0.214361
0.0576775	trans	0.0576775
-0.081349	trans	0.081349
-0.0904951	trans	0.0904951
1.75486	trans	1.75486
0.0654177	trans	0.0654177
0.0422308	trans	0.0422308
0.0524357	trans	0.0524357
0.340916	trans	0.340916
-0.157136	trans	0.157136
-0.0607531	trans	0.0607531
-0.0466187	trans	0.0466187
-0.0835837	trans	0.0835837
0.0456197	trans	0.0456197
-0.045896	trans	0.045896
-0.0506798	trans	0.0506798
-0.0476753	trans	0.0476753
-0.06818	trans	0.06818
-0.190235	trans	0.190235
0.0634716	trans	0.0634716
-0.181987	trans	0.181987
0.0873973	trans	0.0873973
0.724925	trans	0.724925
0.250586	trans	0.250586
-0.0341853	trans	0.0341853
0.0504352	trans	0.0504352
0.039523	trans	0.039523
-0.0982697	trans	0.0982697
-0.181948	trans	0.181948
0.0479301	trans	0.0479301
0.040706	trans	0.040706
-0.103332	trans	0.103332
-0.0553879	trans	0.0553879
-0.0455556	trans	0.0455556
0.0456956	trans	0.0456956
0.213036	trans	0.213036
0.119808	trans	0.119808
0.122861	trans	0.122861
-0.0957234	trans	0.0957234
0.0551804	trans	0.0551804
-0.0406238	trans	0.0406238
0.0420009	trans	0.0420009
-0.412822	trans	0.412822
0.0516706	trans	0.0516706
0.0675763	trans	0.0675763
0.0730486	trans	0.0730486
-0.10567	trans	0.10567
0.361374	trans	0.361374
-0.109932	trans	0.109932
-0.0487784	trans	0.0487784
-0.0425543	trans	0.0425543
0.322245	trans	0.322245
0.141617	trans	0.141617
-0.0477785	trans	0.0477785
0.0786102	trans	0.0786102
0.071506	trans	0.071506
0.0326053	trans	0.0326053
-0.0527991	trans	0.0527991
-0.0527333	trans	0.0527333
-0.0399515	trans	0.0399515
-0.309621	trans	0.309621
-0.0380303	trans	0.0380303
-0.0767671	trans	0.0767671
-0.0604297	trans	0.0604297
0.0596085	trans	0.0596085
0.0364054	trans	0.0364054
-0.224634	trans	0.224634
0.0556825	trans	0.0556825
0.0387934	trans	0.0387934
0.0819228	trans	0.0819228
-0.109361	trans	0.109361
-0.0578123	trans	0.0578123
0.875035	trans	0.875035
-0.0320316	trans	0.0320316
0.0503112	trans	0.0503112
0.144025	trans	0.144025
0.0608216	trans	0.0608216
0.0629092	trans	0.0629092
0.0820094	trans	0.0820094
-0.601907	trans	0.601907
0.26434	trans	0.26434
0.0953491	trans	0.0953491
-0.0557383	trans	0.0557383
0.34197	trans	0.34197
0.0446123	trans	0.0446123
-0.0776622	trans	0.0776622
-0.0776895	trans	0.0776895
0.0886081	trans	0.0886081
-0.0692173	trans	0.0692173
0.0553354	trans	0.0553354
-0.039861	trans	0.039861
-0.0656377	trans	0.0656377
-0.0461665	trans	0.0461665
-0.143647	trans	0.143647
-0.100774	trans	0.100774
-0.0508818	trans	0.0508818
0.0726759	trans	0.0726759
-0.083612	trans	0.083612
-0.0742203	trans	0.0742203
0.0597174	trans	0.0597174
0.0720436	trans	0.0720436
-0.124956	trans	0.124956
0.194845	trans	0.194845
-0.0962845	trans	0.0962845
-0.0854693	trans	0.0854693
-0.0537157	trans	0.0537157
0.0722378	trans	0.0722378
-0.0619588	trans	0.0619588
0.334727	trans	0.334727
-0.108332	trans	0.108332
0.213107	trans	0.213107
0.0349293	trans	0.0349293
-0.0398257	trans	0.0398257
0.524355	trans	0.524355
0.481493	trans	0.481493
0.872581	trans	0.872581
-0.436033	trans	0.436033
-0.0728438	trans	0.0728438
0.0596927	trans	0.0596927
0.815274	trans	0.815274
0.654456	trans	0.654456
0.056657	trans	0.056657
-0.0462317	trans	0.0462317
0.0408577	trans	0.0408577
0.0401155	trans	0.0401155
0.0422607	trans	0.0422607
0.0444339	trans	0.0444339
-0.0622354	trans	0.0622354
0.144103	trans	0.144103
0.603918	trans	0.603918
0.0375777	trans	0.0375777
-0.0422108	trans	0.0422108
-0.0584249	trans	0.0584249
-0.0508717	trans	0.0508717
-0.0483244	trans	0.0483244
-0.0417027	trans	0.0417027
0.120911	trans	0.120911
0.0697036	trans	0.0697036
0.0502765	trans	0.0502765
0.0789954	trans	0.0789954
-0.0521974	trans	0.0521974
0.0459399	trans	0.0459399
-0.100123	trans	0.100123
0.0517059	trans	0.0517059
0.0643751	trans	0.0643751
0.049	trans	0.049
-0.202894	trans	0.202894
0.0512503	trans	0.0512503
-0.0420374	trans	0.0420374
0.0447293	trans	0.0447293
-0.071954	trans	0.071954
0.103572	trans	0.103572
0.0670217	trans	0.0670217
0.0678351	trans	0.0678351
-0.0511027	trans	0.0511027
0.0957342	trans	0.0957342
0.0485465	trans	0.0485465
0.0838657	trans	0.0838657
-0.0650792	trans	0.0650792
-0.113485	trans	0.113485
0.0460622	trans	0.0460622
0.0529797	trans	0.0529797
-0.119029	trans	0.119029
-0.239823	trans	0.239823
0.046214	trans	0.046214
-0.128715	trans	0.128715
-0.0593751	trans	0.0593751
-0.0777179	trans	0.0777179
0.0699653	trans	0.0699653
-0.0664951	trans	0.0664951
-0.0540402	trans	0.0540402
0.0430225	trans	0.0430225
0.0605774	trans	0.0605774
-0.0511609	trans	0.0511609
-0.0458714	trans	0.0458714
0.209935	trans	0.209935
-0.0998733	trans	0.0998733
0.341788	trans	0.341788
0.0671299	trans	0.0671299
0.0725155	trans	0.0725155
0.951224	trans	0.951224
0.711806	trans	0.711806
-0.0505213	trans	0.0505213
-0.0682711	trans	0.0682711
0.044725	trans	0.044725
0.0638184	trans	0.0638184
-0.0728866	trans	0.0728866
-0.0620941	trans	0.0620941
-0.149354	trans	0.149354
-0.123752	trans	0.123752
0.0768235	trans	0.0768235
0.104928	trans	0.104928
-0.0781461	trans	0.0781461
-0.0566987	trans	0.0566987
0.0840301	trans	0.0840301
0.0474076	trans	0.0474076
0.0765093	trans	0.0765093
0.080637	trans	0.080637
0.0559991	trans	0.0559991
0.0715368	trans	0.0715368
0.049092	trans	0.049092
0.0483239	trans	0.0483239
-0.0998364	trans	0.0998364
0.115903	trans	0.115903
-0.153045	trans	0.153045
-0.0420648	trans	0.0420648
-0.0540647	trans	0.0540647
1.23983	trans	1.23983
0.0839329	trans	0.0839329
-0.0412568	trans	0.0412568
-0.0661926	trans	0.0661926
0.104461	trans	0.104461
0.0655698	trans	0.0655698
0.05536	trans	0.05536
0.093606	trans	0.093606
0.0484429	trans	0.0484429
-0.110089	trans	0.110089
-0.0699912	trans	0.0699912
0.0494094	trans	0.0494094
-0.0570663	trans	0.0570663
0.344414	trans	0.344414
-0.0647494	trans	0.0647494
0.0836012	trans	0.0836012
0.0484006	trans	0.0484006
0.0530061	trans	0.0530061
-0.0413376	trans	0.0413376
0.0790711	trans	0.0790711
-0.0440634	trans	0.0440634
0.067605	trans	0.067605
0.173655	trans	0.173655
0.0408105	trans	0.0408105
-0.0573085	trans	0.0573085
-0.0790534	trans	0.0790534
0.225045	trans	0.225045
0.161736	trans	0.161736
0.0512428	trans	0.0512428
-0.0357541	trans	0.0357541
0.0487622	trans	0.0487622
-0.039288	trans	0.039288
0.0529824	trans	0.0529824
-0.0638938	trans	0.0638938
-0.0879222	trans	0.0879222
0.408551	trans	0.408551
0.0666781	trans	0.0666781
0.130091	trans	0.130091
0.0404274	trans	0.0404274
0.0687801	trans	0.0687801
-0.0465765	trans	0.0465765
-0.0395472	trans	0.0395472
-0.0711936	trans	0.0711936
0.179451	trans	0.179451
-0.0527361	trans	0.0527361
-0.0505445	trans	0.0505445
-0.0488038	trans	0.0488038
0.0924569	trans	0.0924569
0.0469265	trans	0.0469265
0.0520416	trans	0.0520416
0.108949	trans	0.108949
0.0537539	trans	0.0537539
-0.115972	trans	0.115972
-0.062599	trans	0.062599
0.0617505	trans	0.0617505
0.106578	trans	0.106578
-0.0827621	trans	0.0827621
0.075957	trans	0.075957
-0.0525818	trans	0.0525818
-0.102216	trans	0.102216
-0.0952934	trans	0.0952934
-0.0655604	trans	0.0655604
0.138954	trans	0.138954
1.29963	trans	1.29963
0.0609958	trans	0.0609958
0.0490627	trans	0.0490627
-0.056528	trans	0.056528
0.0568798	trans	0.0568798
0.104625	trans	0.104625
0.115024	trans	0.115024
0.0619157	trans	0.0619157
0.208732	trans	0.208732
0.050351	trans	0.050351
0.0524605	trans	0.0524605
0.0657783	trans	0.0657783
-0.44195	trans	0.44195
-0.0714899	trans	0.0714899
-0.0415617	trans	0.0415617
0.796565	trans	0.796565
-0.0557076	trans	0.0557076
-1.33098	trans	1.33098
0.1034	trans	0.1034
0.103942	trans	0.103942
0.12604	trans	0.12604
0.140112	trans	0.140112
0.0637824	trans	0.0637824
0.0471022	trans	0.0471022
0.0885167	trans	0.0885167
-0.0555913	trans	0.0555913
0.0453329	trans	0.0453329
0.0518259	trans	0.0518259
-0.0641306	trans	0.0641306
-0.324063	trans	0.324063
-0.0728694	trans	0.0728694
-0.0466757	trans	0.0466757
0.178921	trans	0.178921
0.957947	trans	0.957947
-0.0461233	trans	0.0461233
-1.30753	trans	1.30753
0.0548701	trans	0.0548701
-0.0578846	trans	0.0578846
-0.0450649	trans	0.0450649
0.140542	trans	0.140542
-0.0445844	trans	0.0445844
-0.0411658	trans	0.0411658
0.0677597	trans	0.0677597
0.0741561	trans	0.0741561
-0.099908	trans	0.099908
0.286182	trans	0.286182
-0.0610265	trans	0.0610265
-0.0442051	trans	0.0442051
-0.0459112	trans	0.0459112
0.135414	trans	0.135414
-0.0414633	trans	0.0414633
0.755265	trans	0.755265
0.0736203	trans	0.0736203
0.0385059	trans	0.0385059
0.0790279	trans	0.0790279
0.556226	trans	0.556226
-0.0422622	trans	0.0422622
-0.0548815	trans	0.0548815
-0.0608486	trans	0.0608486
-0.0418124	trans	0.0418124
-0.0473841	trans	0.0473841
0.0469272	trans	0.0469272
0.706633	trans	0.706633
0.123435	trans	0.123435
0.0452113	trans	0.0452113
-0.0895883	trans	0.0895883
-0.135594	trans	0.135594
0.079018	trans	0.079018
0.0629852	trans	0.0629852
0.0775179	trans	0.0775179
-0.0928839	trans	0.0928839
0.488584	trans	0.488584
-0.105698	trans	0.105698
0.0449219	trans	0.0449219
0.213298	trans	0.213298
0.0452138	trans	0.0452138
-0.136403	trans	0.136403
-0.0554592	trans	0.0554592
-0.0546442	trans	0.0546442
0.0596421	trans	0.0596421
0.04337	trans	0.04337
0.295984	trans	0.295984
-0.483443	trans	0.483443
-0.728325	trans	0.728325
-0.772029	trans	0.772029
0.0790465	trans	0.0790465
0.0558524	trans	0.0558524
-0.482128	trans	0.482128
0.0412859	trans	0.0412859
0.0889859	trans	0.0889859
-0.0944258	trans	0.0944258
-0.0698797	trans	0.0698797
-0.0612849	trans	0.0612849
-0.0669598	trans	0.0669598
0.28577	trans	0.28577
0.159494	trans	0.159494
-0.135396	trans	0.135396
-0.0911185	trans	0.0911185
-0.0404933	trans	0.0404933
-0.0246369	trans	0.0246369
0.0240475	trans	0.0240475
0.0481308	trans	0.0481308
-0.0523324	trans	0.0523324
-0.0443434	trans	0.0443434
-0.0255704	trans	0.0255704
0.0215584	trans	0.0215584
0.596569	trans	0.596569
0.0465088	trans	0.0465088
0.0788769	trans	0.0788769
-0.441833	trans	0.441833
0.221754	trans	0.221754
0.722373	trans	0.722373
0.0819223	trans	0.0819223
-0.0539289	trans	0.0539289
-0.170728	trans	0.170728
0.0503479	trans	0.0503479
-0.0602499	trans	0.0602499
0.055	trans	0.055
0.151214	trans	0.151214
-0.0496912	trans	0.0496912
0.0600659	trans	0.0600659
0.0515733	trans	0.0515733
0.0581845	trans	0.0581845
0.0615542	trans	0.0615542
-0.103084	trans	0.103084
0.467305	trans	0.467305
0.0604563	trans	0.0604563
-0.196671	trans	0.196671
-0.0694783	trans	0.0694783
-0.0926496	trans	0.0926496
0.0857014	trans	0.0857014
0.0746104	trans	0.0746104
0.0698766	trans	0.0698766
-0.182212	trans	0.182212
-0.138979	trans	0.138979
-0.0620431	trans	0.0620431
-0.0464887	trans	0.0464887
0.0669524	trans	0.0669524
-0.0721221	trans	0.0721221
0.0904231	trans	0.0904231
-0.0540806	trans	0.0540806
0.0847124	trans	0.0847124
0.045476	trans	0.045476
0.206631	trans	0.206631
0.0363102	trans	0.0363102
0.0381172	trans	0.0381172
-0.0582643	trans	0.0582643
-0.0426806	trans	0.0426806
0.0856493	trans	0.0856493
-0.0427005	trans	0.0427005
0.0417725	trans	0.0417725
-0.0607811	trans	0.0607811
-0.0649809	trans	0.0649809
0.0709302	trans	0.0709302
0.0529551	trans	0.0529551
-0.0540006	trans	0.0540006
0.0411327	trans	0.0411327
-0.0546019	trans	0.0546019
0.0482821	trans	0.0482821
0.0666964	trans	0.0666964
-0.0501402	trans	0.0501402
0.145749	trans	0.145749
-0.0572792	trans	0.0572792
-0.0611074	trans	0.0611074
-0.0634885	trans	0.0634885
0.0522515	trans	0.0522515
0.0755833	trans	0.0755833
0.388814	trans	0.388814
0.0450587	trans	0.0450587
0.0611654	trans	0.0611654
0.0687979	trans	0.0687979
0.0612518	trans	0.0612518
-0.0469393	trans	0.0469393
-0.0700481	trans	0.0700481
-0.0501573	trans	0.0501573
0.0725853	trans	0.0725853
-0.0527134	trans	0.0527134
0.0706906	trans	0.0706906
0.0703696	trans	0.0703696
-0.0610749	trans	0.0610749
0.0470517	trans	0.0470517
0.0440679	trans	0.0440679
-0.0929334	trans	0.0929334
0.0536472	trans	0.0536472
-0.135234	trans	0.135234
-0.0606921	trans	0.0606921
0.239517	trans	0.239517
1.1084	trans	1.1084
0.0931942	trans	0.0931942
-0.0574149	trans	0.0574149
0.0368066	trans	0.0368066
-0.113396	trans	0.113396
-0.0514709	trans	0.0514709
-0.0869128	trans	0.0869128
-0.0836741	trans	0.0836741
0.14874	trans	0.14874
0.0891916	trans	0.0891916
0.129767	trans	0.129767
-0.0425748	trans	0.0425748
0.0478349	trans	0.0478349
-0.0859396	trans	0.0859396
0.0657831	trans	0.0657831
0.137885	trans	0.137885
-0.0397627	trans	0.0397627
0.0603929	trans	0.0603929
0.0731067	trans	0.0731067
0.0416757	trans	0.0416757
-0.0624484	trans	0.0624484
1.00919	trans	1.00919
-0.0755246	trans	0.0755246
0.0560158	trans	0.0560158
-0.0425601	trans	0.0425601
-0.0429429	trans	0.0429429
-0.174013	trans	0.174013
0.112568	trans	0.112568
0.0622039	trans	0.0622039
-0.0614743	trans	0.0614743
-0.0540431	trans	0.0540431
-0.0570742	trans	0.0570742
0.0409473	trans	0.0409473
-0.0912732	trans	0.0912732
-0.447272	trans	0.447272
0.046831	trans	0.046831
-0.101887	trans	0.101887
1.2239	trans	1.2239
0.0444906	trans	0.0444906
0.0467567	trans	0.0467567
0.0801502	trans	0.0801502
-0.0626774	trans	0.0626774
0.0493824	trans	0.0493824
-0.0573562	trans	0.0573562
0.059293	trans	0.059293
0.0504488	trans	0.0504488
0.425146	trans	0.425146
0.0563057	trans	0.0563057
-0.0481492	trans	0.0481492
0.0754145	trans	0.0754145
-0.0726974	trans	0.0726974
0.0535953	trans	0.0535953
-0.0625257	trans	0.0625257
-0.0765188	trans	0.0765188
0.0579178	trans	0.0579178
-0.0747262	trans	0.0747262
0.0466802	trans	0.0466802
0.0588737	trans	0.0588737
-0.0724792	trans	0.0724792
0.201124	trans	0.201124
-0.0999411	trans	0.0999411
0.0923436	trans	0.0923436
0.0606155	trans	0.0606155
-0.0564413	trans	0.0564413
0.0840112	trans	0.0840112
0.0502554	trans	0.0502554
-0.0887546	trans	0.0887546
-0.0507236	trans	0.0507236
-0.0489257	trans	0.0489257
-0.0612117	trans	0.0612117
-0.0474824	trans	0.0474824
-0.0479048	trans	0.0479048
0.100308	trans	0.100308
-0.0468967	trans	0.0468967
0.170477	trans	0.170477
-0.0546252	trans	0.0546252
0.574471	trans	0.574471
-0.052356	trans	0.052356
-0.0468702	trans	0.0468702
0.060909	trans	0.060909
0.0483094	trans	0.0483094
-0.0812616	trans	0.0812616
-0.0586659	trans	0.0586659
0.138695	trans	0.138695
-0.331841	trans	0.331841
0.050141	trans	0.050141
-0.0502903	trans	0.0502903
-0.0560982	trans	0.0560982
0.120887	trans	0.120887
-0.0912563	trans	0.0912563
-0.0585357	trans	0.0585357
0.097011	trans	0.097011
-0.0692004	trans	0.0692004
0.0545259	trans	0.0545259
-0.0697586	trans	0.0697586
0.065556	trans	0.065556
-0.0763539	trans	0.0763539
0.0547527	trans	0.0547527
0.0533121	trans	0.0533121
-0.148491	trans	0.148491
0.127598	trans	0.127598
0.0425619	trans	0.0425619
-0.0454997	trans	0.0454997
-0.116517	trans	0.116517
0.0674695	trans	0.0674695
-0.0492456	trans	0.0492456
-0.113974	trans	0.113974
-0.0632549	trans	0.0632549
0.128455	trans	0.128455
-0.0639359	trans	0.0639359
-0.0459307	trans	0.0459307
-0.163301	trans	0.163301
0.0498919	trans	0.0498919
0.089311	trans	0.089311
0.0543833	trans	0.0543833
-0.0443721	trans	0.0443721
0.0462749	trans	0.0462749
0.0877197	trans	0.0877197
0.21781	trans	0.21781
0.363736	trans	0.363736
0.132441	trans	0.132441
-0.098671	trans	0.098671
0.0508616	trans	0.0508616
0.0874676	trans	0.0874676
-0.0450007	trans	0.0450007
0.0453892	trans	0.0453892
-0.0473768	trans	0.0473768
-0.117095	trans	0.117095
0.0915002	trans	0.0915002
-0.0446093	trans	0.0446093
0.0582748	trans	0.0582748
0.0400404	trans	0.0400404
0.0476263	trans	0.0476263
-0.0705695	trans	0.0705695
-0.0449479	trans	0.0449479
-0.0401653	trans	0.0401653
0.0376889	trans	0.0376889
0.0390506	trans	0.0390506
-0.0346056	trans	0.0346056
0.0459754	trans	0.0459754
-0.0451874	trans	0.0451874
-0.106568	trans	0.106568
-0.0352945	trans	0.0352945
0.112823	trans	0.112823
-0.0340222	trans	0.0340222
0.0425104	trans	0.0425104
0.487083	trans	0.487083
-0.0771698	trans	0.0771698
-0.054428	trans	0.054428
0.102447	trans	0.102447
-0.0358439	trans	0.0358439
-0.0360318	trans	0.0360318
-0.308647	trans	0.308647
0.0615247	trans	0.0615247
0.243887	trans	0.243887
-0.0528261	trans	0.0528261
0.0456911	trans	0.0456911
-0.0903193	trans	0.0903193
0.172667	trans	0.172667
-0.157751	trans	0.157751
-0.0514943	trans	0.0514943
-0.0558024	trans	0.0558024
-0.0974622	trans	0.0974622
0.208391	trans	0.208391
0.212688	trans	0.212688
0.0595937	trans	0.0595937
0.436517	trans	0.436517
-0.059445	trans	0.059445
-0.0847248	trans	0.0847248
0.0456184	trans	0.0456184
0.17435	trans	0.17435
-0.130259	trans	0.130259
-0.12483	trans	0.12483
0.127276	trans	0.127276
0.408285	trans	0.408285
-0.044295	trans	0.044295
-0.0454685	trans	0.0454685
-0.181148	trans	0.181148
0.103022	trans	0.103022
0.333954	trans	0.333954
0.0485205	trans	0.0485205
-0.22057	trans	0.22057
-0.0601245	trans	0.0601245
0.0448388	trans	0.0448388
-0.104649	trans	0.104649
-0.0828698	trans	0.0828698
0.046171	trans	0.046171
-0.0481826	trans	0.0481826
-0.0584005	trans	0.0584005
0.0457914	trans	0.0457914
-0.0569179	trans	0.0569179
-0.241012	trans	0.241012
-0.0573836	trans	0.0573836
0.0533632	trans	0.0533632
-0.0642782	trans	0.0642782
0.241624	trans	0.241624
0.155914	trans	0.155914
-0.0588037	trans	0.0588037
0.0687806	trans	0.0687806
0.756446	trans	0.756446
-0.0572284	trans	0.0572284
0.0509175	trans	0.0509175
0.0464432	trans	0.0464432
0.0569885	trans	0.0569885
0.0606893	trans	0.0606893
-0.0582073	trans	0.0582073
0.0415993	trans	0.0415993
-0.128794	trans	0.128794
-0.127917	trans	0.127917
0.075705	trans	0.075705
-0.0500838	trans	0.0500838
-0.0437485	trans	0.0437485
-0.0527971	trans	0.0527971
0.0509699	trans	0.0509699
0.0479315	trans	0.0479315
-0.0831027	trans	0.0831027
-0.0649616	trans	0.0649616
0.0519238	trans	0.0519238
-0.117907	trans	0.117907
-0.116265	trans	0.116265
-0.0387358	trans	0.0387358
0.174274	trans	0.174274
1.01202	trans	1.01202
-0.055525	trans	0.055525
0.0431078	trans	0.0431078
0.0662924	trans	0.0662924
0.116672	trans	0.116672
-0.0581934	trans	0.0581934
-0.0512925	trans	0.0512925
0.0494235	trans	0.0494235
0.0915053	trans	0.0915053
0.0613894	trans	0.0613894
0.0466957	trans	0.0466957
0.114791	trans	0.114791
0.0904707	trans	0.0904707
0.0520139	trans	0.0520139
-0.110949	trans	0.110949
-0.0618912	trans	0.0618912
0.332392	trans	0.332392
-0.048198	trans	0.048198
-0.048515	trans	0.048515
0.433343	trans	0.433343
0.0456868	trans	0.0456868
0.310555	trans	0.310555
0.0425407	trans	0.0425407
-0.0497199	trans	0.0497199
0.0857031	trans	0.0857031
0.0511708	trans	0.0511708
0.120692	trans	0.120692
0.0691376	trans	0.0691376
-0.0740172	trans	0.0740172
0.0664806	trans	0.0664806
0.0455738	trans	0.0455738
0.0424013	trans	0.0424013
0.0765664	trans	0.0765664
0.0514445	trans	0.0514445
0.0517924	trans	0.0517924
-0.0848384	trans	0.0848384
-0.0700688	trans	0.0700688
0.214556	trans	0.214556
-0.0927543	trans	0.0927543
0.0604266	trans	0.0604266
-0.300195	trans	0.300195
-0.324149	trans	0.324149
-0.0849885	trans	0.0849885
-0.0723309	trans	0.0723309
0.132076	trans	0.132076
-0.0437589	trans	0.0437589
0.0511046	trans	0.0511046
0.0569776	trans	0.0569776
-0.0967137	trans	0.0967137
-0.0411183	trans	0.0411183
0.0547116	trans	0.0547116
-0.271533	trans	0.271533
-0.129167	trans	0.129167
0.520482	trans	0.520482
-0.284902	trans	0.284902
1.16511	trans	1.16511
-0.0617786	trans	0.0617786
0.458815	trans	0.458815
-0.0495941	trans	0.0495941
0.0937406	trans	0.0937406
-0.0421306	trans	0.0421306
-0.0612439	trans	0.0612439
-0.0604984	trans	0.0604984
0.048314	trans	0.048314
0.0433487	trans	0.0433487
0.175085	trans	0.175085
0.0630228	trans	0.0630228
-0.0438133	trans	0.0438133
-0.0962943	trans	0.0962943
-0.0481121	trans	0.0481121
-0.0745289	trans	0.0745289
0.128142	trans	0.128142
-0.0417936	trans	0.0417936
0.0529676	trans	0.0529676
0.0427059	trans	0.0427059
0.0452554	trans	0.0452554
0.0488883	trans	0.0488883
-0.107646	trans	0.107646
-0.0618074	trans	0.0618074
0.0498897	trans	0.0498897
0.0537819	trans	0.0537819
0.108935	trans	0.108935
0.147623	trans	0.147623
-0.0707163	trans	0.0707163
0.147911	trans	0.147911
0.0627809	trans	0.0627809
0.0561922	trans	0.0561922
0.0678222	trans	0.0678222
0.0452327	trans	0.0452327
0.0453418	trans	0.0453418
0.0588281	trans	0.0588281
0.0450457	trans	0.0450457
-0.0564895	trans	0.0564895
0.0480467	trans	0.0480467
0.0476778	trans	0.0476778
0.0695198	trans	0.0695198
0.0420331	trans	0.0420331
-0.0447229	trans	0.0447229
-0.0815918	trans	0.0815918
-0.0624287	trans	0.0624287
0.0421691	trans	0.0421691
0.052186	trans	0.052186
-0.121683	trans	0.121683
0.0607729	trans	0.0607729
-0.0430867	trans	0.0430867
0.0373198	trans	0.0373198
0.0677921	trans	0.0677921
0.558436	trans	0.558436
0.0591461	trans	0.0591461
0.0596616	trans	0.0596616
-0.037181	trans	0.037181
-0.0464158	trans	0.0464158
0.0546438	trans	0.0546438
0.0354847	trans	0.0354847
0.0367673	trans	0.0367673
-0.108644	trans	0.108644
0.0567878	trans	0.0567878
0.0714999	trans	0.0714999
-0.0900179	trans	0.0900179
0.145728	trans	0.145728
-0.064257	trans	0.064257
-0.0685666	trans	0.0685666
-0.116987	trans	0.116987
0.749919	trans	0.749919
-0.0515135	trans	0.0515135
-0.454962	trans	0.454962
0.0384567	trans	0.0384567
-0.0361621	trans	0.0361621
0.0566756	trans	0.0566756
-0.0419391	trans	0.0419391
-0.0384306	trans	0.0384306
-0.0510057	trans	0.0510057
0.577185	trans	0.577185
-0.0421759	trans	0.0421759
0.156914	trans	0.156914
0.0432336	trans	0.0432336
-0.375777	trans	0.375777
0.11502	trans	0.11502
0.0671545	trans	0.0671545
-0.0597023	trans	0.0597023
-0.34167	trans	0.34167
0.0570228	trans	0.0570228
0.0562558	trans	0.0562558
0.429129	trans	0.429129
0.164364	trans	0.164364
0.0612012	trans	0.0612012
-0.415737	trans	0.415737
0.0965157	trans	0.0965157
-0.0446444	trans	0.0446444
0.0597402	trans	0.0597402
0.0566718	trans	0.0566718
0.039254	trans	0.039254
-0.0476094	trans	0.0476094
0.110836	trans	0.110836
-0.173892	trans	0.173892
0.0740693	trans	0.0740693
-0.0541858	trans	0.0541858
0.048357	trans	0.048357
0.0542934	trans	0.0542934
0.103449	trans	0.103449
0.0444671	trans	0.0444671
-0.045433	trans	0.045433
-0.0619318	trans	0.0619318
0.303616	trans	0.303616
-0.136551	trans	0.136551
0.044316	trans	0.044316
0.0849749	trans	0.0849749
0.130357	trans	0.130357
0.0403806	trans	0.0403806
0.0774413	trans	0.0774413
-0.0384735	trans	0.0384735
0.0606315	trans	0.0606315
0.134488	trans	0.134488
0.0550029	trans	0.0550029
-0.0871609	trans	0.0871609
0.0828492	trans	0.0828492
-0.0553482	trans	0.0553482
0.0646528	trans	0.0646528
0.092081	trans	0.092081
0.0580524	trans	0.0580524
0.108558	trans	0.108558
0.0541951	trans	0.0541951
-0.0711896	trans	0.0711896
-0.0535577	trans	0.0535577
1.1734	trans	1.1734
0.0392822	trans	0.0392822
-0.0392801	trans	0.0392801
0.0391626	trans	0.0391626
0.283462	trans	0.283462
-0.0426126	trans	0.0426126
0.537985	trans	0.537985
0.045398	trans	0.045398
1.02966	trans	1.02966
-0.0501916	trans	0.0501916
0.0473679	trans	0.0473679
0.0677808	trans	0.0677808
0.0893813	trans	0.0893813
-0.0590801	trans	0.0590801
0.0709176	trans	0.0709176
0.564955	trans	0.564955
0.0489746	trans	0.0489746
0.0502429	trans	0.0502429
0.171567	trans	0.171567
0.0675548	trans	0.0675548
0.112142	trans	0.112142
-0.0479254	trans	0.0479254
0.292542	trans	0.292542
0.0509718	trans	0.0509718
-0.134204	trans	0.134204
0.0493621	trans	0.0493621
0.0552194	trans	0.0552194
0.0442418	trans	0.0442418
-0.0407912	trans	0.0407912
-0.0949206	trans	0.0949206
-0.0959011	trans	0.0959011
0.0477531	trans	0.0477531
0.173847	trans	0.173847
0.0863727	trans	0.0863727
0.0672498	trans	0.0672498
-0.0425626	trans	0.0425626
-0.0437745	trans	0.0437745
-0.0691254	trans	0.0691254
-0.0488826	trans	0.0488826
0.261067	trans	0.261067
0.290587	trans	0.290587
0.0439333	trans	0.0439333
0.0424591	trans	0.0424591
-0.0766691	trans	0.0766691
0.0707535	trans	0.0707535
0.0444038	trans	0.0444038
0.0571544	trans	0.0571544
0.0520615	trans	0.0520615
0.233541	trans	0.233541
0.268058	trans	0.268058
-0.0858957	trans	0.0858957
0.084015	trans	0.084015
0.0477167	trans	0.0477167
0.0475161	trans	0.0475161
0.0882707	trans	0.0882707
-0.0475895	trans	0.0475895
-0.0798737	trans	0.0798737
0.0446174	trans	0.0446174
-0.359603	trans	0.359603
0.0457621	trans	0.0457621
-0.0538546	trans	0.0538546
0.0580831	trans	0.0580831
-0.0611551	trans	0.0611551
0.0420679	trans	0.0420679
-0.0867105	trans	0.0867105
0.064362	trans	0.064362
0.112596	trans	0.112596
0.0515477	trans	0.0515477
-0.0457011	trans	0.0457011
-0.0719498	trans	0.0719498
0.0524996	trans	0.0524996
-0.0450784	trans	0.0450784
0.0580212	trans	0.0580212
0.0813435	trans	0.0813435
0.0523233	trans	0.0523233
0.0508749	trans	0.0508749
0.213872	trans	0.213872
0.614395	trans	0.614395
-0.109166	trans	0.109166
-0.112557	trans	0.112557
0.291145	trans	0.291145
0.319496	trans	0.319496
0.520155	trans	0.520155
-0.0408135	trans	0.0408135
-0.0387392	trans	0.0387392
-0.0378373	trans	0.0378373
0.0677738	trans	0.0677738
-0.0666696	trans	0.0666696
0.0755904	trans	0.0755904
0.0521474	trans	0.0521474
-0.0530789	trans	0.0530789
-0.0432622	trans	0.0432622
0.0370436	trans	0.0370436
-0.0525231	trans	0.0525231
-0.253086	trans	0.253086
-0.0573437	trans	0.0573437
-0.049946	trans	0.049946
-0.0376836	trans	0.0376836
-0.83834	trans	0.83834
-0.436861	trans	0.436861
-0.355326	trans	0.355326
0.0541396	trans	0.0541396
0.0409435	trans	0.0409435
-0.0396755	trans	0.0396755
-0.177765	trans	0.177765
0.0523636	trans	0.0523636
0.0755805	trans	0.0755805
-0.0445512	trans	0.0445512
-0.165807	trans	0.165807
-0.0402605	trans	0.0402605
0.0872488	trans	0.0872488
0.0473682	trans	0.0473682
-0.0592251	trans	0.0592251
0.0409042	trans	0.0409042
0.0408071	trans	0.0408071
-0.0474664	trans	0.0474664
0.0792588	trans	0.0792588
0.0458354	trans	0.0458354
0.109141	trans	0.109141
-0.225213	trans	0.225213
-0.0413338	trans	0.0413338
0.0479339	trans	0.0479339
0.067514	trans	0.067514
-0.0856241	trans	0.0856241
-0.126209	trans	0.126209
0.0567125	trans	0.0567125
0.193707	trans	0.193707
-0.0912491	trans	0.0912491
0.0811172	trans	0.0811172
-0.0863356	trans	0.0863356
-0.139562	trans	0.139562
0.0528194	trans	0.0528194
0.138896	trans	0.138896
0.0692193	trans	0.0692193
-0.22277	trans	0.22277
0.0495273	trans	0.0495273
-0.05177	trans	0.05177
0.0627549	trans	0.0627549
0.0635134	trans	0.0635134
0.114313	trans	0.114313
0.0435627	trans	0.0435627
-0.216056	trans	0.216056
0.327177	trans	0.327177
0.0560729	trans	0.0560729
-0.157344	trans	0.157344
-0.317459	trans	0.317459
0.218477	trans	0.218477
-0.293928	trans	0.293928
-0.571145	trans	0.571145
-0.467326	trans	0.467326
-0.594767	trans	0.594767
-0.555295	trans	0.555295
0.483416	trans	0.483416
0.511841	trans	0.511841
-0.0393456	trans	0.0393456
0.494746	trans	0.494746
-0.254447	trans	0.254447
-0.579426	trans	0.579426
0.241716	trans	0.241716
0.513639	trans	0.513639
0.615362	trans	0.615362
0.477701	trans	0.477701
0.633608	trans	0.633608
0.616371	trans	0.616371
0.184389	trans	0.184389
0.171176	trans	0.171176
0.148468	trans	0.148468
0.171443	trans	0.171443
-0.0480751	trans	0.0480751
0.0395178	trans	0.0395178
0.0718522	trans	0.0718522
0.0390891	trans	0.0390891
0.0485718	trans	0.0485718
0.0508564	trans	0.0508564
-0.0448083	trans	0.0448083
0.047278	trans	0.047278
-0.0466805	trans	0.0466805
-0.0474912	trans	0.0474912
-0.094732	trans	0.094732
-0.0680879	trans	0.0680879
-0.217932	trans	0.217932
0.0677031	trans	0.0677031
-0.053057	trans	0.053057
0.404722	trans	0.404722
-0.0989309	trans	0.0989309
0.0727288	trans	0.0727288
0.124881	trans	0.124881
0.303988	trans	0.303988
-0.0524247	trans	0.0524247
0.102725	trans	0.102725
-0.0661988	trans	0.0661988
0.0548121	trans	0.0548121
0.109088	trans	0.109088
-0.0644832	trans	0.0644832
0.0556183	trans	0.0556183
-0.0432045	trans	0.0432045
0.0946767	trans	0.0946767
0.048469	trans	0.048469
0.0640252	trans	0.0640252
0.181018	trans	0.181018
-0.046974	trans	0.046974
-0.048058	trans	0.048058
0.0784303	trans	0.0784303
-0.0572894	trans	0.0572894
0.138618	trans	0.138618
-0.0537302	trans	0.0537302
-0.073982	trans	0.073982
0.0925317	trans	0.0925317
-0.135019	trans	0.135019
0.661159	trans	0.661159
-0.076084	trans	0.076084
-0.0581642	trans	0.0581642
0.513793	trans	0.513793
0.0548659	trans	0.0548659
-0.0544293	trans	0.0544293
0.106066	trans	0.106066
0.0433302	trans	0.0433302
0.488736	trans	0.488736
-0.0522752	trans	0.0522752
0.0955897	trans	0.0955897
0.057423	trans	0.057423
0.0811966	trans	0.0811966
-0.0718463	trans	0.0718463
0.0680344	trans	0.0680344
0.044453	trans	0.044453
0.0452706	trans	0.0452706
0.0418272	trans	0.0418272
-0.0599786	trans	0.0599786
0.194795	trans	0.194795
0.046304	trans	0.046304
0.0545329	trans	0.0545329
-0.0468973	trans	0.0468973
0.15496	trans	0.15496
-0.0486574	trans	0.0486574
-0.101493	trans	0.101493
-0.238352	trans	0.238352
0.192402	trans	0.192402
-0.0411853	trans	0.0411853
0.107618	trans	0.107618
0.229327	trans	0.229327
-0.0596052	trans	0.0596052
0.0512594	trans	0.0512594
-0.0801099	trans	0.0801099
-0.197255	trans	0.197255
0.0692171	trans	0.0692171
-0.0429842	trans	0.0429842
-0.0529427	trans	0.0529427
-0.17139	trans	0.17139
-0.0540951	trans	0.0540951
-0.0464307	trans	0.0464307
-0.0540357	trans	0.0540357
-0.0488621	trans	0.0488621
-0.0658785	trans	0.0658785
-0.050672	trans	0.050672
-0.0489599	trans	0.0489599
-0.101518	trans	0.101518
0.0661896	trans	0.0661896
0.237749	trans	0.237749
-0.0568889	trans	0.0568889
-0.059683	trans	0.059683
-0.0436754	trans	0.0436754
0.0629871	trans	0.0629871
-0.0570603	trans	0.0570603
-0.260878	trans	0.260878
0.0435568	trans	0.0435568
-0.6393	trans	0.6393
-0.128811	trans	0.128811
-0.110986	trans	0.110986
0.0558528	trans	0.0558528
-0.125081	trans	0.125081
-0.0886032	trans	0.0886032
-0.172543	trans	0.172543
0.118274	trans	0.118274
0.0522202	trans	0.0522202
-0.0760654	trans	0.0760654
-0.0966079	trans	0.0966079
-0.0481303	trans	0.0481303
-0.0418521	trans	0.0418521
-0.060288	trans	0.060288
-0.0561721	trans	0.0561721
0.169998	trans	0.169998
-0.0732595	trans	0.0732595
0.0612532	trans	0.0612532
0.475146	trans	0.475146
0.0852654	trans	0.0852654
-0.0438654	trans	0.0438654
0.0543865	trans	0.0543865
-0.0684273	trans	0.0684273
-0.105375	trans	0.105375
-0.0885255	trans	0.0885255
-0.257697	trans	0.257697
-0.101155	trans	0.101155
0.197177	trans	0.197177
0.0418921	trans	0.0418921
-0.0622486	trans	0.0622486
0.0796274	trans	0.0796274
-0.0496674	trans	0.0496674
-1.60695	trans	1.60695
0.073209	trans	0.073209
0.0609367	trans	0.0609367
0.100905	trans	0.100905
0.377653	trans	0.377653
-0.0456053	trans	0.0456053
0.0458868	trans	0.0458868
0.0557516	trans	0.0557516
0.0460338	trans	0.0460338
-0.0432031	trans	0.0432031
-0.0627103	trans	0.0627103
-0.0531984	trans	0.0531984
0.042119	trans	0.042119
-0.0591674	trans	0.0591674
0.0542786	trans	0.0542786
0.115726	trans	0.115726
-0.0598981	trans	0.0598981
0.0575789	trans	0.0575789
0.080011	trans	0.080011
-0.0520629	trans	0.0520629
0.0549929	trans	0.0549929
-0.048482	trans	0.048482
0.0537791	trans	0.0537791
0.129478	trans	0.129478
0.0785302	trans	0.0785302
-0.0946264	trans	0.0946264
-0.119555	trans	0.119555
0.0394107	trans	0.0394107
0.0452891	trans	0.0452891
0.132454	trans	0.132454
0.131323	trans	0.131323
-0.0683022	trans	0.0683022
-0.134862	trans	0.134862
-0.17293	trans	0.17293
-0.0583223	trans	0.0583223
-0.0699738	trans	0.0699738
-0.0549377	trans	0.0549377
0.0387129	trans	0.0387129
0.0611972	trans	0.0611972
-0.217009	trans	0.217009
0.0472382	trans	0.0472382
-0.0572095	trans	0.0572095
0.139279	trans	0.139279
0.184805	trans	0.184805
-0.0998913	trans	0.0998913
-0.0464569	trans	0.0464569
0.0451715	trans	0.0451715
-0.0536508	trans	0.0536508
0.316053	trans	0.316053
0.162398	trans	0.162398
-0.561664	trans	0.561664
0.204516	trans	0.204516
-0.0426891	trans	0.0426891
-0.0506366	trans	0.0506366
-0.122205	trans	0.122205
0.050304	trans	0.050304
0.428371	trans	0.428371
0.60602	trans	0.60602
0.0615921	trans	0.0615921
-0.0584574	trans	0.0584574
-0.148076	trans	0.148076
-0.172881	trans	0.172881
0.0488935	trans	0.0488935
0.0737232	trans	0.0737232
-0.0873371	trans	0.0873371
-0.0436009	trans	0.0436009
-0.0603206	trans	0.0603206
0.219686	trans	0.219686
0.0647639	trans	0.0647639
0.111623	trans	0.111623
0.0752821	trans	0.0752821
-0.0642098	trans	0.0642098
0.0422937	trans	0.0422937
0.0491855	trans	0.0491855
0.0682044	trans	0.0682044
0.0598306	trans	0.0598306
0.0670106	trans	0.0670106
0.130405	trans	0.130405
0.18436	trans	0.18436
-0.0642964	trans	0.0642964
0.0407152	trans	0.0407152
0.294539	trans	0.294539
0.0615191	trans	0.0615191
0.181985	trans	0.181985
0.0565639	trans	0.0565639
-0.042187	trans	0.042187
-0.0478026	trans	0.0478026
0.064903	trans	0.064903
0.0562641	trans	0.0562641
0.125065	trans	0.125065
-0.0754299	trans	0.0754299
-0.043272	trans	0.043272
0.0613831	trans	0.0613831
-0.0557061	trans	0.0557061
-0.100701	trans	0.100701
0.113008	trans	0.113008
0.0429941	trans	0.0429941
0.0689308	trans	0.0689308
0.0418286	trans	0.0418286
-0.0672314	trans	0.0672314
-0.0261107	trans	0.0261107
-0.664662	trans	0.664662
-0.454777	trans	0.454777
-0.500957	trans	0.500957
0.641286	trans	0.641286
0.0518005	trans	0.0518005
0.037081	trans	0.037081
0.144827	trans	0.144827
-0.0405927	trans	0.0405927
-0.474858	trans	0.474858
-0.0338	trans	0.0338
0.126547	trans	0.126547
-0.0647078	trans	0.0647078
0.15532	trans	0.15532
-0.064768	trans	0.064768
0.258421	trans	0.258421
0.0586263	trans	0.0586263
-0.429439	trans	0.429439
0.0387095	trans	0.0387095
0.0482467	trans	0.0482467
-0.0571224	trans	0.0571224
-0.0626496	trans	0.0626496
0.0626152	trans	0.0626152
0.0509984	trans	0.0509984
-0.0840154	trans	0.0840154
0.0579886	trans	0.0579886
-0.135053	trans	0.135053
-0.0969407	trans	0.0969407
0.0437643	trans	0.0437643
-0.0777619	trans	0.0777619
-0.144198	trans	0.144198
-0.0829032	trans	0.0829032
-0.989996	trans	0.989996
-0.530573	trans	0.530573
-0.825094	trans	0.825094
0.0516515	trans	0.0516515
0.126898	trans	0.126898
0.0419498	trans	0.0419498
0.0406401	trans	0.0406401
0.149694	trans	0.149694
-0.494293	trans	0.494293
0.0696923	trans	0.0696923
-0.243675	trans	0.243675
0.0395172	trans	0.0395172
0.0754633	trans	0.0754633
-0.271429	trans	0.271429
-0.86916	trans	0.86916
0.0444315	trans	0.0444315
-0.0436393	trans	0.0436393
0.0793022	trans	0.0793022
-0.0984695	trans	0.0984695
-0.0669547	trans	0.0669547
0.0426401	trans	0.0426401
-0.0609644	trans	0.0609644
0.086991	trans	0.086991
0.106835	trans	0.106835
-0.117108	trans	0.117108
-0.0411945	trans	0.0411945
-0.0455547	trans	0.0455547
-0.0468533	trans	0.0468533
-0.0629998	trans	0.0629998
-0.0928763	trans	0.0928763
0.0952497	trans	0.0952497
-0.0478211	trans	0.0478211
0.123139	trans	0.123139
-0.0568965	trans	0.0568965
-0.0601985	trans	0.0601985
0.0876805	trans	0.0876805
-0.052778	trans	0.052778
-0.160619	trans	0.160619
0.0573237	trans	0.0573237
0.0497602	trans	0.0497602
0.0602596	trans	0.0602596
-0.0755509	trans	0.0755509
-0.0510954	trans	0.0510954
0.0752681	trans	0.0752681
-0.0479246	trans	0.0479246
-0.0739892	trans	0.0739892
-0.0847138	trans	0.0847138
0.044455	trans	0.044455
0.13109	trans	0.13109
-0.0510477	trans	0.0510477
-0.169956	trans	0.169956
-0.0582382	trans	0.0582382
0.0383539	trans	0.0383539
0.0485257	trans	0.0485257
-0.108799	trans	0.108799
-0.053179	trans	0.053179
-0.0668044	trans	0.0668044
0.0419458	trans	0.0419458
0.0372646	trans	0.0372646
-0.0586072	trans	0.0586072
-0.0484915	trans	0.0484915
0.0379538	trans	0.0379538
0.0895267	trans	0.0895267
0.0360871	trans	0.0360871
0.0482931	trans	0.0482931
0.0788906	trans	0.0788906
-0.0475946	trans	0.0475946
0.0523462	trans	0.0523462
-0.0374445	trans	0.0374445
0.048206	trans	0.048206
-0.617888	trans	0.617888
0.116532	trans	0.116532
0.0444062	trans	0.0444062
-0.0958598	trans	0.0958598
0.255981	trans	0.255981
-0.0479326	trans	0.0479326
-0.155208	trans	0.155208
0.716756	trans	0.716756
-0.0476377	trans	0.0476377
0.0504458	trans	0.0504458
0.0465134	trans	0.0465134
0.0446103	trans	0.0446103
0.0531207	trans	0.0531207
0.0670825	trans	0.0670825
-0.0556959	trans	0.0556959
0.0454103	trans	0.0454103
-0.0502579	trans	0.0502579
-0.0512963	trans	0.0512963
-0.0633762	trans	0.0633762
0.048776	trans	0.048776
0.0523496	trans	0.0523496
-0.0413995	trans	0.0413995
0.0770461	trans	0.0770461
0.19427	trans	0.19427
0.591265	trans	0.591265
0.0639719	trans	0.0639719
-0.0482905	trans	0.0482905
0.0498623	trans	0.0498623
0.0495496	trans	0.0495496
0.0726692	trans	0.0726692
0.0817416	trans	0.0817416
0.0760722	trans	0.0760722
-0.0751664	trans	0.0751664
0.215478	trans	0.215478
0.0444189	trans	0.0444189
0.0521859	trans	0.0521859
0.111782	trans	0.111782
-0.0566063	trans	0.0566063
-0.047232	trans	0.047232
0.0543038	trans	0.0543038
0.058136	trans	0.058136
-0.0442524	trans	0.0442524
0.0430872	trans	0.0430872
-0.0542083	trans	0.0542083
0.0522211	trans	0.0522211
0.218066	trans	0.218066
0.134859	trans	0.134859
0.0452604	trans	0.0452604
-0.0896937	trans	0.0896937
-0.0405131	trans	0.0405131
0.0458886	trans	0.0458886
-0.0475182	trans	0.0475182
1.28457	trans	1.28457
-0.0513349	trans	0.0513349
0.134947	trans	0.134947
0.073013	trans	0.073013
0.0494838	trans	0.0494838
0.0630809	trans	0.0630809
0.0455539	trans	0.0455539
-0.067668	trans	0.067668
0.0536462	trans	0.0536462
-0.0507237	trans	0.0507237
0.054844	trans	0.054844
0.0456449	trans	0.0456449
-0.0743185	trans	0.0743185
-0.0510848	trans	0.0510848
-0.0680892	trans	0.0680892
-0.153394	trans	0.153394
0.0604233	trans	0.0604233
0.0429894	trans	0.0429894
-0.0569725	trans	0.0569725
-0.182088	trans	0.182088
-0.0670116	trans	0.0670116
-0.0597146	trans	0.0597146
-0.054411	trans	0.054411
-0.166822	trans	0.166822
-0.0505438	trans	0.0505438
0.141349	trans	0.141349
0.466306	trans	0.466306
-0.0406174	trans	0.0406174
0.0454538	trans	0.0454538
-0.163249	trans	0.163249
-0.0410292	trans	0.0410292
0.0682433	trans	0.0682433
-0.540493	trans	0.540493
-0.530567	trans	0.530567
-0.117962	trans	0.117962
-0.889421	trans	0.889421
0.434081	trans	0.434081
-0.518147	trans	0.518147
0.19613	trans	0.19613
0.123602	trans	0.123602
-0.052706	trans	0.052706
0.0395211	trans	0.0395211
-0.0862165	trans	0.0862165
-0.0557688	trans	0.0557688
0.121678	trans	0.121678
0.0591827	trans	0.0591827
0.0858643	trans	0.0858643
-0.240763	trans	0.240763
-0.0634723	trans	0.0634723
-0.0415191	trans	0.0415191
0.0482414	trans	0.0482414
-0.0703509	trans	0.0703509
0.850383	trans	0.850383
0.701529	trans	0.701529
-0.0570077	trans	0.0570077
-0.0714181	trans	0.0714181
0.0651092	trans	0.0651092
-0.0576594	trans	0.0576594
-0.0651074	trans	0.0651074
0.0677613	trans	0.0677613
0.042683	trans	0.042683
0.0530237	trans	0.0530237
-0.0749047	trans	0.0749047
-0.0952703	trans	0.0952703
0.148757	trans	0.148757
0.0407607	trans	0.0407607
0.048451	trans	0.048451
-0.107078	trans	0.107078
0.157544	trans	0.157544
-0.331753	trans	0.331753
-0.0797587	trans	0.0797587
-0.0614522	trans	0.0614522
0.371588	trans	0.371588
0.0472792	trans	0.0472792
0.148941	trans	0.148941
0.101041	trans	0.101041
0.0432695	trans	0.0432695
0.057686	trans	0.057686
0.0512026	trans	0.0512026
0.205625	trans	0.205625
0.73402	trans	0.73402
-0.145954	trans	0.145954
-0.0521037	trans	0.0521037
0.385765	trans	0.385765
0.0398622	trans	0.0398622
0.0606783	trans	0.0606783
-0.0469348	trans	0.0469348
-0.0697453	trans	0.0697453
0.134776	trans	0.134776
0.0604123	trans	0.0604123
0.0489167	trans	0.0489167
-0.0415845	trans	0.0415845
-0.122202	trans	0.122202
0.090842	trans	0.090842
0.055493	trans	0.055493
-0.0477696	trans	0.0477696
-0.0457945	trans	0.0457945
0.100757	trans	0.100757
0.0486755	trans	0.0486755
-0.0779318	trans	0.0779318
0.113798	trans	0.113798
0.0446427	trans	0.0446427
-0.0413391	trans	0.0413391
0.0548918	trans	0.0548918
0.0453958	trans	0.0453958
0.185278	trans	0.185278
-0.343227	trans	0.343227
0.116839	trans	0.116839
-0.04961	trans	0.04961
-0.0440251	trans	0.0440251
-0.0587255	trans	0.0587255
0.0677842	trans	0.0677842
0.321682	trans	0.321682
0.0800654	trans	0.0800654
-0.911147	trans	0.911147
0.0430787	trans	0.0430787
-0.0538758	trans	0.0538758
-0.0455697	trans	0.0455697
0.0410313	trans	0.0410313
-0.0511923	trans	0.0511923
0.448653	trans	0.448653
0.0576153	trans	0.0576153
-0.0775624	trans	0.0775624
0.0726555	trans	0.0726555
-0.0394428	trans	0.0394428
-0.0511618	trans	0.0511618
0.198426	trans	0.198426
-0.108366	trans	0.108366
0.0772466	trans	0.0772466
0.0479113	trans	0.0479113
0.0376387	trans	0.0376387
-0.0522799	trans	0.0522799
0.0640347	trans	0.0640347
0.0471453	trans	0.0471453
0.0921363	trans	0.0921363
-0.101075	trans	0.101075
0.0546999	trans	0.0546999
-0.07117	trans	0.07117
0.120175	trans	0.120175
-0.0698086	trans	0.0698086
0.0387606	trans	0.0387606
0.060336	trans	0.060336
0.0809307	trans	0.0809307
-0.0351836	trans	0.0351836
-0.0699399	trans	0.0699399
-0.20575	trans	0.20575
0.0630517	trans	0.0630517
0.0403798	trans	0.0403798
-0.0594329	trans	0.0594329
0.0454486	trans	0.0454486
0.0807019	trans	0.0807019
0.0404656	trans	0.0404656
0.0561486	trans	0.0561486
0.0631417	trans	0.0631417
-0.144253	trans	0.144253
0.0684916	trans	0.0684916
-0.0438047	trans	0.0438047
0.511718	trans	0.511718
0.0385392	trans	0.0385392
0.0541741	trans	0.0541741
-0.077662	trans	0.077662
-0.0483741	trans	0.0483741
-0.0660885	trans	0.0660885
0.0538196	trans	0.0538196
-0.0434045	trans	0.0434045
-0.201273	trans	0.201273
-0.0856196	trans	0.0856196
0.0434356	trans	0.0434356
0.130003	trans	0.130003
0.0399023	trans	0.0399023
-0.0779448	trans	0.0779448
-0.04455	trans	0.04455
-0.0388559	trans	0.0388559
0.169867	trans	0.169867
-0.0523489	trans	0.0523489
0.111534	trans	0.111534
-0.15101	trans	0.15101
-0.0536093	trans	0.0536093
-0.101171	trans	0.101171
0.0506389	trans	0.0506389
0.0420815	trans	0.0420815
0.095937	trans	0.095937
0.0645733	trans	0.0645733
0.291804	trans	0.291804
0.073103	trans	0.073103
-0.0793195	trans	0.0793195
0.687103	trans	0.687103
0.0784868	trans	0.0784868
-0.0621484	trans	0.0621484
-0.0432498	trans	0.0432498
0.0558248	trans	0.0558248
-0.0505902	trans	0.0505902
0.0495102	trans	0.0495102
-0.102867	trans	0.102867
0.0526988	trans	0.0526988
0.825881	trans	0.825881
0.0343152	trans	0.0343152
0.053065	trans	0.053065
0.0376381	trans	0.0376381
0.0440922	trans	0.0440922
0.0464522	trans	0.0464522
-0.0613517	trans	0.0613517
0.128716	trans	0.128716
-0.0419336	trans	0.0419336
-0.0469026	trans	0.0469026
-0.0580693	trans	0.0580693
0.0455674	trans	0.0455674
0.0929842	trans	0.0929842
-0.060284	trans	0.060284
-0.0552003	trans	0.0552003
0.116976	trans	0.116976
0.0443213	trans	0.0443213
-0.0398031	trans	0.0398031
-0.040552	trans	0.040552
-0.0573489	trans	0.0573489
-0.139366	trans	0.139366
0.18277	trans	0.18277
0.0583397	trans	0.0583397
0.4311	trans	0.4311
0.0671397	trans	0.0671397
0.118305	trans	0.118305
-0.174257	trans	0.174257
0.285715	trans	0.285715
0.21145	trans	0.21145
-0.119169	trans	0.119169
-0.0683483	trans	0.0683483
-0.0596064	trans	0.0596064
-0.0450488	trans	0.0450488
0.0443108	trans	0.0443108
-0.0660109	trans	0.0660109
-0.0447881	trans	0.0447881
-0.0514981	trans	0.0514981
-0.0999504	trans	0.0999504
0.271384	trans	0.271384
-0.051999	trans	0.051999
-0.0767988	trans	0.0767988
-0.0432489	trans	0.0432489
-0.12343	trans	0.12343
0.0387302	trans	0.0387302
-0.0541978	trans	0.0541978
0.0344542	trans	0.0344542
-0.0450514	trans	0.0450514
-0.0721172	trans	0.0721172
0.173855	trans	0.173855
0.043142	trans	0.043142
0.0438703	trans	0.0438703
-0.0476617	trans	0.0476617
-0.038429	trans	0.038429
0.148165	trans	0.148165
-0.0476052	trans	0.0476052
0.0552586	trans	0.0552586
0.0442079	trans	0.0442079
0.0416753	trans	0.0416753
-0.0566434	trans	0.0566434
-0.041776	trans	0.041776
0.0995991	trans	0.0995991
0.0509285	trans	0.0509285
0.0373343	trans	0.0373343
0.0382445	trans	0.0382445
0.0469934	trans	0.0469934
-0.0596238	trans	0.0596238
0.0534587	trans	0.0534587
0.0477068	trans	0.0477068
-0.0472812	trans	0.0472812
0.0474647	trans	0.0474647
0.181043	trans	0.181043
0.117284	trans	0.117284
0.230759	trans	0.230759
0.0673656	trans	0.0673656
-0.0459154	trans	0.0459154
-0.0426497	trans	0.0426497
0.0394867	trans	0.0394867
0.0974198	trans	0.0974198
0.0423212	trans	0.0423212
0.052234	trans	0.052234
-0.0902947	trans	0.0902947
-0.0690786	trans	0.0690786
-0.0461282	trans	0.0461282
0.044197	trans	0.044197
0.449431	trans	0.449431
-0.0975405	trans	0.0975405
0.0465742	trans	0.0465742
0.20224	trans	0.20224
-0.0814365	trans	0.0814365
0.0487888	trans	0.0487888
0.0459224	trans	0.0459224
-0.0408616	trans	0.0408616
0.0405108	trans	0.0405108
-0.099172	trans	0.099172
-0.0388672	trans	0.0388672
-0.241295	trans	0.241295
0.0543703	trans	0.0543703
-0.0605738	trans	0.0605738
0.212074	trans	0.212074
0.0567053	trans	0.0567053
0.241198	trans	0.241198
-0.121114	trans	0.121114
-0.0421625	trans	0.0421625
0.0536301	trans	0.0536301
0.414812	trans	0.414812
0.0348655	trans	0.0348655
0.0393511	trans	0.0393511
0.589709	trans	0.589709
-0.591718	trans	0.591718
0.59715	trans	0.59715
0.0569628	trans	0.0569628
-0.585371	trans	0.585371
0.655846	trans	0.655846
-0.761906	trans	0.761906
-0.361571	trans	0.361571
-0.0412805	trans	0.0412805
-0.749777	trans	0.749777
0.073532	trans	0.073532
0.0397272	trans	0.0397272
0.0431257	trans	0.0431257
0.0413988	trans	0.0413988
0.0740449	trans	0.0740449
0.383955	trans	0.383955
-0.119118	trans	0.119118
-0.52859	trans	0.52859
-0.0457653	trans	0.0457653
-0.0477987	trans	0.0477987
-0.0456322	trans	0.0456322
0.0717659	trans	0.0717659
-0.0666322	trans	0.0666322
0.059857	trans	0.059857
0.0485331	trans	0.0485331
0.0617424	trans	0.0617424
0.0453682	trans	0.0453682
0.0575857	trans	0.0575857
-0.0709731	trans	0.0709731
0.0457656	trans	0.0457656
0.0492793	trans	0.0492793
-0.0667546	trans	0.0667546
0.0458647	trans	0.0458647
0.0426075	trans	0.0426075
-0.054255	trans	0.054255
-0.0435219	trans	0.0435219
0.109128	trans	0.109128
0.0685441	trans	0.0685441
-0.0562838	trans	0.0562838
-0.0490613	trans	0.0490613
-0.178454	trans	0.178454
-0.216102	trans	0.216102
-0.188148	trans	0.188148
-0.355395	trans	0.355395
-0.228214	trans	0.228214
-0.0532303	trans	0.0532303
0.521607	trans	0.521607
0.0508908	trans	0.0508908
-0.0453803	trans	0.0453803
-0.0728162	trans	0.0728162
-0.0486515	trans	0.0486515
0.0480888	trans	0.0480888
0.0565433	trans	0.0565433
0.0566847	trans	0.0566847
0.0452208	trans	0.0452208
-0.0609501	trans	0.0609501
0.0455732	trans	0.0455732
0.0484721	trans	0.0484721
0.0504288	trans	0.0504288
0.0456807	trans	0.0456807
-0.0471689	trans	0.0471689
0.0528075	trans	0.0528075
0.0461669	trans	0.0461669
0.0460924	trans	0.0460924
-0.148785	trans	0.148785
0.0575404	trans	0.0575404
-0.0482926	trans	0.0482926
-0.234829	trans	0.234829
-0.239063	trans	0.239063
0.200328	trans	0.200328
-0.30418	trans	0.30418
0.449962	trans	0.449962
0.141202	trans	0.141202
0.0464909	trans	0.0464909
-0.0389385	trans	0.0389385
0.0358062	trans	0.0358062
-0.0792665	trans	0.0792665
-0.0444372	trans	0.0444372
-0.0739134	trans	0.0739134
-0.0710424	trans	0.0710424
0.09725	trans	0.09725
-0.0674021	trans	0.0674021
0.0354823	trans	0.0354823
0.292364	trans	0.292364
0.451334	trans	0.451334
-0.0403866	trans	0.0403866
-0.0375614	trans	0.0375614
0.246208	trans	0.246208
0.0595167	trans	0.0595167
-0.0809456	trans	0.0809456
-0.0909789	trans	0.0909789
0.0443998	trans	0.0443998
-0.0648993	trans	0.0648993
-0.0447108	trans	0.0447108
-0.100888	trans	0.100888
0.139267	trans	0.139267
0.0690008	trans	0.0690008
-0.0420244	trans	0.0420244
-0.0544745	trans	0.0544745
0.0520165	trans	0.0520165
0.0457093	trans	0.0457093
0.126639	trans	0.126639
0.0466811	trans	0.0466811
0.188619	trans	0.188619
0.264288	trans	0.264288
-0.171432	trans	0.171432
0.0489255	trans	0.0489255
-0.0713319	trans	0.0713319
0.0531201	trans	0.0531201
0.0474462	trans	0.0474462
0.0632859	trans	0.0632859
0.226891	trans	0.226891
0.0488972	trans	0.0488972
0.0601973	trans	0.0601973
-0.0950019	trans	0.0950019
-0.04579	trans	0.04579
-0.0703008	trans	0.0703008
0.0396055	trans	0.0396055
-0.0974149	trans	0.0974149
0.0710233	trans	0.0710233
0.0481176	trans	0.0481176
0.040162	trans	0.040162
-0.177969	trans	0.177969
-0.0473366	trans	0.0473366
0.839978	trans	0.839978
-0.040253	trans	0.040253
0.0426754	trans	0.0426754
0.0372352	trans	0.0372352
0.0436575	trans	0.0436575
-0.12238	trans	0.12238
0.059939	trans	0.059939
0.0584015	trans	0.0584015
0.214123	trans	0.214123
-0.0584585	trans	0.0584585
-0.0585423	trans	0.0585423
0.385034	trans	0.385034
0.122522	trans	0.122522
0.0635962	trans	0.0635962
0.0433724	trans	0.0433724
0.0493707	trans	0.0493707
-0.0640404	trans	0.0640404
-0.0392243	trans	0.0392243
0.127763	trans	0.127763
0.058421	trans	0.058421
-0.0986133	trans	0.0986133
0.0479277	trans	0.0479277
0.0719643	trans	0.0719643
0.218221	trans	0.218221
-0.230309	trans	0.230309
-0.0756098	trans	0.0756098
-0.0602116	trans	0.0602116
-0.0527516	trans	0.0527516
-0.0390675	trans	0.0390675
0.0389221	trans	0.0389221
0.619037	trans	0.619037
0.466738	trans	0.466738
0.0626116	trans	0.0626116
-0.125593	trans	0.125593
-0.180314	trans	0.180314
0.0400311	trans	0.0400311
-0.0951102	trans	0.0951102
0.0651404	trans	0.0651404
-0.131811	trans	0.131811
-0.0519456	trans	0.0519456
0.0797713	trans	0.0797713
0.0404894	trans	0.0404894
0.0943317	trans	0.0943317
-0.106122	trans	0.106122
0.0608559	trans	0.0608559
0.0594276	trans	0.0594276
-0.0444978	trans	0.0444978
0.0921579	trans	0.0921579
0.0490261	trans	0.0490261
0.041063	trans	0.041063
-0.0751559	trans	0.0751559
0.0532846	trans	0.0532846
0.0492049	trans	0.0492049
-0.0656393	trans	0.0656393
-0.0578406	trans	0.0578406
0.0620741	trans	0.0620741
0.0595277	trans	0.0595277
0.0442921	trans	0.0442921
0.140053	trans	0.140053
0.0458665	trans	0.0458665
0.0961692	trans	0.0961692
0.0799677	trans	0.0799677
0.0441732	trans	0.0441732
-0.130675	trans	0.130675
0.0424706	trans	0.0424706
-0.0585798	trans	0.0585798
-0.0563634	trans	0.0563634
0.0413395	trans	0.0413395
0.0979058	trans	0.0979058
0.0434087	trans	0.0434087
-0.0754482	trans	0.0754482
-0.127904	trans	0.127904
0.0463238	trans	0.0463238
-0.0676711	trans	0.0676711
0.0530675	trans	0.0530675
0.13101	trans	0.13101
-0.0692051	trans	0.0692051
0.06443	trans	0.06443
0.0783269	trans	0.0783269
0.0413532	trans	0.0413532
-0.409324	trans	0.409324
-0.889085	trans	0.889085
0.0529637	trans	0.0529637
0.302466	trans	0.302466
0.817583	trans	0.817583
-0.874132	trans	0.874132
0.356746	trans	0.356746
-0.770017	trans	0.770017
-0.804365	trans	0.804365
0.45106	trans	0.45106
0.0424006	trans	0.0424006
-0.0373042	trans	0.0373042
0.517988	trans	0.517988
0.662704	trans	0.662704
-0.0437605	trans	0.0437605
0.554331	trans	0.554331
0.0482861	trans	0.0482861
-0.0474847	trans	0.0474847
-0.0691212	trans	0.0691212
-0.679464	trans	0.679464
0.444239	trans	0.444239
0.0849382	trans	0.0849382
0.407648	trans	0.407648
-0.518358	trans	0.518358
-0.331586	trans	0.331586
0.393717	trans	0.393717
0.421043	trans	0.421043
-0.49651	trans	0.49651
0.676834	trans	0.676834
0.0735598	trans	0.0735598
-0.394711	trans	0.394711
0.0379461	trans	0.0379461
-0.672331	trans	0.672331
0.868313	trans	0.868313
0.642918	trans	0.642918
0.632952	trans	0.632952
0.776159	trans	0.776159
0.0711714	trans	0.0711714
-0.512515	trans	0.512515
0.913726	trans	0.913726
0.168594	trans	0.168594
0.548029	trans	0.548029
0.755818	trans	0.755818
-0.0415941	trans	0.0415941
0.0610766	trans	0.0610766
-0.0501325	trans	0.0501325
0.0376303	trans	0.0376303
-0.096761	trans	0.096761
-0.041225	trans	0.041225
-0.0400082	trans	0.0400082
-0.04798	trans	0.04798
0.0437719	trans	0.0437719
-0.0639128	trans	0.0639128
-0.0497491	trans	0.0497491
0.0405222	trans	0.0405222
0.0677264	trans	0.0677264
0.0421641	trans	0.0421641
0.0374249	trans	0.0374249
0.0364938	trans	0.0364938
-0.0987265	trans	0.0987265
-0.0479207	trans	0.0479207
-0.0520591	trans	0.0520591
-0.0571837	trans	0.0571837
0.037003	trans	0.037003
0.0432557	trans	0.0432557
-0.0532448	trans	0.0532448
0.0968551	trans	0.0968551
-0.104685	trans	0.104685
-0.0832042	trans	0.0832042
0.0733196	trans	0.0733196
-0.0512568	trans	0.0512568
-0.0673968	trans	0.0673968
0.11539	trans	0.11539
0.0559255	trans	0.0559255
-0.0427869	trans	0.0427869
0.690275	trans	0.690275
0.94465	trans	0.94465
0.963316	trans	0.963316
0.820555	trans	0.820555
0.235654	trans	0.235654
0.0472997	trans	0.0472997
-0.147078	trans	0.147078
0.0525655	trans	0.0525655
0.0603413	trans	0.0603413
0.0879647	trans	0.0879647
0.0641591	trans	0.0641591
0.161223	trans	0.161223
0.0710108	trans	0.0710108
-0.220421	trans	0.220421
0.192815	trans	0.192815
0.397151	trans	0.397151
0.0681372	trans	0.0681372
0.0481859	trans	0.0481859
0.0569774	trans	0.0569774
0.10122	trans	0.10122
0.0534978	trans	0.0534978
-0.0625812	trans	0.0625812
0.0563557	trans	0.0563557
-0.131253	trans	0.131253
0.100353	trans	0.100353
0.0553418	trans	0.0553418
0.062134	trans	0.062134
0.0734137	trans	0.0734137
0.0465334	trans	0.0465334
-0.0456667	trans	0.0456667
0.0862681	trans	0.0862681
0.0658573	trans	0.0658573
0.0441711	trans	0.0441711
0.0478097	trans	0.0478097
-0.0545407	trans	0.0545407
0.37974	trans	0.37974
-0.11268	trans	0.11268
0.105744	trans	0.105744
0.586638	trans	0.586638
0.78946	trans	0.78946
0.102906	trans	0.102906
-0.0821736	trans	0.0821736
0.0798213	trans	0.0798213
-0.101752	trans	0.101752
0.0425478	trans	0.0425478
0.0509325	trans	0.0509325
-0.0499262	trans	0.0499262
-0.0665354	trans	0.0665354
0.0781722	trans	0.0781722
-0.301969	trans	0.301969
-0.419143	trans	0.419143
0.0460354	trans	0.0460354
0.0606242	trans	0.0606242
-0.125818	trans	0.125818
0.0578736	trans	0.0578736
-0.0731145	trans	0.0731145
-0.0620809	trans	0.0620809
-0.0631152	trans	0.0631152
0.0457735	trans	0.0457735
-0.0432197	trans	0.0432197
0.121057	trans	0.121057
-0.110912	trans	0.110912
0.0561711	trans	0.0561711
0.0451716	trans	0.0451716
0.993951	trans	0.993951
-0.0432736	trans	0.0432736
-0.0466375	trans	0.0466375
0.0521874	trans	0.0521874
0.046976	trans	0.046976
-0.0490443	trans	0.0490443
-0.0456917	trans	0.0456917
-0.0580682	trans	0.0580682
0.129868	trans	0.129868
-0.0503761	trans	0.0503761
0.0579887	trans	0.0579887
0.0564169	trans	0.0564169
-0.0635961	trans	0.0635961
-0.10011	trans	0.10011
-0.103022	trans	0.103022
0.058023	trans	0.058023
-0.0673237	trans	0.0673237
0.0475612	trans	0.0475612
-0.0588795	trans	0.0588795
-0.0664302	trans	0.0664302
0.0678617	trans	0.0678617
0.0426206	trans	0.0426206
-0.404948	trans	0.404948
-0.643036	trans	0.643036
-0.65897	trans	0.65897
-0.571915	trans	0.571915
0.0630072	trans	0.0630072
-0.0673742	trans	0.0673742
0.0503857	trans	0.0503857
0.0433314	trans	0.0433314
0.0453045	trans	0.0453045
0.0500791	trans	0.0500791
-0.0433284	trans	0.0433284
0.060088	trans	0.060088
-0.0584921	trans	0.0584921
-0.0838198	trans	0.0838198
0.0405321	trans	0.0405321
-0.0809508	trans	0.0809508
-0.0431595	trans	0.0431595
0.0927021	trans	0.0927021
-0.0486373	trans	0.0486373
0.0407576	trans	0.0407576
-0.0571775	trans	0.0571775
-0.0663174	trans	0.0663174
0.0599989	trans	0.0599989
0.0628215	trans	0.0628215
-0.0703595	trans	0.0703595
-0.0541187	trans	0.0541187
0.0570651	trans	0.0570651
-0.0709351	trans	0.0709351
0.0466698	trans	0.0466698
0.0970103	trans	0.0970103
0.0493987	trans	0.0493987
0.0488156	trans	0.0488156
0.0479419	trans	0.0479419
0.0769174	trans	0.0769174
-0.0974677	trans	0.0974677
-0.0511002	trans	0.0511002
-0.0590627	trans	0.0590627
-0.0520236	trans	0.0520236
-0.0791119	trans	0.0791119
-0.0412997	trans	0.0412997
0.0485479	trans	0.0485479
-0.364517	trans	0.364517
-0.115034	trans	0.115034
0.0770161	trans	0.0770161
0.0845929	trans	0.0845929
0.065929	trans	0.065929
0.0494643	trans	0.0494643
0.0789419	trans	0.0789419
-0.0523255	trans	0.0523255
0.048321	trans	0.048321
-0.0449344	trans	0.0449344
0.0580995	trans	0.0580995
-0.0713872	trans	0.0713872
-0.105675	trans	0.105675
0.0700278	trans	0.0700278
-0.0426847	trans	0.0426847
0.045392	trans	0.045392
-0.224511	trans	0.224511
-0.0508833	trans	0.0508833
-0.0450969	trans	0.0450969
0.0720089	trans	0.0720089
0.0407572	trans	0.0407572
-0.159377	trans	0.159377
0.0398335	trans	0.0398335
0.0414342	trans	0.0414342
0.0391841	trans	0.0391841
0.0505933	trans	0.0505933
0.0751414	trans	0.0751414
-0.068376	trans	0.068376
0.0472858	trans	0.0472858
0.0467645	trans	0.0467645
0.339462	trans	0.339462
-0.0895704	trans	0.0895704
0.0449267	trans	0.0449267
-0.0534944	trans	0.0534944
-0.0704633	trans	0.0704633
-0.0870978	trans	0.0870978
-0.106635	trans	0.106635
0.0675417	trans	0.0675417
0.0612399	trans	0.0612399
0.072286	trans	0.072286
0.056013	trans	0.056013
-0.0734682	trans	0.0734682
0.0508331	trans	0.0508331
-0.0907948	trans	0.0907948
0.0521291	trans	0.0521291
0.0741935	trans	0.0741935
-0.0928066	trans	0.0928066
-0.0489087	trans	0.0489087
-0.0520288	trans	0.0520288
0.0507102	trans	0.0507102
-0.0620328	trans	0.0620328
0.0426497	trans	0.0426497
-0.402909	trans	0.402909
-0.154979	trans	0.154979
-0.0422767	trans	0.0422767
0.0507429	trans	0.0507429
0.0573246	trans	0.0573246
0.0742518	trans	0.0742518
0.0465454	trans	0.0465454
-0.0813571	trans	0.0813571
-0.0967274	trans	0.0967274
-0.0516005	trans	0.0516005
-0.351963	trans	0.351963
0.0854939	trans	0.0854939
-0.0425432	trans	0.0425432
0.0695004	trans	0.0695004
0.14941	trans	0.14941
0.0476736	trans	0.0476736
0.0453825	trans	0.0453825
0.0666732	trans	0.0666732
-0.0820205	trans	0.0820205
0.0641804	trans	0.0641804
0.0747967	trans	0.0747967
0.0963545	trans	0.0963545
-0.112785	trans	0.112785
0.0806671	trans	0.0806671
-0.0552223	trans	0.0552223
-0.7192	trans	0.7192
0.0493006	trans	0.0493006
-0.0738755	trans	0.0738755
0.0561739	trans	0.0561739
-0.0521897	trans	0.0521897
0.0522445	trans	0.0522445
0.0427065	trans	0.0427065
-0.0421941	trans	0.0421941
-0.0419707	trans	0.0419707
0.149558	trans	0.149558
0.065394	trans	0.065394
0.0529668	trans	0.0529668
0.351619	trans	0.351619
-0.0583376	trans	0.0583376
0.0514546	trans	0.0514546
-0.0805844	trans	0.0805844
0.139753	trans	0.139753
-0.0627192	trans	0.0627192
0.193712	trans	0.193712
0.105041	trans	0.105041
-0.0790691	trans	0.0790691
0.0439388	trans	0.0439388
0.176065	trans	0.176065
-0.0939644	trans	0.0939644
0.0611411	trans	0.0611411
-0.0382255	trans	0.0382255
-0.709625	trans	0.709625
-0.860257	trans	0.860257
-1.05893	trans	1.05893
0.381547	trans	0.381547
0.435287	trans	0.435287
-0.301858	trans	0.301858
-0.562257	trans	0.562257
0.860911	trans	0.860911
0.887485	trans	0.887485
-0.721149	trans	0.721149
-0.828124	trans	0.828124
0.845551	trans	0.845551
-0.856728	trans	0.856728
-0.658161	trans	0.658161
-0.8433	trans	0.8433
0.46813	trans	0.46813
-0.521658	trans	0.521658
0.805655	trans	0.805655
-0.350918	trans	0.350918
-0.715676	trans	0.715676
-0.589379	trans	0.589379
-0.441663	trans	0.441663
-0.304233	trans	0.304233
0.776637	trans	0.776637
-0.610833	trans	0.610833
-0.0713181	trans	0.0713181
-0.588314	trans	0.588314
0.385727	trans	0.385727
-0.550309	trans	0.550309
-0.0634808	trans	0.0634808
-0.250372	trans	0.250372
-0.0876153	trans	0.0876153
-0.989595	trans	0.989595
-0.488877	trans	0.488877
-0.0620799	trans	0.0620799
-0.317358	trans	0.317358
-0.459825	trans	0.459825
-0.61495	trans	0.61495
-0.0701804	trans	0.0701804
0.499296	trans	0.499296
-1.02066	trans	1.02066
-0.670945	trans	0.670945
0.040272	trans	0.040272
-0.555168	trans	0.555168
-0.0597473	trans	0.0597473
0.45499	trans	0.45499
0.829491	trans	0.829491
-0.383846	trans	0.383846
-0.81567	trans	0.81567
-0.991254	trans	0.991254
0.420663	trans	0.420663
-0.714715	trans	0.714715
-0.977291	trans	0.977291
-0.600754	trans	0.600754
-0.0600424	trans	0.0600424
-0.442401	trans	0.442401
-0.408159	trans	0.408159
-0.374967	trans	0.374967
0.598077	trans	0.598077
0.0489073	trans	0.0489073
-0.294001	trans	0.294001
0.376986	trans	0.376986
-0.0980568	trans	0.0980568
-0.0743807	trans	0.0743807
-0.813019	trans	0.813019
-0.538663	trans	0.538663
-0.755374	trans	0.755374
-0.340704	trans	0.340704
-0.0589336	trans	0.0589336
-0.401532	trans	0.401532
-0.0425963	trans	0.0425963
0.115961	trans	0.115961
-1.06223	trans	1.06223
0.456753	trans	0.456753
-0.703927	trans	0.703927
0.056698	trans	0.056698
1.2105	trans	1.2105
0.172625	trans	0.172625
0.150773	trans	0.150773
0.213959	trans	0.213959
0.0489647	trans	0.0489647
0.564044	trans	0.564044
0.415047	trans	0.415047
-0.590512	trans	0.590512
-0.293608	trans	0.293608
-0.333277	trans	0.333277
-0.117075	trans	0.117075
-0.82554	trans	0.82554
0.0437091	trans	0.0437091
-0.353007	trans	0.353007
0.181442	trans	0.181442
0.572022	trans	0.572022
-0.0788611	trans	0.0788611
-0.0411146	trans	0.0411146
-0.529394	trans	0.529394
0.59418	trans	0.59418
0.0668773	trans	0.0668773
-0.0506279	trans	0.0506279
-0.0790898	trans	0.0790898
-0.0473441	trans	0.0473441
0.51294	trans	0.51294
-0.0422878	trans	0.0422878
0.0692582	trans	0.0692582
0.0526215	trans	0.0526215
-0.0672298	trans	0.0672298
0.034836	trans	0.034836
0.0614358	trans	0.0614358
0.0732367	trans	0.0732367
0.0942779	trans	0.0942779
0.0547517	trans	0.0547517
-0.0472461	trans	0.0472461
-0.0369234	trans	0.0369234
1.5309	trans	1.5309
-0.0552954	trans	0.0552954
-0.0856655	trans	0.0856655
-0.035527	trans	0.035527
0.268794	trans	0.268794
-0.0388424	trans	0.0388424
0.0578674	trans	0.0578674
0.0804202	trans	0.0804202
-0.0726735	trans	0.0726735
-0.0871857	trans	0.0871857
-0.0586912	trans	0.0586912
-0.0652125	trans	0.0652125
-0.0647438	trans	0.0647438
-0.171947	trans	0.171947
-0.184869	trans	0.184869
-0.0456909	trans	0.0456909
-0.0552224	trans	0.0552224
0.0823839	trans	0.0823839
0.0561753	trans	0.0561753
-0.155412	trans	0.155412
0.0477516	trans	0.0477516
-0.0502491	trans	0.0502491
0.130401	trans	0.130401
-0.123883	trans	0.123883
-0.0447754	trans	0.0447754
0.0689588	trans	0.0689588
0.0939569	trans	0.0939569
-0.0874177	trans	0.0874177
-0.0537211	trans	0.0537211
-0.0448856	trans	0.0448856
-0.0453026	trans	0.0453026
0.134355	trans	0.134355
0.0536225	trans	0.0536225
0.0591555	trans	0.0591555
0.101173	trans	0.101173
-0.0561022	trans	0.0561022
0.160339	trans	0.160339
0.0684219	trans	0.0684219
-0.0615173	trans	0.0615173
-0.0445998	trans	0.0445998
-0.090156	trans	0.090156
0.0491901	trans	0.0491901
-0.122341	trans	0.122341
-0.0463284	trans	0.0463284
-0.0463006	trans	0.0463006
0.0874517	trans	0.0874517
-0.0793517	trans	0.0793517
-0.0473633	trans	0.0473633
-0.0498572	trans	0.0498572
0.0690312	trans	0.0690312
-0.125535	trans	0.125535
0.0713736	trans	0.0713736
-0.0696657	trans	0.0696657
0.158049	trans	0.158049
0.0746948	trans	0.0746948
1.60092	trans	1.60092
0.35515	trans	0.35515
-0.0434192	trans	0.0434192
0.168952	trans	0.168952
0.0673383	trans	0.0673383
0.0413866	trans	0.0413866
-0.0422799	trans	0.0422799
0.0545523	trans	0.0545523
0.0461648	trans	0.0461648
0.0662274	trans	0.0662274
0.0796139	trans	0.0796139
0.0526845	trans	0.0526845
0.0677718	trans	0.0677718
-0.0661881	trans	0.0661881
-0.0645591	trans	0.0645591
-0.0896256	trans	0.0896256
-0.0411413	trans	0.0411413
-0.0672016	trans	0.0672016
0.0431483	trans	0.0431483
-0.047364	trans	0.047364
-0.176785	trans	0.176785
-0.0769768	trans	0.0769768
0.0878166	trans	0.0878166
-0.0518843	trans	0.0518843
0.0448752	trans	0.0448752
0.0696614	trans	0.0696614
0.084627	trans	0.084627
0.0500227	trans	0.0500227
0.0496481	trans	0.0496481
-0.0552967	trans	0.0552967
0.0580779	trans	0.0580779
-0.0819739	trans	0.0819739
0.0411552	trans	0.0411552
0.1013	trans	0.1013
-0.0674826	trans	0.0674826
0.051819	trans	0.051819
0.256652	trans	0.256652
0.0569483	trans	0.0569483
0.988112	trans	0.988112
0.772706	trans	0.772706
-0.117816	trans	0.117816
0.0727495	trans	0.0727495
0.0476316	trans	0.0476316
0.0819951	trans	0.0819951
0.0699688	trans	0.0699688
-0.0424782	trans	0.0424782
-0.0895579	trans	0.0895579
0.0510197	trans	0.0510197
-0.0520706	trans	0.0520706
-0.054351	trans	0.054351
0.0496619	trans	0.0496619
-0.0461694	trans	0.0461694
-0.0504601	trans	0.0504601
0.0512614	trans	0.0512614
0.0431028	trans	0.0431028
-0.0472699	trans	0.0472699
0.0594925	trans	0.0594925
0.136469	trans	0.136469
0.0456436	trans	0.0456436
0.0630601	trans	0.0630601
0.129654	trans	0.129654
-0.0697128	trans	0.0697128
0.0656333	trans	0.0656333
0.0549612	trans	0.0549612
-0.0685849	trans	0.0685849
-0.0655244	trans	0.0655244
0.0777484	trans	0.0777484
0.0507353	trans	0.0507353
0.0517454	trans	0.0517454
-0.105785	trans	0.105785
0.0599702	trans	0.0599702
-0.351188	trans	0.351188
0.104567	trans	0.104567
1.01191	trans	1.01191
0.271013	trans	0.271013
0.0541736	trans	0.0541736
-0.0456964	trans	0.0456964
0.215429	trans	0.215429
-0.124337	trans	0.124337
0.0651497	trans	0.0651497
0.119677	trans	0.119677
0.0460605	trans	0.0460605
-0.0611009	trans	0.0611009
-0.0407985	trans	0.0407985
0.21794	trans	0.21794
0.101386	trans	0.101386
0.548069	trans	0.548069
0.110023	trans	0.110023
0.0590147	trans	0.0590147
0.181152	trans	0.181152
-0.0400995	trans	0.0400995
-0.0436579	trans	0.0436579
0.0605389	trans	0.0605389
0.0792918	trans	0.0792918
0.124397	trans	0.124397
0.056255	trans	0.056255
-0.150523	trans	0.150523
-0.164679	trans	0.164679
-0.0737795	trans	0.0737795
0.0673891	trans	0.0673891
0.0714739	trans	0.0714739
-0.0460505	trans	0.0460505
-0.0888771	trans	0.0888771
-0.0657703	trans	0.0657703
0.173288	trans	0.173288
0.0401052	trans	0.0401052
-0.0456355	trans	0.0456355
0.0445873	trans	0.0445873
0.0477415	trans	0.0477415
-0.0636401	trans	0.0636401
-0.0645884	trans	0.0645884
0.146178	trans	0.146178
-0.0524202	trans	0.0524202
0.0559451	trans	0.0559451
0.0927314	trans	0.0927314
-0.12162	trans	0.12162
0.0476503	trans	0.0476503
-0.0528793	trans	0.0528793
0.0673275	trans	0.0673275
0.0523765	trans	0.0523765
-0.0746584	trans	0.0746584
-0.0483004	trans	0.0483004
-0.0462213	trans	0.0462213
-0.0540861	trans	0.0540861
0.0605972	trans	0.0605972
-0.0990832	trans	0.0990832
0.0578728	trans	0.0578728
0.0474684	trans	0.0474684
0.0525266	trans	0.0525266
0.103049	trans	0.103049
-0.0440194	trans	0.0440194
-0.0865591	trans	0.0865591
0.0701287	trans	0.0701287
-0.0858751	trans	0.0858751
0.0890937	trans	0.0890937
0.167439	trans	0.167439
0.431735	trans	0.431735
0.0750014	trans	0.0750014
-0.0517741	trans	0.0517741
-0.0523273	trans	0.0523273
0.0907727	trans	0.0907727
-0.0615939	trans	0.0615939
-0.0441783	trans	0.0441783
-0.0528039	trans	0.0528039
0.0464952	trans	0.0464952
-0.167506	trans	0.167506
-0.0536547	trans	0.0536547
-0.0399467	trans	0.0399467
-0.0433371	trans	0.0433371
0.0615434	trans	0.0615434
-0.0585971	trans	0.0585971
0.150683	trans	0.150683
0.0988311	trans	0.0988311
0.0578151	trans	0.0578151
-0.0424377	trans	0.0424377
-0.104725	trans	0.104725
-0.0768304	trans	0.0768304
0.0531717	trans	0.0531717
-0.183222	trans	0.183222
0.053693	trans	0.053693
0.0936079	trans	0.0936079
0.0644351	trans	0.0644351
-0.0399648	trans	0.0399648
0.0673139	trans	0.0673139
-0.0653968	trans	0.0653968
0.084334	trans	0.084334
-0.161766	trans	0.161766
-0.0879276	trans	0.0879276
0.097342	trans	0.097342
-0.918905	trans	0.918905
-0.860095	trans	0.860095
-0.051772	trans	0.051772
-0.0369967	trans	0.0369967
-0.133972	trans	0.133972
-0.0361553	trans	0.0361553
-0.0611161	trans	0.0611161
-0.0408727	trans	0.0408727
-0.169238	trans	0.169238
0.0570917	trans	0.0570917
-0.0380835	trans	0.0380835
0.0335417	trans	0.0335417
-0.050579	trans	0.050579
-0.0444543	trans	0.0444543
0.0339533	trans	0.0339533
-0.471255	trans	0.471255
-0.046064	trans	0.046064
-0.0449531	trans	0.0449531
0.043448	trans	0.043448
0.0356958	trans	0.0356958
-0.0797938	trans	0.0797938
-0.0410272	trans	0.0410272
0.0771385	trans	0.0771385
0.0485937	trans	0.0485937
0.0464358	trans	0.0464358
0.0536337	trans	0.0536337
0.0693498	trans	0.0693498
-0.0926471	trans	0.0926471
0.0381214	trans	0.0381214
0.082941	trans	0.082941
0.0685198	trans	0.0685198
0.0393931	trans	0.0393931
0.0590314	trans	0.0590314
0.0370538	trans	0.0370538
-0.056392	trans	0.056392
-0.109259	trans	0.109259
-0.202903	trans	0.202903
0.247458	trans	0.247458
0.0499742	trans	0.0499742
0.0820296	trans	0.0820296
-0.0651522	trans	0.0651522
-0.0487148	trans	0.0487148
0.132209	trans	0.132209
-0.0630098	trans	0.0630098
-0.251346	trans	0.251346
-0.0555854	trans	0.0555854
0.0809577	trans	0.0809577
0.0446951	trans	0.0446951
-0.0508074	trans	0.0508074
-0.0355902	trans	0.0355902
0.0368768	trans	0.0368768
-0.253597	trans	0.253597
0.0468712	trans	0.0468712
0.0622341	trans	0.0622341
0.331114	trans	0.331114
-0.103613	trans	0.103613
0.0443133	trans	0.0443133
0.056075	trans	0.056075
0.0428749	trans	0.0428749
0.406292	trans	0.406292
-0.0545265	trans	0.0545265
-0.0428118	trans	0.0428118
-0.0430619	trans	0.0430619
0.0462015	trans	0.0462015
-0.0573682	trans	0.0573682
0.056929	trans	0.056929
0.0630738	trans	0.0630738
0.0429206	trans	0.0429206
-0.0488764	trans	0.0488764
0.052743	trans	0.052743
-0.0685591	trans	0.0685591
0.0477191	trans	0.0477191
0.069483	trans	0.069483
-0.0484146	trans	0.0484146
0.0887153	trans	0.0887153
-0.0454292	trans	0.0454292
0.0508539	trans	0.0508539
0.0940621	trans	0.0940621
0.0489452	trans	0.0489452
-0.0617461	trans	0.0617461
0.0826256	trans	0.0826256
-0.0678844	trans	0.0678844
-0.0823273	trans	0.0823273
0.044252	trans	0.044252
0.0675367	trans	0.0675367
0.0545587	trans	0.0545587
0.0885837	trans	0.0885837
0.492965	trans	0.492965
-0.0460213	trans	0.0460213
0.0394348	trans	0.0394348
-0.0456236	trans	0.0456236
0.0535043	trans	0.0535043
0.0422348	trans	0.0422348
-0.0669608	trans	0.0669608
-0.0630629	trans	0.0630629
0.0556522	trans	0.0556522
0.0581583	trans	0.0581583
-0.0952121	trans	0.0952121
-0.0417063	trans	0.0417063
-0.0530424	trans	0.0530424
0.0417035	trans	0.0417035
0.133134	trans	0.133134
0.0534625	trans	0.0534625
-0.0556131	trans	0.0556131
0.0425434	trans	0.0425434
0.0613489	trans	0.0613489
0.340927	trans	0.340927
-0.0622035	trans	0.0622035
-0.0824645	trans	0.0824645
0.047504	trans	0.047504
-0.091156	trans	0.091156
0.0512075	trans	0.0512075
-0.045006	trans	0.045006
0.593971	trans	0.593971
0.0496122	trans	0.0496122
0.0456248	trans	0.0456248
-0.0866115	trans	0.0866115
0.0493664	trans	0.0493664
0.0492337	trans	0.0492337
0.0620913	trans	0.0620913
-0.0460693	trans	0.0460693
0.0594407	trans	0.0594407
0.0652549	trans	0.0652549
-0.0751685	trans	0.0751685
-0.187675	trans	0.187675
0.0654177	trans	0.0654177
0.0545372	trans	0.0545372
0.0828207	trans	0.0828207
-0.0757544	trans	0.0757544
-0.0760258	trans	0.0760258
-0.0747799	trans	0.0747799
0.0645315	trans	0.0645315
-0.0515683	trans	0.0515683
-0.071771	trans	0.071771
0.0654658	trans	0.0654658
-0.046366	trans	0.046366
0.0504482	trans	0.0504482
-0.0660522	trans	0.0660522
0.050883	trans	0.050883
-0.0703945	trans	0.0703945
0.0563629	trans	0.0563629
0.0588344	trans	0.0588344
0.109076	trans	0.109076
-0.0456962	trans	0.0456962
-0.0774995	trans	0.0774995
-0.35903	trans	0.35903
0.353294	trans	0.353294
-0.140699	trans	0.140699
0.128212	trans	0.128212
-0.0499004	trans	0.0499004
0.0348915	trans	0.0348915
-0.0577137	trans	0.0577137
0.0754374	trans	0.0754374
0.0561877	trans	0.0561877
-0.145546	trans	0.145546
0.0438889	trans	0.0438889
0.0373699	trans	0.0373699
-0.0513793	trans	0.0513793
-0.0626871	trans	0.0626871
-0.0618532	trans	0.0618532
-0.0848791	trans	0.0848791
0.202395	trans	0.202395
0.0864364	trans	0.0864364
0.0480401	trans	0.0480401
-0.0429634	trans	0.0429634
-0.0476419	trans	0.0476419
0.064755	trans	0.064755
0.0729134	trans	0.0729134
-0.0970703	trans	0.0970703
-0.14008	trans	0.14008
-0.0453949	trans	0.0453949
-0.367875	trans	0.367875
0.0478646	trans	0.0478646
-0.12516	trans	0.12516
0.0897544	trans	0.0897544
0.0863721	trans	0.0863721
-0.0432696	trans	0.0432696
0.048542	trans	0.048542
-0.600174	trans	0.600174
0.0811053	trans	0.0811053
-0.0927208	trans	0.0927208
0.0903711	trans	0.0903711
0.0483634	trans	0.0483634
0.0947548	trans	0.0947548
0.0577739	trans	0.0577739
0.0513479	trans	0.0513479
-0.118966	trans	0.118966
0.0635215	trans	0.0635215
-0.100936	trans	0.100936
0.0504701	trans	0.0504701
0.193346	trans	0.193346
-0.0509882	trans	0.0509882
1.52883	trans	1.52883
-0.0421887	trans	0.0421887
-0.133658	trans	0.133658
0.0566383	trans	0.0566383
0.0434474	trans	0.0434474
0.0663405	trans	0.0663405
0.082245	trans	0.082245
0.114069	trans	0.114069
0.0595103	trans	0.0595103
0.0551017	trans	0.0551017
-0.049336	trans	0.049336
0.0587232	trans	0.0587232
-0.0479816	trans	0.0479816
0.042711	trans	0.042711
-0.0419552	trans	0.0419552
-0.0764997	trans	0.0764997
0.0876521	trans	0.0876521
0.0328244	trans	0.0328244
-0.0412782	trans	0.0412782
0.31138	trans	0.31138
-0.034904	trans	0.034904
-0.0568092	trans	0.0568092
-0.0767041	trans	0.0767041
0.145833	trans	0.145833
0.0575025	trans	0.0575025
-0.0490362	trans	0.0490362
-0.0444195	trans	0.0444195
-0.0619291	trans	0.0619291
-0.0501282	trans	0.0501282
0.0512848	trans	0.0512848
0.0490499	trans	0.0490499
0.0614502	trans	0.0614502
-0.0481023	trans	0.0481023
0.0581003	trans	0.0581003
-0.0771678	trans	0.0771678
-0.0551994	trans	0.0551994
0.0435684	trans	0.0435684
0.141984	trans	0.141984
-0.0789999	trans	0.0789999
0.650722	trans	0.650722
-0.120188	trans	0.120188
0.421923	trans	0.421923
-0.168383	trans	0.168383
0.335523	trans	0.335523
0.067199	trans	0.067199
-0.0509091	trans	0.0509091
0.0695113	trans	0.0695113
-0.0657139	trans	0.0657139
0.0638512	trans	0.0638512
-0.0448727	trans	0.0448727
0.0693166	trans	0.0693166
-0.116769	trans	0.116769
0.0490921	trans	0.0490921
-0.0454187	trans	0.0454187
0.0456109	trans	0.0456109
0.0489824	trans	0.0489824
0.134626	trans	0.134626
-0.0433764	trans	0.0433764
0.218543	trans	0.218543
-0.0814475	trans	0.0814475
0.0697355	trans	0.0697355
0.0514335	trans	0.0514335
0.0521098	trans	0.0521098
0.104305	trans	0.104305
0.0511394	trans	0.0511394
-0.0881765	trans	0.0881765
-0.0446988	trans	0.0446988
-0.0640096	trans	0.0640096
-0.0427353	trans	0.0427353
0.0564989	trans	0.0564989
0.327468	trans	0.327468
-0.0652565	trans	0.0652565
0.0570025	trans	0.0570025
0.045495	trans	0.045495
-0.0544735	trans	0.0544735
-0.14191	trans	0.14191
-0.131398	trans	0.131398
-1.31102	trans	1.31102
0.398355	trans	0.398355
0.0522245	trans	0.0522245
0.0498909	trans	0.0498909
0.0477861	trans	0.0477861
0.0633408	trans	0.0633408
-0.0691403	trans	0.0691403
-0.0978976	trans	0.0978976
0.0455461	trans	0.0455461
0.047748	trans	0.047748
-0.0979538	trans	0.0979538
-0.0754556	trans	0.0754556
0.0650157	trans	0.0650157
0.066081	trans	0.066081
0.142604	trans	0.142604
0.0671576	trans	0.0671576
-0.0839786	trans	0.0839786
-0.0566721	trans	0.0566721
0.0663502	trans	0.0663502
0.062112	trans	0.062112
0.0473402	trans	0.0473402
0.0558616	trans	0.0558616
-0.0456345	trans	0.0456345
-0.0551901	trans	0.0551901
0.103292	trans	0.103292
-0.0504732	trans	0.0504732
0.0613316	trans	0.0613316
0.0553702	trans	0.0553702
0.0382915	trans	0.0382915
-0.0561026	trans	0.0561026
-0.0562421	trans	0.0562421
-0.0828892	trans	0.0828892
0.0352826	trans	0.0352826
-0.0632829	trans	0.0632829
0.0430221	trans	0.0430221
-0.0375686	trans	0.0375686
0.0551645	trans	0.0551645
-0.178428	trans	0.178428
0.0421555	trans	0.0421555
-0.0626527	trans	0.0626527
-0.0570613	trans	0.0570613
0.0938314	trans	0.0938314
0.282291	trans	0.282291
-0.385173	trans	0.385173
-0.0514961	trans	0.0514961
0.0477319	trans	0.0477319
0.0700728	trans	0.0700728
0.0564172	trans	0.0564172
0.0440339	trans	0.0440339
-0.0426165	trans	0.0426165
0.0520323	trans	0.0520323
-0.183194	trans	0.183194
0.0648688	trans	0.0648688
0.0443329	trans	0.0443329
0.0540459	trans	0.0540459
0.0784433	trans	0.0784433
0.0549414	trans	0.0549414
-0.0547059	trans	0.0547059
-0.0727059	trans	0.0727059
0.0550718	trans	0.0550718
0.0456484	trans	0.0456484
0.0830605	trans	0.0830605
-0.0547668	trans	0.0547668
0.520313	trans	0.520313
0.0406488	trans	0.0406488
-0.121952	trans	0.121952
-0.0412463	trans	0.0412463
-0.0573139	trans	0.0573139
0.0436505	trans	0.0436505
0.0964831	trans	0.0964831
0.396559	trans	0.396559
-0.041038	trans	0.041038
0.662994	trans	0.662994
0.117797	trans	0.117797
0.0501063	trans	0.0501063
0.368678	trans	0.368678
-0.147166	trans	0.147166
-0.395808	trans	0.395808
0.0480517	trans	0.0480517
-0.0608429	trans	0.0608429
0.0874481	trans	0.0874481
0.0390077	trans	0.0390077
0.0822678	trans	0.0822678
-0.0954168	trans	0.0954168
0.283529	trans	0.283529
-0.069905	trans	0.069905
0.39724	trans	0.39724
-0.0698409	trans	0.0698409
0.0760609	trans	0.0760609
1.55988	trans	1.55988
1.45192	trans	1.45192
-0.0457977	trans	0.0457977
0.206495	trans	0.206495
0.04185	trans	0.04185
0.144425	trans	0.144425
0.0478638	trans	0.0478638
-0.0702852	trans	0.0702852
-0.0794156	trans	0.0794156
-0.0445471	trans	0.0445471
-0.0498363	trans	0.0498363
-0.308848	trans	0.308848
0.649706	trans	0.649706
0.203753	trans	0.203753
0.200135	trans	0.200135
0.262436	trans	0.262436
0.0386782	trans	0.0386782
-0.0431918	trans	0.0431918
0.0431771	trans	0.0431771
0.132827	trans	0.132827
0.10129	trans	0.10129
-0.0617317	trans	0.0617317
0.166552	trans	0.166552
-0.0568199	trans	0.0568199
0.0510117	trans	0.0510117
0.0479138	trans	0.0479138
0.04878	trans	0.04878
0.0851799	trans	0.0851799
-0.0672284	trans	0.0672284
0.0463266	trans	0.0463266
-0.0403554	trans	0.0403554
-0.0408669	trans	0.0408669
-0.0614939	trans	0.0614939
0.187485	trans	0.187485
0.292614	trans	0.292614
-0.0507418	trans	0.0507418
-0.0656224	trans	0.0656224
0.0453407	trans	0.0453407
-0.0738839	trans	0.0738839
0.0585539	trans	0.0585539
-0.0421086	trans	0.0421086
-0.059569	trans	0.059569
0.049698	trans	0.049698
0.0470622	trans	0.0470622
0.066993	trans	0.066993
0.130302	trans	0.130302
0.0409718	trans	0.0409718
-0.0523066	trans	0.0523066
-0.0621843	trans	0.0621843
-0.0607232	trans	0.0607232
-0.0998284	trans	0.0998284
-0.0470914	trans	0.0470914
0.0653433	trans	0.0653433
-0.0626406	trans	0.0626406
0.0393229	trans	0.0393229
-0.0400843	trans	0.0400843
-0.0669566	trans	0.0669566
0.0635379	trans	0.0635379
0.0494948	trans	0.0494948
-0.0490821	trans	0.0490821
0.0432179	trans	0.0432179
-0.0597335	trans	0.0597335
-0.0787003	trans	0.0787003
0.0531994	trans	0.0531994
0.0382506	trans	0.0382506
-0.0436314	trans	0.0436314
0.0411042	trans	0.0411042
-0.0876542	trans	0.0876542
0.21381	trans	0.21381
-0.0698748	trans	0.0698748
0.0914698	trans	0.0914698
0.0496531	trans	0.0496531
-0.0588918	trans	0.0588918
0.853738	trans	0.853738
0.0790855	trans	0.0790855
-0.0545068	trans	0.0545068
0.0429159	trans	0.0429159
-0.0509003	trans	0.0509003
-0.0431312	trans	0.0431312
0.0454089	trans	0.0454089
0.0604783	trans	0.0604783
-0.0654262	trans	0.0654262
-0.234603	trans	0.234603
-0.100736	trans	0.100736
0.44741	trans	0.44741
0.104446	trans	0.104446
-0.0430709	trans	0.0430709
-0.0490954	trans	0.0490954
0.0459027	trans	0.0459027
-0.129477	trans	0.129477
-0.0406596	trans	0.0406596
0.041379	trans	0.041379
0.0855937	trans	0.0855937
0.0550692	trans	0.0550692
0.0499825	trans	0.0499825
0.137085	trans	0.137085
-0.118851	trans	0.118851
-0.0607186	trans	0.0607186
-0.0601821	trans	0.0601821
0.141845	trans	0.141845
-0.0604606	trans	0.0604606
-0.0405747	trans	0.0405747
-0.042551	trans	0.042551
-0.0599308	trans	0.0599308
-0.147183	trans	0.147183
0.467359	trans	0.467359
0.0499183	trans	0.0499183
-0.0520318	trans	0.0520318
-0.0551092	trans	0.0551092
0.0401982	trans	0.0401982
-0.0511188	trans	0.0511188
-0.898043	trans	0.898043
0.103801	trans	0.103801
0.208724	trans	0.208724
-0.0826694	trans	0.0826694
0.0863341	trans	0.0863341
0.138593	trans	0.138593
-0.0411411	trans	0.0411411
-0.0419277	trans	0.0419277
0.0702358	trans	0.0702358
0.328907	trans	0.328907
-0.11126	trans	0.11126
0.0441997	trans	0.0441997
0.0620979	trans	0.0620979
-0.0890312	trans	0.0890312
0.499808	trans	0.499808
-0.0387143	trans	0.0387143
0.116104	trans	0.116104
0.0374985	trans	0.0374985
-0.040328	trans	0.040328
0.114193	trans	0.114193
-0.0609737	trans	0.0609737
0.0410401	trans	0.0410401
-0.0515913	trans	0.0515913
-0.14428	trans	0.14428
0.821884	trans	0.821884
-0.0483444	trans	0.0483444
-0.0641835	trans	0.0641835
-0.0590528	trans	0.0590528
0.0483274	trans	0.0483274
0.0419664	trans	0.0419664
-0.156006	trans	0.156006
0.27958	trans	0.27958
-0.0494204	trans	0.0494204
-0.0430401	trans	0.0430401
0.542185	trans	0.542185
0.148625	trans	0.148625
0.0926342	trans	0.0926342
-0.0669099	trans	0.0669099
-0.114833	trans	0.114833
0.0526029	trans	0.0526029
-0.0445985	trans	0.0445985
-0.111486	trans	0.111486
-0.0421396	trans	0.0421396
-0.265242	trans	0.265242
0.0519174	trans	0.0519174
-0.0478842	trans	0.0478842
-0.0960414	trans	0.0960414
0.0601423	trans	0.0601423
-0.106155	trans	0.106155
-0.0482437	trans	0.0482437
-0.0539637	trans	0.0539637
-0.0463881	trans	0.0463881
0.32991	trans	0.32991
-0.119442	trans	0.119442
-0.145262	trans	0.145262
-0.0670438	trans	0.0670438
0.0444319	trans	0.0444319
-0.0609797	trans	0.0609797
0.0591195	trans	0.0591195
-0.0656893	trans	0.0656893
0.0737767	trans	0.0737767
-0.0458291	trans	0.0458291
-0.0455869	trans	0.0455869
0.0484322	trans	0.0484322
-0.068068	trans	0.068068
-0.0534524	trans	0.0534524
-0.652956	trans	0.652956
-0.0796418	trans	0.0796418
-0.0677526	trans	0.0677526
-0.278062	trans	0.278062
-0.0590317	trans	0.0590317
-0.18999	trans	0.18999
0.085637	trans	0.085637
0.0585253	trans	0.0585253
0.0420832	trans	0.0420832
0.798861	trans	0.798861
0.229598	trans	0.229598
0.146213	trans	0.146213
0.226416	trans	0.226416
-0.0469676	trans	0.0469676
0.0528704	trans	0.0528704
-0.0740549	trans	0.0740549
0.0477427	trans	0.0477427
-0.344217	trans	0.344217
-0.0461364	trans	0.0461364
0.0354426	trans	0.0354426
-0.609115	trans	0.609115
0.0344317	trans	0.0344317
-0.0898205	trans	0.0898205
0.291388	trans	0.291388
-0.0423427	trans	0.0423427
-0.0903935	trans	0.0903935
-0.0754306	trans	0.0754306
0.0490396	trans	0.0490396
0.0973804	trans	0.0973804
0.109156	trans	0.109156
-0.0515304	trans	0.0515304
-0.13757	trans	0.13757
-0.0437207	trans	0.0437207
0.0921013	trans	0.0921013
0.0488923	trans	0.0488923
-0.0434392	trans	0.0434392
0.200453	trans	0.200453
0.104721	trans	0.104721
0.0817474	trans	0.0817474
-0.0950533	trans	0.0950533
-0.14501	trans	0.14501
0.0680922	trans	0.0680922
-0.109953	trans	0.109953
0.278562	trans	0.278562
-0.143191	trans	0.143191
0.126121	trans	0.126121
0.114195	trans	0.114195
0.0491868	trans	0.0491868
0.407821	trans	0.407821
0.0719885	trans	0.0719885
0.0787519	trans	0.0787519
0.0530737	trans	0.0530737
-0.0759261	trans	0.0759261
-0.246982	trans	0.246982
-0.331536	trans	0.331536
0.0498255	trans	0.0498255
0.0575085	trans	0.0575085
-0.0965273	trans	0.0965273
0.129161	trans	0.129161
-0.166549	trans	0.166549
-0.237124	trans	0.237124
0.176387	trans	0.176387
0.0514446	trans	0.0514446
0.0730897	trans	0.0730897
-0.0416333	trans	0.0416333
0.132674	trans	0.132674
0.252835	trans	0.252835
-0.056414	trans	0.056414
0.0555089	trans	0.0555089
0.101411	trans	0.101411
-0.341011	trans	0.341011
-0.0706479	trans	0.0706479
0.0881734	trans	0.0881734
-0.0602191	trans	0.0602191
0.15738	trans	0.15738
-0.0567068	trans	0.0567068
-0.0508823	trans	0.0508823
0.0471027	trans	0.0471027
-0.0471024	trans	0.0471024
0.0881547	trans	0.0881547
0.0482334	trans	0.0482334
0.0465059	trans	0.0465059
0.0735606	trans	0.0735606
-0.0932171	trans	0.0932171
-0.039332	trans	0.039332
-0.107654	trans	0.107654
-0.0765801	trans	0.0765801
-0.10818	trans	0.10818
0.074234	trans	0.074234
0.0510624	trans	0.0510624
0.117513	trans	0.117513
0.281197	trans	0.281197
-0.0482196	trans	0.0482196
-0.104517	trans	0.104517
0.0410548	trans	0.0410548
-0.048562	trans	0.048562
-0.0889662	trans	0.0889662
0.278317	trans	0.278317
-0.384287	trans	0.384287
0.12479	trans	0.12479
0.0413058	trans	0.0413058
0.0806834	trans	0.0806834
-0.109536	trans	0.109536
0.105837	trans	0.105837
0.0670091	trans	0.0670091
0.0871618	trans	0.0871618
-0.0566127	trans	0.0566127
0.0751986	trans	0.0751986
0.0497448	trans	0.0497448
-0.0746785	trans	0.0746785
-0.0402778	trans	0.0402778
0.0417792	trans	0.0417792
0.0926407	trans	0.0926407
0.0684174	trans	0.0684174
-0.308724	trans	0.308724
0.0940231	trans	0.0940231
0.0409368	trans	0.0409368
0.769489	trans	0.769489
0.157779	trans	0.157779
0.0507684	trans	0.0507684
0.166598	trans	0.166598
-0.0901149	trans	0.0901149
0.12982	trans	0.12982
0.377656	trans	0.377656
0.0854887	trans	0.0854887
-0.0612799	trans	0.0612799
-0.0525212	trans	0.0525212
0.0818159	trans	0.0818159
0.113533	trans	0.113533
0.0539208	trans	0.0539208
-0.0452427	trans	0.0452427
0.0817456	trans	0.0817456
-0.0538153	trans	0.0538153
0.0731822	trans	0.0731822
-0.0953063	trans	0.0953063
-0.0416295	trans	0.0416295
0.0580562	trans	0.0580562
-0.116737	trans	0.116737
-0.0418595	trans	0.0418595
0.0487025	trans	0.0487025
0.462774	trans	0.462774
0.0564998	trans	0.0564998
-0.048348	trans	0.048348
-0.0451052	trans	0.0451052
0.0446804	trans	0.0446804
0.0723638	trans	0.0723638
-0.329357	trans	0.329357
-0.421987	trans	0.421987
0.0486431	trans	0.0486431
0.0821691	trans	0.0821691
-0.174928	trans	0.174928
-0.0503998	trans	0.0503998
-0.0810639	trans	0.0810639
-0.0690637	trans	0.0690637
-0.0405108	trans	0.0405108
-0.10154	trans	0.10154
-0.12556	trans	0.12556
0.0990714	trans	0.0990714
0.284671	trans	0.284671
0.057737	trans	0.057737
-0.0660251	trans	0.0660251
0.560347	trans	0.560347
0.439873	trans	0.439873
0.592627	trans	0.592627
1.14244	trans	1.14244
0.890644	trans	0.890644
-0.114478	trans	0.114478
0.104493	trans	0.104493
-0.08296	trans	0.08296
0.0860061	trans	0.0860061
-0.119834	trans	0.119834
0.0672588	trans	0.0672588
-0.100353	trans	0.100353
0.0859133	trans	0.0859133
-0.0681975	trans	0.0681975
0.0565331	trans	0.0565331
-0.0436999	trans	0.0436999
-0.0475368	trans	0.0475368
0.106384	trans	0.106384
0.0532692	trans	0.0532692
-0.0462561	trans	0.0462561
0.0591302	trans	0.0591302
0.0561482	trans	0.0561482
-0.0505042	trans	0.0505042
0.0453001	trans	0.0453001
0.0792943	trans	0.0792943
-0.0424478	trans	0.0424478
0.0529076	trans	0.0529076
0.106551	trans	0.106551
-0.0631351	trans	0.0631351
-0.0584205	trans	0.0584205
-0.0685859	trans	0.0685859
0.0565473	trans	0.0565473
0.173454	trans	0.173454
0.376956	trans	0.376956
0.284858	trans	0.284858
0.127512	trans	0.127512
-0.0616648	trans	0.0616648
-0.058012	trans	0.058012
0.83744	trans	0.83744
-0.0609863	trans	0.0609863
0.108621	trans	0.108621
0.162493	trans	0.162493
-0.0458805	trans	0.0458805
-0.117539	trans	0.117539
-0.0440074	trans	0.0440074
-0.26841	trans	0.26841
-0.0996323	trans	0.0996323
-0.0698588	trans	0.0698588
0.097421	trans	0.097421
0.0476271	trans	0.0476271
-0.0570019	trans	0.0570019
0.310493	trans	0.310493
-0.0741295	trans	0.0741295
-0.0782917	trans	0.0782917
-0.051067	trans	0.051067
-0.0692495	trans	0.0692495
0.0432681	trans	0.0432681
-0.0506671	trans	0.0506671
0.0413509	trans	0.0413509
0.21377	trans	0.21377
-0.058118	trans	0.058118
0.0617087	trans	0.0617087
0.0569793	trans	0.0569793
-0.0986101	trans	0.0986101
-0.0405153	trans	0.0405153
0.0853574	trans	0.0853574
-0.0380638	trans	0.0380638
-0.0452562	trans	0.0452562
0.0408743	trans	0.0408743
0.0698998	trans	0.0698998
-0.0889967	trans	0.0889967
0.0696068	trans	0.0696068
-0.0532305	trans	0.0532305
0.0517737	trans	0.0517737
0.0401919	trans	0.0401919
0.0508134	trans	0.0508134
-0.0422086	trans	0.0422086
-0.116323	trans	0.116323
0.0798158	trans	0.0798158
0.0771553	trans	0.0771553
0.0832387	trans	0.0832387
0.062061	trans	0.062061
-0.0996755	trans	0.0996755
0.212418	trans	0.212418
-0.131113	trans	0.131113
-0.0565081	trans	0.0565081
-0.0399209	trans	0.0399209
-0.0419785	trans	0.0419785
-0.0921191	trans	0.0921191
0.0863216	trans	0.0863216
0.0830478	trans	0.0830478
0.0488516	trans	0.0488516
-0.0524455	trans	0.0524455
0.447702	trans	0.447702
-0.0574476	trans	0.0574476
-0.0421127	trans	0.0421127
-0.0441994	trans	0.0441994
0.0413774	trans	0.0413774
0.0395662	trans	0.0395662
0.0686448	trans	0.0686448
-0.0584993	trans	0.0584993
-0.0411363	trans	0.0411363
0.0781574	trans	0.0781574
-0.0598774	trans	0.0598774
0.102291	trans	0.102291
0.125336	trans	0.125336
0.895552	trans	0.895552
-0.046242	trans	0.046242
-0.0589588	trans	0.0589588
-0.0583016	trans	0.0583016
0.0699066	trans	0.0699066
-0.0500824	trans	0.0500824
-0.0441859	trans	0.0441859
0.0679897	trans	0.0679897
0.097196	trans	0.097196
0.132317	trans	0.132317
0.953773	trans	0.953773
-0.0490004	trans	0.0490004
-0.0599577	trans	0.0599577
-0.0620802	trans	0.0620802
0.0784194	trans	0.0784194
-0.0519915	trans	0.0519915
-0.043667	trans	0.043667
0.0467537	trans	0.0467537
0.0609048	trans	0.0609048
-0.070069	trans	0.070069
0.0966905	trans	0.0966905
0.0422362	trans	0.0422362
0.133011	trans	0.133011
0.941096	trans	0.941096
-0.0523536	trans	0.0523536
-0.0585253	trans	0.0585253
-0.0602426	trans	0.0602426
0.0766911	trans	0.0766911
-0.0531088	trans	0.0531088
-0.0442101	trans	0.0442101
-0.0444005	trans	0.0444005
0.063087	trans	0.063087
0.0689478	trans	0.0689478
0.0984678	trans	0.0984678
0.0423777	trans	0.0423777
0.135374	trans	0.135374
0.972733	trans	0.972733
-0.0500946	trans	0.0500946
-0.0596401	trans	0.0596401
-0.0627181	trans	0.0627181
0.0773119	trans	0.0773119
-0.0540255	trans	0.0540255
-0.0474133	trans	0.0474133
-0.0431839	trans	0.0431839
-0.0653594	trans	0.0653594
0.068715	trans	0.068715
0.0990908	trans	0.0990908
-0.0875425	trans	0.0875425
-0.0465159	trans	0.0465159
0.0788284	trans	0.0788284
0.0649076	trans	0.0649076
0.0902673	trans	0.0902673
-0.117964	trans	0.117964
-0.0413025	trans	0.0413025
-0.109621	trans	0.109621
-0.115835	trans	0.115835
0.0434886	trans	0.0434886
0.045599	trans	0.045599
-0.0688795	trans	0.0688795
0.0475683	trans	0.0475683
0.248348	trans	0.248348
-0.0426474	trans	0.0426474
0.040072	trans	0.040072
0.0430219	trans	0.0430219
0.0554042	trans	0.0554042
-0.0508236	trans	0.0508236
-0.0454806	trans	0.0454806
0.100642	trans	0.100642
-0.0435901	trans	0.0435901
-0.100991	trans	0.100991
0.0497061	trans	0.0497061
-0.0433229	trans	0.0433229
-0.0466362	trans	0.0466362
-0.0665725	trans	0.0665725
0.0573626	trans	0.0573626
0.0446148	trans	0.0446148
0.0502356	trans	0.0502356
0.0429693	trans	0.0429693
0.0480493	trans	0.0480493
0.0432993	trans	0.0432993
-0.0443466	trans	0.0443466
-0.0593373	trans	0.0593373
0.0645364	trans	0.0645364
0.0505141	trans	0.0505141
0.0689638	trans	0.0689638
0.0616051	trans	0.0616051
-0.891062	trans	0.891062
-0.0996659	trans	0.0996659
0.0644848	trans	0.0644848
-0.045876	trans	0.045876
-0.0495395	trans	0.0495395
0.0468892	trans	0.0468892
0.0465122	trans	0.0465122
-0.28628	trans	0.28628
0.418221	trans	0.418221
-0.357242	trans	0.357242
0.0673933	trans	0.0673933
0.511711	trans	0.511711
0.054388	trans	0.054388
-0.587114	trans	0.587114
0.573733	trans	0.573733
-0.42266	trans	0.42266
0.442129	trans	0.442129
0.355888	trans	0.355888
0.247911	trans	0.247911
-0.26212	trans	0.26212
-0.578634	trans	0.578634
0.0775012	trans	0.0775012
-0.408203	trans	0.408203
0.536163	trans	0.536163
0.467482	trans	0.467482
-0.318449	trans	0.318449
-0.485106	trans	0.485106
-0.695932	trans	0.695932
-0.0278444	trans	0.0278444
-0.0578722	trans	0.0578722
0.2916	trans	0.2916
0.250527	trans	0.250527
0.570187	trans	0.570187
0.0383214	trans	0.0383214
-0.381605	trans	0.381605
-0.032987	trans	0.032987
-0.0287555	trans	0.0287555
0.0371604	trans	0.0371604
0.361202	trans	0.361202
0.0631988	trans	0.0631988
-0.645015	trans	0.645015
-0.0265817	trans	0.0265817
0.0441406	trans	0.0441406
0.633582	trans	0.633582
0.489139	trans	0.489139
0.216157	trans	0.216157
0.0489628	trans	0.0489628
0.0471792	trans	0.0471792
0.0482679	trans	0.0482679
0.0551485	trans	0.0551485
0.0608664	trans	0.0608664
-0.0492937	trans	0.0492937
0.0562132	trans	0.0562132
0.0445926	trans	0.0445926
-0.0518126	trans	0.0518126
-0.0512663	trans	0.0512663
-0.058498	trans	0.058498
-0.606391	trans	0.606391
-0.0519281	trans	0.0519281
0.0527156	trans	0.0527156
-0.0633068	trans	0.0633068
-0.0457404	trans	0.0457404
-0.0547992	trans	0.0547992
-0.060777	trans	0.060777
0.0850556	trans	0.0850556
0.0453723	trans	0.0453723
0.0597352	trans	0.0597352
-0.0438057	trans	0.0438057
-0.0501675	trans	0.0501675
0.51742	trans	0.51742
0.0768648	trans	0.0768648
0.0590706	trans	0.0590706
-0.218975	trans	0.218975
0.0641175	trans	0.0641175
-0.106782	trans	0.106782
0.193319	trans	0.193319
0.0935787	trans	0.0935787
0.046838	trans	0.046838
-0.0525831	trans	0.0525831
0.0566975	trans	0.0566975
-0.0520208	trans	0.0520208
0.0641468	trans	0.0641468
0.0654935	trans	0.0654935
-0.0421062	trans	0.0421062
0.0526443	trans	0.0526443
-0.0934951	trans	0.0934951
-0.100827	trans	0.100827
-0.100188	trans	0.100188
0.0423587	trans	0.0423587
0.110928	trans	0.110928
-0.0528693	trans	0.0528693
-0.0427313	trans	0.0427313
-0.0430463	trans	0.0430463
-0.0475175	trans	0.0475175
0.0891131	trans	0.0891131
0.042109	trans	0.042109
0.052632	trans	0.052632
-0.0706367	trans	0.0706367
-0.126006	trans	0.126006
-0.055077	trans	0.055077
0.0952899	trans	0.0952899
0.0571618	trans	0.0571618
-0.0491607	trans	0.0491607
-0.0682456	trans	0.0682456
-0.0476213	trans	0.0476213
-0.0615051	trans	0.0615051
-0.051513	trans	0.051513
-0.10046	trans	0.10046
-0.0791815	trans	0.0791815
0.159033	trans	0.159033
0.0905382	trans	0.0905382
0.0770897	trans	0.0770897
0.079304	trans	0.079304
-0.0460556	trans	0.0460556
0.170114	trans	0.170114
0.043466	trans	0.043466
-0.0745209	trans	0.0745209
-0.0525964	trans	0.0525964
0.130331	trans	0.130331
-0.85763	trans	0.85763
-0.0802005	trans	0.0802005
0.0424614	trans	0.0424614
-0.0794074	trans	0.0794074
0.0752786	trans	0.0752786
0.0444993	trans	0.0444993
-0.058823	trans	0.058823
-0.0468333	trans	0.0468333
0.093979	trans	0.093979
-0.12176	trans	0.12176
0.112436	trans	0.112436
0.0623267	trans	0.0623267
-0.0951535	trans	0.0951535
-0.0680938	trans	0.0680938
-0.159027	trans	0.159027
0.798621	trans	0.798621
0.128046	trans	0.128046
0.0548041	trans	0.0548041
-0.0645544	trans	0.0645544
0.127206	trans	0.127206
0.117144	trans	0.117144
0.0471018	trans	0.0471018
-0.0637878	trans	0.0637878
0.0633441	trans	0.0633441
-0.0436623	trans	0.0436623
-0.0498107	trans	0.0498107
0.0432019	trans	0.0432019
-0.0531577	trans	0.0531577
0.0491962	trans	0.0491962
0.0623298	trans	0.0623298
0.103705	trans	0.103705
0.0482623	trans	0.0482623
0.0609379	trans	0.0609379
0.0561747	trans	0.0561747
0.0437757	trans	0.0437757
-0.0474106	trans	0.0474106
0.0704996	trans	0.0704996
-0.045093	trans	0.045093
0.0432702	trans	0.0432702
-0.0429636	trans	0.0429636
0.0517691	trans	0.0517691
0.0489329	trans	0.0489329
0.0533364	trans	0.0533364
-0.0458639	trans	0.0458639
-0.0422703	trans	0.0422703
0.0484827	trans	0.0484827
0.052878	trans	0.052878
-0.0452075	trans	0.0452075
0.0457957	trans	0.0457957
0.0829784	trans	0.0829784
-0.0714971	trans	0.0714971
-0.0865231	trans	0.0865231
-0.0425373	trans	0.0425373
-0.0577302	trans	0.0577302
-0.0530438	trans	0.0530438
-0.0483734	trans	0.0483734
-0.095838	trans	0.095838
-0.0431702	trans	0.0431702
0.0584129	trans	0.0584129
-0.184749	trans	0.184749
-0.0594205	trans	0.0594205
-0.0464546	trans	0.0464546
0.143707	trans	0.143707
0.0848399	trans	0.0848399
-0.044687	trans	0.044687
0.127182	trans	0.127182
0.0595335	trans	0.0595335
-0.0515426	trans	0.0515426
0.0944408	trans	0.0944408
0.0650175	trans	0.0650175
-0.0504044	trans	0.0504044
0.157326	trans	0.157326
0.070407	trans	0.070407
0.15839	trans	0.15839
0.113976	trans	0.113976
-0.0618843	trans	0.0618843
-0.10549	trans	0.10549
-0.0693396	trans	0.0693396
-0.0437324	trans	0.0437324
0.310669	trans	0.310669
0.414443	trans	0.414443
-0.0455393	trans	0.0455393
0.122897	trans	0.122897
0.0536585	trans	0.0536585
-0.572097	trans	0.572097
0.0853744	trans	0.0853744
-0.0525617	trans	0.0525617
-0.217122	trans	0.217122
0.0731995	trans	0.0731995
0.56129	trans	0.56129
-0.0417354	trans	0.0417354
-0.0365178	trans	0.0365178
-0.0356291	trans	0.0356291
0.0469109	trans	0.0469109
0.0320294	trans	0.0320294
0.256326	trans	0.256326
0.0284317	trans	0.0284317
-0.591839	trans	0.591839
0.0271756	trans	0.0271756
0.0609858	trans	0.0609858
-0.0388976	trans	0.0388976
0.0483971	trans	0.0483971
-0.0538226	trans	0.0538226
0.0516724	trans	0.0516724
-0.047985	trans	0.047985
0.0538812	trans	0.0538812
-0.0467186	trans	0.0467186
-0.199844	trans	0.199844
0.054858	trans	0.054858
0.0502653	trans	0.0502653
0.175976	trans	0.175976
-0.359015	trans	0.359015
-0.0792647	trans	0.0792647
0.167404	trans	0.167404
-0.270668	trans	0.270668
-0.0491041	trans	0.0491041
-0.0553223	trans	0.0553223
0.0640701	trans	0.0640701
0.0813216	trans	0.0813216
0.0947535	trans	0.0947535
0.0601805	trans	0.0601805
0.0409247	trans	0.0409247
0.0573682	trans	0.0573682
-0.0683554	trans	0.0683554
0.0471755	trans	0.0471755
-0.0598222	trans	0.0598222
-0.0447977	trans	0.0447977
0.065283	trans	0.065283
0.0495171	trans	0.0495171
-0.0748135	trans	0.0748135
-0.0775111	trans	0.0775111
-0.0475475	trans	0.0475475
-0.0492594	trans	0.0492594
-0.0500952	trans	0.0500952
-0.0996326	trans	0.0996326
-0.0482541	trans	0.0482541
-0.0573155	trans	0.0573155
0.0407309	trans	0.0407309
-0.0495059	trans	0.0495059
-0.0534825	trans	0.0534825
-0.0462541	trans	0.0462541
0.0935312	trans	0.0935312
-0.0594604	trans	0.0594604
0.0476966	trans	0.0476966
-0.054768	trans	0.054768
-0.0800797	trans	0.0800797
0.0883004	trans	0.0883004
-0.0472243	trans	0.0472243
-0.0479449	trans	0.0479449
0.05022	trans	0.05022
-0.047293	trans	0.047293
0.0613762	trans	0.0613762
-0.0709848	trans	0.0709848
-0.0505024	trans	0.0505024
0.0775876	trans	0.0775876
-0.0462665	trans	0.0462665
0.0459324	trans	0.0459324
-0.0477101	trans	0.0477101
0.0555787	trans	0.0555787
0.0527699	trans	0.0527699
-0.0670951	trans	0.0670951
0.0493838	trans	0.0493838
-0.158083	trans	0.158083
0.0800743	trans	0.0800743
-0.0785461	trans	0.0785461
-0.0492036	trans	0.0492036
0.0434439	trans	0.0434439
-0.045507	trans	0.045507
0.0447784	trans	0.0447784
-0.0461361	trans	0.0461361
-0.0516566	trans	0.0516566
0.0845729	trans	0.0845729
0.0693279	trans	0.0693279
0.0567655	trans	0.0567655
-0.0478058	trans	0.0478058
-0.0491861	trans	0.0491861
0.0510724	trans	0.0510724
-0.0566213	trans	0.0566213
-0.084491	trans	0.084491
-0.259405	trans	0.259405
0.086334	trans	0.086334
0.0427672	trans	0.0427672
-0.0429289	trans	0.0429289
-0.0766345	trans	0.0766345
0.0607121	trans	0.0607121
-0.121515	trans	0.121515
-0.0686683	trans	0.0686683
0.0416403	trans	0.0416403
0.0417523	trans	0.0417523
0.0453738	trans	0.0453738
0.0494737	trans	0.0494737
0.0485964	trans	0.0485964
0.0817406	trans	0.0817406
0.0866569	trans	0.0866569
0.0696437	trans	0.0696437
0.0568862	trans	0.0568862
-0.0448229	trans	0.0448229
0.13056	trans	0.13056
-0.0803203	trans	0.0803203
0.0440595	trans	0.0440595
-0.0481789	trans	0.0481789
0.420028	trans	0.420028
0.041638	trans	0.041638
0.0983881	trans	0.0983881
0.046164	trans	0.046164
0.0491207	trans	0.0491207
0.0682283	trans	0.0682283
0.0779914	trans	0.0779914
-0.0637154	trans	0.0637154
-0.0719953	trans	0.0719953
0.0602358	trans	0.0602358
-0.430647	trans	0.430647
-0.133528	trans	0.133528
0.0595379	trans	0.0595379
-0.249798	trans	0.249798
0.0487124	trans	0.0487124
-0.229626	trans	0.229626
0.0428185	trans	0.0428185
0.111067	trans	0.111067
-0.052594	trans	0.052594
0.0567224	trans	0.0567224
0.274855	trans	0.274855
0.052394	trans	0.052394
0.188047	trans	0.188047
-0.0558658	trans	0.0558658
-0.0452622	trans	0.0452622
-0.0406532	trans	0.0406532
-0.105577	trans	0.105577
-0.158941	trans	0.158941
0.0438282	trans	0.0438282
-0.049757	trans	0.049757
0.0563616	trans	0.0563616
0.0515087	trans	0.0515087
0.0455101	trans	0.0455101
-0.0516048	trans	0.0516048
-0.0813456	trans	0.0813456
0.0551628	trans	0.0551628
0.0631115	trans	0.0631115
0.0398996	trans	0.0398996
0.0552095	trans	0.0552095
0.0332859	trans	0.0332859
-0.0357446	trans	0.0357446
-0.12686	trans	0.12686
0.043043	trans	0.043043
-0.0446777	trans	0.0446777
-0.13466	trans	0.13466
0.948878	trans	0.948878
0.118574	trans	0.118574
-0.372762	trans	0.372762
-0.0518907	trans	0.0518907
0.544178	trans	0.544178
0.061865	trans	0.061865
0.932001	trans	0.932001
0.0398491	trans	0.0398491
-0.0839434	trans	0.0839434
-0.116066	trans	0.116066
0.105858	trans	0.105858
0.146535	trans	0.146535
0.341508	trans	0.341508
-0.979042	trans	0.979042
-0.0433219	trans	0.0433219
-0.0544098	trans	0.0544098
-0.048929	trans	0.048929
0.0716554	trans	0.0716554
-0.064883	trans	0.064883
0.0483513	trans	0.0483513
0.0670922	trans	0.0670922
0.0623695	trans	0.0623695
0.28363	trans	0.28363
-0.0435442	trans	0.0435442
0.0765213	trans	0.0765213
0.0474683	trans	0.0474683
0.0478255	trans	0.0478255
-0.0540664	trans	0.0540664
0.0938087	trans	0.0938087
0.263434	trans	0.263434
-0.118346	trans	0.118346
0.177776	trans	0.177776
0.0850807	trans	0.0850807
-0.0530818	trans	0.0530818
0.148034	trans	0.148034
0.0470491	trans	0.0470491
0.394961	trans	0.394961
0.576657	trans	0.576657
0.0862338	trans	0.0862338
-0.0409445	trans	0.0409445
0.0592937	trans	0.0592937
-0.222148	trans	0.222148
0.0763191	trans	0.0763191
0.474772	trans	0.474772
0.19809	trans	0.19809
0.147609	trans	0.147609
0.149437	trans	0.149437
-0.0537939	trans	0.0537939
0.0451413	trans	0.0451413
-0.441987	trans	0.441987
0.0524219	trans	0.0524219
0.0416603	trans	0.0416603
0.0419542	trans	0.0419542
0.0482282	trans	0.0482282
0.0470159	trans	0.0470159
-0.0470806	trans	0.0470806
0.0440241	trans	0.0440241
-0.0448528	trans	0.0448528
-0.052768	trans	0.052768
0.0465452	trans	0.0465452
-0.0479924	trans	0.0479924
0.0398829	trans	0.0398829
0.0785454	trans	0.0785454
0.226872	trans	0.226872
0.0465344	trans	0.0465344
-0.0638134	trans	0.0638134
0.046401	trans	0.046401
-0.0392681	trans	0.0392681
0.0671174	trans	0.0671174
0.069875	trans	0.069875
-0.199641	trans	0.199641
-0.170967	trans	0.170967
-0.0477432	trans	0.0477432
-0.0553614	trans	0.0553614
0.0607989	trans	0.0607989
0.0506353	trans	0.0506353
0.252232	trans	0.252232
0.223559	trans	0.223559
0.0754932	trans	0.0754932
-0.0976126	trans	0.0976126
0.0526704	trans	0.0526704
0.0410479	trans	0.0410479
0.062445	trans	0.062445
0.0844998	trans	0.0844998
0.0585408	trans	0.0585408
0.0643393	trans	0.0643393
0.0659438	trans	0.0659438
-0.0453063	trans	0.0453063
0.176591	trans	0.176591
0.230884	trans	0.230884
0.0442037	trans	0.0442037
0.0484148	trans	0.0484148
0.0422921	trans	0.0422921
0.168708	trans	0.168708
0.0416951	trans	0.0416951
0.0400498	trans	0.0400498
-0.069321	trans	0.069321
0.0399692	trans	0.0399692
0.133709	trans	0.133709
0.0548835	trans	0.0548835
0.0545618	trans	0.0545618
0.0508234	trans	0.0508234
-0.0564658	trans	0.0564658
-0.0600461	trans	0.0600461
0.381991	trans	0.381991
-0.0422505	trans	0.0422505
0.0970042	trans	0.0970042
0.130903	trans	0.130903
0.083827	trans	0.083827
-0.0783149	trans	0.0783149
0.0485525	trans	0.0485525
0.0442367	trans	0.0442367
-0.394318	trans	0.394318
-0.0430645	trans	0.0430645
0.0477152	trans	0.0477152
-0.098637	trans	0.098637
0.0669711	trans	0.0669711
-0.0452652	trans	0.0452652
0.173691	trans	0.173691
-0.0607152	trans	0.0607152
0.044742	trans	0.044742
-0.0833162	trans	0.0833162
-0.0583525	trans	0.0583525
0.0720701	trans	0.0720701
0.498859	trans	0.498859
0.0654522	trans	0.0654522
-0.0425667	trans	0.0425667
0.0840212	trans	0.0840212
0.14357	trans	0.14357
0.117072	trans	0.117072
0.0486616	trans	0.0486616
0.0614613	trans	0.0614613
0.0917557	trans	0.0917557
-0.0806577	trans	0.0806577
-0.135233	trans	0.135233
0.0485582	trans	0.0485582
0.421899	trans	0.421899
0.0465694	trans	0.0465694
0.325252	trans	0.325252
0.114008	trans	0.114008
0.0610826	trans	0.0610826
-0.0436402	trans	0.0436402
-0.190853	trans	0.190853
0.212315	trans	0.212315
0.103102	trans	0.103102
0.0739818	trans	0.0739818
0.0438925	trans	0.0438925
0.0402689	trans	0.0402689
0.0513431	trans	0.0513431
-0.0473097	trans	0.0473097
0.0512347	trans	0.0512347
0.174995	trans	0.174995
0.0426199	trans	0.0426199
0.0616766	trans	0.0616766
0.0570296	trans	0.0570296
-0.0857856	trans	0.0857856
0.178568	trans	0.178568
0.0501896	trans	0.0501896
0.0586982	trans	0.0586982
0.774378	trans	0.774378
-0.0498374	trans	0.0498374
0.0604257	trans	0.0604257
-0.0660794	trans	0.0660794
-0.212899	trans	0.212899
0.0759841	trans	0.0759841
-0.0453501	trans	0.0453501
-0.0528201	trans	0.0528201
-0.052831	trans	0.052831
-0.0650149	trans	0.0650149
0.0533969	trans	0.0533969
0.0585254	trans	0.0585254
0.107418	trans	0.107418
0.283762	trans	0.283762
-0.0577421	trans	0.0577421
-0.0422864	trans	0.0422864
0.075302	trans	0.075302
-0.0723695	trans	0.0723695
-0.0507146	trans	0.0507146
0.130865	trans	0.130865
-0.0419259	trans	0.0419259
0.0483398	trans	0.0483398
-0.0719436	trans	0.0719436
-0.0811962	trans	0.0811962
0.0466443	trans	0.0466443
-0.060759	trans	0.060759
-0.0727406	trans	0.0727406
0.0436363	trans	0.0436363
0.0740623	trans	0.0740623
0.0416692	trans	0.0416692
0.0429338	trans	0.0429338
-0.0545116	trans	0.0545116
0.0735424	trans	0.0735424
-0.0819166	trans	0.0819166
0.0502011	trans	0.0502011
0.0479628	trans	0.0479628
0.0867648	trans	0.0867648
-0.0480259	trans	0.0480259
0.0443004	trans	0.0443004
-0.166752	trans	0.166752
0.112651	trans	0.112651
0.072187	trans	0.072187
0.0695588	trans	0.0695588
0.0662188	trans	0.0662188
-0.045312	trans	0.045312
0.0544399	trans	0.0544399
0.0902567	trans	0.0902567
0.0704084	trans	0.0704084
-0.0721435	trans	0.0721435
-0.0489439	trans	0.0489439
-0.0488871	trans	0.0488871
0.0658415	trans	0.0658415
0.0809221	trans	0.0809221
-0.0432725	trans	0.0432725
-0.0519024	trans	0.0519024
0.0424005	trans	0.0424005
0.0439438	trans	0.0439438
0.0586852	trans	0.0586852
-0.0444509	trans	0.0444509
0.04545	trans	0.04545
0.0846245	trans	0.0846245
-0.367491	trans	0.367491
-0.680739	trans	0.680739
-0.524223	trans	0.524223
0.154632	trans	0.154632
0.0646696	trans	0.0646696
0.190612	trans	0.190612
0.0544247	trans	0.0544247
-0.0448814	trans	0.0448814
-0.0504542	trans	0.0504542
0.0467166	trans	0.0467166
0.065197	trans	0.065197
-0.0471789	trans	0.0471789
-0.0592532	trans	0.0592532
0.0644273	trans	0.0644273
0.0558826	trans	0.0558826
0.0953275	trans	0.0953275
0.0700687	trans	0.0700687
0.050781	trans	0.050781
-0.04387	trans	0.04387
-0.0572496	trans	0.0572496
0.0424452	trans	0.0424452
0.0479567	trans	0.0479567
-0.0426525	trans	0.0426525
0.0526251	trans	0.0526251
-0.0456914	trans	0.0456914
0.0591789	trans	0.0591789
-0.0559812	trans	0.0559812
0.058479	trans	0.058479
0.0450733	trans	0.0450733
0.0418269	trans	0.0418269
-0.256752	trans	0.256752
-0.908747	trans	0.908747
-0.0474502	trans	0.0474502
-0.057157	trans	0.057157
0.0453119	trans	0.0453119
0.0468151	trans	0.0468151
0.373039	trans	0.373039
0.207598	trans	0.207598
0.0748352	trans	0.0748352
0.0446819	trans	0.0446819
0.111706	trans	0.111706
0.150166	trans	0.150166
1.04658	trans	1.04658
-0.0627677	trans	0.0627677
0.220256	trans	0.220256
-0.0404495	trans	0.0404495
0.047356	trans	0.047356
-0.0508093	trans	0.0508093
0.410343	trans	0.410343
-0.058968	trans	0.058968
0.0926199	trans	0.0926199
0.0903782	trans	0.0903782
-0.064723	trans	0.064723
-0.0376276	trans	0.0376276
-0.144025	trans	0.144025
0.0837959	trans	0.0837959
-0.0485653	trans	0.0485653
-0.0504785	trans	0.0504785
-0.0596161	trans	0.0596161
0.0499158	trans	0.0499158
0.04845	trans	0.04845
-0.378685	trans	0.378685
0.0662707	trans	0.0662707
0.210328	trans	0.210328
0.501194	trans	0.501194
0.0463858	trans	0.0463858
-0.0400682	trans	0.0400682
-0.0479672	trans	0.0479672
0.112319	trans	0.112319
-0.0390165	trans	0.0390165
-0.0581057	trans	0.0581057
-0.0837178	trans	0.0837178
-0.0431798	trans	0.0431798
-0.0467141	trans	0.0467141
-0.0525514	trans	0.0525514
0.0536192	trans	0.0536192
-0.0464182	trans	0.0464182
0.0474007	trans	0.0474007
-0.130282	trans	0.130282
0.0653351	trans	0.0653351
-0.043721	trans	0.043721
-0.0512042	trans	0.0512042
0.122662	trans	0.122662
0.0877429	trans	0.0877429
0.783556	trans	0.783556
0.383443	trans	0.383443
1.17722	trans	1.17722
0.0744909	trans	0.0744909
-0.130738	trans	0.130738
-0.0502062	trans	0.0502062
-0.206484	trans	0.206484
-0.0570418	trans	0.0570418
-0.349421	trans	0.349421
0.076034	trans	0.076034
0.234	trans	0.234
0.0430963	trans	0.0430963
-0.056061	trans	0.056061
-0.105316	trans	0.105316
0.114995	trans	0.114995
-0.158761	trans	0.158761
-0.143001	trans	0.143001
0.0805023	trans	0.0805023
0.0522783	trans	0.0522783
-0.0613915	trans	0.0613915
0.0814955	trans	0.0814955
-0.0984452	trans	0.0984452
-0.068352	trans	0.068352
-0.0498772	trans	0.0498772
0.102271	trans	0.102271
0.0796502	trans	0.0796502
-0.209141	trans	0.209141
-0.232831	trans	0.232831
-0.042499	trans	0.042499
0.0460191	trans	0.0460191
-0.0488654	trans	0.0488654
-0.0673557	trans	0.0673557
-0.169159	trans	0.169159
-0.0876571	trans	0.0876571
0.0548834	trans	0.0548834
0.0536448	trans	0.0536448
-0.0429697	trans	0.0429697
0.0980204	trans	0.0980204
0.263826	trans	0.263826
-0.0809925	trans	0.0809925
-0.0550146	trans	0.0550146
-0.121622	trans	0.121622
0.0752792	trans	0.0752792
0.0450463	trans	0.0450463
-0.0444389	trans	0.0444389
-0.0420324	trans	0.0420324
-0.474612	trans	0.474612
0.0418931	trans	0.0418931
-0.0887849	trans	0.0887849
-0.10076	trans	0.10076
0.0468493	trans	0.0468493
-0.0564697	trans	0.0564697
0.0796117	trans	0.0796117
0.101664	trans	0.101664
-0.0519277	trans	0.0519277
0.0424222	trans	0.0424222
0.0578118	trans	0.0578118
-0.0548191	trans	0.0548191
-0.225216	trans	0.225216
0.118114	trans	0.118114
0.0568623	trans	0.0568623
0.0508471	trans	0.0508471
0.0580347	trans	0.0580347
0.0403003	trans	0.0403003
0.127233	trans	0.127233
-0.0667914	trans	0.0667914
0.0541638	trans	0.0541638
0.0532216	trans	0.0532216
0.0475628	trans	0.0475628
0.0440737	trans	0.0440737
0.164714	trans	0.164714
-0.0421464	trans	0.0421464
-0.0520938	trans	0.0520938
-1.12553	trans	1.12553
-0.0536279	trans	0.0536279
0.0465259	trans	0.0465259
-0.0578773	trans	0.0578773
-0.0598539	trans	0.0598539
-0.0660721	trans	0.0660721
0.0813043	trans	0.0813043
-0.0682767	trans	0.0682767
0.169344	trans	0.169344
-0.151335	trans	0.151335
-0.0420201	trans	0.0420201
-0.0970084	trans	0.0970084
0.10847	trans	0.10847
-0.0744618	trans	0.0744618
0.047062	trans	0.047062
-0.0444026	trans	0.0444026
0.10131	trans	0.10131
0.110181	trans	0.110181
-0.0402132	trans	0.0402132
0.0625218	trans	0.0625218
-0.159354	trans	0.159354
-0.0789777	trans	0.0789777
0.0457691	trans	0.0457691
-0.0514799	trans	0.0514799
-0.0692201	trans	0.0692201
0.0541686	trans	0.0541686
0.0721143	trans	0.0721143
-0.16292	trans	0.16292
-0.0572132	trans	0.0572132
-0.0908962	trans	0.0908962
0.0662278	trans	0.0662278
0.0452231	trans	0.0452231
0.108222	trans	0.108222
0.0949989	trans	0.0949989
0.0432465	trans	0.0432465
1.06415	trans	1.06415
1.12086	trans	1.12086
0.851547	trans	0.851547
-0.0481586	trans	0.0481586
-0.0670827	trans	0.0670827
-0.0567553	trans	0.0567553
0.0776918	trans	0.0776918
-0.138727	trans	0.138727
-0.0439076	trans	0.0439076
-0.0451266	trans	0.0451266
0.052381	trans	0.052381
-0.0447057	trans	0.0447057
-0.104373	trans	0.104373
-0.0413009	trans	0.0413009
0.0479261	trans	0.0479261
-0.0865398	trans	0.0865398
-0.0895868	trans	0.0895868
-0.0592953	trans	0.0592953
-0.251324	trans	0.251324
-0.249951	trans	0.249951
0.570893	trans	0.570893
0.0698481	trans	0.0698481
0.0520804	trans	0.0520804
-0.0565956	trans	0.0565956
-0.0451401	trans	0.0451401
0.0596376	trans	0.0596376
0.0594045	trans	0.0594045
-0.0855414	trans	0.0855414
-0.0664195	trans	0.0664195
0.0868197	trans	0.0868197
-0.0504558	trans	0.0504558
0.108615	trans	0.108615
0.0811856	trans	0.0811856
0.138373	trans	0.138373
0.0640674	trans	0.0640674
0.0755172	trans	0.0755172
-0.0640581	trans	0.0640581
-0.0681221	trans	0.0681221
-0.238751	trans	0.238751
-0.0421157	trans	0.0421157
0.0560356	trans	0.0560356
0.0483425	trans	0.0483425
0.0531612	trans	0.0531612
0.0444533	trans	0.0444533
-0.0630854	trans	0.0630854
0.0631817	trans	0.0631817
0.0537746	trans	0.0537746
0.0453543	trans	0.0453543
-0.0707119	trans	0.0707119
-0.050017	trans	0.050017
0.0850178	trans	0.0850178
0.0420776	trans	0.0420776
0.0456362	trans	0.0456362
0.0479733	trans	0.0479733
-0.044663	trans	0.044663
0.0669961	trans	0.0669961
-0.0612174	trans	0.0612174
-0.065482	trans	0.065482
0.0724499	trans	0.0724499
-0.0490449	trans	0.0490449
0.0562958	trans	0.0562958
0.063279	trans	0.063279
0.0482144	trans	0.0482144
0.0446622	trans	0.0446622
-0.0436545	trans	0.0436545
0.0601677	trans	0.0601677
-0.0471774	trans	0.0471774
-0.0506317	trans	0.0506317
-0.0486366	trans	0.0486366
0.045084	trans	0.045084
0.0538638	trans	0.0538638
0.0911759	trans	0.0911759
-0.0506598	trans	0.0506598
-0.0457211	trans	0.0457211
0.048465	trans	0.048465
0.0417864	trans	0.0417864
0.0522839	trans	0.0522839
-0.0484744	trans	0.0484744
0.102372	trans	0.102372
0.0439401	trans	0.0439401
-0.0684381	trans	0.0684381
0.0578845	trans	0.0578845
0.0638424	trans	0.0638424
0.0536027	trans	0.0536027
0.0595402	trans	0.0595402
0.0355876	trans	0.0355876
0.057593	trans	0.057593
-0.0334379	trans	0.0334379
-0.0513031	trans	0.0513031
-0.0789351	trans	0.0789351
0.0441582	trans	0.0441582
0.206184	trans	0.206184
0.1477	trans	0.1477
0.0389868	trans	0.0389868
-0.0371041	trans	0.0371041
-0.0654581	trans	0.0654581
-0.0512003	trans	0.0512003
-0.128891	trans	0.128891
-0.0520212	trans	0.0520212
0.139684	trans	0.139684
1.08597	trans	1.08597
0.0522452	trans	0.0522452
-0.0568588	trans	0.0568588
-0.128918	trans	0.128918
0.205453	trans	0.205453
-0.0410814	trans	0.0410814
0.0527338	trans	0.0527338
0.04049	trans	0.04049
0.116855	trans	0.116855
-0.168469	trans	0.168469
-0.609104	trans	0.609104
0.0859217	trans	0.0859217
-0.040745	trans	0.040745
-0.0599758	trans	0.0599758
0.0474947	trans	0.0474947
0.0576455	trans	0.0576455
-0.0394226	trans	0.0394226
-0.0390733	trans	0.0390733
0.0739748	trans	0.0739748
-0.0454361	trans	0.0454361
0.0515669	trans	0.0515669
-0.0669304	trans	0.0669304
-0.11554	trans	0.11554
-0.0380083	trans	0.0380083
0.0427584	trans	0.0427584
0.0579492	trans	0.0579492
0.0376148	trans	0.0376148
-0.0407778	trans	0.0407778
0.0760346	trans	0.0760346
-0.218668	trans	0.218668
0.0613593	trans	0.0613593
-0.0838651	trans	0.0838651
-0.503094	trans	0.503094
0.28424	trans	0.28424
0.699182	trans	0.699182
0.0389394	trans	0.0389394
0.233763	trans	0.233763
-0.972869	trans	0.972869
-0.922112	trans	0.922112
0.0592936	trans	0.0592936
0.0439392	trans	0.0439392
0.049843	trans	0.049843
-0.0439763	trans	0.0439763
0.0443033	trans	0.0443033
0.0501891	trans	0.0501891
-0.0416687	trans	0.0416687
-0.139241	trans	0.139241
-0.117308	trans	0.117308
0.102998	trans	0.102998
0.0494441	trans	0.0494441
0.055459	trans	0.055459
0.0604813	trans	0.0604813
-0.12721	trans	0.12721
-0.103334	trans	0.103334
-0.0437361	trans	0.0437361
0.0486158	trans	0.0486158
0.0364128	trans	0.0364128
-0.0562761	trans	0.0562761
0.0612381	trans	0.0612381
0.0912667	trans	0.0912667
-0.0521348	trans	0.0521348
-0.0912228	trans	0.0912228
0.0880345	trans	0.0880345
0.13199	trans	0.13199
-0.0416297	trans	0.0416297
0.329919	trans	0.329919
0.140249	trans	0.140249
-0.0344428	trans	0.0344428
-0.0551939	trans	0.0551939
-0.0348421	trans	0.0348421
0.0378993	trans	0.0378993
-0.409299	trans	0.409299
0.294409	trans	0.294409
0.574089	trans	0.574089
-0.02782	trans	0.02782
-0.573677	trans	0.573677
-0.895814	trans	0.895814
-0.0419106	trans	0.0419106
0.0354234	trans	0.0354234
0.0763791	trans	0.0763791
0.0531585	trans	0.0531585
0.0407964	trans	0.0407964
0.341814	trans	0.341814
-0.0374666	trans	0.0374666
-0.0461254	trans	0.0461254
0.142412	trans	0.142412
-0.0454726	trans	0.0454726
-0.0920458	trans	0.0920458
0.326849	trans	0.326849
-0.11343	trans	0.11343
-0.040207	trans	0.040207
0.042069	trans	0.042069
-0.0982225	trans	0.0982225
-0.0706249	trans	0.0706249
0.573256	trans	0.573256
0.144016	trans	0.144016
0.0401514	trans	0.0401514
-0.0443508	trans	0.0443508
-0.0413234	trans	0.0413234
0.0529749	trans	0.0529749
-0.378722	trans	0.378722
-0.039472	trans	0.039472
0.0355499	trans	0.0355499
0.068833	trans	0.068833
0.0557958	trans	0.0557958
0.141271	trans	0.141271
0.113475	trans	0.113475
0.0335594	trans	0.0335594
-0.0555664	trans	0.0555664
-0.0368064	trans	0.0368064
0.0558703	trans	0.0558703
0.135795	trans	0.135795
0.048864	trans	0.048864
0.0589802	trans	0.0589802
0.150361	trans	0.150361
0.737872	trans	0.737872
0.341657	trans	0.341657
0.0453948	trans	0.0453948
-0.0461859	trans	0.0461859
0.0632594	trans	0.0632594
0.0656866	trans	0.0656866
0.549183	trans	0.549183
0.080913	trans	0.080913
0.395455	trans	0.395455
-0.0457982	trans	0.0457982
0.0873997	trans	0.0873997
0.0644576	trans	0.0644576
0.0389101	trans	0.0389101
-0.0708939	trans	0.0708939
0.150081	trans	0.150081
0.182137	trans	0.182137
-0.0530973	trans	0.0530973
-0.0937764	trans	0.0937764
-1.62452	trans	1.62452
1.60717	trans	1.60717
-0.100724	trans	0.100724
0.0536737	trans	0.0536737
-0.0420246	trans	0.0420246
0.062319	trans	0.062319
-0.0759237	trans	0.0759237
-0.067493	trans	0.067493
-0.0472602	trans	0.0472602
0.0546721	trans	0.0546721
0.0831961	trans	0.0831961
0.0591136	trans	0.0591136
-0.0528254	trans	0.0528254
-0.05088	trans	0.05088
0.0425818	trans	0.0425818
0.118418	trans	0.118418
-0.174188	trans	0.174188
-0.151547	trans	0.151547
-0.0697599	trans	0.0697599
-0.0860704	trans	0.0860704
0.0429183	trans	0.0429183
-0.849152	trans	0.849152
-0.0657457	trans	0.0657457
0.157336	trans	0.157336
-0.0612536	trans	0.0612536
-0.0533382	trans	0.0533382
-0.0804306	trans	0.0804306
-0.226131	trans	0.226131
0.0543806	trans	0.0543806
0.0627649	trans	0.0627649
0.140961	trans	0.140961
0.0967596	trans	0.0967596
0.292583	trans	0.292583
-0.0534253	trans	0.0534253
0.0570898	trans	0.0570898
-0.0435068	trans	0.0435068
0.26743	trans	0.26743
0.143927	trans	0.143927
0.0448047	trans	0.0448047
-0.108186	trans	0.108186
0.0647138	trans	0.0647138
0.104352	trans	0.104352
-0.0928788	trans	0.0928788
0.127015	trans	0.127015
0.0534505	trans	0.0534505
0.0465801	trans	0.0465801
-0.0588258	trans	0.0588258
-0.0521309	trans	0.0521309
0.134412	trans	0.134412
0.0653747	trans	0.0653747
-0.60527	trans	0.60527
-0.0551743	trans	0.0551743
0.611052	trans	0.611052
0.0486398	trans	0.0486398
0.140822	trans	0.140822
0.0469434	trans	0.0469434
0.069242	trans	0.069242
-0.0485013	trans	0.0485013
-0.351547	trans	0.351547
0.0629225	trans	0.0629225
-0.0922258	trans	0.0922258
-0.0616722	trans	0.0616722
-0.122717	trans	0.122717
-0.0617149	trans	0.0617149
0.354905	trans	0.354905
0.0590157	trans	0.0590157
0.181327	trans	0.181327
0.0419108	trans	0.0419108
0.0663281	trans	0.0663281
0.0512644	trans	0.0512644
-0.0713358	trans	0.0713358
0.0527295	trans	0.0527295
0.0473016	trans	0.0473016
0.0721156	trans	0.0721156
-0.0706467	trans	0.0706467
0.0491307	trans	0.0491307
0.0611189	trans	0.0611189
0.206172	trans	0.206172
0.0572558	trans	0.0572558
0.0442769	trans	0.0442769
-0.10972	trans	0.10972
0.051278	trans	0.051278
-0.054217	trans	0.054217
-0.0764271	trans	0.0764271
-0.500054	trans	0.500054
0.679692	trans	0.679692
0.913025	trans	0.913025
0.927517	trans	0.927517
-0.0995785	trans	0.0995785
0.403902	trans	0.403902
0.785144	trans	0.785144
0.352288	trans	0.352288
0.882152	trans	0.882152
0.85655	trans	0.85655
0.810065	trans	0.810065
0.766671	trans	0.766671
0.483663	trans	0.483663
-0.879873	trans	0.879873
-0.0442363	trans	0.0442363
-0.110362	trans	0.110362
-0.0665509	trans	0.0665509
0.979454	trans	0.979454
0.318925	trans	0.318925
0.0521321	trans	0.0521321
0.390376	trans	0.390376
0.0783398	trans	0.0783398
-0.826591	trans	0.826591
0.399417	trans	0.399417
0.07371	trans	0.07371
-0.669534	trans	0.669534
0.87205	trans	0.87205
0.628073	trans	0.628073
0.93259	trans	0.93259
0.923847	trans	0.923847
0.112324	trans	0.112324
-0.0692713	trans	0.0692713
0.0559752	trans	0.0559752
0.0511098	trans	0.0511098
-0.0653375	trans	0.0653375
-0.0930153	trans	0.0930153
0.115278	trans	0.115278
0.0677203	trans	0.0677203
0.0467197	trans	0.0467197
0.0691864	trans	0.0691864
0.248606	trans	0.248606
0.0424642	trans	0.0424642
-0.0573321	trans	0.0573321
0.321337	trans	0.321337
0.297792	trans	0.297792
-0.133916	trans	0.133916
0.0431435	trans	0.0431435
0.0534076	trans	0.0534076
-0.130507	trans	0.130507
-0.0422885	trans	0.0422885
0.124364	trans	0.124364
0.0468188	trans	0.0468188
-0.0930622	trans	0.0930622
-0.104625	trans	0.104625
-0.0576734	trans	0.0576734
-0.041667	trans	0.041667
-0.0384979	trans	0.0384979
0.60064	trans	0.60064
0.175403	trans	0.175403
-0.0463654	trans	0.0463654
0.196502	trans	0.196502
0.0424087	trans	0.0424087
0.0628367	trans	0.0628367
0.127837	trans	0.127837
0.0827917	trans	0.0827917
0.0607305	trans	0.0607305
0.206384	trans	0.206384
-0.0924177	trans	0.0924177
0.0646168	trans	0.0646168
0.0576703	trans	0.0576703
0.07634	trans	0.07634
-0.141063	trans	0.141063
0.109748	trans	0.109748
-0.0424814	trans	0.0424814
-0.10044	trans	0.10044
-0.0780307	trans	0.0780307
0.0522808	trans	0.0522808
0.0666727	trans	0.0666727
-0.0618221	trans	0.0618221
-0.0844311	trans	0.0844311
0.930465	trans	0.930465
0.151758	trans	0.151758
0.0941574	trans	0.0941574
0.0483611	trans	0.0483611
-0.0477497	trans	0.0477497
0.0552194	trans	0.0552194
0.0534534	trans	0.0534534
-0.0448173	trans	0.0448173
0.0768352	trans	0.0768352
-0.0731532	trans	0.0731532
-0.088541	trans	0.088541
-0.107472	trans	0.107472
0.0771077	trans	0.0771077
0.0539204	trans	0.0539204
-0.126737	trans	0.126737
0.0687674	trans	0.0687674
0.112311	trans	0.112311
0.0614347	trans	0.0614347
0.0480302	trans	0.0480302
-0.0772578	trans	0.0772578
-0.082445	trans	0.082445
-0.0576008	trans	0.0576008
0.0402261	trans	0.0402261
0.263929	trans	0.263929
-0.0437931	trans	0.0437931
0.0441133	trans	0.0441133
0.0513748	trans	0.0513748
-0.0919394	trans	0.0919394
-0.0532916	trans	0.0532916
-0.0681815	trans	0.0681815
0.0619433	trans	0.0619433
-0.0484711	trans	0.0484711
0.429232	trans	0.429232
-0.0572899	trans	0.0572899
0.30301	trans	0.30301
-0.0427065	trans	0.0427065
0.208217	trans	0.208217
-0.0496476	trans	0.0496476
0.103315	trans	0.103315
-0.218301	trans	0.218301
0.201595	trans	0.201595
0.045932	trans	0.045932
-0.0849925	trans	0.0849925
0.538407	trans	0.538407
-0.141128	trans	0.141128
-0.12722	trans	0.12722
0.0710849	trans	0.0710849
0.0442841	trans	0.0442841
-0.0546379	trans	0.0546379
-0.0536403	trans	0.0536403
0.0569053	trans	0.0569053
0.0433027	trans	0.0433027
-0.0689392	trans	0.0689392
-0.0565105	trans	0.0565105
-0.246283	trans	0.246283
0.0826155	trans	0.0826155
-0.0515153	trans	0.0515153
0.711935	trans	0.711935
-0.132683	trans	0.132683
0.107595	trans	0.107595
0.0863661	trans	0.0863661
-0.0480777	trans	0.0480777
0.114996	trans	0.114996
-0.0420076	trans	0.0420076
-0.0467928	trans	0.0467928
0.053091	trans	0.053091
0.358337	trans	0.358337
-0.0997104	trans	0.0997104
0.0409625	trans	0.0409625
0.195285	trans	0.195285
0.0727088	trans	0.0727088
0.0464571	trans	0.0464571
0.0760142	trans	0.0760142
0.087795	trans	0.087795
0.046674	trans	0.046674
0.121388	trans	0.121388
0.0459205	trans	0.0459205
-0.0425979	trans	0.0425979
0.0672788	trans	0.0672788
0.0530842	trans	0.0530842
-0.0477889	trans	0.0477889
-0.114803	trans	0.114803
0.0462094	trans	0.0462094
0.512819	trans	0.512819
0.0495022	trans	0.0495022
-0.0468731	trans	0.0468731
0.0508058	trans	0.0508058
-0.0799906	trans	0.0799906
0.0414625	trans	0.0414625
-0.0458982	trans	0.0458982
0.129649	trans	0.129649
-0.0540641	trans	0.0540641
0.0690591	trans	0.0690591
0.0447992	trans	0.0447992
-0.0758666	trans	0.0758666
-0.0862902	trans	0.0862902
0.0539625	trans	0.0539625
-0.0545749	trans	0.0545749
0.166414	trans	0.166414
0.0455792	trans	0.0455792
-0.0616833	trans	0.0616833
-0.0537771	trans	0.0537771
0.128119	trans	0.128119
0.075247	trans	0.075247
0.0469909	trans	0.0469909
0.0464918	trans	0.0464918
0.0481696	trans	0.0481696
0.0494676	trans	0.0494676
0.104144	trans	0.104144
0.0558873	trans	0.0558873
-0.0451662	trans	0.0451662
-0.298381	trans	0.298381
-0.0448601	trans	0.0448601
-0.0570941	trans	0.0570941
0.0752849	trans	0.0752849
-0.101455	trans	0.101455
-0.0853413	trans	0.0853413
0.044989	trans	0.044989
-0.0985758	trans	0.0985758
0.0744591	trans	0.0744591
-0.0615071	trans	0.0615071
-0.421999	trans	0.421999
-0.0701567	trans	0.0701567
0.0615198	trans	0.0615198
-0.0497354	trans	0.0497354
0.0729144	trans	0.0729144
-0.0688809	trans	0.0688809
0.0658234	trans	0.0658234
-0.0445209	trans	0.0445209
0.0717917	trans	0.0717917
-0.0440088	trans	0.0440088
-0.0440474	trans	0.0440474
0.059683	trans	0.059683
0.0459821	trans	0.0459821
-0.0427405	trans	0.0427405
-0.0623522	trans	0.0623522
-0.0442159	trans	0.0442159
0.0583357	trans	0.0583357
-0.062886	trans	0.062886
0.0582508	trans	0.0582508
-0.0453248	trans	0.0453248
-0.0427525	trans	0.0427525
0.0716052	trans	0.0716052
-0.0584137	trans	0.0584137
0.463626	trans	0.463626
-0.238093	trans	0.238093
0.0501751	trans	0.0501751
-0.0601188	trans	0.0601188
-0.145353	trans	0.145353
-0.0380512	trans	0.0380512
0.15778	trans	0.15778
-0.0677461	trans	0.0677461
0.0385881	trans	0.0385881
-0.0679844	trans	0.0679844
0.0364594	trans	0.0364594
0.0544907	trans	0.0544907
0.0486336	trans	0.0486336
-0.0656344	trans	0.0656344
-0.0693924	trans	0.0693924
0.228555	trans	0.228555
0.18958	trans	0.18958
-0.0882496	trans	0.0882496
0.0418436	trans	0.0418436
-0.0522391	trans	0.0522391
0.0521211	trans	0.0521211
0.176961	trans	0.176961
0.0949117	trans	0.0949117
-0.0516612	trans	0.0516612
0.0596048	trans	0.0596048
-0.0743414	trans	0.0743414
-0.0567814	trans	0.0567814
0.112302	trans	0.112302
0.0648302	trans	0.0648302
-0.0436131	trans	0.0436131
0.0455282	trans	0.0455282
0.0792974	trans	0.0792974
0.0700577	trans	0.0700577
-0.0431534	trans	0.0431534
-0.109736	trans	0.109736
0.615692	trans	0.615692
0.464432	trans	0.464432
0.134602	trans	0.134602
0.539049	trans	0.539049
0.0439279	trans	0.0439279
0.101686	trans	0.101686
0.0512975	trans	0.0512975
-0.040575	trans	0.040575
0.532367	trans	0.532367
-0.264823	trans	0.264823
-0.112287	trans	0.112287
0.100864	trans	0.100864
-0.554012	trans	0.554012
0.427077	trans	0.427077
0.0421938	trans	0.0421938
0.0807946	trans	0.0807946
0.47427	trans	0.47427
0.0477636	trans	0.0477636
-0.268205	trans	0.268205
0.0447366	trans	0.0447366
-0.116468	trans	0.116468
0.0495002	trans	0.0495002
0.0409946	trans	0.0409946
-0.0745562	trans	0.0745562
-0.0519337	trans	0.0519337
0.060028	trans	0.060028
0.160888	trans	0.160888
0.137003	trans	0.137003
0.214952	trans	0.214952
-0.0448416	trans	0.0448416
0.0534664	trans	0.0534664
0.146256	trans	0.146256
0.0523682	trans	0.0523682
0.0442893	trans	0.0442893
0.0617049	trans	0.0617049
-0.077131	trans	0.077131
-0.0784283	trans	0.0784283
0.0538066	trans	0.0538066
0.0761834	trans	0.0761834
-0.04479	trans	0.04479
0.062558	trans	0.062558
0.0436814	trans	0.0436814
0.0497084	trans	0.0497084
0.0586517	trans	0.0586517
-0.0392646	trans	0.0392646
-0.0458311	trans	0.0458311
0.037661	trans	0.037661
0.0913477	trans	0.0913477
-0.0933359	trans	0.0933359
0.0399966	trans	0.0399966
-0.0446654	trans	0.0446654
-0.0501039	trans	0.0501039
0.052434	trans	0.052434
-0.153539	trans	0.153539
-0.213991	trans	0.213991
-0.0610866	trans	0.0610866
-0.106413	trans	0.106413
0.150011	trans	0.150011
0.0495055	trans	0.0495055
0.369367	trans	0.369367
0.0738181	trans	0.0738181
-0.0417733	trans	0.0417733
0.0667491	trans	0.0667491
0.0501047	trans	0.0501047
-0.0599371	trans	0.0599371
0.0447993	trans	0.0447993
0.0461612	trans	0.0461612
-0.0486181	trans	0.0486181
0.0441635	trans	0.0441635
-0.085935	trans	0.085935
-0.0399438	trans	0.0399438
0.071332	trans	0.071332
-0.193111	trans	0.193111
0.088035	trans	0.088035
0.0575429	trans	0.0575429
0.749809	trans	0.749809
0.300811	trans	0.300811
0.050152	trans	0.050152
-0.0607657	trans	0.0607657
-0.0800548	trans	0.0800548
0.0464655	trans	0.0464655
-0.0476074	trans	0.0476074
0.0499044	trans	0.0499044
0.06416	trans	0.06416
0.0428102	trans	0.0428102
0.0627654	trans	0.0627654
0.0447017	trans	0.0447017
0.115104	trans	0.115104
-0.133278	trans	0.133278
0.0421466	trans	0.0421466
-0.0448829	trans	0.0448829
0.05676	trans	0.05676
0.110666	trans	0.110666
0.0973945	trans	0.0973945
-0.0807879	trans	0.0807879
1.02581	trans	1.02581
0.0515004	trans	0.0515004
-0.054417	trans	0.054417
0.11522	trans	0.11522
0.0545549	trans	0.0545549
0.199387	trans	0.199387
0.0481522	trans	0.0481522
-0.0386337	trans	0.0386337
-0.0911415	trans	0.0911415
0.0451428	trans	0.0451428
-0.0523622	trans	0.0523622
-0.160009	trans	0.160009
-0.0984048	trans	0.0984048
-0.052616	trans	0.052616
0.0515955	trans	0.0515955
-0.0439399	trans	0.0439399
-0.12217	trans	0.12217
-0.11262	trans	0.11262
0.166701	trans	0.166701
-0.087438	trans	0.087438
-0.059163	trans	0.059163
-0.0679292	trans	0.0679292
0.639891	trans	0.639891
0.455114	trans	0.455114
0.696621	trans	0.696621
0.606869	trans	0.606869
0.527648	trans	0.527648
-0.667956	trans	0.667956
0.820121	trans	0.820121
0.860049	trans	0.860049
0.902075	trans	0.902075
0.529435	trans	0.529435
0.821132	trans	0.821132
-0.399162	trans	0.399162
-0.106788	trans	0.106788
0.975833	trans	0.975833
0.392214	trans	0.392214
0.394626	trans	0.394626
0.308476	trans	0.308476
-0.097799	trans	0.097799
-0.731035	trans	0.731035
0.450758	trans	0.450758
0.5292	trans	0.5292
0.683618	trans	0.683618
0.050461	trans	0.050461
-0.0460982	trans	0.0460982
-0.541004	trans	0.541004
0.640968	trans	0.640968
-0.557215	trans	0.557215
0.784419	trans	0.784419
0.0582249	trans	0.0582249
0.946716	trans	0.946716
0.24924	trans	0.24924
0.238824	trans	0.238824
0.0410106	trans	0.0410106
0.0406389	trans	0.0406389
0.0529022	trans	0.0529022
-0.063678	trans	0.063678
0.0556735	trans	0.0556735
0.0496602	trans	0.0496602
-0.0776306	trans	0.0776306
0.712056	trans	0.712056
0.124484	trans	0.124484
-0.463793	trans	0.463793
-0.0621978	trans	0.0621978
0.108749	trans	0.108749
-0.339954	trans	0.339954
-0.0474856	trans	0.0474856
0.0580074	trans	0.0580074
0.0636205	trans	0.0636205
0.0414559	trans	0.0414559
0.151061	trans	0.151061
-0.148448	trans	0.148448
0.0783073	trans	0.0783073
0.046958	trans	0.046958
-0.0431852	trans	0.0431852
0.0425161	trans	0.0425161
0.0458038	trans	0.0458038
-0.0474605	trans	0.0474605
-0.0510061	trans	0.0510061
-0.163475	trans	0.163475
-0.0679166	trans	0.0679166
-0.0487919	trans	0.0487919
-0.0430531	trans	0.0430531
0.0378529	trans	0.0378529
0.0418881	trans	0.0418881
0.0820642	trans	0.0820642
-0.0790306	trans	0.0790306
0.0667466	trans	0.0667466
0.0511503	trans	0.0511503
-0.0669385	trans	0.0669385
0.0544072	trans	0.0544072
-0.173667	trans	0.173667
0.053865	trans	0.053865
-0.0528422	trans	0.0528422
0.0689041	trans	0.0689041
0.0500889	trans	0.0500889
0.284599	trans	0.284599
0.0990509	trans	0.0990509
-0.106113	trans	0.106113
-0.0691174	trans	0.0691174
-0.0642223	trans	0.0642223
-0.165033	trans	0.165033
0.064108	trans	0.064108
0.059494	trans	0.059494
0.565626	trans	0.565626
-0.12268	trans	0.12268
0.0521869	trans	0.0521869
-0.0460726	trans	0.0460726
0.0484767	trans	0.0484767
0.070063	trans	0.070063
-0.0888966	trans	0.0888966
0.0494897	trans	0.0494897
-0.0634093	trans	0.0634093
0.139639	trans	0.139639
0.0550273	trans	0.0550273
0.0571201	trans	0.0571201
-0.0699658	trans	0.0699658
0.058966	trans	0.058966
0.0860354	trans	0.0860354
0.0400008	trans	0.0400008
0.0424015	trans	0.0424015
0.0465842	trans	0.0465842
0.0483813	trans	0.0483813
0.0898288	trans	0.0898288
-0.047106	trans	0.047106
0.0990435	trans	0.0990435
-0.0775131	trans	0.0775131
0.067825	trans	0.067825
0.231984	trans	0.231984
-0.157543	trans	0.157543
0.0543055	trans	0.0543055
-0.0901567	trans	0.0901567
-0.0450369	trans	0.0450369
-0.0731903	trans	0.0731903
0.0526908	trans	0.0526908
-0.0475612	trans	0.0475612
-0.0655153	trans	0.0655153
-0.123049	trans	0.123049
-0.0579623	trans	0.0579623
0.0619986	trans	0.0619986
-0.343832	trans	0.343832
-0.0613364	trans	0.0613364
-0.0767485	trans	0.0767485
0.205258	trans	0.205258
-0.0506382	trans	0.0506382
-0.0515253	trans	0.0515253
0.133654	trans	0.133654
0.12196	trans	0.12196
0.0850673	trans	0.0850673
-0.0629201	trans	0.0629201
-0.162411	trans	0.162411
0.140752	trans	0.140752
0.0861352	trans	0.0861352
0.0726376	trans	0.0726376
-0.575522	trans	0.575522
0.0469817	trans	0.0469817
-0.081246	trans	0.081246
-0.0448163	trans	0.0448163
-0.0352619	trans	0.0352619
0.0771551	trans	0.0771551
0.0416431	trans	0.0416431
0.0555588	trans	0.0555588
-0.0410722	trans	0.0410722
-0.049321	trans	0.049321
0.0921009	trans	0.0921009
-0.0382145	trans	0.0382145
0.042124	trans	0.042124
0.0859898	trans	0.0859898
-0.0851697	trans	0.0851697
0.157361	trans	0.157361
-0.089453	trans	0.089453
0.629585	trans	0.629585
-0.0768448	trans	0.0768448
0.0375125	trans	0.0375125
-0.0346104	trans	0.0346104
-0.0387912	trans	0.0387912
-0.0452421	trans	0.0452421
0.0593852	trans	0.0593852
0.0671327	trans	0.0671327
0.048028	trans	0.048028
0.0539608	trans	0.0539608
-0.0426484	trans	0.0426484
-0.133786	trans	0.133786
-0.0873607	trans	0.0873607
0.0448872	trans	0.0448872
0.0460245	trans	0.0460245
0.0903925	trans	0.0903925
-0.0528735	trans	0.0528735
0.0436805	trans	0.0436805
-0.160582	trans	0.160582
0.0409765	trans	0.0409765
-0.0680489	trans	0.0680489
-0.0622286	trans	0.0622286
-0.0519329	trans	0.0519329
-0.0612967	trans	0.0612967
-0.050713	trans	0.050713
0.195551	trans	0.195551
0.0408211	trans	0.0408211
0.202998	trans	0.202998
-0.0452094	trans	0.0452094
0.0725041	trans	0.0725041
0.317912	trans	0.317912
-0.0818142	trans	0.0818142
0.0447434	trans	0.0447434
-0.0901204	trans	0.0901204
-0.211119	trans	0.211119
-0.66382	trans	0.66382
0.0523369	trans	0.0523369
0.260567	trans	0.260567
-0.061014	trans	0.061014
0.0451207	trans	0.0451207
-0.0998199	trans	0.0998199
-0.0546058	trans	0.0546058
-0.0376678	trans	0.0376678
1.02299	trans	1.02299
0.034612	trans	0.034612
0.0453946	trans	0.0453946
-0.0761841	trans	0.0761841
-0.1741	trans	0.1741
0.341405	trans	0.341405
0.0727344	trans	0.0727344
0.0874978	trans	0.0874978
-0.0627371	trans	0.0627371
0.0640063	trans	0.0640063
0.0410362	trans	0.0410362
-0.0649638	trans	0.0649638
0.0408592	trans	0.0408592
0.0383038	trans	0.0383038
0.197607	trans	0.197607
-0.0755026	trans	0.0755026
0.0661309	trans	0.0661309
-0.0681086	trans	0.0681086
0.0799538	trans	0.0799538
-0.0443456	trans	0.0443456
0.590802	trans	0.590802
-0.0796414	trans	0.0796414
0.0539078	trans	0.0539078
-0.0363296	trans	0.0363296
-0.27214	trans	0.27214
0.165628	trans	0.165628
-0.0476965	trans	0.0476965
0.0643876	trans	0.0643876
0.154609	trans	0.154609
-0.0429783	trans	0.0429783
0.135654	trans	0.135654
-0.0429991	trans	0.0429991
0.152186	trans	0.152186
0.0615038	trans	0.0615038
0.0443998	trans	0.0443998
-0.0989483	trans	0.0989483
-0.0567009	trans	0.0567009
0.0644505	trans	0.0644505
-0.0720518	trans	0.0720518
0.319587	trans	0.319587
0.0516771	trans	0.0516771
-0.0413381	trans	0.0413381
0.109954	trans	0.109954
-0.239843	trans	0.239843
-0.0502689	trans	0.0502689
-0.0438963	trans	0.0438963
-0.0509356	trans	0.0509356
0.265608	trans	0.265608
-0.232808	trans	0.232808
-0.0743316	trans	0.0743316
-0.0398906	trans	0.0398906
0.117179	trans	0.117179
-0.0459122	trans	0.0459122
0.13173	trans	0.13173
0.24225	trans	0.24225
0.0428197	trans	0.0428197
-0.0601952	trans	0.0601952
-0.0366078	trans	0.0366078
-0.0539942	trans	0.0539942
-0.0498111	trans	0.0498111
0.0475784	trans	0.0475784
-0.467702	trans	0.467702
-0.0444252	trans	0.0444252
-0.05159	trans	0.05159
0.0505062	trans	0.0505062
-0.0452326	trans	0.0452326
-0.0463694	trans	0.0463694
0.0533483	trans	0.0533483
-0.0649421	trans	0.0649421
-0.0475529	trans	0.0475529
0.0562132	trans	0.0562132
0.0627985	trans	0.0627985
-0.16897	trans	0.16897
-0.150892	trans	0.150892
0.0920552	trans	0.0920552
-0.060183	trans	0.060183
-0.0466006	trans	0.0466006
-0.0458039	trans	0.0458039
-0.13363	trans	0.13363
0.0476714	trans	0.0476714
-0.0837766	trans	0.0837766
0.0595934	trans	0.0595934
-0.108315	trans	0.108315
-0.0584451	trans	0.0584451
0.0459329	trans	0.0459329
0.276385	trans	0.276385
-0.0945337	trans	0.0945337
0.32334	trans	0.32334
-0.0507929	trans	0.0507929
0.0945025	trans	0.0945025
0.674518	trans	0.674518
0.638884	trans	0.638884
-0.081764	trans	0.081764
0.161644	trans	0.161644
0.0672281	trans	0.0672281
-0.0478362	trans	0.0478362
-0.0553549	trans	0.0553549
-0.11661	trans	0.11661
-0.281671	trans	0.281671
0.0441707	trans	0.0441707
0.0541885	trans	0.0541885
-0.0396666	trans	0.0396666
-0.112541	trans	0.112541
0.241814	trans	0.241814
-0.0627249	trans	0.0627249
-0.0704285	trans	0.0704285
0.0641243	trans	0.0641243
1.04403	trans	1.04403
-0.0525353	trans	0.0525353
0.0943588	trans	0.0943588
0.0757277	trans	0.0757277
-0.0657715	trans	0.0657715
0.0684879	trans	0.0684879
-0.0509657	trans	0.0509657
-0.0434988	trans	0.0434988
0.395647	trans	0.395647
0.385734	trans	0.385734
-0.0418192	trans	0.0418192
0.0595629	trans	0.0595629
0.557203	trans	0.557203
0.797494	trans	0.797494
-0.0556917	trans	0.0556917
0.423899	trans	0.423899
0.0924551	trans	0.0924551
-0.0412621	trans	0.0412621
-0.088467	trans	0.088467
-0.037215	trans	0.037215
-0.0436363	trans	0.0436363
0.123222	trans	0.123222
0.494876	trans	0.494876
0.31079	trans	0.31079
-0.523082	trans	0.523082
-0.074635	trans	0.074635
-0.0377249	trans	0.0377249
-0.0522145	trans	0.0522145
0.0434231	trans	0.0434231
-0.057417	trans	0.057417
-0.0493185	trans	0.0493185
-0.0502563	trans	0.0502563
-0.0620443	trans	0.0620443
-0.0528791	trans	0.0528791
0.207019	trans	0.207019
0.152317	trans	0.152317
-0.067195	trans	0.067195
-0.154804	trans	0.154804
-0.0388981	trans	0.0388981
-0.0703546	trans	0.0703546
0.153712	trans	0.153712
-0.0640853	trans	0.0640853
0.0399764	trans	0.0399764
-0.0438672	trans	0.0438672
-0.0532835	trans	0.0532835
-0.591586	trans	0.591586
-0.0515188	trans	0.0515188
0.122909	trans	0.122909
0.0510115	trans	0.0510115
-0.0523965	trans	0.0523965
-0.066652	trans	0.066652
-0.0750651	trans	0.0750651
0.304554	trans	0.304554
-0.0778972	trans	0.0778972
0.0377615	trans	0.0377615
-0.322862	trans	0.322862
-0.0629059	trans	0.0629059
-0.0395764	trans	0.0395764
-0.496869	trans	0.496869
0.0559284	trans	0.0559284
0.103275	trans	0.103275
0.0421147	trans	0.0421147
0.342624	trans	0.342624
-0.0433183	trans	0.0433183
0.0619378	trans	0.0619378
-0.134749	trans	0.134749
-0.0469227	trans	0.0469227
-0.79496	trans	0.79496
-0.0474093	trans	0.0474093
-0.0571325	trans	0.0571325
-0.110036	trans	0.110036
0.231955	trans	0.231955
0.0831555	trans	0.0831555
-0.202951	trans	0.202951
-0.287922	trans	0.287922
-0.0434389	trans	0.0434389
-0.0497054	trans	0.0497054
0.0472096	trans	0.0472096
-0.0701212	trans	0.0701212
0.0409904	trans	0.0409904
0.0470745	trans	0.0470745
0.0430724	trans	0.0430724
-0.0502719	trans	0.0502719
-0.0489474	trans	0.0489474
-0.0485629	trans	0.0485629
0.103144	trans	0.103144
0.265903	trans	0.265903
0.0976605	trans	0.0976605
0.154263	trans	0.154263
0.078131	trans	0.078131
-0.225705	trans	0.225705
-0.133686	trans	0.133686
-0.0591187	trans	0.0591187
-0.156716	trans	0.156716
0.0706234	trans	0.0706234
-0.0519276	trans	0.0519276
-0.0579113	trans	0.0579113
0.0556641	trans	0.0556641
-0.0479974	trans	0.0479974
-0.0682856	trans	0.0682856
-0.0625333	trans	0.0625333
-0.0470528	trans	0.0470528
0.0536713	trans	0.0536713
0.0751118	trans	0.0751118
0.0733048	trans	0.0733048
-0.0945461	trans	0.0945461
0.0536534	trans	0.0536534
-0.0464669	trans	0.0464669
0.0592296	trans	0.0592296
-0.114631	trans	0.114631
0.0543388	trans	0.0543388
-0.0474739	trans	0.0474739
0.0455849	trans	0.0455849
0.0392364	trans	0.0392364
-0.0481295	trans	0.0481295
0.0956812	trans	0.0956812
-0.102454	trans	0.102454
0.0525354	trans	0.0525354
0.0526274	trans	0.0526274
0.0534471	trans	0.0534471
-1.05773	trans	1.05773
0.0687005	trans	0.0687005
0.0528162	trans	0.0528162
0.0549312	trans	0.0549312
0.181223	trans	0.181223
-0.0644471	trans	0.0644471
-0.301991	trans	0.301991
0.138524	trans	0.138524
-0.0421625	trans	0.0421625
-0.045917	trans	0.045917
-0.0562026	trans	0.0562026
-0.0798281	trans	0.0798281
0.0431901	trans	0.0431901
-0.054214	trans	0.054214
-0.0448178	trans	0.0448178
0.0730893	trans	0.0730893
0.0904097	trans	0.0904097
-0.0431422	trans	0.0431422
1.19919	trans	1.19919
0.193332	trans	0.193332
0.0860128	trans	0.0860128
-0.0930662	trans	0.0930662
-0.0562017	trans	0.0562017
-0.0657849	trans	0.0657849
0.0582619	trans	0.0582619
-0.0485799	trans	0.0485799
-0.346882	trans	0.346882
0.300279	trans	0.300279
0.0548705	trans	0.0548705
-0.0720587	trans	0.0720587
-0.247468	trans	0.247468
-0.0760927	trans	0.0760927
-0.0427176	trans	0.0427176
0.0402129	trans	0.0402129
-0.0434335	trans	0.0434335
0.0444351	trans	0.0444351
0.0818241	trans	0.0818241
0.0564536	trans	0.0564536
-0.0830088	trans	0.0830088
0.0482149	trans	0.0482149
-0.0504367	trans	0.0504367
0.0473264	trans	0.0473264
-0.0426143	trans	0.0426143
-0.0688052	trans	0.0688052
0.0675329	trans	0.0675329
0.0715057	trans	0.0715057
0.482169	trans	0.482169
0.0404245	trans	0.0404245
-0.0435754	trans	0.0435754
0.624586	trans	0.624586
-0.0351608	trans	0.0351608
0.0767775	trans	0.0767775
-0.0802591	trans	0.0802591
0.383772	trans	0.383772
0.698575	trans	0.698575
-0.0477753	trans	0.0477753
-0.0456604	trans	0.0456604
0.0917119	trans	0.0917119
-0.0344925	trans	0.0344925
0.0494181	trans	0.0494181
0.0363004	trans	0.0363004
0.0523419	trans	0.0523419
0.0668002	trans	0.0668002
0.0528453	trans	0.0528453
0.584094	trans	0.584094
0.0991587	trans	0.0991587
0.365965	trans	0.365965
-0.038144	trans	0.038144
0.0558627	trans	0.0558627
0.107354	trans	0.107354
-0.100341	trans	0.100341
0.345605	trans	0.345605
0.51733	trans	0.51733
0.555675	trans	0.555675
0.0767219	trans	0.0767219
-0.036832	trans	0.036832
-0.0348796	trans	0.0348796
-0.0885083	trans	0.0885083
0.0487175	trans	0.0487175
0.106726	trans	0.106726
0.0419055	trans	0.0419055
-0.270012	trans	0.270012
-0.0413203	trans	0.0413203
0.0521598	trans	0.0521598
0.0422436	trans	0.0422436
-0.0580276	trans	0.0580276
0.0506942	trans	0.0506942
0.0577914	trans	0.0577914
0.0867503	trans	0.0867503
0.043156	trans	0.043156
0.0473741	trans	0.0473741
0.0897547	trans	0.0897547
-0.0429782	trans	0.0429782
0.0604952	trans	0.0604952
-0.0475767	trans	0.0475767
0.0548923	trans	0.0548923
0.0494243	trans	0.0494243
0.0793099	trans	0.0793099
0.0572087	trans	0.0572087
0.113794	trans	0.113794
0.103052	trans	0.103052
0.0424872	trans	0.0424872
-0.0598648	trans	0.0598648
-0.0683478	trans	0.0683478
0.0503351	trans	0.0503351
0.0619369	trans	0.0619369
-0.0586534	trans	0.0586534
0.0460171	trans	0.0460171
-0.0542692	trans	0.0542692
0.0844217	trans	0.0844217
-0.0601638	trans	0.0601638
0.0720394	trans	0.0720394
0.0566991	trans	0.0566991
0.0584142	trans	0.0584142
0.0723468	trans	0.0723468
-0.0429357	trans	0.0429357
-0.0541446	trans	0.0541446
-0.0555383	trans	0.0555383
0.0626317	trans	0.0626317
0.0588695	trans	0.0588695
-0.0537873	trans	0.0537873
0.0476807	trans	0.0476807
0.0556864	trans	0.0556864
0.0528964	trans	0.0528964
0.0458087	trans	0.0458087
-0.0501098	trans	0.0501098
-0.0450176	trans	0.0450176
0.0448407	trans	0.0448407
0.0441535	trans	0.0441535
-0.578526	trans	0.578526
0.0501134	trans	0.0501134
0.0486189	trans	0.0486189
-0.0493031	trans	0.0493031
0.0626957	trans	0.0626957
-0.0456879	trans	0.0456879
-0.0440551	trans	0.0440551
-0.065485	trans	0.065485
0.0553134	trans	0.0553134
0.246097	trans	0.246097
0.0579539	trans	0.0579539
-0.0570319	trans	0.0570319
-0.0431458	trans	0.0431458
-0.0548805	trans	0.0548805
-0.111327	trans	0.111327
0.0712382	trans	0.0712382
0.446387	trans	0.446387
0.189592	trans	0.189592
0.20507	trans	0.20507
0.0485516	trans	0.0485516
0.0623757	trans	0.0623757
0.103201	trans	0.103201
0.338697	trans	0.338697
0.0688829	trans	0.0688829
0.0992045	trans	0.0992045
0.0527633	trans	0.0527633
-0.188671	trans	0.188671
-0.0512066	trans	0.0512066
0.433313	trans	0.433313
0.0930502	trans	0.0930502
-0.0415612	trans	0.0415612
-0.112667	trans	0.112667
-0.0495668	trans	0.0495668
0.0420394	trans	0.0420394
-0.0678968	trans	0.0678968
-0.304105	trans	0.304105
-0.12119	trans	0.12119
0.0772323	trans	0.0772323
0.067062	trans	0.067062
-0.0539825	trans	0.0539825
0.0506919	trans	0.0506919
-0.0652972	trans	0.0652972
-0.158122	trans	0.158122
0.0620471	trans	0.0620471
-0.0423933	trans	0.0423933
0.0504183	trans	0.0504183
1.27175	trans	1.27175
-0.0432845	trans	0.0432845
-0.0398696	trans	0.0398696
0.0500587	trans	0.0500587
0.0511034	trans	0.0511034
-0.0457548	trans	0.0457548
-0.191596	trans	0.191596
0.104063	trans	0.104063
0.053417	trans	0.053417
-0.079851	trans	0.079851
0.211435	trans	0.211435
0.0436518	trans	0.0436518
0.0468326	trans	0.0468326
0.0579397	trans	0.0579397
-0.0492359	trans	0.0492359
-0.0508817	trans	0.0508817
-0.518513	trans	0.518513
-0.0469697	trans	0.0469697
-0.0601478	trans	0.0601478
-0.0509229	trans	0.0509229
-0.0428992	trans	0.0428992
0.0441549	trans	0.0441549
-0.0574245	trans	0.0574245
0.0673255	trans	0.0673255
0.59816	trans	0.59816
0.0575899	trans	0.0575899
-0.132126	trans	0.132126
0.109107	trans	0.109107
-0.676431	trans	0.676431
-0.0593232	trans	0.0593232
0.0504461	trans	0.0504461
0.0622402	trans	0.0622402
0.0480265	trans	0.0480265
-0.375694	trans	0.375694
0.0495675	trans	0.0495675
-0.13511	trans	0.13511
-0.051763	trans	0.051763
-0.036849	trans	0.036849
0.0572665	trans	0.0572665
0.459229	trans	0.459229
-0.0662592	trans	0.0662592
0.0737062	trans	0.0737062
0.0514849	trans	0.0514849
0.0545121	trans	0.0545121
-0.0441886	trans	0.0441886
0.277775	trans	0.277775
0.149298	trans	0.149298
0.0556816	trans	0.0556816
0.0516858	trans	0.0516858
0.0828209	trans	0.0828209
0.120977	trans	0.120977
0.283924	trans	0.283924
-0.0433397	trans	0.0433397
-0.0409558	trans	0.0409558
0.143901	trans	0.143901
-0.0485271	trans	0.0485271
0.104374	trans	0.104374
0.0483086	trans	0.0483086
0.166674	trans	0.166674
0.0491939	trans	0.0491939
0.131522	trans	0.131522
0.101858	trans	0.101858
0.0825265	trans	0.0825265
0.0467074	trans	0.0467074
0.662121	trans	0.662121
0.0397911	trans	0.0397911
0.20818	trans	0.20818
-0.0762375	trans	0.0762375
0.11164	trans	0.11164
0.0750206	trans	0.0750206
0.0624665	trans	0.0624665
0.110667	trans	0.110667
-0.0734793	trans	0.0734793
0.0458606	trans	0.0458606
-0.0700912	trans	0.0700912
0.0523191	trans	0.0523191
0.0433887	trans	0.0433887
0.120329	trans	0.120329
-0.0557099	trans	0.0557099
-0.0484353	trans	0.0484353
0.0812301	trans	0.0812301
0.0546902	trans	0.0546902
-0.0987822	trans	0.0987822
-0.0450509	trans	0.0450509
0.101733	trans	0.101733
0.261157	trans	0.261157
-0.0463211	trans	0.0463211
0.305171	trans	0.305171
0.140797	trans	0.140797
-0.146439	trans	0.146439
0.04309	trans	0.04309
0.0507631	trans	0.0507631
0.0401696	trans	0.0401696
-0.0421538	trans	0.0421538
0.0404888	trans	0.0404888
-0.0520826	trans	0.0520826
0.0313918	trans	0.0313918
0.0656044	trans	0.0656044
-0.0409729	trans	0.0409729
-0.0549115	trans	0.0549115
-0.062114	trans	0.062114
0.0776125	trans	0.0776125
0.885043	trans	0.885043
0.772362	trans	0.772362
0.15788	trans	0.15788
0.0804852	trans	0.0804852
-0.0959828	trans	0.0959828
0.0544866	trans	0.0544866
0.0416762	trans	0.0416762
-0.0808068	trans	0.0808068
-0.124902	trans	0.124902
0.0660749	trans	0.0660749
-0.0471543	trans	0.0471543
0.0538456	trans	0.0538456
-0.043598	trans	0.043598
-0.048782	trans	0.048782
0.0439942	trans	0.0439942
0.0497562	trans	0.0497562
0.236242	trans	0.236242
-0.14523	trans	0.14523
-0.0390651	trans	0.0390651
-0.0410952	trans	0.0410952
-0.0516837	trans	0.0516837
-0.0486682	trans	0.0486682
0.0894576	trans	0.0894576
-0.0490045	trans	0.0490045
0.0653255	trans	0.0653255
0.052389	trans	0.052389
-0.0538781	trans	0.0538781
-0.0497487	trans	0.0497487
-0.0767213	trans	0.0767213
-0.0966378	trans	0.0966378
0.0533407	trans	0.0533407
-0.163015	trans	0.163015
0.0805217	trans	0.0805217
0.407369	trans	0.407369
-0.0623641	trans	0.0623641
0.112731	trans	0.112731
0.0455485	trans	0.0455485
0.0409596	trans	0.0409596
-0.0625039	trans	0.0625039
-0.113019	trans	0.113019
-0.0731924	trans	0.0731924
0.134939	trans	0.134939
0.162351	trans	0.162351
0.146461	trans	0.146461
-0.0688568	trans	0.0688568
-0.0491528	trans	0.0491528
-0.0514891	trans	0.0514891
-0.0468355	trans	0.0468355
-0.0695288	trans	0.0695288
0.148333	trans	0.148333
0.102912	trans	0.102912
0.101783	trans	0.101783
0.0283093	trans	0.0283093
0.413685	trans	0.413685
0.149077	trans	0.149077
-1.29723	trans	1.29723
0.0283557	trans	0.0283557
0.236578	trans	0.236578
0.0252977	trans	0.0252977
-0.532319	trans	0.532319
0.0279647	trans	0.0279647
-0.0878848	trans	0.0878848
0.236034	trans	0.236034
0.310513	trans	0.310513
0.0264146	trans	0.0264146
0.169131	trans	0.169131
0.0567209	trans	0.0567209
-0.0488008	trans	0.0488008
-0.0463895	trans	0.0463895
-0.0604101	trans	0.0604101
-0.0594357	trans	0.0594357
-0.067966	trans	0.067966
0.196611	trans	0.196611
0.111471	trans	0.111471
0.101911	trans	0.101911
0.624736	trans	0.624736
-0.0992696	trans	0.0992696
-0.087039	trans	0.087039
0.224315	trans	0.224315
-0.044478	trans	0.044478
-0.0691995	trans	0.0691995
0.0460602	trans	0.0460602
-0.0436299	trans	0.0436299
-0.0814079	trans	0.0814079
-0.0438548	trans	0.0438548
0.103565	trans	0.103565
0.30406	trans	0.30406
-0.0693137	trans	0.0693137
-0.049351	trans	0.049351
-0.0470539	trans	0.0470539
-0.0586191	trans	0.0586191
-0.071167	trans	0.071167
-0.0407257	trans	0.0407257
0.0458848	trans	0.0458848
0.0462683	trans	0.0462683
-0.0845816	trans	0.0845816
0.0479422	trans	0.0479422
-0.144734	trans	0.144734
-0.0502373	trans	0.0502373
0.0613453	trans	0.0613453
0.0578706	trans	0.0578706
-0.11626	trans	0.11626
0.0364528	trans	0.0364528
-0.0399422	trans	0.0399422
0.0411674	trans	0.0411674
1.0778	trans	1.0778
1.05031	trans	1.05031
-0.0523418	trans	0.0523418
0.0809241	trans	0.0809241
-0.0459569	trans	0.0459569
0.118336	trans	0.118336
0.0518049	trans	0.0518049
0.0530924	trans	0.0530924
0.0491194	trans	0.0491194
-0.0424053	trans	0.0424053
-0.0563646	trans	0.0563646
0.0548423	trans	0.0548423
0.0556898	trans	0.0556898
0.0784939	trans	0.0784939
0.055695	trans	0.055695
0.0572805	trans	0.0572805
-0.0470944	trans	0.0470944
0.0705506	trans	0.0705506
0.0619282	trans	0.0619282
-0.0433724	trans	0.0433724
-0.0457072	trans	0.0457072
-0.0418	trans	0.0418
0.0492648	trans	0.0492648
0.0627247	trans	0.0627247
-0.045537	trans	0.045537
0.783157	trans	0.783157
-0.0552932	trans	0.0552932
-0.0666924	trans	0.0666924
0.0645765	trans	0.0645765
0.0498244	trans	0.0498244
-0.0506707	trans	0.0506707
-0.0556472	trans	0.0556472
0.0496301	trans	0.0496301
0.0543449	trans	0.0543449
0.15009	trans	0.15009
-0.0552662	trans	0.0552662
0.0584363	trans	0.0584363
0.0750729	trans	0.0750729
-0.0461906	trans	0.0461906
-0.0450786	trans	0.0450786
0.254243	trans	0.254243
0.0568235	trans	0.0568235
0.0512831	trans	0.0512831
-0.110098	trans	0.110098
-0.0593709	trans	0.0593709
-0.0560478	trans	0.0560478
0.559925	trans	0.559925
0.281748	trans	0.281748
0.0751482	trans	0.0751482
-0.0575924	trans	0.0575924
0.0594322	trans	0.0594322
0.0492603	trans	0.0492603
-0.0503133	trans	0.0503133
-0.0911154	trans	0.0911154
0.0696592	trans	0.0696592
0.0423061	trans	0.0423061
-0.117424	trans	0.117424
0.322612	trans	0.322612
0.0766574	trans	0.0766574
-0.149477	trans	0.149477
-0.0445113	trans	0.0445113
0.0451859	trans	0.0451859
-0.118456	trans	0.118456
0.0491199	trans	0.0491199
0.0471906	trans	0.0471906
0.0903792	trans	0.0903792
0.0555553	trans	0.0555553
0.30461	trans	0.30461
0.171716	trans	0.171716
-0.0846174	trans	0.0846174
0.51783	trans	0.51783
0.324712	trans	0.324712
-0.165331	trans	0.165331
-0.0792042	trans	0.0792042
-0.11211	trans	0.11211
0.0877448	trans	0.0877448
-0.0827869	trans	0.0827869
-0.162667	trans	0.162667
-0.0483753	trans	0.0483753
0.0641952	trans	0.0641952
0.0599209	trans	0.0599209
0.0410465	trans	0.0410465
-0.123801	trans	0.123801
0.557246	trans	0.557246
0.040633	trans	0.040633
-0.134294	trans	0.134294
0.0722533	trans	0.0722533
-0.047782	trans	0.047782
0.0465256	trans	0.0465256
0.712079	trans	0.712079
0.0804329	trans	0.0804329
0.107639	trans	0.107639
0.0474191	trans	0.0474191
0.162473	trans	0.162473
0.0498779	trans	0.0498779
-0.109307	trans	0.109307
-0.208923	trans	0.208923
-0.0561666	trans	0.0561666
0.0452943	trans	0.0452943
-0.0539996	trans	0.0539996
-0.0790832	trans	0.0790832
-0.0390638	trans	0.0390638
0.0523712	trans	0.0523712
-0.0444424	trans	0.0444424
0.040609	trans	0.040609
0.193389	trans	0.193389
-0.255774	trans	0.255774
-0.0710688	trans	0.0710688
0.185753	trans	0.185753
-0.0473363	trans	0.0473363
0.055954	trans	0.055954
0.0473719	trans	0.0473719
-0.0417923	trans	0.0417923
-0.141004	trans	0.141004
0.11351	trans	0.11351
0.0470636	trans	0.0470636
-0.0722179	trans	0.0722179
0.0439155	trans	0.0439155
0.0568001	trans	0.0568001
-0.0435393	trans	0.0435393
0.0447726	trans	0.0447726
-0.0438902	trans	0.0438902
-0.0433734	trans	0.0433734
0.045557	trans	0.045557
-0.0425871	trans	0.0425871
-0.095371	trans	0.095371
-0.0544968	trans	0.0544968
0.0694966	trans	0.0694966
0.734539	trans	0.734539
0.0501727	trans	0.0501727
-0.0585422	trans	0.0585422
0.20778	trans	0.20778
0.0503105	trans	0.0503105
-0.0644065	trans	0.0644065
0.106755	trans	0.106755
0.0486515	trans	0.0486515
-0.0743396	trans	0.0743396
-0.0682903	trans	0.0682903
0.0465474	trans	0.0465474
0.0425748	trans	0.0425748
0.0576211	trans	0.0576211
-0.0429566	trans	0.0429566
-0.0616804	trans	0.0616804
0.0499987	trans	0.0499987
-0.0488244	trans	0.0488244
0.0698484	trans	0.0698484
-0.0553986	trans	0.0553986
0.0790764	trans	0.0790764
0.052364	trans	0.052364
-0.130773	trans	0.130773
0.0523411	trans	0.0523411
-0.0758758	trans	0.0758758
-0.0492087	trans	0.0492087
-0.0653999	trans	0.0653999
-0.170891	trans	0.170891
-0.0528986	trans	0.0528986
1.04741	trans	1.04741
0.0448676	trans	0.0448676
0.137128	trans	0.137128
-0.0995602	trans	0.0995602
-0.220914	trans	0.220914
0.0746129	trans	0.0746129
0.0396244	trans	0.0396244
-0.071324	trans	0.071324
0.101511	trans	0.101511
0.0555037	trans	0.0555037
0.0629641	trans	0.0629641
0.121876	trans	0.121876
-0.0621633	trans	0.0621633
-0.118603	trans	0.118603
0.049253	trans	0.049253
-0.0545827	trans	0.0545827
0.0745828	trans	0.0745828
0.0886019	trans	0.0886019
0.076999	trans	0.076999
-0.0443962	trans	0.0443962
-0.0514654	trans	0.0514654
-0.0545169	trans	0.0545169
0.0423677	trans	0.0423677
0.0501937	trans	0.0501937
-0.0399077	trans	0.0399077
-0.120569	trans	0.120569
-0.0554606	trans	0.0554606
0.0752673	trans	0.0752673
0.0464291	trans	0.0464291
-0.0548626	trans	0.0548626
-0.0510629	trans	0.0510629
0.0600976	trans	0.0600976
-0.0562703	trans	0.0562703
-0.0835312	trans	0.0835312
0.049735	trans	0.049735
-0.046657	trans	0.046657
-0.0693501	trans	0.0693501
0.0954032	trans	0.0954032
-0.11623	trans	0.11623
0.072215	trans	0.072215
0.0420233	trans	0.0420233
-0.0502672	trans	0.0502672
0.0638866	trans	0.0638866
0.0713659	trans	0.0713659
0.0503448	trans	0.0503448
-0.0436832	trans	0.0436832
-0.0437407	trans	0.0437407
-0.125819	trans	0.125819
0.162113	trans	0.162113
0.0593105	trans	0.0593105
-0.0647974	trans	0.0647974
-0.0362765	trans	0.0362765
0.731027	trans	0.731027
-0.0421311	trans	0.0421311
-0.0378337	trans	0.0378337
-0.027314	trans	0.027314
0.0319296	trans	0.0319296
-0.0363878	trans	0.0363878
-0.0420526	trans	0.0420526
-0.220175	trans	0.220175
0.157736	trans	0.157736
-0.0386721	trans	0.0386721
0.0847838	trans	0.0847838
-0.275762	trans	0.275762
-0.176907	trans	0.176907
0.0592489	trans	0.0592489
0.31656	trans	0.31656
0.0620599	trans	0.0620599
0.0499571	trans	0.0499571
-0.0505071	trans	0.0505071
-0.153553	trans	0.153553
0.0516146	trans	0.0516146
0.0534672	trans	0.0534672
-0.0633756	trans	0.0633756
0.525518	trans	0.525518
0.119415	trans	0.119415
-0.289622	trans	0.289622
0.0650884	trans	0.0650884
0.189543	trans	0.189543
0.0700912	trans	0.0700912
-0.0519198	trans	0.0519198
0.0758988	trans	0.0758988
-0.439921	trans	0.439921
0.0438745	trans	0.0438745
1.11913	trans	1.11913
-0.0474185	trans	0.0474185
-0.062868	trans	0.062868
0.0495042	trans	0.0495042
-0.127698	trans	0.127698
0.106694	trans	0.106694
0.102007	trans	0.102007
0.0430586	trans	0.0430586
0.172948	trans	0.172948
0.191922	trans	0.191922
-0.201527	trans	0.201527
-0.0559617	trans	0.0559617
-0.0418273	trans	0.0418273
0.112013	trans	0.112013
0.0999901	trans	0.0999901
0.0948892	trans	0.0948892
-0.0919274	trans	0.0919274
0.050394	trans	0.050394
-0.0485629	trans	0.0485629
-0.0534514	trans	0.0534514
0.788312	trans	0.788312
-0.0480024	trans	0.0480024
-0.047064	trans	0.047064
0.124009	trans	0.124009
0.0450985	trans	0.0450985
-0.0562108	trans	0.0562108
0.0515197	trans	0.0515197
0.0512845	trans	0.0512845
0.0707471	trans	0.0707471
-0.0475362	trans	0.0475362
0.147005	trans	0.147005
0.0423622	trans	0.0423622
-0.0647086	trans	0.0647086
0.138208	trans	0.138208
-0.0631128	trans	0.0631128
-0.0634659	trans	0.0634659
0.0439649	trans	0.0439649
-0.0567603	trans	0.0567603
-0.0533241	trans	0.0533241
0.0509484	trans	0.0509484
0.0424097	trans	0.0424097
-0.0419297	trans	0.0419297
0.0769983	trans	0.0769983
0.0579299	trans	0.0579299
-0.0413312	trans	0.0413312
0.0462504	trans	0.0462504
0.0556989	trans	0.0556989
0.0464637	trans	0.0464637
-0.112155	trans	0.112155
-0.133164	trans	0.133164
-0.0712341	trans	0.0712341
0.199028	trans	0.199028
0.0815734	trans	0.0815734
0.0593439	trans	0.0593439
0.499525	trans	0.499525
0.0860255	trans	0.0860255
0.0647609	trans	0.0647609
0.0498047	trans	0.0498047
-0.115455	trans	0.115455
-0.059654	trans	0.059654
-0.0508366	trans	0.0508366
0.0761812	trans	0.0761812
-0.0501309	trans	0.0501309
-0.0420082	trans	0.0420082
-0.0562349	trans	0.0562349
-0.0869303	trans	0.0869303
0.0489824	trans	0.0489824
-0.0428009	trans	0.0428009
0.458562	trans	0.458562
0.0670152	trans	0.0670152
-0.0652637	trans	0.0652637
0.0569305	trans	0.0569305
0.0479533	trans	0.0479533
0.0628248	trans	0.0628248
0.516256	trans	0.516256
-0.0738862	trans	0.0738862
-0.042721	trans	0.042721
0.43643	trans	0.43643
-0.0426151	trans	0.0426151
0.314096	trans	0.314096
0.0687204	trans	0.0687204
0.0527009	trans	0.0527009
-0.0840096	trans	0.0840096
0.0526799	trans	0.0526799
0.0585406	trans	0.0585406
0.0474595	trans	0.0474595
0.049178	trans	0.049178
0.204983	trans	0.204983
0.0409488	trans	0.0409488
0.0534721	trans	0.0534721
-0.0396465	trans	0.0396465
-0.0564414	trans	0.0564414
-0.0748188	trans	0.0748188
0.0545369	trans	0.0545369
-0.0505341	trans	0.0505341
0.0552671	trans	0.0552671
-0.204811	trans	0.204811
-0.223324	trans	0.223324
-0.244195	trans	0.244195
0.0856327	trans	0.0856327
0.140312	trans	0.140312
0.0423885	trans	0.0423885
0.0548627	trans	0.0548627
0.0657749	trans	0.0657749
0.0527111	trans	0.0527111
0.109255	trans	0.109255
-0.0559539	trans	0.0559539
-0.0986334	trans	0.0986334
0.0650681	trans	0.0650681
-0.0457921	trans	0.0457921
0.0846568	trans	0.0846568
-0.0529964	trans	0.0529964
-0.056285	trans	0.056285
0.125224	trans	0.125224
0.0751228	trans	0.0751228
0.0523865	trans	0.0523865
-0.0511491	trans	0.0511491
0.0478333	trans	0.0478333
-0.0456176	trans	0.0456176
-0.0732101	trans	0.0732101
-0.0974198	trans	0.0974198
0.573483	trans	0.573483
-0.0443503	trans	0.0443503
-0.0528128	trans	0.0528128
0.0439679	trans	0.0439679
-0.078588	trans	0.078588
-0.0616041	trans	0.0616041
0.0632106	trans	0.0632106
-0.0700557	trans	0.0700557
0.0438315	trans	0.0438315
0.40415	trans	0.40415
-0.0402519	trans	0.0402519
0.055546	trans	0.055546
0.0653803	trans	0.0653803
0.0629446	trans	0.0629446
-0.159885	trans	0.159885
-0.0741673	trans	0.0741673
0.0422669	trans	0.0422669
0.0664436	trans	0.0664436
0.0719562	trans	0.0719562
0.0474443	trans	0.0474443
-0.0699483	trans	0.0699483
0.0658859	trans	0.0658859
0.0695496	trans	0.0695496
0.0492017	trans	0.0492017
0.05535	trans	0.05535
-0.0496862	trans	0.0496862
0.0862265	trans	0.0862265
-0.0462959	trans	0.0462959
-0.0440174	trans	0.0440174
0.048432	trans	0.048432
-0.0641984	trans	0.0641984
0.0706995	trans	0.0706995
0.0505664	trans	0.0505664
-0.0461552	trans	0.0461552
0.0655567	trans	0.0655567
0.0556774	trans	0.0556774
0.05319	trans	0.05319
0.0418037	trans	0.0418037
-0.0418952	trans	0.0418952
-0.0560692	trans	0.0560692
-0.141679	trans	0.141679
-0.10198	trans	0.10198
0.0538464	trans	0.0538464
0.118805	trans	0.118805
0.136781	trans	0.136781
0.141417	trans	0.141417
0.0589273	trans	0.0589273
0.0417898	trans	0.0417898
-0.0457276	trans	0.0457276
-0.0491305	trans	0.0491305
0.0796867	trans	0.0796867
-0.0459703	trans	0.0459703
-0.0793994	trans	0.0793994
0.0688722	trans	0.0688722
0.182999	trans	0.182999
0.063704	trans	0.063704
-0.0784782	trans	0.0784782
0.0708687	trans	0.0708687
0.064551	trans	0.064551
-0.27927	trans	0.27927
0.102902	trans	0.102902
0.698006	trans	0.698006
0.214577	trans	0.214577
0.0595893	trans	0.0595893
0.193701	trans	0.193701
-0.0683637	trans	0.0683637
0.0480412	trans	0.0480412
-0.0434822	trans	0.0434822
0.0595043	trans	0.0595043
0.0469501	trans	0.0469501
-0.0449236	trans	0.0449236
0.048592	trans	0.048592
-0.0525676	trans	0.0525676
0.0605224	trans	0.0605224
0.0548117	trans	0.0548117
-0.0694479	trans	0.0694479
0.0444628	trans	0.0444628
-0.215686	trans	0.215686
0.0390066	trans	0.0390066
0.0424038	trans	0.0424038
-0.054635	trans	0.054635
-0.0367566	trans	0.0367566
0.0540492	trans	0.0540492
0.0451181	trans	0.0451181
-0.0585724	trans	0.0585724
0.0479538	trans	0.0479538
0.0613791	trans	0.0613791
-0.0949105	trans	0.0949105
-0.0426269	trans	0.0426269
-0.0450471	trans	0.0450471
0.0592074	trans	0.0592074
0.0551282	trans	0.0551282
0.0445806	trans	0.0445806
-1.16557	trans	1.16557
-0.0441676	trans	0.0441676
0.217093	trans	0.217093
-0.0841419	trans	0.0841419
0.130937	trans	0.130937
-0.0430867	trans	0.0430867
-0.0501824	trans	0.0501824
0.052025	trans	0.052025
0.0598698	trans	0.0598698
-0.0496309	trans	0.0496309
-0.327404	trans	0.327404
0.0507725	trans	0.0507725
0.0557097	trans	0.0557097
0.208549	trans	0.208549
0.5589	trans	0.5589
0.0552589	trans	0.0552589
-0.0615207	trans	0.0615207
0.0729487	trans	0.0729487
0.0748623	trans	0.0748623
0.116206	trans	0.116206
0.0438441	trans	0.0438441
0.0652711	trans	0.0652711
0.0485196	trans	0.0485196
0.0519532	trans	0.0519532
-0.0711499	trans	0.0711499
-0.0453174	trans	0.0453174
0.0410921	trans	0.0410921
-0.0627974	trans	0.0627974
-0.0370712	trans	0.0370712
-0.0494231	trans	0.0494231
-0.0467382	trans	0.0467382
0.0894945	trans	0.0894945
0.0957849	trans	0.0957849
-0.242027	trans	0.242027
0.0581044	trans	0.0581044
0.630524	trans	0.630524
0.419029	trans	0.419029
-0.245594	trans	0.245594
0.0977739	trans	0.0977739
0.0823067	trans	0.0823067
-0.179142	trans	0.179142
0.0928402	trans	0.0928402
-0.0538497	trans	0.0538497
0.0492067	trans	0.0492067
0.0436675	trans	0.0436675
0.059283	trans	0.059283
-0.10373	trans	0.10373
-0.105732	trans	0.105732
0.407517	trans	0.407517
0.265679	trans	0.265679
0.201615	trans	0.201615
0.0614954	trans	0.0614954
-0.0704605	trans	0.0704605
0.192519	trans	0.192519
-0.0474872	trans	0.0474872
0.0430443	trans	0.0430443
0.0773355	trans	0.0773355
0.244386	trans	0.244386
0.0807589	trans	0.0807589
0.044919	trans	0.044919
-0.0424202	trans	0.0424202
-0.0476812	trans	0.0476812
-0.0424344	trans	0.0424344
0.0590579	trans	0.0590579
0.0590577	trans	0.0590577
0.0720971	trans	0.0720971
0.0429975	trans	0.0429975
-0.050533	trans	0.050533
-0.0428209	trans	0.0428209
-0.0544035	trans	0.0544035
-0.0551998	trans	0.0551998
0.10196	trans	0.10196
0.0764705	trans	0.0764705
0.0694628	trans	0.0694628
0.0573997	trans	0.0573997
0.0510257	trans	0.0510257
0.142532	trans	0.142532
-0.0436929	trans	0.0436929
-1.04065	trans	1.04065
-0.308965	trans	0.308965
0.119176	trans	0.119176
-0.0488965	trans	0.0488965
-0.0898856	trans	0.0898856
0.0895331	trans	0.0895331
-0.0479272	trans	0.0479272
0.0572778	trans	0.0572778
-0.120657	trans	0.120657
0.0971585	trans	0.0971585
0.0512974	trans	0.0512974
0.0718883	trans	0.0718883
-0.0841785	trans	0.0841785
-0.130238	trans	0.130238
0.0764676	trans	0.0764676
0.0680064	trans	0.0680064
-0.0643074	trans	0.0643074
0.0810627	trans	0.0810627
-0.0995031	trans	0.0995031
-0.0509562	trans	0.0509562
0.0440746	trans	0.0440746
-0.0598888	trans	0.0598888
0.186091	trans	0.186091
-0.064852	trans	0.064852
-0.0590596	trans	0.0590596
0.0461504	trans	0.0461504
0.0669665	trans	0.0669665
-0.296597	trans	0.296597
0.0630544	trans	0.0630544
-0.0964707	trans	0.0964707
0.109273	trans	0.109273
-0.118327	trans	0.118327
0.0749519	trans	0.0749519
0.0599016	trans	0.0599016
0.0887781	trans	0.0887781
0.508396	trans	0.508396
0.0783937	trans	0.0783937
0.146564	trans	0.146564
-0.0515803	trans	0.0515803
0.545206	trans	0.545206
-0.0423407	trans	0.0423407
-0.06545	trans	0.06545
0.367241	trans	0.367241
-0.0612368	trans	0.0612368
0.0575512	trans	0.0575512
0.172809	trans	0.172809
0.0768862	trans	0.0768862
-0.0981376	trans	0.0981376
-0.0717028	trans	0.0717028
0.0479764	trans	0.0479764
0.0455994	trans	0.0455994
0.0439251	trans	0.0439251
-0.0424455	trans	0.0424455
0.0612935	trans	0.0612935
-0.048637	trans	0.048637
0.0611662	trans	0.0611662
0.0609305	trans	0.0609305
0.0484812	trans	0.0484812
-0.0706221	trans	0.0706221
0.0581325	trans	0.0581325
-0.04981	trans	0.04981
-0.0838509	trans	0.0838509
-0.0445914	trans	0.0445914
-0.0735945	trans	0.0735945
-0.0464336	trans	0.0464336
-0.0425843	trans	0.0425843
0.0572599	trans	0.0572599
-0.0837525	trans	0.0837525
0.0729941	trans	0.0729941
-0.0589106	trans	0.0589106
0.0443256	trans	0.0443256
0.118468	trans	0.118468
-0.170111	trans	0.170111
-0.0912989	trans	0.0912989
-0.0630983	trans	0.0630983
-0.076262	trans	0.076262
0.0399427	trans	0.0399427
-0.896914	trans	0.896914
-0.0698733	trans	0.0698733
-0.0451169	trans	0.0451169
0.156133	trans	0.156133
0.0611946	trans	0.0611946
-0.04205	trans	0.04205
-0.0787703	trans	0.0787703
-0.201219	trans	0.201219
0.0679863	trans	0.0679863
0.0763102	trans	0.0763102
-0.0619153	trans	0.0619153
0.066726	trans	0.066726
0.116399	trans	0.116399
0.071942	trans	0.071942
0.0478962	trans	0.0478962
-0.157379	trans	0.157379
-0.251609	trans	0.251609
-0.0491545	trans	0.0491545
-0.0531532	trans	0.0531532
0.193187	trans	0.193187
-0.0748941	trans	0.0748941
-0.085609	trans	0.085609
-0.0718584	trans	0.0718584
-0.0524734	trans	0.0524734
0.0705615	trans	0.0705615
-0.129941	trans	0.129941
0.0607189	trans	0.0607189
0.0412847	trans	0.0412847
0.0539447	trans	0.0539447
0.0468987	trans	0.0468987
0.0494679	trans	0.0494679
-0.0514844	trans	0.0514844
0.102679	trans	0.102679
-0.042146	trans	0.042146
0.13118	trans	0.13118
0.196717	trans	0.196717
0.0617075	trans	0.0617075
0.122584	trans	0.122584
0.0462368	trans	0.0462368
-0.0528141	trans	0.0528141
-0.0526834	trans	0.0526834
-0.0364057	trans	0.0364057
0.101853	trans	0.101853
-0.0415051	trans	0.0415051
0.0442364	trans	0.0442364
-0.0585559	trans	0.0585559
0.0625457	trans	0.0625457
-0.0560124	trans	0.0560124
-0.0438616	trans	0.0438616
0.0392439	trans	0.0392439
0.0519254	trans	0.0519254
0.0563786	trans	0.0563786
0.0381483	trans	0.0381483
0.0891337	trans	0.0891337
0.101929	trans	0.101929
-0.120578	trans	0.120578
0.0575272	trans	0.0575272
0.0543907	trans	0.0543907
0.0852218	trans	0.0852218
-0.0963276	trans	0.0963276
0.345165	trans	0.345165
-0.0661426	trans	0.0661426
-0.0665732	trans	0.0665732
0.12764	trans	0.12764
0.0563705	trans	0.0563705
-0.0486999	trans	0.0486999
0.0475915	trans	0.0475915
-0.196393	trans	0.196393
0.0426589	trans	0.0426589
0.0517062	trans	0.0517062
-0.0596286	trans	0.0596286
-0.0704598	trans	0.0704598
-0.0713143	trans	0.0713143
-0.0873984	trans	0.0873984
0.053873	trans	0.053873
-0.0916049	trans	0.0916049
0.748467	trans	0.748467
0.223508	trans	0.223508
0.0556258	trans	0.0556258
0.0404954	trans	0.0404954
0.136591	trans	0.136591
-0.0856046	trans	0.0856046
0.0610672	trans	0.0610672
-0.10464	trans	0.10464
-0.0842712	trans	0.0842712
0.0607012	trans	0.0607012
-0.061535	trans	0.061535
0.219682	trans	0.219682
-0.0364505	trans	0.0364505
0.0444469	trans	0.0444469
0.0606774	trans	0.0606774
0.076105	trans	0.076105
0.0435278	trans	0.0435278
0.0846102	trans	0.0846102
-0.0659812	trans	0.0659812
-0.0571472	trans	0.0571472
0.0820103	trans	0.0820103
0.057561	trans	0.057561
0.0904991	trans	0.0904991
-0.0439905	trans	0.0439905
0.0435694	trans	0.0435694
-0.0702408	trans	0.0702408
0.411035	trans	0.411035
-0.055596	trans	0.055596
0.0549166	trans	0.0549166
0.043862	trans	0.043862
-0.0529023	trans	0.0529023
0.0463338	trans	0.0463338
-0.0477235	trans	0.0477235
-0.0547819	trans	0.0547819
0.0503863	trans	0.0503863
0.0442775	trans	0.0442775
-0.0459888	trans	0.0459888
0.0519684	trans	0.0519684
-0.663748	trans	0.663748
0.151945	trans	0.151945
-0.0430295	trans	0.0430295
-0.0419479	trans	0.0419479
0.0691929	trans	0.0691929
0.113783	trans	0.113783
-0.231747	trans	0.231747
-0.0979314	trans	0.0979314
-0.0462	trans	0.0462
-0.195864	trans	0.195864
-0.0460072	trans	0.0460072
0.648546	trans	0.648546
0.124881	trans	0.124881
0.0850148	trans	0.0850148
-0.0524022	trans	0.0524022
0.107101	trans	0.107101
-0.0438058	trans	0.0438058
-0.0423284	trans	0.0423284
0.0475405	trans	0.0475405
-0.0761529	trans	0.0761529
0.0416681	trans	0.0416681
0.0422295	trans	0.0422295
-0.0469737	trans	0.0469737
-0.0762286	trans	0.0762286
0.218248	trans	0.218248
-0.0673537	trans	0.0673537
0.0582799	trans	0.0582799
-0.0599728	trans	0.0599728
-0.0624323	trans	0.0624323
-0.116141	trans	0.116141
0.0453027	trans	0.0453027
0.0957918	trans	0.0957918
0.0543673	trans	0.0543673
-0.0510374	trans	0.0510374
0.0470344	trans	0.0470344
-0.0517673	trans	0.0517673
-0.0460194	trans	0.0460194
-0.0478109	trans	0.0478109
-0.0967418	trans	0.0967418
-0.0708259	trans	0.0708259
0.110257	trans	0.110257
0.0575785	trans	0.0575785
-0.0654038	trans	0.0654038
0.0757098	trans	0.0757098
0.0442165	trans	0.0442165
-0.081261	trans	0.081261
0.155986	trans	0.155986
-0.0695632	trans	0.0695632
0.050725	trans	0.050725
0.146994	trans	0.146994
0.0486686	trans	0.0486686
-0.0575134	trans	0.0575134
-0.0545107	trans	0.0545107
-0.0532641	trans	0.0532641
-0.0776281	trans	0.0776281
0.206793	trans	0.206793
0.0893855	trans	0.0893855
-0.0572629	trans	0.0572629
0.098428	trans	0.098428
-0.0496362	trans	0.0496362
-0.0424089	trans	0.0424089
-0.0459309	trans	0.0459309
-0.0789034	trans	0.0789034
0.202274	trans	0.202274
-0.0424327	trans	0.0424327
0.0870646	trans	0.0870646
-0.0617648	trans	0.0617648
-0.0566336	trans	0.0566336
-0.103584	trans	0.103584
0.0484536	trans	0.0484536
-0.0520736	trans	0.0520736
-0.0681225	trans	0.0681225
0.0561401	trans	0.0561401
0.0559938	trans	0.0559938
-0.377014	trans	0.377014
-0.0672671	trans	0.0672671
0.0475472	trans	0.0475472
0.0588939	trans	0.0588939
-0.0841235	trans	0.0841235
0.0415074	trans	0.0415074
0.06231	trans	0.06231
0.116939	trans	0.116939
0.0808499	trans	0.0808499
-0.0556537	trans	0.0556537
0.0446838	trans	0.0446838
0.0567046	trans	0.0567046
0.0572322	trans	0.0572322
0.0957106	trans	0.0957106
0.0451795	trans	0.0451795
0.0590818	trans	0.0590818
-0.0441403	trans	0.0441403
0.0965542	trans	0.0965542
-0.048662	trans	0.048662
0.0427905	trans	0.0427905
0.181275	trans	0.181275
-0.275245	trans	0.275245
0.0515742	trans	0.0515742
0.0410345	trans	0.0410345
-0.0887275	trans	0.0887275
-0.0501962	trans	0.0501962
-0.0608334	trans	0.0608334
-0.863719	trans	0.863719
0.10069	trans	0.10069
0.0457034	trans	0.0457034
0.0613728	trans	0.0613728
0.0868458	trans	0.0868458
-0.254923	trans	0.254923
0.0879741	trans	0.0879741
0.184643	trans	0.184643
0.258908	trans	0.258908
-0.271278	trans	0.271278
0.0652285	trans	0.0652285
0.0508826	trans	0.0508826
0.188866	trans	0.188866
-0.0681497	trans	0.0681497
0.0563231	trans	0.0563231
-0.0446552	trans	0.0446552
0.0484483	trans	0.0484483
-0.0499526	trans	0.0499526
-0.308384	trans	0.308384
-0.0735784	trans	0.0735784
0.118556	trans	0.118556
0.0566364	trans	0.0566364
0.248386	trans	0.248386
-0.0597119	trans	0.0597119
-0.0537538	trans	0.0537538
-0.840464	trans	0.840464
0.0459759	trans	0.0459759
0.0536595	trans	0.0536595
-0.0560551	trans	0.0560551
0.259353	trans	0.259353
-0.0665315	trans	0.0665315
-0.0794475	trans	0.0794475
-0.0912059	trans	0.0912059
0.0516903	trans	0.0516903
0.0488937	trans	0.0488937
-0.0522824	trans	0.0522824
-0.0465002	trans	0.0465002
0.0941714	trans	0.0941714
0.0445339	trans	0.0445339
-0.202597	trans	0.202597
0.0589228	trans	0.0589228
-0.114209	trans	0.114209
0.610034	trans	0.610034
-0.0515441	trans	0.0515441
-0.0795662	trans	0.0795662
-0.0580366	trans	0.0580366
0.0602127	trans	0.0602127
0.0630932	trans	0.0630932
0.0724583	trans	0.0724583
0.41731	trans	0.41731
-0.0519234	trans	0.0519234
0.0415383	trans	0.0415383
0.0484373	trans	0.0484373
0.0617194	trans	0.0617194
-0.0883837	trans	0.0883837
-0.0772952	trans	0.0772952
-0.0577209	trans	0.0577209
-0.131446	trans	0.131446
-0.0388837	trans	0.0388837
-0.0562141	trans	0.0562141
-0.0623293	trans	0.0623293
0.07942	trans	0.07942
0.0555151	trans	0.0555151
0.126681	trans	0.126681
0.277484	trans	0.277484
-0.0584912	trans	0.0584912
-0.0455904	trans	0.0455904
-0.0492425	trans	0.0492425
0.0458624	trans	0.0458624
0.154064	trans	0.154064
-0.101355	trans	0.101355
-0.0921886	trans	0.0921886
-0.224738	trans	0.224738
-0.0499165	trans	0.0499165
-0.0443669	trans	0.0443669
0.141069	trans	0.141069
0.0613653	trans	0.0613653
-0.0555787	trans	0.0555787
0.0529321	trans	0.0529321
-0.0414148	trans	0.0414148
0.119549	trans	0.119549
-0.0489508	trans	0.0489508
-0.0508409	trans	0.0508409
0.241904	trans	0.241904
0.051488	trans	0.051488
-0.0408859	trans	0.0408859
-0.0776917	trans	0.0776917
0.148217	trans	0.148217
-0.0615208	trans	0.0615208
-0.0936284	trans	0.0936284
-0.0536581	trans	0.0536581
0.0528738	trans	0.0528738
0.0727307	trans	0.0727307
0.0441189	trans	0.0441189
-0.0493464	trans	0.0493464
0.0444792	trans	0.0444792
0.0496716	trans	0.0496716
0.0555198	trans	0.0555198
0.0651013	trans	0.0651013
0.0421056	trans	0.0421056
-0.0408328	trans	0.0408328
-0.0570497	trans	0.0570497
0.0352253	trans	0.0352253
0.0385652	trans	0.0385652
-0.0487507	trans	0.0487507
0.0396985	trans	0.0396985
-0.0352173	trans	0.0352173
0.0637302	trans	0.0637302
-0.106401	trans	0.106401
0.226675	trans	0.226675
-0.0481218	trans	0.0481218
0.0470713	trans	0.0470713
0.142384	trans	0.142384
0.0474431	trans	0.0474431
-0.0548787	trans	0.0548787
-0.0634026	trans	0.0634026
1.00785	trans	1.00785
0.0570166	trans	0.0570166
0.111697	trans	0.111697
0.43585	trans	0.43585
0.0833483	trans	0.0833483
-0.0532594	trans	0.0532594
-0.0574111	trans	0.0574111
-0.0430519	trans	0.0430519
-0.0943642	trans	0.0943642
0.0524162	trans	0.0524162
0.0426059	trans	0.0426059
-0.157795	trans	0.157795
-0.177398	trans	0.177398
0.0485746	trans	0.0485746
0.0464299	trans	0.0464299
0.0416172	trans	0.0416172
0.0720633	trans	0.0720633
-0.0638978	trans	0.0638978
0.0872273	trans	0.0872273
-0.0517879	trans	0.0517879
0.0460092	trans	0.0460092
-0.0576822	trans	0.0576822
-0.0473102	trans	0.0473102
0.0506034	trans	0.0506034
-0.120104	trans	0.120104
0.0545671	trans	0.0545671
-0.0448328	trans	0.0448328
0.176523	trans	0.176523
0.0773762	trans	0.0773762
0.0664652	trans	0.0664652
0.043342	trans	0.043342
-0.0491876	trans	0.0491876
-0.0465398	trans	0.0465398
0.0500994	trans	0.0500994
0.169556	trans	0.169556
0.0955986	trans	0.0955986
0.0661908	trans	0.0661908
0.066491	trans	0.066491
0.0417361	trans	0.0417361
-0.0493932	trans	0.0493932
0.0663336	trans	0.0663336
0.138566	trans	0.138566
0.0604984	trans	0.0604984
0.306546	trans	0.306546
0.0693576	trans	0.0693576
-0.0456201	trans	0.0456201
-0.0528702	trans	0.0528702
0.710629	trans	0.710629
0.282647	trans	0.282647
0.0409047	trans	0.0409047
-0.705043	trans	0.705043
-0.487232	trans	0.487232
-0.135369	trans	0.135369
0.342936	trans	0.342936
-0.276035	trans	0.276035
-0.0334148	trans	0.0334148
0.0647697	trans	0.0647697
0.367575	trans	0.367575
0.280474	trans	0.280474
0.626136	trans	0.626136
-0.0572468	trans	0.0572468
0.0334035	trans	0.0334035
-0.040967	trans	0.040967
0.688641	trans	0.688641
0.577398	trans	0.577398
-0.543903	trans	0.543903
0.66143	trans	0.66143
0.0522608	trans	0.0522608
0.478335	trans	0.478335
0.593245	trans	0.593245
-0.0561466	trans	0.0561466
0.591704	trans	0.591704
-0.0875882	trans	0.0875882
0.051431	trans	0.051431
0.04472	trans	0.04472
-0.0436835	trans	0.0436835
0.0554261	trans	0.0554261
0.110791	trans	0.110791
-0.0735212	trans	0.0735212
0.108909	trans	0.108909
-0.0497127	trans	0.0497127
0.053856	trans	0.053856
-0.0490401	trans	0.0490401
-0.0491404	trans	0.0491404
-0.0284058	trans	0.0284058
-0.050721	trans	0.050721
-0.0501132	trans	0.0501132
0.0794412	trans	0.0794412
-0.0781925	trans	0.0781925
0.0674201	trans	0.0674201
-0.423374	trans	0.423374
0.0458762	trans	0.0458762
-0.0774049	trans	0.0774049
0.252118	trans	0.252118
0.0825181	trans	0.0825181
0.0660648	trans	0.0660648
0.795055	trans	0.795055
0.0813517	trans	0.0813517
-0.0782743	trans	0.0782743
0.0364571	trans	0.0364571
-0.0685248	trans	0.0685248
-0.0721433	trans	0.0721433
0.0486595	trans	0.0486595
-0.128424	trans	0.128424
-0.208269	trans	0.208269
-0.0934187	trans	0.0934187
-0.0757635	trans	0.0757635
-0.0491622	trans	0.0491622
-0.499421	trans	0.499421
0.0945528	trans	0.0945528
0.0512051	trans	0.0512051
0.0532911	trans	0.0532911
-0.0431656	trans	0.0431656
-0.0496955	trans	0.0496955
0.0671706	trans	0.0671706
0.116106	trans	0.116106
0.0577729	trans	0.0577729
-0.135807	trans	0.135807
-0.288534	trans	0.288534
-0.0439276	trans	0.0439276
0.0709813	trans	0.0709813
-0.4247	trans	0.4247
0.0742597	trans	0.0742597
0.0818326	trans	0.0818326
-0.0398193	trans	0.0398193
0.0483141	trans	0.0483141
-0.0854726	trans	0.0854726
0.0474561	trans	0.0474561
-0.058461	trans	0.058461
-0.0655576	trans	0.0655576
-0.0653848	trans	0.0653848
1.19509	trans	1.19509
0.238814	trans	0.238814
-0.0779045	trans	0.0779045
0.113667	trans	0.113667
-0.046063	trans	0.046063
0.0370833	trans	0.0370833
0.225161	trans	0.225161
0.039951	trans	0.039951
0.128907	trans	0.128907
0.116277	trans	0.116277
0.0432729	trans	0.0432729
0.0565569	trans	0.0565569
0.072246	trans	0.072246
0.0622667	trans	0.0622667
-0.0418517	trans	0.0418517
-0.0760562	trans	0.0760562
-0.0466695	trans	0.0466695
-0.041846	trans	0.041846
0.0890328	trans	0.0890328
-1.04798	trans	1.04798
-1.00309	trans	1.00309
0.0566608	trans	0.0566608
0.0539369	trans	0.0539369
-0.0847393	trans	0.0847393
0.0496866	trans	0.0496866
0.0625951	trans	0.0625951
-0.0481752	trans	0.0481752
0.145435	trans	0.145435
-0.0430808	trans	0.0430808
0.0411944	trans	0.0411944
0.228896	trans	0.228896
0.128959	trans	0.128959
-0.0459967	trans	0.0459967
-0.051872	trans	0.051872
0.0829641	trans	0.0829641
0.046346	trans	0.046346
0.0393032	trans	0.0393032
-0.0429992	trans	0.0429992
0.125463	trans	0.125463
0.0899707	trans	0.0899707
-0.0513796	trans	0.0513796
0.151158	trans	0.151158
-0.0596717	trans	0.0596717
-0.0592156	trans	0.0592156
-0.0572846	trans	0.0572846
0.0564249	trans	0.0564249
-0.0440411	trans	0.0440411
-0.0498537	trans	0.0498537
0.0477221	trans	0.0477221
0.0459451	trans	0.0459451
-0.0552786	trans	0.0552786
0.263032	trans	0.263032
0.0440876	trans	0.0440876
-0.0528905	trans	0.0528905
-0.0686582	trans	0.0686582
-0.0443649	trans	0.0443649
-0.0460363	trans	0.0460363
0.209931	trans	0.209931
0.0553127	trans	0.0553127
-0.187751	trans	0.187751
-0.0716243	trans	0.0716243
0.0478184	trans	0.0478184
0.219476	trans	0.219476
0.412733	trans	0.412733
-0.0465307	trans	0.0465307
-0.0405551	trans	0.0405551
-0.0579256	trans	0.0579256
-0.0365014	trans	0.0365014
-0.116619	trans	0.116619
0.15341	trans	0.15341
0.0398328	trans	0.0398328
0.0861809	trans	0.0861809
-0.0541807	trans	0.0541807
0.0546787	trans	0.0546787
0.0719292	trans	0.0719292
0.0466214	trans	0.0466214
-0.182403	trans	0.182403
-0.0899742	trans	0.0899742
-0.0885856	trans	0.0885856
-0.0672292	trans	0.0672292
0.0445136	trans	0.0445136
0.0938424	trans	0.0938424
-0.0386146	trans	0.0386146
0.0742756	trans	0.0742756
0.0934981	trans	0.0934981
0.0434054	trans	0.0434054
-0.109691	trans	0.109691
0.414532	trans	0.414532
-0.0388792	trans	0.0388792
-0.0493181	trans	0.0493181
-0.0528279	trans	0.0528279
0.05176	trans	0.05176
0.171311	trans	0.171311
0.0447481	trans	0.0447481
-0.0461591	trans	0.0461591
-0.0759725	trans	0.0759725
0.163452	trans	0.163452
0.165061	trans	0.165061
-0.32308	trans	0.32308
0.436775	trans	0.436775
-0.0518575	trans	0.0518575
-0.0764739	trans	0.0764739
-0.063327	trans	0.063327
0.0749188	trans	0.0749188
0.0532578	trans	0.0532578
0.0467818	trans	0.0467818
0.0853774	trans	0.0853774
0.344088	trans	0.344088
-0.0521658	trans	0.0521658
-0.041396	trans	0.041396
0.0849934	trans	0.0849934
-0.0604861	trans	0.0604861
0.0738063	trans	0.0738063
0.133989	trans	0.133989
0.191924	trans	0.191924
0.311081	trans	0.311081
-0.12122	trans	0.12122
-0.10011	trans	0.10011
-0.190357	trans	0.190357
0.0558426	trans	0.0558426
0.0967545	trans	0.0967545
-0.116263	trans	0.116263
0.0500726	trans	0.0500726
-0.0842816	trans	0.0842816
0.109801	trans	0.109801
-0.180201	trans	0.180201
0.0365183	trans	0.0365183
-0.0454017	trans	0.0454017
0.0611768	trans	0.0611768
0.0628667	trans	0.0628667
0.0473025	trans	0.0473025
-0.0418748	trans	0.0418748
-0.0540607	trans	0.0540607
0.0508656	trans	0.0508656
0.106639	trans	0.106639
0.0666476	trans	0.0666476
0.0481162	trans	0.0481162
-0.0670331	trans	0.0670331
0.0513129	trans	0.0513129
0.0438992	trans	0.0438992
0.0442418	trans	0.0442418
0.0556916	trans	0.0556916
-0.062484	trans	0.062484
-0.0523228	trans	0.0523228
-0.0779187	trans	0.0779187
0.058428	trans	0.058428
-0.144732	trans	0.144732
0.0442212	trans	0.0442212
0.0834246	trans	0.0834246
-0.0518432	trans	0.0518432
-0.0684044	trans	0.0684044
0.101362	trans	0.101362
-0.0443554	trans	0.0443554
0.125486	trans	0.125486
-0.0464857	trans	0.0464857
-0.0690995	trans	0.0690995
0.0488897	trans	0.0488897
0.0506711	trans	0.0506711
-0.143642	trans	0.143642
0.0429792	trans	0.0429792
0.0491446	trans	0.0491446
0.174631	trans	0.174631
-0.0522661	trans	0.0522661
0.0473828	trans	0.0473828
-0.0473705	trans	0.0473705
0.115387	trans	0.115387
0.0637432	trans	0.0637432
0.053441	trans	0.053441
-0.0697713	trans	0.0697713
0.0605135	trans	0.0605135
0.078475	trans	0.078475
0.0793979	trans	0.0793979
-0.0469098	trans	0.0469098
0.0590958	trans	0.0590958
-0.0482117	trans	0.0482117
0.0545386	trans	0.0545386
0.057761	trans	0.057761
-0.0523965	trans	0.0523965
-0.106686	trans	0.106686
-0.0901889	trans	0.0901889
0.0476875	trans	0.0476875
-0.0841519	trans	0.0841519
0.139731	trans	0.139731
-0.0551266	trans	0.0551266
-0.0632288	trans	0.0632288
-0.101874	trans	0.101874
-0.0863067	trans	0.0863067
-0.0532941	trans	0.0532941
0.235462	trans	0.235462
0.0769219	trans	0.0769219
-0.0760551	trans	0.0760551
-0.0801301	trans	0.0801301
-0.101384	trans	0.101384
0.180626	trans	0.180626
-0.139362	trans	0.139362
-0.0693645	trans	0.0693645
-0.0600174	trans	0.0600174
-0.0423609	trans	0.0423609
0.0637489	trans	0.0637489
-0.0684856	trans	0.0684856
-0.0602656	trans	0.0602656
-0.0476291	trans	0.0476291
0.0427551	trans	0.0427551
-0.0597279	trans	0.0597279
-0.188728	trans	0.188728
-0.152849	trans	0.152849
0.328471	trans	0.328471
0.0578545	trans	0.0578545
0.0423707	trans	0.0423707
0.0640315	trans	0.0640315
-0.0814916	trans	0.0814916
0.249454	trans	0.249454
-0.0547794	trans	0.0547794
-0.0662531	trans	0.0662531
-0.145951	trans	0.145951
0.0578664	trans	0.0578664
-0.364253	trans	0.364253
-0.140475	trans	0.140475
-0.0428462	trans	0.0428462
0.0765704	trans	0.0765704
-0.359022	trans	0.359022
-0.085419	trans	0.085419
0.0620873	trans	0.0620873
0.171731	trans	0.171731
0.0606154	trans	0.0606154
-0.0427938	trans	0.0427938
0.052221	trans	0.052221
-0.0466765	trans	0.0466765
0.0478332	trans	0.0478332
0.095833	trans	0.095833
-0.0406097	trans	0.0406097
-0.0521767	trans	0.0521767
0.0411248	trans	0.0411248
-0.0500984	trans	0.0500984
-0.0805886	trans	0.0805886
0.0831129	trans	0.0831129
0.258201	trans	0.258201
0.23191	trans	0.23191
0.156172	trans	0.156172
-0.0530182	trans	0.0530182
0.238144	trans	0.238144
0.0472814	trans	0.0472814
0.159454	trans	0.159454
-0.0766236	trans	0.0766236
-0.0452213	trans	0.0452213
0.0779416	trans	0.0779416
0.0726106	trans	0.0726106
-0.0735419	trans	0.0735419
-0.0468439	trans	0.0468439
-0.0543519	trans	0.0543519
0.674713	trans	0.674713
0.0673246	trans	0.0673246
0.448975	trans	0.448975
0.221433	trans	0.221433
0.0713899	trans	0.0713899
0.0924252	trans	0.0924252
0.0340843	trans	0.0340843
-0.036842	trans	0.036842
0.794961	trans	0.794961
0.0936517	trans	0.0936517
-0.0571245	trans	0.0571245
0.0352695	trans	0.0352695
0.0359425	trans	0.0359425
0.0483419	trans	0.0483419
0.0482399	trans	0.0482399
-0.100548	trans	0.100548
-0.0722435	trans	0.0722435
0.0387771	trans	0.0387771
-0.0423929	trans	0.0423929
-0.0407911	trans	0.0407911
0.04797	trans	0.04797
0.0456844	trans	0.0456844
0.0447012	trans	0.0447012
-0.0490181	trans	0.0490181
0.0540123	trans	0.0540123
-0.124781	trans	0.124781
0.044172	trans	0.044172
0.0536012	trans	0.0536012
-0.0875529	trans	0.0875529
-0.0732102	trans	0.0732102
0.069939	trans	0.069939
0.0561188	trans	0.0561188
0.048267	trans	0.048267
-0.0755384	trans	0.0755384
0.0525813	trans	0.0525813
0.0430803	trans	0.0430803
0.05946	trans	0.05946
0.05376	trans	0.05376
0.0473525	trans	0.0473525
0.0545943	trans	0.0545943
-0.0536742	trans	0.0536742
0.0579444	trans	0.0579444
0.0587356	trans	0.0587356
0.0421561	trans	0.0421561
-0.0409337	trans	0.0409337
0.0443893	trans	0.0443893
-0.0437683	trans	0.0437683
0.0507177	trans	0.0507177
-0.0639495	trans	0.0639495
0.0462625	trans	0.0462625
-0.046358	trans	0.046358
-0.0453793	trans	0.0453793
-0.049797	trans	0.049797
0.0423828	trans	0.0423828
-0.0478325	trans	0.0478325
0.0486859	trans	0.0486859
-0.0764662	trans	0.0764662
0.0461398	trans	0.0461398
0.0493828	trans	0.0493828
0.048818	trans	0.048818
-0.0526849	trans	0.0526849
-0.799452	trans	0.799452
-1.56912	trans	1.56912
-0.690524	trans	0.690524
0.0825549	trans	0.0825549
0.212458	trans	0.212458
-0.0482107	trans	0.0482107
-0.0535845	trans	0.0535845
-0.131893	trans	0.131893
0.0919596	trans	0.0919596
0.0457826	trans	0.0457826
0.308347	trans	0.308347
0.0507588	trans	0.0507588
0.0448485	trans	0.0448485
0.307824	trans	0.307824
-0.0973691	trans	0.0973691
-0.070297	trans	0.070297
0.0479683	trans	0.0479683
-0.0785429	trans	0.0785429
-0.0462437	trans	0.0462437
0.298012	trans	0.298012
0.067239	trans	0.067239
-0.0519215	trans	0.0519215
0.26938	trans	0.26938
0.269839	trans	0.269839
0.0739924	trans	0.0739924
0.124898	trans	0.124898
0.0740103	trans	0.0740103
-0.0557203	trans	0.0557203
0.0537647	trans	0.0537647
0.0424597	trans	0.0424597
0.0487754	trans	0.0487754
-0.225528	trans	0.225528
-0.274261	trans	0.274261
-0.167984	trans	0.167984
-0.0881359	trans	0.0881359
0.135206	trans	0.135206
-0.0818071	trans	0.0818071
0.599872	trans	0.599872
-0.0557414	trans	0.0557414
0.0415139	trans	0.0415139
0.0567174	trans	0.0567174
-0.0518187	trans	0.0518187
-0.0461523	trans	0.0461523
0.157102	trans	0.157102
-0.707463	trans	0.707463
0.113613	trans	0.113613
-0.049537	trans	0.049537
0.050598	trans	0.050598
-0.0593886	trans	0.0593886
0.0524852	trans	0.0524852
-0.0649343	trans	0.0649343
-0.851091	trans	0.851091
0.0678398	trans	0.0678398
-0.0795108	trans	0.0795108
-0.0350565	trans	0.0350565
-0.0733248	trans	0.0733248
1.20511	trans	1.20511
0.834085	trans	0.834085
0.0518096	trans	0.0518096
-0.351732	trans	0.351732
0.0556466	trans	0.0556466
0.0432833	trans	0.0432833
-0.142623	trans	0.142623
-0.0421618	trans	0.0421618
-0.0825089	trans	0.0825089
-0.136033	trans	0.136033
-0.188627	trans	0.188627
0.0637285	trans	0.0637285
0.0476714	trans	0.0476714
0.0734815	trans	0.0734815
-0.0414471	trans	0.0414471
-0.213001	trans	0.213001
0.0521377	trans	0.0521377
-0.0442435	trans	0.0442435
-0.0452391	trans	0.0452391
-0.154437	trans	0.154437
-0.128005	trans	0.128005
-0.0573606	trans	0.0573606
0.286435	trans	0.286435
-0.117926	trans	0.117926
-0.143647	trans	0.143647
1.15822	trans	1.15822
0.0883409	trans	0.0883409
-0.0515564	trans	0.0515564
-0.0579511	trans	0.0579511
0.323254	trans	0.323254
0.0888834	trans	0.0888834
0.0457068	trans	0.0457068
0.0565759	trans	0.0565759
-0.674109	trans	0.674109
-0.0517226	trans	0.0517226
0.0781219	trans	0.0781219
-0.0655356	trans	0.0655356
-0.0393675	trans	0.0393675
0.039654	trans	0.039654
-0.22021	trans	0.22021
0.0754558	trans	0.0754558
-0.0557993	trans	0.0557993
-0.0543989	trans	0.0543989
0.0556517	trans	0.0556517
-0.0914162	trans	0.0914162
-0.0537106	trans	0.0537106
-0.0378175	trans	0.0378175
-0.332654	trans	0.332654
-0.0493846	trans	0.0493846
0.0593691	trans	0.0593691
0.0454168	trans	0.0454168
0.163492	trans	0.163492
0.0480053	trans	0.0480053
0.472257	trans	0.472257
0.0421871	trans	0.0421871
0.0534242	trans	0.0534242
-0.0560355	trans	0.0560355
0.0466406	trans	0.0466406
0.0967274	trans	0.0967274
-0.0404846	trans	0.0404846
-0.05296	trans	0.05296
0.0468294	trans	0.0468294
0.202737	trans	0.202737
0.0439144	trans	0.0439144
-0.390457	trans	0.390457
-0.0709032	trans	0.0709032
0.57693	trans	0.57693
0.504406	trans	0.504406
-0.0728742	trans	0.0728742
-0.0950329	trans	0.0950329
0.111716	trans	0.111716
-0.0714266	trans	0.0714266
0.756121	trans	0.756121
0.0402846	trans	0.0402846
0.0475088	trans	0.0475088
-0.0802518	trans	0.0802518
0.0519213	trans	0.0519213
0.0687549	trans	0.0687549
0.0799565	trans	0.0799565
0.0551434	trans	0.0551434
-0.0546023	trans	0.0546023
0.0533527	trans	0.0533527
-0.0528897	trans	0.0528897
-0.0461206	trans	0.0461206
-0.126358	trans	0.126358
0.189453	trans	0.189453
0.0755845	trans	0.0755845
0.0508109	trans	0.0508109
0.0719877	trans	0.0719877
0.0806172	trans	0.0806172
0.0514723	trans	0.0514723
-0.0554353	trans	0.0554353
0.050318	trans	0.050318
-0.0519981	trans	0.0519981
-0.0471198	trans	0.0471198
-0.126321	trans	0.126321
0.18756	trans	0.18756
-0.0475635	trans	0.0475635
0.0748401	trans	0.0748401
0.0520834	trans	0.0520834
0.0670979	trans	0.0670979
0.0780303	trans	0.0780303
-0.0540753	trans	0.0540753
0.0514252	trans	0.0514252
-0.0515236	trans	0.0515236
-0.0441482	trans	0.0441482
-0.128518	trans	0.128518
0.0777606	trans	0.0777606
0.0533273	trans	0.0533273
0.0704857	trans	0.0704857
0.0755688	trans	0.0755688
-0.0543653	trans	0.0543653
0.0495494	trans	0.0495494
-0.0547616	trans	0.0547616
-0.0462827	trans	0.0462827
-0.129074	trans	0.129074
0.0817672	trans	0.0817672
0.0386354	trans	0.0386354
0.0567078	trans	0.0567078
0.046946	trans	0.046946
0.0513191	trans	0.0513191
-0.690082	trans	0.690082
0.0430787	trans	0.0430787
0.0484011	trans	0.0484011
-0.0382049	trans	0.0382049
0.051823	trans	0.051823
0.042956	trans	0.042956
-0.0963113	trans	0.0963113
-0.226841	trans	0.226841
0.0504322	trans	0.0504322
-0.0639731	trans	0.0639731
0.0481268	trans	0.0481268
0.678382	trans	0.678382
0.266661	trans	0.266661
0.202192	trans	0.202192
0.0558493	trans	0.0558493
0.117318	trans	0.117318
-0.0775758	trans	0.0775758
0.139689	trans	0.139689
0.0769634	trans	0.0769634
0.0384956	trans	0.0384956
0.0449086	trans	0.0449086
0.120613	trans	0.120613
0.0568723	trans	0.0568723
-0.0868722	trans	0.0868722
0.0873064	trans	0.0873064
0.0610037	trans	0.0610037
0.378534	trans	0.378534
0.19392	trans	0.19392
-0.0794835	trans	0.0794835
-0.0655171	trans	0.0655171
0.0962268	trans	0.0962268
-0.123131	trans	0.123131
0.519016	trans	0.519016
-0.200209	trans	0.200209
0.117549	trans	0.117549
0.0696403	trans	0.0696403
0.0812529	trans	0.0812529
0.18345	trans	0.18345
0.0590612	trans	0.0590612
-0.0876137	trans	0.0876137
0.0875342	trans	0.0875342
0.047621	trans	0.047621
0.112136	trans	0.112136
0.352502	trans	0.352502
0.0500131	trans	0.0500131
-0.0706718	trans	0.0706718
0.781633	trans	0.781633
0.0488227	trans	0.0488227
-0.207025	trans	0.207025
-0.0431668	trans	0.0431668
-0.0708417	trans	0.0708417
0.0584752	trans	0.0584752
-0.0359249	trans	0.0359249
-0.0736341	trans	0.0736341
-0.0298705	trans	0.0298705
0.120236	trans	0.120236
0.0664629	trans	0.0664629
-0.0645355	trans	0.0645355
0.0927391	trans	0.0927391
0.10494	trans	0.10494
0.0480491	trans	0.0480491
-0.0683989	trans	0.0683989
0.101589	trans	0.101589
-0.0499031	trans	0.0499031
-0.0586302	trans	0.0586302
0.0899212	trans	0.0899212
0.0592418	trans	0.0592418
-0.0466225	trans	0.0466225
0.0451841	trans	0.0451841
-0.340327	trans	0.340327
-0.0914462	trans	0.0914462
-0.0847417	trans	0.0847417
-0.0576748	trans	0.0576748
-0.0428861	trans	0.0428861
-0.0540299	trans	0.0540299
-0.0470376	trans	0.0470376
-0.0612422	trans	0.0612422
-0.0433352	trans	0.0433352
0.173453	trans	0.173453
0.215209	trans	0.215209
0.0471191	trans	0.0471191
0.052975	trans	0.052975
-0.0404508	trans	0.0404508
0.0452514	trans	0.0452514
0.0575789	trans	0.0575789
0.0500513	trans	0.0500513
0.0472343	trans	0.0472343
0.463042	trans	0.463042
0.268519	trans	0.268519
0.161671	trans	0.161671
-0.109397	trans	0.109397
-0.465877	trans	0.465877
-0.0666519	trans	0.0666519
-0.0547307	trans	0.0547307
0.0882338	trans	0.0882338
0.826764	trans	0.826764
-0.0559648	trans	0.0559648
-0.0616526	trans	0.0616526
0.0828888	trans	0.0828888
-0.0490792	trans	0.0490792
0.0748057	trans	0.0748057
0.12233	trans	0.12233
0.0467472	trans	0.0467472
-0.0758293	trans	0.0758293
0.384639	trans	0.384639
0.0770554	trans	0.0770554
-0.0697527	trans	0.0697527
-0.0935196	trans	0.0935196
-0.283937	trans	0.283937
0.0435714	trans	0.0435714
-0.0489059	trans	0.0489059
0.927423	trans	0.927423
0.174148	trans	0.174148
0.354963	trans	0.354963
-0.0441198	trans	0.0441198
0.122642	trans	0.122642
0.0541972	trans	0.0541972
-0.080679	trans	0.080679
-0.0793634	trans	0.0793634
-0.0424231	trans	0.0424231
0.0483226	trans	0.0483226
0.0653572	trans	0.0653572
0.0457585	trans	0.0457585
-0.0441128	trans	0.0441128
0.0551647	trans	0.0551647
-0.0526238	trans	0.0526238
0.0495834	trans	0.0495834
0.054117	trans	0.054117
0.0525855	trans	0.0525855
0.0447631	trans	0.0447631
0.0994165	trans	0.0994165
-0.246945	trans	0.246945
0.0405948	trans	0.0405948
-0.0678276	trans	0.0678276
0.195583	trans	0.195583
0.130852	trans	0.130852
-0.0437062	trans	0.0437062
-0.0609332	trans	0.0609332
0.0555454	trans	0.0555454
0.0464927	trans	0.0464927
0.0553846	trans	0.0553846
0.0440885	trans	0.0440885
-0.0576368	trans	0.0576368
-0.0536197	trans	0.0536197
0.0379019	trans	0.0379019
0.0460008	trans	0.0460008
-0.0431051	trans	0.0431051
0.0568448	trans	0.0568448
0.0372616	trans	0.0372616
-0.0742789	trans	0.0742789
0.0370734	trans	0.0370734
-0.113402	trans	0.113402
-0.0758805	trans	0.0758805
-0.05277	trans	0.05277
0.141938	trans	0.141938
0.057559	trans	0.057559
0.0511656	trans	0.0511656
-0.061614	trans	0.061614
0.08687	trans	0.08687
-0.0395375	trans	0.0395375
0.131162	trans	0.131162
0.393982	trans	0.393982
0.436529	trans	0.436529
0.0834231	trans	0.0834231
0.0436606	trans	0.0436606
-0.264189	trans	0.264189
-0.0500638	trans	0.0500638
-0.379047	trans	0.379047
-0.296506	trans	0.296506
0.0915187	trans	0.0915187
0.0743332	trans	0.0743332
-0.0497414	trans	0.0497414
-0.0561313	trans	0.0561313
-0.0635925	trans	0.0635925
-0.0570282	trans	0.0570282
0.0923099	trans	0.0923099
-0.0583915	trans	0.0583915
-0.0747615	trans	0.0747615
0.0507027	trans	0.0507027
0.0444651	trans	0.0444651
0.663872	trans	0.663872
0.0710383	trans	0.0710383
0.0456137	trans	0.0456137
0.0431207	trans	0.0431207
0.142906	trans	0.142906
0.148503	trans	0.148503
0.0477744	trans	0.0477744
0.381526	trans	0.381526
0.136699	trans	0.136699
0.0526969	trans	0.0526969
-0.0527725	trans	0.0527725
0.08321	trans	0.08321
-0.0774612	trans	0.0774612
-0.137504	trans	0.137504
-0.0426985	trans	0.0426985
-0.0422721	trans	0.0422721
0.0645219	trans	0.0645219
0.239825	trans	0.239825
-0.137899	trans	0.137899
-0.0693332	trans	0.0693332
-0.264854	trans	0.264854
0.045215	trans	0.045215
-0.135998	trans	0.135998
0.151403	trans	0.151403
-0.0653231	trans	0.0653231
0.0738246	trans	0.0738246
0.101203	trans	0.101203
-0.0944694	trans	0.0944694
0.0576349	trans	0.0576349
0.195658	trans	0.195658
0.0776203	trans	0.0776203
-0.081455	trans	0.081455
-0.0928184	trans	0.0928184
-0.0539107	trans	0.0539107
0.365559	trans	0.365559
0.0633428	trans	0.0633428
-0.0477899	trans	0.0477899
-0.0869438	trans	0.0869438
0.17746	trans	0.17746
0.254846	trans	0.254846
-0.063681	trans	0.063681
0.222291	trans	0.222291
0.0773848	trans	0.0773848
0.0692187	trans	0.0692187
-0.0679972	trans	0.0679972
0.0621998	trans	0.0621998
0.041518	trans	0.041518
0.0900535	trans	0.0900535
0.0892535	trans	0.0892535
0.0853463	trans	0.0853463
0.300771	trans	0.300771
0.0388594	trans	0.0388594
0.0487569	trans	0.0487569
0.10402	trans	0.10402
-0.0884197	trans	0.0884197
0.06559	trans	0.06559
0.0382157	trans	0.0382157
-0.0599986	trans	0.0599986
0.0426295	trans	0.0426295
-0.0575531	trans	0.0575531
-0.0698448	trans	0.0698448
-0.130138	trans	0.130138
-0.0398963	trans	0.0398963
0.37233	trans	0.37233
-0.0528769	trans	0.0528769
-0.115316	trans	0.115316
-0.0807697	trans	0.0807697
-0.0510255	trans	0.0510255
-0.039967	trans	0.039967
-0.0427714	trans	0.0427714
0.0674751	trans	0.0674751
-0.0432872	trans	0.0432872
0.04962	trans	0.04962
0.0856493	trans	0.0856493
0.0708383	trans	0.0708383
0.277133	trans	0.277133
-0.0775659	trans	0.0775659
-0.196429	trans	0.196429
-0.063518	trans	0.063518
0.0497514	trans	0.0497514
0.145977	trans	0.145977
0.166595	trans	0.166595
-0.0600774	trans	0.0600774
0.0666675	trans	0.0666675
-0.0744965	trans	0.0744965
-0.057066	trans	0.057066
0.311246	trans	0.311246
0.593412	trans	0.593412
0.0503983	trans	0.0503983
-0.0442001	trans	0.0442001
0.0486634	trans	0.0486634
0.139162	trans	0.139162
-0.063088	trans	0.063088
0.0799031	trans	0.0799031
-0.0812593	trans	0.0812593
-0.1152	trans	0.1152
0.0549605	trans	0.0549605
-0.0737439	trans	0.0737439
0.0516526	trans	0.0516526
0.0475889	trans	0.0475889
-0.0497199	trans	0.0497199
-0.0500344	trans	0.0500344
-0.0560976	trans	0.0560976
-0.0485819	trans	0.0485819
-0.0610168	trans	0.0610168
0.0851265	trans	0.0851265
-0.303815	trans	0.303815
-0.0511045	trans	0.0511045
-0.0717951	trans	0.0717951
0.141476	trans	0.141476
0.0780552	trans	0.0780552
-0.0456929	trans	0.0456929
0.0717657	trans	0.0717657
0.0603197	trans	0.0603197
0.0644497	trans	0.0644497
0.0476515	trans	0.0476515
-0.0571805	trans	0.0571805
-0.0534801	trans	0.0534801
-0.0396546	trans	0.0396546
-0.979748	trans	0.979748
-0.939647	trans	0.939647
-0.62463	trans	0.62463
-0.0716969	trans	0.0716969
0.0809506	trans	0.0809506
0.0500046	trans	0.0500046
0.335454	trans	0.335454
-0.0517661	trans	0.0517661
0.106663	trans	0.106663
-0.0727357	trans	0.0727357
0.138404	trans	0.138404
0.245191	trans	0.245191
0.0663623	trans	0.0663623
-0.0692645	trans	0.0692645
0.554425	trans	0.554425
-0.609924	trans	0.609924
-0.572738	trans	0.572738
0.277938	trans	0.277938
0.426748	trans	0.426748
0.411561	trans	0.411561
0.264244	trans	0.264244
-0.306261	trans	0.306261
-0.691539	trans	0.691539
0.437882	trans	0.437882
0.478632	trans	0.478632
0.327152	trans	0.327152
-0.609221	trans	0.609221
0.753571	trans	0.753571
0.50531	trans	0.50531
0.46646	trans	0.46646
-0.580128	trans	0.580128
0.398108	trans	0.398108
-0.711602	trans	0.711602
0.77472	trans	0.77472
0.267703	trans	0.267703
-0.279045	trans	0.279045
0.371921	trans	0.371921
-0.586573	trans	0.586573
0.768236	trans	0.768236
0.654946	trans	0.654946
0.639862	trans	0.639862
0.7116	trans	0.7116
-0.310211	trans	0.310211
-0.441653	trans	0.441653
0.668824	trans	0.668824
0.475062	trans	0.475062
0.331544	trans	0.331544
0.774038	trans	0.774038
0.784461	trans	0.784461
-0.853522	trans	0.853522
0.445789	trans	0.445789
0.373278	trans	0.373278
0.427128	trans	0.427128
0.443066	trans	0.443066
-0.319142	trans	0.319142
0.716443	trans	0.716443
0.742169	trans	0.742169
0.858241	trans	0.858241
-0.732199	trans	0.732199
-0.505873	trans	0.505873
0.785699	trans	0.785699
-0.527498	trans	0.527498
0.368069	trans	0.368069
-0.743569	trans	0.743569
0.580044	trans	0.580044
-0.572037	trans	0.572037
0.254135	trans	0.254135
0.726535	trans	0.726535
0.651311	trans	0.651311
0.658876	trans	0.658876
0.516547	trans	0.516547
0.436618	trans	0.436618
0.447407	trans	0.447407
0.366072	trans	0.366072
-0.781211	trans	0.781211
0.679395	trans	0.679395
0.358237	trans	0.358237
-0.669602	trans	0.669602
0.647158	trans	0.647158
-0.625873	trans	0.625873
-0.821812	trans	0.821812
0.505776	trans	0.505776
-0.197101	trans	0.197101
-0.523768	trans	0.523768
0.612062	trans	0.612062
0.665379	trans	0.665379
-0.398243	trans	0.398243
0.84548	trans	0.84548
0.467846	trans	0.467846
-0.184199	trans	0.184199
0.798425	trans	0.798425
-0.486084	trans	0.486084
-0.769788	trans	0.769788
0.367306	trans	0.367306
-0.615063	trans	0.615063
-0.451338	trans	0.451338
-0.612661	trans	0.612661
0.420409	trans	0.420409
-0.519082	trans	0.519082
0.229204	trans	0.229204
-0.579199	trans	0.579199
0.549072	trans	0.549072
-0.687349	trans	0.687349
0.459974	trans	0.459974
-0.749977	trans	0.749977
0.242121	trans	0.242121
0.430414	trans	0.430414
-0.591706	trans	0.591706
-0.70592	trans	0.70592
-0.370049	trans	0.370049
0.720976	trans	0.720976
-0.494348	trans	0.494348
-0.366054	trans	0.366054
-0.358957	trans	0.358957
-0.331996	trans	0.331996
0.510646	trans	0.510646
-0.6412	trans	0.6412
0.312071	trans	0.312071
-0.320753	trans	0.320753
0.811994	trans	0.811994
0.632178	trans	0.632178
0.22495	trans	0.22495
0.572531	trans	0.572531
0.540054	trans	0.540054
0.388651	trans	0.388651
0.616197	trans	0.616197
0.539796	trans	0.539796
0.925744	trans	0.925744
0.751544	trans	0.751544
-0.379603	trans	0.379603
0.686463	trans	0.686463
-0.618896	trans	0.618896
-0.772477	trans	0.772477
-0.395041	trans	0.395041
-0.359353	trans	0.359353
0.646094	trans	0.646094
0.483601	trans	0.483601
-0.324785	trans	0.324785
-0.233481	trans	0.233481
0.619354	trans	0.619354
0.471476	trans	0.471476
-0.531642	trans	0.531642
0.584636	trans	0.584636
-0.246157	trans	0.246157
-0.323393	trans	0.323393
0.685201	trans	0.685201
0.812791	trans	0.812791
-0.38892	trans	0.38892
0.651592	trans	0.651592
0.492077	trans	0.492077
-0.441746	trans	0.441746
0.569994	trans	0.569994
0.576673	trans	0.576673
-0.391022	trans	0.391022
-0.481577	trans	0.481577
-0.265061	trans	0.265061
0.533643	trans	0.533643
0.561613	trans	0.561613
0.274069	trans	0.274069
0.742756	trans	0.742756
0.419533	trans	0.419533
0.704997	trans	0.704997
0.230261	trans	0.230261
0.486335	trans	0.486335
0.636396	trans	0.636396
-0.370707	trans	0.370707
-0.479853	trans	0.479853
0.613323	trans	0.613323
0.604819	trans	0.604819
0.539116	trans	0.539116
0.738178	trans	0.738178
-0.800325	trans	0.800325
0.611554	trans	0.611554
-0.707972	trans	0.707972
0.681022	trans	0.681022
0.799181	trans	0.799181
-0.657014	trans	0.657014
-0.822105	trans	0.822105
0.287537	trans	0.287537
-0.64516	trans	0.64516
0.318398	trans	0.318398
-0.551595	trans	0.551595
0.69865	trans	0.69865
-0.392471	trans	0.392471
0.427593	trans	0.427593
0.274094	trans	0.274094
-0.856144	trans	0.856144
-0.704295	trans	0.704295
0.231148	trans	0.231148
-0.517829	trans	0.517829
0.601556	trans	0.601556
-0.396119	trans	0.396119
0.741696	trans	0.741696
0.269146	trans	0.269146
0.807749	trans	0.807749
0.737858	trans	0.737858
0.608222	trans	0.608222
-0.462139	trans	0.462139
0.482395	trans	0.482395
0.321855	trans	0.321855
0.388275	trans	0.388275
0.82119	trans	0.82119
0.570631	trans	0.570631
-0.352264	trans	0.352264
0.533904	trans	0.533904
0.728305	trans	0.728305
-0.616298	trans	0.616298
0.49613	trans	0.49613
0.771442	trans	0.771442
0.688641	trans	0.688641
0.347348	trans	0.347348
0.241914	trans	0.241914
0.483481	trans	0.483481
-0.255562	trans	0.255562
0.604968	trans	0.604968
-0.851383	trans	0.851383
-0.436148	trans	0.436148
-0.672037	trans	0.672037
0.51937	trans	0.51937
0.735761	trans	0.735761
0.585876	trans	0.585876
0.257593	trans	0.257593
-0.501867	trans	0.501867
-0.424916	trans	0.424916
0.64568	trans	0.64568
0.394783	trans	0.394783
0.639243	trans	0.639243
-0.445606	trans	0.445606
-0.582709	trans	0.582709
0.587253	trans	0.587253
0.354344	trans	0.354344
-0.607277	trans	0.607277
0.760202	trans	0.760202
-0.649445	trans	0.649445
0.498149	trans	0.498149
0.455048	trans	0.455048
0.747391	trans	0.747391
-0.644728	trans	0.644728
0.342651	trans	0.342651
0.245598	trans	0.245598
-0.665654	trans	0.665654
0.514693	trans	0.514693
-0.435925	trans	0.435925
0.827108	trans	0.827108
0.718116	trans	0.718116
0.468941	trans	0.468941
0.8125	trans	0.8125
-0.628318	trans	0.628318
-0.688304	trans	0.688304
-0.733048	trans	0.733048
-0.38522	trans	0.38522
0.56515	trans	0.56515
0.521208	trans	0.521208
-0.490757	trans	0.490757
0.495403	trans	0.495403
-0.417776	trans	0.417776
0.705524	trans	0.705524
0.659195	trans	0.659195
-0.488425	trans	0.488425
-0.283623	trans	0.283623
-0.67549	trans	0.67549
-0.514676	trans	0.514676
-0.372944	trans	0.372944
-0.777821	trans	0.777821
-0.423984	trans	0.423984
0.515602	trans	0.515602
-0.535047	trans	0.535047
0.572613	trans	0.572613
0.609863	trans	0.609863
0.905806	trans	0.905806
0.4323	trans	0.4323
0.78036	trans	0.78036
-0.810403	trans	0.810403
0.405567	trans	0.405567
0.685512	trans	0.685512
0.617077	trans	0.617077
0.791938	trans	0.791938
0.509035	trans	0.509035
0.586041	trans	0.586041
0.760862	trans	0.760862
-0.554861	trans	0.554861
-0.755614	trans	0.755614
-0.308494	trans	0.308494
0.498963	trans	0.498963
0.476784	trans	0.476784
-0.453655	trans	0.453655
-0.503697	trans	0.503697
0.633046	trans	0.633046
0.418153	trans	0.418153
0.446654	trans	0.446654
-0.219009	trans	0.219009
-0.341554	trans	0.341554
-0.441031	trans	0.441031
-0.282581	trans	0.282581
-0.736789	trans	0.736789
-0.722585	trans	0.722585
-0.519381	trans	0.519381
-0.789178	trans	0.789178
0.599237	trans	0.599237
-0.297992	trans	0.297992
0.195914	trans	0.195914
0.334002	trans	0.334002
0.675989	trans	0.675989
0.388666	trans	0.388666
0.773221	trans	0.773221
0.68762	trans	0.68762
0.353871	trans	0.353871
0.614496	trans	0.614496
0.498219	trans	0.498219
0.556045	trans	0.556045
-0.74454	trans	0.74454
0.48882	trans	0.48882
0.442877	trans	0.442877
0.572056	trans	0.572056
0.604773	trans	0.604773
-0.324258	trans	0.324258
0.268011	trans	0.268011
-0.389784	trans	0.389784
0.439352	trans	0.439352
-0.372581	trans	0.372581
-0.76769	trans	0.76769
0.720594	trans	0.720594
0.748043	trans	0.748043
-0.647455	trans	0.647455
0.457329	trans	0.457329
0.564152	trans	0.564152
-0.575662	trans	0.575662
0.557821	trans	0.557821
0.695486	trans	0.695486
0.352817	trans	0.352817
0.233528	trans	0.233528
-0.706484	trans	0.706484
0.786502	trans	0.786502
0.802006	trans	0.802006
0.495628	trans	0.495628
-0.694574	trans	0.694574
0.798455	trans	0.798455
0.673117	trans	0.673117
0.433043	trans	0.433043
-0.397599	trans	0.397599
0.173677	trans	0.173677
0.707196	trans	0.707196
-0.354157	trans	0.354157
0.422734	trans	0.422734
-0.971125	trans	0.971125
0.350876	trans	0.350876
0.726436	trans	0.726436
-0.308125	trans	0.308125
-0.40968	trans	0.40968
-0.643003	trans	0.643003
-0.71263	trans	0.71263
-0.218253	trans	0.218253
-0.362766	trans	0.362766
0.579576	trans	0.579576
-0.956379	trans	0.956379
-0.540798	trans	0.540798
-0.466193	trans	0.466193
-0.515441	trans	0.515441
0.606449	trans	0.606449
-0.653426	trans	0.653426
-0.499565	trans	0.499565
0.66609	trans	0.66609
-0.393768	trans	0.393768
-0.4947	trans	0.4947
-0.232197	trans	0.232197
-0.587666	trans	0.587666
0.611847	trans	0.611847
0.393831	trans	0.393831
0.398824	trans	0.398824
-0.491236	trans	0.491236
0.494164	trans	0.494164
0.309386	trans	0.309386
0.777781	trans	0.777781
0.429762	trans	0.429762
0.295806	trans	0.295806
0.744095	trans	0.744095
-0.287926	trans	0.287926
-0.382207	trans	0.382207
0.457485	trans	0.457485
-0.462619	trans	0.462619
0.411298	trans	0.411298
0.284576	trans	0.284576
-0.683004	trans	0.683004
0.279461	trans	0.279461
0.621557	trans	0.621557
0.626693	trans	0.626693
0.89217	trans	0.89217
0.337034	trans	0.337034
-0.666768	trans	0.666768
0.434556	trans	0.434556
0.657858	trans	0.657858
0.47382	trans	0.47382
0.705364	trans	0.705364
0.555806	trans	0.555806
-0.742314	trans	0.742314
0.66752	trans	0.66752
-0.341489	trans	0.341489
0.708404	trans	0.708404
0.807702	trans	0.807702
-0.714283	trans	0.714283
-0.65571	trans	0.65571
-0.424357	trans	0.424357
0.471617	trans	0.471617
0.577664	trans	0.577664
0.463609	trans	0.463609
-0.302955	trans	0.302955
-0.782778	trans	0.782778
-0.651393	trans	0.651393
0.0590018	trans	0.0590018
0.379201	trans	0.379201
0.855745	trans	0.855745
0.545584	trans	0.545584
0.26171	trans	0.26171
0.238577	trans	0.238577
-0.661571	trans	0.661571
0.759634	trans	0.759634
-0.314145	trans	0.314145
0.859152	trans	0.859152
0.38772	trans	0.38772
0.632013	trans	0.632013
0.816266	trans	0.816266
0.591884	trans	0.591884
0.376618	trans	0.376618
-0.377394	trans	0.377394
0.46249	trans	0.46249
0.418114	trans	0.418114
0.434868	trans	0.434868
-0.654058	trans	0.654058
0.402987	trans	0.402987
0.794563	trans	0.794563
0.201664	trans	0.201664
-0.59927	trans	0.59927
-0.840434	trans	0.840434
0.382523	trans	0.382523
0.326309	trans	0.326309
-0.406668	trans	0.406668
0.741592	trans	0.741592
0.654971	trans	0.654971
0.39111	trans	0.39111
0.264336	trans	0.264336
0.643894	trans	0.643894
-0.671431	trans	0.671431
0.544728	trans	0.544728
0.477358	trans	0.477358
-0.415223	trans	0.415223
0.510453	trans	0.510453
-0.594519	trans	0.594519
-0.507875	trans	0.507875
0.447313	trans	0.447313
-0.751079	trans	0.751079
0.742954	trans	0.742954
0.579656	trans	0.579656
0.250689	trans	0.250689
0.196723	trans	0.196723
-0.0598127	trans	0.0598127
-0.23309	trans	0.23309
0.495533	trans	0.495533
0.375926	trans	0.375926
-0.639693	trans	0.639693
-0.62475	trans	0.62475
-0.395239	trans	0.395239
0.584421	trans	0.584421
-0.242958	trans	0.242958
0.601627	trans	0.601627
0.560415	trans	0.560415
-0.661767	trans	0.661767
-0.566121	trans	0.566121
0.398245	trans	0.398245
-0.448371	trans	0.448371
0.494988	trans	0.494988
0.447505	trans	0.447505
0.218881	trans	0.218881
0.307791	trans	0.307791
0.435785	trans	0.435785
0.796762	trans	0.796762
-0.792993	trans	0.792993
0.641212	trans	0.641212
-0.518254	trans	0.518254
0.573555	trans	0.573555
0.665011	trans	0.665011
0.445667	trans	0.445667
0.598345	trans	0.598345
-0.78725	trans	0.78725
-0.646219	trans	0.646219
0.544552	trans	0.544552
-0.304577	trans	0.304577
-0.561145	trans	0.561145
0.554042	trans	0.554042
0.326711	trans	0.326711
0.303338	trans	0.303338
0.898462	trans	0.898462
0.56798	trans	0.56798
0.603908	trans	0.603908
0.325619	trans	0.325619
0.459551	trans	0.459551
0.575227	trans	0.575227
0.932822	trans	0.932822
-0.719139	trans	0.719139
0.81899	trans	0.81899
-0.601788	trans	0.601788
-0.364098	trans	0.364098
0.816959	trans	0.816959
0.771463	trans	0.771463
-0.645814	trans	0.645814
-0.614863	trans	0.614863
-0.527289	trans	0.527289
-0.189182	trans	0.189182
0.368725	trans	0.368725
0.332588	trans	0.332588
0.740561	trans	0.740561
-0.309631	trans	0.309631
-0.67754	trans	0.67754
-0.317998	trans	0.317998
0.527375	trans	0.527375
0.337747	trans	0.337747
-0.580567	trans	0.580567
-0.694746	trans	0.694746
-0.436551	trans	0.436551
0.642752	trans	0.642752
-0.651792	trans	0.651792
0.390838	trans	0.390838
-0.231851	trans	0.231851
0.426086	trans	0.426086
0.291303	trans	0.291303
-0.389312	trans	0.389312
-0.426743	trans	0.426743
0.653803	trans	0.653803
-0.373795	trans	0.373795
0.487891	trans	0.487891
0.418138	trans	0.418138
0.300969	trans	0.300969
-0.369865	trans	0.369865
0.626818	trans	0.626818
0.479984	trans	0.479984
-0.572125	trans	0.572125
-0.432041	trans	0.432041
-0.450759	trans	0.450759
-0.366777	trans	0.366777
0.450264	trans	0.450264
-0.485534	trans	0.485534
-0.598379	trans	0.598379
0.26862	trans	0.26862
0.370789	trans	0.370789
0.795898	trans	0.795898
0.298744	trans	0.298744
0.487634	trans	0.487634
-0.443474	trans	0.443474
0.591525	trans	0.591525
-0.426696	trans	0.426696
0.764005	trans	0.764005
0.455991	trans	0.455991
0.297051	trans	0.297051
0.677913	trans	0.677913
0.637035	trans	0.637035
-0.636849	trans	0.636849
-0.386429	trans	0.386429
-0.508634	trans	0.508634
-0.770208	trans	0.770208
-0.389078	trans	0.389078
0.617875	trans	0.617875
-0.772007	trans	0.772007
-0.723527	trans	0.723527
0.470124	trans	0.470124
-0.483502	trans	0.483502
-0.461973	trans	0.461973
-0.461466	trans	0.461466
0.389343	trans	0.389343
0.227023	trans	0.227023
0.716001	trans	0.716001
-0.726688	trans	0.726688
0.459747	trans	0.459747
0.431763	trans	0.431763
0.665881	trans	0.665881
0.612487	trans	0.612487
-0.74508	trans	0.74508
0.677632	trans	0.677632
0.461252	trans	0.461252
0.716168	trans	0.716168
-0.552379	trans	0.552379
0.892838	trans	0.892838
-0.687182	trans	0.687182
0.578193	trans	0.578193
-0.491462	trans	0.491462
-0.560606	trans	0.560606
0.205982	trans	0.205982
0.506745	trans	0.506745
-0.347956	trans	0.347956
0.603835	trans	0.603835
-0.515212	trans	0.515212
0.482329	trans	0.482329
0.599413	trans	0.599413
0.395822	trans	0.395822
-0.635088	trans	0.635088
0.445081	trans	0.445081
-0.45129	trans	0.45129
-0.678114	trans	0.678114
0.712623	trans	0.712623
0.285369	trans	0.285369
0.574411	trans	0.574411
0.56571	trans	0.56571
0.648845	trans	0.648845
-0.617081	trans	0.617081
0.586434	trans	0.586434
0.239513	trans	0.239513
0.69781	trans	0.69781
0.572638	trans	0.572638
0.815695	trans	0.815695
-0.362637	trans	0.362637
-0.988941	trans	0.988941
0.442682	trans	0.442682
0.612972	trans	0.612972
0.343354	trans	0.343354
0.664317	trans	0.664317
0.590373	trans	0.590373
0.588616	trans	0.588616
-0.761978	trans	0.761978
0.455081	trans	0.455081
0.498985	trans	0.498985
-0.815207	trans	0.815207
0.616066	trans	0.616066
-0.705821	trans	0.705821
-0.495218	trans	0.495218
-0.333241	trans	0.333241
0.512989	trans	0.512989
0.655225	trans	0.655225
-0.415842	trans	0.415842
0.519227	trans	0.519227
-0.331221	trans	0.331221
0.762265	trans	0.762265
-0.640492	trans	0.640492
0.548977	trans	0.548977
0.798292	trans	0.798292
0.521465	trans	0.521465
0.683112	trans	0.683112
0.536596	trans	0.536596
0.657588	trans	0.657588
-0.437141	trans	0.437141
0.318826	trans	0.318826
-0.636199	trans	0.636199
-0.594649	trans	0.594649
0.768696	trans	0.768696
-0.542409	trans	0.542409
0.555983	trans	0.555983
0.20261	trans	0.20261
0.675669	trans	0.675669
0.798704	trans	0.798704
0.68077	trans	0.68077
0.506685	trans	0.506685
0.445724	trans	0.445724
-0.827419	trans	0.827419
-0.446591	trans	0.446591
0.307708	trans	0.307708
-0.239414	trans	0.239414
0.0375418	trans	0.0375418
0.0584627	trans	0.0584627
-0.0732353	trans	0.0732353
0.0434479	trans	0.0434479
-0.0344058	trans	0.0344058
0.0463561	trans	0.0463561
-0.0636827	trans	0.0636827
-0.0363938	trans	0.0363938
-0.0325707	trans	0.0325707
0.0460361	trans	0.0460361
-0.0342809	trans	0.0342809
0.0393817	trans	0.0393817
0.0353711	trans	0.0353711
0.0478752	trans	0.0478752
0.0552729	trans	0.0552729
0.0699457	trans	0.0699457
-0.0615467	trans	0.0615467
0.23634	trans	0.23634
-0.0384634	trans	0.0384634
0.102245	trans	0.102245
0.122427	trans	0.122427
0.155664	trans	0.155664
0.0832839	trans	0.0832839
0.042781	trans	0.042781
0.041231	trans	0.041231
0.0611214	trans	0.0611214
0.0674378	trans	0.0674378
0.152047	trans	0.152047
-0.122798	trans	0.122798
-0.113666	trans	0.113666
-0.0424892	trans	0.0424892
0.811201	trans	0.811201
0.0418972	trans	0.0418972
-0.0417166	trans	0.0417166
0.0804126	trans	0.0804126
0.0484771	trans	0.0484771
-0.0511077	trans	0.0511077
-0.0627664	trans	0.0627664
-0.0371791	trans	0.0371791
-0.0397449	trans	0.0397449
-0.0425616	trans	0.0425616
-0.0468717	trans	0.0468717
0.10526	trans	0.10526
0.0391486	trans	0.0391486
0.0441378	trans	0.0441378
-0.0419094	trans	0.0419094
-0.053009	trans	0.053009
0.271101	trans	0.271101
0.123073	trans	0.123073
-0.066721	trans	0.066721
0.437452	trans	0.437452
0.124035	trans	0.124035
-0.0576512	trans	0.0576512
0.0966131	trans	0.0966131
0.109132	trans	0.109132
-0.0644163	trans	0.0644163
0.0603331	trans	0.0603331
-0.0663695	trans	0.0663695
-0.0895085	trans	0.0895085
0.150644	trans	0.150644
0.0477533	trans	0.0477533
0.218101	trans	0.218101
0.0544031	trans	0.0544031
0.244195	trans	0.244195
-0.0518485	trans	0.0518485
-0.0543352	trans	0.0543352
-0.0760937	trans	0.0760937
0.0667942	trans	0.0667942
0.0446229	trans	0.0446229
-0.584213	trans	0.584213
0.105491	trans	0.105491
-0.0468733	trans	0.0468733
-0.0479518	trans	0.0479518
-0.0682014	trans	0.0682014
0.0567362	trans	0.0567362
-0.0593015	trans	0.0593015
0.0776615	trans	0.0776615
0.12899	trans	0.12899
0.0706171	trans	0.0706171
0.0442434	trans	0.0442434
-0.0540127	trans	0.0540127
0.0650704	trans	0.0650704
0.130748	trans	0.130748
0.382302	trans	0.382302
-0.238133	trans	0.238133
-0.0662974	trans	0.0662974
0.0826806	trans	0.0826806
0.284105	trans	0.284105
-0.107314	trans	0.107314
-0.0851378	trans	0.0851378
0.126284	trans	0.126284
-0.279905	trans	0.279905
-0.20305	trans	0.20305
0.046364	trans	0.046364
-0.0714989	trans	0.0714989
-0.0565489	trans	0.0565489
-0.0889754	trans	0.0889754
0.199851	trans	0.199851
0.0560854	trans	0.0560854
0.0426757	trans	0.0426757
0.0484666	trans	0.0484666
0.257817	trans	0.257817
0.587773	trans	0.587773
-0.0692555	trans	0.0692555
0.0840779	trans	0.0840779
0.136122	trans	0.136122
-0.064319	trans	0.064319
-0.0632734	trans	0.0632734
-0.998822	trans	0.998822
-0.0665091	trans	0.0665091
0.0458143	trans	0.0458143
-0.0546906	trans	0.0546906
0.070283	trans	0.070283
-0.118654	trans	0.118654
0.0481073	trans	0.0481073
0.0791039	trans	0.0791039
0.0503828	trans	0.0503828
0.0666132	trans	0.0666132
-0.0760169	trans	0.0760169
0.0513414	trans	0.0513414
-0.0484982	trans	0.0484982
0.0734121	trans	0.0734121
-0.0429848	trans	0.0429848
0.499377	trans	0.499377
-0.0405207	trans	0.0405207
0.189759	trans	0.189759
-0.0424111	trans	0.0424111
0.0708338	trans	0.0708338
0.0465018	trans	0.0465018
0.503518	trans	0.503518
0.038306	trans	0.038306
0.0508348	trans	0.0508348
-0.0527741	trans	0.0527741
0.0283213	trans	0.0283213
0.0450512	trans	0.0450512
0.191352	trans	0.191352
0.0304467	trans	0.0304467
-0.0400095	trans	0.0400095
-0.0351794	trans	0.0351794
-0.0485072	trans	0.0485072
0.0401715	trans	0.0401715
0.0520573	trans	0.0520573
-1.11662	trans	1.11662
-0.49497	trans	0.49497
0.0716508	trans	0.0716508
-0.0486681	trans	0.0486681
0.0709921	trans	0.0709921
0.0948436	trans	0.0948436
0.0631703	trans	0.0631703
-0.0918162	trans	0.0918162
0.0406302	trans	0.0406302
0.198501	trans	0.198501
0.37566	trans	0.37566
0.0535577	trans	0.0535577
-0.0565166	trans	0.0565166
0.974599	trans	0.974599
-0.0664102	trans	0.0664102
-0.0441978	trans	0.0441978
0.0407735	trans	0.0407735
-0.0411889	trans	0.0411889
0.0468327	trans	0.0468327
-0.0470982	trans	0.0470982
-0.720769	trans	0.720769
0.0697588	trans	0.0697588
0.0437296	trans	0.0437296
0.0527109	trans	0.0527109
0.0742831	trans	0.0742831
0.109364	trans	0.109364
0.0585237	trans	0.0585237
-0.100921	trans	0.100921
0.0398807	trans	0.0398807
0.0465905	trans	0.0465905
0.0500152	trans	0.0500152
0.0713041	trans	0.0713041
0.040697	trans	0.040697
-0.0385663	trans	0.0385663
-0.071438	trans	0.071438
0.045563	trans	0.045563
0.165431	trans	0.165431
0.0571644	trans	0.0571644
0.228865	trans	0.228865
-0.0436173	trans	0.0436173
-0.0485527	trans	0.0485527
0.0409275	trans	0.0409275
-0.0409131	trans	0.0409131
0.104496	trans	0.104496
-0.0561564	trans	0.0561564
-0.11275	trans	0.11275
0.944215	trans	0.944215
-0.0528024	trans	0.0528024
-0.0616621	trans	0.0616621
-0.0561173	trans	0.0561173
0.0598698	trans	0.0598698
0.0504588	trans	0.0504588
-0.125651	trans	0.125651
-0.146013	trans	0.146013
-0.0685235	trans	0.0685235
-0.0530068	trans	0.0530068
0.115538	trans	0.115538
0.0844562	trans	0.0844562
0.123107	trans	0.123107
-0.0391592	trans	0.0391592
-0.0447776	trans	0.0447776
0.0444603	trans	0.0444603
0.0396194	trans	0.0396194
-0.0467273	trans	0.0467273
-0.0788268	trans	0.0788268
0.0552587	trans	0.0552587
-0.0574433	trans	0.0574433
0.0493623	trans	0.0493623
0.0428657	trans	0.0428657
-0.0479613	trans	0.0479613
0.0791923	trans	0.0791923
0.0545979	trans	0.0545979
0.106959	trans	0.106959
0.0910902	trans	0.0910902
-0.0435328	trans	0.0435328
0.0753738	trans	0.0753738
0.0959074	trans	0.0959074
0.0983064	trans	0.0983064
0.243611	trans	0.243611
-0.0744654	trans	0.0744654
-0.0625961	trans	0.0625961
0.0589343	trans	0.0589343
0.0782895	trans	0.0782895
-0.669368	trans	0.669368
0.265966	trans	0.265966
-0.0553658	trans	0.0553658
-0.0411066	trans	0.0411066
0.118659	trans	0.118659
-0.0834929	trans	0.0834929
0.0442275	trans	0.0442275
0.0753911	trans	0.0753911
0.500294	trans	0.500294
0.593733	trans	0.593733
-0.0506461	trans	0.0506461
0.0364267	trans	0.0364267
-0.716887	trans	0.716887
-0.0497824	trans	0.0497824
-0.10205	trans	0.10205
0.0683117	trans	0.0683117
-0.0569745	trans	0.0569745
0.0726622	trans	0.0726622
-0.0616155	trans	0.0616155
-0.0736743	trans	0.0736743
-0.118837	trans	0.118837
-0.0582373	trans	0.0582373
0.0572679	trans	0.0572679
-0.063322	trans	0.063322
-0.0611512	trans	0.0611512
0.195029	trans	0.195029
0.0420356	trans	0.0420356
-0.0410254	trans	0.0410254
-0.0728588	trans	0.0728588
-0.0465357	trans	0.0465357
-0.0523794	trans	0.0523794
0.0458718	trans	0.0458718
0.0402132	trans	0.0402132
0.0502251	trans	0.0502251
-0.05133	trans	0.05133
-0.0383205	trans	0.0383205
-0.0742696	trans	0.0742696
0.0415343	trans	0.0415343
-0.0591195	trans	0.0591195
-0.0804383	trans	0.0804383
-0.0716202	trans	0.0716202
0.183865	trans	0.183865
-0.0855612	trans	0.0855612
-0.0454492	trans	0.0454492
-0.0638613	trans	0.0638613
0.0391222	trans	0.0391222
-0.0693229	trans	0.0693229
0.0555886	trans	0.0555886
0.119322	trans	0.119322
0.191237	trans	0.191237
0.0354484	trans	0.0354484
-0.0505957	trans	0.0505957
-0.0271173	trans	0.0271173
0.136092	trans	0.136092
0.420555	trans	0.420555
0.0421447	trans	0.0421447
0.0316545	trans	0.0316545
0.0539543	trans	0.0539543
-0.0543149	trans	0.0543149
-0.167176	trans	0.167176
0.374957	trans	0.374957
0.0474681	trans	0.0474681
-0.0727382	trans	0.0727382
-0.206228	trans	0.206228
0.0562146	trans	0.0562146
-0.146453	trans	0.146453
1.20442	trans	1.20442
0.113048	trans	0.113048
-0.0590526	trans	0.0590526
-0.060461	trans	0.060461
0.216438	trans	0.216438
0.0481267	trans	0.0481267
0.0684988	trans	0.0684988
-0.0515358	trans	0.0515358
0.212354	trans	0.212354
0.0441022	trans	0.0441022
0.066393	trans	0.066393
0.232809	trans	0.232809
0.0522304	trans	0.0522304
0.0748637	trans	0.0748637
-0.0501238	trans	0.0501238
0.231944	trans	0.231944
0.0513846	trans	0.0513846
0.0771029	trans	0.0771029
-0.0528311	trans	0.0528311
-0.0768963	trans	0.0768963
0.0528596	trans	0.0528596
-0.0471584	trans	0.0471584
0.065481	trans	0.065481
0.356079	trans	0.356079
-0.0717944	trans	0.0717944
0.156943	trans	0.156943
-0.0523395	trans	0.0523395
0.0338925	trans	0.0338925
-0.594602	trans	0.594602
-0.0437965	trans	0.0437965
0.467303	trans	0.467303
-0.106666	trans	0.106666
1.10368	trans	1.10368
0.0708687	trans	0.0708687
-0.0545787	trans	0.0545787
0.0666404	trans	0.0666404
-0.0425744	trans	0.0425744
0.0508182	trans	0.0508182
0.0466383	trans	0.0466383
-0.102793	trans	0.102793
0.0601374	trans	0.0601374
-0.0516866	trans	0.0516866
0.0462683	trans	0.0462683
-0.0689645	trans	0.0689645
0.043342	trans	0.043342
-0.0469049	trans	0.0469049
0.057994	trans	0.057994
0.0578885	trans	0.0578885
0.0484942	trans	0.0484942
0.0737986	trans	0.0737986
0.0534379	trans	0.0534379
0.0616562	trans	0.0616562
-0.0465145	trans	0.0465145
-0.0529773	trans	0.0529773
-0.053653	trans	0.053653
0.0684417	trans	0.0684417
0.0431846	trans	0.0431846
0.0572934	trans	0.0572934
0.254727	trans	0.254727
0.0578523	trans	0.0578523
0.0499455	trans	0.0499455
0.0499335	trans	0.0499335
-0.0609795	trans	0.0609795
0.0538287	trans	0.0538287
0.0465302	trans	0.0465302
-0.0524527	trans	0.0524527
0.0428209	trans	0.0428209
-0.0509486	trans	0.0509486
-0.0820491	trans	0.0820491
0.176846	trans	0.176846
-0.0486352	trans	0.0486352
0.0450698	trans	0.0450698
-0.0458184	trans	0.0458184
-0.0456643	trans	0.0456643
0.0480346	trans	0.0480346
0.0455122	trans	0.0455122
0.0421818	trans	0.0421818
-0.045808	trans	0.045808
0.0434878	trans	0.0434878
0.0648046	trans	0.0648046
0.0434539	trans	0.0434539
0.0473279	trans	0.0473279
-0.0450697	trans	0.0450697
-0.0664193	trans	0.0664193
0.0504027	trans	0.0504027
-0.125574	trans	0.125574
-0.0744187	trans	0.0744187
-0.091017	trans	0.091017
-0.515597	trans	0.515597
-0.147488	trans	0.147488
-0.0471024	trans	0.0471024
-0.0711795	trans	0.0711795
0.0943225	trans	0.0943225
-0.143596	trans	0.143596
-0.0584665	trans	0.0584665
-0.0453078	trans	0.0453078
0.0601377	trans	0.0601377
-0.138334	trans	0.138334
-0.0584285	trans	0.0584285
0.206782	trans	0.206782
0.0562024	trans	0.0562024
-0.0632963	trans	0.0632963
0.193728	trans	0.193728
0.0653111	trans	0.0653111
0.0579355	trans	0.0579355
-0.0500897	trans	0.0500897
0.0427138	trans	0.0427138
-0.126907	trans	0.126907
-0.068302	trans	0.068302
0.0497586	trans	0.0497586
0.0449846	trans	0.0449846
0.0518059	trans	0.0518059
0.047476	trans	0.047476
0.0763553	trans	0.0763553
-0.0671839	trans	0.0671839
-0.658411	trans	0.658411
-0.133326	trans	0.133326
-0.11114	trans	0.11114
0.954272	trans	0.954272
0.0577046	trans	0.0577046
0.0809224	trans	0.0809224
0.0465585	trans	0.0465585
0.0857802	trans	0.0857802
-0.0598532	trans	0.0598532
0.0455648	trans	0.0455648
0.0489583	trans	0.0489583
-0.0614298	trans	0.0614298
0.0516154	trans	0.0516154
0.188602	trans	0.188602
-0.113119	trans	0.113119
0.052031	trans	0.052031
-0.0453313	trans	0.0453313
-0.0506622	trans	0.0506622
0.0546491	trans	0.0546491
0.046858	trans	0.046858
0.0629135	trans	0.0629135
-0.044293	trans	0.044293
0.0830242	trans	0.0830242
0.0483309	trans	0.0483309
0.0528986	trans	0.0528986
-0.113518	trans	0.113518
0.120146	trans	0.120146
0.0684576	trans	0.0684576
0.0449318	trans	0.0449318
0.791176	trans	0.791176
0.0473764	trans	0.0473764
-0.0842518	trans	0.0842518
-0.0449136	trans	0.0449136
0.152899	trans	0.152899
0.0431569	trans	0.0431569
-0.133166	trans	0.133166
0.260337	trans	0.260337
0.281751	trans	0.281751
-0.0389437	trans	0.0389437
0.0936964	trans	0.0936964
-0.0961747	trans	0.0961747
0.0421949	trans	0.0421949
0.0943645	trans	0.0943645
0.0565763	trans	0.0565763
-0.702071	trans	0.702071
-0.0583751	trans	0.0583751
-0.0570813	trans	0.0570813
0.0432931	trans	0.0432931
0.275753	trans	0.275753
0.0659992	trans	0.0659992
0.234076	trans	0.234076
0.114628	trans	0.114628
0.207548	trans	0.207548
-0.0760426	trans	0.0760426
-0.108468	trans	0.108468
0.220438	trans	0.220438
0.147336	trans	0.147336
0.0892937	trans	0.0892937
0.678192	trans	0.678192
0.0476956	trans	0.0476956
-0.0769481	trans	0.0769481
0.072326	trans	0.072326
0.162352	trans	0.162352
-0.11153	trans	0.11153
0.0855366	trans	0.0855366
-0.0542888	trans	0.0542888
0.0460966	trans	0.0460966
-0.103346	trans	0.103346
0.0611589	trans	0.0611589
-0.102129	trans	0.102129
-0.0422026	trans	0.0422026
0.0552467	trans	0.0552467
0.0548032	trans	0.0548032
0.0581552	trans	0.0581552
-0.050069	trans	0.050069
-0.0981063	trans	0.0981063
0.331158	trans	0.331158
0.0617786	trans	0.0617786
0.0516255	trans	0.0516255
0.0832444	trans	0.0832444
0.0576121	trans	0.0576121
-0.0910674	trans	0.0910674
0.135874	trans	0.135874
0.0995408	trans	0.0995408
0.0511283	trans	0.0511283
-0.0473904	trans	0.0473904
-0.112569	trans	0.112569
-0.0587127	trans	0.0587127
-0.754249	trans	0.754249
0.976582	trans	0.976582
0.079511	trans	0.079511
0.436178	trans	0.436178
-0.0424558	trans	0.0424558
-0.0420934	trans	0.0420934
0.0421278	trans	0.0421278
0.0424557	trans	0.0424557
-0.0631332	trans	0.0631332
-0.0782732	trans	0.0782732
0.0559229	trans	0.0559229
0.0412746	trans	0.0412746
0.13207	trans	0.13207
0.863107	trans	0.863107
-0.0664763	trans	0.0664763
0.0642203	trans	0.0642203
-0.0521422	trans	0.0521422
0.054317	trans	0.054317
0.0909525	trans	0.0909525
-0.0763334	trans	0.0763334
-0.111859	trans	0.111859
-0.134696	trans	0.134696
0.042261	trans	0.042261
1.05778	trans	1.05778
0.0482083	trans	0.0482083
0.0466318	trans	0.0466318
0.0415598	trans	0.0415598
0.0514666	trans	0.0514666
0.0402531	trans	0.0402531
0.0711417	trans	0.0711417
-0.0423823	trans	0.0423823
-0.0793875	trans	0.0793875
0.0498527	trans	0.0498527
0.129785	trans	0.129785
0.0851788	trans	0.0851788
0.0679312	trans	0.0679312
0.0414844	trans	0.0414844
-0.122998	trans	0.122998
-0.119215	trans	0.119215
0.119389	trans	0.119389
-0.734609	trans	0.734609
-0.843716	trans	0.843716
1.06456	trans	1.06456
-0.0414973	trans	0.0414973
0.0585965	trans	0.0585965
-0.0462371	trans	0.0462371
-0.0535458	trans	0.0535458
0.0621849	trans	0.0621849
-0.0443229	trans	0.0443229
0.0502238	trans	0.0502238
-0.0437698	trans	0.0437698
0.0872715	trans	0.0872715
-0.410332	trans	0.410332
-0.142069	trans	0.142069
-0.0716516	trans	0.0716516
0.043186	trans	0.043186
0.492628	trans	0.492628
0.12507	trans	0.12507
0.0731652	trans	0.0731652
-0.0550881	trans	0.0550881
-0.132417	trans	0.132417
0.311973	trans	0.311973
-0.0441713	trans	0.0441713
-0.04641	trans	0.04641
0.0462722	trans	0.0462722
0.0588646	trans	0.0588646
0.0480269	trans	0.0480269
0.0394538	trans	0.0394538
0.0808036	trans	0.0808036
0.0821366	trans	0.0821366
-0.10937	trans	0.10937
0.0523999	trans	0.0523999
0.0519537	trans	0.0519537
0.051673	trans	0.051673
0.0656404	trans	0.0656404
0.062552	trans	0.062552
-0.0462898	trans	0.0462898
0.182045	trans	0.182045
0.173017	trans	0.173017
0.0577593	trans	0.0577593
0.0653327	trans	0.0653327
0.2093	trans	0.2093
-0.0518671	trans	0.0518671
-0.104417	trans	0.104417
-0.129195	trans	0.129195
-0.0493479	trans	0.0493479
0.105796	trans	0.105796
0.0698569	trans	0.0698569
0.0521041	trans	0.0521041
-0.0830961	trans	0.0830961
-0.0439714	trans	0.0439714
-0.0505121	trans	0.0505121
0.0618402	trans	0.0618402
0.0946595	trans	0.0946595
0.0445971	trans	0.0445971
-0.0552008	trans	0.0552008
-0.143028	trans	0.143028
0.0549683	trans	0.0549683
-0.0518006	trans	0.0518006
-0.179889	trans	0.179889
0.14395	trans	0.14395
-0.365282	trans	0.365282
1.73165	trans	1.73165
0.0880068	trans	0.0880068
0.0588564	trans	0.0588564
0.0488319	trans	0.0488319
-0.0529695	trans	0.0529695
0.370265	trans	0.370265
0.284329	trans	0.284329
0.103382	trans	0.103382
0.0494077	trans	0.0494077
0.160866	trans	0.160866
0.0666223	trans	0.0666223
0.0648618	trans	0.0648618
-0.149787	trans	0.149787
-0.0473965	trans	0.0473965
-0.965018	trans	0.965018
-0.846236	trans	0.846236
-0.202315	trans	0.202315
-0.0822075	trans	0.0822075
-0.0383224	trans	0.0383224
0.0544615	trans	0.0544615
0.0539675	trans	0.0539675
0.0524349	trans	0.0524349
-0.0791719	trans	0.0791719
-0.246751	trans	0.246751
0.0882775	trans	0.0882775
0.106895	trans	0.106895
0.0442125	trans	0.0442125
0.0382025	trans	0.0382025
-0.0397207	trans	0.0397207
-0.142156	trans	0.142156
-0.0568269	trans	0.0568269
0.116939	trans	0.116939
-0.0859371	trans	0.0859371
0.0788701	trans	0.0788701
-0.120269	trans	0.120269
0.0670465	trans	0.0670465
0.109851	trans	0.109851
0.0541692	trans	0.0541692
0.710963	trans	0.710963
0.147901	trans	0.147901
0.051221	trans	0.051221
0.0470986	trans	0.0470986
0.237416	trans	0.237416
0.0454092	trans	0.0454092
-0.102373	trans	0.102373
0.0435235	trans	0.0435235
-0.0591916	trans	0.0591916
-0.279361	trans	0.279361
0.0824454	trans	0.0824454
-0.101244	trans	0.101244
0.0607094	trans	0.0607094
0.05693	trans	0.05693
-0.0473332	trans	0.0473332
0.0519856	trans	0.0519856
0.0435515	trans	0.0435515
0.0737506	trans	0.0737506
0.348961	trans	0.348961
0.0742685	trans	0.0742685
-0.0669462	trans	0.0669462
-0.0554882	trans	0.0554882
0.0672531	trans	0.0672531
0.0493507	trans	0.0493507
-0.0683348	trans	0.0683348
-0.043546	trans	0.043546
-0.0504807	trans	0.0504807
0.216236	trans	0.216236
-0.0798886	trans	0.0798886
-0.0550093	trans	0.0550093
-0.0792677	trans	0.0792677
-0.0426039	trans	0.0426039
-0.0558688	trans	0.0558688
0.0888651	trans	0.0888651
0.172575	trans	0.172575
-0.0504859	trans	0.0504859
0.531597	trans	0.531597
-0.046773	trans	0.046773
0.0518634	trans	0.0518634
0.0816456	trans	0.0816456
0.129478	trans	0.129478
-0.304644	trans	0.304644
0.0580293	trans	0.0580293
0.0702936	trans	0.0702936
-0.0522971	trans	0.0522971
0.0487855	trans	0.0487855
0.046239	trans	0.046239
0.0455994	trans	0.0455994
0.0599513	trans	0.0599513
0.0510109	trans	0.0510109
-0.213461	trans	0.213461
0.0751504	trans	0.0751504
-0.0681094	trans	0.0681094
-0.182381	trans	0.182381
0.0454176	trans	0.0454176
0.0509864	trans	0.0509864
-0.067377	trans	0.067377
0.103082	trans	0.103082
0.0427964	trans	0.0427964
-0.0585387	trans	0.0585387
0.044939	trans	0.044939
-0.0448629	trans	0.0448629
0.289452	trans	0.289452
0.0457164	trans	0.0457164
0.0435469	trans	0.0435469
-0.0445471	trans	0.0445471
-0.0573724	trans	0.0573724
0.0464196	trans	0.0464196
-0.0444511	trans	0.0444511
0.171376	trans	0.171376
-0.123378	trans	0.123378
0.0526309	trans	0.0526309
-0.0467158	trans	0.0467158
-0.07382	trans	0.07382
-0.0386958	trans	0.0386958
-0.0582056	trans	0.0582056
-0.151301	trans	0.151301
-0.734755	trans	0.734755
-0.0758761	trans	0.0758761
-0.0517061	trans	0.0517061
0.0387428	trans	0.0387428
-0.047094	trans	0.047094
0.0418208	trans	0.0418208
0.058775	trans	0.058775
-0.474824	trans	0.474824
-0.0458951	trans	0.0458951
0.0463269	trans	0.0463269
-0.124298	trans	0.124298
0.0779184	trans	0.0779184
0.256475	trans	0.256475
-0.058293	trans	0.058293
0.0405071	trans	0.0405071
0.466419	trans	0.466419
0.0435007	trans	0.0435007
0.0459718	trans	0.0459718
-0.0433638	trans	0.0433638
-0.0464876	trans	0.0464876
-0.0380305	trans	0.0380305
-0.143252	trans	0.143252
-0.104099	trans	0.104099
-0.055982	trans	0.055982
0.0389506	trans	0.0389506
-0.0450428	trans	0.0450428
-0.309742	trans	0.309742
0.0620064	trans	0.0620064
0.0702983	trans	0.0702983
-0.970978	trans	0.970978
-1.0021	trans	1.0021
-0.947864	trans	0.947864
-0.0712572	trans	0.0712572
0.054411	trans	0.054411
-0.416438	trans	0.416438
0.0698979	trans	0.0698979
0.856545	trans	0.856545
-0.0532572	trans	0.0532572
-0.0968447	trans	0.0968447
-0.0450176	trans	0.0450176
0.207331	trans	0.207331
1.31682	trans	1.31682
-0.061012	trans	0.061012
0.0598412	trans	0.0598412
0.0535649	trans	0.0535649
0.0400967	trans	0.0400967
0.0580131	trans	0.0580131
-0.0537347	trans	0.0537347
-0.0433372	trans	0.0433372
0.0610898	trans	0.0610898
-0.0478469	trans	0.0478469
0.0464288	trans	0.0464288
0.0656715	trans	0.0656715
0.0729631	trans	0.0729631
-1.04212	trans	1.04212
0.0679575	trans	0.0679575
0.109624	trans	0.109624
0.0451627	trans	0.0451627
-0.0802181	trans	0.0802181
0.0594765	trans	0.0594765
0.0568814	trans	0.0568814
-0.0872099	trans	0.0872099
-0.0358309	trans	0.0358309
-0.550852	trans	0.550852
0.0388302	trans	0.0388302
-0.0454051	trans	0.0454051
0.0786224	trans	0.0786224
-0.0651442	trans	0.0651442
-0.0683045	trans	0.0683045
-0.547768	trans	0.547768
0.0413014	trans	0.0413014
0.0853778	trans	0.0853778
-0.0716401	trans	0.0716401
0.0806255	trans	0.0806255
0.0303154	trans	0.0303154
-0.0531034	trans	0.0531034
0.03325	trans	0.03325
-0.0356068	trans	0.0356068
0.0428037	trans	0.0428037
-0.036307	trans	0.036307
-0.0552709	trans	0.0552709
0.530781	trans	0.530781
0.0477655	trans	0.0477655
-0.0371417	trans	0.0371417
0.110062	trans	0.110062
0.0448641	trans	0.0448641
0.056727	trans	0.056727
0.158869	trans	0.158869
-0.0790685	trans	0.0790685
0.515511	trans	0.515511
0.0422222	trans	0.0422222
0.0434858	trans	0.0434858
-0.285867	trans	0.285867
0.0496092	trans	0.0496092
-0.108831	trans	0.108831
0.0605089	trans	0.0605089
0.46966	trans	0.46966
-1.16181	trans	1.16181
-0.673283	trans	0.673283
-0.0580584	trans	0.0580584
0.0665251	trans	0.0665251
0.0434072	trans	0.0434072
-0.0410139	trans	0.0410139
0.0455777	trans	0.0455777
0.0790741	trans	0.0790741
0.0807938	trans	0.0807938
0.0613289	trans	0.0613289
0.0690773	trans	0.0690773
-0.101947	trans	0.101947
-0.0703149	trans	0.0703149
0.0618695	trans	0.0618695
0.0694777	trans	0.0694777
0.0466896	trans	0.0466896
-0.196904	trans	0.196904
0.128433	trans	0.128433
0.15468	trans	0.15468
-0.107856	trans	0.107856
0.111357	trans	0.111357
-0.131826	trans	0.131826
-0.292773	trans	0.292773
-0.170095	trans	0.170095
0.0621542	trans	0.0621542
-0.0714772	trans	0.0714772
0.144182	trans	0.144182
0.0734474	trans	0.0734474
-0.0477559	trans	0.0477559
-0.0415388	trans	0.0415388
-0.0522271	trans	0.0522271
0.240807	trans	0.240807
-0.0874884	trans	0.0874884
-0.0524495	trans	0.0524495
0.0582509	trans	0.0582509
-0.0443795	trans	0.0443795
-0.0543815	trans	0.0543815
-0.100277	trans	0.100277
-0.052888	trans	0.052888
-0.0431479	trans	0.0431479
-0.0426422	trans	0.0426422
0.0439244	trans	0.0439244
0.0506162	trans	0.0506162
0.0397292	trans	0.0397292
-0.129482	trans	0.129482
0.0740486	trans	0.0740486
-0.118198	trans	0.118198
0.108471	trans	0.108471
-0.0773565	trans	0.0773565
-0.0415243	trans	0.0415243
0.187519	trans	0.187519
0.0422099	trans	0.0422099
-0.0770326	trans	0.0770326
0.0683623	trans	0.0683623
-0.118772	trans	0.118772
-0.0436108	trans	0.0436108
0.207358	trans	0.207358
0.119674	trans	0.119674
-0.145488	trans	0.145488
-0.14577	trans	0.14577
0.288815	trans	0.288815
-0.0470554	trans	0.0470554
-0.224311	trans	0.224311
0.322127	trans	0.322127
-0.0576057	trans	0.0576057
-0.202759	trans	0.202759
0.103095	trans	0.103095
-0.128403	trans	0.128403
-0.0420809	trans	0.0420809
0.0402254	trans	0.0402254
0.042706	trans	0.042706
-0.177193	trans	0.177193
0.0672666	trans	0.0672666
0.0758697	trans	0.0758697
0.308325	trans	0.308325
0.034797	trans	0.034797
0.0542329	trans	0.0542329
-0.667767	trans	0.667767
-0.209926	trans	0.209926
0.0964614	trans	0.0964614
-0.194559	trans	0.194559
0.06431	trans	0.06431
0.0464285	trans	0.0464285
-0.0538499	trans	0.0538499
0.0415231	trans	0.0415231
0.0440862	trans	0.0440862
-0.183642	trans	0.183642
0.0617742	trans	0.0617742
0.0856483	trans	0.0856483
0.386906	trans	0.386906
-0.214925	trans	0.214925
0.0568845	trans	0.0568845
0.0491073	trans	0.0491073
-0.440554	trans	0.440554
-0.15576	trans	0.15576
-0.0609224	trans	0.0609224
0.430037	trans	0.430037
0.0457175	trans	0.0457175
-0.0461755	trans	0.0461755
0.500431	trans	0.500431
-0.0694568	trans	0.0694568
-0.134942	trans	0.134942
0.193335	trans	0.193335
0.199141	trans	0.199141
0.0593528	trans	0.0593528
-0.122349	trans	0.122349
-0.0404121	trans	0.0404121
-0.0443074	trans	0.0443074
-0.0573037	trans	0.0573037
-0.0550217	trans	0.0550217
0.0444594	trans	0.0444594
0.0482775	trans	0.0482775
0.0668675	trans	0.0668675
0.141139	trans	0.141139
-0.171304	trans	0.171304
0.60872	trans	0.60872
0.0842942	trans	0.0842942
0.216284	trans	0.216284
-0.0631599	trans	0.0631599
0.0723366	trans	0.0723366
0.042159	trans	0.042159
-0.0428483	trans	0.0428483
0.0492017	trans	0.0492017
-0.0573534	trans	0.0573534
-0.0671912	trans	0.0671912
-0.0743284	trans	0.0743284
-0.05662	trans	0.05662
0.0405286	trans	0.0405286
0.134313	trans	0.134313
0.190049	trans	0.190049
-0.0863217	trans	0.0863217
-0.0651433	trans	0.0651433
-0.0463733	trans	0.0463733
-0.0659757	trans	0.0659757
-0.0531659	trans	0.0531659
0.132024	trans	0.132024
0.0396272	trans	0.0396272
-0.0509028	trans	0.0509028
-0.0892512	trans	0.0892512
0.0389079	trans	0.0389079
0.274301	trans	0.274301
0.0400949	trans	0.0400949
0.23987	trans	0.23987
0.0382433	trans	0.0382433
-0.0516525	trans	0.0516525
0.0470164	trans	0.0470164
-0.0391182	trans	0.0391182
-0.130816	trans	0.130816
0.0333045	trans	0.0333045
-0.0515051	trans	0.0515051
0.0466011	trans	0.0466011
0.0654101	trans	0.0654101
0.0417235	trans	0.0417235
0.0409318	trans	0.0409318
0.176279	trans	0.176279
0.0318743	trans	0.0318743
0.218621	trans	0.218621
0.0319251	trans	0.0319251
0.0493913	trans	0.0493913
0.054834	trans	0.054834
0.0356598	trans	0.0356598
0.062145	trans	0.062145
-0.0501438	trans	0.0501438
0.886048	trans	0.886048
-0.0692026	trans	0.0692026
-0.0287531	trans	0.0287531
-0.0417237	trans	0.0417237
0.281546	trans	0.281546
-0.441514	trans	0.441514
-0.0484529	trans	0.0484529
-0.0590187	trans	0.0590187
-0.0650672	trans	0.0650672
-0.142025	trans	0.142025
-0.0568079	trans	0.0568079
0.212797	trans	0.212797
-0.149128	trans	0.149128
0.0392389	trans	0.0392389
0.206813	trans	0.206813
-0.0514455	trans	0.0514455
0.219619	trans	0.219619
0.0398996	trans	0.0398996
-0.173923	trans	0.173923
0.287418	trans	0.287418
0.0418386	trans	0.0418386
-0.151637	trans	0.151637
-0.0415843	trans	0.0415843
0.073683	trans	0.073683
0.0637241	trans	0.0637241
-0.0520471	trans	0.0520471
0.359785	trans	0.359785
-0.0630156	trans	0.0630156
-0.100338	trans	0.100338
-0.0474029	trans	0.0474029
0.35617	trans	0.35617
-0.0804471	trans	0.0804471
-0.0549364	trans	0.0549364
-0.0695408	trans	0.0695408
0.0446565	trans	0.0446565
-0.0585547	trans	0.0585547
-0.0406446	trans	0.0406446
0.112111	trans	0.112111
0.0805934	trans	0.0805934
-0.0632526	trans	0.0632526
-0.0459581	trans	0.0459581
0.0712575	trans	0.0712575
-0.0537363	trans	0.0537363
0.0436387	trans	0.0436387
0.0675642	trans	0.0675642
-0.0547575	trans	0.0547575
0.05287	trans	0.05287
0.0648303	trans	0.0648303
-0.0596173	trans	0.0596173
-0.0710981	trans	0.0710981
0.0549314	trans	0.0549314
-0.12693	trans	0.12693
-0.183262	trans	0.183262
0.0785966	trans	0.0785966
-0.0674711	trans	0.0674711
0.0470792	trans	0.0470792
0.0415398	trans	0.0415398
-0.0589643	trans	0.0589643
0.0507914	trans	0.0507914
-0.105204	trans	0.105204
-0.0738046	trans	0.0738046
0.0504413	trans	0.0504413
-0.2738	trans	0.2738
-0.0467178	trans	0.0467178
0.0438308	trans	0.0438308
-0.102594	trans	0.102594
-0.0605936	trans	0.0605936
-0.0461385	trans	0.0461385
-0.0572928	trans	0.0572928
-0.0625708	trans	0.0625708
0.0514687	trans	0.0514687
-0.232783	trans	0.232783
-0.0687116	trans	0.0687116
-0.0572981	trans	0.0572981
0.0498383	trans	0.0498383
0.0542421	trans	0.0542421
-0.0560168	trans	0.0560168
0.0922355	trans	0.0922355
0.0468898	trans	0.0468898
-0.0661273	trans	0.0661273
-0.0808264	trans	0.0808264
0.111577	trans	0.111577
-0.0480765	trans	0.0480765
0.051742	trans	0.051742
0.0599322	trans	0.0599322
-0.0698369	trans	0.0698369
-0.114087	trans	0.114087
0.0538703	trans	0.0538703
0.0444372	trans	0.0444372
-0.113094	trans	0.113094
-0.0760838	trans	0.0760838
0.280347	trans	0.280347
-0.0618394	trans	0.0618394
0.117283	trans	0.117283
0.10262	trans	0.10262
-0.108614	trans	0.108614
0.0838947	trans	0.0838947
-0.0929896	trans	0.0929896
-0.0409279	trans	0.0409279
-0.0642217	trans	0.0642217
0.0665383	trans	0.0665383
0.0415718	trans	0.0415718
-0.0873218	trans	0.0873218
0.377732	trans	0.377732
-0.0761077	trans	0.0761077
0.0843639	trans	0.0843639
-0.132982	trans	0.132982
0.0581444	trans	0.0581444
-0.0420576	trans	0.0420576
0.0466472	trans	0.0466472
-0.0457595	trans	0.0457595
0.185718	trans	0.185718
0.181442	trans	0.181442
0.0997625	trans	0.0997625
0.0646152	trans	0.0646152
0.0945369	trans	0.0945369
-0.0439811	trans	0.0439811
-0.0451597	trans	0.0451597
-0.0457189	trans	0.0457189
0.268717	trans	0.268717
0.0520838	trans	0.0520838
-0.0651852	trans	0.0651852
-0.711174	trans	0.711174
0.0825295	trans	0.0825295
-0.0515745	trans	0.0515745
0.0891202	trans	0.0891202
0.0640492	trans	0.0640492
0.667649	trans	0.667649
-0.0552701	trans	0.0552701
-0.0427488	trans	0.0427488
0.05297	trans	0.05297
0.0577248	trans	0.0577248
-0.0509036	trans	0.0509036
-1.45879	trans	1.45879
0.0617736	trans	0.0617736
-0.0416366	trans	0.0416366
-0.0428351	trans	0.0428351
-0.920512	trans	0.920512
-0.0714343	trans	0.0714343
-0.0493389	trans	0.0493389
-0.212924	trans	0.212924
0.0681973	trans	0.0681973
0.101398	trans	0.101398
0.0879255	trans	0.0879255
0.0569211	trans	0.0569211
-0.0491926	trans	0.0491926
-0.0528586	trans	0.0528586
-0.054509	trans	0.054509
0.0507321	trans	0.0507321
0.0500086	trans	0.0500086
-0.11341	trans	0.11341
0.0429412	trans	0.0429412
0.0550273	trans	0.0550273
-0.0669737	trans	0.0669737
-0.192352	trans	0.192352
-0.0445754	trans	0.0445754
-0.156263	trans	0.156263
0.125063	trans	0.125063
0.0738304	trans	0.0738304
0.0659602	trans	0.0659602
0.0426374	trans	0.0426374
0.0505593	trans	0.0505593
0.0489187	trans	0.0489187
0.0582125	trans	0.0582125
-0.187387	trans	0.187387
0.0419476	trans	0.0419476
-0.0415545	trans	0.0415545
0.0563665	trans	0.0563665
-0.0845715	trans	0.0845715
-0.113835	trans	0.113835
-0.147501	trans	0.147501
-0.0688719	trans	0.0688719
0.102038	trans	0.102038
-0.0560117	trans	0.0560117
0.0614691	trans	0.0614691
0.0449197	trans	0.0449197
-0.0656985	trans	0.0656985
-0.100201	trans	0.100201
0.184451	trans	0.184451
-0.1813	trans	0.1813
0.0814142	trans	0.0814142
0.544661	trans	0.544661
0.282731	trans	0.282731
0.0424707	trans	0.0424707
0.887494	trans	0.887494
0.0521913	trans	0.0521913
0.610352	trans	0.610352
-0.325809	trans	0.325809
0.502834	trans	0.502834
0.741818	trans	0.741818
0.816036	trans	0.816036
0.895512	trans	0.895512
0.370118	trans	0.370118
0.962059	trans	0.962059
0.634466	trans	0.634466
-0.709458	trans	0.709458
-0.524899	trans	0.524899
0.694507	trans	0.694507
-0.845439	trans	0.845439
0.4456	trans	0.4456
0.439867	trans	0.439867
0.381562	trans	0.381562
0.0385712	trans	0.0385712
0.488692	trans	0.488692
0.77813	trans	0.77813
0.342422	trans	0.342422
0.789022	trans	0.789022
0.825014	trans	0.825014
-0.576754	trans	0.576754
0.579775	trans	0.579775
0.678523	trans	0.678523
-0.042915	trans	0.042915
0.0448724	trans	0.0448724
0.808765	trans	0.808765
0.698216	trans	0.698216
-0.448033	trans	0.448033
0.739169	trans	0.739169
0.713026	trans	0.713026
-0.538963	trans	0.538963
0.534972	trans	0.534972
-0.528551	trans	0.528551
0.46727	trans	0.46727
-0.288604	trans	0.288604
0.366121	trans	0.366121
0.354746	trans	0.354746
0.508106	trans	0.508106
-0.0487567	trans	0.0487567
0.713485	trans	0.713485
0.727974	trans	0.727974
0.865387	trans	0.865387
0.532592	trans	0.532592
0.712796	trans	0.712796
0.562941	trans	0.562941
0.744695	trans	0.744695
0.920683	trans	0.920683
1.0479	trans	1.0479
-0.47322	trans	0.47322
0.475419	trans	0.475419
0.541545	trans	0.541545
0.822669	trans	0.822669
-0.0436235	trans	0.0436235
-0.0722899	trans	0.0722899
0.0685942	trans	0.0685942
-0.062569	trans	0.062569
0.0714168	trans	0.0714168
0.0772975	trans	0.0772975
0.0481883	trans	0.0481883
-0.0436402	trans	0.0436402
-0.0540104	trans	0.0540104
-0.0967201	trans	0.0967201
0.0836028	trans	0.0836028
0.0547182	trans	0.0547182
0.102983	trans	0.102983
0.102548	trans	0.102548
0.0829317	trans	0.0829317
0.0717464	trans	0.0717464
-0.0411317	trans	0.0411317
0.611057	trans	0.611057
-0.0863296	trans	0.0863296
0.119921	trans	0.119921
0.0549904	trans	0.0549904
-0.0445289	trans	0.0445289
0.0471734	trans	0.0471734
-0.0692694	trans	0.0692694
-0.0941863	trans	0.0941863
-0.144598	trans	0.144598
0.0757478	trans	0.0757478
0.135669	trans	0.135669
0.0722549	trans	0.0722549
0.512105	trans	0.512105
0.0421995	trans	0.0421995
0.0356211	trans	0.0356211
-0.0384831	trans	0.0384831
-0.0506603	trans	0.0506603
-0.0581359	trans	0.0581359
0.0453614	trans	0.0453614
0.120016	trans	0.120016
0.147469	trans	0.147469
0.101732	trans	0.101732
0.0802025	trans	0.0802025
-0.0744486	trans	0.0744486
-0.047823	trans	0.047823
0.0823622	trans	0.0823622
-0.0462084	trans	0.0462084
0.0932619	trans	0.0932619
-0.0822585	trans	0.0822585
-0.0953333	trans	0.0953333
0.423729	trans	0.423729
-0.0468381	trans	0.0468381
0.101873	trans	0.101873
0.0391039	trans	0.0391039
-0.082968	trans	0.082968
-0.0458151	trans	0.0458151
0.0447732	trans	0.0447732
-0.0808743	trans	0.0808743
0.0735464	trans	0.0735464
0.0494814	trans	0.0494814
0.0647245	trans	0.0647245
-0.0568558	trans	0.0568558
-0.0928217	trans	0.0928217
0.400001	trans	0.400001
-0.0626384	trans	0.0626384
0.0436967	trans	0.0436967
0.0641112	trans	0.0641112
0.045447	trans	0.045447
0.067076	trans	0.067076
0.0458942	trans	0.0458942
-0.0473943	trans	0.0473943
0.0958527	trans	0.0958527
0.0455421	trans	0.0455421
-0.0472032	trans	0.0472032
-0.047203	trans	0.047203
-0.0428639	trans	0.0428639
-0.0566685	trans	0.0566685
-0.0456882	trans	0.0456882
0.0519142	trans	0.0519142
-0.0817963	trans	0.0817963
0.0655131	trans	0.0655131
0.0428877	trans	0.0428877
0.0856747	trans	0.0856747
0.0999757	trans	0.0999757
0.0453034	trans	0.0453034
-0.0853744	trans	0.0853744
0.0640683	trans	0.0640683
0.0456223	trans	0.0456223
0.0748579	trans	0.0748579
-0.0438478	trans	0.0438478
0.0489814	trans	0.0489814
0.0682176	trans	0.0682176
-0.06606	trans	0.06606
0.108035	trans	0.108035
0.0935725	trans	0.0935725
0.151896	trans	0.151896
-0.0562314	trans	0.0562314
0.056698	trans	0.056698
-0.218304	trans	0.218304
0.0774395	trans	0.0774395
0.0578489	trans	0.0578489
-0.04325	trans	0.04325
0.0724934	trans	0.0724934
0.0538403	trans	0.0538403
0.0465599	trans	0.0465599
-0.0837076	trans	0.0837076
-0.0516935	trans	0.0516935
0.0537628	trans	0.0537628
-0.0877752	trans	0.0877752
0.104701	trans	0.104701
-0.0542313	trans	0.0542313
-0.0784007	trans	0.0784007
-0.0422396	trans	0.0422396
0.047424	trans	0.047424
-0.20259	trans	0.20259
-0.143785	trans	0.143785
-0.156528	trans	0.156528
0.0547688	trans	0.0547688
-0.0526474	trans	0.0526474
0.052413	trans	0.052413
0.0435555	trans	0.0435555
-0.0784719	trans	0.0784719
-0.0538384	trans	0.0538384
-0.0522128	trans	0.0522128
-0.0671855	trans	0.0671855
0.0745957	trans	0.0745957
0.0498851	trans	0.0498851
-0.0505658	trans	0.0505658
0.081104	trans	0.081104
0.0522373	trans	0.0522373
-0.086407	trans	0.086407
0.0627487	trans	0.0627487
0.0421124	trans	0.0421124
0.0837165	trans	0.0837165
0.0457971	trans	0.0457971
0.0760414	trans	0.0760414
0.0967624	trans	0.0967624
-0.0538943	trans	0.0538943
0.114527	trans	0.114527
0.0578144	trans	0.0578144
0.133502	trans	0.133502
0.112	trans	0.112
-0.0557689	trans	0.0557689
0.0670206	trans	0.0670206
-0.061129	trans	0.061129
0.232915	trans	0.232915
-0.045436	trans	0.045436
0.116912	trans	0.116912
0.0451165	trans	0.0451165
-0.0588517	trans	0.0588517
-0.13605	trans	0.13605
-0.0569585	trans	0.0569585
-0.0493683	trans	0.0493683
0.0612781	trans	0.0612781
-0.0577981	trans	0.0577981
-0.312306	trans	0.312306
-0.0430049	trans	0.0430049
0.0459459	trans	0.0459459
-0.0439196	trans	0.0439196
-0.0570689	trans	0.0570689
0.058935	trans	0.058935
0.0769092	trans	0.0769092
0.0935074	trans	0.0935074
-0.0792544	trans	0.0792544
0.0781933	trans	0.0781933
-0.060992	trans	0.060992
0.0605331	trans	0.0605331
-0.0834695	trans	0.0834695
-0.0887317	trans	0.0887317
-0.0728489	trans	0.0728489
-0.0878744	trans	0.0878744
0.0525628	trans	0.0525628
-0.0429973	trans	0.0429973
0.0723986	trans	0.0723986
-0.190999	trans	0.190999
0.130082	trans	0.130082
-0.0475446	trans	0.0475446
-0.086903	trans	0.086903
0.20459	trans	0.20459
-0.19683	trans	0.19683
-0.111027	trans	0.111027
0.469181	trans	0.469181
0.0510924	trans	0.0510924
-0.0330045	trans	0.0330045
-0.0364491	trans	0.0364491
0.0322634	trans	0.0322634
-0.176717	trans	0.176717
-0.0881743	trans	0.0881743
0.0819057	trans	0.0819057
0.0312797	trans	0.0312797
-0.034091	trans	0.034091
-0.0485431	trans	0.0485431
-0.0282004	trans	0.0282004
-0.0432731	trans	0.0432731
0.123287	trans	0.123287
-0.0533221	trans	0.0533221
-0.0617269	trans	0.0617269
-0.0910631	trans	0.0910631
-0.14941	trans	0.14941
0.049946	trans	0.049946
-0.080044	trans	0.080044
0.0352573	trans	0.0352573
0.142595	trans	0.142595
0.040404	trans	0.040404
-0.0400129	trans	0.0400129
0.0980122	trans	0.0980122
0.0458748	trans	0.0458748
0.0562437	trans	0.0562437
0.0977388	trans	0.0977388
-0.0587335	trans	0.0587335
-0.0948827	trans	0.0948827
0.0871582	trans	0.0871582
-0.0661628	trans	0.0661628
-0.0429222	trans	0.0429222
-0.0476735	trans	0.0476735
-0.0466226	trans	0.0466226
-0.0430283	trans	0.0430283
-0.109815	trans	0.109815
0.140821	trans	0.140821
-0.0752604	trans	0.0752604
0.0457066	trans	0.0457066
0.0713229	trans	0.0713229
-0.0678907	trans	0.0678907
-0.0770651	trans	0.0770651
-0.110241	trans	0.110241
-0.0568586	trans	0.0568586
0.0998148	trans	0.0998148
0.049352	trans	0.049352
-0.0468289	trans	0.0468289
-0.0644401	trans	0.0644401
0.977715	trans	0.977715
-0.0605027	trans	0.0605027
0.232292	trans	0.232292
-0.142572	trans	0.142572
-0.061885	trans	0.061885
0.0459359	trans	0.0459359
-0.0751232	trans	0.0751232
0.0424502	trans	0.0424502
-0.0841103	trans	0.0841103
-0.0543263	trans	0.0543263
0.310424	trans	0.310424
0.421822	trans	0.421822
0.265897	trans	0.265897
0.0468152	trans	0.0468152
0.0381255	trans	0.0381255
0.0414696	trans	0.0414696
0.0442552	trans	0.0442552
0.0478686	trans	0.0478686
-0.0478832	trans	0.0478832
0.0463073	trans	0.0463073
0.0616843	trans	0.0616843
-0.0531812	trans	0.0531812
0.109064	trans	0.109064
0.114144	trans	0.114144
0.0833375	trans	0.0833375
0.0563659	trans	0.0563659
1.65511	trans	1.65511
1.04802	trans	1.04802
0.0825258	trans	0.0825258
-0.0481226	trans	0.0481226
-0.0674916	trans	0.0674916
-0.0406532	trans	0.0406532
-0.147107	trans	0.147107
-0.0474339	trans	0.0474339
0.346191	trans	0.346191
-0.0970358	trans	0.0970358
-0.0450275	trans	0.0450275
0.0472281	trans	0.0472281
0.746577	trans	0.746577
-0.0415068	trans	0.0415068
0.112963	trans	0.112963
-0.0509264	trans	0.0509264
-0.0371683	trans	0.0371683
0.0700316	trans	0.0700316
0.132167	trans	0.132167
0.0801248	trans	0.0801248
-0.0784953	trans	0.0784953
-0.423072	trans	0.423072
-0.046896	trans	0.046896
0.0957875	trans	0.0957875
0.0853852	trans	0.0853852
-0.0623828	trans	0.0623828
-0.0529193	trans	0.0529193
-0.506055	trans	0.506055
0.0573751	trans	0.0573751
-0.0442769	trans	0.0442769
0.0758969	trans	0.0758969
0.0466836	trans	0.0466836
0.120694	trans	0.120694
-0.0835305	trans	0.0835305
0.0602028	trans	0.0602028
-0.476577	trans	0.476577
0.0544558	trans	0.0544558
0.054945	trans	0.054945
-0.0406038	trans	0.0406038
-0.0656906	trans	0.0656906
-0.0455906	trans	0.0455906
-0.0447938	trans	0.0447938
-0.0774937	trans	0.0774937
0.065748	trans	0.065748
-0.102806	trans	0.102806
-0.293345	trans	0.293345
-0.0469873	trans	0.0469873
0.0909633	trans	0.0909633
-0.0937973	trans	0.0937973
-0.0674914	trans	0.0674914
0.129444	trans	0.129444
0.141538	trans	0.141538
-0.0418225	trans	0.0418225
-0.0818121	trans	0.0818121
0.0971274	trans	0.0971274
-0.106587	trans	0.106587
-0.0586435	trans	0.0586435
0.0539568	trans	0.0539568
-0.0774221	trans	0.0774221
0.0754413	trans	0.0754413
0.0672485	trans	0.0672485
0.378588	trans	0.378588
0.4579	trans	0.4579
0.281265	trans	0.281265
0.0536621	trans	0.0536621
0.0845305	trans	0.0845305
0.0583042	trans	0.0583042
-0.057741	trans	0.057741
-0.0580849	trans	0.0580849
0.0946901	trans	0.0946901
0.137926	trans	0.137926
0.124092	trans	0.124092
0.060153	trans	0.060153
-0.0553312	trans	0.0553312
-0.0802656	trans	0.0802656
0.0818871	trans	0.0818871
0.0705003	trans	0.0705003
-0.0815125	trans	0.0815125
-0.412038	trans	0.412038
0.0476587	trans	0.0476587
0.0538636	trans	0.0538636
-0.0977126	trans	0.0977126
-0.106173	trans	0.106173
0.984459	trans	0.984459
-0.0442809	trans	0.0442809
0.0489204	trans	0.0489204
0.0658027	trans	0.0658027
-0.0526414	trans	0.0526414
-0.0783928	trans	0.0783928
-0.927408	trans	0.927408
0.0390572	trans	0.0390572
0.0457954	trans	0.0457954
-0.0361057	trans	0.0361057
-0.0381374	trans	0.0381374
0.0533554	trans	0.0533554
0.0371797	trans	0.0371797
0.0499577	trans	0.0499577
-0.0860317	trans	0.0860317
-0.0665057	trans	0.0665057
0.221237	trans	0.221237
0.811311	trans	0.811311
0.147183	trans	0.147183
0.0498809	trans	0.0498809
0.0486001	trans	0.0486001
0.14898	trans	0.14898
-0.032207	trans	0.032207
0.0300104	trans	0.0300104
-0.0324102	trans	0.0324102
-0.57659	trans	0.57659
-0.0405431	trans	0.0405431
-0.0423765	trans	0.0423765
0.367731	trans	0.367731
-0.0534978	trans	0.0534978
0.120115	trans	0.120115
0.205236	trans	0.205236
-0.0477712	trans	0.0477712
0.0484766	trans	0.0484766
0.0461907	trans	0.0461907
-0.0660082	trans	0.0660082
-0.0543712	trans	0.0543712
0.188182	trans	0.188182
-0.059383	trans	0.059383
0.0450746	trans	0.0450746
-0.0659304	trans	0.0659304
-0.0491554	trans	0.0491554
0.416791	trans	0.416791
-0.0392355	trans	0.0392355
0.0537776	trans	0.0537776
-0.685064	trans	0.685064
-0.818739	trans	0.818739
0.292914	trans	0.292914
-0.743886	trans	0.743886
0.346326	trans	0.346326
0.281585	trans	0.281585
-0.357514	trans	0.357514
-0.748537	trans	0.748537
-0.0391399	trans	0.0391399
-0.369052	trans	0.369052
-0.590168	trans	0.590168
-0.500884	trans	0.500884
0.300668	trans	0.300668
0.297643	trans	0.297643
-0.0689048	trans	0.0689048
0.0518887	trans	0.0518887
-0.0478776	trans	0.0478776
0.0474767	trans	0.0474767
0.19498	trans	0.19498
-0.0564973	trans	0.0564973
-0.0461905	trans	0.0461905
0.0665403	trans	0.0665403
0.0728049	trans	0.0728049
-0.0874387	trans	0.0874387
0.173064	trans	0.173064
0.0664072	trans	0.0664072
-0.107347	trans	0.107347
0.895867	trans	0.895867
-0.504913	trans	0.504913
0.101004	trans	0.101004
0.0437837	trans	0.0437837
-0.0695784	trans	0.0695784
-0.033104	trans	0.033104
0.121844	trans	0.121844
0.0358879	trans	0.0358879
-0.0326563	trans	0.0326563
-0.0398636	trans	0.0398636
0.0357412	trans	0.0357412
0.0546491	trans	0.0546491
0.0369751	trans	0.0369751
-0.0686653	trans	0.0686653
-0.0980737	trans	0.0980737
-0.0482835	trans	0.0482835
0.0600907	trans	0.0600907
0.553448	trans	0.553448
0.124502	trans	0.124502
0.0439287	trans	0.0439287
0.0466948	trans	0.0466948
-0.696036	trans	0.696036
-0.0463499	trans	0.0463499
0.139919	trans	0.139919
0.077734	trans	0.077734
-0.0648749	trans	0.0648749
0.491723	trans	0.491723
0.554046	trans	0.554046
0.490932	trans	0.490932
0.44636	trans	0.44636
0.513482	trans	0.513482
0.260879	trans	0.260879
-0.170228	trans	0.170228
-0.229638	trans	0.229638
0.417795	trans	0.417795
0.390038	trans	0.390038
0.426695	trans	0.426695
0.471964	trans	0.471964
0.283251	trans	0.283251
0.245322	trans	0.245322
0.39022	trans	0.39022
0.497391	trans	0.497391
0.457386	trans	0.457386
0.407673	trans	0.407673
0.147474	trans	0.147474
0.459428	trans	0.459428
0.460982	trans	0.460982
0.469172	trans	0.469172
-0.301636	trans	0.301636
0.392018	trans	0.392018
-0.452953	trans	0.452953
0.513639	trans	0.513639
0.209567	trans	0.209567
-0.33391	trans	0.33391
0.285469	trans	0.285469
0.0474836	trans	0.0474836
-0.0232793	trans	0.0232793
0.520425	trans	0.520425
-0.487528	trans	0.487528
0.337333	trans	0.337333
0.503729	trans	0.503729
0.339122	trans	0.339122
-0.310338	trans	0.310338
0.191051	trans	0.191051
0.278637	trans	0.278637
0.405416	trans	0.405416
0.175764	trans	0.175764
0.255158	trans	0.255158
0.334271	trans	0.334271
0.502262	trans	0.502262
-0.233768	trans	0.233768
0.336731	trans	0.336731
0.529764	trans	0.529764
0.263641	trans	0.263641
-0.306938	trans	0.306938
-0.190793	trans	0.190793
0.498238	trans	0.498238
0.312481	trans	0.312481
0.545786	trans	0.545786
0.359966	trans	0.359966
0.0518515	trans	0.0518515
0.0457241	trans	0.0457241
-0.100269	trans	0.100269
-0.0477568	trans	0.0477568
0.134906	trans	0.134906
0.264935	trans	0.264935
-0.0687818	trans	0.0687818
0.152684	trans	0.152684
0.306985	trans	0.306985
0.0458508	trans	0.0458508
0.379767	trans	0.379767
-0.0904744	trans	0.0904744
-0.0425627	trans	0.0425627
-0.0418277	trans	0.0418277
0.0499082	trans	0.0499082
-0.046975	trans	0.046975
0.0417734	trans	0.0417734
-0.0579608	trans	0.0579608
-0.0425668	trans	0.0425668
0.0435503	trans	0.0435503
-0.0428433	trans	0.0428433
0.0398179	trans	0.0398179
-0.0438391	trans	0.0438391
0.0423401	trans	0.0423401
-0.039082	trans	0.039082
0.0380313	trans	0.0380313
-0.038691	trans	0.038691
0.0466272	trans	0.0466272
0.044123	trans	0.044123
-0.0514289	trans	0.0514289
-0.0505831	trans	0.0505831
0.0443874	trans	0.0443874
0.0546059	trans	0.0546059
-0.0449327	trans	0.0449327
-0.142237	trans	0.142237
0.0546237	trans	0.0546237
0.0520825	trans	0.0520825
-0.0485985	trans	0.0485985
-0.0485927	trans	0.0485927
-0.0842882	trans	0.0842882
0.0410897	trans	0.0410897
-0.902169	trans	0.902169
0.0489036	trans	0.0489036
0.0490502	trans	0.0490502
0.0388593	trans	0.0388593
0.243948	trans	0.243948
0.0661347	trans	0.0661347
0.0836055	trans	0.0836055
0.0522844	trans	0.0522844
0.0406813	trans	0.0406813
-0.0429379	trans	0.0429379
0.0411934	trans	0.0411934
0.0438964	trans	0.0438964
-0.0756839	trans	0.0756839
-0.172918	trans	0.172918
-0.0738921	trans	0.0738921
0.0779184	trans	0.0779184
0.13137	trans	0.13137
0.0514154	trans	0.0514154
0.05018	trans	0.05018
-0.0922727	trans	0.0922727
0.0541216	trans	0.0541216
-0.0498108	trans	0.0498108
0.627702	trans	0.627702
-0.0594476	trans	0.0594476
0.149818	trans	0.149818
-0.246308	trans	0.246308
-0.0406325	trans	0.0406325
0.0452151	trans	0.0452151
-0.0524171	trans	0.0524171
-0.0765889	trans	0.0765889
-0.0643388	trans	0.0643388
-0.0426129	trans	0.0426129
0.0637703	trans	0.0637703
0.0784423	trans	0.0784423
1.08401	trans	1.08401
-0.0507638	trans	0.0507638
-0.0725721	trans	0.0725721
-0.157841	trans	0.157841
-0.0417793	trans	0.0417793
0.0553639	trans	0.0553639
0.0892818	trans	0.0892818
-0.0396148	trans	0.0396148
0.0618747	trans	0.0618747
0.0656076	trans	0.0656076
0.0634841	trans	0.0634841
0.0414985	trans	0.0414985
0.0827392	trans	0.0827392
0.128863	trans	0.128863
-0.0417179	trans	0.0417179
0.343075	trans	0.343075
0.0432792	trans	0.0432792
-0.0760603	trans	0.0760603
-0.0469766	trans	0.0469766
0.0536385	trans	0.0536385
-0.0457822	trans	0.0457822
0.160674	trans	0.160674
0.176191	trans	0.176191
-0.0773355	trans	0.0773355
0.0611633	trans	0.0611633
-0.0450746	trans	0.0450746
0.0441743	trans	0.0441743
-0.0722101	trans	0.0722101
-0.0581337	trans	0.0581337
0.411179	trans	0.411179
0.191206	trans	0.191206
-0.0417493	trans	0.0417493
0.0647802	trans	0.0647802
0.0428766	trans	0.0428766
1.86019	trans	1.86019
1.5434	trans	1.5434
1.83252	trans	1.83252
1.15913	trans	1.15913
-0.232106	trans	0.232106
-0.106762	trans	0.106762
0.0474231	trans	0.0474231
-0.116516	trans	0.116516
-0.0717589	trans	0.0717589
0.115702	trans	0.115702
-0.0489569	trans	0.0489569
0.585438	trans	0.585438
0.120579	trans	0.120579
-0.0492403	trans	0.0492403
0.0451246	trans	0.0451246
-0.0553702	trans	0.0553702
0.0372999	trans	0.0372999
0.101792	trans	0.101792
1.16169	trans	1.16169
1.81514	trans	1.81514
1.38516	trans	1.38516
0.784834	trans	0.784834
-0.0406359	trans	0.0406359
-0.041696	trans	0.041696
0.0532855	trans	0.0532855
0.0373031	trans	0.0373031
-0.0627872	trans	0.0627872
0.316414	trans	0.316414
0.0750635	trans	0.0750635
0.100593	trans	0.100593
-0.0496634	trans	0.0496634
0.0461368	trans	0.0461368
0.0678326	trans	0.0678326
-0.0468056	trans	0.0468056
-0.205514	trans	0.205514
-0.129301	trans	0.129301
0.293574	trans	0.293574
-0.0751577	trans	0.0751577
-0.144728	trans	0.144728
-0.0895323	trans	0.0895323
0.157635	trans	0.157635
0.0579777	trans	0.0579777
0.0612975	trans	0.0612975
0.171925	trans	0.171925
-0.0860113	trans	0.0860113
0.989608	trans	0.989608
0.0694189	trans	0.0694189
0.0719967	trans	0.0719967
-0.437595	trans	0.437595
0.0894232	trans	0.0894232
-0.028031	trans	0.028031
0.0279022	trans	0.0279022
-0.050181	trans	0.050181
0.0600145	trans	0.0600145
0.354132	trans	0.354132
0.0583155	trans	0.0583155
-0.04506	trans	0.04506
0.101373	trans	0.101373
-0.0591746	trans	0.0591746
0.0544684	trans	0.0544684
0.0564053	trans	0.0564053
0.0444997	trans	0.0444997
0.041603	trans	0.041603
0.0422609	trans	0.0422609
-0.0473977	trans	0.0473977
-0.0424112	trans	0.0424112
-0.0555671	trans	0.0555671
0.0364278	trans	0.0364278
0.0461955	trans	0.0461955
0.065466	trans	0.065466
0.0978038	trans	0.0978038
0.0434986	trans	0.0434986
-0.103939	trans	0.103939
0.0441081	trans	0.0441081
0.0583227	trans	0.0583227
0.0397786	trans	0.0397786
-0.0481792	trans	0.0481792
-0.0411242	trans	0.0411242
0.318924	trans	0.318924
0.0910336	trans	0.0910336
0.0530595	trans	0.0530595
0.0461142	trans	0.0461142
0.658436	trans	0.658436
-0.142407	trans	0.142407
-0.0630603	trans	0.0630603
-0.0478379	trans	0.0478379
-0.171311	trans	0.171311
0.0442667	trans	0.0442667
0.0460707	trans	0.0460707
0.0557914	trans	0.0557914
-0.0613574	trans	0.0613574
0.0663688	trans	0.0663688
-0.0378247	trans	0.0378247
-0.0406528	trans	0.0406528
0.173324	trans	0.173324
-0.145744	trans	0.145744
0.158001	trans	0.158001
0.258947	trans	0.258947
0.436232	trans	0.436232
-0.0383351	trans	0.0383351
0.166647	trans	0.166647
0.0469056	trans	0.0469056
0.050082	trans	0.050082
0.0776294	trans	0.0776294
-0.073819	trans	0.073819
0.0756786	trans	0.0756786
-0.0344014	trans	0.0344014
0.040459	trans	0.040459
-0.06013	trans	0.06013
-0.0415352	trans	0.0415352
-0.0487949	trans	0.0487949
-0.0356242	trans	0.0356242
0.0373385	trans	0.0373385
0.0824059	trans	0.0824059
-0.153121	trans	0.153121
0.0666247	trans	0.0666247
0.544342	trans	0.544342
0.0480401	trans	0.0480401
0.054365	trans	0.054365
0.058856	trans	0.058856
0.0590098	trans	0.0590098
-0.0436321	trans	0.0436321
0.0628986	trans	0.0628986
0.27752	trans	0.27752
-0.0616185	trans	0.0616185
0.300119	trans	0.300119
0.718075	trans	0.718075
0.14409	trans	0.14409
0.18746	trans	0.18746
0.164109	trans	0.164109
0.0696464	trans	0.0696464
-0.0906754	trans	0.0906754
0.0530654	trans	0.0530654
-0.0538504	trans	0.0538504
0.0635392	trans	0.0635392
-0.0429628	trans	0.0429628
0.0685609	trans	0.0685609
0.044023	trans	0.044023
0.0418257	trans	0.0418257
0.0704309	trans	0.0704309
0.926328	trans	0.926328
0.0416245	trans	0.0416245
-0.0613214	trans	0.0613214
0.134716	trans	0.134716
0.0695272	trans	0.0695272
0.0529679	trans	0.0529679
0.073955	trans	0.073955
-0.0622151	trans	0.0622151
0.16184	trans	0.16184
0.300159	trans	0.300159
0.0670303	trans	0.0670303
0.288802	trans	0.288802
0.0841767	trans	0.0841767
0.0460111	trans	0.0460111
0.0531309	trans	0.0531309
0.0441165	trans	0.0441165
-0.0441781	trans	0.0441781
-0.0650773	trans	0.0650773
-0.0577171	trans	0.0577171
0.129545	trans	0.129545
-0.686623	trans	0.686623
-0.875375	trans	0.875375
0.0596473	trans	0.0596473
0.0510687	trans	0.0510687
0.0947088	trans	0.0947088
-0.0911368	trans	0.0911368
-0.0563753	trans	0.0563753
-0.0299859	trans	0.0299859
0.890452	trans	0.890452
0.0347113	trans	0.0347113
-0.0314616	trans	0.0314616
-0.472692	trans	0.472692
-0.124362	trans	0.124362
-0.0502556	trans	0.0502556
-0.081975	trans	0.081975
-0.0605176	trans	0.0605176
-0.0734472	trans	0.0734472
0.0519037	trans	0.0519037
-0.0551391	trans	0.0551391
0.0640235	trans	0.0640235
0.0479438	trans	0.0479438
0.0542316	trans	0.0542316
0.0711367	trans	0.0711367
0.0716357	trans	0.0716357
-0.0461928	trans	0.0461928
0.0408355	trans	0.0408355
-0.082854	trans	0.082854
-0.0557226	trans	0.0557226
-0.18983	trans	0.18983
-0.0738994	trans	0.0738994
-0.364268	trans	0.364268
-0.508634	trans	0.508634
-0.0415452	trans	0.0415452
0.0504557	trans	0.0504557
-0.0615935	trans	0.0615935
-0.222322	trans	0.222322
0.0735081	trans	0.0735081
-0.0505263	trans	0.0505263
0.192786	trans	0.192786
-0.0538395	trans	0.0538395
-0.0551424	trans	0.0551424
-0.0661802	trans	0.0661802
-0.053432	trans	0.053432
-0.0576434	trans	0.0576434
0.0575156	trans	0.0575156
-0.0500825	trans	0.0500825
0.0728674	trans	0.0728674
0.0477956	trans	0.0477956
0.0610284	trans	0.0610284
-0.107303	trans	0.107303
0.0547084	trans	0.0547084
-0.120473	trans	0.120473
-0.0429407	trans	0.0429407
0.262189	trans	0.262189
0.972776	trans	0.972776
0.0809483	trans	0.0809483
-0.0427288	trans	0.0427288
0.048771	trans	0.048771
0.0567465	trans	0.0567465
-0.0862552	trans	0.0862552
-0.0437823	trans	0.0437823
0.0504712	trans	0.0504712
0.0767695	trans	0.0767695
0.0648642	trans	0.0648642
0.0523519	trans	0.0523519
0.641045	trans	0.641045
0.0556107	trans	0.0556107
0.0931074	trans	0.0931074
-0.0765633	trans	0.0765633
-0.0452397	trans	0.0452397
0.180816	trans	0.180816
-0.0586402	trans	0.0586402
-0.150677	trans	0.150677
0.0449732	trans	0.0449732
-0.463609	trans	0.463609
-0.149375	trans	0.149375
0.0806977	trans	0.0806977
-0.0622177	trans	0.0622177
0.0518033	trans	0.0518033
-0.0999241	trans	0.0999241
0.161994	trans	0.161994
0.902433	trans	0.902433
0.130906	trans	0.130906
0.0856421	trans	0.0856421
0.258649	trans	0.258649
-0.0779879	trans	0.0779879
1.02733	trans	1.02733
0.819846	trans	0.819846
0.886048	trans	0.886048
0.821565	trans	0.821565
-0.0729867	trans	0.0729867
-0.134853	trans	0.134853
0.0863577	trans	0.0863577
0.545624	trans	0.545624
0.125056	trans	0.125056
0.166282	trans	0.166282
-0.110054	trans	0.110054
0.0858754	trans	0.0858754
0.0537185	trans	0.0537185
-0.0573329	trans	0.0573329
0.0572789	trans	0.0572789
0.0443947	trans	0.0443947
-0.147046	trans	0.147046
-0.0531915	trans	0.0531915
-0.045143	trans	0.045143
-0.0776472	trans	0.0776472
0.0450272	trans	0.0450272
0.125431	trans	0.125431
-0.383599	trans	0.383599
0.0576293	trans	0.0576293
-0.0554113	trans	0.0554113
-0.0647776	trans	0.0647776
0.0651943	trans	0.0651943
0.444007	trans	0.444007
0.0533589	trans	0.0533589
-0.0512271	trans	0.0512271
0.0705428	trans	0.0705428
1.34173	trans	1.34173
-0.0582816	trans	0.0582816
-0.0745992	trans	0.0745992
-0.471753	trans	0.471753
-0.0545478	trans	0.0545478
0.0488209	trans	0.0488209
0.0692029	trans	0.0692029
0.0462265	trans	0.0462265
0.0719067	trans	0.0719067
-0.0468441	trans	0.0468441
0.0981593	trans	0.0981593
0.0601117	trans	0.0601117
-0.0534346	trans	0.0534346
-0.0587699	trans	0.0587699
0.0473687	trans	0.0473687
0.0515906	trans	0.0515906
-0.0478782	trans	0.0478782
0.0738059	trans	0.0738059
0.0693909	trans	0.0693909
0.0666676	trans	0.0666676
-0.110907	trans	0.110907
0.0491966	trans	0.0491966
0.179054	trans	0.179054
0.182053	trans	0.182053
-0.0833495	trans	0.0833495
0.0552505	trans	0.0552505
-0.164685	trans	0.164685
-0.0657495	trans	0.0657495
-0.0422285	trans	0.0422285
0.419207	trans	0.419207
1.35688	trans	1.35688
-0.16091	trans	0.16091
-0.137612	trans	0.137612
-0.183118	trans	0.183118
0.146034	trans	0.146034
0.159764	trans	0.159764
0.048194	trans	0.048194
0.0434448	trans	0.0434448
-0.215576	trans	0.215576
0.0482362	trans	0.0482362
0.0459583	trans	0.0459583
0.0820622	trans	0.0820622
-0.0737446	trans	0.0737446
-0.0921909	trans	0.0921909
-0.0424346	trans	0.0424346
0.0559165	trans	0.0559165
0.116738	trans	0.116738
0.13024	trans	0.13024
-0.0439237	trans	0.0439237
-0.0441211	trans	0.0441211
-0.0431016	trans	0.0431016
0.158395	trans	0.158395
0.213276	trans	0.213276
-0.19004	trans	0.19004
-0.0354537	trans	0.0354537
0.138931	trans	0.138931
-0.0321755	trans	0.0321755
-0.0721972	trans	0.0721972
-0.0624406	trans	0.0624406
0.0400588	trans	0.0400588
0.0497369	trans	0.0497369
-0.0343599	trans	0.0343599
-0.0301778	trans	0.0301778
-0.0355944	trans	0.0355944
0.0431644	trans	0.0431644
-0.094277	trans	0.094277
-0.0334221	trans	0.0334221
-0.0357442	trans	0.0357442
-0.351323	trans	0.351323
0.0627411	trans	0.0627411
0.0556222	trans	0.0556222
0.754277	trans	0.754277
0.171741	trans	0.171741
0.0363257	trans	0.0363257
0.0389398	trans	0.0389398
0.0437925	trans	0.0437925
0.196618	trans	0.196618
0.101196	trans	0.101196
-0.09197	trans	0.09197
0.0310364	trans	0.0310364
0.0631475	trans	0.0631475
0.0855589	trans	0.0855589
0.07022	trans	0.07022
0.0434335	trans	0.0434335
0.0671046	trans	0.0671046
-0.0599762	trans	0.0599762
-0.0486438	trans	0.0486438
0.053992	trans	0.053992
0.0629946	trans	0.0629946
-0.0476025	trans	0.0476025
0.160719	trans	0.160719
0.081684	trans	0.081684
-0.043307	trans	0.043307
-0.116619	trans	0.116619
0.0525422	trans	0.0525422
0.0465781	trans	0.0465781
0.0950827	trans	0.0950827
-0.0651251	trans	0.0651251
0.0720132	trans	0.0720132
0.043262	trans	0.043262
-0.0539769	trans	0.0539769
0.0492319	trans	0.0492319
0.0488025	trans	0.0488025
-0.0464741	trans	0.0464741
-0.0975727	trans	0.0975727
-0.0578216	trans	0.0578216
-0.128127	trans	0.128127
0.191624	trans	0.191624
0.050409	trans	0.050409
-0.0501446	trans	0.0501446
-0.0509007	trans	0.0509007
-0.0514079	trans	0.0514079
0.636671	trans	0.636671
-0.0655794	trans	0.0655794
0.186184	trans	0.186184
-0.0488134	trans	0.0488134
0.103299	trans	0.103299
-0.0544438	trans	0.0544438
0.0445568	trans	0.0445568
0.0446639	trans	0.0446639
0.229001	trans	0.229001
0.0512846	trans	0.0512846
0.0615915	trans	0.0615915
-0.168807	trans	0.168807
0.0699652	trans	0.0699652
-0.0359624	trans	0.0359624
0.073489	trans	0.073489
-0.0586614	trans	0.0586614
0.0872169	trans	0.0872169
0.0703217	trans	0.0703217
-0.051409	trans	0.051409
0.0486652	trans	0.0486652
0.0443555	trans	0.0443555
-0.0438574	trans	0.0438574
0.047872	trans	0.047872
0.0447992	trans	0.0447992
-0.0580379	trans	0.0580379
0.0555247	trans	0.0555247
0.0511414	trans	0.0511414
-0.0546742	trans	0.0546742
0.0677078	trans	0.0677078
0.0414372	trans	0.0414372
-0.0500722	trans	0.0500722
0.116498	trans	0.116498
0.0735796	trans	0.0735796
0.041332	trans	0.041332
0.0514808	trans	0.0514808
0.0584201	trans	0.0584201
-0.0580425	trans	0.0580425
0.0983812	trans	0.0983812
-0.0415404	trans	0.0415404
0.0824444	trans	0.0824444
-0.042167	trans	0.042167
-0.0687205	trans	0.0687205
0.0466623	trans	0.0466623
0.0450201	trans	0.0450201
0.0447072	trans	0.0447072
0.0445001	trans	0.0445001
-0.0474009	trans	0.0474009
-0.0466311	trans	0.0466311
0.0434819	trans	0.0434819
0.0557139	trans	0.0557139
0.0426491	trans	0.0426491
-0.0466209	trans	0.0466209
-0.0487725	trans	0.0487725
-0.117262	trans	0.117262
0.0574041	trans	0.0574041
-0.131741	trans	0.131741
-0.0903162	trans	0.0903162
0.0447614	trans	0.0447614
-0.356948	trans	0.356948
-0.0673898	trans	0.0673898
-0.0487824	trans	0.0487824
0.0546935	trans	0.0546935
-0.0939862	trans	0.0939862
0.0436392	trans	0.0436392
-0.043411	trans	0.043411
0.0470524	trans	0.0470524
0.0583998	trans	0.0583998
0.0462398	trans	0.0462398
-0.0424888	trans	0.0424888
-0.0602961	trans	0.0602961
0.0617667	trans	0.0617667
-0.0890816	trans	0.0890816
-0.0408377	trans	0.0408377
-0.323581	trans	0.323581
0.0616804	trans	0.0616804
1.05781	trans	1.05781
0.0450874	trans	0.0450874
0.0507955	trans	0.0507955
0.0763138	trans	0.0763138
0.0429206	trans	0.0429206
-0.0532436	trans	0.0532436
-0.0534594	trans	0.0534594
0.0439017	trans	0.0439017
0.124949	trans	0.124949
-1.11539	trans	1.11539
0.186825	trans	0.186825
0.311598	trans	0.311598
0.082288	trans	0.082288
0.0476011	trans	0.0476011
-0.0887183	trans	0.0887183
0.269991	trans	0.269991
0.104108	trans	0.104108
0.135776	trans	0.135776
-0.090749	trans	0.090749
-0.0901985	trans	0.0901985
0.116389	trans	0.116389
-0.0697886	trans	0.0697886
0.0542455	trans	0.0542455
0.0855022	trans	0.0855022
-0.0741053	trans	0.0741053
0.24916	trans	0.24916
-0.172465	trans	0.172465
0.0481428	trans	0.0481428
0.0450154	trans	0.0450154
-0.0443907	trans	0.0443907
-0.152669	trans	0.152669
0.314276	trans	0.314276
0.180534	trans	0.180534
-0.050851	trans	0.050851
0.053447	trans	0.053447
-0.0930912	trans	0.0930912
-0.0385315	trans	0.0385315
0.0739195	trans	0.0739195
-0.112948	trans	0.112948
0.0478713	trans	0.0478713
0.0491909	trans	0.0491909
-0.051895	trans	0.051895
-0.0495326	trans	0.0495326
-0.0521294	trans	0.0521294
0.0573931	trans	0.0573931
0.0477045	trans	0.0477045
-0.0528806	trans	0.0528806
-0.0458359	trans	0.0458359
0.711343	trans	0.711343
0.709466	trans	0.709466
0.437843	trans	0.437843
0.0672315	trans	0.0672315
0.521159	trans	0.521159
0.418736	trans	0.418736
0.67468	trans	0.67468
0.314645	trans	0.314645
0.257482	trans	0.257482
0.182252	trans	0.182252
-0.221762	trans	0.221762
0.299216	trans	0.299216
0.714968	trans	0.714968
0.660746	trans	0.660746
0.620009	trans	0.620009
-0.301632	trans	0.301632
0.50639	trans	0.50639
-0.697464	trans	0.697464
-0.553815	trans	0.553815
0.41211	trans	0.41211
-0.543839	trans	0.543839
-0.625589	trans	0.625589
-0.446267	trans	0.446267
0.498293	trans	0.498293
0.317286	trans	0.317286
0.403279	trans	0.403279
0.0351041	trans	0.0351041
-0.507405	trans	0.507405
-0.388991	trans	0.388991
0.20237	trans	0.20237
0.535637	trans	0.535637
0.0496811	trans	0.0496811
-0.216342	trans	0.216342
-0.56318	trans	0.56318
0.402347	trans	0.402347
0.0443532	trans	0.0443532
0.729829	trans	0.729829
0.634132	trans	0.634132
0.520112	trans	0.520112
0.252759	trans	0.252759
-0.527009	trans	0.527009
-0.666972	trans	0.666972
0.52568	trans	0.52568
-0.358012	trans	0.358012
-0.556925	trans	0.556925
0.278613	trans	0.278613
-0.0597178	trans	0.0597178
-0.412148	trans	0.412148
-0.22777	trans	0.22777
-0.62264	trans	0.62264
0.510536	trans	0.510536
0.718094	trans	0.718094
0.735799	trans	0.735799
0.384295	trans	0.384295
-0.386349	trans	0.386349
-0.748626	trans	0.748626
0.668349	trans	0.668349
0.528588	trans	0.528588
0.413661	trans	0.413661
0.475698	trans	0.475698
0.0341686	trans	0.0341686
-0.731083	trans	0.731083
-0.233752	trans	0.233752
0.342356	trans	0.342356
0.0810963	trans	0.0810963
0.629212	trans	0.629212
0.254965	trans	0.254965
-0.395541	trans	0.395541
0.350487	trans	0.350487
-0.627961	trans	0.627961
0.596499	trans	0.596499
-0.697709	trans	0.697709
0.0455053	trans	0.0455053
0.0791755	trans	0.0791755
-0.0397907	trans	0.0397907
-0.0511023	trans	0.0511023
0.043302	trans	0.043302
-0.047374	trans	0.047374
0.0613787	trans	0.0613787
0.0697426	trans	0.0697426
0.045422	trans	0.045422
-0.0582099	trans	0.0582099
-0.0546112	trans	0.0546112
-0.0440092	trans	0.0440092
0.0792249	trans	0.0792249
0.0766269	trans	0.0766269
-0.0414952	trans	0.0414952
0.0546028	trans	0.0546028
0.0705981	trans	0.0705981
-0.0485304	trans	0.0485304
0.100356	trans	0.100356
0.495266	trans	0.495266
0.485678	trans	0.485678
0.43548	trans	0.43548
0.226959	trans	0.226959
-0.134293	trans	0.134293
0.0526885	trans	0.0526885
-0.160258	trans	0.160258
0.0455475	trans	0.0455475
0.933346	trans	0.933346
-0.0588577	trans	0.0588577
-0.0616982	trans	0.0616982
0.0676286	trans	0.0676286
0.111737	trans	0.111737
0.0437534	trans	0.0437534
0.102213	trans	0.102213
0.047278	trans	0.047278
-0.181771	trans	0.181771
-0.206659	trans	0.206659
0.0437928	trans	0.0437928
-0.3071	trans	0.3071
-0.113969	trans	0.113969
0.147455	trans	0.147455
0.0460007	trans	0.0460007
-0.0838946	trans	0.0838946
0.279293	trans	0.279293
0.198168	trans	0.198168
0.0974315	trans	0.0974315
-0.164595	trans	0.164595
0.0700749	trans	0.0700749
-0.09774	trans	0.09774
0.0557772	trans	0.0557772
0.066935	trans	0.066935
0.0460975	trans	0.0460975
0.0601912	trans	0.0601912
0.0601783	trans	0.0601783
0.0503126	trans	0.0503126
-0.0712168	trans	0.0712168
0.0458518	trans	0.0458518
0.369206	trans	0.369206
0.0795394	trans	0.0795394
0.0631258	trans	0.0631258
0.585763	trans	0.585763
-0.0696574	trans	0.0696574
0.0356964	trans	0.0356964
0.0603431	trans	0.0603431
0.456518	trans	0.456518
0.12696	trans	0.12696
0.0370712	trans	0.0370712
-0.0472219	trans	0.0472219
-0.0846081	trans	0.0846081
-0.0684744	trans	0.0684744
-0.060473	trans	0.060473
0.0530018	trans	0.0530018
-0.0564822	trans	0.0564822
0.0503134	trans	0.0503134
-0.0725059	trans	0.0725059
0.0696443	trans	0.0696443
0.0506497	trans	0.0506497
-0.769168	trans	0.769168
-0.477113	trans	0.477113
0.043938	trans	0.043938
-0.0619435	trans	0.0619435
0.0700292	trans	0.0700292
-0.053591	trans	0.053591
0.104732	trans	0.104732
0.0481774	trans	0.0481774
-0.0599004	trans	0.0599004
0.049173	trans	0.049173
0.0516702	trans	0.0516702
-0.049729	trans	0.049729
-0.050242	trans	0.050242
0.052853	trans	0.052853
0.0508923	trans	0.0508923
0.0435512	trans	0.0435512
-0.045616	trans	0.045616
-0.0484863	trans	0.0484863
0.0533572	trans	0.0533572
-0.051085	trans	0.051085
0.0614971	trans	0.0614971
0.0616281	trans	0.0616281
-0.0462395	trans	0.0462395
0.0704633	trans	0.0704633
0.0613935	trans	0.0613935
0.0624107	trans	0.0624107
-0.0609349	trans	0.0609349
-0.069748	trans	0.069748
0.0696682	trans	0.0696682
0.0430347	trans	0.0430347
0.0522871	trans	0.0522871
0.0443162	trans	0.0443162
0.0479853	trans	0.0479853
0.0478362	trans	0.0478362
-0.0613419	trans	0.0613419
0.0787734	trans	0.0787734
0.0419934	trans	0.0419934
-0.0479796	trans	0.0479796
0.038814	trans	0.038814
0.0532832	trans	0.0532832
-0.0395866	trans	0.0395866
0.664448	trans	0.664448
0.788358	trans	0.788358
-0.0478612	trans	0.0478612
-0.062683	trans	0.062683
0.4176	trans	0.4176
0.0828224	trans	0.0828224
0.0521919	trans	0.0521919
0.0545738	trans	0.0545738
0.166934	trans	0.166934
0.0647856	trans	0.0647856
-0.0685143	trans	0.0685143
-0.0513801	trans	0.0513801
-0.0865831	trans	0.0865831
-0.0747991	trans	0.0747991
0.0695326	trans	0.0695326
0.078354	trans	0.078354
0.139706	trans	0.139706
-0.0551544	trans	0.0551544
0.44112	trans	0.44112
0.0405442	trans	0.0405442
0.26657	trans	0.26657
0.0700028	trans	0.0700028
0.0449044	trans	0.0449044
0.0585143	trans	0.0585143
0.0906378	trans	0.0906378
-0.0649853	trans	0.0649853
-0.270594	trans	0.270594
-0.113337	trans	0.113337
0.0403045	trans	0.0403045
0.104506	trans	0.104506
0.0502378	trans	0.0502378
-0.312832	trans	0.312832
-0.0603763	trans	0.0603763
-0.0799892	trans	0.0799892
0.041376	trans	0.041376
-0.0767019	trans	0.0767019
-0.063054	trans	0.063054
0.0476863	trans	0.0476863
0.0931506	trans	0.0931506
0.0384615	trans	0.0384615
0.120772	trans	0.120772
-0.126553	trans	0.126553
0.11283	trans	0.11283
-0.108892	trans	0.108892
0.206323	trans	0.206323
-0.120376	trans	0.120376
0.571338	trans	0.571338
-0.0416505	trans	0.0416505
0.0545489	trans	0.0545489
-0.0426548	trans	0.0426548
0.0672553	trans	0.0672553
-0.0784445	trans	0.0784445
0.155667	trans	0.155667
-0.0439863	trans	0.0439863
-0.145801	trans	0.145801
0.384799	trans	0.384799
-0.0480483	trans	0.0480483
-0.0810564	trans	0.0810564
-0.145466	trans	0.145466
-0.119376	trans	0.119376
0.0516776	trans	0.0516776
0.0642105	trans	0.0642105
0.323923	trans	0.323923
0.0456423	trans	0.0456423
-0.221608	trans	0.221608
0.193996	trans	0.193996
-0.159138	trans	0.159138
-0.25971	trans	0.25971
-0.146584	trans	0.146584
-0.0771934	trans	0.0771934
0.0413788	trans	0.0413788
0.0387564	trans	0.0387564
-0.0274521	trans	0.0274521
0.0618096	trans	0.0618096
-0.0360357	trans	0.0360357
-0.0335951	trans	0.0335951
0.0319806	trans	0.0319806
0.0323646	trans	0.0323646
0.0324608	trans	0.0324608
0.071172	trans	0.071172
-0.031483	trans	0.031483
0.0410389	trans	0.0410389
0.0327493	trans	0.0327493
0.0303218	trans	0.0303218
0.0515013	trans	0.0515013
0.0489114	trans	0.0489114
-0.0545228	trans	0.0545228
-0.0540229	trans	0.0540229
-0.0972043	trans	0.0972043
0.133085	trans	0.133085
-0.052348	trans	0.052348
0.219971	trans	0.219971
-0.0345884	trans	0.0345884
0.0604929	trans	0.0604929
0.110466	trans	0.110466
-0.324558	trans	0.324558
-0.31524	trans	0.31524
0.287331	trans	0.287331
-0.0680915	trans	0.0680915
0.0513761	trans	0.0513761
-0.0542359	trans	0.0542359
-0.139171	trans	0.139171
-0.597819	trans	0.597819
-0.0499341	trans	0.0499341
-0.0549692	trans	0.0549692
-0.0462502	trans	0.0462502
0.0622271	trans	0.0622271
-0.0500612	trans	0.0500612
0.0590026	trans	0.0590026
0.0630112	trans	0.0630112
-0.0654378	trans	0.0654378
-0.0489216	trans	0.0489216
0.155853	trans	0.155853
-0.0990529	trans	0.0990529
0.0509048	trans	0.0509048
0.0676243	trans	0.0676243
0.0422895	trans	0.0422895
0.0640987	trans	0.0640987
-0.0892357	trans	0.0892357
-0.0755725	trans	0.0755725
-0.0470433	trans	0.0470433
0.0425354	trans	0.0425354
-0.0947726	trans	0.0947726
-0.143958	trans	0.143958
0.0699003	trans	0.0699003
0.0685267	trans	0.0685267
0.0721998	trans	0.0721998
-0.45686	trans	0.45686
-0.0785096	trans	0.0785096
-0.41545	trans	0.41545
0.147336	trans	0.147336
-0.060011	trans	0.060011
0.230387	trans	0.230387
-0.0506966	trans	0.0506966
0.0559215	trans	0.0559215
0.596218	trans	0.596218
0.060412	trans	0.060412
0.0705763	trans	0.0705763
0.0830249	trans	0.0830249
0.0716877	trans	0.0716877
0.0457091	trans	0.0457091
-0.0452463	trans	0.0452463
-0.0785774	trans	0.0785774
-0.0423074	trans	0.0423074
0.0587219	trans	0.0587219
0.0454691	trans	0.0454691
-0.0560556	trans	0.0560556
0.0626825	trans	0.0626825
0.0578591	trans	0.0578591
0.0701962	trans	0.0701962
0.0910584	trans	0.0910584
-0.0445456	trans	0.0445456
-0.0583504	trans	0.0583504
0.0491725	trans	0.0491725
0.0547277	trans	0.0547277
0.0529385	trans	0.0529385
0.0880754	trans	0.0880754
0.055477	trans	0.055477
-0.0571741	trans	0.0571741
0.0543581	trans	0.0543581
-0.0797303	trans	0.0797303
0.0440633	trans	0.0440633
0.0759315	trans	0.0759315
0.0716624	trans	0.0716624
-0.326301	trans	0.326301
0.067134	trans	0.067134
0.117372	trans	0.117372
0.103535	trans	0.103535
0.128068	trans	0.128068
0.0975376	trans	0.0975376
0.0511836	trans	0.0511836
0.0876372	trans	0.0876372
0.333709	trans	0.333709
-0.143944	trans	0.143944
0.0711825	trans	0.0711825
0.145331	trans	0.145331
0.515904	trans	0.515904
-0.0517636	trans	0.0517636
0.367512	trans	0.367512
-0.101949	trans	0.101949
0.262192	trans	0.262192
-0.050376	trans	0.050376
-0.0561269	trans	0.0561269
0.0648245	trans	0.0648245
0.101392	trans	0.101392
-0.0676841	trans	0.0676841
0.0773368	trans	0.0773368
-0.512054	trans	0.512054
0.110637	trans	0.110637
0.0615327	trans	0.0615327
0.0505118	trans	0.0505118
-0.0516467	trans	0.0516467
0.0426618	trans	0.0426618
-0.076248	trans	0.076248
0.04247	trans	0.04247
0.0490034	trans	0.0490034
-0.0473426	trans	0.0473426
0.0507868	trans	0.0507868
0.0738487	trans	0.0738487
0.337599	trans	0.337599
-0.326117	trans	0.326117
-0.0779137	trans	0.0779137
-0.0520397	trans	0.0520397
0.0847158	trans	0.0847158
-0.059662	trans	0.059662
-0.0482832	trans	0.0482832
-0.06823	trans	0.06823
-0.0437326	trans	0.0437326
-0.0779166	trans	0.0779166
0.0526013	trans	0.0526013
0.0619041	trans	0.0619041
-0.0459808	trans	0.0459808
-0.0926832	trans	0.0926832
-0.0682795	trans	0.0682795
-0.0607053	trans	0.0607053
-0.0409542	trans	0.0409542
0.188344	trans	0.188344
-0.146643	trans	0.146643
0.0699201	trans	0.0699201
0.0549775	trans	0.0549775
0.0647019	trans	0.0647019
-0.0747833	trans	0.0747833
0.0575799	trans	0.0575799
0.338507	trans	0.338507
0.0528597	trans	0.0528597
0.044793	trans	0.044793
-0.0791909	trans	0.0791909
-0.0435083	trans	0.0435083
0.0605637	trans	0.0605637
0.0583893	trans	0.0583893
-0.0512385	trans	0.0512385
0.0532052	trans	0.0532052
0.055742	trans	0.055742
0.076793	trans	0.076793
0.0426752	trans	0.0426752
0.0514242	trans	0.0514242
0.047727	trans	0.047727
-0.0522914	trans	0.0522914
0.0429519	trans	0.0429519
-0.0491617	trans	0.0491617
0.260944	trans	0.260944
-0.0483521	trans	0.0483521
0.0583369	trans	0.0583369
0.0539396	trans	0.0539396
0.0521612	trans	0.0521612
0.0553891	trans	0.0553891
0.0482105	trans	0.0482105
0.0558579	trans	0.0558579
0.194574	trans	0.194574
0.0480669	trans	0.0480669
0.0390862	trans	0.0390862
0.05893	trans	0.05893
-0.0952006	trans	0.0952006
-0.0494149	trans	0.0494149
1.24957	trans	1.24957
-0.059869	trans	0.059869
-0.0422154	trans	0.0422154
-0.0591004	trans	0.0591004
-0.0422755	trans	0.0422755
0.0593847	trans	0.0593847
-0.0431711	trans	0.0431711
-0.0510955	trans	0.0510955
-0.0516716	trans	0.0516716
-0.042747	trans	0.042747
0.0479675	trans	0.0479675
0.0576642	trans	0.0576642
0.0450403	trans	0.0450403
0.046284	trans	0.046284
0.0555992	trans	0.0555992
-0.0570023	trans	0.0570023
0.0949166	trans	0.0949166
-0.221951	trans	0.221951
0.124786	trans	0.124786
-0.0591065	trans	0.0591065
0.0752013	trans	0.0752013
0.164483	trans	0.164483
0.0745472	trans	0.0745472
0.0967208	trans	0.0967208
-0.0374045	trans	0.0374045
0.0363249	trans	0.0363249
0.0370425	trans	0.0370425
-0.0596846	trans	0.0596846
0.16614	trans	0.16614
-0.0686184	trans	0.0686184
0.0593387	trans	0.0593387
-0.0445559	trans	0.0445559
-0.0385669	trans	0.0385669
-0.0536952	trans	0.0536952
-0.0376153	trans	0.0376153
-0.0540587	trans	0.0540587
0.0765751	trans	0.0765751
0.0614836	trans	0.0614836
0.0563111	trans	0.0563111
0.0491096	trans	0.0491096
0.0474329	trans	0.0474329
0.0645946	trans	0.0645946
-0.0683687	trans	0.0683687
0.0846644	trans	0.0846644
0.0371282	trans	0.0371282
0.0761425	trans	0.0761425
-0.0453601	trans	0.0453601
0.0569131	trans	0.0569131
0.0751187	trans	0.0751187
0.589517	trans	0.589517
0.114183	trans	0.114183
-0.0520424	trans	0.0520424
0.0530564	trans	0.0530564
-0.0474966	trans	0.0474966
0.234592	trans	0.234592
0.0622555	trans	0.0622555
0.0410824	trans	0.0410824
0.0706241	trans	0.0706241
0.0402944	trans	0.0402944
0.113642	trans	0.113642
0.0487521	trans	0.0487521
-0.0593228	trans	0.0593228
-0.0809767	trans	0.0809767
-0.087644	trans	0.087644
0.0571923	trans	0.0571923
0.256833	trans	0.256833
-0.0574682	trans	0.0574682
0.0439347	trans	0.0439347
-0.04595	trans	0.04595
-1.18686	trans	1.18686
0.133858	trans	0.133858
0.0377548	trans	0.0377548
-0.0488142	trans	0.0488142
-0.0406817	trans	0.0406817
0.103245	trans	0.103245
-0.0427343	trans	0.0427343
-0.0750936	trans	0.0750936
0.0443237	trans	0.0443237
0.11768	trans	0.11768
0.0446973	trans	0.0446973
0.0888986	trans	0.0888986
-0.0421633	trans	0.0421633
-0.0568448	trans	0.0568448
0.337322	trans	0.337322
-0.0464711	trans	0.0464711
-0.0409181	trans	0.0409181
-0.377921	trans	0.377921
-0.0396623	trans	0.0396623
0.0447527	trans	0.0447527
-0.0549458	trans	0.0549458
0.0815909	trans	0.0815909
-0.0474311	trans	0.0474311
0.0733358	trans	0.0733358
0.0529154	trans	0.0529154
-0.151703	trans	0.151703
0.0757772	trans	0.0757772
-0.0422391	trans	0.0422391
-0.239471	trans	0.239471
0.0653425	trans	0.0653425
0.0545361	trans	0.0545361
0.0442297	trans	0.0442297
0.0934783	trans	0.0934783
0.0481636	trans	0.0481636
-0.0402159	trans	0.0402159
0.0466201	trans	0.0466201
-0.0583976	trans	0.0583976
-0.0572434	trans	0.0572434
0.0722634	trans	0.0722634
0.037954	trans	0.037954
0.105211	trans	0.105211
0.0590995	trans	0.0590995
-0.0673569	trans	0.0673569
0.0380672	trans	0.0380672
-0.0369905	trans	0.0369905
0.233532	trans	0.233532
-0.0670142	trans	0.0670142
-0.0346395	trans	0.0346395
-0.0427456	trans	0.0427456
0.0496856	trans	0.0496856
0.0937586	trans	0.0937586
0.0957127	trans	0.0957127
-0.0885659	trans	0.0885659
-0.0671388	trans	0.0671388
0.0396613	trans	0.0396613
-0.0495235	trans	0.0495235
-0.131578	trans	0.131578
0.166058	trans	0.166058
0.0843357	trans	0.0843357
0.0712848	trans	0.0712848
0.0438868	trans	0.0438868
-0.0821634	trans	0.0821634
0.0536976	trans	0.0536976
-0.0791834	trans	0.0791834
-0.051106	trans	0.051106
-0.050706	trans	0.050706
0.0718765	trans	0.0718765
0.0482641	trans	0.0482641
0.0519105	trans	0.0519105
0.359365	trans	0.359365
0.0595922	trans	0.0595922
-0.050623	trans	0.050623
0.0823593	trans	0.0823593
-0.0502982	trans	0.0502982
0.0794412	trans	0.0794412
-0.865799	trans	0.865799
-0.0862492	trans	0.0862492
0.038687	trans	0.038687
0.0500698	trans	0.0500698
-0.0988926	trans	0.0988926
-0.264869	trans	0.264869
0.045136	trans	0.045136
0.0523579	trans	0.0523579
-0.0531333	trans	0.0531333
0.0659189	trans	0.0659189
0.0427354	trans	0.0427354
-0.0464412	trans	0.0464412
0.0549108	trans	0.0549108
0.0571458	trans	0.0571458
0.0511141	trans	0.0511141
-0.0886901	trans	0.0886901
0.0750825	trans	0.0750825
-0.050229	trans	0.050229
0.0944063	trans	0.0944063
0.0645401	trans	0.0645401
0.0446403	trans	0.0446403
0.059769	trans	0.059769
-0.500765	trans	0.500765
-0.392828	trans	0.392828
0.0949428	trans	0.0949428
-0.0461957	trans	0.0461957
0.0438382	trans	0.0438382
-0.0686985	trans	0.0686985
0.0614789	trans	0.0614789
0.193633	trans	0.193633
0.0537137	trans	0.0537137
0.145335	trans	0.145335
-0.0673465	trans	0.0673465
0.0633811	trans	0.0633811
0.115236	trans	0.115236
0.0541407	trans	0.0541407
0.066856	trans	0.066856
-0.0493375	trans	0.0493375
0.042356	trans	0.042356
0.13538	trans	0.13538
-0.0695944	trans	0.0695944
0.0401964	trans	0.0401964
0.234592	trans	0.234592
0.0889086	trans	0.0889086
0.0413604	trans	0.0413604
0.0712817	trans	0.0712817
-0.0482588	trans	0.0482588
-0.0717598	trans	0.0717598
0.0559866	trans	0.0559866
0.0766809	trans	0.0766809
-0.0835207	trans	0.0835207
-0.0417682	trans	0.0417682
-0.12869	trans	0.12869
0.0432333	trans	0.0432333
-0.0562508	trans	0.0562508
0.561017	trans	0.561017
0.0507384	trans	0.0507384
0.0662181	trans	0.0662181
0.0466755	trans	0.0466755
0.0552937	trans	0.0552937
-0.0433033	trans	0.0433033
-0.0539702	trans	0.0539702
-0.0539062	trans	0.0539062
0.167603	trans	0.167603
-0.0787757	trans	0.0787757
0.0470526	trans	0.0470526
-0.0579153	trans	0.0579153
-0.0637592	trans	0.0637592
-0.0843876	trans	0.0843876
-0.0422383	trans	0.0422383
0.06476	trans	0.06476
0.129201	trans	0.129201
0.0617813	trans	0.0617813
0.107772	trans	0.107772
0.0520934	trans	0.0520934
0.0749326	trans	0.0749326
0.0642711	trans	0.0642711
0.0906924	trans	0.0906924
-0.107065	trans	0.107065
0.0755146	trans	0.0755146
-0.0395582	trans	0.0395582
-0.0308952	trans	0.0308952
0.515152	trans	0.515152
0.0785441	trans	0.0785441
-0.0463815	trans	0.0463815
-0.102591	trans	0.102591
0.0724547	trans	0.0724547
-0.0485474	trans	0.0485474
-0.0446104	trans	0.0446104
-0.610771	trans	0.610771
-0.072384	trans	0.072384
0.0574731	trans	0.0574731
-0.344124	trans	0.344124
0.0545565	trans	0.0545565
0.0873941	trans	0.0873941
0.0534505	trans	0.0534505
-0.093901	trans	0.093901
0.0852305	trans	0.0852305
0.056969	trans	0.056969
-0.72209	trans	0.72209
0.0562378	trans	0.0562378
-0.0579942	trans	0.0579942
0.0564608	trans	0.0564608
-0.0386964	trans	0.0386964
0.129854	trans	0.129854
-0.054161	trans	0.054161
1.31588	trans	1.31588
0.0373124	trans	0.0373124
0.0493321	trans	0.0493321
0.0602375	trans	0.0602375
0.0459107	trans	0.0459107
-0.0454644	trans	0.0454644
0.0536068	trans	0.0536068
-0.150676	trans	0.150676
0.042994	trans	0.042994
0.059605	trans	0.059605
-0.0456104	trans	0.0456104
0.0390518	trans	0.0390518
-0.0651348	trans	0.0651348
-0.0258928	trans	0.0258928
-0.134311	trans	0.134311
-0.503159	trans	0.503159
0.0566258	trans	0.0566258
-0.0455232	trans	0.0455232
0.360964	trans	0.360964
0.176376	trans	0.176376
0.183428	trans	0.183428
0.0293534	trans	0.0293534
0.0384731	trans	0.0384731
0.0559449	trans	0.0559449
0.046811	trans	0.046811
0.569422	trans	0.569422
-0.0581224	trans	0.0581224
0.0414893	trans	0.0414893
0.043695	trans	0.043695
-0.0718878	trans	0.0718878
0.0440598	trans	0.0440598
0.0605577	trans	0.0605577
-0.0430428	trans	0.0430428
-0.0469188	trans	0.0469188
0.045249	trans	0.045249
0.0530272	trans	0.0530272
-0.0443894	trans	0.0443894
0.144115	trans	0.144115
0.044049	trans	0.044049
-0.0498693	trans	0.0498693
-0.0566867	trans	0.0566867
0.0498828	trans	0.0498828
0.0720705	trans	0.0720705
0.0543296	trans	0.0543296
-0.0460181	trans	0.0460181
0.0567878	trans	0.0567878
0.734904	trans	0.734904
-0.0418592	trans	0.0418592
0.0588856	trans	0.0588856
0.0426622	trans	0.0426622
-0.0408157	trans	0.0408157
0.0415104	trans	0.0415104
0.0534544	trans	0.0534544
-0.0529068	trans	0.0529068
-0.0495279	trans	0.0495279
-0.0493656	trans	0.0493656
0.0428092	trans	0.0428092
0.0518967	trans	0.0518967
-0.044432	trans	0.044432
0.0442185	trans	0.0442185
-0.0490799	trans	0.0490799
-0.052624	trans	0.052624
0.059881	trans	0.059881
0.0735526	trans	0.0735526
0.0735947	trans	0.0735947
0.0726802	trans	0.0726802
-0.0744038	trans	0.0744038
-0.0984374	trans	0.0984374
-0.25517	trans	0.25517
-0.0524873	trans	0.0524873
0.132023	trans	0.132023
0.504316	trans	0.504316
-0.251225	trans	0.251225
-0.367325	trans	0.367325
-0.123379	trans	0.123379
0.0661248	trans	0.0661248
0.0364495	trans	0.0364495
-0.0348901	trans	0.0348901
-0.0396839	trans	0.0396839
0.142062	trans	0.142062
0.557055	trans	0.557055
-0.03708	trans	0.03708
-0.0829171	trans	0.0829171
0.048742	trans	0.048742
0.0463886	trans	0.0463886
0.0373053	trans	0.0373053
-0.056531	trans	0.056531
-0.0479666	trans	0.0479666
0.304423	trans	0.304423
-0.0798662	trans	0.0798662
0.106649	trans	0.106649
0.569443	trans	0.569443
0.0475547	trans	0.0475547
0.0461308	trans	0.0461308
0.0543251	trans	0.0543251
-0.0423932	trans	0.0423932
-0.0556909	trans	0.0556909
0.0597334	trans	0.0597334
-0.070075	trans	0.070075
0.0824582	trans	0.0824582
0.0661344	trans	0.0661344
0.0768689	trans	0.0768689
-0.0421614	trans	0.0421614
-0.0488534	trans	0.0488534
0.0716117	trans	0.0716117
-0.106073	trans	0.106073
-0.14367	trans	0.14367
-0.0946252	trans	0.0946252
0.096842	trans	0.096842
-0.0538806	trans	0.0538806
0.151692	trans	0.151692
0.0520556	trans	0.0520556
-0.0629573	trans	0.0629573
0.049362	trans	0.049362
-0.0421611	trans	0.0421611
0.0764573	trans	0.0764573
0.0448178	trans	0.0448178
-0.0384349	trans	0.0384349
0.063128	trans	0.063128
0.106042	trans	0.106042
0.044865	trans	0.044865
0.0572079	trans	0.0572079
-0.0484766	trans	0.0484766
-0.0487794	trans	0.0487794
0.136979	trans	0.136979
0.0812245	trans	0.0812245
0.0459899	trans	0.0459899
0.058419	trans	0.058419
0.0919796	trans	0.0919796
0.05982	trans	0.05982
0.0640917	trans	0.0640917
-0.0453501	trans	0.0453501
-0.0632064	trans	0.0632064
0.0505503	trans	0.0505503
0.0471808	trans	0.0471808
-0.0440475	trans	0.0440475
0.0587321	trans	0.0587321
0.0439239	trans	0.0439239
-0.0438888	trans	0.0438888
0.0700019	trans	0.0700019
0.0554953	trans	0.0554953
-0.0449344	trans	0.0449344
-0.0605667	trans	0.0605667
0.0445502	trans	0.0445502
0.0516695	trans	0.0516695
-0.0463163	trans	0.0463163
0.0453818	trans	0.0453818
-0.0577654	trans	0.0577654
0.0544867	trans	0.0544867
-0.0642336	trans	0.0642336
0.0592155	trans	0.0592155
0.0793409	trans	0.0793409
-0.0413255	trans	0.0413255
0.0575672	trans	0.0575672
0.320434	trans	0.320434
-0.0441132	trans	0.0441132
0.0620111	trans	0.0620111
0.12221	trans	0.12221
0.0466776	trans	0.0466776
0.0768503	trans	0.0768503
-0.0429961	trans	0.0429961
-0.0436715	trans	0.0436715
0.131597	trans	0.131597
0.0864725	trans	0.0864725
0.0488487	trans	0.0488487
0.307271	trans	0.307271
-0.0704806	trans	0.0704806
0.0499924	trans	0.0499924
0.0434986	trans	0.0434986
-0.0471457	trans	0.0471457
-0.0602725	trans	0.0602725
0.107694	trans	0.107694
-0.0495372	trans	0.0495372
-0.0506398	trans	0.0506398
0.0804656	trans	0.0804656
0.0428997	trans	0.0428997
0.0403755	trans	0.0403755
0.0979651	trans	0.0979651
0.0432915	trans	0.0432915
0.0412846	trans	0.0412846
0.0568283	trans	0.0568283
0.0534014	trans	0.0534014
0.189418	trans	0.189418
0.0618658	trans	0.0618658
-0.0815538	trans	0.0815538
0.492011	trans	0.492011
-0.0434947	trans	0.0434947
0.143358	trans	0.143358
0.0530302	trans	0.0530302
0.0660376	trans	0.0660376
0.048618	trans	0.048618
-0.0674526	trans	0.0674526
0.0592735	trans	0.0592735
-0.0480455	trans	0.0480455
0.0792576	trans	0.0792576
0.0531839	trans	0.0531839
0.0585737	trans	0.0585737
-0.0419147	trans	0.0419147
0.0764389	trans	0.0764389
0.126278	trans	0.126278
-0.0512436	trans	0.0512436
0.0700911	trans	0.0700911
-0.0492031	trans	0.0492031
-0.0528015	trans	0.0528015
0.140117	trans	0.140117
0.10409	trans	0.10409
-0.0632199	trans	0.0632199
0.227756	trans	0.227756
-0.178017	trans	0.178017
-0.0451095	trans	0.0451095
-0.527286	trans	0.527286
-0.08154	trans	0.08154
-0.048241	trans	0.048241
0.0685345	trans	0.0685345
0.0425033	trans	0.0425033
0.0592373	trans	0.0592373
-0.0459639	trans	0.0459639
0.0953967	trans	0.0953967
0.0899835	trans	0.0899835
-0.0631915	trans	0.0631915
-0.0649699	trans	0.0649699
-0.148881	trans	0.148881
-0.0888947	trans	0.0888947
0.149571	trans	0.149571
0.0569329	trans	0.0569329
-0.0857612	trans	0.0857612
-0.0421203	trans	0.0421203
0.0569124	trans	0.0569124
-0.0649209	trans	0.0649209
-0.0503325	trans	0.0503325
-0.644323	trans	0.644323
0.0687139	trans	0.0687139
0.047119	trans	0.047119
-0.0454344	trans	0.0454344
-0.0590411	trans	0.0590411
0.0642739	trans	0.0642739
0.0611355	trans	0.0611355
0.135676	trans	0.135676
0.0491923	trans	0.0491923
0.0530659	trans	0.0530659
-0.793576	trans	0.793576
0.285308	trans	0.285308
-0.108321	trans	0.108321
-0.0834245	trans	0.0834245
-0.732114	trans	0.732114
0.0375553	trans	0.0375553
0.0486424	trans	0.0486424
-0.0423087	trans	0.0423087
0.0749489	trans	0.0749489
-0.0504966	trans	0.0504966
0.0722106	trans	0.0722106
-0.0760746	trans	0.0760746
0.0563619	trans	0.0563619
-0.11017	trans	0.11017
-0.0849386	trans	0.0849386
-0.0550973	trans	0.0550973
-0.0591109	trans	0.0591109
0.0399826	trans	0.0399826
-0.0610017	trans	0.0610017
-0.360202	trans	0.360202
0.100972	trans	0.100972
0.0698318	trans	0.0698318
0.0393866	trans	0.0393866
0.82954	trans	0.82954
0.0460667	trans	0.0460667
-0.750656	trans	0.750656
0.1344	trans	0.1344
-0.112518	trans	0.112518
-0.0583532	trans	0.0583532
0.0578424	trans	0.0578424
0.283947	trans	0.283947
0.0526932	trans	0.0526932
0.0509251	trans	0.0509251
0.0775899	trans	0.0775899
-0.0489036	trans	0.0489036
0.0485421	trans	0.0485421
0.367659	trans	0.367659
-0.0551747	trans	0.0551747
-0.0433064	trans	0.0433064
0.0441039	trans	0.0441039
0.0602437	trans	0.0602437
0.0767333	trans	0.0767333
-0.205633	trans	0.205633
0.425546	trans	0.425546
0.183167	trans	0.183167
0.0954909	trans	0.0954909
-0.883452	trans	0.883452
-0.06177	trans	0.06177
0.0543141	trans	0.0543141
0.0469867	trans	0.0469867
-0.0508564	trans	0.0508564
0.0643649	trans	0.0643649
-0.0565578	trans	0.0565578
-0.0844934	trans	0.0844934
-0.0510008	trans	0.0510008
-0.0478054	trans	0.0478054
-0.111744	trans	0.111744
0.0619578	trans	0.0619578
-0.0597813	trans	0.0597813
-0.0541491	trans	0.0541491
0.618497	trans	0.618497
-0.0571857	trans	0.0571857
0.193664	trans	0.193664
-0.0422868	trans	0.0422868
-0.0556601	trans	0.0556601
0.04691	trans	0.04691
0.091154	trans	0.091154
-0.0413644	trans	0.0413644
-0.0562178	trans	0.0562178
0.0467444	trans	0.0467444
0.0734539	trans	0.0734539
0.0599105	trans	0.0599105
-0.0435768	trans	0.0435768
-0.0412627	trans	0.0412627
0.0893424	trans	0.0893424
0.0446733	trans	0.0446733
0.0504201	trans	0.0504201
0.0574561	trans	0.0574561
0.0656767	trans	0.0656767
0.0412074	trans	0.0412074
0.0457345	trans	0.0457345
-0.0939956	trans	0.0939956
-0.0739599	trans	0.0739599
0.0524622	trans	0.0524622
-0.31626	trans	0.31626
-0.104269	trans	0.104269
-0.0689717	trans	0.0689717
0.0586934	trans	0.0586934
0.0503029	trans	0.0503029
0.0546537	trans	0.0546537
-0.0465312	trans	0.0465312
-0.379845	trans	0.379845
0.056729	trans	0.056729
-0.106687	trans	0.106687
0.107746	trans	0.107746
0.0826847	trans	0.0826847
0.132107	trans	0.132107
-0.0716382	trans	0.0716382
-0.197622	trans	0.197622
0.390678	trans	0.390678
0.169556	trans	0.169556
0.111877	trans	0.111877
-0.0483312	trans	0.0483312
0.0508606	trans	0.0508606
0.0565847	trans	0.0565847
0.0659343	trans	0.0659343
0.0916945	trans	0.0916945
0.0444	trans	0.0444
-0.0409778	trans	0.0409778
0.0404064	trans	0.0404064
0.0458671	trans	0.0458671
0.0839465	trans	0.0839465
0.0651529	trans	0.0651529
0.0470679	trans	0.0470679
0.0688572	trans	0.0688572
0.048772	trans	0.048772
0.0536327	trans	0.0536327
0.0686257	trans	0.0686257
-0.0394437	trans	0.0394437
-0.0744549	trans	0.0744549
0.111957	trans	0.111957
-0.0673269	trans	0.0673269
-0.0568037	trans	0.0568037
0.0542834	trans	0.0542834
0.0785637	trans	0.0785637
0.199093	trans	0.199093
0.0562695	trans	0.0562695
0.160507	trans	0.160507
0.0456895	trans	0.0456895
-0.0424579	trans	0.0424579
0.0478621	trans	0.0478621
0.0828008	trans	0.0828008
0.0411815	trans	0.0411815
-0.0450762	trans	0.0450762
-0.321375	trans	0.321375
0.0445711	trans	0.0445711
0.11108	trans	0.11108
0.0545912	trans	0.0545912
0.0635863	trans	0.0635863
-0.0439424	trans	0.0439424
0.13301	trans	0.13301
-0.112335	trans	0.112335
0.0564873	trans	0.0564873
0.0759075	trans	0.0759075
-0.0703911	trans	0.0703911
-0.0616672	trans	0.0616672
0.0633004	trans	0.0633004
0.08411	trans	0.08411
0.0530708	trans	0.0530708
0.0601537	trans	0.0601537
0.0479287	trans	0.0479287
0.0583055	trans	0.0583055
-0.0724304	trans	0.0724304
0.0622028	trans	0.0622028
-0.176653	trans	0.176653
0.202355	trans	0.202355
0.0780187	trans	0.0780187
0.0449189	trans	0.0449189
-0.0527914	trans	0.0527914
-0.0774283	trans	0.0774283
0.06628	trans	0.06628
-0.0644069	trans	0.0644069
0.0477806	trans	0.0477806
0.0578133	trans	0.0578133
0.117677	trans	0.117677
0.0424451	trans	0.0424451
0.0604158	trans	0.0604158
-0.285922	trans	0.285922
0.0492179	trans	0.0492179
-0.0454009	trans	0.0454009
-0.0634617	trans	0.0634617
-0.313957	trans	0.313957
-0.84525	trans	0.84525
-1.0373	trans	1.0373
-0.952709	trans	0.952709
0.112254	trans	0.112254
-0.0621741	trans	0.0621741
-0.0499713	trans	0.0499713
0.873544	trans	0.873544
0.040788	trans	0.040788
-0.0604288	trans	0.0604288
0.0510305	trans	0.0510305
-0.0425092	trans	0.0425092
0.0419567	trans	0.0419567
0.0426585	trans	0.0426585
-0.943022	trans	0.943022
-0.0495106	trans	0.0495106
0.0636705	trans	0.0636705
-0.0690059	trans	0.0690059
-0.0522824	trans	0.0522824
0.0442793	trans	0.0442793
-0.0616213	trans	0.0616213
-0.0452245	trans	0.0452245
0.0536709	trans	0.0536709
-0.0583213	trans	0.0583213
-0.0453917	trans	0.0453917
0.0540714	trans	0.0540714
-0.0470986	trans	0.0470986
0.0548955	trans	0.0548955
0.0849592	trans	0.0849592
0.225566	trans	0.225566
-0.0480165	trans	0.0480165
0.0574935	trans	0.0574935
-0.258391	trans	0.258391
0.326935	trans	0.326935
0.152922	trans	0.152922
-0.0870886	trans	0.0870886
0.0720752	trans	0.0720752
0.0475227	trans	0.0475227
-0.0940072	trans	0.0940072
0.0656628	trans	0.0656628
-0.270609	trans	0.270609
-0.0634343	trans	0.0634343
0.0600925	trans	0.0600925
-0.145329	trans	0.145329
-0.0516807	trans	0.0516807
0.137849	trans	0.137849
0.0688272	trans	0.0688272
-0.092035	trans	0.092035
0.0405843	trans	0.0405843
-0.041365	trans	0.041365
0.0501489	trans	0.0501489
0.0962167	trans	0.0962167
-0.0732913	trans	0.0732913
0.0479021	trans	0.0479021
0.0528772	trans	0.0528772
0.22436	trans	0.22436
0.0507426	trans	0.0507426
-0.212403	trans	0.212403
0.116117	trans	0.116117
-0.0390477	trans	0.0390477
0.0407895	trans	0.0407895
-0.0364593	trans	0.0364593
0.049663	trans	0.049663
0.0421909	trans	0.0421909
0.0392993	trans	0.0392993
0.0446053	trans	0.0446053
0.0677466	trans	0.0677466
-0.0583501	trans	0.0583501
-0.0468922	trans	0.0468922
-0.123218	trans	0.123218
-0.128724	trans	0.128724
-0.0957532	trans	0.0957532
-0.0617596	trans	0.0617596
0.0640225	trans	0.0640225
0.161221	trans	0.161221
0.0436538	trans	0.0436538
-0.043503	trans	0.043503
-0.0620494	trans	0.0620494
0.0491701	trans	0.0491701
-0.0559273	trans	0.0559273
0.0502992	trans	0.0502992
0.0550012	trans	0.0550012
-0.0466359	trans	0.0466359
0.0652614	trans	0.0652614
0.071881	trans	0.071881
-0.093479	trans	0.093479
0.0609046	trans	0.0609046
-0.0657987	trans	0.0657987
-0.161212	trans	0.161212
0.222972	trans	0.222972
0.823343	trans	0.823343
0.115717	trans	0.115717
-0.082137	trans	0.082137
-0.0849825	trans	0.0849825
0.677803	trans	0.677803
0.14347	trans	0.14347
0.0407293	trans	0.0407293
0.0479531	trans	0.0479531
-0.0420028	trans	0.0420028
0.0544697	trans	0.0544697
-0.051294	trans	0.051294
-0.0708172	trans	0.0708172
0.0650671	trans	0.0650671
0.0563943	trans	0.0563943
-0.0783605	trans	0.0783605
0.053471	trans	0.053471
-0.0575658	trans	0.0575658
0.0552336	trans	0.0552336
0.0408309	trans	0.0408309
0.0648108	trans	0.0648108
-0.20462	trans	0.20462
0.062719	trans	0.062719
0.0518576	trans	0.0518576
-0.113096	trans	0.113096
0.0890945	trans	0.0890945
0.0598924	trans	0.0598924
-0.0478081	trans	0.0478081
0.423677	trans	0.423677
-0.134495	trans	0.134495
-0.0460111	trans	0.0460111
0.0583254	trans	0.0583254
-0.0929955	trans	0.0929955
0.052396	trans	0.052396
0.292274	trans	0.292274
0.0544731	trans	0.0544731
-0.0495319	trans	0.0495319
0.0423528	trans	0.0423528
-0.150379	trans	0.150379
0.0664222	trans	0.0664222
0.0537426	trans	0.0537426
-0.088255	trans	0.088255
0.157937	trans	0.157937
-0.037243	trans	0.037243
0.0547366	trans	0.0547366
0.16245	trans	0.16245
0.0880243	trans	0.0880243
-0.0441172	trans	0.0441172
0.058589	trans	0.058589
0.0463123	trans	0.0463123
-0.0489597	trans	0.0489597
-0.042193	trans	0.042193
0.126235	trans	0.126235
0.052094	trans	0.052094
-0.140481	trans	0.140481
0.0481332	trans	0.0481332
0.0437729	trans	0.0437729
-0.0639421	trans	0.0639421
0.0417014	trans	0.0417014
-0.0434518	trans	0.0434518
0.0441599	trans	0.0441599
0.0533567	trans	0.0533567
-0.0441637	trans	0.0441637
0.0507117	trans	0.0507117
0.0555468	trans	0.0555468
-0.0492126	trans	0.0492126
-0.393575	trans	0.393575
0.0636543	trans	0.0636543
-0.0430759	trans	0.0430759
-0.0510466	trans	0.0510466
-0.0610875	trans	0.0610875
0.056923	trans	0.056923
0.0601944	trans	0.0601944
0.0562496	trans	0.0562496
0.0501391	trans	0.0501391
0.0621116	trans	0.0621116
0.095734	trans	0.095734
0.110249	trans	0.110249
-0.0931811	trans	0.0931811
0.0617258	trans	0.0617258
-0.058443	trans	0.058443
0.185443	trans	0.185443
0.052923	trans	0.052923
0.337008	trans	0.337008
-0.0499478	trans	0.0499478
-0.0516251	trans	0.0516251
0.0747725	trans	0.0747725
-0.0680674	trans	0.0680674
-0.0616075	trans	0.0616075
-0.0406666	trans	0.0406666
0.0652009	trans	0.0652009
0.0539479	trans	0.0539479
-0.0607173	trans	0.0607173
0.0792203	trans	0.0792203
-0.0537949	trans	0.0537949
-0.0465566	trans	0.0465566
-0.0512208	trans	0.0512208
0.184405	trans	0.184405
0.0857753	trans	0.0857753
-0.0499337	trans	0.0499337
0.110281	trans	0.110281
0.0861789	trans	0.0861789
-0.0415616	trans	0.0415616
0.119301	trans	0.119301
0.0488064	trans	0.0488064
-0.0790997	trans	0.0790997
-0.0594048	trans	0.0594048
0.0651536	trans	0.0651536
-0.0577163	trans	0.0577163
-0.0470523	trans	0.0470523
0.107665	trans	0.107665
0.0458142	trans	0.0458142
-0.0760688	trans	0.0760688
-0.0399695	trans	0.0399695
0.054954	trans	0.054954
0.287276	trans	0.287276
-0.0893373	trans	0.0893373
-0.072589	trans	0.072589
-0.0875773	trans	0.0875773
0.0449039	trans	0.0449039
0.0937025	trans	0.0937025
0.0616905	trans	0.0616905
-0.0463467	trans	0.0463467
0.118132	trans	0.118132
0.0562569	trans	0.0562569
0.0605179	trans	0.0605179
0.0937911	trans	0.0937911
0.133216	trans	0.133216
0.0706203	trans	0.0706203
0.0635515	trans	0.0635515
-0.0806184	trans	0.0806184
0.0418198	trans	0.0418198
0.0452976	trans	0.0452976
0.0423783	trans	0.0423783
-1.11108	trans	1.11108
-0.0457222	trans	0.0457222
0.0497076	trans	0.0497076
0.0494575	trans	0.0494575
-0.0436478	trans	0.0436478
0.0560989	trans	0.0560989
-0.326367	trans	0.326367
-0.0445646	trans	0.0445646
0.301199	trans	0.301199
0.0516125	trans	0.0516125
-0.0834009	trans	0.0834009
0.0423499	trans	0.0423499
0.0465711	trans	0.0465711
-0.0463777	trans	0.0463777
-0.114078	trans	0.114078
-0.0473669	trans	0.0473669
0.0938587	trans	0.0938587
-0.191684	trans	0.191684
-0.249709	trans	0.249709
-0.0615642	trans	0.0615642
-0.111401	trans	0.111401
0.149313	trans	0.149313
-0.178515	trans	0.178515
-0.138521	trans	0.138521
0.0669045	trans	0.0669045
0.152133	trans	0.152133
0.0812539	trans	0.0812539
-0.148879	trans	0.148879
-0.0826401	trans	0.0826401
0.0649923	trans	0.0649923
0.0461929	trans	0.0461929
-0.0426642	trans	0.0426642
0.0431561	trans	0.0431561
-0.0453155	trans	0.0453155
0.626598	trans	0.626598
-0.0648174	trans	0.0648174
0.0511912	trans	0.0511912
-0.0897766	trans	0.0897766
-0.188742	trans	0.188742
-0.198654	trans	0.198654
0.0569172	trans	0.0569172
-0.0443915	trans	0.0443915
-0.0521999	trans	0.0521999
0.0484652	trans	0.0484652
0.0507577	trans	0.0507577
0.072876	trans	0.072876
0.0695878	trans	0.0695878
0.0450188	trans	0.0450188
0.408733	trans	0.408733
-0.502783	trans	0.502783
0.188118	trans	0.188118
-0.0569109	trans	0.0569109
-0.0482506	trans	0.0482506
0.0603054	trans	0.0603054
0.0859711	trans	0.0859711
-0.079465	trans	0.079465
0.0509559	trans	0.0509559
0.0628957	trans	0.0628957
-0.050065	trans	0.050065
0.0424555	trans	0.0424555
0.0472306	trans	0.0472306
0.249266	trans	0.249266
-0.0421463	trans	0.0421463
0.0452698	trans	0.0452698
0.0619668	trans	0.0619668
-0.100557	trans	0.100557
0.510142	trans	0.510142
0.0747368	trans	0.0747368
0.123712	trans	0.123712
-0.049722	trans	0.049722
0.148711	trans	0.148711
0.566239	trans	0.566239
0.94944	trans	0.94944
0.92144	trans	0.92144
-0.260893	trans	0.260893
1.39178	trans	1.39178
-0.283995	trans	0.283995
1.44333	trans	1.44333
1.48891	trans	1.48891
1.58016	trans	1.58016
-0.662848	trans	0.662848
0.0423673	trans	0.0423673
0.280096	trans	0.280096
0.326724	trans	0.326724
0.108827	trans	0.108827
0.131779	trans	0.131779
0.0921794	trans	0.0921794
0.0693304	trans	0.0693304
-0.0628175	trans	0.0628175
-0.111593	trans	0.111593
0.066147	trans	0.066147
0.0543145	trans	0.0543145
0.0444325	trans	0.0444325
-0.240417	trans	0.240417
-0.0696577	trans	0.0696577
0.086466	trans	0.086466
0.116038	trans	0.116038
-0.0390885	trans	0.0390885
-0.1695	trans	0.1695
-0.20817	trans	0.20817
0.0511954	trans	0.0511954
0.428596	trans	0.428596
0.167208	trans	0.167208
-0.0463228	trans	0.0463228
-0.0679186	trans	0.0679186
-0.0514452	trans	0.0514452
0.0478154	trans	0.0478154
0.0516897	trans	0.0516897
-0.0430707	trans	0.0430707
-0.124899	trans	0.124899
0.0477005	trans	0.0477005
-0.0542433	trans	0.0542433
-1.13157	trans	1.13157
-0.766695	trans	0.766695
-0.0551125	trans	0.0551125
0.0512861	trans	0.0512861
0.0499076	trans	0.0499076
0.0617582	trans	0.0617582
-0.0442364	trans	0.0442364
0.0497785	trans	0.0497785
-0.206901	trans	0.206901
-0.0670793	trans	0.0670793
0.0552987	trans	0.0552987
0.0870267	trans	0.0870267
0.0437349	trans	0.0437349
-0.0629914	trans	0.0629914
0.0529742	trans	0.0529742
-0.0413936	trans	0.0413936
-0.0794871	trans	0.0794871
0.0473968	trans	0.0473968
0.203602	trans	0.203602
-0.85678	trans	0.85678
-0.0410133	trans	0.0410133
0.428256	trans	0.428256
-0.0842199	trans	0.0842199
-0.0513602	trans	0.0513602
0.0412347	trans	0.0412347
0.0582805	trans	0.0582805
-0.0474563	trans	0.0474563
0.120927	trans	0.120927
0.0897696	trans	0.0897696
0.107472	trans	0.107472
0.0708125	trans	0.0708125
0.0473618	trans	0.0473618
0.0549226	trans	0.0549226
0.0436175	trans	0.0436175
0.0457364	trans	0.0457364
-0.0581848	trans	0.0581848
0.106842	trans	0.106842
0.0527588	trans	0.0527588
-0.32955	trans	0.32955
0.0977662	trans	0.0977662
-0.0556951	trans	0.0556951
-0.0701979	trans	0.0701979
0.110502	trans	0.110502
-0.24138	trans	0.24138
0.0561873	trans	0.0561873
0.0445003	trans	0.0445003
-0.0939124	trans	0.0939124
0.0587896	trans	0.0587896
0.145718	trans	0.145718
0.724292	trans	0.724292
0.0494297	trans	0.0494297
0.0714485	trans	0.0714485
-0.0516885	trans	0.0516885
0.0520378	trans	0.0520378
0.255032	trans	0.255032
-0.163425	trans	0.163425
0.248569	trans	0.248569
-0.0481828	trans	0.0481828
0.0655266	trans	0.0655266
0.310138	trans	0.310138
-0.0359112	trans	0.0359112
0.500388	trans	0.500388
0.155223	trans	0.155223
-0.0565941	trans	0.0565941
-0.0565486	trans	0.0565486
0.0933477	trans	0.0933477
-0.0820091	trans	0.0820091
0.0876892	trans	0.0876892
-0.052745	trans	0.052745
0.0877287	trans	0.0877287
0.341188	trans	0.341188
1.47384	trans	1.47384
-0.059491	trans	0.059491
-0.0474296	trans	0.0474296
-0.0459454	trans	0.0459454
-0.0455942	trans	0.0455942
-0.0994829	trans	0.0994829
-0.179354	trans	0.179354
0.0572972	trans	0.0572972
-0.0769213	trans	0.0769213
0.0502687	trans	0.0502687
0.071955	trans	0.071955
0.0542466	trans	0.0542466
-0.080301	trans	0.080301
-0.0592348	trans	0.0592348
0.166863	trans	0.166863
-0.0600653	trans	0.0600653
-0.120075	trans	0.120075
0.0558741	trans	0.0558741
0.303731	trans	0.303731
0.130991	trans	0.130991
0.107776	trans	0.107776
0.0757186	trans	0.0757186
0.0490046	trans	0.0490046
-0.104813	trans	0.104813
0.134193	trans	0.134193
-0.0477077	trans	0.0477077
0.402913	trans	0.402913
0.0813719	trans	0.0813719
0.0533783	trans	0.0533783
-0.0521765	trans	0.0521765
-0.0534746	trans	0.0534746
0.0440307	trans	0.0440307
0.059379	trans	0.059379
-0.0884158	trans	0.0884158
0.209896	trans	0.209896
-0.0454164	trans	0.0454164
0.0686767	trans	0.0686767
-0.0445125	trans	0.0445125
0.078946	trans	0.078946
0.0438618	trans	0.0438618
0.0433122	trans	0.0433122
0.0463256	trans	0.0463256
0.0677588	trans	0.0677588
-0.0973927	trans	0.0973927
0.0440599	trans	0.0440599
0.610594	trans	0.610594
0.209457	trans	0.209457
-0.0406461	trans	0.0406461
0.12291	trans	0.12291
0.0457347	trans	0.0457347
0.0479317	trans	0.0479317
0.0680465	trans	0.0680465
0.0539142	trans	0.0539142
0.0838235	trans	0.0838235
-0.0479488	trans	0.0479488
0.0543548	trans	0.0543548
-0.0786276	trans	0.0786276
-0.0957698	trans	0.0957698
-0.0663711	trans	0.0663711
-0.0698628	trans	0.0698628
0.056314	trans	0.056314
-0.0516313	trans	0.0516313
0.203127	trans	0.203127
-0.0655807	trans	0.0655807
0.0636413	trans	0.0636413
-0.0427267	trans	0.0427267
0.0709402	trans	0.0709402
-0.0494582	trans	0.0494582
-0.0542825	trans	0.0542825
0.0518916	trans	0.0518916
0.0415347	trans	0.0415347
-0.0410444	trans	0.0410444
0.0409932	trans	0.0409932
-0.0413356	trans	0.0413356
0.14154	trans	0.14154
0.0563733	trans	0.0563733
0.04982	trans	0.04982
-0.0525119	trans	0.0525119
0.0627812	trans	0.0627812
0.0520136	trans	0.0520136
-0.0429047	trans	0.0429047
-0.0426929	trans	0.0426929
0.0563659	trans	0.0563659
0.0479407	trans	0.0479407
-0.044587	trans	0.044587
0.0619687	trans	0.0619687
-0.0416239	trans	0.0416239
0.05338	trans	0.05338
0.0543351	trans	0.0543351
-0.0836578	trans	0.0836578
0.110568	trans	0.110568
-0.0495889	trans	0.0495889
0.0548228	trans	0.0548228
0.0571249	trans	0.0571249
-0.0549979	trans	0.0549979
0.04508	trans	0.04508
0.114179	trans	0.114179
-0.0781678	trans	0.0781678
0.053033	trans	0.053033
0.288981	trans	0.288981
0.0458708	trans	0.0458708
-0.0467693	trans	0.0467693
-0.0742484	trans	0.0742484
0.0437858	trans	0.0437858
-0.0811118	trans	0.0811118
-0.0481584	trans	0.0481584
0.0439885	trans	0.0439885
-0.110019	trans	0.110019
-0.349781	trans	0.349781
0.0821241	trans	0.0821241
0.0504182	trans	0.0504182
-0.0516168	trans	0.0516168
-0.0657513	trans	0.0657513
0.0808493	trans	0.0808493
0.0612149	trans	0.0612149
0.0924221	trans	0.0924221
0.0764394	trans	0.0764394
-0.0830158	trans	0.0830158
0.0467919	trans	0.0467919
-0.143523	trans	0.143523
0.545409	trans	0.545409
-0.0583226	trans	0.0583226
-0.09926	trans	0.09926
0.0526068	trans	0.0526068
0.043136	trans	0.043136
-0.0944673	trans	0.0944673
0.0769804	trans	0.0769804
0.0624297	trans	0.0624297
-0.146943	trans	0.146943
0.486435	trans	0.486435
-0.108229	trans	0.108229
0.0562266	trans	0.0562266
0.0422606	trans	0.0422606
0.0787386	trans	0.0787386
0.149197	trans	0.149197
-0.0614823	trans	0.0614823
0.0921899	trans	0.0921899
0.0543993	trans	0.0543993
-0.047709	trans	0.047709
0.0819803	trans	0.0819803
-0.0520143	trans	0.0520143
0.0453825	trans	0.0453825
0.0559765	trans	0.0559765
0.0423202	trans	0.0423202
-0.0782537	trans	0.0782537
0.0431551	trans	0.0431551
-0.0680473	trans	0.0680473
0.0414616	trans	0.0414616
0.0426939	trans	0.0426939
-0.0513843	trans	0.0513843
0.045711	trans	0.045711
0.0720739	trans	0.0720739
0.0833595	trans	0.0833595
-0.0603395	trans	0.0603395
0.049843	trans	0.049843
0.0638339	trans	0.0638339
0.043574	trans	0.043574
0.0663482	trans	0.0663482
0.0493951	trans	0.0493951
0.0453142	trans	0.0453142
0.401599	trans	0.401599
0.415314	trans	0.415314
0.429001	trans	0.429001
0.42414	trans	0.42414
0.0542268	trans	0.0542268
-0.0470761	trans	0.0470761
0.05745	trans	0.05745
0.0465772	trans	0.0465772
0.0584322	trans	0.0584322
-0.0471461	trans	0.0471461
0.0825674	trans	0.0825674
0.0462254	trans	0.0462254
0.0478501	trans	0.0478501
0.0561926	trans	0.0561926
-0.0644748	trans	0.0644748
0.0776955	trans	0.0776955
0.0508077	trans	0.0508077
0.050763	trans	0.050763
0.0766566	trans	0.0766566
0.0567976	trans	0.0567976
0.244061	trans	0.244061
0.548931	trans	0.548931
-1.46172	trans	1.46172
-0.377306	trans	0.377306
-0.0402167	trans	0.0402167
-0.135118	trans	0.135118
-0.033197	trans	0.033197
0.0716246	trans	0.0716246
0.170399	trans	0.170399
0.0329161	trans	0.0329161
-0.0368282	trans	0.0368282
-0.0439731	trans	0.0439731
0.81317	trans	0.81317
-0.0658561	trans	0.0658561
0.0473463	trans	0.0473463
-0.046748	trans	0.046748
0.105452	trans	0.105452
0.0447292	trans	0.0447292
0.0294408	trans	0.0294408
-0.0451578	trans	0.0451578
0.264099	trans	0.264099
-0.0447299	trans	0.0447299
0.0316668	trans	0.0316668
-0.0393483	trans	0.0393483
0.0378944	trans	0.0378944
-0.0463671	trans	0.0463671
-0.0343868	trans	0.0343868
0.0379063	trans	0.0379063
-0.129846	trans	0.129846
0.0441227	trans	0.0441227
-0.0616285	trans	0.0616285
0.050162	trans	0.050162
0.0517339	trans	0.0517339
-0.0532882	trans	0.0532882
-0.0605624	trans	0.0605624
0.0490238	trans	0.0490238
-0.0465892	trans	0.0465892
-0.042535	trans	0.042535
-0.0489365	trans	0.0489365
0.0429199	trans	0.0429199
0.0458538	trans	0.0458538
0.0372061	trans	0.0372061
-0.0938283	trans	0.0938283
0.0438027	trans	0.0438027
-0.0558461	trans	0.0558461
0.0633582	trans	0.0633582
0.0633981	trans	0.0633981
-0.103168	trans	0.103168
0.04908	trans	0.04908
0.0490122	trans	0.0490122
0.0760433	trans	0.0760433
0.0600533	trans	0.0600533
-0.0799634	trans	0.0799634
0.243218	trans	0.243218
-0.248118	trans	0.248118
-0.0497031	trans	0.0497031
-0.0555683	trans	0.0555683
0.058984	trans	0.058984
0.261116	trans	0.261116
0.120311	trans	0.120311
0.314812	trans	0.314812
-0.0556464	trans	0.0556464
0.0883526	trans	0.0883526
-0.0766278	trans	0.0766278
0.260583	trans	0.260583
-0.10118	trans	0.10118
0.0616544	trans	0.0616544
0.0534086	trans	0.0534086
-0.0453428	trans	0.0453428
-0.577231	trans	0.577231
-0.164389	trans	0.164389
-0.100681	trans	0.100681
0.187214	trans	0.187214
0.0553482	trans	0.0553482
-0.0618923	trans	0.0618923
-0.0559798	trans	0.0559798
0.0895679	trans	0.0895679
0.0496145	trans	0.0496145
-0.0432843	trans	0.0432843
-0.0792243	trans	0.0792243
-0.0627398	trans	0.0627398
-0.0641568	trans	0.0641568
0.3595	trans	0.3595
0.044244	trans	0.044244
0.0658179	trans	0.0658179
0.0415693	trans	0.0415693
0.0423481	trans	0.0423481
-0.460765	trans	0.460765
0.0626693	trans	0.0626693
-0.0550393	trans	0.0550393
0.0420458	trans	0.0420458
-0.0815714	trans	0.0815714
0.0422043	trans	0.0422043
0.0495341	trans	0.0495341
0.0425116	trans	0.0425116
-0.0531882	trans	0.0531882
-0.0539968	trans	0.0539968
-0.155969	trans	0.155969
-0.0716271	trans	0.0716271
0.167842	trans	0.167842
0.163119	trans	0.163119
0.113251	trans	0.113251
0.50051	trans	0.50051
-0.0621113	trans	0.0621113
0.0489391	trans	0.0489391
-0.0804069	trans	0.0804069
0.0469882	trans	0.0469882
-0.104431	trans	0.104431
-0.524865	trans	0.524865
-0.153109	trans	0.153109
0.0488927	trans	0.0488927
0.0776368	trans	0.0776368
0.0743715	trans	0.0743715
0.0510764	trans	0.0510764
0.17039	trans	0.17039
-0.142256	trans	0.142256
0.0462629	trans	0.0462629
0.0406195	trans	0.0406195
-0.0717215	trans	0.0717215
-0.053572	trans	0.053572
-0.0516616	trans	0.0516616
0.688091	trans	0.688091
0.0393761	trans	0.0393761
-0.0442741	trans	0.0442741
0.0544129	trans	0.0544129
-0.0546931	trans	0.0546931
0.0462899	trans	0.0462899
-0.047886	trans	0.047886
0.110707	trans	0.110707
0.0387488	trans	0.0387488
-0.0377553	trans	0.0377553
0.0634101	trans	0.0634101
-0.0416482	trans	0.0416482
0.572393	trans	0.572393
-0.0599283	trans	0.0599283
-0.0893404	trans	0.0893404
-0.0830375	trans	0.0830375
0.352952	trans	0.352952
0.584897	trans	0.584897
-0.0419995	trans	0.0419995
0.0416311	trans	0.0416311
-0.0406182	trans	0.0406182
-0.0738397	trans	0.0738397
0.0376162	trans	0.0376162
0.0997962	trans	0.0997962
-0.0785554	trans	0.0785554
0.0408531	trans	0.0408531
0.0603482	trans	0.0603482
0.590872	trans	0.590872
-0.037041	trans	0.037041
-0.0374176	trans	0.0374176
0.0638412	trans	0.0638412
-0.0519358	trans	0.0519358
0.0682198	trans	0.0682198
-0.0458159	trans	0.0458159
0.0606712	trans	0.0606712
0.337752	trans	0.337752
-0.0714299	trans	0.0714299
-0.084219	trans	0.084219
-0.0505013	trans	0.0505013
0.121869	trans	0.121869
-0.0464469	trans	0.0464469
0.0642245	trans	0.0642245
-0.0436854	trans	0.0436854
0.0463502	trans	0.0463502
0.0470784	trans	0.0470784
0.0749681	trans	0.0749681
0.0439558	trans	0.0439558
-0.0535558	trans	0.0535558
0.0455392	trans	0.0455392
-0.0442293	trans	0.0442293
-0.0547756	trans	0.0547756
-0.0549908	trans	0.0549908
0.0516076	trans	0.0516076
0.0473006	trans	0.0473006
0.0628861	trans	0.0628861
-0.059146	trans	0.059146
0.0465927	trans	0.0465927
0.0471219	trans	0.0471219
-0.0419894	trans	0.0419894
-0.105711	trans	0.105711
-0.122022	trans	0.122022
-0.0688518	trans	0.0688518
0.050106	trans	0.050106
-0.0409192	trans	0.0409192
-0.0390562	trans	0.0390562
0.0396359	trans	0.0396359
-0.152787	trans	0.152787
-0.0422874	trans	0.0422874
0.0508518	trans	0.0508518
-0.0600883	trans	0.0600883
-0.0386534	trans	0.0386534
-0.144584	trans	0.144584
0.0667911	trans	0.0667911
-0.0453529	trans	0.0453529
0.0674885	trans	0.0674885
0.0553658	trans	0.0553658
-0.0478479	trans	0.0478479
-0.0460021	trans	0.0460021
0.0427846	trans	0.0427846
0.195417	trans	0.195417
0.076751	trans	0.076751
0.0684438	trans	0.0684438
-0.0427823	trans	0.0427823
0.0537995	trans	0.0537995
-0.0339604	trans	0.0339604
-0.0420451	trans	0.0420451
-0.0430034	trans	0.0430034
-0.128319	trans	0.128319
0.0643941	trans	0.0643941
0.0815162	trans	0.0815162
0.0513607	trans	0.0513607
-0.0515661	trans	0.0515661
0.0446824	trans	0.0446824
0.0521116	trans	0.0521116
-0.0752249	trans	0.0752249
-0.0526718	trans	0.0526718
-0.072345	trans	0.072345
-0.0783811	trans	0.0783811
0.0614678	trans	0.0614678
0.0827086	trans	0.0827086
-0.0493973	trans	0.0493973
-0.0558752	trans	0.0558752
0.0491796	trans	0.0491796
0.0545221	trans	0.0545221
0.0505308	trans	0.0505308
-0.0846091	trans	0.0846091
0.255501	trans	0.255501
0.0510074	trans	0.0510074
0.0477711	trans	0.0477711
-0.0536721	trans	0.0536721
0.184301	trans	0.184301
-0.0495015	trans	0.0495015
-0.0390161	trans	0.0390161
-0.218435	trans	0.218435
0.0712584	trans	0.0712584
-0.0520809	trans	0.0520809
-0.0772263	trans	0.0772263
0.143765	trans	0.143765
-0.0525471	trans	0.0525471
-0.0626386	trans	0.0626386
0.105491	trans	0.105491
0.0421887	trans	0.0421887
0.0471895	trans	0.0471895
0.100664	trans	0.100664
-0.0427595	trans	0.0427595
-0.112653	trans	0.112653
0.0735189	trans	0.0735189
-0.0730848	trans	0.0730848
0.0692696	trans	0.0692696
-0.0531734	trans	0.0531734
-0.0910072	trans	0.0910072
0.0685482	trans	0.0685482
-0.119284	trans	0.119284
0.102192	trans	0.102192
-0.0729157	trans	0.0729157
-0.0543084	trans	0.0543084
-0.0555863	trans	0.0555863
-0.0579869	trans	0.0579869
-0.127379	trans	0.127379
0.255534	trans	0.255534
-0.0418612	trans	0.0418612
-0.0663902	trans	0.0663902
0.0900326	trans	0.0900326
0.247079	trans	0.247079
0.0433528	trans	0.0433528
-0.0803573	trans	0.0803573
-0.210963	trans	0.210963
0.0497471	trans	0.0497471
-0.0446101	trans	0.0446101
0.0509122	trans	0.0509122
0.0508712	trans	0.0508712
-0.0460874	trans	0.0460874
-0.0433805	trans	0.0433805
0.0470988	trans	0.0470988
-0.0435547	trans	0.0435547
0.155573	trans	0.155573
-0.0533471	trans	0.0533471
0.0436815	trans	0.0436815
-0.0536624	trans	0.0536624
0.0429568	trans	0.0429568
0.159095	trans	0.159095
0.0782903	trans	0.0782903
0.231888	trans	0.231888
-0.0492009	trans	0.0492009
-0.0502933	trans	0.0502933
0.260465	trans	0.260465
0.151856	trans	0.151856
-0.0727414	trans	0.0727414
0.0946041	trans	0.0946041
0.0827164	trans	0.0827164
0.05722	trans	0.05722
-0.0463659	trans	0.0463659
0.0492757	trans	0.0492757
0.0868778	trans	0.0868778
-0.0919896	trans	0.0919896
0.119068	trans	0.119068
-0.914174	trans	0.914174
-0.0459266	trans	0.0459266
-0.269525	trans	0.269525
-0.0403687	trans	0.0403687
0.351715	trans	0.351715
-0.0706805	trans	0.0706805
-0.0534633	trans	0.0534633
0.0762299	trans	0.0762299
0.0437798	trans	0.0437798
0.0531899	trans	0.0531899
-0.0397851	trans	0.0397851
0.0507534	trans	0.0507534
-0.0537131	trans	0.0537131
0.645774	trans	0.645774
0.109972	trans	0.109972
0.0465057	trans	0.0465057
0.169798	trans	0.169798
-0.0807615	trans	0.0807615
0.344676	trans	0.344676
0.398351	trans	0.398351
0.853155	trans	0.853155
-0.0703104	trans	0.0703104
0.130606	trans	0.130606
0.0535299	trans	0.0535299
0.0666418	trans	0.0666418
0.229708	trans	0.229708
0.0585144	trans	0.0585144
0.0631274	trans	0.0631274
0.052516	trans	0.052516
-0.125378	trans	0.125378
-0.131818	trans	0.131818
-0.0886349	trans	0.0886349
0.0499088	trans	0.0499088
0.0551044	trans	0.0551044
0.0501928	trans	0.0501928
0.075	trans	0.075
0.0682583	trans	0.0682583
-0.0700582	trans	0.0700582
-0.0704893	trans	0.0704893
-0.0563231	trans	0.0563231
0.043702	trans	0.043702
-0.0434388	trans	0.0434388
-0.0458313	trans	0.0458313
0.0675924	trans	0.0675924
-0.0625645	trans	0.0625645
-0.0543694	trans	0.0543694
0.0777641	trans	0.0777641
0.72241	trans	0.72241
0.685792	trans	0.685792
0.485296	trans	0.485296
0.0472735	trans	0.0472735
0.662159	trans	0.662159
0.0482223	trans	0.0482223
0.0430593	trans	0.0430593
0.0554836	trans	0.0554836
0.0406065	trans	0.0406065
-0.0930139	trans	0.0930139
-0.0504097	trans	0.0504097
0.777461	trans	0.777461
0.0875156	trans	0.0875156
0.119386	trans	0.119386
-0.0419853	trans	0.0419853
0.0625326	trans	0.0625326
-0.0508019	trans	0.0508019
0.119263	trans	0.119263
0.0677812	trans	0.0677812
-0.068989	trans	0.068989
-0.0507892	trans	0.0507892
-0.0655203	trans	0.0655203
0.0419224	trans	0.0419224
0.081094	trans	0.081094
-0.0638594	trans	0.0638594
-0.0540944	trans	0.0540944
-0.0910585	trans	0.0910585
-0.12467	trans	0.12467
-0.0843613	trans	0.0843613
0.0734297	trans	0.0734297
-0.0497957	trans	0.0497957
-0.0486111	trans	0.0486111
-0.0849258	trans	0.0849258
0.0609031	trans	0.0609031
0.0758219	trans	0.0758219
-0.0476185	trans	0.0476185
0.050915	trans	0.050915
0.0529284	trans	0.0529284
0.0616554	trans	0.0616554
0.0603401	trans	0.0603401
0.156998	trans	0.156998
-0.450325	trans	0.450325
-0.045007	trans	0.045007
0.0468891	trans	0.0468891
-0.0592256	trans	0.0592256
-0.204189	trans	0.204189
-0.0822383	trans	0.0822383
-0.0476819	trans	0.0476819
0.905479	trans	0.905479
0.040818	trans	0.040818
0.0374237	trans	0.0374237
0.0755243	trans	0.0755243
-0.0903429	trans	0.0903429
0.109862	trans	0.109862
-0.0547952	trans	0.0547952
0.0526034	trans	0.0526034
0.0627866	trans	0.0627866
-0.0574195	trans	0.0574195
-0.0553238	trans	0.0553238
0.0610363	trans	0.0610363
0.0525255	trans	0.0525255
0.0821855	trans	0.0821855
-0.102972	trans	0.102972
0.129476	trans	0.129476
0.044235	trans	0.044235
0.573934	trans	0.573934
-0.0460273	trans	0.0460273
0.0603077	trans	0.0603077
-0.0812768	trans	0.0812768
0.0468059	trans	0.0468059
0.057125	trans	0.057125
0.0526511	trans	0.0526511
-0.0541775	trans	0.0541775
-0.0746024	trans	0.0746024
0.0375433	trans	0.0375433
-0.0596343	trans	0.0596343
0.170687	trans	0.170687
0.0571138	trans	0.0571138
0.0595544	trans	0.0595544
0.0886192	trans	0.0886192
-0.0648189	trans	0.0648189
-0.0640679	trans	0.0640679
-0.119371	trans	0.119371
-0.0477611	trans	0.0477611
-0.195533	trans	0.195533
-0.0570413	trans	0.0570413
0.0507808	trans	0.0507808
-0.105309	trans	0.105309
-0.0525111	trans	0.0525111
0.0622607	trans	0.0622607
-0.174148	trans	0.174148
-0.087086	trans	0.087086
0.139607	trans	0.139607
-0.103589	trans	0.103589
-0.0473568	trans	0.0473568
0.116652	trans	0.116652
0.0866202	trans	0.0866202
-0.0500671	trans	0.0500671
0.129402	trans	0.129402
0.064925	trans	0.064925
0.0635119	trans	0.0635119
0.103186	trans	0.103186
0.0438149	trans	0.0438149
0.164013	trans	0.164013
0.0792434	trans	0.0792434
0.153664	trans	0.153664
0.0902208	trans	0.0902208
0.222213	trans	0.222213
-0.0691367	trans	0.0691367
0.0538771	trans	0.0538771
-0.0416308	trans	0.0416308
-0.0762186	trans	0.0762186
-0.172087	trans	0.172087
-0.0535826	trans	0.0535826
0.0490711	trans	0.0490711
-0.0983998	trans	0.0983998
0.0591903	trans	0.0591903
-0.131893	trans	0.131893
-0.0957193	trans	0.0957193
-0.0760295	trans	0.0760295
0.135607	trans	0.135607
-0.107517	trans	0.107517
-0.0489425	trans	0.0489425
0.104741	trans	0.104741
0.0899232	trans	0.0899232
-0.0506872	trans	0.0506872
0.135721	trans	0.135721
0.0553828	trans	0.0553828
0.0965927	trans	0.0965927
0.0943781	trans	0.0943781
0.15524	trans	0.15524
0.0828964	trans	0.0828964
-0.0517462	trans	0.0517462
-0.0874452	trans	0.0874452
-0.0584639	trans	0.0584639
-0.459252	trans	0.459252
0.344089	trans	0.344089
0.352489	trans	0.352489
0.183341	trans	0.183341
-0.0431391	trans	0.0431391
0.139239	trans	0.139239
0.0572277	trans	0.0572277
0.0841136	trans	0.0841136
-0.0444105	trans	0.0444105
0.0566476	trans	0.0566476
0.0427824	trans	0.0427824
-0.0498495	trans	0.0498495
0.128552	trans	0.128552
-0.0662065	trans	0.0662065
0.348644	trans	0.348644
-0.0465225	trans	0.0465225
0.0446932	trans	0.0446932
0.0543939	trans	0.0543939
0.322222	trans	0.322222
0.568071	trans	0.568071
0.304648	trans	0.304648
-0.695659	trans	0.695659
0.370866	trans	0.370866
-0.370225	trans	0.370225
0.307616	trans	0.307616
0.356704	trans	0.356704
-0.307858	trans	0.307858
-0.500874	trans	0.500874
0.595291	trans	0.595291
-0.319599	trans	0.319599
-0.307788	trans	0.307788
0.540127	trans	0.540127
-0.671717	trans	0.671717
-0.336938	trans	0.336938
-0.549914	trans	0.549914
-0.594135	trans	0.594135
0.329042	trans	0.329042
-0.303233	trans	0.303233
-0.114164	trans	0.114164
-0.595843	trans	0.595843
0.20611	trans	0.20611
-0.227083	trans	0.227083
0.42106	trans	0.42106
0.398701	trans	0.398701
0.274183	trans	0.274183
-0.37102	trans	0.37102
0.440273	trans	0.440273
0.478941	trans	0.478941
-0.401701	trans	0.401701
-0.628368	trans	0.628368
0.587284	trans	0.587284
-0.345396	trans	0.345396
0.445938	trans	0.445938
0.394205	trans	0.394205
0.600478	trans	0.600478
-0.153507	trans	0.153507
0.37256	trans	0.37256
0.488284	trans	0.488284
0.525155	trans	0.525155
-0.493162	trans	0.493162
0.382875	trans	0.382875
0.391644	trans	0.391644
0.405138	trans	0.405138
0.596136	trans	0.596136
-0.393374	trans	0.393374
-0.568047	trans	0.568047
0.586212	trans	0.586212
0.315729	trans	0.315729
0.642546	trans	0.642546
0.475078	trans	0.475078
0.483813	trans	0.483813
-0.243602	trans	0.243602
0.527795	trans	0.527795
0.655201	trans	0.655201
0.671769	trans	0.671769
0.42821	trans	0.42821
0.427506	trans	0.427506
-0.240975	trans	0.240975
-0.66613	trans	0.66613
0.0330262	trans	0.0330262
0.532834	trans	0.532834
0.242255	trans	0.242255
0.472116	trans	0.472116
-0.557967	trans	0.557967
0.540564	trans	0.540564
0.23755	trans	0.23755
-0.632923	trans	0.632923
-0.401762	trans	0.401762
-0.325174	trans	0.325174
-0.61773	trans	0.61773
-0.0669681	trans	0.0669681
-0.646461	trans	0.646461
0.565861	trans	0.565861
0.315645	trans	0.315645
0.551473	trans	0.551473
-0.296985	trans	0.296985
0.326498	trans	0.326498
0.514978	trans	0.514978
0.194262	trans	0.194262
-0.522689	trans	0.522689
0.759818	trans	0.759818
-0.371924	trans	0.371924
0.576528	trans	0.576528
0.612443	trans	0.612443
0.301161	trans	0.301161
0.411641	trans	0.411641
0.384759	trans	0.384759
0.573951	trans	0.573951
-0.354057	trans	0.354057
0.229247	trans	0.229247
-0.468704	trans	0.468704
0.415924	trans	0.415924
0.41117	trans	0.41117
0.483697	trans	0.483697
-0.37432	trans	0.37432
-0.290949	trans	0.290949
0.371475	trans	0.371475
0.597558	trans	0.597558
-0.730623	trans	0.730623
-0.36974	trans	0.36974
0.471529	trans	0.471529
-0.626034	trans	0.626034
0.2162	trans	0.2162
0.180609	trans	0.180609
0.0671587	trans	0.0671587
-0.0438577	trans	0.0438577
0.0436958	trans	0.0436958
-0.0446197	trans	0.0446197
0.0477158	trans	0.0477158
0.286688	trans	0.286688
0.0698708	trans	0.0698708
0.0845543	trans	0.0845543
0.0604671	trans	0.0604671
-0.07509	trans	0.07509
-0.0657204	trans	0.0657204
-0.0812397	trans	0.0812397
0.0573424	trans	0.0573424
-0.0740225	trans	0.0740225
-0.0822228	trans	0.0822228
0.0457014	trans	0.0457014
-0.0602961	trans	0.0602961
0.0781431	trans	0.0781431
0.128332	trans	0.128332
-0.142744	trans	0.142744
-0.0633001	trans	0.0633001
0.152953	trans	0.152953
0.0552732	trans	0.0552732
0.0580743	trans	0.0580743
0.441222	trans	0.441222
0.0436351	trans	0.0436351
0.057759	trans	0.057759
-0.0856985	trans	0.0856985
-0.0532204	trans	0.0532204
-0.0708003	trans	0.0708003
0.755323	trans	0.755323
0.0554686	trans	0.0554686
0.0462569	trans	0.0462569
0.049342	trans	0.049342
0.0530755	trans	0.0530755
0.0481832	trans	0.0481832
-0.0413315	trans	0.0413315
0.0643173	trans	0.0643173
-0.0467826	trans	0.0467826
-0.0579945	trans	0.0579945
-0.0453708	trans	0.0453708
-0.58333	trans	0.58333
0.320502	trans	0.320502
-0.0417934	trans	0.0417934
-0.0552568	trans	0.0552568
0.598683	trans	0.598683
-0.0495009	trans	0.0495009
-0.0425417	trans	0.0425417
-0.0581435	trans	0.0581435
0.0858462	trans	0.0858462
0.0459913	trans	0.0459913
-0.0529302	trans	0.0529302
0.0479088	trans	0.0479088
-0.0541193	trans	0.0541193
-0.0599144	trans	0.0599144
-0.0599662	trans	0.0599662
-0.0648703	trans	0.0648703
-0.0718693	trans	0.0718693
-0.102484	trans	0.102484
-0.124615	trans	0.124615
0.050853	trans	0.050853
0.043515	trans	0.043515
0.041306	trans	0.041306
-0.0751028	trans	0.0751028
-0.143342	trans	0.143342
0.0586499	trans	0.0586499
-0.201764	trans	0.201764
-0.0546842	trans	0.0546842
0.128613	trans	0.128613
0.052552	trans	0.052552
-0.0554897	trans	0.0554897
0.0488544	trans	0.0488544
-0.125763	trans	0.125763
-0.0803543	trans	0.0803543
-0.0417708	trans	0.0417708
0.0754606	trans	0.0754606
-0.0476046	trans	0.0476046
-0.0626302	trans	0.0626302
-0.0571478	trans	0.0571478
-0.0743593	trans	0.0743593
-0.0459863	trans	0.0459863
0.115513	trans	0.115513
0.0542644	trans	0.0542644
-0.0620406	trans	0.0620406
0.0552428	trans	0.0552428
-0.110939	trans	0.110939
-0.0699471	trans	0.0699471
0.127977	trans	0.127977
0.119629	trans	0.119629
0.0487917	trans	0.0487917
-0.048949	trans	0.048949
0.129243	trans	0.129243
0.0867135	trans	0.0867135
0.139248	trans	0.139248
0.0734494	trans	0.0734494
0.0484205	trans	0.0484205
-0.0445575	trans	0.0445575
-0.0530235	trans	0.0530235
0.0573421	trans	0.0573421
0.0433868	trans	0.0433868
0.0504216	trans	0.0504216
-0.0894258	trans	0.0894258
-0.0520798	trans	0.0520798
-0.0572127	trans	0.0572127
0.15339	trans	0.15339
0.0926143	trans	0.0926143
0.0513279	trans	0.0513279
0.968078	trans	0.968078
0.0438623	trans	0.0438623
-0.0419215	trans	0.0419215
-0.0532572	trans	0.0532572
0.0547404	trans	0.0547404
0.0546299	trans	0.0546299
0.0763871	trans	0.0763871
0.147301	trans	0.147301
0.0799904	trans	0.0799904
-0.0431782	trans	0.0431782
-0.587974	trans	0.587974
-0.0444578	trans	0.0444578
-0.0507504	trans	0.0507504
-0.062022	trans	0.062022
0.0755603	trans	0.0755603
0.085416	trans	0.085416
0.204426	trans	0.204426
0.062328	trans	0.062328
0.0739232	trans	0.0739232
-0.0829856	trans	0.0829856
0.0567513	trans	0.0567513
-0.0504549	trans	0.0504549
0.0837198	trans	0.0837198
0.0503624	trans	0.0503624
0.299243	trans	0.299243
0.118914	trans	0.118914
-0.0481322	trans	0.0481322
0.10523	trans	0.10523
0.0915808	trans	0.0915808
-0.0501672	trans	0.0501672
-0.0529256	trans	0.0529256
-0.110755	trans	0.110755
-0.074258	trans	0.074258
-0.0608521	trans	0.0608521
-0.0728591	trans	0.0728591
-0.0372336	trans	0.0372336
0.0373783	trans	0.0373783
0.0632627	trans	0.0632627
0.32457	trans	0.32457
0.0502301	trans	0.0502301
-0.0539612	trans	0.0539612
0.312832	trans	0.312832
-0.0445382	trans	0.0445382
0.0875208	trans	0.0875208
0.0468924	trans	0.0468924
-0.140776	trans	0.140776
0.0744744	trans	0.0744744
0.0480541	trans	0.0480541
-0.0435674	trans	0.0435674
0.0573463	trans	0.0573463
0.0464443	trans	0.0464443
0.0567924	trans	0.0567924
-0.0699754	trans	0.0699754
0.0455213	trans	0.0455213
0.0705256	trans	0.0705256
-1.27659	trans	1.27659
-1.7647	trans	1.7647
-1.24681	trans	1.24681
-1.13241	trans	1.13241
0.0591153	trans	0.0591153
0.109487	trans	0.109487
0.141205	trans	0.141205
0.0476302	trans	0.0476302
0.0713804	trans	0.0713804
0.164336	trans	0.164336
0.332699	trans	0.332699
0.0434604	trans	0.0434604
-0.155708	trans	0.155708
0.0620915	trans	0.0620915
-0.0567851	trans	0.0567851
-0.045969	trans	0.045969
0.0517285	trans	0.0517285
0.0558997	trans	0.0558997
0.0506326	trans	0.0506326
-0.0441061	trans	0.0441061
0.0946051	trans	0.0946051
-0.0544394	trans	0.0544394
-0.0503009	trans	0.0503009
0.0541077	trans	0.0541077
0.0772521	trans	0.0772521
0.0968193	trans	0.0968193
0.147289	trans	0.147289
-0.0567209	trans	0.0567209
0.0506877	trans	0.0506877
0.0419359	trans	0.0419359
-0.0474784	trans	0.0474784
0.105288	trans	0.105288
-0.0533679	trans	0.0533679
0.0458836	trans	0.0458836
-0.0769874	trans	0.0769874
0.0921447	trans	0.0921447
-0.0475207	trans	0.0475207
0.043302	trans	0.043302
-0.0632467	trans	0.0632467
0.33966	trans	0.33966
-0.0472073	trans	0.0472073
0.090578	trans	0.090578
-0.172514	trans	0.172514
0.108547	trans	0.108547
0.143722	trans	0.143722
-0.0872051	trans	0.0872051
0.0692907	trans	0.0692907
0.0438911	trans	0.0438911
0.041215	trans	0.041215
0.0500609	trans	0.0500609
0.0396949	trans	0.0396949
-0.0583489	trans	0.0583489
-0.0505222	trans	0.0505222
0.0523353	trans	0.0523353
0.0428096	trans	0.0428096
0.0626224	trans	0.0626224
0.0631152	trans	0.0631152
0.108135	trans	0.108135
0.127638	trans	0.127638
0.0318899	trans	0.0318899
0.0394096	trans	0.0394096
0.169058	trans	0.169058
-0.640696	trans	0.640696
-0.657506	trans	0.657506
0.038345	trans	0.038345
-0.0709472	trans	0.0709472
-0.0613606	trans	0.0613606
0.522813	trans	0.522813
-0.036896	trans	0.036896
0.0463276	trans	0.0463276
0.0906084	trans	0.0906084
0.104677	trans	0.104677
0.0340321	trans	0.0340321
0.0830479	trans	0.0830479
0.196546	trans	0.196546
-0.707493	trans	0.707493
-0.0530861	trans	0.0530861
0.458275	trans	0.458275
-0.0308014	trans	0.0308014
-0.0304778	trans	0.0304778
-0.0411272	trans	0.0411272
-0.120492	trans	0.120492
-0.081938	trans	0.081938
-0.0521661	trans	0.0521661
0.0405583	trans	0.0405583
0.621604	trans	0.621604
-0.0434538	trans	0.0434538
0.0428975	trans	0.0428975
-0.0551805	trans	0.0551805
0.0475745	trans	0.0475745
0.0439356	trans	0.0439356
0.0433319	trans	0.0433319
0.0551019	trans	0.0551019
-0.0570587	trans	0.0570587
0.355416	trans	0.355416
-0.0458716	trans	0.0458716
0.0554142	trans	0.0554142
0.0704091	trans	0.0704091
0.0392102	trans	0.0392102
-0.0616475	trans	0.0616475
-0.0988325	trans	0.0988325
0.152452	trans	0.152452
0.103839	trans	0.103839
0.0416527	trans	0.0416527
0.0436342	trans	0.0436342
0.655884	trans	0.655884
-0.0390124	trans	0.0390124
-0.0514783	trans	0.0514783
0.0398569	trans	0.0398569
0.563189	trans	0.563189
0.0906318	trans	0.0906318
0.0443232	trans	0.0443232
-0.221501	trans	0.221501
0.0554028	trans	0.0554028
-0.0525435	trans	0.0525435
-0.0489058	trans	0.0489058
0.0628954	trans	0.0628954
0.0829466	trans	0.0829466
-0.04816	trans	0.04816
0.0404594	trans	0.0404594
0.0853694	trans	0.0853694
0.0520997	trans	0.0520997
0.164865	trans	0.164865
0.0511287	trans	0.0511287
-0.419637	trans	0.419637
0.374888	trans	0.374888
0.571709	trans	0.571709
0.0930335	trans	0.0930335
-0.258524	trans	0.258524
-0.0458439	trans	0.0458439
-0.110735	trans	0.110735
-0.115992	trans	0.115992
0.0684715	trans	0.0684715
0.103956	trans	0.103956
0.041149	trans	0.041149
0.352696	trans	0.352696
0.170766	trans	0.170766
0.207151	trans	0.207151
-0.064514	trans	0.064514
-0.0744263	trans	0.0744263
0.0800456	trans	0.0800456
0.0641306	trans	0.0641306
0.149709	trans	0.149709
0.0445198	trans	0.0445198
-0.0792695	trans	0.0792695
-0.0466594	trans	0.0466594
-0.0947714	trans	0.0947714
-0.233918	trans	0.233918
-0.0512078	trans	0.0512078
0.0802487	trans	0.0802487
-0.0450513	trans	0.0450513
1.2495	trans	1.2495
0.28	trans	0.28
0.0607597	trans	0.0607597
0.44645	trans	0.44645
-0.0480358	trans	0.0480358
0.123545	trans	0.123545
-0.0549958	trans	0.0549958
0.0472398	trans	0.0472398
0.0531981	trans	0.0531981
0.0538814	trans	0.0538814
-0.102018	trans	0.102018
0.0982827	trans	0.0982827
-0.0735892	trans	0.0735892
0.101193	trans	0.101193
0.0700736	trans	0.0700736
-0.0557315	trans	0.0557315
-0.0504385	trans	0.0504385
-0.0463431	trans	0.0463431
0.153197	trans	0.153197
0.146472	trans	0.146472
-0.0663685	trans	0.0663685
-0.0775024	trans	0.0775024
0.0455083	trans	0.0455083
-0.0569157	trans	0.0569157
0.0806291	trans	0.0806291
-0.0507843	trans	0.0507843
-0.0745166	trans	0.0745166
-0.198423	trans	0.198423
-0.134008	trans	0.134008
0.0635773	trans	0.0635773
0.0980722	trans	0.0980722
0.105361	trans	0.105361
-0.0482849	trans	0.0482849
-0.0554561	trans	0.0554561
-0.077577	trans	0.077577
-0.0380833	trans	0.0380833
0.0819697	trans	0.0819697
0.196463	trans	0.196463
-0.200485	trans	0.200485
-0.0465479	trans	0.0465479
0.0671041	trans	0.0671041
0.0433632	trans	0.0433632
-0.0421296	trans	0.0421296
0.0662278	trans	0.0662278
0.0482068	trans	0.0482068
0.0573688	trans	0.0573688
-0.241319	trans	0.241319
0.0449851	trans	0.0449851
-0.0973197	trans	0.0973197
0.0493866	trans	0.0493866
-0.0841535	trans	0.0841535
0.0494026	trans	0.0494026
0.045534	trans	0.045534
0.0794475	trans	0.0794475
-0.0498255	trans	0.0498255
-0.0448291	trans	0.0448291
-0.0565737	trans	0.0565737
0.0772057	trans	0.0772057
-0.111457	trans	0.111457
0.0610293	trans	0.0610293
0.0409731	trans	0.0409731
-0.117745	trans	0.117745
-0.137754	trans	0.137754
-0.468946	trans	0.468946
-0.0409263	trans	0.0409263
-0.0466332	trans	0.0466332
0.0445634	trans	0.0445634
-0.0626843	trans	0.0626843
-0.0530141	trans	0.0530141
0.0735632	trans	0.0735632
-0.0993834	trans	0.0993834
-0.0444648	trans	0.0444648
0.107681	trans	0.107681
0.104117	trans	0.104117
0.121056	trans	0.121056
-0.0948103	trans	0.0948103
-0.0504034	trans	0.0504034
0.822972	trans	0.822972
-0.0477493	trans	0.0477493
0.0455147	trans	0.0455147
-0.0524353	trans	0.0524353
0.0483048	trans	0.0483048
-0.0882549	trans	0.0882549
-0.0631875	trans	0.0631875
-0.0421719	trans	0.0421719
-0.0408744	trans	0.0408744
-0.0791384	trans	0.0791384
0.172488	trans	0.172488
0.0689525	trans	0.0689525
-0.0535878	trans	0.0535878
-0.145359	trans	0.145359
-0.0407474	trans	0.0407474
-0.129873	trans	0.129873
1.23496	trans	1.23496
0.10325	trans	0.10325
-0.501861	trans	0.501861
-0.044781	trans	0.044781
0.0526629	trans	0.0526629
-0.149724	trans	0.149724
0.0348921	trans	0.0348921
-0.0485813	trans	0.0485813
-0.180921	trans	0.180921
0.0485858	trans	0.0485858
0.0301539	trans	0.0301539
-0.102694	trans	0.102694
-0.0471127	trans	0.0471127
0.0722861	trans	0.0722861
0.0316258	trans	0.0316258
0.0463971	trans	0.0463971
0.0566685	trans	0.0566685
-0.0316976	trans	0.0316976
-0.11139	trans	0.11139
-0.0617643	trans	0.0617643
0.0423708	trans	0.0423708
0.04522	trans	0.04522
0.0441689	trans	0.0441689
0.0711855	trans	0.0711855
0.0469562	trans	0.0469562
0.0480769	trans	0.0480769
-0.0337745	trans	0.0337745
0.0301884	trans	0.0301884
-0.0479569	trans	0.0479569
-0.16777	trans	0.16777
-0.0310496	trans	0.0310496
0.0586523	trans	0.0586523
0.09704	trans	0.09704
0.0474444	trans	0.0474444
-0.0623854	trans	0.0623854
-0.108416	trans	0.108416
0.0423866	trans	0.0423866
0.0422904	trans	0.0422904
0.079305	trans	0.079305
0.0438778	trans	0.0438778
0.043268	trans	0.043268
0.0525519	trans	0.0525519
-0.087974	trans	0.087974
-0.0464602	trans	0.0464602
0.0742683	trans	0.0742683
-0.0614124	trans	0.0614124
-0.0897729	trans	0.0897729
0.062101	trans	0.062101
-0.0456816	trans	0.0456816
-0.0409348	trans	0.0409348
0.0502096	trans	0.0502096
0.0669243	trans	0.0669243
-0.0536616	trans	0.0536616
0.0488794	trans	0.0488794
0.0597398	trans	0.0597398
0.046358	trans	0.046358
-0.054099	trans	0.054099
0.0453744	trans	0.0453744
0.0481249	trans	0.0481249
0.0497186	trans	0.0497186
0.0496928	trans	0.0496928
0.0427111	trans	0.0427111
-0.0767425	trans	0.0767425
0.0558649	trans	0.0558649
0.142679	trans	0.142679
0.0402618	trans	0.0402618
-0.0519317	trans	0.0519317
-0.0839808	trans	0.0839808
-0.159662	trans	0.159662
0.0894777	trans	0.0894777
0.126205	trans	0.126205
0.0628017	trans	0.0628017
0.982086	trans	0.982086
0.202515	trans	0.202515
0.050591	trans	0.050591
-0.0703431	trans	0.0703431
0.12971	trans	0.12971
-0.047382	trans	0.047382
0.0555189	trans	0.0555189
0.470272	trans	0.470272
0.0834035	trans	0.0834035
-0.441884	trans	0.441884
0.0688981	trans	0.0688981
0.0877085	trans	0.0877085
-0.257244	trans	0.257244
-0.18621	trans	0.18621
-0.0613828	trans	0.0613828
0.915597	trans	0.915597
-0.124821	trans	0.124821
-0.049934	trans	0.049934
0.0949688	trans	0.0949688
0.0613607	trans	0.0613607
-0.0573931	trans	0.0573931
-0.0957794	trans	0.0957794
0.0459126	trans	0.0459126
0.0457324	trans	0.0457324
0.0700965	trans	0.0700965
0.11208	trans	0.11208
-0.0529244	trans	0.0529244
0.0519073	trans	0.0519073
0.0364726	trans	0.0364726
0.0575768	trans	0.0575768
-0.0463341	trans	0.0463341
0.034655	trans	0.034655
-0.112505	trans	0.112505
0.179092	trans	0.179092
-0.035126	trans	0.035126
0.0432554	trans	0.0432554
-0.0384584	trans	0.0384584
0.162427	trans	0.162427
0.302533	trans	0.302533
0.136165	trans	0.136165
-0.0582218	trans	0.0582218
-0.0612646	trans	0.0612646
-0.0769163	trans	0.0769163
-0.895673	trans	0.895673
0.122872	trans	0.122872
-0.116717	trans	0.116717
0.0578228	trans	0.0578228
-0.0350152	trans	0.0350152
0.721525	trans	0.721525
-0.0509851	trans	0.0509851
-0.0468601	trans	0.0468601
0.0356507	trans	0.0356507
-0.0636639	trans	0.0636639
-0.740568	trans	0.740568
0.450716	trans	0.450716
0.434625	trans	0.434625
-0.0412689	trans	0.0412689
0.0493519	trans	0.0493519
0.0451379	trans	0.0451379
-0.578957	trans	0.578957
0.0599514	trans	0.0599514
-0.0447828	trans	0.0447828
-0.0683292	trans	0.0683292
-0.0565045	trans	0.0565045
0.054153	trans	0.054153
0.0519309	trans	0.0519309
0.0610422	trans	0.0610422
0.057173	trans	0.057173
-0.0707624	trans	0.0707624
-0.0875779	trans	0.0875779
0.0608341	trans	0.0608341
0.0485509	trans	0.0485509
0.0468151	trans	0.0468151
-0.0656523	trans	0.0656523
-0.0622149	trans	0.0622149
0.0454503	trans	0.0454503
0.0725874	trans	0.0725874
-0.0433452	trans	0.0433452
-0.0732901	trans	0.0732901
0.120238	trans	0.120238
0.0576809	trans	0.0576809
-0.0604694	trans	0.0604694
-0.082147	trans	0.082147
0.0471114	trans	0.0471114
0.125863	trans	0.125863
0.0498972	trans	0.0498972
-0.0431648	trans	0.0431648
0.058301	trans	0.058301
-0.0893014	trans	0.0893014
-0.0513179	trans	0.0513179
-0.0468915	trans	0.0468915
-0.0754148	trans	0.0754148
-0.0460009	trans	0.0460009
0.0433607	trans	0.0433607
0.0451615	trans	0.0451615
-0.0494902	trans	0.0494902
-0.650341	trans	0.650341
-0.0766057	trans	0.0766057
0.0929716	trans	0.0929716
0.0889988	trans	0.0889988
-0.0725391	trans	0.0725391
0.0590467	trans	0.0590467
0.0790377	trans	0.0790377
0.0444763	trans	0.0444763
0.633557	trans	0.633557
0.197796	trans	0.197796
0.0476862	trans	0.0476862
-0.135939	trans	0.135939
-0.123808	trans	0.123808
0.0825947	trans	0.0825947
0.410375	trans	0.410375
0.16324	trans	0.16324
0.39445	trans	0.39445
-0.0736694	trans	0.0736694
-0.0717187	trans	0.0717187
-0.171875	trans	0.171875
0.0852055	trans	0.0852055
-0.0508754	trans	0.0508754
0.0449865	trans	0.0449865
-0.0769358	trans	0.0769358
-0.0625132	trans	0.0625132
0.157958	trans	0.157958
0.075246	trans	0.075246
0.104424	trans	0.104424
0.0434411	trans	0.0434411
-0.0684848	trans	0.0684848
-0.0731748	trans	0.0731748
0.48514	trans	0.48514
0.0589077	trans	0.0589077
0.0692449	trans	0.0692449
-0.0745472	trans	0.0745472
-0.0666725	trans	0.0666725
-0.280245	trans	0.280245
-0.117822	trans	0.117822
0.165631	trans	0.165631
0.0660186	trans	0.0660186
0.0455508	trans	0.0455508
-0.052101	trans	0.052101
0.0427748	trans	0.0427748
-0.0531364	trans	0.0531364
0.0577683	trans	0.0577683
-0.114858	trans	0.114858
0.168678	trans	0.168678
0.0584063	trans	0.0584063
0.0684946	trans	0.0684946
-0.149828	trans	0.149828
-0.0679025	trans	0.0679025
-0.0785092	trans	0.0785092
-0.229083	trans	0.229083
0.0950247	trans	0.0950247
0.0574451	trans	0.0574451
0.0483404	trans	0.0483404
-0.455821	trans	0.455821
0.166899	trans	0.166899
-0.0430223	trans	0.0430223
0.0566538	trans	0.0566538
0.0435613	trans	0.0435613
-0.184227	trans	0.184227
0.110668	trans	0.110668
-0.0583465	trans	0.0583465
0.0454876	trans	0.0454876
-0.109184	trans	0.109184
0.0455065	trans	0.0455065
-0.0683327	trans	0.0683327
-0.156687	trans	0.156687
-0.0980887	trans	0.0980887
-0.545095	trans	0.545095
0.326809	trans	0.326809
0.835445	trans	0.835445
-0.0540367	trans	0.0540367
0.115985	trans	0.115985
-0.0709155	trans	0.0709155
0.0766465	trans	0.0766465
-0.0563136	trans	0.0563136
-0.0562317	trans	0.0562317
0.0466213	trans	0.0466213
0.051387	trans	0.051387
0.0697621	trans	0.0697621
-0.17559	trans	0.17559
-0.0643433	trans	0.0643433
-0.0760377	trans	0.0760377
0.341593	trans	0.341593
-0.0855999	trans	0.0855999
0.0602754	trans	0.0602754
-1.09387	trans	1.09387
0.05534	trans	0.05534
0.054434	trans	0.054434
0.155663	trans	0.155663
-0.0446122	trans	0.0446122
0.0765061	trans	0.0765061
-0.0432002	trans	0.0432002
-0.237664	trans	0.237664
0.0352404	trans	0.0352404
0.204816	trans	0.204816
0.140467	trans	0.140467
0.116432	trans	0.116432
0.0811473	trans	0.0811473
0.0415969	trans	0.0415969
0.0597971	trans	0.0597971
0.0708195	trans	0.0708195
-0.830605	trans	0.830605
0.0865341	trans	0.0865341
0.0586835	trans	0.0586835
0.15143	trans	0.15143
0.0571348	trans	0.0571348
0.0707507	trans	0.0707507
0.184928	trans	0.184928
0.162041	trans	0.162041
-0.0538382	trans	0.0538382
0.070506	trans	0.070506
-0.345294	trans	0.345294
-0.0800816	trans	0.0800816
-0.0599358	trans	0.0599358
-0.0725126	trans	0.0725126
-0.0623354	trans	0.0623354
-0.0514954	trans	0.0514954
0.408355	trans	0.408355
0.0497804	trans	0.0497804
0.0889336	trans	0.0889336
-0.0744823	trans	0.0744823
-0.0605112	trans	0.0605112
-0.0772814	trans	0.0772814
-0.0559604	trans	0.0559604
0.141062	trans	0.141062
0.0542996	trans	0.0542996
-0.0656939	trans	0.0656939
0.0632473	trans	0.0632473
-0.124777	trans	0.124777
0.0424613	trans	0.0424613
-0.090619	trans	0.090619
-0.0634951	trans	0.0634951
0.129499	trans	0.129499
-0.0955375	trans	0.0955375
0.127195	trans	0.127195
0.0675343	trans	0.0675343
-0.048173	trans	0.048173
0.128564	trans	0.128564
0.0544833	trans	0.0544833
0.0632626	trans	0.0632626
0.0967976	trans	0.0967976
0.154974	trans	0.154974
0.0740245	trans	0.0740245
0.0438917	trans	0.0438917
0.0437832	trans	0.0437832
0.0413188	trans	0.0413188
-0.0445759	trans	0.0445759
0.0563204	trans	0.0563204
0.0427404	trans	0.0427404
-0.0434823	trans	0.0434823
-0.0645418	trans	0.0645418
0.0415484	trans	0.0415484
0.0485235	trans	0.0485235
0.0672723	trans	0.0672723
0.0444708	trans	0.0444708
-0.0455038	trans	0.0455038
-0.0572713	trans	0.0572713
-0.0695572	trans	0.0695572
0.0588053	trans	0.0588053
0.0598504	trans	0.0598504
-0.0469273	trans	0.0469273
0.0575845	trans	0.0575845
0.0442365	trans	0.0442365
-0.0514094	trans	0.0514094
-0.0586039	trans	0.0586039
0.0451713	trans	0.0451713
0.0428992	trans	0.0428992
0.049452	trans	0.049452
0.0444337	trans	0.0444337
0.0439916	trans	0.0439916
0.105285	trans	0.105285
0.0513036	trans	0.0513036
0.0471957	trans	0.0471957
-0.0623477	trans	0.0623477
0.0499867	trans	0.0499867
0.0622538	trans	0.0622538
0.0425794	trans	0.0425794
-0.0626309	trans	0.0626309
-0.0457658	trans	0.0457658
-0.181241	trans	0.181241
0.072624	trans	0.072624
0.0790071	trans	0.0790071
0.0425871	trans	0.0425871
-0.0467148	trans	0.0467148
0.0532685	trans	0.0532685
0.0507998	trans	0.0507998
0.0594307	trans	0.0594307
0.0616389	trans	0.0616389
0.069813	trans	0.069813
-0.0462812	trans	0.0462812
0.0593088	trans	0.0593088
-0.0430357	trans	0.0430357
-0.0522777	trans	0.0522777
-0.0428884	trans	0.0428884
-0.313547	trans	0.313547
0.049972	trans	0.049972
0.0987628	trans	0.0987628
-0.0547787	trans	0.0547787
0.0625582	trans	0.0625582
-0.10224	trans	0.10224
0.411638	trans	0.411638
0.0409188	trans	0.0409188
-0.0586784	trans	0.0586784
-0.0676183	trans	0.0676183
-0.0690275	trans	0.0690275
-0.332516	trans	0.332516
-0.0497711	trans	0.0497711
-0.116003	trans	0.116003
-0.205637	trans	0.205637
0.0457315	trans	0.0457315
-0.0530728	trans	0.0530728
-0.105971	trans	0.105971
0.0490458	trans	0.0490458
0.0450991	trans	0.0450991
0.0478566	trans	0.0478566
0.077986	trans	0.077986
0.0500075	trans	0.0500075
-0.130535	trans	0.130535
0.0456784	trans	0.0456784
-0.0565893	trans	0.0565893
-0.11505	trans	0.11505
0.0569871	trans	0.0569871
0.0571175	trans	0.0571175
-0.0422806	trans	0.0422806
-0.049192	trans	0.049192
-0.052318	trans	0.052318
0.0409057	trans	0.0409057
-0.0445906	trans	0.0445906
-0.0650808	trans	0.0650808
0.164726	trans	0.164726
-0.0843105	trans	0.0843105
0.131445	trans	0.131445
-0.629866	trans	0.629866
-0.794522	trans	0.794522
0.0677816	trans	0.0677816
-0.0634271	trans	0.0634271
-0.211871	trans	0.211871
-0.0452179	trans	0.0452179
1.01648	trans	1.01648
-0.0562861	trans	0.0562861
-0.0522859	trans	0.0522859
-0.0619243	trans	0.0619243
-0.044654	trans	0.044654
-0.0433923	trans	0.0433923
0.0456851	trans	0.0456851
0.0484582	trans	0.0484582
0.0505086	trans	0.0505086
0.0441534	trans	0.0441534
0.0429315	trans	0.0429315
-0.0398093	trans	0.0398093
0.0555067	trans	0.0555067
-0.0395949	trans	0.0395949
-0.0429633	trans	0.0429633
-0.0739988	trans	0.0739988
0.0563816	trans	0.0563816
0.0537871	trans	0.0537871
0.0576308	trans	0.0576308
-0.123535	trans	0.123535
-0.0534113	trans	0.0534113
-0.0446748	trans	0.0446748
-0.0803497	trans	0.0803497
0.0950595	trans	0.0950595
0.0514873	trans	0.0514873
-0.0629031	trans	0.0629031
-0.05303	trans	0.05303
-0.0567789	trans	0.0567789
0.115482	trans	0.115482
-0.23742	trans	0.23742
0.0440076	trans	0.0440076
-0.134382	trans	0.134382
-0.101674	trans	0.101674
0.047761	trans	0.047761
-0.106819	trans	0.106819
0.0473753	trans	0.0473753
-0.0603092	trans	0.0603092
-0.0505948	trans	0.0505948
0.0516819	trans	0.0516819
0.0474086	trans	0.0474086
-0.0665904	trans	0.0665904
-0.0530988	trans	0.0530988
-0.055997	trans	0.055997
-0.0616658	trans	0.0616658
0.0668238	trans	0.0668238
-0.0780867	trans	0.0780867
0.0461714	trans	0.0461714
-0.0445894	trans	0.0445894
0.355565	trans	0.355565
-0.146587	trans	0.146587
-0.522974	trans	0.522974
-0.104475	trans	0.104475
-0.249573	trans	0.249573
-0.0828967	trans	0.0828967
0.072955	trans	0.072955
0.185021	trans	0.185021
0.0571434	trans	0.0571434
-0.0497417	trans	0.0497417
-0.0718859	trans	0.0718859
-0.092145	trans	0.092145
-0.0571972	trans	0.0571972
0.0560533	trans	0.0560533
-0.238509	trans	0.238509
0.0419964	trans	0.0419964
-0.0461815	trans	0.0461815
0.0592257	trans	0.0592257
0.0516441	trans	0.0516441
-0.0583506	trans	0.0583506
0.05755	trans	0.05755
-0.0411595	trans	0.0411595
-0.150378	trans	0.150378
0.0576556	trans	0.0576556
-0.0443453	trans	0.0443453
-0.114455	trans	0.114455
-0.0476464	trans	0.0476464
-0.0840481	trans	0.0840481
-0.0833968	trans	0.0833968
-0.0702202	trans	0.0702202
-0.282071	trans	0.282071
0.0466732	trans	0.0466732
-0.0524865	trans	0.0524865
0.0522478	trans	0.0522478
-0.0482594	trans	0.0482594
-0.0599265	trans	0.0599265
-0.0431129	trans	0.0431129
-0.0706579	trans	0.0706579
-0.112032	trans	0.112032
-0.0482976	trans	0.0482976
0.0476213	trans	0.0476213
-0.0924808	trans	0.0924808
-0.0498053	trans	0.0498053
-0.10741	trans	0.10741
0.459868	trans	0.459868
-0.046743	trans	0.046743
-0.425126	trans	0.425126
-0.0412934	trans	0.0412934
-0.0998853	trans	0.0998853
-0.189919	trans	0.189919
0.0497791	trans	0.0497791
0.211744	trans	0.211744
0.0684766	trans	0.0684766
-0.0543474	trans	0.0543474
0.0606744	trans	0.0606744
0.0426194	trans	0.0426194
0.0739247	trans	0.0739247
-0.0425899	trans	0.0425899
-0.710543	trans	0.710543
-1.09678	trans	1.09678
-1.71026	trans	1.71026
-1.34133	trans	1.34133
-1.41725	trans	1.41725
-1.29244	trans	1.29244
0.0525792	trans	0.0525792
0.0449469	trans	0.0449469
-0.0456484	trans	0.0456484
0.0535882	trans	0.0535882
0.0653263	trans	0.0653263
-0.0429272	trans	0.0429272
-0.0442254	trans	0.0442254
-0.0609487	trans	0.0609487
0.0523034	trans	0.0523034
0.0427589	trans	0.0427589
0.0990811	trans	0.0990811
0.0445457	trans	0.0445457
0.0627652	trans	0.0627652
0.0603553	trans	0.0603553
-0.0474535	trans	0.0474535
0.141715	trans	0.141715
-0.0507582	trans	0.0507582
0.070434	trans	0.070434
-0.0757827	trans	0.0757827
-0.0478079	trans	0.0478079
0.0656402	trans	0.0656402
-0.0481948	trans	0.0481948
0.0473577	trans	0.0473577
-0.165591	trans	0.165591
0.0476634	trans	0.0476634
-0.0515974	trans	0.0515974
-0.11678	trans	0.11678
-0.264383	trans	0.264383
0.0643007	trans	0.0643007
-0.0421455	trans	0.0421455
0.313511	trans	0.313511
0.057197	trans	0.057197
-0.0677074	trans	0.0677074
0.085988	trans	0.085988
-0.127524	trans	0.127524
-0.0471973	trans	0.0471973
-0.0597338	trans	0.0597338
0.0498333	trans	0.0498333
-0.0746772	trans	0.0746772
-0.0450181	trans	0.0450181
0.163401	trans	0.163401
0.780606	trans	0.780606
-0.0464213	trans	0.0464213
-0.0299672	trans	0.0299672
-0.0580218	trans	0.0580218
0.0413844	trans	0.0413844
-0.035869	trans	0.035869
0.101734	trans	0.101734
0.0439326	trans	0.0439326
0.388673	trans	0.388673
-0.0617161	trans	0.0617161
-1.04226	trans	1.04226
0.0595441	trans	0.0595441
-0.0764845	trans	0.0764845
-0.400884	trans	0.400884
-0.054776	trans	0.054776
0.0550112	trans	0.0550112
-0.0564259	trans	0.0564259
0.0706875	trans	0.0706875
0.0506017	trans	0.0506017
0.110598	trans	0.110598
-0.0740609	trans	0.0740609
0.0453542	trans	0.0453542
0.0388507	trans	0.0388507
-0.0590273	trans	0.0590273
-0.0498177	trans	0.0498177
0.0772602	trans	0.0772602
0.0489801	trans	0.0489801
-0.148103	trans	0.148103
0.0415501	trans	0.0415501
-0.048081	trans	0.048081
0.166753	trans	0.166753
0.0468464	trans	0.0468464
-0.0413967	trans	0.0413967
-0.123959	trans	0.123959
-0.0466279	trans	0.0466279
-0.0404248	trans	0.0404248
-0.0560988	trans	0.0560988
-0.0561003	trans	0.0561003
0.0440153	trans	0.0440153
-0.0660316	trans	0.0660316
-0.0641568	trans	0.0641568
-0.0641363	trans	0.0641363
0.0580526	trans	0.0580526
0.465266	trans	0.465266
-0.0519969	trans	0.0519969
0.097427	trans	0.097427
-0.0578363	trans	0.0578363
-0.0547115	trans	0.0547115
-0.0911953	trans	0.0911953
0.0550071	trans	0.0550071
0.0591537	trans	0.0591537
-0.156209	trans	0.156209
0.0484665	trans	0.0484665
-0.0569028	trans	0.0569028
-0.123394	trans	0.123394
0.0738035	trans	0.0738035
-0.0621918	trans	0.0621918
-0.0592009	trans	0.0592009
0.0588498	trans	0.0588498
-0.517817	trans	0.517817
-0.0682749	trans	0.0682749
0.0730545	trans	0.0730545
0.389645	trans	0.389645
0.553068	trans	0.553068
0.0671942	trans	0.0671942
0.054043	trans	0.054043
-0.0512279	trans	0.0512279
0.0470203	trans	0.0470203
-0.0748917	trans	0.0748917
-0.0417884	trans	0.0417884
-0.092214	trans	0.092214
0.0783405	trans	0.0783405
-0.052973	trans	0.052973
-0.0647031	trans	0.0647031
0.0482572	trans	0.0482572
0.0543802	trans	0.0543802
-0.071392	trans	0.071392
0.045799	trans	0.045799
-0.0643866	trans	0.0643866
0.0509135	trans	0.0509135
0.0615138	trans	0.0615138
-0.0593678	trans	0.0593678
-0.0426884	trans	0.0426884
0.0657499	trans	0.0657499
-0.0801732	trans	0.0801732
-0.26142	trans	0.26142
-0.106572	trans	0.106572
0.0683673	trans	0.0683673
0.105023	trans	0.105023
-0.0425946	trans	0.0425946
0.0501925	trans	0.0501925
-0.0822739	trans	0.0822739
-0.0538848	trans	0.0538848
0.0420641	trans	0.0420641
0.0470397	trans	0.0470397
0.245391	trans	0.245391
0.0310773	trans	0.0310773
0.078185	trans	0.078185
0.0450173	trans	0.0450173
-0.0402268	trans	0.0402268
0.0346672	trans	0.0346672
-0.0477322	trans	0.0477322
-0.15845	trans	0.15845
0.252745	trans	0.252745
-0.281987	trans	0.281987
0.132755	trans	0.132755
0.462562	trans	0.462562
-0.062678	trans	0.062678
-0.0466999	trans	0.0466999
0.0665777	trans	0.0665777
0.0468562	trans	0.0468562
-0.102186	trans	0.102186
0.0525232	trans	0.0525232
0.0408636	trans	0.0408636
-0.181789	trans	0.181789
0.474412	trans	0.474412
0.280975	trans	0.280975
-0.0563395	trans	0.0563395
-0.0693021	trans	0.0693021
0.0496383	trans	0.0496383
-0.0844423	trans	0.0844423
0.0437789	trans	0.0437789
0.0502004	trans	0.0502004
0.047774	trans	0.047774
-0.0443596	trans	0.0443596
0.0492429	trans	0.0492429
0.0936504	trans	0.0936504
0.0376371	trans	0.0376371
0.0550859	trans	0.0550859
-0.065362	trans	0.065362
0.295545	trans	0.295545
0.0410486	trans	0.0410486
-0.0625359	trans	0.0625359
-0.240281	trans	0.240281
0.0886589	trans	0.0886589
0.557422	trans	0.557422
-0.0496981	trans	0.0496981
0.165026	trans	0.165026
-0.0674812	trans	0.0674812
-0.0472428	trans	0.0472428
-0.0605561	trans	0.0605561
0.0661095	trans	0.0661095
0.0484563	trans	0.0484563
0.162444	trans	0.162444
-0.0481436	trans	0.0481436
-0.044126	trans	0.044126
0.425619	trans	0.425619
0.0790653	trans	0.0790653
0.236764	trans	0.236764
0.084577	trans	0.084577
-0.0522517	trans	0.0522517
-0.0543771	trans	0.0543771
0.0502133	trans	0.0502133
-0.0826813	trans	0.0826813
0.0408685	trans	0.0408685
-0.150409	trans	0.150409
-0.0605365	trans	0.0605365
0.0566992	trans	0.0566992
-0.0420217	trans	0.0420217
0.181102	trans	0.181102
-0.0450202	trans	0.0450202
0.0444147	trans	0.0444147
0.0781838	trans	0.0781838
0.30085	trans	0.30085
-0.0939821	trans	0.0939821
0.237254	trans	0.237254
0.219031	trans	0.219031
0.043492	trans	0.043492
-0.115343	trans	0.115343
-0.0783607	trans	0.0783607
0.0522039	trans	0.0522039
0.218469	trans	0.218469
0.283707	trans	0.283707
0.506459	trans	0.506459
0.0435713	trans	0.0435713
0.0456959	trans	0.0456959
0.0373015	trans	0.0373015
0.0575036	trans	0.0575036
-0.0422152	trans	0.0422152
0.0845823	trans	0.0845823
0.0892105	trans	0.0892105
0.0464659	trans	0.0464659
-0.0725636	trans	0.0725636
0.049421	trans	0.049421
0.0610071	trans	0.0610071
0.0856789	trans	0.0856789
-0.040156	trans	0.040156
-0.0408179	trans	0.0408179
0.0525062	trans	0.0525062
0.0449758	trans	0.0449758
-0.0865608	trans	0.0865608
0.0555094	trans	0.0555094
-0.0711181	trans	0.0711181
-0.0470642	trans	0.0470642
0.0752047	trans	0.0752047
0.0699324	trans	0.0699324
0.055461	trans	0.055461
-0.244571	trans	0.244571
0.0671628	trans	0.0671628
-0.264354	trans	0.264354
-0.0907376	trans	0.0907376
-0.0478021	trans	0.0478021
-0.0475053	trans	0.0475053
-0.844803	trans	0.844803
0.0557749	trans	0.0557749
-0.297543	trans	0.297543
-0.0486537	trans	0.0486537
0.0860797	trans	0.0860797
-0.0406842	trans	0.0406842
-0.185222	trans	0.185222
-0.248225	trans	0.248225
0.0397667	trans	0.0397667
0.093879	trans	0.093879
-0.0761434	trans	0.0761434
0.165375	trans	0.165375
0.0937251	trans	0.0937251
-0.087123	trans	0.087123
-0.0611384	trans	0.0611384
0.0635947	trans	0.0635947
1.02481	trans	1.02481
0.128452	trans	0.128452
0.0926101	trans	0.0926101
0.0557301	trans	0.0557301
0.0538983	trans	0.0538983
-0.147101	trans	0.147101
0.203023	trans	0.203023
-0.0380925	trans	0.0380925
0.123486	trans	0.123486
-0.119843	trans	0.119843
0.0446344	trans	0.0446344
0.0438283	trans	0.0438283
-0.0825671	trans	0.0825671
0.0407431	trans	0.0407431
-0.0415744	trans	0.0415744
0.306275	trans	0.306275
-0.282578	trans	0.282578
-0.0469755	trans	0.0469755
0.0335613	trans	0.0335613
0.114314	trans	0.114314
0.041768	trans	0.041768
-0.046746	trans	0.046746
-0.147912	trans	0.147912
0.0542394	trans	0.0542394
0.0477143	trans	0.0477143
-0.0610607	trans	0.0610607
-0.0538772	trans	0.0538772
-0.0494936	trans	0.0494936
-0.182425	trans	0.182425
-0.0638817	trans	0.0638817
0.0366835	trans	0.0366835
-0.0482702	trans	0.0482702
0.040132	trans	0.040132
-0.0872178	trans	0.0872178
-0.116426	trans	0.116426
0.0410065	trans	0.0410065
-0.0424074	trans	0.0424074
0.0315669	trans	0.0315669
-0.0914751	trans	0.0914751
0.0448513	trans	0.0448513
0.0351346	trans	0.0351346
-0.0551826	trans	0.0551826
0.0467344	trans	0.0467344
-0.0819251	trans	0.0819251
-0.0633245	trans	0.0633245
-0.120724	trans	0.120724
0.033858	trans	0.033858
0.045576	trans	0.045576
0.0372286	trans	0.0372286
-0.0569981	trans	0.0569981
0.0675599	trans	0.0675599
0.0515002	trans	0.0515002
-0.069781	trans	0.069781
0.0483196	trans	0.0483196
-0.0598892	trans	0.0598892
-0.0522365	trans	0.0522365
-0.0497697	trans	0.0497697
-0.0640944	trans	0.0640944
0.053968	trans	0.053968
0.0657316	trans	0.0657316
-0.054139	trans	0.054139
0.106796	trans	0.106796
0.0511668	trans	0.0511668
0.0522926	trans	0.0522926
0.0473278	trans	0.0473278
-0.821756	trans	0.821756
-0.0553995	trans	0.0553995
0.0413268	trans	0.0413268
0.0483964	trans	0.0483964
-0.0438667	trans	0.0438667
-0.0859746	trans	0.0859746
-0.0538575	trans	0.0538575
-0.0483083	trans	0.0483083
-0.0519932	trans	0.0519932
0.0492492	trans	0.0492492
0.363754	trans	0.363754
0.0512817	trans	0.0512817
0.0534268	trans	0.0534268
-0.0712283	trans	0.0712283
-0.0672472	trans	0.0672472
-0.0578288	trans	0.0578288
-0.0424812	trans	0.0424812
-0.103845	trans	0.103845
0.0994008	trans	0.0994008
0.102905	trans	0.102905
-0.0521317	trans	0.0521317
0.0499271	trans	0.0499271
0.0622729	trans	0.0622729
-0.0504316	trans	0.0504316
-0.0892492	trans	0.0892492
0.0612587	trans	0.0612587
-0.23455	trans	0.23455
0.078077	trans	0.078077
-0.0443644	trans	0.0443644
-0.187109	trans	0.187109
0.0456362	trans	0.0456362
0.0645703	trans	0.0645703
-0.0685206	trans	0.0685206
0.0469986	trans	0.0469986
-0.047114	trans	0.047114
-0.045908	trans	0.045908
0.0431567	trans	0.0431567
-0.0471681	trans	0.0471681
0.0736566	trans	0.0736566
0.0475864	trans	0.0475864
-0.054041	trans	0.054041
0.518947	trans	0.518947
0.0473731	trans	0.0473731
0.234518	trans	0.234518
0.0528785	trans	0.0528785
0.0870624	trans	0.0870624
0.0829666	trans	0.0829666
0.285041	trans	0.285041
-0.0732418	trans	0.0732418
-0.0764992	trans	0.0764992
0.146222	trans	0.146222
0.156686	trans	0.156686
0.559501	trans	0.559501
0.773087	trans	0.773087
-0.0478214	trans	0.0478214
0.0653233	trans	0.0653233
-0.161483	trans	0.161483
-0.153134	trans	0.153134
-0.146455	trans	0.146455
0.0799639	trans	0.0799639
1.26692	trans	1.26692
0.0478422	trans	0.0478422
0.0568319	trans	0.0568319
0.0504572	trans	0.0504572
-0.0441035	trans	0.0441035
-0.0601913	trans	0.0601913
0.0486453	trans	0.0486453
0.282597	trans	0.282597
0.0426273	trans	0.0426273
-0.0422035	trans	0.0422035
-0.051099	trans	0.051099
0.0491713	trans	0.0491713
0.046976	trans	0.046976
0.070354	trans	0.070354
-0.0768242	trans	0.0768242
0.0570508	trans	0.0570508
0.127354	trans	0.127354
0.0542294	trans	0.0542294
0.0958593	trans	0.0958593
-0.052496	trans	0.052496
-0.0550725	trans	0.0550725
0.346258	trans	0.346258
-0.217535	trans	0.217535
-0.0869381	trans	0.0869381
0.0878277	trans	0.0878277
-0.102912	trans	0.102912
-0.0518449	trans	0.0518449
0.0436807	trans	0.0436807
-0.0960522	trans	0.0960522
0.0461885	trans	0.0461885
0.0364818	trans	0.0364818
-0.0485054	trans	0.0485054
-0.0453558	trans	0.0453558
0.041323	trans	0.041323
-0.0510818	trans	0.0510818
0.0421008	trans	0.0421008
-0.205839	trans	0.205839
0.0524714	trans	0.0524714
-0.151017	trans	0.151017
-0.105675	trans	0.105675
-0.0472401	trans	0.0472401
-0.0859265	trans	0.0859265
-0.035919	trans	0.035919
0.0413601	trans	0.0413601
0.411171	trans	0.411171
-0.0371893	trans	0.0371893
0.0748435	trans	0.0748435
0.0492058	trans	0.0492058
0.0474234	trans	0.0474234
-0.157388	trans	0.157388
0.0770208	trans	0.0770208
0.0377885	trans	0.0377885
0.0878412	trans	0.0878412
0.0445686	trans	0.0445686
0.100315	trans	0.100315
1.10058	trans	1.10058
0.0539772	trans	0.0539772
-0.0412252	trans	0.0412252
0.0443027	trans	0.0443027
0.154721	trans	0.154721
-0.0415335	trans	0.0415335
0.627495	trans	0.627495
0.802406	trans	0.802406
-0.0560914	trans	0.0560914
-0.0614931	trans	0.0614931
-0.0628754	trans	0.0628754
0.0947501	trans	0.0947501
0.0783552	trans	0.0783552
-0.0615249	trans	0.0615249
0.045663	trans	0.045663
0.0589447	trans	0.0589447
-0.331048	trans	0.331048
0.0423888	trans	0.0423888
0.176496	trans	0.176496
0.0784333	trans	0.0784333
0.394239	trans	0.394239
0.166544	trans	0.166544
0.0817608	trans	0.0817608
-0.0463815	trans	0.0463815
0.308309	trans	0.308309
0.0502525	trans	0.0502525
-0.102312	trans	0.102312
-0.0585717	trans	0.0585717
0.0795859	trans	0.0795859
0.134368	trans	0.134368
0.0595051	trans	0.0595051
0.111078	trans	0.111078
0.693295	trans	0.693295
0.0494229	trans	0.0494229
0.0521797	trans	0.0521797
0.0416536	trans	0.0416536
0.1047	trans	0.1047
-0.446208	trans	0.446208
0.0634326	trans	0.0634326
0.0447966	trans	0.0447966
0.0566107	trans	0.0566107
-0.0438816	trans	0.0438816
0.300608	trans	0.300608
0.492985	trans	0.492985
-0.0486756	trans	0.0486756
0.0784594	trans	0.0784594
-0.0610935	trans	0.0610935
-0.0779647	trans	0.0779647
0.0463524	trans	0.0463524
0.215323	trans	0.215323
0.335945	trans	0.335945
-0.618592	trans	0.618592
-0.0618859	trans	0.0618859
0.0792025	trans	0.0792025
0.052186	trans	0.052186
-0.0849259	trans	0.0849259
0.0623236	trans	0.0623236
0.0466356	trans	0.0466356
-0.0615518	trans	0.0615518
0.0565144	trans	0.0565144
0.0442649	trans	0.0442649
-0.0755025	trans	0.0755025
-0.0571858	trans	0.0571858
0.347671	trans	0.347671
0.0526775	trans	0.0526775
0.0670725	trans	0.0670725
-0.0443993	trans	0.0443993
0.227787	trans	0.227787
0.378321	trans	0.378321
-0.0371802	trans	0.0371802
0.0578637	trans	0.0578637
-0.696806	trans	0.696806
0.0588886	trans	0.0588886
0.0800163	trans	0.0800163
0.0414656	trans	0.0414656
0.0399572	trans	0.0399572
-0.0467621	trans	0.0467621
-0.0398107	trans	0.0398107
-0.0538133	trans	0.0538133
-0.0466775	trans	0.0466775
-0.163814	trans	0.163814
0.198498	trans	0.198498
-0.125015	trans	0.125015
0.120675	trans	0.120675
-0.140095	trans	0.140095
0.100887	trans	0.100887
0.158376	trans	0.158376
-0.080066	trans	0.080066
-0.0444878	trans	0.0444878
-0.0813288	trans	0.0813288
0.086239	trans	0.086239
0.0791258	trans	0.0791258
0.0627825	trans	0.0627825
-0.0465118	trans	0.0465118
0.0386985	trans	0.0386985
0.0466992	trans	0.0466992
-0.0533184	trans	0.0533184
0.0369137	trans	0.0369137
-0.0354732	trans	0.0354732
-0.042868	trans	0.042868
-0.0368549	trans	0.0368549
0.049409	trans	0.049409
0.0438398	trans	0.0438398
0.0437334	trans	0.0437334
-0.394668	trans	0.394668
-0.0399906	trans	0.0399906
0.125506	trans	0.125506
-0.761117	trans	0.761117
-0.92193	trans	0.92193
0.0784027	trans	0.0784027
0.0918302	trans	0.0918302
-0.0691696	trans	0.0691696
0.102289	trans	0.102289
-0.0601156	trans	0.0601156
0.0855396	trans	0.0855396
-0.158577	trans	0.158577
-0.0462914	trans	0.0462914
-0.0640303	trans	0.0640303
0.116179	trans	0.116179
-0.0516752	trans	0.0516752
0.0402452	trans	0.0402452
-0.0463102	trans	0.0463102
0.323555	trans	0.323555
0.0536134	trans	0.0536134
0.0422767	trans	0.0422767
0.0528211	trans	0.0528211
0.0469349	trans	0.0469349
-0.0468086	trans	0.0468086
-0.0436311	trans	0.0436311
0.0511655	trans	0.0511655
0.0464577	trans	0.0464577
0.0544741	trans	0.0544741
-0.0455796	trans	0.0455796
-0.08864	trans	0.08864
0.0608976	trans	0.0608976
-0.0439224	trans	0.0439224
0.0620952	trans	0.0620952
0.0691938	trans	0.0691938
0.0548437	trans	0.0548437
0.0786163	trans	0.0786163
0.190192	trans	0.190192
0.374308	trans	0.374308
0.193266	trans	0.193266
0.11903	trans	0.11903
0.0657574	trans	0.0657574
0.101526	trans	0.101526
0.0573409	trans	0.0573409
0.0423955	trans	0.0423955
-0.0458691	trans	0.0458691
-0.0517711	trans	0.0517711
0.0417521	trans	0.0417521
0.0489992	trans	0.0489992
0.0525678	trans	0.0525678
-0.0460648	trans	0.0460648
-0.048413	trans	0.048413
0.0457655	trans	0.0457655
-0.161237	trans	0.161237
0.0462205	trans	0.0462205
-0.0543289	trans	0.0543289
-0.061846	trans	0.061846
0.0606528	trans	0.0606528
0.0442013	trans	0.0442013
0.0479719	trans	0.0479719
0.047165	trans	0.047165
-0.051	trans	0.051
-0.0822276	trans	0.0822276
-0.0642003	trans	0.0642003
-0.109024	trans	0.109024
-0.250258	trans	0.250258
-0.316725	trans	0.316725
-0.0450384	trans	0.0450384
-0.0450438	trans	0.0450438
0.0506693	trans	0.0506693
-0.0441078	trans	0.0441078
-0.0719042	trans	0.0719042
-0.0609972	trans	0.0609972
-0.0691726	trans	0.0691726
0.0482365	trans	0.0482365
-0.0497481	trans	0.0497481
-0.0630333	trans	0.0630333
0.0496784	trans	0.0496784
0.0570175	trans	0.0570175
0.0691957	trans	0.0691957
-0.0698069	trans	0.0698069
0.0726163	trans	0.0726163
0.103092	trans	0.103092
0.0752492	trans	0.0752492
-0.0443648	trans	0.0443648
-0.0611518	trans	0.0611518
-0.0428732	trans	0.0428732
-0.0463866	trans	0.0463866
0.0449805	trans	0.0449805
-0.0434636	trans	0.0434636
-0.0396649	trans	0.0396649
-0.0488896	trans	0.0488896
-0.0574498	trans	0.0574498
-0.0435702	trans	0.0435702
0.315046	trans	0.315046
0.0985927	trans	0.0985927
0.0938885	trans	0.0938885
0.0425431	trans	0.0425431
-0.0452352	trans	0.0452352
-0.050508	trans	0.050508
0.0432731	trans	0.0432731
0.0575278	trans	0.0575278
0.0702642	trans	0.0702642
0.0443094	trans	0.0443094
0.0580072	trans	0.0580072
-0.0584512	trans	0.0584512
0.0657693	trans	0.0657693
0.0664114	trans	0.0664114
0.0651311	trans	0.0651311
0.0419295	trans	0.0419295
-0.0443196	trans	0.0443196
0.0813703	trans	0.0813703
-0.040631	trans	0.040631
-0.288417	trans	0.288417
0.147312	trans	0.147312
0.0838527	trans	0.0838527
-0.0577306	trans	0.0577306
0.33164	trans	0.33164
-0.0794715	trans	0.0794715
0.0579751	trans	0.0579751
0.0577316	trans	0.0577316
1.07338	trans	1.07338
1.67415	trans	1.67415
0.0403056	trans	0.0403056
0.0791031	trans	0.0791031
0.138499	trans	0.138499
0.180634	trans	0.180634
-0.0806921	trans	0.0806921
0.106595	trans	0.106595
-0.170809	trans	0.170809
0.0483043	trans	0.0483043
0.0408463	trans	0.0408463
0.156167	trans	0.156167
0.115063	trans	0.115063
-0.177031	trans	0.177031
0.0916277	trans	0.0916277
-0.171645	trans	0.171645
0.0484722	trans	0.0484722
-0.0870245	trans	0.0870245
0.0544166	trans	0.0544166
0.0391176	trans	0.0391176
0.0747095	trans	0.0747095
0.126853	trans	0.126853
-0.157655	trans	0.157655
0.0431592	trans	0.0431592
-0.0393512	trans	0.0393512
0.471103	trans	0.471103
-0.0551117	trans	0.0551117
0.0516754	trans	0.0516754
-0.0473431	trans	0.0473431
0.0623625	trans	0.0623625
-0.355414	trans	0.355414
-0.0542127	trans	0.0542127
0.0654559	trans	0.0654559
-0.0514479	trans	0.0514479
0.0920909	trans	0.0920909
-0.157599	trans	0.157599
0.327981	trans	0.327981
0.46867	trans	0.46867
-0.207174	trans	0.207174
0.229127	trans	0.229127
0.245487	trans	0.245487
-0.0452885	trans	0.0452885
0.0449464	trans	0.0449464
0.0441952	trans	0.0441952
0.0613719	trans	0.0613719
0.0466436	trans	0.0466436
0.0703269	trans	0.0703269
0.0533792	trans	0.0533792
0.0476648	trans	0.0476648
0.0787886	trans	0.0787886
-0.0475381	trans	0.0475381
0.0949917	trans	0.0949917
0.0469645	trans	0.0469645
0.0433825	trans	0.0433825
-0.0553495	trans	0.0553495
-0.0422901	trans	0.0422901
-0.0534989	trans	0.0534989
-0.0481996	trans	0.0481996
-0.0456292	trans	0.0456292
0.0533932	trans	0.0533932
-0.045464	trans	0.045464
0.0475533	trans	0.0475533
0.0998984	trans	0.0998984
0.0406982	trans	0.0406982
-0.0803492	trans	0.0803492
-0.0444694	trans	0.0444694
0.0432437	trans	0.0432437
-0.0591569	trans	0.0591569
0.0994807	trans	0.0994807
-0.0418848	trans	0.0418848
0.073771	trans	0.073771
-0.0482761	trans	0.0482761
0.0532099	trans	0.0532099
0.0993587	trans	0.0993587
0.378125	trans	0.378125
-0.104445	trans	0.104445
-0.0740455	trans	0.0740455
-0.0466246	trans	0.0466246
0.0984034	trans	0.0984034
0.0474752	trans	0.0474752
-0.0458832	trans	0.0458832
0.200134	trans	0.200134
0.0581393	trans	0.0581393
0.308933	trans	0.308933
-0.100831	trans	0.100831
-0.0570796	trans	0.0570796
0.0580667	trans	0.0580667
-0.0614795	trans	0.0614795
0.0638006	trans	0.0638006
-0.0778313	trans	0.0778313
0.0401925	trans	0.0401925
0.0395863	trans	0.0395863
-0.0459502	trans	0.0459502
0.387656	trans	0.387656
0.362745	trans	0.362745
0.0850504	trans	0.0850504
0.452005	trans	0.452005
0.0459044	trans	0.0459044
0.0470218	trans	0.0470218
0.0446911	trans	0.0446911
0.361283	trans	0.361283
0.812996	trans	0.812996
-0.0526961	trans	0.0526961
0.0418755	trans	0.0418755
0.0416505	trans	0.0416505
-0.0554995	trans	0.0554995
0.0639606	trans	0.0639606
0.0517043	trans	0.0517043
-0.171565	trans	0.171565
-0.0505226	trans	0.0505226
0.040009	trans	0.040009
0.0840559	trans	0.0840559
-0.0420229	trans	0.0420229
-0.0633173	trans	0.0633173
-0.0426589	trans	0.0426589
-0.0411853	trans	0.0411853
-0.0909572	trans	0.0909572
0.0615234	trans	0.0615234
-0.063242	trans	0.063242
-0.0799209	trans	0.0799209
-0.27557	trans	0.27557
0.0488383	trans	0.0488383
-0.0415733	trans	0.0415733
0.0548532	trans	0.0548532
0.0479567	trans	0.0479567
-0.0605458	trans	0.0605458
0.0881613	trans	0.0881613
0.116796	trans	0.116796
0.149429	trans	0.149429
0.308193	trans	0.308193
0.0544886	trans	0.0544886
0.0565146	trans	0.0565146
-0.083404	trans	0.083404
0.13105	trans	0.13105
0.0503857	trans	0.0503857
-0.109456	trans	0.109456
0.0684885	trans	0.0684885
0.048656	trans	0.048656
0.0481075	trans	0.0481075
0.0445202	trans	0.0445202
0.051341	trans	0.051341
0.0624467	trans	0.0624467
-0.0758571	trans	0.0758571
0.0491114	trans	0.0491114
-0.0491247	trans	0.0491247
0.0456315	trans	0.0456315
0.245306	trans	0.245306
0.0655068	trans	0.0655068
-0.0518495	trans	0.0518495
-0.0420669	trans	0.0420669
-0.0456602	trans	0.0456602
0.0802676	trans	0.0802676
0.0479559	trans	0.0479559
0.0657078	trans	0.0657078
0.0428977	trans	0.0428977
0.0470886	trans	0.0470886
-0.0484608	trans	0.0484608
-0.0593212	trans	0.0593212
0.0478711	trans	0.0478711
0.0695294	trans	0.0695294
-0.044076	trans	0.044076
0.0432409	trans	0.0432409
-0.0617648	trans	0.0617648
-0.0845596	trans	0.0845596
0.0481019	trans	0.0481019
0.0519808	trans	0.0519808
-0.0463081	trans	0.0463081
0.111525	trans	0.111525
-0.051521	trans	0.051521
0.191717	trans	0.191717
-0.0757588	trans	0.0757588
0.788751	trans	0.788751
0.0441198	trans	0.0441198
0.0423911	trans	0.0423911
-0.0397654	trans	0.0397654
-0.0478713	trans	0.0478713
0.0600695	trans	0.0600695
0.0439047	trans	0.0439047
0.112884	trans	0.112884
-0.0509292	trans	0.0509292
-0.0447019	trans	0.0447019
0.0718468	trans	0.0718468
0.0468667	trans	0.0468667
-0.0482425	trans	0.0482425
-0.0421062	trans	0.0421062
-0.0511238	trans	0.0511238
-0.0448073	trans	0.0448073
-0.0545086	trans	0.0545086
0.0514922	trans	0.0514922
-0.062921	trans	0.062921
0.0536357	trans	0.0536357
0.0385894	trans	0.0385894
0.0415573	trans	0.0415573
-0.132354	trans	0.132354
0.0583641	trans	0.0583641
0.0987662	trans	0.0987662
-0.0437371	trans	0.0437371
-0.0409308	trans	0.0409308
0.25328	trans	0.25328
-0.0650451	trans	0.0650451
0.189298	trans	0.189298
0.583394	trans	0.583394
0.0673752	trans	0.0673752
0.0478422	trans	0.0478422
-0.312358	trans	0.312358
0.107509	trans	0.107509
-0.0521861	trans	0.0521861
0.0556439	trans	0.0556439
0.114496	trans	0.114496
0.26607	trans	0.26607
0.045925	trans	0.045925
0.0480858	trans	0.0480858
-0.0743035	trans	0.0743035
-0.523041	trans	0.523041
0.325246	trans	0.325246
-0.0565081	trans	0.0565081
1.302	trans	1.302
0.253634	trans	0.253634
-0.0423656	trans	0.0423656
0.139903	trans	0.139903
0.0416788	trans	0.0416788
0.10497	trans	0.10497
0.296549	trans	0.296549
0.0437516	trans	0.0437516
-0.114265	trans	0.114265
0.042519	trans	0.042519
-0.045156	trans	0.045156
0.204033	trans	0.204033
-0.0544915	trans	0.0544915
0.0970159	trans	0.0970159
0.0592195	trans	0.0592195
0.102216	trans	0.102216
0.0438326	trans	0.0438326
-0.0755362	trans	0.0755362
0.0481423	trans	0.0481423
0.0498123	trans	0.0498123
0.0683646	trans	0.0683646
-0.0993494	trans	0.0993494
0.0871204	trans	0.0871204
0.0627675	trans	0.0627675
-0.0510952	trans	0.0510952
0.050642	trans	0.050642
0.0915604	trans	0.0915604
0.0828862	trans	0.0828862
0.042932	trans	0.042932
0.0500946	trans	0.0500946
0.0445053	trans	0.0445053
-0.0614482	trans	0.0614482
-0.0741266	trans	0.0741266
-0.0682208	trans	0.0682208
-0.0983158	trans	0.0983158
-0.0859679	trans	0.0859679
0.14429	trans	0.14429
0.117729	trans	0.117729
0.05091	trans	0.05091
-0.0722053	trans	0.0722053
-0.0584158	trans	0.0584158
-0.140643	trans	0.140643
0.0473727	trans	0.0473727
0.629572	trans	0.629572
0.166386	trans	0.166386
0.0559088	trans	0.0559088
0.0415791	trans	0.0415791
-0.0985093	trans	0.0985093
-0.046409	trans	0.046409
0.0742746	trans	0.0742746
-0.107405	trans	0.107405
0.0541838	trans	0.0541838
-0.0636936	trans	0.0636936
0.439808	trans	0.439808
0.138652	trans	0.138652
-0.0515576	trans	0.0515576
-0.543968	trans	0.543968
0.352994	trans	0.352994
0.0793735	trans	0.0793735
0.111725	trans	0.111725
0.193977	trans	0.193977
0.0664415	trans	0.0664415
-0.0412183	trans	0.0412183
-0.09631	trans	0.09631
0.073454	trans	0.073454
0.099761	trans	0.099761
-0.0984023	trans	0.0984023
0.048104	trans	0.048104
-0.0619686	trans	0.0619686
0.460979	trans	0.460979
0.0557759	trans	0.0557759
-0.0536189	trans	0.0536189
0.122683	trans	0.122683
-0.0500685	trans	0.0500685
0.37126	trans	0.37126
0.0431914	trans	0.0431914
-0.0523207	trans	0.0523207
0.0450283	trans	0.0450283
0.0580707	trans	0.0580707
0.130696	trans	0.130696
-0.0482264	trans	0.0482264
-0.0532473	trans	0.0532473
0.0830226	trans	0.0830226
0.0530487	trans	0.0530487
-0.0552134	trans	0.0552134
-0.0561105	trans	0.0561105
-0.0637291	trans	0.0637291
0.0673786	trans	0.0673786
-0.0564492	trans	0.0564492
0.0513376	trans	0.0513376
-0.0588957	trans	0.0588957
-0.0769342	trans	0.0769342
-0.100157	trans	0.100157
0.0453838	trans	0.0453838
-0.0530793	trans	0.0530793
0.0652744	trans	0.0652744
-0.0523959	trans	0.0523959
0.0983734	trans	0.0983734
-0.0824322	trans	0.0824322
-0.0411581	trans	0.0411581
-0.256523	trans	0.256523
-0.0527827	trans	0.0527827
0.0398671	trans	0.0398671
0.0527561	trans	0.0527561
0.0626066	trans	0.0626066
-0.0568823	trans	0.0568823
0.0631112	trans	0.0631112
-0.0558259	trans	0.0558259
0.0910264	trans	0.0910264
0.0517897	trans	0.0517897
-0.0442912	trans	0.0442912
0.0457139	trans	0.0457139
0.0598348	trans	0.0598348
-0.0595375	trans	0.0595375
-0.0519474	trans	0.0519474
0.0528391	trans	0.0528391
0.0487996	trans	0.0487996
-0.349609	trans	0.349609
0.0647854	trans	0.0647854
-0.0798853	trans	0.0798853
0.30397	trans	0.30397
0.0524641	trans	0.0524641
0.111627	trans	0.111627
0.039103	trans	0.039103
-0.242737	trans	0.242737
0.0697147	trans	0.0697147
0.0470114	trans	0.0470114
0.0457369	trans	0.0457369
0.0543257	trans	0.0543257
-0.0419491	trans	0.0419491
0.0440342	trans	0.0440342
-0.0486544	trans	0.0486544
0.0463963	trans	0.0463963
0.225137	trans	0.225137
0.0464002	trans	0.0464002
0.0440335	trans	0.0440335
0.124846	trans	0.124846
0.0639648	trans	0.0639648
0.164869	trans	0.164869
-0.0499049	trans	0.0499049
0.0440783	trans	0.0440783
0.0679405	trans	0.0679405
-0.0701997	trans	0.0701997
-0.0718172	trans	0.0718172
-0.0666822	trans	0.0666822
0.0804116	trans	0.0804116
-0.123793	trans	0.123793
-0.0602456	trans	0.0602456
-0.637882	trans	0.637882
-0.0589472	trans	0.0589472
0.113235	trans	0.113235
0.0537462	trans	0.0537462
-0.0558614	trans	0.0558614
-0.0640393	trans	0.0640393
-0.103404	trans	0.103404
0.0480448	trans	0.0480448
0.381079	trans	0.381079
-0.307652	trans	0.307652
0.0544201	trans	0.0544201
-0.0650915	trans	0.0650915
0.070304	trans	0.070304
0.0437253	trans	0.0437253
-0.0494334	trans	0.0494334
-0.122116	trans	0.122116
0.0543827	trans	0.0543827
-0.0656825	trans	0.0656825
0.0555722	trans	0.0555722
0.0637087	trans	0.0637087
0.0799104	trans	0.0799104
0.0855477	trans	0.0855477
0.0526433	trans	0.0526433
0.183508	trans	0.183508
0.0639961	trans	0.0639961
-0.0546571	trans	0.0546571
0.0445284	trans	0.0445284
0.0538177	trans	0.0538177
-0.047241	trans	0.047241
0.0453976	trans	0.0453976
-0.0482664	trans	0.0482664
0.0572447	trans	0.0572447
-0.377374	trans	0.377374
-0.0929555	trans	0.0929555
0.0477073	trans	0.0477073
-0.0685268	trans	0.0685268
0.202772	trans	0.202772
0.0538443	trans	0.0538443
0.17941	trans	0.17941
0.17925	trans	0.17925
0.0592312	trans	0.0592312
-0.138074	trans	0.138074
0.0756341	trans	0.0756341
0.0468249	trans	0.0468249
-0.0535237	trans	0.0535237
-0.0484495	trans	0.0484495
0.0422721	trans	0.0422721
0.116008	trans	0.116008
0.0440355	trans	0.0440355
0.114999	trans	0.114999
0.105061	trans	0.105061
-0.0721649	trans	0.0721649
0.0410997	trans	0.0410997
0.0410877	trans	0.0410877
0.349089	trans	0.349089
0.0697735	trans	0.0697735
0.0737469	trans	0.0737469
-0.0431308	trans	0.0431308
0.0734167	trans	0.0734167
-0.0656936	trans	0.0656936
0.0484162	trans	0.0484162
-0.216465	trans	0.216465
-0.0477114	trans	0.0477114
0.0483534	trans	0.0483534
-0.0492918	trans	0.0492918
-0.114748	trans	0.114748
0.0467514	trans	0.0467514
-0.0619007	trans	0.0619007
-0.0682268	trans	0.0682268
0.0754652	trans	0.0754652
0.0470038	trans	0.0470038
0.109054	trans	0.109054
0.043897	trans	0.043897
0.0680377	trans	0.0680377
-0.114027	trans	0.114027
-0.069707	trans	0.069707
0.0553873	trans	0.0553873
0.562852	trans	0.562852
0.0415866	trans	0.0415866
0.0598109	trans	0.0598109
-0.0697925	trans	0.0697925
0.072279	trans	0.072279
0.0755076	trans	0.0755076
0.0608178	trans	0.0608178
0.108694	trans	0.108694
-0.833066	trans	0.833066
-0.0452241	trans	0.0452241
0.0506975	trans	0.0506975
0.0397872	trans	0.0397872
0.0510303	trans	0.0510303
0.422541	trans	0.422541
-0.0670169	trans	0.0670169
0.0557904	trans	0.0557904
0.0505684	trans	0.0505684
0.0400771	trans	0.0400771
-0.0943292	trans	0.0943292
-0.0559226	trans	0.0559226
0.0692997	trans	0.0692997
-0.0582261	trans	0.0582261
-0.0399363	trans	0.0399363
0.0492276	trans	0.0492276
0.0458243	trans	0.0458243
-0.15203	trans	0.15203
-0.100691	trans	0.100691
-0.0571254	trans	0.0571254
-0.0579551	trans	0.0579551
-0.0446922	trans	0.0446922
-0.049201	trans	0.049201
0.0488619	trans	0.0488619
-0.0604256	trans	0.0604256
0.0435378	trans	0.0435378
0.0456308	trans	0.0456308
-0.0440199	trans	0.0440199
-0.0600075	trans	0.0600075
-0.137654	trans	0.137654
-0.0856721	trans	0.0856721
-0.0502763	trans	0.0502763
-0.0624052	trans	0.0624052
0.0778469	trans	0.0778469
-0.0492876	trans	0.0492876
0.0416278	trans	0.0416278
0.0543716	trans	0.0543716
-0.0454668	trans	0.0454668
-0.0693611	trans	0.0693611
-0.0437496	trans	0.0437496
-0.0467878	trans	0.0467878
-0.0416603	trans	0.0416603
0.0946462	trans	0.0946462
-0.0616055	trans	0.0616055
-0.0519886	trans	0.0519886
-0.0531936	trans	0.0531936
-0.159741	trans	0.159741
-0.0405343	trans	0.0405343
-0.0811368	trans	0.0811368
-0.0471028	trans	0.0471028
0.0448031	trans	0.0448031
-0.193351	trans	0.193351
0.153765	trans	0.153765
-0.053029	trans	0.053029
-0.0535763	trans	0.0535763
-0.0452134	trans	0.0452134
0.0808546	trans	0.0808546
-0.118858	trans	0.118858
0.0963603	trans	0.0963603
0.0412051	trans	0.0412051
0.187825	trans	0.187825
0.0576726	trans	0.0576726
-0.0702582	trans	0.0702582
-0.0481463	trans	0.0481463
-0.125619	trans	0.125619
0.0414135	trans	0.0414135
-0.0899764	trans	0.0899764
-0.0498228	trans	0.0498228
-0.0718554	trans	0.0718554
-0.0564612	trans	0.0564612
-0.0786576	trans	0.0786576
-0.0547007	trans	0.0547007
0.0640365	trans	0.0640365
0.133131	trans	0.133131
-0.0880876	trans	0.0880876
-0.0708111	trans	0.0708111
0.0564996	trans	0.0564996
-0.0558625	trans	0.0558625
0.0612446	trans	0.0612446
-0.060095	trans	0.060095
0.406168	trans	0.406168
-0.0494878	trans	0.0494878
0.0433436	trans	0.0433436
-0.0716415	trans	0.0716415
0.051064	trans	0.051064
-0.0676315	trans	0.0676315
-0.0518088	trans	0.0518088
-0.042111	trans	0.042111
-0.0957477	trans	0.0957477
0.0560002	trans	0.0560002
-0.819229	trans	0.819229
-0.70537	trans	0.70537
0.0583727	trans	0.0583727
-0.064185	trans	0.064185
0.093376	trans	0.093376
-0.0463055	trans	0.0463055
0.0463363	trans	0.0463363
-0.125394	trans	0.125394
0.0641788	trans	0.0641788
-0.0449029	trans	0.0449029
-0.0473923	trans	0.0473923
-0.0796706	trans	0.0796706
-0.0525251	trans	0.0525251
0.162467	trans	0.162467
-0.054556	trans	0.054556
0.081759	trans	0.081759
0.0665714	trans	0.0665714
0.0490171	trans	0.0490171
0.0585659	trans	0.0585659
-0.0522954	trans	0.0522954
-0.121641	trans	0.121641
-0.0533501	trans	0.0533501
0.0427622	trans	0.0427622
0.0511721	trans	0.0511721
-0.0770583	trans	0.0770583
0.0726695	trans	0.0726695
0.0516661	trans	0.0516661
-0.0555842	trans	0.0555842
-0.0565948	trans	0.0565948
0.0591604	trans	0.0591604
0.0893934	trans	0.0893934
0.0502824	trans	0.0502824
-0.0532066	trans	0.0532066
-0.0688908	trans	0.0688908
0.0764816	trans	0.0764816
0.047488	trans	0.047488
0.319325	trans	0.319325
0.226754	trans	0.226754
0.093591	trans	0.093591
-0.065379	trans	0.065379
-0.105091	trans	0.105091
-0.046858	trans	0.046858
0.102368	trans	0.102368
-0.100002	trans	0.100002
0.0533086	trans	0.0533086
0.0477544	trans	0.0477544
0.0634235	trans	0.0634235
0.666238	trans	0.666238
0.082549	trans	0.082549
0.0416669	trans	0.0416669
-0.0738755	trans	0.0738755
0.0754276	trans	0.0754276
0.0604384	trans	0.0604384
0.052771	trans	0.052771
0.0657201	trans	0.0657201
0.0456449	trans	0.0456449
-0.0447184	trans	0.0447184
-0.0861393	trans	0.0861393
-0.0509853	trans	0.0509853
-0.0515157	trans	0.0515157
-0.0768496	trans	0.0768496
0.0596239	trans	0.0596239
-0.0574075	trans	0.0574075
-0.174825	trans	0.174825
-0.0446562	trans	0.0446562
-0.449217	trans	0.449217
-0.468225	trans	0.468225
-0.118433	trans	0.118433
0.08336	trans	0.08336
-0.0611457	trans	0.0611457
-0.103514	trans	0.103514
0.0570644	trans	0.0570644
-0.0571048	trans	0.0571048
-0.042203	trans	0.042203
-0.0841441	trans	0.0841441
0.108045	trans	0.108045
-0.0455649	trans	0.0455649
0.0567825	trans	0.0567825
0.180925	trans	0.180925
0.0543142	trans	0.0543142
-0.0760526	trans	0.0760526
-0.0748944	trans	0.0748944
-0.0468703	trans	0.0468703
0.0686673	trans	0.0686673
-0.0653383	trans	0.0653383
-0.0535162	trans	0.0535162
0.0908841	trans	0.0908841
0.0822411	trans	0.0822411
-0.0447794	trans	0.0447794
-0.0526242	trans	0.0526242
-0.0425172	trans	0.0425172
0.136264	trans	0.136264
-0.0538926	trans	0.0538926
0.0654399	trans	0.0654399
0.0464221	trans	0.0464221
0.0576246	trans	0.0576246
-0.0968812	trans	0.0968812
0.187869	trans	0.187869
-0.066881	trans	0.066881
0.538866	trans	0.538866
-0.0449892	trans	0.0449892
-0.0444109	trans	0.0444109
0.0852822	trans	0.0852822
0.0455289	trans	0.0455289
-0.0561255	trans	0.0561255
-0.0525602	trans	0.0525602
0.0483665	trans	0.0483665
0.0441649	trans	0.0441649
-0.0593311	trans	0.0593311
0.0866831	trans	0.0866831
0.555941	trans	0.555941
-0.151983	trans	0.151983
0.189374	trans	0.189374
-0.0730896	trans	0.0730896
-0.065687	trans	0.065687
-0.0786071	trans	0.0786071
0.0842311	trans	0.0842311
0.0786638	trans	0.0786638
0.0410688	trans	0.0410688
-0.0382666	trans	0.0382666
-0.973964	trans	0.973964
-0.0672703	trans	0.0672703
0.315464	trans	0.315464
0.0430537	trans	0.0430537
-0.0565864	trans	0.0565864
0.611716	trans	0.611716
0.216366	trans	0.216366
-0.0422723	trans	0.0422723
0.0384456	trans	0.0384456
0.0492708	trans	0.0492708
-0.0466009	trans	0.0466009
0.060657	trans	0.060657
0.117659	trans	0.117659
0.0500162	trans	0.0500162
0.0380192	trans	0.0380192
0.0840519	trans	0.0840519
-0.0397424	trans	0.0397424
0.0772696	trans	0.0772696
0.0507918	trans	0.0507918
0.0761563	trans	0.0761563
-0.108432	trans	0.108432
0.313254	trans	0.313254
0.663698	trans	0.663698
-0.066483	trans	0.066483
-0.0422858	trans	0.0422858
-0.0654488	trans	0.0654488
0.144054	trans	0.144054
-0.0439735	trans	0.0439735
-0.0458922	trans	0.0458922
-0.0390214	trans	0.0390214
-0.0605094	trans	0.0605094
0.0637385	trans	0.0637385
-0.0471481	trans	0.0471481
0.0482301	trans	0.0482301
0.0472743	trans	0.0472743
0.0863518	trans	0.0863518
0.0929022	trans	0.0929022
0.0424539	trans	0.0424539
-0.0873306	trans	0.0873306
-0.880113	trans	0.880113
-0.633884	trans	0.633884
-0.658941	trans	0.658941
-0.716413	trans	0.716413
-0.522734	trans	0.522734
0.042676	trans	0.042676
-0.0468696	trans	0.0468696
0.103856	trans	0.103856
0.0581478	trans	0.0581478
0.0507492	trans	0.0507492
0.371824	trans	0.371824
-0.107859	trans	0.107859
-0.222237	trans	0.222237
0.069699	trans	0.069699
0.0512174	trans	0.0512174
-0.0423158	trans	0.0423158
0.0929837	trans	0.0929837
0.132161	trans	0.132161
0.0516546	trans	0.0516546
-0.0423506	trans	0.0423506
0.0408337	trans	0.0408337
-0.0547534	trans	0.0547534
-0.0747249	trans	0.0747249
-0.0723031	trans	0.0723031
-0.0608695	trans	0.0608695
0.046137	trans	0.046137
-0.0619611	trans	0.0619611
-0.182659	trans	0.182659
0.063078	trans	0.063078
-0.0657326	trans	0.0657326
-0.0446766	trans	0.0446766
-0.298454	trans	0.298454
0.180858	trans	0.180858
0.0689816	trans	0.0689816
0.434309	trans	0.434309
0.1088	trans	0.1088
0.298877	trans	0.298877
0.0468701	trans	0.0468701
-0.877477	trans	0.877477
0.0948885	trans	0.0948885
-0.096781	trans	0.096781
-0.0456135	trans	0.0456135
-0.0421491	trans	0.0421491
-0.217799	trans	0.217799
0.320776	trans	0.320776
-0.100465	trans	0.100465
0.0468723	trans	0.0468723
-0.938307	trans	0.938307
-0.731894	trans	0.731894
0.0443675	trans	0.0443675
0.0508929	trans	0.0508929
0.043189	trans	0.043189
-0.24857	trans	0.24857
-0.0563349	trans	0.0563349
0.43692	trans	0.43692
-0.0465953	trans	0.0465953
0.0463314	trans	0.0463314
0.096237	trans	0.096237
-0.0543658	trans	0.0543658
0.0463645	trans	0.0463645
0.0568951	trans	0.0568951
0.0666536	trans	0.0666536
-0.0937746	trans	0.0937746
0.0569908	trans	0.0569908
0.0922657	trans	0.0922657
-0.0698252	trans	0.0698252
-0.0474621	trans	0.0474621
0.0520524	trans	0.0520524
-0.181946	trans	0.181946
0.0688687	trans	0.0688687
0.0929491	trans	0.0929491
0.0416536	trans	0.0416536
0.0521856	trans	0.0521856
-0.0586843	trans	0.0586843
-0.0723593	trans	0.0723593
-0.0755209	trans	0.0755209
-0.0637022	trans	0.0637022
0.229605	trans	0.229605
0.162074	trans	0.162074
0.0582697	trans	0.0582697
-0.116959	trans	0.116959
0.0707353	trans	0.0707353
0.192548	trans	0.192548
-0.0493795	trans	0.0493795
0.679096	trans	0.679096
0.542146	trans	0.542146
0.0506355	trans	0.0506355
-0.0529202	trans	0.0529202
0.0517749	trans	0.0517749
0.159471	trans	0.159471
-0.0549636	trans	0.0549636
0.103707	trans	0.103707
-0.0787433	trans	0.0787433
-0.0580281	trans	0.0580281
-0.0405387	trans	0.0405387
0.0574926	trans	0.0574926
0.23624	trans	0.23624
-0.0553977	trans	0.0553977
-0.0749674	trans	0.0749674
-0.210391	trans	0.210391
0.121776	trans	0.121776
0.0847742	trans	0.0847742
-0.0460642	trans	0.0460642
-0.0723087	trans	0.0723087
-0.0615371	trans	0.0615371
0.0608091	trans	0.0608091
-0.0649183	trans	0.0649183
0.055611	trans	0.055611
-0.0396264	trans	0.0396264
-0.0750731	trans	0.0750731
-0.0612134	trans	0.0612134
0.0350272	trans	0.0350272
0.04613	trans	0.04613
-0.042015	trans	0.042015
0.0611078	trans	0.0611078
0.0341404	trans	0.0341404
0.0361726	trans	0.0361726
0.0518526	trans	0.0518526
-0.0401706	trans	0.0401706
0.0337516	trans	0.0337516
0.045909	trans	0.045909
-0.091277	trans	0.091277
-0.0523847	trans	0.0523847
-0.042252	trans	0.042252
-0.0666847	trans	0.0666847
-0.0435436	trans	0.0435436
-0.0503233	trans	0.0503233
-0.041309	trans	0.041309
-0.0913481	trans	0.0913481
0.0358013	trans	0.0358013
0.0909044	trans	0.0909044
0.0541824	trans	0.0541824
-0.0565788	trans	0.0565788
0.0572282	trans	0.0572282
0.0566519	trans	0.0566519
0.134991	trans	0.134991
-0.0734217	trans	0.0734217
-0.050763	trans	0.050763
0.0583799	trans	0.0583799
0.0428469	trans	0.0428469
-0.0443602	trans	0.0443602
-0.0702002	trans	0.0702002
-0.0444608	trans	0.0444608
0.0585398	trans	0.0585398
0.112503	trans	0.112503
-0.0890067	trans	0.0890067
0.0486641	trans	0.0486641
0.15973	trans	0.15973
0.173722	trans	0.173722
-0.0860414	trans	0.0860414
0.0484431	trans	0.0484431
0.0572746	trans	0.0572746
-0.0419991	trans	0.0419991
0.0655454	trans	0.0655454
0.13214	trans	0.13214
0.162537	trans	0.162537
0.0851458	trans	0.0851458
0.44247	trans	0.44247
-0.0500871	trans	0.0500871
-0.0402794	trans	0.0402794
0.0428008	trans	0.0428008
0.0482378	trans	0.0482378
-0.0747125	trans	0.0747125
0.0474878	trans	0.0474878
0.0556689	trans	0.0556689
0.0493594	trans	0.0493594
0.0460584	trans	0.0460584
-0.0484524	trans	0.0484524
-0.0561497	trans	0.0561497
0.0426006	trans	0.0426006
0.0431407	trans	0.0431407
0.0546785	trans	0.0546785
0.0989683	trans	0.0989683
-0.0611226	trans	0.0611226
0.0583646	trans	0.0583646
0.0481807	trans	0.0481807
-0.0822454	trans	0.0822454
0.133036	trans	0.133036
-0.0469713	trans	0.0469713
0.0480652	trans	0.0480652
-0.0668748	trans	0.0668748
-0.0848938	trans	0.0848938
-0.0601141	trans	0.0601141
-0.126314	trans	0.126314
0.0454927	trans	0.0454927
-0.107054	trans	0.107054
-0.0476897	trans	0.0476897
0.055081	trans	0.055081
-0.102749	trans	0.102749
-0.0454949	trans	0.0454949
0.100629	trans	0.100629
-0.310424	trans	0.310424
-0.0486267	trans	0.0486267
-0.043901	trans	0.043901
0.062876	trans	0.062876
0.0460643	trans	0.0460643
-0.059045	trans	0.059045
-0.0588129	trans	0.0588129
-0.0607397	trans	0.0607397
-0.089021	trans	0.089021
-0.0640182	trans	0.0640182
-0.117281	trans	0.117281
-0.0491475	trans	0.0491475
0.141887	trans	0.141887
0.055101	trans	0.055101
-0.0864297	trans	0.0864297
0.0580785	trans	0.0580785
-0.15157	trans	0.15157
-0.0568183	trans	0.0568183
0.0447645	trans	0.0447645
0.134132	trans	0.134132
-0.146052	trans	0.146052
0.0444943	trans	0.0444943
0.0408562	trans	0.0408562
0.0756171	trans	0.0756171
-0.0431326	trans	0.0431326
0.0565324	trans	0.0565324
0.131774	trans	0.131774
0.0636168	trans	0.0636168
0.0624291	trans	0.0624291
0.0868502	trans	0.0868502
0.149138	trans	0.149138
0.0711309	trans	0.0711309
0.0829408	trans	0.0829408
-0.0446333	trans	0.0446333
-0.0631377	trans	0.0631377
-0.0653811	trans	0.0653811
-0.0405537	trans	0.0405537
-0.0468771	trans	0.0468771
-0.0533949	trans	0.0533949
-0.0515299	trans	0.0515299
0.0479233	trans	0.0479233
-0.117957	trans	0.117957
-0.0567005	trans	0.0567005
0.0542481	trans	0.0542481
-0.128259	trans	0.128259
0.0884016	trans	0.0884016
0.0490145	trans	0.0490145
-0.0448414	trans	0.0448414
0.0527114	trans	0.0527114
-0.0515625	trans	0.0515625
0.0625158	trans	0.0625158
0.0936573	trans	0.0936573
0.134728	trans	0.134728
0.0640543	trans	0.0640543
0.157981	trans	0.157981
-0.0394463	trans	0.0394463
0.0637846	trans	0.0637846
-0.0830108	trans	0.0830108
-0.0555393	trans	0.0555393
0.0792323	trans	0.0792323
-0.0415392	trans	0.0415392
0.0500185	trans	0.0500185
0.0585592	trans	0.0585592
0.091285	trans	0.091285
0.0396769	trans	0.0396769
-0.0964738	trans	0.0964738
-0.0982608	trans	0.0982608
0.0858631	trans	0.0858631
-0.0879129	trans	0.0879129
0.182829	trans	0.182829
0.19083	trans	0.19083
0.221146	trans	0.221146
-0.0474608	trans	0.0474608
-0.173779	trans	0.173779
-0.259712	trans	0.259712
0.156594	trans	0.156594
-0.050357	trans	0.050357
0.0620405	trans	0.0620405
-0.0428605	trans	0.0428605
-0.0510263	trans	0.0510263
0.0494411	trans	0.0494411
0.0752143	trans	0.0752143
-0.112635	trans	0.112635
-0.0449757	trans	0.0449757
-0.113628	trans	0.113628
-0.987349	trans	0.987349
0.131913	trans	0.131913
0.129586	trans	0.129586
0.0519349	trans	0.0519349
0.0493234	trans	0.0493234
-0.779816	trans	0.779816
-0.781857	trans	0.781857
0.0873307	trans	0.0873307
0.0480634	trans	0.0480634
0.0507137	trans	0.0507137
0.171071	trans	0.171071
-0.0894883	trans	0.0894883
0.0848368	trans	0.0848368
0.0613636	trans	0.0613636
0.0639406	trans	0.0639406
0.0522816	trans	0.0522816
-0.0664542	trans	0.0664542
-0.143641	trans	0.143641
0.145956	trans	0.145956
-0.0389456	trans	0.0389456
0.264294	trans	0.264294
0.223388	trans	0.223388
0.0478254	trans	0.0478254
-0.0621536	trans	0.0621536
0.0433845	trans	0.0433845
0.0533007	trans	0.0533007
0.0379745	trans	0.0379745
0.0557272	trans	0.0557272
1.10817	trans	1.10817
0.062613	trans	0.062613
-0.0566395	trans	0.0566395
-0.0494152	trans	0.0494152
-0.0754425	trans	0.0754425
-0.0626984	trans	0.0626984
-0.134724	trans	0.134724
-0.621789	trans	0.621789
-0.0543544	trans	0.0543544
-0.0623983	trans	0.0623983
0.403646	trans	0.403646
0.0605805	trans	0.0605805
0.100659	trans	0.100659
0.329996	trans	0.329996
-0.0344378	trans	0.0344378
-0.0611095	trans	0.0611095
0.0494528	trans	0.0494528
0.0561931	trans	0.0561931
0.0554611	trans	0.0554611
1.17822	trans	1.17822
0.36624	trans	0.36624
-0.0675449	trans	0.0675449
-0.0482035	trans	0.0482035
-0.054422	trans	0.054422
0.0474714	trans	0.0474714
-0.086328	trans	0.086328
-0.172667	trans	0.172667
-0.0671348	trans	0.0671348
-0.0495937	trans	0.0495937
-0.0701847	trans	0.0701847
-0.0438115	trans	0.0438115
0.0544196	trans	0.0544196
-0.0848706	trans	0.0848706
-0.0811318	trans	0.0811318
-0.255529	trans	0.255529
-0.555067	trans	0.555067
0.651656	trans	0.651656
0.0973253	trans	0.0973253
0.0441395	trans	0.0441395
0.040739	trans	0.040739
0.0633252	trans	0.0633252
0.0496295	trans	0.0496295
0.0440224	trans	0.0440224
-0.0600228	trans	0.0600228
0.0513009	trans	0.0513009
-0.10198	trans	0.10198
0.0539842	trans	0.0539842
0.492818	trans	0.492818
-0.0561609	trans	0.0561609
0.438764	trans	0.438764
-0.0504653	trans	0.0504653
-0.108438	trans	0.108438
-0.0526663	trans	0.0526663
0.0430815	trans	0.0430815
-0.0501204	trans	0.0501204
-0.0413633	trans	0.0413633
-0.0472753	trans	0.0472753
-0.0654894	trans	0.0654894
-0.113376	trans	0.113376
-0.227176	trans	0.227176
-0.0637213	trans	0.0637213
-0.0545125	trans	0.0545125
0.0656759	trans	0.0656759
0.129902	trans	0.129902
-0.101088	trans	0.101088
-0.0444659	trans	0.0444659
0.0608176	trans	0.0608176
-0.0557898	trans	0.0557898
0.320122	trans	0.320122
-0.0468192	trans	0.0468192
0.0477153	trans	0.0477153
-0.0449945	trans	0.0449945
0.0466738	trans	0.0466738
0.0451568	trans	0.0451568
0.0488242	trans	0.0488242
0.100165	trans	0.100165
0.247471	trans	0.247471
-0.0446033	trans	0.0446033
0.0407155	trans	0.0407155
-0.0349944	trans	0.0349944
-0.103138	trans	0.103138
-0.0420228	trans	0.0420228
0.0596784	trans	0.0596784
-0.0361429	trans	0.0361429
0.062792	trans	0.062792
0.684273	trans	0.684273
-0.10413	trans	0.10413
0.0691108	trans	0.0691108
-0.0328613	trans	0.0328613
-0.0396552	trans	0.0396552
0.0336735	trans	0.0336735
0.0360573	trans	0.0360573
-0.19602	trans	0.19602
-0.0604335	trans	0.0604335
-0.0417676	trans	0.0417676
1.00356	trans	1.00356
1.66247	trans	1.66247
1.11487	trans	1.11487
1.11735	trans	1.11735
0.0351685	trans	0.0351685
0.0348208	trans	0.0348208
-0.044623	trans	0.044623
0.0367352	trans	0.0367352
-0.210465	trans	0.210465
0.828601	trans	0.828601
0.0947074	trans	0.0947074
-0.054017	trans	0.054017
0.0522364	trans	0.0522364
-0.0505776	trans	0.0505776
0.0487453	trans	0.0487453
-0.0600221	trans	0.0600221
-0.0825297	trans	0.0825297
0.0464394	trans	0.0464394
0.0474249	trans	0.0474249
0.0536824	trans	0.0536824
0.0427588	trans	0.0427588
-0.0487405	trans	0.0487405
-0.0445431	trans	0.0445431
-0.0934596	trans	0.0934596
-0.0504712	trans	0.0504712
-0.151706	trans	0.151706
-0.0460086	trans	0.0460086
0.0652264	trans	0.0652264
-0.0469814	trans	0.0469814
-0.057164	trans	0.057164
-0.0487985	trans	0.0487985
-0.0478787	trans	0.0478787
0.0649399	trans	0.0649399
-0.0659502	trans	0.0659502
0.0462941	trans	0.0462941
0.114284	trans	0.114284
-0.0672644	trans	0.0672644
0.09413	trans	0.09413
-0.0394819	trans	0.0394819
0.195812	trans	0.195812
-0.129806	trans	0.129806
-0.0593532	trans	0.0593532
0.0616332	trans	0.0616332
0.106011	trans	0.106011
0.155832	trans	0.155832
0.0424642	trans	0.0424642
0.0625398	trans	0.0625398
0.206431	trans	0.206431
0.0477934	trans	0.0477934
0.0435508	trans	0.0435508
-0.0461473	trans	0.0461473
-0.0562626	trans	0.0562626
0.0521432	trans	0.0521432
-0.0392448	trans	0.0392448
-0.0669643	trans	0.0669643
0.0429399	trans	0.0429399
-0.213579	trans	0.213579
0.0433454	trans	0.0433454
0.131263	trans	0.131263
-0.0614719	trans	0.0614719
0.0713265	trans	0.0713265
0.0960822	trans	0.0960822
-0.0697216	trans	0.0697216
-0.0511902	trans	0.0511902
-0.144671	trans	0.144671
0.089578	trans	0.089578
-0.0454512	trans	0.0454512
0.101166	trans	0.101166
-0.0613783	trans	0.0613783
0.0704266	trans	0.0704266
-0.0830768	trans	0.0830768
0.0386758	trans	0.0386758
0.053753	trans	0.053753
-0.111347	trans	0.111347
-0.0480011	trans	0.0480011
0.780978	trans	0.780978
0.43249	trans	0.43249
-0.0566951	trans	0.0566951
0.0558415	trans	0.0558415
0.107073	trans	0.107073
-0.40063	trans	0.40063
0.0477321	trans	0.0477321
0.0928007	trans	0.0928007
0.0446278	trans	0.0446278
-0.0614263	trans	0.0614263
-0.0417113	trans	0.0417113
-0.0721729	trans	0.0721729
-0.0412063	trans	0.0412063
0.0871197	trans	0.0871197
-0.0673089	trans	0.0673089
1.26035	trans	1.26035
0.09265	trans	0.09265
0.094022	trans	0.094022
-0.0340929	trans	0.0340929
-0.0562943	trans	0.0562943
0.178266	trans	0.178266
0.400681	trans	0.400681
-0.148558	trans	0.148558
0.139112	trans	0.139112
-0.0615823	trans	0.0615823
-0.097006	trans	0.097006
0.141276	trans	0.141276
-0.118616	trans	0.118616
0.0533148	trans	0.0533148
-0.0408991	trans	0.0408991
-0.116258	trans	0.116258
0.0560564	trans	0.0560564
0.229942	trans	0.229942
-0.424621	trans	0.424621
0.115975	trans	0.115975
0.0456991	trans	0.0456991
-0.0390928	trans	0.0390928
0.109227	trans	0.109227
-0.0759966	trans	0.0759966
-0.0410155	trans	0.0410155
-0.0472288	trans	0.0472288
-0.0512063	trans	0.0512063
0.0448377	trans	0.0448377
0.0497394	trans	0.0497394
0.0407003	trans	0.0407003
-0.107592	trans	0.107592
-0.0714133	trans	0.0714133
-0.0631852	trans	0.0631852
0.496032	trans	0.496032
-0.0476381	trans	0.0476381
-0.113018	trans	0.113018
-0.0691721	trans	0.0691721
0.394351	trans	0.394351
0.0455912	trans	0.0455912
-0.114145	trans	0.114145
0.149954	trans	0.149954
-0.0553369	trans	0.0553369
-0.0488402	trans	0.0488402
0.0542505	trans	0.0542505
0.044997	trans	0.044997
0.0422336	trans	0.0422336
-0.0901769	trans	0.0901769
-0.0557585	trans	0.0557585
-0.068394	trans	0.068394
0.950692	trans	0.950692
-0.0391361	trans	0.0391361
-0.0749807	trans	0.0749807
-0.0686993	trans	0.0686993
-0.0364416	trans	0.0364416
0.0418635	trans	0.0418635
0.087547	trans	0.087547
0.0518995	trans	0.0518995
-0.0380034	trans	0.0380034
0.0949705	trans	0.0949705
0.0574489	trans	0.0574489
0.143637	trans	0.143637
0.0654165	trans	0.0654165
0.0675072	trans	0.0675072
-0.0458334	trans	0.0458334
-0.165384	trans	0.165384
0.0982872	trans	0.0982872
0.0730991	trans	0.0730991
-0.0440417	trans	0.0440417
0.0646787	trans	0.0646787
-0.0661333	trans	0.0661333
-0.06622	trans	0.06622
0.0662223	trans	0.0662223
0.397565	trans	0.397565
-0.0392871	trans	0.0392871
0.276778	trans	0.276778
-0.20979	trans	0.20979
0.576476	trans	0.576476
-0.482029	trans	0.482029
-0.87223	trans	0.87223
-0.729906	trans	0.729906
-0.690705	trans	0.690705
-0.869847	trans	0.869847
0.335758	trans	0.335758
0.454465	trans	0.454465
-0.779046	trans	0.779046
0.48046	trans	0.48046
0.562943	trans	0.562943
0.583468	trans	0.583468
0.800751	trans	0.800751
-0.509996	trans	0.509996
-0.370256	trans	0.370256
-0.520808	trans	0.520808
-0.849559	trans	0.849559
0.533525	trans	0.533525
-0.662837	trans	0.662837
0.582674	trans	0.582674
-0.523017	trans	0.523017
-0.734121	trans	0.734121
-0.62479	trans	0.62479
-0.744463	trans	0.744463
0.346767	trans	0.346767
-0.635556	trans	0.635556
-0.750733	trans	0.750733
-0.270256	trans	0.270256
-0.371549	trans	0.371549
-0.873386	trans	0.873386
1.07572	trans	1.07572
0.875948	trans	0.875948
0.549111	trans	0.549111
-0.635057	trans	0.635057
-0.666116	trans	0.666116
-0.350373	trans	0.350373
0.298816	trans	0.298816
-0.0609959	trans	0.0609959
-0.544406	trans	0.544406
-0.41446	trans	0.41446
-0.790826	trans	0.790826
-0.429558	trans	0.429558
0.382373	trans	0.382373
-0.883582	trans	0.883582
-0.812737	trans	0.812737
0.688724	trans	0.688724
-0.770705	trans	0.770705
-0.391963	trans	0.391963
0.768651	trans	0.768651
-0.626865	trans	0.626865
-0.809556	trans	0.809556
-0.847481	trans	0.847481
-0.548601	trans	0.548601
-0.577898	trans	0.577898
-0.607433	trans	0.607433
-0.351353	trans	0.351353
0.554751	trans	0.554751
0.636284	trans	0.636284
-0.310199	trans	0.310199
0.441586	trans	0.441586
-0.282759	trans	0.282759
-0.0472698	trans	0.0472698
0.558188	trans	0.558188
-0.678987	trans	0.678987
-0.807554	trans	0.807554
-0.450426	trans	0.450426
-0.454541	trans	0.454541
-0.769216	trans	0.769216
0.73262	trans	0.73262
-0.48038	trans	0.48038
-0.661821	trans	0.661821
-0.556463	trans	0.556463
-0.760792	trans	0.760792
-0.0646044	trans	0.0646044
0.266522	trans	0.266522
-0.986708	trans	0.986708
-0.716146	trans	0.716146
-0.402224	trans	0.402224
-0.365555	trans	0.365555
0.607125	trans	0.607125
0.731567	trans	0.731567
-0.368957	trans	0.368957
-0.530807	trans	0.530807
0.460056	trans	0.460056
-0.227157	trans	0.227157
0.629446	trans	0.629446
0.611528	trans	0.611528
0.342863	trans	0.342863
0.351819	trans	0.351819
0.829858	trans	0.829858
-0.370468	trans	0.370468
0.91632	trans	0.91632
-0.432338	trans	0.432338
-0.609875	trans	0.609875
0.475895	trans	0.475895
-0.612165	trans	0.612165
-0.74872	trans	0.74872
-0.705647	trans	0.705647
0.873632	trans	0.873632
0.0726048	trans	0.0726048
-0.059054	trans	0.059054
0.671762	trans	0.671762
0.652739	trans	0.652739
-0.433498	trans	0.433498
-0.405842	trans	0.405842
0.64711	trans	0.64711
-0.553713	trans	0.553713
-0.800127	trans	0.800127
0.437387	trans	0.437387
-0.799653	trans	0.799653
-0.473763	trans	0.473763
0.380813	trans	0.380813
-0.701105	trans	0.701105
0.363318	trans	0.363318
0.522794	trans	0.522794
-0.518328	trans	0.518328
0.65264	trans	0.65264
-0.652418	trans	0.652418
-0.588309	trans	0.588309
-0.748876	trans	0.748876
-0.708524	trans	0.708524
0.257847	trans	0.257847
-0.920848	trans	0.920848
-0.927937	trans	0.927937
0.548658	trans	0.548658
0.336804	trans	0.336804
-0.785001	trans	0.785001
-0.262625	trans	0.262625
-0.383838	trans	0.383838
0.572316	trans	0.572316
0.534679	trans	0.534679
0.310971	trans	0.310971
-0.439006	trans	0.439006
-0.243834	trans	0.243834
0.563916	trans	0.563916
-0.391059	trans	0.391059
-0.87194	trans	0.87194
0.731264	trans	0.731264
-0.374393	trans	0.374393
0.214347	trans	0.214347
0.320311	trans	0.320311
0.884075	trans	0.884075
-0.882889	trans	0.882889
0.84459	trans	0.84459
0.600949	trans	0.600949
-0.843521	trans	0.843521
-0.879471	trans	0.879471
-0.730414	trans	0.730414
-0.553984	trans	0.553984
0.780896	trans	0.780896
-0.63012	trans	0.63012
-0.744105	trans	0.744105
0.689158	trans	0.689158
-0.660711	trans	0.660711
-0.52531	trans	0.52531
-0.840172	trans	0.840172
-0.764199	trans	0.764199
-0.396827	trans	0.396827
0.799642	trans	0.799642
-1.00748	trans	1.00748
-0.694337	trans	0.694337
-0.808238	trans	0.808238
0.55466	trans	0.55466
0.233467	trans	0.233467
-0.584352	trans	0.584352
0.665911	trans	0.665911
0.269413	trans	0.269413
-0.782109	trans	0.782109
-0.817808	trans	0.817808
-0.103205	trans	0.103205
0.743695	trans	0.743695
-0.717863	trans	0.717863
-0.340518	trans	0.340518
-0.654327	trans	0.654327
0.565858	trans	0.565858
-0.510733	trans	0.510733
-0.538037	trans	0.538037
0.774702	trans	0.774702
-0.85454	trans	0.85454
-0.61014	trans	0.61014
0.572237	trans	0.572237
-0.660643	trans	0.660643
0.660848	trans	0.660848
-0.915987	trans	0.915987
0.621874	trans	0.621874
-0.859848	trans	0.859848
-0.229947	trans	0.229947
-0.741508	trans	0.741508
0.795244	trans	0.795244
-0.438568	trans	0.438568
0.29774	trans	0.29774
-0.52515	trans	0.52515
0.357946	trans	0.357946
0.469657	trans	0.469657
0.809594	trans	0.809594
-0.392739	trans	0.392739
-0.761298	trans	0.761298
-0.754749	trans	0.754749
-0.513498	trans	0.513498
-0.736616	trans	0.736616
-0.836701	trans	0.836701
0.640258	trans	0.640258
-0.757954	trans	0.757954
-0.64128	trans	0.64128
-0.62207	trans	0.62207
-0.508297	trans	0.508297
0.578562	trans	0.578562
0.547411	trans	0.547411
0.653142	trans	0.653142
-0.557524	trans	0.557524
-0.500135	trans	0.500135
0.578247	trans	0.578247
-0.72343	trans	0.72343
-0.253582	trans	0.253582
0.7039	trans	0.7039
-0.37994	trans	0.37994
0.36254	trans	0.36254
0.299024	trans	0.299024
0.811929	trans	0.811929
0.40113	trans	0.40113
-0.523991	trans	0.523991
-0.469562	trans	0.469562
-0.477565	trans	0.477565
0.251204	trans	0.251204
0.256014	trans	0.256014
0.784826	trans	0.784826
0.711934	trans	0.711934
0.88582	trans	0.88582
-0.882164	trans	0.882164
-0.367844	trans	0.367844
-0.579396	trans	0.579396
-0.876594	trans	0.876594
0.839902	trans	0.839902
-0.643963	trans	0.643963
-0.603762	trans	0.603762
0.058206	trans	0.058206
-0.253274	trans	0.253274
0.718711	trans	0.718711
-0.765991	trans	0.765991
-0.336186	trans	0.336186
-0.523894	trans	0.523894
-0.436773	trans	0.436773
-0.479722	trans	0.479722
-0.0965102	trans	0.0965102
-0.39512	trans	0.39512
-0.814733	trans	0.814733
0.308671	trans	0.308671
-0.63868	trans	0.63868
-0.80088	trans	0.80088
-0.339501	trans	0.339501
-0.792674	trans	0.792674
0.568683	trans	0.568683
-0.664189	trans	0.664189
-0.330393	trans	0.330393
-0.561865	trans	0.561865
0.733966	trans	0.733966
0.614091	trans	0.614091
0.691816	trans	0.691816
-0.475785	trans	0.475785
0.505251	trans	0.505251
-0.567861	trans	0.567861
-0.571437	trans	0.571437
0.603082	trans	0.603082
-0.410551	trans	0.410551
-0.342316	trans	0.342316
-0.737797	trans	0.737797
-0.479801	trans	0.479801
-0.38989	trans	0.38989
-0.65249	trans	0.65249
-0.380696	trans	0.380696
-0.487473	trans	0.487473
-0.753208	trans	0.753208
-0.654858	trans	0.654858
0.266539	trans	0.266539
-0.558609	trans	0.558609
0.548478	trans	0.548478
-0.501739	trans	0.501739
-0.690646	trans	0.690646
0.897313	trans	0.897313
-0.688791	trans	0.688791
-0.375998	trans	0.375998
0.440335	trans	0.440335
0.0820636	trans	0.0820636
-0.452953	trans	0.452953
-0.5174	trans	0.5174
0.463597	trans	0.463597
-0.598418	trans	0.598418
-0.696465	trans	0.696465
0.616045	trans	0.616045
-0.28159	trans	0.28159
-0.492254	trans	0.492254
-0.352799	trans	0.352799
-0.808659	trans	0.808659
-0.231066	trans	0.231066
-0.26698	trans	0.26698
-0.0357627	trans	0.0357627
0.534466	trans	0.534466
0.30493	trans	0.30493
-0.338789	trans	0.338789
0.427787	trans	0.427787
-0.445406	trans	0.445406
0.467423	trans	0.467423
0.651864	trans	0.651864
0.464433	trans	0.464433
-0.640703	trans	0.640703
-0.375343	trans	0.375343
-0.838419	trans	0.838419
0.319535	trans	0.319535
-0.720246	trans	0.720246
0.872113	trans	0.872113
0.52491	trans	0.52491
-0.60392	trans	0.60392
-0.263797	trans	0.263797
0.734936	trans	0.734936
0.372456	trans	0.372456
0.807302	trans	0.807302
-0.495593	trans	0.495593
0.320167	trans	0.320167
-0.63004	trans	0.63004
0.454225	trans	0.454225
-0.910038	trans	0.910038
-0.603059	trans	0.603059
-0.494741	trans	0.494741
-0.694417	trans	0.694417
-0.502768	trans	0.502768
0.329156	trans	0.329156
0.316862	trans	0.316862
0.499423	trans	0.499423
-0.495959	trans	0.495959
-0.429702	trans	0.429702
-0.615508	trans	0.615508
0.442615	trans	0.442615
-0.715951	trans	0.715951
-0.834382	trans	0.834382
0.675847	trans	0.675847
0.430085	trans	0.430085
-0.322171	trans	0.322171
0.717774	trans	0.717774
-0.192263	trans	0.192263
-0.539224	trans	0.539224
-0.693948	trans	0.693948
-0.519785	trans	0.519785
-0.228368	trans	0.228368
0.459415	trans	0.459415
0.440816	trans	0.440816
0.605333	trans	0.605333
0.781438	trans	0.781438
0.4778	trans	0.4778
-0.796791	trans	0.796791
-0.566665	trans	0.566665
-0.590149	trans	0.590149
-0.459164	trans	0.459164
0.352001	trans	0.352001
-0.868534	trans	0.868534
-0.630264	trans	0.630264
-0.474373	trans	0.474373
0.522785	trans	0.522785
-0.358229	trans	0.358229
0.588606	trans	0.588606
-0.337682	trans	0.337682
-0.76927	trans	0.76927
-0.334005	trans	0.334005
-0.846482	trans	0.846482
-0.0359665	trans	0.0359665
-0.0340562	trans	0.0340562
0.63351	trans	0.63351
0.462083	trans	0.462083
-0.683026	trans	0.683026
-0.773399	trans	0.773399
-0.569776	trans	0.569776
-0.355942	trans	0.355942
-0.445681	trans	0.445681
0.337979	trans	0.337979
-0.378348	trans	0.378348
-0.466145	trans	0.466145
0.807164	trans	0.807164
-0.939025	trans	0.939025
0.249222	trans	0.249222
-0.819125	trans	0.819125
-0.260434	trans	0.260434
-0.878232	trans	0.878232
-0.317655	trans	0.317655
-0.529084	trans	0.529084
-0.793016	trans	0.793016
-0.900138	trans	0.900138
0.814637	trans	0.814637
0.966366	trans	0.966366
0.238172	trans	0.238172
-0.623019	trans	0.623019
-0.56855	trans	0.56855
-0.65245	trans	0.65245
-0.675828	trans	0.675828
-0.445669	trans	0.445669
-1.03232	trans	1.03232
0.780104	trans	0.780104
-0.545337	trans	0.545337
0.699711	trans	0.699711
-0.499458	trans	0.499458
0.310058	trans	0.310058
0.668658	trans	0.668658
-0.855325	trans	0.855325
-0.767929	trans	0.767929
0.912081	trans	0.912081
-0.38583	trans	0.38583
0.646917	trans	0.646917
-0.863354	trans	0.863354
-0.4254	trans	0.4254
0.768615	trans	0.768615
-0.759574	trans	0.759574
-0.574265	trans	0.574265
-0.880999	trans	0.880999
0.388592	trans	0.388592
-0.799843	trans	0.799843
-0.662792	trans	0.662792
-0.667618	trans	0.667618
0.326961	trans	0.326961
0.699373	trans	0.699373
0.424169	trans	0.424169
-0.331174	trans	0.331174
0.238019	trans	0.238019
0.677756	trans	0.677756
0.502162	trans	0.502162
0.457679	trans	0.457679
-0.504627	trans	0.504627
0.299619	trans	0.299619
-0.751416	trans	0.751416
-0.82078	trans	0.82078
-0.643537	trans	0.643537
0.614445	trans	0.614445
0.651034	trans	0.651034
0.271534	trans	0.271534
-0.843056	trans	0.843056
0.322866	trans	0.322866
-0.362216	trans	0.362216
-0.842153	trans	0.842153
-0.477212	trans	0.477212
0.813781	trans	0.813781
0.333051	trans	0.333051
1.50955	trans	1.50955
-0.36017	trans	0.36017
-0.489433	trans	0.489433
0.200636	trans	0.200636
0.346421	trans	0.346421
0.372863	trans	0.372863
0.41316	trans	0.41316
0.362519	trans	0.362519
0.843492	trans	0.843492
0.36398	trans	0.36398
-0.874193	trans	0.874193
0.69001	trans	0.69001
0.783641	trans	0.783641
-0.628358	trans	0.628358
-0.775814	trans	0.775814
-0.327079	trans	0.327079
0.399958	trans	0.399958
0.303994	trans	0.303994
0.742902	trans	0.742902
-0.462849	trans	0.462849
-0.698183	trans	0.698183
-0.460872	trans	0.460872
0.575106	trans	0.575106
-0.789768	trans	0.789768
0.919087	trans	0.919087
-0.491799	trans	0.491799
0.484998	trans	0.484998
0.720485	trans	0.720485
-0.370858	trans	0.370858
0.415582	trans	0.415582
0.607161	trans	0.607161
-0.644626	trans	0.644626
-0.725563	trans	0.725563
-1.06413	trans	1.06413
0.803721	trans	0.803721
-0.666604	trans	0.666604
-0.742607	trans	0.742607
-0.471154	trans	0.471154
-0.377337	trans	0.377337
-1.11746	trans	1.11746
-0.0419723	trans	0.0419723
-0.523519	trans	0.523519
0.594241	trans	0.594241
-1.15021	trans	1.15021
0.619007	trans	0.619007
0.798093	trans	0.798093
-0.409506	trans	0.409506
-0.589271	trans	0.589271
-0.861816	trans	0.861816
0.445894	trans	0.445894
-0.716611	trans	0.716611
-0.27319	trans	0.27319
0.308545	trans	0.308545
0.740785	trans	0.740785
0.741246	trans	0.741246
-0.474966	trans	0.474966
-0.523791	trans	0.523791
-0.492555	trans	0.492555
-0.807602	trans	0.807602
-0.55623	trans	0.55623
-0.395708	trans	0.395708
0.471446	trans	0.471446
0.836302	trans	0.836302
-0.39957	trans	0.39957
0.539472	trans	0.539472
0.850651	trans	0.850651
0.276279	trans	0.276279
-0.69702	trans	0.69702
0.413976	trans	0.413976
0.396425	trans	0.396425
-0.660759	trans	0.660759
-0.22041	trans	0.22041
-0.902126	trans	0.902126
-0.571041	trans	0.571041
-0.648026	trans	0.648026
0.0448502	trans	0.0448502
-0.692039	trans	0.692039
-0.738149	trans	0.738149
-0.504297	trans	0.504297
0.476114	trans	0.476114
0.458942	trans	0.458942
0.0766032	trans	0.0766032
0.489971	trans	0.489971
0.165056	trans	0.165056
0.0638158	trans	0.0638158
0.0317115	trans	0.0317115
0.070428	trans	0.070428
-0.025552	trans	0.025552
-0.0803574	trans	0.0803574
0.421329	trans	0.421329
0.022437	trans	0.022437
0.130282	trans	0.130282
0.0446773	trans	0.0446773
-0.0354967	trans	0.0354967
-0.0689639	trans	0.0689639
0.0487075	trans	0.0487075
-0.0370033	trans	0.0370033
-0.0422078	trans	0.0422078
-0.0477657	trans	0.0477657
-0.0806044	trans	0.0806044
0.28121	trans	0.28121
-0.044079	trans	0.044079
0.35996	trans	0.35996
-0.0484335	trans	0.0484335
0.0874507	trans	0.0874507
-0.0423489	trans	0.0423489
0.0402101	trans	0.0402101
0.0755818	trans	0.0755818
-0.0535925	trans	0.0535925
0.0585434	trans	0.0585434
0.0463641	trans	0.0463641
-0.0613496	trans	0.0613496
0.062221	trans	0.062221
0.0468338	trans	0.0468338
-0.044475	trans	0.044475
-0.0464931	trans	0.0464931
0.0421317	trans	0.0421317
0.0568726	trans	0.0568726
-0.096322	trans	0.096322
0.0601795	trans	0.0601795
-0.0508126	trans	0.0508126
-0.0766264	trans	0.0766264
-0.0781929	trans	0.0781929
-0.0867053	trans	0.0867053
-0.0501714	trans	0.0501714
0.0785274	trans	0.0785274
-0.0545315	trans	0.0545315
0.0664779	trans	0.0664779
-0.0967993	trans	0.0967993
-0.0532929	trans	0.0532929
-0.0730355	trans	0.0730355
-0.0466555	trans	0.0466555
-0.0544597	trans	0.0544597
-0.0510056	trans	0.0510056
-0.0526563	trans	0.0526563
-0.0703747	trans	0.0703747
0.0595345	trans	0.0595345
0.0902778	trans	0.0902778
-0.0462524	trans	0.0462524
0.0689292	trans	0.0689292
0.0525414	trans	0.0525414
-0.04426	trans	0.04426
-0.0576812	trans	0.0576812
0.0474563	trans	0.0474563
-0.0448884	trans	0.0448884
0.0482266	trans	0.0482266
0.0578576	trans	0.0578576
0.0467694	trans	0.0467694
0.0602218	trans	0.0602218
0.0488791	trans	0.0488791
-0.0662255	trans	0.0662255
0.0522634	trans	0.0522634
0.0592783	trans	0.0592783
-0.0544497	trans	0.0544497
-0.0443508	trans	0.0443508
0.768662	trans	0.768662
0.0751709	trans	0.0751709
0.0524512	trans	0.0524512
-0.0676444	trans	0.0676444
0.418824	trans	0.418824
0.0464682	trans	0.0464682
-0.554108	trans	0.554108
-0.0836204	trans	0.0836204
-0.0598641	trans	0.0598641
-0.0548982	trans	0.0548982
-0.136523	trans	0.136523
0.0531875	trans	0.0531875
-0.0955385	trans	0.0955385
0.0443527	trans	0.0443527
-0.0414942	trans	0.0414942
0.0427143	trans	0.0427143
-0.052734	trans	0.052734
0.0381457	trans	0.0381457
-0.0498936	trans	0.0498936
-0.0478812	trans	0.0478812
0.914341	trans	0.914341
0.093868	trans	0.093868
-0.0424734	trans	0.0424734
0.0545316	trans	0.0545316
0.0495454	trans	0.0495454
-0.0519326	trans	0.0519326
-0.0452524	trans	0.0452524
0.0495885	trans	0.0495885
0.0509238	trans	0.0509238
0.0451882	trans	0.0451882
-0.100617	trans	0.100617
0.455607	trans	0.455607
-0.101726	trans	0.101726
0.0648074	trans	0.0648074
0.0553057	trans	0.0553057
0.0992458	trans	0.0992458
0.0558781	trans	0.0558781
0.0426505	trans	0.0426505
0.0854587	trans	0.0854587
-0.181449	trans	0.181449
0.0593561	trans	0.0593561
0.0491104	trans	0.0491104
0.0589952	trans	0.0589952
0.056016	trans	0.056016
-0.046055	trans	0.046055
0.0510847	trans	0.0510847
-0.0706746	trans	0.0706746
0.0627263	trans	0.0627263
0.0993511	trans	0.0993511
0.332527	trans	0.332527
0.0522955	trans	0.0522955
-0.0418029	trans	0.0418029
-0.0950052	trans	0.0950052
-0.0561337	trans	0.0561337
0.0618994	trans	0.0618994
-0.0821399	trans	0.0821399
-0.0709607	trans	0.0709607
-0.042688	trans	0.042688
-0.0578735	trans	0.0578735
-0.0865352	trans	0.0865352
0.336467	trans	0.336467
0.052364	trans	0.052364
0.0485006	trans	0.0485006
0.0632345	trans	0.0632345
-0.0505404	trans	0.0505404
0.0714976	trans	0.0714976
-0.0400767	trans	0.0400767
0.0917812	trans	0.0917812
-0.0549645	trans	0.0549645
-0.120701	trans	0.120701
-0.076544	trans	0.076544
-0.166487	trans	0.166487
0.0732246	trans	0.0732246
-0.115997	trans	0.115997
-0.0604787	trans	0.0604787
-0.0842808	trans	0.0842808
-0.679371	trans	0.679371
0.0508821	trans	0.0508821
0.143851	trans	0.143851
0.0711703	trans	0.0711703
0.0891376	trans	0.0891376
-0.215378	trans	0.215378
-0.0491765	trans	0.0491765
-0.0535303	trans	0.0535303
-0.0460438	trans	0.0460438
0.0567603	trans	0.0567603
-0.0439095	trans	0.0439095
0.067416	trans	0.067416
0.0595135	trans	0.0595135
0.0469673	trans	0.0469673
-0.0616718	trans	0.0616718
-0.0807291	trans	0.0807291
0.0959517	trans	0.0959517
0.0445282	trans	0.0445282
0.105861	trans	0.105861
0.0525839	trans	0.0525839
0.0783215	trans	0.0783215
-0.0437289	trans	0.0437289
0.506926	trans	0.506926
0.0933494	trans	0.0933494
0.138199	trans	0.138199
0.0699913	trans	0.0699913
0.0994098	trans	0.0994098
0.0872471	trans	0.0872471
0.29648	trans	0.29648
-0.0624617	trans	0.0624617
-0.145853	trans	0.145853
0.0568421	trans	0.0568421
0.0422531	trans	0.0422531
0.044628	trans	0.044628
0.111396	trans	0.111396
0.0418452	trans	0.0418452
0.221194	trans	0.221194
0.041236	trans	0.041236
0.071272	trans	0.071272
0.140259	trans	0.140259
-0.0510914	trans	0.0510914
0.0551505	trans	0.0551505
0.0425936	trans	0.0425936
-0.0603343	trans	0.0603343
-0.0655747	trans	0.0655747
0.0428189	trans	0.0428189
-0.0587101	trans	0.0587101
-0.0453729	trans	0.0453729
0.044956	trans	0.044956
-0.0681454	trans	0.0681454
-0.0451382	trans	0.0451382
0.0492303	trans	0.0492303
-0.0605568	trans	0.0605568
-0.104523	trans	0.104523
0.049934	trans	0.049934
-0.0438286	trans	0.0438286
0.095586	trans	0.095586
-0.187399	trans	0.187399
0.0453739	trans	0.0453739
-0.215864	trans	0.215864
-0.0763682	trans	0.0763682
-0.18672	trans	0.18672
-0.0510716	trans	0.0510716
0.155548	trans	0.155548
-0.0558201	trans	0.0558201
-0.0571541	trans	0.0571541
0.264994	trans	0.264994
0.0523905	trans	0.0523905
0.0454324	trans	0.0454324
0.0805835	trans	0.0805835
-0.0772345	trans	0.0772345
-1.09342	trans	1.09342
-0.759979	trans	0.759979
0.191615	trans	0.191615
0.451332	trans	0.451332
0.0938863	trans	0.0938863
-0.0573485	trans	0.0573485
-0.0672533	trans	0.0672533
-0.0413208	trans	0.0413208
0.0725353	trans	0.0725353
-0.110766	trans	0.110766
0.0450877	trans	0.0450877
-0.0389461	trans	0.0389461
-0.0520541	trans	0.0520541
-0.112749	trans	0.112749
0.0445498	trans	0.0445498
-0.191522	trans	0.191522
-0.0446382	trans	0.0446382
-0.0473059	trans	0.0473059
-0.0398255	trans	0.0398255
0.0417591	trans	0.0417591
-0.0445091	trans	0.0445091
0.300876	trans	0.300876
-0.0913289	trans	0.0913289
-0.0661648	trans	0.0661648
0.0395148	trans	0.0395148
0.0504055	trans	0.0504055
0.088002	trans	0.088002
-0.0446078	trans	0.0446078
0.0644032	trans	0.0644032
0.0815195	trans	0.0815195
-0.113531	trans	0.113531
-0.0505926	trans	0.0505926
-0.0490045	trans	0.0490045
-0.342614	trans	0.342614
-0.187008	trans	0.187008
0.117323	trans	0.117323
0.0614958	trans	0.0614958
0.63809	trans	0.63809
0.368431	trans	0.368431
0.154126	trans	0.154126
0.138129	trans	0.138129
0.0534831	trans	0.0534831
0.0435499	trans	0.0435499
0.168804	trans	0.168804
-0.10055	trans	0.10055
0.0608083	trans	0.0608083
-0.0448357	trans	0.0448357
0.0609456	trans	0.0609456
0.0720021	trans	0.0720021
0.175116	trans	0.175116
0.0543072	trans	0.0543072
0.04876	trans	0.04876
-0.0352611	trans	0.0352611
-0.0360178	trans	0.0360178
0.0928509	trans	0.0928509
-0.0500667	trans	0.0500667
0.250759	trans	0.250759
-0.0967541	trans	0.0967541
-0.0708836	trans	0.0708836
0.0425211	trans	0.0425211
-0.0580524	trans	0.0580524
-0.454853	trans	0.454853
0.0473961	trans	0.0473961
0.0517124	trans	0.0517124
-0.0382586	trans	0.0382586
-0.0370722	trans	0.0370722
0.0375284	trans	0.0375284
0.0578629	trans	0.0578629
-0.118742	trans	0.118742
-0.0864872	trans	0.0864872
-0.0644756	trans	0.0644756
-0.061192	trans	0.061192
-0.0336204	trans	0.0336204
-0.0548373	trans	0.0548373
-0.410102	trans	0.410102
0.0401295	trans	0.0401295
0.124706	trans	0.124706
-0.0355185	trans	0.0355185
0.063364	trans	0.063364
0.816405	trans	0.816405
0.199756	trans	0.199756
0.159566	trans	0.159566
0.0405701	trans	0.0405701
0.0445698	trans	0.0445698
0.0499675	trans	0.0499675
0.195161	trans	0.195161
-0.0975423	trans	0.0975423
0.0603744	trans	0.0603744
0.0615331	trans	0.0615331
0.0704357	trans	0.0704357
0.139652	trans	0.139652
-0.0407232	trans	0.0407232
-0.0669126	trans	0.0669126
-0.0459769	trans	0.0459769
0.111769	trans	0.111769
0.0492183	trans	0.0492183
-0.0449946	trans	0.0449946
-0.048768	trans	0.048768
-0.0770317	trans	0.0770317
0.0675991	trans	0.0675991
0.0533273	trans	0.0533273
0.0740651	trans	0.0740651
0.0530284	trans	0.0530284
-0.188306	trans	0.188306
0.0551246	trans	0.0551246
-0.0440889	trans	0.0440889
-0.0448783	trans	0.0448783
0.0596696	trans	0.0596696
-0.0502056	trans	0.0502056
-0.0756121	trans	0.0756121
0.0500739	trans	0.0500739
0.622044	trans	0.622044
-0.0488671	trans	0.0488671
0.0773731	trans	0.0773731
0.0541474	trans	0.0541474
-0.0429357	trans	0.0429357
-0.0651948	trans	0.0651948
-0.0420049	trans	0.0420049
0.0693722	trans	0.0693722
-0.0942896	trans	0.0942896
-0.0702604	trans	0.0702604
-0.0440021	trans	0.0440021
0.0683631	trans	0.0683631
0.105772	trans	0.105772
-0.0588983	trans	0.0588983
0.0675646	trans	0.0675646
-0.0685791	trans	0.0685791
0.307204	trans	0.307204
-0.0492689	trans	0.0492689
0.043216	trans	0.043216
-0.0490162	trans	0.0490162
0.0493362	trans	0.0493362
-0.160548	trans	0.160548
-0.0456824	trans	0.0456824
-0.0684713	trans	0.0684713
-0.0619118	trans	0.0619118
0.0545018	trans	0.0545018
0.140444	trans	0.140444
-0.0473732	trans	0.0473732
0.0425215	trans	0.0425215
-0.0683228	trans	0.0683228
0.0490411	trans	0.0490411
-0.0895999	trans	0.0895999
0.0764733	trans	0.0764733
-0.0416407	trans	0.0416407
-0.0461886	trans	0.0461886
0.0448728	trans	0.0448728
0.0675195	trans	0.0675195
-0.0409408	trans	0.0409408
-0.0453357	trans	0.0453357
-0.0660493	trans	0.0660493
-0.0498455	trans	0.0498455
0.0463357	trans	0.0463357
0.0428735	trans	0.0428735
0.0413362	trans	0.0413362
0.152097	trans	0.152097
0.046978	trans	0.046978
-0.160966	trans	0.160966
0.0464566	trans	0.0464566
-0.069225	trans	0.069225
0.044748	trans	0.044748
0.110454	trans	0.110454
0.151704	trans	0.151704
-0.0368035	trans	0.0368035
-0.0380391	trans	0.0380391
0.219536	trans	0.219536
0.0431606	trans	0.0431606
0.0567756	trans	0.0567756
-0.0378397	trans	0.0378397
-0.0782243	trans	0.0782243
0.0526416	trans	0.0526416
-0.119381	trans	0.119381
-0.0843055	trans	0.0843055
0.160608	trans	0.160608
-0.038232	trans	0.038232
0.0416891	trans	0.0416891
-0.0615105	trans	0.0615105
0.0427815	trans	0.0427815
0.0529481	trans	0.0529481
-0.0587984	trans	0.0587984
-0.0428563	trans	0.0428563
-0.043636	trans	0.043636
-0.257803	trans	0.257803
0.17209	trans	0.17209
0.0650503	trans	0.0650503
0.0504009	trans	0.0504009
0.0683151	trans	0.0683151
0.0615288	trans	0.0615288
0.143305	trans	0.143305
0.0520049	trans	0.0520049
-0.0480593	trans	0.0480593
0.626114	trans	0.626114
-0.172622	trans	0.172622
0.0521489	trans	0.0521489
0.0740227	trans	0.0740227
-0.0871467	trans	0.0871467
0.0890202	trans	0.0890202
0.163663	trans	0.163663
0.0600477	trans	0.0600477
0.0741209	trans	0.0741209
-0.077745	trans	0.077745
0.102458	trans	0.102458
0.0648646	trans	0.0648646
-0.0442723	trans	0.0442723
0.117638	trans	0.117638
0.0437416	trans	0.0437416
-0.0741603	trans	0.0741603
-0.0478384	trans	0.0478384
0.10625	trans	0.10625
0.0508026	trans	0.0508026
0.062162	trans	0.062162
-0.0617619	trans	0.0617619
-0.0746724	trans	0.0746724
0.0553004	trans	0.0553004
0.0822285	trans	0.0822285
-0.0996555	trans	0.0996555
-0.0420062	trans	0.0420062
0.0445191	trans	0.0445191
-0.184917	trans	0.184917
-0.0673941	trans	0.0673941
0.0399053	trans	0.0399053
0.154084	trans	0.154084
-0.0606629	trans	0.0606629
0.280192	trans	0.280192
0.0698799	trans	0.0698799
0.0520269	trans	0.0520269
-0.0393988	trans	0.0393988
-0.128193	trans	0.128193
-0.0436772	trans	0.0436772
0.143167	trans	0.143167
0.0392395	trans	0.0392395
-0.164018	trans	0.164018
0.0445422	trans	0.0445422
-0.123167	trans	0.123167
-0.142982	trans	0.142982
0.26454	trans	0.26454
0.212182	trans	0.212182
0.0895389	trans	0.0895389
-0.0685381	trans	0.0685381
-0.0642637	trans	0.0642637
-0.0633305	trans	0.0633305
-0.102905	trans	0.102905
0.0561144	trans	0.0561144
-0.0519753	trans	0.0519753
0.129381	trans	0.129381
0.0500222	trans	0.0500222
-0.0874146	trans	0.0874146
-0.0447335	trans	0.0447335
0.0615458	trans	0.0615458
-0.11044	trans	0.11044
0.125679	trans	0.125679
0.0479378	trans	0.0479378
0.0612324	trans	0.0612324
0.101653	trans	0.101653
-0.0502999	trans	0.0502999
0.0587946	trans	0.0587946
0.0632381	trans	0.0632381
0.116129	trans	0.116129
0.0562285	trans	0.0562285
0.0862128	trans	0.0862128
0.156631	trans	0.156631
0.0666438	trans	0.0666438
0.058909	trans	0.058909
0.0494175	trans	0.0494175
0.0443999	trans	0.0443999
-0.0490273	trans	0.0490273
-0.071065	trans	0.071065
0.0482247	trans	0.0482247
-0.223412	trans	0.223412
-0.0978127	trans	0.0978127
-0.0493869	trans	0.0493869
0.0462565	trans	0.0462565
0.0408679	trans	0.0408679
0.0959748	trans	0.0959748
-0.0438809	trans	0.0438809
0.0586722	trans	0.0586722
-0.113526	trans	0.113526
0.0588869	trans	0.0588869
0.0519536	trans	0.0519536
-0.07594	trans	0.07594
-0.0409149	trans	0.0409149
-0.0555911	trans	0.0555911
-0.0415091	trans	0.0415091
-0.0437861	trans	0.0437861
0.342885	trans	0.342885
-0.0564224	trans	0.0564224
0.357886	trans	0.357886
0.0385783	trans	0.0385783
-0.0408803	trans	0.0408803
0.0717615	trans	0.0717615
-0.0398986	trans	0.0398986
-0.0412232	trans	0.0412232
-0.0457714	trans	0.0457714
0.158682	trans	0.158682
0.0389132	trans	0.0389132
0.283963	trans	0.283963
0.158283	trans	0.158283
0.0441883	trans	0.0441883
0.246651	trans	0.246651
-0.104542	trans	0.104542
-0.0387247	trans	0.0387247
0.0426089	trans	0.0426089
-0.0526953	trans	0.0526953
-0.0672393	trans	0.0672393
0.0620823	trans	0.0620823
-0.0475971	trans	0.0475971
0.0582978	trans	0.0582978
0.0586472	trans	0.0586472
0.109483	trans	0.109483
-0.0346772	trans	0.0346772
-0.11434	trans	0.11434
0.0676559	trans	0.0676559
0.045842	trans	0.045842
-0.138565	trans	0.138565
-0.041078	trans	0.041078
-0.068896	trans	0.068896
-0.0770981	trans	0.0770981
-0.13346	trans	0.13346
0.0400366	trans	0.0400366
-0.0738513	trans	0.0738513
0.828455	trans	0.828455
0.19795	trans	0.19795
-0.0568297	trans	0.0568297
-0.0978734	trans	0.0978734
0.0545196	trans	0.0545196
0.0545217	trans	0.0545217
0.0442614	trans	0.0442614
0.124364	trans	0.124364
0.08323	trans	0.08323
-0.0620202	trans	0.0620202
-0.0827846	trans	0.0827846
-0.0589064	trans	0.0589064
-0.0855222	trans	0.0855222
0.164422	trans	0.164422
0.0820219	trans	0.0820219
-0.069256	trans	0.069256
-0.0455397	trans	0.0455397
-0.486643	trans	0.486643
0.785757	trans	0.785757
0.103109	trans	0.103109
0.0569398	trans	0.0569398
0.0863314	trans	0.0863314
-0.0665385	trans	0.0665385
-0.0562076	trans	0.0562076
-0.0957647	trans	0.0957647
-0.0684543	trans	0.0684543
0.0628431	trans	0.0628431
-0.0469061	trans	0.0469061
0.153862	trans	0.153862
-0.148359	trans	0.148359
-0.0560265	trans	0.0560265
-0.0615542	trans	0.0615542
-0.0885107	trans	0.0885107
0.0671482	trans	0.0671482
0.434446	trans	0.434446
-0.123339	trans	0.123339
-0.0472643	trans	0.0472643
0.042377	trans	0.042377
-0.0841797	trans	0.0841797
-0.0417242	trans	0.0417242
0.0861539	trans	0.0861539
0.0571791	trans	0.0571791
-0.0422805	trans	0.0422805
-0.052506	trans	0.052506
-0.0550093	trans	0.0550093
0.103441	trans	0.103441
0.0835547	trans	0.0835547
0.0791243	trans	0.0791243
-0.0506032	trans	0.0506032
0.128223	trans	0.128223
0.0529316	trans	0.0529316
-0.0601369	trans	0.0601369
0.14662	trans	0.14662
-0.0970721	trans	0.0970721
-0.0591866	trans	0.0591866
-0.127835	trans	0.127835
0.26085	trans	0.26085
0.0471254	trans	0.0471254
-0.26475	trans	0.26475
-0.0938097	trans	0.0938097
-0.0777654	trans	0.0777654
0.055203	trans	0.055203
0.0521245	trans	0.0521245
-0.048023	trans	0.048023
-0.0497726	trans	0.0497726
0.212351	trans	0.212351
0.063356	trans	0.063356
-0.117893	trans	0.117893
0.0472475	trans	0.0472475
0.040819	trans	0.040819
-0.0605174	trans	0.0605174
-0.0888642	trans	0.0888642
0.149684	trans	0.149684
0.0433908	trans	0.0433908
0.0715054	trans	0.0715054
0.272346	trans	0.272346
-0.0737502	trans	0.0737502
0.0857648	trans	0.0857648
-0.064699	trans	0.064699
0.0421357	trans	0.0421357
0.0789153	trans	0.0789153
-0.0529236	trans	0.0529236
0.0558904	trans	0.0558904
-0.0656197	trans	0.0656197
-0.146096	trans	0.146096
-0.0471945	trans	0.0471945
0.0394103	trans	0.0394103
0.0448655	trans	0.0448655
-0.0824475	trans	0.0824475
-0.0543226	trans	0.0543226
0.0458282	trans	0.0458282
0.0513577	trans	0.0513577
0.0620519	trans	0.0620519
-0.0581489	trans	0.0581489
0.0501325	trans	0.0501325
0.0624961	trans	0.0624961
0.0845853	trans	0.0845853
0.08347	trans	0.08347
0.0541083	trans	0.0541083
-0.0848877	trans	0.0848877
-0.0494406	trans	0.0494406
-0.0466091	trans	0.0466091
-0.0457373	trans	0.0457373
-0.0608045	trans	0.0608045
0.28584	trans	0.28584
-0.0497252	trans	0.0497252
-0.0490171	trans	0.0490171
0.103045	trans	0.103045
0.0464822	trans	0.0464822
-0.0621095	trans	0.0621095
-0.0712569	trans	0.0712569
-0.25908	trans	0.25908
0.0564204	trans	0.0564204
0.0450343	trans	0.0450343
0.0735304	trans	0.0735304
0.047888	trans	0.047888
-0.0787409	trans	0.0787409
0.046368	trans	0.046368
0.0917157	trans	0.0917157
-0.0526167	trans	0.0526167
0.11275	trans	0.11275
0.0497189	trans	0.0497189
0.099904	trans	0.099904
-0.0462193	trans	0.0462193
0.0605096	trans	0.0605096
0.0533388	trans	0.0533388
0.0529111	trans	0.0529111
-0.0490105	trans	0.0490105
-0.154868	trans	0.154868
-0.071502	trans	0.071502
-0.0702061	trans	0.0702061
0.0470832	trans	0.0470832
0.185143	trans	0.185143
-0.097702	trans	0.097702
-0.219313	trans	0.219313
0.060152	trans	0.060152
-0.0514174	trans	0.0514174
0.122378	trans	0.122378
0.0644478	trans	0.0644478
-0.143429	trans	0.143429
-0.0450046	trans	0.0450046
-0.0411531	trans	0.0411531
-0.0875125	trans	0.0875125
0.139388	trans	0.139388
0.148893	trans	0.148893
0.103917	trans	0.103917
0.0556564	trans	0.0556564
-0.039993	trans	0.039993
0.0810304	trans	0.0810304
0.0431273	trans	0.0431273
0.102289	trans	0.102289
-0.0677806	trans	0.0677806
0.044366	trans	0.044366
0.0590054	trans	0.0590054
0.097561	trans	0.097561
0.642205	trans	0.642205
0.0458626	trans	0.0458626
0.849748	trans	0.849748
-0.0880039	trans	0.0880039
0.0655717	trans	0.0655717
0.0898507	trans	0.0898507
-0.0502951	trans	0.0502951
-0.05484	trans	0.05484
0.101541	trans	0.101541
-0.0517648	trans	0.0517648
0.0638033	trans	0.0638033
0.0527634	trans	0.0527634
-0.0419636	trans	0.0419636
0.0450675	trans	0.0450675
0.0436552	trans	0.0436552
-0.110926	trans	0.110926
0.0747141	trans	0.0747141
0.0422452	trans	0.0422452
0.16915	trans	0.16915
0.0471888	trans	0.0471888
-0.0639488	trans	0.0639488
0.161026	trans	0.161026
0.0463221	trans	0.0463221
0.220836	trans	0.220836
-0.101815	trans	0.101815
0.238969	trans	0.238969
-0.0432273	trans	0.0432273
-0.053809	trans	0.053809
0.0500175	trans	0.0500175
0.0488404	trans	0.0488404
0.050605	trans	0.050605
0.221445	trans	0.221445
0.0620721	trans	0.0620721
0.103384	trans	0.103384
-0.121304	trans	0.121304
-0.0463242	trans	0.0463242
-0.0892125	trans	0.0892125
-0.0676691	trans	0.0676691
-0.0541063	trans	0.0541063
0.0496478	trans	0.0496478
0.069887	trans	0.069887
-0.40532	trans	0.40532
0.0775533	trans	0.0775533
-0.0842186	trans	0.0842186
-0.113605	trans	0.113605
0.0458593	trans	0.0458593
-0.0529718	trans	0.0529718
-0.0637173	trans	0.0637173
0.704762	trans	0.704762
0.19546	trans	0.19546
0.0404144	trans	0.0404144
0.0581575	trans	0.0581575
0.0528076	trans	0.0528076
-0.3142	trans	0.3142
0.0492906	trans	0.0492906
-0.0479692	trans	0.0479692
0.0500008	trans	0.0500008
-0.0431995	trans	0.0431995
0.0747876	trans	0.0747876
0.0432268	trans	0.0432268
0.0500008	trans	0.0500008
0.051414	trans	0.051414
0.049044	trans	0.049044
-0.0621762	trans	0.0621762
-0.0542022	trans	0.0542022
0.0466887	trans	0.0466887
-0.113723	trans	0.113723
-0.0676418	trans	0.0676418
0.0968039	trans	0.0968039
-0.0510283	trans	0.0510283
0.0494278	trans	0.0494278
-0.0759025	trans	0.0759025
0.101165	trans	0.101165
-0.0735191	trans	0.0735191
0.065448	trans	0.065448
0.043856	trans	0.043856
-0.112496	trans	0.112496
0.0470729	trans	0.0470729
-0.0464526	trans	0.0464526
-0.0688247	trans	0.0688247
0.0461734	trans	0.0461734
-0.0506957	trans	0.0506957
0.0898125	trans	0.0898125
-0.0545411	trans	0.0545411
0.0578771	trans	0.0578771
-0.0774583	trans	0.0774583
-0.0534092	trans	0.0534092
0.0691013	trans	0.0691013
-0.119082	trans	0.119082
-0.0694275	trans	0.0694275
-0.0760502	trans	0.0760502
0.0452422	trans	0.0452422
0.0572631	trans	0.0572631
-0.044306	trans	0.044306
0.0693964	trans	0.0693964
0.0477077	trans	0.0477077
0.0694678	trans	0.0694678
0.0463608	trans	0.0463608
-0.0473166	trans	0.0473166
-0.0600003	trans	0.0600003
0.0507465	trans	0.0507465
0.0464153	trans	0.0464153
0.0582019	trans	0.0582019
0.0465554	trans	0.0465554
0.0435162	trans	0.0435162
-0.0523151	trans	0.0523151
0.076095	trans	0.076095
0.0477026	trans	0.0477026
-0.0688557	trans	0.0688557
0.0500246	trans	0.0500246
-0.0549626	trans	0.0549626
-0.0466818	trans	0.0466818
-0.245775	trans	0.245775
-0.0577135	trans	0.0577135
-0.0463456	trans	0.0463456
-0.0660635	trans	0.0660635
0.0550484	trans	0.0550484
-0.0476603	trans	0.0476603
-0.0878798	trans	0.0878798
-0.0415877	trans	0.0415877
0.0986549	trans	0.0986549
0.0505249	trans	0.0505249
-0.0518674	trans	0.0518674
0.0592003	trans	0.0592003
0.0830732	trans	0.0830732
0.0454936	trans	0.0454936
0.0467854	trans	0.0467854
0.0671224	trans	0.0671224
-0.0452713	trans	0.0452713
0.0460806	trans	0.0460806
0.0477521	trans	0.0477521
0.0439573	trans	0.0439573
-0.067209	trans	0.067209
0.153423	trans	0.153423
0.0731095	trans	0.0731095
-0.0417289	trans	0.0417289
-0.0586794	trans	0.0586794
-0.0453893	trans	0.0453893
0.072565	trans	0.072565
-0.0428234	trans	0.0428234
0.124096	trans	0.124096
0.0417072	trans	0.0417072
-0.0461869	trans	0.0461869
-0.183123	trans	0.183123
0.102264	trans	0.102264
-0.0427374	trans	0.0427374
0.248498	trans	0.248498
0.0685493	trans	0.0685493
0.0585753	trans	0.0585753
-0.48696	trans	0.48696
-1.47759	trans	1.47759
-0.50174	trans	0.50174
-0.8052	trans	0.8052
-0.185743	trans	0.185743
-0.218458	trans	0.218458
-0.0474217	trans	0.0474217
-0.0640875	trans	0.0640875
0.0467783	trans	0.0467783
-0.0609672	trans	0.0609672
-0.0524666	trans	0.0524666
-0.100815	trans	0.100815
-0.054004	trans	0.054004
0.147748	trans	0.147748
-0.0494616	trans	0.0494616
0.0561699	trans	0.0561699
-0.069991	trans	0.069991
0.0620323	trans	0.0620323
0.0510466	trans	0.0510466
0.275122	trans	0.275122
0.0535174	trans	0.0535174
0.0480119	trans	0.0480119
1.17575	trans	1.17575
0.193048	trans	0.193048
0.0650049	trans	0.0650049
-0.0469419	trans	0.0469419
-0.0444245	trans	0.0444245
0.0591617	trans	0.0591617
-0.0460067	trans	0.0460067
-0.420501	trans	0.420501
0.046509	trans	0.046509
-0.0495017	trans	0.0495017
-0.0934616	trans	0.0934616
-0.0531679	trans	0.0531679
0.0770409	trans	0.0770409
0.0401288	trans	0.0401288
-0.0615522	trans	0.0615522
-0.0787397	trans	0.0787397
0.530979	trans	0.530979
-0.0506377	trans	0.0506377
0.0484046	trans	0.0484046
0.299118	trans	0.299118
0.111118	trans	0.111118
0.060784	trans	0.060784
-0.0402692	trans	0.0402692
-0.085577	trans	0.085577
0.221125	trans	0.221125
0.0404507	trans	0.0404507
-0.0463044	trans	0.0463044
-0.0528104	trans	0.0528104
-0.044101	trans	0.044101
-0.0619221	trans	0.0619221
0.0739173	trans	0.0739173
0.0530061	trans	0.0530061
0.0443181	trans	0.0443181
0.0474233	trans	0.0474233
-0.054657	trans	0.054657
0.0828276	trans	0.0828276
-0.0480969	trans	0.0480969
-0.0674644	trans	0.0674644
0.0780285	trans	0.0780285
0.0927152	trans	0.0927152
-0.1504	trans	0.1504
0.0410686	trans	0.0410686
0.0487348	trans	0.0487348
-0.050471	trans	0.050471
0.0945275	trans	0.0945275
0.043737	trans	0.043737
0.249303	trans	0.249303
0.269155	trans	0.269155
0.0585792	trans	0.0585792
0.0378626	trans	0.0378626
0.062952	trans	0.062952
0.075439	trans	0.075439
-0.0917538	trans	0.0917538
0.592501	trans	0.592501
0.124511	trans	0.124511
-0.0433647	trans	0.0433647
0.0676138	trans	0.0676138
0.0511718	trans	0.0511718
-0.0415058	trans	0.0415058
0.0591746	trans	0.0591746
-0.0495471	trans	0.0495471
0.0553479	trans	0.0553479
0.0493202	trans	0.0493202
-0.0447752	trans	0.0447752
-0.0670911	trans	0.0670911
0.0490056	trans	0.0490056
-0.0734326	trans	0.0734326
0.0633976	trans	0.0633976
-0.0496864	trans	0.0496864
0.0572271	trans	0.0572271
0.0723627	trans	0.0723627
-0.052879	trans	0.052879
0.0484153	trans	0.0484153
0.0957376	trans	0.0957376
-0.052721	trans	0.052721
0.0565769	trans	0.0565769
-0.0953747	trans	0.0953747
0.0429261	trans	0.0429261
-0.0429928	trans	0.0429928
-0.0451365	trans	0.0451365
-0.0581908	trans	0.0581908
0.0454209	trans	0.0454209
0.0546459	trans	0.0546459
0.0451915	trans	0.0451915
-0.059605	trans	0.059605
0.090179	trans	0.090179
0.0624859	trans	0.0624859
0.0539459	trans	0.0539459
0.0512921	trans	0.0512921
-0.0428349	trans	0.0428349
0.0631168	trans	0.0631168
0.042727	trans	0.042727
-0.0498674	trans	0.0498674
-0.0537366	trans	0.0537366
0.0570625	trans	0.0570625
-0.0455734	trans	0.0455734
0.0567276	trans	0.0567276
0.0609453	trans	0.0609453
-0.0428388	trans	0.0428388
-0.0539933	trans	0.0539933
0.0515181	trans	0.0515181
0.059518	trans	0.059518
-0.0450564	trans	0.0450564
-0.0541316	trans	0.0541316
0.0421926	trans	0.0421926
0.0479762	trans	0.0479762
0.0504603	trans	0.0504603
0.0629317	trans	0.0629317
0.0584067	trans	0.0584067
-0.216398	trans	0.216398
-0.196055	trans	0.196055
0.0449799	trans	0.0449799
-0.074189	trans	0.074189
-0.0537571	trans	0.0537571
-0.0714371	trans	0.0714371
-0.0474684	trans	0.0474684
-0.14772	trans	0.14772
0.0517559	trans	0.0517559
-0.083091	trans	0.083091
-0.0835825	trans	0.0835825
-0.0688506	trans	0.0688506
-0.0456129	trans	0.0456129
0.0425516	trans	0.0425516
-0.0464853	trans	0.0464853
0.23138	trans	0.23138
-0.101646	trans	0.101646
-0.241631	trans	0.241631
-0.0512244	trans	0.0512244
0.0513764	trans	0.0513764
0.0832414	trans	0.0832414
-0.0571284	trans	0.0571284
-0.285725	trans	0.285725
-0.0986865	trans	0.0986865
0.0468517	trans	0.0468517
0.0558561	trans	0.0558561
-0.0578599	trans	0.0578599
-0.173423	trans	0.173423
0.0454768	trans	0.0454768
-0.0429375	trans	0.0429375
-0.452334	trans	0.452334
0.084036	trans	0.084036
0.0807184	trans	0.0807184
-0.111945	trans	0.111945
0.0404011	trans	0.0404011
0.0614484	trans	0.0614484
-0.049651	trans	0.049651
0.0618834	trans	0.0618834
-0.042856	trans	0.042856
0.0831352	trans	0.0831352
-0.039461	trans	0.039461
-0.106781	trans	0.106781
0.0653439	trans	0.0653439
0.660306	trans	0.660306
-0.0602184	trans	0.0602184
0.0534176	trans	0.0534176
-0.0503006	trans	0.0503006
0.252965	trans	0.252965
-0.0476863	trans	0.0476863
0.385799	trans	0.385799
0.0486589	trans	0.0486589
-0.0689205	trans	0.0689205
0.064477	trans	0.064477
1.22217	trans	1.22217
-0.0716246	trans	0.0716246
-0.154831	trans	0.154831
-0.0473283	trans	0.0473283
0.196089	trans	0.196089
0.201338	trans	0.201338
0.0609365	trans	0.0609365
0.469408	trans	0.469408
-0.0583938	trans	0.0583938
-0.0521985	trans	0.0521985
0.10906	trans	0.10906
-0.505648	trans	0.505648
0.0533484	trans	0.0533484
0.058509	trans	0.058509
-0.126002	trans	0.126002
0.263174	trans	0.263174
-0.0768973	trans	0.0768973
0.038222	trans	0.038222
0.0446694	trans	0.0446694
0.0437416	trans	0.0437416
0.527279	trans	0.527279
0.280832	trans	0.280832
0.175081	trans	0.175081
-0.0895552	trans	0.0895552
0.609837	trans	0.609837
-0.0654177	trans	0.0654177
-0.0562051	trans	0.0562051
0.0645121	trans	0.0645121
-0.0541485	trans	0.0541485
0.0593641	trans	0.0593641
-0.0439583	trans	0.0439583
-0.0613444	trans	0.0613444
0.0536173	trans	0.0536173
-0.11239	trans	0.11239
-0.043955	trans	0.043955
0.0664184	trans	0.0664184
-0.0435561	trans	0.0435561
-0.0676052	trans	0.0676052
-0.0447137	trans	0.0447137
0.106056	trans	0.106056
-0.22236	trans	0.22236
-0.0767735	trans	0.0767735
-0.0960201	trans	0.0960201
0.808743	trans	0.808743
0.042773	trans	0.042773
0.0471921	trans	0.0471921
0.287327	trans	0.287327
-0.0947649	trans	0.0947649
0.43211	trans	0.43211
-0.0423877	trans	0.0423877
0.125619	trans	0.125619
0.889882	trans	0.889882
-0.0478248	trans	0.0478248
-0.0737539	trans	0.0737539
-0.0952083	trans	0.0952083
0.393485	trans	0.393485
0.0728579	trans	0.0728579
-0.502518	trans	0.502518
-0.606239	trans	0.606239
-0.0794022	trans	0.0794022
-0.0939468	trans	0.0939468
-0.0858437	trans	0.0858437
-0.0520762	trans	0.0520762
0.0453471	trans	0.0453471
-0.0517285	trans	0.0517285
0.10894	trans	0.10894
-0.0812501	trans	0.0812501
0.664967	trans	0.664967
-0.070383	trans	0.070383
-0.0455987	trans	0.0455987
0.0505285	trans	0.0505285
0.240821	trans	0.240821
0.574108	trans	0.574108
0.0452664	trans	0.0452664
0.0656767	trans	0.0656767
-0.0494981	trans	0.0494981
0.127243	trans	0.127243
-0.0505051	trans	0.0505051
0.0599205	trans	0.0599205
-0.0470338	trans	0.0470338
-0.129813	trans	0.129813
-0.0503089	trans	0.0503089
-0.0542968	trans	0.0542968
-0.0595912	trans	0.0595912
0.091273	trans	0.091273
0.090007	trans	0.090007
-0.0750073	trans	0.0750073
0.0423345	trans	0.0423345
-0.0529759	trans	0.0529759
-0.0811828	trans	0.0811828
0.0866512	trans	0.0866512
-0.140938	trans	0.140938
-0.0747236	trans	0.0747236
0.140008	trans	0.140008
0.0592351	trans	0.0592351
-0.0572547	trans	0.0572547
0.151273	trans	0.151273
-0.0472708	trans	0.0472708
-0.491229	trans	0.491229
-0.45857	trans	0.45857
-0.497014	trans	0.497014
-0.053668	trans	0.053668
-0.0580245	trans	0.0580245
-0.162429	trans	0.162429
0.0918445	trans	0.0918445
-0.0394949	trans	0.0394949
-0.165065	trans	0.165065
-0.0397705	trans	0.0397705
-0.0492477	trans	0.0492477
0.0929991	trans	0.0929991
-0.277359	trans	0.277359
-0.054195	trans	0.054195
-0.0521586	trans	0.0521586
-0.0639903	trans	0.0639903
-0.0463528	trans	0.0463528
-0.0921925	trans	0.0921925
0.0461162	trans	0.0461162
-0.16731	trans	0.16731
0.0768645	trans	0.0768645
0.0528878	trans	0.0528878
0.0405472	trans	0.0405472
-0.136616	trans	0.136616
0.0541613	trans	0.0541613
-0.434334	trans	0.434334
0.0515032	trans	0.0515032
0.0508228	trans	0.0508228
0.0563041	trans	0.0563041
0.0475125	trans	0.0475125
0.0451442	trans	0.0451442
0.0496296	trans	0.0496296
-0.0469089	trans	0.0469089
-0.0820137	trans	0.0820137
0.0852489	trans	0.0852489
-0.044124	trans	0.044124
0.0757728	trans	0.0757728
-0.0464828	trans	0.0464828
-0.0566673	trans	0.0566673
0.0870466	trans	0.0870466
-0.0736037	trans	0.0736037
0.0642177	trans	0.0642177
0.0680145	trans	0.0680145
-0.137879	trans	0.137879
-0.112598	trans	0.112598
0.0450427	trans	0.0450427
0.057169	trans	0.057169
0.0662392	trans	0.0662392
0.316971	trans	0.316971
0.105911	trans	0.105911
0.0433272	trans	0.0433272
-0.260158	trans	0.260158
-0.0566792	trans	0.0566792
-0.742528	trans	0.742528
-0.0899032	trans	0.0899032
-0.0531939	trans	0.0531939
0.103311	trans	0.103311
-0.0480124	trans	0.0480124
-0.0537079	trans	0.0537079
-0.437939	trans	0.437939
0.0580691	trans	0.0580691
0.0379004	trans	0.0379004
0.216662	trans	0.216662
0.116227	trans	0.116227
0.0771725	trans	0.0771725
-0.0664875	trans	0.0664875
0.177504	trans	0.177504
0.0568167	trans	0.0568167
0.0536563	trans	0.0536563
-0.101393	trans	0.101393
0.0786779	trans	0.0786779
0.094581	trans	0.094581
0.0520054	trans	0.0520054
0.254929	trans	0.254929
-0.0399303	trans	0.0399303
-0.0696632	trans	0.0696632
0.278182	trans	0.278182
0.045744	trans	0.045744
0.0460284	trans	0.0460284
0.0996861	trans	0.0996861
0.139157	trans	0.139157
-0.069362	trans	0.069362
0.0938768	trans	0.0938768
-0.057854	trans	0.057854
-0.154356	trans	0.154356
-0.0457204	trans	0.0457204
-0.12374	trans	0.12374
0.0607997	trans	0.0607997
0.0748498	trans	0.0748498
-0.0543237	trans	0.0543237
0.173446	trans	0.173446
0.0481305	trans	0.0481305
-0.0437367	trans	0.0437367
0.0762035	trans	0.0762035
0.0604193	trans	0.0604193
-0.0383679	trans	0.0383679
-0.0521626	trans	0.0521626
0.0395997	trans	0.0395997
0.0540902	trans	0.0540902
-0.125604	trans	0.125604
0.156097	trans	0.156097
0.0857845	trans	0.0857845
0.0682557	trans	0.0682557
-0.0705711	trans	0.0705711
0.0565732	trans	0.0565732
-0.0537289	trans	0.0537289
0.0493449	trans	0.0493449
0.0559338	trans	0.0559338
-0.0698239	trans	0.0698239
0.0724985	trans	0.0724985
0.082465	trans	0.082465
0.0519278	trans	0.0519278
0.0554504	trans	0.0554504
0.0413663	trans	0.0413663
-0.0828847	trans	0.0828847
-0.0745342	trans	0.0745342
0.0657441	trans	0.0657441
-0.0587544	trans	0.0587544
0.123792	trans	0.123792
-0.0509199	trans	0.0509199
-0.0656686	trans	0.0656686
0.0419343	trans	0.0419343
0.089944	trans	0.089944
-0.0501916	trans	0.0501916
0.0455081	trans	0.0455081
0.09232	trans	0.09232
-0.0478405	trans	0.0478405
-0.123827	trans	0.123827
-0.0999827	trans	0.0999827
0.0613148	trans	0.0613148
0.166382	trans	0.166382
0.0534956	trans	0.0534956
-0.115401	trans	0.115401
0.0809296	trans	0.0809296
0.0626028	trans	0.0626028
-0.0556306	trans	0.0556306
0.309274	trans	0.309274
0.231864	trans	0.231864
0.0452919	trans	0.0452919
0.0552039	trans	0.0552039
-0.0624632	trans	0.0624632
0.400351	trans	0.400351
0.0547287	trans	0.0547287
0.136938	trans	0.136938
-0.0480981	trans	0.0480981
-0.358561	trans	0.358561
0.057068	trans	0.057068
-0.0387517	trans	0.0387517
0.0409675	trans	0.0409675
-0.123058	trans	0.123058
-0.0503159	trans	0.0503159
0.529029	trans	0.529029
0.233152	trans	0.233152
0.144068	trans	0.144068
-0.056388	trans	0.056388
-0.3027	trans	0.3027
0.068242	trans	0.068242
-0.0426605	trans	0.0426605
-0.0520971	trans	0.0520971
-0.0485036	trans	0.0485036
0.0795994	trans	0.0795994
0.0751091	trans	0.0751091
-0.105474	trans	0.105474
0.0546089	trans	0.0546089
0.0955276	trans	0.0955276
-0.143285	trans	0.143285
-0.13098	trans	0.13098
1.32732	trans	1.32732
-0.0465271	trans	0.0465271
-0.0467145	trans	0.0467145
0.0561057	trans	0.0561057
-0.0577821	trans	0.0577821
-0.0661456	trans	0.0661456
-0.0661397	trans	0.0661397
-0.0553992	trans	0.0553992
-0.0494828	trans	0.0494828
-0.0498049	trans	0.0498049
-0.120064	trans	0.120064
-0.0440049	trans	0.0440049
-0.126028	trans	0.126028
0.0707044	trans	0.0707044
-0.061161	trans	0.061161
0.0495422	trans	0.0495422
0.0729334	trans	0.0729334
-0.205715	trans	0.205715
-0.0605973	trans	0.0605973
-0.0504	trans	0.0504
0.0523492	trans	0.0523492
0.0419002	trans	0.0419002
0.366698	trans	0.366698
0.0783141	trans	0.0783141
0.0696603	trans	0.0696603
0.169117	trans	0.169117
-0.146655	trans	0.146655
0.100502	trans	0.100502
0.0575825	trans	0.0575825
-0.195153	trans	0.195153
0.322413	trans	0.322413
0.0573165	trans	0.0573165
0.0414083	trans	0.0414083
-0.0539533	trans	0.0539533
0.0469116	trans	0.0469116
-0.0427911	trans	0.0427911
0.055572	trans	0.055572
0.0486666	trans	0.0486666
-0.0715633	trans	0.0715633
0.504514	trans	0.504514
0.0861507	trans	0.0861507
0.0486402	trans	0.0486402
-0.0457198	trans	0.0457198
0.0471378	trans	0.0471378
0.0564229	trans	0.0564229
0.0573191	trans	0.0573191
-0.211331	trans	0.211331
-0.0499743	trans	0.0499743
-0.043568	trans	0.043568
-0.0483743	trans	0.0483743
-0.0502844	trans	0.0502844
-0.0953522	trans	0.0953522
0.877238	trans	0.877238
0.0643093	trans	0.0643093
0.0550677	trans	0.0550677
0.154788	trans	0.154788
-0.138818	trans	0.138818
0.463292	trans	0.463292
-0.0410638	trans	0.0410638
1.25282	trans	1.25282
0.0714633	trans	0.0714633
0.07669	trans	0.07669
-0.0606895	trans	0.0606895
0.0531225	trans	0.0531225
0.0484818	trans	0.0484818
-0.0675158	trans	0.0675158
0.0439942	trans	0.0439942
-0.0497643	trans	0.0497643
0.1234	trans	0.1234
0.0816828	trans	0.0816828
-0.0498676	trans	0.0498676
-0.396105	trans	0.396105
0.0395549	trans	0.0395549
0.108663	trans	0.108663
-0.067195	trans	0.067195
-0.045809	trans	0.045809
0.0725383	trans	0.0725383
-0.125486	trans	0.125486
0.1073	trans	0.1073
-0.047019	trans	0.047019
0.0522906	trans	0.0522906
0.0440993	trans	0.0440993
0.0626033	trans	0.0626033
-0.0436758	trans	0.0436758
0.0933681	trans	0.0933681
0.0659793	trans	0.0659793
0.0768158	trans	0.0768158
0.0849333	trans	0.0849333
-0.0667738	trans	0.0667738
0.0427218	trans	0.0427218
0.0432458	trans	0.0432458
0.478205	trans	0.478205
0.0875547	trans	0.0875547
-0.0674794	trans	0.0674794
0.0536101	trans	0.0536101
-0.0571406	trans	0.0571406
-0.0717158	trans	0.0717158
1.10069	trans	1.10069
0.173605	trans	0.173605
0.0418684	trans	0.0418684
0.0585811	trans	0.0585811
0.129631	trans	0.129631
0.101004	trans	0.101004
0.0554804	trans	0.0554804
0.156844	trans	0.156844
0.0627363	trans	0.0627363
-0.0459605	trans	0.0459605
0.0525625	trans	0.0525625
0.085471	trans	0.085471
0.0430186	trans	0.0430186
-0.0492841	trans	0.0492841
-0.160023	trans	0.160023
0.492908	trans	0.492908
-0.0629344	trans	0.0629344
-0.0534192	trans	0.0534192
-0.0538511	trans	0.0538511
-0.0469335	trans	0.0469335
0.043501	trans	0.043501
0.0731019	trans	0.0731019
-0.0402894	trans	0.0402894
0.171023	trans	0.171023
0.0437656	trans	0.0437656
-0.0568694	trans	0.0568694
-0.0535012	trans	0.0535012
0.0430147	trans	0.0430147
0.28351	trans	0.28351
0.0389612	trans	0.0389612
-0.124124	trans	0.124124
0.0841684	trans	0.0841684
0.0499845	trans	0.0499845
0.0552723	trans	0.0552723
0.0475725	trans	0.0475725
-0.042803	trans	0.042803
0.0425091	trans	0.0425091
-0.0406218	trans	0.0406218
0.100072	trans	0.100072
0.0811314	trans	0.0811314
0.039702	trans	0.039702
0.127928	trans	0.127928
0.0487164	trans	0.0487164
-0.118053	trans	0.118053
-0.0567222	trans	0.0567222
0.112894	trans	0.112894
-0.0622274	trans	0.0622274
0.0455428	trans	0.0455428
0.060626	trans	0.060626
-0.0452461	trans	0.0452461
0.0498783	trans	0.0498783
-0.0481554	trans	0.0481554
0.574064	trans	0.574064
-0.0708158	trans	0.0708158
0.0884613	trans	0.0884613
-0.0633743	trans	0.0633743
0.0605374	trans	0.0605374
-0.049587	trans	0.049587
0.0791775	trans	0.0791775
-0.0453179	trans	0.0453179
-0.0569963	trans	0.0569963
0.0604425	trans	0.0604425
0.0445302	trans	0.0445302
-0.060669	trans	0.060669
0.0946826	trans	0.0946826
0.0694961	trans	0.0694961
-0.0472438	trans	0.0472438
0.0368166	trans	0.0368166
-0.0209054	trans	0.0209054
-0.0426325	trans	0.0426325
0.0429563	trans	0.0429563
0.0230081	trans	0.0230081
-0.0373936	trans	0.0373936
0.152281	trans	0.152281
0.0835184	trans	0.0835184
0.0521544	trans	0.0521544
-0.0886011	trans	0.0886011
0.0476627	trans	0.0476627
0.0569653	trans	0.0569653
0.0433121	trans	0.0433121
-0.0458509	trans	0.0458509
-0.0469523	trans	0.0469523
0.0543549	trans	0.0543549
-0.193793	trans	0.193793
-0.0445938	trans	0.0445938
-0.0871339	trans	0.0871339
-0.0416495	trans	0.0416495
0.0491545	trans	0.0491545
-0.0724565	trans	0.0724565
0.326014	trans	0.326014
-0.113323	trans	0.113323
-0.0663461	trans	0.0663461
-0.0790117	trans	0.0790117
0.0434523	trans	0.0434523
0.119296	trans	0.119296
-0.0751748	trans	0.0751748
-0.359726	trans	0.359726
-0.0466749	trans	0.0466749
0.0883461	trans	0.0883461
0.0873167	trans	0.0873167
0.0839019	trans	0.0839019
0.0446483	trans	0.0446483
-0.409541	trans	0.409541
-0.282885	trans	0.282885
-0.223006	trans	0.223006
0.386442	trans	0.386442
-0.999562	trans	0.999562
-1.66661	trans	1.66661
-0.0612293	trans	0.0612293
0.0416516	trans	0.0416516
-0.0450571	trans	0.0450571
0.0679634	trans	0.0679634
0.0729813	trans	0.0729813
-0.0455763	trans	0.0455763
-0.211075	trans	0.211075
0.329823	trans	0.329823
0.119771	trans	0.119771
0.0542222	trans	0.0542222
-0.183354	trans	0.183354
0.137752	trans	0.137752
0.0650789	trans	0.0650789
0.0389532	trans	0.0389532
0.0425757	trans	0.0425757
0.0479211	trans	0.0479211
-0.0376702	trans	0.0376702
-0.0476671	trans	0.0476671
0.0559972	trans	0.0559972
-0.0448338	trans	0.0448338
-0.0373989	trans	0.0373989
-0.0518066	trans	0.0518066
-0.0596075	trans	0.0596075
0.045239	trans	0.045239
0.0551467	trans	0.0551467
0.0514192	trans	0.0514192
-0.036022	trans	0.036022
-0.144317	trans	0.144317
0.0635892	trans	0.0635892
0.0479391	trans	0.0479391
-0.0883893	trans	0.0883893
-0.0693848	trans	0.0693848
0.0795444	trans	0.0795444
0.22201	trans	0.22201
0.192429	trans	0.192429
0.0482803	trans	0.0482803
-0.0539017	trans	0.0539017
0.548274	trans	0.548274
-0.0436561	trans	0.0436561
0.0371477	trans	0.0371477
0.0509683	trans	0.0509683
-0.0463819	trans	0.0463819
0.0509451	trans	0.0509451
-0.0515317	trans	0.0515317
-0.0502718	trans	0.0502718
0.0552324	trans	0.0552324
0.0552201	trans	0.0552201
0.0483534	trans	0.0483534
-0.0635479	trans	0.0635479
0.125428	trans	0.125428
0.0422262	trans	0.0422262
-0.0475401	trans	0.0475401
-0.0433084	trans	0.0433084
-0.0551172	trans	0.0551172
0.0414977	trans	0.0414977
0.0480536	trans	0.0480536
0.0787978	trans	0.0787978
-0.0623873	trans	0.0623873
0.197251	trans	0.197251
-0.0424278	trans	0.0424278
0.111081	trans	0.111081
-0.050248	trans	0.050248
0.371454	trans	0.371454
0.0780863	trans	0.0780863
0.148871	trans	0.148871
0.0452334	trans	0.0452334
0.0741269	trans	0.0741269
-0.0710858	trans	0.0710858
0.042633	trans	0.042633
-0.0679575	trans	0.0679575
0.1029	trans	0.1029
0.0481676	trans	0.0481676
-0.0800963	trans	0.0800963
-0.0448204	trans	0.0448204
0.0612563	trans	0.0612563
0.0470911	trans	0.0470911
-0.0436509	trans	0.0436509
0.0645416	trans	0.0645416
-0.056135	trans	0.056135
0.0492413	trans	0.0492413
0.22172	trans	0.22172
-0.0387758	trans	0.0387758
0.0595644	trans	0.0595644
-0.0423955	trans	0.0423955
0.14515	trans	0.14515
-0.0446714	trans	0.0446714
-0.0570901	trans	0.0570901
0.036819	trans	0.036819
0.949259	trans	0.949259
1.4458	trans	1.4458
1.12937	trans	1.12937
-0.0498932	trans	0.0498932
-0.0502264	trans	0.0502264
-0.0434217	trans	0.0434217
0.082229	trans	0.082229
-0.0463261	trans	0.0463261
0.161226	trans	0.161226
0.0414661	trans	0.0414661
0.0453242	trans	0.0453242
-0.0396547	trans	0.0396547
-0.0912526	trans	0.0912526
-0.0513911	trans	0.0513911
0.0544558	trans	0.0544558
-0.0418661	trans	0.0418661
-0.0593308	trans	0.0593308
0.076807	trans	0.076807
0.0611969	trans	0.0611969
0.142727	trans	0.142727
0.0568095	trans	0.0568095
0.0382569	trans	0.0382569
0.07037	trans	0.07037
-0.0902963	trans	0.0902963
-0.95933	trans	0.95933
0.0559566	trans	0.0559566
-0.0424096	trans	0.0424096
0.0493953	trans	0.0493953
-0.0723233	trans	0.0723233
0.0341294	trans	0.0341294
0.0633577	trans	0.0633577
0.0385712	trans	0.0385712
-0.0382552	trans	0.0382552
-0.0803361	trans	0.0803361
-0.0953086	trans	0.0953086
-0.336794	trans	0.336794
-0.357506	trans	0.357506
-1.18768	trans	1.18768
0.0337959	trans	0.0337959
0.0435508	trans	0.0435508
0.0467115	trans	0.0467115
-0.0451828	trans	0.0451828
0.0542058	trans	0.0542058
0.0458542	trans	0.0458542
-0.0998234	trans	0.0998234
0.0562496	trans	0.0562496
0.0496778	trans	0.0496778
0.0423408	trans	0.0423408
0.212531	trans	0.212531
-0.0414463	trans	0.0414463
0.0853352	trans	0.0853352
-0.113609	trans	0.113609
-0.24803	trans	0.24803
-0.0634558	trans	0.0634558
0.176639	trans	0.176639
0.235977	trans	0.235977
-0.0441562	trans	0.0441562
-0.0436631	trans	0.0436631
-0.049228	trans	0.049228
0.0387446	trans	0.0387446
-0.0373529	trans	0.0373529
0.0576761	trans	0.0576761
-0.0541365	trans	0.0541365
0.0455101	trans	0.0455101
-0.0484255	trans	0.0484255
-0.0502003	trans	0.0502003
0.167138	trans	0.167138
0.336911	trans	0.336911
-0.196208	trans	0.196208
0.154717	trans	0.154717
-0.110885	trans	0.110885
0.0638686	trans	0.0638686
-0.0406496	trans	0.0406496
0.0765239	trans	0.0765239
-0.283581	trans	0.283581
-0.075372	trans	0.075372
-0.083478	trans	0.083478
0.0662006	trans	0.0662006
-0.0495813	trans	0.0495813
0.0931268	trans	0.0931268
0.0869247	trans	0.0869247
-0.0488949	trans	0.0488949
0.0918516	trans	0.0918516
-0.0645808	trans	0.0645808
0.197017	trans	0.197017
0.701285	trans	0.701285
-0.0544418	trans	0.0544418
-0.403876	trans	0.403876
-0.057288	trans	0.057288
0.0455031	trans	0.0455031
-0.0656447	trans	0.0656447
0.0521166	trans	0.0521166
-0.050945	trans	0.050945
-0.136562	trans	0.136562
-0.180696	trans	0.180696
-0.118776	trans	0.118776
-0.114557	trans	0.114557
-0.115779	trans	0.115779
-0.0567972	trans	0.0567972
-0.0552024	trans	0.0552024
-0.066814	trans	0.066814
-0.109561	trans	0.109561
0.191928	trans	0.191928
0.233819	trans	0.233819
0.0658951	trans	0.0658951
0.0596179	trans	0.0596179
0.353961	trans	0.353961
0.633105	trans	0.633105
-0.0742408	trans	0.0742408
-0.0726073	trans	0.0726073
0.0523644	trans	0.0523644
0.0445845	trans	0.0445845
0.120447	trans	0.120447
0.0491368	trans	0.0491368
-0.0447084	trans	0.0447084
-0.0565189	trans	0.0565189
-0.0568255	trans	0.0568255
0.0497257	trans	0.0497257
-0.626721	trans	0.626721
0.050788	trans	0.050788
0.045911	trans	0.045911
-0.0893255	trans	0.0893255
-0.044766	trans	0.044766
0.0482566	trans	0.0482566
-0.0626007	trans	0.0626007
-1.1035	trans	1.1035
-0.0988513	trans	0.0988513
-0.0835548	trans	0.0835548
0.0563476	trans	0.0563476
0.0485571	trans	0.0485571
0.0775449	trans	0.0775449
-0.0554041	trans	0.0554041
0.193852	trans	0.193852
-0.0889595	trans	0.0889595
-0.057464	trans	0.057464
0.223409	trans	0.223409
0.118329	trans	0.118329
-0.0548891	trans	0.0548891
0.0459253	trans	0.0459253
-0.094438	trans	0.094438
0.0649583	trans	0.0649583
0.0583586	trans	0.0583586
-0.0432312	trans	0.0432312
0.0457608	trans	0.0457608
0.0650167	trans	0.0650167
0.0458377	trans	0.0458377
-0.0477713	trans	0.0477713
0.0526087	trans	0.0526087
-0.0840678	trans	0.0840678
-0.0692436	trans	0.0692436
0.127473	trans	0.127473
0.148933	trans	0.148933
0.0631655	trans	0.0631655
0.0407801	trans	0.0407801
0.0812102	trans	0.0812102
0.048104	trans	0.048104
0.163003	trans	0.163003
0.122914	trans	0.122914
-0.0633295	trans	0.0633295
0.301382	trans	0.301382
-0.0426548	trans	0.0426548
0.0454876	trans	0.0454876
-0.0490777	trans	0.0490777
0.0509681	trans	0.0509681
0.163627	trans	0.163627
-0.240014	trans	0.240014
0.0482105	trans	0.0482105
0.0820774	trans	0.0820774
-0.078128	trans	0.078128
-0.0564312	trans	0.0564312
0.0481688	trans	0.0481688
0.0583554	trans	0.0583554
-0.0719352	trans	0.0719352
0.176675	trans	0.176675
0.0619271	trans	0.0619271
-0.0972272	trans	0.0972272
0.114318	trans	0.114318
0.0830931	trans	0.0830931
-0.0741782	trans	0.0741782
-0.175278	trans	0.175278
-0.0541522	trans	0.0541522
1.04828	trans	1.04828
0.0516634	trans	0.0516634
-0.0838223	trans	0.0838223
-0.0656437	trans	0.0656437
-0.117794	trans	0.117794
0.0479834	trans	0.0479834
-0.123304	trans	0.123304
-0.132487	trans	0.132487
-0.0499975	trans	0.0499975
0.0522325	trans	0.0522325
0.328181	trans	0.328181
0.146264	trans	0.146264
-0.0647945	trans	0.0647945
-0.0702794	trans	0.0702794
0.202897	trans	0.202897
0.0452664	trans	0.0452664
0.0561548	trans	0.0561548
-0.0437217	trans	0.0437217
0.0491957	trans	0.0491957
0.140887	trans	0.140887
-0.107979	trans	0.107979
-0.0770921	trans	0.0770921
0.212957	trans	0.212957
0.339131	trans	0.339131
0.354678	trans	0.354678
0.0545284	trans	0.0545284
-1.00493	trans	1.00493
0.0960022	trans	0.0960022
0.126283	trans	0.126283
-0.0490317	trans	0.0490317
-0.0790325	trans	0.0790325
0.194881	trans	0.194881
-0.0509263	trans	0.0509263
0.458178	trans	0.458178
-0.416433	trans	0.416433
0.0561814	trans	0.0561814
-0.0818902	trans	0.0818902
0.133335	trans	0.133335
0.0406239	trans	0.0406239
-0.0669454	trans	0.0669454
-0.141976	trans	0.141976
0.061902	trans	0.061902
0.0529513	trans	0.0529513
0.0431434	trans	0.0431434
-0.376392	trans	0.376392
0.143001	trans	0.143001
0.0494035	trans	0.0494035
0.0653463	trans	0.0653463
-0.0591895	trans	0.0591895
0.0449251	trans	0.0449251
0.209767	trans	0.209767
0.851619	trans	0.851619
0.0934751	trans	0.0934751
-0.0481002	trans	0.0481002
0.496268	trans	0.496268
-0.112215	trans	0.112215
-0.474029	trans	0.474029
-0.0553419	trans	0.0553419
0.0717254	trans	0.0717254
-0.628237	trans	0.628237
0.169013	trans	0.169013
0.178245	trans	0.178245
-0.0482222	trans	0.0482222
-0.221774	trans	0.221774
-0.051446	trans	0.051446
0.0471527	trans	0.0471527
-0.128302	trans	0.128302
-0.14971	trans	0.14971
-0.0574251	trans	0.0574251
-0.0484061	trans	0.0484061
-0.0519763	trans	0.0519763
-0.0640851	trans	0.0640851
0.0775829	trans	0.0775829
0.142659	trans	0.142659
-0.0532491	trans	0.0532491
0.33133	trans	0.33133
-0.0645319	trans	0.0645319
0.0726585	trans	0.0726585
-0.104375	trans	0.104375
-0.0478258	trans	0.0478258
-0.128436	trans	0.128436
0.0479513	trans	0.0479513
0.0900827	trans	0.0900827
0.0499703	trans	0.0499703
-0.054384	trans	0.054384
-0.0618787	trans	0.0618787
-0.0445655	trans	0.0445655
-0.0786911	trans	0.0786911
0.0592205	trans	0.0592205
-0.0455648	trans	0.0455648
0.177494	trans	0.177494
0.044667	trans	0.044667
0.0996946	trans	0.0996946
0.0416258	trans	0.0416258
-0.0826849	trans	0.0826849
0.0866814	trans	0.0866814
-0.140747	trans	0.140747
0.0848975	trans	0.0848975
0.421061	trans	0.421061
0.5904	trans	0.5904
-0.116146	trans	0.116146
0.0475873	trans	0.0475873
0.377953	trans	0.377953
0.196448	trans	0.196448
-0.236781	trans	0.236781
-0.0506334	trans	0.0506334
0.0783832	trans	0.0783832
-0.0807124	trans	0.0807124
0.0408341	trans	0.0408341
0.0580666	trans	0.0580666
0.335754	trans	0.335754
0.180247	trans	0.180247
0.0688364	trans	0.0688364
-0.0549637	trans	0.0549637
0.0432931	trans	0.0432931
-0.0487624	trans	0.0487624
0.0605524	trans	0.0605524
0.0782505	trans	0.0782505
0.0417144	trans	0.0417144
-0.0464395	trans	0.0464395
0.0617318	trans	0.0617318
0.0654467	trans	0.0654467
0.0901688	trans	0.0901688
0.145248	trans	0.145248
0.0448917	trans	0.0448917
-0.0712491	trans	0.0712491
0.0459098	trans	0.0459098
-0.0760302	trans	0.0760302
-0.104701	trans	0.104701
-0.0440544	trans	0.0440544
-0.0452202	trans	0.0452202
-0.0623755	trans	0.0623755
0.0698274	trans	0.0698274
-0.0665224	trans	0.0665224
0.0568514	trans	0.0568514
-0.0931046	trans	0.0931046
0.0445219	trans	0.0445219
0.0964647	trans	0.0964647
0.0469022	trans	0.0469022
-0.135361	trans	0.135361
-0.0952303	trans	0.0952303
1.78564	trans	1.78564
0.0612555	trans	0.0612555
0.0526786	trans	0.0526786
0.0489767	trans	0.0489767
-0.100909	trans	0.100909
0.227107	trans	0.227107
0.0503755	trans	0.0503755
-0.0436342	trans	0.0436342
-1.25703	trans	1.25703
-0.104698	trans	0.104698
0.238843	trans	0.238843
-0.0964839	trans	0.0964839
0.209477	trans	0.209477
-1.05709	trans	1.05709
-0.104218	trans	0.104218
0.220565	trans	0.220565
0.0709258	trans	0.0709258
-0.0526829	trans	0.0526829
0.0424003	trans	0.0424003
-0.049518	trans	0.049518
0.0669505	trans	0.0669505
-1.13192	trans	1.13192
-1.01084	trans	1.01084
0.622912	trans	0.622912
-0.0747077	trans	0.0747077
0.714613	trans	0.714613
-0.0668279	trans	0.0668279
0.146288	trans	0.146288
-0.0368372	trans	0.0368372
0.0415635	trans	0.0415635
-0.0439415	trans	0.0439415
0.0433253	trans	0.0433253
0.572615	trans	0.572615
-0.544888	trans	0.544888
0.240319	trans	0.240319
0.0455156	trans	0.0455156
0.0782353	trans	0.0782353
0.241495	trans	0.241495
0.0468095	trans	0.0468095
0.07282	trans	0.07282
-0.0510482	trans	0.0510482
0.0652562	trans	0.0652562
-0.0637642	trans	0.0637642
0.136721	trans	0.136721
0.0772854	trans	0.0772854
-0.0537759	trans	0.0537759
-0.0554729	trans	0.0554729
-0.0447106	trans	0.0447106
0.33191	trans	0.33191
0.0760776	trans	0.0760776
0.0588047	trans	0.0588047
-0.111104	trans	0.111104
0.12833	trans	0.12833
-0.0534087	trans	0.0534087
0.0607815	trans	0.0607815
0.0613245	trans	0.0613245
0.146664	trans	0.146664
0.0634353	trans	0.0634353
0.567652	trans	0.567652
-0.253197	trans	0.253197
-0.229079	trans	0.229079
0.771816	trans	0.771816
0.815869	trans	0.815869
-0.0760476	trans	0.0760476
0.0567655	trans	0.0567655
0.0485669	trans	0.0485669
-0.142225	trans	0.142225
0.795084	trans	0.795084
-0.0515608	trans	0.0515608
0.0700433	trans	0.0700433
-0.0439452	trans	0.0439452
-0.0561051	trans	0.0561051
-0.0538847	trans	0.0538847
0.0580402	trans	0.0580402
0.0489164	trans	0.0489164
-0.0427865	trans	0.0427865
-0.0446697	trans	0.0446697
-0.07847	trans	0.07847
-0.721463	trans	0.721463
0.11624	trans	0.11624
0.568569	trans	0.568569
-0.114067	trans	0.114067
0.0556883	trans	0.0556883
-0.0376722	trans	0.0376722
-0.269452	trans	0.269452
0.707971	trans	0.707971
-0.0578969	trans	0.0578969
-0.0483218	trans	0.0483218
0.0359186	trans	0.0359186
-0.502491	trans	0.502491
-0.0704035	trans	0.0704035
0.448952	trans	0.448952
-0.0410466	trans	0.0410466
0.185561	trans	0.185561
-0.0433039	trans	0.0433039
0.0771045	trans	0.0771045
0.0881052	trans	0.0881052
-0.0459545	trans	0.0459545
-0.0417323	trans	0.0417323
-0.040294	trans	0.040294
0.083687	trans	0.083687
-0.0846842	trans	0.0846842
-0.0556172	trans	0.0556172
-0.0505632	trans	0.0505632
0.0535321	trans	0.0535321
-0.107709	trans	0.107709
0.0583903	trans	0.0583903
0.0628962	trans	0.0628962
-0.0526915	trans	0.0526915
0.0511726	trans	0.0511726
0.0533559	trans	0.0533559
-0.0708436	trans	0.0708436
0.0523154	trans	0.0523154
0.0429231	trans	0.0429231
-0.0458922	trans	0.0458922
-0.0609997	trans	0.0609997
-0.157141	trans	0.157141
0.0500998	trans	0.0500998
0.0751904	trans	0.0751904
0.0794447	trans	0.0794447
-0.0450904	trans	0.0450904
0.0689446	trans	0.0689446
-0.067684	trans	0.067684
-0.0538934	trans	0.0538934
0.0548902	trans	0.0548902
0.0433952	trans	0.0433952
0.140414	trans	0.140414
-0.0405144	trans	0.0405144
0.044697	trans	0.044697
0.0960684	trans	0.0960684
-0.595478	trans	0.595478
0.0670682	trans	0.0670682
-0.057056	trans	0.057056
0.104346	trans	0.104346
0.0478121	trans	0.0478121
0.0447682	trans	0.0447682
0.117465	trans	0.117465
0.0549185	trans	0.0549185
-0.0449785	trans	0.0449785
0.0409861	trans	0.0409861
0.0442304	trans	0.0442304
0.155668	trans	0.155668
0.0499207	trans	0.0499207
-0.102756	trans	0.102756
0.0485991	trans	0.0485991
-0.109082	trans	0.109082
0.0727867	trans	0.0727867
-0.948169	trans	0.948169
-0.925853	trans	0.925853
0.179318	trans	0.179318
-0.136056	trans	0.136056
-0.0630455	trans	0.0630455
0.858617	trans	0.858617
0.2545	trans	0.2545
-0.0751316	trans	0.0751316
-0.0487866	trans	0.0487866
0.0614327	trans	0.0614327
0.122104	trans	0.122104
-0.055684	trans	0.055684
0.0855717	trans	0.0855717
-0.151114	trans	0.151114
-0.150723	trans	0.150723
-0.162717	trans	0.162717
-0.0499203	trans	0.0499203
-0.0330054	trans	0.0330054
0.0985008	trans	0.0985008
0.0405305	trans	0.0405305
0.0470948	trans	0.0470948
-0.0519624	trans	0.0519624
0.0445567	trans	0.0445567
-0.0415967	trans	0.0415967
-0.0401549	trans	0.0401549
0.0517707	trans	0.0517707
0.0360179	trans	0.0360179
-0.0502993	trans	0.0502993
-0.0330099	trans	0.0330099
-0.0327023	trans	0.0327023
-0.135614	trans	0.135614
0.189344	trans	0.189344
0.0683302	trans	0.0683302
0.0625152	trans	0.0625152
0.0836436	trans	0.0836436
0.0474377	trans	0.0474377
0.132353	trans	0.132353
0.0530706	trans	0.0530706
0.0640705	trans	0.0640705
-0.0670714	trans	0.0670714
-0.0495978	trans	0.0495978
-0.0476375	trans	0.0476375
0.0995272	trans	0.0995272
0.0450727	trans	0.0450727
0.0763193	trans	0.0763193
-0.0575188	trans	0.0575188
0.0426469	trans	0.0426469
0.116224	trans	0.116224
-0.044332	trans	0.044332
-0.0410807	trans	0.0410807
-0.0403398	trans	0.0403398
-0.323434	trans	0.323434
0.0624853	trans	0.0624853
-0.0317864	trans	0.0317864
0.04499	trans	0.04499
0.0424083	trans	0.0424083
0.0392752	trans	0.0392752
0.0374794	trans	0.0374794
0.144044	trans	0.144044
-0.0567632	trans	0.0567632
-0.154859	trans	0.154859
-0.038082	trans	0.038082
0.0620136	trans	0.0620136
-0.0336617	trans	0.0336617
0.05662	trans	0.05662
-0.0425081	trans	0.0425081
0.0861023	trans	0.0861023
0.0535949	trans	0.0535949
-0.0558315	trans	0.0558315
-0.081773	trans	0.081773
-0.0502676	trans	0.0502676
-0.0417775	trans	0.0417775
-0.159035	trans	0.159035
-0.227946	trans	0.227946
0.40266	trans	0.40266
0.0942319	trans	0.0942319
0.0391317	trans	0.0391317
0.0460066	trans	0.0460066
0.0407112	trans	0.0407112
0.0663201	trans	0.0663201
0.0454911	trans	0.0454911
0.0648257	trans	0.0648257
0.0682185	trans	0.0682185
-0.0473279	trans	0.0473279
-0.0504146	trans	0.0504146
-0.053762	trans	0.053762
-0.0516083	trans	0.0516083
0.130683	trans	0.130683
-0.0524812	trans	0.0524812
0.0540517	trans	0.0540517
-0.097486	trans	0.097486
-0.0453162	trans	0.0453162
0.0919422	trans	0.0919422
0.0807388	trans	0.0807388
0.126104	trans	0.126104
0.0626481	trans	0.0626481
0.115259	trans	0.115259
0.080251	trans	0.080251
-0.0454403	trans	0.0454403
0.0555266	trans	0.0555266
-0.239257	trans	0.239257
0.052859	trans	0.052859
0.0425533	trans	0.0425533
-0.116186	trans	0.116186
-0.0413662	trans	0.0413662
0.48957	trans	0.48957
0.279758	trans	0.279758
-0.0434439	trans	0.0434439
0.045596	trans	0.045596
-0.451955	trans	0.451955
0.125225	trans	0.125225
-0.0755793	trans	0.0755793
0.0828656	trans	0.0828656
-1.00184	trans	1.00184
-0.510318	trans	0.510318
0.0411041	trans	0.0411041
0.0530378	trans	0.0530378
0.0804392	trans	0.0804392
0.0893206	trans	0.0893206
0.0604048	trans	0.0604048
-0.0935102	trans	0.0935102
-0.0420374	trans	0.0420374
0.090275	trans	0.090275
-0.0553898	trans	0.0553898
0.0433982	trans	0.0433982
0.0448066	trans	0.0448066
-0.0588823	trans	0.0588823
-0.0478938	trans	0.0478938
-0.0410352	trans	0.0410352
0.0486957	trans	0.0486957
0.0471165	trans	0.0471165
0.0422256	trans	0.0422256
0.114316	trans	0.114316
0.0509123	trans	0.0509123
-0.04585	trans	0.04585
0.0515883	trans	0.0515883
0.044007	trans	0.044007
-0.114286	trans	0.114286
-0.0458615	trans	0.0458615
0.145786	trans	0.145786
0.0924279	trans	0.0924279
0.0757803	trans	0.0757803
-0.0476336	trans	0.0476336
-0.0542115	trans	0.0542115
-0.0542021	trans	0.0542021
-0.107904	trans	0.107904
0.148788	trans	0.148788
0.055104	trans	0.055104
0.0739818	trans	0.0739818
-0.108619	trans	0.108619
0.0588772	trans	0.0588772
-0.0496265	trans	0.0496265
0.053678	trans	0.053678
0.0616975	trans	0.0616975
0.172736	trans	0.172736
-0.174742	trans	0.174742
-0.045816	trans	0.045816
0.0589402	trans	0.0589402
-0.046756	trans	0.046756
-0.0693163	trans	0.0693163
-0.0503337	trans	0.0503337
-0.0841081	trans	0.0841081
-0.0479732	trans	0.0479732
0.0520714	trans	0.0520714
0.066508	trans	0.066508
0.0508224	trans	0.0508224
0.0400359	trans	0.0400359
0.0611621	trans	0.0611621
-0.0402433	trans	0.0402433
0.0424001	trans	0.0424001
-0.120768	trans	0.120768
0.0401472	trans	0.0401472
-0.0493119	trans	0.0493119
-0.0653374	trans	0.0653374
0.0621436	trans	0.0621436
0.0682263	trans	0.0682263
0.0455766	trans	0.0455766
0.0414214	trans	0.0414214
0.127715	trans	0.127715
-0.110202	trans	0.110202
-0.498958	trans	0.498958
0.0498498	trans	0.0498498
-0.0917382	trans	0.0917382
0.118403	trans	0.118403
0.0875327	trans	0.0875327
0.0853123	trans	0.0853123
-0.179287	trans	0.179287
0.0386544	trans	0.0386544
0.0487679	trans	0.0487679
0.0516649	trans	0.0516649
-0.0441036	trans	0.0441036
-0.0422806	trans	0.0422806
-0.0472931	trans	0.0472931
0.376916	trans	0.376916
0.0480531	trans	0.0480531
-0.0692003	trans	0.0692003
0.0547271	trans	0.0547271
0.0726516	trans	0.0726516
0.040178	trans	0.040178
-0.0536949	trans	0.0536949
0.129221	trans	0.129221
-0.0528453	trans	0.0528453
-0.0504954	trans	0.0504954
0.13581	trans	0.13581
-0.0452807	trans	0.0452807
-0.0431343	trans	0.0431343
-0.104122	trans	0.104122
-0.275206	trans	0.275206
-0.0554149	trans	0.0554149
0.0589122	trans	0.0589122
0.0465424	trans	0.0465424
-0.0416408	trans	0.0416408
-0.048466	trans	0.048466
0.0443237	trans	0.0443237
-0.0698312	trans	0.0698312
0.0988777	trans	0.0988777
0.0446961	trans	0.0446961
-0.0560601	trans	0.0560601
-0.0457569	trans	0.0457569
0.0423082	trans	0.0423082
-0.469276	trans	0.469276
0.0582275	trans	0.0582275
0.164855	trans	0.164855
-0.0675918	trans	0.0675918
-0.0350208	trans	0.0350208
-0.0429621	trans	0.0429621
0.307258	trans	0.307258
-0.048228	trans	0.048228
-0.175422	trans	0.175422
0.297694	trans	0.297694
-0.0574707	trans	0.0574707
0.0532549	trans	0.0532549
-0.190454	trans	0.190454
-0.0383624	trans	0.0383624
0.222327	trans	0.222327
-0.0344314	trans	0.0344314
0.051969	trans	0.051969
-0.0881775	trans	0.0881775
-0.243352	trans	0.243352
0.497159	trans	0.497159
-0.0421475	trans	0.0421475
0.0678065	trans	0.0678065
-0.0435962	trans	0.0435962
-0.0588445	trans	0.0588445
-0.0415781	trans	0.0415781
0.0560785	trans	0.0560785
0.0797431	trans	0.0797431
0.0718206	trans	0.0718206
0.0467931	trans	0.0467931
0.0446363	trans	0.0446363
-0.0918871	trans	0.0918871
0.0470501	trans	0.0470501
0.0463832	trans	0.0463832
-0.0431028	trans	0.0431028
-0.0617873	trans	0.0617873
-0.183952	trans	0.183952
0.0549894	trans	0.0549894
-0.0630023	trans	0.0630023
0.0450008	trans	0.0450008
-0.0543427	trans	0.0543427
0.0508039	trans	0.0508039
0.0366333	trans	0.0366333
-0.22589	trans	0.22589
0.15694	trans	0.15694
-0.227508	trans	0.227508
0.0419821	trans	0.0419821
-0.0534635	trans	0.0534635
0.0506602	trans	0.0506602
-0.080543	trans	0.080543
-0.0820072	trans	0.0820072
0.927261	trans	0.927261
-0.0785985	trans	0.0785985
-0.0606616	trans	0.0606616
-0.0611824	trans	0.0611824
0.0990877	trans	0.0990877
-0.0549083	trans	0.0549083
-0.0681153	trans	0.0681153
-0.0450099	trans	0.0450099
0.0916452	trans	0.0916452
0.0543161	trans	0.0543161
-0.0413012	trans	0.0413012
0.07731	trans	0.07731
-0.0512151	trans	0.0512151
0.0547034	trans	0.0547034
0.0485633	trans	0.0485633
-0.0658062	trans	0.0658062
0.0945962	trans	0.0945962
0.0616582	trans	0.0616582
-0.0519751	trans	0.0519751
0.0516873	trans	0.0516873
0.0431031	trans	0.0431031
0.0433137	trans	0.0433137
-0.0440532	trans	0.0440532
-0.0478119	trans	0.0478119
0.0543606	trans	0.0543606
0.0442398	trans	0.0442398
-0.0525102	trans	0.0525102
0.0510588	trans	0.0510588
-0.0651318	trans	0.0651318
0.0732551	trans	0.0732551
0.0607159	trans	0.0607159
-0.0481439	trans	0.0481439
-0.0683001	trans	0.0683001
0.109673	trans	0.109673
0.128349	trans	0.128349
0.0464149	trans	0.0464149
-0.109698	trans	0.109698
-0.0470242	trans	0.0470242
0.0549268	trans	0.0549268
-0.0982739	trans	0.0982739
0.0369499	trans	0.0369499
-0.0535682	trans	0.0535682
0.0583065	trans	0.0583065
0.0423135	trans	0.0423135
-0.0335883	trans	0.0335883
0.0699379	trans	0.0699379
-0.0409047	trans	0.0409047
-0.0849988	trans	0.0849988
-0.0391354	trans	0.0391354
-0.0802249	trans	0.0802249
-0.0617846	trans	0.0617846
0.0546306	trans	0.0546306
0.0397683	trans	0.0397683
0.0387301	trans	0.0387301
-0.0467371	trans	0.0467371
-0.0429259	trans	0.0429259
0.310652	trans	0.310652
-0.0433459	trans	0.0433459
0.24103	trans	0.24103
0.0402969	trans	0.0402969
0.0460176	trans	0.0460176
0.0420002	trans	0.0420002
0.121512	trans	0.121512
0.0461876	trans	0.0461876
-0.0480355	trans	0.0480355
0.0475144	trans	0.0475144
-0.0449972	trans	0.0449972
-0.0481908	trans	0.0481908
-0.0419481	trans	0.0419481
0.0859225	trans	0.0859225
0.0788487	trans	0.0788487
0.145832	trans	0.145832
0.39597	trans	0.39597
0.07304	trans	0.07304
0.0555472	trans	0.0555472
-0.0448385	trans	0.0448385
0.268764	trans	0.268764
0.0641463	trans	0.0641463
0.0436674	trans	0.0436674
-0.0505574	trans	0.0505574
-0.0588312	trans	0.0588312
0.0764328	trans	0.0764328
0.0459871	trans	0.0459871
-0.0477177	trans	0.0477177
0.0455059	trans	0.0455059
-0.0428898	trans	0.0428898
0.0424263	trans	0.0424263
0.0903457	trans	0.0903457
-0.183527	trans	0.183527
0.0678944	trans	0.0678944
-0.0537313	trans	0.0537313
0.0520623	trans	0.0520623
0.059159	trans	0.059159
-0.138092	trans	0.138092
-0.0639623	trans	0.0639623
-0.126894	trans	0.126894
-0.0679733	trans	0.0679733
-0.0668389	trans	0.0668389
-0.222143	trans	0.222143
0.0586055	trans	0.0586055
0.0425679	trans	0.0425679
0.0420018	trans	0.0420018
-0.0514337	trans	0.0514337
0.100611	trans	0.100611
0.115239	trans	0.115239
0.0448618	trans	0.0448618
0.0439562	trans	0.0439562
0.0543973	trans	0.0543973
0.0488619	trans	0.0488619
0.0556272	trans	0.0556272
-0.0506163	trans	0.0506163
0.148598	trans	0.148598
0.0635921	trans	0.0635921
-0.0890019	trans	0.0890019
0.0469777	trans	0.0469777
0.0466729	trans	0.0466729
0.0517628	trans	0.0517628
0.182682	trans	0.182682
0.0438201	trans	0.0438201
0.0571983	trans	0.0571983
0.0437638	trans	0.0437638
-0.0587374	trans	0.0587374
-0.0663476	trans	0.0663476
0.0547679	trans	0.0547679
0.0788602	trans	0.0788602
0.0881278	trans	0.0881278
0.0470528	trans	0.0470528
-0.173432	trans	0.173432
-0.215978	trans	0.215978
0.058471	trans	0.058471
0.0993914	trans	0.0993914
0.0589169	trans	0.0589169
-0.152845	trans	0.152845
0.0572447	trans	0.0572447
0.0469416	trans	0.0469416
0.111777	trans	0.111777
-0.0590633	trans	0.0590633
-0.106674	trans	0.106674
-0.0563485	trans	0.0563485
0.0445672	trans	0.0445672
0.0421128	trans	0.0421128
-0.0436041	trans	0.0436041
0.0609728	trans	0.0609728
-0.0439337	trans	0.0439337
0.157311	trans	0.157311
0.0538903	trans	0.0538903
0.0778981	trans	0.0778981
0.0692371	trans	0.0692371
-0.138025	trans	0.138025
0.821822	trans	0.821822
0.297069	trans	0.297069
0.0546272	trans	0.0546272
0.0907659	trans	0.0907659
-0.0437244	trans	0.0437244
-0.0916123	trans	0.0916123
-0.0441699	trans	0.0441699
-0.0792625	trans	0.0792625
0.0505591	trans	0.0505591
0.202644	trans	0.202644
-0.219853	trans	0.219853
0.147299	trans	0.147299
-0.0447442	trans	0.0447442
0.0580445	trans	0.0580445
-0.207241	trans	0.207241
0.0493862	trans	0.0493862
0.093959	trans	0.093959
0.0381063	trans	0.0381063
-0.0993602	trans	0.0993602
-0.0592687	trans	0.0592687
0.357272	trans	0.357272
0.048317	trans	0.048317
0.0529766	trans	0.0529766
-0.0516554	trans	0.0516554
-0.0635086	trans	0.0635086
-0.0559106	trans	0.0559106
-0.0557137	trans	0.0557137
0.166479	trans	0.166479
0.0454688	trans	0.0454688
0.0665218	trans	0.0665218
-0.214159	trans	0.214159
-0.188714	trans	0.188714
-0.0446819	trans	0.0446819
-0.085004	trans	0.085004
0.127268	trans	0.127268
-0.0443015	trans	0.0443015
0.0542112	trans	0.0542112
0.0623747	trans	0.0623747
0.129433	trans	0.129433
0.0965537	trans	0.0965537
0.0525429	trans	0.0525429
0.955651	trans	0.955651
-0.512388	trans	0.512388
-0.0917245	trans	0.0917245
-0.0642577	trans	0.0642577
-0.0478277	trans	0.0478277
-0.140135	trans	0.140135
-0.0612514	trans	0.0612514
0.058771	trans	0.058771
0.187642	trans	0.187642
-0.129923	trans	0.129923
0.0834761	trans	0.0834761
-0.0530274	trans	0.0530274
-0.0677972	trans	0.0677972
-0.0752145	trans	0.0752145
-0.043904	trans	0.043904
-0.0507146	trans	0.0507146
0.113334	trans	0.113334
0.0496886	trans	0.0496886
-0.097118	trans	0.097118
0.0600932	trans	0.0600932
-0.08343	trans	0.08343
0.0416137	trans	0.0416137
-0.0497311	trans	0.0497311
0.127875	trans	0.127875
-0.0546312	trans	0.0546312
-0.102645	trans	0.102645
-0.0513591	trans	0.0513591
0.0802686	trans	0.0802686
0.0905166	trans	0.0905166
-0.161721	trans	0.161721
-0.0495486	trans	0.0495486
0.130363	trans	0.130363
0.0600449	trans	0.0600449
0.0945492	trans	0.0945492
-0.0449898	trans	0.0449898
0.155979	trans	0.155979
0.0686532	trans	0.0686532
0.0639725	trans	0.0639725
-0.132568	trans	0.132568
-0.7946	trans	0.7946
-0.0412095	trans	0.0412095
-0.0392602	trans	0.0392602
0.114844	trans	0.114844
-0.045306	trans	0.045306
0.0374303	trans	0.0374303
0.095308	trans	0.095308
0.036579	trans	0.036579
0.107826	trans	0.107826
0.0343606	trans	0.0343606
0.603208	trans	0.603208
-0.0490486	trans	0.0490486
-0.0997899	trans	0.0997899
0.0428901	trans	0.0428901
-0.0342684	trans	0.0342684
-0.0625526	trans	0.0625526
-0.0390436	trans	0.0390436
-0.0858055	trans	0.0858055
-0.115777	trans	0.115777
-0.123578	trans	0.123578
0.0403058	trans	0.0403058
0.107567	trans	0.107567
0.0400237	trans	0.0400237
-0.0469787	trans	0.0469787
0.0488504	trans	0.0488504
-0.037673	trans	0.037673
-0.401079	trans	0.401079
0.0458826	trans	0.0458826
-0.0822873	trans	0.0822873
0.0370015	trans	0.0370015
0.0407633	trans	0.0407633
-0.0287593	trans	0.0287593
-0.0388181	trans	0.0388181
0.0475825	trans	0.0475825
0.100299	trans	0.100299
0.122049	trans	0.122049
0.0580568	trans	0.0580568
-0.0896319	trans	0.0896319
0.0438632	trans	0.0438632
0.0524305	trans	0.0524305
-0.0387943	trans	0.0387943
-0.0376378	trans	0.0376378
0.0493661	trans	0.0493661
0.0420672	trans	0.0420672
-0.0427816	trans	0.0427816
0.0613335	trans	0.0613335
-0.0380073	trans	0.0380073
0.0492792	trans	0.0492792
0.0675109	trans	0.0675109
-0.0584505	trans	0.0584505
0.165028	trans	0.165028
0.07119	trans	0.07119
-0.0487419	trans	0.0487419
0.328896	trans	0.328896
-0.0983832	trans	0.0983832
-0.191964	trans	0.191964
0.0490678	trans	0.0490678
0.0501099	trans	0.0501099
0.0421968	trans	0.0421968
0.0886866	trans	0.0886866
0.0473323	trans	0.0473323
0.0423687	trans	0.0423687
-0.068629	trans	0.068629
0.0603934	trans	0.0603934
0.047206	trans	0.047206
-0.0422673	trans	0.0422673
0.0487436	trans	0.0487436
0.0441473	trans	0.0441473
0.0566517	trans	0.0566517
0.0487002	trans	0.0487002
-0.0475575	trans	0.0475575
0.112441	trans	0.112441
0.0465358	trans	0.0465358
-0.130874	trans	0.130874
0.369644	trans	0.369644
-0.0894504	trans	0.0894504
0.205416	trans	0.205416
0.132815	trans	0.132815
0.311608	trans	0.311608
0.129156	trans	0.129156
-0.0812347	trans	0.0812347
0.609436	trans	0.609436
-0.0424623	trans	0.0424623
0.059334	trans	0.059334
0.0494907	trans	0.0494907
-0.0520817	trans	0.0520817
-0.115348	trans	0.115348
0.380855	trans	0.380855
-0.0462619	trans	0.0462619
-0.0440177	trans	0.0440177
0.059288	trans	0.059288
0.0948641	trans	0.0948641
0.0498759	trans	0.0498759
0.0986468	trans	0.0986468
-0.0422499	trans	0.0422499
1.31755	trans	1.31755
-0.0427308	trans	0.0427308
-0.108666	trans	0.108666
-0.0632288	trans	0.0632288
-0.0605583	trans	0.0605583
0.052455	trans	0.052455
-0.0515646	trans	0.0515646
0.0446857	trans	0.0446857
0.0678918	trans	0.0678918
-0.0514178	trans	0.0514178
-0.0348033	trans	0.0348033
0.16646	trans	0.16646
-0.0369821	trans	0.0369821
0.0393611	trans	0.0393611
0.223134	trans	0.223134
-0.201377	trans	0.201377
0.0717091	trans	0.0717091
0.0491443	trans	0.0491443
-0.0451058	trans	0.0451058
0.0532425	trans	0.0532425
0.054459	trans	0.054459
0.0534641	trans	0.0534641
0.077939	trans	0.077939
0.0762746	trans	0.0762746
-0.0477566	trans	0.0477566
-0.0646271	trans	0.0646271
0.051039	trans	0.051039
0.0427252	trans	0.0427252
-0.046564	trans	0.046564
0.0684962	trans	0.0684962
0.512309	trans	0.512309
0.375314	trans	0.375314
0.0463199	trans	0.0463199
0.218223	trans	0.218223
0.275422	trans	0.275422
-0.0868668	trans	0.0868668
0.110364	trans	0.110364
0.470872	trans	0.470872
1.57718	trans	1.57718
1.80601	trans	1.80601
-0.0446876	trans	0.0446876
0.0502083	trans	0.0502083
0.0373844	trans	0.0373844
0.0646995	trans	0.0646995
0.0507794	trans	0.0507794
0.315777	trans	0.315777
0.0552487	trans	0.0552487
0.0463188	trans	0.0463188
-0.160209	trans	0.160209
-0.0766599	trans	0.0766599
0.0514212	trans	0.0514212
-0.0427406	trans	0.0427406
-0.0478434	trans	0.0478434
0.0452406	trans	0.0452406
0.0536256	trans	0.0536256
-0.0522366	trans	0.0522366
-0.0420626	trans	0.0420626
-0.0528521	trans	0.0528521
-0.230369	trans	0.230369
-0.0849071	trans	0.0849071
-0.0559808	trans	0.0559808
-0.0871547	trans	0.0871547
0.0505685	trans	0.0505685
0.0757249	trans	0.0757249
0.451993	trans	0.451993
0.71118	trans	0.71118
0.508264	trans	0.508264
0.0447144	trans	0.0447144
0.0350955	trans	0.0350955
-0.0379767	trans	0.0379767
0.0430565	trans	0.0430565
-0.111168	trans	0.111168
0.067361	trans	0.067361
0.0413536	trans	0.0413536
0.0420217	trans	0.0420217
-0.0451401	trans	0.0451401
0.0700695	trans	0.0700695
0.0352821	trans	0.0352821
-0.055247	trans	0.055247
0.0605077	trans	0.0605077
-0.0775028	trans	0.0775028
-0.171269	trans	0.171269
-0.633907	trans	0.633907
-0.252455	trans	0.252455
-0.126862	trans	0.126862
-0.0622795	trans	0.0622795
-0.190482	trans	0.190482
-0.0452142	trans	0.0452142
-0.0464915	trans	0.0464915
0.0414305	trans	0.0414305
-0.0661249	trans	0.0661249
0.0604988	trans	0.0604988
0.063118	trans	0.063118
-0.0423972	trans	0.0423972
0.0536757	trans	0.0536757
-0.0410636	trans	0.0410636
-0.0872886	trans	0.0872886
0.0488138	trans	0.0488138
0.0698377	trans	0.0698377
0.057703	trans	0.057703
0.107448	trans	0.107448
0.0494809	trans	0.0494809
-0.0489702	trans	0.0489702
0.0625613	trans	0.0625613
0.0855583	trans	0.0855583
-0.0827574	trans	0.0827574
-0.470912	trans	0.470912
0.0448257	trans	0.0448257
0.0387136	trans	0.0387136
-0.0536665	trans	0.0536665
-0.0714535	trans	0.0714535
-0.126575	trans	0.126575
0.371761	trans	0.371761
0.127761	trans	0.127761
0.116841	trans	0.116841
-0.0429946	trans	0.0429946
-0.0410258	trans	0.0410258
0.0420147	trans	0.0420147
-0.0519798	trans	0.0519798
0.328751	trans	0.328751
0.0511587	trans	0.0511587
0.134238	trans	0.134238
-0.040501	trans	0.040501
-0.0582182	trans	0.0582182
0.0874951	trans	0.0874951
0.0444017	trans	0.0444017
0.0530511	trans	0.0530511
-0.0413249	trans	0.0413249
-0.0525145	trans	0.0525145
-0.04778	trans	0.04778
-0.0634816	trans	0.0634816
-0.0950394	trans	0.0950394
0.0429796	trans	0.0429796
-0.0973885	trans	0.0973885
0.0498218	trans	0.0498218
-0.136889	trans	0.136889
0.0482013	trans	0.0482013
-0.0457543	trans	0.0457543
0.0627514	trans	0.0627514
0.0559645	trans	0.0559645
0.051399	trans	0.051399
0.0476475	trans	0.0476475
0.0694222	trans	0.0694222
0.190564	trans	0.190564
-0.0533335	trans	0.0533335
0.0485697	trans	0.0485697
0.0412507	trans	0.0412507
0.0470154	trans	0.0470154
-0.0471045	trans	0.0471045
-0.0683762	trans	0.0683762
0.0588004	trans	0.0588004
0.479695	trans	0.479695
-0.0504331	trans	0.0504331
0.0960106	trans	0.0960106
-0.0460687	trans	0.0460687
-0.0710283	trans	0.0710283
0.126027	trans	0.126027
0.0866245	trans	0.0866245
0.0750777	trans	0.0750777
-0.0578346	trans	0.0578346
0.042786	trans	0.042786
0.0451179	trans	0.0451179
-0.0674563	trans	0.0674563
-0.136656	trans	0.136656
0.232048	trans	0.232048
-0.0856097	trans	0.0856097
0.0671919	trans	0.0671919
0.0717578	trans	0.0717578
0.0647943	trans	0.0647943
0.0501335	trans	0.0501335
0.0494541	trans	0.0494541
-0.100965	trans	0.100965
0.0425368	trans	0.0425368
-0.0508474	trans	0.0508474
0.26338	trans	0.26338
0.0511862	trans	0.0511862
0.0490916	trans	0.0490916
-0.0878578	trans	0.0878578
0.0491036	trans	0.0491036
0.0450199	trans	0.0450199
-0.612852	trans	0.612852
-0.300709	trans	0.300709
0.138553	trans	0.138553
0.0414381	trans	0.0414381
-0.0505668	trans	0.0505668
0.0613641	trans	0.0613641
0.0455689	trans	0.0455689
-0.0542426	trans	0.0542426
-0.0571543	trans	0.0571543
0.0469648	trans	0.0469648
0.0561409	trans	0.0561409
0.0622272	trans	0.0622272
0.0447341	trans	0.0447341
-0.0437331	trans	0.0437331
0.0469957	trans	0.0469957
-0.0551285	trans	0.0551285
-0.0806098	trans	0.0806098
0.0834203	trans	0.0834203
0.0443703	trans	0.0443703
0.0588331	trans	0.0588331
0.0468912	trans	0.0468912
0.0580515	trans	0.0580515
0.0632135	trans	0.0632135
-0.043189	trans	0.043189
-0.042303	trans	0.042303
0.055358	trans	0.055358
0.0528313	trans	0.0528313
0.0531454	trans	0.0531454
0.0626857	trans	0.0626857
0.067762	trans	0.067762
-0.0653627	trans	0.0653627
0.370948	trans	0.370948
-0.0581546	trans	0.0581546
-0.0548876	trans	0.0548876
0.0752607	trans	0.0752607
0.0780958	trans	0.0780958
0.0433216	trans	0.0433216
-0.140566	trans	0.140566
0.072429	trans	0.072429
0.0540974	trans	0.0540974
-0.0611338	trans	0.0611338
0.0794102	trans	0.0794102
0.0541638	trans	0.0541638
-0.110638	trans	0.110638
-0.0464032	trans	0.0464032
-0.0488288	trans	0.0488288
0.0487251	trans	0.0487251
-0.0547204	trans	0.0547204
-0.0515865	trans	0.0515865
-0.062734	trans	0.062734
0.0714967	trans	0.0714967
-0.0492307	trans	0.0492307
0.133933	trans	0.133933
0.0931537	trans	0.0931537
0.0519234	trans	0.0519234
0.0473874	trans	0.0473874
-0.0618161	trans	0.0618161
-0.084111	trans	0.084111
0.07088	trans	0.07088
0.04919	trans	0.04919
0.043044	trans	0.043044
-0.0581521	trans	0.0581521
0.214723	trans	0.214723
0.0442394	trans	0.0442394
-0.0481632	trans	0.0481632
-0.0266209	trans	0.0266209
0.0513939	trans	0.0513939
-0.0302979	trans	0.0302979
0.0281451	trans	0.0281451
0.749959	trans	0.749959
0.742648	trans	0.742648
0.685887	trans	0.685887
0.30158	trans	0.30158
-0.0719278	trans	0.0719278
-0.0340866	trans	0.0340866
-0.0970531	trans	0.0970531
-0.0400551	trans	0.0400551
-0.053169	trans	0.053169
0.0285642	trans	0.0285642
-0.0685546	trans	0.0685546
