Pheno_Type,Pheno,Geno_Type,VariantID,Chr,ChrPos,PValue,SnpWeight,SnpWeightSE,EffectSize,Loc
Growth,SC14degr_24h,SVs,CNV_YDL227C_Cov0.75,4,46271,3.04E-09,-0.2185846,0.03649043,0.01266469,NA
Growth,SC14degr_24h,SVs,CNV_YX01669_Cov0.75,8,515736,2.60E-06,-0.1917002,0.04052025,0.03462273,NA
Growth,SC14degr_24h,SNPs,SNP_chromosome4_592486_C_A,4,592486,3.18E-06,-0.2003041,0.04271987,0.00724886,NA
Growth,SC4NQO01ugml_38h,SNPs,SNP_chromosome14_244915_T_G,14,244915,1.64E-06,-0.3170623,0.06569871,0.09312662,NA
Growth,SC4NQO05ugml_24h,SVs,CNV_YFL050C_Cov0.75,6,33272,1.85E-06,0.18353989,0.03821992,0.00689796,NA
Growth,SC4NQO05ugml_38h,SVs,CNV_YFL050C_Cov0.75,6,33272,1.45E-08,0.21119421,0.03691921,0.00924929,NA
Growth,SC4NQO15ugml_24h,SVs,CNV_YX00594_Cov0.25,4,46858,1.48E-08,-0.2087406,0.03651314,0.00946939,NA
Growth,SC4NQO15ugml_24h,SNPs,SNP_chromosome13_439978_A_T,13,439978,3.49E-06,-0.2339654,0.0501037,0.04498814,NA
Growth,SC4NQO15ugml_38h,SVs,CNV_YX00594_Cov0.25,4,46858,4.33E-08,-0.199624,0.0361324,0.00859894,NA
Growth,SC4NQO15ugml_38h,SNPs,SNP_chromosome13_293931_G_A,13,293931,2.76E-06,0.27134684,0.05751021,0.06473264,NA
Growth,SC4NQO15ugml_38h,SNPs,SNP_chromosome14_263625_T_A,14,263625,3.08E-06,-0.3326784,0.07085103,0.10500563,NA
Growth,SC4NQO15ugml_38h,SNPs,SNP_chromosome15_441770_A_G,15,441770,5.07E-06,0.15992397,0.03484212,0.00636963,NA
Growth,SC4NQO1ugml_38h,SVs,CNV_YX00455_Cov0.25,3,199369,9.21E-07,-0.1875391,0.03794098,0.00676291,NA
Growth,SC4NQO2ugml_24h,SVs,CNV_YDL227C_Cov0.75,4,46271,7.94E-12,-0.2488018,0.03588663,0.0166396,NA
Growth,SC4NQO2ugml_24h,SVs,CNV_YX00433_Cov1.25,3,190232,1.76E-07,-0.1866307,0.03545055,0.02093239,NA
Growth,SC4NQO2ugml_38h,SVs,CNV_YX00594_Cov0.25,4,46858,2.21E-07,-0.1809671,0.03465983,0.0071357,NA
Growth,SC4NQO2ugml_38h,SNPs,SNP_chromosome6_175077_A_G,6,175077,2.42E-07,0.37158892,0.07140497,0.12550838,NA
Growth,SC4NQO2ugml_38h,SVs,CNV_YX00433_Cov1.25,3,190232,6.53E-07,-0.1743164,0.03478524,0.01812945,NA
Growth,SC5FU_Set1_10ugml_24h,SVs,CNV_YJR148W_Cov1.25,10,705744,3.22E-07,-0.1809164,0.03513273,0.00423942,NA
Growth,SC5FU_Set1_10ugml_24h,SVs,CNV_YDR542W_Cov6.25,4,1523249,5.14E-06,0.22048613,0.04806781,0.02859302,NA
Growth,SC5FU_Set1_10ugml_38h,SNPs,SNP_chromosome13_406355_T_C,13,406355,1.22E-07,-0.1934989,0.03627721,0.01693808,NA
Growth,SC5FU_Set1_10ugml_38h,SNPs,SNP_chromosome5_513385_G_A,5,513385,1.92E-06,-0.3193987,0.06663449,0.05679615,NA
Growth,SC5FU_Set1_1ugml_24h,SVs,CNV_YJR148W_Cov1.25,10,705744,6.77E-07,-0.1797223,0.03591304,0.00421087,NA
Growth,SC5FU_Set1_1ugml_38h,SVs,SV_5244_DEL_chromosome13_600892_len_-698,13,600892,1.13E-06,0.20809453,0.04244636,0.01618221,NA
Growth,SC5FU_Set1_1ugml_38h,SNPs,SNP_chromosome13_406355_T_C,13,406355,4.88E-06,-0.1705711,0.03709482,0.01318452,NA
Growth,SC5FU_Set1_1ugml_38h,SVs,CNV_YX01866_Cov8.25,9,428770,5.31E-06,-0.1568437,0.03424342,0.00952488,NA
Growth,SC5FU_Set3_100ugml_38h,SVs,CNV_YMR170C_Cov0.25,13,601562,9.86E-07,-0.1908883,0.03873036,0.00943844,NA
Growth,SC5FU_Set3_100ugml_38h,SVs,CNV_YX01911_Cov0.75,10,7589,1.32E-06,-0.2131166,0.04375753,0.01380794,NA
Growth,SC5FU_Set3_250ugml_24h,SVs,CNV_YDL227C_Cov0.75,4,46271,7.78E-12,-0.2242055,0.03232954,0.0131695,NA
Growth,SC5FU_Set3_250ugml_24h,SVs,CNV_YX00433_Cov1.25,3,190232,9.07E-11,-0.2073282,0.03160338,0.02546502,NA
Growth,SC5FU_Set3_250ugml_24h,SVs,CNV_YOR060C_Cov0.75,15,440390,4.66E-06,0.17415158,0.03779649,0.00688262,NA
Growth,SC5FU_Set3_250ugml_24h,SNPs,SNP_chromosome15_172768_G_A,15,172768,5.57E-06,-0.2270842,0.04969335,0.04204911,NA
Growth,SC5FU_Set3_250ugml_38h,SVs,CNV_YDL227C_Cov0.75,4,46271,1.38E-08,-0.184211,0.03215579,0.0088581,NA
Growth,SC5FU_Set3_250ugml_38h,SVs,CNV_YX00433_Cov1.25,3,190232,1.49E-08,-0.1792418,0.03135946,0.01896436,NA
Growth,SC6AU100ugml_24h,SVs,SV_5244_DEL_chromosome13_600892_len_-698,13,600892,3.91E-07,-0.2104409,0.04116732,0.01698935,NA
Growth,SC6AU100ugml_24h,SVs,CNV_YMR170C_Cov0.25,13,601562,7.32E-07,-0.1912048,0.03832973,0.00930315,NA
Growth,SC6AU100ugml_38h,SVs,SV_5244_DEL_chromosome13_600892_len_-698,13,600892,1.13E-14,-0.3202798,0.04076391,0.03960023,NA
Growth,SC6AU100ugml_38h,SVs,CNV_YMR170C_Cov0.25,13,601562,3.11E-11,-0.2586224,0.03844904,0.01720454,NA
Growth,SC6AU100ugml_38h,SNPs,SNP_chromosome13_556842_G_A,13,556842,2.08E-06,0.38000689,0.07955271,0.13344702,NA
Growth,SC6AU200ugml_24h,SVs,CNV_YOR084W_Cov0.75,15,480587,8.97E-11,0.2279044,0.03472716,0.0537312,NA
Growth,SC6AU200ugml_24h,SVs,CNV_YX00433_Cov1.25,3,190232,1.12E-10,-0.2023219,0.03099127,0.02504515,NA
Growth,SC6AU200ugml_24h,SVs,CNV_YDL227C_Cov0.75,4,46271,2.01E-09,-0.193945,0.03200562,0.01028758,NA
Growth,SC6AU200ugml_24h,SVs,CNV_YLR337C_Cov0.75,12,802653,1.11E-07,0.1732362,0.03236907,0.03140935,NA
Growth,SC6AU200ugml_24h,SVs,CNV_YDR360W_Cov0.75,4,1194598,1.86E-06,-0.1290472,0.02688466,0.01043932,NA
Growth,SC6AU200ugml_24h,SNPs,SNP_chromosome12_884066_G_A,12,884066,1.86E-06,0.28708721,0.05981152,0.01621331,NA
Growth,SC6AU200ugml_24h,SVs,CNV_YFL041W-A_Cov0.75,6,48734,2.44E-06,-0.1363498,0.02874067,0.0047844,NA
Growth,SC6AU200ugml_24h,SVs,CNV_YX03121_Cov0.75,15,463780,2.52E-06,0.16348725,0.03450865,0.02809451,NA
Growth,SC6AU200ugml_24h,SVs,CNV_YFL050C_Cov0.75,6,33272,2.67E-06,-0.1542015,0.03263438,0.00553577,NA
Growth,SC6AU200ugml_24h,SVs,CNV_YCL067C_Cov3.25,3,12386,3.51E-06,-0.1470053,0.03149253,0.02217365,NA
Growth,SC6AU200ugml_38h,SVs,CNV_YOR084W_Cov0.75,15,480587,6.56E-10,0.21569699,0.03453995,0.0472647,NA
Growth,SC6AU200ugml_38h,SVs,CNV_YLR337C_Cov0.75,12,802653,1.81E-07,0.16899862,0.03213207,0.0293493,NA
Growth,SC6AU200ugml_38h,SVs,CNV_YCL067C_Cov3.25,3,12386,1.35E-06,-0.1518544,0.03121517,0.02320103,NA
Growth,SC6AU200ugml_38h,SVs,CNV_YCL066W_Cov1.25,3,13282,2.06E-06,-0.178869,0.03742738,0.02343663,NA
Growth,SC6AU50ugml_38h,SVs,SV_5244_DEL_chromosome13_600892_len_-698,13,600892,4.23E-10,-0.2567919,0.04065796,0.02539576,NA
Growth,SC6AU50ugml_38h,SVs,CNV_YMR170C_Cov0.25,13,601562,1.65E-06,-0.1850323,0.03835691,0.00878549,NA
Growth,SC6AU50ugml_38h,SNPs,SNP_chromosome8_446152_G_A,8,446152,2.16E-06,-0.1777665,0.03727051,0.00604852,NA
Growth,SCbafilomycinB105ugml_24h,SVs,SV_5244_DEL_chromosome13_600892_len_-698,13,600892,1.27E-08,0.25474324,0.04427734,0.01538679,NA
Growth,SCbafilomycinB105ugml_38h,SVs,SV_5244_DEL_chromosome13_600892_len_-698,13,600892,1.73E-14,0.31927319,0.04084768,0.02439325,NA
Growth,SCbafilomycinB105ugml_38h,SVs,CNV_YMR170C_Cov0.25,13,601562,4.34E-09,0.22401967,0.03773375,0.00739115,NA
Growth,SCbafilomycinB105ugml_38h,SVs,CNV_YX02530_Cov2.25,12,1027177,4.61E-06,0.17992315,0.03899621,0.02738222,NA
Growth,SCbafilomycinB11ugml_24h,SVs,CNV_YDL227C_Cov0.75,4,46271,8.39E-07,-0.1706384,0.03439161,0.00768478,NA
Growth,SCbafilomycinB12ugml_38h,SNPs,SNP_chromosome13_171869_A_G,13,171869,4.17E-06,0.23074125,0.04980791,0.00723636,NA
Growth,SCbenomyl100ugml_24h,SNPs,SNP_chromosome7_706580_T_A,7,706580,6.22E-07,-0.2414517,0.04809223,0.01564541,NA
Growth,SCbenomyl100ugml_38h,SNPs,SNP_chromosome7_706580_T_A,7,706580,1.54E-06,-0.2254034,0.04658742,0.01395255,NA
Growth,SCbenomyl100ugml_38h,SNPs,SNP_chromosome8_46055_A_G,8,46055,3.10E-06,-0.1862761,0.03968217,0.00645389,NA
Growth,SCbenomyl100ugml_38h,INDELs,INDEL_chromosome8_440333,8,440333,3.43E-06,-0.2251943,0.04819268,0.02869443,NA
Growth,SCbenomyl200ugml_24h,SVs,CNV_YDL227C_Cov0.75,4,46271,3.98E-06,-0.1607364,0.03463123,0.00680144,NA
Growth,SCbenomyl200ugml_38h,SVs,CNV_YX01464_Cov1.25,7,941361,1.38E-06,-0.1469422,0.03022839,0.01526388,NA
Growth,SCbenomyl500ugml_24h,SVs,CNV_YX01464_Cov1.25,7,941361,5.31E-07,-0.1638632,0.03243799,0.01974829,NA
Growth,SCbenomyl500ugml_24h,SVs,CNV_YDL227C_Cov0.75,4,46271,2.79E-06,-0.1654168,0.03507767,0.00744916,NA
Growth,SCbenomyl500ugml_38h,SVs,CNV_YDL227C_Cov0.75,4,46271,1.38E-07,-0.1792761,0.03375992,0.00867998,NA
Growth,SCcaffein10mM_24h,SNPs,SNP_chromosome10_566656_A_G,10,566656,2.73E-07,0.32362815,0.06246755,0.0962531,NA
Growth,SCcaffein10mM_24h,SVs,CNV_YX00433_Cov1.25,3,190232,3.64E-06,-0.1506791,0.03233479,0.0133336,NA
Growth,SCcaffein10mM_38h,SVs,CNV_YAL013W_Cov1.25,1,129270,2.49E-06,-0.1870981,0.03947454,0.0067489,NA
Growth,SCcaffein20mM_24h,SVs,CNV_YX00433_Cov1.25,3,190232,8.27E-07,-0.1592664,0.03208502,0.01510409,NA
Growth,SCcaffein20mM_24h,SNPs,SNP_chromosome4_592486_C_A,4,592486,1.42E-06,-0.1994461,0.04108351,0.00745351,NA
Growth,SCcaffein20mM_24h,SVs,CNV_YDL227C_Cov0.75,4,46271,3.15E-06,-0.15435,0.03290635,0.00627444,NA
Growth,SCcaffein20mM_38h,SNPs,SNP_chromosome11_551500_T_G,11,551500,3.63E-06,-0.2786816,0.05979216,0.03277226,NA
Growth,SCcamptothecin25ugml_38h,SVs,SV_5244_DEL_chromosome13_600892_len_-698,13,600892,6.96E-10,-0.2522071,0.0404451,0.02344313,NA
Growth,SCcamptothecin25ugml_38h,SNPs,SNP_chromosome2_554534_T_A,2,554534,7.58E-06,-0.1583762,0.03516825,0.00871677,NA
Growth,SCcamptothecin50ugml_24h,SVs,SV_5244_DEL_chromosome13_600892_len_-698,13,600892,3.52E-07,-0.2099862,0.04091153,0.01605213,NA
Growth,SCcamptothecin50ugml_38h,SVs,SV_5244_DEL_chromosome13_600892_len_-698,13,600892,2.00E-11,-0.2722007,0.04006168,0.02729297,NA
Growth,SCcamptothecin50ugml_38h,SVs,CNV_YMR170C_Cov0.25,13,601562,6.31E-07,-0.1917283,0.03820727,0.00917685,NA
Growth,SCcamptothecin5ugml_38h,SVs,CNV_YIL016W_Cov1.25,9,321454,5.03E-07,-0.2887714,0.05702689,0.02034507,NA
Growth,SCcamptothecin5ugml_38h,SNPs,SNP_chromosome9_215631_A_C,9,215631,1.29E-06,0.20030904,0.04108512,0.00636911,NA
Growth,SCCHX025ugml_24h,SVs,CNV_YDL009C_Cov0.75,4,432925,4.74E-09,0.18920847,0.03199132,0.01219068,NA
Growth,SCCHX025ugml_38h,SVs,CNV_YDL009C_Cov0.75,4,432925,1.37E-08,0.17779923,0.03102617,0.01072578,NA
Growth,SCCHX025ugml_38h,SVs,CNV_YHR172W_Cov1.25,8,448335,3.87E-06,0.17387646,0.03741693,0.00569303,NA
Growth,SCCHX05ugml_24h,SVs,CNV_YDL227C_Cov0.75,4,46271,2.12E-10,-0.2150208,0.03345777,0.01221545,NA
Growth,SCCHX05ugml_24h,SVs,CNV_YDL009C_Cov0.75,4,432925,2.94E-06,0.16153749,0.0343333,0.0088696,NA
Growth,SCCHX05ugml_38h,SVs,CNV_YDL009C_Cov0.75,4,432925,1.59E-08,0.18562774,0.03254464,0.01163474,NA
Growth,SCCuSO401mM_24h,SVs,CNV_YHR053C_Cov0.75,8,212535,1.40E-11,-0.3054355,0.04460549,0.08938018,NA
Growth,SCCuSO401mM_24h,SNPs,SNP_chromosome12_1030831_A_G,12,1030831,3.21E-06,0.32195027,0.06869083,0.03586361,NA
Growth,SCCuSO401mM_24h,SNPs,SNP_chromosome3_193829_C_T,3,193829,3.46E-06,-0.2299521,0.04922951,0.01149986,NA
Growth,SCCuSO401mM_24h,SVs,SV_5244_DEL_chromosome13_600892_len_-698,13,600892,4.89E-06,-0.1896314,0.04124358,0.01377058,NA
Growth,SCCuSO401mM_38h,SVs,SV_5244_DEL_chromosome13_600892_len_-698,13,600892,2.17E-10,-0.2661795,0.04143895,0.0272646,NA
Growth,SCCuSO401mM_38h,SVs,CNV_YHR053C_Cov0.75,8,212535,2.22E-08,-0.2567823,0.04548688,0.06295705,NA
Growth,SCCuSO401mM_38h,SVs,CNV_YMR170C_Cov0.25,13,601562,1.47E-07,-0.2063295,0.0389399,0.01093376,NA
Growth,SCCuSO401mM_38h,SNPs,SNP_chromosome3_193829_C_T,3,193829,2.16E-06,-0.2379897,0.04990182,0.01226843,NA
Growth,SCCuSO405mM_24h,SVs,CNV_YHR053C_Cov1.25,8,212535,1.35E-48,-0.4923008,0.03158399,0.25010533,NA
Growth,SCCuSO405mM_24h,SVs,SV_3137_DUP_chromosome8_212057_len_1931,8,212057,4.68E-19,0.24856793,0.02723694,0.03409271,NA
Growth,SCCuSO405mM_24h,SVs,CNV_YX01590_Cov1.25,8,208681,3.66E-15,0.23554938,0.02941642,0.03427586,NA
Growth,SCCuSO405mM_24h,SVs,SV_3117_DUP_chromosome8_212030_len_1165,8,212030,8.60E-13,0.19907652,0.02742988,0.01739759,NA
Growth,SCCuSO405mM_24h,SVs,CNV_YX01587_Cov2.25,8,198463,4.59E-12,0.18282731,0.02606559,0.01283071,NA
Growth,SCCuSO405mM_24h,SVs,SV_3145_INS_chromosome8_213988_len_7923,8,213988,3.19E-08,0.14557343,0.02608588,0.01109453,NA
Growth,SCCuSO405mM_24h,SVs,SV_3143_INS_chromosome8_213195_len_15330,8,213195,1.24E-07,0.13651562,0.02560528,0.00598238,NA
Growth,SCCuSO405mM_24h,SVs,SV_3100_DUP_chromosome8_211575_len_1638,8,211575,4.39E-07,0.14730042,0.02894318,0.01178848,NA
Growth,SCCuSO405mM_24h,SVs,SV_3142_DUP_chromosome8_212368_len_887,8,212368,9.02E-07,0.19118764,0.03864862,0.01333998,NA
Growth,SCCuSO405mM_24h,SNPs,SNP_chromosome13_81072_G_A,13,81072,6.58E-06,-0.1809704,0.03991399,0.02983989,NA
Growth,SCCuSO405mM_38h,SVs,CNV_YHR053C_Cov1.25,8,212535,1.93E-57,-0.532925,0.03095049,0.29448327,NA
Growth,SCCuSO405mM_38h,SVs,SV_3139_DUP_chromosome8_212057_len_1931,8,212057,1.37E-19,0.27854296,0.03003536,0.05519888,NA
Growth,SCCuSO405mM_38h,SVs,CNV_YX01590_Cov1.25,8,208681,1.55E-15,0.23973339,0.02951639,0.03536846,NA
Growth,SCCuSO405mM_38h,SVs,SV_3117_DUP_chromosome8_212030_len_1165,8,212030,1.15E-14,0.21913575,0.02789011,0.0208604,NA
Growth,SCCuSO405mM_38h,SVs,CNV_YX01587_Cov2.25,8,198463,8.23E-11,0.17183087,0.02612479,0.01075792,NA
Growth,SCCuSO405mM_38h,SVs,SV_3145_INS_chromosome8_213988_len_7923,8,213988,8.88E-09,0.15406142,0.0265291,0.01230566,NA
Growth,SCCuSO405mM_38h,SVs,SV_3100_DUP_chromosome8_211575_len_1638,8,211575,2.06E-07,0.15224698,0.02907948,0.01229754,NA
Growth,SCCuSO405mM_38h,SVs,SV_3142_DUP_chromosome8_212368_len_887,8,212368,2.89E-07,0.19810884,0.03831318,0.01466944,NA
Growth,SCCuSO405mM_38h,SNPs,SNP_chromosome4_538459_T_C,4,538459,2.97E-06,0.1568527,0.03334814,0.00760316,NA
Growth,SCfluconazol1ugml_24h,SVs,SV_5244_DEL_chromosome13_600892_len_-698,13,600892,4.70E-12,-0.2796878,0.03989646,0.02988381,NA
Growth,SCfluconazol1ugml_24h,SVs,CNV_YMR170C_Cov0.25,13,601562,2.72E-08,-0.2101894,0.03747614,0.01119507,NA
Growth,SCfluconazol1ugml_24h,SNPs,SNP_chromosome7_706580_T_A,7,706580,1.64E-06,-0.2356627,0.04883855,0.0148237,NA
Growth,SCfluconazol1ugml_38h,SVs,SV_5244_DEL_chromosome13_600892_len_-698,13,600892,1.05E-18,-0.355607,0.03938268,0.04863118,NA
Growth,SCfluconazol1ugml_38h,SVs,CNV_YMR170C_Cov0.25,13,601562,2.00E-11,-0.2548425,0.03751351,0.01664287,NA
Growth,SCfluconazol1ugml_38h,SVs,CNV_YMR169C_Cov0.75,13,599352,3.10E-08,-0.193448,0.03463515,0.01642715,NA
Growth,SCfluconazol1ugml_38h,INDELs,INDEL_chromosome13_305187,13,305187,4.80E-06,0.2726021,0.05924319,0.06623803,NA
Growth,SCfluconazol20ugml_24h,SNPs,SNP_chromosome8_322176_G_A,8,322176,9.99E-09,-0.2756348,0.04764233,0.02087865,NA
Growth,SCfluconazol20ugml_24h,SVs,CNV_YX00433_Cov1.25,3,190232,8.59E-07,-0.1706147,0.03442311,0.01720341,NA
Growth,SCfluconazol20ugml_38h,SNPs,SNP_chromosome8_322176_G_A,8,322176,9.81E-09,-0.273386,0.04722698,0.02049007,NA
Growth,SCfluconazol20ugml_38h,SNPs,SNP_chromosome4_538483_C_A,4,538483,2.14E-07,0.20728235,0.03965197,0.01206318,NA
Growth,SCfluconazol20ugml_38h,SVs,CNV_YHR172W_Cov1.25,8,448335,8.00E-07,0.2172434,0.04370583,0.00878583,NA
Growth,SCfluconazol5ugml_24h,SVs,CNV_YDL227C_Cov0.75,4,46271,7.49E-07,-0.1751687,0.03514635,0.00802089,NA
Growth,SCfluconazol5ugml_24h,SVs,CNV_YFL050C_Cov0.75,6,33272,1.59E-06,-0.173985,0.03600692,0.00673563,NA
Growth,SCfluconazol5ugml_38h,SNPs,SNP_chromosome8_322176_G_A,8,322176,1.23E-07,-0.2540672,0.04764689,0.01760626,NA
Growth,SCfluconazol5ugml_38h,SVs,CNV_YHR172W_Cov1.25,8,448335,2.85E-07,0.22426863,0.04335676,0.00914069,NA
Growth,SCfluconazol5ugml_38h,SVs,CNV_YFL050C_Cov0.75,6,33272,1.35E-06,-0.1730555,0.03556902,0.00663113,NA
Growth,SCfluconazol5ugml_38h,SNPs,SNP_chromosome7_965736_T_C,7,965736,2.31E-06,0.22810039,0.04796571,0.00897208,NA
Growth,SCfluconazol80ugml_24h,SVs,CNV_YX00594_Cov0.25,4,46858,3.17E-07,-0.1742856,0.03382683,0.00651726,NA
Growth,SCfluconazol80ugml_24h,SNPs,SNP_chromosome8_322176_G_A,8,322176,6.06E-07,-0.2381015,0.04737632,0.01557968,NA
Growth,SCfluconazol80ugml_24h,SVs,CNV_YX00433_Cov1.25,3,190232,2.12E-06,-0.1628653,0.03412583,0.01567613,NA
Growth,SCfluconazol80ugml_24h,SNPs,SNP_chromosome1_123222_A_G,1,123222,4.87E-06,-0.3155052,0.06861128,0.02317224,NA
Growth,SCfluconazol80ugml_38h,SNPs,SNP_chromosome8_322533_G_A,8,322533,1.41E-07,-0.240309,0.04529136,0.01284238,NA
Growth,SCfluconazol80ugml_38h,SVs,CNV_YOR060C_Cov0.75,15,440390,3.64E-06,0.18003392,0.03863118,0.00731574,NA
Growth,SCfluconazol80ugml_38h,SNPs,SNP_chromosome1_123222_A_G,1,123222,4.39E-06,-0.3188168,0.06899739,0.0235903,NA
Growth,SCfluconazol80ugml_38h,SVs,CNV_YX01669_Cov0.75,8,515736,4.55E-06,-0.1795471,0.03892304,0.0301954,NA
Growth,SCformamide4pc_24h,SVs,CNV_YDL227C_Cov0.75,4,46271,5.97E-07,-0.178252,0.03544804,0.00831424,NA
Growth,SCformamide4pc_24h,SVs,CNV_YX01464_Cov1.25,7,941361,2.03E-06,-0.1564851,0.03272272,0.01731084,NA
Growth,SCgalactose001pc_38h,SVs,SV_5244_DEL_chromosome13_600892_len_-698,13,600892,1.49E-09,0.25843683,0.04229989,0.02550093,NA
Growth,SCgalactose10pc_24h,SNPs,SNP_chromosome8_463767_T_G,8,463767,1.11E-06,0.19535957,0.03982659,0.03229724,NA
Growth,SCgalactose2pc_24h,SNPs,SNP_chromosome4_1511560_G_A,4,1511560,1.18E-06,-0.2836563,0.05797448,0.01395874,NA
Growth,SCgalactose2pc_24h,SNPs,SNP_chromosome11_74756_C_T,11,74756,7.83E-06,0.22391282,0.04979996,0.00762631,NA
Growth,SCgalactose2pc_38h,SNPs,SNP_chromosome12_180622_A_G,12,180622,1.16E-06,0.33482557,0.06838944,0.03443846,NA
Growth,SCgalactose2pc_38h,SNPs,SNP_chromosome10_706367_C_T,10,706367,3.06E-06,0.25732628,0.05479148,0.01768067,NA
Growth,SCgalactose2pc_38h,SNPs,SNP_chromosome4_1511560_G_A,4,1511560,6.03E-06,-0.2587907,0.05684394,0.01126149,NA
Growth,SCglucose001pc_38h,SVs,SV_5244_DEL_chromosome13_600892_len_-698,13,600892,1.81E-06,0.20290872,0.04222391,0.01545144,NA
Growth,SCglucose10pc_24h,SVs,SV_5244_DEL_chromosome13_600892_len_-698,13,600892,3.95E-08,-0.2277781,0.04110351,0.01985046,NA
Growth,SCglucose10pc_24h,SNPs,SNP_chromosome11_216953_T_A,11,216953,1.79E-07,0.21217791,0.04033063,0.03294913,NA
Growth,SCglucose10pc_24h,SNPs,SNP_chromosome11_215546_C_G,11,215546,2.15E-07,0.2023192,0.03871206,0.02462807,NA
Growth,SCglucose10pc_24h,SVs,CNV_YMR170C_Cov0.25,13,601562,2.62E-07,-0.1989173,0.03833817,0.01025212,NA
Growth,SCglucose10pc_24h,SNPs,SNP_chromosome16_571382_A_G,16,571382,6.81E-07,0.31408483,0.06278445,0.04823535,NA
Growth,SCglucose10pc_38h,SVs,SV_5244_DEL_chromosome13_600892_len_-698,13,600892,1.30E-12,-0.2907046,0.04038704,0.03244996,NA
Growth,SCglucose10pc_38h,SVs,CNV_YMR170C_Cov0.25,13,601562,1.54E-10,-0.2458306,0.03794998,0.0154616,NA
Growth,SCglucose10pc_38h,SNPs,SNP_chromosome11_215546_C_G,11,215546,9.26E-07,0.18987111,0.03842358,0.02174088,NA
Growth,SCglucose10pc_38h,SNPs,SNP_chromosome11_216953_T_A,11,216953,1.31E-06,0.19566677,0.04016551,0.0280687,NA
Growth,SCglucose10pc_38h,SVs,CNV_YMR169C_Cov0.75,13,599352,4.21E-06,-0.1642054,0.03546946,0.01181787,NA
Growth,SCglycerol001pc_24h,SVs,CNV_YHR216W_Cov1.75,8,554396,3.46E-06,-0.2372904,0.05079956,0.04496766,NA
Growth,SCglycerol001pc_38h,SVs,SV_5244_DEL_chromosome13_600892_len_-698,13,600892,1.61E-07,0.2253714,0.04266889,0.01939299,NA
Growth,SCglycerol001pc_38h,SVs,CNV_YHR216W_Cov1.75,8,554396,1.97E-06,-0.2479236,0.05178246,0.04918759,NA
Growth,SCglycerol10pc_38h,SVs,SV_5244_DEL_chromosome13_600892_len_-698,13,600892,1.63E-06,0.20235471,0.04192233,0.0157387,NA
Growth,SCglycerol10pc_38h,SNPs,SNP_chromosome11_542085_C_T,11,542085,2.30E-06,-0.3565156,0.07495603,0.10568887,NA
Growth,SCglycerol2pc_38h,SVs,SV_5244_DEL_chromosome13_600892_len_-698,13,600892,4.20E-10,0.26173461,0.04143328,0.02574012,NA
Growth,SCglycerol2pc_38h,SVs,CNV_YX00913_Cov36.75,4,1496120,2.78E-06,0.14761923,0.03129608,0.01221688,NA
Growth,SCglycerol2pc_38h,SNPs,SNP_chromosome13_508389_G_A,13,508389,3.72E-06,0.24663603,0.05297484,0.01583164,NA
Growth,SCHU15mgml_24h,SVs,CNV_YDL227C_Cov0.75,4,46271,2.37E-08,-0.1967338,0.0349218,0.01016186,NA
Growth,SCHU15mgml_24h,SVs,CNV_YJR148W_Cov1.25,10,705744,9.13E-07,-0.1738206,0.03515479,0.0039248,NA
Growth,SCHU15mgml_24h,SNPs,SNP_chromosome4_592486_C_A,4,592486,1.11E-06,-0.2095559,0.04272638,0.00820222,NA
Growth,SCHU15mgml_24h,SVs,CNV_YX00433_Cov1.25,3,190232,4.63E-06,-0.1578643,0.03424901,0.01471209,NA
Growth,SCHU15mgml_38h,SNPs,SNP_chromosome4_592486_C_A,4,592486,1.36E-06,-0.2086826,0.04289879,0.00812871,NA
Growth,SCHU15mgml_38h,SVs,SV_5244_DEL_chromosome13_600892_len_-698,13,600892,4.56E-06,0.20130138,0.04364319,0.01565549,NA
Growth,SCHU30mgml_24h,SNPs,SNP_chromosome4_592486_C_A,4,592486,5.84E-07,-0.2110407,0.04193123,0.00836432,NA
Growth,SCHU30mgml_24h,SVs,CNV_YDL227C_Cov0.75,4,46271,5.63E-06,-0.1551787,0.03397475,0.00635692,NA
Growth,SCHU30mgml_38h,SVs,SV_5244_DEL_chromosome13_600892_len_-698,13,600892,1.95E-06,0.20464377,0.042726,0.01630695,NA
Growth,SCketoconazole10ugml_24h,SVs,CNV_YX03121_Cov0.75,15,463780,1.03E-07,0.19429148,0.03620548,0.03768323,NA
Growth,SCketoconazole10ugml_24h,SVs,CNV_YOR390W_Cov2.25,15,1076784,5.96E-06,-0.1595825,0.03502853,0.02411196,NA
Growth,SCketoconazole1ugml_24h,SVs,CNV_YFL041W-A_Cov0.75,6,48734,1.12E-06,-0.1685727,0.0343743,0.00702422,NA
Growth,SCketoconazole1ugml_24h,SVs,CNV_YCL076W_Cov2.25,3,1392,2.74E-06,0.18447511,0.03908064,0.03150118,NA
Growth,SCketoconazole1ugml_24h,SVs,CNV_YX03121_Cov0.75,15,463780,3.83E-06,0.18173646,0.03908264,0.03297042,NA
Growth,SCketoconazole1ugml_24h,SVs,CNV_YFL050C_Cov0.75,6,33272,3.99E-06,-0.1780343,0.03835968,0.00671102,NA
Growth,SCketoconazole1ugml_38h,SVs,CNV_YCL076W_Cov2.25,3,1392,2.37E-07,0.19707225,0.0378387,0.03589249,NA
Growth,SCketoconazole1ugml_38h,SVs,SV_5244_DEL_chromosome13_600892_len_-698,13,600892,2.41E-06,-0.2030375,0.04277416,0.01517891,NA
Growth,SCketoconazole30ugml_24h,SVs,SV_5244_DEL_chromosome13_600892_len_-698,13,600892,4.13E-14,0.31648759,0.04119019,0.03661741,NA
Growth,SCketoconazole30ugml_24h,SVs,CNV_YDL227C_Cov0.75,4,46271,8.79E-12,-0.2402172,0.03472041,0.01524795,NA
Growth,SCketoconazole30ugml_24h,SVs,CNV_YMR170C_Cov0.25,13,601562,1.80E-10,0.25398442,0.03935275,0.01553334,NA
Growth,SCketoconazole30ugml_38h,SVs,SV_5244_DEL_chromosome13_600892_len_-698,13,600892,5.81E-10,0.25086082,0.04004069,0.02327444,NA
Growth,SCketoconazole30ugml_38h,SVs,CNV_YMR170C_Cov0.25,13,601562,1.93E-08,0.21630443,0.03814717,0.01154542,NA
Growth,SCketoconazole40ugml_24h,SVs,CNV_YMR170C_Cov0.25,13,601562,7.72E-07,0.19356048,0.03888356,0.00923002,NA
Growth,SCketoconazole40ugml_38h,SNPs,SNP_chromosome15_639862_T_C,15,639862,3.24E-06,0.20062703,0.04282315,0.03408774,NA
Growth,SCketoconazole50ugml_24h,SVs,CNV_YX00594_Cov0.25,4,46858,6.03E-09,-0.2020618,0.03440091,0.00878362,NA
Growth,SCketoconazole50ugml_24h,SNPs,SNP_chromosome4_910025_A_G,4,910025,2.36E-06,0.33550632,0.07061074,0.06029359,NA
Growth,SCketoconazole50ugml_38h,SVs,CNV_YDL227C_Cov0.75,4,46271,2.20E-08,-0.1952811,0.03458328,0.00995657,NA
Growth,SCketoconazole50ugml_38h,SNPs,SNP_chromosome2_292072_T_A,2,292072,5.45E-06,-0.1933979,0.04227811,0.00552317,NA
Growth,SCketoconazole50ugml_38h,SNPs,SNP_chromosome8_322533_G_A,8,322533,6.73E-06,-0.2064889,0.0455914,0.00950052,NA
Growth,SCMv05mM_24h,SNPs,SNP_chromosome5_383233_A_T,5,383233,5.93E-06,-0.2302508,0.05053446,0.0107911,NA
Growth,SCMv05mM_38h,SNPs,SNP_chromosome11_291521_A_G,11,291521,3.98E-07,0.31958714,0.0625662,0.02236184,NA
Growth,SCMv05mM_38h,SNPs,SNP_chromosome5_383233_A_T,5,383233,2.03E-06,-0.2505924,0.05240307,0.01271943,NA
Growth,SCMv1mM_38h,SNPs,SNP_chromosome11_291521_A_G,11,291521,2.12E-07,0.32208501,0.06159227,0.02284958,NA
Growth,SCMv1mM_38h,SNPs,SNP_chromosome16_876811_T_C,16,876811,2.28E-06,0.21061528,0.04426979,0.01057576,NA
Growth,SCMv1mM_38h,SNPs,SNP_chromosome12_771034_T_A,12,771034,4.32E-06,0.2198947,0.0475555,0.01193217,NA
Growth,SCMv1mM_38h,SNPs,SNP_chromosome10_215948_G_A,10,215948,4.45E-06,0.22945467,0.04968958,0.00897823,NA
Growth,SCNaCl05M_24h,SVs,CNV_YX00433_Cov1.25,3,190232,2.01E-06,-0.1527815,0.03193487,0.0136994,NA
Growth,SCNaCl05M_24h,SVs,CNV_YDL227C_Cov0.75,4,46271,3.14E-06,-0.1546667,0.03296879,0.00627584,NA
Growth,SCNaCl05M_24h,SNPs,SNP_chromosome4_1359892_T_A,4,1359892,7.67E-06,-0.2327843,0.05172024,0.05215786,NA
Growth,SCNaCl1M_24h,SVs,CNV_YDL227C_Cov0.75,4,46271,9.54E-10,-0.2127373,0.03440354,0.01181617,NA
Growth,SCNaCl1M_24h,SVs,CNV_YX03266_Cov0.75,16,5658,8.96E-07,-0.2178117,0.04401912,0.04313376,NA
Growth,SCNaCl1M_24h,SNPs,SNP_chromosome4_578099_C_T,4,578099,8.98E-07,-0.2222771,0.04492568,0.01074054,NA
Growth,SCNaCl1M_24h,SNPs,SNP_chromosome4_1359892_T_A,4,1359892,2.93E-06,-0.2459719,0.05226765,0.0579554,NA
Growth,SCNaCl1M_24h,SVs,CNV_YX00433_Cov1.25,3,190232,3.88E-06,-0.1567045,0.03372119,0.0143428,NA
Growth,SCNaCl1M_38h,SNPs,SNP_chromosome4_578099_C_T,4,578099,1.91E-06,-0.2174798,0.04536258,0.01060013,NA
Growth,SCnystatin10ugml_24h,SVs,CNV_YDL227C_Cov0.75,4,46271,9.65E-07,-0.168177,0.03409206,0.00740094,NA
Growth,SCnystatin25ugml_24h,SVs,CNV_YDL227C_Cov0.75,4,46271,9.40E-08,-0.1858674,0.03453279,0.0090671,NA
Growth,SCnystatin25ugml_24h,SVs,CNV_YX00433_Cov1.25,3,190232,1.29E-07,-0.1794868,0.03371471,0.01911955,NA
Growth,SCnystatin5ugml_24h,SNPs,SNP_chromosome15_143755_G_A,15,143755,4.28E-06,0.22339593,0.04828854,0.00882964,NA
Growth,SCpH2_24h,SVs,SV_5244_DEL_chromosome13_600892_len_-698,13,600892,2.21E-08,-0.2287447,0.04051364,0.01992983,NA
Growth,SCpH2_24h,SVs,CNV_YMR170C_Cov0.25,13,601562,1.16E-07,-0.2017715,0.03776374,0.01028578,NA
Growth,SCpH2_24h,SNPs,SNP_chromosome7_706580_T_A,7,706580,3.55E-06,-0.2265192,0.04855353,0.01365517,NA
Growth,SCpH2_38h,SVs,SV_5244_DEL_chromosome13_600892_len_-698,13,600892,1.70E-14,-0.3128357,0.04009732,0.03749214,NA
Growth,SCpH2_38h,SVs,CNV_YMR170C_Cov0.25,13,601562,4.59E-11,-0.2520892,0.03781541,0.01622141,NA
Growth,SCpH2_38h,SVs,CNV_YBR272C_Cov1.25,2,746361,5.11E-06,0.15390475,0.03354282,0.0031335,NA
Growth,SCpH3_24h,SNPs,SNP_chromosome12_553294_C_A,12,553294,1.48E-06,0.2544512,0.05249579,0.02278052,NA
Growth,SCpH3_24h,SNPs,SNP_chromosome10_390905_A_G,10,390905,2.49E-06,-0.336174,0.07092857,0.09026061,NA
Growth,SCpH3_38h,SNPs,SNP_chromosome12_553294_C_A,12,553294,4.55E-06,0.24004454,0.05203766,0.02024554,NA
Growth,SCpH8_24h,SVs,SV_5244_DEL_chromosome13_600892_len_-698,13,600892,1.45E-06,0.2091758,0.04311828,0.01632333,NA
Growth,SCpH8_38h,SVs,SV_5244_DEL_chromosome13_600892_len_-698,13,600892,3.37E-10,0.26999061,0.04249893,0.0269649,NA
Growth,SCSDS001pc_24h,SNPs,SNP_chromosome10_173883_A_G,10,173883,7.36E-09,-0.3343506,0.05726633,0.10558772,NA
Growth,SCSDS001pc_38h,SNPs,SNP_chromosome10_173883_A_G,10,173883,7.29E-12,-0.3927411,0.0565535,0.14508155,NA
Growth,SCSDS001pc_38h,SVs,CNV_YMR170C_Cov0.25,13,601562,1.20E-07,-0.1970938,0.03693588,0.010068,NA
Growth,SCSDS001pc_38h,SVs,CNV_YX00868_Cov0.25,4,1384020,9.19E-07,-0.1597667,0.03232322,0.00492694,NA
Growth,SCSDS001pc_38h,SNPs,SNP_chromosome4_809028_T_C,4,809028,1.05E-06,-0.2249661,0.04576439,0.00895404,NA
Growth,SCSDS001pc_38h,SVs,SV_5244_DEL_chromosome13_600892_len_-698,13,600892,2.00E-06,-0.1893402,0.03957172,0.01374315,NA
Growth,SCSDS0025pc_38h,SVs,CNV_YMR170C_Cov0.25,13,601562,1.96E-07,-0.2083512,0.03973148,0.01131364,NA
Growth,SCSMA25mM_24h,SVs,CNV_YPR201W_Cov1.75,16,939922,9.76E-21,0.34664136,0.03618189,0.08966624,NA
Growth,SCSMA25mM_24h,SVs,CNV_YPR192W_Cov1.25,16,921860,2.73E-06,0.2192536,0.04643853,0.01980676,NA
Growth,SCSMA25mM_38h,SVs,CNV_YPR197C_Cov0.75,16,933898,1.77E-20,0.34516498,0.03627459,0.08756739,NA
Transcriptomics,X1767-snap_masked.BCA_3.8244.RNASeq,SNPs,SNP_chromosome12_877966_G_A,12,877966,7.89E-07,0.30363104,0.0609772,0.03782773,NA
Transcriptomics,X1767-snap_masked.BCA_3.8244.RNASeq,INDELs,INDEL_chromosome7_1068084,7,1068084,1.06E-06,-0.2381308,0.04840234,0.01897043,NA
Transcriptomics,X1767-snap_masked.BCA_3.8244.RNASeq,SVs,CNV_YX01492_Cov0.25,7,1081222,1.99E-06,-0.2714285,0.05664449,0.06040247,NA
Transcriptomics,X1767-snap_masked.BCA_3.8244.RNASeq,SNPs,SNP_chromosome15_727817_C_T,15,727817,3.41E-06,0.31231775,0.06674926,0.05147592,NA
Transcriptomics,X1767-snap_masked.BCA_3.8244.RNASeq,SNPs,SNP_chromosome7_1068065_C_T,7,1068065,4.03E-06,-0.2238574,0.04820855,0.01657092,NA
Transcriptomics,YAL001C.RNASeq,SNPs,SNP_chromosome1_92368_A_T,1,92368,2.31E-06,-0.260254,0.05473359,0.06044353,Distant
Transcriptomics,YAL002W.RNASeq,SNPs,SNP_chromosome1_146738_A_G,1,146738,1.01E-06,-0.2929033,0.05949298,0.07425864,Local
Transcriptomics,YAL002W.RNASeq,SNPs,SNP_chromosome16_422588_A_G,16,422588,2.59E-06,-0.3097016,0.06545905,0.08084766,Distant
Transcriptomics,YAL003W.RNASeq,SVs,CNV_YGL232W_Cov1.25,7,62075,1.23E-06,-0.1716639,0.03514626,0.00658275,Distant
Transcriptomics,YAL003W.RNASeq,SVs,CNV_YAL011W_Cov1.25,1,132199,5.11E-06,0.20549064,0.04478797,0.01024612,Local
Proteomics,YAL003W.SCProt,SNPs,SNP_chromosome10_123643_T_C,10,123643,4.18E-06,-0.152786,0.03298749,0.00755578,Distant
Proteomics,YAL003W.SMProt,SNPs,SNP_chromosome8_250518_A_G,8,250518,1.29E-06,0.20851808,0.04271501,0.01001742,Distant
Transcriptomics,YAL005C.RNASeq,SNPs,SNP_chromosome7_367444_A_T,7,367444,4.47E-06,0.1766943,0.03827248,0.00685094,Distant
Proteomics,YAL005C.SCProt,SNPs,SNP_chromosome7_367444_A_T,7,367444,2.75E-07,0.23165765,0.04471627,0.01147957,Distant
Proteomics,YAL005C.SCProt,SNPs,SNP_chromosome7_370765_C_T,7,370765,1.22E-06,0.1968521,0.0402819,0.00723299,Distant
Proteomics,YAL005C.SCProt,SNPs,SNP_chromosome4_1277282_G_T,4,1277282,5.60E-06,0.26475603,0.05793953,0.02988107,Distant
Proteomics,YAL005C.SMProt,SNPs,SNP_chromosome10_553579_C_G,10,553579,9.77E-07,-0.2044479,0.04139979,0.02764024,Distant
Transcriptomics,YAL008W.RNASeq,SNPs,SNP_chromosome4_66957_T_C,4,66957,2.50E-06,-0.3507436,0.07402054,0.10272067,Distant
Transcriptomics,YAL009W.RNASeq,SVs,CNV_YAL013W_Cov1.25,1,129270,2.66E-06,0.18570942,0.03929624,0.00757014,Local
Proteomics,YAL012W.SCProt,SNPs,SNP_chromosome14_478701_A_G,14,478701,5.48E-06,-0.1884522,0.04120118,0.02786405,Distant
Proteomics,YAL012W.SCProt,SNPs,SNP_chromosome10_148061_G_A,10,148061,7.17E-06,0.17212966,0.03811538,0.01064852,Distant
Proteomics,YAL012W.SMProt,SNPs,SNP_chromosome7_729111_A_G,7,729111,5.06E-06,-0.202153,0.04398,0.00879996,Distant
Proteomics,YAL012W.SMProt,SNPs,SNP_chromosome7_1058166_C_T,7,1058166,5.15E-06,0.21971696,0.04783978,0.00913625,Distant
Transcriptomics,YAL015C.RNASeq,SVs,CNV_YAL056C-A_Cov0.75,1,38696,5.35E-08,0.23545201,0.0429187,0.01195288,Distant
Transcriptomics,YAL015C.RNASeq,SVs,CNV_YAL013W_Cov1.25,1,129270,1.45E-06,0.20362495,0.04197388,0.00910119,Local
Transcriptomics,YAL016C-B.RNASeq,SNPs,SNP_chromosome12_739705_C_T,12,739705,9.17E-06,0.20454276,0.04584473,0.02484231,Distant
Transcriptomics,YAL016W.RNASeq,SVs,CNV_YAL042W_Cov1.25,1,61316,2.57E-08,0.2140409,0.03809397,0.01023394,Local
Proteomics,YAL016W.SMProt,SVs,CNV_YAL011W_Cov1.25,1,132199,3.92E-08,0.28125922,0.0506426,0.01836709,Local
Proteomics,YAL016W.SMProt,SVs,CNV_YX00007_Cov0.75,1,1844,4.66E-06,-0.2074898,0.04496838,0.00793428,Distant
Transcriptomics,YAL017W.RNASeq,SNPs,SNP_chromosome1_132831_A_G,1,132831,2.24E-06,-0.3198846,0.06718257,0.0803265,Local
Transcriptomics,YAL020C.RNASeq,SVs,CNV_YAR042W_Cov1.25,1,192619,2.08E-07,0.24910972,0.04759998,0.02370143,Distant
Transcriptomics,YAL022C.RNASeq,SVs,SV_5244_DEL_chromosome13_600892_len_-698,13,600892,1.81E-06,-0.188097,0.03914109,0.01273834,Distant
Transcriptomics,YAL025C.RNASeq,SVs,CNV_YKL222C_Cov2.75,11,3503,8.22E-06,-0.2114724,0.04714609,0.0099898,Distant
Transcriptomics,YAL026C.RNASeq,SVs,CNV_YAL013W_Cov1.25,1,129270,2.94E-06,0.19688386,0.04184807,0.00850857,Distant
Transcriptomics,YAL027W.RNASeq,SVs,CNV_YAL042W_Cov1.25,1,61316,1.70E-07,0.21282265,0.04037734,0.01011778,Distant
Transcriptomics,YAL027W.RNASeq,SVs,CNV_YAL034C-B_Cov1.25,1,79489,1.79E-07,0.21453233,0.04077674,0.0169032,Local
Transcriptomics,YAL027W.RNASeq,SVs,CNV_YAL003W_Cov1.25,1,142174,8.88E-07,0.22135945,0.04472132,0.0162567,Local
Transcriptomics,YAL028W.RNASeq,SNPs,SNP_chromosome13_177810_C_T,13,177810,8.40E-07,0.24736452,0.04986384,0.02449238,Distant
Transcriptomics,YAL028W.RNASeq,SVs,CNV_YAR028W_Cov1.25,1,184892,4.71E-06,0.16996898,0.03690562,0.00566257,Distant
Transcriptomics,YAL029C.RNASeq,SVs,CNV_YAL056C-A_Cov0.75,1,38696,1.04E-05,0.19398747,0.04374307,0.00811363,Distant
Transcriptomics,YAL034C-B.RNASeq,SVs,CNV_YPL260W_Cov1.25,16,49303,7.91E-06,-0.1611345,0.0358551,0.00561555,Distant
Transcriptomics,YAL035W.RNASeq,SVs,CNV_YGL232W_Cov1.25,7,62075,1.43E-07,-0.1883235,0.03550441,0.00792243,Distant
Transcriptomics,YAL037W.RNASeq,SNPs,SNP_chromosome1_73871_T_C,1,73871,1.28E-06,-0.2246921,0.0460862,0.01794367,Local
Transcriptomics,YAL037W.RNASeq,SNPs,SNP_chromosome8_291516_G_A,8,291516,5.42E-06,-0.2791479,0.06101074,0.01805923,Distant
Proteomics,YAL038W.SMProt,SVs,CNV_YAR003W_Cov1.25,1,155005,2.02E-07,0.22251441,0.04240168,0.02360294,Distant
Proteomics,YAL038W.SMProt,SVs,CNV_YAL034C-B_Cov1.25,1,79489,4.88E-07,0.20244063,0.03987624,0.01605965,Local
Proteomics,YAL038W.SMProt,SNPs,SNP_chromosome2_388435_C_G,2,388435,1.44E-06,-0.3526985,0.0725851,0.0232138,Distant
Transcriptomics,YAL041W.RNASeq,SVs,CNV_YAL011W_Cov1.25,1,132199,7.96E-07,0.22964207,0.04619172,0.01279612,Distant
Transcriptomics,YAL041W.RNASeq,SVs,CNV_YIL151C_Cov1.25,9,57338,1.57E-06,-0.2156924,0.0446182,0.01543498,Distant
Transcriptomics,YAL042W.RNASeq,SVs,CNV_YAL034C-B_Cov1.25,1,79489,5.70E-08,0.21812798,0.03984391,0.01747455,Local
Transcriptomics,YAL042W.RNASeq,SVs,CNV_YAL013W_Cov1.25,1,129270,2.20E-07,0.20922789,0.04006784,0.00960894,Distant
Transcriptomics,YAL042W.RNASeq,SVs,CNV_YNL319W_Cov0.75,14,38642,1.81E-06,-0.1615677,0.03362443,0.00603311,Distant
Proteomics,YAL042W.SMProt,SNPs,SNP_chromosome12_956536_T_C,12,956536,6.34E-06,0.21090015,0.04637249,0.0415352,Distant
Proteomics,YAL042W.SMProt,SVs,CNV_YAL026C-A_Cov1.25,1,95386,6.84E-06,0.18658002,0.04117271,0.02542009,Distant
Transcriptomics,YAL044W-A.RNASeq,SNPs,SNP_chromosome12_1041082_A_G,12,1041082,4.20E-06,0.17185429,0.03711773,0.00593084,Distant
Transcriptomics,YAL046C.RNASeq,SVs,CNV_YAL034C_Cov1.25,1,80710,2.69E-07,0.26121731,0.05039416,0.02140238,Local
Transcriptomics,YAL049C.RNASeq,SNPs,SNP_chromosome1_52603_A_T,1,52603,7.23E-58,0.69710865,0.0403779,0.43855027,Local
Transcriptomics,YAL049C.RNASeq,SNPs,SNP_chromosome1_49247_C_T,1,49247,1.86E-12,-0.367632,0.05144853,0.11281688,Local
Transcriptomics,YAL049C.RNASeq,INDELs,INDEL_chromosome1_45522,1,45522,8.38E-10,-0.3619482,0.0583363,0.10719273,Local
Transcriptomics,YAL049C.RNASeq,SNPs,SNP_chromosome1_41481_A_G,1,41481,5.14E-09,-0.3214516,0.05447863,0.06863046,Local
Transcriptomics,YAL049C.RNASeq,SNPs,SNP_chromosome15_940471_T_A,15,940471,6.89E-08,-0.1967246,0.03616505,0.00737974,Distant
Transcriptomics,YAL049C.RNASeq,SVs,CNV_YAL056C-A_Cov0.75,1,38696,8.03E-07,0.17121589,0.03445172,0.00632057,Local
Transcriptomics,YAL049C.RNASeq,SNPs,SNP_chromosome1_49614_T_A,1,49614,1.39E-06,0.17743321,0.03651323,0.02544756,Local
Transcriptomics,YAL049C.RNASeq,SNPs,SNP_chromosome1_40237_C_T,1,40237,2.05E-06,-0.2061841,0.04313994,0.01739415,Local
Proteomics,YAL049C.SMProt,SNPs,SNP_chromosome1_52603_A_T,1,52603,5.44E-31,0.62135259,0.05120891,0.35052521,Local
Proteomics,YAL049C.SMProt,SNPs,SNP_chromosome1_49247_C_T,1,49247,7.81E-07,-0.3062493,0.06145248,0.07535275,Local
Proteomics,YAL049C.SMProt,SNPs,SNP_chromosome12_123810_A_G,12,123810,4.31E-06,-0.1842192,0.03978191,0.00437433,Distant
Transcriptomics,YAL059W.RNASeq,SNPs,SNP_chromosome7_655851_C_T,7,655851,4.10E-08,0.21110638,0.038143,0.0081169,Distant
Transcriptomics,YAL060W.RNASeq,SNPs,SNP_chromosome1_34515_T_C,1,34515,1.54E-06,-0.2855156,0.05900913,0.06785074,Local
Proteomics,YAL060W.SMProt,SVs,CNV_YAL011W_Cov1.25,1,132199,4.84E-07,0.21206908,0.04175989,0.01048378,Distant
Proteomics,YAL060W.SMProt,SVs,CNV_YAL040C_Cov1.25,1,65778,1.33E-06,0.20715984,0.04248222,0.01317636,Distant
Transcriptomics,YAL061W.RNASeq,SNPs,SNP_chromosome1_33140_G_A,1,33140,3.68E-08,-0.3398647,0.06119195,0.05821996,Local
Transcriptomics,YAL063C.RNASeq,SVs,CNV_YX03381_Cov1.75,16,874874,2.23E-15,0.24243279,0.03003524,0.02539407,Distant
Transcriptomics,YAL063C.RNASeq,SVs,CNV_YAR060C_Cov1.25,1,217157,9.01E-15,0.23196933,0.02941277,0.03748926,Distant
Transcriptomics,YAL063C.RNASeq,SVs,CNV_YAL063C-A_Cov1.25,1,22395,7.90E-13,0.21865164,0.03008065,0.03295705,Local
Transcriptomics,YAL063C.RNASeq,SNPs,SNP_chromosome1_198726_G_A,1,198726,2.46E-12,0.36163601,0.05090166,0.02587444,Distant
Transcriptomics,YAL063C.RNASeq,SVs,CNV_YAR047C_Cov0.25,1,201467,7.95E-12,0.31223046,0.04504333,0.02402796,Distant
Transcriptomics,YAL063C.RNASeq,SVs,CNV_YX01092_Cov1.25,6,17109,8.44E-12,0.22223766,0.03210187,0.02559228,Distant
Transcriptomics,YAL063C.RNASeq,SVs,CNV_YAL064W_Cov0.25,1,21566,8.81E-11,0.23596938,0.03594444,0.04554279,Local
Transcriptomics,YAL063C.RNASeq,SVs,CNV_YX00028_Cov1.75,1,13613,1.47E-10,0.19954283,0.0307727,0.02487703,Local
Transcriptomics,YAL063C.RNASeq,SVs,CNV_YAR053W_Cov0.25,1,208367,1.55E-09,0.18775009,0.03076535,0.03521595,Distant
Transcriptomics,YAL063C.RNASeq,SVs,CNV_YX00162_Cov0.25,1,224702,3.14E-09,-0.2286785,0.03821248,0.04694954,Distant
Transcriptomics,YAL063C.RNASeq,INDELs,INDEL_chromosome8_521040,8,521040,8.93E-09,0.19230119,0.03312687,0.01523601,Distant
Transcriptomics,YAL063C.RNASeq,SVs,CNV_YX02609_Cov0.25,13,179931,1.98E-08,0.22133401,0.03906926,0.04920521,Distant
Transcriptomics,YAL063C.RNASeq,SNPs,SNP_chromosome5_115800_A_G,5,115800,3.59E-06,0.13350237,0.0286304,0.00328787,Distant
Transcriptomics,YAL065C.RNASeq,SVs,CNV_YAL066W_Cov1.75,1,10091,2.30E-10,0.27494898,0.04265498,0.07599631,Local
Transcriptomics,YAL065C.RNASeq,SVs,CNV_YX01713_Cov1.75,8,562777,5.27E-10,0.27762333,0.04399419,0.07736195,Distant
Transcriptomics,YAL065C.RNASeq,SVs,CNV_YX00123_Cov1.75,1,195385,2.14E-08,0.2441405,0.04303351,0.05888062,Distant
Transcriptomics,YAL065C.RNASeq,SNPs,SNP_chromosome1_198726_G_A,1,198726,1.51E-06,0.31572586,0.06500571,0.0257317,Distant
Transcriptomics,YAL065C.RNASeq,SVs,CNV_YX00161_Cov0.75,1,224449,4.49E-06,-0.1592538,0.03441035,0.0029292,Distant
Transcriptomics,YAL067C.RNASeq,SVs,CNV_YAL066W_Cov1.75,1,10091,1.13E-12,0.29140011,0.04019339,0.08465721,Local
Transcriptomics,YAL067C.RNASeq,SVs,CNV_YX01713_Cov2.75,8,562777,7.71E-12,0.26808949,0.03849057,0.04266796,Distant
Transcriptomics,YAL067C.RNASeq,SVs,CNV_YX00123_Cov2.25,1,195385,8.93E-11,0.24653585,0.0374256,0.04656037,Distant
Transcriptomics,YAL067C.RNASeq,SVs,CNV_YAL067C_Cov2.75,1,7235,1.65E-07,0.21338059,0.04033953,0.02260437,Local
Transcriptomics,YAL067C.RNASeq,SVs,CNV_YAR068W_Cov2.25,1,222406,2.60E-06,0.24785248,0.0522931,0.06175784,Distant
Transcriptomics,YAL068C.RNASeq,SVs,CNV_YNR074C_Cov0.75,14,777602,1.85E-06,-0.2418668,0.05037821,0.05791009,Distant
Transcriptomics,YAR002W.RNASeq,SVs,CNV_YIL149C_Cov1.25,9,63028,1.15E-06,-0.2119894,0.0432837,0.01634726,Distant
Transcriptomics,YAR003W.RNASeq,SVs,CNV_YAL013W_Cov1.25,1,129270,4.95E-08,0.22525338,0.0409533,0.01113727,Local
Transcriptomics,YAR003W.RNASeq,SVs,CNV_YAL034C-B_Cov1.25,1,79489,7.79E-08,0.22114178,0.04082383,0.01796077,Distant
Transcriptomics,YAR003W.RNASeq,SVs,CNV_YAL056C-A_Cov0.75,1,38696,2.65E-07,0.2183794,0.04210618,0.01028232,Distant
Transcriptomics,YAR007C.RNASeq,SNPs,SNP_chromosome16_768715_G_A,16,768715,1.97E-06,0.26729337,0.05582955,0.04444782,Distant
Proteomics,YAR007C.SCProt,SVs,CNV_YCL030C_Cov1.25,3,65934,5.07E-07,-0.2380608,0.04703127,0.01144735,Distant
Proteomics,YAR007C.SCProt,SVs,CNV_YAL034C-B_Cov1.25,1,79489,7.13E-07,0.21962588,0.04397209,0.01699807,Distant
Proteomics,YAR007C.SCProt,SVs,CNV_YNL306W_Cov1.25,14,58155,5.55E-06,-0.1788213,0.03911867,0.00474498,Distant
Proteomics,YAR007C.SCProt,SVs,CNV_YAL011W_Cov1.25,1,132199,5.87E-06,0.22640077,0.04965496,0.01159157,Local
Transcriptomics,YAR008W.RNASeq,SNPs,SNP_chromosome9_112854_T_A,9,112854,3.94E-06,-0.1863304,0.04012577,0.00472957,Distant
Transcriptomics,YAR015W.RNASeq,SNPs,SNP_chromosome5_115800_A_G,5,115800,5.69E-06,0.15489865,0.0339321,0.00442621,Distant
Proteomics,YAR015W.SMProt,SNPs,SNP_chromosome4_271035_G_T,4,271035,7.13E-08,-0.1878153,0.03450041,0.00805494,Distant
Proteomics,YAR015W.SMProt,SNPs,SNP_chromosome6_149887_A_G,6,149887,6.33E-06,0.26659925,0.05861289,0.0122355,Distant
Transcriptomics,YAR018C.RNASeq,SVs,SV_5244_DEL_chromosome13_600892_len_-698,13,600892,6.01E-08,-0.2214618,0.04052542,0.01765821,Distant
Transcriptomics,YAR018C.RNASeq,SNPs,SNP_chromosome8_262050_T_C,8,262050,2.11E-07,0.19858704,0.03797284,0.00732485,Distant
Transcriptomics,YAR020C.RNASeq,SNPs,SNP_chromosome1_176858_A_G,1,176858,1.24E-08,-0.3160378,0.05497959,0.04686063,Local
Transcriptomics,YAR020C.RNASeq,SNPs,SNP_chromosome8_482359_G_A,8,482359,8.89E-07,-0.231734,0.04681937,0.01475891,Distant
Transcriptomics,YAR023C.RNASeq,SNPs,SNP_chromosome1_179601_C_G,1,179601,2.56E-13,-0.3229368,0.04347238,0.04334223,Local
Transcriptomics,YAR023C.RNASeq,INDELs,INDEL_chromosome1_179686,1,179686,5.06E-13,-0.3111425,0.04243381,0.03900709,Local
Transcriptomics,YAR023C.RNASeq,SVs,CNV_YX00089_Cov0.25,1,170471,1.42E-11,-0.2920057,0.04265887,0.04207003,Local
Transcriptomics,YAR023C.RNASeq,SVs,SV_167_DEL_chromosome1_182613_len_-1120,1,182613,1.43E-11,-0.281803,0.04117558,0.03498886,Local
Transcriptomics,YAR023C.RNASeq,SNPs,SNP_chromosome1_179796_A_C,1,179796,3.94E-08,-0.2298678,0.04148104,0.04421439,Local
Transcriptomics,YAR023C.RNASeq,SVs,CNV_YGL052W_Cov0.25,7,403437,2.55E-07,-0.2286535,0.04402034,0.03486193,Distant
Transcriptomics,YAR023C.RNASeq,SVs,CNV_YX00120_Cov0.25,1,194660,3.72E-07,-0.2201708,0.04299356,0.04788609,Local
Transcriptomics,YAR027W.RNASeq,SVs,CNV_YAR027W_Cov0.75,1,183770,1.25E-42,-0.5863034,0.03976949,0.29267798,Local
Transcriptomics,YAR027W.RNASeq,SNPs,SNP_chromosome1_179601_C_G,1,179601,1.71E-29,-0.5643308,0.04759073,0.1341124,Local
Transcriptomics,YAR027W.RNASeq,SVs,CNV_YX00089_Cov0.25,1,170471,1.19E-28,-0.5528834,0.04741964,0.15968224,Local
Transcriptomics,YAR027W.RNASeq,INDELs,INDEL_chromosome1_179686,1,179686,7.59E-27,-0.5341587,0.0475817,0.11638672,Local
Transcriptomics,YAR027W.RNASeq,SVs,SV_167_DEL_chromosome1_182613_len_-1120,1,182613,5.71E-26,-0.5186628,0.04710137,0.12221556,Local
Transcriptomics,YAR027W.RNASeq,SVs,CNV_YX01349_Cov0.25,7,403791,9.60E-20,-0.4556462,0.04849804,0.08062057,Distant
Transcriptomics,YAR027W.RNASeq,SNPs,SNP_chromosome1_177726_G_A,1,177726,3.37E-19,-0.4263121,0.04611756,0.08548713,Local
Transcriptomics,YAR027W.RNASeq,SVs,CNV_YGL052W_Cov0.75,7,403437,2.05E-18,-0.3386096,0.03752504,0.09536792,Distant
Transcriptomics,YAR027W.RNASeq,SNPs,SNP_chromosome1_178875_G_C,1,178875,4.76E-18,-0.5409924,0.06065494,0.21611476,Local
Transcriptomics,YAR027W.RNASeq,SVs,SV_169_DEL_chromosome1_182620_len_-342_TyRelated,1,182620,4.41E-16,-0.3827741,0.04588796,0.08395161,Local
Transcriptomics,YAR027W.RNASeq,SVs,CNV_YX00120_Cov0.75,1,194660,1.03E-15,0.37378164,0.0454164,0.14085348,Local
Transcriptomics,YAR027W.RNASeq,SNPs,SNP_chromosome1_178674_G_A,1,178674,1.42E-13,-0.3998426,0.05291906,0.09810077,Local
Transcriptomics,YAR027W.RNASeq,INDELs,INDEL_chromosome1_178768,1,178768,2.58E-13,0.42859186,0.05736423,0.15292444,Local
Transcriptomics,YAR027W.RNASeq,SVs,CNV_YAR033W_Cov0.25,1,188107,8.32E-13,-0.3139162,0.04298794,0.08270513,Local
Transcriptomics,YAR027W.RNASeq,INDELs,INDEL_chromosome1_191337,1,191337,2.80E-09,-0.2877926,0.04775108,0.02154092,Local
Transcriptomics,YAR027W.RNASeq,SVs,CNV_YX00079_Cov0.25,1,161928,2.66E-08,0.23356954,0.04147328,0.05499721,Local
Transcriptomics,YAR027W.RNASeq,SNPs,SNP_chromosome1_177285_T_C,1,177285,3.45E-08,0.27335484,0.04894723,0.06402275,Local
Transcriptomics,YAR027W.RNASeq,SVs,SV_180_DEL_chromosome1_183474_len_-5951,1,183474,9.16E-08,-0.1879329,0.03477595,0.0012047,Local
Transcriptomics,YAR027W.RNASeq,SNPs,SNP_chromosome1_179796_A_C,1,179796,1.02E-07,-0.2515856,0.04672905,0.04721541,Local
Transcriptomics,YAR027W.RNASeq,SVs,SV_159_INS_chromosome1_181124_len_672_TyRelated,1,181124,1.67E-06,0.18344432,0.03794415,0.02522699,Local
Transcriptomics,YAR028W.RNASeq,SVs,CNV_YX00083_Cov0.25,1,164882,1.48E-19,-0.330831,0.03554847,0.09596313,Local
Transcriptomics,YAR028W.RNASeq,SVs,CNV_YX00082_Cov0.25,1,164661,7.83E-09,0.23617945,0.04044154,0.02407176,Local
Transcriptomics,YAR028W.RNASeq,SNPs,SNP_chromosome14_132250_T_C,14,132250,6.90E-08,0.21563131,0.03957115,0.02125139,Distant
Transcriptomics,YAR028W.RNASeq,SVs,CNV_YAR028W_Cov0.75,1,184892,4.23E-06,-0.1742841,0.03760437,0.01911023,Local
Transcriptomics,YAR029W.RNASeq,SVs,CNV_YX00087_Cov0.25,1,169847,3.09E-15,0.4193415,0.05199171,0.1135969,Local
Transcriptomics,YAR029W.RNASeq,SVs,CNV_YAR030C_Cov1.75,1,186512,2.42E-13,0.2613625,0.03500631,0.03314816,Local
Transcriptomics,YAR029W.RNASeq,INDELs,INDEL_chromosome1_179686,1,179686,8.05E-12,-0.2564522,0.03687895,0.00309105,Local
Transcriptomics,YAR029W.RNASeq,SNPs,SNP_chromosome1_179601_C_G,1,179601,4.37E-09,-0.2175039,0.0365959,0.00234421,Local
Transcriptomics,YAR029W.RNASeq,SVs,CNV_YX00081_Cov0.75,1,162332,2.20E-08,0.22625904,0.03997833,0.05163295,Local
Transcriptomics,YAR029W.RNASeq,SVs,CNV_YX00089_Cov0.25,1,170471,2.84E-08,-0.2029215,0.03614718,0.00549696,Local
Transcriptomics,YAR029W.RNASeq,SVs,CNV_YX00097_Cov0.25,1,175877,6.13E-08,-0.2576416,0.04707285,0.00539211,Local
Transcriptomics,YAR029W.RNASeq,SVs,CNV_YX00091_Cov0.25,1,171028,5.29E-07,0.27052275,0.05344123,0.06090218,Local
Transcriptomics,YAR029W.RNASeq,SVs,SV_189_INS_chromosome1_184283_len_4362,1,184283,1.27E-06,0.17859541,0.03655537,0.01013794,Local
Transcriptomics,YAR029W.RNASeq,SNPs,SNP_chromosome1_190504_A_G,1,190504,2.95E-06,0.33462112,0.07101116,0.03808861,Local
Transcriptomics,YAR030C.RNASeq,SVs,CNV_YX00087_Cov0.25,1,169847,1.57E-17,0.45442786,0.05198282,0.13149864,Local
Transcriptomics,YAR030C.RNASeq,SVs,CNV_YAR030C_Cov1.75,1,186512,2.62E-14,0.27622509,0.0355379,0.03642924,Local
Transcriptomics,YAR030C.RNASeq,INDELs,INDEL_chromosome1_179686,1,179686,5.01E-11,-0.2526049,0.03786251,0.00318199,Local
Transcriptomics,YAR030C.RNASeq,SVs,CNV_YX00089_Cov0.25,1,170471,1.26E-09,-0.2282827,0.03710244,0.00761372,Local
Transcriptomics,YAR030C.RNASeq,SNPs,SNP_chromosome1_179601_C_G,1,179601,2.59E-09,-0.2260272,0.03747892,0.00267462,Local
Transcriptomics,YAR030C.RNASeq,SVs,CNV_YX00081_Cov0.75,1,162332,1.81E-08,0.23403224,0.04110972,0.05535388,Local
Transcriptomics,YAR030C.RNASeq,SVs,CNV_YX00091_Cov0.25,1,171028,6.90E-08,0.29579054,0.05427284,0.07341936,Local
Transcriptomics,YAR030C.RNASeq,SVs,CNV_YGL053W_Cov0.25,7,402589,2.24E-07,0.23993225,0.04589298,0.02229241,Distant
Transcriptomics,YAR030C.RNASeq,SVs,CNV_YX00097_Cov0.25,1,175877,1.17E-06,-0.2357476,0.04808824,0.0050053,Local
Transcriptomics,YAR030C.RNASeq,SNPs,SNP_chromosome1_190504_A_G,1,190504,1.21E-06,0.34869667,0.07122415,0.04273096,Local
Transcriptomics,YAR030C.RNASeq,SNPs,SNP_chromosome15_61442_C_T,15,61442,1.26E-06,-0.185547,0.03796395,0.00138377,Distant
Transcriptomics,YAR030C.RNASeq,SVs,SV_167_DEL_chromosome1_182613_len_-1120,1,182613,1.48E-06,-0.1737728,0.03579543,0.00267683,Local
Transcriptomics,YAR033W.RNASeq,SVs,CNV_YX00081_Cov0.25,1,162332,6.61E-36,-0.453588,0.03467576,0.11000098,Local
Transcriptomics,YAR033W.RNASeq,SVs,CNV_YX01349_Cov0.25,7,403791,7.81E-36,-0.4574343,0.03501018,0.12270362,Distant
Transcriptomics,YAR033W.RNASeq,SVs,CNV_YAR033W_Cov0.25,1,188107,3.73E-21,-0.3086543,0.03187743,0.08687753,Local
Transcriptomics,YAR033W.RNASeq,SNPs,SNP_chromosome1_179601_C_G,1,179601,4.44E-17,-0.325177,0.03793759,0.04507782,Local
Transcriptomics,YAR033W.RNASeq,INDELs,INDEL_chromosome1_179686,1,179686,8.12E-16,-0.3002497,0.03660358,0.03725953,Local
Transcriptomics,YAR033W.RNASeq,SVs,CNV_YAR027W_Cov0.75,1,183770,1.99E-15,-0.255946,0.03165196,0.06748394,Local
Transcriptomics,YAR033W.RNASeq,SVs,CNV_YX00120_Cov0.75,1,194660,4.58E-15,0.26267177,0.03293027,0.0691841,Local
Transcriptomics,YAR033W.RNASeq,SVs,SV_167_DEL_chromosome1_182613_len_-1120,1,182613,9.70E-15,-0.2769573,0.0351608,0.03466662,Local
Transcriptomics,YAR033W.RNASeq,SVs,CNV_YX00115_Cov0.25,1,189479,1.03E-14,-0.2256629,0.028678,0.05094689,Local
Transcriptomics,YAR033W.RNASeq,SVs,CNV_YX01346_Cov0.25,7,401094,3.28E-12,0.29749816,0.04212315,0.05696575,Distant
Transcriptomics,YAR033W.RNASeq,SVs,SV_180_DEL_chromosome1_183474_len_-5951,1,183474,1.14E-10,-0.1931421,0.02959961,0.00917169,Local
Transcriptomics,YAR033W.RNASeq,SVs,CNV_YX00083_Cov0.25,1,164882,1.43E-09,0.1569562,0.02566156,0.01971485,Local
Transcriptomics,YAR033W.RNASeq,SVs,SV_169_DEL_chromosome1_182620_len_-342_TyRelated,1,182620,2.61E-08,-0.1865472,0.03321587,0.0241075,Local
Transcriptomics,YAR033W.RNASeq,SVs,CNV_YBL100W-B_Cov24.25,2,29935,1.26E-07,-0.1507515,0.02829981,0.00705587,Distant
Transcriptomics,YAR033W.RNASeq,INDELs,INDEL_chromosome1_191337,1,191337,2.23E-07,-0.2057711,0.0394228,0.01472736,Local
Transcriptomics,YAR033W.RNASeq,SNPs,SNP_chromosome1_191149_A_G,1,191149,3.00E-07,-0.2177411,0.04217538,0.01360658,Local
Transcriptomics,YAR033W.RNASeq,SNPs,SNP_chromosome7_416956_G_A,7,416956,3.11E-06,0.27338992,0.0582559,0.05676312,Distant
Transcriptomics,YAR033W.RNASeq,SNPs,SNP_chromosome9_358189_A_G,9,358189,5.37E-06,-0.2169945,0.0474024,0.00849822,Distant
Transcriptomics,YAR033W.RNASeq,SNPs,SNP_chromosome10_703914_G_A,10,703914,5.60E-06,0.16015298,0.03505645,0.00612029,Distant
Transcriptomics,YAR033W.RNASeq,SNPs,SNP_chromosome13_370963_A_G,13,370963,5.79E-06,-0.1340296,0.02938254,0.00310445,Distant
Transcriptomics,YAR033W.RNASeq,SNPs,SNP_chromosome13_797059_G_A,13,797059,8.26E-06,0.21091945,0.04703208,0.01034599,Distant
Transcriptomics,YAR033W.RNASeq,SNPs,SNP_chromosome7_437195_A_C,7,437195,8.33E-06,0.26872053,0.05994647,0.05317252,Distant
Transcriptomics,YAR035W.RNASeq,INDELs,INDEL_chromosome1_189985,1,189985,1.98E-08,-0.2198841,0.03881384,0.01706318,Local
Transcriptomics,YAR042W.RNASeq,SNPs,SNP_chromosome2_690620_C_T,2,690620,8.07E-07,-0.2751358,0.05537153,0.01806783,Distant
Transcriptomics,YAR042W.RNASeq,SNPs,SNP_chromosome2_198110_A_G,2,198110,5.43E-06,-0.1589738,0.03474836,0.00696464,Distant
Transcriptomics,YAR050W.RNASeq,SNPs,SNP_chromosome1_198726_G_A,1,198726,3.28E-10,0.322003,0.05065605,0.02051386,Local
Transcriptomics,YAR050W.RNASeq,SVs,CNV_YAR047C_Cov0.25,1,201467,2.04E-09,0.26663031,0.04402165,0.01752207,Local
Transcriptomics,YAR050W.RNASeq,INDELs,INDEL_chromosome8_521040,8,521040,3.43E-09,0.19298111,0.03232922,0.01534394,Distant
Transcriptomics,YAR050W.RNASeq,SVs,CNV_YX03381_Cov1.75,16,874874,1.97E-08,0.17076511,0.03013835,0.01259934,Distant
Transcriptomics,YAR050W.RNASeq,SVs,CNV_YAL064W_Cov0.25,1,21566,1.36E-07,0.19530435,0.03675602,0.03119839,Distant
Transcriptomics,YAR050W.RNASeq,SVs,CNV_YAR060C_Cov1.25,1,217157,6.39E-07,0.15231298,0.03037136,0.01616291,Local
Transcriptomics,YAR050W.RNASeq,SNPs,SNP_chromosome1_197890_C_T,1,197890,3.39E-06,0.29051335,0.06213703,0.07548485,Local
Transcriptomics,YAR050W.RNASeq,SVs,CNV_YAL063C-A_Cov1.25,1,22395,4.65E-06,0.14213101,0.03084212,0.01392581,Distant
Transcriptomics,YAR064W.RNASeq,SVs,CNV_YAR064W_Cov0.25,1,220198,1.05E-13,-0.3441318,0.04556196,0.04127438,Local
Transcriptomics,YAR064W.RNASeq,SVs,CNV_YHR213W-A_Cov0.25,8,540549,7.19E-12,-0.3229602,0.04649041,0.03711763,Distant
Transcriptomics,YAR064W.RNASeq,SVs,CNV_YX01068_Cov0.75,6,3588,2.66E-11,-0.2828746,0.04190943,0.05095965,Distant
Transcriptomics,YAR064W.RNASeq,SVs,CNV_YHR216W_Cov1.75,8,554396,3.69E-10,-0.2851888,0.04499863,0.06524612,Distant
Transcriptomics,YAR064W.RNASeq,SVs,CNV_YAR066W_Cov1.75,1,221049,2.86E-08,-0.2373285,0.0423856,0.05456167,Local
Transcriptomics,YAR064W.RNASeq,SVs,CNV_YX00151_Cov0.25,1,216858,4.78E-08,0.24021343,0.04362338,0.02343495,Local
Transcriptomics,YAR064W.RNASeq,SVs,CNV_YX01713_Cov2.75,8,562777,2.58E-07,-0.1816488,0.03498597,0.01631176,Distant
Transcriptomics,YAR064W.RNASeq,SVs,CNV_YX00123_Cov3.25,1,195385,5.32E-07,-0.1824566,0.03612054,0.00804326,Local
Transcriptomics,YAR064W.RNASeq,SVs,CNV_YAL066W_Cov1.75,1,10091,5.08E-06,-0.1757833,0.03830324,0.02879344,Distant
Transcriptomics,YAR066W.RNASeq,SVs,CNV_YHR213W-A_Cov1.75,8,540549,5.94E-07,-0.2342171,0.04654987,0.04282298,Distant
Transcriptomics,YAR066W.RNASeq,SNPs,SNP_chromosome7_625418_A_G,7,625418,1.08E-06,0.15863749,0.03229469,0.00604579,Distant
Transcriptomics,YAR066W.RNASeq,SVs,CNV_YHR216W_Cov3.75,8,554396,1.15E-06,0.17655048,0.03603147,0.02900464,Distant
Transcriptomics,YAR066W.RNASeq,SVs,CNV_YAR064W_Cov1.25,1,220198,2.09E-06,-0.2429689,0.05085676,0.04280282,Local
Transcriptomics,YAR068W.RNASeq,SVs,CNV_YX03022_Cov1.75,15,7299,1.75E-10,-0.2022386,0.03129117,0.02592956,Distant
Transcriptomics,YAR068W.RNASeq,SVs,CNV_YJL219W_Cov1.25,10,19497,3.34E-10,-0.2716661,0.04271659,0.07416174,Distant
Transcriptomics,YAR068W.RNASeq,SVs,CNV_YX03035_Cov2.75,15,11930,6.89E-10,0.21424994,0.03432306,0.03560934,Distant
Transcriptomics,YAR068W.RNASeq,SVs,CNV_YAR068W_Cov4.25,1,222406,1.03E-09,0.20434499,0.03308734,0.03161997,Local
Transcriptomics,YAR068W.RNASeq,SVs,CNV_YX03023_Cov1.75,17,7366,3.20E-09,-0.2173588,0.03630909,0.03167987,Distant
Transcriptomics,YAR068W.RNASeq,SNPs,SNP_chromosome9_41810_G_A,9,41810,4.70E-09,-0.3632772,0.06135835,0.11943154,Distant
Transcriptomics,YAR068W.RNASeq,SVs,CNV_YX01738_Cov1.25,9,121,5.55E-09,0.18891012,0.03206263,0.02293169,Distant
Transcriptomics,YAR068W.RNASeq,SVs,CNV_YX03243_Cov1.25,15,1098438,8.96E-09,-0.2103655,0.03621311,0.04027094,Distant
Transcriptomics,YAR068W.RNASeq,SVs,CNV_YIL162W_Cov0.25,9,37385,2.10E-08,-0.220305,0.03892917,0.00982526,Distant
Transcriptomics,YAR068W.RNASeq,SVs,CNV_YX00033_Cov3.75,1,16242,5.69E-08,0.21728035,0.03965909,0.04524726,Distant
Transcriptomics,YAR068W.RNASeq,SVs,CNV_YIL167W_Cov0.25,9,29032,1.05E-07,-0.2088394,0.03892593,0.0136505,Distant
Transcriptomics,YAR068W.RNASeq,SVs,CNV_YHR216W_Cov1.75,8,554396,1.08E-07,-0.2532405,0.04724352,0.04352672,Distant
Transcriptomics,YAR068W.RNASeq,SVs,CNV_YX01685_Cov1.75,8,528145,1.43E-07,0.17299512,0.03259382,0.02259139,Distant
Transcriptomics,YAR068W.RNASeq,SNPs,SNP_chromosome9_40632_G_A,9,40632,2.13E-07,-0.2153648,0.04116626,0.01039741,Distant
Transcriptomics,YAR068W.RNASeq,SNPs,SNP_chromosome9_41157_A_G,9,41157,2.53E-07,-0.1983016,0.03814208,0.00763973,Distant
Transcriptomics,YAR068W.RNASeq,SVs,CNV_YX03040_Cov1.25,15,14169,4.10E-07,-0.1820326,0.03565525,0.02429156,Distant
Transcriptomics,YAR068W.RNASeq,SVs,CNV_YX01772_Cov0.25,9,13123,4.51E-07,-0.1931495,0.03797255,0.01048634,Distant
Transcriptomics,YAR068W.RNASeq,SNPs,SNP_chromosome10_249923_T_C,10,249923,4.25E-06,0.16644151,0.03595179,0.00848545,Distant
Transcriptomics,YAR068W.RNASeq,SNPs,SNP_chromosome9_37771_G_A,9,37771,4.50E-06,-0.2341904,0.05071735,0.03314105,Distant
Transcriptomics,YAR068W.RNASeq,SNPs,SNP_chromosome9_41421_G_A,9,41421,4.60E-06,-0.1757181,0.03809166,0.00469526,Distant
Transcriptomics,YAR068W.RNASeq,SNPs,SNP_chromosome2_198110_A_G,2,198110,4.95E-06,0.14452308,0.03143827,0.00607408,Distant
Transcriptomics,YAR068W.RNASeq,SNPs,SNP_chromosome9_39822_G_A,9,39822,4.97E-06,-0.227318,0.04945532,0.03901935,Distant
Transcriptomics,YAR069C.RNASeq,SVs,CNV_YX02137_Cov2.75,11,1299,6.38E-07,0.20184341,0.04024537,0.00983207,Distant
Transcriptomics,YAR069C.RNASeq,SVs,CNV_YX03035_Cov0.75,15,11930,1.24E-06,-0.2240162,0.04587489,0.04544849,Distant
Transcriptomics,YAR069C.RNASeq,SVs,CNV_YX00033_Cov0.75,1,16242,2.28E-06,-0.2295025,0.04823285,0.04124182,Distant
Transcriptomics,YAR070C.RNASeq,SVs,CNV_YX01691_Cov0.25,8,532921,1.25E-17,0.51483711,0.05867929,0.11830251,Distant
Transcriptomics,YAR070C.RNASeq,SVs,CNV_YX01909_Cov0.25,10,7190,2.29E-12,0.40402106,0.05658014,0.04913894,Distant
Transcriptomics,YAR070C.RNASeq,SVs,CNV_YX00143_Cov0.25,1,210296,3.72E-12,0.40135395,0.05678049,0.04849231,Local
Transcriptomics,YAR070C.RNASeq,SVs,CNV_YX00048_Cov0.25,1,39838,4.40E-08,0.30884181,0.05581092,0.02247019,Distant
Transcriptomics,YAR070C.RNASeq,SVs,CNV_YX00151_Cov0.25,1,216858,5.26E-07,0.24043552,0.04749188,0.01825391,Local
Transcriptomics,YAR070C.RNASeq,SNPs,SNP_chromosome16_692656_T_C,16,692656,1.93E-06,0.30107956,0.06272411,0.009232,Distant
Transcriptomics,YAR071W.RNASeq,SVs,CNV_YX01909_Cov1.25,10,7190,1.66E-15,0.38980581,0.04806407,0.06749455,Distant
Transcriptomics,YAR071W.RNASeq,SVs,CNV_YAR068W_Cov1.25,1,222406,4.27E-14,-0.3012168,0.03923863,0.05265383,Local
Transcriptomics,YAR071W.RNASeq,SVs,CNV_YX00143_Cov1.25,1,210296,4.67E-14,0.37638211,0.04910798,0.06198639,Local
Transcriptomics,YAR071W.RNASeq,SVs,CNV_YX01682_Cov0.25,8,525108,2.66E-13,0.4596791,0.06192551,0.10006581,Distant
Transcriptomics,YAR071W.RNASeq,SVs,CNV_YHR216W_Cov0.75,8,554396,3.24E-11,-0.2114707,0.03147172,0.01243675,Distant
Transcriptomics,YAR071W.RNASeq,SNPs,SNP_chromosome7_913176_C_T,7,913176,1.28E-10,0.52397265,0.08052964,0.06950281,Distant
Transcriptomics,YAR071W.RNASeq,SVs,CNV_YHR213W-A_Cov1.25,8,540549,1.61E-10,-0.2768952,0.0427952,0.05641403,Distant
Transcriptomics,YAR071W.RNASeq,SVs,CNV_YX01068_Cov1.25,6,3588,2.47E-09,-0.242341,0.04022236,0.05534121,Distant
Transcriptomics,YAR071W.RNASeq,SVs,CNV_YX00033_Cov2.75,1,16242,1.11E-08,0.31318609,0.05430522,0.09902907,Distant
Transcriptomics,YAR071W.RNASeq,SVs,CNV_YX02137_Cov2.25,11,1299,4.66E-08,0.23965614,0.04348411,0.01466682,Distant
Transcriptomics,YAR071W.RNASeq,SVs,CNV_YAR071W_Cov3.25,1,225460,7.00E-08,0.21494438,0.03953469,0.04570211,Local
Transcriptomics,YAR071W.RNASeq,SNPs,SNP_chromosome13_231090_A_T,13,231090,7.31E-08,0.26421122,0.04866759,0.01353449,Distant
Transcriptomics,YAR071W.RNASeq,SNPs,SNP_chromosome12_391137_T_C,12,391137,1.06E-07,0.25503658,0.04758542,0.0135832,Distant
Transcriptomics,YAR071W.RNASeq,SNPs,SNP_chromosome16_702786_T_A,16,702786,1.22E-07,0.34418414,0.0645386,0.0334427,Distant
Transcriptomics,YAR071W.RNASeq,SNPs,SNP_chromosome16_211097_T_C,16,211097,2.07E-07,0.32119646,0.06137453,0.02748702,Distant
Transcriptomics,YAR071W.RNASeq,SVs,CNV_YAL067C_Cov0.75,1,7235,7.97E-07,0.17682279,0.03556889,0.02470976,Distant
Transcriptomics,YAR071W.RNASeq,SVs,CNV_YX03035_Cov2.25,15,11930,1.11E-06,0.1877131,0.03827747,0.03410206,Distant
Transcriptomics,YAR071W.RNASeq,SVs,CNV_YX00123_Cov0.75,1,195385,1.72E-06,0.16730141,0.03473647,0.02246129,Distant
Transcriptomics,YAR071W.RNASeq,SNPs,SNP_chromosome2_729640_G_A,2,729640,3.53E-06,0.20720953,0.04440496,0.01630017,Distant
Transcriptomics,YAR071W.RNASeq,SNPs,SNP_chromosome15_347552_C_G,15,347552,3.66E-06,0.33284934,0.07144513,0.03303305,Distant
Transcriptomics,YAR071W.RNASeq,SNPs,SNP_chromosome8_202650_C_T,8,202650,4.21E-06,-0.3200872,0.06913895,0.02218241,Distant
Transcriptomics,YAR071W.RNASeq,SNPs,SNP_chromosome4_642973_G_A,4,642973,6.16E-06,-0.2663511,0.05856466,0.01631914,Distant
Transcriptomics,YAR071W.RNASeq,SNPs,SNP_chromosome10_46191_T_G,10,46191,6.17E-06,0.20080338,0.04415513,0.00948631,Distant
Transcriptomics,YAR073W.RNASeq,SVs,CNV_YAL067C_Cov0.75,1,7235,5.21E-08,0.19234501,0.03502889,0.02909268,Distant
Transcriptomics,YAR073W.RNASeq,SVs,CNV_YHR213W-A_Cov1.25,8,540549,6.53E-08,-0.2325636,0.04267599,0.03959768,Distant
Transcriptomics,YAR073W.RNASeq,SVs,CNV_YX00123_Cov0.75,1,195385,8.98E-08,0.18516089,0.03434765,0.02737561,Distant
Transcriptomics,YAR073W.RNASeq,SVs,CNV_YAR071W_Cov4.75,1,225460,1.01E-07,0.15227132,0.0283645,0.0123665,Local
Transcriptomics,YAR073W.RNASeq,SVs,CNV_YHR216W_Cov3.75,8,554396,3.24E-07,0.16852675,0.03273646,0.02585405,Local
Transcriptomics,YAR073W.RNASeq,SVs,CNV_YAR066W_Cov2.75,1,221049,6.18E-07,0.16409673,0.03267763,0.02299346,Local
Transcriptomics,YAR073W.RNASeq,SNPs,SNP_chromosome7_547230_G_A,7,547230,2.06E-06,0.29125859,0.06094576,0.02875139,Distant
Transcriptomics,YAR073W.RNASeq,SVs,CNV_YX01713_Cov0.75,8,562777,5.25E-06,0.16182955,0.03531522,0.02064739,Distant
Transcriptomics,YAR075W.RNASeq,SVs,CNV_YAR071W_Cov4.75,1,225460,1.37E-09,0.18371551,0.03000465,0.01878245,Local
Transcriptomics,YAR075W.RNASeq,SVs,CNV_YAR066W_Cov2.75,1,221049,3.36E-07,0.17834253,0.03468992,0.02833769,Local
Transcriptomics,YAR075W.RNASeq,SVs,CNV_YHR213W-A_Cov1.25,8,540549,6.71E-07,-0.2282069,0.04559018,0.03978266,Distant
Transcriptomics,YAR075W.RNASeq,SVs,CNV_YX02137_Cov0.25,11,1299,1.69E-06,-0.1637411,0.03397795,0.02344784,Distant
Transcriptomics,YAR075W.RNASeq,SVs,CNV_YX00033_Cov4.75,1,16242,2.14E-06,0.14874815,0.03117568,0.01346267,Distant
Transcriptomics,YBL001C.RNASeq,SVs,CNV_YBR291C_Cov1.25,2,783673,3.46E-06,0.17765335,0.03803274,0.00668167,Distant
Transcriptomics,YBL003C.RNASeq,SNPs,SNP_chromosome12_1031026_G_C,12,1031026,2.14E-06,0.27672402,0.05800134,0.05403214,Distant
Transcriptomics,YBL003C.RNASeq,SNPs,SNP_chromosome4_165975_A_G,4,165975,4.23E-06,0.18604405,0.0401955,0.0127452,Distant
Transcriptomics,YBL004W.RNASeq,SNPs,SNP_chromosome7_655851_C_T,7,655851,4.38E-07,0.19643327,0.03859619,0.00702777,Distant
Transcriptomics,YBL006C.RNASeq,SVs,CNV_YX01253_Cov1.75,7,2976,2.83E-06,0.17689048,0.03753243,0.00613314,Distant
Transcriptomics,YBL006C.RNASeq,SNPs,SNP_chromosome2_217109_T_C,2,217109,3.96E-06,-0.2474628,0.0533081,0.03507508,Local
Proteomics,YBL007C.SMProt,SNPs,SNP_chromosome2_212638_T_C,2,212638,2.67E-13,0.42195564,0.05664728,0.15723319,Local
Transcriptomics,YBL008W.RNASeq,SVs,CNV_YIL059C_Cov0.75,9,246550,1.06E-06,-0.1809412,0.03682515,0.00893697,Distant
Transcriptomics,YBL015W.RNASeq,SNPs,SNP_chromosome2_193867_C_T,2,193867,1.77E-06,0.30181563,0.06274457,0.08070571,Local
Proteomics,YBL015W.SMProt,SNPs,SNP_chromosome2_193867_C_T,2,193867,1.86E-13,0.49897575,0.06653207,0.22083679,Local
Proteomics,YBL015W.SMProt,SNPs,SNP_chromosome13_548999_G_C,13,548999,1.06E-06,-0.2392143,0.0486056,0.05269982,Distant
Transcriptomics,YBL016W.RNASeq,SVs,CNV_YX00594_Cov0.25,4,46858,3.52E-09,0.18485192,0.03098997,0.0071005,Distant
Transcriptomics,YBL016W.RNASeq,SVs,CNV_YX00433_Cov1.25,3,190232,2.86E-07,0.16312054,0.03154162,0.01544066,Distant
Transcriptomics,YBL016W.RNASeq,SNPs,SNP_chromosome4_575938_C_G,4,575938,3.09E-06,-0.2460458,0.05240758,0.01983586,Distant
Transcriptomics,YBL016W.RNASeq,SVs,CNV_YCL066W_Cov1.25,3,13282,3.48E-06,0.16983541,0.03637003,0.0198838,Distant
Transcriptomics,YBL016W.RNASeq,SNPs,SNP_chromosome15_811578_A_G,15,811578,5.18E-06,0.23422772,0.05108514,0.0153126,Distant
Proteomics,YBL017C.SMProt,SNPs,SNP_chromosome13_97628_G_A,13,97628,3.10E-06,0.23526466,0.05004683,0.04889036,Distant
Transcriptomics,YBL020W.RNASeq,SNPs,SNP_chromosome9_146276_C_T,9,146276,1.73E-06,-0.2518341,0.05230818,0.03110369,Distant
Transcriptomics,YBL022C.RNASeq,SNPs,SNP_chromosome16_415343_G_A,16,415343,3.51E-06,0.22182787,0.04752355,0.04487457,Distant
Transcriptomics,YBL022C.RNASeq,SNPs,SNP_chromosome1_92566_T_C,1,92566,4.19E-06,-0.1847705,0.0399043,0.00672559,Distant
Proteomics,YBL022C.SMProt,SNPs,SNP_chromosome7_165308_G_T,7,165308,2.60E-06,-0.2315251,0.04886632,0.01279159,Distant
Proteomics,YBL022C.SMProt,SNPs,SNP_chromosome4_393566_C_T,4,393566,3.74E-06,0.28944989,0.06210131,0.02467241,Distant
Transcriptomics,YBL024W.RNASeq,SNPs,SNP_chromosome7_655851_C_T,7,655851,2.83E-06,0.18133307,0.03847635,0.00598882,Distant
Transcriptomics,YBL028C.RNASeq,SNPs,SNP_chromosome7_655851_C_T,7,655851,2.09E-06,0.18470386,0.03867328,0.00621354,Distant
Transcriptomics,YBL028C.RNASeq,SNPs,SNP_chromosome13_213896_G_C,13,213896,2.53E-06,0.1859029,0.03925403,0.00598074,Distant
Transcriptomics,YBL029C-A.RNASeq,SVs,CNV_YBR250W_Cov1.25,2,719033,2.87E-06,0.16506504,0.03504521,0.00534053,Distant
Transcriptomics,YBL029W.RNASeq,SNPs,SNP_chromosome2_521948_A_G,2,521948,1.69E-06,-0.2082251,0.04320071,0.00738936,Distant
Transcriptomics,YBL030C.RNASeq,SNPs,SNP_chromosome2_93811_T_C,2,93811,2.92E-06,-0.1522186,0.03234503,0.00539178,Distant
Proteomics,YBL030C.SMProt,SNPs,SNP_chromosome11_450227_C_T,11,450227,2.00E-06,-0.2838629,0.05924122,0.0191,Distant
Proteomics,YBL036C.SMProt,SNPs,SNP_chromosome2_155527_T_A,2,155527,8.33E-07,0.20407072,0.04105711,0.0268357,Local
Transcriptomics,YBL037W.RNASeq,SVs,CNV_YX01489_Cov2.75,7,1066398,3.88E-06,-0.1917355,0.04126348,0.01179827,Distant
Transcriptomics,YBL039C.RNASeq,SNPs,SNP_chromosome7_655851_C_T,7,655851,1.97E-06,0.18666222,0.03898876,0.006346,Distant
Transcriptomics,YBL040C.RNASeq,SNPs,SNP_chromosome14_605480_G_C,14,605480,3.96E-06,0.24712964,0.05323593,0.0135502,Distant
Proteomics,YBL041W.SCProt,SNPs,SNP_chromosome7_121840_G_A,7,121840,3.78E-06,-0.2547689,0.05475125,0.04528137,Distant
Proteomics,YBL041W.SMProt,SNPs,SNP_chromosome12_903349_C_T,12,903349,7.30E-07,-0.2056623,0.04115853,0.01315233,Distant
Transcriptomics,YBL042C.RNASeq,SNPs,SNP_chromosome7_655851_C_T,7,655851,8.84E-10,0.24151169,0.03898055,0.0106234,Distant
Transcriptomics,YBL042C.RNASeq,SNPs,SNP_chromosome14_138888_A_G,14,138888,4.32E-06,-0.2490185,0.05385471,0.02948149,Distant
Proteomics,YBL045C.SMProt,SNPs,SNP_chromosome15_523804_T_G,15,523804,1.82E-06,0.36480012,0.07581976,0.01664198,Distant
Proteomics,YBL045C.SMProt,SNPs,SNP_chromosome9_212456_A_G,9,212456,4.78E-06,-0.280149,0.06078596,0.03135311,Distant
Transcriptomics,YBL046W.RNASeq,SNPs,SNP_chromosome14_147322_A_G,14,147322,6.10E-06,0.22545594,0.04954946,0.01065755,Distant
Proteomics,YBL047C.SMProt,SNPs,SNP_chromosome16_499778_A_G,16,499778,3.39E-07,0.19746931,0.03835968,0.00931254,Distant
Transcriptomics,YBL053W.RNASeq,SNPs,SNP_chromosome4_1174702_C_T,4,1174702,3.73E-06,0.17262754,0.03708308,0.01242164,Distant
Proteomics,YBL056W.SMProt,SNPs,SNP_chromosome9_58382_C_T,9,58382,7.52E-06,-0.2356057,0.05222868,0.03021353,Distant
Transcriptomics,YBL057C.RNASeq,SNPs,SNP_chromosome12_722403_A_G,12,722403,8.70E-07,-0.2057996,0.04154377,0.01151484,Distant
Proteomics,YBL057C.SMProt,SNPs,SNP_chromosome16_230341_A_G,16,230341,1.74E-06,-0.1994869,0.04138214,0.00763447,Distant
Transcriptomics,YBL058W.RNASeq,SNPs,SNP_chromosome16_415343_G_A,16,415343,4.29E-07,0.23154403,0.04546151,0.04889172,Distant
Proteomics,YBL058W.SCProt,SVs,CNV_YGL024W_Cov0.75,7,449788,3.44E-08,0.1987142,0.03568833,0.0397251,Distant
Proteomics,YBL058W.SCProt,SVs,CNV_YLR178C_Cov0.75,12,513162,2.42E-07,0.1885227,0.03621744,0.03367148,Distant
Proteomics,YBL058W.SCProt,SVs,CNV_YDR231C_Cov0.75,4,926293,1.56E-06,-0.1753931,0.03625998,0.03085307,Distant
Proteomics,YBL058W.SCProt,SVs,CNV_YOR072W-A_Cov0.75,15,461791,2.61E-06,0.17649967,0.03730687,0.03104754,Distant
Transcriptomics,YBL059C-A.RNASeq,SVs,CNV_YX02137_Cov0.25,11,1299,6.28E-06,0.17131811,0.03770207,0.02460051,Distant
Transcriptomics,YBL059C-A.RNASeq,SNPs,SNP_chromosome7_924648_G_T,7,924648,6.37E-06,-0.1953046,0.04301087,0.006063,Distant
Transcriptomics,YBL059W.RNASeq,SNPs,SNP_chromosome7_1058166_C_T,7,1058166,1.35E-07,0.21700111,0.04083045,0.0096929,Distant
Transcriptomics,YBL059W.RNASeq,SVs,CNV_YX02137_Cov0.25,11,1299,1.83E-06,0.18693368,0.03891782,0.02928954,Distant
Transcriptomics,YBL060W.RNASeq,SNPs,SNP_chromosome2_198110_A_G,2,198110,1.69E-06,-0.1674549,0.03474548,0.00772013,Distant
Transcriptomics,YBL060W.RNASeq,SNPs,SNP_chromosome13_206138_C_T,13,206138,4.19E-06,-0.1829053,0.03950258,0.0079451,Distant
Transcriptomics,YBL073W.RNASeq,SNPs,SNP_chromosome12_279986_A_G,12,279986,2.48E-06,-0.2476258,0.05223916,0.0322979,Distant
Transcriptomics,YBL073W.RNASeq,SNPs,SNP_chromosome2_88039_T_C,2,88039,3.49E-06,-0.1586324,0.03397604,0.00529641,Local
Transcriptomics,YBL073W.RNASeq,SNPs,SNP_chromosome10_145040_T_C,10,145040,4.81E-06,0.21624764,0.04700002,0.01045303,Distant
Proteomics,YBL076C.SCProt,SVs,CNV_YLR154W-B_Cov90.25,12,454392,6.75E-07,-0.1627313,0.03250984,0.02656182,Distant
Proteomics,YBL076C.SCProt,SVs,CNV_YX00446_Cov0.25,3,193857,3.29E-06,-0.2323556,0.04962289,0.02901297,Distant
Proteomics,YBL076C.SCProt,SVs,CNV_YLR423C_Cov1.25,12,971917,4.13E-06,-0.1711744,0.03693712,0.00519395,Distant
Transcriptomics,YBL078C.RNASeq,SNPs,SNP_chromosome2_80838_A_T,2,80838,3.10E-08,0.33121889,0.05930297,0.09739933,Local
Transcriptomics,YBL081W.RNASeq,SNPs,SNP_chromosome12_919791_G_A,12,919791,6.39E-06,-0.2465974,0.05431551,0.01226418,Distant
Transcriptomics,YBL082C.RNASeq,SNPs,SNP_chromosome2_71431_G_A,2,71431,1.30E-14,0.36488339,0.04655629,0.11229136,Local
Transcriptomics,YBL082C.RNASeq,SNPs,SNP_chromosome11_234932_G_A,11,234932,1.61E-06,0.21461259,0.04443975,0.03709443,Distant
Transcriptomics,YBL083C.RNASeq,SNPs,SNP_chromosome8_324770_G_A,8,324770,4.46E-06,-0.2960481,0.06411868,0.08105205,Distant
Transcriptomics,YBL084C.RNASeq,SNPs,SNP_chromosome3_65398_G_A,3,65398,2.59E-06,0.23182671,0.04899985,0.01472703,Distant
Transcriptomics,YBL086C.RNASeq,SNPs,SNP_chromosome11_290740_C_T,11,290740,3.90E-07,0.28682288,0.05610921,0.01817736,Distant
Transcriptomics,YBL089W.RNASeq,SNPs,SNP_chromosome2_49999_A_G,2,49999,2.37E-07,-0.2060915,0.03957461,0.02290971,Local
Transcriptomics,YBL089W.RNASeq,SNPs,SNP_chromosome15_100319_T_C,15,100319,6.15E-06,0.29453313,0.06475436,0.04361516,Distant
Transcriptomics,YBL090W.RNASeq,SVs,SV_3182_INS_chromosome8_359070_len_5956_TyRelated,8,359070,4.04E-06,0.15662532,0.03377085,0.00634662,Distant
Proteomics,YBL091C.SMProt,SNPs,SNP_chromosome2_240866_C_T,2,240866,7.98E-07,0.45098459,0.09057629,0.04658186,Distant
Proteomics,YBL091C.SMProt,SNPs,SNP_chromosome7_907935_C_T,7,907935,2.33E-06,0.33503771,0.07038099,0.01567941,Distant
Transcriptomics,YBL096C.RNASeq,SNPs,SNP_chromosome8_36073_C_T,8,36073,1.48E-06,0.27400407,0.05645059,0.06625096,Distant
Proteomics,YBL098W.SMProt,SNPs,SNP_chromosome2_794106_T_A,2,794106,2.91E-06,-0.3110375,0.06598076,0.09126133,Distant
Transcriptomics,YBL099W.RNASeq,SNPs,SNP_chromosome4_1318821_T_C,4,1318821,8.35E-07,0.34239221,0.06900234,0.06312127,Distant
Proteomics,YBL099W.SMProt,SNPs,SNP_chromosome13_612690_T_C,13,612690,1.71E-06,0.22645052,0.04693407,0.01048813,Distant
Proteomics,YBL099W.SMProt,INDELs,INDEL_chromosome11_232038,11,232038,4.05E-06,-0.3854481,0.08299381,0.14275401,Distant
Transcriptomics,YBL100W-C.RNASeq,INDELs,INDEL_chromosome2_28209,2,28209,1.13E-14,-0.3147547,0.04004364,0.0573891,Local
Transcriptomics,YBL100W-C.RNASeq,SVs,SV_379_DEL_chromosome2_28216_len_-75,2,28216,2.41E-14,-0.311246,0.04012011,0.0555607,Local
Transcriptomics,YBL100W-C.RNASeq,SNPs,SNP_chromosome15_351325_C_A,15,351325,2.12E-06,-0.2747878,0.05756584,0.0676473,Distant
Transcriptomics,YBL100W-C.RNASeq,SNPs,SNP_chromosome9_276744_T_C,9,276744,3.68E-06,0.28444823,0.06105576,0.07494974,Distant
Transcriptomics,YBL101C.RNASeq,INDELs,INDEL_chromosome2_28209,2,28209,1.92E-22,-0.4001438,0.03996197,0.0901702,Local
Transcriptomics,YBL101C.RNASeq,SVs,SV_379_DEL_chromosome2_28216_len_-75,2,28216,2.55E-20,-0.3801919,0.04017439,0.08057174,Local
Transcriptomics,YBL101C.RNASeq,SNPs,SNP_chromosome2_24209_T_C,2,24209,1.44E-07,-0.2015248,0.03800869,0.02071125,Local
Transcriptomics,YBL106C.RNASeq,SNPs,SNP_chromosome7_591793_A_C,7,591793,5.75E-07,-0.2615576,0.051939,0.01471128,Distant
Transcriptomics,YBL106C.RNASeq,SNPs,SNP_chromosome10_297976_C_T,10,297976,2.84E-06,0.20294826,0.04306785,0.00758447,Distant
Transcriptomics,YBL107C.RNASeq,SNPs,SNP_chromosome2_10621_C_T,2,10621,5.18E-08,0.21289632,0.03876441,0.02049097,Local
Transcriptomics,YBL107C.RNASeq,SNPs,SNP_chromosome2_12359_T_G,2,12359,1.41E-07,-0.2011788,0.03791297,0.02218375,Local
Transcriptomics,YBL107C.RNASeq,SNPs,SNP_chromosome2_10208_C_T,2,10208,1.39E-06,0.18000664,0.0370413,0.01052865,Local
Transcriptomics,YBL107W-A.RNASeq,SNPs,SNP_chromosome12_508718_G_T,12,508718,3.09E-06,-0.2478939,0.05280342,0.06039017,Distant
Transcriptomics,YBL108C-A.RNASeq,SNPs,SNP_chromosome4_492120_T_C,4,492120,3.01E-06,-0.1772244,0.03770621,0.00765379,Distant
Transcriptomics,YBL108C-A.RNASeq,SVs,CNV_YX01587_Cov1.25,8,198463,4.41E-06,0.15643681,0.03386529,0.01317998,Distant
Transcriptomics,YBL111C.RNASeq,SVs,CNV_YEL074W_Cov9.25,5,6126,3.26E-27,0.29468214,0.02638047,0.08173982,Distant
Transcriptomics,YBL111C.RNASeq,SVs,CNV_YGR296W_Cov11.75,7,1084864,6.67E-27,-0.3218085,0.02899764,0.10418197,Local
Transcriptomics,YBL111C.RNASeq,SVs,CNV_YEL075W-A_Cov3.25,5,4870,1.66E-24,-0.3066319,0.02913163,0.09262542,Distant
Transcriptomics,YBL111C.RNASeq,SVs,CNV_YBL113W-A_Cov1.75,2,646,1.34E-19,-0.2678716,0.0288922,0.06998196,Local
Transcriptomics,YBL111C.RNASeq,SVs,CNV_YX01034_Cov9.75,17,533640,4.80E-19,0.25227037,0.02765739,0.05409645,Distant
Transcriptomics,YBL111C.RNASeq,SVs,CNV_YLL066W-B_Cov1.75,12,5605,1.11E-16,0.208446,0.02464967,0.04131915,Distant
Transcriptomics,YBL111C.RNASeq,SVs,CNV_YLR466C-B_Cov0.75,12,1071594,3.51E-13,0.1948544,0.02638772,0.03819984,Distant
Transcriptomics,YBL111C.RNASeq,SVs,CNV_YNL338W_Cov1.75,14,6561,2.43E-12,0.16800005,0.02364041,0.01656413,Distant
Transcriptomics,YBL111C.RNASeq,SVs,CNV_YX01747_Cov1.25,9,1954,2.93E-07,0.14758002,0.02856196,0.02164023,Distant
Transcriptomics,YBL112C.RNASeq,SVs,CNV_YBL113W-A_Cov3.25,2,646,3.63E-18,0.33463957,0.03768935,0.10195662,Local
Transcriptomics,YBL112C.RNASeq,SVs,CNV_YEL074W_Cov17.25,5,6126,1.37E-17,0.27636,0.03170457,0.0383968,Distant
Transcriptomics,YBL112C.RNASeq,SVs,CNV_YGR296W_Cov21.75,7,1084864,7.69E-17,0.29250109,0.03440061,0.05629542,Local
Transcriptomics,YBL112C.RNASeq,SVs,CNV_YEL075W-A_Cov7.25,5,4870,4.15E-15,0.27822939,0.03482359,0.05612545,Distant
Transcriptomics,YBL112C.RNASeq,SVs,CNV_YX01034_Cov20.75,17,533640,9.24E-14,0.20324884,0.02684708,0.00944613,Distant
Transcriptomics,YBL112C.RNASeq,SVs,CNV_YLL066W-B_Cov4.25,12,5605,3.37E-12,0.21563066,0.03054751,0.01535325,Distant
Transcriptomics,YBL112C.RNASeq,SVs,CNV_YNL338W_Cov1.25,14,6561,7.97E-11,0.19330829,0.02937572,0.0320421,Distant
Transcriptomics,YBL112C.RNASeq,SVs,CNV_YPL146C_Cov1.25,16,276162,1.12E-07,0.14798679,0.02766138,0.00526247,Distant
Transcriptomics,YBL112C.RNASeq,SVs,CNV_YLR466C-B_Cov0.75,12,1071594,1.98E-06,0.15140312,0.0316289,0.02317052,Distant
Transcriptomics,YBL112C.RNASeq,SNPs,SNP_chromosome4_1129035_T_C,4,1129035,3.88E-06,0.1774998,0.03820138,0.00783762,Distant
Transcriptomics,YBL113C.RNASeq,SVs,CNV_YEL074W_Cov9.25,5,6126,5.90E-23,0.30268426,0.02984362,0.08628806,Distant
Transcriptomics,YBL113C.RNASeq,SVs,CNV_YEL075W-A_Cov7.25,5,4870,9.86E-21,0.31663462,0.03307784,0.07239201,Distant
Transcriptomics,YBL113C.RNASeq,SVs,CNV_YGR296W_Cov21.75,7,1084864,2.88E-19,0.30228898,0.03292312,0.05988012,Local
Transcriptomics,YBL113C.RNASeq,SVs,CNV_YX01034_Cov20.75,17,533640,8.64E-19,0.22881881,0.02528023,0.01192343,Distant
Transcriptomics,YBL113C.RNASeq,SVs,CNV_YBL113W-A_Cov3.25,2,646,7.83E-17,0.30901916,0.03635285,0.08658679,Local
Transcriptomics,YBL113C.RNASeq,SVs,CNV_YLL066W-B_Cov4.25,12,5605,2.73E-14,0.22767872,0.02942574,0.01704685,Distant
Transcriptomics,YBL113C.RNASeq,SVs,CNV_YLR466C-B_Cov0.75,12,1071594,1.71E-10,0.19326339,0.0299121,0.03759978,Distant
Transcriptomics,YBL113C.RNASeq,SVs,CNV_YNL338W_Cov1.75,14,6561,3.91E-09,0.16137824,0.02713511,0.01529272,Distant
Transcriptomics,YBL113C.RNASeq,SVs,CNV_YLR465C_Cov0.25,12,1067045,1.54E-08,-0.1862252,0.03261491,0.02906623,Distant
Transcriptomics,YBL113C.RNASeq,SVs,CNV_YX01747_Cov1.25,9,1954,3.88E-08,0.17867563,0.03222528,0.03173821,Distant
Transcriptomics,YBL113C.RNASeq,SVs,CNV_YX02565_Cov0.25,13,473,3.06E-07,0.15986663,0.03098727,0.01522451,Distant
Transcriptomics,YBL113C.RNASeq,SVs,CNV_YX00929_Cov0.75,4,1535038,3.32E-07,0.1421873,0.02764468,0.0118718,Distant
Transcriptomics,YBL113C.RNASeq,SNPs,SNP_chromosome4_593321_A_G,4,593321,1.48E-06,0.13450034,0.02775217,0.00362964,Distant
Transcriptomics,YBR002C.RNASeq,SNPs,SNP_chromosome15_675643_A_T,15,675643,4.25E-07,0.28142401,0.05523247,0.03158725,Distant
Transcriptomics,YBR007C.RNASeq,SNPs,SNP_chromosome16_596248_C_T,16,596248,6.79E-06,0.20290628,0.04482096,0.00627726,Distant
Transcriptomics,YBR008C.RNASeq,SNPs,SNP_chromosome4_1138340_C_T,4,1138340,3.63E-06,0.22068915,0.04735302,0.01005522,Distant
Transcriptomics,YBR008C.RNASeq,SNPs,SNP_chromosome12_210539_A_G,12,210539,7.09E-06,-0.162828,0.03604262,0.00489323,Distant
Transcriptomics,YBR010W.RNASeq,SNPs,SNP_chromosome4_380086_A_G,4,380086,7.08E-08,0.30900424,0.05685762,0.08513484,Distant
Proteomics,YBR011C.SMProt,SNPs,SNP_chromosome11_565671_A_G,11,565671,5.06E-06,0.24488368,0.05327636,0.02335099,Distant
Transcriptomics,YBR012C.RNASeq,SVs,CNV_YBR012C_Cov0.25,2,259147,1.54E-08,-0.1976249,0.03459248,0.00108505,Local
Transcriptomics,YBR013C.RNASeq,SVs,CNV_YBR012C_Cov0.25,2,259147,4.48E-08,-0.3700445,0.0670427,0.02131314,Local
Transcriptomics,YBR013C.RNASeq,INDELs,INDEL_chromosome6_255778,6,255778,7.05E-08,0.25033114,0.04604448,0.01104722,Distant
Transcriptomics,YBR013C.RNASeq,SNPs,SNP_chromosome4_1435238_T_C,4,1435238,1.71E-06,-0.2917883,0.06055684,0.06351237,Distant
Transcriptomics,YBR015C.RNASeq,SNPs,SNP_chromosome9_386312_C_T,9,386312,7.96E-06,-0.2385724,0.05310286,0.02088703,Distant
Transcriptomics,YBR016W.RNASeq,SNPs,SNP_chromosome12_599955_A_G,12,599955,9.60E-07,-0.3469252,0.07031165,0.02255596,Distant
Transcriptomics,YBR016W.RNASeq,INDELs,INDEL_chromosome13_686227,13,686227,1.01E-06,-0.3599101,0.07310702,0.0249856,Distant
Transcriptomics,YBR016W.RNASeq,SNPs,SNP_chromosome16_762221_C_T,16,762221,1.51E-06,-0.3834644,0.07919312,0.02739046,Distant
Transcriptomics,YBR016W.RNASeq,SNPs,SNP_chromosome15_241656_T_A,15,241656,1.70E-06,-0.3855543,0.08001591,0.02737321,Distant
Transcriptomics,YBR016W.RNASeq,SNPs,SNP_chromosome9_270924_T_C,9,270924,3.31E-06,-0.3743058,0.07998267,0.02592178,Distant
Transcriptomics,YBR016W.RNASeq,INDELs,INDEL_chromosome16_195536,16,195536,4.06E-06,-0.2256472,0.0486609,0.01345103,Distant
Proteomics,YBR017C.SMProt,INDELs,INDEL_chromosome14_412093,14,412093,6.37E-06,0.18600709,0.04090848,0.02162362,Distant
Transcriptomics,YBR019C.RNASeq,SVs,CNV_YCL066W_Cov1.25,3,13282,1.81E-07,0.2063651,0.0392308,0.02745331,Distant
Transcriptomics,YBR020W.RNASeq,SVs,CNV_YCL066W_Cov1.25,3,13282,1.98E-06,0.18598839,0.03884428,0.02229944,Distant
Transcriptomics,YBR022W.RNASeq,SNPs,SNP_chromosome2_283431_A_C,2,283431,5.93E-15,-0.2747232,0.03458923,0.03604994,Local
Transcriptomics,YBR022W.RNASeq,SNPs,SNP_chromosome16_904776_G_A,16,904776,5.34E-08,0.36711081,0.06691453,0.03582644,Distant
Transcriptomics,YBR025C.RNASeq,SNPs,SNP_chromosome12_418313_A_G,12,418313,2.78E-07,0.19954917,0.03854048,0.02465092,Distant
Transcriptomics,YBR025C.RNASeq,INDELs,INDEL_chromosome2_292107,2,292107,4.43E-07,-0.1800732,0.03539899,0.01091489,Local
Proteomics,YBR025C.SCProt,INDELs,INDEL_chromosome2_292107,2,292107,5.71E-12,-0.243797,0.03490664,0.02007623,Local
Proteomics,YBR025C.SCProt,SVs,CNV_YX01837_Cov0.25,9,365799,3.56E-06,0.21089751,0.04519961,0.04145007,Distant
Transcriptomics,YBR028C.RNASeq,SVs,SV_5244_DEL_chromosome13_600892_len_-698,13,600892,9.23E-07,-0.2071248,0.04191189,0.0154459,Distant
Transcriptomics,YBR029C.RNASeq,SNPs,SNP_chromosome5_326290_C_T,5,326290,2.33E-06,0.23602222,0.04965162,0.01647767,Distant
Transcriptomics,YBR029C.RNASeq,SNPs,SNP_chromosome11_546387_C_A,11,546387,4.71E-06,0.23590155,0.05122211,0.02111481,Distant
Proteomics,YBR029C.SMProt,SNPs,SNP_chromosome7_907935_C_T,7,907935,2.14E-06,-0.3084846,0.06456639,0.01345335,Distant
Proteomics,YBR029C.SMProt,INDELs,INDEL_chromosome11_450331,11,450331,1.07E-05,-0.2451456,0.05528813,0.0198019,Distant
Transcriptomics,YBR035C.RNASeq,SNPs,SNP_chromosome4_1392190_G_A,4,1392190,3.16E-07,-0.31505,0.06114008,0.0950735,Distant
Transcriptomics,YBR036C.RNASeq,SNPs,SNP_chromosome7_413763_T_C,7,413763,5.52E-06,-0.1641632,0.03590944,0.00730111,Distant
Transcriptomics,YBR039W.RNASeq,INDELs,INDEL_chromosome7_341879,7,341879,3.39E-06,-0.2076068,0.04440844,0.01019572,Distant
Proteomics,YBR039W.SMProt,SNPs,SNP_chromosome13_612492_C_T,13,612492,2.40E-06,0.27276474,0.05737266,0.03729187,Distant
Proteomics,YBR039W.SMProt,SNPs,SNP_chromosome13_612690_T_C,13,612690,2.89E-06,0.22506088,0.0477297,0.0103624,Distant
Proteomics,YBR039W.SMProt,INDELs,INDEL_chromosome11_232038,11,232038,2.90E-06,-0.3979412,0.08440847,0.15219602,Distant
Proteomics,YBR039W.SMProt,SNPs,SNP_chromosome11_231899_G_A,11,231899,3.51E-06,-0.3461259,0.0740449,0.11707991,Distant
Transcriptomics,YBR043C.RNASeq,SNPs,SNP_chromosome2_324274_C_T,2,324274,4.00E-10,-0.2193854,0.03468772,0.00875461,Local
Transcriptomics,YBR044C.RNASeq,SNPs,SNP_chromosome4_869651_C_T,4,869651,4.32E-06,0.18196221,0.03935105,0.01681772,Distant
Transcriptomics,YBR045C.RNASeq,SVs,CNV_YX00099_Cov0.25,1,176283,2.94E-06,-0.1951321,0.04147431,0.01180405,Distant
Transcriptomics,YBR047W.RNASeq,SNPs,SNP_chromosome13_561397_G_A,13,561397,1.68E-07,0.31107351,0.05898972,0.0472927,Distant
Proteomics,YBR049C.SMProt,SNPs,SNP_chromosome7_907935_C_T,7,907935,1.28E-06,0.3023316,0.0619083,0.01270341,Distant
Transcriptomics,YBR050C.RNASeq,SNPs,SNP_chromosome5_259719_C_T,5,259719,3.17E-06,-0.2102242,0.04483286,0.00773251,Distant
Transcriptomics,YBR052C.RNASeq,SVs,CNV_YBR300C_Cov2.25,2,808600,6.88E-09,0.24793955,0.04238085,0.06079557,Distant
Proteomics,YBR052C.SMProt,SNPs,SNP_chromosome15_1032788_G_A,15,1032788,7.78E-06,0.22875325,0.05079414,0.04667131,Distant
Transcriptomics,YBR053C.RNASeq,SNPs,SNP_chromosome12_585709_A_T,12,585709,9.88E-07,-0.2137742,0.04337597,0.03233657,Distant
Proteomics,YBR053C.SMProt,SNPs,SNP_chromosome2_340466_G_A,2,340466,1.52E-09,-0.2492103,0.04071763,0.03878859,Local
Transcriptomics,YBR054W.RNASeq,SNPs,SNP_chromosome16_390546_T_C,16,390546,4.91E-07,-0.2359283,0.04656325,0.01046934,Distant
Transcriptomics,YBR055C.RNASeq,SVs,CNV_YX02249_Cov0.25,11,618964,1.30E-06,0.30454918,0.0624925,0.08575186,Distant
Transcriptomics,YBR055C.RNASeq,SNPs,SNP_chromosome7_655851_C_T,7,655851,3.53E-06,0.18261866,0.03913389,0.00607404,Distant
Transcriptomics,YBR056W-A.RNASeq,SNPs,SNP_chromosome2_351999_G_A,2,351999,4.84E-18,-0.4999422,0.05652789,0.2297531,Local
Transcriptomics,YBR056W-A.RNASeq,INDELs,INDEL_chromosome2_350935,2,350935,1.19E-07,-0.2997432,0.05614571,0.05309481,Local
Transcriptomics,YBR056W-A.RNASeq,INDELs,INDEL_chromosome2_349816,2,349816,1.54E-07,-0.337383,0.06378462,0.09549025,Local
Transcriptomics,YBR056W-A.RNASeq,SNPs,SNP_chromosome12_65485_C_T,12,65485,2.44E-06,0.18985104,0.04002395,0.02902639,Distant
Transcriptomics,YBR056W-A.RNASeq,SNPs,SNP_chromosome7_581206_A_G,7,581206,3.18E-06,-0.2965562,0.0632508,0.07634141,Distant
Proteomics,YBR058C-A.SMProt,SVs,CNV_YX01691_Cov2.25,8,532921,4.23E-06,-0.2777019,0.05991482,0.02072117,Distant
Proteomics,YBR058C.SMProt,SNPs,SNP_chromosome14_236383_A_G,14,236383,2.45E-06,0.27453495,0.05779208,0.0271726,Distant
Transcriptomics,YBR060C.RNASeq,SNPs,SNP_chromosome13_524221_T_G,13,524221,2.98E-06,0.28082524,0.05971941,0.0716865,Distant
Transcriptomics,YBR061C.RNASeq,SNPs,SNP_chromosome7_655851_C_T,7,655851,2.07E-06,0.18531166,0.03878914,0.0062545,Distant
Transcriptomics,YBR061C.RNASeq,SNPs,SNP_chromosome13_213896_G_C,13,213896,2.47E-06,0.18691803,0.03942588,0.00604623,Distant
Transcriptomics,YBR062C.RNASeq,SNPs,SNP_chromosome2_366409_T_C,2,366409,5.41E-06,-0.1571344,0.03433978,0.00791542,Local
Transcriptomics,YBR063C.RNASeq,SNPs,SNP_chromosome2_370007_T_G,2,370007,1.03E-21,0.61077745,0.06215219,0.3340374,Local
Transcriptomics,YBR063C.RNASeq,SNPs,SNP_chromosome4_1477889_C_T,4,1477889,9.06E-07,-0.3187222,0.06444574,0.01972877,Distant
Transcriptomics,YBR063C.RNASeq,SNPs,SNP_chromosome14_593545_A_T,14,593545,1.02E-06,-0.309157,0.06282062,0.02116992,Distant
Transcriptomics,YBR063C.RNASeq,SNPs,SNP_chromosome2_484159_G_A,2,484159,1.24E-06,-0.3360625,0.06883171,0.02081821,Distant
Transcriptomics,YBR063C.RNASeq,SNPs,SNP_chromosome11_252841_G_A,11,252841,4.26E-06,-0.169412,0.03661557,0.0048192,Distant
Transcriptomics,YBR065C.RNASeq,SNPs,SNP_chromosome2_370007_T_G,2,370007,4.07E-18,0.52826283,0.0595887,0.24987869,Local
Transcriptomics,YBR066C.RNASeq,SVs,CNV_YX00432_Cov0.75,3,178725,4.10E-07,0.29272307,0.05737438,0.02749965,Distant
Transcriptomics,YBR067C.RNASeq,SNPs,SNP_chromosome2_373349_C_T,2,373349,8.91E-07,0.27801005,0.05617332,0.02329701,Local
Transcriptomics,YBR068C.RNASeq,SNPs,SNP_chromosome2_376375_G_A,2,376375,1.01E-08,0.32674657,0.05650179,0.07471564,Local
Transcriptomics,YBR068C.RNASeq,SNPs,SNP_chromosome9_177659_G_A,9,177659,7.08E-08,-0.4121722,0.07584045,0.0335207,Distant
Transcriptomics,YBR068C.RNASeq,SNPs,SNP_chromosome6_41083_C_T,6,41083,1.05E-06,-0.3210651,0.0653151,0.01979414,Distant
Transcriptomics,YBR069C.RNASeq,SNPs,SNP_chromosome2_376375_G_A,2,376375,8.53E-18,0.46508578,0.05300074,0.15137549,Local
Transcriptomics,YBR069C.RNASeq,SNPs,SNP_chromosome2_381013_T_C,2,381013,4.21E-07,-0.2561319,0.05025234,0.01609239,Local
Transcriptomics,YBR069C.RNASeq,INDELs,INDEL_chromosome2_350935,2,350935,6.87E-07,0.29597484,0.0591853,0.05074344,Distant
Transcriptomics,YBR069C.RNASeq,SNPs,SNP_chromosome2_376523_A_G,2,376523,8.90E-07,-0.2750523,0.05557399,0.06921989,Local
Transcriptomics,YBR069C.RNASeq,SVs,SV_5947_INS_chromosome15_464386_len_357_TyRelated,15,464386,3.32E-06,-0.1661223,0.03549821,0.00903721,Distant
Proteomics,YBR072W.SMProt,INDELs,INDEL_chromosome16_411655,16,411655,3.91E-07,-0.3936974,0.0768876,0.13516839,Distant
Transcriptomics,YBR073W.RNASeq,SVs,CNV_YDL227C_Cov0.75,4,46271,1.18E-11,0.22832081,0.03321605,0.01278003,Distant
Transcriptomics,YBR073W.RNASeq,SVs,CNV_YX00433_Cov1.25,3,190232,2.70E-09,0.19627926,0.03265518,0.0223294,Distant
Transcriptomics,YBR079C.RNASeq,SNPs,SNP_chromosome7_655851_C_T,7,655851,5.65E-07,0.19387758,0.03847299,0.00684609,Distant
Proteomics,YBR079C.SMProt,SNPs,SNP_chromosome12_897145_A_G,12,897145,3.50E-06,-0.2581785,0.05522046,0.03031171,Distant
Transcriptomics,YBR083W.RNASeq,SVs,CNV_YDL227C_Cov0.75,4,46271,1.31E-08,0.19573939,0.03411549,0.0097352,Distant
Transcriptomics,YBR083W.RNASeq,SVs,SV_4873_INS_chromosome12_818474_len_669_TyRelated,12,818474,2.89E-06,-0.1845663,0.03919957,0.0091874,Distant
Transcriptomics,YBR083W.RNASeq,SNPs,SNP_chromosome1_108718_C_T,1,108718,4.38E-06,0.17141843,0.03709493,0.00720906,Distant
Transcriptomics,YBR084W.RNASeq,SVs,CNV_YGL232W_Cov1.25,7,62075,1.90E-07,-0.1971065,0.03754571,0.00867864,Distant
Proteomics,YBR085C-A.SMProt,SNPs,SNP_chromosome2_419943_C_A,2,419943,2.44E-07,-0.1829895,0.03511432,0.01910954,Local
Transcriptomics,YBR087W.RNASeq,SVs,CNV_YX01489_Cov3.25,7,1066398,1.56E-07,-0.1923962,0.03638515,0.00666864,Distant
Transcriptomics,YBR088C.RNASeq,SNPs,SNP_chromosome12_210539_A_G,12,210539,4.33E-07,-0.1853795,0.03640976,0.00634251,Distant
Transcriptomics,YBR088C.RNASeq,SNPs,SNP_chromosome3_93194_G_A,3,93194,2.08E-06,0.17454953,0.03654167,0.00769711,Distant
Proteomics,YBR088C.SCProt,SVs,CNV_YDL227C_Cov0.75,4,46271,1.13E-08,0.2045846,0.03548406,0.01083558,Distant
Proteomics,YBR088C.SCProt,SVs,CNV_YGR159C_Cov0.75,7,806412,1.85E-06,0.16113295,0.03355386,0.02527119,Distant
Proteomics,YBR088C.SMProt,SNPs,SNP_chromosome10_553579_C_G,10,553579,7.71E-09,-0.2411698,0.04127148,0.03811163,Distant
Proteomics,YBR088C.SMProt,SNPs,SNP_chromosome11_382255_A_T,11,382255,1.80E-06,-0.1952201,0.04055308,0.01041082,Distant
Proteomics,YBR088C.SMProt,SVs,CNV_YDL227C_Cov0.75,4,46271,3.32E-06,0.18006195,0.03842537,0.00752569,Distant
Transcriptomics,YBR091C.RNASeq,SNPs,SNP_chromosome16_220077_A_G,16,220077,6.52E-08,-0.2654217,0.0487024,0.02695523,Distant
Transcriptomics,YBR091C.RNASeq,SNPs,SNP_chromosome7_775197_C_T,7,775197,2.01E-06,-0.2058223,0.04302069,0.00891748,Distant
Transcriptomics,YBR091C.RNASeq,SNPs,SNP_chromosome11_552930_C_T,11,552930,2.04E-06,0.27153163,0.05679298,0.01452536,Distant
Transcriptomics,YBR091C.RNASeq,SNPs,SNP_chromosome4_797276_A_T,4,797276,3.35E-06,0.23361745,0.04994375,0.01412761,Distant
Transcriptomics,YBR092C.RNASeq,SVs,SV_531_DEL_chromosome2_429115_len_-389,2,429115,9.39E-13,-0.2602888,0.03586755,0.01189362,Local
Transcriptomics,YBR092C.RNASeq,SVs,SV_5244_DEL_chromosome13_600892_len_-698,13,600892,6.95E-08,-0.2206965,0.040543,0.01548234,Distant
Transcriptomics,YBR092C.RNASeq,SVs,CNV_YMR170C_Cov0.25,13,601562,3.84E-07,-0.204372,0.03992174,0.00999594,Distant
Transcriptomics,YBR092C.RNASeq,SNPs,SNP_chromosome2_450742_G_A,2,450742,3.02E-06,0.20809583,0.04425083,0.00798834,Local
Transcriptomics,YBR092C.RNASeq,SVs,CNV_YBR093C_Cov0.75,2,429548,5.62E-06,-0.1669872,0.03653071,0.00967033,Local
Transcriptomics,YBR092C.RNASeq,SNPs,SNP_chromosome15_197844_T_C,15,197844,7.06E-06,-0.2087012,0.04615482,0.00692372,Distant
Transcriptomics,YBR093C.RNASeq,SVs,SV_531_DEL_chromosome2_429115_len_-389,2,429115,1.29E-08,-0.2349393,0.04089677,0.01879959,Local
Transcriptomics,YBR093C.RNASeq,SNPs,SNP_chromosome7_65930_C_T,7,65930,2.18E-08,-0.2722803,0.04817733,0.01562541,Distant
Transcriptomics,YBR093C.RNASeq,SVs,CNV_YBR093C_Cov0.75,2,429548,4.95E-08,-0.1929089,0.03505327,0.01250428,Local
Transcriptomics,YBR093C.RNASeq,SNPs,SNP_chromosome2_202801_A_G,2,202801,2.01E-06,0.17219465,0.03597717,0.00897945,Distant
Transcriptomics,YBR093C.RNASeq,SNPs,SNP_chromosome7_346793_C_T,7,346793,4.54E-06,-0.2223,0.04816704,0.04465553,Distant
Transcriptomics,YBR094W.RNASeq,SNPs,SNP_chromosome2_431912_A_T,2,431912,1.32E-16,-0.4758703,0.0564161,0.20538226,Local
Transcriptomics,YBR096W.RNASeq,SNPs,SNP_chromosome15_586701_A_C,15,586701,6.47E-06,0.16477629,0.03631598,0.01342463,Distant
Transcriptomics,YBR097W.RNASeq,SNPs,SNP_chromosome14_230725_T_C,14,230725,2.28E-06,-0.2081602,0.04375465,0.03583962,Distant
Transcriptomics,YBR098W.RNASeq,SNPs,SNP_chromosome2_447158_G_A,2,447158,4.61E-07,-0.288917,0.05688167,0.07030516,Local
Transcriptomics,YBR098W.RNASeq,SNPs,SNP_chromosome4_357312_T_C,4,357312,2.56E-06,-0.1869045,0.03948336,0.0220583,Distant
Transcriptomics,YBR098W.RNASeq,SNPs,SNP_chromosome14_230535_G_A,14,230535,5.96E-06,0.18002685,0.0395213,0.01305639,Distant
Transcriptomics,YBR101C.RNASeq,SNPs,SNP_chromosome4_1285035_G_A,4,1285035,4.01E-07,-0.3130037,0.06129694,0.08953947,Distant
Transcriptomics,YBR101C.RNASeq,SNPs,SNP_chromosome4_1281066_G_A,4,1281066,1.74E-06,-0.2430382,0.05048814,0.03694947,Distant
Transcriptomics,YBR103C-A.RNASeq,SNPs,SNP_chromosome2_449325_T_C,2,449325,8.84E-58,0.50499486,0.02927652,0.05057708,Local
Transcriptomics,YBR103C-A.RNASeq,SNPs,SNP_chromosome7_952343_T_A,7,952343,5.31E-09,0.20921239,0.03549082,0.01012678,Distant
Transcriptomics,YBR103C-A.RNASeq,SNPs,SNP_chromosome14_752921_G_A,14,752921,2.98E-08,0.21118609,0.03776522,0.00899787,Distant
Transcriptomics,YBR103C-A.RNASeq,SNPs,SNP_chromosome14_503166_C_T,14,503166,6.01E-08,0.20247293,0.03705072,0.00858529,Distant
Transcriptomics,YBR103C-A.RNASeq,SNPs,SNP_chromosome7_983376_T_A,7,983376,3.24E-07,0.19895447,0.03864807,0.0211877,Distant
Transcriptomics,YBR103C-A.RNASeq,SNPs,SNP_chromosome13_674833_G_A,13,674833,4.58E-07,0.19811379,0.03899401,0.02911086,Distant
Transcriptomics,YBR103C-A.RNASeq,SNPs,SNP_chromosome3_141783_C_T,3,141783,2.48E-06,0.1580223,0.03333412,0.00481179,Distant
Transcriptomics,YBR103C-A.RNASeq,SNPs,SNP_chromosome4_1474060_C_G,4,1474060,4.73E-06,0.17619374,0.03826295,0.0077055,Distant
Transcriptomics,YBR103C-A.RNASeq,SNPs,SNP_chromosome2_435279_G_C,2,435279,6.74E-06,0.15311389,0.0338095,0.0068618,Local
Transcriptomics,YBR103W.RNASeq,SNPs,SNP_chromosome2_447158_G_A,2,447158,1.56E-09,-0.3611366,0.05918083,0.10984591,Local
Transcriptomics,YBR103W.RNASeq,SNPs,SNP_chromosome12_210539_A_G,12,210539,2.16E-06,-0.1696133,0.035562,0.00530955,Distant
Transcriptomics,YBR107C.RNASeq,SNPs,SNP_chromosome15_159763_A_G,15,159763,1.75E-06,-0.2656057,0.05518699,0.03075358,Distant
Transcriptomics,YBR109C.RNASeq,SNPs,SNP_chromosome15_586701_A_C,15,586701,2.55E-07,0.18000878,0.03465943,0.01602139,Distant
Transcriptomics,YBR109C.RNASeq,SVs,CNV_YBL089W_Cov1.25,2,49574,2.14E-06,0.18031314,0.03779123,0.00675609,Distant
Proteomics,YBR109C.SCProt,SVs,CNV_YLR178C_Cov0.75,12,513162,5.12E-11,-0.2337066,0.03513303,0.05085352,Distant
Proteomics,YBR109C.SCProt,SVs,CNV_YHR033W_Cov0.75,8,175548,2.39E-08,-0.1989582,0.03531692,0.03611622,Distant
Proteomics,YBR109C.SCProt,SVs,CNV_YGR159C_Cov0.75,7,806412,4.32E-07,0.17612961,0.03458016,0.02917374,Distant
Proteomics,YBR109C.SCProt,SVs,CNV_YOR084W_Cov0.75,15,480587,8.31E-07,-0.1839765,0.03706162,0.03290525,Distant
Proteomics,YBR109C.SCProt,SVs,CNV_YGL063W_Cov0.75,7,383654,1.06E-06,0.17487657,0.03557363,0.02685157,Distant
Proteomics,YBR109C.SCProt,SVs,CNV_YNL015W_Cov0.75,14,605384,1.26E-06,-0.1685086,0.03452726,0.02439958,Distant
Proteomics,YBR109C.SCProt,SVs,CNV_YOR072W-A_Cov0.75,15,461791,1.81E-06,-0.1767915,0.03677804,0.03061305,Distant
Proteomics,YBR109C.SCProt,SVs,CNV_YDR119W-A_Cov0.75,4,691014,2.46E-06,-0.168016,0.03542249,0.02388166,Distant
Proteomics,YBR109C.SCProt,SVs,CNV_YX03121_Cov0.75,15,463780,5.12E-06,-0.1742006,0.03796342,0.02991004,Distant
Proteomics,YBR109C.SCProt,SVs,CNV_YX03338_Cov0.75,16,497767,5.72E-06,-0.1690297,0.03702685,0.02464281,Distant
Proteomics,YBR109C.SCProt,SVs,CNV_YKL031W_Cov0.75,11,382072,5.72E-06,-0.1635369,0.03582402,0.02433385,Distant
Transcriptomics,YBR110W.RNASeq,SVs,SV_5364_INS_chromosome13_923538_len_6909,13,923538,3.65E-07,-0.1618988,0.03159085,0.00479597,Distant
Transcriptomics,YBR111W-A.RNASeq,SNPs,SNP_chromosome11_290740_C_T,11,290740,4.95E-06,0.24086508,0.05242017,0.01281891,Distant
Transcriptomics,YBR112C.RNASeq,SNPs,SNP_chromosome4_699872_A_G,4,699872,3.09E-06,-0.2212258,0.04712564,0.00679282,Distant
Transcriptomics,YBR120C.RNASeq,SVs,CNV_YX02137_Cov1.75,11,1299,1.52E-06,-0.2286145,0.04722066,0.01677338,Distant
Transcriptomics,YBR121C.RNASeq,SVs,CNV_YGL232W_Cov1.25,7,62075,8.77E-07,-0.1821805,0.03678756,0.00741401,Distant
Proteomics,YBR121C.SMProt,SNPs,SNP_chromosome15_701849_G_C,15,701849,4.83E-06,-0.2104562,0.04568696,0.02858802,Distant
Transcriptomics,YBR126C.RNASeq,SVs,CNV_YX00913_Cov20.75,4,1496120,4.08E-06,-0.1677892,0.0361906,0.02490186,Distant
Proteomics,YBR126C.SCProt,SNPs,SNP_chromosome11_232156_G_C,11,232156,1.04E-06,-0.1990876,0.04047142,0.00757175,Distant
Proteomics,YBR126C.SCProt,SNPs,SNP_chromosome4_440838_A_G,4,440838,3.26E-06,-0.1907264,0.04071812,0.02362797,Distant
Proteomics,YBR126C.SMProt,SNPs,SNP_chromosome11_50038_G_A,11,50038,2.01E-06,0.18674135,0.0389723,0.01787388,Distant
Transcriptomics,YBR126W-B.RNASeq,SNPs,SNP_chromosome8_284856_G_A,8,284856,7.46E-06,0.2026034,0.04495787,0.00872005,Distant
Transcriptomics,YBR127C.RNASeq,SNPs,SNP_chromosome2_690620_C_T,2,690620,3.56E-06,-0.2616716,0.0560931,0.01632636,Distant
Transcriptomics,YBR130C.RNASeq,SNPs,SNP_chromosome11_430859_T_C,11,430859,3.93E-07,0.22320995,0.04367589,0.01196831,Distant
Transcriptomics,YBR131W.RNASeq,SNPs,SNP_chromosome12_386506_G_A,12,386506,4.92E-06,0.30647049,0.06667902,0.02183457,Distant
Transcriptomics,YBR133C.RNASeq,SNPs,SNP_chromosome16_239611_G_T,16,239611,7.35E-06,0.19168809,0.04250496,0.01088944,Distant
Proteomics,YBR135W.SMProt,SNPs,SNP_chromosome9_416335_C_T,9,416335,3.96E-08,-0.2435722,0.04387217,0.00769999,Distant
Transcriptomics,YBR137W.RNASeq,SNPs,SNP_chromosome16_681719_A_G,16,681719,3.61E-06,0.31348374,0.06724013,0.08001294,Distant
Transcriptomics,YBR140C.RNASeq,SNPs,SNP_chromosome11_335915_A_G,11,335915,3.46E-06,0.30817537,0.06597941,0.04418867,Distant
Transcriptomics,YBR141C.RNASeq,SNPs,SNP_chromosome15_715193_G_A,15,715193,2.77E-06,-0.2787075,0.05908357,0.05086098,Distant
Transcriptomics,YBR143C.RNASeq,SNPs,SNP_chromosome7_655851_C_T,7,655851,9.05E-06,0.17427377,0.03903569,0.00553161,Distant
Transcriptomics,YBR143C.RNASeq,SNPs,SNP_chromosome16_662572_T_C,16,662572,9.14E-06,0.17336313,0.03885011,0.01461717,Distant
Proteomics,YBR143C.SCProt,SNPs,SNP_chromosome12_395211_C_T,12,395211,4.32E-06,0.26753325,0.0578466,0.03071565,Distant
Transcriptomics,YBR144C.RNASeq,SNPs,SNP_chromosome2_533330_T_A,2,533330,1.58E-07,0.26371461,0.04989548,0.05662665,Local
Transcriptomics,YBR144C.RNASeq,INDELs,INDEL_chromosome8_521040,8,521040,6.46E-06,0.16132441,0.03555068,0.01170879,Distant
Transcriptomics,YBR147W.RNASeq,SNPs,SNP_chromosome2_536682_C_T,2,536682,1.05E-09,-0.3423455,0.05550246,0.04396152,Local
Proteomics,YBR149W.SMProt,SNPs,SNP_chromosome11_190441_G_A,11,190441,1.44E-08,0.36103622,0.06296821,0.06768181,Distant
Proteomics,YBR149W.SMProt,SNPs,SNP_chromosome2_538483_A_G,2,538483,3.84E-07,0.3688895,0.07199339,0.12426722,Local
Proteomics,YBR149W.SMProt,SNPs,SNP_chromosome2_536859_C_T,2,536859,2.80E-06,0.28031392,0.0593593,0.02522811,Local
Proteomics,YBR149W.SMProt,SNPs,SNP_chromosome11_182342_G_A,11,182342,4.88E-06,-0.2085181,0.04528726,0.0062888,Distant
Transcriptomics,YBR150C.RNASeq,SNPs,SNP_chromosome14_448099_C_T,14,448099,3.15E-06,0.19125272,0.04077315,0.01112802,Distant
Transcriptomics,YBR153W.RNASeq,SNPs,SNP_chromosome2_547256_G_A,2,547256,1.51E-06,-0.282552,0.05835154,0.0146592,Local
Transcriptomics,YBR154C.RNASeq,SNPs,SNP_chromosome13_213896_G_C,13,213896,2.64E-08,0.22275873,0.03967854,0.00858721,Distant
Transcriptomics,YBR154C.RNASeq,SNPs,SNP_chromosome7_655851_C_T,7,655851,1.61E-06,0.18934156,0.03920492,0.00652949,Distant
Transcriptomics,YBR156C.RNASeq,SNPs,SNP_chromosome10_329903_C_T,10,329903,5.74E-06,-0.2329389,0.05104665,0.04791008,Distant
Transcriptomics,YBR157C.RNASeq,SVs,CNV_YDL227C_Cov0.75,4,46271,5.32E-12,0.23028596,0.0329388,0.01347484,Distant
Transcriptomics,YBR157C.RNASeq,SNPs,SNP_chromosome13_157323_G_A,13,157323,1.04E-06,0.32264757,0.06559557,0.0222516,Distant
Transcriptomics,YBR157C.RNASeq,SVs,CNV_YCL066W_Cov1.25,3,13282,1.09E-06,0.18446299,0.03757662,0.0234564,Distant
Transcriptomics,YBR158W.RNASeq,SVs,CNV_YDL227C_Cov0.75,4,46271,9.16E-18,0.28786976,0.0328381,0.02105623,Distant
Transcriptomics,YBR158W.RNASeq,SVs,CNV_YX00433_Cov1.25,3,190232,1.98E-07,0.17289857,0.0329846,0.01734728,Distant
Transcriptomics,YBR158W.RNASeq,SNPs,SNP_chromosome4_1492828_C_T,4,1492828,2.21E-07,0.35155198,0.06733375,0.10729524,Distant
Transcriptomics,YBR158W.RNASeq,SVs,CNV_YCL066W_Cov1.25,3,13282,4.97E-07,0.19285573,0.03807959,0.0256394,Distant
Transcriptomics,YBR158W.RNASeq,SNPs,SNP_chromosome13_157323_G_A,13,157323,1.72E-06,0.32576623,0.0676454,0.02268384,Distant
Transcriptomics,YBR160W.RNASeq,SNPs,SNP_chromosome10_705917_A_G,10,705917,4.29E-06,0.2195978,0.04747584,0.02079965,Distant
Proteomics,YBR160W.SCProt,SNPs,SNP_chromosome8_517079_A_G,8,517079,1.48E-06,0.28432672,0.05865005,0.05687822,Distant
Transcriptomics,YBR163W.RNASeq,SNPs,SNP_chromosome2_565735_G_A,2,565735,3.28E-07,0.30377319,0.05903791,0.07034679,Local
Proteomics,YBR164C.SMProt,SNPs,SNP_chromosome7_828702_T_A,7,828702,1.29E-07,0.30493897,0.0571735,0.02066823,Distant
Transcriptomics,YBR166C.RNASeq,SNPs,SNP_chromosome2_571349_A_G,2,571349,2.28E-06,0.26366733,0.055421,0.05481256,Local
Transcriptomics,YBR167C.RNASeq,SNPs,SNP_chromosome7_547230_G_A,7,547230,2.59E-06,0.2800976,0.05920405,0.02659011,Distant
Proteomics,YBR169C.SMProt,SNPs,SNP_chromosome4_1441011_G_C,4,1441011,2.42E-06,0.20203788,0.04251263,0.01663742,Distant
Transcriptomics,YBR170C.RNASeq,SNPs,SNP_chromosome2_575784_G_A,2,575784,1.03E-07,-0.3285295,0.06123673,0.08891649,Local
Proteomics,YBR170C.SMProt,SNPs,SNP_chromosome11_157764_T_C,11,157764,3.64E-06,-0.1998452,0.0428242,0.0213761,Distant
Transcriptomics,YBR173C.RNASeq,SVs,CNV_YMR169C_Cov0.75,13,599352,4.15E-06,0.1647954,0.03557533,0.01127989,Distant
Proteomics,YBR173C.SMProt,SNPs,SNP_chromosome2_146113_A_T,2,146113,4.45E-07,0.31917733,0.0626487,0.08615657,Distant
Transcriptomics,YBR175W.RNASeq,SNPs,SNP_chromosome4_1453164_C_G,4,1453164,3.43E-06,0.18227641,0.03900863,0.0195484,Distant
Transcriptomics,YBR176W.RNASeq,SNPs,SNP_chromosome2_592634_T_A,2,592634,5.78E-08,-0.3587306,0.06555838,0.0982051,Local
Transcriptomics,YBR176W.RNASeq,SNPs,SNP_chromosome2_575877_G_C,2,575877,9.67E-07,-0.3113867,0.06312809,0.089298,Local
Transcriptomics,YBR177C.RNASeq,SVs,CNV_YBR300C_Cov2.25,2,808600,4.26E-06,0.2000028,0.04322532,0.03955966,Distant
Proteomics,YBR177C.SMProt,SNPs,SNP_chromosome14_536361_A_C,14,536361,4.10E-06,-0.315471,0.06796405,0.02303609,Distant
Proteomics,YBR177C.SMProt,SNPs,SNP_chromosome11_628031_A_G,11,628031,5.82E-06,0.19387188,0.04245551,0.01452847,Distant
Transcriptomics,YBR180W.RNASeq,SNPs,SNP_chromosome2_591323_C_T,2,591323,2.50E-06,-0.3238864,0.06835014,0.09123798,Local
Transcriptomics,YBR182C-A.RNASeq,SNPs,SNP_chromosome2_594942_T_C,2,594942,4.17E-06,0.32804591,0.0708295,0.02464761,Local
Transcriptomics,YBR182C.RNASeq,SNPs,SNP_chromosome12_393700_A_G,12,393700,5.09E-08,-0.2719303,0.04948633,0.0156917,Distant
Transcriptomics,YBR182C.RNASeq,SNPs,SNP_chromosome12_391675_T_C,12,391675,1.26E-06,0.33523725,0.06871468,0.08786447,Distant
Transcriptomics,YBR182C.RNASeq,SNPs,SNP_chromosome12_963928_T_C,12,963928,5.15E-06,0.28818318,0.0628334,0.06355897,Distant
Transcriptomics,YBR188C.RNASeq,SNPs,SNP_chromosome8_216636_G_A,8,216636,3.63E-06,-0.1665159,0.03572081,0.00788351,Distant
Transcriptomics,YBR191W-A.RNASeq,SVs,CNV_YX02179_Cov0.75,11,142657,1.24E-06,-0.2605091,0.05335352,0.01303409,Distant
Transcriptomics,YBR191W-A.RNASeq,SVs,CNV_YNR071C_Cov0.25,14,770440,7.31E-06,-0.2110032,0.04677375,0.00959944,Distant
Transcriptomics,YBR191W.RNASeq,SNPs,SNP_chromosome12_585709_A_T,12,585709,6.02E-06,0.20410104,0.04482668,0.02947636,Distant
Transcriptomics,YBR193C.RNASeq,SNPs,SNP_chromosome2_609255_A_T,2,609255,2.80E-11,-0.3984154,0.05909631,0.14704109,Local
Transcriptomics,YBR193C.RNASeq,SNPs,SNP_chromosome13_31924_C_A,13,31924,7.49E-06,0.18284523,0.04058049,0.01830922,Distant
Transcriptomics,YBR195C.RNASeq,SNPs,SNP_chromosome9_94804_G_T,9,94804,1.19E-06,-0.3046071,0.06228731,0.04120341,Distant
Transcriptomics,YBR196C-A.RNASeq,SNPs,SNP_chromosome2_596654_G_A,2,596654,1.50E-14,-0.4524989,0.05787589,0.10996707,Local
Transcriptomics,YBR196C-A.RNASeq,INDELs,INDEL_chromosome2_605943,2,605943,1.23E-10,-0.4051365,0.06220558,0.0981359,Local
Transcriptomics,YBR196C-A.RNASeq,SNPs,SNP_chromosome2_618908_T_C,2,618908,1.28E-09,-0.2615368,0.04263461,0.02203875,Local
Transcriptomics,YBR196C-A.RNASeq,SNPs,SNP_chromosome2_626455_G_A,2,626455,2.03E-07,-0.2482682,0.04740529,0.02937028,Local
Transcriptomics,YBR196C-A.RNASeq,SNPs,SNP_chromosome2_626092_A_G,2,626092,7.13E-07,-0.1966066,0.03937264,0.01312661,Local
Transcriptomics,YBR196C-A.RNASeq,SNPs,SNP_chromosome2_639793_G_A,2,639793,1.05E-06,-0.2015194,0.04098611,0.01168788,Distant
Transcriptomics,YBR196C-B.RNASeq,SNPs,SNP_chromosome2_618908_T_C,2,618908,4.78E-07,-0.2136287,0.04211666,0.01468723,Local
Transcriptomics,YBR196C-B.RNASeq,SNPs,SNP_chromosome2_617513_T_C,2,617513,2.58E-06,-0.2619817,0.05536142,0.0189532,Local
Transcriptomics,YBR196C-B.RNASeq,SNPs,SNP_chromosome15_898827_T_C,15,898827,6.36E-06,0.2696691,0.05938392,0.01633868,Distant
Proteomics,YBR196C.SCProt,SNPs,SNP_chromosome13_235787_C_T,13,235787,1.03E-07,-0.1983906,0.03696786,0.01545418,Distant
Transcriptomics,YBR197C.RNASeq,SNPs,SNP_chromosome2_615698_G_A,2,615698,4.95E-18,0.49013797,0.0554376,0.14402138,Local
Transcriptomics,YBR197C.RNASeq,INDELs,INDEL_chromosome2_605943,2,605943,2.84E-08,0.33292762,0.05944579,0.06605709,Local
Transcriptomics,YBR197C.RNASeq,SNPs,SNP_chromosome2_621176_C_T,2,621176,3.58E-07,0.24335847,0.0474527,0.01320048,Local
Transcriptomics,YBR197C.RNASeq,SNPs,SNP_chromosome2_610045_A_G,2,610045,1.01E-06,0.2000223,0.04061784,0.01313281,Local
Transcriptomics,YBR197C.RNASeq,SNPs,SNP_chromosome2_639793_G_A,2,639793,1.76E-06,0.18984758,0.03945506,0.01033967,Local
Transcriptomics,YBR197C.RNASeq,SNPs,SNP_chromosome2_626092_A_G,2,626092,3.00E-06,0.17813456,0.0378922,0.01074107,Local
Transcriptomics,YBR197C.RNASeq,SNPs,SNP_chromosome2_617606_A_C,2,617606,5.25E-06,0.21948204,0.04789561,0.01582455,Local
Transcriptomics,YBR197C.RNASeq,SNPs,SNP_chromosome16_705306_T_C,16,705306,6.35E-06,-0.2671729,0.05883027,0.05666172,Distant
Proteomics,YBR198C.SMProt,SNPs,SNP_chromosome14_427451_A_G,14,427451,3.00E-06,0.21819934,0.0463516,0.03359133,Distant
Transcriptomics,YBR199W.RNASeq,SNPs,SNP_chromosome2_618736_T_G,2,618736,1.62E-06,0.29766425,0.06164086,0.06470381,Local
Transcriptomics,YBR200W.RNASeq,SNPs,SNP_chromosome2_620684_A_G,2,620684,3.31E-09,0.20297576,0.03396749,0.01208598,Local
Transcriptomics,YBR200W.RNASeq,SVs,CNV_YX02249_Cov0.25,11,618964,1.95E-07,0.32093609,0.06118818,0.09522825,Distant
Transcriptomics,YBR200W.RNASeq,SNPs,SNP_chromosome16_777117_C_G,16,777117,4.63E-06,0.29421283,0.06383051,0.07305222,Distant
Transcriptomics,YBR201C-A.RNASeq,SVs,CNV_YBL100W-B_Cov22.25,2,29935,4.96E-09,0.23313209,0.0394692,0.0201513,Distant
Transcriptomics,YBR201C-A.RNASeq,SNPs,SNP_chromosome12_924398_G_A,12,924398,4.69E-06,-0.2475312,0.05373733,0.01186386,Distant
Transcriptomics,YBR202W.RNASeq,SNPs,SNP_chromosome14_605480_G_C,14,605480,2.32E-06,-0.2562398,0.05389634,0.01456764,Distant
Transcriptomics,YBR202W.RNASeq,SNPs,SNP_chromosome16_422588_A_G,16,422588,4.65E-06,-0.3124561,0.0678051,0.0822922,Distant
Proteomics,YBR202W.SMProt,SVs,SV_1915_DEL_chromosome5_276149_len_-1692,5,276149,2.66E-06,-0.2148297,0.04538852,0.01328695,Distant
Transcriptomics,YBR203W.RNASeq,INDELs,INDEL_chromosome2_628663,2,628663,2.75E-09,-0.2114316,0.03519727,0.0272541,Local
Transcriptomics,YBR209W.RNASeq,SNPs,SNP_chromosome5_476870_C_T,5,476870,2.01E-06,-0.2338235,0.04887288,0.01162493,Distant
Transcriptomics,YBR210W.RNASeq,SNPs,SNP_chromosome2_645512_A_G,2,645512,3.52E-09,-0.2379511,0.03989023,0.01092307,Local
Transcriptomics,YBR210W.RNASeq,SNPs,SNP_chromosome2_646253_G_A,2,646253,3.96E-08,-0.2082125,0.03757718,0.00697266,Local
Proteomics,YBR218C.SMProt,SNPs,SNP_chromosome4_1513185_C_T,4,1513185,1.15E-06,-0.1805075,0.03679863,0.01438118,Distant
Transcriptomics,YBR220C.RNASeq,SVs,SV_5244_DEL_chromosome13_600892_len_-698,13,600892,7.27E-06,-0.1862462,0.04127613,0.01248889,Distant
Transcriptomics,YBR220C.RNASeq,SNPs,SNP_chromosome2_722617_G_A,2,722617,9.25E-06,-0.2468215,0.05534446,0.03460077,Distant
Transcriptomics,YBR221C.RNASeq,SNPs,SNP_chromosome1_92566_T_C,1,92566,1.02E-06,-0.1987511,0.04038654,0.00778187,Distant
Proteomics,YBR221C.SCProt,SNPs,SNP_chromosome14_34569_A_C,14,34569,5.08E-07,-0.3068703,0.06062648,0.0616284,Distant
Proteomics,YBR222C.SMProt,SNPs,SNP_chromosome16_171885_G_A,16,171885,2.77E-06,-0.2580943,0.05462859,0.01521523,Distant
Proteomics,YBR222C.SMProt,SNPs,SNP_chromosome14_51303_C_A,14,51303,4.27E-06,-0.2984647,0.06442156,0.01950865,Distant
Proteomics,YBR222C.SMProt,SNPs,SNP_chromosome15_184636_G_A,15,184636,4.49E-06,-0.2599202,0.05623542,0.01069067,Distant
Transcriptomics,YBR223C.RNASeq,SVs,CNV_YER011W_Cov0.75,5,175248,4.65E-06,-0.1555122,0.03374513,0.00483554,Distant
Transcriptomics,YBR225W.RNASeq,SNPs,SNP_chromosome9_53832_G_A,9,53832,2.09E-06,0.22475728,0.04706522,0.02197905,Distant
Transcriptomics,YBR226C.RNASeq,SNPs,SNP_chromosome3_75503_C_T,3,75503,1.30E-06,-0.193922,0.0397905,0.02527895,Distant
Transcriptomics,YBR226C.RNASeq,SNPs,SNP_chromosome2_418288_T_C,2,418288,6.06E-06,-0.1553147,0.03412393,0.00700929,Distant
Transcriptomics,YBR230C.RNASeq,SVs,CNV_YBR300C_Cov2.25,2,808600,4.65E-06,0.19604094,0.04253986,0.0380079,Distant
Transcriptomics,YBR234C.RNASeq,SNPs,SNP_chromosome1_96049_G_A,1,96049,2.81E-07,0.24744457,0.04781087,0.01831495,Distant
Transcriptomics,YBR236C.RNASeq,SNPs,SNP_chromosome2_694260_G_A,2,694260,8.09E-06,0.26659045,0.0593879,0.03347889,Local
Transcriptomics,YBR237W.RNASeq,SNPs,SNP_chromosome13_44595_T_C,13,44595,4.81E-06,0.23530014,0.05114168,0.00861248,Distant
Transcriptomics,YBR239C.RNASeq,SNPs,SNP_chromosome2_592634_T_A,2,592634,1.59E-06,-0.290901,0.0602071,0.06457847,Distant
Transcriptomics,YBR240C.RNASeq,SNPs,SNP_chromosome15_586701_A_C,15,586701,3.41E-06,-0.1631373,0.03490336,0.0131589,Distant
Transcriptomics,YBR244W.RNASeq,SNPs,SNP_chromosome11_258850_C_T,11,258850,4.77E-06,0.18683369,0.04059153,0.00639304,Distant
Transcriptomics,YBR246W.RNASeq,SNPs,SNP_chromosome2_712456_C_A,2,712456,1.91E-10,-0.3641856,0.05652381,0.12215215,Local
Transcriptomics,YBR246W.RNASeq,SNPs,SNP_chromosome2_712761_A_C,2,712761,2.70E-07,-0.2087063,0.04026801,0.00992924,Local
Transcriptomics,YBR246W.RNASeq,SNPs,SNP_chromosome2_633618_A_C,2,633618,3.94E-07,-0.3393001,0.06639971,0.06563952,Distant
Transcriptomics,YBR246W.RNASeq,SNPs,SNP_chromosome2_722635_C_T,2,722635,1.71E-06,-0.2650202,0.05501733,0.04592614,Local
Transcriptomics,YBR246W.RNASeq,SNPs,SNP_chromosome8_136467_A_G,8,136467,4.96E-06,-0.1967224,0.04281571,0.0096104,Distant
Proteomics,YBR249C.SCProt,SNPs,SNP_chromosome2_718330_A_G,2,718330,2.49E-06,-0.2559081,0.05397971,0.06002245,Local
Proteomics,YBR249C.SCProt,SVs,CNV_YLR162W-A_Cov114.25,12,490406,6.79E-06,0.13164872,0.02907416,0.01020491,Distant
Transcriptomics,YBR250W.RNASeq,SNPs,SNP_chromosome2_718802_T_C,2,718802,1.18E-07,0.29444259,0.05513254,0.05610827,Local
Transcriptomics,YBR253W.RNASeq,SNPs,SNP_chromosome16_588825_G_A,16,588825,5.66E-07,-0.231697,0.04597873,0.04564032,Distant
Transcriptomics,YBR254C.RNASeq,SNPs,SNP_chromosome2_723232_G_A,2,723232,3.50E-09,-0.3915899,0.06563492,0.14172833,Local
Transcriptomics,YBR255W.RNASeq,SNPs,SNP_chromosome16_420632_T_C,16,420632,4.34E-06,-0.27038,0.05848983,0.02366758,Distant
Transcriptomics,YBR256C.RNASeq,SNPs,SNP_chromosome9_88522_A_G,9,88522,2.99E-06,0.24743494,0.05263114,0.00933471,Distant
Proteomics,YBR256C.SMProt,SNPs,SNP_chromosome2_717374_G_A,2,717374,1.89E-06,-0.3449538,0.07180064,0.09817613,Local
Transcriptomics,YBR258C.RNASeq,SNPs,SNP_chromosome10_44440_T_C,10,44440,9.05E-06,0.24166481,0.0541315,0.01021513,Distant
Transcriptomics,YBR259W.RNASeq,SNPs,SNP_chromosome2_731564_A_G,2,731564,1.90E-07,-0.3322591,0.06328087,0.09711345,Local
Transcriptomics,YBR260C.RNASeq,SNPs,SNP_chromosome16_406317_G_A,16,406317,6.64E-06,-0.2648272,0.05843892,0.06040142,Distant
Transcriptomics,YBR262C.RNASeq,SVs,CNV_YBR291C_Cov1.25,2,783673,3.73E-07,0.19678039,0.03843044,0.00819789,Distant
Proteomics,YBR263W.SCProt,SNPs,SNP_chromosome5_85780_G_A,5,85780,2.03E-06,-0.1857491,0.03883835,0.00691047,Distant
Transcriptomics,YBR265W.RNASeq,SVs,SV_5244_DEL_chromosome13_600892_len_-698,13,600892,3.19E-06,-0.1962713,0.04186899,0.01386955,Distant
Proteomics,YBR265W.SMProt,SNPs,SNP_chromosome10_323601_C_G,10,323601,3.06E-06,-0.3109259,0.06610437,0.08631511,Distant
Transcriptomics,YBR269C.RNASeq,SVs,CNV_YBR250W_Cov1.25,2,719033,8.54E-08,0.19393896,0.03591364,0.00737232,Local
Transcriptomics,YBR269C.RNASeq,SVs,CNV_YPL260W_Cov1.25,16,49303,4.09E-06,0.16847191,0.03634316,0.0061196,Distant
Proteomics,YBR269C.SMProt,SNPs,SNP_chromosome4_1441011_G_C,4,1441011,7.72E-06,0.18572753,0.0412241,0.01402753,Distant
Transcriptomics,YBR270C.RNASeq,SNPs,SNP_chromosome2_744466_C_T,2,744466,2.72E-07,0.21214998,0.04094581,0.03390872,Local
Transcriptomics,YBR270C.RNASeq,SNPs,SNP_chromosome2_744417_A_G,2,744417,1.96E-06,0.24070794,0.05026484,0.05552916,Local
Transcriptomics,YBR271W.RNASeq,SNPs,SNP_chromosome10_524477_G_A,10,524477,1.01E-06,0.29419894,0.05974101,0.05208139,Distant
Transcriptomics,YBR272C.RNASeq,SVs,CNV_YBR288C_Cov1.25,2,778012,4.27E-06,0.17123779,0.03701158,0.01045987,Distant
Transcriptomics,YBR273C.RNASeq,SVs,CNV_YBR250W_Cov1.25,2,719033,2.42E-07,0.18239544,0.03505009,0.00652082,Distant
Transcriptomics,YBR273C.RNASeq,SNPs,SNP_chromosome2_694260_G_A,2,694260,1.85E-06,0.31060716,0.06469598,0.04544695,Distant
Transcriptomics,YBR274W.RNASeq,SNPs,SNP_chromosome2_752535_A_C,2,752535,3.71E-08,-0.2189262,0.03942651,0.03302472,Local
Transcriptomics,YBR276C.RNASeq,SNPs,SNP_chromosome10_106721_T_A,10,106721,1.13E-06,-0.3243763,0.0661932,0.09907905,Distant
Transcriptomics,YBR278W.RNASeq,INDELs,INDEL_chromosome2_761111,2,761111,9.85E-08,-0.3112813,0.05792756,0.06287434,Local
Transcriptomics,YBR278W.RNASeq,SNPs,SNP_chromosome2_761454_T_C,2,761454,1.27E-07,-0.3150449,0.05915502,0.05502964,Local
Transcriptomics,YBR281C.RNASeq,SNPs,SNP_chromosome2_767731_T_C,2,767731,1.74E-16,-0.3111743,0.03704642,0.05721905,Local
Transcriptomics,YBR281C.RNASeq,SVs,CNV_YIL059C_Cov0.75,9,246550,2.21E-07,-0.1895855,0.03630908,0.00981128,Distant
Transcriptomics,YBR282W.RNASeq,SVs,CNV_YBR291C_Cov1.25,2,783673,1.44E-06,0.18557974,0.03824397,0.00729121,Local
Proteomics,YBR283C.SMProt,SNPs,SNP_chromosome15_234579_A_G,15,234579,1.45E-06,-0.2735242,0.0562952,0.00938182,Distant
Transcriptomics,YBR284W.RNASeq,SVs,CNV_YNL302C_Cov2.25,14,61958,2.35E-06,0.16728184,0.03520719,0.00742807,Distant
Proteomics,YBR286W.SCProt,SVs,CNV_YGL024W_Cov0.75,7,449788,2.08E-07,-0.179412,0.03427732,0.03284075,Distant
Proteomics,YBR286W.SCProt,SVs,CNV_YIL002W-A_Cov0.75,9,350301,5.65E-06,0.14810531,0.03242681,0.02228393,Distant
Proteomics,YBR286W.SMProt,SNPs,SNP_chromosome16_125490_T_G,16,125490,5.02E-08,0.25634713,0.04653777,0.0436489,Distant
Transcriptomics,YBR287W.RNASeq,SNPs,SNP_chromosome13_535159_C_T,13,535159,1.40E-06,-0.1977085,0.04069645,0.02358826,Distant
Proteomics,YBR288C.SMProt,SNPs,SNP_chromosome14_71495_T_C,14,71495,3.87E-06,0.32816467,0.07051372,0.08561385,Distant
Transcriptomics,YBR292C.RNASeq,SNPs,SNP_chromosome15_868024_A_G,15,868024,2.26E-06,0.30761296,0.06462403,0.07016771,Distant
Transcriptomics,YBR293W.RNASeq,SVs,CNV_YDL227C_Cov0.75,4,46271,3.71E-09,0.19185024,0.03221095,0.00935219,Distant
Transcriptomics,YBR293W.RNASeq,SNPs,SNP_chromosome7_702168_C_A,7,702168,1.15E-07,0.27851217,0.0521125,0.05128376,Distant
Transcriptomics,YBR293W.RNASeq,SNPs,SNP_chromosome15_666991_G_A,15,666991,1.87E-07,0.21966009,0.04181579,0.0079304,Distant
Transcriptomics,YBR294W.RNASeq,SNPs,SNP_chromosome2_794828_A_G,2,794828,1.85E-09,-0.4440487,0.07310997,0.1541401,Local
Transcriptomics,YBR294W.RNASeq,SNPs,SNP_chromosome2_794237_T_C,2,794237,6.03E-09,0.27233694,0.04637015,0.0698888,Local
Transcriptomics,YBR294W.RNASeq,SVs,CNV_YX00356_Cov0.25,2,782065,7.89E-09,-0.4209034,0.072239,0.13597521,Local
Transcriptomics,YBR294W.RNASeq,SNPs,SNP_chromosome2_786589_T_G,2,786589,6.46E-08,0.21533928,0.03950017,0.03804838,Local
Transcriptomics,YBR294W.RNASeq,SVs,CNV_YX01348_Cov0.25,7,402679,1.30E-07,-0.3379837,0.06350352,0.10121346,Distant
Transcriptomics,YBR294W.RNASeq,SNPs,SNP_chromosome2_797042_A_G,2,797042,1.62E-07,-0.2701429,0.05116605,0.06519998,Local
Transcriptomics,YBR294W.RNASeq,SNPs,SNP_chromosome2_786434_C_G,2,786434,2.99E-06,0.16574862,0.03525598,0.01091728,Local
Transcriptomics,YBR294W.RNASeq,SNPs,SNP_chromosome2_785002_A_G,2,785002,3.17E-06,0.16233617,0.03462062,0.01750223,Local
Transcriptomics,YBR294W.RNASeq,SNPs,SNP_chromosome2_803033_C_A,2,803033,3.64E-06,-0.2445193,0.05247043,0.01941646,Local
Transcriptomics,YBR294W.RNASeq,SNPs,SNP_chromosome2_785908_G_T,2,785908,5.07E-06,0.22787258,0.04964834,0.04993207,Local
Transcriptomics,YBR294W.RNASeq,SNPs,SNP_chromosome2_797545_C_T,2,797545,7.39E-06,-0.22152,0.04913354,0.0135601,Local
Transcriptomics,YBR295W.RNASeq,SNPs,SNP_chromosome15_137661_A_G,15,137661,6.89E-07,0.30578427,0.06115435,0.02303437,Distant
Transcriptomics,YBR295W.RNASeq,SNPs,SNP_chromosome2_797893_G_A,2,797893,7.04E-07,0.33399498,0.06685418,0.05638903,Local
Transcriptomics,YBR295W.RNASeq,SNPs,SNP_chromosome2_791816_G_A,2,791816,9.47E-07,0.3391678,0.06870098,0.08993899,Local
Transcriptomics,YBR297W.RNASeq,SVs,CNV_YX01489_Cov1.75,7,1066398,1.64E-11,0.28490889,0.04172733,0.05340572,Distant
Transcriptomics,YBR297W.RNASeq,SVs,CNV_YBR299W_Cov2.75,2,805351,1.07E-09,0.24607717,0.03989614,0.04390495,Local
Transcriptomics,YBR297W.RNASeq,SVs,CNV_YX02266_Cov1.75,11,669546,8.14E-09,0.23804543,0.04087207,0.04736031,Distant
Transcriptomics,YBR297W.RNASeq,SVs,CNV_YCL073C_Cov1.75,3,6479,1.48E-08,0.25760077,0.04503887,0.05016117,Distant
Transcriptomics,YBR297W.RNASeq,SVs,CNV_YX01512_Cov0.25,7,1269923,2.02E-06,-0.2239693,0.04680556,0.0440571,Distant
Transcriptomics,YBR297W.RNASeq,SNPs,SNP_chromosome7_1065857_A_G,7,1065857,3.66E-06,-0.3070449,0.06587976,0.07988283,Distant
Transcriptomics,YBR298C.RNASeq,SVs,CNV_YBR298C_Cov3.25,2,802631,5.18E-09,0.22452793,0.03804996,0.01969397,Local
Transcriptomics,YBR298C.RNASeq,SVs,CNV_YBR299W_Cov2.25,2,805351,6.55E-09,0.21391547,0.03650155,0.04512349,Local
Transcriptomics,YBR298C.RNASeq,SVs,CNV_YX01489_Cov1.75,7,1066398,1.86E-08,0.23083982,0.04065481,0.03863725,Distant
Transcriptomics,YBR298C.RNASeq,SVs,CNV_YX02960_Cov1.75,14,753762,5.32E-07,0.21925436,0.04339638,0.0110223,Distant
Transcriptomics,YBR298C.RNASeq,SNPs,SNP_chromosome14_411226_A_C,14,411226,2.53E-06,-0.1829912,0.03862889,0.0071564,Distant
Transcriptomics,YBR298C.RNASeq,SVs,CNV_YCL073C_Cov1.75,3,6479,4.32E-06,0.21435755,0.04635159,0.03490791,Distant
Transcriptomics,YBR299W.RNASeq,SNPs,SNP_chromosome16_272492_A_G,16,272492,3.63E-07,-0.1798885,0.03509386,0.00823417,Distant
Transcriptomics,YBR299W.RNASeq,SVs,CNV_YX01489_Cov1.75,7,1066398,1.94E-06,0.17921724,0.03740442,0.02284067,Distant
Transcriptomics,YBR299W.RNASeq,SVs,CNV_YBR299W_Cov2.75,2,805351,4.24E-06,0.16926801,0.03657516,0.02199098,Local
Transcriptomics,YBR302C.RNASeq,SVs,CNV_YX02268_Cov3.25,11,677836,1.65E-09,-0.1620034,0.02659099,0.01841221,Distant
Transcriptomics,YBR302C.RNASeq,SVs,CNV_YX01866_Cov6.25,9,428770,1.90E-09,-0.1581073,0.0260537,0.02508913,Distant
Transcriptomics,YBR302C.RNASeq,SNPs,SNP_chromosome8_35854_C_A,8,35854,4.61E-07,0.21972506,0.04326052,0.04343129,Distant
Transcriptomics,YBR302C.RNASeq,SVs,CNV_YNL336W_Cov0.75,14,8330,6.93E-07,0.12742255,0.02548989,0.01375244,Local
Transcriptomics,YBR302C.RNASeq,SVs,CNV_YHL048C-A_Cov1.25,8,5663,8.44E-07,-0.1309285,0.02639757,0.01675717,Distant
Transcriptomics,YBR302C.RNASeq,SVs,CNV_YX00939_Cov6.25,5,7337,3.85E-06,-0.1349403,0.0290315,0.01773193,Distant
Transcriptomics,YCL001W-A.RNASeq,SNPs,SNP_chromosome3_108293_A_G,3,108293,2.85E-12,-0.4269999,0.06025242,0.15493893,Local
Transcriptomics,YCL001W-A.RNASeq,SNPs,SNP_chromosome3_106731_A_T,3,106731,2.86E-07,-0.2640292,0.05103848,0.0482766,Local
Transcriptomics,YCL001W-B.RNASeq,SVs,CNV_YX00386_Cov0.25,3,187,8.54E-10,-0.1986335,0.03201685,0.00386086,Distant
Transcriptomics,YCL001W-B.RNASeq,SVs,CNV_YX00427_Cov0.25,3,128273,1.39E-09,-0.198831,0.03247273,0.00403968,Local
Transcriptomics,YCL001W-B.RNASeq,SNPs,SNP_chromosome3_119872_A_G,3,119872,2.64E-08,-0.2050841,0.03652084,0.00400844,Local
Transcriptomics,YCL001W-B.RNASeq,SNPs,SNP_chromosome3_130829_A_G,3,130829,1.87E-07,-0.3671398,0.0698745,0.10498645,Local
Transcriptomics,YCL001W-B.RNASeq,INDELs,INDEL_chromosome3_120646,3,120646,2.29E-07,-0.180213,0.03455173,0.00162453,Local
Transcriptomics,YCL001W-B.RNASeq,SVs,CNV_YX01253_Cov1.75,7,2976,2.53E-06,0.17628086,0.03721165,0.00630722,Distant
Transcriptomics,YCL001W-B.RNASeq,SNPs,SNP_chromosome3_28362_G_A,3,28362,7.87E-06,-0.2861346,0.06364036,0.07098171,Distant
Transcriptomics,YCL001W.RNASeq,SNPs,SNP_chromosome3_111279_G_A,3,111279,1.96E-06,0.17833114,0.03723644,0.00582899,Local
Transcriptomics,YCL001W.RNASeq,SNPs,SNP_chromosome3_108156_T_C,3,108156,2.09E-06,0.20608596,0.04315385,0.00908837,Local
Transcriptomics,YCL001W.RNASeq,INDELs,INDEL_chromosome4_843565,4,843565,2.32E-06,-0.3039142,0.06392958,0.08287467,Distant
Transcriptomics,YCL002C.RNASeq,SVs,CNV_YX00386_Cov0.25,3,187,2.37E-24,-0.3660815,0.03490487,0.03045571,Distant
Transcriptomics,YCL002C.RNASeq,SVs,CNV_YX00427_Cov0.25,3,128273,1.06E-20,-0.3393047,0.03547616,0.02660801,Local
Transcriptomics,YCL002C.RNASeq,SNPs,SNP_chromosome3_118130_T_C,3,118130,4.39E-17,-0.3066293,0.03576694,0.01640074,Local
Transcriptomics,YCL002C.RNASeq,INDELs,INDEL_chromosome3_120646,3,120646,6.53E-16,-0.2979854,0.03620283,0.01598899,Local
Transcriptomics,YCL002C.RNASeq,SNPs,SNP_chromosome3_129840_T_C,3,129840,1.32E-13,-0.3431397,0.04562244,0.03209951,Local
Transcriptomics,YCL002C.RNASeq,SNPs,SNP_chromosome3_130883_G_A,3,130883,2.38E-10,-0.233775,0.03648019,0.01150332,Local
Transcriptomics,YCL002C.RNASeq,SNPs,SNP_chromosome3_109536_A_G,3,109536,6.15E-10,-0.2337356,0.03736726,0.01048528,Local
Transcriptomics,YCL002C.RNASeq,SNPs,SNP_chromosome3_110397_C_T,3,110397,9.26E-10,-0.2141135,0.03460135,0.00666804,Local
Transcriptomics,YCL002C.RNASeq,SNPs,SNP_chromosome3_110934_C_T,3,110934,2.59E-09,-0.2568324,0.04268545,0.02982506,Local
Transcriptomics,YCL002C.RNASeq,SNPs,SNP_chromosome3_128488_A_C,3,128488,5.24E-09,-0.2114893,0.03586365,0.00950543,Local
Transcriptomics,YCL002C.RNASeq,SNPs,SNP_chromosome3_118196_C_T,3,118196,3.50E-07,-0.274737,0.05352597,0.0586051,Local
Transcriptomics,YCL002C.RNASeq,SVs,CNV_YCL030C_Cov1.25,3,65934,8.97E-07,0.21566531,0.04359002,0.00984688,Distant
Transcriptomics,YCL002C.RNASeq,SVs,CNV_YCL012C_Cov1.25,3,101317,1.10E-06,0.19177363,0.03908975,0.0073535,Local
Transcriptomics,YCL004W.RNASeq,SNPs,SNP_chromosome3_109536_A_G,3,109536,5.50E-23,-0.3645977,0.03592096,0.02551279,Local
Transcriptomics,YCL004W.RNASeq,SVs,CNV_YCL005W_Cov0.75,3,108021,9.75E-22,-0.3120876,0.03173806,0.0198574,Local
Transcriptomics,YCL004W.RNASeq,SVs,CNV_YX00386_Cov0.25,3,187,7.66E-17,-0.3000099,0.03528184,0.02045428,Distant
Transcriptomics,YCL004W.RNASeq,SNPs,SNP_chromosome3_111489_A_G,3,111489,7.02E-16,-0.297438,0.03617758,0.01659048,Local
Transcriptomics,YCL004W.RNASeq,INDELs,INDEL_chromosome3_120646,3,120646,1.75E-14,-0.2813688,0.03608414,0.01425551,Local
Transcriptomics,YCL004W.RNASeq,SNPs,SNP_chromosome3_130883_G_A,3,130883,7.10E-13,-0.2613732,0.03588279,0.01437968,Local
Transcriptomics,YCL004W.RNASeq,SNPs,SNP_chromosome3_108156_T_C,3,108156,1.78E-12,-0.3051669,0.04267121,0.01992802,Local
Transcriptomics,YCL004W.RNASeq,SNPs,SNP_chromosome3_110397_C_T,3,110397,5.69E-12,-0.2371311,0.03396531,0.00817876,Local
Transcriptomics,YCL004W.RNASeq,SNPs,SNP_chromosome3_129840_T_C,3,129840,1.50E-11,-0.3114024,0.04554755,0.02643627,Local
Transcriptomics,YCL004W.RNASeq,SNPs,SNP_chromosome3_110934_C_T,3,110934,6.87E-10,-0.2647811,0.04245264,0.03169972,Local
Transcriptomics,YCL004W.RNASeq,SNPs,SNP_chromosome3_109320_G_A,3,109320,5.44E-09,-0.3353521,0.05692867,0.0919962,Local
Transcriptomics,YCL004W.RNASeq,SVs,CNV_YCL008C_Cov0.75,3,105696,1.61E-08,-0.2052815,0.03600262,0.01664442,Local
Transcriptomics,YCL004W.RNASeq,SNPs,SNP_chromosome3_128488_A_C,3,128488,3.80E-08,-0.1974104,0.03557967,0.00828201,Local
Transcriptomics,YCL004W.RNASeq,SNPs,SNP_chromosome12_990074_C_T,12,990074,3.63E-06,-0.2518382,0.05403181,0.01394181,Distant
Transcriptomics,YCL008C.RNASeq,SNPs,SNP_chromosome11_430859_T_C,11,430859,1.33E-06,0.20732219,0.04257985,0.0104181,Distant
Transcriptomics,YCL008C.RNASeq,SNPs,SNP_chromosome3_106362_G_C,3,106362,1.50E-06,0.29890619,0.06170271,0.07884461,Local
Transcriptomics,YCL011C.RNASeq,SVs,CNV_YCL012C_Cov1.25,3,101317,3.94E-07,0.19424473,0.03801485,0.00754423,Local
Transcriptomics,YCL011C.RNASeq,SVs,CNV_YCL038C_Cov1.25,3,54941,2.49E-06,0.2055603,0.04336845,0.00811546,Distant
Proteomics,YCL011C.SMProt,SVs,CNV_YCR065W_Cov1.25,3,229310,1.84E-06,0.2313376,0.04810301,0.00898207,Distant
Transcriptomics,YCL012C.RNASeq,SNPs,SNP_chromosome9_333750_C_T,9,333750,2.98E-06,0.29346992,0.06241621,0.01792809,Distant
Transcriptomics,YCL016C.RNASeq,SVs,CNV_YCR023C_Cov1.25,3,158538,1.74E-06,0.1919848,0.0398796,0.00678677,Distant
Transcriptomics,YCL016C.RNASeq,SNPs,SNP_chromosome12_974574_A_G,12,974574,4.35E-06,-0.1790025,0.0387231,0.02413504,Distant
Transcriptomics,YCL017C.RNASeq,SNPs,SNP_chromosome11_387783_A_G,11,387783,2.94E-06,-0.2342188,0.04978135,0.01895853,Distant
Transcriptomics,YCL017C.RNASeq,SNPs,SNP_chromosome4_1344681_C_T,4,1344681,2.95E-06,-0.2087133,0.04436887,0.01026833,Distant
Proteomics,YCL018W.SCProt,INDELs,INDEL_chromosome4_117396,4,117396,3.71E-06,0.27831228,0.05976374,0.06911111,Distant
Proteomics,YCL018W.SMProt,SVs,CNV_YCR085W_Cov1.25,3,262916,3.35E-06,0.1532429,0.03271502,0.011704,Distant
Transcriptomics,YCL021W-A.RNASeq,SNPs,SNP_chromosome3_81921_T_A,3,81921,6.32E-08,0.27484306,0.05037591,0.01113051,Local
Transcriptomics,YCL021W-A.RNASeq,SVs,SV_742_INS_chromosome3_82707_len_3619_TyRelated,3,82707,2.24E-06,0.18854872,0.03959897,0.01586681,Local
Transcriptomics,YCL024W.RNASeq,SNPs,SNP_chromosome16_777117_C_G,16,777117,1.34E-06,0.30995009,0.06369158,0.08107626,Distant
Transcriptomics,YCL024W.RNASeq,SVs,SV_5244_DEL_chromosome13_600892_len_-698,13,600892,6.02E-06,-0.1849968,0.04063241,0.0123219,Distant
Transcriptomics,YCL024W.RNASeq,SVs,CNV_YPR124W_Cov0.25,16,786208,7.13E-06,-0.227131,0.05029078,0.05096159,Distant
Transcriptomics,YCL026C-A.RNASeq,SNPs,SNP_chromosome3_75484_G_A,3,75484,8.95E-20,0.42325863,0.0454217,0.04017786,Local
Transcriptomics,YCL026C-A.RNASeq,SNPs,SNP_chromosome3_75863_C_T,3,75863,2.00E-07,-0.217126,0.04143072,0.04236161,Local
Transcriptomics,YCL026C-A.RNASeq,SNPs,SNP_chromosome5_78155_G_A,5,78155,4.11E-07,0.41622949,0.08158775,0.03413917,Distant
Transcriptomics,YCL026C-A.RNASeq,SNPs,SNP_chromosome2_298678_A_G,2,298678,1.06E-06,0.2847194,0.05794586,0.05430506,Distant
Transcriptomics,YCL026C-A.RNASeq,SNPs,SNP_chromosome3_68956_T_C,3,68956,1.59E-06,0.27553273,0.0570201,0.04093643,Local
Transcriptomics,YCL026C-A.RNASeq,SNPs,SNP_chromosome1_59229_G_T,1,59229,2.43E-06,0.29671556,0.06253239,0.04972501,Distant
Transcriptomics,YCL026C-A.RNASeq,SNPs,SNP_chromosome2_240866_C_T,2,240866,3.27E-06,0.31311949,0.0668638,0.02328203,Distant
Transcriptomics,YCL026C-A.RNASeq,SNPs,SNP_chromosome2_366120_C_T,2,366120,3.46E-06,0.2221821,0.04756846,0.02281048,Distant
Transcriptomics,YCL026C-A.RNASeq,SNPs,SNP_chromosome10_487737_T_C,10,487737,3.55E-06,0.2903541,0.06223824,0.02138611,Distant
Transcriptomics,YCL026C-A.RNASeq,SNPs,SNP_chromosome11_90418_G_A,11,90418,7.06E-06,-0.2667883,0.0590443,0.06771257,Distant
Transcriptomics,YCL026C-A.RNASeq,SVs,CNV_YCL023C_Cov1.25,3,78949,7.47E-06,0.1498427,0.03325052,0.00459247,Local
Transcriptomics,YCL026C-B.RNASeq,SNPs,SNP_chromosome3_74146_C_G,3,74146,9.25E-31,0.61535273,0.05138252,0.33824072,Local
Transcriptomics,YCL026C-B.RNASeq,SNPs,SNP_chromosome3_75053_T_C,3,75053,3.60E-10,-0.309603,0.04881953,0.07568164,Local
Transcriptomics,YCL026C-B.RNASeq,INDELs,INDEL_chromosome3_71391,3,71391,5.95E-08,-0.3108703,0.05686683,0.07582553,Local
Transcriptomics,YCL026C-B.RNASeq,SNPs,SNP_chromosome3_98770_G_A,3,98770,2.05E-07,-0.2539046,0.04849869,0.00869552,Distant
Transcriptomics,YCL026C-B.RNASeq,SNPs,SNP_chromosome3_75503_C_T,3,75503,6.69E-07,0.17004104,0.03396738,0.01947213,Local
Transcriptomics,YCL026C-B.RNASeq,SNPs,SNP_chromosome3_107312_G_A,3,107312,7.01E-07,-0.1959715,0.03921899,0.00723306,Distant
Transcriptomics,YCL026C-B.RNASeq,SNPs,SNP_chromosome3_71310_C_T,3,71310,1.02E-06,-0.2651975,0.05389062,0.04055891,Local
Transcriptomics,YCL026C-B.RNASeq,SNPs,SNP_chromosome4_1088972_G_A,4,1088972,1.03E-06,0.17643524,0.03586622,0.00628804,Distant
Transcriptomics,YCL026C-B.RNASeq,SNPs,SNP_chromosome3_140466_T_C,3,140466,1.36E-06,-0.1997668,0.04107449,0.01197426,Distant
Transcriptomics,YCL026C-B.RNASeq,SNPs,SNP_chromosome3_103813_G_A,3,103813,1.57E-06,0.30665267,0.06342314,0.08741167,Distant
Transcriptomics,YCL026C-B.RNASeq,SNPs,SNP_chromosome16_224341_A_G,16,224341,2.51E-06,0.25749971,0.05434499,0.01867914,Distant
Proteomics,YCL026C-B.SCProt,SNPs,SNP_chromosome3_74146_C_G,3,74146,3.92E-30,0.64359423,0.05430553,0.36636758,Local
Proteomics,YCL026C-B.SCProt,SNPs,SNP_chromosome3_103649_T_C,3,103649,7.32E-09,-0.3216362,0.05506144,0.07269172,Distant
Proteomics,YCL026C-B.SCProt,SNPs,SNP_chromosome3_75130_C_T,3,75130,1.60E-08,-0.3553907,0.06229877,0.10694481,Local
Proteomics,YCL026C-B.SCProt,SNPs,SNP_chromosome3_98770_G_A,3,98770,8.30E-08,-0.2764841,0.05113494,0.01086435,Distant
Proteomics,YCL026C-B.SCProt,SNPs,SNP_chromosome3_103556_T_C,3,103556,1.60E-07,-0.3267875,0.06184919,0.06512051,Distant
Proteomics,YCL026C-B.SCProt,SNPs,SNP_chromosome15_675251_C_A,15,675251,3.42E-07,-0.2263027,0.04404071,0.00935805,Distant
Proteomics,YCL026C-B.SCProt,SNPs,SNP_chromosome3_154067_A_T,3,154067,3.48E-07,-0.2217104,0.04317311,0.00612138,Distant
Proteomics,YCL026C-B.SCProt,SNPs,SNP_chromosome3_103955_G_A,3,103955,3.00E-06,-0.2781117,0.05914757,0.0571879,Distant
Proteomics,YCL026C-B.SCProt,SNPs,SNP_chromosome3_106818_C_T,3,106818,4.48E-06,-0.2682611,0.05809827,0.06299147,Distant
Proteomics,YCL026C-B.SMProt,SNPs,SNP_chromosome3_74146_C_G,3,74146,2.69E-19,0.52813668,0.05716724,0.24824347,Local
Proteomics,YCL026C-B.SMProt,SNPs,SNP_chromosome3_74577_T_C,3,74577,8.38E-07,-0.2679345,0.05391766,0.04098468,Local
Proteomics,YCL026C-B.SMProt,SNPs,SNP_chromosome12_460189_A_G,12,460189,1.35E-06,-0.2070296,0.04249228,0.00631379,Distant
Proteomics,YCL026C-B.SMProt,SNPs,SNP_chromosome3_107312_G_A,3,107312,1.71E-06,-0.2079405,0.04310197,0.00833142,Distant
Proteomics,YCL026C-B.SMProt,SNPs,SNP_chromosome3_71241_G_A,3,71241,3.43E-06,-0.27233,0.0581967,0.05321194,Local
Transcriptomics,YCL027W.RNASeq,SVs,CNV_YDL227C_Cov0.75,4,46271,1.51E-07,0.1831308,0.0345916,0.00852141,Distant
Transcriptomics,YCL027W.RNASeq,SNPs,SNP_chromosome15_666991_G_A,15,666991,2.87E-06,0.20078157,0.04262902,0.00662583,Distant
Transcriptomics,YCL027W.RNASeq,SNPs,SNP_chromosome8_427660_A_G,8,427660,3.04E-06,-0.2033022,0.04327574,0.009576,Distant
Transcriptomics,YCL027W.RNASeq,SNPs,SNP_chromosome5_85780_G_A,5,85780,6.22E-06,-0.1719248,0.03781805,0.00517638,Distant
Transcriptomics,YCL028W.RNASeq,SVs,CNV_YCL025C_Cov1.25,3,76018,1.09E-06,0.19034537,0.03877233,0.00710164,Local
Proteomics,YCL030C.SCProt,SNPs,SNP_chromosome4_1387755_G_A,4,1387755,3.99E-06,-0.2164863,0.04664159,0.01640795,Distant
Transcriptomics,YCL033C.RNASeq,SNPs,SNP_chromosome3_62729_A_G,3,62729,4.68E-22,-0.3300516,0.0332888,0.05295669,Local
Transcriptomics,YCL033C.RNASeq,SVs,CNV_YCL051W_Cov1.25,3,35865,2.93E-07,0.20604923,0.03987501,0.01222321,Local
Proteomics,YCL033C.SMProt,SNPs,SNP_chromosome3_62729_A_G,3,62729,4.78E-10,-0.2187755,0.03466025,0.02406264,Local
Proteomics,YCL033C.SMProt,SNPs,SNP_chromosome12_493479_C_T,12,493479,3.63E-06,-0.156206,0.03346781,0.00662263,Distant
Transcriptomics,YCL035C.RNASeq,SNPs,SNP_chromosome3_61329_A_G,3,61329,9.54E-22,0.38137001,0.03877407,0.02695702,Local
Transcriptomics,YCL035C.RNASeq,SNPs,SNP_chromosome5_170376_G_A,5,170376,1.97E-06,0.27512054,0.05745522,0.02265561,Distant
Proteomics,YCL035C.SMProt,SNPs,SNP_chromosome3_61329_A_G,3,61329,7.82E-20,0.40700387,0.04336713,0.02717131,Local
Proteomics,YCL035C.SMProt,SVs,SV_2291_CONTR_chromosome6_178166_len_141,6,178166,3.19E-07,0.19510042,0.03781223,0.03364858,Distant
Transcriptomics,YCL038C.RNASeq,SVs,CNV_YCL038C_Cov1.25,3,54941,1.13E-07,0.22817693,0.04267068,0.0099995,Local
Transcriptomics,YCL038C.RNASeq,SNPs,SNP_chromosome13_458866_G_A,13,458866,1.44E-06,-0.215896,0.04449293,0.02036564,Distant
Proteomics,YCL040W.SMProt,SNPs,SNP_chromosome7_295612_T_C,7,295612,4.60E-06,0.31476574,0.06817738,0.09223501,Distant
Transcriptomics,YCL041C.RNASeq,SVs,CNV_YDL227C_Cov0.75,4,46271,5.04E-06,-0.1560175,0.03398144,0.00621661,Distant
Transcriptomics,YCL042W.RNASeq,INDELs,INDEL_chromosome4_843565,4,843565,4.11E-06,-0.2809382,0.06062087,0.07085977,Distant
Transcriptomics,YCL043C.RNASeq,SNPs,SNP_chromosome2_214801_G_A,2,214801,2.44E-06,0.27586079,0.05814725,0.06880356,Distant
Proteomics,YCL043C.SCProt,SNPs,SNP_chromosome10_290106_G_A,10,290106,4.45E-06,0.22148945,0.04795398,0.01587736,Distant
Proteomics,YCL043C.SMProt,SNPs,SNP_chromosome6_177638_C_T,6,177638,1.99E-06,0.32214752,0.06721016,0.05527411,Distant
Transcriptomics,YCL045C.RNASeq,SNPs,SNP_chromosome11_430859_T_C,11,430859,1.94E-06,0.20907504,0.04364052,0.0105005,Distant
Transcriptomics,YCL048W.RNASeq,SNPs,SNP_chromosome11_156873_T_C,11,156873,2.53E-06,0.3110387,0.06567516,0.05002923,Distant
Transcriptomics,YCL049C.RNASeq,SNPs,SNP_chromosome3_40315_G_T,3,40315,1.60E-63,-0.5134812,0.02813129,0.14912767,Local
Transcriptomics,YCL049C.RNASeq,SNPs,SNP_chromosome3_40515_G_C,3,40515,1.31E-08,0.34402687,0.05995255,0.09391816,Local
Transcriptomics,YCL050C.RNASeq,SNPs,SNP_chromosome13_10994_C_T,13,10994,1.09E-05,-0.1666247,0.03766424,0.00441618,Distant
Transcriptomics,YCL051W.RNASeq,SNPs,SNP_chromosome1_92566_T_C,1,92566,2.71E-06,-0.1887265,0.03996624,0.00701666,Distant
Transcriptomics,YCL054W.RNASeq,SNPs,SNP_chromosome7_655851_C_T,7,655851,3.37E-07,0.19701478,0.0383297,0.00706944,Distant
Transcriptomics,YCL054W.RNASeq,SNPs,SNP_chromosome4_327242_G_A,4,327242,2.60E-06,0.28442482,0.0601289,0.07261202,Distant
Transcriptomics,YCL054W.RNASeq,SNPs,SNP_chromosome13_213896_G_C,13,213896,3.03E-06,0.18327885,0.03900376,0.00581309,Distant
Transcriptomics,YCL055W.RNASeq,SVs,CNV_YDL227C_Cov0.75,4,46271,1.10E-08,0.20127066,0.03488762,0.01029318,Distant
Transcriptomics,YCL055W.RNASeq,SVs,CNV_YCL066W_Cov1.25,3,13282,1.42E-06,0.18881435,0.03889592,0.02457609,Local
Transcriptomics,YCL055W.RNASeq,SNPs,SNP_chromosome15_238720_C_T,15,238720,1.92E-06,0.20340134,0.04243429,0.0074651,Distant
Transcriptomics,YCL056C.RNASeq,INDELs,INDEL_chromosome3_27364,3,27364,9.46E-32,0.47116461,0.03863929,0.152844,Local
Transcriptomics,YCL057C-A.RNASeq,SNPs,SNP_chromosome4_1318821_T_C,4,1318821,9.94E-07,0.3235478,0.06566566,0.0563644,Distant
Transcriptomics,YCL057W.RNASeq,SVs,CNV_YCL051W_Cov1.25,3,35865,2.38E-07,0.21410947,0.04111623,0.01319821,Local
Transcriptomics,YCL057W.RNASeq,SNPs,SNP_chromosome12_1012407_T_C,12,1012407,2.58E-06,0.24533921,0.05184808,0.02299435,Distant
Transcriptomics,YCL057W.RNASeq,SNPs,SNP_chromosome1_95043_A_T,1,95043,3.86E-06,-0.2425643,0.05218891,0.03746798,Distant
Transcriptomics,YCL059C.RNASeq,SNPs,SNP_chromosome7_655851_C_T,7,655851,5.76E-07,0.19491574,0.038707,0.0069196,Distant
Transcriptomics,YCL059C.RNASeq,SNPs,SNP_chromosome13_213896_G_C,13,213896,6.66E-06,0.17915059,0.03953748,0.00555417,Distant
Proteomics,YCL059C.SMProt,SVs,CNV_YX00433_Cov2.25,3,190232,3.78E-06,0.1862793,0.03998365,0.00894748,Distant
Transcriptomics,YCL061C.RNASeq,SNPs,SNP_chromosome4_553497_G_A,4,553497,3.97E-06,0.19671918,0.04238044,0.01031563,Distant
Transcriptomics,YCL065W.RNASeq,SVs,CNV_YX00594_Cov0.25,4,46858,2.92E-13,0.22230179,0.03000069,0.01053992,Distant
Transcriptomics,YCL065W.RNASeq,SVs,CNV_YX00433_Cov1.25,3,190232,1.65E-09,0.18806647,0.03086988,0.02106598,Distant
Transcriptomics,YCL065W.RNASeq,SNPs,SNP_chromosome7_1041395_A_G,7,1041395,2.08E-06,-0.3325088,0.06961137,0.09262712,Distant
Transcriptomics,YCL065W.RNASeq,SNPs,SNP_chromosome3_201156_T_C,3,201156,2.61E-06,-0.1773801,0.0375041,0.01867663,Distant
Transcriptomics,YCL065W.RNASeq,SVs,CNV_YX01092_Cov0.25,6,17109,3.66E-06,0.19397099,0.04163382,0.03662815,Distant
Transcriptomics,YCL065W.RNASeq,SVs,CNV_YX02562_Cov0.75,12,1133751,4.75E-06,-0.1678697,0.03646431,0.02188751,Distant
Transcriptomics,YCL065W.RNASeq,SNPs,SNP_chromosome3_201161_C_T,3,201161,6.18E-06,0.29051483,0.06388497,0.03593382,Distant
Transcriptomics,YCL067C.RNASeq,SVs,CNV_YX00594_Cov0.25,4,46858,1.73E-12,0.25368333,0.03545162,0.01337288,Distant
Transcriptomics,YCL067C.RNASeq,SVs,CNV_YX00433_Cov1.25,3,190232,1.41E-11,0.24581912,0.03590633,0.03506549,Distant
Transcriptomics,YCL067C.RNASeq,SVs,CNV_YX00446_Cov0.75,3,193857,9.65E-08,0.18432815,0.03427828,0.01445404,Distant
Transcriptomics,YCL067C.RNASeq,SVs,CNV_YCL066W_Cov1.75,3,13282,1.69E-07,0.18064182,0.03425965,0.03028938,Local
Transcriptomics,YCL068C.RNASeq,SNPs,SNP_chromosome11_575225_G_A,11,575225,5.58E-07,-0.1795562,0.03561301,0.01471484,Distant
Transcriptomics,YCL069W.RNASeq,SVs,CNV_YCL073C_Cov1.75,3,6479,1.19E-28,-0.454395,0.03950615,0.1716489,Local
Transcriptomics,YCL069W.RNASeq,SVs,CNV_YKR105C_Cov1.25,11,658716,1.43E-25,-0.4293971,0.03982211,0.13597487,Local
Transcriptomics,YCL069W.RNASeq,SNPs,SNP_chromosome11_645157_T_A,11,645157,6.39E-11,-0.1987391,0.03004362,0.01566505,Distant
Transcriptomics,YCL069W.RNASeq,SVs,CNV_YX01489_Cov1.75,7,1066398,2.77E-10,-0.2291887,0.0359013,0.04115536,Distant
Transcriptomics,YCL069W.RNASeq,SVs,CNV_YCL074W_Cov1.75,3,2824,2.25E-09,-0.2142016,0.03546228,0.05035493,Local
Transcriptomics,YCL069W.RNASeq,SVs,CNV_YBR298C-A_Cov2.75,2,805035,1.37E-08,-0.195525,0.03412071,0.02676833,Distant
Transcriptomics,YCL069W.RNASeq,SVs,CNV_YKR102W_Cov0.75,11,646356,1.89E-07,0.17623733,0.03356067,0.0258208,Distant
Transcriptomics,YCL069W.RNASeq,SNPs,SNP_chromosome11_643390_G_A,11,643390,5.97E-07,0.38268198,0.07610024,0.07119442,Distant
Transcriptomics,YCR001W.RNASeq,SVs,CNV_YX00386_Cov0.25,3,187,2.47E-07,-0.18076,0.03475083,0.00319731,Distant
Transcriptomics,YCR001W.RNASeq,SVs,CNV_YX00427_Cov0.25,3,128273,4.57E-07,-0.181181,0.03564733,0.00335432,Local
Transcriptomics,YCR001W.RNASeq,SNPs,SNP_chromosome3_128050_G_C,3,128050,9.12E-07,-0.2211448,0.04471524,0.0041929,Local
Transcriptomics,YCR001W.RNASeq,SVs,CNV_YCL005W_Cov0.75,3,108021,1.57E-06,-0.1580873,0.03269103,0.00340988,Local
Transcriptomics,YCR002C.RNASeq,SVs,CNV_YCL049C_Cov1.25,3,39786,1.22E-10,0.25665724,0.03940435,0.01673769,Distant
Transcriptomics,YCR002C.RNASeq,SNPs,SNP_chromosome15_586701_A_C,15,586701,1.04E-07,0.19195747,0.03578984,0.01821893,Distant
Transcriptomics,YCR002C.RNASeq,SVs,CNV_YAL067C_Cov2.75,1,7235,4.81E-07,0.19969858,0.039381,0.0157514,Distant
Transcriptomics,YCR002C.RNASeq,SVs,CNV_YCL048W_Cov1.25,3,42165,1.87E-06,0.18564799,0.03868236,0.01796415,Distant
Transcriptomics,YCR002C.RNASeq,SVs,CNV_YX00489_Cov0.75,3,291717,2.04E-06,0.17225705,0.03603062,0.01609252,Distant
Transcriptomics,YCR002C.RNASeq,SVs,CNV_YCR038C_Cov1.25,3,197621,2.76E-06,0.17087953,0.03621891,0.01600977,Distant
Transcriptomics,YCR002C.RNASeq,SVs,CNV_YCL031C_Cov1.25,3,64675,2.78E-06,0.16992899,0.03602656,0.01531379,Distant
Transcriptomics,YCR005C.RNASeq,SNPs,SNP_chromosome10_350741_T_G,10,350741,1.24E-06,-0.2872075,0.05882974,0.07415005,Distant
Proteomics,YCR005C.SMProt,SNPs,SNP_chromosome7_91959_A_G,7,91959,2.70E-06,0.33417444,0.07065812,0.03611923,Distant
Proteomics,YCR005C.SMProt,INDELs,INDEL_chromosome11_567619,11,567619,3.94E-06,0.19805746,0.04259272,0.02202006,Distant
Proteomics,YCR005C.SMProt,SNPs,SNP_chromosome15_951994_G_A,15,951994,5.52E-06,0.27628122,0.06034984,0.01486694,Distant
Transcriptomics,YCR007C.RNASeq,SNPs,SNP_chromosome3_130242_G_A,3,130242,3.86E-08,0.33291744,0.0600331,0.09733038,Local
Transcriptomics,YCR007C.RNASeq,SNPs,SNP_chromosome3_118751_C_T,3,118751,3.31E-07,0.19194914,0.03731777,0.0067857,Local
Transcriptomics,YCR007C.RNASeq,SNPs,SNP_chromosome3_131280_T_C,3,131280,1.28E-06,-0.2457932,0.05040144,0.04713322,Local
Transcriptomics,YCR007C.RNASeq,INDELs,INDEL_chromosome3_120646,3,120646,1.58E-06,0.18290402,0.0378434,0.0060239,Local
Transcriptomics,YCR009C.RNASeq,SNPs,SNP_chromosome6_113820_C_T,6,113820,6.21E-06,0.19918183,0.04381081,0.01005721,Distant
Transcriptomics,YCR009C.RNASeq,SNPs,SNP_chromosome12_299124_G_A,12,299124,6.32E-06,0.21128141,0.04651322,0.04024186,Distant
Transcriptomics,YCR009C.RNASeq,SNPs,SNP_chromosome13_37053_T_C,13,37053,7.24E-06,0.16617118,0.03681836,0.01328817,Distant
Proteomics,YCR012W.SMProt,SVs,CNV_YDR059C_Cov0.75,4,569234,9.33E-07,-0.1829097,0.03696814,0.00585535,Distant
Transcriptomics,YCR014C.RNASeq,SNPs,SNP_chromosome16_93137_T_A,16,93137,3.32E-06,0.28370739,0.06062658,0.07445844,Distant
Transcriptomics,YCR015C.RNASeq,SVs,CNV_YCL038C_Cov1.25,3,54941,5.11E-07,0.22286884,0.04405163,0.00953967,Distant
Transcriptomics,YCR018C-A.RNASeq,SVs,CNV_YER160C_Cov6.75,5,492856,1.08E-12,-0.293898,0.040687,0.08677101,Distant
Transcriptomics,YCR018C-A.RNASeq,SVs,CNV_YEL075W-A_Cov2.25,5,4870,5.48E-07,-0.1740888,0.03450444,0.02647719,Distant
Transcriptomics,YCR018C-A.RNASeq,SVs,SV_842_INS_chromosome3_151728_len_5954_TyRelated,3,151728,9.68E-07,0.13506398,0.0273832,0.00378537,Local
Transcriptomics,YCR018C.RNASeq,SNPs,SNP_chromosome12_840073_T_C,12,840073,1.85E-06,0.19733671,0.04110645,0.0115587,Distant
Transcriptomics,YCR019W.RNASeq,SVs,CNV_YCR023C_Cov1.25,3,158538,7.86E-12,0.27401122,0.03951964,0.01382502,Local
Transcriptomics,YCR019W.RNASeq,SVs,CNV_YPR123C_Cov0.25,16,786141,3.45E-06,0.24814612,0.05312094,0.05580243,Distant
Transcriptomics,YCR020C-A.RNASeq,SVs,CNV_YCR023C_Cov1.25,3,158538,2.71E-08,0.21073347,0.03756867,0.00817704,Local
Transcriptomics,YCR020C-A.RNASeq,SVs,CNV_YCR065W_Cov1.25,3,229310,1.08E-06,0.18894973,0.03847312,0.00671556,Distant
Proteomics,YCR020C-A.SMProt,SNPs,SNP_chromosome4_1296045_T_A,4,1296045,1.51E-08,-0.4100744,0.0716219,0.14811054,Distant
Proteomics,YCR020C-A.SMProt,SNPs,SNP_chromosome11_154842_T_C,11,154842,1.81E-06,0.33713325,0.07004145,0.10674425,Distant
Transcriptomics,YCR020C.RNASeq,SNPs,SNP_chromosome4_458153_A_T,4,458153,2.97E-06,-0.1833063,0.03897816,0.0274052,Distant
Transcriptomics,YCR020W-B.RNASeq,SNPs,SNP_chromosome3_155181_C_G,3,155181,8.39E-13,0.25835655,0.03558533,0.01786811,Local
Transcriptomics,YCR021C.RNASeq,SNPs,SNP_chromosome3_157686_A_G,3,157686,1.05E-06,-0.2021662,0.04112035,0.00583265,Local
Transcriptomics,YCR021C.RNASeq,SNPs,SNP_chromosome3_152950_A_G,3,152950,3.95E-06,-0.2263801,0.04875594,0.025771,Local
Transcriptomics,YCR022C.RNASeq,SNPs,SNP_chromosome3_157881_C_T,3,157881,2.83E-06,-0.2768157,0.05873448,0.06557312,Local
Transcriptomics,YCR022C.RNASeq,SNPs,SNP_chromosome16_811965_A_G,16,811965,3.31E-06,-0.288666,0.06168003,0.06954622,Distant
Transcriptomics,YCR022C.RNASeq,SNPs,SNP_chromosome5_397892_G_A,5,397892,4.04E-06,-0.257549,0.05552717,0.05952914,Distant
Transcriptomics,YCR022C.RNASeq,INDELs,INDEL_chromosome3_157462,3,157462,4.21E-06,-0.2595225,0.05606018,0.05636736,Local
Transcriptomics,YCR022C.RNASeq,SNPs,SNP_chromosome14_712253_A_G,14,712253,7.59E-06,-0.2721141,0.06043044,0.06147375,Distant
Transcriptomics,YCR024C-A.RNASeq,SVs,CNV_YCR024C_Cov1.25,3,160744,1.52E-07,0.21659246,0.04093029,0.00938,Local
Transcriptomics,YCR026C.RNASeq,SVs,CNV_YCR023C_Cov1.25,3,158538,1.31E-08,0.22221577,0.03872696,0.00909241,Local
Transcriptomics,YCR027C.RNASeq,SVs,CNV_YCR024C_Cov1.25,3,160744,8.83E-08,0.2244303,0.04160824,0.01007116,Local
Transcriptomics,YCR028C-A.RNASeq,SNPs,SNP_chromosome12_333469_T_C,12,333469,8.95E-07,-0.3035752,0.06135024,0.06099663,Distant
Transcriptomics,YCR028C-A.RNASeq,SVs,CNV_YCR065W_Cov1.25,3,229310,1.65E-06,0.19175653,0.03974932,0.00691656,Distant
Transcriptomics,YCR028C-A.RNASeq,SVs,CNV_YCR085W_Cov1.25,3,262916,5.18E-06,0.16445693,0.03586604,0.01342896,Distant
Proteomics,YCR028C-A.SMProt,SNPs,SNP_chromosome8_438265_A_G,8,438265,4.98E-06,0.21150402,0.04597844,0.01780405,Distant
Proteomics,YCR028C-A.SMProt,SNPs,SNP_chromosome4_592179_A_G,4,592179,6.14E-06,0.31561906,0.06929147,0.05124806,Distant
Transcriptomics,YCR028C.RNASeq,SVs,CNV_YCR084C_Cov1.25,3,260311,5.27E-08,0.21949528,0.03999006,0.01278877,Distant
Transcriptomics,YCR028C.RNASeq,SVs,CNV_YCR035C_Cov1.25,3,191834,1.13E-07,0.23178861,0.04334586,0.00989267,Local
Proteomics,YCR030C.SCProt,SNPs,SNP_chromosome4_51125_T_G,4,51125,6.52E-07,0.20829545,0.0415569,0.00857511,Distant
Transcriptomics,YCR032W.RNASeq,SVs,CNV_YCR035C_Cov1.25,3,191834,1.95E-07,0.22702283,0.04328328,0.00949004,Local
Transcriptomics,YCR033W.RNASeq,SNPs,SNP_chromosome7_417098_G_A,7,417098,4.00E-06,-0.1645215,0.03545725,0.00885229,Distant
Transcriptomics,YCR035C.RNASeq,SVs,CNV_YCR065W_Cov1.25,3,229310,2.60E-08,0.23106016,0.04114123,0.01004245,Distant
Transcriptomics,YCR035C.RNASeq,SVs,CNV_YX00484_Cov1.25,3,279712,1.82E-06,0.18539803,0.03859151,0.01040377,Distant
Transcriptomics,YCR035C.RNASeq,SVs,CNV_YCR035C_Cov1.25,3,191834,2.72E-06,0.20108224,0.0425931,0.0074452,Local
Transcriptomics,YCR036W.RNASeq,SVs,CNV_YCR035C_Cov1.25,3,191834,7.83E-09,0.25051519,0.04298646,0.01155573,Local
Transcriptomics,YCR036W.RNASeq,SVs,CNV_YCR091W_Cov1.25,3,274404,2.51E-08,0.2326166,0.04136885,0.01814663,Distant
Proteomics,YCR036W.SMProt,SVs,CNV_YCR021C_Cov1.25,3,156109,4.68E-06,0.21571984,0.04675959,0.00919298,Distant
Transcriptomics,YCR037C.RNASeq,SVs,CNV_YCR023C_Cov1.25,3,158538,9.03E-08,0.20961498,0.03889242,0.00809047,Distant
Transcriptomics,YCR037C.RNASeq,SVs,CNV_YCR075C_Cov1.25,3,248033,9.00E-07,0.18280188,0.0369513,0.00615305,Distant
Transcriptomics,YCR037C.RNASeq,SVs,CNV_YX01489_Cov2.25,7,1066398,2.88E-06,-0.1985759,0.04216785,0.0174283,Distant
Transcriptomics,YCR039C.RNASeq,SVs,CNV_YX00433_Cov1.25,3,190232,3.44E-16,0.29235893,0.03516816,0.04959996,Local
Transcriptomics,YCR039C.RNASeq,SVs,CNV_YX00594_Cov0.25,4,46858,1.85E-12,0.25095072,0.03511811,0.01308633,Distant
Transcriptomics,YCR039C.RNASeq,SVs,CNV_YCL066W_Cov1.25,3,13282,1.27E-08,-0.2346402,0.0408563,0.03795315,Distant
Transcriptomics,YCR039C.RNASeq,SVs,CNV_YX00446_Cov0.75,3,193857,8.18E-08,0.18312769,0.03386167,0.01426639,Local
Transcriptomics,YCR039C.RNASeq,SVs,CNV_YX00455_Cov0.75,3,199369,8.01E-07,-0.1811825,0.03645372,0.02867892,Local
Transcriptomics,YCR039C.RNASeq,SNPs,SNP_chromosome4_589136_G_A,4,589136,4.28E-06,-0.2193275,0.04741262,0.01311191,Distant
Transcriptomics,YCR041W.RNASeq,SVs,CNV_YX00594_Cov0.25,4,46858,2.32E-13,0.23844512,0.03203487,0.01166422,Distant
Transcriptomics,YCR041W.RNASeq,SVs,CNV_YX00433_Cov1.25,3,190232,1.70E-12,0.23408789,0.03269663,0.03149105,Local
Transcriptomics,YCR041W.RNASeq,SNPs,SNP_chromosome3_201156_T_C,3,201156,1.98E-07,0.1934208,0.03689127,0.02173649,Local
Transcriptomics,YCR041W.RNASeq,SNPs,SNP_chromosome3_201258_C_T,3,201258,8.10E-07,-0.1987059,0.03999538,0.02952309,Local
Transcriptomics,YCR042C.RNASeq,SVs,CNV_YCR035C_Cov1.25,3,191834,2.24E-08,0.23824178,0.04221512,0.01045117,Local
Transcriptomics,YCR042C.RNASeq,SVs,CNV_YX00484_Cov1.25,3,279712,2.30E-08,0.21516821,0.038163,0.01401318,Distant
Transcriptomics,YCR042C.RNASeq,SVs,CNV_YCR065W_Cov1.25,3,229310,2.48E-08,0.23094785,0.04105678,0.01003269,Local
Transcriptomics,YCR043C.RNASeq,SVs,CNV_YCR065W_Cov1.25,3,229310,9.02E-09,0.2312937,0.03985514,0.01006276,Local
Transcriptomics,YCR043C.RNASeq,SVs,CNV_YX00484_Cov1.25,3,279712,2.59E-08,0.2099661,0.03737929,0.01334378,Distant
Transcriptomics,YCR043C.RNASeq,SVs,CNV_YCR024C_Cov1.25,3,160744,1.46E-06,0.19651853,0.04052664,0.00772189,Distant
Transcriptomics,YCR043C.RNASeq,SVs,CNV_YCR095W-A_Cov1.25,3,289639,1.61E-06,0.17117147,0.0354436,0.01314208,Distant
Transcriptomics,YCR044C.RNASeq,SVs,CNV_YCR065W_Cov1.25,3,229310,2.20E-10,0.27113297,0.0422263,0.01382783,Local
Transcriptomics,YCR044C.RNASeq,SVs,CNV_YCR035C_Cov1.25,3,191834,9.45E-07,0.21620729,0.04379053,0.00860736,Local
Transcriptomics,YCR044C.RNASeq,SVs,CNV_YCR043C_Cov1.25,3,206261,3.73E-06,0.17849326,0.0383429,0.01125239,Local
Transcriptomics,YCR044C.RNASeq,SNPs,SNP_chromosome8_18917_G_A,8,18917,4.82E-06,-0.1982689,0.04309455,0.00807759,Distant
Transcriptomics,YCR045C.RNASeq,SVs,CNV_YX00484_Cov1.25,3,279712,5.54E-08,0.2136792,0.038995,0.0138199,Distant
Transcriptomics,YCR045C.RNASeq,SVs,CNV_YCR035C_Cov1.25,3,191834,1.03E-06,0.21332033,0.04335464,0.00837903,Local
Transcriptomics,YCR045C.RNASeq,SNPs,SNP_chromosome2_712761_A_C,2,712761,1.85E-06,-0.1913047,0.03984304,0.0083425,Distant
Transcriptomics,YCR046C.RNASeq,SVs,CNV_YCR086W_Cov1.25,3,263392,1.49E-06,0.19011922,0.03924382,0.00751092,Local
Transcriptomics,YCR047C.RNASeq,SNPs,SNP_chromosome7_655851_C_T,7,655851,3.22E-06,0.18343277,0.03914389,0.00612832,Distant
Transcriptomics,YCR051W.RNASeq,SVs,CNV_YCR065W_Cov1.25,3,229310,4.30E-09,0.24359889,0.04107242,0.01116195,Local
Transcriptomics,YCR051W.RNASeq,SVs,CNV_YCR035C_Cov1.25,3,191834,1.78E-06,0.20453347,0.04253187,0.00770297,Local
Transcriptomics,YCR052W.RNASeq,SVs,CNV_YX00484_Cov1.25,3,279712,4.27E-09,0.22095678,0.0372482,0.0147773,Distant
Transcriptomics,YCR052W.RNASeq,SVs,CNV_YCR093W_Cov1.25,3,280117,3.87E-08,0.21887314,0.03947253,0.02612358,Distant
Transcriptomics,YCR052W.RNASeq,SVs,CNV_YCR075C_Cov1.25,3,248033,4.46E-08,0.20445891,0.03704448,0.00769735,Local
Transcriptomics,YCR052W.RNASeq,SVs,CNV_YCR038C_Cov1.25,3,197621,1.30E-07,0.19016684,0.03573554,0.0198278,Local
Transcriptomics,YCR052W.RNASeq,SVs,CNV_YCR035C_Cov1.25,3,191834,1.41E-07,0.21891771,0.04125356,0.00882452,Local
Transcriptomics,YCR052W.RNASeq,SVs,CNV_YX00494_Cov1.25,3,297196,1.31E-06,0.18000835,0.036952,0.0078625,Distant
Proteomics,YCR052W.SMProt,SNPs,SNP_chromosome7_907935_C_T,7,907935,4.19E-06,0.28849617,0.06221601,0.01161118,Distant
Proteomics,YCR052W.SMProt,SNPs,SNP_chromosome14_38784_T_C,14,38784,5.12E-06,0.20308893,0.0442049,0.02741673,Distant
Proteomics,YCR052W.SMProt,SNPs,SNP_chromosome7_655851_C_T,7,655851,6.20E-06,0.19271378,0.04232724,0.00628067,Distant
Proteomics,YCR052W.SMProt,SNPs,SNP_chromosome16_269913_A_G,16,269913,8.92E-06,0.1884706,0.0421284,0.00750404,Distant
Proteomics,YCR053W.SCProt,SNPs,SNP_chromosome3_216556_T_C,3,216556,1.70E-09,-0.4176772,0.06858375,0.05049453,Local
Proteomics,YCR053W.SCProt,SVs,CNV_YCR065W_Cov1.25,3,229310,6.56E-07,0.20886948,0.04167994,0.00734132,Local
Proteomics,YCR053W.SMProt,SVs,CNV_YCR088W_Cov1.25,3,265068,5.12E-10,0.26424994,0.04193972,0.01179921,Local
Proteomics,YCR053W.SMProt,SVs,CNV_YX00433_Cov2.25,3,190232,5.50E-07,0.19852159,0.03928543,0.01021483,Distant
Transcriptomics,YCR054C.RNASeq,SVs,CNV_YCR075C_Cov1.25,3,248033,3.89E-08,0.20515951,0.03700597,0.00775019,Local
Transcriptomics,YCR054C.RNASeq,SVs,CNV_YCR035C_Cov1.25,3,191834,1.22E-06,0.20125732,0.04118916,0.00745817,Distant
Transcriptomics,YCR054C.RNASeq,SVs,CNV_YX00484_Cov1.25,3,279712,1.81E-06,0.1799023,0.03743353,0.00979612,Distant
Proteomics,YCR057C.SMProt,SNPs,SNP_chromosome16_763440_T_C,16,763440,3.88E-06,0.19679913,0.042294,0.03012154,Distant
Transcriptomics,YCR059C.RNASeq,SVs,CNV_YCR065W_Cov1.25,3,229310,2.15E-11,0.27144283,0.04002142,0.01385946,Local
Transcriptomics,YCR059C.RNASeq,SVs,CNV_YCR043C_Cov1.25,3,206261,2.94E-08,0.20629543,0.03687448,0.01503074,Local
Transcriptomics,YCR059C.RNASeq,SVs,CNV_YCL038C_Cov1.25,3,54941,4.30E-08,0.23838188,0.04313768,0.01091393,Distant
Transcriptomics,YCR059C.RNASeq,SVs,CNV_YCR035C_Cov1.25,3,191834,1.15E-07,0.22249591,0.0416235,0.00911535,Distant
Transcriptomics,YCR060W.RNASeq,SNPs,SNP_chromosome3_224821_T_C,3,224821,4.70E-14,-0.4290126,0.05597958,0.16249035,Local
Transcriptomics,YCR060W.RNASeq,SNPs,SNP_chromosome3_224846_T_C,3,224846,4.87E-13,0.33075027,0.04507499,0.09544897,Local
Transcriptomics,YCR060W.RNASeq,INDELs,INDEL_chromosome3_225348,3,225348,9.43E-10,-0.3875267,0.06265497,0.12782892,Local
Transcriptomics,YCR060W.RNASeq,SVs,CNV_YCR065W_Cov1.25,3,229310,9.20E-09,0.19863689,0.03424831,0.00742954,Local
Transcriptomics,YCR060W.RNASeq,SNPs,SNP_chromosome2_228106_T_C,2,228106,9.71E-07,-0.2171116,0.04402154,0.0132577,Distant
Transcriptomics,YCR060W.RNASeq,SNPs,SNP_chromosome12_690274_G_A,12,690274,1.43E-06,0.21341603,0.04397473,0.04181944,Distant
Transcriptomics,YCR060W.RNASeq,SVs,CNV_YCL067C_Cov4.25,3,12386,1.79E-06,0.16131592,0.03355207,0.00541309,Distant
Transcriptomics,YCR060W.RNASeq,SVs,CNV_YCR023C_Cov1.25,3,158538,2.01E-06,0.16145351,0.03374796,0.00480482,Distant
Transcriptomics,YCR060W.RNASeq,SNPs,SNP_chromosome3_225042_C_T,3,225042,4.44E-06,-0.2502529,0.05419019,0.03370558,Local
Transcriptomics,YCR060W.RNASeq,SNPs,SNP_chromosome15_659697_A_G,15,659697,6.56E-06,0.15105799,0.03331315,0.01417359,Distant
Transcriptomics,YCR063W.RNASeq,SNPs,SNP_chromosome7_655851_C_T,7,655851,1.04E-06,0.19162109,0.03896822,0.00668766,Distant
Transcriptomics,YCR065W.RNASeq,SVs,CNV_YX02249_Cov0.25,11,618964,4.76E-06,0.28977886,0.06295176,0.07763581,Distant
Transcriptomics,YCR065W.RNASeq,SNPs,SNP_chromosome16_428330_C_T,16,428330,6.60E-06,-0.2957955,0.06525249,0.07962649,Distant
Transcriptomics,YCR066W.RNASeq,SVs,CNV_YCR095W-A_Cov1.25,3,289639,1.73E-06,0.17285606,0.03590515,0.01340203,Distant
Transcriptomics,YCR067C.RNASeq,SVs,CNV_YCR032W_Cov1.25,3,179520,2.70E-06,0.18397548,0.03895422,0.01266732,Distant
Transcriptomics,YCR067C.RNASeq,SVs,CNV_YCR035C_Cov1.25,3,191834,3.99E-06,0.202473,0.04362989,0.00754855,Distant
Transcriptomics,YCR069W.RNASeq,SVs,CNV_YCR090C_Cov1.25,3,272315,4.92E-07,0.20051594,0.03957634,0.02251807,Distant
Transcriptomics,YCR069W.RNASeq,SVs,CNV_YCR023C_Cov1.25,3,158538,3.54E-06,0.18741078,0.04016669,0.00646723,Distant
Transcriptomics,YCR069W.RNASeq,SVs,CNV_YCR043C_Cov1.25,3,206261,4.11E-06,0.17230044,0.03717952,0.01048513,Distant
Transcriptomics,YCR069W.RNASeq,SNPs,SNP_chromosome11_430859_T_C,11,430859,5.05E-06,0.19695743,0.04290246,0.0093186,Distant
Transcriptomics,YCR071C.RNASeq,SVs,CNV_YCR095W-A_Cov1.25,3,289639,1.17E-07,0.18717514,0.03503824,0.0157144,Distant
Transcriptomics,YCR071C.RNASeq,SNPs,SNP_chromosome3_239957_T_C,3,239957,2.25E-07,0.31800621,0.06094791,0.08954295,Local
Transcriptomics,YCR072C.RNASeq,SNPs,SNP_chromosome7_655851_C_T,7,655851,2.52E-06,0.18585768,0.03923136,0.00629141,Distant
Transcriptomics,YCR073C.RNASeq,SVs,CNV_YCR075C_Cov1.25,3,248033,4.23E-07,0.19170248,0.03761614,0.00676682,Local
Transcriptomics,YCR073C.RNASeq,SVs,CNV_YCR035C_Cov1.25,3,191834,9.12E-07,0.20682108,0.04182995,0.00787624,Distant
Transcriptomics,YCR073C.RNASeq,SVs,CNV_YCR091W_Cov1.25,3,274404,1.23E-06,0.2015176,0.04125797,0.01361885,Distant
Transcriptomics,YCR073W-A.RNASeq,SVs,CNV_YCR072C_Cov1.25,3,240805,1.22E-08,0.2292897,0.03987291,0.00988914,Local
Transcriptomics,YCR073W-A.RNASeq,SVs,CNV_YCR035C_Cov1.25,3,191834,4.86E-07,0.21231182,0.0418832,0.00829999,Distant
Transcriptomics,YCR073W-A.RNASeq,SNPs,SNP_chromosome7_1065808_A_T,7,1065808,6.39E-06,-0.2100303,0.04626106,0.00938972,Distant
Transcriptomics,YCR075C.RNASeq,SVs,CNV_YCR073C_Cov1.25,3,242588,2.54E-09,0.24947212,0.04143834,0.01675487,Local
Transcriptomics,YCR075C.RNASeq,SVs,CNV_YCL049C_Cov1.25,3,39786,7.95E-08,0.21456437,0.03963729,0.01169779,Distant
Transcriptomics,YCR075C.RNASeq,SNPs,SNP_chromosome14_230599_G_A,14,230599,8.82E-07,0.34108333,0.06889211,0.10720676,Distant
Transcriptomics,YCR075C.RNASeq,SVs,CNV_YX00494_Cov1.25,3,297196,1.43E-06,0.18067052,0.03722717,0.00792045,Distant
Transcriptomics,YCR075W-A.RNASeq,SVs,CNV_YX00484_Cov1.25,3,279712,1.95E-08,0.21715287,0.03831556,0.01427288,Distant
Transcriptomics,YCR075W-A.RNASeq,SNPs,SNP_chromosome9_424322_T_C,9,424322,4.05E-07,-0.2203622,0.0431689,0.0142959,Distant
Transcriptomics,YCR075W-A.RNASeq,SVs,CNV_YCR075C_Cov1.25,3,248033,2.28E-06,0.18173676,0.03820004,0.00608156,Local
Transcriptomics,YCR075W-A.RNASeq,SVs,CNV_YCR023C_Cov1.25,3,158538,2.32E-06,0.19239981,0.04047021,0.00681614,Distant
Proteomics,YCR075W-A.SMProt,SVs,CNV_YCR072C_Cov1.25,3,240805,1.34E-06,0.23246508,0.04769192,0.00902956,Local
Transcriptomics,YCR076C.RNASeq,SVs,CNV_YCR067C_Cov1.25,3,233125,1.53E-11,0.27322512,0.03998318,0.01725337,Local
Transcriptomics,YCR076C.RNASeq,SVs,CNV_YCR035C_Cov1.25,3,191834,2.48E-07,0.21583471,0.04151514,0.00857772,Distant
Transcriptomics,YCR076C.RNASeq,SVs,CNV_YX00494_Cov1.25,3,297196,1.34E-06,0.18086426,0.03716229,0.00793745,Distant
Transcriptomics,YCR079W.RNASeq,SVs,CNV_YCR067C_Cov1.25,3,233125,8.42E-08,0.21325009,0.03947101,0.0105102,Local
Transcriptomics,YCR081W.RNASeq,SVs,CNV_YCR075C_Cov1.25,3,248033,6.75E-07,0.18994812,0.03795748,0.00664353,Local
Transcriptomics,YCR081W.RNASeq,SVs,CNV_YCR035C_Cov1.25,3,191834,4.12E-06,0.19623743,0.04234867,0.00709076,Distant
Transcriptomics,YCR082W.RNASeq,SVs,CNV_YCR089W_Cov1.25,3,267434,1.50E-08,0.21455999,0.03754468,0.01543875,Local
Transcriptomics,YCR082W.RNASeq,SVs,CNV_YCR035C_Cov1.25,3,191834,1.06E-07,0.20458773,0.03817502,0.00770705,Distant
Transcriptomics,YCR082W.RNASeq,SNPs,SNP_chromosome3_258781_T_C,3,258781,2.58E-06,0.3102389,0.06556066,0.08978156,Local
Transcriptomics,YCR083W.RNASeq,SVs,CNV_YCR067C_Cov1.25,3,233125,1.60E-08,0.24080769,0.04222651,0.01340211,Local
Proteomics,YCR083W.SMProt,SNPs,SNP_chromosome4_1276306_C_T,4,1276306,1.86E-06,-0.3171736,0.06597488,0.03145324,Distant
Proteomics,YCR084C.SCProt,SNPs,SNP_chromosome12_188953_T_C,12,188953,7.90E-07,-0.2922694,0.05875659,0.01500793,Distant
Proteomics,YCR084C.SCProt,SVs,CNV_YCR067C_Cov1.25,3,233125,1.48E-06,0.19693509,0.04062676,0.00771971,Distant
Proteomics,YCR084C.SMProt,SVs,CNV_YCR086W_Cov1.25,3,263392,3.49E-08,0.23417292,0.042004,0.01035991,Local
Proteomics,YCR084C.SMProt,SNPs,SNP_chromosome10_553579_C_G,10,553579,1.29E-06,-0.2077286,0.04255273,0.02882234,Distant
Transcriptomics,YCR086W.RNASeq,SVs,CNV_YX00484_Cov1.25,3,279712,6.71E-08,0.20989327,0.03855094,0.01333452,Local
Transcriptomics,YCR086W.RNASeq,SVs,CNV_YCR095W-A_Cov1.25,3,289639,1.68E-07,0.18933889,0.03590814,0.01607982,Distant
Transcriptomics,YCR086W.RNASeq,SVs,CNV_YCR075C_Cov1.25,3,248033,3.42E-07,0.19682516,0.03831409,0.0071333,Local
Transcriptomics,YCR086W.RNASeq,SVs,CNV_YCR035C_Cov1.25,3,191834,6.27E-07,0.21514406,0.04286752,0.00852291,Distant
Proteomics,YCR087C-A.SMProt,SVs,CNV_YX00433_Cov2.25,3,190232,7.22E-07,0.20461626,0.04093043,0.01092698,Distant
Proteomics,YCR087C-A.SMProt,SNPs,SNP_chromosome15_106359_A_G,15,106359,6.00E-06,0.25575723,0.0560856,0.02149707,Distant
Transcriptomics,YCR088W.RNASeq,SVs,CNV_YX00484_Cov1.25,3,279712,1.54E-10,0.23985524,0.03703271,0.01741321,Local
Transcriptomics,YCR088W.RNASeq,SVs,CNV_YCR092C_Cov1.25,3,276764,1.20E-08,0.22465219,0.03904147,0.02247188,Local
Transcriptomics,YCR088W.RNASeq,SVs,CNV_YCR023C_Cov1.25,3,158538,3.74E-08,0.21680048,0.03905532,0.00865465,Distant
Transcriptomics,YCR088W.RNASeq,SVs,CNV_YCR043C_Cov1.25,3,206261,5.62E-07,0.18362004,0.03642917,0.01190807,Distant
Transcriptomics,YCR088W.RNASeq,SVs,CNV_YCR054C_Cov1.25,3,218376,2.26E-06,0.18070082,0.0379682,0.01641636,Distant
Proteomics,YCR088W.SCProt,SVs,CNV_YCR071C_Cov1.25,3,240103,6.69E-14,0.273991,0.03596054,0.01562536,Local
Proteomics,YCR088W.SCProt,SNPs,SNP_chromosome5_295532_A_G,5,295532,1.50E-09,-0.2429413,0.03976117,0.00913159,Distant
Proteomics,YCR088W.SCProt,SVs,CNV_YX00494_Cov1.25,3,297196,1.16E-07,0.18760502,0.03509935,0.00818228,Distant
Proteomics,YCR088W.SCProt,SVs,CNV_YCR035C_Cov1.25,3,191834,1.41E-07,0.21035967,0.03962738,0.0088478,Distant
Proteomics,YCR088W.SCProt,SVs,CNV_YCR095W-A_Cov1.25,3,289639,3.60E-07,0.17054968,0.03325325,0.01284656,Local
Proteomics,YCR088W.SCProt,SVs,CNV_YCR043C_Cov1.25,3,206261,1.60E-06,0.16991848,0.03516769,0.00984921,Distant
Proteomics,YCR088W.SMProt,SVs,CNV_YCR088W_Cov1.25,3,265068,2.15E-09,0.24633035,0.04063159,0.01026737,Local
Proteomics,YCR088W.SMProt,SVs,CNV_YCR035C_Cov1.25,3,191834,1.44E-06,0.21117491,0.04345192,0.00927025,Distant
Proteomics,YCR088W.SMProt,SNPs,SNP_chromosome11_290740_C_T,11,290740,1.67E-06,0.24379042,0.05048458,0.00720402,Distant
Transcriptomics,YCR090C.RNASeq,SVs,CNV_YCR091W_Cov1.25,3,274404,3.01E-08,0.22167177,0.03965273,0.01647917,Local
Transcriptomics,YCR092C.RNASeq,SVs,CNV_YX00484_Cov1.25,3,279712,5.28E-07,0.19718513,0.03902516,0.01176871,Local
Transcriptomics,YCR092C.RNASeq,SVs,CNV_YCR075C_Cov1.25,3,248033,6.27E-07,0.1943091,0.03871512,0.00695209,Distant
Transcriptomics,YCR092C.RNASeq,SNPs,SNP_chromosome3_273880_T_C,3,273880,1.27E-06,-0.240295,0.04926436,0.01169509,Local
Transcriptomics,YCR094W.RNASeq,SVs,CNV_YCR065W_Cov1.25,3,229310,2.45E-08,0.22735439,0.04040213,0.00972291,Local
Transcriptomics,YCR094W.RNASeq,SVs,CNV_YCR035C_Cov1.25,3,191834,7.43E-07,0.20811882,0.04174767,0.00797539,Distant
Transcriptomics,YCR094W.RNASeq,SVs,CNV_YCR043C_Cov1.25,3,206261,3.68E-06,0.17209732,0.03694581,0.01046043,Distant
Transcriptomics,YCR095C.RNASeq,SVs,CNV_YCR072C_Cov1.25,3,240805,6.08E-08,0.21728269,0.03977647,0.00888055,Distant
Transcriptomics,YCR095C.RNASeq,SVs,CNV_YCR035C_Cov1.25,3,191834,8.46E-07,0.20689899,0.04171943,0.00788217,Distant
Transcriptomics,YCR095C.RNASeq,SVs,CNV_YCR095W-A_Cov1.25,3,289639,1.79E-06,0.17127047,0.03562214,0.01315729,Local
Transcriptomics,YCR096C.RNASeq,SVs,CNV_YX00433_Cov1.25,3,190232,2.35E-12,0.24796792,0.03487004,0.03568121,Distant
Transcriptomics,YCR096C.RNASeq,SVs,CNV_YX00594_Cov0.25,4,46858,5.01E-09,0.20538768,0.03478327,0.00876576,Distant
Transcriptomics,YCR097W-A.RNASeq,SVs,CNV_YX00433_Cov1.25,3,190232,3.31E-10,0.22705954,0.03568167,0.02075691,Distant
Transcriptomics,YCR097W-A.RNASeq,SVs,CNV_YX00594_Cov0.25,4,46858,1.64E-09,0.21861295,0.03583593,0.00636946,Distant
Transcriptomics,YCR097W.RNASeq,SVs,CNV_YCL066W_Cov1.25,3,13282,3.08E-32,0.47016672,0.03821931,0.15425699,Distant
Transcriptomics,YCR097W.RNASeq,SVs,CNV_YX00433_Cov1.25,3,190232,3.92E-27,-0.3840966,0.03443916,0.08570249,Distant
Transcriptomics,YCR097W.RNASeq,SVs,CNV_YX00455_Cov0.75,3,199369,6.75E-23,0.35897367,0.03544119,0.11409099,Distant
Transcriptomics,YCR097W.RNASeq,SVs,CNV_YX00594_Cov0.25,4,46858,3.23E-18,-0.3131291,0.03520746,0.02071388,Distant
Transcriptomics,YCR097W.RNASeq,SVs,CNV_YX00446_Cov0.75,3,193857,4.64E-13,-0.2513809,0.03422514,0.02689337,Distant
Transcriptomics,YCR098C.RNASeq,SVs,CNV_YX00493_Cov0.25,3,295006,1.23E-08,-0.3562277,0.06192247,0.10744991,Local
Transcriptomics,YCR098C.RNASeq,SVs,CNV_YCR098C_Cov0.25,3,297049,4.48E-06,-0.1442689,0.03123925,0.00038929,Local
Transcriptomics,YCR099C.RNASeq,SVs,CNV_YCR101C_Cov1.75,3,302482,8.91E-11,0.2410157,0.03669428,0.01646215,Local
Transcriptomics,YCR099C.RNASeq,SVs,CNV_YX00382_Cov0.25,2,823299,1.58E-08,0.247607,0.04337284,0.01488675,Distant
Transcriptomics,YCR099C.RNASeq,SNPs,SNP_chromosome5_564276_T_C,5,564276,4.16E-07,0.25390539,0.04976633,0.01538047,Distant
Transcriptomics,YCR099C.RNASeq,INDELs,INDEL_chromosome5_564601,5,564601,4.94E-07,0.22722554,0.04483338,0.00889797,Distant
Transcriptomics,YCR100C.RNASeq,SVs,CNV_YCR101C_Cov1.75,3,302482,6.86E-11,0.25481139,0.0385271,0.01919717,Local
Transcriptomics,YCR100C.RNASeq,SVs,CNV_YX00382_Cov0.25,2,823299,8.73E-08,0.24399153,0.04517177,0.01355112,Distant
Transcriptomics,YCR100C.RNASeq,SNPs,SNP_chromosome5_564276_T_C,5,564276,2.00E-06,0.25882235,0.05405146,0.01564413,Distant
Transcriptomics,YCR102W-A.RNASeq,SVs,CNV_YX01482_Cov1.75,7,1055026,1.18E-09,0.21700618,0.0352872,0.00907946,Distant
Transcriptomics,YCR102W-A.RNASeq,SVs,CNV_YCR107W_Cov1.25,3,313890,3.08E-07,0.18463507,0.03579352,0.03014464,Local
Transcriptomics,YCR102W-A.RNASeq,INDELs,INDEL_chromosome12_928464,12,928464,4.86E-07,0.40181678,0.07926209,0.08170553,Distant
Transcriptomics,YCR104W.RNASeq,SVs,CNV_YCR105W_Cov0.75,3,309070,5.82E-21,-0.3845044,0.03991823,0.12826371,Local
Transcriptomics,YCR104W.RNASeq,SVs,CNV_YCR106W_Cov1.75,3,310958,5.99E-15,0.29905241,0.03765927,0.08160572,Local
Transcriptomics,YCR104W.RNASeq,SVs,CNV_YOL166C_Cov0.75,15,1000,2.89E-14,-0.3000735,0.0388197,0.0849806,Distant
Transcriptomics,YCR104W.RNASeq,SVs,CNV_YX00195_Cov0.25,2,8798,1.74E-13,0.26624904,0.03558127,0.07309165,Distant
Transcriptomics,YCR104W.RNASeq,SVs,CNV_YX00185_Cov0.75,2,5638,1.44E-09,-0.2308507,0.03774842,0.04244549,Distant
Transcriptomics,YCR104W.RNASeq,SVs,CNV_YX01497_Cov0.75,7,1087401,3.38E-08,0.21520419,0.03863871,0.04542064,Distant
Transcriptomics,YCR105W.RNASeq,SVs,CNV_YCR106W_Cov1.75,3,310958,8.01E-25,0.41599022,0.03886014,0.17137377,Local
Transcriptomics,YCR105W.RNASeq,SVs,CNV_YCR105W_Cov0.75,3,309070,7.24E-19,-0.3461571,0.03788446,0.03848268,Local
Transcriptomics,YCR105W.RNASeq,SVs,CNV_YX01497_Cov0.75,7,1087401,1.61E-16,0.34012549,0.04019659,0.11676132,Distant
Transcriptomics,YCR105W.RNASeq,SVs,CNV_YOL166C_Cov2.25,15,1000,8.16E-13,0.24652816,0.03378048,0.02979414,Distant
Transcriptomics,YCR105W.RNASeq,SVs,CNV_YX00185_Cov1.25,2,5638,8.50E-10,0.22181138,0.03564128,0.04864486,Distant
Transcriptomics,YCR105W.RNASeq,SVs,CNV_YX00195_Cov0.25,2,8798,1.07E-09,0.22212441,0.035916,0.04605208,Distant
Transcriptomics,YCR105W.RNASeq,SNPs,SNP_chromosome16_254689_G_A,16,254689,2.04E-06,0.26943074,0.05623886,0.0208747,Distant
Transcriptomics,YCR106W.RNASeq,SVs,CNV_YCR106W_Cov1.75,3,310958,3.36E-39,0.532244,0.03808783,0.28012755,Local
Transcriptomics,YCR106W.RNASeq,SVs,CNV_YCR105W_Cov2.75,3,309070,3.37E-24,0.34121258,0.0323467,0.04594869,Local
Transcriptomics,YCR106W.RNASeq,SVs,CNV_YOL166C_Cov1.25,15,1000,3.23E-20,0.38501079,0.040488,0.14933183,Distant
Transcriptomics,YCR106W.RNASeq,SVs,CNV_YX01497_Cov0.75,7,1087401,1.06E-18,0.3721365,0.04093605,0.13956655,Distant
Transcriptomics,YCR106W.RNASeq,SVs,CNV_YX00195_Cov0.25,2,8798,1.87E-16,0.30445529,0.03606382,0.08638929,Distant
Transcriptomics,YCR106W.RNASeq,SVs,CNV_YX00185_Cov0.75,2,5638,2.05E-10,-0.2621038,0.04060094,0.0393369,Distant
Transcriptomics,YCR106W.RNASeq,SNPs,SNP_chromosome12_1058829_G_T,12,1058829,1.25E-08,-0.2689455,0.046662,0.01317663,Distant
Transcriptomics,YCR107W.RNASeq,SVs,CNV_YCR106W_Cov1.75,3,310958,2.08E-25,0.41750818,0.03840183,0.17365861,Local
Transcriptomics,YCR107W.RNASeq,SVs,CNV_YCR105W_Cov2.75,3,309070,1.71E-13,0.24575295,0.03263984,0.02478617,Local
Transcriptomics,YCR107W.RNASeq,SVs,CNV_YX01497_Cov0.75,7,1087401,6.20E-13,0.29492371,0.04015325,0.08730685,Distant
Transcriptomics,YCR107W.RNASeq,SVs,CNV_YOL166C_Cov1.25,15,1000,3.13E-12,0.28288409,0.03980356,0.08045042,Distant
Transcriptomics,YCR107W.RNASeq,SVs,CNV_YX00195_Cov0.25,2,8798,9.15E-12,0.24463237,0.03521901,0.05470245,Distant
Transcriptomics,YCR107W.RNASeq,SNPs,SNP_chromosome12_1058829_G_T,12,1058829,2.33E-07,-0.2350667,0.04497823,0.00960815,Distant
Transcriptomics,YCR107W.RNASeq,SVs,SV_3856_INS_chromosome10_204717_len_5426_TyRelated,10,204717,3.46E-07,0.20092444,0.03901459,0.01146385,Distant
Transcriptomics,YCR107W.RNASeq,SVs,CNV_YX00185_Cov0.75,2,5638,9.26E-07,-0.1913634,0.03862382,0.01937153,Distant
Transcriptomics,YDL002C.RNASeq,SNPs,SNP_chromosome4_446874_C_T,4,446874,7.49E-07,-0.3378957,0.06780192,0.10608801,Local
Transcriptomics,YDL004W.RNASeq,SNPs,SNP_chromosome6_155252_G_A,6,155252,2.86E-06,-0.1862244,0.0395314,0.01897166,Distant
Proteomics,YDL007W.SCProt,SVs,CNV_YX02827_Cov5.75,14,1042,4.55E-06,-0.2033917,0.04408235,0.01529036,Distant
Transcriptomics,YDL008W.RNASeq,SNPs,SNP_chromosome11_379901_T_C,11,379901,2.14E-06,-0.2874567,0.06025027,0.06377512,Distant
Transcriptomics,YDL008W.RNASeq,SVs,CNV_YX01911_Cov1.25,10,7589,5.07E-06,0.16926995,0.03687948,0.02064566,Distant
Transcriptomics,YDL013W.RNASeq,SNPs,SNP_chromosome11_250668_C_T,11,250668,8.36E-06,0.20934241,0.04670928,0.02126767,Distant
Transcriptomics,YDL014W.RNASeq,SNPs,SNP_chromosome7_655851_C_T,7,655851,5.46E-07,0.19169651,0.0379878,0.00669292,Distant
Proteomics,YDL015C.SMProt,SNPs,SNP_chromosome15_293858_A_G,15,293858,3.54E-06,-0.2087133,0.04466502,0.00882327,Distant
Transcriptomics,YDL018C.RNASeq,SNPs,SNP_chromosome9_141990_A_G,9,141990,6.87E-07,-0.3177904,0.0635486,0.08504478,Distant
Transcriptomics,YDL019C.RNASeq,SNPs,SNP_chromosome4_1225163_C_T,4,1225163,8.23E-06,-0.1657717,0.03695936,0.01314395,Distant
Transcriptomics,YDL019C.RNASeq,SNPs,SNP_chromosome7_943177_A_G,7,943177,9.29E-06,0.14625006,0.03280068,0.00445983,Distant
Proteomics,YDL022W.SMProt,SVs,CNV_YJL218W_Cov0.25,10,21973,2.29E-06,0.27314274,0.05733781,0.07194427,Distant
Proteomics,YDL022W.SMProt,SNPs,SNP_chromosome16_753507_C_T,16,753507,3.39E-06,0.22416256,0.04787802,0.00755804,Distant
Proteomics,YDL022W.SMProt,SNPs,SNP_chromosome7_161187_T_C,7,161187,3.81E-06,-0.2501669,0.05371783,0.02541064,Distant
Transcriptomics,YDL024C.RNASeq,SNPs,SNP_chromosome4_409954_C_T,4,409954,3.33E-15,-0.393349,0.04905458,0.08352331,Local
Transcriptomics,YDL024C.RNASeq,SNPs,SNP_chromosome4_410017_G_A,4,410017,1.97E-10,-0.3307498,0.05137259,0.04868412,Local
Transcriptomics,YDL024C.RNASeq,INDELs,INDEL_chromosome4_409861,4,409861,6.25E-10,-0.4308537,0.06891099,0.15029674,Local
Transcriptomics,YDL024C.RNASeq,SNPs,SNP_chromosome8_16906_A_C,8,16906,2.23E-06,0.18585005,0.03902666,0.02248537,Distant
Transcriptomics,YDL024C.RNASeq,SNPs,SNP_chromosome8_16805_A_G,8,16805,3.90E-06,0.20920329,0.04503461,0.03842031,Distant
Transcriptomics,YDL028C.RNASeq,SNPs,SNP_chromosome16_420632_T_C,16,420632,1.05E-06,-0.2848087,0.05793691,0.02626099,Distant
Proteomics,YDL029W.SCProt,SNPs,SNP_chromosome4_399144_A_G,4,399144,1.36E-06,-0.1872028,0.03848531,0.01580674,Local
Proteomics,YDL029W.SMProt,SNPs,SNP_chromosome4_398799_T_C,4,398799,1.20E-06,-0.1940382,0.03962052,0.01950911,Local
Proteomics,YDL029W.SMProt,SNPs,SNP_chromosome4_399144_A_G,4,399144,1.82E-06,-0.1957449,0.04068508,0.01805254,Local
Transcriptomics,YDL031W.RNASeq,SNPs,SNP_chromosome7_655851_C_T,7,655851,4.06E-07,0.19795529,0.03878455,0.0071371,Distant
Transcriptomics,YDL031W.RNASeq,SNPs,SNP_chromosome13_213896_G_C,13,213896,3.65E-06,0.18407973,0.03950727,0.00586401,Distant
Transcriptomics,YDL031W.RNASeq,SNPs,SNP_chromosome10_524477_G_A,10,524477,5.09E-06,0.26448107,0.05763241,0.04209103,Distant
Transcriptomics,YDL033C.RNASeq,SNPs,SNP_chromosome8_285871_C_T,8,285871,6.97E-07,0.303512,0.06072586,0.02144285,Distant
Transcriptomics,YDL033C.RNASeq,SNPs,SNP_chromosome7_702109_A_G,7,702109,9.04E-07,0.29388398,0.05941648,0.06616842,Distant
Transcriptomics,YDL033C.RNASeq,SNPs,SNP_chromosome13_203305_C_T,13,203305,1.81E-06,0.36835899,0.07665165,0.0284281,Distant
Transcriptomics,YDL033C.RNASeq,SNPs,SNP_chromosome7_762571_GCC_ACC,7,762571,6.35E-06,0.28097676,0.06186682,0.01994951,Distant
Transcriptomics,YDL033C.RNASeq,SNPs,SNP_chromosome13_368861_C_T,13,368861,6.62E-06,0.1815515,0.0400558,0.01870105,Distant
Transcriptomics,YDL034W.RNASeq,SNPs,SNP_chromosome12_811471_A_G,12,811471,4.08E-06,-0.2386622,0.0514815,0.045275,Distant
Transcriptomics,YDL036C.RNASeq,SNPs,SNP_chromosome11_411807_G_T,11,411807,4.41E-06,0.28043668,0.06070627,0.01512155,Distant
Transcriptomics,YDL037C.RNASeq,SNPs,SNP_chromosome4_385750_T_C,4,385750,1.49E-20,0.39924748,0.0419143,0.11375414,Local
Transcriptomics,YDL037C.RNASeq,INDELs,INDEL_chromosome4_386128,4,386128,6.02E-16,-0.2792653,0.03388601,0.02183453,Local
Transcriptomics,YDL037C.RNASeq,SNPs,SNP_chromosome4_386785_T_C,4,386785,8.69E-16,-0.290633,0.03546887,0.03358208,Local
Transcriptomics,YDL037C.RNASeq,SNPs,SNP_chromosome4_385473_T_C,4,385473,2.18E-13,-0.2672692,0.0358704,0.02703122,Local
Transcriptomics,YDL037C.RNASeq,SVs,SV_1128_INS_chromosome4_383993_len_942,4,383993,2.04E-07,-0.1973561,0.03768537,0.02317263,Local
Transcriptomics,YDL037C.RNASeq,SNPs,SNP_chromosome13_79739_C_T,13,79739,2.51E-06,-0.238964,0.05043666,0.03482882,Distant
Transcriptomics,YDL039C.RNASeq,SNPs,SNP_chromosome4_386785_T_C,4,386785,1.86E-09,-0.2124196,0.03498209,0.01793936,Local
Transcriptomics,YDL039C.RNASeq,SNPs,SNP_chromosome4_385750_T_C,4,385750,2.08E-08,0.23568851,0.04166848,0.03964238,Local
Transcriptomics,YDL039C.RNASeq,SNPs,SNP_chromosome4_385473_T_C,4,385473,1.77E-06,-0.1701072,0.03536647,0.01094997,Local
Transcriptomics,YDL040C.RNASeq,SNPs,SNP_chromosome16_172786_T_C,16,172786,3.00E-06,0.19291081,0.04103622,0.02526833,Distant
Proteomics,YDL040C.SMProt,SNPs,SNP_chromosome12_696819_C_T,12,696819,1.74E-06,-0.2592561,0.05378056,0.01824509,Distant
Proteomics,YDL040C.SMProt,SNPs,SNP_chromosome14_307944_C_T,14,307944,1.81E-06,-0.2966565,0.06163723,0.03217562,Distant
Transcriptomics,YDL042C.RNASeq,SVs,CNV_YLR154C-H_Cov84.75,12,468827,9.88E-13,0.2407804,0.03327193,0.0541585,Distant
Transcriptomics,YDL042C.RNASeq,SNPs,SNP_chromosome7_307084_C_T,7,307084,3.02E-06,0.29180759,0.0620972,0.0480143,Distant
Transcriptomics,YDL043C.RNASeq,SVs,CNV_YLR154W-B_Cov90.25,12,454392,4.27E-08,-0.1865035,0.03374329,0.0349391,Distant
Proteomics,YDL046W.SMProt,SNPs,SNP_chromosome4_592179_A_G,4,592179,3.51E-06,0.3260446,0.06974694,0.05525723,Distant
Transcriptomics,YDL048C.RNASeq,SNPs,SNP_chromosome10_319272_C_T,10,319272,3.20E-06,0.28174174,0.06010784,0.07567438,Distant
Proteomics,YDL052C.SMProt,SNPs,SNP_chromosome15_1032162_T_C,15,1032162,6.59E-06,-0.2010387,0.04428417,0.02965612,Distant
Transcriptomics,YDL053C.RNASeq,SNPs,SNP_chromosome4_370580_C_T,4,370580,1.15E-06,-0.2131219,0.04350752,0.00768009,Local
Transcriptomics,YDL054C.RNASeq,SNPs,SNP_chromosome6_202970_A_G,6,202970,3.79E-06,0.24630517,0.05295249,0.05508497,Distant
Transcriptomics,YDL055C.RNASeq,SNPs,SNP_chromosome4_355467_A_G,4,355467,6.23E-15,-0.285884,0.03602392,0.04239434,Local
Transcriptomics,YDL055C.RNASeq,SNPs,SNP_chromosome4_357529_C_T,4,357529,1.43E-09,0.4313003,0.07051215,0.17254149,Local
Transcriptomics,YDL055C.RNASeq,SNPs,SNP_chromosome10_404952_A_T,10,404952,7.24E-07,-0.3548271,0.07110078,0.06616859,Distant
Proteomics,YDL055C.SCProt,SNPs,SNP_chromosome4_355467_A_G,4,355467,3.05E-08,-0.2041627,0.03652432,0.02123825,Local
Proteomics,YDL055C.SCProt,SNPs,SNP_chromosome4_357312_T_C,4,357312,3.50E-06,-0.1928648,0.04130599,0.02353803,Local
Proteomics,YDL055C.SMProt,SNPs,SNP_chromosome4_355467_A_G,4,355467,1.71E-07,-0.2100273,0.03978334,0.02435699,Local
Proteomics,YDL055C.SMProt,SNPs,SNP_chromosome13_726654_C_T,13,726654,3.72E-07,0.39087955,0.076199,0.09786219,Distant
Proteomics,YDL055C.SMProt,SNPs,SNP_chromosome3_117376_A_G,3,117376,2.84E-06,-0.3083891,0.06534899,0.03342782,Distant
Transcriptomics,YDL056W.RNASeq,SNPs,SNP_chromosome16_420632_T_C,16,420632,6.93E-07,-0.2723339,0.05447679,0.02401087,Distant
Transcriptomics,YDL060W.RNASeq,SNPs,SNP_chromosome7_655851_C_T,7,655851,1.53E-07,0.20572149,0.03887938,0.00770809,Distant
Transcriptomics,YDL063C.RNASeq,SNPs,SNP_chromosome7_655851_C_T,7,655851,2.74E-06,0.18406337,0.03899616,0.00617052,Distant
Transcriptomics,YDL065C.RNASeq,SNPs,SNP_chromosome14_691878_T_C,14,691878,7.72E-08,-0.2207143,0.04073232,0.03796997,Distant
Transcriptomics,YDL065C.RNASeq,SNPs,SNP_chromosome9_395649_G_A,9,395649,4.62E-06,-0.1628295,0.03532241,0.00987093,Distant
Transcriptomics,YDL066W.RNASeq,SVs,CNV_YIL167W_Cov0.25,9,29032,1.01E-06,0.19226861,0.0390505,0.01091674,Distant
Proteomics,YDL066W.SMProt,SNPs,SNP_chromosome16_725524_A_G,16,725524,1.44E-06,-0.2685568,0.05526633,0.01358309,Distant
Proteomics,YDL066W.SMProt,SNPs,SNP_chromosome14_16743_A_G,14,16743,2.99E-06,-0.203426,0.0432043,0.01059644,Distant
Transcriptomics,YDL067C.RNASeq,SNPs,SNP_chromosome16_926181_C_T,16,926181,3.65E-06,-0.1694478,0.03636675,0.01286524,Distant
Transcriptomics,YDL069C.RNASeq,SNPs,SNP_chromosome14_170790_A_G,14,170790,3.58E-06,0.27938881,0.05990485,0.07309124,Distant
Transcriptomics,YDL070W.RNASeq,SVs,SV_5244_DEL_chromosome13_600892_len_-698,13,600892,1.61E-08,0.22437461,0.0393534,0.01812577,Distant
Transcriptomics,YDL072C.RNASeq,SNPs,SNP_chromosome7_655851_C_T,7,655851,1.51E-06,-0.1922154,0.03969554,0.0067292,Distant
Proteomics,YDL072C.SMProt,SVs,CNV_YX01222_Cov0.25,6,272889,5.14E-06,0.23581736,0.05133875,0.01736397,Distant
Transcriptomics,YDL074C.RNASeq,SNPs,SNP_chromosome13_213896_G_C,13,213896,3.59E-06,0.18161574,0.0389468,0.00570807,Distant
Transcriptomics,YDL077C.RNASeq,SNPs,SNP_chromosome7_53416_T_G,7,53416,1.15E-06,-0.1724101,0.03520759,0.01153037,Distant
Proteomics,YDL078C.SCProt,SVs,CNV_YLR178C_Cov0.75,12,513162,9.92E-08,0.19211861,0.03575188,0.03511912,Distant
Proteomics,YDL078C.SMProt,SNPs,SNP_chromosome2_198110_A_G,2,198110,5.25E-06,0.18090821,0.03942404,0.00960438,Distant
Proteomics,YDL078C.SMProt,SNPs,SNP_chromosome14_534041_T_A,14,534041,1.08E-05,0.29490994,0.0665367,0.05001149,Distant
Transcriptomics,YDL082W.RNASeq,SNPs,SNP_chromosome12_585709_A_T,12,585709,9.43E-07,0.21918586,0.04439078,0.03399449,Distant
Proteomics,YDL084W.SCProt,SNPs,SNP_chromosome12_970600_C_T,12,970600,1.38E-07,-0.1848487,0.03479888,0.01054654,Distant
Proteomics,YDL084W.SCProt,SNPs,SNP_chromosome7_580396_A_G,7,580396,3.64E-06,-0.1518218,0.03257368,0.00421122,Distant
Proteomics,YDL084W.SMProt,SNPs,SNP_chromosome4_1073479_T_C,4,1073479,1.61E-06,-0.2872586,0.05938183,0.04654486,Distant
Proteomics,YDL084W.SMProt,SNPs,SNP_chromosome13_331677_G_A,13,331677,4.28E-06,0.20227122,0.04366423,0.007368,Distant
Transcriptomics,YDL085W.RNASeq,SNPs,SNP_chromosome6_240610_T_C,6,240610,5.39E-06,-0.2793251,0.06103293,0.04535045,Distant
Proteomics,YDL086W.SMProt,SNPs,SNP_chromosome4_302259_T_C,4,302259,2.78E-07,0.39088436,0.0753687,0.13218734,Local
Transcriptomics,YDL088C.RNASeq,SNPs,SNP_chromosome11_107231_C_A,11,107231,1.26E-06,-0.185882,0.03809722,0.02294882,Distant
Transcriptomics,YDL089W.RNASeq,SNPs,SNP_chromosome4_297290_A_G,4,297290,1.20E-18,0.36461273,0.04045823,0.10084259,Local
Transcriptomics,YDL089W.RNASeq,SNPs,SNP_chromosome2_198110_A_G,2,198110,5.17E-06,-0.1647178,0.03592055,0.00746981,Distant
Proteomics,YDL092W.SMProt,SNPs,SNP_chromosome16_65188_G_A,16,65188,3.82E-06,0.17950812,0.03854846,0.01543084,Distant
Transcriptomics,YDL093W.RNASeq,SNPs,SNP_chromosome4_456852_T_C,4,456852,5.24E-06,-0.1770848,0.03864308,0.01501964,Distant
Transcriptomics,YDL093W.RNASeq,SNPs,SNP_chromosome4_458036_G_A,4,458036,8.57E-06,0.19358398,0.04324557,0.0313641,Distant
Transcriptomics,YDL094C.RNASeq,SNPs,SNP_chromosome4_289558_T_C,4,289558,1.44E-16,0.30881443,0.03665801,0.05714225,Local
Transcriptomics,YDL094C.RNASeq,SNPs,SNP_chromosome4_289631_T_C,4,289631,2.33E-11,-0.2877165,0.04249862,0.06583301,Local
Transcriptomics,YDL094C.RNASeq,SNPs,SNP_chromosome9_130430_C_T,9,130430,3.17E-06,0.2073623,0.04422237,0.00914543,Distant
Transcriptomics,YDL098C.RNASeq,SNPs,SNP_chromosome9_88522_A_G,9,88522,2.39E-06,-0.25924,0.0545994,0.01024667,Distant
Proteomics,YDL100C.SCProt,SNPs,SNP_chromosome15_317984_T_C,15,317984,8.95E-06,-0.1661141,0.0371798,0.00437683,Distant
Proteomics,YDL100C.SMProt,SNPs,SNP_chromosome5_460737_C_G,5,460737,1.66E-06,0.3017316,0.06245737,0.01514018,Distant
Transcriptomics,YDL103C.RNASeq,SNPs,SNP_chromosome4_275118_T_C,4,275118,1.27E-06,0.29706481,0.06089849,0.05933632,Local
Proteomics,YDL103C.SMProt,SNPs,SNP_chromosome4_275191_T_G,4,275191,1.35E-10,-0.2468837,0.03789015,0.0345156,Local
Transcriptomics,YDL109C.RNASeq,SNPs,SNP_chromosome16_789570_T_G,16,789570,2.79E-06,0.30343566,0.06434006,0.05290964,Distant
Transcriptomics,YDL113C.RNASeq,SNPs,SNP_chromosome8_250490_T_C,8,250490,4.96E-06,-0.2192908,0.04772958,0.00868576,Distant
Transcriptomics,YDL117W.RNASeq,SNPs,SNP_chromosome16_899581_G_A,16,899581,8.53E-07,-0.2283799,0.0460644,0.01684561,Distant
Transcriptomics,YDL117W.RNASeq,SVs,CNV_YX01489_Cov2.75,7,1066398,3.60E-06,-0.1962822,0.04209867,0.01236446,Distant
Transcriptomics,YDL124W.RNASeq,SNPs,SNP_chromosome4_240532_C_A,4,240532,2.83E-14,0.33347584,0.04312627,0.10049469,Local
Transcriptomics,YDL124W.RNASeq,SNPs,SNP_chromosome4_239643_T_C,4,239643,1.53E-13,0.27426312,0.03656378,0.03854473,Local
Transcriptomics,YDL124W.RNASeq,INDELs,INDEL_chromosome4_240005,4,240005,1.14E-08,0.25522621,0.04428769,0.00938906,Local
Transcriptomics,YDL124W.RNASeq,SNPs,SNP_chromosome4_240297_A_G,4,240297,1.59E-07,-0.331796,0.06279222,0.06306273,Local
Transcriptomics,YDL124W.RNASeq,SNPs,SNP_chromosome4_240480_T_C,4,240480,1.59E-07,0.28181771,0.05333881,0.02095493,Local
Transcriptomics,YDL124W.RNASeq,SNPs,SNP_chromosome4_240506_C_A,4,240506,2.80E-07,-0.3395344,0.06559693,0.09962456,Local
Transcriptomics,YDL124W.RNASeq,SNPs,SNP_chromosome4_239573_T_C,4,239573,3.77E-07,-0.1946998,0.03803879,0.0205083,Local
Proteomics,YDL124W.SMProt,SNPs,SNP_chromosome4_239573_T_C,4,239573,8.30E-14,-0.3460293,0.04545107,0.072774,Local
Proteomics,YDL124W.SMProt,SNPs,SNP_chromosome4_239907_C_T,4,239907,1.93E-13,0.335068,0.04470922,0.06247025,Local
Proteomics,YDL124W.SMProt,SNPs,SNP_chromosome4_240532_C_A,4,240532,2.19E-13,0.39053503,0.05223408,0.13918382,Local
Proteomics,YDL124W.SMProt,SNPs,SNP_chromosome4_239892_G_A,4,239892,2.21E-08,0.21034067,0.03718302,0.00802203,Local
Proteomics,YDL124W.SMProt,SNPs,SNP_chromosome12_704386_C_G,12,704386,1.04E-07,-0.4130691,0.07686357,0.16846539,Distant
Proteomics,YDL124W.SMProt,SNPs,SNP_chromosome8_403332_C_A,8,403332,1.58E-06,0.28831567,0.05955554,0.0129773,Distant
Proteomics,YDL124W.SMProt,INDELs,INDEL_chromosome7_1052317,7,1052317,3.30E-06,0.20752917,0.04427086,0.02043755,Distant
Proteomics,YDL124W.SMProt,SNPs,SNP_chromosome7_163260_C_G,7,163260,3.42E-06,0.27101809,0.057911,0.01179669,Distant
Transcriptomics,YDL125C.RNASeq,SNPs,SNP_chromosome4_239643_T_C,4,239643,1.15E-09,0.23478041,0.03815864,0.0282458,Local
Transcriptomics,YDL125C.RNASeq,SNPs,SNP_chromosome4_239462_C_T,4,239462,7.17E-07,-0.3556538,0.07124161,0.10251899,Local
Transcriptomics,YDL125C.RNASeq,SNPs,SNP_chromosome4_240532_C_A,4,240532,4.53E-06,0.20867464,0.04522906,0.03935082,Local
Proteomics,YDL126C.SCProt,SNPs,SNP_chromosome5_56063_C_T,5,56063,2.62E-06,-0.1752908,0.03706131,0.0108541,Distant
Proteomics,YDL126C.SMProt,SNPs,SNP_chromosome13_114469_A_C,13,114469,1.06E-06,0.20228886,0.04109656,0.00900882,Distant
Transcriptomics,YDL127W.RNASeq,SNPs,SNP_chromosome13_238236_T_C,13,238236,2.99E-06,-0.2377897,0.05058022,0.04728803,Distant
Transcriptomics,YDL128W.RNASeq,SNPs,SNP_chromosome8_34545_T_G,8,34545,2.57E-06,0.38023606,0.0803416,0.05262623,Distant
Proteomics,YDL130W.SMProt,SVs,CNV_YX03044_Cov0.25,15,15606,1.76E-06,-0.2214215,0.04595416,0.04689849,Distant
Transcriptomics,YDL131W.RNASeq,SNPs,SNP_chromosome6_202970_A_G,6,202970,2.69E-06,0.25512048,0.0540087,0.05909854,Distant
Proteomics,YDL131W.SMProt,SNPs,SNP_chromosome7_238407_A_G,7,238407,3.56E-06,0.39520794,0.08459759,0.03514189,Distant
Proteomics,YDL131W.SMProt,SNPs,SNP_chromosome16_858824_T_C,16,858824,4.32E-06,0.20262372,0.04375915,0.03502677,Distant
Transcriptomics,YDL132W.RNASeq,SNPs,SNP_chromosome7_458993_C_T,7,458993,4.47E-06,-0.1622391,0.03514086,0.00901125,Distant
Proteomics,YDL135C.SMProt,SNPs,SNP_chromosome9_127998_T_C,9,127998,3.28E-06,0.28077297,0.05988019,0.01780172,Distant
Proteomics,YDL135C.SMProt,SVs,CNV_YDL227C_Cov0.75,4,46271,4.95E-06,0.18353432,0.03988543,0.00787469,Distant
Transcriptomics,YDL136W.RNASeq,SNPs,SNP_chromosome12_585709_A_T,12,585709,1.50E-06,0.21596541,0.04458845,0.03300288,Distant
Transcriptomics,YDL139C.RNASeq,SNPs,SNP_chromosome4_568528_T_C,4,568528,2.46E-06,0.34603733,0.07296595,0.03204588,Distant
Transcriptomics,YDL142C.RNASeq,SNPs,SNP_chromosome15_587140_C_T,15,587140,4.18E-06,-0.1749529,0.0377795,0.01824872,Distant
Proteomics,YDL143W.SCProt,SNPs,SNP_chromosome14_503659_C_T,14,503659,8.19E-08,-0.3484444,0.06441567,0.11166037,Distant
Proteomics,YDL143W.SCProt,SNPs,SNP_chromosome16_654514_A_G,16,654514,6.25E-06,-0.2212483,0.04867022,0.02229802,Distant
Transcriptomics,YDL144C.RNASeq,SVs,CNV_YX01911_Cov1.25,10,7589,5.18E-06,0.17433095,0.03802089,0.02189868,Distant
Transcriptomics,YDL147W.RNASeq,SNPs,SNP_chromosome4_190764_T_C,4,190764,1.83E-07,0.30667595,0.05833065,0.04893227,Local
Proteomics,YDL147W.SCProt,SNPs,SNP_chromosome7_924719_T_C,7,924719,3.63E-07,0.32691607,0.06376447,0.04302233,Distant
Transcriptomics,YDL148C.RNASeq,SNPs,SNP_chromosome7_655851_C_T,7,655851,4.44E-07,0.19212923,0.03777274,0.00672317,Distant
Transcriptomics,YDL153C.RNASeq,SNPs,SNP_chromosome7_655851_C_T,7,655851,1.19E-06,0.18620368,0.0380709,0.00631486,Distant
Transcriptomics,YDL153C.RNASeq,SNPs,SNP_chromosome4_327242_G_A,4,327242,4.79E-06,0.2734214,0.05941574,0.06710248,Distant
Transcriptomics,YDL154W.RNASeq,SNPs,SNP_chromosome4_409324_G_A,4,409324,5.36E-06,0.22667291,0.04951264,0.02099847,Distant
Transcriptomics,YDL155W.RNASeq,SNPs,SNP_chromosome16_428330_C_T,16,428330,1.21E-06,-0.3173956,0.06495026,0.09168033,Distant
Transcriptomics,YDL157C.RNASeq,INDELs,INDEL_chromosome4_174131,4,174131,3.73E-10,0.25888642,0.04085794,0.05008526,Local
Transcriptomics,YDL157C.RNASeq,SNPs,SNP_chromosome4_174546_C_T,4,174546,3.01E-09,0.224757,0.03751279,0.03223981,Local
Transcriptomics,YDL159W.RNASeq,SNPs,SNP_chromosome4_174089_G_A,4,174089,2.87E-06,-0.253501,0.05382303,0.05718286,Local
Transcriptomics,YDL160C-A.RNASeq,SVs,CNV_YDL227C_Cov0.75,4,46271,2.36E-10,0.22124608,0.03451855,0.01243769,Distant
Transcriptomics,YDL160C-A.RNASeq,SNPs,SNP_chromosome10_448281_A_G,10,448281,2.28E-07,0.23463527,0.04498854,0.00824954,Distant
Transcriptomics,YDL160C-A.RNASeq,SVs,CNV_YX00433_Cov1.25,3,190232,7.61E-07,0.16991356,0.03411494,0.01675347,Distant
Transcriptomics,YDL160C-A.RNASeq,SNPs,SNP_chromosome4_540249_G_C,4,540249,7.40E-06,0.19812672,0.04394635,0.01568978,Distant
Transcriptomics,YDL160C.RNASeq,SNPs,SNP_chromosome4_170349_G_A,4,170349,5.72E-08,0.33506377,0.06121129,0.10341095,Local
Transcriptomics,YDL160C.RNASeq,SNPs,SNP_chromosome4_174089_G_A,4,174089,2.20E-07,-0.2786784,0.05336739,0.06910558,Local
Transcriptomics,YDL160C.RNASeq,SNPs,SNP_chromosome11_303165_C_T,11,303165,2.10E-06,0.30720203,0.06434001,0.08835544,Distant
Transcriptomics,YDL165W.RNASeq,SVs,CNV_YIR043C_Cov0.25,9,437043,3.85E-06,-0.1739588,0.03742419,0.02222451,Distant
Transcriptomics,YDL165W.RNASeq,SNPs,SNP_chromosome9_114834_T_C,9,114834,4.15E-06,0.16271112,0.03512477,0.0071071,Distant
Transcriptomics,YDL168W.RNASeq,SNPs,SNP_chromosome4_159428_T_C,4,159428,1.45E-61,-0.7026052,0.03922103,0.34178406,Local
Transcriptomics,YDL168W.RNASeq,SNPs,SNP_chromosome4_159505_T_C,4,159505,2.58E-15,-0.4250168,0.0527822,0.1683234,Local
Transcriptomics,YDL168W.RNASeq,SNPs,SNP_chromosome4_159190_A_G,4,159190,2.52E-11,-0.390897,0.05784229,0.07378224,Local
Transcriptomics,YDL168W.RNASeq,SNPs,SNP_chromosome4_158749_C_T,4,158749,1.17E-08,-0.2936539,0.05100332,0.01568956,Local
Transcriptomics,YDL168W.RNASeq,SNPs,SNP_chromosome4_159017_A_G,4,159017,5.94E-08,-0.2915462,0.0533297,0.02894234,Local
Transcriptomics,YDL168W.RNASeq,SNPs,SNP_chromosome4_160513_G_C,4,160513,1.09E-07,0.3813597,0.07120941,0.05996374,Local
Transcriptomics,YDL168W.RNASeq,SNPs,SNP_chromosome4_159051_T_C,4,159051,2.06E-07,-0.2897987,0.05535773,0.02640932,Local
Transcriptomics,YDL168W.RNASeq,SNPs,SNP_chromosome7_1065808_A_T,7,1065808,2.84E-06,-0.226142,0.04799206,0.01088557,Distant
Proteomics,YDL168W.SCProt,SNPs,SNP_chromosome4_159428_T_C,4,159428,2.01E-39,-0.5992508,0.04334714,0.2471025,Local
Proteomics,YDL168W.SCProt,SNPs,SNP_chromosome4_159505_T_C,4,159505,3.28E-14,-0.4581667,0.05937309,0.1962141,Local
Proteomics,YDL168W.SCProt,SNPs,SNP_chromosome4_159190_A_G,4,159190,5.93E-08,-0.3624076,0.06626629,0.06411126,Local
Proteomics,YDL168W.SCProt,SNPs,SNP_chromosome4_158749_C_T,4,158749,9.84E-08,-0.3225131,0.06000055,0.01998811,Local
Proteomics,YDL168W.SCProt,SNPs,SNP_chromosome4_159017_A_G,4,159017,2.71E-07,-0.3182705,0.06139545,0.03451781,Local
Proteomics,YDL168W.SCProt,SNPs,SNP_chromosome4_173776_C_T,4,173776,1.69E-06,0.29616943,0.06143725,0.04676249,Local
Proteomics,YDL168W.SMProt,SNPs,SNP_chromosome4_159428_T_C,4,159428,5.94E-48,-0.6681761,0.0426195,0.31217874,Local
Proteomics,YDL168W.SMProt,SNPs,SNP_chromosome4_159505_T_C,4,159505,1.32E-13,-0.4289874,0.05683394,0.17042925,Local
Proteomics,YDL168W.SMProt,SNPs,SNP_chromosome4_159190_A_G,4,159190,1.70E-09,-0.3808172,0.06240834,0.06697354,Local
Proteomics,YDL168W.SMProt,SNPs,SNP_chromosome4_159051_T_C,4,159051,3.07E-09,-0.4077247,0.06792943,0.05309702,Local
Proteomics,YDL168W.SMProt,SNPs,SNP_chromosome4_158749_C_T,4,158749,6.10E-09,-0.3810779,0.06476361,0.03074267,Local
Proteomics,YDL168W.SMProt,SNPs,SNP_chromosome4_158966_T_C,4,158966,6.23E-09,0.47195209,0.08025695,0.1227591,Local
Proteomics,YDL168W.SMProt,SNPs,SNP_chromosome4_157148_T_C,4,157148,2.83E-06,-0.3181053,0.06739531,0.04848025,Local
Proteomics,YDL168W.SMProt,SNPs,SNP_chromosome4_159017_A_G,4,159017,3.57E-06,-0.3018506,0.06462505,0.03143117,Local
Proteomics,YDL173W.SMProt,SNPs,SNP_chromosome4_241739_A_G,4,241739,1.23E-07,0.27864179,0.05216164,0.01150834,Distant
Proteomics,YDL173W.SMProt,SNPs,SNP_chromosome4_406981_A_G,4,406981,2.90E-07,0.28938421,0.05588252,0.01361133,Distant
Transcriptomics,YDL174C.RNASeq,SNPs,SNP_chromosome4_146231_T_A,4,146231,5.82E-06,-0.1923347,0.04217559,0.00882549,Local
Proteomics,YDL174C.SMProt,SNPs,SNP_chromosome15_614209_T_C,15,614209,2.13E-07,0.37136401,0.07090568,0.0296056,Distant
Proteomics,YDL174C.SMProt,SVs,CNV_YX00363_Cov2.75,2,791936,1.11E-06,0.1921689,0.03911319,0.03439215,Distant
Transcriptomics,YDL175C.RNASeq,SNPs,SNP_chromosome15_176350_G_A,15,176350,2.83E-07,0.2954014,0.05709074,0.01686492,Distant
Transcriptomics,YDL175C.RNASeq,SNPs,SNP_chromosome12_250030_C_T,12,250030,1.12E-06,0.24213003,0.04939129,0.01827891,Distant
Transcriptomics,YDL176W.RNASeq,SVs,CNV_YX02249_Cov0.25,11,618964,1.91E-06,0.2900118,0.06048592,0.07776068,Distant
Transcriptomics,YDL178W.RNASeq,SNPs,SNP_chromosome14_170790_A_G,14,170790,8.29E-06,-0.2771502,0.06181189,0.07192462,Distant
Proteomics,YDL178W.SMProt,SNPs,SNP_chromosome4_139426_C_A,4,139426,2.97E-06,0.29800348,0.06327422,0.08171538,Local
Transcriptomics,YDL180W.RNASeq,SNPs,SNP_chromosome12_250030_C_T,12,250030,1.90E-06,0.23804274,0.04963352,0.017667,Distant
Proteomics,YDL181W.SCProt,SNPs,SNP_chromosome16_726386_C_T,16,726386,5.50E-06,0.26570236,0.05809741,0.05777266,Distant
Proteomics,YDL181W.SMProt,INDELs,INDEL_chromosome11_232038,11,232038,2.13E-06,-0.3775522,0.07899755,0.13561569,Distant
Proteomics,YDL181W.SMProt,SNPs,SNP_chromosome8_295078_T_A,8,295078,3.08E-06,-0.2029908,0.04316923,0.01306223,Distant
Proteomics,YDL182W.SCProt,SVs,CNV_YX00363_Cov1.25,2,791936,3.35E-06,-0.2050787,0.04383041,0.01241715,Distant
Proteomics,YDL182W.SMProt,SNPs,SNP_chromosome16_858824_T_C,16,858824,3.12E-07,0.2544053,0.04926441,0.05673658,Distant
Proteomics,YDL182W.SMProt,SVs,SV_3137_DUP_chromosome8_212057_len_1931,8,212057,3.65E-07,0.18923221,0.03686184,0.02052187,Distant
Transcriptomics,YDL183C.RNASeq,SNPs,SNP_chromosome15_163690_C_T,15,163690,5.16E-06,-0.2645066,0.0576772,0.05813405,Distant
Transcriptomics,YDL185C-A.RNASeq,SVs,SV_1071_DEL_chromosome4_127638_len_-1360,4,127638,9.54E-08,0.21570371,0.04009733,0.03470856,Local
Transcriptomics,YDL185C-A.RNASeq,SVs,CNV_YDL185W_Cov0.75,4,126787,8.68E-07,0.20938861,0.04226363,0.0363956,Local
Proteomics,YDL185W.SCProt,SNPs,SNP_chromosome13_348518_G_A,13,348518,1.77E-06,-0.1767605,0.03673653,0.0137242,Distant
Transcriptomics,YDL188C.RNASeq,SNPs,SNP_chromosome7_161090_A_G,7,161090,6.09E-07,0.30198539,0.06010151,0.03376499,Distant
Transcriptomics,YDL193W.RNASeq,INDELs,INDEL_chromosome7_745750,7,745750,6.87E-07,-0.328684,0.06572478,0.09096402,Distant
Proteomics,YDL195W.SCProt,SNPs,SNP_chromosome16_171729_T_C,16,171729,1.05E-06,-0.285664,0.05809712,0.0758938,Distant
Transcriptomics,YDL196W.RNASeq,SNPs,SNP_chromosome4_105289_T_C,4,105289,9.79E-08,-0.2905136,0.05405207,0.0499619,Local
Proteomics,YDL198C.SCProt,SNPs,SNP_chromosome4_864201_C_G,4,864201,1.68E-06,0.16831707,0.0349056,0.00501404,Distant
Proteomics,YDL198C.SMProt,SVs,CNV_YLR154C-H_Cov76.75,12,468827,4.24E-06,-0.159979,0.03451967,0.02598031,Distant
Transcriptomics,YDL202W.RNASeq,SNPs,SNP_chromosome4_836436_T_C,4,836436,2.17E-06,0.24450201,0.05127775,0.05515636,Distant
Proteomics,YDL204W.SMProt,SNPs,SNP_chromosome16_233841_C_T,16,233841,9.13E-07,-0.2279438,0.04602939,0.03368436,Distant
Transcriptomics,YDL208W.RNASeq,SNPs,SNP_chromosome13_213896_G_C,13,213896,3.49E-06,0.18336315,0.03927341,0.00581844,Distant
Proteomics,YDL208W.SCProt,SNPs,SNP_chromosome10_420497_G_C,10,420497,4.78E-06,-0.2192075,0.04761781,0.03839206,Distant
Proteomics,YDL208W.SMProt,SNPs,SNP_chromosome4_1278950_A_G,4,1278950,2.94E-06,0.17533523,0.03721332,0.00613418,Distant
Transcriptomics,YDL210W.RNASeq,SVs,SV_1064_INS_chromosome4_83414_len_5957_TyRelated,4,83414,1.51E-08,0.20579805,0.03601917,0.02600644,Local
Transcriptomics,YDL213C.RNASeq,SNPs,SNP_chromosome13_213896_G_C,13,213896,1.68E-06,0.18796,0.03899267,0.00611383,Distant
Transcriptomics,YDL213C.RNASeq,SNPs,SNP_chromosome2_93721_G_A,2,93721,7.22E-06,0.17075694,0.03783122,0.00755886,Distant
Transcriptomics,YDL215C.RNASeq,SNPs,SNP_chromosome4_1288278_G_A,4,1288278,2.37E-06,-0.2225288,0.0468463,0.00930365,Distant
Transcriptomics,YDL216C.RNASeq,SNPs,SNP_chromosome4_68911_A_C,4,68911,4.54E-09,-0.2128677,0.03594674,0.02523786,Local
Transcriptomics,YDL218W.RNASeq,SNPs,SNP_chromosome16_367109_T_C,16,367109,1.47E-06,-0.2734547,0.05639965,0.02203109,Distant
Transcriptomics,YDL221W.RNASeq,SNPs,SNP_chromosome4_63228_G_C,4,63228,2.99E-12,0.42771099,0.06022345,0.09614252,Local
Transcriptomics,YDL221W.RNASeq,SNPs,SNP_chromosome7_907935_C_T,7,907935,2.31E-06,0.28774152,0.06040325,0.01329206,Distant
Transcriptomics,YDL224C.RNASeq,SVs,SV_938_INS_chromosome3_295227_len_399_TyRelated,3,295227,5.89E-06,0.18117205,0.0397502,0.0242339,Distant
Proteomics,YDL225W.SMProt,SVs,CNV_YDL227C_Cov0.75,4,46271,5.23E-06,0.18774309,0.04090587,0.00841487,Local
Proteomics,YDL226C.SMProt,SNPs,SNP_chromosome12_425109_C_G,12,425109,6.63E-07,0.28104283,0.05602856,0.02810723,Distant
Proteomics,YDL226C.SMProt,SVs,CNV_YDL227C_Cov0.75,4,46271,7.77E-07,0.1979331,0.03971098,0.009206,Local
Proteomics,YDL226C.SMProt,SNPs,SNP_chromosome8_53413_A_C,8,53413,1.18E-06,0.28402855,0.05796473,0.01731541,Distant
Proteomics,YDL226C.SMProt,SNPs,SNP_chromosome7_907935_C_T,7,907935,2.66E-06,0.28676491,0.06058989,0.01151115,Distant
Proteomics,YDL229W.SCProt,SNPs,SNP_chromosome15_81792_A_G,15,81792,3.02E-06,-0.2348518,0.04996795,0.01420384,Distant
Proteomics,YDL229W.SMProt,SVs,CNV_YDL227C_Cov0.75,4,46271,6.56E-08,0.22045769,0.04038228,0.01136813,Local
Proteomics,YDL229W.SMProt,SVs,CNV_YFL067W_Cov0.75,6,836,3.56E-06,-0.1910813,0.04090362,0.00768623,Distant
Proteomics,YDL229W.SMProt,SNPs,SNP_chromosome8_423426_G_A,8,423426,5.12E-06,-0.3585136,0.07803956,0.05700104,Distant
Transcriptomics,YDL230W.RNASeq,INDELs,INDEL_chromosome4_42599,4,42599,9.84E-77,0.74194444,0.03623189,0.41236338,Local
Transcriptomics,YDL230W.RNASeq,SNPs,SNP_chromosome4_42970_G_A,4,42970,2.07E-09,-0.285829,0.04721042,0.06174181,Local
Transcriptomics,YDL230W.RNASeq,SNPs,SNP_chromosome4_43611_G_A,4,43611,6.29E-09,0.30542627,0.05207102,0.087385,Local
Transcriptomics,YDL230W.RNASeq,SNPs,SNP_chromosome9_398993_G_A,9,398993,1.50E-08,-0.2193126,0.03837801,0.02333343,Distant
Transcriptomics,YDL230W.RNASeq,SNPs,SNP_chromosome4_42021_T_C,4,42021,2.00E-08,-0.1980115,0.03496297,0.00995215,Local
Transcriptomics,YDL230W.RNASeq,SNPs,SNP_chromosome4_43708_A_T,4,43708,3.22E-07,-0.1749018,0.03396958,0.00671717,Local
Transcriptomics,YDL230W.RNASeq,SNPs,SNP_chromosome4_41747_A_T,4,41747,4.11E-07,-0.1863338,0.03652415,0.00981701,Local
Transcriptomics,YDL230W.RNASeq,SNPs,SNP_chromosome16_590543_G_C,16,590543,1.88E-06,0.16314813,0.03400474,0.00631512,Distant
Transcriptomics,YDL230W.RNASeq,SNPs,SNP_chromosome12_988473_G_C,12,988473,4.00E-06,0.17817284,0.03839549,0.00606597,Distant
Transcriptomics,YDL230W.RNASeq,SNPs,SNP_chromosome7_196338_C_T,7,196338,5.08E-06,0.17843674,0.03887937,0.0132975,Distant
Transcriptomics,YDL230W.RNASeq,SNPs,SNP_chromosome16_482109_T_C,16,482109,7.41E-06,-0.1518513,0.0336841,0.0079689,Distant
Transcriptomics,YDL230W.RNASeq,SNPs,SNP_chromosome9_399281_T_C,9,399281,1.07E-05,-0.1819821,0.04109491,0.02553569,Distant
Transcriptomics,YDL231C.RNASeq,SNPs,SNP_chromosome14_425075_C_T,14,425075,1.11E-06,0.38359543,0.07820901,0.13142606,Distant
Transcriptomics,YDL233W.RNASeq,INDELs,INDEL_chromosome4_36808,4,36808,4.53E-06,0.294236,0.06376992,0.01700487,Local
Proteomics,YDL236W.SMProt,SNPs,SNP_chromosome11_326668_C_G,11,326668,8.46E-07,0.26052782,0.0524481,0.02120412,Distant
Transcriptomics,YDL237W.RNASeq,SVs,CNV_YJR148W_Cov1.25,10,705744,4.78E-07,0.18172682,0.0358269,0.00648658,Distant
Transcriptomics,YDL239C.RNASeq,SNPs,SNP_chromosome4_29654_C_T,4,29654,3.95E-07,-0.3288334,0.06435542,0.0979184,Local
Transcriptomics,YDL240W.RNASeq,SVs,CNV_YDL227C_Cov0.75,4,46271,2.03E-08,0.20399618,0.03603462,0.01057384,Local
Transcriptomics,YDL241W.RNASeq,SNPs,SNP_chromosome9_63391_T_A,9,63391,2.40E-06,0.16382258,0.034492,0.00698753,Distant
Transcriptomics,YDL242W.RNASeq,SVs,CNV_YX00571_Cov0.25,4,16909,2.86E-14,-0.3883255,0.05021775,0.13318458,Local
Transcriptomics,YDL242W.RNASeq,INDELs,INDEL_chromosome4_21056,4,21056,1.68E-11,-0.3866408,0.05668699,0.13142283,Local
Transcriptomics,YDL242W.RNASeq,SNPs,SNP_chromosome4_21893_T_A,4,21893,3.95E-09,-0.3543951,0.0596009,0.11277752,Local
Transcriptomics,YDL242W.RNASeq,SNPs,SNP_chromosome4_24643_T_C,4,24643,3.43E-06,-0.2064601,0.04418184,0.0246245,Local
Transcriptomics,YDL242W.RNASeq,SNPs,SNP_chromosome4_599181_C_T,4,599181,4.90E-06,-0.2278916,0.0495718,0.04269209,Distant
Transcriptomics,YDL245C.RNASeq,SVs,CNV_YJR157W_Cov0.25,10,730515,1.08E-44,-0.489951,0.03302009,0.17656496,Distant
Transcriptomics,YDL245C.RNASeq,SVs,CNV_YX00557_Cov0.25,4,5667,5.09E-40,-0.5131301,0.03686028,0.21212605,Local
Transcriptomics,YDL245C.RNASeq,SVs,CNV_YDL245C_Cov1.75,4,11657,1.26E-13,0.22604209,0.03002793,0.02443951,Local
Transcriptomics,YDL245C.RNASeq,SVs,CNV_YDL248W_Cov0.25,4,1802,8.80E-13,0.24039282,0.03314238,0.05787479,Local
Transcriptomics,YDL245C.RNASeq,SVs,SV_1009_DEL_chromosome4_2941_len_-12864,4,2941,1.16E-11,-0.1916206,0.02787267,0.01180117,Local
Transcriptomics,YDL245C.RNASeq,SVs,CNV_YFL059W_Cov2.25,6,11363,2.33E-08,-0.1860949,0.0330161,0.03098869,Distant
Transcriptomics,YDL245C.RNASeq,SVs,CNV_YX02094_Cov2.25,10,713736,5.96E-08,-0.1735939,0.0317578,0.02373288,Distant
Transcriptomics,YDL245C.RNASeq,SVs,CNV_YIL096C_Cov1.25,9,182117,1.91E-06,0.17887921,0.03730612,0.01051657,Distant
Transcriptomics,YDL245C.RNASeq,SNPs,SNP_chromosome4_543872_C_A,4,543872,1.93E-06,0.20202351,0.04215901,0.00691855,Distant
Transcriptomics,YDL245C.RNASeq,SNPs,SNP_chromosome10_421684_G_T,10,421684,2.29E-06,-0.4008653,0.08426651,0.03370745,Distant
Transcriptomics,YDL246C.RNASeq,SVs,CNV_YX00557_Cov0.25,4,5667,7.85E-67,-0.6282812,0.03338291,0.35625916,Local
Transcriptomics,YDL246C.RNASeq,SVs,CNV_YJR157W_Cov0.25,10,730515,8.96E-62,-0.5432288,0.03026287,0.24315524,Distant
Transcriptomics,YDL246C.RNASeq,SVs,CNV_YDL247W_Cov1.25,4,5985,1.34E-25,0.29717425,0.02754253,0.06055405,Local
Transcriptomics,YDL246C.RNASeq,SVs,CNV_YDL248W_Cov0.25,4,1802,1.73E-18,0.28031332,0.03125658,0.08815619,Local
Transcriptomics,YDL246C.RNASeq,SVs,CNV_YX02094_Cov2.25,10,713736,1.90E-08,-0.1704429,0.03004693,0.02563059,Distant
Transcriptomics,YDL246C.RNASeq,SVs,SV_1009_DEL_chromosome4_2941_len_-12864,4,2941,1.19E-07,-0.1385512,0.02595224,0.00691162,Local
Transcriptomics,YDL246C.RNASeq,SVs,CNV_YFL060C_Cov2.75,6,10301,2.37E-07,-0.1310867,0.02517,0.00714817,Distant
Transcriptomics,YDL246C.RNASeq,SVs,CNV_YX02122_Cov1.25,10,754018,3.89E-07,0.1502496,0.02938866,0.01746016,Distant
Transcriptomics,YDL246C.RNASeq,SVs,CNV_YFL059W_Cov2.25,6,11363,4.81E-07,-0.1597616,0.03150539,0.02558573,Distant
Transcriptomics,YDL246C.RNASeq,SVs,CNV_YX02817_Cov2.75,13,981490,6.97E-07,-0.1557245,0.03115797,0.02088275,Distant
Transcriptomics,YDL246C.RNASeq,SNPs,SNP_chromosome11_523712_T_C,11,523712,2.09E-06,-0.1775467,0.03717259,0.01059556,Distant
Transcriptomics,YDL246C.RNASeq,SNPs,SNP_chromosome7_1038817_C_T,7,1038817,7.23E-06,0.14277894,0.03163511,0.00477646,Distant
Transcriptomics,YDL247W.RNASeq,SVs,CNV_YDL245C_Cov1.75,4,11657,2.08E-27,0.46654917,0.04111451,0.12404431,Local
Transcriptomics,YDL247W.RNASeq,SVs,CNV_YJR157W_Cov1.75,10,730515,2.37E-22,0.42364658,0.0420112,0.10227969,Distant
Transcriptomics,YDL247W.RNASeq,SVs,CNV_YDL248W_Cov1.25,4,1802,4.75E-08,0.20982807,0.03798311,0.02002679,Local
Transcriptomics,YDL247W.RNASeq,SVs,SV_1009_DEL_chromosome4_2941_len_-12864,4,2941,3.73E-07,-0.1884843,0.03671352,0.0024055,Local
Transcriptomics,YDL247W.RNASeq,SVs,CNV_YX02829_Cov0.75,14,2103,1.26E-06,0.22883354,0.04679119,0.04804931,Distant
Transcriptomics,YDL247W.RNASeq,SVs,CNV_YX02094_Cov1.25,10,713736,1.54E-06,0.21443009,0.04421786,0.02760052,Distant
Transcriptomics,YDL248W.RNASeq,SNPs,SNP_chromosome13_9755_C_T,13,9755,1.84E-18,0.60563205,0.06758428,0.30175976,Distant
Transcriptomics,YDL248W.RNASeq,INDELs,INDEL_chromosome13_8440,13,8440,8.56E-17,0.55418635,0.06528041,0.24978495,Distant
Transcriptomics,YDL248W.RNASeq,SVs,CNV_YX02588_Cov0.75,13,17919,1.36E-14,0.42948272,0.0548415,0.15394324,Distant
Transcriptomics,YDL248W.RNASeq,SVs,CNV_YDL248W_Cov0.75,4,1802,5.38E-10,0.20898578,0.03329553,0.0390855,Local
Transcriptomics,YDL248W.RNASeq,SNPs,SNP_chromosome5_306617_A_G,5,306617,1.40E-08,-0.260935,0.04556477,0.00997051,Distant
Transcriptomics,YDL248W.RNASeq,SNPs,SNP_chromosome13_8673_C_T,13,8673,2.59E-08,0.28848328,0.05135984,0.03712423,Distant
Transcriptomics,YDL248W.RNASeq,SNPs,SNP_chromosome11_88493_C_T,11,88493,3.67E-06,-0.1664181,0.03572238,0.00461753,Distant
Transcriptomics,YDR002W.RNASeq,SNPs,SNP_chromosome4_452728_T_C,4,452728,1.47E-06,0.34283108,0.07071114,0.09551423,Local
Transcriptomics,YDR007W.RNASeq,SNPs,SNP_chromosome4_449612_A_G,4,449612,1.01E-07,0.29101721,0.05419734,0.032986,Local
Transcriptomics,YDR007W.RNASeq,SNPs,SNP_chromosome11_147892_T_A,11,147892,2.71E-06,0.31635453,0.06699047,0.09435305,Distant
Transcriptomics,YDR007W.RNASeq,SNPs,SNP_chromosome4_449521_A_G,4,449521,4.69E-06,-0.2970072,0.06447708,0.08016273,Local
Transcriptomics,YDR011W.RNASeq,SNPs,SNP_chromosome13_433403_T_C,13,433403,6.28E-07,-0.1981677,0.03948728,0.024314,Distant
Proteomics,YDR019C.SCProt,SNPs,SNP_chromosome7_885330_C_T,7,885330,5.96E-06,-0.3329171,0.07307285,0.05070934,Distant
Proteomics,YDR019C.SMProt,SNPs,SNP_chromosome7_686910_G_A,7,686910,3.95E-06,0.2813923,0.06051749,0.02550063,Distant
Transcriptomics,YDR022C.RNASeq,SNPs,SNP_chromosome2_117085_T_G,2,117085,1.08E-06,0.25926431,0.05279908,0.02369086,Distant
Transcriptomics,YDR023W.RNASeq,SNPs,SNP_chromosome5_39664_C_T,5,39664,2.91E-06,0.32110556,0.06821793,0.09090922,Distant
Transcriptomics,YDR023W.RNASeq,SNPs,SNP_chromosome4_848316_A_G,4,848316,4.19E-06,0.18564977,0.04009537,0.01762219,Distant
Proteomics,YDR023W.SMProt,SNPs,SNP_chromosome4_489556_C_T,4,489556,8.04E-07,0.35670264,0.07166285,0.09802668,Local
Proteomics,YDR023W.SMProt,SNPs,SNP_chromosome5_46989_T_C,5,46989,1.72E-06,-0.3894457,0.08074411,0.08779811,Distant
Proteomics,YDR023W.SMProt,INDELs,INDEL_chromosome4_422107,4,422107,3.17E-06,0.37372779,0.07957825,0.11869071,Distant
Transcriptomics,YDR025W.RNASeq,SNPs,SNP_chromosome12_585709_A_T,12,585709,4.18E-07,0.22400704,0.04393624,0.03550641,Distant
Transcriptomics,YDR026C.RNASeq,SNPs,SNP_chromosome14_471767_A_G,14,471767,5.06E-06,0.210795,0.04592085,0.01223345,Distant
Transcriptomics,YDR031W.RNASeq,SVs,CNV_YBR300C_Cov2.25,2,808600,6.27E-07,0.21656091,0.04314872,0.04638104,Distant
Proteomics,YDR032C.SMProt,SVs,SV_2291_CONTR_chromosome6_178166_len_141,6,178166,1.70E-07,0.20987489,0.03974321,0.03827279,Distant
Transcriptomics,YDR033W.RNASeq,SNPs,SNP_chromosome4_507718_A_T,4,507718,1.01E-19,-0.4888562,0.05254349,0.2040996,Local
Transcriptomics,YDR033W.RNASeq,SNPs,SNP_chromosome4_507490_G_A,4,507490,1.43E-08,0.19801193,0.03459914,0.00584054,Local
Proteomics,YDR033W.SMProt,SNPs,SNP_chromosome4_507718_A_T,4,507718,5.46E-13,-0.4532337,0.06169367,0.17987286,Local
Proteomics,YDR033W.SMProt,SVs,CNV_YAR003W_Cov1.25,1,155005,4.19E-06,0.18372879,0.0396239,0.01611939,Distant
Proteomics,YDR035W.SMProt,SNPs,SNP_chromosome4_521623_C_T,4,521623,3.94E-08,0.26768764,0.04820634,0.04518935,Local
Transcriptomics,YDR036C.RNASeq,SVs,CNV_YDR036C_Cov0.75,4,523211,6.89E-13,-0.3335419,0.04545516,0.04343409,Local
Transcriptomics,YDR036C.RNASeq,SNPs,SNP_chromosome4_524228_A_G,4,524228,5.07E-10,-0.2957506,0.04680571,0.00975643,Local
Transcriptomics,YDR036C.RNASeq,INDELs,INDEL_chromosome4_525363,4,525363,5.25E-09,-0.2780233,0.04693603,0.00712145,Local
Transcriptomics,YDR037W.RNASeq,SNPs,SNP_chromosome4_524228_A_G,4,524228,5.72E-07,-0.2430488,0.04809357,0.00773948,Local
Transcriptomics,YDR038C.RNASeq,SVs,CNV_YDR038C_Cov2.25,4,527422,1.22E-51,0.52285456,0.03155419,0.2203867,Local
Transcriptomics,YDR038C.RNASeq,SVs,SV_1264_DEL_chromosome4_530731_len_-4477,4,530731,3.94E-37,0.49849965,0.03670568,0.18930903,Local
Transcriptomics,YDR038C.RNASeq,SNPs,SNP_chromosome16_824813_C_T,16,824813,1.44E-09,0.23783176,0.03873484,0.00278171,Distant
Transcriptomics,YDR038C.RNASeq,SNPs,SNP_chromosome8_510650_A_G,8,510650,5.14E-09,-0.4479528,0.07562977,0.05830282,Distant
Transcriptomics,YDR038C.RNASeq,SNPs,SNP_chromosome16_834570_T_G,16,834570,4.44E-08,0.2757936,0.04979513,0.00575122,Distant
Transcriptomics,YDR038C.RNASeq,SNPs,SNP_chromosome4_1272576_G_A,4,1272576,1.18E-07,0.23486095,0.04384999,0.00337121,Distant
Transcriptomics,YDR038C.RNASeq,SNPs,SNP_chromosome16_838020_C_T,16,838020,2.36E-07,0.22562914,0.04318685,0.00281213,Distant
Transcriptomics,YDR038C.RNASeq,SNPs,SNP_chromosome1_66168_T_G,1,66168,5.44E-07,0.31620972,0.06247844,0.01521767,Distant
Transcriptomics,YDR038C.RNASeq,SNPs,SNP_chromosome16_823381_C_T,16,823381,5.63E-07,0.26637982,0.05270178,0.00748211,Distant
Transcriptomics,YDR038C.RNASeq,SNPs,SNP_chromosome9_346836_A_G,9,346836,6.84E-07,-0.2009004,0.04005385,0.01703571,Distant
Transcriptomics,YDR038C.RNASeq,SNPs,SNP_chromosome16_834026_C_T,16,834026,7.53E-07,0.23272099,0.04657729,0.00401957,Distant
Transcriptomics,YDR038C.RNASeq,SNPs,SNP_chromosome6_100094_C_T,6,100094,8.95E-07,-0.1915665,0.03860809,0.0016467,Distant
Transcriptomics,YDR038C.RNASeq,SNPs,SNP_chromosome16_491534_C_T,16,491534,4.25E-06,-0.2032631,0.04381911,0.01683235,Distant
Transcriptomics,YDR038C.RNASeq,SNPs,SNP_chromosome16_836997_T_C,16,836997,5.66E-06,0.20436733,0.04465203,0.00338904,Distant
Transcriptomics,YDR039C.RNASeq,SVs,CNV_YDR038C_Cov2.25,4,527422,1.09E-49,0.42848171,0.02714924,0.11862125,Local
Transcriptomics,YDR039C.RNASeq,SVs,SV_1264_DEL_chromosome4_530731_len_-4477,4,530731,3.66E-36,0.46073699,0.03507863,0.19117432,Local
Transcriptomics,YDR039C.RNASeq,INDELs,INDEL_chromosome4_539002,4,539002,4.28E-10,0.38152493,0.0604258,0.05539111,Local
Transcriptomics,YDR039C.RNASeq,SNPs,SNP_chromosome8_510650_A_G,8,510650,4.62E-09,-0.3599724,0.06081922,0.02798249,Distant
Transcriptomics,YDR040C.RNASeq,SVs,CNV_YDR038C_Cov2.25,4,527422,1.33E-36,0.37525666,0.02837389,0.09098185,Local
Transcriptomics,YDR040C.RNASeq,SVs,SV_1264_DEL_chromosome4_530731_len_-4477,4,530731,2.64E-29,0.42270714,0.03628277,0.16091723,Local
Transcriptomics,YDR040C.RNASeq,INDELs,INDEL_chromosome4_539002,4,539002,6.09E-15,0.46276486,0.05829145,0.08149199,Local
Transcriptomics,YDR040C.RNASeq,SNPs,SNP_chromosome8_510650_A_G,8,510650,7.91E-09,-0.3593611,0.06168043,0.02788752,Distant
Transcriptomics,YDR041W.RNASeq,INDELs,INDEL_chromosome4_539002,4,539002,4.35E-06,0.27355234,0.05918021,0.02847574,Local
Transcriptomics,YDR042C.RNASeq,SNPs,SNP_chromosome12_950780_C_A,12,950780,2.88E-06,0.23573365,0.05005968,0.01307661,Distant
Transcriptomics,YDR044W.RNASeq,SNPs,SNP_chromosome3_148793_C_T,3,148793,1.80E-07,-0.2926511,0.05563771,0.01672383,Distant
Transcriptomics,YDR044W.RNASeq,INDELs,INDEL_chromosome3_148918,3,148918,1.80E-07,-0.2926511,0.05563771,0.01672383,Distant
Transcriptomics,YDR044W.RNASeq,SVs,SV_2401_INS_chromosome7_74054_len_5957_TyRelated,7,74054,7.46E-06,0.16485484,0.03658049,0.00570346,Distant
Transcriptomics,YDR044W.RNASeq,SVs,SV_4990_TRA_chromosome13_6184_len_8381,13,6184,8.49E-06,0.16649715,0.03717785,0.01774695,Distant
Proteomics,YDR044W.SMProt,SNPs,SNP_chromosome12_673355_T_A,12,673355,2.71E-06,0.27565331,0.05829145,0.07274552,Distant
Transcriptomics,YDR045C.RNASeq,SNPs,SNP_chromosome5_295532_A_G,5,295532,1.25E-06,0.20247421,0.04148492,0.00656397,Distant
Transcriptomics,YDR047W.RNASeq,SNPs,SNP_chromosome4_551764_A_C,4,551764,7.38E-14,0.43855701,0.0576925,0.17673284,Local
Transcriptomics,YDR047W.RNASeq,SNPs,SNP_chromosome7_603711_G_A,7,603711,8.30E-07,-0.3135907,0.06318164,0.02299703,Distant
Transcriptomics,YDR047W.RNASeq,SNPs,SNP_chromosome4_551582_A_C,4,551582,9.12E-07,0.22152995,0.0448052,0.01013521,Local
Transcriptomics,YDR047W.RNASeq,SNPs,SNP_chromosome12_959099_C_T,12,959099,1.38E-06,0.27414368,0.05640684,0.05471768,Distant
Transcriptomics,YDR047W.RNASeq,SNPs,SNP_chromosome12_997535_C_T,12,997535,2.85E-06,0.2823713,0.05993263,0.06589456,Distant
Transcriptomics,YDR047W.RNASeq,SNPs,SNP_chromosome4_551743_G_A,4,551743,3.31E-06,0.23810395,0.05087305,0.03400712,Local
Transcriptomics,YDR047W.RNASeq,SVs,SV_1251_DEL_chromosome4_520473_len_-332,4,520473,5.60E-06,0.25861381,0.05660959,0.05705958,Distant
Proteomics,YDR047W.SMProt,SNPs,SNP_chromosome4_551764_A_C,4,551764,1.82E-08,0.37765918,0.06635361,0.12951077,Local
Proteomics,YDR050C.SMProt,SNPs,SNP_chromosome7_965736_T_C,7,965736,7.70E-06,-0.2271664,0.05041659,0.00764525,Distant
Transcriptomics,YDR052C.RNASeq,SNPs,SNP_chromosome16_24710_C_A,16,24710,5.58E-06,-0.1960645,0.04291035,0.006768,Distant
Transcriptomics,YDR055W.RNASeq,SNPs,SNP_chromosome16_81079_A_G,16,81079,3.80E-06,-0.2922787,0.06283125,0.06543097,Distant
Proteomics,YDR055W.SMProt,SNPs,SNP_chromosome15_666991_G_A,15,666991,5.67E-06,-0.2202991,0.04818328,0.00765302,Distant
Proteomics,YDR060W.SMProt,SVs,CNV_YX02122_Cov2.75,10,754018,5.64E-06,0.21458134,0.04692014,0.01755172,Distant
Transcriptomics,YDR061W.RNASeq,SNPs,SNP_chromosome7_346793_C_T,7,346793,4.71E-07,-0.2302469,0.04536829,0.04735834,Distant
Transcriptomics,YDR063W.RNASeq,SNPs,SNP_chromosome4_578506_A_G,4,578506,1.08E-12,0.27450562,0.03799807,0.04224222,Local
Transcriptomics,YDR063W.RNASeq,SNPs,SNP_chromosome15_176350_G_A,15,176350,6.40E-08,0.34657577,0.06355429,0.02321429,Distant
Transcriptomics,YDR063W.RNASeq,SNPs,SNP_chromosome4_579531_G_A,4,579531,2.15E-06,-0.3144648,0.06592069,0.07081284,Local
Proteomics,YDR064W.SMProt,SNPs,SNP_chromosome14_640720_T_C,14,640720,2.33E-07,-0.2930684,0.05613486,0.02673574,Distant
Proteomics,YDR064W.SMProt,SNPs,SNP_chromosome4_451706_T_C,4,451706,2.08E-06,-0.3650804,0.07631238,0.02962986,Distant
Transcriptomics,YDR065W.RNASeq,SNPs,SNP_chromosome4_581286_A_G,4,581286,4.91E-06,-0.1741536,0.0378859,0.01191959,Local
Transcriptomics,YDR066C.RNASeq,SNPs,SNP_chromosome15_385806_G_A,15,385806,1.54E-06,0.28957852,0.0598538,0.04502992,Distant
Transcriptomics,YDR067C.RNASeq,SNPs,SNP_chromosome12_84031_C_T,12,84031,7.09E-06,0.16747808,0.03707213,0.0153585,Distant
Transcriptomics,YDR068W.RNASeq,INDELs,INDEL_chromosome11_231771,11,231771,7.39E-06,0.22963507,0.05093083,0.03286691,Distant
Transcriptomics,YDR068W.RNASeq,SNPs,SNP_chromosome8_284742_C_T,8,284742,8.40E-06,0.17558326,0.03918608,0.0056264,Distant
Transcriptomics,YDR072C.RNASeq,SNPs,SNP_chromosome4_80602_G_A,4,80602,2.03E-07,-0.2216553,0.04232138,0.00816699,Distant
Transcriptomics,YDR072C.RNASeq,SNPs,SNP_chromosome4_592380_G_T,4,592380,2.07E-06,-0.2060064,0.04312126,0.0110214,Local
Transcriptomics,YDR075W.RNASeq,SVs,CNV_YX02249_Cov0.25,11,618964,2.77E-06,0.28627791,0.06068507,0.07577124,Distant
Transcriptomics,YDR076W.RNASeq,INDELs,INDEL_chromosome4_600768,4,600768,2.32E-10,-0.3872157,0.06038486,0.12672847,Local
Transcriptomics,YDR076W.RNASeq,SNPs,SNP_chromosome4_600120_T_C,4,600120,3.05E-10,-0.3838788,0.06028042,0.13314696,Local
Transcriptomics,YDR076W.RNASeq,SNPs,SNP_chromosome4_597833_C_T,4,597833,5.01E-07,-0.3127328,0.06176752,0.05208956,Local
Transcriptomics,YDR078C.RNASeq,SNPs,SNP_chromosome4_601857_T_C,4,601857,6.06E-09,0.31908717,0.05433975,0.09276005,Local
Transcriptomics,YDR078C.RNASeq,SNPs,SNP_chromosome4_603005_G_A,4,603005,1.39E-08,0.21382125,0.03733213,0.01202072,Local
Transcriptomics,YDR078C.RNASeq,SNPs,SNP_chromosome7_239360_C_T,7,239360,1.67E-06,0.23045415,0.047792,0.01047171,Distant
Transcriptomics,YDR078C.RNASeq,SNPs,SNP_chromosome7_343298_G_A,7,343298,2.81E-06,0.18315464,0.03884831,0.0056021,Distant
Transcriptomics,YDR079C-A.RNASeq,SNPs,SNP_chromosome4_603899_T_C,4,603899,3.81E-06,0.25180683,0.05414404,0.05174632,Local
Transcriptomics,YDR079W.RNASeq,SNPs,SNP_chromosome14_691878_T_C,14,691878,3.76E-07,-0.2115418,0.04132528,0.03487964,Distant
Transcriptomics,YDR079W.RNASeq,SVs,CNV_YX02137_Cov0.25,11,1299,6.26E-07,0.19457248,0.03876533,0.03173221,Distant
Transcriptomics,YDR080W.RNASeq,SNPs,SNP_chromosome4_603899_T_C,4,603899,1.27E-09,0.33587783,0.05474072,0.09206768,Local
Transcriptomics,YDR080W.RNASeq,SNPs,SNP_chromosome4_27824_G_A,4,27824,8.84E-08,0.35076929,0.06503479,0.02310901,Distant
Transcriptomics,YDR080W.RNASeq,INDELs,INDEL_chromosome6_115759,6,115759,2.00E-07,0.3226414,0.06156443,0.01721796,Distant
Transcriptomics,YDR081C.RNASeq,SNPs,SNP_chromosome14_421697_T_C,14,421697,3.09E-06,0.19709988,0.04198567,0.00761086,Distant
Transcriptomics,YDR086C.RNASeq,SNPs,SNP_chromosome14_465982_C_T,14,465982,4.71E-06,-0.3037288,0.06594997,0.07747753,Distant
Proteomics,YDR086C.SMProt,SNPs,SNP_chromosome7_373766_C_T,7,373766,4.40E-06,-0.3952089,0.08541979,0.11873774,Distant
Transcriptomics,YDR089W.RNASeq,SNPs,SNP_chromosome7_220941_T_C,7,220941,9.12E-08,0.38604628,0.07165092,0.02795872,Distant
Transcriptomics,YDR089W.RNASeq,SNPs,SNP_chromosome2_634316_T_C,2,634316,5.49E-06,0.30402573,0.06648393,0.01887997,Distant
Transcriptomics,YDR093W.RNASeq,SNPs,SNP_chromosome4_630898_A_G,4,630898,3.41E-06,-0.1630858,0.03489288,0.00775901,Local
Transcriptomics,YDR096W.RNASeq,SNPs,SNP_chromosome3_65398_G_A,3,65398,3.36E-06,0.22957427,0.04908874,0.01444224,Distant
Transcriptomics,YDR097C.RNASeq,SNPs,SNP_chromosome4_643129_C_T,4,643129,4.74E-08,0.37299794,0.06771672,0.12334963,Local
Transcriptomics,YDR097C.RNASeq,SNPs,SNP_chromosome5_335874_C_T,5,335874,2.81E-06,0.28940202,0.06138427,0.0771355,Distant
Transcriptomics,YDR098C.RNASeq,INDELs,INDEL_chromosome4_645066,4,645066,4.47E-10,0.40531152,0.06426616,0.04016826,Local
Transcriptomics,YDR098C.RNASeq,INDELs,INDEL_chromosome4_645152,4,645152,1.54E-06,0.27874548,0.05760236,0.02867666,Local
Transcriptomics,YDR101C.RNASeq,SNPs,SNP_chromosome7_655851_C_T,7,655851,9.56E-07,0.1913963,0.03878414,0.00667197,Distant
Transcriptomics,YDR103W.RNASeq,SVs,CNV_YDL227C_Cov0.75,4,46271,1.63E-09,0.20750707,0.0340456,0.01094093,Distant
Transcriptomics,YDR103W.RNASeq,SVs,CNV_YCL066W_Cov1.25,3,13282,6.52E-07,0.19407541,0.03872862,0.02596473,Distant
Transcriptomics,YDR103W.RNASeq,SNPs,SNP_chromosome7_702168_C_A,7,702168,9.45E-07,0.27725915,0.05615663,0.05082335,Distant
Transcriptomics,YDR103W.RNASeq,SNPs,SNP_chromosome13_157323_G_A,13,157323,7.56E-06,0.31295082,0.06948678,0.02093421,Distant
Transcriptomics,YDR104C.RNASeq,INDELs,INDEL_chromosome1_189985,1,189985,5.67E-06,-0.1843437,0.04037289,0.01195953,Distant
Transcriptomics,YDR106W.RNASeq,SNPs,SNP_chromosome4_667780_T_C,4,667780,3.62E-11,0.38101011,0.05684522,0.10599033,Local
Transcriptomics,YDR106W.RNASeq,INDELs,INDEL_chromosome4_657606,4,657606,1.55E-06,0.26769692,0.05533483,0.04907978,Local
Transcriptomics,YDR106W.RNASeq,INDELs,INDEL_chromosome4_125537,4,125537,2.04E-06,-0.1635779,0.03421448,0.00657175,Distant
Transcriptomics,YDR106W.RNASeq,SNPs,SNP_chromosome3_24520_T_C,3,24520,3.33E-06,0.2399919,0.05129158,0.04081505,Distant
Transcriptomics,YDR106W.RNASeq,SNPs,SNP_chromosome4_666159_G_A,4,666159,3.92E-06,0.22865593,0.049229,0.03711894,Local
Transcriptomics,YDR106W.RNASeq,SNPs,SNP_chromosome12_278461_C_T,12,278461,6.04E-06,0.2484703,0.05458004,0.05612271,Distant
Transcriptomics,YDR107C.RNASeq,SNPs,SNP_chromosome4_809028_T_C,4,809028,1.29E-06,-0.2427254,0.04979964,0.00999021,Distant
Transcriptomics,YDR108W.RNASeq,SNPs,SNP_chromosome14_421697_T_C,14,421697,2.28E-06,0.20909799,0.04394898,0.00856566,Distant
Transcriptomics,YDR111C.RNASeq,SNPs,SNP_chromosome4_644586_T_G,4,644586,1.99E-08,0.21229345,0.03747924,0.00949998,Distant
Transcriptomics,YDR113C.RNASeq,SNPs,SNP_chromosome5_536228_A_G,5,536228,2.44E-06,0.25911866,0.0546204,0.01992464,Distant
Transcriptomics,YDR114C.RNASeq,SVs,CNV_YDR542W_Cov6.75,4,1523249,1.41E-06,0.19972004,0.0411251,0.01974855,Distant
Transcriptomics,YDR114C.RNASeq,SNPs,SNP_chromosome4_540969_C_T,4,540969,5.31E-06,0.19192286,0.04190627,0.00750999,Distant
Transcriptomics,YDR115W.RNASeq,SVs,CNV_YBR291C_Cov1.25,2,783673,3.09E-07,0.19476298,0.0377689,0.00803066,Distant
Proteomics,YDR116C.SMProt,SNPs,SNP_chromosome4_1459601_C_G,4,1459601,6.22E-06,-0.3166044,0.0695522,0.09575366,Distant
Transcriptomics,YDR117C.RNASeq,SNPs,SNP_chromosome16_418474_C_T,16,418474,1.11E-06,-0.210147,0.0428431,0.01074446,Distant
Transcriptomics,YDR118W.RNASeq,SNPs,SNP_chromosome4_675008_A_G,4,675008,2.44E-06,-0.2446157,0.0515607,0.02471802,Local
Transcriptomics,YDR118W.RNASeq,SNPs,SNP_chromosome4_685839_G_A,4,685839,3.75E-06,-0.2907271,0.06247376,0.06148752,Local
Transcriptomics,YDR120C.RNASeq,SNPs,SNP_chromosome7_655851_C_T,7,655851,5.25E-07,0.19704959,0.03898958,0.00707194,Distant
Transcriptomics,YDR121W.RNASeq,INDELs,INDEL_chromosome4_693401,4,693401,2.35E-12,0.29078728,0.04089154,0.06784163,Local
Transcriptomics,YDR121W.RNASeq,SNPs,SNP_chromosome7_154421_G_A,7,154421,2.00E-06,0.18450199,0.03856063,0.01962045,Distant
Transcriptomics,YDR126W.RNASeq,SNPs,SNP_chromosome4_703854_G_C,4,703854,4.03E-08,0.33133511,0.05983402,0.08334172,Local
Transcriptomics,YDR128W.RNASeq,SNPs,SNP_chromosome4_709938_A_G,4,709938,7.62E-07,-0.2840414,0.05703247,0.04765808,Local
Transcriptomics,YDR129C.RNASeq,SNPs,SNP_chromosome3_65398_G_A,3,65398,3.08E-06,0.22949571,0.04887785,0.01443236,Distant
Transcriptomics,YDR132C.RNASeq,SNPs,SNP_chromosome4_720645_A_G,4,720645,9.04E-08,0.30116311,0.0558803,0.05158303,Local
Transcriptomics,YDR132C.RNASeq,SNPs,SNP_chromosome4_718331_A_C,4,718331,3.89E-07,0.31538037,0.06169202,0.08521651,Local
Transcriptomics,YDR132C.RNASeq,SNPs,SNP_chromosome9_137403_T_C,9,137403,3.80E-06,0.20956736,0.04505607,0.03825119,Distant
Transcriptomics,YDR132C.RNASeq,SVs,CNV_YX00720_Cov0.25,4,717346,4.63E-06,0.24403804,0.05294593,0.0526767,Local
Transcriptomics,YDR132C.RNASeq,SNPs,SNP_chromosome4_722085_A_G,4,722085,4.68E-06,0.19197401,0.04166985,0.00918348,Local
Transcriptomics,YDR138W.RNASeq,SNPs,SNP_chromosome14_421697_T_C,14,421697,1.02E-08,0.25724543,0.04449585,0.01296452,Distant
Transcriptomics,YDR140W.RNASeq,INDELs,INDEL_chromosome4_734082,4,734082,1.80E-06,0.29884227,0.06216669,0.08126731,Local
Transcriptomics,YDR144C.RNASeq,SNPs,SNP_chromosome4_746167_C_T,4,746167,1.23E-07,0.23357291,0.04380966,0.01641544,Local
Transcriptomics,YDR144C.RNASeq,SNPs,SNP_chromosome4_92275_T_C,4,92275,1.33E-06,0.24999086,0.051343,0.02078087,Distant
Transcriptomics,YDR145W.RNASeq,SVs,CNV_YJR157W_Cov2.25,10,730515,3.21E-07,0.17341967,0.03367458,0.0078696,Distant
Transcriptomics,YDR145W.RNASeq,SNPs,SNP_chromosome3_62386_A_G,3,62386,6.88E-06,-0.2363131,0.05223492,0.04927803,Distant
Transcriptomics,YDR147W.RNASeq,SNPs,SNP_chromosome11_522560_C_G,11,522560,4.81E-06,0.22425247,0.04873942,0.01950905,Distant
Transcriptomics,YDR147W.RNASeq,INDELs,INDEL_chromosome3_148918,3,148918,5.32E-06,-0.250002,0.05459315,0.01220457,Distant
Transcriptomics,YDR147W.RNASeq,SNPs,SNP_chromosome3_148793_C_T,3,148793,5.32E-06,-0.250002,0.05459315,0.01220457,Distant
Transcriptomics,YDR150W.RNASeq,SNPs,SNP_chromosome3_65398_G_A,3,65398,2.37E-06,0.23399521,0.04926129,0.01500383,Distant
Transcriptomics,YDR151C.RNASeq,SNPs,SNP_chromosome4_764691_G_A,4,764691,1.21E-12,-0.4467532,0.06198713,0.17678241,Local
Transcriptomics,YDR151C.RNASeq,SNPs,SNP_chromosome4_770770_C_T,4,770770,3.45E-10,-0.3596731,0.05665368,0.0761497,Local
Transcriptomics,YDR151C.RNASeq,SNPs,SNP_chromosome4_764994_A_G,4,764994,1.45E-07,-0.36476,0.06880007,0.06643009,Local
Transcriptomics,YDR151C.RNASeq,SVs,CNV_YX00734_Cov0.25,4,785110,1.90E-07,-0.2451865,0.04670123,0.05335526,Local
Proteomics,YDR152W.SMProt,SVs,CNV_YX03248_Cov2.25,16,556,2.85E-06,-0.1968455,0.04172038,0.03772274,Distant
Proteomics,YDR155C.SCProt,SVs,CNV_YDL227C_Cov0.75,4,46271,1.00E-07,0.18774074,0.03494917,0.00894387,Distant
Proteomics,YDR155C.SCProt,SVs,CNV_YDR461C-A_Cov0.75,4,1385524,4.56E-06,-0.1550805,0.03361556,0.0240834,Distant
Proteomics,YDR155C.SMProt,SNPs,SNP_chromosome16_681656_T_C,16,681656,5.27E-07,-0.1971229,0.03894461,0.00829158,Distant
Transcriptomics,YDR157W.RNASeq,SNPs,SNP_chromosome11_574788_T_C,11,574788,2.29E-06,-0.2369953,0.0498241,0.03245859,Distant
Transcriptomics,YDR158W.RNASeq,INDELs,INDEL_chromosome10_254622,10,254622,1.56E-06,0.21950575,0.04538704,0.00717546,Distant
Proteomics,YDR158W.SMProt,SVs,CNV_YX00008_Cov0.75,1,2003,2.61E-06,0.26269835,0.05545969,0.01243195,Distant
Proteomics,YDR165W.SMProt,SNPs,SNP_chromosome2_180372_T_A,2,180372,2.78E-06,0.29875476,0.06324967,0.01526553,Distant
Transcriptomics,YDR169C-A.RNASeq,SNPs,SNP_chromosome4_1271654_G_A,4,1271654,1.06E-06,0.24239121,0.04932644,0.01305771,Distant
Transcriptomics,YDR170C.RNASeq,SNPs,SNP_chromosome4_806407_T_C,4,806407,1.56E-06,0.24026552,0.04967913,0.05339016,Local
Transcriptomics,YDR172W.RNASeq,SNPs,SNP_chromosome7_655851_C_T,7,655851,2.55E-06,0.18355733,0.03876804,0.00613664,Distant
Proteomics,YDR174W.SCProt,SNPs,SNP_chromosome16_139660_C_T,16,139660,1.91E-07,0.29866227,0.05688343,0.08272601,Distant
Proteomics,YDR174W.SMProt,SNPs,SNP_chromosome5_541331_C_T,5,541331,1.97E-06,0.19545228,0.04075506,0.00522155,Distant
Proteomics,YDR177W.SMProt,SNPs,SNP_chromosome4_1051793_C_T,4,1051793,8.74E-07,0.19666293,0.03964191,0.0177661,Distant
Proteomics,YDR177W.SMProt,SNPs,SNP_chromosome13_175545_T_C,13,175545,8.93E-07,-0.3940954,0.07951015,0.13813996,Distant
Transcriptomics,YDR179C.RNASeq,SNPs,SNP_chromosome4_241544_T_C,4,241544,4.86E-06,-0.2447379,0.05321563,0.03139972,Distant
Transcriptomics,YDR179W-A.RNASeq,SNPs,SNP_chromosome15_213488_T_C,15,213488,3.45E-06,0.27919045,0.05976748,0.06616111,Distant
Transcriptomics,YDR180W.RNASeq,SVs,CNV_YX01489_Cov2.25,7,1066398,3.71E-06,-0.2029343,0.04358464,0.01820173,Distant
Transcriptomics,YDR180W.RNASeq,SNPs,SNP_chromosome16_831325_C_T,16,831325,4.53E-06,0.22502123,0.04877238,0.01811817,Distant
Transcriptomics,YDR182W-A.RNASeq,SVs,CNV_YPL035C_Cov0.75,16,486564,3.76E-06,0.14811945,0.03183184,0.00735764,Distant
Transcriptomics,YDR183W.RNASeq,SNPs,SNP_chromosome12_223861_T_G,12,223861,1.09E-06,0.23573197,0.04802317,0.01861624,Distant
Transcriptomics,YDR184C.RNASeq,SNPs,SNP_chromosome11_290740_C_T,11,290740,3.24E-06,-0.2541566,0.05425487,0.0142727,Distant
Transcriptomics,YDR188W.RNASeq,SNPs,SNP_chromosome4_837953_C_T,4,837953,1.90E-08,0.31782137,0.05603163,0.09320056,Local
Proteomics,YDR188W.SCProt,SNPs,SNP_chromosome11_21448_A_G,11,21448,6.03E-06,0.18774496,0.04123029,0.02785935,Distant
Proteomics,YDR188W.SCProt,SNPs,SNP_chromosome7_774950_C_T,7,774950,6.23E-06,-0.2630478,0.05785703,0.06349454,Distant
Proteomics,YDR189W.SMProt,SNPs,SNP_chromosome8_315653_A_G,8,315653,3.47E-07,0.422221,0.08209221,0.13628774,Distant
Transcriptomics,YDR190C.RNASeq,SNPs,SNP_chromosome7_655851_C_T,7,655851,5.41E-07,0.19496162,0.03862281,0.00692286,Distant
Transcriptomics,YDR191W.RNASeq,SNPs,SNP_chromosome10_107836_G_A,10,107836,5.78E-06,0.18842518,0.04130507,0.00743509,Distant
Transcriptomics,YDR192C.RNASeq,SNPs,SNP_chromosome16_899581_G_A,16,899581,5.47E-06,-0.2070947,0.04528106,0.01385189,Distant
Transcriptomics,YDR201W.RNASeq,SNPs,SNP_chromosome13_673369_T_C,13,673369,2.44E-07,0.29079053,0.05589663,0.01667281,Distant
Transcriptomics,YDR201W.RNASeq,SNPs,SNP_chromosome12_579663_G_A,12,579663,4.72E-07,0.2856651,0.05628972,0.01800687,Distant
Transcriptomics,YDR201W.RNASeq,SNPs,SNP_chromosome5_191733_G_A,5,191733,8.35E-07,0.29251851,0.05895082,0.01682875,Distant
Transcriptomics,YDR201W.RNASeq,SNPs,SNP_chromosome2_115924_A_G,2,115924,1.91E-06,0.27806929,0.05799709,0.01567776,Distant
Transcriptomics,YDR201W.RNASeq,SNPs,SNP_chromosome1_75987_T_C,1,75987,3.10E-06,0.27617004,0.05883709,0.01552844,Distant
Transcriptomics,YDR201W.RNASeq,INDELs,INDEL_chromosome2_111642,2,111642,3.11E-06,0.29282694,0.06239589,0.01493952,Distant
Transcriptomics,YDR201W.RNASeq,SNPs,SNP_chromosome16_487360_C_T,16,487360,4.78E-06,0.25516737,0.05544028,0.01443349,Distant
Transcriptomics,YDR202C.RNASeq,SNPs,SNP_chromosome15_873940_T_C,15,873940,5.38E-07,-0.1762051,0.03489899,0.01125191,Distant
Transcriptomics,YDR204W.RNASeq,SNPs,SNP_chromosome9_203358_T_C,9,203358,4.92E-06,0.21733728,0.04728759,0.01200802,Distant
Transcriptomics,YDR207C.RNASeq,SVs,CNV_YX03248_Cov3.25,16,556,3.86E-06,0.15827814,0.03405383,0.01222523,Distant
Transcriptomics,YDR207C.RNASeq,SNPs,SNP_chromosome8_472560_T_A,8,472560,5.10E-06,-0.2143956,0.04672371,0.00636786,Distant
Transcriptomics,YDR209C.RNASeq,SNPs,SNP_chromosome4_186355_G_A,4,186355,7.25E-06,0.19228435,0.04260769,0.00760898,Distant
Proteomics,YDR214W.SMProt,SVs,CNV_YX00007_Cov0.75,1,1844,7.23E-07,-0.2270282,0.04541597,0.0093902,Distant
Proteomics,YDR214W.SMProt,INDELs,INDEL_chromosome11_387297,11,387297,3.90E-06,-0.2548617,0.05477979,0.01849955,Distant
Transcriptomics,YDR215C.RNASeq,SNPs,SNP_chromosome4_893982_A_G,4,893982,2.39E-10,-0.3477059,0.05426639,0.11327358,Local
Transcriptomics,YDR217C.RNASeq,SNPs,SNP_chromosome4_904531_C_A,4,904531,1.07E-06,-0.320831,0.06531197,0.0789555,Local
Proteomics,YDR226W.SCProt,SVs,CNV_YLR178C_Cov0.75,12,513162,3.82E-10,-0.2255451,0.03560541,0.04839415,Distant
Proteomics,YDR226W.SCProt,SVs,CNV_YHR033W_Cov0.75,8,175548,1.62E-09,-0.2171552,0.03561381,0.04396086,Distant
Proteomics,YDR226W.SCProt,SVs,CNV_YMR057C_Cov0.75,13,388359,3.03E-09,-0.2245023,0.03746377,0.03627629,Distant
Proteomics,YDR226W.SCProt,SVs,CNV_YNL015W_Cov0.75,14,605384,1.61E-08,-0.1978261,0.03468271,0.03435993,Distant
Proteomics,YDR226W.SCProt,SVs,CNV_YGL024W_Cov0.75,7,449788,1.63E-08,-0.2009477,0.03524305,0.040791,Distant
Proteomics,YDR226W.SCProt,SVs,CNV_YGL063W_Cov0.75,7,383654,3.07E-08,0.19973223,0.03573863,0.03578901,Distant
Proteomics,YDR226W.SCProt,SVs,CNV_YOL106W_Cov9.25,15,113226,2.39E-07,-0.1917322,0.03681595,0.00954038,Distant
Proteomics,YDR226W.SCProt,SVs,CNV_YOR072W-A_Cov0.75,15,461791,4.43E-07,-0.1893304,0.03720832,0.03587328,Distant
Proteomics,YDR226W.SCProt,SVs,CNV_YDR119W-A_Cov0.75,4,691014,9.70E-07,-0.1759067,0.03565768,0.02674699,Distant
Proteomics,YDR226W.SCProt,SVs,CNV_YDR504C_Cov1.25,4,1456311,1.04E-06,-0.1806884,0.03673585,0.0281066,Distant
Proteomics,YDR226W.SCProt,SVs,CNV_YX01464_Cov1.25,7,941361,1.63E-06,-0.168203,0.03484062,0.01979888,Distant
Proteomics,YDR226W.SCProt,SVs,CNV_YDR461W_Cov0.75,4,1385176,3.38E-06,-0.1616988,0.03457647,0.01849494,Distant
Transcriptomics,YDR230W.RNASeq,SVs,CNV_YDL244W_Cov3.75,4,16204,2.03E-07,0.19085512,0.03644264,0.03622219,Distant
Proteomics,YDR231C.SMProt,SNPs,SNP_chromosome8_314622_G_A,8,314622,2.24E-07,0.30080785,0.05753659,0.08020622,Distant
Proteomics,YDR231C.SMProt,SNPs,SNP_chromosome16_235149_A_G,16,235149,4.58E-07,-0.2163714,0.04251603,0.03229747,Distant
Proteomics,YDR232W.SMProt,SNPs,SNP_chromosome16_747101_T_C,16,747101,2.97E-06,-0.1967617,0.04177933,0.0133863,Distant
Transcriptomics,YDR233C.RNASeq,SNPs,SNP_chromosome4_930077_G_A,4,930077,2.99E-07,0.2262915,0.04382566,0.0104522,Local
Transcriptomics,YDR233C.RNASeq,SVs,CNV_YX03248_Cov3.25,16,556,1.38E-06,0.16700217,0.03435156,0.01376051,Distant
Proteomics,YDR233C.SCProt,SNPs,SNP_chromosome14_34569_A_C,14,34569,7.15E-08,-0.3450749,0.06349788,0.07598588,Distant
Proteomics,YDR233C.SCProt,SNPs,SNP_chromosome4_930077_G_A,4,930077,4.61E-07,0.28608587,0.05630998,0.01666215,Local
Proteomics,YDR233C.SMProt,SNPs,SNP_chromosome4_930077_G_A,4,930077,2.84E-11,0.41384349,0.06122518,0.03709142,Local
Proteomics,YDR234W.SCProt,SNPs,SNP_chromosome7_883496_A_G,7,883496,1.68E-06,-0.2848272,0.05906666,0.0700179,Distant
Proteomics,YDR234W.SCProt,SNPs,SNP_chromosome14_129447_C_T,14,129447,1.87E-06,0.22029526,0.04589781,0.00893698,Distant
Transcriptomics,YDR237W.RNASeq,SNPs,SNP_chromosome12_513887_T_C,12,513887,5.21E-06,-0.2448467,0.05341463,0.02031842,Distant
Transcriptomics,YDR240C.RNASeq,SNPs,SNP_chromosome15_213488_T_C,15,213488,1.92E-06,0.26873868,0.05605954,0.06130022,Distant
Transcriptomics,YDR241W.RNASeq,SNPs,SNP_chromosome4_1017855_T_A,4,1017855,2.23E-06,-0.29554,0.06205394,0.0779117,Distant
Transcriptomics,YDR243C.RNASeq,SNPs,SNP_chromosome15_213488_T_C,15,213488,1.77E-08,0.32187879,0.05662254,0.08793999,Distant
Transcriptomics,YDR243C.RNASeq,SNPs,SNP_chromosome4_952698_C_T,4,952698,2.01E-06,0.31930912,0.06674304,0.09100101,Local
Transcriptomics,YDR244W.RNASeq,SVs,CNV_YER011W_Cov0.75,5,175248,1.72E-06,-0.1533959,0.03185535,0.00470483,Distant
Transcriptomics,YDR245W.RNASeq,SVs,CNV_YBR250W_Cov1.25,2,719033,1.34E-06,-0.1792007,0.03682428,0.00629439,Distant
Proteomics,YDR245W.SMProt,SNPs,SNP_chromosome8_329295_T_C,8,329295,2.97E-06,0.21207859,0.0450271,0.03524697,Distant
Proteomics,YDR245W.SMProt,SNPs,SNP_chromosome11_292695_A_G,11,292695,3.04E-06,-0.3142126,0.06678243,0.08952972,Distant
Transcriptomics,YDR246W-A.RNASeq,SNPs,SNP_chromosome4_954985_A_C,4,954985,3.56E-08,-0.3316297,0.05964749,0.10034017,Local
Transcriptomics,YDR247W.RNASeq,SNPs,SNP_chromosome7_238358_A_G,7,238358,5.41E-06,-0.318915,0.06969142,0.02815492,Distant
Transcriptomics,YDR249C.RNASeq,SVs,SV_5244_DEL_chromosome13_600892_len_-698,13,600892,8.80E-07,0.21264369,0.04294194,0.01641938,Distant
Proteomics,YDR251W.SMProt,SNPs,SNP_chromosome12_369873_T_C,12,369873,5.22E-07,-0.2536975,0.05010416,0.05198182,Distant
Transcriptomics,YDR255C.RNASeq,SNPs,SNP_chromosome14_425075_C_T,14,425075,3.00E-06,0.33167824,0.07055952,0.09825816,Distant
Transcriptomics,YDR259C.RNASeq,SNPs,SNP_chromosome4_976264_A_G,4,976264,6.07E-06,-0.3092436,0.06793835,0.08954785,Local
Transcriptomics,YDR259C.RNASeq,SVs,SV_5325_INS_chromosome13_837636_len_328_TyRelated,13,837636,6.38E-06,0.17251417,0.03799078,0.01177908,Distant
Transcriptomics,YDR260C.RNASeq,SNPs,SNP_chromosome4_977045_C_T,4,977045,4.76E-13,0.21769736,0.02965515,0.01072547,Local
Transcriptomics,YDR260C.RNASeq,SNPs,SNP_chromosome4_1002467_C_T,4,1002467,5.19E-07,-0.3146167,0.0622235,0.08860743,Local
Transcriptomics,YDR260C.RNASeq,SNPs,SNP_chromosome4_967640_C_A,4,967640,1.97E-06,0.15566544,0.0325088,0.00546488,Local
Transcriptomics,YDR260C.RNASeq,SNPs,SNP_chromosome4_993763_G_A,4,993763,2.71E-06,0.15467524,0.03275491,0.00636448,Local
Transcriptomics,YDR262W.RNASeq,SNPs,SNP_chromosome4_993336_A_T,4,993336,2.45E-18,-0.5356553,0.06000812,0.26124404,Local
Transcriptomics,YDR262W.RNASeq,SNPs,SNP_chromosome4_978598_A_G,4,978598,2.85E-09,0.27312736,0.04551506,0.06422655,Local
Transcriptomics,YDR262W.RNASeq,INDELs,INDEL_chromosome4_1004000,4,1004000,9.71E-07,-0.3586347,0.07271964,0.11410017,Local
Transcriptomics,YDR262W.RNASeq,INDELs,INDEL_chromosome4_967966,4,967966,3.42E-06,0.28310722,0.06058322,0.07284297,Distant
Transcriptomics,YDR267C.RNASeq,SNPs,SNP_chromosome3_43754_G_T,3,43754,1.48E-06,0.2557413,0.05276785,0.0192205,Distant
Transcriptomics,YDR268W.RNASeq,SNPs,SNP_chromosome4_1004468_A_C,4,1004468,2.65E-07,0.28869327,0.05565961,0.05049732,Local
Transcriptomics,YDR268W.RNASeq,SVs,CNV_YX00123_Cov2.75,1,195385,1.23E-06,0.18278714,0.03742883,0.0125042,Distant
Transcriptomics,YDR273W.RNASeq,SNPs,SNP_chromosome3_286652_G_T,3,286652,5.52E-06,-0.165136,0.03612155,0.00581809,Distant
Transcriptomics,YDR276C.RNASeq,SNPs,SNP_chromosome4_1013882_G_C,4,1013882,2.87E-15,0.29946669,0.03725577,0.04320785,Local
Transcriptomics,YDR279W.RNASeq,SNPs,SNP_chromosome16_795157_G_A,16,795157,8.27E-07,0.20685658,0.04167153,0.03385056,Distant
Transcriptomics,YDR280W.RNASeq,SNPs,SNP_chromosome9_112854_T_A,9,112854,6.41E-08,-0.2181457,0.04000525,0.00648258,Distant
Transcriptomics,YDR281C.RNASeq,SNPs,SNP_chromosome16_113130_C_T,16,113130,2.05E-06,-0.2098356,0.04389888,0.00827007,Distant
Transcriptomics,YDR285W.RNASeq,SNPs,SNP_chromosome15_950420_T_C,15,950420,6.69E-06,0.3613342,0.07976178,0.05216059,Distant
Transcriptomics,YDR287W.RNASeq,SNPs,SNP_chromosome4_1035943_A_G,4,1035943,4.09E-06,-0.1538937,0.03319718,0.00519363,Local
Transcriptomics,YDR288W.RNASeq,SNPs,SNP_chromosome4_1046027_A_G,4,1046027,4.60E-06,-0.2910425,0.06312372,0.0615326,Local
Transcriptomics,YDR294C.RNASeq,SNPs,SNP_chromosome10_36445_G_A,10,36445,8.97E-06,-0.1980972,0.04435306,0.01956043,Distant
Transcriptomics,YDR297W.RNASeq,SNPs,SNP_chromosome2_213628_T_A,2,213628,5.58E-07,-0.2979754,0.05910128,0.07963408,Distant
Transcriptomics,YDR298C.RNASeq,SNPs,SNP_chromosome4_1318821_T_C,4,1318821,4.40E-07,0.33503747,0.06584131,0.06043865,Distant
Proteomics,YDR298C.SMProt,SNPs,SNP_chromosome11_231929_T_A,11,231929,2.38E-06,0.37024484,0.07785025,0.12962847,Distant
Transcriptomics,YDR299W.RNASeq,SNPs,SNP_chromosome7_655851_C_T,7,655851,3.24E-06,0.18205913,0.03886552,0.00603687,Distant
Transcriptomics,YDR304C.RNASeq,SVs,CNV_YEL063C_Cov1.25,5,31694,6.69E-07,0.18314554,0.03658453,0.00657456,Distant
Transcriptomics,YDR304C.RNASeq,SNPs,SNP_chromosome4_1072384_G_C,4,1072384,2.24E-06,-0.2266173,0.04759425,0.04162321,Local
Proteomics,YDR304C.SMProt,SNPs,SNP_chromosome12_851969_A_G,12,851969,1.42E-06,-0.3131242,0.06439488,0.09466604,Distant
Transcriptomics,YDR305C.RNASeq,SVs,SV_2622_DEL_chromosome7_535210_len_-333_TyRelated,7,535210,6.15E-06,-0.163362,0.03591515,0.00711924,Distant
Transcriptomics,YDR309C.RNASeq,SNPs,SNP_chromosome4_1095346_T_G,4,1095346,6.94E-09,-0.3379543,0.05778233,0.04858941,Local
Transcriptomics,YDR309C.RNASeq,SNPs,SNP_chromosome4_1104723_C_T,4,1104723,3.13E-08,-0.3031263,0.05429168,0.01886638,Distant
Transcriptomics,YDR309C.RNASeq,SNPs,SNP_chromosome16_181899_C_G,16,181899,1.37E-06,-0.281369,0.05786053,0.02630083,Distant
Transcriptomics,YDR309C.RNASeq,SNPs,SNP_chromosome4_1108197_C_T,4,1108197,2.52E-06,-0.2387629,0.05040292,0.01868808,Distant
Transcriptomics,YDR309C.RNASeq,SNPs,SNP_chromosome1_174113_G_A,1,174113,2.72E-06,-0.3128671,0.06626904,0.01848781,Distant
Transcriptomics,YDR309C.RNASeq,SVs,CNV_YDL227C_Cov0.75,4,46271,4.64E-06,0.1591372,0.03452813,0.00643475,Distant
Transcriptomics,YDR312W.RNASeq,SNPs,SNP_chromosome5_220904_A_G,5,220904,4.52E-06,0.18138944,0.03931068,0.01513683,Distant
Transcriptomics,YDR315C.RNASeq,SNPs,SNP_chromosome11_125642_G_T,11,125642,8.13E-07,-0.1846129,0.03716464,0.01643119,Distant
Transcriptomics,YDR317W.RNASeq,SVs,CNV_YX01253_Cov1.75,7,2976,2.22E-06,0.18527098,0.03889713,0.00672805,Distant
Transcriptomics,YDR319C.RNASeq,SNPs,SNP_chromosome4_1105992_T_C,4,1105992,2.80E-07,0.28795017,0.0556306,0.0288765,Local
Transcriptomics,YDR319C.RNASeq,SNPs,SNP_chromosome4_79505_C_T,4,79505,7.39E-07,0.30214402,0.06059565,0.02006799,Distant
Transcriptomics,YDR320C-A.RNASeq,SNPs,SNP_chromosome4_320548_T_C,4,320548,3.08E-06,-0.2062837,0.04393515,0.01469749,Distant
Transcriptomics,YDR320C-A.RNASeq,SNPs,SNP_chromosome4_1163248_C_G,4,1163248,3.58E-06,-0.2478341,0.05314196,0.01264574,Distant
Proteomics,YDR321W.SMProt,INDELs,INDEL_chromosome4_1109962,4,1109962,2.82E-06,0.35710853,0.07565206,0.11875867,Local
Proteomics,YDR321W.SMProt,SNPs,SNP_chromosome4_1109537_C_T,4,1109537,3.34E-06,-0.1755708,0.03747276,0.00641779,Local
Transcriptomics,YDR322C-A.RNASeq,SNPs,SNP_chromosome4_1318821_T_C,4,1318821,3.99E-07,0.34822866,0.06818168,0.06529156,Distant
Transcriptomics,YDR324C.RNASeq,SNPs,SNP_chromosome7_655851_C_T,7,655851,1.09E-06,0.19024722,0.0387619,0.0065921,Distant
Proteomics,YDR324C.SMProt,SNPs,SNP_chromosome16_254689_G_A,16,254689,1.49E-06,-0.2223439,0.04582025,0.00854856,Distant
Proteomics,YDR324C.SMProt,SNPs,SNP_chromosome3_246831_G_A,3,246831,7.50E-06,-0.2001173,0.04435698,0.00522521,Distant
Transcriptomics,YDR327W.RNASeq,SNPs,SNP_chromosome7_968238_G_A,7,968238,4.24E-06,-0.1811485,0.03912085,0.00769916,Distant
Transcriptomics,YDR331W.RNASeq,INDELs,INDEL_chromosome3_148918,3,148918,3.40E-07,-0.2902645,0.0564866,0.01645218,Distant
Transcriptomics,YDR331W.RNASeq,SNPs,SNP_chromosome3_148793_C_T,3,148793,3.40E-07,-0.2902645,0.0564866,0.01645218,Distant
Transcriptomics,YDR332W.RNASeq,SNPs,SNP_chromosome4_424011_G_A,4,424011,3.87E-06,0.23764879,0.05113549,0.01585176,Distant
Transcriptomics,YDR334W.RNASeq,SNPs,SNP_chromosome10_310647_C_T,10,310647,4.85E-06,-0.1696567,0.03688523,0.00655243,Distant
Transcriptomics,YDR338C.RNASeq,SNPs,SNP_chromosome11_271696_G_A,11,271696,2.48E-06,-0.2058455,0.04342068,0.03862132,Distant
Transcriptomics,YDR340W.RNASeq,SVs,SV_1534_INS_chromosome4_1151144_len_5923_TyRelated,4,1151144,2.29E-11,0.23412272,0.03456227,0.01665556,Local
Transcriptomics,YDR340W.RNASeq,SNPs,SNP_chromosome7_801330_C_G,7,801330,3.34E-07,0.25717037,0.0500075,0.01692834,Distant
Transcriptomics,YDR340W.RNASeq,SNPs,SNP_chromosome8_403332_C_A,8,403332,3.74E-07,0.25733223,0.05025581,0.0129166,Distant
Transcriptomics,YDR340W.RNASeq,SNPs,SNP_chromosome11_290740_C_T,11,290740,6.60E-07,0.27259679,0.05441917,0.0167927,Distant
Transcriptomics,YDR340W.RNASeq,SNPs,SNP_chromosome16_725681_T_C,16,725681,1.47E-06,0.22439842,0.04628547,0.01183488,Distant
Transcriptomics,YDR340W.RNASeq,SNPs,SNP_chromosome1_174113_G_A,1,174113,1.93E-06,-0.3237384,0.06754912,0.02024698,Distant
Proteomics,YDR341C.SMProt,SVs,CNV_YLR154W-F_Cov110.75,12,455883,5.36E-07,0.18412573,0.03639993,0.03308605,Distant
Proteomics,YDR341C.SMProt,SVs,CNV_YCL067C_Cov4.25,3,12386,3.97E-06,0.20460845,0.04401733,0.00831251,Distant
Transcriptomics,YDR342C.RNASeq,SVs,SV_1547_DEL_chromosome4_1154716_len_-8238,4,1154716,2.41E-08,-0.2766447,0.04902116,0.03584488,Local
Transcriptomics,YDR342C.RNASeq,SNPs,SNP_chromosome7_175768_G_A,7,175768,1.10E-06,-0.261214,0.05313031,0.01756025,Distant
Transcriptomics,YDR343C.RNASeq,SVs,CNV_YDR342C_Cov2.25,4,1154216,1.34E-07,0.16692883,0.03140521,0.00822884,Local
Transcriptomics,YDR343C.RNASeq,SVs,SV_1547_DEL_chromosome4_1154716_len_-8238,4,1154716,1.61E-07,-0.2264139,0.04286967,0.0280743,Local
Transcriptomics,YDR343C.RNASeq,SNPs,SNP_chromosome12_884831_G_A,12,884831,2.12E-06,-0.280818,0.05883532,0.01573083,Distant
Transcriptomics,YDR344C.RNASeq,SVs,CNV_YDR344C_Cov0.25,4,1162006,2.31E-07,-0.1717551,0.03293673,0.00054193,Local
Transcriptomics,YDR345C.RNASeq,SVs,CNV_YNL066W_Cov0.75,14,501157,3.22E-06,0.17906766,0.03820643,0.0086634,Distant
Transcriptomics,YDR345C.RNASeq,SNPs,SNP_chromosome7_123776_A_G,7,123776,3.26E-06,0.19998826,0.04269235,0.01280565,Distant
Transcriptomics,YDR346C.RNASeq,SNPs,SNP_chromosome2_14526_G_A,2,14526,2.89E-06,-0.3412426,0.07247669,0.02166843,Distant
Transcriptomics,YDR346C.RNASeq,SNPs,SNP_chromosome14_335033_A_G,14,335033,5.17E-06,-0.2942839,0.06417713,0.08020261,Distant
Transcriptomics,YDR348C.RNASeq,SNPs,SNP_chromosome13_667766_G_A,13,667766,1.51E-06,0.18303883,0.03779315,0.0181419,Distant
Transcriptomics,YDR348C.RNASeq,SNPs,SNP_chromosome9_394105_C_T,9,394105,3.68E-06,-0.1752638,0.0376287,0.0134792,Distant
Transcriptomics,YDR348C.RNASeq,SNPs,SNP_chromosome4_1165910_A_G,4,1165910,4.89E-06,-0.3171524,0.06898322,0.09451771,Local
Transcriptomics,YDR349C.RNASeq,SNPs,SNP_chromosome4_1172380_A_G,4,1172380,3.13E-18,-0.3536028,0.03974479,0.07786252,Local
Transcriptomics,YDR349C.RNASeq,SNPs,SNP_chromosome4_1172914_G_A,4,1172914,1.44E-11,-0.3221382,0.0470776,0.08988879,Local
Transcriptomics,YDR349C.RNASeq,SNPs,SNP_chromosome4_1173839_G_A,4,1173839,2.44E-07,-0.2009894,0.03863268,0.02094629,Local
Transcriptomics,YDR349C.RNASeq,SNPs,SNP_chromosome10_330050_A_G,10,330050,1.87E-06,0.23825074,0.04964847,0.03609127,Distant
Transcriptomics,YDR349C.RNASeq,SNPs,SNP_chromosome4_216340_G_A,4,216340,3.81E-06,0.22847593,0.04913148,0.01116695,Distant
Transcriptomics,YDR349C.RNASeq,SNPs,SNP_chromosome10_330557_C_T,10,330557,8.28E-06,0.29414379,0.06559754,0.07559444,Distant
Transcriptomics,YDR350C.RNASeq,SNPs,SNP_chromosome16_458921_A_G,16,458921,2.06E-06,-0.2408541,0.05040483,0.03000153,Distant
Transcriptomics,YDR351W.RNASeq,SVs,CNV_YX01903_Cov0.25,10,3848,3.18E-06,-0.1663299,0.03547795,0.00723931,Distant
Transcriptomics,YDR353W.RNASeq,SNPs,SNP_chromosome11_386366_G_A,11,386366,2.65E-06,-0.2365812,0.05005027,0.00959314,Distant
Transcriptomics,YDR365C.RNASeq,SNPs,SNP_chromosome4_327242_G_A,4,327242,1.81E-06,0.28790226,0.05990559,0.07439841,Distant
Transcriptomics,YDR368W.RNASeq,SVs,CNV_YCL051W_Cov1.25,3,35865,5.38E-07,0.21367958,0.04231984,0.01314526,Distant
Transcriptomics,YDR368W.RNASeq,SNPs,SNP_chromosome5_531627_G_A,5,531627,5.47E-06,0.2159248,0.04721311,0.00797045,Distant
Proteomics,YDR368W.SCProt,SNPs,SNP_chromosome16_214566_C_T,16,214566,2.50E-06,-0.2264522,0.04777381,0.01077615,Distant
Transcriptomics,YDR371W.RNASeq,SNPs,SNP_chromosome10_398191_T_C,10,398191,9.95E-06,-0.1718768,0.03867824,0.01903548,Distant
Proteomics,YDR372C.SMProt,SNPs,SNP_chromosome15_652418_C_T,15,652418,6.67E-07,-0.2997065,0.05976162,0.03626397,Distant
Transcriptomics,YDR377W.RNASeq,SNPs,SNP_chromosome4_1318821_T_C,4,1318821,3.28E-06,0.31058094,0.06633274,0.05193709,Distant
Transcriptomics,YDR380W.RNASeq,SNPs,SNP_chromosome9_418524_A_G,9,418524,1.22E-06,0.22787213,0.04663691,0.01057425,Distant
Transcriptomics,YDR380W.RNASeq,SNPs,SNP_chromosome9_234893_G_T,9,234893,1.42E-06,-0.29535,0.06082861,0.06831334,Distant
Transcriptomics,YDR380W.RNASeq,SNPs,SNP_chromosome12_871188_G_A,12,871188,2.10E-06,-0.2024082,0.04238591,0.01089705,Distant
Transcriptomics,YDR380W.RNASeq,SNPs,SNP_chromosome2_361669_G_A,2,361669,3.44E-06,0.2832432,0.0606286,0.0472347,Distant
Proteomics,YDR382W.SMProt,SNPs,SNP_chromosome7_907935_C_T,7,907935,9.25E-07,-0.3441416,0.06953047,0.01670478,Distant
Transcriptomics,YDR384C.RNASeq,SNPs,SNP_chromosome9_336628_G_A,9,336628,1.14E-06,-0.2154105,0.04397223,0.0117231,Distant
Transcriptomics,YDR387C.RNASeq,SNPs,SNP_chromosome11_640763_T_C,11,640763,2.20E-06,-0.3145825,0.06600955,0.02183699,Distant
Transcriptomics,YDR388W.RNASeq,SNPs,SNP_chromosome11_250094_G_A,11,250094,1.96E-06,-0.2517173,0.05255513,0.05826958,Distant
Proteomics,YDR388W.SMProt,SNPs,SNP_chromosome4_1252116_A_G,4,1252116,2.12E-06,0.18027642,0.03771596,0.01256747,Local
Transcriptomics,YDR391C.RNASeq,SNPs,SNP_chromosome7_655851_C_T,7,655851,1.56E-06,-0.1874754,0.0387654,0.00640142,Distant
Transcriptomics,YDR391C.RNASeq,SNPs,SNP_chromosome6_155140_G_A,6,155140,2.43E-06,0.19636619,0.0413858,0.03047452,Distant
Transcriptomics,YDR393W.RNASeq,SNPs,SNP_chromosome10_395232_G_A,10,395232,3.41E-07,0.23958728,0.04663323,0.03337445,Distant
Transcriptomics,YDR394W.RNASeq,SNPs,SNP_chromosome4_1266696_G_A,4,1266696,2.13E-06,-0.2690309,0.05637487,0.06444605,Local
Transcriptomics,YDR396W.RNASeq,SNPs,SNP_chromosome2_685306_T_C,2,685306,3.80E-06,0.18165984,0.03905613,0.01153855,Distant
Transcriptomics,YDR397C.RNASeq,SNPs,SNP_chromosome4_1265205_C_T,4,1265205,1.01E-07,-0.3169651,0.05903116,0.09523076,Local
Transcriptomics,YDR397C.RNASeq,SNPs,SNP_chromosome7_372717_G_A,7,372717,2.05E-06,0.17946006,0.03754405,0.0088123,Distant
Transcriptomics,YDR399W.RNASeq,SNPs,SNP_chromosome7_655851_C_T,7,655851,9.35E-07,0.1869008,0.0378384,0.00636223,Distant
Transcriptomics,YDR400W.RNASeq,SNPs,SNP_chromosome4_1270902_A_G,4,1270902,3.65E-09,-0.3793816,0.0636657,0.13465526,Local
Transcriptomics,YDR400W.RNASeq,SVs,CNV_YHR095W_Cov0.75,8,292943,4.01E-06,-0.1471061,0.03170495,0.00906103,Distant
Transcriptomics,YDR400W.RNASeq,SNPs,SNP_chromosome4_1260275_A_G,4,1260275,6.80E-06,0.1748412,0.03862517,0.0092068,Local
Transcriptomics,YDR403W.RNASeq,SNPs,SNP_chromosome15_441341_A_G,15,441341,3.98E-06,-0.2950235,0.06356721,0.08006024,Distant
Transcriptomics,YDR404C.RNASeq,SNPs,SNP_chromosome4_1277282_G_T,4,1277282,9.43E-07,0.25119848,0.05087425,0.02570238,Local
Transcriptomics,YDR406W.RNASeq,SNPs,SNP_chromosome15_675643_A_T,15,675643,2.60E-06,-0.2707798,0.05724461,0.02924301,Distant
Transcriptomics,YDR408C.RNASeq,SNPs,SNP_chromosome2_634316_T_C,2,634316,4.51E-06,0.27561782,0.05972587,0.01551655,Distant
Proteomics,YDR408C.SMProt,SNPs,SNP_chromosome11_169303_G_A,11,169303,3.52E-06,0.37140079,0.07946726,0.04129968,Distant
Proteomics,YDR408C.SMProt,SNPs,SNP_chromosome2_15162_A_G,2,15162,3.64E-06,0.3504697,0.07510157,0.02543412,Distant
Transcriptomics,YDR410C.RNASeq,SVs,CNV_YDL227C_Cov0.75,4,46271,9.94E-15,0.26178797,0.03324855,0.01741357,Distant
Transcriptomics,YDR410C.RNASeq,SVs,CNV_YX00433_Cov1.25,3,190232,3.30E-08,0.18464386,0.03312804,0.01978419,Distant
Transcriptomics,YDR410C.RNASeq,SNPs,SNP_chromosome14_533533_A_G,14,533533,4.81E-06,0.19090233,0.04148989,0.00892831,Distant
Transcriptomics,YDR414C.RNASeq,SNPs,SNP_chromosome15_423658_C_T,15,423658,1.76E-06,-0.2690781,0.05592735,0.0508577,Distant
Transcriptomics,YDR414C.RNASeq,SNPs,SNP_chromosome3_36506_T_C,3,36506,1.98E-06,0.20120278,0.04203179,0.0134981,Distant
Transcriptomics,YDR415C.RNASeq,SNPs,SNP_chromosome4_1298262_A_G,4,1298262,7.60E-09,0.19394381,0.03324868,0.01163351,Local
Transcriptomics,YDR415C.RNASeq,SNPs,SNP_chromosome7_54455_C_G,7,54455,1.49E-06,0.26988621,0.05570231,0.04221773,Distant
Transcriptomics,YDR416W.RNASeq,SNPs,SNP_chromosome4_1298262_A_G,4,1298262,3.42E-07,0.18537764,0.03608579,0.01062854,Local
Transcriptomics,YDR416W.RNASeq,SNPs,SNP_chromosome14_334675_C_T,14,334675,4.54E-06,0.18671255,0.04047408,0.00581063,Distant
Transcriptomics,YDR423C.RNASeq,SNPs,SNP_chromosome4_1318821_T_C,4,1318821,2.89E-26,-0.6668268,0.06090864,0.23941647,Local
Transcriptomics,YDR423C.RNASeq,SNPs,SNP_chromosome4_1318030_A_C,4,1318030,1.09E-19,0.33733121,0.03629015,0.05044523,Local
Transcriptomics,YDR423C.RNASeq,SNPs,SNP_chromosome4_1318487_C_T,4,1318487,1.54E-13,0.2556546,0.03408721,0.01497433,Local
Transcriptomics,YDR423C.RNASeq,SNPs,SNP_chromosome10_330557_C_T,10,330557,7.74E-08,0.3050899,0.05630862,0.08132539,Distant
Transcriptomics,YDR423C.RNASeq,SNPs,SNP_chromosome12_537994_A_G,12,537994,2.27E-07,-0.246593,0.04727749,0.01690752,Distant
Transcriptomics,YDR423C.RNASeq,SNPs,SNP_chromosome10_330050_A_G,10,330050,7.99E-07,0.21047562,0.04234244,0.02816678,Distant
Transcriptomics,YDR423C.RNASeq,SNPs,SNP_chromosome4_1316641_A_G,4,1316641,8.71E-07,0.20353715,0.04108938,0.01782426,Local
Transcriptomics,YDR423C.RNASeq,SNPs,SNP_chromosome16_795316_C_T,16,795316,9.95E-07,0.20280053,0.04116143,0.01127006,Distant
Transcriptomics,YDR423C.RNASeq,SNPs,SNP_chromosome4_1317219_A_C,4,1317219,1.29E-06,-0.2489634,0.05106704,0.04795105,Local
Transcriptomics,YDR423C.RNASeq,SNPs,SNP_chromosome4_613152_T_C,4,613152,1.36E-06,-0.2323535,0.04777203,0.01193284,Distant
Transcriptomics,YDR423C.RNASeq,SNPs,SNP_chromosome4_1331912_C_T,4,1331912,2.62E-06,0.16685461,0.03528145,0.00496736,Local
Transcriptomics,YDR423C.RNASeq,SNPs,SNP_chromosome10_330767_C_T,10,330767,3.31E-06,0.22879486,0.04888321,0.03084266,Distant
Transcriptomics,YDR423C.RNASeq,SNPs,SNP_chromosome4_391959_C_T,4,391959,3.36E-06,-0.2423012,0.05180902,0.02232023,Distant
Transcriptomics,YDR423C.RNASeq,SNPs,SNP_chromosome4_1318086_G_T,4,1318086,3.56E-06,-0.2154141,0.04617909,0.04142015,Local
Proteomics,YDR427W.SMProt,SNPs,SNP_chromosome1_190558_T_A,1,190558,1.94E-06,0.24743106,0.05156022,0.05003859,Distant
Proteomics,YDR428C.SMProt,SNPs,SNP_chromosome4_1324081_T_G,4,1324081,1.03E-08,-0.2247015,0.03878857,0.02606097,Local
Transcriptomics,YDR429C.RNASeq,SNPs,SNP_chromosome13_213896_G_C,13,213896,2.28E-06,0.18388551,0.03865187,0.00585164,Distant
Proteomics,YDR429C.SMProt,SNPs,SNP_chromosome16_235149_A_G,16,235149,4.42E-08,0.23960213,0.04331354,0.03949204,Distant
Transcriptomics,YDR430C.RNASeq,SNPs,SNP_chromosome8_420789_T_C,8,420789,2.73E-06,-0.1763029,0.03735143,0.00828345,Distant
Transcriptomics,YDR430C.RNASeq,SNPs,SNP_chromosome16_421124_A_G,16,421124,6.06E-06,-0.3160277,0.06943404,0.08059368,Distant
Transcriptomics,YDR432W.RNASeq,SNPs,SNP_chromosome12_42657_C_T,12,42657,5.14E-06,-0.2374244,0.05175971,0.02535135,Distant
Transcriptomics,YDR432W.RNASeq,SNPs,SNP_chromosome14_605032_C_G,14,605032,5.65E-06,0.28084485,0.06149865,0.05946585,Distant
Proteomics,YDR434W.SMProt,SNPs,SNP_chromosome8_192841_G_A,8,192841,3.19E-06,-0.2091926,0.04455693,0.01069884,Distant
Transcriptomics,YDR435C.RNASeq,SNPs,SNP_chromosome4_1333527_A_G,4,1333527,6.75E-07,0.20279605,0.04052446,0.03204689,Local
Transcriptomics,YDR435C.RNASeq,SNPs,SNP_chromosome3_210436_C_A,3,210436,1.69E-06,0.27580547,0.05722471,0.0459206,Distant
Transcriptomics,YDR436W.RNASeq,SNPs,SNP_chromosome15_874326_C_A,15,874326,2.21E-06,-0.1949773,0.04092614,0.02381138,Distant
Transcriptomics,YDR437W.RNASeq,SNPs,SNP_chromosome3_208432_C_T,3,208432,1.11E-06,0.22628787,0.04613693,0.01061911,Distant
Transcriptomics,YDR438W.RNASeq,SNPs,SNP_chromosome12_250289_G_A,12,250289,5.89E-06,0.23365087,0.05126474,0.01544341,Distant
Transcriptomics,YDR438W.RNASeq,SNPs,SNP_chromosome7_53416_T_G,7,53416,6.39E-06,-0.158736,0.03496175,0.00977392,Distant
Transcriptomics,YDR442W.RNASeq,SNPs,SNP_chromosome4_1345591_T_C,4,1345591,4.81E-08,-0.302789,0.05499648,0.0397282,Local
Transcriptomics,YDR442W.RNASeq,SNPs,SNP_chromosome4_1344347_A_G,4,1344347,7.87E-07,-0.2040943,0.04103424,0.01025812,Local
Transcriptomics,YDR447C.RNASeq,SNPs,SNP_chromosome15_76985_G_A,15,76985,1.02E-06,-0.207966,0.04225017,0.03979132,Distant
Transcriptomics,YDR452W.RNASeq,SNPs,SNP_chromosome4_1362669_C_G,4,1362669,1.01E-11,-0.2870267,0.04161864,0.07106723,Local
Transcriptomics,YDR452W.RNASeq,SNPs,SNP_chromosome4_1364465_C_T,4,1364465,1.57E-09,-0.2121988,0.03478356,0.02339521,Local
Transcriptomics,YDR453C.RNASeq,SNPs,SNP_chromosome11_167158_A_G,11,167158,3.22E-06,-0.2904141,0.06197435,0.01800932,Distant
Transcriptomics,YDR453C.RNASeq,SNPs,SNP_chromosome4_186355_G_A,4,186355,6.17E-06,-0.2188698,0.04812851,0.00985849,Distant
Proteomics,YDR454C.SCProt,SVs,CNV_YLR178C_Cov0.75,12,513162,3.60E-08,-0.192063,0.03454483,0.03496975,Distant
Proteomics,YDR454C.SCProt,SNPs,SNP_chromosome8_474210_T_C,8,474210,3.08E-07,-0.2163631,0.04193814,0.01555979,Distant
Proteomics,YDR454C.SCProt,SVs,CNV_YDR119W-A_Cov0.75,4,691014,5.50E-07,-0.1743923,0.03456075,0.02619654,Distant
Proteomics,YDR454C.SCProt,SNPs,SNP_chromosome5_169068_C_T,5,169068,2.15E-06,-0.2846661,0.05966295,0.01568346,Distant
Proteomics,YDR454C.SCProt,SNPs,SNP_chromosome14_695040_A_G,14,695040,2.20E-06,0.18937979,0.03973396,0.02578997,Distant
Proteomics,YDR454C.SCProt,SVs,CNV_YDR231C_Cov0.75,4,926293,3.97E-06,0.16136169,0.03475656,0.02613032,Distant
Proteomics,YDR454C.SCProt,SVs,CNV_YBR031W_Cov1.75,2,300166,4.03E-06,-0.1645193,0.03545787,0.02583358,Distant
Transcriptomics,YDR458C.RNASeq,SNPs,SNP_chromosome4_1382093_G_T,4,1382093,1.61E-09,0.21781171,0.0357264,0.0160061,Local
Transcriptomics,YDR458C.RNASeq,SNPs,SNP_chromosome10_310647_C_T,10,310647,1.50E-06,-0.1762066,0.03638038,0.0069694,Distant
Transcriptomics,YDR458C.RNASeq,SNPs,SNP_chromosome16_421124_A_G,16,421124,2.73E-06,-0.3268045,0.06923438,0.08618402,Distant
Transcriptomics,YDR460W.RNASeq,SNPs,SNP_chromosome4_1122421_A_T,4,1122421,2.96E-07,0.2847085,0.05512012,0.02657247,Distant
Transcriptomics,YDR461C-A.RNASeq,SVs,CNV_YX00433_Cov1.75,3,190232,3.05E-09,0.20907313,0.03490793,0.03594088,Distant
Transcriptomics,YDR461C-A.RNASeq,SNPs,SNP_chromosome4_1346057_G_A,4,1346057,3.69E-08,0.27128324,0.04884942,0.02826636,Distant
Transcriptomics,YDR461C-A.RNASeq,SVs,CNV_YDR207C_Cov0.75,4,865012,3.36E-07,0.18308246,0.03561307,0.00915901,Distant
Transcriptomics,YDR461C-A.RNASeq,SNPs,SNP_chromosome7_1026694_A_C,7,1026694,5.56E-07,0.23754621,0.04710901,0.01148183,Distant
Transcriptomics,YDR461C-A.RNASeq,SVs,CNV_YCL066W_Cov1.25,3,13282,6.64E-07,0.1988536,0.03971002,0.02728054,Distant
Transcriptomics,YDR461C-A.RNASeq,SNPs,SNP_chromosome4_356804_T_C,4,356804,4.10E-06,0.19745317,0.04260199,0.00752902,Distant
Transcriptomics,YDR461W.RNASeq,SVs,CNV_YCL066W_Cov1.25,3,13282,3.72E-17,0.33749379,0.03927349,0.07938434,Distant
Transcriptomics,YDR461W.RNASeq,SVs,CNV_YX00455_Cov0.75,3,199369,5.69E-12,0.25166333,0.03604692,0.05594107,Distant
Transcriptomics,YDR461W.RNASeq,SVs,CNV_YX00433_Cov1.75,3,190232,1.44E-10,0.23348622,0.03599058,0.04528862,Distant
Transcriptomics,YDR471W.RNASeq,SNPs,SNP_chromosome12_585709_A_T,12,585709,1.81E-06,0.21499195,0.0447391,0.03270603,Distant
Proteomics,YDR472W.SMProt,SNPs,SNP_chromosome2_164166_G_C,2,164166,8.53E-07,0.18229679,0.03671051,0.01028973,Distant
Transcriptomics,YDR473C.RNASeq,SVs,CNV_YX02767_Cov3.75,13,909298,4.08E-06,0.17523036,0.03779645,0.01514987,Distant
Transcriptomics,YDR476C.RNASeq,SNPs,SNP_chromosome4_1411068_A_G,4,1411068,8.47E-07,-0.2575419,0.05193199,0.02440923,Local
Transcriptomics,YDR476C.RNASeq,SNPs,SNP_chromosome7_622579_G_A,7,622579,3.70E-06,-0.2916845,0.06263664,0.05114995,Distant
Proteomics,YDR477W.SMProt,SNPs,SNP_chromosome4_1297994_G_A,4,1297994,4.25E-07,-0.3660147,0.07171518,0.09547842,Distant
Transcriptomics,YDR478W.RNASeq,SNPs,SNP_chromosome4_1415193_A_T,4,1415193,3.06E-09,-0.2752967,0.04597036,0.0327642,Local
Transcriptomics,YDR478W.RNASeq,SNPs,SNP_chromosome4_1414935_T_C,4,1414935,1.69E-08,-0.2634728,0.04627682,0.03297924,Local
Transcriptomics,YDR483W.RNASeq,SNPs,SNP_chromosome4_1420967_T_C,4,1420967,2.38E-14,0.31233484,0.040269,0.01926854,Local
Transcriptomics,YDR483W.RNASeq,SNPs,SNP_chromosome8_299939_C_G,8,299939,5.52E-06,0.24792992,0.05423127,0.02198206,Distant
Proteomics,YDR483W.SMProt,SNPs,SNP_chromosome4_1420967_T_C,4,1420967,3.64E-11,0.27491894,0.04090518,0.01499389,Local
Proteomics,YDR483W.SMProt,SNPs,SNP_chromosome4_1423656_G_A,4,1423656,9.08E-07,0.19318569,0.0390028,0.00962823,Local
Transcriptomics,YDR485C.RNASeq,SNPs,SNP_chromosome14_691878_T_C,14,691878,4.34E-06,-0.1959361,0.04238161,0.02992324,Distant
Transcriptomics,YDR485C.RNASeq,SNPs,SNP_chromosome10_329903_C_T,10,329903,7.63E-06,-0.2356051,0.05233658,0.04901313,Distant
Transcriptomics,YDR487C.RNASeq,SNPs,SNP_chromosome14_138759_T_C,14,138759,9.37E-07,0.26025144,0.0526928,0.02823863,Distant
Transcriptomics,YDR487C.RNASeq,SNPs,SNP_chromosome4_1428277_T_C,4,1428277,2.48E-06,0.26568109,0.05604514,0.02504152,Local
Transcriptomics,YDR487C.RNASeq,SNPs,SNP_chromosome2_426776_A_G,2,426776,3.09E-06,0.21389968,0.04556433,0.01023409,Distant
Proteomics,YDR487C.SCProt,SNPs,SNP_chromosome4_1428277_T_C,4,1428277,1.65E-08,0.33725211,0.05917804,0.0419945,Local
Proteomics,YDR487C.SMProt,SNPs,SNP_chromosome4_1428277_T_C,4,1428277,1.68E-06,0.28845312,0.0597447,0.0308136,Local
Proteomics,YDR487C.SMProt,SNPs,SNP_chromosome15_306699_T_C,15,306699,2.88E-06,-0.2346033,0.04974067,0.02489106,Distant
Proteomics,YDR487C.SMProt,SNPs,SNP_chromosome11_139373_G_A,11,139373,4.68E-06,0.30657804,0.06645483,0.01455935,Distant
Transcriptomics,YDR488C.RNASeq,SNPs,SNP_chromosome4_1429123_T_C,4,1429123,1.37E-07,0.31708592,0.05968815,0.08430892,Local
Transcriptomics,YDR488C.RNASeq,SNPs,SNP_chromosome4_1428286_A_C,4,1428286,6.86E-07,0.23491,0.04697228,0.02793453,Local
Transcriptomics,YDR489W.RNASeq,SNPs,SNP_chromosome14_34650_T_A,14,34650,5.18E-06,0.29465308,0.06426219,0.08154294,Distant
Transcriptomics,YDR497C.RNASeq,SNPs,SNP_chromosome4_1445249_C_T,4,1445249,5.27E-08,0.3115435,0.05675859,0.08252395,Local
Transcriptomics,YDR497C.RNASeq,SNPs,SNP_chromosome14_673610_G_A,14,673610,8.65E-07,0.26797598,0.05408206,0.02858153,Distant
Transcriptomics,YDR497C.RNASeq,SNPs,SNP_chromosome11_9490_T_C,11,9490,4.59E-06,-0.2032058,0.0440683,0.01070566,Distant
Proteomics,YDR497C.SMProt,SNPs,SNP_chromosome4_1445249_C_T,4,1445249,2.33E-09,0.39885953,0.06594045,0.13236014,Local
Proteomics,YDR497C.SMProt,SVs,CNV_YX01734_Cov6.25,17,741979,9.43E-07,-0.1740813,0.03519981,0.00769735,Distant
Proteomics,YDR497C.SMProt,SNPs,SNP_chromosome4_1444679_C_T,4,1444679,2.77E-06,-0.342695,0.07253685,0.03102303,Local
Proteomics,YDR500C.SCProt,SNPs,SNP_chromosome16_760952_A_T,16,760952,1.80E-06,-0.2096718,0.04361446,0.00862814,Distant
Proteomics,YDR500C.SMProt,SNPs,SNP_chromosome7_907935_C_T,7,907935,1.88E-06,-0.3006866,0.06257219,0.01285128,Distant
Proteomics,YDR500C.SMProt,SNPs,SNP_chromosome6_48886_G_A,6,48886,2.32E-06,-0.2888625,0.06067108,0.01343176,Distant
Transcriptomics,YDR502C.RNASeq,SNPs,SNP_chromosome4_78264_A_C,4,78264,9.92E-08,0.34662553,0.06452094,0.11003706,Distant
Transcriptomics,YDR502C.RNASeq,SNPs,SNP_chromosome8_181082_A_G,8,181082,5.89E-06,0.23749303,0.05210887,0.03662104,Distant
Proteomics,YDR502C.SMProt,SNPs,SNP_chromosome4_1453164_C_G,4,1453164,8.14E-07,-0.2055373,0.04131289,0.026217,Local
Proteomics,YDR502C.SMProt,SVs,CNV_YPL274W_Cov1.75,16,22938,3.22E-06,-0.2752989,0.05866787,0.04158051,Distant
Transcriptomics,YDR503C.RNASeq,INDELs,INDEL_chromosome11_374471,11,374471,3.73E-06,-0.2341131,0.05029382,0.02408659,Distant
Transcriptomics,YDR505C.RNASeq,SNPs,SNP_chromosome15_1078080_A_G,15,1078080,2.93E-06,0.31750202,0.06747345,0.05808952,Distant
Transcriptomics,YDR506C.RNASeq,SVs,SV_1654_INS_chromosome4_1461841_len_5340_TyRelated,4,1461841,2.89E-09,0.22248107,0.03709007,0.01568218,Local
Transcriptomics,YDR506C.RNASeq,INDELs,INDEL_chromosome4_1296729,4,1296729,2.53E-06,0.26876518,0.05674209,0.04368651,Distant
Proteomics,YDR507C.SMProt,SNPs,SNP_chromosome16_74774_G_C,16,74774,1.66E-06,0.21146517,0.04378192,0.0078138,Distant
Transcriptomics,YDR510W.RNASeq,SNPs,SNP_chromosome9_93243_T_A,9,93243,7.67E-07,-0.255439,0.05130424,0.01320772,Distant
Transcriptomics,YDR511W.RNASeq,INDELs,INDEL_chromosome4_1470991,4,1470991,4.62E-06,0.26893512,0.05834301,0.05111088,Local
Transcriptomics,YDR513W.RNASeq,SVs,CNV_YX02137_Cov1.75,11,1299,6.79E-07,-0.2477398,0.04951842,0.01969721,Distant
Proteomics,YDR513W.SCProt,SVs,CNV_YDR504C_Cov1.25,4,1456311,4.69E-06,0.16947716,0.03678338,0.0251209,Local
Proteomics,YDR513W.SMProt,SVs,SV_2291_CONTR_chromosome6_178166_len_141,6,178166,1.43E-07,0.21555796,0.04056691,0.04015337,Distant
Proteomics,YDR513W.SMProt,SNPs,SNP_chromosome10_553445_T_C,10,553445,5.19E-07,0.20487221,0.04045158,0.01279349,Distant
Proteomics,YDR515W.SMProt,SNPs,SNP_chromosome4_1296045_T_A,4,1296045,5.03E-12,-0.4704803,0.06700292,0.19572764,Distant
Proteomics,YDR515W.SMProt,SNPs,SNP_chromosome8_227009_C_T,8,227009,4.35E-07,0.23925972,0.04691963,0.05043996,Distant
Proteomics,YDR515W.SMProt,SNPs,SNP_chromosome12_774232_C_G,12,774232,1.59E-06,-0.1666557,0.03444069,0.00706582,Distant
Proteomics,YDR515W.SMProt,SNPs,SNP_chromosome8_218539_T_C,8,218539,2.60E-06,0.1775065,0.03746483,0.00716663,Distant
Transcriptomics,YDR519W.RNASeq,SNPs,SNP_chromosome11_106896_A_G,11,106896,5.29E-06,-0.1835045,0.04006101,0.02451874,Distant
Transcriptomics,YDR522C.RNASeq,SNPs,SNP_chromosome2_145108_T_C,2,145108,3.96E-06,0.27131529,0.05844588,0.05959306,Distant
Transcriptomics,YDR523C.RNASeq,SNPs,SNP_chromosome6_43072_A_G,6,43072,4.29E-06,0.25693689,0.05554829,0.02229746,Distant
Proteomics,YDR529C.SMProt,SNPs,SNP_chromosome15_87202_G_A,15,87202,1.13E-06,-0.2698808,0.05498312,0.02606937,Distant
Proteomics,YDR529C.SMProt,SNPs,SNP_chromosome3_216193_T_C,3,216193,1.65E-06,0.28312778,0.05859836,0.01816412,Distant
Transcriptomics,YDR530C.RNASeq,INDELs,INDEL_chromosome4_1498006,4,1498006,8.04E-08,-0.3605005,0.06662177,0.06265736,Local
Transcriptomics,YDR530C.RNASeq,SNPs,SNP_chromosome4_1498235_C_T,4,1498235,1.64E-07,-0.3658659,0.06931544,0.06618208,Local
Transcriptomics,YDR530C.RNASeq,SNPs,SNP_chromosome4_1497589_G_A,4,1497589,1.15E-06,-0.2741787,0.05598609,0.05919704,Local
Transcriptomics,YDR530C.RNASeq,SVs,CNV_YNR071C_Cov0.25,14,770440,1.94E-06,0.2308412,0.04818384,0.01148932,Distant
Transcriptomics,YDR533C.RNASeq,SNPs,SNP_chromosome2_507764_C_T,2,507764,3.53E-08,-0.4163496,0.07486243,0.04266746,Distant
Transcriptomics,YDR533C.RNASeq,SNPs,SNP_chromosome6_42070_C_G,6,42070,1.77E-07,-0.3444835,0.06544431,0.08781617,Distant
Transcriptomics,YDR533C.RNASeq,SNPs,SNP_chromosome15_162379_G_A,15,162379,5.64E-07,-0.3526856,0.06997954,0.08970548,Distant
Transcriptomics,YDR533C.RNASeq,SNPs,SNP_chromosome12_393235_G_A,12,393235,1.10E-06,0.24435612,0.04980449,0.01766186,Distant
Transcriptomics,YDR533C.RNASeq,SNPs,SNP_chromosome12_399187_C_T,12,399187,1.33E-06,-0.2823561,0.05799826,0.02529266,Distant
Transcriptomics,YDR533C.RNASeq,SNPs,SNP_chromosome12_112804_C_T,12,112804,1.49E-06,-0.2200885,0.04541783,0.00899913,Distant
Transcriptomics,YDR533C.RNASeq,SNPs,SNP_chromosome16_902772_T_C,16,902772,2.48E-06,-0.2669194,0.05630814,0.01532532,Distant
Transcriptomics,YDR533C.RNASeq,SNPs,SNP_chromosome7_143745_C_T,7,143745,2.58E-06,0.29953213,0.06329919,0.02597027,Distant
Transcriptomics,YDR533C.RNASeq,SNPs,SNP_chromosome2_432821_G_A,2,432821,2.80E-06,-0.2851746,0.060479,0.04096978,Distant
Transcriptomics,YDR533C.RNASeq,SNPs,SNP_chromosome1_35568_A_G,1,35568,3.05E-06,0.26597924,0.05662236,0.01770109,Distant
Transcriptomics,YDR533C.RNASeq,SNPs,SNP_chromosome11_535595_G_A,11,535595,3.21E-06,0.33401167,0.07126605,0.02274535,Distant
Proteomics,YDR533C.SMProt,SNPs,SNP_chromosome2_507764_C_T,2,507764,3.97E-06,-0.361045,0.07766997,0.02515975,Distant
Transcriptomics,YDR535C.RNASeq,SNPs,SNP_chromosome12_790871_G_A,12,790871,6.51E-07,-0.2361391,0.04711539,0.01024634,Distant
Transcriptomics,YDR538W.RNASeq,SNPs,SNP_chromosome4_1513356_C_T,4,1513356,1.59E-07,0.23768285,0.0449783,0.01170807,Local
Transcriptomics,YDR538W.RNASeq,SNPs,SNP_chromosome11_515221_A_G,11,515221,4.59E-06,0.3208044,0.06957563,0.02388156,Distant
Transcriptomics,YDR539W.RNASeq,SNPs,SNP_chromosome4_1520285_C_T,4,1520285,7.54E-17,-0.4502367,0.05293656,0.18339156,Local
Transcriptomics,YDR539W.RNASeq,SNPs,SNP_chromosome4_1512102_G_A,4,1512102,1.55E-14,-0.3988574,0.05104617,0.11989206,Local
Transcriptomics,YDR539W.RNASeq,SNPs,SNP_chromosome4_1520549_A_T,4,1520549,7.04E-11,-0.3130401,0.04743139,0.01933256,Local
Transcriptomics,YDR539W.RNASeq,SNPs,SNP_chromosome4_1509432_C_T,4,1509432,4.94E-10,0.26685675,0.0424207,0.01308107,Local
Transcriptomics,YDR539W.RNASeq,SNPs,SNP_chromosome2_14862_T_C,2,14862,1.87E-07,-0.2796894,0.05323876,0.01481709,Distant
Transcriptomics,YDR539W.RNASeq,SNPs,SNP_chromosome9_270192_C_T,9,270192,5.91E-07,0.27326478,0.05432263,0.02889126,Distant
Transcriptomics,YDR539W.RNASeq,SNPs,SNP_chromosome12_612230_G_A,12,612230,1.21E-06,-0.2798766,0.05726278,0.01820574,Distant
Transcriptomics,YDR539W.RNASeq,SNPs,SNP_chromosome16_644147_A_G,16,644147,1.41E-06,0.19367078,0.03987705,0.00807458,Distant
Transcriptomics,YDR539W.RNASeq,SNPs,SNP_chromosome4_1497031_G_A,4,1497031,8.30E-06,-0.2250669,0.05020064,0.02165713,Local
Transcriptomics,YDR539W.RNASeq,INDELs,INDEL_chromosome5_526638,5,526638,8.62E-06,0.15457389,0.03454111,0.00482785,Distant
Transcriptomics,YDR541C.RNASeq,SNPs,SNP_chromosome12_313034_C_G,12,313034,1.51E-09,0.56798842,0.09300995,0.08435109,Distant
Transcriptomics,YDR541C.RNASeq,SNPs,SNP_chromosome12_73757_C_G,12,73757,7.36E-07,0.35640318,0.0714657,0.02338415,Distant
Transcriptomics,YDR541C.RNASeq,SNPs,SNP_chromosome12_205884_A_G,12,205884,1.23E-06,0.27825899,0.05697946,0.01451992,Distant
Transcriptomics,YDR541C.RNASeq,SNPs,SNP_chromosome2_119039_G_A,2,119039,1.26E-06,0.24032771,0.04925326,0.01052782,Distant
Transcriptomics,YDR541C.RNASeq,SNPs,SNP_chromosome8_495719_T_C,8,495719,1.58E-06,-0.2369527,0.04902907,0.0141429,Distant
Transcriptomics,YDR541C.RNASeq,SNPs,SNP_chromosome13_418899_A_G,13,418899,4.20E-06,-0.2649572,0.0572301,0.01258172,Distant
Transcriptomics,YDR541C.RNASeq,SNPs,SNP_chromosome4_79505_C_T,4,79505,4.81E-06,0.28713901,0.06240928,0.01812426,Distant
Transcriptomics,YDR545W.RNASeq,SVs,CNV_YEL074W_Cov9.25,5,6126,7.99E-33,0.31420036,0.02528342,0.09278539,Distant
Transcriptomics,YDR545W.RNASeq,SVs,CNV_YEL075W-A_Cov3.25,5,4870,1.09E-27,-0.315185,0.02793892,0.09771625,Distant
Transcriptomics,YDR545W.RNASeq,SVs,CNV_YGR296W_Cov17.75,7,1084864,3.95E-27,0.30642733,0.02747962,0.07936806,Local
Transcriptomics,YDR545W.RNASeq,SVs,CNV_YX01034_Cov20.75,17,533640,4.31E-21,0.20795721,0.02151324,0.00982791,Distant
Transcriptomics,YDR545W.RNASeq,SVs,CNV_YBL113W-A_Cov1.25,2,646,5.54E-17,-0.2224834,0.02604033,0.04029732,Distant
Transcriptomics,YDR545W.RNASeq,SVs,CNV_YNL338W_Cov1.75,14,6561,8.32E-16,0.18498101,0.02255965,0.02005139,Distant
Transcriptomics,YDR545W.RNASeq,SVs,CNV_YLR466C-B_Cov0.75,12,1071594,1.02E-15,0.20680881,0.02530169,0.04296545,Distant
Transcriptomics,YDR545W.RNASeq,SVs,CNV_YLL066W-B_Cov1.25,12,5605,1.43E-15,-0.1875013,0.02306546,0.03484316,Distant
Transcriptomics,YDR545W.RNASeq,SVs,CNV_YLR465C_Cov0.25,12,1067045,6.69E-09,-0.1643277,0.02806555,0.02258543,Distant
Transcriptomics,YDR545W.RNASeq,SVs,CNV_YX00929_Cov0.75,4,1535038,5.60E-06,0.10565102,0.02312675,0.0065409,Local
Transcriptomics,YEL001C.RNASeq,SNPs,SNP_chromosome11_148080_A_G,11,148080,2.08E-06,0.29532532,0.06182159,0.0278187,Distant
Transcriptomics,YEL002C.RNASeq,SNPs,SNP_chromosome12_399187_C_T,12,399187,6.87E-08,0.29332065,0.05391763,0.02729514,Distant
Proteomics,YEL002C.SMProt,SNPs,SNP_chromosome4_1298829_C_A,4,1298829,2.43E-06,-0.3509304,0.07384974,0.11025787,Distant
Transcriptomics,YEL004W.RNASeq,SNPs,SNP_chromosome15_176350_G_A,15,176350,1.54E-06,0.26872806,0.05553298,0.01395678,Distant
Transcriptomics,YEL005C.RNASeq,SNPs,SNP_chromosome11_290740_C_T,11,290740,2.46E-07,0.26425777,0.05081419,0.01542975,Distant
Proteomics,YEL011W.SMProt,SNPs,SNP_chromosome15_725266_T_A,15,725266,1.96E-06,-0.1961039,0.04088464,0.01633423,Distant
Proteomics,YEL013W.SMProt,SNPs,SNP_chromosome7_766797_C_T,7,766797,8.29E-09,0.30206776,0.05180614,0.08747286,Distant
Proteomics,YEL013W.SMProt,SNPs,SNP_chromosome15_257563_G_T,15,257563,1.71E-06,-0.267423,0.05542812,0.01945275,Distant
Transcriptomics,YEL014C.RNASeq,SNPs,SNP_chromosome8_496663_C_T,8,496663,4.53E-06,0.25230153,0.05468233,0.04117952,Distant
Transcriptomics,YEL016C.RNASeq,SNPs,SNP_chromosome15_176350_G_A,15,176350,5.91E-07,0.30214682,0.06006197,0.01764392,Distant
Transcriptomics,YEL018W.RNASeq,SNPs,SNP_chromosome5_122351_A_G,5,122351,1.43E-12,0.32580985,0.04535801,0.02974914,Local
Transcriptomics,YEL019C.RNASeq,SNPs,SNP_chromosome5_119409_A_G,5,119409,6.31E-09,0.35115334,0.05987209,0.11116995,Local
Proteomics,YEL020W-A.SCProt,SNPs,SNP_chromosome9_192411_T_C,9,192411,1.34E-06,-0.1748127,0.03591384,0.01079261,Distant
Proteomics,YEL020W-A.SCProt,SNPs,SNP_chromosome16_24701_G_A,16,24701,5.40E-06,-0.1794992,0.03921418,0.00536639,Distant
Proteomics,YEL020W-A.SCProt,SVs,CNV_YX03333_Cov0.75,16,442717,6.17E-06,-0.1585136,0.03485018,0.02395462,Distant
Proteomics,YEL020W-A.SMProt,SNPs,SNP_chromosome10_357265_A_G,10,357265,3.38E-06,-0.2046166,0.04370025,0.01048655,Distant
Proteomics,YEL021W.SMProt,SNPs,SNP_chromosome12_174195_T_A,12,174195,2.67E-07,-0.2079744,0.04004036,0.01355618,Distant
Transcriptomics,YEL023C.RNASeq,SNPs,SNP_chromosome14_713710_G_A,14,713710,1.86E-06,-0.1710251,0.03562847,0.0152555,Distant
Transcriptomics,YEL023C.RNASeq,SNPs,SNP_chromosome8_319470_G_A,8,319470,2.56E-06,0.27320675,0.0577151,0.02530965,Distant
Proteomics,YEL024W.SMProt,SVs,CNV_YX02137_Cov0.25,11,1299,1.15E-06,0.19203141,0.03914065,0.02923678,Distant
Proteomics,YEL024W.SMProt,SNPs,SNP_chromosome9_212456_A_G,9,212456,5.56E-06,-0.2870941,0.06273539,0.03261248,Distant
Transcriptomics,YEL028W.RNASeq,SNPs,SNP_chromosome5_100400_T_A,5,100400,3.36E-10,-0.3785718,0.05959228,0.11562443,Local
Transcriptomics,YEL028W.RNASeq,INDELs,INDEL_chromosome5_99584,5,99584,5.96E-09,-0.3650995,0.06214549,0.11157634,Local
Transcriptomics,YEL031W.RNASeq,SNPs,SNP_chromosome7_1058166_C_T,7,1058166,2.71E-06,-0.1971455,0.04174789,0.00800025,Distant
Transcriptomics,YEL031W.RNASeq,SNPs,SNP_chromosome12_87208_G_T,12,87208,4.36E-06,-0.2146175,0.04643671,0.01195969,Distant
Proteomics,YEL032W.SMProt,SNPs,SNP_chromosome15_818536_T_C,15,818536,6.76E-07,0.20078988,0.04006009,0.02391392,Distant
Proteomics,YEL034W.SMProt,SNPs,SNP_chromosome10_229400_A_G,10,229400,9.69E-06,-0.2325796,0.05220286,0.01359608,Distant
Transcriptomics,YEL035C.RNASeq,SNPs,SNP_chromosome5_83919_T_C,5,83919,9.77E-08,0.25027007,0.0465616,0.00944443,Local
Proteomics,YEL036C.SMProt,SNPs,SNP_chromosome4_1298829_C_A,4,1298829,1.25E-08,-0.4312395,0.07487826,0.16796584,Distant
Transcriptomics,YEL040W.RNASeq,SNPs,SNP_chromosome15_153881_C_T,15,153881,3.15E-06,-0.2843892,0.06063075,0.02272434,Distant
Proteomics,YEL040W.SMProt,SNPs,SNP_chromosome9_96598_A_C,9,96598,1.06E-06,0.25212247,0.05122082,0.0192501,Distant
Proteomics,YEL042W.SMProt,SNPs,SNP_chromosome16_235149_A_G,16,235149,6.13E-07,-0.2209823,0.04391729,0.03380235,Distant
Proteomics,YEL042W.SMProt,SNPs,SNP_chromosome7_907935_C_T,7,907935,3.02E-06,-0.3130947,0.06653148,0.01373122,Distant
Proteomics,YEL042W.SMProt,SNPs,SNP_chromosome11_232156_G_C,11,232156,3.51E-06,-0.196882,0.04211884,0.0079726,Distant
Proteomics,YEL042W.SMProt,SNPs,SNP_chromosome12_263103_C_T,12,263103,4.24E-06,0.18796133,0.04055722,0.02368048,Distant
Transcriptomics,YEL045C.RNASeq,SNPs,SNP_chromosome16_693600_C_T,16,693600,3.42E-06,0.18061961,0.03865135,0.02370597,Distant
Transcriptomics,YEL046C.RNASeq,SNPs,SNP_chromosome15_176350_G_A,15,176350,2.65E-06,-0.2882704,0.06098398,0.01606051,Distant
Proteomics,YEL046C.SMProt,INDELs,INDEL_chromosome5_69153,5,69153,1.33E-11,-0.5390986,0.07841485,0.16076414,Local
Proteomics,YEL046C.SMProt,SNPs,SNP_chromosome5_69459_C_T,5,69459,1.12E-07,-0.4237995,0.07907798,0.15767192,Local
Proteomics,YEL047C.SMProt,SNPs,SNP_chromosome5_133173_G_A,5,133173,7.99E-06,0.34356011,0.07638445,0.05341116,Distant
Transcriptomics,YEL050C.RNASeq,SNPs,SNP_chromosome7_554853_T_C,7,554853,6.91E-06,-0.1907369,0.0421671,0.00479597,Distant
Transcriptomics,YEL050W-A.RNASeq,SVs,CNV_YX02137_Cov0.25,11,1299,1.95E-06,0.18834178,0.03931998,0.02975142,Distant
Proteomics,YEL051W.SCProt,SVs,CNV_YOR072W-A_Cov0.75,15,461791,1.04E-06,0.18333657,0.03727086,0.03274043,Distant
Proteomics,YEL051W.SCProt,SNPs,SNP_chromosome10_561941_G_A,10,561941,2.88E-06,0.20995952,0.04457392,0.01031551,Distant
Transcriptomics,YEL054C.RNASeq,SNPs,SNP_chromosome3_43304_A_G,3,43304,4.25E-06,0.24383053,0.0526911,0.03630983,Distant
Transcriptomics,YEL055C.RNASeq,SNPs,SNP_chromosome7_655851_C_T,7,655851,3.20E-06,0.18568083,0.03961513,0.00627945,Distant
Proteomics,YEL056W.SMProt,SNPs,SNP_chromosome4_1298829_C_A,4,1298829,4.61E-08,-0.4291095,0.07768117,0.1625502,Distant
Proteomics,YEL056W.SMProt,SNPs,SNP_chromosome4_1301390_T_C,4,1301390,2.34E-07,-0.2751877,0.05272008,0.02668536,Distant
Transcriptomics,YEL057C.RNASeq,SNPs,SNP_chromosome5_45702_T_C,5,45702,3.96E-29,0.45487579,0.03917819,0.14108937,Local
Transcriptomics,YEL057C.RNASeq,SNPs,SNP_chromosome5_45023_G_A,5,45023,1.20E-10,-0.3983129,0.06112521,0.14404861,Local
Transcriptomics,YEL057C.RNASeq,SNPs,SNP_chromosome5_46574_A_G,5,46574,1.61E-09,-0.251577,0.04126257,0.04007149,Local
Transcriptomics,YEL057C.RNASeq,SNPs,SNP_chromosome13_688957_C_T,13,688957,4.10E-07,-0.25032,0.04906038,0.01959877,Distant
Transcriptomics,YEL057C.RNASeq,SNPs,SNP_chromosome15_257573_G_A,15,257573,6.64E-06,-0.1723138,0.03802262,0.00839987,Distant
Proteomics,YEL060C.SCProt,SNPs,SNP_chromosome4_835165_C_A,4,835165,7.00E-06,-0.1912059,0.0422891,0.01365709,Distant
Proteomics,YEL060C.SMProt,SNPs,SNP_chromosome14_688149_A_T,14,688149,2.25E-06,-0.1896208,0.03977287,0.03126091,Distant
Transcriptomics,YEL062W.RNASeq,SNPs,SNP_chromosome14_425075_C_T,14,425075,1.34E-06,0.36249079,0.07448354,0.1173623,Distant
Transcriptomics,YEL062W.RNASeq,SNPs,SNP_chromosome16_420632_T_C,16,420632,2.35E-06,-0.2770257,0.05830327,0.02484532,Distant
Transcriptomics,YEL064C.RNASeq,SNPs,SNP_chromosome15_418470_T_C,15,418470,2.16E-06,0.29466461,0.0617908,0.05768469,Distant
Transcriptomics,YEL066W.RNASeq,SNPs,SNP_chromosome12_250289_G_A,12,250289,3.53E-06,0.22317032,0.04782205,0.01408904,Distant
Transcriptomics,YEL066W.RNASeq,SNPs,SNP_chromosome5_71545_T_G,5,71545,4.58E-06,-0.1683104,0.03649924,0.00626389,Distant
Proteomics,YEL066W.SMProt,INDELs,INDEL_chromosome2_802842,2,802842,4.03E-07,-0.2656448,0.05194402,0.02280232,Distant
Proteomics,YEL066W.SMProt,SNPs,SNP_chromosome2_802857_G_A,2,802857,1.01E-06,-0.2585288,0.05241792,0.0232755,Distant
Proteomics,YEL066W.SMProt,SNPs,SNP_chromosome2_804137_C_T,2,804137,1.34E-06,-0.2528324,0.05187001,0.0151977,Distant
Transcriptomics,YEL068C.RNASeq,SNPs,SNP_chromosome11_231462_C_T,11,231462,6.31E-07,-0.2814458,0.05609187,0.07058417,Distant
Transcriptomics,YEL068C.RNASeq,SNPs,SNP_chromosome13_653644_A_C,13,653644,4.04E-06,-0.1684831,0.03632552,0.00897788,Distant
Transcriptomics,YEL069C.RNASeq,SVs,CNV_YEL069C_Cov1.25,5,21537,6.19E-08,-0.1909566,0.0349772,0.01183468,Local
Transcriptomics,YEL071W.RNASeq,SVs,CNV_YEL073C_Cov0.75,5,7230,7.62E-10,-0.2196091,0.03530298,0.00856786,Local
Transcriptomics,YEL071W.RNASeq,SVs,CNV_YEL071W_Cov1.25,5,16355,6.95E-08,0.20089577,0.03693915,0.02155812,Local
Transcriptomics,YEL071W.RNASeq,SVs,CNV_YEL072W_Cov1.25,5,13720,9.58E-08,0.19121232,0.03554691,0.03281065,Local
Transcriptomics,YEL071W.RNASeq,SNPs,SNP_chromosome12_770651_C_G,12,770651,1.34E-06,0.24402283,0.0501424,0.01202939,Distant
Transcriptomics,YEL071W.RNASeq,SVs,CNV_YJR153W_Cov1.25,10,722815,3.21E-06,-0.1677453,0.03579267,0.00622779,Distant
Proteomics,YEL071W.SCProt,SVs,CNV_YEL072W_Cov1.75,5,13720,4.02E-13,0.29927559,0.0406146,0.02895144,Local
Proteomics,YEL071W.SCProt,INDELs,INDEL_chromosome8_521399,8,521399,4.81E-07,0.23909337,0.04713662,0.01304156,Distant
Proteomics,YEL071W.SMProt,SVs,CNV_YEL072W_Cov1.75,5,13720,1.14E-12,0.30585398,0.04224464,0.02609457,Local
Transcriptomics,YEL072W.RNASeq,SVs,CNV_YEL071W_Cov1.25,5,16355,1.90E-13,0.26733014,0.03578061,0.03819111,Local
Transcriptomics,YEL072W.RNASeq,SVs,CNV_YEL073C_Cov0.75,5,7230,1.69E-12,-0.2445168,0.03415064,0.0106264,Local
Transcriptomics,YEL072W.RNASeq,SNPs,SNP_chromosome7_254979_C_T,7,254979,1.17E-07,0.24967759,0.04673891,0.01458974,Distant
Transcriptomics,YEL072W.RNASeq,SNPs,SNP_chromosome7_678992_G_A,7,678992,3.22E-06,0.192572,0.04109103,0.00724312,Distant
Transcriptomics,YEL072W.RNASeq,SVs,CNV_YX02996_Cov1.25,14,782620,3.31E-06,-0.1657507,0.03541323,0.0053232,Distant
Transcriptomics,YEL072W.RNASeq,SNPs,SNP_chromosome2_66852_T_C,2,66852,3.56E-06,-0.3228946,0.06921607,0.02226059,Distant
Transcriptomics,YEL072W.RNASeq,SNPs,SNP_chromosome12_233059_A_G,12,233059,5.17E-06,0.31090249,0.06779302,0.02624032,Distant
Transcriptomics,YEL073C.RNASeq,SVs,CNV_YEL073C_Cov1.75,5,7230,4.09E-10,0.25759527,0.04074206,0.02645205,Local
Transcriptomics,YEL073C.RNASeq,SNPs,SNP_chromosome9_254336_G_A,9,254336,8.18E-09,-0.349078,0.0599642,0.11072398,Distant
Transcriptomics,YEL073C.RNASeq,SNPs,SNP_chromosome10_158898_G_C,10,158898,1.22E-06,0.27642363,0.05656003,0.02513279,Distant
Transcriptomics,YEL075C.RNASeq,SVs,CNV_YEL075W-A_Cov2.25,5,4870,7.70E-24,-0.3502436,0.03379971,0.10770632,Local
Transcriptomics,YEL075C.RNASeq,SVs,CNV_YEL074W_Cov15.25,5,6126,7.09E-22,0.31969397,0.03239462,0.06077171,Local
Transcriptomics,YEL075C.RNASeq,SVs,CNV_YGR296W_Cov11.75,7,1084864,8.92E-21,-0.3251485,0.03392662,0.10672626,Local
Transcriptomics,YEL075C.RNASeq,SVs,CNV_YX01034_Cov20.75,17,533640,2.66E-16,0.21918528,0.02626305,0.01097251,Distant
Transcriptomics,YEL075C.RNASeq,SVs,CNV_YBL113W-A_Cov2.25,2,646,5.35E-16,0.30554245,0.03700605,0.09409177,Distant
Transcriptomics,YEL075C.RNASeq,SVs,CNV_YLL066W-B_Cov2.25,12,5605,1.45E-15,0.25618894,0.03151942,0.05344586,Distant
Transcriptomics,YEL075C.RNASeq,SVs,CNV_YNL338W_Cov2.25,14,6561,3.15E-12,0.18822787,0.02662958,0.01381937,Distant
Transcriptomics,YEL075C.RNASeq,SVs,CNV_YLR466C-B_Cov0.75,12,1071594,1.21E-09,0.19021389,0.03096052,0.03652885,Distant
Transcriptomics,YEL075C.RNASeq,SVs,CNV_YX00929_Cov0.75,4,1535038,4.52E-07,0.145209,0.02856674,0.01241788,Distant
Transcriptomics,YEL075C.RNASeq,SVs,CNV_YLR465C_Cov0.25,12,1067045,2.31E-06,-0.1608731,0.03383439,0.02175425,Distant
Transcriptomics,YEL075C.RNASeq,SVs,CNV_YX01519_Cov0.25,8,1783,5.33E-06,0.15408088,0.03364938,0.02252975,Distant
Transcriptomics,YEL077C.RNASeq,SVs,CNV_YEL075W-A_Cov3.75,5,4870,1.13E-21,-0.3038346,0.03095101,0.09272733,Local
Transcriptomics,YEL077C.RNASeq,SVs,CNV_YEL074W_Cov17.25,5,6126,4.13E-20,0.27685587,0.02942721,0.03831446,Local
Transcriptomics,YEL077C.RNASeq,SVs,CNV_YGR296W_Cov21.75,7,1084864,1.15E-18,0.28722828,0.03185163,0.0539738,Local
Transcriptomics,YEL077C.RNASeq,SVs,CNV_YX01034_Cov20.75,17,533640,2.31E-17,0.21128002,0.02441756,0.01014905,Distant
Transcriptomics,YEL077C.RNASeq,SVs,CNV_YBL113W-A_Cov3.25,2,646,3.35E-16,0.29168339,0.03507194,0.07701844,Distant
Transcriptomics,YEL077C.RNASeq,SVs,CNV_YLL066W-B_Cov4.25,12,5605,3.68E-15,0.22716624,0.02837599,0.01694249,Distant
Transcriptomics,YEL077C.RNASeq,SVs,CNV_YLR465C_Cov0.25,12,1067045,9.55E-11,-0.2049858,0.0312846,0.03516006,Distant
Transcriptomics,YEL077C.RNASeq,SVs,CNV_YX01747_Cov1.25,9,1954,1.45E-09,0.18917273,0.03094325,0.03551889,Distant
Transcriptomics,YEL077C.RNASeq,SVs,CNV_YLR466C-B_Cov3.75,12,1071594,1.84E-09,0.17145226,0.02822605,0.00622616,Distant
Transcriptomics,YEL077C.RNASeq,SVs,CNV_YNL338W_Cov2.25,14,6561,6.05E-09,0.14673446,0.02498705,0.00836006,Distant
Transcriptomics,YEL077C.RNASeq,SVs,CNV_YX01830_Cov0.25,9,332956,6.34E-08,0.24309484,0.04456471,0.02067125,Distant
Transcriptomics,YEL077C.RNASeq,SNPs,SNP_chromosome4_593321_A_G,4,593321,4.36E-07,0.13664086,0.02684356,0.00373997,Distant
Transcriptomics,YEL077C.RNASeq,SNPs,SNP_chromosome16_590816_C_T,16,590816,1.25E-06,0.31597074,0.06472962,0.01996273,Distant
Transcriptomics,YEL077C.RNASeq,SVs,CNV_YX02553_Cov0.75,12,1048280,1.89E-06,0.13727525,0.02862032,0.00428443,Distant
Transcriptomics,YEL077C.RNASeq,SNPs,SNP_chromosome8_184350_A_G,8,184350,4.45E-06,0.1284939,0.0278261,0.00277362,Distant
Transcriptomics,YER001W.RNASeq,SNPs,SNP_chromosome14_170790_A_G,14,170790,4.84E-09,-0.3554036,0.06012982,0.11827444,Distant
Proteomics,YER001W.SMProt,SNPs,SNP_chromosome8_330227_G_T,8,330227,9.40E-09,-0.2707906,0.04661798,0.01415004,Distant
Transcriptomics,YER004W.RNASeq,SNPs,SNP_chromosome5_159475_C_A,5,159475,8.72E-16,-0.4459486,0.05442614,0.18135465,Local
Transcriptomics,YER004W.RNASeq,SNPs,SNP_chromosome5_159810_G_A,5,159810,3.88E-06,-0.2372803,0.05106646,0.0360885,Local
Transcriptomics,YER004W.RNASeq,INDELs,INDEL_chromosome5_155858,5,155858,4.51E-06,-0.3100863,0.0671911,0.08518455,Local
Proteomics,YER004W.SCProt,SNPs,SNP_chromosome5_159475_C_A,5,159475,2.19E-12,-0.4082255,0.05729652,0.15148798,Local
Proteomics,YER004W.SMProt,SNPs,SNP_chromosome5_159475_C_A,5,159475,1.50E-22,-0.5802578,0.05743233,0.30019857,Local
Proteomics,YER004W.SMProt,INDELs,INDEL_chromosome5_155858,5,155858,4.16E-07,-0.3750543,0.07342479,0.12192792,Local
Proteomics,YER004W.SMProt,SNPs,SNP_chromosome5_159810_G_A,5,159810,7.35E-07,-0.2791637,0.05588279,0.04870984,Local
Proteomics,YER004W.SMProt,SNPs,SNP_chromosome10_606196_C_T,10,606196,5.07E-06,0.24524324,0.05335999,0.01142953,Distant
Transcriptomics,YER006W.RNASeq,SNPs,SNP_chromosome7_655851_C_T,7,655851,8.84E-07,0.19249863,0.03888301,0.00674905,Distant
Proteomics,YER006W.SCProt,SNPs,SNP_chromosome11_120989_T_C,11,120989,1.16E-06,0.25917423,0.05293125,0.03718937,Distant
Transcriptomics,YER007C-A.RNASeq,SNPs,SNP_chromosome7_469734_A_T,7,469734,4.84E-06,0.18569079,0.04036864,0.02152882,Distant
Transcriptomics,YER008C.RNASeq,SNPs,SNP_chromosome8_463767_T_G,8,463767,2.02E-06,-0.1987843,0.04156231,0.03238999,Distant
Proteomics,YER009W.SMProt,SNPs,SNP_chromosome4_1298829_C_A,4,1298829,5.86E-06,-0.3479264,0.07621766,0.1083975,Distant
Proteomics,YER009W.SMProt,SNPs,SNP_chromosome16_39933_T_C,16,39933,7.19E-06,0.243982,0.05396825,0.02494189,Distant
Transcriptomics,YER011W.RNASeq,SNPs,SNP_chromosome13_169890_A_G,13,169890,4.25E-08,0.35774344,0.06450993,0.0347685,Distant
Proteomics,YER012W.SCProt,SNPs,SNP_chromosome1_192693_C_T,1,192693,1.65E-06,-0.2743435,0.05685056,0.06861687,Distant
Proteomics,YER012W.SMProt,SNPs,SNP_chromosome4_1298829_C_A,4,1298829,3.63E-06,-0.3632883,0.07783812,0.1176346,Distant
Transcriptomics,YER013W.RNASeq,SNPs,SNP_chromosome16_420632_T_C,16,420632,2.87E-06,-0.2809771,0.05965806,0.02555914,Distant
Transcriptomics,YER017C.RNASeq,SNPs,SNP_chromosome16_24494_A_G,16,24494,2.29E-06,0.25077654,0.05271935,0.03606883,Distant
Proteomics,YER019C-A.SMProt,SNPs,SNP_chromosome10_606409_C_G,10,606409,2.20E-06,-0.3252701,0.06814978,0.09508378,Distant
Transcriptomics,YER019W.RNASeq,SNPs,SNP_chromosome14_448606_T_C,14,448606,4.51E-06,-0.191962,0.04159593,0.01152484,Distant
Transcriptomics,YER023W.RNASeq,SNPs,SNP_chromosome11_105814_T_C,11,105814,2.93E-07,0.25523218,0.04939666,0.01928443,Distant
Transcriptomics,YER023W.RNASeq,SNPs,SNP_chromosome6_175192_G_A,6,175192,3.78E-07,0.3185783,0.06224625,0.01824284,Distant
Transcriptomics,YER023W.RNASeq,SNPs,SNP_chromosome13_27379_G_T,13,27379,8.51E-07,0.34527236,0.06963803,0.02268448,Distant
Transcriptomics,YER023W.RNASeq,SNPs,SNP_chromosome9_270924_T_C,9,270924,9.88E-07,0.37848447,0.07679744,0.02650378,Distant
Transcriptomics,YER023W.RNASeq,SNPs,SNP_chromosome2_66765_A_G,2,66765,1.25E-06,0.34350374,0.07038383,0.02286133,Distant
Transcriptomics,YER023W.RNASeq,SNPs,SNP_chromosome10_395144_T_C,10,395144,1.37E-06,0.28163484,0.05792088,0.01769198,Distant
Transcriptomics,YER023W.RNASeq,SNPs,SNP_chromosome1_142568_A_T,1,142568,1.71E-06,0.29830469,0.06191957,0.01882329,Distant
Transcriptomics,YER023W.RNASeq,SNPs,SNP_chromosome16_590816_C_T,16,590816,1.87E-06,0.30939759,0.06447516,0.01913219,Distant
Transcriptomics,YER023W.RNASeq,SNPs,SNP_chromosome14_578741_A_G,14,578741,1.97E-06,0.31792035,0.06640317,0.01954283,Distant
Proteomics,YER023W.SMProt,SNPs,SNP_chromosome5_201726_G_A,5,201726,3.21E-09,0.43706569,0.07291272,0.16947896,Local
Transcriptomics,YER024W.RNASeq,SNPs,SNP_chromosome6_202970_A_G,6,202970,1.48E-06,0.25954217,0.05354729,0.06116486,Distant
Proteomics,YER025W.SMProt,SNPs,SNP_chromosome12_699181_T_C,12,699181,1.43E-06,0.33994634,0.06993483,0.11037863,Distant
Proteomics,YER025W.SMProt,SNPs,SNP_chromosome5_511986_A_T,5,511986,1.44E-06,0.18753993,0.03858637,0.01532207,Distant
Proteomics,YER025W.SMProt,SNPs,SNP_chromosome16_733692_C_T,16,733692,1.92E-06,-0.2331158,0.0485631,0.00792327,Distant
Transcriptomics,YER029C.RNASeq,SNPs,SNP_chromosome5_212506_T_C,5,212506,2.47E-14,0.34982219,0.04513096,0.09472825,Local
Proteomics,YER029C.SMProt,SNPs,SNP_chromosome5_212506_T_C,5,212506,7.53E-08,0.24896245,0.04581756,0.0498685,Local
Proteomics,YER029C.SMProt,SNPs,SNP_chromosome12_768800_T_C,12,768800,2.95E-06,0.17676342,0.03751944,0.01531528,Distant
Proteomics,YER031C.SMProt,SVs,CNV_YHL041W_Cov1.25,8,17392,3.54E-06,-0.1950231,0.04173654,0.01318839,Distant
Transcriptomics,YER032W.RNASeq,SNPs,SNP_chromosome13_82357_A_G,13,82357,7.64E-06,0.25659429,0.0570042,0.03825183,Distant
Transcriptomics,YER034W.RNASeq,SVs,SV_5244_DEL_chromosome13_600892_len_-698,13,600892,9.05E-08,0.20889182,0.03875982,0.01571057,Distant
Transcriptomics,YER034W.RNASeq,SNPs,SNP_chromosome5_222394_A_G,5,222394,4.61E-06,-0.269989,0.05856569,0.06547633,Local
Transcriptomics,YER034W.RNASeq,SNPs,SNP_chromosome4_391908_C_G,4,391908,5.13E-06,-0.1947732,0.04245937,0.00634944,Distant
Transcriptomics,YER035W.RNASeq,SNPs,SNP_chromosome5_223173_G_A,5,223173,9.11E-08,-0.3535248,0.06561301,0.1075471,Local
Transcriptomics,YER035W.RNASeq,SVs,SV_5244_DEL_chromosome13_600892_len_-698,13,600892,2.27E-07,0.20025767,0.03839156,0.01443868,Distant
Transcriptomics,YER035W.RNASeq,SVs,CNV_YMR170C_Cov0.25,13,601562,5.17E-07,0.18302544,0.03619238,0.00787111,Distant
Transcriptomics,YER035W.RNASeq,SNPs,SNP_chromosome15_372190_C_T,15,372190,8.06E-06,0.19307357,0.04300311,0.00847165,Distant
Transcriptomics,YER036C.RNASeq,SVs,CNV_YGL232W_Cov1.25,7,62075,4.89E-06,-0.1709,0.03717328,0.0065243,Distant
Transcriptomics,YER037W.RNASeq,SNPs,SNP_chromosome5_225501_G_A,5,225501,2.63E-06,0.18008151,0.03808852,0.01869177,Local
Transcriptomics,YER038C.RNASeq,SVs,CNV_YMR170C_Cov0.25,13,601562,3.48E-06,0.17662469,0.03782656,0.0073302,Distant
Transcriptomics,YER038C.RNASeq,SNPs,SNP_chromosome5_225501_G_A,5,225501,3.70E-06,0.17616537,0.03783119,0.01788765,Local
Transcriptomics,YER039C-A.RNASeq,SNPs,SNP_chromosome5_229569_T_C,5,229569,3.00E-07,0.3119317,0.06041956,0.08590184,Local
Transcriptomics,YER039C.RNASeq,SNPs,SNP_chromosome5_229265_A_G,5,229265,1.42E-09,-0.3258915,0.05327013,0.09696206,Local
Transcriptomics,YER039C.RNASeq,SNPs,SNP_chromosome5_232874_T_C,5,232874,3.29E-06,0.24798072,0.05296848,0.03886293,Local
Transcriptomics,YER041W.RNASeq,SNPs,SNP_chromosome5_232392_G_A,5,232392,8.31E-09,-0.3959179,0.06805642,0.12885881,Local
Transcriptomics,YER041W.RNASeq,SNPs,SNP_chromosome16_406317_G_A,16,406317,1.18E-06,-0.3240148,0.06623463,0.09041729,Distant
Transcriptomics,YER041W.RNASeq,SNPs,SNP_chromosome13_238236_T_C,13,238236,6.86E-06,-0.2359566,0.05214833,0.04656174,Distant
Transcriptomics,YER043C.RNASeq,SVs,CNV_YGL232W_Cov1.25,7,62075,6.37E-06,-0.170468,0.03754014,0.00649135,Distant
Proteomics,YER043C.SMProt,SNPs,SNP_chromosome14_356245_G_A,14,356245,3.28E-06,-0.331256,0.07064904,0.02780871,Distant
Proteomics,YER043C.SMProt,SNPs,SNP_chromosome2_126813_T_C,2,126813,4.32E-06,-0.3063923,0.06616917,0.03010492,Distant
Transcriptomics,YER044C-A.RNASeq,SNPs,SNP_chromosome4_1277231_C_A,4,1277231,2.58E-06,0.24759511,0.05231932,0.01903059,Distant
Transcriptomics,YER044C.RNASeq,SNPs,SNP_chromosome5_236637_G_A,5,236637,1.99E-06,-0.3139907,0.0656079,0.042338,Local
Proteomics,YER044C.SMProt,SVs,CNV_YX03018_Cov0.25,15,2767,1.05E-07,-0.1991001,0.03706249,0.01933317,Distant
Transcriptomics,YER045C.RNASeq,SNPs,SNP_chromosome15_586701_A_C,15,586701,1.05E-07,-0.198478,0.03701617,0.01947769,Distant
Transcriptomics,YER046W.RNASeq,SNPs,SNP_chromosome15_586701_A_C,15,586701,1.04E-07,-0.1926643,0.03592254,0.01835334,Distant
Transcriptomics,YER048C.RNASeq,SNPs,SNP_chromosome16_822184_C_T,16,822184,1.67E-06,-0.2523538,0.0523336,0.01129658,Distant
Proteomics,YER048W-A.SMProt,SNPs,SNP_chromosome5_250528_C_A,5,250528,1.81E-10,-0.4619577,0.0714084,0.1922193,Local
Proteomics,YER052C.SCProt,SNPs,SNP_chromosome4_86774_C_T,4,86774,2.50E-06,0.27294004,0.0575798,0.05199274,Distant
Transcriptomics,YER053C-A.RNASeq,SNPs,SNP_chromosome11_290740_C_T,11,290740,3.13E-06,0.24763601,0.05277673,0.01354974,Distant
Transcriptomics,YER053C.RNASeq,SVs,CNV_YBR300C_Cov2.25,2,808600,1.00E-07,0.22291287,0.04150941,0.04914175,Distant
Transcriptomics,YER056C.RNASeq,SNPs,SNP_chromosome11_525040_G_A,11,525040,1.35E-07,-0.2885895,0.05430157,0.02722495,Distant
Transcriptomics,YER057C.RNASeq,SNPs,SNP_chromosome10_116910_A_G,10,116910,1.48E-06,-0.3946015,0.08142221,0.04534852,Distant
Proteomics,YER057C.SMProt,SNPs,SNP_chromosome15_426698_A_G,15,426698,1.88E-06,-0.3665952,0.07629227,0.05007796,Distant
Proteomics,YER057C.SMProt,SNPs,SNP_chromosome7_675020_T_C,7,675020,3.01E-06,-0.1996634,0.04241696,0.00592663,Distant
Transcriptomics,YER060W.RNASeq,SNPs,SNP_chromosome5_278270_A_G,5,278270,8.68E-08,0.31070439,0.05756917,0.04809463,Local
Transcriptomics,YER060W.RNASeq,SNPs,SNP_chromosome5_272511_C_T,5,272511,3.20E-07,0.29385667,0.05705938,0.08079231,Local
Transcriptomics,YER060W.RNASeq,SVs,CNV_YGL243W_Cov1.25,7,43307,2.51E-06,-0.1574353,0.03322638,0.00515045,Distant
Transcriptomics,YER061C.RNASeq,SNPs,SNP_chromosome4_326489_G_T,4,326489,4.70E-06,-0.1667827,0.03621089,0.00495799,Distant
Transcriptomics,YER061C.RNASeq,SNPs,SNP_chromosome5_115800_A_G,5,115800,7.92E-06,0.15501431,0.03449582,0.00443282,Distant
Transcriptomics,YER067C-A.RNASeq,SNPs,SNP_chromosome11_263151_C_G,11,263151,4.84E-07,-0.3142924,0.06199263,0.02318696,Distant
Transcriptomics,YER067C-A.RNASeq,SNPs,SNP_chromosome10_701238_G_A,10,701238,1.40E-06,-0.3165925,0.06517493,0.03405715,Distant
Transcriptomics,YER068W.RNASeq,SNPs,SNP_chromosome13_220830_C_T,13,220830,5.36E-06,0.25188914,0.05502115,0.05917795,Distant
Proteomics,YER068W.SMProt,SNPs,SNP_chromosome14_16743_A_G,14,16743,5.72E-06,0.19094586,0.04178141,0.00924493,Distant
Transcriptomics,YER070W.RNASeq,SNPs,SNP_chromosome16_759544_A_T,16,759544,2.20E-06,0.28636167,0.06009511,0.07632665,Distant
Transcriptomics,YER070W.RNASeq,SNPs,SNP_chromosome12_210539_A_G,12,210539,3.03E-06,-0.1660324,0.03533595,0.00508772,Distant
Transcriptomics,YER072W.RNASeq,SNPs,SNP_chromosome5_303277_T_A,5,303277,5.35E-13,0.40269479,0.05497909,0.14169813,Local
Transcriptomics,YER072W.RNASeq,SNPs,SNP_chromosome5_302655_T_C,5,302655,3.03E-07,0.1870969,0.03625161,0.00614978,Local
Transcriptomics,YER073W.RNASeq,SNPs,SNP_chromosome13_296288_A_C,13,296288,2.22E-06,0.19642883,0.04123371,0.02968569,Distant
Transcriptomics,YER074W-A.RNASeq,SNPs,SNP_chromosome4_260036_G_A,4,260036,6.37E-06,0.28371749,0.06248389,0.05268762,Distant
Transcriptomics,YER074W.RNASeq,SNPs,SNP_chromosome15_76985_G_A,15,76985,2.81E-06,-0.1949896,0.04136018,0.03498054,Distant
Transcriptomics,YER075C.RNASeq,SNPs,SNP_chromosome11_552751_G_A,11,552751,1.10E-06,-0.2620432,0.05340698,0.02406478,Distant
Transcriptomics,YER076C.RNASeq,SNPs,SNP_chromosome11_230765_G_A,11,230765,2.22E-06,0.22302134,0.04681679,0.0121618,Distant
Transcriptomics,YER080W.RNASeq,SNPs,SNP_chromosome5_321401_T_C,5,321401,6.47E-08,-0.324677,0.05956027,0.09567076,Local
Transcriptomics,YER080W.RNASeq,SNPs,SNP_chromosome12_79672_G_A,12,79672,3.45E-06,0.20773057,0.04446892,0.01077417,Distant
Proteomics,YER080W.SCProt,SNPs,SNP_chromosome5_479672_A_G,5,479672,5.38E-07,-0.1764291,0.03493477,0.0064614,Distant
Proteomics,YER080W.SCProt,SVs,CNV_YX02268_Cov5.25,11,677836,7.89E-07,-0.1788847,0.0359606,0.01818201,Distant
Proteomics,YER080W.SCProt,SVs,SV_1336_INS_chromosome4_668394_len_329_TyRelated,4,668394,1.33E-06,0.18098385,0.03716185,0.00972315,Distant
Proteomics,YER080W.SCProt,SNPs,SNP_chromosome16_66393_C_T,16,66393,5.93E-06,-0.1929917,0.04234776,0.03328751,Distant
Proteomics,YER080W.SMProt,SNPs,SNP_chromosome5_321401_T_C,5,321401,5.95E-11,-0.44086,0.0663477,0.17663431,Local
Transcriptomics,YER081W.RNASeq,SNPs,SNP_chromosome4_844646_A_T,4,844646,8.82E-06,-0.2448542,0.05477697,0.03845553,Distant
Transcriptomics,YER081W.RNASeq,SVs,CNV_YDL187C_Cov0.75,4,125509,9.81E-06,-0.1432236,0.0322084,0.00966575,Distant
Proteomics,YER081W.SMProt,SNPs,SNP_chromosome4_451706_T_C,4,451706,5.06E-06,-0.3964514,0.08625012,0.03392496,Distant
Transcriptomics,YER082C.RNASeq,SNPs,SNP_chromosome7_655851_C_T,7,655851,8.68E-07,0.1910358,0.03855945,0.00664686,Distant
Transcriptomics,YER083C.RNASeq,SNPs,SNP_chromosome2_24972_C_T,2,24972,1.45E-06,-0.2008831,0.04141024,0.00683785,Distant
Transcriptomics,YER083C.RNASeq,SNPs,SNP_chromosome5_536228_A_G,5,536228,1.63E-06,0.25301758,0.05241275,0.01899742,Distant
Transcriptomics,YER083C.RNASeq,SNPs,SNP_chromosome12_123810_A_G,12,123810,9.21E-06,0.19360537,0.04340265,0.0061763,Distant
Transcriptomics,YER087C-B.RNASeq,SNPs,SNP_chromosome16_395626_G_A,16,395626,1.17E-06,0.24067925,0.04916718,0.01339284,Distant
Proteomics,YER089C.SCProt,SNPs,SNP_chromosome15_107825_T_C,15,107825,2.14E-07,-0.245101,0.04687228,0.01509497,Distant
Proteomics,YER089C.SMProt,SNPs,SNP_chromosome12_418729_A_G,12,418729,6.74E-06,-0.2955723,0.06517818,0.01239398,Distant
Transcriptomics,YER090W.RNASeq,SNPs,SNP_chromosome11_378920_A_G,11,378920,3.18E-06,0.24645728,0.05256582,0.01078628,Distant
Proteomics,YER090W.SMProt,SNPs,SNP_chromosome2_664018_T_C,2,664018,1.72E-06,0.31058241,0.06439733,0.03061798,Distant
Transcriptomics,YER091C.RNASeq,SNPs,SNP_chromosome7_655851_C_T,7,655851,2.79E-07,0.20179663,0.03898003,0.00741677,Distant
Proteomics,YER091C.SCProt,SNPs,SNP_chromosome15_842132_G_C,15,842132,6.28E-07,-0.1888064,0.03761135,0.01919233,Distant
Proteomics,YER091C.SCProt,SNPs,SNP_chromosome12_818117_T_C,12,818117,2.02E-06,0.18944395,0.03959902,0.00788106,Distant
Proteomics,YER091C.SCProt,SNPs,SNP_chromosome5_283807_C_T,5,283807,3.09E-06,0.2062089,0.04391516,0.02876891,Distant
Transcriptomics,YER093C-A.RNASeq,SNPs,SNP_chromosome16_406317_G_A,16,406317,5.28E-07,-0.3187246,0.06308196,0.08748891,Distant
Transcriptomics,YER094C.RNASeq,SVs,CNV_YBL107W-A_Cov34.75,2,9268,3.62E-06,-0.1839821,0.03947156,0.01383076,Distant
Proteomics,YER094C.SCProt,SNPs,SNP_chromosome4_672124_G_A,4,672124,5.32E-06,0.2408566,0.05258453,0.00869013,Distant
Proteomics,YER094C.SMProt,SVs,CNV_YX00455_Cov1.25,3,199369,7.82E-07,0.20105223,0.04034594,0.00849915,Distant
Transcriptomics,YER095W.RNASeq,SNPs,SNP_chromosome12_401045_T_C,12,401045,2.72E-06,-0.2144817,0.04543222,0.00898565,Distant
Proteomics,YER099C.SMProt,SNPs,SNP_chromosome10_382505_A_G,10,382505,6.18E-06,-0.1812326,0.03980011,0.01819333,Distant
Proteomics,YER103W.SMProt,SNPs,SNP_chromosome1_51462_G_A,1,51462,3.64E-08,-0.2063658,0.03706917,0.0105823,Distant
Proteomics,YER103W.SMProt,SNPs,SNP_chromosome2_427842_A_G,2,427842,3.03E-06,0.20573426,0.04372449,0.01212939,Distant
Transcriptomics,YER106W.RNASeq,SNPs,SNP_chromosome3_261764_G_A,3,261764,4.31E-06,-0.2724144,0.05890625,0.02039409,Distant
Transcriptomics,YER110C.RNASeq,SNPs,SNP_chromosome7_655851_C_T,7,655851,2.48E-07,0.20293474,0.03903279,0.00750067,Distant
Proteomics,YER112W.SMProt,SNPs,SNP_chromosome4_241739_A_G,4,241739,4.83E-07,0.24488382,0.04821899,0.00879056,Distant
Proteomics,YER112W.SMProt,SNPs,SNP_chromosome7_907935_C_T,7,907935,2.80E-06,0.29509653,0.06249282,0.01210751,Distant
Transcriptomics,YER115C.RNASeq,SNPs,SNP_chromosome5_397892_G_A,5,397892,2.07E-06,-0.3002993,0.0628472,0.07808831,Local
Transcriptomics,YER119C-A.RNASeq,SNPs,SNP_chromosome14_419287_C_T,14,419287,8.51E-07,0.21610021,0.04358478,0.01128667,Distant
Transcriptomics,YER119C-A.RNASeq,SNPs,SNP_chromosome5_345240_C_T,5,345240,1.67E-06,0.21274257,0.04412115,0.00513708,Distant
Transcriptomics,YER119C-A.RNASeq,SNPs,SNP_chromosome14_415606_T_G,14,415606,2.74E-06,0.20835303,0.04414793,0.01279507,Distant
Transcriptomics,YER119C-A.RNASeq,SNPs,SNP_chromosome3_192868_C_T,3,192868,5.81E-06,0.21182018,0.04644662,0.00716659,Distant
Transcriptomics,YER119C.RNASeq,SNPs,SNP_chromosome9_85300_T_C,9,85300,1.82E-06,0.1977977,0.04117421,0.03247397,Distant
Transcriptomics,YER119C.RNASeq,SVs,CNV_YKL222C_Cov2.75,11,3503,2.59E-06,0.21471385,0.04537865,0.0102984,Distant
Proteomics,YER120W.SCProt,SNPs,SNP_chromosome1_38980_G_A,1,38980,1.12E-06,0.3809455,0.07766355,0.12254973,Distant
Proteomics,YER120W.SCProt,SNPs,SNP_chromosome10_653590_T_C,10,653590,2.15E-06,-0.3906708,0.08188898,0.059528,Distant
Proteomics,YER120W.SMProt,SVs,CNV_YX00007_Cov0.75,1,1844,4.96E-06,-0.2085784,0.04533347,0.00812476,Distant
Proteomics,YER120W.SMProt,SNPs,SNP_chromosome7_887801_C_T,7,887801,1.26E-05,0.20115289,0.04573755,0.01785684,Distant
Proteomics,YER122C.SMProt,SVs,CNV_YLR154C-H_Cov80.75,12,468827,2.84E-06,-0.160011,0.03390548,0.0256341,Distant
Transcriptomics,YER124C.RNASeq,SVs,CNV_YDL227C_Cov0.75,4,46271,1.18E-07,-0.1780783,0.03335115,0.00805769,Distant
Transcriptomics,YER124C.RNASeq,SNPs,SNP_chromosome4_1196019_C_T,4,1196019,1.54E-06,-0.2358988,0.0487563,0.01098977,Distant
Transcriptomics,YER124C.RNASeq,SNPs,SNP_chromosome14_300265_G_A,14,300265,2.44E-06,-0.2802732,0.05907686,0.07215804,Distant
Proteomics,YER125W.SMProt,SNPs,SNP_chromosome16_499778_A_G,16,499778,6.28E-07,0.20055651,0.03989746,0.00966796,Distant
Transcriptomics,YER126C.RNASeq,SNPs,SNP_chromosome7_655851_C_T,7,655851,3.99E-06,0.17938022,0.03865488,0.00586052,Distant
Transcriptomics,YER129W.RNASeq,SNPs,SNP_chromosome16_422588_A_G,16,422588,1.02E-06,-0.3295767,0.06695633,0.09155741,Distant
Transcriptomics,YER131W.RNASeq,SNPs,SNP_chromosome12_585709_A_T,12,585709,1.30E-06,0.21437712,0.04399202,0.03251924,Distant
Transcriptomics,YER133W-A.RNASeq,SVs,CNV_YER135C_Cov0.75,5,437952,8.12E-13,-0.2652465,0.03651056,0.01329239,Local
Transcriptomics,YER133W-A.RNASeq,SVs,CNV_YER134C_Cov0.75,5,437267,8.16E-08,-0.1991325,0.03681783,0.01681039,Local
Transcriptomics,YER133W-A.RNASeq,SVs,SV_2026_INS_chromosome5_441788_len_5918_TyRelated,5,441788,1.95E-07,0.18611138,0.03548298,0.00804724,Local
Transcriptomics,YER133W-A.RNASeq,SNPs,SNP_chromosome6_131646_T_C,6,131646,5.31E-06,0.16950736,0.03701149,0.00511093,Distant
Proteomics,YER133W.SCProt,SNPs,SNP_chromosome11_398143_G_A,11,398143,3.01E-06,-0.1771615,0.03768542,0.01177003,Distant
Proteomics,YER133W.SCProt,SNPs,SNP_chromosome15_630082_A_G,15,630082,3.54E-06,-0.3700932,0.07930198,0.12034504,Distant
Proteomics,YER133W.SCProt,SNPs,SNP_chromosome13_214752_G_A,13,214752,9.10E-06,0.2204206,0.04937549,0.00733249,Distant
Proteomics,YER133W.SMProt,SNPs,SNP_chromosome11_339476_T_C,11,339476,7.50E-07,0.19950709,0.03997001,0.01440162,Distant
Proteomics,YER133W.SMProt,SNPs,SNP_chromosome2_341925_T_G,2,341925,1.01E-05,0.18231388,0.04100242,0.01602446,Distant
Transcriptomics,YER134C.RNASeq,SVs,SV_2026_INS_chromosome5_441788_len_5918_TyRelated,5,441788,2.03E-09,0.21466131,0.03542941,0.01038552,Local
Proteomics,YER134C.SMProt,SVs,CNV_YER135C_Cov0.75,5,437952,7.66E-09,-0.2111068,0.03612062,0.00721916,Local
Proteomics,YER134C.SMProt,SNPs,SNP_chromosome10_352322_G_A,10,352322,8.92E-07,0.30019594,0.06056273,0.08099044,Distant
Proteomics,YER134C.SMProt,SVs,SV_2026_INS_chromosome5_441788_len_5918_TyRelated,5,441788,3.51E-06,0.17550785,0.03754693,0.00707902,Local
Proteomics,YER134C.SMProt,SNPs,SNP_chromosome13_456415_G_A,13,456415,3.63E-06,0.22843185,0.04894199,0.0460527,Distant
Proteomics,YER134C.SMProt,SNPs,SNP_chromosome16_110758_G_A,16,110758,4.31E-06,0.20533752,0.0443425,0.0105782,Distant
Transcriptomics,YER135C.RNASeq,SVs,SV_2019_INS_chromosome5_438587_len_5923_TyRelated,5,438587,1.48E-27,0.36903771,0.03278538,0.03632991,Local
Transcriptomics,YER135C.RNASeq,SVs,SV_2026_INS_chromosome5_441788_len_5918_TyRelated,5,441788,3.15E-09,0.2217688,0.0370552,0.01114895,Local
Transcriptomics,YER136W.RNASeq,SNPs,SNP_chromosome13_75781_T_A,13,75781,4.69E-06,0.27685783,0.06010243,0.05561036,Distant
Transcriptomics,YER137C.RNASeq,SVs,SV_2026_INS_chromosome5_441788_len_5918_TyRelated,5,441788,3.43E-08,0.19545243,0.03510902,0.00883628,Local
Transcriptomics,YER138W-A.RNASeq,SVs,CNV_YBL107W-A_Cov24.75,2,9268,2.84E-06,0.16089691,0.03414224,0.02414148,Local
Transcriptomics,YER141W.RNASeq,SNPs,SNP_chromosome15_163690_C_T,15,163690,1.79E-06,-0.2903362,0.06038687,0.07004226,Distant
Transcriptomics,YER144C.RNASeq,SVs,CNV_YLL044W_Cov1.25,12,48216,2.06E-07,-0.2061112,0.03937359,0.01254525,Distant
Transcriptomics,YER145C-A.RNASeq,SNPs,SNP_chromosome5_462447_C_T,5,462447,7.32E-20,-0.4138924,0.04430561,0.1519878,Local
Transcriptomics,YER145C-A.RNASeq,INDELs,INDEL_chromosome5_462428,5,462428,9.84E-20,-0.4113395,0.04419504,0.15023902,Local
Transcriptomics,YER145C-A.RNASeq,INDELs,INDEL_chromosome5_462232,5,462232,4.98E-13,0.38929632,0.05307573,0.14102105,Local
Transcriptomics,YER145C-A.RNASeq,SNPs,SNP_chromosome5_462226_G_A,5,462226,1.63E-12,0.36092651,0.05037815,0.10044019,Local
Transcriptomics,YER145C-A.RNASeq,SNPs,SNP_chromosome3_278826_A_G,3,278826,1.53E-07,-0.2366749,0.04472897,0.01734961,Distant
Transcriptomics,YER145C-A.RNASeq,SNPs,SNP_chromosome5_454019_C_T,5,454019,5.19E-07,0.25437214,0.05031004,0.02671616,Local
Transcriptomics,YER146W.RNASeq,SNPs,SNP_chromosome4_1333544_T_C,4,1333544,4.77E-06,0.22447635,0.04876864,0.01153515,Distant
Proteomics,YER146W.SMProt,SNPs,SNP_chromosome13_263341_C_T,13,263341,5.47E-06,-0.1626785,0.03552068,0.00536775,Distant
Transcriptomics,YER147C-A.RNASeq,SNPs,SNP_chromosome12_559835_T_C,12,559835,1.92E-06,0.19587727,0.04086524,0.03550377,Distant
Transcriptomics,YER147C.RNASeq,SNPs,SNP_chromosome5_462614_A_G,5,462614,1.71E-06,-0.2376219,0.04933414,0.05140012,Local
Transcriptomics,YER148W.RNASeq,SNPs,SNP_chromosome7_655851_C_T,7,655851,4.97E-06,0.18406752,0.04006523,0.0061708,Distant
Transcriptomics,YER149C.RNASeq,SNPs,SNP_chromosome13_82357_A_G,13,82357,2.38E-06,0.27702264,0.05833607,0.04458499,Distant
Transcriptomics,YER150W.RNASeq,INDELs,INDEL_chromosome15_868031,15,868031,8.80E-08,-0.1987998,0.03685214,0.01554299,Distant
Transcriptomics,YER152C.RNASeq,SNPs,SNP_chromosome13_123855_G_A,13,123855,4.20E-06,-0.197978,0.04276298,0.03515303,Distant
Transcriptomics,YER155C.RNASeq,SVs,CNV_YDL227C_Cov0.75,4,46271,5.30E-07,0.18252073,0.0361289,0.00846473,Distant
Transcriptomics,YER155C.RNASeq,SNPs,SNP_chromosome7_147603_A_G,7,147603,1.69E-06,-0.1874257,0.03888648,0.02692835,Distant
Transcriptomics,YER156C.RNASeq,SNPs,SNP_chromosome7_655851_C_T,7,655851,1.23E-06,0.19077665,0.03905876,0.00662884,Distant
Proteomics,YER156C.SMProt,SNPs,SNP_chromosome4_817489_C_T,4,817489,1.20E-06,-0.2092108,0.04272135,0.02964669,Distant
Proteomics,YER156C.SMProt,SNPs,SNP_chromosome10_684244_G_A,10,684244,1.45E-06,-0.1838412,0.03783878,0.01382506,Distant
Proteomics,YER156C.SMProt,SVs,CNV_YX02609_Cov0.75,13,179931,3.15E-06,0.17332936,0.03690072,0.01825677,Distant
Transcriptomics,YER157W.RNASeq,SNPs,SNP_chromosome5_485053_A_G,5,485053,5.09E-08,-0.2979704,0.05422376,0.08240666,Local
Transcriptomics,YER157W.RNASeq,SNPs,SNP_chromosome3_260116_C_T,3,260116,1.89E-07,-0.2532654,0.04822656,0.01218846,Distant
Transcriptomics,YER157W.RNASeq,SNPs,SNP_chromosome5_442662_C_T,5,442662,1.03E-06,0.29547986,0.06004921,0.05203429,Distant
Transcriptomics,YER157W.RNASeq,SNPs,SNP_chromosome5_498849_C_T,5,498849,3.99E-06,0.2010179,0.04331775,0.00691551,Local
Transcriptomics,YER158W-A.RNASeq,SVs,SV_5244_DEL_chromosome13_600892_len_-698,13,600892,1.40E-06,0.19783431,0.04071906,0.01409134,Distant
Transcriptomics,YER159C.RNASeq,SNPs,SNP_chromosome5_393786_A_T,5,393786,2.15E-07,-0.3688134,0.07056425,0.02774567,Distant
Transcriptomics,YER159C.RNASeq,SVs,SV_5244_DEL_chromosome13_600892_len_-698,13,600892,2.35E-06,0.19226992,0.04046184,0.01330981,Distant
Transcriptomics,YER159C.RNASeq,SNPs,SNP_chromosome12_544057_T_C,12,544057,2.52E-06,-0.2978197,0.06286678,0.05472201,Distant
Proteomics,YER159C.SMProt,INDELs,INDEL_chromosome16_195536,16,195536,3.92E-06,-0.2477968,0.05327595,0.01495309,Distant
Transcriptomics,YER161C.RNASeq,SNPs,SNP_chromosome12_998854_T_C,12,998854,6.64E-07,-0.3027117,0.06045107,0.08463133,Distant
Transcriptomics,YER163C.RNASeq,SNPs,SNP_chromosome5_501764_T_C,5,501764,1.28E-10,-0.3870514,0.0594935,0.11941314,Local
Transcriptomics,YER163C.RNASeq,SNPs,SNP_chromosome5_502533_T_C,5,502533,1.27E-07,-0.2494496,0.04683628,0.01523741,Local
Proteomics,YER165W.SCProt,SVs,SV_1476_DEL_chromosome4_987119_len_-5587_TyRelated,4,987119,3.69E-07,-0.1793729,0.03500615,0.01061168,Distant
Proteomics,YER165W.SMProt,SNPs,SNP_chromosome16_235149_A_G,16,235149,1.46E-06,0.2035878,0.04191903,0.02965841,Distant
Transcriptomics,YER167W.RNASeq,SNPs,SNP_chromosome13_296288_A_C,13,296288,2.96E-06,-0.2051267,0.04361143,0.03237287,Distant
Transcriptomics,YER167W.RNASeq,SNPs,SNP_chromosome11_107231_C_A,11,107231,4.13E-06,-0.176715,0.03813847,0.02074113,Distant
Transcriptomics,YER169W.RNASeq,INDELs,INDEL_chromosome1_189985,1,189985,3.28E-06,-0.1844746,0.03940035,0.01196541,Distant
Transcriptomics,YER172C.RNASeq,SNPs,SNP_chromosome7_655851_C_T,7,655851,4.04E-06,0.18044252,0.03890127,0.00599228,Distant
Transcriptomics,YER174C.RNASeq,SNPs,SNP_chromosome14_545184_A_G,14,545184,1.30E-06,0.32090408,0.06585462,0.05719748,Distant
Transcriptomics,YER177W.RNASeq,SNPs,SNP_chromosome9_386312_C_T,9,386312,2.61E-06,0.25392786,0.05368838,0.0236623,Distant
Transcriptomics,YER178W.RNASeq,SNPs,SNP_chromosome4_1288278_G_A,4,1288278,1.99E-06,-0.2226627,0.04651909,0.00931486,Distant
Proteomics,YER178W.SCProt,SNPs,SNP_chromosome8_463767_T_G,8,463767,1.75E-07,-0.2254666,0.04280308,0.04188874,Distant
Transcriptomics,YER180C-A.RNASeq,SNPs,SNP_chromosome9_376696_A_G,9,376696,2.52E-06,0.2284923,0.04823617,0.00815338,Distant
Transcriptomics,YER180C.RNASeq,SNPs,SNP_chromosome5_550744_G_C,5,550744,2.96E-07,0.28396091,0.05497429,0.07412783,Local
Transcriptomics,YER181C.RNASeq,SNPs,SNP_chromosome5_112086_C_T,5,112086,2.37E-06,0.23838006,0.05018105,0.02151911,Distant
Transcriptomics,YER181C.RNASeq,SNPs,SNP_chromosome5_30640_G_A,5,30640,2.51E-06,0.26756623,0.05646696,0.02488338,Distant
Transcriptomics,YER181C.RNASeq,SNPs,SNP_chromosome12_117000_T_C,12,117000,3.86E-06,0.28969268,0.06232875,0.01620669,Distant
Transcriptomics,YER184C.RNASeq,SNPs,SNP_chromosome16_542064_T_G,16,542064,1.97E-06,0.29442243,0.0614942,0.02478681,Distant
Transcriptomics,YER185W.RNASeq,SNPs,SNP_chromosome5_557738_A_G,5,557738,3.14E-08,0.25862644,0.04632097,0.01411432,Local
Transcriptomics,YER185W.RNASeq,SNPs,SNP_chromosome5_559837_G_A,5,559837,2.29E-07,0.35707645,0.06846954,0.10196335,Local
Transcriptomics,YER185W.RNASeq,SNPs,SNP_chromosome5_557316_A_C,5,557316,4.49E-07,0.30226794,0.05944294,0.0616347,Local
Transcriptomics,YER185W.RNASeq,SNPs,SNP_chromosome5_562542_A_G,5,562542,3.48E-06,0.2061291,0.04413798,0.01038422,Local
Transcriptomics,YER185W.RNASeq,SNPs,SNP_chromosome5_559831_T_C,5,559831,4.90E-06,0.23119479,0.05028687,0.02557616,Local
Transcriptomics,YER185W.RNASeq,SNPs,SNP_chromosome5_562688_C_T,5,562688,6.25E-06,0.19754012,0.04346189,0.00831162,Local
Transcriptomics,YER186C.RNASeq,SNPs,SNP_chromosome5_562888_G_A,5,562888,3.33E-43,0.59989543,0.04122861,0.33320943,Local
Transcriptomics,YER186C.RNASeq,INDELs,INDEL_chromosome5_564696,5,564696,1.76E-39,-0.5540687,0.04011066,0.28105006,Local
Transcriptomics,YER186C.RNASeq,SVs,CNV_YER187W_Cov0.25,5,566230,7.59E-29,-0.4624273,0.04004799,0.21208783,Local
Transcriptomics,YER186C.RNASeq,SNPs,SNP_chromosome5_563929_T_C,5,563929,1.36E-27,0.42833212,0.03804385,0.13937897,Local
Transcriptomics,YER186C.RNASeq,INDELs,INDEL_chromosome5_562560,5,562560,2.20E-26,0.39976242,0.03642071,0.08960042,Local
Transcriptomics,YER186C.RNASeq,SVs,CNV_YER188W_Cov0.75,5,568040,2.02E-14,0.31199145,0.04010981,0.08128933,Local
Transcriptomics,YER186C.RNASeq,SVs,CNV_YX00136_Cov0.25,1,204739,3.09E-14,-0.2933371,0.03799276,0.08554523,Distant
Transcriptomics,YER186C.RNASeq,SVs,CNV_YX01041_Cov0.25,5,563990,3.33E-14,0.24993265,0.03241438,0.04294133,Local
Transcriptomics,YER186C.RNASeq,SNPs,SNP_chromosome5_561877_G_A,5,561877,1.67E-13,0.45584416,0.06087554,0.17643251,Local
Transcriptomics,YER186C.RNASeq,SNPs,SNP_chromosome5_562916_G_C,5,562916,2.59E-08,0.37341765,0.06647238,0.0874306,Local
Transcriptomics,YER186C.RNASeq,SVs,CNV_YX00943_Cov0.25,5,11999,7.65E-08,-0.1722002,0.03176895,0.02735477,Distant
Transcriptomics,YER186C.RNASeq,SNPs,SNP_chromosome5_561468_C_T,5,561468,3.45E-06,0.17329094,0.03709356,0.00721932,Local
Transcriptomics,YER188W.RNASeq,SNPs,SNP_chromosome5_566255_C_T,5,566255,1.04E-09,-0.2677455,0.04325035,0.00915172,Local
Transcriptomics,YER188W.RNASeq,SNPs,SNP_chromosome5_565880_C_T,5,565880,1.32E-07,-0.3803827,0.07132349,0.11196903,Local
Transcriptomics,YER188W.RNASeq,SVs,CNV_YX00943_Cov0.25,5,11999,6.78E-07,0.20050861,0.03997748,0.04078873,Distant
Transcriptomics,YER188W.RNASeq,SVs,CNV_YER188W_Cov0.75,5,568040,2.28E-06,-0.1998105,0.04190339,0.01033144,Local
Transcriptomics,YER189W.RNASeq,SVs,CNV_YEL075W-A_Cov3.25,5,4870,3.36E-19,-0.3450121,0.03765085,0.11760303,Distant
Transcriptomics,YER189W.RNASeq,SVs,CNV_YEL074W_Cov9.25,5,6126,3.39E-19,0.31026779,0.03386393,0.09087694,Distant
Transcriptomics,YER189W.RNASeq,SVs,CNV_YX01034_Cov20.75,17,533640,4.33E-15,0.23072514,0.02889779,0.01215114,Distant
Transcriptomics,YER189W.RNASeq,SVs,CNV_YBL113W-A_Cov2.75,2,646,1.03E-14,0.33867523,0.04303916,0.11191893,Distant
Transcriptomics,YER189W.RNASeq,SVs,CNV_YGR296W_Cov31.75,7,1084864,1.34E-14,0.22543195,0.02877658,0.01120421,Local
Transcriptomics,YER189W.RNASeq,SVs,CNV_YLL066W-B_Cov4.25,12,5605,2.09E-14,0.25600172,0.03293195,0.02160202,Distant
Transcriptomics,YER189W.RNASeq,SVs,CNV_YNL338W_Cov1.75,14,6561,5.05E-10,0.19354427,0.03078478,0.02204778,Distant
Transcriptomics,YER189W.RNASeq,SVs,CNV_YLR465C_Cov0.25,12,1067045,7.11E-08,-0.2003255,0.03686509,0.03371271,Distant
Transcriptomics,YER189W.RNASeq,SVs,CNV_YLR466C-B_Cov3.75,12,1071594,4.92E-07,0.16804257,0.03316701,0.00600469,Distant
Transcriptomics,YER189W.RNASeq,SVs,CNV_YX01830_Cov0.25,9,332956,2.16E-06,0.24598991,0.05158252,0.02125048,Distant
Transcriptomics,YER190W.RNASeq,SVs,CNV_YEL074W_Cov9.25,5,6126,2.60E-31,0.31081935,0.02569273,0.09079926,Distant
Transcriptomics,YER190W.RNASeq,SVs,CNV_YGR296W_Cov11.75,7,1084864,4.29E-26,-0.3116897,0.02857645,0.09758488,Local
Transcriptomics,YER190W.RNASeq,SVs,CNV_YEL075W-A_Cov3.25,5,4870,5.91E-24,-0.29888,0.02876432,0.08786774,Distant
Transcriptomics,YER190W.RNASeq,SVs,CNV_YX01034_Cov20.75,17,533640,3.92E-21,0.21213514,0.02192147,0.01022677,Distant
Transcriptomics,YER190W.RNASeq,SVs,CNV_YBL113W-A_Cov2.75,2,646,3.47E-17,0.28965287,0.03367147,0.08150388,Distant
Transcriptomics,YER190W.RNASeq,SVs,CNV_YLL066W-B_Cov1.75,12,5605,8.05E-17,0.2064136,0.02429237,0.04045582,Distant
Transcriptomics,YER190W.RNASeq,SVs,CNV_YNL338W_Cov1.75,14,6561,4.66E-15,0.18476354,0.02316963,0.02000427,Distant
Transcriptomics,YER190W.RNASeq,SVs,CNV_YLR466C-B_Cov0.75,12,1071594,3.24E-13,0.19206595,0.02597143,0.03705801,Distant
Transcriptomics,YER190W.RNASeq,SVs,CNV_YLR465C_Cov0.25,12,1067045,8.07E-08,-0.1549843,0.02864467,0.0200901,Distant
Transcriptomics,YER190W.RNASeq,SVs,CNV_YX01830_Cov0.25,9,332956,1.53E-06,0.19764598,0.04083569,0.01365828,Distant
Transcriptomics,YFL001W.RNASeq,SNPs,SNP_chromosome6_43129_T_C,6,43129,7.29E-07,0.24860958,0.04983138,0.02039714,Distant
Proteomics,YFL004W.SMProt,SNPs,SNP_chromosome10_447484_T_C,10,447484,6.62E-07,0.25051342,0.04993846,0.05522246,Distant
Proteomics,YFL004W.SMProt,SNPs,SNP_chromosome11_215813_A_G,11,215813,2.99E-06,-0.1827946,0.03882621,0.02331858,Distant
Transcriptomics,YFL005W.RNASeq,SNPs,SNP_chromosome15_586701_A_C,15,586701,4.70E-06,0.16544051,0.03591925,0.01353308,Distant
Proteomics,YFL005W.SCProt,SNPs,SNP_chromosome6_130967_T_C,6,130967,2.52E-06,0.29483652,0.0622248,0.07760293,Local
Proteomics,YFL005W.SCProt,SNPs,SNP_chromosome15_755735_C_T,15,755735,4.00E-06,-0.2701978,0.05821933,0.06713362,Distant
Proteomics,YFL005W.SMProt,SVs,CNV_YX00007_Cov0.75,1,1844,5.28E-06,-0.2126079,0.046343,0.00832819,Distant
Transcriptomics,YFL007W.RNASeq,SNPs,SNP_chromosome1_92566_T_C,1,92566,2.18E-06,-0.1913661,0.04014268,0.00721432,Distant
Transcriptomics,YFL008W.RNASeq,SNPs,SNP_chromosome13_81228_G_A,13,81228,3.87E-06,0.30809305,0.06629504,0.07925618,Distant
Transcriptomics,YFL010W-A.RNASeq,SNPs,SNP_chromosome7_832890_A_G,7,832890,4.05E-06,0.29927279,0.06452817,0.04771699,Distant
Transcriptomics,YFL014W.RNASeq,SNPs,SNP_chromosome5_115800_A_G,5,115800,2.24E-06,-0.1572102,0.03301785,0.0045593,Distant
Proteomics,YFL014W.SMProt,SNPs,SNP_chromosome11_50038_G_A,11,50038,2.09E-06,0.18880623,0.03947469,0.01827204,Distant
Transcriptomics,YFL018C.RNASeq,SNPs,SNP_chromosome13_458866_G_A,13,458866,1.27E-06,-0.2068338,0.04240594,0.01869183,Distant
Transcriptomics,YFL019C.RNASeq,SNPs,SNP_chromosome6_100428_T_C,6,100428,1.94E-06,-0.2788303,0.058189,0.05304316,Local
Transcriptomics,YFL021W.RNASeq,SNPs,SNP_chromosome10_345365_C_T,10,345365,3.29E-06,0.25912175,0.05535204,0.0538296,Distant
Transcriptomics,YFL022C.RNASeq,SVs,CNV_YBR250W_Cov1.25,2,719033,2.04E-06,-0.1766635,0.03694961,0.00611742,Distant
Transcriptomics,YFL024C.RNASeq,SVs,SV_5244_DEL_chromosome13_600892_len_-698,13,600892,1.21E-06,0.20465217,0.04187696,0.01507932,Distant
Transcriptomics,YFL025C.RNASeq,SVs,SV_5244_DEL_chromosome13_600892_len_-698,13,600892,1.34E-06,-0.1995102,0.04099301,0.01433109,Distant
Transcriptomics,YFL026W.RNASeq,SVs,CNV_YCL066W_Cov1.25,3,13282,1.34E-26,0.42374521,0.03842995,0.12378056,Distant
Transcriptomics,YFL026W.RNASeq,SVs,CNV_YX00455_Cov0.75,3,199369,2.02E-17,0.31113599,0.03588983,0.08457285,Distant
Transcriptomics,YFL026W.RNASeq,SVs,CNV_YX00433_Cov1.75,3,190232,5.96E-11,0.2402975,0.03626687,0.04744655,Distant
Transcriptomics,YFL026W.RNASeq,SVs,CNV_YX00446_Cov0.25,3,193857,4.75E-09,0.26966944,0.04560008,0.03834655,Distant
Transcriptomics,YFL026W.RNASeq,SNPs,SNP_chromosome14_742739_G_A,14,742739,5.28E-06,-0.2645334,0.05774305,0.04600928,Distant
Transcriptomics,YFL027C.RNASeq,SNPs,SNP_chromosome6_81747_C_T,6,81747,7.49E-17,0.31667908,0.03722956,0.05586541,Local
Transcriptomics,YFL027C.RNASeq,SVs,CNV_YCL066W_Cov1.25,3,13282,1.90E-16,0.33328269,0.03972948,0.07657171,Distant
Transcriptomics,YFL027C.RNASeq,SVs,CNV_YX00455_Cov0.75,3,199369,4.78E-13,0.26223957,0.03572595,0.06007959,Distant
Transcriptomics,YFL027C.RNASeq,SNPs,SNP_chromosome6_82157_T_C,6,82157,2.62E-11,-0.2861302,0.04237585,0.06917997,Local
Transcriptomics,YFL027C.RNASeq,SVs,CNV_YX00433_Cov1.75,3,190232,1.28E-08,0.20679188,0.03601163,0.03513768,Distant
Transcriptomics,YFL027C.RNASeq,SVs,CNV_YX00446_Cov0.25,3,193857,1.95E-06,0.23026067,0.04806964,0.02795776,Distant
Transcriptomics,YFL028C.RNASeq,SNPs,SNP_chromosome13_242493_G_A,13,242493,3.50E-06,-0.2902793,0.06217665,0.05651141,Distant
Transcriptomics,YFL028C.RNASeq,SVs,CNV_YDR015C_Cov0.25,4,477960,3.57E-06,-0.1404755,0.03011841,0.00647583,Distant
Transcriptomics,YFL028C.RNASeq,SNPs,SNP_chromosome6_202970_A_G,6,202970,4.78E-06,0.23154678,0.05030956,0.04868146,Distant
Transcriptomics,YFL030W.RNASeq,SNPs,SNP_chromosome14_275211_A_C,14,275211,3.55E-06,-0.1702273,0.03648603,0.010209,Distant
Transcriptomics,YFL031W.RNASeq,SNPs,SNP_chromosome13_286619_G_A,13,286619,4.65E-08,-0.3677836,0.0667273,0.02756265,Distant
Transcriptomics,YFL031W.RNASeq,SNPs,SNP_chromosome4_441647_T_C,4,441647,1.25E-06,-0.3387415,0.06940741,0.02298841,Distant
Transcriptomics,YFL031W.RNASeq,INDELs,INDEL_chromosome2_734746,2,734746,3.87E-06,-0.2812151,0.06051597,0.01554917,Distant
Transcriptomics,YFL034C-A.RNASeq,SNPs,SNP_chromosome6_64781_A_T,6,64781,1.25E-06,-0.1929834,0.03953442,0.02097607,Local
Transcriptomics,YFL039C.RNASeq,SNPs,SNP_chromosome11_389443_C_T,11,389443,5.45E-06,0.19271267,0.04212891,0.00597322,Distant
Proteomics,YFL039C.SMProt,SVs,CNV_YX02137_Cov1.75,11,1299,1.52E-06,-0.2431211,0.05014319,0.01809999,Distant
Transcriptomics,YFL040W.RNASeq,SNPs,SNP_chromosome4_1123586_A_T,4,1123586,3.48E-06,0.32206786,0.06896853,0.04545631,Distant
Proteomics,YFL041W.SMProt,SNPs,SNP_chromosome12_704386_C_G,12,704386,1.11E-07,-0.387371,0.0722559,0.14716076,Distant
Proteomics,YFL041W.SMProt,SNPs,SNP_chromosome6_50414_A_G,6,50414,1.04E-06,-0.2279253,0.04627553,0.03743346,Local
Proteomics,YFL041W.SMProt,SNPs,SNP_chromosome12_579100_C_T,12,579100,2.78E-06,-0.1940757,0.04108959,0.01532986,Distant
Transcriptomics,YFL045C.RNASeq,SNPs,SNP_chromosome14_128629_C_T,14,128629,2.35E-06,-0.2940709,0.06188485,0.0714449,Distant
Proteomics,YFL045C.SCProt,SNPs,SNP_chromosome6_44552_A_G,6,44552,8.01E-13,-0.3031761,0.04169998,0.07718168,Local
Proteomics,YFL045C.SCProt,INDELs,INDEL_chromosome6_44418,6,44418,1.40E-06,0.31624937,0.06507685,0.08890719,Local
Proteomics,YFL045C.SMProt,SNPs,SNP_chromosome6_44552_A_G,6,44552,9.23E-09,-0.263634,0.04536054,0.05894483,Local
Transcriptomics,YFL047W.RNASeq,SVs,CNV_YDL227C_Cov0.75,4,46271,2.41E-08,0.20022834,0.03556364,0.01018684,Distant
Transcriptomics,YFL048C.RNASeq,SNPs,SNP_chromosome12_250030_C_T,12,250030,2.89E-06,0.23332425,0.04955211,0.01697355,Distant
Proteomics,YFL048C.SMProt,SNPs,SNP_chromosome8_274614_C_T,8,274614,2.06E-06,0.36868856,0.07702874,0.10106001,Distant
Transcriptomics,YFL049W.RNASeq,SNPs,SNP_chromosome2_690620_C_T,2,690620,2.32E-06,-0.2514623,0.0528961,0.01507724,Distant
Transcriptomics,YFL050C.RNASeq,SNPs,SNP_chromosome6_36075_A_G,6,36075,1.21E-08,-0.3595073,0.06250733,0.07843679,Local
Transcriptomics,YFL050C.RNASeq,SNPs,SNP_chromosome5_484851_T_G,5,484851,3.72E-06,-0.3042391,0.0653488,0.07496431,Distant
Transcriptomics,YFL051C.RNASeq,SVs,CNV_YX01114_Cov0.25,6,35461,7.88E-07,0.29457238,0.05916783,0.05370542,Local
Transcriptomics,YFL053W.RNASeq,SVs,CNV_YFL052W_Cov1.25,6,28232,3.60E-10,0.25675775,0.04040106,0.02515238,Local
Transcriptomics,YFL053W.RNASeq,SVs,CNV_YFL055W_Cov0.75,6,17004,3.60E-10,-0.2349628,0.03697211,0.01734609,Local
Transcriptomics,YFL053W.RNASeq,SVs,CNV_YX01109_Cov0.75,6,29199,1.68E-08,-0.3353699,0.05879939,0.08900205,Local
Transcriptomics,YFL053W.RNASeq,SVs,CNV_YX01083_Cov0.75,6,12192,2.48E-08,-0.3328243,0.05906887,0.10280192,Local
Transcriptomics,YFL053W.RNASeq,SVs,CNV_YX01939_Cov1.25,10,20763,1.46E-07,0.22057492,0.04156062,0.014015,Distant
Transcriptomics,YFL054C.RNASeq,SVs,CNV_YFL055W_Cov0.75,6,17004,2.25E-10,-0.2431469,0.03780257,0.01846283,Local
Transcriptomics,YFL054C.RNASeq,SVs,CNV_YX01083_Cov0.75,6,12192,3.11E-09,-0.3604914,0.06010147,0.12083256,Local
Transcriptomics,YFL054C.RNASeq,SVs,CNV_YFL052W_Cov1.25,6,28232,5.47E-09,0.24226484,0.04105428,0.02256213,Local
Transcriptomics,YFL054C.RNASeq,SVs,CNV_YX01939_Cov1.25,10,20763,1.10E-08,0.24253242,0.04195926,0.01707753,Distant
Transcriptomics,YFL054C.RNASeq,SVs,CNV_YJL218W_Cov0.25,10,21973,1.05E-07,-0.3143077,0.05853546,0.08989245,Distant
Transcriptomics,YFL054C.RNASeq,SVs,CNV_YX01109_Cov0.75,6,29199,1.21E-07,-0.319142,0.05972938,0.08077548,Local
Transcriptomics,YFL054C.RNASeq,SVs,CNV_YX03077_Cov0.25,15,50427,7.47E-06,-0.2469293,0.05473116,0.04879425,Distant
Transcriptomics,YFL055W.RNASeq,SVs,CNV_YFL055W_Cov0.75,6,17004,1.31E-22,-0.3484143,0.03447536,0.0348436,Local
Transcriptomics,YFL055W.RNASeq,SVs,CNV_YX01083_Cov0.75,6,12192,8.97E-19,-0.5393238,0.05937015,0.26948008,Local
Transcriptomics,YFL055W.RNASeq,SVs,CNV_YFL052W_Cov1.25,6,28232,2.79E-15,0.33261021,0.04122518,0.04161097,Local
Transcriptomics,YFL055W.RNASeq,SVs,CNV_YJL218W_Cov0.25,10,21973,7.81E-13,-0.4289286,0.05883682,0.16675875,Distant
Transcriptomics,YFL055W.RNASeq,SVs,CNV_YX01109_Cov0.75,6,29199,1.88E-11,-0.4072134,0.05972307,0.13286142,Local
Transcriptomics,YFL055W.RNASeq,SVs,CNV_YX01939_Cov1.25,10,20763,1.12E-10,0.27924408,0.04269099,0.02238201,Distant
Transcriptomics,YFL055W.RNASeq,SVs,SV_4065_INS_chromosome10_617904_len_338_TyRelated,10,617904,8.90E-07,0.25134162,0.05071875,0.01372565,Distant
Transcriptomics,YFL055W.RNASeq,SVs,CNV_YX03077_Cov0.25,15,50427,3.25E-06,-0.2646126,0.05642686,0.05658868,Distant
Transcriptomics,YFL057C.RNASeq,SVs,CNV_YFL053W_Cov0.25,6,23423,1.21E-27,-0.4536912,0.04025517,0.13244833,NA
Transcriptomics,YFL057C.RNASeq,SVs,CNV_YX01939_Cov0.25,10,20763,4.45E-26,-0.4394335,0.04030226,0.12476256,NA
Transcriptomics,YFL057C.RNASeq,SVs,CNV_YFL056C_Cov0.25,6,14305,9.69E-22,0.56933777,0.05789513,0.2581774,NA
Transcriptomics,YFL057C.RNASeq,SVs,CNV_YX01109_Cov0.25,6,29199,7.04E-12,-0.3464179,0.04984517,0.10367726,NA
Transcriptomics,YFL057C.RNASeq,SVs,CNV_YX01083_Cov0.75,6,12192,2.28E-07,-0.2632118,0.05046618,0.06903839,NA
Transcriptomics,YFL057C.RNASeq,SNPs,SNP_chromosome6_36394_G_A,6,36394,3.04E-07,0.33051346,0.0640515,0.07455169,NA
Transcriptomics,YFL057C.RNASeq,SVs,CNV_YJL217W_Cov0.25,10,23133,4.87E-07,-0.2353098,0.0464256,0.04930841,NA
Transcriptomics,YFL057C.RNASeq,SNPs,SNP_chromosome9_342466_A_G,9,342466,1.10E-06,0.38795429,0.0790636,0.04091948,NA
Transcriptomics,YFL057C.RNASeq,SNPs,SNP_chromosome6_36462_C_T,6,36462,1.93E-06,0.29984314,0.06256195,0.07941287,NA
Transcriptomics,YFL058W.RNASeq,SNPs,SNP_chromosome4_962979_C_T,4,962979,1.31E-06,-0.1900009,0.03900139,0.0206153,Distant
Transcriptomics,YFL059W.RNASeq,SVs,CNV_YFL060C_Cov1.25,6,10301,1.82E-14,-0.2315406,0.02969926,0.03151444,Local
Transcriptomics,YFL059W.RNASeq,SVs,CNV_YX02094_Cov1.25,10,713736,1.21E-11,-0.2016307,0.0293412,0.01962926,Distant
Transcriptomics,YFL059W.RNASeq,SVs,CNV_YX02817_Cov1.75,13,981490,1.62E-11,-0.2036445,0.02982513,0.02737859,Distant
Transcriptomics,YFL059W.RNASeq,SVs,CNV_YFL059W_Cov2.25,6,11363,4.66E-10,0.2059938,0.03268588,0.03845493,Local
Transcriptomics,YFL060C.RNASeq,SVs,CNV_YX02817_Cov1.25,13,981490,7.88E-17,-0.233523,0.02747389,0.02973658,Distant
Transcriptomics,YFL060C.RNASeq,SVs,CNV_YFL060C_Cov1.25,6,10301,2.95E-15,-0.2287131,0.02846564,0.03416964,Local
Transcriptomics,YFL060C.RNASeq,SVs,CNV_YX02122_Cov1.25,10,754018,8.01E-14,-0.2099615,0.0276616,0.03072434,Distant
Transcriptomics,YFL060C.RNASeq,SVs,CNV_YFL059W_Cov2.25,6,11363,8.30E-09,0.17570367,0.03020165,0.02788666,Local
Transcriptomics,YFL060C.RNASeq,SVs,CNV_YX02268_Cov3.75,11,677836,1.45E-06,-0.1311832,0.02704347,0.01667484,Distant
Transcriptomics,YFL061W.RNASeq,SVs,CNV_YFL061W_Cov1.25,6,9545,1.44E-20,-0.3069013,0.03218017,0.04407535,Local
Transcriptomics,YFL061W.RNASeq,SVs,CNV_YX02817_Cov1.25,13,981490,2.13E-20,-0.2983601,0.03143306,0.04106305,Distant
Transcriptomics,YFL061W.RNASeq,SVs,CNV_YX02094_Cov1.25,10,713736,8.19E-20,-0.3033148,0.03248819,0.04396369,Distant
Transcriptomics,YFL061W.RNASeq,SVs,CNV_YFL059W_Cov2.25,6,11363,1.49E-12,0.26368625,0.03672206,0.06314301,Local
Transcriptomics,YFL062W.RNASeq,SVs,CNV_YX02268_Cov3.25,11,677836,1.28E-11,-0.2232685,0.03254293,0.03497135,Distant
Transcriptomics,YFL062W.RNASeq,SVs,CNV_YX02817_Cov2.75,13,981490,1.31E-07,0.18493849,0.0347636,0.02625122,Distant
Transcriptomics,YFL062W.RNASeq,SVs,CNV_YX02122_Cov2.25,10,754018,1.76E-07,0.1844043,0.03502426,0.02335756,Distant
Transcriptomics,YFL062W.RNASeq,SVs,CNV_YFL061W_Cov2.75,6,9545,2.12E-07,0.17999407,0.03442051,0.023645,Local
Transcriptomics,YFL062W.RNASeq,SVs,CNV_YX01866_Cov5.75,9,428770,5.87E-07,-0.1633749,0.03246806,0.02440418,Distant
Transcriptomics,YFL062W.RNASeq,SVs,CNV_YX02094_Cov2.75,10,713736,3.44E-06,0.14128834,0.03024091,0.0094063,Distant
Transcriptomics,YFL064C.RNASeq,SVs,CNV_YEL075W-A_Cov3.25,5,4870,8.40E-22,-0.2999255,0.03044971,0.08887438,Distant
Transcriptomics,YFL064C.RNASeq,SVs,CNV_YEL074W_Cov17.25,5,6126,4.51E-19,0.25827277,0.02829308,0.03347582,Distant
Transcriptomics,YFL064C.RNASeq,SVs,CNV_YGR296W_Cov11.75,7,1084864,1.08E-17,-0.2686233,0.03071351,0.07280132,Local
Transcriptomics,YFL064C.RNASeq,SVs,CNV_YBL113W-A_Cov0.75,2,646,2.42E-15,-0.2264972,0.02809818,0.02685753,Distant
Transcriptomics,YFL064C.RNASeq,SVs,CNV_YX01034_Cov20.75,17,533640,2.63E-15,0.18877655,0.02345079,0.00813436,Distant
Transcriptomics,YFL064C.RNASeq,SVs,CNV_YLL066W-B_Cov2.25,12,5605,1.40E-14,0.22106355,0.0282423,0.03977146,Distant
Transcriptomics,YFL064C.RNASeq,SVs,CNV_YNL338W_Cov1.75,14,6561,1.33E-11,0.16951373,0.02472752,0.01691274,Distant
Transcriptomics,YFL064C.RNASeq,SVs,CNV_YLR466C-B_Cov3.75,12,1071594,1.66E-09,0.16457992,0.0270161,0.00575978,Distant
Transcriptomics,YFL064C.RNASeq,SNPs,SNP_chromosome2_634316_T_C,2,634316,1.53E-06,0.29249094,0.06042995,0.01755172,Distant
Transcriptomics,YFL065C.RNASeq,SVs,CNV_YEL075W-A_Cov2.25,5,4870,2.30E-22,-0.2895756,0.02897724,0.07375599,Distant
Transcriptomics,YFL065C.RNASeq,SVs,CNV_YGR296W_Cov11.75,7,1084864,4.81E-19,-0.2657223,0.02913345,0.07140632,Local
Transcriptomics,YFL065C.RNASeq,SVs,CNV_YBL113W-A_Cov1.75,2,646,1.57E-14,-0.225628,0.02888222,0.04991164,Distant
Transcriptomics,YFL065C.RNASeq,SVs,CNV_YEL074W_Cov9.25,5,6126,1.71E-14,0.20877793,0.02676253,0.04124567,Distant
Transcriptomics,YFL065C.RNASeq,SVs,CNV_YLL066W-B_Cov3.75,12,5605,1.03E-12,0.18489544,0.02557281,0.01429585,Distant
Transcriptomics,YFL065C.RNASeq,SVs,CNV_YX01034_Cov9.75,17,533640,4.91E-11,0.18487386,0.02777667,0.02920589,Distant
Transcriptomics,YFL065C.RNASeq,SVs,CNV_YNL338W_Cov1.75,14,6561,9.49E-10,0.14549695,0.0235281,0.01248938,Distant
Transcriptomics,YFL065C.RNASeq,SVs,CNV_YLR466C-B_Cov3.75,12,1071594,2.40E-08,0.14474662,0.02570656,0.00446579,Distant
Transcriptomics,YFL066C.RNASeq,SVs,CNV_YEL074W_Cov17.25,5,6126,1.79E-22,0.30238333,0.03017591,0.04568521,Distant
Transcriptomics,YFL066C.RNASeq,SVs,CNV_YEL075W-A_Cov3.25,5,4870,7.57E-22,-0.3246354,0.03291979,0.10366386,Distant
Transcriptomics,YFL066C.RNASeq,SVs,CNV_YGR296W_Cov21.75,7,1084864,3.00E-21,0.31696279,0.03265156,0.06569765,Local
Transcriptomics,YFL066C.RNASeq,SVs,CNV_YX01034_Cov1.25,17,533640,2.57E-17,-0.3050173,0.03530522,0.03642761,Distant
Transcriptomics,YFL066C.RNASeq,SVs,CNV_YBL113W-A_Cov3.25,2,646,1.31E-16,0.30506518,0.03616229,0.08420955,Distant
Transcriptomics,YFL066C.RNASeq,SVs,CNV_YLL066W-B_Cov4.25,12,5605,2.89E-13,0.21778911,0.02938496,0.01556563,Distant
Transcriptomics,YFL066C.RNASeq,SVs,CNV_YLR466C-B_Cov0.75,12,1071594,2.30E-10,0.19083066,0.02975408,0.03658286,Distant
Transcriptomics,YFL066C.RNASeq,SVs,CNV_YX01830_Cov0.25,9,332956,3.38E-09,0.27333435,0.04576914,0.02612212,Distant
Transcriptomics,YFL066C.RNASeq,SVs,CNV_YNL338W_Cov2.75,14,6561,4.20E-09,0.14785681,0.02491301,0.00572056,Distant
Transcriptomics,YFL066C.RNASeq,SVs,CNV_YLR465C_Cov0.25,12,1067045,6.12E-09,-0.1902876,0.03241474,0.03028503,Distant
Transcriptomics,YFL066C.RNASeq,SVs,CNV_YX01747_Cov1.25,9,1954,3.69E-07,0.16443384,0.03209918,0.02682436,Distant
Transcriptomics,YFL066C.RNASeq,SVs,CNV_YX01519_Cov0.75,8,1783,2.98E-06,0.1904765,0.04051128,0.01935055,Distant
Transcriptomics,YFL068W.RNASeq,SVs,CNV_YEL074W_Cov17.25,5,6126,7.08E-27,0.30385536,0.02739476,0.0462273,Distant
Transcriptomics,YFL068W.RNASeq,SVs,CNV_YGR296W_Cov17.75,7,1084864,5.44E-25,0.31084595,0.02920617,0.08184384,Distant
Transcriptomics,YFL068W.RNASeq,SVs,CNV_YEL075W-A_Cov3.25,5,4870,2.55E-22,-0.2984371,0.02989697,0.08779023,Distant
Transcriptomics,YFL068W.RNASeq,SVs,CNV_YBL113W-A_Cov2.25,2,646,3.35E-20,0.30604923,0.03244679,0.09412948,Local
Transcriptomics,YFL068W.RNASeq,SVs,CNV_YX01034_Cov20.75,17,533640,3.20E-19,0.2092919,0.02282613,0.00997523,Distant
Transcriptomics,YFL068W.RNASeq,SVs,CNV_YLL066W-B_Cov1.25,12,5605,3.77E-17,-0.2095557,0.0243899,0.04361264,Distant
Transcriptomics,YFL068W.RNASeq,SVs,CNV_YNL338W_Cov1.25,14,6561,1.17E-15,0.20316277,0.02490986,0.03524749,Distant
Transcriptomics,YFL068W.RNASeq,SVs,CNV_YLR466C-B_Cov0.75,12,1071594,5.95E-13,0.19656879,0.02689283,0.03889692,Distant
Transcriptomics,YFL068W.RNASeq,SVs,CNV_YX01519_Cov0.25,8,1783,3.21E-08,0.16323778,0.02926105,0.02521359,Distant
Transcriptomics,YFL068W.RNASeq,SVs,CNV_YX01747_Cov3.75,9,1954,4.99E-07,0.12798648,0.02527554,0.0050887,Distant
Transcriptomics,YFL068W.RNASeq,SVs,CNV_YX01830_Cov0.25,9,332956,1.33E-06,0.20652622,0.04242853,0.01494428,Distant
Transcriptomics,YFL068W.RNASeq,SVs,CNV_YLR465C_Cov0.25,12,1067045,2.50E-06,-0.1410758,0.02976842,0.01668079,Distant
Transcriptomics,YFR003C.RNASeq,SNPs,SNP_chromosome4_848316_A_G,4,848316,2.63E-06,-0.189198,0.04001214,0.01830224,Distant
Proteomics,YFR004W.SMProt,INDELs,INDEL_chromosome4_132623,4,132623,5.02E-06,0.21121746,0.04593209,0.00874066,Distant
Transcriptomics,YFR006W.RNASeq,SNPs,SNP_chromosome14_231454_C_A,14,231454,1.50E-07,-0.2466824,0.04658813,0.05719695,Distant
Transcriptomics,YFR006W.RNASeq,SNPs,SNP_chromosome16_224865_C_T,16,224865,8.24E-07,0.25765342,0.05189877,0.01823681,Distant
Transcriptomics,YFR006W.RNASeq,SNPs,SNP_chromosome15_417176_G_A,15,417176,1.65E-06,0.29758511,0.0616839,0.02012541,Distant
Transcriptomics,YFR006W.RNASeq,SNPs,SNP_chromosome12_974574_A_G,12,974574,1.96E-06,-0.1858583,0.03880996,0.02601917,Distant
Proteomics,YFR006W.SMProt,SNPs,SNP_chromosome16_224865_C_T,16,224865,4.64E-08,0.33074631,0.05988783,0.02547824,Distant
Proteomics,YFR006W.SMProt,SNPs,SNP_chromosome13_296809_A_C,13,296809,1.18E-07,0.22152525,0.04140227,0.01400967,Distant
Proteomics,YFR006W.SMProt,SNPs,SNP_chromosome15_419395_T_C,15,419395,1.11E-06,0.22843296,0.04649467,0.01892296,Distant
Proteomics,YFR009W.SMProt,SNPs,SNP_chromosome4_1298829_C_A,4,1298829,7.42E-07,-0.3725747,0.07461086,0.12474354,Distant
Transcriptomics,YFR010W-A.RNASeq,SNPs,SNP_chromosome6_166669_C_T,6,166669,9.74E-45,0.76456084,0.05149767,0.52917641,Local
Transcriptomics,YFR010W-A.RNASeq,SNPs,SNP_chromosome6_168104_T_C,6,168104,1.71E-07,-0.2548884,0.04836647,0.03695012,Local
Transcriptomics,YFR010W-A.RNASeq,SNPs,SNP_chromosome6_168984_T_C,6,168984,2.12E-06,0.18081021,0.03788289,0.02756341,Local
Transcriptomics,YFR010W-A.RNASeq,SNPs,SNP_chromosome10_534236_G_T,10,534236,2.96E-06,-0.2644035,0.05621166,0.01596224,Distant
Proteomics,YFR010W.SMProt,SNPs,SNP_chromosome6_157884_T_A,6,157884,8.54E-06,0.2944217,0.06567148,0.05353536,Local
Transcriptomics,YFR011C.RNASeq,SNPs,SNP_chromosome6_155140_G_A,6,155140,3.86E-06,0.19821885,0.04264902,0.03105227,Local
Proteomics,YFR011C.SMProt,INDELs,INDEL_chromosome11_232038,11,232038,2.18E-06,-0.3851798,0.08068502,0.14049207,Distant
Transcriptomics,YFR012W-A.RNASeq,SNPs,SNP_chromosome8_105230_T_C,8,105230,2.36E-07,0.17182849,0.03298826,0.00566793,Distant
Transcriptomics,YFR013W.RNASeq,SVs,CNV_YX01489_Cov2.75,7,1066398,2.62E-07,-0.2157628,0.04158305,0.01494054,Distant
Proteomics,YFR014C.SMProt,INDELs,INDEL_chromosome13_413669,13,413669,4.70E-06,-0.2115883,0.04587252,0.01027752,Distant
Transcriptomics,YFR016C.RNASeq,SVs,SV_2295_INS_chromosome6_181054_len_5424_TyRelated,6,181054,5.15E-07,0.16889928,0.03339571,0.00690501,Local
Transcriptomics,YFR019W.RNASeq,SNPs,SNP_chromosome15_873940_T_C,15,873940,3.51E-06,-0.1674126,0.03586627,0.010157,Distant
Transcriptomics,YFR020W.RNASeq,SNPs,SNP_chromosome6_190264_T_C,6,190264,9.75E-10,0.29400438,0.04757693,0.03389439,Local
Transcriptomics,YFR020W.RNASeq,INDELs,INDEL_chromosome6_190180,6,190180,1.67E-08,0.29321115,0.05148279,0.04364436,Local
Transcriptomics,YFR020W.RNASeq,SNPs,SNP_chromosome6_184798_C_T,6,184798,1.20E-06,-0.3158709,0.06459844,0.09209793,Local
Transcriptomics,YFR022W.RNASeq,SNPs,SNP_chromosome6_196793_G_C,6,196793,1.21E-12,-0.5342106,0.07411398,0.24978162,Local
Transcriptomics,YFR022W.RNASeq,INDELs,INDEL_chromosome6_199066,6,199066,4.37E-06,-0.3491776,0.07555582,0.10862175,Local
Transcriptomics,YFR024C-A.RNASeq,SNPs,SNP_chromosome14_117786_T_C,14,117786,3.23E-06,-0.2107612,0.04498437,0.01649797,Distant
Proteomics,YFR024C-A.SMProt,SNPs,SNP_chromosome15_639648_T_G,15,639648,4.57E-07,0.17571577,0.03452421,0.00973956,Distant
Proteomics,YFR024C-A.SMProt,SNPs,SNP_chromosome5_523232_T_C,5,523232,1.43E-06,0.1770341,0.03641488,0.00610848,Distant
Proteomics,YFR024C-A.SMProt,SNPs,SNP_chromosome4_1432529_C_A,4,1432529,2.49E-06,0.21012264,0.04426564,0.03989211,Distant
Transcriptomics,YFR026C.RNASeq,SNPs,SNP_chromosome6_204770_G_C,6,204770,6.10E-27,0.61535418,0.05532322,0.32300331,Local
Transcriptomics,YFR026C.RNASeq,INDELs,INDEL_chromosome6_203444,6,203444,2.11E-10,0.39599496,0.06158049,0.0861144,Local
Transcriptomics,YFR026C.RNASeq,INDELs,INDEL_chromosome6_199066,6,199066,2.59E-08,0.36056892,0.06416822,0.1129392,Local
Transcriptomics,YFR026C.RNASeq,SNPs,SNP_chromosome6_183726_T_G,6,183726,8.58E-07,0.20710667,0.0417706,0.01892502,Local
Transcriptomics,YFR026C.RNASeq,SVs,CNV_YLR155C_Cov0.25,12,469317,9.54E-07,0.1745836,0.03536361,0.01004065,Distant
Transcriptomics,YFR026C.RNASeq,SNPs,SNP_chromosome6_213090_A_G,6,213090,2.29E-06,0.19507817,0.04099433,0.01805222,Local
Transcriptomics,YFR029W.RNASeq,SNPs,SNP_chromosome7_857217_A_G,7,857217,4.55E-06,0.19975847,0.04330359,0.03579929,Distant
Transcriptomics,YFR031C.RNASeq,SNPs,SNP_chromosome4_553497_G_A,4,553497,1.18E-06,0.21971669,0.04490969,0.01286851,Distant
Transcriptomics,YFR035C.RNASeq,SNPs,SNP_chromosome7_935993_A_G,7,935993,6.73E-07,0.24283859,0.04851972,0.05293642,Distant
Transcriptomics,YFR035C.RNASeq,SNPs,SNP_chromosome4_425975_C_T,4,425975,1.17E-06,0.1707662,0.03488809,0.0137532,Distant
Transcriptomics,YFR035C.RNASeq,SNPs,SNP_chromosome6_226182_A_G,6,226182,2.53E-06,0.1511143,0.03190369,0.00940382,Local
Transcriptomics,YFR036W.RNASeq,SNPs,SNP_chromosome12_991553_C_T,12,991553,2.28E-06,-0.2492396,0.05238443,0.01770523,Distant
Transcriptomics,YFR037C.RNASeq,SNPs,SNP_chromosome7_655851_C_T,7,655851,1.31E-06,0.19063318,0.03913716,0.00661888,Distant
Transcriptomics,YFR037C.RNASeq,SNPs,SNP_chromosome4_451706_T_C,4,451706,2.32E-06,0.31919218,0.06713399,0.02638816,Distant
Transcriptomics,YFR037C.RNASeq,SVs,CNV_YGL232W_Cov1.25,7,62075,4.07E-06,-0.1728682,0.03728248,0.00667544,Distant
Proteomics,YFR037C.SMProt,SVs,CNV_YER066C-A_Cov0.75,5,291703,1.59E-06,-0.1996971,0.04126635,0.00701528,Distant
Transcriptomics,YFR038W.RNASeq,SNPs,SNP_chromosome12_210539_A_G,12,210539,2.50E-06,-0.1736859,0.03665018,0.00556759,Distant
Transcriptomics,YFR041C.RNASeq,INDELs,INDEL_chromosome7_745750,7,745750,3.96E-07,-0.3385181,0.06625978,0.09648869,Distant
Transcriptomics,YFR042W.RNASeq,INDELs,INDEL_chromosome7_745750,7,745750,4.09E-06,-0.290472,0.0626626,0.07104297,Distant
Proteomics,YFR044C.SCProt,SNPs,SNP_chromosome16_224865_C_T,16,224865,5.15E-08,0.27024161,0.04918156,0.01753202,Distant
Proteomics,YFR044C.SCProt,SNPs,SNP_chromosome14_431281_G_C,14,431281,3.99E-06,0.3159211,0.06805941,0.02222557,Distant
Transcriptomics,YFR046C.RNASeq,SNPs,SNP_chromosome2_441927_A_G,2,441927,4.18E-06,-0.2130262,0.04599887,0.03762927,Distant
Transcriptomics,YFR046C.RNASeq,SNPs,SNP_chromosome12_1007532_A_G,12,1007532,5.70E-06,0.19603379,0.04294663,0.02387899,Distant
Transcriptomics,YFR046C.RNASeq,SNPs,SNP_chromosome7_254979_C_T,7,254979,6.68E-06,0.2071148,0.04571439,0.01064141,Distant
Transcriptomics,YFR049W.RNASeq,SNPs,SNP_chromosome4_1318821_T_C,4,1318821,3.64E-06,0.30336968,0.06509703,0.04955327,Distant
Transcriptomics,YFR052W.RNASeq,SNPs,SNP_chromosome15_577509_A_G,15,577509,3.13E-06,-0.2624044,0.05592715,0.02383851,Distant
Transcriptomics,YFR052W.RNASeq,SNPs,SNP_chromosome15_240318_A_G,15,240318,7.01E-06,0.19706447,0.04359828,0.01623169,Distant
Proteomics,YFR053C.SMProt,SNPs,SNP_chromosome9_232692_T_C,9,232692,1.55E-06,0.17855893,0.03685795,0.008838,Distant
Proteomics,YFR053C.SMProt,SNPs,SNP_chromosome15_440271_A_C,15,440271,4.24E-06,-0.1807179,0.03899526,0.01429769,Distant
Transcriptomics,YFR055W.RNASeq,SNPs,SNP_chromosome15_898827_T_C,15,898827,1.00E-06,-0.3231469,0.06556685,0.0151439,Distant
Transcriptomics,YGL001C.RNASeq,SNPs,SNP_chromosome10_624837_T_C,10,624837,3.97E-06,-0.2343142,0.05048029,0.01056214,Distant
Transcriptomics,YGL002W.RNASeq,SNPs,SNP_chromosome12_250030_C_T,12,250030,2.95E-06,0.23391313,0.04972689,0.01705933,Distant
Transcriptomics,YGL005C.RNASeq,SNPs,SNP_chromosome7_491171_A_G,7,491171,1.89E-08,0.38050399,0.06707294,0.12185664,Local
Transcriptomics,YGL006W.RNASeq,SNPs,SNP_chromosome7_485777_A_G,7,485777,1.54E-12,-0.3072745,0.04283844,0.06539853,Local
Proteomics,YGL008C.SCProt,SNPs,SNP_chromosome13_14341_G_C,13,14341,1.60E-06,0.23875606,0.0494159,0.05227199,Distant
Transcriptomics,YGL010W.RNASeq,SVs,CNV_YNL302C_Cov2.25,14,61958,4.75E-07,0.17674051,0.03483655,0.00829183,Distant
Transcriptomics,YGL011C.RNASeq,INDELs,INDEL_chromosome7_745750,7,745750,9.37E-07,-0.2977062,0.0602781,0.07462569,Distant
Transcriptomics,YGL011C.RNASeq,SNPs,SNP_chromosome1_117369_T_C,1,117369,2.49E-06,-0.2314581,0.0488373,0.01535204,Distant
Transcriptomics,YGL011C.RNASeq,SVs,CNV_YAR028W_Cov1.25,1,184892,3.26E-06,0.16939998,0.03617235,0.00562472,Distant
Transcriptomics,YGL012W.RNASeq,SNPs,SNP_chromosome12_974574_A_G,12,974574,5.66E-06,-0.1751649,0.03836022,0.02311126,Distant
Transcriptomics,YGL016W.RNASeq,SNPs,SNP_chromosome3_207705_T_C,3,207705,1.40E-06,0.29355263,0.06042088,0.06047133,Distant
Transcriptomics,YGL016W.RNASeq,SNPs,SNP_chromosome12_210539_A_G,12,210539,1.57E-06,-0.1791083,0.0370506,0.00592065,Distant
Transcriptomics,YGL017W.RNASeq,SNPs,SNP_chromosome7_459980_C_T,7,459980,2.42E-12,0.24239003,0.03410421,0.01600531,Local
Transcriptomics,YGL017W.RNASeq,SNPs,SNP_chromosome7_459691_G_C,7,459691,4.42E-07,-0.3456449,0.0679413,0.06787414,Local
Transcriptomics,YGL017W.RNASeq,SNPs,SNP_chromosome7_461375_A_G,7,461375,4.99E-07,0.18043576,0.03563136,0.00782518,Local
Transcriptomics,YGL018C.RNASeq,SNPs,SNP_chromosome7_458993_C_T,7,458993,2.37E-06,0.16755801,0.0352754,0.00961179,Local
Transcriptomics,YGL020C.RNASeq,SNPs,SNP_chromosome12_123810_A_G,12,123810,6.17E-06,0.20251743,0.04453026,0.00675801,Distant
Proteomics,YGL026C.SMProt,SNPs,SNP_chromosome4_1298829_C_A,4,1298829,2.18E-07,-0.4153536,0.07936517,0.15291529,Distant
Transcriptomics,YGL027C.RNASeq,SNPs,SNP_chromosome4_441647_T_C,4,441647,1.43E-07,0.35892561,0.06766941,0.02580959,Distant
Transcriptomics,YGL027C.RNASeq,SNPs,SNP_chromosome15_241656_T_A,15,241656,1.64E-06,0.38861613,0.08052358,0.0278097,Distant
Transcriptomics,YGL027C.RNASeq,SNPs,SNP_chromosome2_277831_C_T,2,277831,2.41E-06,0.32603571,0.06869176,0.02062875,Distant
Transcriptomics,YGL027C.RNASeq,SNPs,SNP_chromosome11_226952_T_C,11,226952,2.89E-06,-0.2896413,0.06151737,0.07642947,Distant
Transcriptomics,YGL028C.RNASeq,SNPs,SNP_chromosome11_394706_T_A,11,394706,5.60E-07,-0.2617971,0.05193064,0.01132469,Distant
Transcriptomics,YGL029W.RNASeq,SNPs,SNP_chromosome10_524477_G_A,10,524477,7.94E-07,0.2863474,0.05759045,0.0493386,Distant
Transcriptomics,YGL029W.RNASeq,SNPs,SNP_chromosome5_219768_T_C,5,219768,3.85E-06,0.1783771,0.03837433,0.0168448,Distant
Transcriptomics,YGL030W.RNASeq,SNPs,SNP_chromosome15_76985_G_A,15,76985,1.42E-06,-0.2039712,0.04201038,0.03827732,Distant
Transcriptomics,YGL031C.RNASeq,SNPs,SNP_chromosome15_76985_G_A,15,76985,4.76E-06,-0.1943332,0.04221566,0.03474542,Distant
Transcriptomics,YGL032C.RNASeq,SVs,CNV_YCL066W_Cov1.25,3,13282,4.60E-18,0.33477468,0.03782686,0.08135753,Distant
Transcriptomics,YGL032C.RNASeq,SVs,CNV_YX00455_Cov0.75,3,199369,1.57E-12,0.2507868,0.03497849,0.05786149,Distant
Transcriptomics,YGL032C.RNASeq,SVs,CNV_YX00433_Cov1.75,3,190232,3.22E-10,0.22244102,0.03497717,0.04281398,Distant
Transcriptomics,YGL036W.RNASeq,SNPs,SNP_chromosome5_389576_C_T,5,389576,1.36E-06,0.21565374,0.04433638,0.01600481,Distant
Transcriptomics,YGL036W.RNASeq,SNPs,SNP_chromosome9_53832_G_A,9,53832,2.78E-06,0.21732359,0.04607368,0.02054921,Distant
Transcriptomics,YGL037C.RNASeq,SNPs,SNP_chromosome4_848316_A_G,4,848316,2.81E-06,-0.1901009,0.04032546,0.01847735,Distant
Proteomics,YGL037C.SMProt,SNPs,SNP_chromosome11_460601_G_A,11,460601,4.06E-06,0.29432369,0.06338047,0.02872325,Distant
Transcriptomics,YGL040C.RNASeq,SVs,SV_5244_DEL_chromosome13_600892_len_-698,13,600892,1.95E-06,-0.1979111,0.04131939,0.01410228,Distant
Transcriptomics,YGL041W-A.RNASeq,SNPs,SNP_chromosome7_430457_G_A,7,430457,5.70E-08,-0.2815509,0.05142836,0.01552,Local
Transcriptomics,YGL041W-A.RNASeq,SNPs,SNP_chromosome2_369535_C_T,2,369535,1.82E-06,-0.2535574,0.05278125,0.01429584,Distant
Transcriptomics,YGL041W-A.RNASeq,SNPs,SNP_chromosome4_1479150_A_G,4,1479150,1.85E-06,-0.2714794,0.05654944,0.01990153,Distant
Transcriptomics,YGL041W-A.RNASeq,SNPs,SNP_chromosome2_484159_G_A,2,484159,1.99E-06,-0.2778414,0.05804926,0.01425138,Distant
Transcriptomics,YGL041W-A.RNASeq,SNPs,SNP_chromosome4_1170383_C_T,4,1170383,3.35E-06,-0.2068253,0.04421633,0.00876884,Distant
Transcriptomics,YGL043W.RNASeq,SVs,CNV_YGR109W-B_Cov3.25,7,707610,9.13E-07,-0.2073989,0.04194893,0.022157,Distant
Transcriptomics,YGL044C.RNASeq,SNPs,SNP_chromosome16_762090_A_G,16,762090,2.00E-06,-0.1754579,0.03667163,0.00513648,Distant
Transcriptomics,YGL045W.RNASeq,SNPs,SNP_chromosome12_145343_G_T,12,145343,8.14E-07,-0.2957056,0.05953241,0.02139637,Distant
Transcriptomics,YGL048C.RNASeq,SNPs,SNP_chromosome12_1012407_T_C,12,1012407,2.34E-06,0.24009355,0.05051584,0.02202156,Distant
Proteomics,YGL048C.SCProt,SNPs,SNP_chromosome14_543875_G_A,14,543875,2.52E-07,0.22814986,0.04389431,0.01284653,Distant
Proteomics,YGL049C.SMProt,SNPs,SNP_chromosome7_409966_T_C,7,409966,1.21E-07,-0.3109943,0.05817732,0.08371069,Local
Transcriptomics,YGL050W.RNASeq,SVs,CNV_YX01346_Cov0.75,7,401094,4.29E-08,0.28500583,0.05157215,0.03853468,Local
Transcriptomics,YGL050W.RNASeq,SNPs,SNP_chromosome7_407124_G_A,7,407124,4.90E-08,0.32269296,0.05864901,0.06578909,Local
Transcriptomics,YGL050W.RNASeq,SNPs,SNP_chromosome4_1483377_T_C,4,1483377,2.00E-06,-0.1881252,0.03931674,0.00858227,Distant
Transcriptomics,YGL054C.RNASeq,SNPs,SNP_chromosome10_248754_A_G,10,248754,2.62E-06,-0.1775761,0.03754825,0.00778528,Distant
Proteomics,YGL055W.SMProt,SNPs,SNP_chromosome15_584552_G_A,15,584552,1.48E-06,-0.2169747,0.04469694,0.00789151,Distant
Transcriptomics,YGL056C.RNASeq,SNPs,SNP_chromosome10_606046_A_G,10,606046,1.87E-06,-0.2749888,0.05730883,0.01639255,Distant
Transcriptomics,YGL059W.RNASeq,SVs,CNV_YHL006W-A_Cov0.75,8,97732,5.35E-07,0.16612587,0.03289587,0.02669652,Distant
Proteomics,YGL062W.SCProt,SNPs,SNP_chromosome15_430298_G_A,15,430298,2.52E-06,0.30132536,0.06359742,0.02315922,Distant
Transcriptomics,YGL067W.RNASeq,SNPs,SNP_chromosome7_376235_C_T,7,376235,8.09E-06,-0.2514303,0.05600889,0.04103651,Local
Proteomics,YGL070C.SMProt,SNPs,SNP_chromosome8_53413_A_C,8,53413,8.10E-08,0.30447938,0.05617641,0.01993279,Distant
Transcriptomics,YGL071W.RNASeq,SNPs,SNP_chromosome7_413763_T_C,7,413763,3.83E-06,-0.1654673,0.03558744,0.00741757,Distant
Transcriptomics,YGL078C.RNASeq,SNPs,SNP_chromosome7_655851_C_T,7,655851,7.50E-07,0.19241705,0.03861197,0.00674333,Distant
Proteomics,YGL078C.SCProt,SNPs,SNP_chromosome13_213896_G_C,13,213896,4.52E-06,0.17543502,0.03801273,0.00560943,Distant
Proteomics,YGL078C.SMProt,SNPs,SNP_chromosome16_379241_G_C,16,379241,2.33E-06,-0.1878059,0.03944842,0.01420749,Distant
Proteomics,YGL078C.SMProt,SVs,CNV_YX02122_Cov2.75,10,754018,2.80E-06,0.23016699,0.04873886,0.02005363,Distant
Transcriptomics,YGL081W.RNASeq,SNPs,SNP_chromosome12_112912_C_T,12,112912,8.76E-07,-0.2781566,0.05616557,0.01543408,Distant
Proteomics,YGL082W.SMProt,INDELs,INDEL_chromosome14_271068,14,271068,8.18E-06,0.32561492,0.07247683,0.07402421,Distant
Transcriptomics,YGL084C.RNASeq,SNPs,SNP_chromosome3_73149_T_C,3,73149,4.15E-06,0.22230399,0.04798981,0.00879488,Distant
Transcriptomics,YGL084C.RNASeq,SNPs,SNP_chromosome11_250094_G_A,11,250094,6.92E-06,-0.2541291,0.0561863,0.05939153,Distant
Transcriptomics,YGL085W.RNASeq,SNPs,SNP_chromosome15_933602_G_A,15,933602,4.05E-06,-0.276641,0.05965458,0.05237315,Distant
Transcriptomics,YGL087C.RNASeq,SNPs,SNP_chromosome13_296288_A_C,13,296288,2.15E-06,-0.2005833,0.04204809,0.03095466,Distant
Transcriptomics,YGL089C.RNASeq,SVs,CNV_YX00433_Cov1.25,3,190232,6.63E-14,0.27244709,0.03577104,0.04307377,Distant
Transcriptomics,YGL089C.RNASeq,SVs,CNV_YX00594_Cov0.25,4,46858,5.91E-13,0.25975937,0.03553342,0.01402114,Distant
Transcriptomics,YGL089C.RNASeq,SVs,CNV_YX00446_Cov0.75,3,193857,1.69E-06,0.16736948,0.03472471,0.01191677,Distant
Transcriptomics,YGL090W.RNASeq,SNPs,SNP_chromosome11_250668_C_T,11,250668,1.88E-07,0.25096647,0.04778122,0.03056587,Distant
Transcriptomics,YGL092W.RNASeq,SVs,SV_5244_DEL_chromosome13_600892_len_-698,13,600892,2.30E-06,-0.1981662,0.04166453,0.01413865,Distant
Transcriptomics,YGL092W.RNASeq,SNPs,SNP_chromosome2_690620_C_T,2,690620,4.84E-06,-0.2650313,0.05762069,0.01674829,Distant
Transcriptomics,YGL096W.RNASeq,SNPs,SNP_chromosome7_324658_G_A,7,324658,2.64E-11,-0.3307153,0.04898762,0.02216022,Local
Transcriptomics,YGL096W.RNASeq,SNPs,SNP_chromosome7_324640_A_G,7,324640,1.10E-10,0.31171519,0.04773302,0.08251167,Local
Transcriptomics,YGL096W.RNASeq,INDELs,INDEL_chromosome7_323711,7,323711,1.52E-06,-0.3321968,0.06861617,0.09902285,Local
Transcriptomics,YGL097W.RNASeq,SNPs,SNP_chromosome14_350966_C_G,14,350966,3.72E-06,-0.3021306,0.06489878,0.07470394,Distant
Proteomics,YGL097W.SMProt,SNPs,SNP_chromosome7_323540_T_C,7,323540,5.26E-07,0.34965229,0.06907448,0.09982872,Local
Transcriptomics,YGL098W.RNASeq,SNPs,SNP_chromosome4_95378_C_T,4,95378,4.83E-06,0.22612399,0.04915515,0.03453339,Distant
Transcriptomics,YGL099W.RNASeq,SNPs,SNP_chromosome7_655851_C_T,7,655851,3.73E-07,0.19828237,0.0387232,0.0071607,Distant
Transcriptomics,YGL101W.RNASeq,INDELs,INDEL_chromosome11_349220,11,349220,1.17E-06,0.301431,0.06158171,0.07600377,Distant
Proteomics,YGL103W.SCProt,SVs,CNV_YGL024W_Cov0.75,7,449788,3.02E-06,-0.1708356,0.03634729,0.02879028,Distant
Proteomics,YGL103W.SCProt,SVs,CNV_YLR178C_Cov0.75,12,513162,3.40E-06,-0.1724437,0.03688463,0.02762558,Distant
Transcriptomics,YGL104C.RNASeq,INDELs,INDEL_chromosome7_1017880,7,1017880,4.76E-07,-0.1896958,0.03739346,0.01717043,Distant
Transcriptomics,YGL104C.RNASeq,SNPs,SNP_chromosome14_758808_A_G,14,758808,9.13E-06,0.15347647,0.03439275,0.00497404,Distant
Proteomics,YGL105W.SMProt,SNPs,SNP_chromosome3_16091_C_G,3,16091,3.00E-06,0.17608475,0.03740197,0.00834575,Distant
Transcriptomics,YGL106W.RNASeq,SNPs,SNP_chromosome15_844373_G_A,15,844373,4.59E-08,0.21567955,0.03911342,0.03041295,Distant
Transcriptomics,YGL106W.RNASeq,SVs,CNV_YDL227C_Cov0.75,4,46271,2.53E-06,0.17185082,0.03628485,0.00750398,Distant
Transcriptomics,YGL106W.RNASeq,SNPs,SNP_chromosome8_319470_G_A,8,319470,3.16E-06,0.26660834,0.05684801,0.02410187,Distant
Proteomics,YGL106W.SCProt,SVs,CNV_YGR159C_Cov0.75,7,806412,5.31E-12,0.22669689,0.03240876,0.04799951,Distant
Proteomics,YGL106W.SCProt,SVs,CNV_YDL227C_Cov0.75,4,46271,1.28E-11,0.23656686,0.03446734,0.01390282,Distant
Proteomics,YGL106W.SCProt,SVs,CNV_YHR033W_Cov0.75,8,175548,1.53E-07,-0.1776155,0.03356347,0.02858635,Distant
Proteomics,YGL106W.SCProt,SVs,CNV_YX01464_Cov1.25,7,941361,1.26E-06,-0.1600515,0.03279536,0.01742465,Distant
Proteomics,YGL106W.SCProt,SVs,CNV_YX00433_Cov1.25,3,190232,2.08E-06,0.1642151,0.03436617,0.01507869,Distant
Proteomics,YGL106W.SCProt,SVs,CNV_YGL024W_Cov0.75,7,449788,2.60E-06,-0.1575268,0.03329281,0.0243657,Distant
Proteomics,YGL106W.SCProt,SNPs,SNP_chromosome11_558133_G_A,11,558133,5.67E-06,-0.2811514,0.06156355,0.06991317,Distant
Proteomics,YGL106W.SMProt,SVs,CNV_YDL227C_Cov0.75,4,46271,9.82E-08,0.198666,0.03689704,0.00917936,Distant
Transcriptomics,YGL109W.RNASeq,SNPs,SNP_chromosome9_395649_G_A,9,395649,6.38E-07,-0.1860192,0.03707942,0.01305947,Distant
Proteomics,YGL111W.SMProt,SNPs,SNP_chromosome4_1490059_G_T,4,1490059,1.40E-06,0.23899876,0.04911997,0.048005,Distant
Proteomics,YGL111W.SMProt,SNPs,SNP_chromosome15_587140_C_T,15,587140,1.80E-06,0.19284664,0.04006285,0.02321731,Distant
Transcriptomics,YGL113W.RNASeq,SVs,CNV_YX02249_Cov0.25,11,618964,3.25E-06,0.29048168,0.06201497,0.07801286,Distant
Proteomics,YGL115W.SMProt,SNPs,SNP_chromosome7_291992_G_A,7,291992,2.52E-08,-0.273378,0.04852853,0.04073092,Local
Transcriptomics,YGL119W.RNASeq,SNPs,SNP_chromosome4_79505_C_T,4,79505,1.01E-07,0.32989133,0.0614395,0.02392311,Distant
Proteomics,YGL120C.SMProt,SNPs,SNP_chromosome15_328062_C_T,15,328062,4.92E-06,0.24599347,0.05344442,0.01191319,Distant
Transcriptomics,YGL121C.RNASeq,SVs,CNV_YBL100W-B_Cov22.25,2,29935,5.23E-07,0.18746166,0.03708721,0.01302938,Distant
Transcriptomics,YGL122C.RNASeq,SNPs,SNP_chromosome7_126177_G_A,7,126177,1.39E-06,-0.3345227,0.06884541,0.0477316,Distant
Proteomics,YGL122C.SMProt,SNPs,SNP_chromosome7_748660_T_C,7,748660,3.07E-07,-0.2530557,0.04897211,0.01481065,Distant
Proteomics,YGL123W.SCProt,SVs,CNV_YCL066W_Cov1.25,3,13282,2.04E-07,-0.2122794,0.04052808,0.03221153,Distant
Proteomics,YGL123W.SCProt,SVs,CNV_YX01514_Cov3.25,8,244,6.57E-07,-0.186758,0.03727109,0.027279,Distant
Proteomics,YGL125W.SCProt,SNPs,SNP_chromosome15_767623_C_T,15,767623,1.12E-06,0.18792008,0.03831242,0.02015034,Distant
Proteomics,YGL125W.SCProt,SNPs,SNP_chromosome16_176477_T_A,16,176477,5.97E-06,0.15533542,0.03409579,0.00483528,Distant
Proteomics,YGL125W.SMProt,SNPs,SNP_chromosome7_271816_C_T,7,271816,1.05E-06,0.20804122,0.04224988,0.02858131,Local
Transcriptomics,YGL126W.RNASeq,SNPs,SNP_chromosome2_214801_G_A,2,214801,2.58E-08,0.32040394,0.05703473,0.09281681,Distant
Transcriptomics,YGL127C.RNASeq,SNPs,SNP_chromosome2_214801_G_A,2,214801,1.33E-06,0.28667672,0.0588825,0.07430461,Distant
Proteomics,YGL130W.SMProt,SNPs,SNP_chromosome4_174089_G_A,4,174089,9.09E-07,0.29307307,0.05917109,0.07801085,Distant
Proteomics,YGL130W.SMProt,SNPs,SNP_chromosome13_761771_C_T,13,761771,1.01E-06,-0.1938758,0.03930702,0.01732752,Distant
Proteomics,YGL130W.SMProt,SNPs,SNP_chromosome12_676937_T_C,12,676937,3.95E-06,0.22414929,0.04821148,0.04394435,Distant
Transcriptomics,YGL134W.RNASeq,SNPs,SNP_chromosome12_44786_C_T,12,44786,4.09E-06,0.2794416,0.06027955,0.01692845,Distant
Transcriptomics,YGL135W.RNASeq,SNPs,SNP_chromosome15_76985_G_A,15,76985,2.06E-06,-0.2020991,0.04229462,0.0375779,Distant
Transcriptomics,YGL136C.RNASeq,SNPs,SNP_chromosome7_627362_A_T,7,627362,4.57E-06,-0.2935189,0.06364044,0.07828671,Distant
Proteomics,YGL137W.SCProt,SNPs,SNP_chromosome15_147054_G_A,15,147054,4.60E-06,0.21194809,0.04596297,0.00752857,Distant
Transcriptomics,YGL142C.RNASeq,SNPs,SNP_chromosome9_268032_G_A,9,268032,5.23E-06,0.24531603,0.05352625,0.01844232,Distant
Transcriptomics,YGL144C.RNASeq,SNPs,SNP_chromosome6_109031_C_T,6,109031,2.54E-06,-0.2182822,0.04609439,0.01736296,Distant
Transcriptomics,YGL146C.RNASeq,SNPs,SNP_chromosome16_163842_G_A,16,163842,1.33E-06,-0.191788,0.039393,0.0299393,Distant
Transcriptomics,YGL149W.RNASeq,SNPs,SNP_chromosome7_225759_A_G,7,225759,5.20E-09,-0.3426721,0.05809702,0.10771965,Local
Proteomics,YGL150C.SMProt,SNPs,SNP_chromosome4_173563_T_C,4,173563,3.65E-06,-0.3302287,0.07076995,0.05562934,Distant
Proteomics,YGL153W.SMProt,SNPs,SNP_chromosome7_883496_A_G,7,883496,3.46E-06,-0.3085559,0.06596542,0.07978001,Distant
Transcriptomics,YGL154C.RNASeq,SNPs,SNP_chromosome8_282963_G_A,8,282963,1.21E-06,-0.2689008,0.05502035,0.01683755,Distant
Transcriptomics,YGL155W.RNASeq,SNPs,SNP_chromosome11_430859_T_C,11,430859,2.98E-06,0.2143293,0.04558093,0.01103491,Distant
Transcriptomics,YGL155W.RNASeq,SNPs,SNP_chromosome11_429856_C_T,11,429856,4.98E-06,0.24080318,0.05242009,0.02946707,Distant
Proteomics,YGL157W.SMProt,SNPs,SNP_chromosome16_350204_T_C,16,350204,3.64E-06,-0.1781111,0.03816735,0.01903781,Distant
Transcriptomics,YGL159W.RNASeq,SNPs,SNP_chromosome9_171698_T_C,9,171698,2.33E-06,-0.1970739,0.04145977,0.00882055,Distant
Transcriptomics,YGL162W.RNASeq,SNPs,SNP_chromosome2_204923_A_T,2,204923,3.46E-06,0.31945738,0.06839594,0.07363577,Distant
Transcriptomics,YGL163C.RNASeq,SNPs,SNP_chromosome10_329903_C_T,10,329903,1.58E-06,-0.2518353,0.05210428,0.05599847,Distant
Transcriptomics,YGL169W.RNASeq,SNPs,SNP_chromosome10_50102_G_A,10,50102,5.29E-06,0.16277383,0.0355345,0.00496545,Distant
Transcriptomics,YGL169W.RNASeq,SNPs,SNP_chromosome4_61039_T_C,4,61039,8.27E-06,0.17933259,0.03999223,0.01616054,Distant
Transcriptomics,YGL169W.RNASeq,SNPs,SNP_chromosome7_655851_C_T,7,655851,8.54E-06,0.17785031,0.03972276,0.00576098,Distant
Transcriptomics,YGL171W.RNASeq,SNPs,SNP_chromosome7_655851_C_T,7,655851,1.08E-07,0.20784714,0.0387983,0.0078682,Distant
Transcriptomics,YGL171W.RNASeq,SNPs,SNP_chromosome13_213896_G_C,13,213896,6.90E-07,0.19756295,0.0395138,0.0067545,Distant
Proteomics,YGL173C.SMProt,SNPs,SNP_chromosome5_332899_A_G,5,332899,3.96E-07,-0.2653103,0.05184219,0.0178317,Distant
Transcriptomics,YGL174W.RNASeq,SNPs,SNP_chromosome7_174975_G_A,7,174975,1.46E-06,-0.2759423,0.05690454,0.07085038,Local
Transcriptomics,YGL181W.RNASeq,SNPs,SNP_chromosome2_198110_A_G,2,198110,5.31E-07,-0.1712026,0.03389133,0.00806955,Distant
Proteomics,YGL181W.SMProt,SVs,SV_800_INS_chromosome3_127523_len_308,3,127523,3.06E-06,0.2598405,0.05524847,0.01115488,Distant
Transcriptomics,YGL183C.RNASeq,INDELs,INDEL_chromosome15_966605,15,966605,8.98E-07,0.24325115,0.04916569,0.01111685,Distant
Transcriptomics,YGL185C.RNASeq,SNPs,SNP_chromosome16_415343_G_A,16,415343,1.31E-06,0.22572834,0.04633415,0.04646653,Distant
Transcriptomics,YGL185C.RNASeq,SNPs,SNP_chromosome2_198110_A_G,2,198110,2.29E-06,-0.1606275,0.03376601,0.00710344,Distant
Transcriptomics,YGL186C.RNASeq,SNPs,SNP_chromosome7_152987_C_T,7,152987,1.29E-12,0.32238651,0.04478439,0.01902052,Local
Transcriptomics,YGL191W.RNASeq,SVs,SV_6107_INS_chromosome15_976377_len_311_TyRelated,15,976377,2.12E-06,-0.175393,0.0367504,0.01863156,Distant
Proteomics,YGL191W.SMProt,INDELs,INDEL_chromosome11_232038,11,232038,1.56E-06,-0.4090436,0.08444377,0.16141607,Distant
Transcriptomics,YGL192W.RNASeq,SVs,CNV_YDL227C_Cov0.75,4,46271,4.17E-08,0.18406244,0.03327677,0.00860833,Distant
Transcriptomics,YGL193C.RNASeq,SVs,CNV_YDL227C_Cov0.75,4,46271,5.21E-08,0.18283764,0.03329886,0.00849415,Distant
Transcriptomics,YGL193C.RNASeq,SVs,CNV_YX00363_Cov1.25,2,791936,2.89E-07,0.20359801,0.03938075,0.01100336,Distant
Transcriptomics,YGL193C.RNASeq,SNPs,SNP_chromosome1_132552_T_C,1,132552,4.06E-07,0.32308905,0.06330244,0.03887411,Distant
Transcriptomics,YGL193C.RNASeq,SVs,CNV_YCL066W_Cov1.25,3,13282,8.59E-07,0.18426374,0.03717799,0.02340575,Distant
Transcriptomics,YGL193C.RNASeq,SNPs,SNP_chromosome7_702168_C_A,7,702168,4.56E-06,0.23432125,0.05080465,0.03630069,Distant
Transcriptomics,YGL194C-A.RNASeq,SNPs,SNP_chromosome16_81720_G_A,16,81720,4.62E-06,-0.2939578,0.06377128,0.01332821,Distant
Transcriptomics,YGL194C.RNASeq,SNPs,SNP_chromosome7_142738_T_C,7,142738,1.23E-08,-0.3681881,0.06404668,0.03150668,Local
Transcriptomics,YGL194C.RNASeq,SNPs,SNP_chromosome7_142773_T_C,7,142773,9.91E-08,-0.2561592,0.04768109,0.01051811,Local
Transcriptomics,YGL194C.RNASeq,SNPs,SNP_chromosome7_126093_T_C,7,126093,1.31E-07,-0.3523855,0.06623082,0.09602488,Local
Transcriptomics,YGL194C.RNASeq,SNPs,SNP_chromosome7_126177_G_A,7,126177,7.83E-07,-0.3570975,0.07177963,0.05439117,Local
Transcriptomics,YGL194C.RNASeq,SNPs,SNP_chromosome16_693279_A_G,16,693279,9.12E-07,0.24056703,0.04865415,0.0110855,Distant
Transcriptomics,YGL194C.RNASeq,SNPs,SNP_chromosome10_546848_A_G,10,546848,2.10E-06,0.19805674,0.04148141,0.00713511,Distant
Proteomics,YGL196W.SMProt,SNPs,SNP_chromosome8_383960_T_C,8,383960,9.18E-07,-0.3098407,0.06258121,0.09024418,Distant
Proteomics,YGL202W.SMProt,SNPs,SNP_chromosome5_563807_A_G,5,563807,2.28E-06,-0.3341122,0.07012026,0.08720992,Distant
Transcriptomics,YGL203C.RNASeq,SNPs,SNP_chromosome15_563727_C_T,15,563727,6.32E-07,0.24385903,0.04860438,0.0164745,Distant
Transcriptomics,YGL203C.RNASeq,SNPs,SNP_chromosome7_53416_T_G,7,53416,1.03E-06,-0.1720003,0.03496265,0.01147562,Distant
Transcriptomics,YGL203C.RNASeq,SNPs,SNP_chromosome7_112455_A_T,7,112455,2.46E-06,-0.1610738,0.03396519,0.00494712,Local
Transcriptomics,YGL204C.RNASeq,SNPs,SNP_chromosome7_111703_A_T,7,111703,7.98E-17,0.54529696,0.06416647,0.21900916,Local
Transcriptomics,YGL204C.RNASeq,SNPs,SNP_chromosome7_112455_A_T,7,112455,2.46E-11,-0.193982,0.02868935,0.00717828,Local
Transcriptomics,YGL207W.RNASeq,SNPs,SNP_chromosome15_842183_A_C,15,842183,2.14E-06,0.17589984,0.03686653,0.00983541,Distant
Transcriptomics,YGL209W.RNASeq,SNPs,SNP_chromosome4_214965_G_A,4,214965,6.51E-10,-0.25016,0.04005218,0.04188137,Distant
Transcriptomics,YGL209W.RNASeq,SNPs,SNP_chromosome2_486404_G_C,2,486404,3.33E-06,0.29900262,0.06390377,0.08394367,Distant
Proteomics,YGL210W.SMProt,SNPs,SNP_chromosome2_775926_G_A,2,775926,1.28E-06,0.20409228,0.04178768,0.00749033,Distant
Transcriptomics,YGL211W.RNASeq,SNPs,SNP_chromosome7_655851_C_T,7,655851,3.21E-06,0.18146461,0.03872008,0.00599751,Distant
Transcriptomics,YGL219C.RNASeq,SNPs,SNP_chromosome14_85056_A_G,14,85056,4.11E-06,-0.1960957,0.042314,0.03111809,Distant
Proteomics,YGL221C.SMProt,SNPs,SNP_chromosome6_147641_G_A,6,147641,1.33E-06,-0.1802045,0.03695853,0.00960082,Distant
Transcriptomics,YGL223C.RNASeq,SNPs,SNP_chromosome11_430859_T_C,11,430859,7.15E-08,0.24231704,0.04460307,0.01410502,Distant
Transcriptomics,YGL225W.RNASeq,SNPs,SNP_chromosome13_168229_T_C,13,168229,1.39E-06,0.24256087,0.04991805,0.01815082,Distant
Transcriptomics,YGL225W.RNASeq,SNPs,SNP_chromosome13_167962_C_T,13,167962,1.84E-06,0.30368003,0.0632404,0.07042442,Distant
Transcriptomics,YGL225W.RNASeq,INDELs,INDEL_chromosome13_167952,13,167952,3.09E-06,0.27492481,0.05855975,0.05376291,Distant
Transcriptomics,YGL227W.RNASeq,SNPs,SNP_chromosome15_873940_T_C,15,873940,2.31E-06,-0.1664633,0.03500966,0.01004214,Distant
Proteomics,YGL234W.SMProt,SNPs,SNP_chromosome14_538315_G_A,14,538315,2.87E-06,-0.4061174,0.08609363,0.1427619,Distant
Transcriptomics,YGL237C.RNASeq,INDELs,INDEL_chromosome7_53662,7,53662,1.15E-06,0.17546807,0.03582108,0.0117314,Local
Transcriptomics,YGL237C.RNASeq,SNPs,SNP_chromosome14_525494_T_C,14,525494,4.28E-06,-0.2102015,0.04544119,0.01314221,Distant
Transcriptomics,YGL238W.RNASeq,SNPs,SNP_chromosome14_757257_C_T,14,757257,2.35E-06,-0.1867715,0.03930383,0.00613601,Distant
Proteomics,YGL244W.SMProt,INDELs,INDEL_chromosome15_109077,15,109077,5.28E-06,0.17818172,0.03884211,0.01156679,Distant
Proteomics,YGL245W.SMProt,SNPs,SNP_chromosome16_474237_C_T,16,474237,6.02E-06,0.31740388,0.06961496,0.06991515,Distant
Transcriptomics,YGL247W.RNASeq,SNPs,SNP_chromosome7_37581_T_C,7,37581,4.85E-11,-0.4303156,0.064635,0.16780695,Local
Transcriptomics,YGL248W.RNASeq,SVs,CNV_YX00594_Cov0.25,4,46858,4.57E-07,0.17148841,0.03375018,0.00611098,Distant
Transcriptomics,YGL249W.RNASeq,SNPs,SNP_chromosome7_34992_G_A,7,34992,1.09E-27,-0.5934507,0.05260744,0.32806238,Local
Transcriptomics,YGL249W.RNASeq,SNPs,SNP_chromosome7_34339_T_C,7,34339,4.37E-13,0.25455462,0.0346191,0.0134437,Local
Transcriptomics,YGL249W.RNASeq,SNPs,SNP_chromosome7_25445_C_A,7,25445,2.15E-06,0.27311616,0.05725737,0.01582172,Local
Transcriptomics,YGL249W.RNASeq,SNPs,SNP_chromosome7_41417_A_C,7,41417,4.54E-06,0.27573478,0.05976894,0.06040452,Local
Transcriptomics,YGL249W.RNASeq,SVs,CNV_YCL066W_Cov1.25,3,13282,4.81E-06,0.16776031,0.03646203,0.01940087,Distant
Transcriptomics,YGL250W.RNASeq,SNPs,SNP_chromosome10_553579_C_G,10,553579,1.73E-06,-0.197486,0.04101459,0.02497016,Distant
Transcriptomics,YGL251C.RNASeq,SVs,CNV_YCL066W_Cov1.25,3,13282,1.05E-06,0.19283212,0.03922142,0.02563312,Distant
Transcriptomics,YGL252C.RNASeq,SNPs,SNP_chromosome13_681836_A_G,13,681836,6.97E-07,0.2416586,0.0483525,0.05456418,Distant
Proteomics,YGL252C.SMProt,SNPs,SNP_chromosome7_25663_A_G,7,25663,5.36E-10,-0.4526373,0.0719241,0.19311432,Local
Proteomics,YGL252C.SMProt,SNPs,SNP_chromosome7_475414_A_G,7,475414,8.39E-07,-0.2049207,0.04123951,0.03238159,Distant
Proteomics,YGL252C.SMProt,SNPs,SNP_chromosome14_210775_G_A,14,210775,5.51E-06,-0.3293107,0.07193108,0.08641548,Distant
Proteomics,YGL252C.SMProt,SNPs,SNP_chromosome15_916139_A_T,15,916139,6.00E-06,0.31752212,0.06963473,0.09460236,Distant
Proteomics,YGL252C.SMProt,SNPs,SNP_chromosome7_29361_C_T,7,29361,6.03E-06,0.18992763,0.04165997,0.02796802,Local
Proteomics,YGL253W.SMProt,SNPs,SNP_chromosome14_534041_T_A,14,534041,3.75E-06,-0.3046197,0.06536494,0.05283467,Distant
Proteomics,YGL253W.SMProt,SNPs,SNP_chromosome6_248645_C_T,6,248645,3.82E-06,0.42741769,0.09179205,0.0570029,Distant
Transcriptomics,YGL254W.RNASeq,SNPs,SNP_chromosome14_411808_T_C,14,411808,1.53E-07,-0.2040945,0.03857001,0.00626695,Distant
Transcriptomics,YGL254W.RNASeq,SNPs,SNP_chromosome15_163748_G_A,15,163748,1.18E-06,0.32819619,0.06707594,0.10116557,Distant
Transcriptomics,YGL254W.RNASeq,SNPs,SNP_chromosome10_331047_T_C,10,331047,2.53E-06,-0.1668081,0.03521613,0.00991054,Distant
Transcriptomics,YGL254W.RNASeq,SNPs,SNP_chromosome14_413607_T_A,14,413607,6.96E-06,-0.209809,0.04639686,0.01393902,Distant
Transcriptomics,YGL257C.RNASeq,SVs,SV_5204_INS_chromosome13_504296_len_367_TyRelated,13,504296,2.80E-07,-0.3095114,0.05979564,0.01873328,Distant
Transcriptomics,YGL257C.RNASeq,SVs,CNV_YX00150_Cov1.25,1,215975,1.20E-06,0.23339702,0.04773608,0.05378101,Distant
Transcriptomics,YGL258W-A.RNASeq,SVs,CNV_YX01262_Cov1.25,7,7231,2.48E-07,0.18319196,0.03522416,0.01914928,Local
Transcriptomics,YGL258W-A.RNASeq,SNPs,SNP_chromosome6_40798_G_A,6,40798,5.31E-06,0.29937593,0.06535039,0.02010414,Distant
Transcriptomics,YGL258W-A.RNASeq,SNPs,SNP_chromosome8_509875_A_T,8,509875,7.88E-06,-0.1790855,0.03983344,0.01048937,Distant
Transcriptomics,YGL262W.RNASeq,SVs,CNV_YGL263W_Cov1.25,7,2790,1.48E-21,0.37336546,0.03778486,0.14180948,Local
Transcriptomics,YGL262W.RNASeq,SVs,CNV_YX01774_Cov0.75,9,17121,6.06E-20,0.36560086,0.03869973,0.13499465,Distant
Transcriptomics,YGL262W.RNASeq,SVs,CNV_YX01255_Cov0.25,7,4244,1.20E-15,0.43753987,0.05330419,0.06328921,Local
Transcriptomics,YGL262W.RNASeq,SVs,CNV_YX02148_Cov1.25,11,11419,6.94E-14,0.3198769,0.04178368,0.08624256,Distant
Transcriptomics,YGL262W.RNASeq,SVs,CNV_YX02996_Cov0.25,14,782620,2.03E-10,0.27821714,0.0430619,0.05164241,Distant
Transcriptomics,YGL262W.RNASeq,SNPs,SNP_chromosome4_1322553_A_G,4,1322553,5.73E-07,0.41946913,0.08306209,0.15080888,Distant
Transcriptomics,YGL262W.RNASeq,SVs,CNV_YX02307_Cov0.75,12,14096,7.15E-07,-0.2197713,0.04390018,0.04693867,Distant
Transcriptomics,YGL262W.RNASeq,SNPs,SNP_chromosome12_18624_C_T,12,18624,3.08E-06,0.2145496,0.04558621,0.0304262,Distant
Transcriptomics,YGL263W.RNASeq,SVs,CNV_YGL263W_Cov1.75,7,2790,1.17E-30,0.39986776,0.03319008,0.14372716,Local
Transcriptomics,YGL263W.RNASeq,SVs,CNV_YX02148_Cov1.25,11,11419,3.85E-24,0.3758702,0.03579649,0.10935445,Distant
Transcriptomics,YGL263W.RNASeq,SVs,CNV_YX01774_Cov1.25,9,17121,6.60E-19,0.29279343,0.03208332,0.06387322,Distant
Transcriptomics,YGL263W.RNASeq,SVs,CNV_YX02996_Cov0.25,14,782620,1.17E-09,0.24833419,0.04029364,0.05194582,Distant
Transcriptomics,YGL263W.RNASeq,SNPs,SNP_chromosome12_18624_C_T,12,18624,1.38E-08,0.23143058,0.04032147,0.03311435,Distant
Transcriptomics,YGL263W.RNASeq,SVs,CNV_YLL063C_Cov0.75,12,14648,2.71E-07,-0.2089233,0.04024897,0.03749863,Distant
Transcriptomics,YGL263W.RNASeq,SVs,CNV_YX02307_Cov0.75,12,14096,2.25E-06,-0.1663845,0.03490087,0.02644567,Distant
Transcriptomics,YGR001C.RNASeq,SNPs,SNP_chromosome7_497747_C_A,7,497747,2.28E-09,0.20796818,0.03444075,0.01750612,Local
Transcriptomics,YGR001C.RNASeq,SVs,CNV_YX01034_Cov0.75,17,533640,3.87E-06,-0.2075049,0.04465034,0.01287434,Distant
Transcriptomics,YGR003W.RNASeq,SNPs,SNP_chromosome8_217505_A_G,8,217505,2.52E-06,0.29675335,0.06264431,0.04441327,Distant
Transcriptomics,YGR003W.RNASeq,SNPs,SNP_chromosome7_1044809_G_A,7,1044809,5.36E-06,-0.2393928,0.05229092,0.02445853,Distant
Transcriptomics,YGR003W.RNASeq,SNPs,SNP_chromosome7_500187_A_G,7,500187,6.15E-06,-0.3190773,0.07015251,0.08138555,Local
Transcriptomics,YGR004W.RNASeq,SNPs,SNP_chromosome7_504554_G_T,7,504554,3.48E-17,-0.3166843,0.03681662,0.04720388,Local
Transcriptomics,YGR004W.RNASeq,SNPs,SNP_chromosome7_501009_G_A,7,501009,6.72E-07,-0.2110132,0.04215823,0.03048583,Local
Transcriptomics,YGR006W.RNASeq,SNPs,SNP_chromosome3_93091_C_T,3,93091,9.51E-07,0.23429565,0.04746727,0.01123716,Distant
Transcriptomics,YGR006W.RNASeq,SNPs,SNP_chromosome15_922315_C_T,15,922315,6.58E-06,0.23899924,0.05271311,0.01392892,Distant
Transcriptomics,YGR009C.RNASeq,SNPs,SNP_chromosome16_415343_G_A,16,415343,1.68E-06,0.22504185,0.04668669,0.04618433,Distant
Transcriptomics,YGR012W.RNASeq,SNPs,SNP_chromosome10_142055_T_C,10,142055,2.17E-06,0.27306541,0.0572717,0.01476558,Distant
Transcriptomics,YGR015C.RNASeq,SNPs,SNP_chromosome11_620083_T_C,11,620083,2.98E-06,0.27135413,0.05770778,0.0136988,Distant
Transcriptomics,YGR015C.RNASeq,SNPs,SNP_chromosome10_466456_A_T,10,466456,4.99E-06,-0.2407694,0.05241744,0.05151184,Distant
Transcriptomics,YGR024C.RNASeq,SNPs,SNP_chromosome4_582284_T_C,4,582284,3.34E-06,-0.1602037,0.0342446,0.00556502,Distant
Transcriptomics,YGR031W.RNASeq,SNPs,SNP_chromosome7_747540_C_A,7,747540,1.45E-06,0.28843867,0.0594668,0.02128731,Distant
Transcriptomics,YGR031W.RNASeq,SNPs,SNP_chromosome10_84655_T_C,10,84655,3.55E-06,0.22801743,0.04887344,0.01946737,Distant
Transcriptomics,YGR032W.RNASeq,SVs,SV_5244_DEL_chromosome13_600892_len_-698,13,600892,1.71E-06,0.19855706,0.04122398,0.01419449,Distant
Transcriptomics,YGR033C.RNASeq,SNPs,SNP_chromosome15_218142_G_A,15,218142,4.66E-07,0.23761414,0.04680002,0.02654699,Distant
Proteomics,YGR037C.SCProt,SNPs,SNP_chromosome2_349229_G_A,2,349229,4.89E-07,0.2937297,0.05794766,0.0190635,Distant
Proteomics,YGR037C.SCProt,SNPs,SNP_chromosome12_764640_A_G,12,764640,7.66E-06,0.20434945,0.04539239,0.01314602,Distant
Proteomics,YGR037C.SMProt,SNPs,SNP_chromosome16_681656_T_C,16,681656,1.88E-07,-0.2003831,0.0380829,0.00847222,Distant
Proteomics,YGR037C.SMProt,SNPs,SNP_chromosome16_684460_A_G,16,684460,1.41E-06,0.2150541,0.04421536,0.02882061,Distant
Transcriptomics,YGR038W.RNASeq,SNPs,SNP_chromosome7_560495_C_T,7,560495,3.46E-14,0.43830266,0.0568837,0.09364445,Local
Transcriptomics,YGR038W.RNASeq,SNPs,SNP_chromosome13_410320_T_C,13,410320,4.99E-06,-0.2154805,0.04691368,0.04059653,Distant
Transcriptomics,YGR042W.RNASeq,SNPs,SNP_chromosome16_46114_C_A,16,46114,6.14E-07,-0.211255,0.04205714,0.03633525,Distant
Transcriptomics,YGR044C.RNASeq,SVs,CNV_YX00594_Cov0.25,4,46858,8.89E-10,0.1867222,0.03014219,0.00724491,Distant
Transcriptomics,YGR044C.RNASeq,SVs,CNV_YCL066W_Cov1.25,3,13282,1.17E-07,0.1906748,0.03569716,0.02506279,Distant
Transcriptomics,YGR044C.RNASeq,SVs,CNV_YIR028W_Cov1.25,9,408468,2.17E-06,0.20660467,0.04332871,0.01597515,Distant
Transcriptomics,YGR044C.RNASeq,SNPs,SNP_chromosome4_501348_G_A,4,501348,4.65E-06,0.26762246,0.05807391,0.00994085,Distant
Transcriptomics,YGR044C.RNASeq,SNPs,SNP_chromosome16_85280_G_A,16,85280,6.03E-06,-0.2793681,0.06136245,0.05493587,Distant
Transcriptomics,YGR045C.RNASeq,SNPs,SNP_chromosome7_593090_C_T,7,593090,4.20E-06,0.15968569,0.0344909,0.00652604,Local
Transcriptomics,YGR049W.RNASeq,SVs,CNV_YX02249_Cov0.25,11,618964,8.19E-07,0.29535135,0.05947615,0.08065042,Distant
Transcriptomics,YGR050C.RNASeq,SNPs,SNP_chromosome13_448851_T_A,13,448851,5.71E-07,0.18025652,0.03578513,0.01026723,Distant
Transcriptomics,YGR051C.RNASeq,SNPs,SNP_chromosome7_591793_A_C,7,591793,3.85E-09,-0.3021565,0.05078454,0.01963268,Local
Transcriptomics,YGR051C.RNASeq,SNPs,SNP_chromosome7_593090_C_T,7,593090,2.30E-07,0.17585331,0.03372913,0.00758523,Local
Transcriptomics,YGR051C.RNASeq,SNPs,SNP_chromosome7_275322_C_T,7,275322,1.22E-06,0.23596718,0.04830184,0.01542437,Distant
Transcriptomics,YGR052W.RNASeq,SNPs,SNP_chromosome7_593216_A_G,7,593216,5.39E-06,0.15078316,0.03294598,0.00377679,Local
Proteomics,YGR054W.SCProt,SNPs,SNP_chromosome7_254979_C_T,7,254979,1.39E-06,-0.2250473,0.04629661,0.012192,Distant
Proteomics,YGR054W.SMProt,SNPs,SNP_chromosome3_271337_C_G,3,271337,1.09E-06,0.20191451,0.04107274,0.02234812,Distant
Proteomics,YGR054W.SMProt,SNPs,SNP_chromosome4_575938_C_G,4,575938,1.60E-06,0.27947433,0.05777214,0.02635841,Distant
Transcriptomics,YGR055W.RNASeq,SNPs,SNP_chromosome15_90328_C_T,15,90328,2.50E-06,-0.2717393,0.05734721,0.06540384,Distant
Transcriptomics,YGR057C.RNASeq,SNPs,SNP_chromosome1_46375_A_T,1,46375,1.45E-07,0.34434208,0.06495125,0.06327633,Distant
Transcriptomics,YGR059W.RNASeq,SNPs,SNP_chromosome7_607810_C_T,7,607810,8.62E-69,0.6668771,0.03481869,0.15350475,Local
Transcriptomics,YGR059W.RNASeq,SNPs,SNP_chromosome6_91505_A_G,6,91505,2.70E-06,0.23106665,0.04892907,0.01552109,Distant
Transcriptomics,YGR060W.RNASeq,SNPs,SNP_chromosome5_515321_C_A,5,515321,2.59E-06,-0.3339545,0.07058755,0.0543336,Distant
Transcriptomics,YGR061C.RNASeq,SNPs,SNP_chromosome7_655851_C_T,7,655851,2.32E-06,0.1847462,0.03885914,0.00621639,Distant
Transcriptomics,YGR061C.RNASeq,SNPs,SNP_chromosome5_115800_A_G,5,115800,3.05E-06,0.16133897,0.03434746,0.00480192,Distant
Proteomics,YGR061C.SMProt,SNPs,SNP_chromosome16_233841_C_T,16,233841,6.16E-06,0.18663029,0.04098045,0.02244391,Distant
Transcriptomics,YGR064W.RNASeq,SNPs,SNP_chromosome8_379379_C_T,8,379379,9.31E-07,-0.3503411,0.07091226,0.06001263,Distant
Transcriptomics,YGR065C.RNASeq,SNPs,SNP_chromosome8_379379_C_T,8,379379,2.92E-06,-0.365023,0.07755817,0.0647506,Distant
Transcriptomics,YGR067C.RNASeq,SNPs,SNP_chromosome13_559009_T_C,13,559009,4.50E-06,-0.1771141,0.03837476,0.00538769,Distant
Transcriptomics,YGR068C.RNASeq,SNPs,SNP_chromosome11_107231_C_A,11,107231,4.43E-06,-0.1759734,0.03809944,0.02056742,Distant
Transcriptomics,YGR070W.RNASeq,SNPs,SNP_chromosome14_230725_T_C,14,230725,3.28E-06,-0.2102895,0.04491224,0.03657661,Distant
Transcriptomics,YGR077C.RNASeq,SNPs,SNP_chromosome7_638787_T_C,7,638787,1.85E-06,0.16521801,0.03441524,0.00915327,Local
Transcriptomics,YGR080W.RNASeq,SNPs,SNP_chromosome15_873940_T_C,15,873940,2.76E-06,-0.1560207,0.03306867,0.00882173,Distant
Transcriptomics,YGR080W.RNASeq,SNPs,SNP_chromosome7_642480_A_G,7,642480,3.40E-06,-0.2248657,0.04810419,0.04537904,Local
Proteomics,YGR080W.SMProt,SNPs,SNP_chromosome7_642480_A_G,7,642480,4.37E-09,-0.3330921,0.05605924,0.09900491,Local
Proteomics,YGR080W.SMProt,SNPs,SNP_chromosome12_25487_A_G,12,25487,2.63E-06,-0.278224,0.05875337,0.0261787,Distant
Transcriptomics,YGR085C.RNASeq,SNPs,SNP_chromosome12_585709_A_T,12,585709,6.03E-07,0.22406314,0.04457449,0.0355242,Distant
Transcriptomics,YGR087C.RNASeq,SNPs,SNP_chromosome11_233365_A_G,11,233365,4.51E-07,0.25963002,0.0510714,0.02845541,Distant
Transcriptomics,YGR089W.RNASeq,SNPs,SNP_chromosome7_655851_C_T,7,655851,3.03E-08,0.20949984,0.03748295,0.00799383,Local
Transcriptomics,YGR089W.RNASeq,SNPs,SNP_chromosome7_659189_T_A,7,659189,6.34E-07,-0.2090827,0.04167685,0.03634991,Local
Transcriptomics,YGR089W.RNASeq,SNPs,SNP_chromosome1_120944_T_G,1,120944,1.98E-06,0.16289911,0.03402793,0.00439294,Distant
Transcriptomics,YGR089W.RNASeq,SNPs,SNP_chromosome14_650841_G_A,14,650841,2.59E-06,0.17211153,0.03637644,0.00938855,Distant
Transcriptomics,YGR091W.RNASeq,SNPs,SNP_chromosome7_665893_A_G,7,665893,2.48E-08,0.35025985,0.06226622,0.09447357,Local
Transcriptomics,YGR093W.RNASeq,SNPs,SNP_chromosome11_580794_G_A,11,580794,5.89E-06,-0.1967907,0.04317705,0.00740314,Distant
Transcriptomics,YGR094W.RNASeq,SNPs,SNP_chromosome4_848316_A_G,4,848316,5.33E-06,0.17803745,0.03888162,0.01620667,Distant
Proteomics,YGR094W.SCProt,SNPs,SNP_chromosome7_675722_T_A,7,675722,3.59E-14,0.31220638,0.04052283,0.01632229,Local
Proteomics,YGR094W.SCProt,SNPs,SNP_chromosome15_671651_G_A,15,671651,2.91E-06,0.17051645,0.03621541,0.01251759,Distant
Proteomics,YGR094W.SMProt,SNPs,SNP_chromosome7_675722_T_A,7,675722,2.28E-25,0.42378124,0.03919962,0.02610327,Local
Proteomics,YGR094W.SMProt,SNPs,SNP_chromosome7_675020_T_C,7,675020,1.93E-07,0.21135402,0.04020746,0.00657866,Local
Proteomics,YGR094W.SMProt,SNPs,SNP_chromosome13_345212_T_C,13,345212,9.36E-07,0.22694479,0.04587416,0.00654306,Distant
Proteomics,YGR094W.SMProt,SNPs,SNP_chromosome14_683189_G_A,14,683189,3.30E-06,-0.3809358,0.08126507,0.06380903,Distant
Transcriptomics,YGR101W.RNASeq,SNPs,SNP_chromosome16_647352_T_C,16,647352,3.50E-06,0.30028266,0.06431864,0.03101634,Distant
Transcriptomics,YGR103W.RNASeq,SNPs,SNP_chromosome7_655851_C_T,7,655851,2.93E-06,0.17849559,0.0379307,0.00580286,Distant
Proteomics,YGR103W.SMProt,SNPs,SNP_chromosome10_574110_A_G,10,574110,4.46E-06,-0.1792623,0.03877205,0.00741953,Distant
Transcriptomics,YGR104C.RNASeq,SNPs,SNP_chromosome11_430859_T_C,11,430859,1.27E-06,0.19077788,0.03911625,0.00874303,Distant
Transcriptomics,YGR109C.RNASeq,SVs,SV_5244_DEL_chromosome13_600892_len_-698,13,600892,6.18E-09,-0.2388527,0.04069819,0.02057924,Distant
Transcriptomics,YGR110W.RNASeq,SNPs,SNP_chromosome3_65398_G_A,3,65398,3.34E-06,0.23085629,0.04934349,0.01460399,Distant
Transcriptomics,YGR110W.RNASeq,SNPs,SNP_chromosome2_432821_G_A,2,432821,3.45E-06,-0.261502,0.05598077,0.0344502,Distant
Transcriptomics,YGR116W.RNASeq,SVs,SV_5244_DEL_chromosome13_600892_len_-698,13,600892,3.22E-08,-0.2277928,0.04083854,0.01868225,Distant
Transcriptomics,YGR116W.RNASeq,SNPs,SNP_chromosome1_92566_T_C,1,92566,1.51E-06,-0.1918566,0.03962313,0.00725134,Distant
Transcriptomics,YGR117C.RNASeq,SNPs,SNP_chromosome7_725111_T_C,7,725111,2.49E-12,-0.3963815,0.05580693,0.14436683,Local
Transcriptomics,YGR117C.RNASeq,SNPs,SNP_chromosome7_725467_C_T,7,725467,1.11E-08,-0.3017742,0.05232442,0.02541772,Local
Transcriptomics,YGR117C.RNASeq,INDELs,INDEL_chromosome7_725670,7,725670,3.54E-07,-0.3339029,0.06507583,0.09030665,Local
Transcriptomics,YGR117C.RNASeq,SNPs,SNP_chromosome7_783986_G_A,7,783986,2.53E-06,-0.3098731,0.06542108,0.08130361,Distant
Transcriptomics,YGR117C.RNASeq,INDELs,INDEL_chromosome7_729929,7,729929,4.32E-06,-0.2499423,0.05405614,0.03153361,Local
Proteomics,YGR119C.SMProt,SNPs,SNP_chromosome16_725524_A_G,16,725524,1.02E-06,0.2701093,0.05479364,0.01359703,Distant
Proteomics,YGR119C.SMProt,SNPs,SNP_chromosome8_36046_G_A,8,36046,3.28E-06,0.22067464,0.04706303,0.01344649,Distant
Proteomics,YGR119C.SMProt,SNPs,SNP_chromosome5_85771_T_C,5,85771,5.52E-06,0.26272953,0.05738804,0.01636655,Distant
Transcriptomics,YGR121C.RNASeq,SNPs,SNP_chromosome7_733088_G_T,7,733088,4.15E-06,-0.1803248,0.03892669,0.02073931,Local
Transcriptomics,YGR121W-A.RNASeq,SVs,CNV_YX02973_Cov0.75,14,764971,1.38E-06,-0.2509045,0.0516196,0.04536586,Distant
Transcriptomics,YGR122C-A.RNASeq,SVs,SV_2749_DEL_chromosome7_735981_len_-343_TyRelated,7,735981,6.40E-16,-0.467732,0.05680852,0.18841652,Local
Transcriptomics,YGR122C-A.RNASeq,INDELs,INDEL_chromosome7_733567,7,733567,7.23E-12,-0.524618,0.07552876,0.22045919,Local
Transcriptomics,YGR122C-A.RNASeq,SNPs,SNP_chromosome7_726262_C_T,7,726262,3.27E-10,-0.3652956,0.05746275,0.12056619,Local
Transcriptomics,YGR122C-A.RNASeq,SNPs,SNP_chromosome7_724323_T_C,7,724323,1.25E-09,-0.2845213,0.04635414,0.01654946,Local
Transcriptomics,YGR122C-A.RNASeq,SNPs,SNP_chromosome7_767034_G_A,7,767034,4.61E-09,0.24946198,0.04214491,0.02119744,Distant
Transcriptomics,YGR122C-A.RNASeq,SNPs,SNP_chromosome7_721075_T_G,7,721075,5.93E-09,0.24367682,0.04147075,0.01860985,Local
Transcriptomics,YGR122C-A.RNASeq,SNPs,SNP_chromosome7_731914_T_C,7,731914,1.46E-08,-0.2731259,0.04775972,0.03564162,Local
Transcriptomics,YGR122C-A.RNASeq,SNPs,SNP_chromosome7_717714_A_T,7,717714,7.81E-08,0.20926855,0.03863426,0.00655352,Local
Transcriptomics,YGR122C-A.RNASeq,SVs,SV_2751_INS_chromosome7_736173_len_5955_TyRelated,7,736173,1.06E-06,0.1453355,0.02957494,0.0099758,Local
Transcriptomics,YGR122C-A.RNASeq,SNPs,SNP_chromosome7_955973_T_A,7,955973,4.48E-06,0.24901638,0.05394523,0.03077656,Distant
Transcriptomics,YGR122C-A.RNASeq,SNPs,SNP_chromosome7_692206_C_T,7,692206,4.59E-06,-0.25164,0.05457293,0.03606309,Distant
Transcriptomics,YGR122C-A.RNASeq,SNPs,SNP_chromosome7_720606_T_C,7,720606,4.67E-06,-0.1856514,0.04029468,0.00466268,Local
Transcriptomics,YGR122W.RNASeq,SNPs,SNP_chromosome16_326402_T_A,16,326402,3.47E-06,0.32797352,0.07022522,0.03869324,Distant
Proteomics,YGR124W.SMProt,SVs,CNV_YX00008_Cov0.75,1,2003,1.39E-07,0.29329229,0.05514757,0.01511725,Distant
Proteomics,YGR124W.SMProt,SNPs,SNP_chromosome7_755305_T_C,7,755305,2.09E-06,-0.2340369,0.04892996,0.01326706,Local
Proteomics,YGR124W.SMProt,SNPs,SNP_chromosome2_774380_T_C,2,774380,3.65E-06,0.30766463,0.065934,0.01371525,Distant
Transcriptomics,YGR126W.RNASeq,SNPs,SNP_chromosome7_746628_C_A,7,746628,1.22E-08,0.38197924,0.06642462,0.12810765,Local
Proteomics,YGR130C.SMProt,SNPs,SNP_chromosome10_553579_C_G,10,553579,2.64E-07,-0.2249288,0.04328422,0.03332906,Distant
Proteomics,YGR130C.SMProt,SNPs,SNP_chromosome16_499778_A_G,16,499778,2.95E-07,0.20613565,0.03983491,0.00987889,Distant
Proteomics,YGR130C.SMProt,SNPs,SNP_chromosome10_553445_T_C,10,553445,1.70E-06,0.19426855,0.04026063,0.01144154,Distant
Transcriptomics,YGR131W.RNASeq,SNPs,SNP_chromosome7_754453_C_T,7,754453,3.05E-10,-0.3820737,0.0599963,0.13476914,Local
Transcriptomics,YGR132C.RNASeq,SNPs,SNP_chromosome13_458866_G_A,13,458866,5.00E-06,-0.2079914,0.04528783,0.01890165,Distant
Proteomics,YGR132C.SMProt,INDELs,INDEL_chromosome7_953964,7,953964,2.64E-06,-0.3333154,0.07039901,0.0990433,Distant
Proteomics,YGR135W.SMProt,SNPs,SNP_chromosome12_736058_G_A,12,736058,3.09E-06,0.33582574,0.07143124,0.06448544,Distant
Transcriptomics,YGR136W.RNASeq,SNPs,SNP_chromosome12_971945_G_A,12,971945,1.93E-08,-0.1946002,0.03432264,0.00842785,Distant
Transcriptomics,YGR136W.RNASeq,SNPs,SNP_chromosome14_58815_C_T,14,58815,7.03E-08,-0.3270494,0.06016496,0.02630064,Distant
Transcriptomics,YGR136W.RNASeq,SNPs,SNP_chromosome10_352304_A_G,10,352304,2.01E-06,-0.1640605,0.03429392,0.00530792,Distant
Transcriptomics,YGR136W.RNASeq,SNPs,SNP_chromosome7_347107_T_A,7,347107,3.94E-06,-0.1688874,0.03637274,0.00780381,Distant
Proteomics,YGR136W.SMProt,SNPs,SNP_chromosome4_810893_A_G,4,810893,3.45E-06,0.33650289,0.07192711,0.03217075,Distant
Transcriptomics,YGR138C.RNASeq,SNPs,SNP_chromosome4_568116_G_A,4,568116,9.67E-07,-0.2133415,0.04325156,0.00885139,Distant
Transcriptomics,YGR142W.RNASeq,SNPs,SNP_chromosome4_1282320_T_C,4,1282320,1.36E-06,-0.2883015,0.05928344,0.07336037,Distant
Transcriptomics,YGR145W.RNASeq,SNPs,SNP_chromosome7_655851_C_T,7,655851,2.09E-07,0.19800434,0.03784445,0.00714063,Distant
Transcriptomics,YGR151C.RNASeq,SNPs,SNP_chromosome16_313413_A_G,16,313413,2.43E-06,0.1861736,0.03923582,0.00947109,Distant
Transcriptomics,YGR155W.RNASeq,SNPs,SNP_chromosome7_655851_C_T,7,655851,2.09E-06,0.18667552,0.03908333,0.00634691,Distant
Proteomics,YGR155W.SCProt,SNPs,SNP_chromosome7_844768_A_G,7,844768,1.74E-07,0.33553373,0.06368827,0.02650768,Distant
Proteomics,YGR155W.SCProt,SNPs,SNP_chromosome11_306444_G_A,11,306444,2.06E-06,0.2240757,0.04688307,0.01772586,Distant
Proteomics,YGR157W.SCProt,SNPs,SNP_chromosome6_66907_C_G,6,66907,1.41E-06,-0.2724445,0.05609149,0.0169078,Distant
Proteomics,YGR157W.SCProt,SNPs,SNP_chromosome11_428081_C_G,11,428081,6.41E-06,-0.2450803,0.05397999,0.03439817,Distant
Proteomics,YGR157W.SMProt,SNPs,SNP_chromosome14_50891_C_T,14,50891,7.20E-07,-0.3106567,0.06213467,0.01638426,Distant
Proteomics,YGR159C.SMProt,SNPs,SNP_chromosome10_42976_A_G,10,42976,2.82E-06,0.25231548,0.05344668,0.01148034,Distant
Transcriptomics,YGR161W-C.RNASeq,INDELs,INDEL_chromosome7_810730,7,810730,3.46E-08,0.22718889,0.0408218,0.04201209,Local
Transcriptomics,YGR161W-C.RNASeq,SNPs,SNP_chromosome7_810721_T_C,7,810721,6.16E-08,0.22604927,0.04139944,0.03884425,Local
Transcriptomics,YGR162W.RNASeq,SNPs,SNP_chromosome7_655851_C_T,7,655851,5.73E-07,0.19113538,0.0379488,0.0066538,Distant
Transcriptomics,YGR162W.RNASeq,SNPs,SNP_chromosome7_656576_A_T,7,656576,5.07E-06,0.22303323,0.04859162,0.04292512,Distant
Transcriptomics,YGR164W.RNASeq,SNPs,SNP_chromosome7_828702_T_A,7,828702,3.36E-13,-0.4263621,0.05769134,0.0466768,Local
Transcriptomics,YGR164W.RNASeq,SNPs,SNP_chromosome13_622544_C_A,13,622544,8.14E-09,0.25905337,0.04450171,0.01840095,Distant
Transcriptomics,YGR164W.RNASeq,SNPs,SNP_chromosome3_77957_T_C,3,77957,1.41E-08,0.26895921,0.04698192,0.01540916,Distant
Transcriptomics,YGR164W.RNASeq,SNPs,SNP_chromosome13_622439_C_T,13,622439,7.84E-08,0.24060996,0.04442639,0.02917065,Distant
Transcriptomics,YGR164W.RNASeq,INDELs,INDEL_chromosome11_38540,11,38540,2.48E-06,-0.2685658,0.05665864,0.01383652,Distant
Transcriptomics,YGR166W.RNASeq,SNPs,SNP_chromosome7_831041_A_G,7,831041,1.61E-07,-0.3674246,0.069563,0.11537831,Local
Proteomics,YGR167W.SCProt,SNPs,SNP_chromosome5_393626_C_T,5,393626,9.88E-07,0.18408288,0.0373436,0.00864747,Distant
Proteomics,YGR167W.SMProt,SNPs,SNP_chromosome10_553579_C_G,10,553579,1.48E-06,-0.2047213,0.0421701,0.02747248,Distant
Transcriptomics,YGR168C.RNASeq,SVs,CNV_YX00363_Cov1.25,2,791936,4.23E-06,0.20468544,0.0442244,0.01112121,Distant
Transcriptomics,YGR169C-A.RNASeq,SNPs,SNP_chromosome8_198412_T_G,8,198412,9.12E-07,-0.2077902,0.04202514,0.00676807,Distant
Transcriptomics,YGR169C.RNASeq,SNPs,SNP_chromosome11_106896_A_G,11,106896,3.79E-08,0.20479508,0.03690894,0.03053824,Distant
Transcriptomics,YGR169C.RNASeq,SNPs,SNP_chromosome7_833214_T_C,7,833214,1.74E-06,0.24309792,0.05050894,0.0549882,Local
Transcriptomics,YGR173W.RNASeq,SNPs,SNP_chromosome11_290740_C_T,11,290740,1.59E-07,-0.282012,0.05337191,0.0175727,Distant
Transcriptomics,YGR173W.RNASeq,SNPs,SNP_chromosome7_842605_A_C,7,842605,1.73E-06,0.28398649,0.05898016,0.07067723,Local
Transcriptomics,YGR173W.RNASeq,INDELs,INDEL_chromosome7_842650,7,842650,5.31E-06,0.32519229,0.07100378,0.08506557,Local
Transcriptomics,YGR177C.RNASeq,SNPs,SNP_chromosome7_850633_T_C,7,850633,3.20E-07,-0.3959594,0.07688121,0.0738663,Local
Transcriptomics,YGR177C.RNASeq,SNPs,SNP_chromosome12_210539_A_G,12,210539,1.33E-06,-0.1810018,0.03717969,0.00604649,Distant
Transcriptomics,YGR177C.RNASeq,SNPs,SNP_chromosome4_388923_G_A,4,388923,3.08E-06,-0.3384159,0.07207214,0.02592945,Distant
Transcriptomics,YGR178C.RNASeq,SNPs,SNP_chromosome7_853005_C_A,7,853005,5.59E-09,-0.223165,0.03791485,0.01029096,Local
Transcriptomics,YGR178C.RNASeq,SNPs,SNP_chromosome12_123533_G_T,12,123533,3.93E-06,0.1726147,0.03716794,0.01921652,Distant
Proteomics,YGR178C.SMProt,SNPs,SNP_chromosome7_853005_C_A,7,853005,8.71E-07,-0.216225,0.04358004,0.01006917,Local
Proteomics,YGR178C.SMProt,SNPs,SNP_chromosome4_920977_C_T,4,920977,2.02E-06,-0.2767592,0.05777667,0.02258852,Distant
Transcriptomics,YGR179C.RNASeq,SNPs,SNP_chromosome7_854998_A_G,7,854998,4.12E-06,0.26587283,0.05737437,0.04506938,Local
Transcriptomics,YGR180C.RNASeq,SNPs,SNP_chromosome13_370963_A_G,13,370963,3.98E-07,0.19073684,0.03734154,0.00612923,Distant
Transcriptomics,YGR181W.RNASeq,SNPs,SNP_chromosome15_932327_C_T,15,932327,2.09E-06,-0.2036777,0.04264404,0.00779414,Distant
Transcriptomics,YGR181W.RNASeq,INDELs,INDEL_chromosome7_859043,7,859043,2.30E-06,-0.3272059,0.06879331,0.09569521,Local
Transcriptomics,YGR181W.RNASeq,SNPs,SNP_chromosome7_859075_G_A,7,859075,2.79E-06,-0.3250464,0.06892694,0.0944615,Local
Proteomics,YGR181W.SCProt,SNPs,SNP_chromosome14_305567_C_T,14,305567,4.95E-06,0.31766774,0.06911722,0.01706546,Distant
Proteomics,YGR181W.SMProt,SNPs,SNP_chromosome7_828702_T_A,7,828702,1.34E-06,0.30084922,0.06171478,0.02056059,Distant
Proteomics,YGR181W.SMProt,SVs,CNV_YBL100W-B_Cov22.25,2,29935,2.16E-06,0.20031377,0.0419437,0.01462855,Distant
Transcriptomics,YGR184C.RNASeq,SNPs,SNP_chromosome7_860213_A_G,7,860213,7.04E-06,-0.2667146,0.05901978,0.04807246,Local
Proteomics,YGR184C.SMProt,SNPs,SNP_chromosome4_833173_G_T,4,833173,4.63E-06,-0.1658415,0.0359314,0.00645032,Distant
Proteomics,YGR186W.SMProt,SNPs,SNP_chromosome2_687619_C_T,2,687619,3.30E-06,0.19660342,0.04194408,0.01508691,Distant
Proteomics,YGR186W.SMProt,SNPs,SNP_chromosome7_870019_G_T,7,870019,4.52E-06,-0.1850711,0.04005077,0.01261035,Local
Transcriptomics,YGR187C.RNASeq,SNPs,SNP_chromosome7_655851_C_T,7,655851,3.20E-06,0.17983475,0.03836944,0.00589026,Distant
Transcriptomics,YGR187C.RNASeq,SNPs,SNP_chromosome13_213896_G_C,13,213896,4.07E-06,0.18092091,0.03902275,0.00566448,Distant
Proteomics,YGR187C.SMProt,SVs,CNV_YX02767_Cov4.25,13,909298,2.95E-06,-0.1903947,0.04041599,0.01121404,Distant
Transcriptomics,YGR188C.RNASeq,SNPs,SNP_chromosome8_217505_A_G,8,217505,1.93E-06,0.30987816,0.06465514,0.04842877,Distant
Transcriptomics,YGR192C.RNASeq,SNPs,SNP_chromosome12_1032695_G_A,12,1032695,1.40E-06,0.25325051,0.05212439,0.0108794,Distant
Proteomics,YGR192C.SMProt,SNPs,SNP_chromosome10_449093_A_T,10,449093,3.84E-06,0.19272991,0.04139779,0.00814708,Distant
Transcriptomics,YGR193C.RNASeq,SNPs,SNP_chromosome15_563727_C_T,15,563727,2.19E-06,0.22152037,0.0464769,0.01359446,Distant
Transcriptomics,YGR197C.RNASeq,SNPs,SNP_chromosome7_894336_T_C,7,894336,7.92E-10,0.2337271,0.03761501,0.0307913,Local
Transcriptomics,YGR197C.RNASeq,SNPs,SNP_chromosome7_895006_G_C,7,895006,3.32E-07,0.2254199,0.04383167,0.03899041,Local
Transcriptomics,YGR197C.RNASeq,SVs,CNV_YX01502_Cov0.25,7,1095538,3.90E-07,0.21265697,0.04159826,0.03601948,Distant
Transcriptomics,YGR198W.RNASeq,SNPs,SNP_chromosome3_36506_T_C,3,36506,5.24E-06,0.19833901,0.0432797,0.0131166,Distant
Transcriptomics,YGR199W.RNASeq,SNPs,SNP_chromosome14_230725_T_C,14,230725,6.12E-06,-0.2056028,0.04519343,0.0349644,Distant
Transcriptomics,YGR200C.RNASeq,SNPs,SNP_chromosome7_655851_C_T,7,655851,4.01E-07,0.19579017,0.03834027,0.00698183,Distant
Proteomics,YGR200C.SMProt,SNPs,SNP_chromosome10_90754_A_G,10,90754,1.44E-06,0.20856432,0.04291962,0.01092277,Distant
Transcriptomics,YGR203W.RNASeq,SNPs,SNP_chromosome7_21118_A_G,7,21118,4.24E-06,-0.2091155,0.04518463,0.00824253,Distant
Transcriptomics,YGR204C-A.RNASeq,SNPs,SNP_chromosome12_343405_C_T,12,343405,5.26E-06,0.26384462,0.05758519,0.01594657,Distant
Proteomics,YGR204W.SCProt,SVs,CNV_YMR269W_Cov1.25,13,804456,4.41E-06,-0.1501985,0.03250853,0.00611608,Distant
Proteomics,YGR204W.SCProt,SNPs,SNP_chromosome2_76187_G_A,2,76187,4.46E-06,0.20319621,0.04399957,0.02942661,Distant
Transcriptomics,YGR206W.RNASeq,SNPs,SNP_chromosome2_117547_G_A,2,117547,1.75E-06,0.24663824,0.05125692,0.02484144,Distant
Proteomics,YGR209C.SCProt,SVs,CNV_YIL002W-A_Cov0.75,9,350301,2.48E-06,0.15926735,0.03358838,0.0254921,Distant
Proteomics,YGR209C.SCProt,SVs,CNV_YDR461C-A_Cov0.75,4,1385524,2.60E-06,-0.1659415,0.03507219,0.02774865,Distant
Proteomics,YGR209C.SMProt,SNPs,SNP_chromosome10_553579_C_G,10,553579,3.74E-06,-0.1992999,0.04275878,0.02626981,Distant
Transcriptomics,YGR211W.RNASeq,SNPs,SNP_chromosome7_916853_T_C,7,916853,4.94E-08,0.27303859,0.04963785,0.06403506,Local
Transcriptomics,YGR211W.RNASeq,SNPs,SNP_chromosome13_74011_T_C,13,74011,2.14E-07,0.20277373,0.03879296,0.02480816,Distant
Proteomics,YGR211W.SCProt,SNPs,SNP_chromosome5_114999_G_A,5,114999,1.36E-08,0.21259335,0.03708326,0.00948041,Distant
Proteomics,YGR211W.SMProt,SNPs,SNP_chromosome7_916853_T_C,7,916853,4.21E-08,0.30187025,0.05448253,0.08145301,Local
Transcriptomics,YGR216C.RNASeq,SNPs,SNP_chromosome11_213789_T_A,11,213789,1.92E-06,0.2060613,0.04298925,0.01063786,Distant
Transcriptomics,YGR218W.RNASeq,SNPs,SNP_chromosome12_407561_C_T,12,407561,2.00E-06,-0.2610488,0.05455317,0.01916655,Distant
Transcriptomics,YGR219W.RNASeq,SNPs,SNP_chromosome7_935993_A_G,7,935993,1.17E-30,0.54341232,0.04546177,0.27207045,Local
Transcriptomics,YGR219W.RNASeq,SNPs,SNP_chromosome12_123533_G_T,12,123533,3.36E-06,0.17358919,0.03711363,0.01994688,Distant
Transcriptomics,YGR222W.RNASeq,SNPs,SNP_chromosome4_456852_T_C,4,456852,1.16E-06,-0.1846992,0.03772993,0.01633906,Distant
Transcriptomics,YGR222W.RNASeq,SNPs,SNP_chromosome12_210539_A_G,12,210539,2.94E-06,-0.1690308,0.03592439,0.00527314,Distant
Transcriptomics,YGR223C.RNASeq,SNPs,SNP_chromosome7_942366_C_T,7,942366,3.28E-17,-0.3062097,0.03556864,0.02204735,Local
Transcriptomics,YGR223C.RNASeq,SNPs,SNP_chromosome3_218091_A_T,3,218091,1.00E-07,-0.1902952,0.03543663,0.00698594,Distant
Transcriptomics,YGR223C.RNASeq,SNPs,SNP_chromosome16_406317_G_A,16,406317,1.20E-05,-0.2940621,0.06679175,0.07447322,Distant
Transcriptomics,YGR224W.RNASeq,SNPs,SNP_chromosome15_563727_C_T,15,563727,2.73E-06,0.21830728,0.04624745,0.01320295,Distant
Transcriptomics,YGR225W.RNASeq,SNPs,SNP_chromosome7_945155_C_G,7,945155,6.55E-08,-0.2380905,0.04369529,0.04798191,Local
Transcriptomics,YGR225W.RNASeq,INDELs,INDEL_chromosome7_945074,7,945074,1.89E-06,-0.2062404,0.04299421,0.03641669,Local
Transcriptomics,YGR225W.RNASeq,SNPs,SNP_chromosome8_16161_C_T,8,16161,5.31E-06,0.20535208,0.04483917,0.0112919,Distant
Transcriptomics,YGR228W.RNASeq,SNPs,SNP_chromosome4_1340128_T_C,4,1340128,7.18E-07,-0.174018,0.03485879,0.00633786,Distant
Proteomics,YGR229C.SMProt,SNPs,SNP_chromosome12_395211_C_T,12,395211,4.94E-06,0.2613239,0.05678665,0.02505942,Distant
Transcriptomics,YGR231C.RNASeq,SNPs,SNP_chromosome15_675251_C_A,15,675251,4.41E-07,0.26393994,0.05187675,0.01512625,Distant
Transcriptomics,YGR231C.RNASeq,SNPs,SNP_chromosome16_24494_A_G,16,24494,5.82E-07,0.25888766,0.05143113,0.03843979,Distant
Transcriptomics,YGR231C.RNASeq,SNPs,SNP_chromosome15_674643_G_A,15,674643,2.91E-06,0.26742255,0.0568103,0.02885231,Distant
Proteomics,YGR231C.SCProt,SNPs,SNP_chromosome13_804585_G_A,13,804585,2.16E-06,0.26186297,0.05490125,0.0167609,Distant
Transcriptomics,YGR233C.RNASeq,INDELs,INDEL_chromosome7_953964,7,953964,2.95E-10,-0.3867512,0.06067749,0.13262091,Local
Transcriptomics,YGR233C.RNASeq,SNPs,SNP_chromosome7_954914_T_C,7,954914,1.23E-08,-0.3362541,0.0584911,0.10136329,Local
Transcriptomics,YGR233C.RNASeq,SNPs,SNP_chromosome7_978858_T_C,7,978858,3.33E-07,-0.2780442,0.05406993,0.0579754,Local
Transcriptomics,YGR233C.RNASeq,SNPs,SNP_chromosome7_955481_G_A,7,955481,4.63E-07,-0.2392224,0.04710636,0.03316827,Local
Transcriptomics,YGR233C.RNASeq,SNPs,SNP_chromosome13_163913_A_G,13,163913,5.23E-07,-0.3515442,0.06954884,0.03104528,Distant
Transcriptomics,YGR233C.RNASeq,SNPs,SNP_chromosome7_955297_G_A,7,955297,1.30E-06,-0.1890405,0.03879516,0.00593938,Local
Transcriptomics,YGR233C.RNASeq,SNPs,SNP_chromosome7_953865_G_A,7,953865,1.82E-06,-0.2229958,0.04641458,0.02412679,Local
Transcriptomics,YGR233C.RNASeq,SNPs,SNP_chromosome7_953557_A_G,7,953557,2.83E-06,-0.2030699,0.04308819,0.01645196,Local
Transcriptomics,YGR234W.RNASeq,SNPs,SNP_chromosome15_274222_G_A,15,274222,3.43E-20,-0.5431731,0.05760301,0.27249759,Distant
Transcriptomics,YGR234W.RNASeq,SNPs,SNP_chromosome15_276153_T_C,15,276153,7.78E-13,-0.3844155,0.05286911,0.0991571,Distant
Transcriptomics,YGR234W.RNASeq,SNPs,SNP_chromosome15_276195_T_C,15,276195,1.56E-12,-0.3663112,0.05107987,0.03210949,Distant
Transcriptomics,YGR234W.RNASeq,SNPs,SNP_chromosome15_270054_G_A,15,270054,1.70E-09,0.30166247,0.04955232,0.02843025,Distant
Transcriptomics,YGR234W.RNASeq,SNPs,SNP_chromosome10_507511_T_C,10,507511,6.15E-07,0.1844109,0.0367158,0.00591816,Distant
Transcriptomics,YGR235C.RNASeq,SNPs,SNP_chromosome15_271822_C_T,15,271822,4.08E-09,-0.3328268,0.05603161,0.09774062,Distant
Transcriptomics,YGR235C.RNASeq,SNPs,SNP_chromosome15_276195_T_C,15,276195,4.53E-07,-0.2719354,0.05350101,0.01769557,Distant
Transcriptomics,YGR238C.RNASeq,SNPs,SNP_chromosome15_609276_C_T,15,609276,2.21E-06,0.21961954,0.04609949,0.02157709,Distant
Transcriptomics,YGR239C.RNASeq,SNPs,SNP_chromosome7_970433_A_G,7,970433,3.12E-08,-0.3478689,0.06230213,0.08285131,Local
Transcriptomics,YGR239C.RNASeq,SNPs,SNP_chromosome7_969927_C_T,7,969927,5.36E-07,-0.3803383,0.07531747,0.13386897,Local
Transcriptomics,YGR240C.RNASeq,SNPs,SNP_chromosome12_822213_A_G,12,822213,1.29E-06,-0.2239622,0.04594201,0.04140447,Distant
Proteomics,YGR240C.SCProt,SVs,CNV_YEL022W_Cov1.25,5,111421,5.13E-06,-0.1531789,0.03338595,0.00469703,Distant
Transcriptomics,YGR242W.RNASeq,SNPs,SNP_chromosome15_725799_T_C,15,725799,5.09E-06,-0.1533003,0.03340531,0.00449548,Distant
Proteomics,YGR244C.SMProt,SNPs,SNP_chromosome14_534041_T_A,14,534041,7.15E-07,0.29410045,0.05880624,0.04866769,Distant
Transcriptomics,YGR245C.RNASeq,SNPs,SNP_chromosome7_655851_C_T,7,655851,5.95E-07,0.19108249,0.03799454,0.00665011,Distant
Proteomics,YGR245C.SMProt,SNPs,SNP_chromosome15_807508_C_T,15,807508,5.40E-07,0.20043994,0.03963664,0.0135969,Distant
Proteomics,YGR245C.SMProt,SNPs,SNP_chromosome11_596885_G_A,11,596885,1.11E-06,0.19330957,0.03935384,0.01036915,Distant
Transcriptomics,YGR246C.RNASeq,SNPs,SNP_chromosome7_413763_T_C,7,413763,2.44E-06,-0.1549482,0.0326616,0.00650444,Distant
Transcriptomics,YGR246C.RNASeq,SNPs,SNP_chromosome8_463767_T_G,8,463767,5.84E-06,-0.1799863,0.0394735,0.02655373,Distant
Transcriptomics,YGR247W.RNASeq,SNPs,SNP_chromosome7_984317_G_A,7,984317,3.58E-09,-0.2312594,0.03878668,0.02665506,Local
Transcriptomics,YGR247W.RNASeq,INDELs,INDEL_chromosome7_984539,7,984539,5.56E-07,-0.1937999,0.03843258,0.01983804,Local
Proteomics,YGR247W.SMProt,SNPs,SNP_chromosome7_984767_A_G,7,984767,1.81E-06,-0.1842854,0.03829127,0.00870787,Local
Transcriptomics,YGR248W.RNASeq,SVs,CNV_YBR300C_Cov2.25,2,808600,2.37E-06,0.19639482,0.04134656,0.03814525,Distant
Transcriptomics,YGR249W.RNASeq,SNPs,SNP_chromosome5_259719_C_T,5,259719,8.32E-06,-0.1958835,0.0436959,0.00671352,Distant
Transcriptomics,YGR250C.RNASeq,SNPs,SNP_chromosome12_690274_G_A,12,690274,3.49E-06,-0.2290369,0.04905536,0.04819139,Distant
Proteomics,YGR250C.SMProt,SNPs,SNP_chromosome8_432782_A_G,8,432782,1.10E-06,0.27031363,0.0550086,0.02716512,Distant
Proteomics,YGR253C.SMProt,SNPs,SNP_chromosome4_730523_T_A,4,730523,2.30E-06,-0.2792835,0.05863311,0.02314115,Distant
Proteomics,YGR254W.SCProt,SNPs,SNP_chromosome7_662796_G_A,7,662796,1.97E-06,-0.3782274,0.07897503,0.06792951,Distant
Proteomics,YGR254W.SCProt,SNPs,SNP_chromosome11_627386_C_A,11,627386,8.47E-06,-0.2955264,0.06596898,0.08049859,Distant
Transcriptomics,YGR255C.RNASeq,SNPs,SNP_chromosome9_281757_A_G,9,281757,5.02E-06,0.20475716,0.04459012,0.01084693,Distant
Proteomics,YGR256W.SMProt,SNPs,SNP_chromosome15_617402_C_T,15,617402,1.33E-06,-0.2449284,0.05022886,0.02065433,Distant
Proteomics,YGR256W.SMProt,SNPs,SNP_chromosome4_1441011_G_C,4,1441011,2.11E-06,0.19913087,0.04165381,0.01637951,Distant
Transcriptomics,YGR257C.RNASeq,SNPs,SNP_chromosome15_675251_C_A,15,675251,2.34E-06,0.25300298,0.05323184,0.01389864,Distant
Transcriptomics,YGR258C.RNASeq,SNPs,SNP_chromosome16_922958_T_A,16,922958,1.69E-06,-0.2206925,0.04578966,0.03736676,Distant
Transcriptomics,YGR258C.RNASeq,SNPs,SNP_chromosome14_713514_A_G,14,713514,2.06E-06,-0.2537679,0.05310093,0.01720405,Distant
Transcriptomics,YGR260W.RNASeq,SVs,SV_5244_DEL_chromosome13_600892_len_-698,13,600892,2.22E-07,-0.2234755,0.04280428,0.0179808,Distant
Transcriptomics,YGR260W.RNASeq,SVs,CNV_YMR170C_Cov0.25,13,601562,1.93E-06,-0.193435,0.04036783,0.0087919,Distant
Transcriptomics,YGR262C.RNASeq,SNPs,SNP_chromosome13_535159_C_T,13,535159,5.67E-07,0.20171004,0.0400308,0.02455276,Distant
Transcriptomics,YGR262C.RNASeq,SNPs,SNP_chromosome13_536841_A_G,13,536841,2.83E-06,0.18945901,0.0401987,0.02106869,Distant
Transcriptomics,YGR262C.RNASeq,SNPs,SNP_chromosome16_899581_G_A,16,899581,5.15E-06,-0.204517,0.04458999,0.0135092,Distant
Transcriptomics,YGR264C.RNASeq,SNPs,SNP_chromosome4_848316_A_G,4,848316,5.58E-06,0.18484281,0.04045388,0.01746933,Distant
Transcriptomics,YGR264C.RNASeq,SVs,CNV_YBR250W_Cov1.25,2,719033,5.74E-06,-0.1660236,0.03638399,0.00540273,Distant
Transcriptomics,YGR266W.RNASeq,SVs,SV_3145_INS_chromosome8_213988_len_7923,8,213988,1.32E-06,0.16353609,0.03357946,0.01376967,Distant
Proteomics,YGR267C.SMProt,SNPs,SNP_chromosome6_255018_G_C,6,255018,1.74E-06,0.20650282,0.04283015,0.01941284,Distant
Proteomics,YGR267C.SMProt,INDELs,INDEL_chromosome14_441141,14,441141,7.79E-06,0.39095717,0.08681403,0.03762455,Distant
Transcriptomics,YGR274C.RNASeq,SVs,CNV_YX02249_Cov0.25,11,618964,3.75E-06,0.28313893,0.06083788,0.07411871,Distant
Transcriptomics,YGR276C.RNASeq,SNPs,SNP_chromosome7_1045046_T_C,7,1045046,3.91E-09,-0.2183193,0.03671069,0.0317661,Local
Proteomics,YGR277C.SMProt,SNPs,SNP_chromosome4_1298829_C_A,4,1298829,8.29E-08,-0.4195858,0.07747325,0.15574524,Distant
Proteomics,YGR277C.SMProt,SNPs,SNP_chromosome4_1297562_G_C,4,1297562,1.45E-06,-0.3118305,0.06418414,0.07245949,Distant
Proteomics,YGR277C.SMProt,SNPs,SNP_chromosome7_952343_T_A,7,952343,5.78E-06,-0.1773555,0.038827,0.00627897,Distant
Proteomics,YGR277C.SMProt,SNPs,SNP_chromosome12_48173_T_C,12,48173,6.23E-06,-0.1758256,0.03862684,0.01089303,Distant
Transcriptomics,YGR279C.RNASeq,SNPs,SNP_chromosome7_1050164_A_C,7,1050164,5.94E-14,-0.3259655,0.0427133,0.07173375,Local
Proteomics,YGR279C.SCProt,SNPs,SNP_chromosome7_1050164_A_C,7,1050164,2.39E-17,-0.3627346,0.04191389,0.08879192,Local
Proteomics,YGR279C.SCProt,SVs,CNV_YDL227C_Cov0.75,4,46271,1.11E-05,0.14589328,0.0330039,0.00534605,Distant
Proteomics,YGR279C.SMProt,SNPs,SNP_chromosome7_1050164_A_C,7,1050164,1.53E-10,-0.3042371,0.04683641,0.06520059,Local
Transcriptomics,YGR281W.RNASeq,SNPs,SNP_chromosome11_50038_G_A,11,50038,9.86E-07,0.169703,0.03443088,0.01385224,Distant
Transcriptomics,YGR281W.RNASeq,SNPs,SNP_chromosome7_1055871_A_G,7,1055871,3.51E-06,0.22008711,0.04715009,0.04177459,Local
Proteomics,YGR282C.SMProt,SVs,CNV_YLR154C-H_Cov84.75,12,468827,1.19E-07,-0.1725518,0.03226295,0.02759376,Distant
Proteomics,YGR282C.SMProt,SNPs,SNP_chromosome9_97988_C_T,9,97988,2.45E-06,0.17171731,0.03615081,0.00635304,Distant
Proteomics,YGR282C.SMProt,SNPs,SNP_chromosome11_522153_G_A,11,522153,2.89E-06,0.20801025,0.04411435,0.00962721,Distant
Transcriptomics,YGR287C.RNASeq,SVs,CNV_YX01483_Cov0.25,7,1057318,6.00E-28,-0.3814427,0.03362284,0.14488308,Local
Transcriptomics,YGR287C.RNASeq,SVs,CNV_YX00922_Cov0.75,4,1513252,9.34E-25,-0.3639811,0.03437136,0.13256797,Distant
Transcriptomics,YGR287C.RNASeq,SVs,SV_2932_DEL_chromosome7_1072906_len_-202,7,1072906,3.76E-21,0.32389905,0.03344631,0.08644392,Local
Transcriptomics,YGR287C.RNASeq,SNPs,SNP_chromosome7_1065898_G_C,7,1065898,7.04E-16,-0.3540117,0.04305257,0.02554053,Local
Transcriptomics,YGR287C.RNASeq,SNPs,SNP_chromosome7_1065857_A_G,7,1065857,2.19E-13,-0.4683318,0.06284817,0.18132884,Local
Transcriptomics,YGR287C.RNASeq,SVs,CNV_YX01489_Cov0.75,7,1066398,2.54E-10,-0.2371984,0.03707199,0.03092796,Local
Transcriptomics,YGR287C.RNASeq,INDELs,INDEL_chromosome7_1068084,7,1068084,2.99E-10,-0.2631203,0.04129046,0.02380831,Local
Transcriptomics,YGR287C.RNASeq,SNPs,SNP_chromosome7_1068065_C_T,7,1068065,4.34E-10,-0.2584052,0.04093715,0.0227348,Local
Transcriptomics,YGR287C.RNASeq,SNPs,SNP_chromosome7_1066367_G_A,7,1066367,1.30E-09,-0.3168756,0.05166896,0.03818364,Local
Transcriptomics,YGR287C.RNASeq,SNPs,SNP_chromosome15_774437_C_A,15,774437,4.18E-09,0.36523412,0.06152502,0.02194619,Distant
Transcriptomics,YGR287C.RNASeq,SVs,CNV_YX01512_Cov0.75,7,1269923,4.28E-08,-0.2644491,0.04784319,0.05446994,Distant
Transcriptomics,YGR287C.RNASeq,SVs,CNV_YX01490_Cov0.25,7,1069458,4.55E-08,0.16253409,0.02946614,0.01698541,Local
Transcriptomics,YGR287C.RNASeq,SVs,SV_2936_INS_chromosome7_1076129_len_11750,7,1076129,1.03E-07,0.17498763,0.03261071,0.02446976,Local
Transcriptomics,YGR287C.RNASeq,SVs,CNV_YX01492_Cov0.25,7,1081222,2.56E-07,-0.2487211,0.04789247,0.04844267,Local
Transcriptomics,YGR287C.RNASeq,SNPs,SNP_chromosome10_421684_G_T,10,421684,4.34E-07,-0.4513339,0.08864455,0.04306452,Distant
Transcriptomics,YGR287C.RNASeq,SNPs,SNP_chromosome2_803495_C_T,2,803495,6.80E-07,-0.322244,0.06440723,0.05218336,Distant
Transcriptomics,YGR287C.RNASeq,SNPs,SNP_chromosome7_1068132_C_T,7,1068132,1.70E-06,-0.1916644,0.03977154,0.01593454,Local
Transcriptomics,YGR287C.RNASeq,SNPs,SNP_chromosome7_1044014_C_T,7,1044014,1.99E-06,-0.230537,0.04817058,0.01512744,Local
Transcriptomics,YGR287C.RNASeq,INDELs,INDEL_chromosome7_1052718,7,1052718,2.33E-06,-0.3111648,0.06545626,0.08541388,Local
Transcriptomics,YGR287C.RNASeq,SNPs,SNP_chromosome7_882826_C_T,7,882826,4.16E-06,0.2118916,0.04574303,0.01424657,Distant
Transcriptomics,YGR287C.RNASeq,SNPs,SNP_chromosome7_1061120_C_T,7,1061120,4.30E-06,-0.2366249,0.05115962,0.01800723,Local
Transcriptomics,YGR287C.RNASeq,SNPs,SNP_chromosome7_1066450_T_C,7,1066450,4.47E-06,-0.247328,0.0535717,0.0193575,Local
Transcriptomics,YGR287C.RNASeq,SVs,CNV_YGR290W_Cov0.75,7,1075482,4.49E-06,0.13799181,0.02989575,0.00384325,Local
Transcriptomics,YGR292W.RNASeq,SVs,CNV_YX01489_Cov1.75,7,1066398,2.20E-06,0.17352663,0.03641553,0.02137459,Local
Transcriptomics,YGR295C.RNASeq,SVs,CNV_YX01866_Cov5.75,9,428770,2.18E-08,-0.1871315,0.03313391,0.03201752,Distant
Transcriptomics,YGR295C.RNASeq,SVs,CNV_YGR295C_Cov1.75,7,1081584,2.17E-07,0.31633014,0.06054841,0.05061854,Local
Transcriptomics,YGR295C.RNASeq,SVs,CNV_YX02268_Cov4.25,11,677836,1.10E-06,0.16234462,0.03308183,0.02580121,Distant
Transcriptomics,YGR296W.RNASeq,SVs,CNV_YEL074W_Cov9.25,5,6126,9.04E-30,0.296522,0.02522491,0.08263805,Distant
Transcriptomics,YGR296W.RNASeq,SVs,CNV_YGR296W_Cov17.75,7,1084864,2.64E-26,0.30029745,0.02740625,0.07622441,Local
Transcriptomics,YGR296W.RNASeq,SVs,CNV_YEL075W-A_Cov3.25,5,4870,2.82E-23,-0.2872004,0.02809481,0.08113455,Distant
Transcriptomics,YGR296W.RNASeq,SVs,CNV_YX01034_Cov20.75,17,533640,4.27E-21,0.20685436,0.02139728,0.00972394,Distant
Transcriptomics,YGR296W.RNASeq,SVs,CNV_YLL066W-B_Cov1.75,12,5605,4.38E-17,0.20264625,0.02363713,0.03899254,Distant
Transcriptomics,YGR296W.RNASeq,SVs,CNV_YBL113W-A_Cov3.25,2,646,3.58E-16,0.25867551,0.03113515,0.06054617,Distant
Transcriptomics,YGR296W.RNASeq,SVs,CNV_YNL338W_Cov1.75,14,6561,5.22E-14,0.17302765,0.02262027,0.0175437,Distant
Transcriptomics,YGR296W.RNASeq,SVs,CNV_YLR466C-B_Cov0.75,12,1071594,9.09E-14,0.19173951,0.02531953,0.03693215,Distant
Transcriptomics,YGR296W.RNASeq,SVs,CNV_YLR465C_Cov0.25,12,1067045,3.08E-07,-0.1445755,0.02803043,0.01748221,Distant
Transcriptomics,YGR296W.RNASeq,SVs,CNV_YX01747_Cov1.25,9,1954,4.92E-06,0.12640106,0.02750128,0.0158507,Distant
Transcriptomics,YHL002W.RNASeq,SVs,SV_5244_DEL_chromosome13_600892_len_-698,13,600892,4.16E-06,0.19096606,0.0412283,0.0131299,Distant
Transcriptomics,YHL003C.RNASeq,SNPs,SNP_chromosome12_551535_C_T,12,551535,2.03E-06,0.26163679,0.05471272,0.05278305,Distant
Transcriptomics,YHL003C.RNASeq,SVs,SV_5244_DEL_chromosome13_600892_len_-698,13,600892,2.37E-06,-0.2003787,0.04218656,0.01445613,Distant
Transcriptomics,YHL006C.RNASeq,SNPs,SNP_chromosome12_644373_A_G,12,644373,2.03E-07,0.33777999,0.06449429,0.03828666,Distant
Transcriptomics,YHL006C.RNASeq,SNPs,SNP_chromosome8_188673_C_A,8,188673,5.73E-06,0.27231397,0.05966902,0.0338508,Distant
Transcriptomics,YHL007C.RNASeq,SVs,CNV_YGL240W_Cov1.25,7,48613,3.71E-06,-0.1767206,0.03795437,0.00636713,Distant
Transcriptomics,YHL010C.RNASeq,SVs,CNV_YX03232_Cov1.25,15,1068999,2.00E-06,-0.1849283,0.038645,0.02668062,Distant
Transcriptomics,YHL011C.RNASeq,SNPs,SNP_chromosome7_655851_C_T,7,655851,5.69E-07,0.19421487,0.03854912,0.00686993,Distant
Transcriptomics,YHL012W.RNASeq,SNPs,SNP_chromosome8_83436_C_A,8,83436,1.12E-06,-0.3508026,0.07155623,0.10807363,Local
Transcriptomics,YHL012W.RNASeq,SNPs,SNP_chromosome8_79894_T_A,8,79894,2.16E-06,-0.2214418,0.04643712,0.02069981,Local
Transcriptomics,YHL014C.RNASeq,SNPs,SNP_chromosome11_272389_T_C,11,272389,1.89E-06,-0.2055098,0.04284996,0.00706362,Distant
Transcriptomics,YHL015W-A.RNASeq,SNPs,SNP_chromosome8_121315_T_C,8,121315,1.40E-06,0.30427194,0.0626416,0.07991317,Distant
Transcriptomics,YHL016C.RNASeq,INDELs,INDEL_chromosome8_74444,8,74444,8.33E-07,-0.1832128,0.03691913,0.01808841,Local
Transcriptomics,YHL017W.RNASeq,SVs,CNV_YHL016C_Cov1.25,8,72037,5.95E-17,0.33869063,0.03968311,0.02338707,Local
Transcriptomics,YHL019C.RNASeq,SVs,CNV_YHL037C_Cov1.25,8,25778,2.82E-06,0.1781203,0.03778646,0.00983559,Distant
Transcriptomics,YHL019W-A.RNASeq,SNPs,SNP_chromosome11_470607_C_T,11,470607,2.78E-06,0.17120899,0.03629944,0.01862568,Distant
Transcriptomics,YHL020C.RNASeq,SVs,CNV_YX00557_Cov1.75,4,5667,2.91E-06,0.16613443,0.03529248,0.01318176,Distant
Proteomics,YHL021C.SMProt,SNPs,SNP_chromosome7_165308_G_T,7,165308,1.33E-06,-0.2533786,0.05195708,0.01509607,Distant
Proteomics,YHL021C.SMProt,SNPs,SNP_chromosome2_365326_A_G,2,365326,1.38E-06,0.31757685,0.06523886,0.03043263,Distant
Transcriptomics,YHL022C.RNASeq,SNPs,SNP_chromosome8_63582_T_C,8,63582,1.73E-23,0.42380748,0.0412465,0.04543532,Local
Transcriptomics,YHL022C.RNASeq,SNPs,SNP_chromosome8_62711_A_C,8,62711,5.51E-10,0.42739783,0.06813459,0.09573751,Local
Transcriptomics,YHL022C.RNASeq,SNPs,SNP_chromosome8_63144_T_C,8,63144,9.98E-09,0.25708971,0.0444359,0.01627656,Local
Transcriptomics,YHL022C.RNASeq,SNPs,SNP_chromosome8_66700_G_A,8,66700,1.22E-07,0.26613647,0.04990199,0.03308289,Local
Transcriptomics,YHL022C.RNASeq,SNPs,SNP_chromosome2_14862_T_C,2,14862,1.66E-07,0.34416125,0.06523713,0.02243545,Distant
Transcriptomics,YHL023C.RNASeq,SVs,CNV_YHL016C_Cov1.25,8,72037,4.19E-06,0.19417462,0.04193425,0.00768696,Local
Transcriptomics,YHL024W.RNASeq,SNPs,SNP_chromosome13_331334_A_G,13,331334,1.72E-07,-0.2116727,0.04017179,0.02683737,Distant
Transcriptomics,YHL025W.RNASeq,SNPs,SNP_chromosome8_54302_C_T,8,54302,4.56E-07,0.20474063,0.04029009,0.01102881,Local
Transcriptomics,YHL025W.RNASeq,SVs,CNV_YHR192W_Cov1.25,8,486826,3.89E-06,0.20573894,0.04428371,0.00862983,Distant
Transcriptomics,YHL027W.RNASeq,SNPs,SNP_chromosome16_577654_C_T,16,577654,2.74E-07,0.22381548,0.04320593,0.04058612,Distant
Transcriptomics,YHL028W.RNASeq,SNPs,SNP_chromosome15_176350_G_A,15,176350,9.73E-08,0.32016068,0.05955657,0.01981048,Distant
Transcriptomics,YHL028W.RNASeq,SNPs,SNP_chromosome14_230725_T_C,14,230725,1.84E-07,-0.2268021,0.04314972,0.04254634,Distant
Transcriptomics,YHL030W.RNASeq,SVs,CNV_YHL037C_Cov1.25,8,25778,4.74E-06,0.17781508,0.03862032,0.00980191,Local
Transcriptomics,YHL031C.RNASeq,SNPs,SNP_chromosome8_38733_T_C,8,38733,6.59E-09,-0.3430693,0.05856648,0.10742492,Local
Transcriptomics,YHL031C.RNASeq,SNPs,SNP_chromosome15_176350_G_A,15,176350,1.73E-06,0.25594755,0.05316151,0.0126608,Distant
Transcriptomics,YHL031C.RNASeq,SNPs,SNP_chromosome1_128470_T_C,1,128470,1.81E-06,0.27863663,0.0579874,0.01504233,Distant
Transcriptomics,YHL031C.RNASeq,SNPs,SNP_chromosome1_192693_C_T,1,192693,4.97E-06,-0.2626142,0.05716626,0.06212716,Distant
Transcriptomics,YHL031C.RNASeq,SNPs,SNP_chromosome8_40287_T_C,8,40287,5.12E-06,0.29134807,0.06350572,0.06604939,Local
Transcriptomics,YHL031C.RNASeq,SNPs,SNP_chromosome14_85056_A_G,14,85056,5.54E-06,-0.1880842,0.04114862,0.02862738,Distant
Transcriptomics,YHL035C.RNASeq,SNPs,SNP_chromosome1_92566_T_C,1,92566,1.98E-06,-0.2012258,0.04203142,0.00797687,Distant
Transcriptomics,YHL036W.RNASeq,SVs,CNV_YX00195_Cov0.25,2,8798,1.19E-06,0.18605001,0.03804606,0.03477289,Distant
Transcriptomics,YHL042W.RNASeq,SNPs,SNP_chromosome8_13429_G_A,8,13429,1.05E-10,0.38515679,0.05891288,0.13196196,Local
Transcriptomics,YHL042W.RNASeq,SNPs,SNP_chromosome8_15293_C_T,8,15293,2.22E-07,-0.2424811,0.04644816,0.0495605,Local
Transcriptomics,YHL042W.RNASeq,SNPs,SNP_chromosome10_531760_T_A,10,531760,2.50E-07,0.17855957,0.03435175,0.00669515,Distant
Transcriptomics,YHL042W.RNASeq,SNPs,SNP_chromosome8_15928_T_C,8,15928,2.80E-07,0.23270802,0.04495662,0.04295273,Local
Transcriptomics,YHL042W.RNASeq,SNPs,SNP_chromosome15_86182_G_A,15,86182,8.60E-07,0.2283609,0.04607744,0.0153829,Distant
Transcriptomics,YHL042W.RNASeq,SNPs,SNP_chromosome8_95871_G_A,8,95871,1.61E-06,0.2256862,0.04673711,0.03997905,Distant
Transcriptomics,YHL042W.RNASeq,SNPs,SNP_chromosome8_15653_T_C,8,15653,1.84E-06,0.32196388,0.06705109,0.07650072,Local
Transcriptomics,YHL042W.RNASeq,SNPs,SNP_chromosome4_1347991_T_C,4,1347991,2.57E-06,-0.2297768,0.04855146,0.01326319,Distant
Transcriptomics,YHL043W.RNASeq,SNPs,SNP_chromosome10_531760_T_A,10,531760,2.59E-07,0.16940551,0.03263535,0.00602628,Distant
Transcriptomics,YHL043W.RNASeq,SNPs,SNP_chromosome8_13429_G_A,8,13429,6.21E-07,0.28088808,0.05594434,0.07018434,Local
Transcriptomics,YHL043W.RNASeq,SNPs,SNP_chromosome16_904458_C_T,16,904458,3.15E-06,0.2716104,0.05790963,0.06854152,Distant
Transcriptomics,YHL044W.RNASeq,SNPs,SNP_chromosome8_16495_G_C,8,16495,1.05E-39,0.49684442,0.0358412,0.12180856,Local
Transcriptomics,YHL044W.RNASeq,SVs,SV_2994_TRA_chromosome8_13813_len_17579,8,13813,3.34E-28,0.37639516,0.03301154,0.04158782,Local
Transcriptomics,YHL044W.RNASeq,SNPs,SNP_chromosome8_16805_A_G,8,16805,2.77E-24,0.47661434,0.0455076,0.19985967,Local
Transcriptomics,YHL044W.RNASeq,SNPs,SNP_chromosome8_16906_A_C,8,16906,1.79E-23,0.40720663,0.03963596,0.10800907,Local
Transcriptomics,YHL044W.RNASeq,SNPs,SNP_chromosome8_15239_A_G,8,15239,6.39E-23,0.40034177,0.03949839,0.12402576,Local
Transcriptomics,YHL044W.RNASeq,SNPs,SNP_chromosome8_15928_T_C,8,15928,4.56E-19,0.37277293,0.0408353,0.1101837,Local
Transcriptomics,YHL044W.RNASeq,SNPs,SNP_chromosome16_410239_T_G,16,410239,1.01E-15,0.29316319,0.03585876,0.01682772,Distant
Transcriptomics,YHL044W.RNASeq,SVs,CNV_YHL046W-A_Cov0.25,8,9981,2.54E-15,-0.2904681,0.03605832,0.05606502,Local
Transcriptomics,YHL044W.RNASeq,SNPs,SNP_chromosome16_374156_G_T,16,374156,9.35E-15,-0.3521073,0.04466808,0.10678232,Distant
Transcriptomics,YHL044W.RNASeq,SNPs,SNP_chromosome16_373847_A_G,16,373847,1.02E-14,0.38744306,0.04922758,0.13538885,Distant
Transcriptomics,YHL044W.RNASeq,SVs,CNV_YX03258_Cov0.25,16,2362,1.82E-14,-0.2898536,0.03719126,0.06568794,Distant
Transcriptomics,YHL044W.RNASeq,SNPs,SNP_chromosome16_376683_A_G,16,376683,4.97E-11,0.25032015,0.03761694,0.02163978,Distant
Transcriptomics,YHL044W.RNASeq,SNPs,SNP_chromosome8_13408_A_C,8,13408,2.54E-09,-0.3650694,0.060635,0.08534533,Local
Transcriptomics,YHL044W.RNASeq,SNPs,SNP_chromosome8_62860_T_C,8,62860,4.03E-09,0.1945932,0.0327467,0.0078341,Distant
Transcriptomics,YHL044W.RNASeq,SNPs,SNP_chromosome8_30465_G_A,8,30465,1.10E-08,0.19775116,0.03427477,0.00683564,Local
Transcriptomics,YHL044W.RNASeq,SNPs,SNP_chromosome8_105230_T_C,8,105230,8.42E-08,0.1769435,0.03274944,0.00533111,Distant
Transcriptomics,YHL044W.RNASeq,SNPs,SNP_chromosome10_369507_T_C,10,369507,1.51E-07,-0.2186944,0.04131389,0.03291216,Distant
Transcriptomics,YHL044W.RNASeq,SNPs,SNP_chromosome16_422730_T_C,16,422730,3.09E-07,0.19912945,0.03861132,0.01646935,Distant
Transcriptomics,YHL044W.RNASeq,SNPs,SNP_chromosome8_64292_A_T,8,64292,4.73E-07,0.21963538,0.04328343,0.03597461,Distant
Transcriptomics,YHL044W.RNASeq,SVs,CNV_YX02307_Cov0.75,12,14096,5.57E-07,-0.1902187,0.03772287,0.03451818,Distant
Transcriptomics,YHL044W.RNASeq,SVs,CNV_YX01734_Cov0.25,17,741979,1.90E-06,-0.1576136,0.03286201,0.01373788,Distant
Transcriptomics,YHL044W.RNASeq,SNPs,SNP_chromosome8_65403_T_C,8,65403,3.12E-06,0.16161651,0.03443953,0.00999968,Distant
Transcriptomics,YHL047C.RNASeq,SVs,CNV_YHL047C_Cov0.75,8,8351,1.40E-14,-0.3113248,0.03959147,0.04896397,Local
Transcriptomics,YHL049C.RNASeq,SVs,CNV_YGR296W_Cov11.75,7,1084864,4.57E-25,-0.3211935,0.03012684,0.10390223,Local
Transcriptomics,YHL049C.RNASeq,SVs,CNV_YEL075W-A_Cov3.25,5,4870,1.42E-22,-0.3064741,0.0305058,0.09263543,Distant
Transcriptomics,YHL049C.RNASeq,SVs,CNV_YEL074W_Cov9.25,5,6126,4.09E-22,0.27429142,0.02762291,0.07089971,Distant
Transcriptomics,YHL049C.RNASeq,SVs,CNV_YX01034_Cov9.75,17,533640,6.69E-19,0.26116202,0.02875688,0.05804305,Distant
Transcriptomics,YHL049C.RNASeq,SVs,CNV_YBL113W-A_Cov1.75,2,646,1.64E-16,-0.2557821,0.03042257,0.06388031,Distant
Transcriptomics,YHL049C.RNASeq,SVs,CNV_YLL066W-B_Cov2.25,12,5605,1.14E-12,0.20520184,0.02843414,0.03420892,Distant
Transcriptomics,YHL049C.RNASeq,SVs,CNV_YNL338W_Cov1.75,14,6561,3.16E-11,0.16739473,0.02489676,0.0164637,Distant
Transcriptomics,YHL049C.RNASeq,SVs,CNV_YLR466C-B_Cov3.75,12,1071594,2.07E-09,0.16371428,0.02704168,0.00568938,Distant
Transcriptomics,YHL049C.RNASeq,SNPs,SNP_chromosome2_66852_T_C,2,66852,7.52E-07,-0.2809638,0.05638504,0.01675205,Distant
Transcriptomics,YHL049C.RNASeq,SVs,CNV_YX01830_Cov0.25,9,332956,6.48E-06,0.1938899,0.04273261,0.01317905,Distant
Transcriptomics,YHL050C.RNASeq,SVs,CNV_YEL074W_Cov9.25,5,6126,1.97E-27,0.33495786,0.02985011,0.10555236,Distant
Transcriptomics,YHL050C.RNASeq,SVs,CNV_YEL075W-A_Cov3.75,5,4870,1.01E-23,-0.3367503,0.03258948,0.11396603,Distant
Transcriptomics,YHL050C.RNASeq,SVs,CNV_YBL113W-A_Cov2.25,2,646,1.30E-22,0.35968759,0.03576843,0.12987053,Distant
Transcriptomics,YHL050C.RNASeq,SVs,CNV_YGR296W_Cov17.75,7,1084864,1.43E-22,0.33024339,0.0328754,0.09227423,Local
Transcriptomics,YHL050C.RNASeq,SVs,CNV_YX01034_Cov20.75,17,533640,9.78E-20,0.23780805,0.02554861,0.01286434,Distant
Transcriptomics,YHL050C.RNASeq,SVs,CNV_YLL066W-B_Cov4.25,12,5605,2.17E-16,0.24764879,0.0295803,0.02014597,Distant
Transcriptomics,YHL050C.RNASeq,SVs,CNV_YNL338W_Cov0.75,14,6561,5.05E-10,-0.1814844,0.02886678,0.03292567,Distant
Transcriptomics,YHL050C.RNASeq,SVs,CNV_YLR466C-B_Cov0.75,12,1071594,2.28E-09,0.18363581,0.03041213,0.03390919,Distant
Transcriptomics,YHL050C.RNASeq,SVs,CNV_YX01519_Cov0.75,8,1783,4.65E-09,0.2423876,0.04096086,0.03136553,Local
Transcriptomics,YHL050C.RNASeq,SVs,CNV_YX01747_Cov1.25,9,1954,4.68E-09,0.19266582,0.03256356,0.0368619,Distant
Transcriptomics,YHL050C.RNASeq,SVs,CNV_YLR465C_Cov5.75,12,1067045,4.44E-07,0.18716855,0.03679582,0.01752052,Distant
Transcriptomics,YHL050C.RNASeq,SVs,CNV_YX01830_Cov0.25,9,332956,2.97E-06,0.21950725,0.04667536,0.01686316,Distant
Transcriptomics,YHL050C.RNASeq,SVs,CNV_YX00929_Cov0.75,4,1535038,3.94E-06,0.1301965,0.02804042,0.00994283,Distant
Proteomics,YHR001W.SMProt,SNPs,SNP_chromosome8_107122_C_T,8,107122,3.15E-06,-0.1691058,0.03599766,0.00726605,Local
Transcriptomics,YHR004C.RNASeq,SNPs,SNP_chromosome8_113383_A_G,8,113383,3.65E-06,0.30129748,0.0646613,0.0802066,Local
Transcriptomics,YHR005C.RNASeq,SVs,CNV_YDL227C_Cov0.75,4,46271,8.10E-15,0.26342258,0.03334031,0.01763171,Distant
Transcriptomics,YHR005C.RNASeq,SVs,CNV_YX00433_Cov1.25,3,190232,1.40E-07,0.1766426,0.03328161,0.01810671,Distant
Transcriptomics,YHR005C.RNASeq,SVs,CNV_YCL066W_Cov1.25,3,13282,1.14E-06,0.18650725,0.0380714,0.02397918,Distant
Transcriptomics,YHR005C.RNASeq,SVs,CNV_YFL060C_Cov1.75,6,10301,1.50E-06,0.16394711,0.03384695,0.02692761,Distant
Transcriptomics,YHR009C.RNASeq,SNPs,SNP_chromosome13_241788_C_T,13,241788,1.55E-06,0.30493203,0.06304531,0.08876539,Distant
Transcriptomics,YHR009C.RNASeq,SNPs,SNP_chromosome16_812990_T_C,16,812990,2.52E-06,-0.1984903,0.04189793,0.03328341,Distant
Proteomics,YHR009C.SMProt,SNPs,SNP_chromosome2_341925_T_G,2,341925,3.98E-06,0.18259234,0.0392862,0.01597858,Distant
Transcriptomics,YHR013C.RNASeq,SVs,CNV_YMR170C_Cov0.25,13,601562,4.17E-06,-0.180621,0.03899949,0.00766566,Distant
Transcriptomics,YHR013C.RNASeq,SNPs,SNP_chromosome3_43280_A_G,3,43280,4.52E-06,0.22092475,0.04787875,0.01442391,Distant
Transcriptomics,YHR013C.RNASeq,SNPs,SNP_chromosome12_205884_A_G,12,205884,5.70E-06,0.26892412,0.05891506,0.01356205,Distant
Transcriptomics,YHR013C.RNASeq,SNPs,SNP_chromosome3_43754_G_T,3,43754,6.26E-06,0.24996949,0.0550054,0.01836272,Distant
Transcriptomics,YHR014W.RNASeq,SVs,SV_3058_INS_chromosome8_133581_len_11585_TyRelated,8,133581,1.25E-07,0.18153213,0.03406651,0.00799114,Local
Transcriptomics,YHR015W.RNASeq,SVs,SV_3068_INS_chromosome8_134227_len_5952_TyRelated,8,134227,2.69E-13,0.24390905,0.03286362,0.01655716,Local
Proteomics,YHR018C.SMProt,SNPs,SNP_chromosome14_499665_C_T,14,499665,2.08E-06,0.18299009,0.03825135,0.00432893,Distant
Proteomics,YHR018C.SMProt,INDELs,INDEL_chromosome13_253534,13,253534,5.85E-06,-0.2469664,0.05409318,0.01905914,Distant
Transcriptomics,YHR019C.RNASeq,SNPs,SNP_chromosome13_242493_G_A,13,242493,5.94E-07,-0.3066278,0.06096456,0.0630561,Distant
Transcriptomics,YHR022C-A.RNASeq,SNPs,SNP_chromosome4_25184_C_T,4,25184,3.43E-06,0.29526701,0.06319173,0.02175366,Distant
Transcriptomics,YHR022C.RNASeq,SNPs,SNP_chromosome15_405935_T_C,15,405935,6.81E-07,0.32278757,0.06452439,0.05594958,Distant
Transcriptomics,YHR023W.RNASeq,SNPs,SNP_chromosome10_52870_T_A,10,52870,2.59E-06,0.21557967,0.04556433,0.01266083,Distant
Transcriptomics,YHR024C.RNASeq,SNPs,SNP_chromosome1_92566_T_C,1,92566,1.76E-06,-0.1963471,0.0408064,0.00759476,Distant
Transcriptomics,YHR025W.RNASeq,SVs,CNV_YGR296W_Cov4.25,7,1084864,3.96E-06,-0.1856117,0.03998189,0.01265301,Distant
Proteomics,YHR025W.SCProt,SNPs,SNP_chromosome14_227377_G_A,14,227377,5.37E-06,-0.3409312,0.07446408,0.10150478,Distant
Transcriptomics,YHR028W-A.RNASeq,SNPs,SNP_chromosome2_155354_A_G,2,155354,2.42E-06,0.22904962,0.04826262,0.03074327,Distant
Transcriptomics,YHR029C.RNASeq,SNPs,SNP_chromosome11_222033_A_G,11,222033,1.22E-06,0.2079254,0.04255293,0.00929025,Distant
Transcriptomics,YHR029C.RNASeq,SNPs,SNP_chromosome8_168762_G_C,8,168762,2.48E-06,-0.16456,0.03471675,0.01097481,Local
Proteomics,YHR029C.SMProt,SNPs,SNP_chromosome8_168732_G_T,8,168732,2.38E-06,-0.1599264,0.03362637,0.00871923,Local
Transcriptomics,YHR032W.RNASeq,SNPs,SNP_chromosome12_974945_G_A,12,974945,6.13E-06,-0.1629966,0.03582987,0.01760947,Distant
Transcriptomics,YHR035W.RNASeq,SNPs,SNP_chromosome8_178230_A_G,8,178230,3.37E-12,0.35573931,0.05039853,0.10749912,Local
Transcriptomics,YHR035W.RNASeq,SNPs,SNP_chromosome8_178098_T_A,8,178098,5.58E-11,0.23254189,0.03504294,0.01377448,Local
Transcriptomics,YHR035W.RNASeq,SNPs,SNP_chromosome8_179208_G_A,8,179208,2.44E-09,0.28008589,0.0464741,0.05641558,Local
Transcriptomics,YHR035W.RNASeq,INDELs,INDEL_chromosome8_178168,8,178168,6.20E-09,0.37783548,0.06438743,0.06260642,Local
Transcriptomics,YHR037W.RNASeq,SVs,CNV_YER011W_Cov0.75,5,175248,6.95E-06,-0.1488612,0.03291845,0.00443077,Distant
Proteomics,YHR037W.SMProt,SNPs,SNP_chromosome11_408938_C_T,11,408938,4.02E-07,-0.3423633,0.06693462,0.1044704,Distant
Proteomics,YHR037W.SMProt,SNPs,SNP_chromosome8_408675_G_T,8,408675,1.31E-06,-0.1935045,0.03966229,0.00912047,Distant
Proteomics,YHR037W.SMProt,SVs,CNV_YX03224_Cov0.25,15,1066551,1.86E-06,0.2068482,0.04302721,0.04054861,Distant
Proteomics,YHR037W.SMProt,SVs,CNV_YX02211_Cov0.25,11,342699,2.79E-06,0.21012977,0.04449046,0.04247709,Distant
Proteomics,YHR037W.SMProt,SNPs,SNP_chromosome2_635616_T_C,2,635616,5.35E-06,0.27694218,0.06040419,0.03585082,Distant
Transcriptomics,YHR038W.RNASeq,SNPs,SNP_chromosome8_420789_T_C,8,420789,4.61E-06,-0.1698151,0.03683586,0.00768502,Distant
Proteomics,YHR039C-A.SCProt,SVs,CNV_YDL227C_Cov0.75,4,46271,2.80E-07,0.19247063,0.03717537,0.00942171,Distant
Proteomics,YHR039C-A.SCProt,SVs,CNV_YGR161W-C_Cov0.75,7,810227,3.90E-06,-0.1628364,0.03504625,0.02390977,Distant
Proteomics,YHR039C-A.SCProt,SNPs,SNP_chromosome3_103649_T_C,3,103649,4.88E-06,0.25902843,0.05632351,0.04753434,Distant
Proteomics,YHR039C.SMProt,SNPs,SNP_chromosome7_167210_C_T,7,167210,5.60E-06,0.19884548,0.04346576,0.03104568,Distant
Transcriptomics,YHR040W.RNASeq,SNPs,SNP_chromosome8_166209_C_T,8,166209,1.92E-06,-0.2309771,0.04819101,0.043903,Local
Transcriptomics,YHR041C.RNASeq,SNPs,SNP_chromosome15_159655_C_T,15,159655,3.24E-06,-0.1946776,0.041559,0.03045527,Distant
Proteomics,YHR042W.SMProt,SNPs,SNP_chromosome4_893485_A_G,4,893485,1.65E-06,0.18810233,0.0389276,0.0126533,Distant
Transcriptomics,YHR043C.RNASeq,SVs,SV_3085_DEL_chromosome8_193546_len_-532,8,193546,1.11E-30,-0.4835909,0.03994512,0.05535611,Local
Transcriptomics,YHR043C.RNASeq,SVs,CNV_YHR044C_Cov0.75,8,194068,3.88E-10,-0.2608047,0.04105392,0.01754855,Local
Transcriptomics,YHR043C.RNASeq,SVs,CNV_YHR043C_Cov0.25,8,192805,5.72E-07,-0.192251,0.0380792,0.01688012,Local
Transcriptomics,YHR043C.RNASeq,SNPs,SNP_chromosome8_192973_G_A,8,192973,2.15E-06,-0.2403168,0.05027033,0.04192284,Local
Transcriptomics,YHR044C.RNASeq,SVs,SV_3085_DEL_chromosome8_193546_len_-532,8,193546,4.67E-17,-0.363184,0.04227972,0.0518243,Local
Transcriptomics,YHR046C.RNASeq,SNPs,SNP_chromosome8_198508_A_G,8,198508,6.78E-09,-0.2079141,0.03552403,0.01609865,Local
Transcriptomics,YHR046C.RNASeq,SNPs,SNP_chromosome8_250490_T_C,8,250490,6.74E-06,0.21832827,0.04821066,0.00860968,Distant
Proteomics,YHR046C.SMProt,SNPs,SNP_chromosome8_198508_A_G,8,198508,2.32E-21,-0.3738843,0.03817613,0.05329325,Local
Transcriptomics,YHR047C.RNASeq,SNPs,SNP_chromosome8_201548_G_A,8,201548,3.30E-08,0.23076451,0.04140065,0.01995499,Local
Transcriptomics,YHR047C.RNASeq,INDELs,INDEL_chromosome8_201764,8,201764,4.00E-07,0.22725266,0.04449837,0.02768089,Local
Transcriptomics,YHR050W-A.RNASeq,SNPs,SNP_chromosome13_296799_A_C,13,296799,8.79E-07,-0.2010979,0.0406112,0.03254593,Distant
Transcriptomics,YHR050W-A.RNASeq,SNPs,SNP_chromosome4_165975_A_G,4,165975,2.28E-06,-0.1815445,0.03815748,0.01213616,Distant
Proteomics,YHR051W.SCProt,SNPs,SNP_chromosome8_25653_G_A,8,25653,1.81E-06,-0.2177307,0.04529756,0.0067695,Distant
Proteomics,YHR051W.SMProt,SVs,CNV_YHR053C_Cov1.75,8,212535,1.97E-06,-0.1973757,0.04115737,0.03927433,Local
Transcriptomics,YHR052W-A.RNASeq,SVs,CNV_YHR053C_Cov1.25,8,212535,7.57E-19,-0.3824743,0.04218241,0.14701804,Local
Transcriptomics,YHR052W-A.RNASeq,SVs,SV_3117_DUP_chromosome8_212030_len_1165,8,212030,3.09E-09,0.20829397,0.03479105,0.01832179,Local
Transcriptomics,YHR052W-A.RNASeq,SVs,SV_3139_DUP_chromosome8_212057_len_1931,8,212057,5.74E-09,0.21688907,0.03687762,0.03280605,Local
Transcriptomics,YHR052W-A.RNASeq,SVs,SV_3143_INS_chromosome8_213195_len_15330,8,213195,3.34E-07,0.17517235,0.03406664,0.00951891,Local
Transcriptomics,YHR052W.RNASeq,SVs,CNV_YX01587_Cov1.25,8,198463,1.45E-09,0.21973489,0.03593852,0.02516658,Local
Transcriptomics,YHR052W.RNASeq,SVs,SV_3100_DUP_chromosome8_211575_len_1638,8,211575,1.99E-07,0.19547273,0.03729298,0.01978663,Local
Transcriptomics,YHR052W.RNASeq,SNPs,SNP_chromosome7_655851_C_T,7,655851,2.67E-06,0.18456564,0.03906148,0.00620425,Distant
Transcriptomics,YHR054C.RNASeq,SNPs,SNP_chromosome8_219235_T_C,8,219235,1.58E-20,0.34356821,0.03609467,0.02326907,Local
Transcriptomics,YHR054C.RNASeq,SVs,CNV_YHR053C_Cov0.75,8,212535,2.42E-16,-0.3570489,0.04271904,0.12104862,Local
Transcriptomics,YHR054C.RNASeq,SNPs,SNP_chromosome8_216707_T_C,8,216707,5.17E-15,-0.4715812,0.05923951,0.20405328,Local
Transcriptomics,YHR054C.RNASeq,SNPs,SNP_chromosome8_216123_C_T,8,216123,1.94E-13,0.25368745,0.03397327,0.01110978,Local
Transcriptomics,YHR054C.RNASeq,SNPs,SNP_chromosome8_218189_T_C,8,218189,2.38E-12,0.2762403,0.03885507,0.02407854,Local
Transcriptomics,YHR054C.RNASeq,INDELs,INDEL_chromosome8_192740,8,192740,3.59E-10,-0.4256187,0.06710753,0.16415527,Local
Transcriptomics,YHR054C.RNASeq,SNPs,SNP_chromosome8_225467_G_C,8,225467,3.96E-10,0.26762211,0.04230217,0.01506987,Local
Transcriptomics,YHR054C.RNASeq,SNPs,SNP_chromosome8_209243_C_T,8,209243,6.86E-09,0.31797475,0.0543473,0.07201782,Local
Transcriptomics,YHR054C.RNASeq,SVs,CNV_YX01590_Cov0.25,8,208681,2.54E-08,0.19257447,0.03426213,0.00928183,Local
Transcriptomics,YHR054C.RNASeq,INDELs,INDEL_chromosome8_218178,8,218178,9.81E-08,-0.3398457,0.06323496,0.07491454,Local
Transcriptomics,YHR054C.RNASeq,SNPs,SNP_chromosome8_255257_G_A,8,255257,4.01E-07,0.17939048,0.03512837,0.00581053,Distant
Transcriptomics,YHR054W-A.RNASeq,SVs,CNV_YHR053C_Cov1.25,8,212535,3.85E-14,-0.2716168,0.03531682,0.07785112,Local
Transcriptomics,YHR054W-A.RNASeq,SNPs,SNP_chromosome8_216563_T_C,8,216563,4.60E-13,-0.406635,0.05535586,0.11538549,Local
Transcriptomics,YHR054W-A.RNASeq,INDELs,INDEL_chromosome8_218178,8,218178,1.67E-10,-0.3610835,0.05585709,0.08883794,Local
Transcriptomics,YHR054W-A.RNASeq,SVs,SV_3137_DUP_chromosome8_212057_len_1931,8,212057,6.02E-10,0.18368663,0.02934937,0.01882166,Local
Transcriptomics,YHR054W-A.RNASeq,SVs,CNV_YX01587_Cov2.25,8,198463,1.85E-07,0.14396909,0.02739587,0.00784364,Local
Transcriptomics,YHR054W-A.RNASeq,SNPs,SNP_chromosome8_212499_C_T,8,212499,1.33E-06,-0.2773383,0.05695935,0.03540145,Local
Transcriptomics,YHR054W-A.RNASeq,SNPs,SNP_chromosome8_221591_A_G,8,221591,2.48E-06,-0.2375909,0.05011614,0.03887,Local
Transcriptomics,YHR054W-A.RNASeq,SVs,CNV_YX01590_Cov1.75,8,208681,3.25E-06,0.13784815,0.02943005,0.00855812,Local
Transcriptomics,YHR057C.RNASeq,SNPs,SNP_chromosome8_219861_T_C,8,219861,1.27E-06,-0.2233907,0.04579543,0.04433182,Local
Transcriptomics,YHR057C.RNASeq,SVs,CNV_YHR205W_Cov1.25,8,509363,4.16E-06,0.1827236,0.03944949,0.01037123,Distant
Transcriptomics,YHR057C.RNASeq,SNPs,SNP_chromosome14_757426_T_C,14,757426,4.44E-06,0.18090713,0.0391741,0.00564128,Distant
Transcriptomics,YHR058C.RNASeq,SNPs,SNP_chromosome8_219861_T_C,8,219861,2.32E-13,0.34889194,0.04687901,0.10809234,Local
Transcriptomics,YHR058C.RNASeq,SNPs,SNP_chromosome8_219303_A_G,8,219303,5.35E-06,-0.1827411,0.0399146,0.01739351,Local
Transcriptomics,YHR058C.RNASeq,SNPs,SNP_chromosome9_394105_C_T,9,394105,5.91E-06,-0.1690406,0.03709543,0.01253896,Distant
Transcriptomics,YHR063C.RNASeq,SVs,CNV_YX01046_Cov1.25,5,576918,4.63E-06,-0.1753342,0.03804148,0.00734163,Distant
Proteomics,YHR064C.SCProt,SNPs,SNP_chromosome8_225467_G_C,8,225467,3.45E-07,-0.2123617,0.04134081,0.00915935,Local
Proteomics,YHR064C.SCProt,SNPs,SNP_chromosome14_207358_T_C,14,207358,4.19E-07,-0.2992147,0.05867642,0.05528174,Distant
Proteomics,YHR064C.SCProt,SNPs,SNP_chromosome8_227009_C_T,8,227009,3.11E-06,-0.2411032,0.05135806,0.05089631,Local
Proteomics,YHR065C.SMProt,SNPs,SNP_chromosome8_229142_T_C,8,229142,1.89E-18,0.33883711,0.03763621,0.05389408,Local
Proteomics,YHR065C.SMProt,SNPs,SNP_chromosome16_172141_C_T,16,172141,1.29E-06,-0.2032156,0.04162735,0.0264503,Distant
Proteomics,YHR068W.SCProt,SNPs,SNP_chromosome8_230693_A_G,8,230693,3.26E-12,-0.2453127,0.03471299,0.00993553,Local
Proteomics,YHR068W.SCProt,SNPs,SNP_chromosome8_228999_G_A,8,228999,2.36E-06,-0.1822258,0.03835063,0.01020368,Local
Proteomics,YHR068W.SMProt,SNPs,SNP_chromosome8_230693_A_G,8,230693,3.99E-12,-0.2485785,0.03522822,0.01176595,Local
Proteomics,YHR068W.SMProt,SNPs,SNP_chromosome8_228999_G_A,8,228999,1.79E-06,-0.1882694,0.03909753,0.01215484,Local
Transcriptomics,YHR069C.RNASeq,SNPs,SNP_chromosome8_116330_G_A,8,116330,5.63E-06,-0.1700912,0.03724115,0.01354535,Distant
Transcriptomics,YHR072W.RNASeq,SNPs,SNP_chromosome4_856366_C_T,4,856366,2.99E-06,0.21111964,0.04490456,0.03557675,Distant
Transcriptomics,YHR075C.RNASeq,SNPs,SNP_chromosome8_420789_T_C,8,420789,7.80E-07,-0.1824605,0.03667034,0.00887218,Distant
Transcriptomics,YHR075C.RNASeq,SNPs,SNP_chromosome14_230725_T_C,14,230725,2.99E-06,-0.2105485,0.04478189,0.03666676,Distant
Transcriptomics,YHR076W.RNASeq,SNPs,SNP_chromosome8_429703_A_G,8,429703,8.94E-07,0.28811424,0.05822336,0.01872902,Distant
Transcriptomics,YHR076W.RNASeq,SNPs,SNP_chromosome8_252321_C_T,8,252321,1.76E-06,-0.2214135,0.04602093,0.04354922,Local
Proteomics,YHR076W.SMProt,SNPs,SNP_chromosome8_510650_A_G,8,510650,2.50E-06,0.27246066,0.05741447,0.01304874,Distant
Proteomics,YHR076W.SMProt,SNPs,SNP_chromosome12_200438_T_G,12,200438,6.34E-06,0.2430647,0.05344363,0.01289712,Distant
Transcriptomics,YHR079C-A.RNASeq,SNPs,SNP_chromosome13_287666_T_C,13,287666,1.27E-06,0.24322962,0.04985939,0.0076332,Distant
Transcriptomics,YHR079C-A.RNASeq,SVs,CNV_YX00008_Cov0.75,1,2003,3.39E-06,0.23825925,0.05096008,0.01252457,Distant
Transcriptomics,YHR079C.RNASeq,SNPs,SNP_chromosome16_420632_T_C,16,420632,3.59E-06,-0.2769777,0.05939755,0.02483672,Distant
Transcriptomics,YHR079C.RNASeq,SNPs,SNP_chromosome10_57489_T_A,10,57489,5.06E-06,0.20737766,0.04517625,0.00661468,Distant
Transcriptomics,YHR080C.RNASeq,SVs,CNV_YHR053C_Cov0.75,8,212535,1.57E-06,-0.2121334,0.0438744,0.04272899,Distant
Transcriptomics,YHR084W.RNASeq,SVs,CNV_YDL227C_Cov0.75,4,46271,1.90E-13,0.25036205,0.03351479,0.01592669,Distant
Transcriptomics,YHR085W.RNASeq,SNPs,SNP_chromosome13_213896_G_C,13,213896,1.09E-06,0.19541768,0.03981895,0.00660861,Distant
Transcriptomics,YHR085W.RNASeq,SNPs,SNP_chromosome7_655851_C_T,7,655851,1.72E-06,0.18869047,0.03917926,0.00648466,Distant
Transcriptomics,YHR085W.RNASeq,SNPs,SNP_chromosome15_715851_A_T,15,715851,4.73E-06,-0.2041744,0.04434333,0.01457592,Distant
Transcriptomics,YHR086W.RNASeq,SNPs,SNP_chromosome8_422992_A_G,8,422992,3.82E-06,-0.1836888,0.03950542,0.02292967,Distant
Proteomics,YHR087W.SCProt,SNPs,SNP_chromosome14_309245_T_C,14,309245,6.52E-06,0.29229466,0.06442732,0.06755211,Distant
Proteomics,YHR087W.SMProt,SNPs,SNP_chromosome16_753507_C_T,16,753507,4.80E-06,0.20401371,0.04427353,0.00632566,Distant
Transcriptomics,YHR088W.RNASeq,SNPs,SNP_chromosome13_213896_G_C,13,213896,3.52E-06,0.17941665,0.03844279,0.00557068,Distant
Transcriptomics,YHR089C.RNASeq,SVs,CNV_YGL232W_Cov1.25,7,62075,2.48E-06,-0.1722994,0.03634435,0.00663158,Distant
Transcriptomics,YHR093W.RNASeq,SNPs,SNP_chromosome8_289695_T_C,8,289695,4.36E-19,0.39510446,0.04325905,0.0685341,Local
Transcriptomics,YHR093W.RNASeq,SNPs,SNP_chromosome8_283616_T_C,8,283616,9.92E-08,0.24049129,0.04476381,0.01647297,Local
Transcriptomics,YHR094C.RNASeq,SNPs,SNP_chromosome4_214965_G_A,4,214965,2.05E-10,-0.2686822,0.04174603,0.04983342,Distant
Transcriptomics,YHR094C.RNASeq,SNPs,SNP_chromosome4_1163254_A_G,4,1163254,2.13E-08,0.34325828,0.06069561,0.03930216,Distant
Transcriptomics,YHR094C.RNASeq,SNPs,SNP_chromosome5_26797_C_T,5,26797,7.05E-08,0.26867333,0.049405,0.01337622,Distant
Transcriptomics,YHR094C.RNASeq,SNPs,SNP_chromosome4_1163248_C_G,4,1163248,4.89E-07,0.28001358,0.05523161,0.01499952,Distant
Transcriptomics,YHR094C.RNASeq,SNPs,SNP_chromosome14_370084_T_C,14,370084,4.10E-06,-0.2787259,0.06011034,0.06977255,Distant
Transcriptomics,YHR095W.RNASeq,SNPs,SNP_chromosome16_900919_C_T,16,900919,3.22E-06,0.19886972,0.04243381,0.00777225,Distant
Transcriptomics,YHR095W.RNASeq,SVs,SV_5244_DEL_chromosome13_600892_len_-698,13,600892,5.05E-06,0.18196007,0.03963291,0.01187573,Distant
Transcriptomics,YHR098C.RNASeq,SNPs,SNP_chromosome7_1058166_C_T,7,1058166,1.57E-06,-0.1998377,0.04133076,0.00834701,Distant
Proteomics,YHR104W.SMProt,SNPs,SNP_chromosome10_553445_T_C,10,553445,5.02E-07,0.20874952,0.04116404,0.01337378,Distant
Proteomics,YHR104W.SMProt,SNPs,SNP_chromosome2_572291_A_G,2,572291,4.35E-06,-0.2349331,0.05075212,0.04848828,Distant
Transcriptomics,YHR106W.RNASeq,SNPs,SNP_chromosome8_325510_G_A,8,325510,4.12E-07,-0.1780131,0.03489733,0.00940366,Local
Transcriptomics,YHR107C.RNASeq,SVs,CNV_YIL059C_Cov0.75,9,246550,3.68E-06,-0.1692384,0.03633559,0.00781832,Distant
Proteomics,YHR107C.SCProt,SVs,CNV_YDR504C_Cov1.25,4,1456311,2.06E-06,0.17847404,0.03733464,0.02718955,Distant
Proteomics,YHR107C.SCProt,SNPs,SNP_chromosome15_702790_T_C,15,702790,2.26E-06,0.18965871,0.03983903,0.007433,Distant
Proteomics,YHR107C.SCProt,SVs,CNV_YOR072W-A_Cov0.75,15,461791,2.87E-06,0.17794839,0.03777327,0.03142119,Distant
Transcriptomics,YHR111W.RNASeq,SNPs,SNP_chromosome8_334370_T_C,8,334370,3.17E-34,-0.4724016,0.03711737,0.13249278,Local
Transcriptomics,YHR111W.RNASeq,SNPs,SNP_chromosome15_448830_T_A,15,448830,1.13E-07,-0.212074,0.03964968,0.03508162,Distant
Transcriptomics,YHR111W.RNASeq,SNPs,SNP_chromosome8_334860_A_T,8,334860,1.35E-07,-0.2324632,0.04373638,0.04698907,Local
Transcriptomics,YHR111W.RNASeq,SNPs,SNP_chromosome6_223266_T_G,6,223266,2.24E-06,0.20673522,0.04341864,0.02958338,Distant
Transcriptomics,YHR112C.RNASeq,SNPs,SNP_chromosome8_335688_T_C,8,335688,1.35E-18,0.50855498,0.05652066,0.24304395,Local
Transcriptomics,YHR112C.RNASeq,SNPs,SNP_chromosome8_299939_C_G,8,299939,3.53E-07,-0.256934,0.05007463,0.02360771,Distant
Transcriptomics,YHR112C.RNASeq,SNPs,SNP_chromosome8_355733_T_C,8,355733,7.52E-07,-0.2931931,0.05883975,0.07718228,Local
Transcriptomics,YHR112C.RNASeq,SVs,SV_4705_INS_chromosome12_489480_len_1066,12,489480,3.83E-06,-0.1097563,0.02360713,0.01026133,Distant
Proteomics,YHR112C.SMProt,SNPs,SNP_chromosome8_335688_T_C,8,335688,2.79E-14,0.47853946,0.06163564,0.21156061,Local
Transcriptomics,YHR113W.RNASeq,SNPs,SNP_chromosome15_90052_T_C,15,90052,5.50E-06,0.1948575,0.04261456,0.00880298,Distant
Transcriptomics,YHR114W.RNASeq,SNPs,SNP_chromosome11_430859_T_C,11,430859,4.67E-06,0.20411209,0.04430053,0.01000791,Distant
Transcriptomics,YHR115C.RNASeq,SNPs,SNP_chromosome11_107231_C_A,11,107231,2.67E-06,-0.1748933,0.0370164,0.02031571,Distant
Transcriptomics,YHR116W.RNASeq,SNPs,SNP_chromosome8_342323_G_A,8,342323,1.04E-16,0.29922187,0.03534612,0.01709413,Local
Transcriptomics,YHR116W.RNASeq,SNPs,SNP_chromosome15_1038866_G_A,15,1038866,1.18E-07,-0.2523937,0.04726269,0.00985264,Distant
Transcriptomics,YHR116W.RNASeq,SNPs,SNP_chromosome16_729067_T_C,16,729067,1.65E-06,0.28582665,0.05924112,0.05535024,Distant
Transcriptomics,YHR116W.RNASeq,SNPs,SNP_chromosome3_198348_A_G,3,198348,1.10E-05,-0.1630369,0.03688003,0.01335497,Distant
Transcriptomics,YHR119W.RNASeq,SNPs,SNP_chromosome16_422588_A_G,16,422588,1.77E-06,-0.3319223,0.06900718,0.09286531,Distant
Transcriptomics,YHR120W.RNASeq,SNPs,SNP_chromosome7_655851_C_T,7,655851,4.04E-06,0.17763542,0.0383005,0.00574707,Distant
Transcriptomics,YHR121W.RNASeq,SNPs,SNP_chromosome12_205884_A_G,12,205884,1.91E-06,0.26702178,0.05569667,0.01337086,Distant
Transcriptomics,YHR121W.RNASeq,SNPs,SNP_chromosome2_61447_T_C,2,61447,3.80E-06,-0.2676766,0.05755192,0.03494679,Distant
Transcriptomics,YHR123W.RNASeq,SNPs,SNP_chromosome8_354752_A_C,8,354752,6.75E-13,0.26000557,0.03566,0.01668526,Local
Transcriptomics,YHR124W.RNASeq,SVs,CNV_YX00008_Cov0.75,1,2003,2.28E-06,0.23875086,0.05017737,0.01229017,Distant
Proteomics,YHR128W.SCProt,SNPs,SNP_chromosome10_195982_A_G,10,195982,1.74E-06,0.25135248,0.05220871,0.00944649,Distant
Proteomics,YHR128W.SCProt,SNPs,SNP_chromosome8_359670_T_C,8,359670,6.89E-06,-0.1564349,0.03457193,0.00543799,Local
Proteomics,YHR128W.SMProt,SNPs,SNP_chromosome15_758119_T_C,15,758119,4.12E-07,-0.2344302,0.04587547,0.02638683,Distant
Proteomics,YHR128W.SMProt,SNPs,SNP_chromosome8_361900_T_G,8,361900,8.29E-07,-0.1789411,0.03599397,0.00820376,Local
Proteomics,YHR128W.SMProt,SNPs,SNP_chromosome16_242798_G_A,16,242798,2.11E-06,-0.4025825,0.08419821,0.02529192,Distant
Proteomics,YHR128W.SMProt,SNPs,SNP_chromosome16_725524_A_G,16,725524,3.22E-06,-0.2459102,0.05240396,0.0111176,Distant
Proteomics,YHR132C.SMProt,SNPs,SNP_chromosome12_444760_T_C,12,444760,5.53E-07,-0.1851138,0.03664067,0.00806111,Distant
Transcriptomics,YHR137W.RNASeq,SNPs,SNP_chromosome12_871188_G_A,12,871188,1.15E-06,-0.2116081,0.04320528,0.01191016,Distant
Transcriptomics,YHR137W.RNASeq,SNPs,SNP_chromosome7_65104_T_C,7,65104,2.20E-06,-0.2256513,0.0473549,0.00884395,Distant
Transcriptomics,YHR137W.RNASeq,SNPs,SNP_chromosome11_364568_T_C,11,364568,4.47E-06,0.26343174,0.05705831,0.03700309,Distant
Transcriptomics,YHR138C.RNASeq,SVs,SV_5244_DEL_chromosome13_600892_len_-698,13,600892,1.90E-06,0.19607303,0.04089141,0.01384155,Distant
Proteomics,YHR138C.SMProt,SNPs,SNP_chromosome14_444698_A_G,14,444698,2.44E-06,0.21734836,0.04574934,0.00848843,Distant
Transcriptomics,YHR140W.RNASeq,SNPs,SNP_chromosome8_380673_A_G,8,380673,5.86E-14,0.53057338,0.06950771,0.24734656,Local
Transcriptomics,YHR140W.RNASeq,INDELs,INDEL_chromosome8_382579,8,382579,4.41E-08,0.3847367,0.06968229,0.11890306,Local
Transcriptomics,YHR140W.RNASeq,INDELs,INDEL_chromosome8_386538,8,386538,1.75E-07,0.30340791,0.05762164,0.07385569,Local
Transcriptomics,YHR140W.RNASeq,SNPs,SNP_chromosome8_380542_T_C,8,380542,4.48E-07,0.30176965,0.05934832,0.05366973,Local
Transcriptomics,YHR140W.RNASeq,SNPs,SNP_chromosome8_380267_G_A,8,380267,3.09E-06,0.28744205,0.06122603,0.04190475,Local
Transcriptomics,YHR140W.RNASeq,SVs,CNV_YX00082_Cov0.25,1,164661,3.85E-06,-0.1575168,0.03388863,0.00911249,Distant
Transcriptomics,YHR142W.RNASeq,SNPs,SNP_chromosome2_121899_A_G,2,121899,8.40E-08,-0.4359227,0.08068032,0.03890641,Distant
Transcriptomics,YHR142W.RNASeq,SNPs,SNP_chromosome2_239434_T_A,2,239434,5.27E-06,0.26923449,0.05876249,0.06485288,Distant
Transcriptomics,YHR143W.RNASeq,SVs,CNV_YDL227C_Cov0.75,4,46271,2.29E-07,-0.1819778,0.03490053,0.00841444,Distant
Transcriptomics,YHR143W.RNASeq,SNPs,SNP_chromosome4_405295_T_C,4,405295,3.94E-06,-0.2497556,0.05378934,0.00837519,Distant
Transcriptomics,YHR145C.RNASeq,SVs,SV_3200_INS_chromosome8_389336_len_5956_TyRelated,8,389336,2.04E-11,0.22391121,0.03297768,0.01896627,Local
Transcriptomics,YHR145C.RNASeq,SNPs,SNP_chromosome8_387439_T_C,8,387439,3.19E-08,-0.3222193,0.05774771,0.06575931,Local
Transcriptomics,YHR145C.RNASeq,INDELs,INDEL_chromosome8_386538,8,386538,9.98E-07,-0.3260607,0.06618686,0.08533406,Local
Transcriptomics,YHR145C.RNASeq,SNPs,SNP_chromosome12_386630_C_T,12,386630,4.92E-06,0.3938695,0.08569442,0.03021519,Distant
Transcriptomics,YHR145C.RNASeq,SNPs,SNP_chromosome10_171301_G_A,10,171301,5.23E-06,0.21183419,0.04622008,0.00654985,Distant
Proteomics,YHR146W.SMProt,SNPs,SNP_chromosome16_757137_C_T,16,757137,3.54E-07,0.23343769,0.04542069,0.01131681,Distant
Transcriptomics,YHR148W.RNASeq,SNPs,SNP_chromosome7_655851_C_T,7,655851,9.26E-07,0.18993629,0.03843807,0.00657057,Distant
Transcriptomics,YHR152W.RNASeq,SNPs,SNP_chromosome15_554117_T_C,15,554117,2.95E-06,-0.1581426,0.03361927,0.00729216,Distant
Transcriptomics,YHR153C.RNASeq,SNPs,SNP_chromosome4_35584_C_A,4,35584,4.76E-06,-0.2534717,0.05506121,0.03016429,Distant
Transcriptomics,YHR154W.RNASeq,SVs,CNV_YX00594_Cov0.25,4,46858,3.48E-07,0.1765033,0.03437828,0.00647361,Distant
Transcriptomics,YHR157W.RNASeq,SNPs,SNP_chromosome2_14862_T_C,2,14862,2.29E-06,0.26872717,0.05649204,0.01367836,Distant
Transcriptomics,YHR157W.RNASeq,SNPs,SNP_chromosome13_44595_T_C,13,44595,3.76E-06,0.22388882,0.04811303,0.00779738,Distant
Transcriptomics,YHR157W.RNASeq,SNPs,SNP_chromosome1_127098_T_C,1,127098,5.17E-06,0.26570284,0.05794171,0.0196509,Distant
Transcriptomics,YHR159W.RNASeq,SNPs,SNP_chromosome16_647352_T_C,16,647352,1.95E-06,0.30793318,0.06428443,0.03261693,Distant
Transcriptomics,YHR160C.RNASeq,SNPs,SNP_chromosome16_922958_T_A,16,922958,9.14E-07,-0.2094726,0.04237048,0.03366395,Distant
Transcriptomics,YHR160C.RNASeq,SNPs,SNP_chromosome15_286168_T_C,15,286168,4.57E-06,0.14080345,0.03052892,0.0035626,Distant
Transcriptomics,YHR163W.RNASeq,SNPs,SNP_chromosome8_423677_T_A,8,423677,1.22E-06,0.21460774,0.04392266,0.03950522,Local
Proteomics,YHR163W.SCProt,SNPs,SNP_chromosome8_423677_T_A,8,423677,7.31E-16,0.34496289,0.04195849,0.10304018,Local
Proteomics,YHR163W.SMProt,SNPs,SNP_chromosome8_423677_T_A,8,423677,1.20E-16,0.36719584,0.04327662,0.11671109,Local
Proteomics,YHR163W.SMProt,SNPs,SNP_chromosome8_422832_A_G,8,422832,3.41E-08,0.47916204,0.08588192,0.05358315,Local
Transcriptomics,YHR168W.RNASeq,SNPs,SNP_chromosome16_812990_T_C,16,812990,1.59E-06,-0.2368627,0.04901546,0.0473961,Distant
Transcriptomics,YHR169W.RNASeq,SNPs,SNP_chromosome13_213896_G_C,13,213896,4.09E-06,0.18734117,0.0404126,0.00607364,Distant
Proteomics,YHR174W.SCProt,SNPs,SNP_chromosome2_14862_T_C,2,14862,3.14E-06,0.28678804,0.06111854,0.01585876,Distant
Proteomics,YHR174W.SMProt,SVs,CNV_YML058W_Cov0.75,13,159383,3.12E-06,0.16845346,0.03584506,0.01401427,Distant
Transcriptomics,YHR175W.RNASeq,SNPs,SNP_chromosome13_547541_A_G,13,547541,1.62E-06,0.27000223,0.05591523,0.02692087,Distant
Transcriptomics,YHR176W.RNASeq,SNPs,SNP_chromosome8_454035_C_G,8,454035,3.02E-13,0.27794042,0.03752821,0.0146399,Local
Transcriptomics,YHR179W.RNASeq,SNPs,SNP_chromosome12_57154_G_A,12,57154,1.16E-06,-0.3255204,0.06647835,0.03460448,Distant
Transcriptomics,YHR179W.RNASeq,SNPs,SNP_chromosome6_81533_T_C,6,81533,3.94E-06,0.17888934,0.03852758,0.00859939,Distant
Transcriptomics,YHR180W.RNASeq,SNPs,SNP_chromosome8_464017_C_T,8,464017,3.74E-11,-0.3919715,0.05851512,0.12197568,Local
Transcriptomics,YHR180W.RNASeq,SNPs,SNP_chromosome11_97347_G_A,11,97347,1.76E-07,0.43238379,0.0821157,0.047761,Distant
Transcriptomics,YHR180W.RNASeq,SNPs,SNP_chromosome4_300862_C_T,4,300862,4.53E-06,0.2072746,0.04492154,0.0086449,Distant
Transcriptomics,YHR181W.RNASeq,SVs,CNV_YX02543_Cov14.25,12,1037185,7.79E-07,0.19797047,0.03978554,0.015614,Distant
Proteomics,YHR183W.SCProt,SNPs,SNP_chromosome5_50409_A_G,5,50409,3.38E-06,-0.27469,0.05873893,0.01578902,Distant
Proteomics,YHR183W.SCProt,SNPs,SNP_chromosome13_231392_A_G,13,231392,5.70E-06,0.2261966,0.04954431,0.01204804,Distant
Transcriptomics,YHR189W.RNASeq,SNPs,SNP_chromosome16_415343_G_A,16,415343,3.41E-06,0.22427345,0.0479831,0.04586948,Distant
Proteomics,YHR190W.SMProt,SNPs,SNP_chromosome16_235149_A_G,16,235149,7.80E-07,-0.2138125,0.04290343,0.03176673,Distant
Transcriptomics,YHR191C.RNASeq,SNPs,SNP_chromosome16_47273_T_C,16,47273,2.50E-06,0.31826528,0.06715777,0.08374953,Distant
Transcriptomics,YHR192W.RNASeq,SNPs,SNP_chromosome4_172513_C_T,4,172513,2.55E-07,0.22936268,0.04416237,0.00792881,Distant
Proteomics,YHR193C.SCProt,SVs,CNV_YLR178C_Cov0.75,12,513162,4.71E-06,-0.164421,0.03569344,0.02527831,Distant
Transcriptomics,YHR197W.RNASeq,SNPs,SNP_chromosome7_655851_C_T,7,655851,8.13E-07,0.19146379,0.03854471,0.00667668,Distant
Transcriptomics,YHR199C.RNASeq,SNPs,SNP_chromosome15_274222_G_A,15,274222,5.71E-08,-0.3334452,0.06091412,0.10269167,Distant
Transcriptomics,YHR201C.RNASeq,SNPs,SNP_chromosome12_694194_T_C,12,694194,2.54E-06,0.21306824,0.044993,0.01330474,Distant
Transcriptomics,YHR201C.RNASeq,SNPs,SNP_chromosome12_973972_T_C,12,973972,3.28E-06,0.27936114,0.05966779,0.05914518,Distant
Transcriptomics,YHR201C.RNASeq,SNPs,SNP_chromosome12_1031026_G_C,12,1031026,6.77E-06,0.28129436,0.06212608,0.05583166,Distant
Proteomics,YHR201C.SMProt,SNPs,SNP_chromosome8_500294_G_A,8,500294,6.71E-13,-0.3300987,0.04511437,0.09280179,Local
Proteomics,YHR201C.SMProt,SNPs,SNP_chromosome8_500941_C_T,8,500941,7.85E-07,0.19907128,0.03995388,0.01967582,Local
Transcriptomics,YHR204W.RNASeq,SVs,CNV_YBR250W_Cov1.25,2,719033,2.45E-06,-0.1731796,0.03651174,0.00587852,Distant
Transcriptomics,YHR205W.RNASeq,SNPs,SNP_chromosome8_512342_C_T,8,512342,2.01E-08,-0.1973062,0.03484393,0.01236048,Local
Transcriptomics,YHR205W.RNASeq,SNPs,SNP_chromosome8_512746_C_T,8,512746,2.85E-07,-0.3324275,0.06426355,0.10100156,Local
Transcriptomics,YHR206W.RNASeq,SVs,CNV_YX03248_Cov3.25,16,556,3.42E-06,0.1593563,0.03409899,0.01252936,Distant
Transcriptomics,YHR208W.RNASeq,SVs,CNV_YBR300C_Cov2.25,2,808600,3.01E-06,-0.1965412,0.04181911,0.03822092,Distant
Transcriptomics,YHR209W.RNASeq,SNPs,SNP_chromosome8_519321_A_G,8,519321,7.21E-26,0.40163203,0.03700161,0.02788922,Local
Transcriptomics,YHR209W.RNASeq,SNPs,SNP_chromosome12_519313_A_T,12,519313,1.20E-06,0.21195735,0.04334793,0.01855029,Distant
Transcriptomics,YHR210C.RNASeq,INDELs,INDEL_chromosome8_521040,8,521040,2.95E-08,0.1983158,0.03545143,0.0162045,Local
Transcriptomics,YHR213W-A.RNASeq,SVs,CNV_YX01068_Cov1.25,6,3588,1.06E-09,-0.2837914,0.04599435,0.0722998,Distant
Transcriptomics,YHR213W-A.RNASeq,SVs,CNV_YHR216W_Cov1.75,8,554396,7.96E-09,-0.2578022,0.04423323,0.04674718,Local
Transcriptomics,YHR213W-A.RNASeq,SVs,CNV_YAR066W_Cov1.75,1,221049,8.22E-08,-0.2299055,0.04249831,0.04776997,Distant
Transcriptomics,YHR213W-A.RNASeq,SVs,CNV_YHR213W-A_Cov1.75,8,540549,1.55E-07,-0.2465101,0.04659052,0.04724453,Local
Transcriptomics,YHR213W-A.RNASeq,SVs,CNV_YAR068W_Cov2.25,1,222406,2.25E-06,-0.2303196,0.0483635,0.04825406,Distant
Transcriptomics,YHR213W-A.RNASeq,SNPs,SNP_chromosome16_925746_T_A,16,925746,3.03E-06,0.26384572,0.05613369,0.06337254,Distant
Transcriptomics,YHR213W-B.RNASeq,SVs,CNV_YX01068_Cov1.25,6,3588,1.50E-10,-0.3207163,0.0494243,0.08935152,Distant
Transcriptomics,YHR213W-B.RNASeq,SVs,CNV_YAR064W_Cov1.75,1,220198,6.54E-08,-0.2435266,0.04465149,0.05396224,Local
Transcriptomics,YHR213W-B.RNASeq,SVs,CNV_YHR213W-A_Cov1.25,8,540549,8.14E-08,-0.2477754,0.04577005,0.03419028,Local
Transcriptomics,YHR213W-B.RNASeq,SVs,CNV_YHR216W_Cov1.75,8,554396,2.36E-07,-0.2576382,0.04942554,0.04400815,Local
Transcriptomics,YHR213W-B.RNASeq,SNPs,SNP_chromosome13_579535_C_T,13,579535,1.66E-06,0.33569879,0.06955315,0.02232671,Distant
Transcriptomics,YHR214C-E.RNASeq,SVs,CNV_YX00033_Cov0.75,1,16242,2.61E-07,-0.2560288,0.04933745,0.05174197,Distant
Transcriptomics,YHR214C-E.RNASeq,SVs,CNV_YAR069C_Cov0.75,1,224011,8.60E-07,-0.2664105,0.05375356,0.06154121,Local
Transcriptomics,YHR214C-E.RNASeq,SVs,CNV_YX03035_Cov0.75,15,11930,2.68E-06,-0.2212452,0.04683416,0.04469006,Distant
Transcriptomics,YHR214W-A.RNASeq,SVs,CNV_YOL160W_Cov1.75,15,14313,4.96E-12,-0.2176806,0.03108899,0.03207579,Distant
Transcriptomics,YHR214W-A.RNASeq,SVs,CNV_YX03023_Cov1.75,17,7366,9.67E-11,-0.2240527,0.03420446,0.03295734,Distant
Transcriptomics,YHR214W-A.RNASeq,SVs,CNV_YJL219W_Cov1.25,10,19497,6.57E-10,-0.2538113,0.04064749,0.06469614,Distant
Transcriptomics,YHR214W-A.RNASeq,SVs,CNV_YAR068W_Cov4.25,1,222406,7.49E-09,0.1873857,0.03211115,0.02521899,Local
Transcriptomics,YHR214W-A.RNASeq,SNPs,SNP_chromosome9_41157_A_G,9,41157,1.33E-08,-0.2302447,0.04014193,0.01245257,Distant
Transcriptomics,YHR214W-A.RNASeq,SVs,CNV_YX01738_Cov1.25,9,121,1.50E-08,0.17747332,0.03105998,0.01907508,Distant
Transcriptomics,YHR214W-A.RNASeq,SVs,CNV_YX03243_Cov1.25,15,1098438,3.76E-08,-0.1908024,0.03437872,0.03294153,Distant
Transcriptomics,YHR214W-A.RNASeq,SVs,CNV_YX03035_Cov2.75,15,11930,4.48E-08,0.18439658,0.03341496,0.02504889,Distant
Transcriptomics,YHR214W-A.RNASeq,SNPs,SNP_chromosome9_40953_G_A,9,40953,9.08E-08,-0.3153969,0.05852966,0.08254992,Distant
Transcriptomics,YHR214W-A.RNASeq,SVs,CNV_YIL167W_Cov0.25,9,29032,1.07E-07,-0.1962188,0.03662105,0.01136992,Distant
Transcriptomics,YHR214W-A.RNASeq,SVs,CNV_YIL162W_Cov0.25,9,37385,1.38E-07,-0.1906188,0.0358936,0.00712206,Distant
Transcriptomics,YHR214W-A.RNASeq,SVs,CNV_YX00033_Cov3.75,1,16242,5.13E-07,0.19638869,0.03882512,0.03584687,Distant
Transcriptomics,YHR214W-A.RNASeq,SNPs,SNP_chromosome9_40632_G_A,9,40632,6.98E-07,-0.1944159,0.03890109,0.00788115,Distant
Transcriptomics,YHR214W-A.RNASeq,SVs,CNV_YX01685_Cov1.75,8,528145,3.13E-06,0.14870551,0.03169387,0.01583012,Local
Transcriptomics,YHR214W-A.RNASeq,SVs,CNV_YHR216W_Cov1.75,8,554396,3.90E-06,-0.2005886,0.04317678,0.03139077,Local
Transcriptomics,YHR214W-A.RNASeq,SNPs,SNP_chromosome2_198110_A_G,2,198110,4.65E-06,0.1391714,0.03020128,0.00533247,Distant
Transcriptomics,YHR214W.RNASeq,SVs,CNV_YHR213W-A_Cov0.25,8,540549,4.94E-16,-0.3695576,0.04470328,0.04822022,Local
Transcriptomics,YHR214W.RNASeq,SVs,CNV_YAR064W_Cov0.25,1,220198,1.37E-14,-0.3414973,0.04361162,0.04032629,Local
Transcriptomics,YHR214W.RNASeq,SVs,CNV_YX02137_Cov2.75,11,1299,1.49E-08,0.25428088,0.04449226,0.01396525,Distant
Transcriptomics,YHR214W.RNASeq,SNPs,SNP_chromosome15_137661_A_G,15,137661,4.73E-08,0.31620119,0.05740113,0.02512789,Distant
Transcriptomics,YHR214W.RNASeq,SVs,CNV_YHR216W_Cov3.75,8,554396,1.75E-06,0.16692922,0.03468843,0.02587847,Local
Transcriptomics,YHR214W.RNASeq,SVs,CNV_YOL158C_Cov1.25,15,19491,2.55E-06,-0.1543788,0.03260346,0.01970068,Distant
Transcriptomics,YHR214W.RNASeq,SVs,CNV_YX01691_Cov0.25,8,532921,3.37E-06,0.27554773,0.05892261,0.05706364,Local
Transcriptomics,YHR214W.RNASeq,SVs,CNV_YAL066W_Cov2.75,1,10091,6.30E-06,-0.1477716,0.03252571,0.01035398,Distant
Transcriptomics,YHR214W.RNASeq,SVs,CNV_YX01068_Cov0.75,6,3588,7.32E-06,-0.1801815,0.039944,0.0205136,Distant
Transcriptomics,YHR214W.RNASeq,SNPs,SNP_chromosome15_488732_C_A,15,488732,7.37E-06,0.30097295,0.06674504,0.02357266,Distant
Transcriptomics,YHR214W.RNASeq,INDELs,INDEL_chromosome16_685749,16,685749,8.26E-06,-0.2782938,0.06205814,0.0293069,Distant
Transcriptomics,YHR215W.RNASeq,SVs,CNV_YAR068W_Cov1.25,1,222406,1.08E-10,-0.2767137,0.04227606,0.03646292,Local
Transcriptomics,YHR215W.RNASeq,SVs,CNV_YX00033_Cov2.75,1,16242,8.77E-10,0.32373518,0.05215319,0.10286265,Distant
Transcriptomics,YHR215W.RNASeq,SVs,CNV_YX01068_Cov1.25,6,3588,1.20E-09,-0.2390857,0.0388419,0.04692336,Distant
Transcriptomics,YHR215W.RNASeq,SVs,CNV_YHR213W-A_Cov1.25,8,540549,1.33E-09,-0.2561585,0.04173163,0.03476861,Local
Transcriptomics,YHR215W.RNASeq,SVs,CNV_YHR216W_Cov2.25,8,554396,2.84E-08,-0.2331191,0.04156302,0.04597479,Local
Transcriptomics,YHR215W.RNASeq,SVs,CNV_YX03035_Cov2.25,15,11930,7.15E-08,0.20295498,0.03730741,0.04111899,Distant
Transcriptomics,YHR215W.RNASeq,SVs,CNV_YAL067C_Cov0.75,1,7235,7.35E-08,0.18986442,0.03493466,0.03056901,Distant
Transcriptomics,YHR215W.RNASeq,SVs,CNV_YX00123_Cov0.75,1,195385,1.86E-07,0.18070472,0.03434814,0.02801242,Distant
Transcriptomics,YHR215W.RNASeq,SVs,CNV_YX01738_Cov0.75,9,121,9.06E-07,0.20211484,0.04082279,0.04082851,Distant
Transcriptomics,YHR215W.RNASeq,SVs,CNV_YX01713_Cov0.75,8,562777,2.61E-06,0.16605648,0.0350707,0.02343835,Local
Transcriptomics,YHR215W.RNASeq,SVs,CNV_YX01685_Cov1.75,8,528145,3.30E-06,0.14045257,0.02997556,0.01552356,Local
Transcriptomics,YHR216W.RNASeq,SVs,CNV_YAL067C_Cov0.75,1,7235,4.63E-08,0.17317642,0.03140416,0.02417036,Distant
Transcriptomics,YHR216W.RNASeq,SVs,CNV_YX00123_Cov0.75,1,195385,1.12E-07,0.16491082,0.03081388,0.02224493,Distant
Transcriptomics,YHR216W.RNASeq,SVs,CNV_YAR071W_Cov4.75,1,225460,1.06E-06,0.12562558,0.02555934,0.00868856,Distant
Transcriptomics,YHR216W.RNASeq,SVs,CNV_YLL066W-B_Cov0.75,12,5605,2.43E-06,-0.1221405,0.02573518,0.01090201,Distant
Transcriptomics,YHR216W.RNASeq,SVs,CNV_YX01713_Cov0.75,8,562777,3.82E-06,0.14728392,0.03166433,0.01752702,Local
Transcriptomics,YHR216W.RNASeq,SVs,CNV_YAR066W_Cov2.75,1,221049,4.53E-06,0.13548447,0.02935861,0.01601423,Distant
Transcriptomics,YHR216W.RNASeq,SVs,CNV_YHR216W_Cov0.75,8,554396,5.10E-06,-0.1100004,0.02396653,0.00175717,Local
Transcriptomics,YHR218W-A.RNASeq,SVs,CNV_YEL074W_Cov9.25,5,6126,7.87E-22,0.26833364,0.02722236,0.06809281,Distant
Transcriptomics,YHR218W-A.RNASeq,SVs,CNV_YGR296W_Cov11.75,7,1084864,8.78E-22,-0.2944718,0.02991098,0.08764153,Local
Transcriptomics,YHR218W-A.RNASeq,SVs,CNV_YX01034_Cov20.75,17,533640,3.40E-18,0.20396251,0.0229511,0.00951259,Distant
Transcriptomics,YHR218W-A.RNASeq,SVs,CNV_YEL075W-A_Cov3.25,5,4870,6.19E-18,-0.2670578,0.03029878,0.07058804,Distant
Transcriptomics,YHR218W-A.RNASeq,SVs,CNV_YLL066W-B_Cov1.75,12,5605,5.60E-15,0.20243695,0.02546386,0.03915333,Distant
Transcriptomics,YHR218W-A.RNASeq,SVs,CNV_YBL113W-A_Cov4.75,2,646,6.30E-15,0.234401,0.02954204,0.03513415,Distant
Transcriptomics,YHR218W-A.RNASeq,SVs,CNV_YLR466C-B_Cov0.75,12,1071594,7.95E-11,0.17880597,0.02717055,0.03231693,Distant
Transcriptomics,YHR218W-A.RNASeq,SVs,CNV_YNL338W_Cov2.25,14,6561,2.65E-10,0.14961156,0.02341097,0.00874108,Distant
Transcriptomics,YHR218W-A.RNASeq,SNPs,SNP_chromosome13_68846_G_A,13,68846,1.40E-08,0.35681633,0.06230988,0.02669484,Distant
Transcriptomics,YHR218W-A.RNASeq,SNPs,SNP_chromosome13_211244_T_A,13,211244,1.71E-06,0.31017581,0.06439201,0.02986912,Distant
Transcriptomics,YHR218W.RNASeq,SVs,CNV_YEL074W_Cov9.25,5,6126,1.46E-27,0.29796509,0.02648244,0.08357123,Distant
Transcriptomics,YHR218W.RNASeq,SVs,CNV_YGR296W_Cov11.75,7,1084864,4.05E-27,-0.3246959,0.0291245,0.10605987,Local
Transcriptomics,YHR218W.RNASeq,SVs,CNV_YEL075W-A_Cov3.25,5,4870,5.73E-25,-0.3114917,0.02928156,0.09558472,Distant
Transcriptomics,YHR218W.RNASeq,SVs,CNV_YBL113W-A_Cov1.75,2,646,7.45E-20,-0.2714288,0.02906156,0.07185294,Distant
Transcriptomics,YHR218W.RNASeq,SVs,CNV_YX01034_Cov9.75,17,533640,2.93E-19,0.25516721,0.02779798,0.05534596,Distant
Transcriptomics,YHR218W.RNASeq,SVs,CNV_YLL066W-B_Cov1.75,12,5605,5.69E-17,0.21185981,0.02480614,0.04268363,Distant
Transcriptomics,YHR218W.RNASeq,SVs,CNV_YLR466C-B_Cov0.75,12,1071594,9.00E-14,0.20071138,0.02649931,0.04053079,Distant
Transcriptomics,YHR218W.RNASeq,SVs,CNV_YNL338W_Cov1.75,14,6561,2.51E-12,0.16911332,0.02381267,0.01678439,Distant
Transcriptomics,YHR218W.RNASeq,SVs,CNV_YX01747_Cov1.25,9,1954,3.64E-07,0.14734433,0.02874774,0.02157117,Distant
Transcriptomics,YHR218W.RNASeq,SVs,CNV_YX01519_Cov0.75,8,1783,3.52E-06,0.16978811,0.03637892,0.01539873,Distant
Transcriptomics,YHR218W.RNASeq,SVs,CNV_YLR465C_Cov0.25,12,1067045,4.04E-06,-0.1363355,0.02939405,0.01556986,Distant
Transcriptomics,YHR219W.RNASeq,SVs,CNV_YEL074W_Cov9.25,5,6126,1.79E-31,0.32448317,0.02674334,0.09905399,Distant
Transcriptomics,YHR219W.RNASeq,SVs,CNV_YGR296W_Cov17.75,7,1084864,1.45E-25,0.31559651,0.02927187,0.08427069,Local
Transcriptomics,YHR219W.RNASeq,SVs,CNV_YEL075W-A_Cov3.25,5,4870,6.60E-24,-0.3104551,0.02991239,0.09489746,Distant
Transcriptomics,YHR219W.RNASeq,SVs,CNV_YX01034_Cov20.75,17,533640,4.82E-20,0.21480918,0.02287603,0.01049639,Distant
Transcriptomics,YHR219W.RNASeq,SVs,CNV_YBL113W-A_Cov2.25,2,646,1.29E-18,0.29451094,0.03271027,0.0870688,Distant
Transcriptomics,YHR219W.RNASeq,SVs,CNV_YLL066W-B_Cov4.25,12,5605,6.61E-16,0.22199983,0.02697627,0.01618904,Distant
Transcriptomics,YHR219W.RNASeq,SVs,CNV_YLR466C-B_Cov0.75,12,1071594,3.37E-14,0.20758196,0.02692724,0.04332932,Distant
Transcriptomics,YHR219W.RNASeq,SVs,CNV_YNL338W_Cov1.75,14,6561,3.84E-12,0.1706457,0.02424175,0.01708056,Distant
Transcriptomics,YHR219W.RNASeq,SVs,CNV_YX02565_Cov0.25,13,473,2.21E-09,0.17103438,0.02830028,0.01740649,Distant
Transcriptomics,YHR219W.RNASeq,SVs,CNV_YX01747_Cov1.25,9,1954,7.26E-09,0.17012305,0.02912596,0.02874053,Distant
Transcriptomics,YHR219W.RNASeq,SVs,CNV_YX00929_Cov0.75,4,1535038,1.45E-07,0.13068673,0.02465269,0.01001785,Distant
Transcriptomics,YHR219W.RNASeq,SVs,CNV_YX01519_Cov0.75,8,1783,6.62E-07,0.18549539,0.03703776,0.01836953,Distant
Transcriptomics,YHR219W.RNASeq,SVs,CNV_YLR465C_Cov0.25,12,1067045,2.28E-06,-0.1422752,0.02990195,0.01694675,Distant
Transcriptomics,YHR219W.RNASeq,SNPs,SNP_chromosome10_449403_G_A,10,449403,2.74E-06,-0.1990025,0.04216411,0.0260653,Distant
Transcriptomics,YIL007C.RNASeq,SNPs,SNP_chromosome15_922531_A_G,15,922531,2.01E-06,0.2449468,0.05120313,0.02401234,Distant
Transcriptomics,YIL010W.RNASeq,SNPs,SNP_chromosome15_126162_T_A,15,126162,3.55E-06,0.2731346,0.05854128,0.06957679,Distant
Proteomics,YIL010W.SMProt,SNPs,SNP_chromosome10_634370_A_G,10,634370,1.41E-06,0.27568863,0.05667127,0.01589779,Distant
Transcriptomics,YIL012W.RNASeq,INDELs,INDEL_chromosome1_119658,1,119658,3.71E-06,0.17364249,0.03729389,0.00732792,Distant
Transcriptomics,YIL012W.RNASeq,SNPs,SNP_chromosome14_556547_G_A,14,556547,6.86E-06,-0.2648315,0.05852741,0.06625258,Distant
Transcriptomics,YIL013C.RNASeq,SNPs,SNP_chromosome9_332503_C_G,9,332503,1.88E-06,0.34476124,0.07186391,0.05114221,Local
Transcriptomics,YIL013C.RNASeq,SNPs,SNP_chromosome4_456852_T_C,4,456852,2.06E-06,-0.1782497,0.03729868,0.01524189,Distant
Transcriptomics,YIL013C.RNASeq,SNPs,SNP_chromosome3_275765_C_T,3,275765,8.29E-06,0.17081242,0.03809643,0.01201756,Distant
Transcriptomics,YIL014W.RNASeq,SNPs,SNP_chromosome16_147862_A_G,16,147862,5.81E-06,0.27740795,0.06082557,0.06440274,Distant
Transcriptomics,YIL015W.RNASeq,SVs,CNV_YCL066W_Cov1.25,3,13282,1.37E-16,0.33121558,0.0392881,0.07562482,Distant
Transcriptomics,YIL015W.RNASeq,SVs,CNV_YX00433_Cov1.75,3,190232,1.17E-10,0.23203528,0.03558578,0.0442399,Distant
Transcriptomics,YIL015W.RNASeq,SVs,CNV_YX00455_Cov0.25,3,199369,6.42E-10,0.22250204,0.03561146,0.00891891,Distant
Transcriptomics,YIL015W.RNASeq,SNPs,SNP_chromosome13_806068_G_T,13,806068,1.38E-06,-0.3262957,0.06713511,0.09891684,Distant
Transcriptomics,YIL019W.RNASeq,SNPs,SNP_chromosome7_655851_C_T,7,655851,3.31E-06,0.18292752,0.0390855,0.0060946,Distant
Transcriptomics,YIL020C.RNASeq,SNPs,SNP_chromosome15_80451_A_G,15,80451,1.52E-07,0.2944726,0.05564202,0.04933547,Distant
Transcriptomics,YIL020C.RNASeq,SNPs,SNP_chromosome15_715193_G_A,15,715193,8.55E-07,-0.2933882,0.0591842,0.05636023,Distant
Transcriptomics,YIL022W.RNASeq,SNPs,SNP_chromosome7_327346_C_G,7,327346,4.90E-06,0.26509068,0.05766582,0.05475363,Distant
Proteomics,YIL022W.SCProt,SNPs,SNP_chromosome12_407581_A_G,12,407581,6.44E-06,0.19467676,0.04288501,0.00755418,Distant
Transcriptomics,YIL023C.RNASeq,SNPs,SNP_chromosome9_310160_T_C,9,310160,4.27E-08,0.36023006,0.06517544,0.09226862,Local
Transcriptomics,YIL027C.RNASeq,SNPs,SNP_chromosome9_304133_G_C,9,304133,2.26E-06,0.17249071,0.03624214,0.01633508,Local
Transcriptomics,YIL028W.RNASeq,SVs,CNV_YIL029C_Cov0.25,9,300829,3.89E-18,0.43705791,0.04926917,0.0908929,Local
Transcriptomics,YIL028W.RNASeq,SNPs,SNP_chromosome9_299047_G_A,9,299047,1.82E-06,0.36188569,0.07532113,0.10894792,Local
Transcriptomics,YIL028W.RNASeq,SNPs,SNP_chromosome5_347966_A_G,5,347966,5.47E-06,0.21884513,0.04785022,0.01134928,Distant
Transcriptomics,YIL029C.RNASeq,SVs,CNV_YIL029C_Cov0.75,9,300829,1.46E-13,-0.3144032,0.04177129,0.01912883,Local
Transcriptomics,YIL030C.RNASeq,SNPs,SNP_chromosome11_636315_A_G,11,636315,3.78E-06,-0.1961157,0.04215455,0.0090993,Distant
Transcriptomics,YIL031W.RNASeq,SNPs,SNP_chromosome3_43304_A_G,3,43304,2.61E-06,-0.2315917,0.04896597,0.03275625,Distant
Transcriptomics,YIL031W.RNASeq,SNPs,SNP_chromosome11_182950_T_G,11,182950,4.32E-06,-0.2724614,0.05892586,0.0612816,Distant
Transcriptomics,YIL035C.RNASeq,SNPs,SNP_chromosome9_281171_C_T,9,281171,3.95E-06,-0.2749294,0.0592141,0.05253583,Local
Transcriptomics,YIL037C.RNASeq,SNPs,SNP_chromosome16_542064_T_G,16,542064,7.94E-08,0.31987416,0.05908798,0.02922834,Distant
Transcriptomics,YIL037C.RNASeq,SNPs,SNP_chromosome3_93091_C_T,3,93091,3.88E-07,0.24210599,0.04735255,0.01199884,Distant
Transcriptomics,YIL037C.RNASeq,SNPs,SNP_chromosome14_578741_A_G,14,578741,4.98E-07,0.33440509,0.0660308,0.02162204,Distant
Transcriptomics,YIL037C.RNASeq,SNPs,SNP_chromosome7_80902_T_A,7,80902,7.04E-07,0.26951186,0.05394462,0.01273682,Distant
Transcriptomics,YIL037C.RNASeq,SNPs,SNP_chromosome2_774380_T_C,2,774380,1.02E-06,0.32444058,0.06591008,0.01993094,Distant
Transcriptomics,YIL037C.RNASeq,SNPs,SNP_chromosome8_463892_A_C,8,463892,3.41E-06,0.2894983,0.0619428,0.01862518,Distant
Transcriptomics,YIL037C.RNASeq,SNPs,SNP_chromosome8_241099_C_T,8,241099,3.81E-06,0.30202681,0.06494836,0.01922082,Distant
Transcriptomics,YIL037C.RNASeq,SNPs,SNP_chromosome11_483350_A_G,11,483350,4.53E-06,0.22458414,0.04867614,0.01333071,Distant
Transcriptomics,YIL037C.RNASeq,SNPs,SNP_chromosome3_256533_C_T,3,256533,5.28E-06,0.31262324,0.06824263,0.01906626,Distant
Transcriptomics,YIL037C.RNASeq,SNPs,SNP_chromosome7_544880_T_A,7,544880,5.32E-06,0.26115521,0.05702664,0.01864996,Distant
Transcriptomics,YIL043C.RNASeq,INDELs,INDEL_chromosome3_148918,3,148918,2.03E-06,-0.2391609,0.05001869,0.01116904,Distant
Transcriptomics,YIL043C.RNASeq,SNPs,SNP_chromosome3_148793_C_T,3,148793,2.03E-06,-0.2391609,0.05001869,0.01116904,Distant
Transcriptomics,YIL043C.RNASeq,SNPs,SNP_chromosome2_730060_T_C,2,730060,4.63E-06,-0.2421258,0.05253041,0.01438253,Distant
Proteomics,YIL043C.SMProt,SNPs,SNP_chromosome10_439215_T_C,10,439215,4.95E-07,-0.2656602,0.052357,0.01004089,Distant
Proteomics,YIL043C.SMProt,SNPs,SNP_chromosome15_953577_T_C,15,953577,2.48E-06,0.31337849,0.06600682,0.08606398,Distant
Transcriptomics,YIL045W.RNASeq,SNPs,SNP_chromosome5_480007_A_C,5,480007,2.77E-06,-0.2339113,0.04958341,0.01827689,Distant
Transcriptomics,YIL046W.RNASeq,SNPs,SNP_chromosome9_96985_T_C,9,96985,1.30E-06,0.31028403,0.06367378,0.04121151,Distant
Transcriptomics,YIL046W.RNASeq,SVs,CNV_YMR170C_Cov0.25,13,601562,4.42E-06,0.1841806,0.03987551,0.00797078,Distant
Transcriptomics,YIL051C.RNASeq,SNPs,SNP_chromosome15_176350_G_A,15,176350,1.55E-06,0.29245478,0.06045441,0.01653014,Distant
Transcriptomics,YIL051C.RNASeq,SNPs,SNP_chromosome13_286619_G_A,13,286619,3.40E-06,0.32597037,0.06973402,0.02165172,Distant
Proteomics,YIL053W.SCProt,SNPs,SNP_chromosome16_415596_A_G,16,415596,2.10E-06,-0.1848185,0.03870094,0.01542428,Distant
Proteomics,YIL053W.SCProt,SNPs,SNP_chromosome16_415343_G_A,16,415343,2.71E-06,0.23256243,0.04924097,0.0489736,Distant
Transcriptomics,YIL054W.RNASeq,SNPs,SNP_chromosome16_900919_C_T,16,900919,3.68E-06,0.20928718,0.0449319,0.00832902,Distant
Transcriptomics,YIL056W.RNASeq,SVs,CNV_YX03018_Cov0.25,15,2767,2.74E-06,0.17698306,0.03749875,0.0150591,Distant
Transcriptomics,YIL056W.RNASeq,SNPs,SNP_chromosome2_154331_C_T,2,154331,3.75E-06,-0.2134144,0.04585735,0.00953488,Distant
Transcriptomics,YIL057C.RNASeq,SNPs,SNP_chromosome16_300724_T_C,16,300724,1.54E-06,-0.2672019,0.05521983,0.04714971,Distant
Transcriptomics,YIL058W.RNASeq,SNPs,SNP_chromosome9_247681_T_C,9,247681,4.67E-16,0.44613672,0.05389526,0.14791046,Local
Transcriptomics,YIL058W.RNASeq,SVs,SV_3547_DEL_chromosome9_246219_len_-334_TyRelated,9,246219,2.17E-08,0.26779523,0.04739373,0.04815313,Local
Transcriptomics,YIL058W.RNASeq,SVs,CNV_YIL058W_Cov1.25,9,246914,1.39E-07,0.21347899,0.0402058,0.01126767,Local
Transcriptomics,YIL058W.RNASeq,SNPs,SNP_chromosome9_248247_A_G,9,248247,1.35E-06,0.23965026,0.04925444,0.02112664,Local
Transcriptomics,YIL060W.RNASeq,SNPs,SNP_chromosome9_247635_T_A,9,247635,1.62E-06,0.27530346,0.05702617,0.04586698,Local
Transcriptomics,YIL062C.RNASeq,SNPs,SNP_chromosome14_586872_T_C,14,586872,1.92E-06,-0.2804244,0.05850582,0.03378605,Distant
Proteomics,YIL062C.SCProt,SNPs,SNP_chromosome15_458922_C_T,15,458922,3.98E-06,0.19275036,0.04151861,0.00622589,Distant
Proteomics,YIL062C.SMProt,SVs,CNV_YLR154C-H_Cov84.75,12,468827,3.73E-06,-0.1609478,0.03452577,0.02372218,Distant
Transcriptomics,YIL063C.RNASeq,SNPs,SNP_chromosome9_395649_G_A,9,395649,1.52E-06,-0.1617603,0.03341408,0.00974171,Distant
Proteomics,YIL063C.SMProt,SNPs,SNP_chromosome15_1019470_T_C,15,1019470,5.64E-06,0.29113802,0.06365899,0.07312412,Distant
Transcriptomics,YIL064W.RNASeq,SNPs,SNP_chromosome11_328709_G_C,11,328709,6.19E-07,0.31185913,0.06210765,0.09110932,Distant
Transcriptomics,YIL065C.RNASeq,SNPs,SNP_chromosome9_241892_A_G,9,241892,1.56E-16,-0.5252457,0.06242702,0.22813347,Local
Transcriptomics,YIL065C.RNASeq,SNPs,SNP_chromosome9_250683_T_C,9,250683,2.83E-07,-0.279572,0.0540358,0.03958219,Local
Transcriptomics,YIL065C.RNASeq,SNPs,SNP_chromosome9_239011_A_G,9,239011,2.74E-06,-0.2649315,0.05612985,0.05620893,Local
Transcriptomics,YIL065C.RNASeq,SNPs,SNP_chromosome9_159008_C_T,9,159008,3.20E-06,-0.264445,0.05641506,0.02706465,Distant
Proteomics,YIL065C.SMProt,SNPs,SNP_chromosome9_241892_A_G,9,241892,4.67E-06,-0.3348526,0.07257769,0.09311441,Local
Transcriptomics,YIL066C.RNASeq,SNPs,SNP_chromosome2_292285_T_C,2,292285,4.36E-06,0.2912044,0.06300556,0.06536109,Distant
Transcriptomics,YIL067C.RNASeq,SNPs,SNP_chromosome15_132179_A_T,15,132179,2.70E-07,0.29707041,0.05731675,0.06265776,Distant
Transcriptomics,YIL068W-A.RNASeq,SNPs,SNP_chromosome9_233111_C_T,9,233111,1.78E-10,0.40878814,0.06333462,0.16399238,Local
Proteomics,YIL070C.SMProt,SNPs,SNP_chromosome13_313379_C_T,13,313379,1.20E-06,-0.2661942,0.05436349,0.0127647,Distant
Transcriptomics,YIL073C.RNASeq,SNPs,SNP_chromosome2_435279_G_C,2,435279,2.52E-06,-0.1451527,0.03064185,0.00555762,Distant
Proteomics,YIL076W.SCProt,SNPs,SNP_chromosome1_190025_C_T,1,190025,4.51E-07,-0.2261599,0.04447805,0.04287831,Distant
Proteomics,YIL076W.SCProt,SNPs,SNP_chromosome10_168672_G_A,10,168672,3.68E-06,-0.2947883,0.06327313,0.07966905,Distant
Transcriptomics,YIL078W.RNASeq,SVs,SV_4374_DEL_chromosome11_517455_len_-330_TyRelated,11,517455,4.15E-06,-0.1740092,0.03756357,0.01276698,Distant
Transcriptomics,YIL079C.RNASeq,SNPs,SNP_chromosome4_327242_G_A,4,327242,2.28E-06,0.29324569,0.06163955,0.0771857,Distant
Transcriptomics,YIL082W.RNASeq,SVs,CNV_YGR109W-B_Cov0.25,7,707610,8.79E-85,-0.5668273,0.02601376,0.39212602,Local
Transcriptomics,YIL082W.RNASeq,SNPs,SNP_chromosome16_64913_A_G,16,64913,3.28E-08,0.16914918,0.03034015,0.00566979,Distant
Transcriptomics,YIL082W.RNASeq,SNPs,SNP_chromosome1_166741_A_C,1,166741,2.23E-07,0.12898733,0.02471163,0.00354267,Distant
Transcriptomics,YIL082W.RNASeq,SNPs,SNP_chromosome4_281444_G_A,4,281444,2.52E-07,-0.3871305,0.07449736,0.04150738,Distant
Transcriptomics,YIL082W.RNASeq,SVs,SV_907_DUP_chromosome3_269960_len_117,3,269960,6.98E-07,0.14117143,0.02824819,0.01174743,Distant
Transcriptomics,YIL083C.RNASeq,SNPs,SNP_chromosome10_434858_A_G,10,434858,5.96E-06,-0.2318612,0.05090045,0.04730619,Distant
Transcriptomics,YIL085C.RNASeq,SVs,CNV_YIL059C_Cov0.75,9,246550,5.45E-06,-0.1601055,0.03500132,0.00699726,Distant
Transcriptomics,YIL086C.RNASeq,SNPs,SNP_chromosome9_200320_C_T,9,200320,1.02E-06,-0.282684,0.05742445,0.03682505,Local
Transcriptomics,YIL086C.RNASeq,SNPs,SNP_chromosome9_200457_T_C,9,200457,2.75E-06,-0.3124239,0.06620837,0.08860292,Local
Transcriptomics,YIL087C.RNASeq,SNPs,SNP_chromosome9_201167_C_G,9,201167,3.39E-10,-0.3956069,0.06228617,0.14086508,Local
Transcriptomics,YIL088C.RNASeq,SNPs,SNP_chromosome9_200428_A_C,9,200428,4.64E-10,0.36836476,0.05846159,0.10567143,Local
Transcriptomics,YIL088C.RNASeq,SNPs,SNP_chromosome9_190922_A_G,9,190922,6.75E-08,0.24961901,0.04585563,0.01961151,Local
Transcriptomics,YIL088C.RNASeq,SNPs,SNP_chromosome9_200298_G_A,9,200298,9.84E-08,0.3261583,0.06069542,0.06084763,Local
Transcriptomics,YIL088C.RNASeq,INDELs,INDEL_chromosome9_199527,9,199527,2.37E-06,0.29375912,0.06184942,0.0466679,Local
Transcriptomics,YIL089W.RNASeq,SNPs,SNP_chromosome9_195634_A_G,9,195634,2.40E-10,-0.4394525,0.06858944,0.16288812,Local
Transcriptomics,YIL089W.RNASeq,INDELs,INDEL_chromosome9_196249,9,196249,2.42E-09,-0.3910799,0.0648738,0.12437626,Local
Transcriptomics,YIL089W.RNASeq,SNPs,SNP_chromosome9_193744_A_G,9,193744,1.11E-06,-0.3068808,0.06256511,0.05320148,Local
Transcriptomics,YIL094C.RNASeq,SVs,CNV_YAR028W_Cov1.25,1,184892,1.63E-06,-0.1777363,0.03682369,0.00619193,Distant
Transcriptomics,YIL094C.RNASeq,SNPs,SNP_chromosome15_613096_G_A,15,613096,4.98E-06,-0.2927309,0.06372739,0.07831863,Distant
Transcriptomics,YIL095W.RNASeq,SVs,CNV_YIL098C_Cov1.25,9,179772,1.71E-11,0.33021101,0.04844332,0.03179691,Local
Transcriptomics,YIL095W.RNASeq,SVs,CNV_YIR020C-B_Cov0.75,9,397215,1.70E-06,0.19880412,0.04126071,0.01196276,Distant
Transcriptomics,YIL095W.RNASeq,SVs,CNV_YIR020C_Cov1.75,9,394255,5.63E-06,0.1833286,0.04014021,0.01029616,Distant
Transcriptomics,YIL095W.RNASeq,SNPs,SNP_chromosome15_994161_C_T,15,994161,5.81E-06,0.25752376,0.05646615,0.04696522,Distant
Transcriptomics,YIL096C.RNASeq,SVs,CNV_YIL098C_Cov1.25,9,179772,3.45E-07,0.26237579,0.05109072,0.02007471,Local
Transcriptomics,YIL096C.RNASeq,SVs,CNV_YIR020C-B_Cov0.75,9,397215,1.65E-06,0.20741961,0.0429937,0.01302207,Distant
Transcriptomics,YIL097W.RNASeq,SVs,CNV_YIL096C_Cov1.25,9,182117,1.92E-06,0.2226015,0.0464435,0.01626112,Local
Transcriptomics,YIL098C.RNASeq,SVs,CNV_YIL098C_Cov1.25,9,179772,3.85E-09,0.28604044,0.04807666,0.02385925,Local
Transcriptomics,YIL098C.RNASeq,SVs,CNV_YIR020C-B_Cov0.75,9,397215,2.84E-06,0.19177631,0.04069504,0.01113193,Distant
Transcriptomics,YIL101C.RNASeq,SNPs,SNP_chromosome9_177586_G_A,9,177586,6.17E-11,0.23659597,0.03573827,0.02610855,Local
Transcriptomics,YIL101C.RNASeq,SNPs,SNP_chromosome7_943177_A_G,7,943177,2.74E-07,0.16354504,0.03157188,0.00557701,Distant
Transcriptomics,YIL103W.RNASeq,SNPs,SNP_chromosome14_201039_T_C,14,201039,3.82E-06,-0.245435,0.05278507,0.01463157,Distant
Proteomics,YIL108W.SMProt,SNPs,SNP_chromosome4_935963_G_T,4,935963,7.62E-07,-0.2391842,0.04794849,0.01680981,Distant
Proteomics,YIL109C.SMProt,SNPs,SNP_chromosome16_861839_A_G,16,861839,1.67E-06,-0.2551344,0.05283369,0.02112658,Distant
Transcriptomics,YIL111W.RNASeq,SNPs,SNP_chromosome9_155792_G_A,9,155792,2.69E-08,0.23639571,0.04213327,0.0122189,Local
Transcriptomics,YIL112W.RNASeq,SNPs,SNP_chromosome8_463767_T_G,8,463767,2.32E-07,-0.216368,0.04151426,0.03837362,Distant
Transcriptomics,YIL115C.RNASeq,SNPs,SNP_chromosome14_354740_A_G,14,354740,1.38E-06,0.2712835,0.05580354,0.06621625,Distant
Proteomics,YIL116W.SCProt,SNPs,SNP_chromosome4_344722_G_A,4,344722,5.29E-06,0.2620717,0.05719958,0.01469961,Distant
Proteomics,YIL116W.SMProt,SNPs,SNP_chromosome9_142573_G_A,9,142573,2.12E-11,-0.5389748,0.07920905,0.10102306,Local
Proteomics,YIL116W.SMProt,SVs,CNV_YAR064W_Cov1.25,1,220198,5.88E-08,-0.3070922,0.05604458,0.0702233,Distant
Proteomics,YIL116W.SMProt,SVs,CNV_YHR213W-A_Cov1.25,8,540549,1.17E-06,-0.2616297,0.05336275,0.04679837,Distant
Proteomics,YIL116W.SMProt,SNPs,SNP_chromosome16_687260_G_A,16,687260,1.34E-06,-0.3247775,0.06663745,0.05672549,Distant
Proteomics,YIL116W.SMProt,SNPs,SNP_chromosome16_161445_C_T,16,161445,4.57E-06,-0.2733467,0.05918787,0.02053902,Distant
Transcriptomics,YIL117C.RNASeq,SNPs,SNP_chromosome16_662450_C_T,16,662450,3.14E-06,0.28812151,0.06141638,0.07516331,Distant
Transcriptomics,YIL118W.RNASeq,SNPs,SNP_chromosome7_655851_C_T,7,655851,2.67E-06,0.17896218,0.03787587,0.00583324,Distant
Transcriptomics,YIL118W.RNASeq,SNPs,SNP_chromosome16_277807_G_A,16,277807,3.60E-06,0.20490946,0.04394898,0.00730435,Distant
Transcriptomics,YIL118W.RNASeq,SNPs,SNP_chromosome5_115800_A_G,5,115800,3.67E-06,0.14966542,0.03212877,0.00413218,Distant
Transcriptomics,YIL118W.RNASeq,SVs,CNV_YX00913_Cov20.75,4,1496120,4.37E-06,0.1580694,0.03420381,0.02210035,Distant
Proteomics,YIL118W.SCProt,SNPs,SNP_chromosome15_702790_T_C,15,702790,1.60E-06,0.1859204,0.03848314,0.00722356,Distant
Proteomics,YIL118W.SCProt,SNPs,SNP_chromosome15_702754_A_G,15,702754,2.31E-06,0.19973314,0.04199342,0.02411828,Distant
Proteomics,YIL118W.SCProt,SNPs,SNP_chromosome14_639510_A_G,14,639510,4.02E-06,0.17709557,0.03816748,0.0120147,Distant
Proteomics,YIL118W.SCProt,SNPs,SNP_chromosome11_194575_C_T,11,194575,4.83E-06,0.25985292,0.05647627,0.06268159,Distant
Transcriptomics,YIL119C.RNASeq,SNPs,SNP_chromosome13_331334_A_G,13,331334,1.49E-11,-0.2691736,0.03936499,0.04339856,Distant
Transcriptomics,YIL119C.RNASeq,INDELs,INDEL_chromosome16_870388,16,870388,4.52E-06,0.19310852,0.04185085,0.0295403,Distant
Transcriptomics,YIL119C.RNASeq,SNPs,SNP_chromosome13_339328_G_A,13,339328,4.69E-06,-0.2285576,0.04961782,0.04565658,Distant
Transcriptomics,YIL119C.RNASeq,SNPs,SNP_chromosome12_973725_T_A,12,973725,5.75E-06,-0.2418972,0.05301476,0.01497185,Distant
Transcriptomics,YIL120W.RNASeq,INDELs,INDEL_chromosome9_136215,9,136215,1.21E-06,0.19547218,0.03998885,0.0335432,Local
Transcriptomics,YIL120W.RNASeq,SNPs,SNP_chromosome12_640496_C_T,12,640496,2.33E-06,-0.1739845,0.03660093,0.01208301,Distant
Transcriptomics,YIL120W.RNASeq,SNPs,SNP_chromosome9_136219_G_A,9,136219,2.47E-06,0.19188943,0.04047148,0.03372164,Local
Transcriptomics,YIL121W.RNASeq,INDELs,INDEL_chromosome9_132088,9,132088,6.34E-13,0.38396245,0.05259538,0.03091931,Local
Transcriptomics,YIL121W.RNASeq,SNPs,SNP_chromosome9_132678_T_C,9,132678,3.00E-11,0.35846667,0.05325332,0.02635678,Local
Transcriptomics,YIL121W.RNASeq,SNPs,SNP_chromosome9_129649_A_G,9,129649,1.94E-07,0.31515513,0.06007718,0.02223906,Local
Transcriptomics,YIL121W.RNASeq,SNPs,SNP_chromosome2_802857_G_A,2,802857,2.48E-06,-0.2034254,0.04291407,0.01400384,Distant
Transcriptomics,YIL122W.RNASeq,SNPs,SNP_chromosome13_296799_A_C,13,296799,5.11E-07,-0.2129482,0.04209069,0.03649467,Distant
Transcriptomics,YIL124W.RNASeq,SVs,CNV_YX02998_Cov1.25,14,784868,1.71E-06,0.16070222,0.03336163,0.00753088,Distant
Proteomics,YIL124W.SMProt,SVs,CNV_YAL066W_Cov2.25,1,10091,2.63E-06,-0.2129809,0.04497999,0.03431664,Distant
Proteomics,YIL126W.SMProt,SNPs,SNP_chromosome4_345016_G_A,4,345016,1.56E-06,0.2543812,0.05252247,0.01080986,Distant
Proteomics,YIL126W.SMProt,SNPs,SNP_chromosome7_907935_C_T,7,907935,3.71E-06,0.27777575,0.05957626,0.01095592,Distant
Transcriptomics,YIL128W.RNASeq,INDELs,INDEL_chromosome10_207815,10,207815,4.90E-06,-0.2556987,0.05562143,0.03621478,Distant
Transcriptomics,YIL132C.RNASeq,SNPs,SNP_chromosome11_125651_T_A,11,125651,9.07E-07,0.26444993,0.05347232,0.01730715,Distant
Proteomics,YIL133C.SCProt,SNPs,SNP_chromosome5_536228_A_G,5,536228,3.13E-07,-0.295677,0.05734606,0.02482503,Distant
Transcriptomics,YIL134C-A.RNASeq,SNPs,SNP_chromosome9_96860_G_A,9,96860,4.05E-08,-0.3009896,0.05436228,0.09241127,Local
Transcriptomics,YIL135C.RNASeq,SNPs,SNP_chromosome14_492375_A_G,14,492375,4.77E-06,-0.1590525,0.03455689,0.00808782,Distant
Proteomics,YIL138C.SCProt,SVs,CNV_YNL015W_Cov0.75,14,605384,1.33E-07,-0.1695551,0.03187594,0.02466412,Distant
Proteomics,YIL138C.SCProt,SVs,CNV_YGL024W_Cov0.75,7,449788,3.46E-07,-0.1665723,0.03242789,0.02738815,Distant
Proteomics,YIL138C.SCProt,SVs,CNV_YX01464_Cov1.25,7,941361,4.13E-07,-0.162863,0.0319221,0.01813749,Distant
Proteomics,YIL138C.SCProt,SVs,CNV_YIL002W-A_Cov0.75,9,350301,4.16E-07,0.15854037,0.0310833,0.02470458,Distant
Proteomics,YIL138C.SCProt,SVs,CNV_YMR057C_Cov0.75,13,388359,9.42E-07,-0.1706241,0.03454655,0.02047488,Distant
Proteomics,YIL138C.SCProt,SVs,CNV_YLR178C_Cov0.75,12,513162,1.28E-06,-0.1606015,0.03292514,0.02397641,Distant
Proteomics,YIL138C.SCProt,SVs,CNV_YBR031W_Cov1.75,2,300166,1.98E-06,-0.1612401,0.03367354,0.02433195,Distant
Proteomics,YIL138C.SCProt,SVs,CNV_YDR461C-A_Cov0.75,4,1385524,2.20E-06,-0.1551829,0.03255513,0.02373371,Distant
Proteomics,YIL138C.SCProt,SVs,CNV_YHR033W_Cov0.75,8,175548,2.70E-06,-0.1554712,0.03291233,0.02201833,Distant
Proteomics,YIL138C.SMProt,SNPs,SNP_chromosome10_553578_A_G,10,553578,6.76E-07,-0.2001831,0.03993899,0.03031531,Distant
Transcriptomics,YIL139C.RNASeq,SNPs,SNP_chromosome15_880210_C_T,15,880210,2.87E-06,0.31490191,0.06686151,0.02346354,Distant
Proteomics,YIL142W.SCProt,SVs,CNV_YJR034W_Cov0.75,10,496683,4.81E-06,-0.1544667,0.03356541,0.0139975,Distant
Proteomics,YIL142W.SMProt,SNPs,SNP_chromosome15_211464_T_G,15,211464,1.91E-06,0.17381409,0.03619813,0.00897678,Distant
Proteomics,YIL145C.SMProt,SNPs,SNP_chromosome2_528775_C_T,2,528775,2.32E-06,0.28984895,0.06087819,0.03151852,Distant
Transcriptomics,YIL149C.RNASeq,SNPs,SNP_chromosome11_378899_C_T,11,378899,4.33E-06,0.17405682,0.03764593,0.00733557,Distant
Transcriptomics,YIL151C.RNASeq,SNPs,SNP_chromosome16_422588_A_G,16,422588,1.93E-06,-0.312945,0.06530177,0.08254992,Distant
Transcriptomics,YIL157C.RNASeq,SNPs,SNP_chromosome9_47647_C_T,9,47647,3.90E-08,0.19624675,0.03540004,0.00851584,Local
Transcriptomics,YIL158W.RNASeq,SVs,SV_5244_DEL_chromosome13_600892_len_-698,13,600892,2.26E-06,-0.1926783,0.04047839,0.01336641,Distant
Transcriptomics,YIL160C.RNASeq,SNPs,SNP_chromosome9_40632_G_A,9,40632,4.22E-08,0.19999552,0.03617033,0.00834001,Local
Transcriptomics,YIL161W.RNASeq,SNPs,SNP_chromosome9_42601_C_T,9,42601,4.52E-25,-0.4068179,0.03815381,0.0338645,Local
Transcriptomics,YIL161W.RNASeq,SNPs,SNP_chromosome9_41157_A_G,9,41157,1.02E-22,-0.3823764,0.03792298,0.03434485,Local
Transcriptomics,YIL161W.RNASeq,SVs,CNV_YIL160C_Cov0.75,9,40191,8.99E-20,-0.3052845,0.03276329,0.02045718,Local
Transcriptomics,YIL161W.RNASeq,SNPs,SNP_chromosome9_41421_G_A,9,41421,2.83E-19,-0.293855,0.03199758,0.01677981,Local
Transcriptomics,YIL161W.RNASeq,SNPs,SNP_chromosome9_38140_T_A,9,38140,4.07E-18,-0.3652546,0.04120088,0.02850807,Local
Transcriptomics,YIL161W.RNASeq,SVs,CNV_YX01772_Cov0.25,9,13123,9.01E-17,-0.2949491,0.03476961,0.02342023,Distant
Transcriptomics,YIL161W.RNASeq,SVs,CNV_YIL167W_Cov0.75,9,29032,6.40E-16,-0.3120283,0.03789775,0.03778662,Local
Transcriptomics,YIL161W.RNASeq,SNPs,SNP_chromosome9_38818_C_T,9,38818,1.21E-15,-0.2858977,0.03507626,0.01413081,Local
Transcriptomics,YIL161W.RNASeq,SNPs,SNP_chromosome9_38939_A_G,9,38939,6.46E-15,-0.3750312,0.04728631,0.04677109,Local
Transcriptomics,YIL161W.RNASeq,SVs,CNV_YIL162W_Cov0.25,9,37385,3.24E-14,-0.2714243,0.03518554,0.01444015,Local
Transcriptomics,YIL161W.RNASeq,SNPs,SNP_chromosome9_42275_A_G,9,42275,2.05E-13,-0.3610913,0.04840577,0.06872185,Local
Transcriptomics,YIL161W.RNASeq,SNPs,SNP_chromosome9_47647_C_T,9,47647,2.42E-12,-0.2484851,0.03496257,0.01365285,Local
Transcriptomics,YIL161W.RNASeq,SVs,CNV_YX03060_Cov0.25,15,24910,1.58E-11,-0.2386827,0.03495401,0.02499159,Distant
Transcriptomics,YIL161W.RNASeq,SVs,CNV_YX01921_Cov0.25,10,12665,1.78E-11,-0.240242,0.03527597,0.0170441,Distant
Transcriptomics,YIL161W.RNASeq,SNPs,SNP_chromosome9_43753_C_A,9,43753,2.73E-11,-0.3060463,0.04536778,0.04181782,Local
Transcriptomics,YIL161W.RNASeq,SNPs,SNP_chromosome9_41980_A_G,9,41980,4.96E-08,-0.2339048,0.04252817,0.02827152,Local
Transcriptomics,YIL161W.RNASeq,SVs,CNV_YX01751_Cov0.75,9,2463,2.62E-07,-0.1801213,0.03471289,0.01621027,Distant
Transcriptomics,YIL161W.RNASeq,SNPs,SNP_chromosome9_37771_G_A,9,37771,3.30E-07,-0.2514982,0.04889013,0.04286227,Local
Transcriptomics,YIL161W.RNASeq,SVs,SV_3450_CONTR_chromosome9_25587_len_312,9,25587,1.25E-06,-0.1580945,0.03238582,0.0065914,Local
Transcriptomics,YIL161W.RNASeq,SVs,CNV_YX00190_Cov0.75,2,7469,2.06E-06,-0.1670499,0.03495685,0.0141163,Distant
Transcriptomics,YIL163C.RNASeq,SNPs,SNP_chromosome9_106841_G_A,9,106841,1.69E-06,0.25858333,0.05363794,0.03365827,Distant
Transcriptomics,YIL164C.RNASeq,SNPs,SNP_chromosome9_39289_T_C,9,39289,6.58E-07,0.25282343,0.05046519,0.06128275,Local
Transcriptomics,YIL164C.RNASeq,SNPs,SNP_chromosome3_106362_G_C,3,106362,3.82E-06,-0.2558242,0.05501329,0.05734344,Distant
Transcriptomics,YIL165C.RNASeq,SNPs,SNP_chromosome9_39289_T_C,9,39289,3.33E-06,0.26568346,0.05676571,0.06692732,Local
Transcriptomics,YIL166C.RNASeq,SVs,CNV_YIL167W_Cov0.25,9,29032,4.88E-09,-0.2291836,0.03877953,0.0136988,Local
Transcriptomics,YIL166C.RNASeq,SNPs,SNP_chromosome9_43753_C_A,9,43753,6.82E-08,-0.2582059,0.0474454,0.02985488,Local
Transcriptomics,YIL166C.RNASeq,SVs,CNV_YIL165C_Cov0.75,9,33718,1.69E-07,-0.185126,0.03511009,0.0070678,Local
Transcriptomics,YIL166C.RNASeq,SNPs,SNP_chromosome9_38467_T_C,9,38467,3.80E-06,-0.2604438,0.0559947,0.04184689,Local
Transcriptomics,YIL166C.RNASeq,SNPs,SNP_chromosome9_40928_G_A,9,40928,4.01E-06,-0.2597403,0.05597903,0.05023574,Local
Transcriptomics,YIL173W.RNASeq,SVs,CNV_YIL173W_Cov0.25,9,11492,2.47E-30,-0.5007992,0.04215074,0.25195026,Local
Transcriptomics,YIL173W.RNASeq,SVs,CNV_YX03059_Cov0.25,15,24281,1.48E-12,0.29526681,0.04113074,0.07384418,Distant
Transcriptomics,YIL173W.RNASeq,SNPs,SNP_chromosome14_750904_A_G,14,750904,2.63E-12,0.16703028,0.02354274,0.0111529,Distant
Transcriptomics,YIL173W.RNASeq,SVs,CNV_YOL159C_Cov1.75,15,17281,4.73E-09,-0.1593068,0.02693386,0.01914925,Distant
Transcriptomics,YIL173W.RNASeq,SVs,CNV_YX02530_Cov2.75,12,1027177,6.84E-09,0.16317546,0.02788781,0.01436088,Distant
Transcriptomics,YIL173W.RNASeq,SVs,CNV_YNR070W_Cov1.25,14,765375,7.58E-09,0.15696732,0.02690812,0.01598361,Distant
Transcriptomics,YIL173W.RNASeq,SVs,CNV_YX00515_Cov0.25,3,319458,5.40E-08,0.13899401,0.02534354,0.00828301,Distant
Transcriptomics,YIL173W.RNASeq,SVs,CNV_YX01911_Cov1.25,10,7589,5.56E-08,0.13887474,0.02534598,0.01389682,Distant
Transcriptomics,YIL173W.RNASeq,SNPs,SNP_chromosome14_751794_A_G,14,751794,7.72E-08,-0.1388188,0.02561837,0.00678412,Distant
Transcriptomics,YIL173W.RNASeq,SNPs,SNP_chromosome14_751457_T_C,14,751457,2.22E-07,0.16105183,0.03084919,0.00360683,Distant
Transcriptomics,YIL173W.RNASeq,SVs,CNV_YCR102C_Cov2.25,3,304361,2.96E-07,0.13124895,0.02540942,0.01019187,Distant
Transcriptomics,YIL173W.RNASeq,SVs,CNV_YX01914_Cov1.25,10,9204,1.06E-06,0.12972562,0.02639842,0.00835583,Distant
Transcriptomics,YIL173W.RNASeq,SVs,CNV_YX02557_Cov1.25,17,1093477,1.09E-06,0.14826181,0.03020712,0.01487977,Distant
Transcriptomics,YIL173W.RNASeq,SNPs,SNP_chromosome14_750833_A_G,14,750833,1.11E-06,-0.142664,0.02908568,0.01289646,Distant
Transcriptomics,YIL173W.RNASeq,SVs,CNV_YX03023_Cov1.75,17,7366,1.88E-06,-0.1371965,0.02859915,0.01235771,Distant
Transcriptomics,YIL173W.RNASeq,SNPs,SNP_chromosome14_751526_A_G,14,751526,3.29E-06,0.13845246,0.0295745,0.00342885,Distant
Transcriptomics,YIL173W.RNASeq,SVs,CNV_YCR102W-A_Cov2.75,3,306735,4.21E-06,0.11555024,0.02495973,0.0063767,Distant
Transcriptomics,YIL173W.RNASeq,SVs,CNV_YX02961_Cov1.25,14,754011,5.13E-06,0.09955574,0.02170263,0.0020207,Distant
Transcriptomics,YIL176C.RNASeq,SVs,CNV_YNR075W_Cov0.25,14,779916,4.40E-13,-0.354781,0.04825586,0.10704833,Distant
Transcriptomics,YIL176C.RNASeq,SVs,CNV_YEL073C_Cov2.25,5,7230,2.58E-07,-0.2192226,0.04222343,0.01239362,Distant
Transcriptomics,YIL177C.RNASeq,SVs,CNV_YEL075W-A_Cov3.25,5,4870,1.08E-23,-0.278861,0.02700667,0.07652556,Distant
Transcriptomics,YIL177C.RNASeq,SVs,CNV_YBL113W-A_Cov1.25,2,646,7.45E-23,-0.249166,0.02462861,0.05056543,Distant
Transcriptomics,YIL177C.RNASeq,SVs,CNV_YGR296W_Cov4.25,7,1084864,1.15E-22,-0.2628777,0.02610605,0.02539138,Local
Transcriptomics,YIL177C.RNASeq,SVs,CNV_YEL074W_Cov9.25,5,6126,4.57E-22,0.24426359,0.02462931,0.05610209,Distant
Transcriptomics,YIL177C.RNASeq,SVs,CNV_YX01034_Cov1.25,17,533640,6.04E-19,-0.2615399,0.02875991,0.02679494,Distant
Transcriptomics,YIL177C.RNASeq,SVs,CNV_YLL066W-B_Cov4.25,12,5605,7.10E-15,0.19214933,0.02426593,0.01212181,Distant
Transcriptomics,YIL177C.RNASeq,SVs,CNV_YLR465C_Cov0.25,12,1067045,3.80E-12,-0.1869637,0.02655357,0.02924939,Distant
Transcriptomics,YIL177C.RNASeq,SVs,CNV_YLR466C-B_Cov0.75,12,1071594,2.34E-11,0.16565574,0.02447169,0.0275797,Distant
Transcriptomics,YIL177C.RNASeq,SVs,CNV_YNL338W_Cov0.75,14,6561,8.65E-11,-0.1525283,0.02322365,0.02324507,Distant
Transcriptomics,YIL177C.RNASeq,SVs,CNV_YX01747_Cov1.25,9,1954,6.81E-09,0.15412744,0.02633745,0.02357774,Local
Transcriptomics,YIL177C.RNASeq,SVs,CNV_YX01830_Cov0.25,9,332956,4.36E-07,0.19440663,0.03819322,0.01322018,Distant
Transcriptomics,YIL177C.RNASeq,SNPs,SNP_chromosome4_593321_A_G,4,593321,7.71E-07,0.11454196,0.02301,0.00262806,Distant
Transcriptomics,YIL177C.RNASeq,SVs,CNV_YX00929_Cov0.75,4,1535038,9.66E-07,0.1107324,0.02244758,0.00718844,Distant
Transcriptomics,YIR001C.RNASeq,SNPs,SNP_chromosome8_519007_T_A,8,519007,2.69E-06,-0.203604,0.04310079,0.00808063,Distant
Transcriptomics,YIR001C.RNASeq,SNPs,SNP_chromosome13_667327_C_T,13,667327,3.55E-06,-0.1864451,0.03996546,0.00574322,Distant
Transcriptomics,YIR002C.RNASeq,SVs,CNV_YX00594_Cov0.25,4,46858,9.84E-08,0.17161789,0.03193624,0.00612021,Distant
Transcriptomics,YIR002C.RNASeq,SNPs,SNP_chromosome7_702109_A_G,7,702109,3.93E-07,0.29864268,0.05843522,0.06832863,Distant
Transcriptomics,YIR003W.RNASeq,SNPs,SNP_chromosome15_1040793_C_T,15,1040793,2.56E-07,0.23872532,0.04596631,0.01417032,Distant
Proteomics,YIR004W.SMProt,SNPs,SNP_chromosome9_394001_A_T,9,394001,5.44E-06,-0.1639639,0.03579162,0.00612019,Distant
Proteomics,YIR006C.SMProt,SNPs,SNP_chromosome8_53413_A_C,8,53413,1.46E-06,0.28002616,0.05765325,0.01718667,Distant
Transcriptomics,YIR007W.RNASeq,SNPs,SNP_chromosome14_231454_C_A,14,231454,2.55E-06,-0.2233009,0.04716397,0.04686811,Distant
Transcriptomics,YIR012W.RNASeq,SNPs,SNP_chromosome7_655851_C_T,7,655851,3.93E-07,0.19867755,0.0388787,0.00718927,Distant
Transcriptomics,YIR012W.RNASeq,SNPs,SNP_chromosome10_524477_G_A,10,524477,1.16E-06,0.28600316,0.05841187,0.04922005,Distant
Transcriptomics,YIR015W.RNASeq,INDELs,INDEL_chromosome9_382834,9,382834,1.25E-06,0.21319834,0.043674,0.03954489,Local
Transcriptomics,YIR016W.RNASeq,INDELs,INDEL_chromosome9_382834,9,382834,3.35E-14,0.33803812,0.04384628,0.0994155,Local
Transcriptomics,YIR016W.RNASeq,SVs,SV_3618_DEL_chromosome9_382842_len_-95,9,382842,4.01E-14,0.32404874,0.04216472,0.09416957,Local
Transcriptomics,YIR016W.RNASeq,SNPs,SNP_chromosome9_382792_T_C,9,382792,1.23E-06,-0.3156416,0.06462266,0.08614952,Local
Transcriptomics,YIR016W.RNASeq,SNPs,SNP_chromosome16_922958_T_A,16,922958,4.28E-06,-0.2189732,0.04733657,0.03678682,Distant
Transcriptomics,YIR016W.RNASeq,SNPs,SNP_chromosome12_398325_A_G,12,398325,6.68E-06,-0.1881377,0.04152758,0.02707248,Distant
Transcriptomics,YIR020C.RNASeq,SNPs,SNP_chromosome9_394846_T_C,9,394846,1.08E-16,-0.324999,0.03841766,0.05937157,Local
Transcriptomics,YIR020C.RNASeq,SNPs,SNP_chromosome9_394105_C_T,9,394105,4.18E-09,0.22414596,0.03776095,0.0220466,Local
Transcriptomics,YIR020C.RNASeq,SNPs,SNP_chromosome7_587240_A_G,7,587240,2.37E-06,-0.1919019,0.04039828,0.01445201,Distant
Transcriptomics,YIR020W-A.RNASeq,SVs,CNV_YIR020W-A_Cov1.25,9,394917,2.13E-09,0.26697266,0.04412714,0.02968876,Local
Transcriptomics,YIR021W.RNASeq,SVs,CNV_YIR020C-B_Cov0.75,9,397215,4.63E-11,0.26413262,0.03963081,0.02111663,Local
Transcriptomics,YIR021W.RNASeq,SVs,CNV_YIL098C_Cov1.25,9,179772,3.76E-09,0.28221765,0.04740086,0.02322577,Distant
Transcriptomics,YIR022W.RNASeq,SVs,CNV_YIL098C_Cov1.25,9,179772,3.24E-15,0.37662626,0.04694702,0.04136405,Distant
Transcriptomics,YIR022W.RNASeq,SVs,CNV_YIR020C-B_Cov0.75,9,397215,1.47E-11,0.27227744,0.03980783,0.02243901,Local
Transcriptomics,YIR023W.RNASeq,SVs,CNV_YIL098C_Cov1.25,9,179772,2.78E-15,0.39669451,0.04932446,0.04588959,Distant
Transcriptomics,YIR023W.RNASeq,SVs,CNV_YIR020C-B_Cov0.75,9,397215,3.32E-09,0.25176103,0.04213772,0.01918481,Local
Transcriptomics,YIR023W.RNASeq,SVs,CNV_YIR020W-A_Cov1.75,9,394917,2.21E-06,0.1752575,0.03678532,0.00602043,Local
Transcriptomics,YIR023W.RNASeq,INDELs,INDEL_chromosome7_412650,7,412650,2.22E-06,0.278151,0.05839448,0.01581817,Distant
Transcriptomics,YIR025W.RNASeq,SNPs,SNP_chromosome9_404489_T_C,9,404489,1.47E-06,-0.2500235,0.05157601,0.04721021,Local
Transcriptomics,YIR027C.RNASeq,SNPs,SNP_chromosome9_407554_G_T,9,407554,6.46E-18,0.47882823,0.05435701,0.13029409,Local
Transcriptomics,YIR027C.RNASeq,SNPs,SNP_chromosome9_410510_C_A,9,410510,2.46E-06,0.18287674,0.03856616,0.00986039,Local
Transcriptomics,YIR027C.RNASeq,INDELs,INDEL_chromosome4_163335,4,163335,4.00E-06,0.29792191,0.06420506,0.04512906,Distant
Transcriptomics,YIR028W.RNASeq,SNPs,SNP_chromosome9_408244_A_T,9,408244,1.10E-14,0.3671668,0.04671237,0.06342939,Local
Transcriptomics,YIR030C.RNASeq,SNPs,SNP_chromosome7_773198_A_G,7,773198,2.02E-06,-0.2664224,0.05570781,0.06458241,Distant
Transcriptomics,YIR031C.RNASeq,SNPs,SNP_chromosome9_414362_T_C,9,414362,4.30E-09,0.31456759,0.05303873,0.07168242,Local
Proteomics,YIR031C.SMProt,SNPs,SNP_chromosome9_409388_T_C,9,409388,2.20E-07,-0.4034893,0.0771247,0.15302386,Local
Transcriptomics,YIR032C.RNASeq,SNPs,SNP_chromosome16_553081_G_A,16,553081,6.75E-06,-0.3010535,0.0664841,0.07252172,Distant
Proteomics,YIR034C.SCProt,SNPs,SNP_chromosome16_41286_T_C,16,41286,3.42E-07,0.23136637,0.04502499,0.04312472,Distant
Proteomics,YIR034C.SMProt,SNPs,SNP_chromosome13_391574_G_A,13,391574,5.56E-06,0.20280946,0.04431814,0.0340694,Distant
Proteomics,YIR036C.SMProt,SVs,CNV_YIR036C_Cov1.25,9,422074,9.03E-07,0.2368997,0.04781577,0.01248002,Local
Proteomics,YIR036C.SMProt,SNPs,SNP_chromosome4_1127836_G_A,4,1127836,1.66E-06,-0.3026106,0.06264683,0.01215235,Distant
Transcriptomics,YIR037W.RNASeq,SVs,CNV_YIR036C_Cov1.25,9,422074,2.27E-08,0.22869386,0.04054057,0.01368564,Local
Transcriptomics,YIR037W.RNASeq,SNPs,SNP_chromosome14_735047_T_C,14,735047,2.88E-07,-0.309068,0.059771,0.07072939,Distant
Proteomics,YIR037W.SMProt,SVs,SV_887_INS_chromosome3_227808_len_328_TyRelated,3,227808,2.14E-06,-0.184993,0.03871866,0.00625046,Distant
Proteomics,YIR037W.SMProt,SNPs,SNP_chromosome3_24352_A_G,3,24352,4.25E-06,0.26302569,0.05676188,0.05706976,Distant
Transcriptomics,YIR038C.RNASeq,SNPs,SNP_chromosome9_425924_A_G,9,425924,7.49E-17,0.39087674,0.04595278,0.03038449,Local
Transcriptomics,YIR038C.RNASeq,INDELs,INDEL_chromosome9_426070,9,426070,7.94E-14,0.34683977,0.04568748,0.02568738,Local
Transcriptomics,YIR038C.RNASeq,SNPs,SNP_chromosome9_424855_G_T,9,424855,5.40E-08,0.32266592,0.05883511,0.0458603,Local
Transcriptomics,YIR038C.RNASeq,SNPs,SNP_chromosome16_478294_T_C,16,478294,5.61E-07,-0.2882319,0.05717919,0.02143942,Distant
Transcriptomics,YIR038C.RNASeq,SNPs,SNP_chromosome9_424438_A_G,9,424438,1.58E-06,0.24562346,0.05082371,0.03772372,Local
Transcriptomics,YIR038C.RNASeq,SVs,CNV_YIR036C_Cov1.25,9,422074,1.75E-06,0.19270289,0.04004406,0.00971701,Local
Proteomics,YIR038C.SMProt,SNPs,SNP_chromosome9_425254_G_A,9,425254,8.86E-15,0.40524263,0.05116592,0.03074515,Local
Proteomics,YIR038C.SMProt,INDELs,INDEL_chromosome9_426070,9,426070,3.44E-13,0.39823364,0.05372355,0.03261162,Local
Proteomics,YIR038C.SMProt,SNPs,SNP_chromosome9_424642_C_T,9,424642,8.44E-09,0.4428056,0.07598282,0.16949127,Local
Proteomics,YIR038C.SMProt,SNPs,SNP_chromosome9_424855_G_T,9,424855,1.29E-08,0.37352703,0.06492799,0.05479974,Local
Proteomics,YIR038C.SMProt,SNPs,SNP_chromosome16_157696_G_A,16,157696,1.89E-07,0.42526199,0.08084059,0.07239439,Distant
Proteomics,YIR038C.SMProt,SNPs,SNP_chromosome9_427600_T_C,9,427600,2.75E-07,0.33254421,0.06409133,0.07628736,Local
Proteomics,YIR038C.SMProt,SNPs,SNP_chromosome2_703162_T_C,2,703162,1.00E-06,0.30637345,0.06210733,0.02675927,Distant
Proteomics,YIR038C.SMProt,SNPs,SNP_chromosome10_181322_G_A,10,181322,1.08E-06,0.39636683,0.0805851,0.03275776,Distant
Proteomics,YIR038C.SMProt,SNPs,SNP_chromosome6_175923_G_A,6,175923,2.90E-06,-0.3433777,0.07282735,0.02446267,Distant
Proteomics,YIR038C.SMProt,SNPs,SNP_chromosome4_1127836_G_A,4,1127836,5.63E-06,-0.2987218,0.06531215,0.01199735,Distant
Transcriptomics,YIR039C.RNASeq,SVs,CNV_YIR042C_Cov0.25,9,435273,6.66E-15,-0.3133009,0.03943607,0.09388029,Local
Transcriptomics,YIR039C.RNASeq,SNPs,SNP_chromosome9_431302_T_A,9,431302,1.63E-07,-0.2641393,0.04998662,0.058742,Local
Transcriptomics,YIR039C.RNASeq,SNPs,SNP_chromosome9_425822_G_A,9,425822,4.05E-07,-0.1949638,0.03815709,0.02009051,Local
Transcriptomics,YJL002C.RNASeq,SNPs,SNP_chromosome12_399187_C_T,12,399187,3.94E-07,0.27151428,0.05313273,0.02338758,Distant
Transcriptomics,YJL002C.RNASeq,SNPs,SNP_chromosome10_433178_T_A,10,433178,6.60E-07,-0.1803118,0.0359993,0.00892027,Local
Transcriptomics,YJL010C.RNASeq,SNPs,SNP_chromosome7_655851_C_T,7,655851,1.46E-06,0.19020423,0.03922531,0.00658912,Distant
Transcriptomics,YJL011C.RNASeq,SNPs,SNP_chromosome10_414241_T_C,10,414241,2.34E-07,0.19483029,0.03739495,0.0191722,Local
Transcriptomics,YJL013C.RNASeq,SNPs,SNP_chromosome2_198110_A_G,2,198110,2.84E-07,-0.1819793,0.03517639,0.00911743,Distant
Proteomics,YJL014W.SCProt,SNPs,SNP_chromosome10_631982_T_C,10,631982,2.51E-06,-0.2894186,0.06106995,0.07860955,Distant
Proteomics,YJL014W.SMProt,SVs,CNV_YX02837_Cov0.25,14,5522,1.29E-06,-0.2128907,0.04360809,0.0078489,Distant
Transcriptomics,YJL016W.RNASeq,SNPs,SNP_chromosome4_458153_A_T,4,458153,2.35E-06,0.1938691,0.04079916,0.03065457,Distant
Transcriptomics,YJL019W.RNASeq,SNPs,SNP_chromosome6_245724_A_G,6,245724,4.34E-06,-0.1796661,0.03886212,0.00679464,Distant
Proteomics,YJL020C.SCProt,SNPs,SNP_chromosome2_238224_T_A,2,238224,7.89E-07,0.25348269,0.05095658,0.02125199,Distant
Transcriptomics,YJL026W.RNASeq,SNPs,SNP_chromosome13_370963_A_G,13,370963,1.62E-07,0.20441944,0.03871307,0.00704014,Distant
Proteomics,YJL026W.SCProt,SNPs,SNP_chromosome5_393626_C_T,5,393626,9.65E-07,0.17992008,0.036464,0.00822867,Distant
Proteomics,YJL026W.SCProt,SNPs,SNP_chromosome6_48886_G_A,6,48886,5.12E-06,0.29898407,0.06515641,0.02025915,Distant
Proteomics,YJL026W.SCProt,SNPs,SNP_chromosome7_907935_C_T,7,907935,6.77E-06,0.28329239,0.06255505,0.01478311,Distant
Transcriptomics,YJL032W.RNASeq,SNPs,SNP_chromosome16_565078_G_A,16,565078,4.83E-06,-0.1647762,0.03582007,0.00931437,Distant
Transcriptomics,YJL032W.RNASeq,SNPs,SNP_chromosome7_479253_C_T,7,479253,1.26E-05,-0.2561887,0.05833707,0.016151,Distant
Transcriptomics,YJL032W.RNASeq,SNPs,SNP_chromosome6_208427_A_T,6,208427,1.28E-05,0.21441417,0.04885419,0.04148128,Distant
Transcriptomics,YJL033W.RNASeq,SNPs,SNP_chromosome7_655851_C_T,7,655851,8.82E-07,0.18742494,0.03785543,0.00639797,Distant
Transcriptomics,YJL034W.RNASeq,SNPs,SNP_chromosome2_214801_G_A,2,214801,1.43E-06,0.28116808,0.0579323,0.07147645,Distant
Transcriptomics,YJL035C.RNASeq,SNPs,SNP_chromosome10_380729_A_G,10,380729,2.14E-11,-0.4427123,0.0652663,0.16160235,Local
Transcriptomics,YJL035C.RNASeq,INDELs,INDEL_chromosome10_374280,10,374280,2.52E-09,-0.403575,0.06702601,0.14022354,Local
Transcriptomics,YJL035C.RNASeq,SNPs,SNP_chromosome10_380913_A_T,10,380913,6.13E-09,0.20644135,0.03516749,0.02288377,Local
Transcriptomics,YJL035C.RNASeq,SNPs,SNP_chromosome10_380369_G_A,10,380369,4.32E-08,-0.1940793,0.03512628,0.00760585,Local
Transcriptomics,YJL036W.RNASeq,SNPs,SNP_chromosome11_493599_T_A,11,493599,3.77E-06,0.27381693,0.0588499,0.03001679,Distant
Transcriptomics,YJL041W.RNASeq,SNPs,SNP_chromosome10_330050_A_G,10,330050,1.37E-07,0.22326308,0.04202864,0.0316933,Distant
Transcriptomics,YJL043W.RNASeq,SNPs,SNP_chromosome3_212180_C_T,3,212180,3.91E-06,0.29263248,0.06299991,0.02505411,Distant
Transcriptomics,YJL044C.RNASeq,SNPs,SNP_chromosome12_419189_C_A,12,419189,9.88E-07,0.27797887,0.05640325,0.01736396,Distant
Transcriptomics,YJL045W.RNASeq,SNPs,SNP_chromosome7_167895_T_C,7,167895,1.41E-06,-0.2023525,0.04167096,0.03461445,Distant
Transcriptomics,YJL045W.RNASeq,SVs,CNV_YDR484W_Cov1.25,4,1422763,2.89E-06,0.15590803,0.0331115,0.00608377,Distant
Transcriptomics,YJL047C-A.RNASeq,SNPs,SNP_chromosome10_345365_C_T,10,345365,1.52E-06,0.26530464,0.05480618,0.05677902,Local
Transcriptomics,YJL047C-A.RNASeq,SNPs,SNP_chromosome10_349384_C_T,10,349384,1.60E-06,0.22988883,0.04758672,0.03107475,Local
Transcriptomics,YJL047C-A.RNASeq,SNPs,SNP_chromosome4_867989_A_G,4,867989,1.79E-06,0.2146204,0.04464499,0.04095705,Distant
Transcriptomics,YJL047C-A.RNASeq,SNPs,SNP_chromosome10_348976_A_G,10,348976,3.59E-06,0.2833596,0.06076356,0.06105245,Local
Transcriptomics,YJL047C.RNASeq,SNPs,SNP_chromosome10_350651_G_A,10,350651,1.61E-06,0.2511299,0.05199358,0.05620272,Local
Transcriptomics,YJL047C.RNASeq,SNPs,SNP_chromosome10_348976_A_G,10,348976,2.05E-06,0.28903102,0.06046253,0.06312935,Local
Transcriptomics,YJL047C.RNASeq,SNPs,SNP_chromosome7_53416_T_G,7,53416,4.97E-06,-0.1577638,0.03433929,0.00965456,Distant
Transcriptomics,YJL048C.RNASeq,SNPs,SNP_chromosome10_348957_C_T,10,348957,7.47E-13,0.44607099,0.06130004,0.18240579,Local
Transcriptomics,YJL049W.RNASeq,SNPs,SNP_chromosome4_357312_T_C,4,357312,6.56E-07,-0.1970402,0.03933029,0.02451559,Distant
Transcriptomics,YJL049W.RNASeq,SNPs,SNP_chromosome7_933345_G_C,7,933345,1.12E-06,-0.1707614,0.03482176,0.00989235,Distant
Transcriptomics,YJL049W.RNASeq,SNPs,SNP_chromosome11_358079_A_G,11,358079,2.20E-06,0.21706068,0.04554736,0.01491981,Distant
Transcriptomics,YJL051W.RNASeq,SVs,SV_5244_DEL_chromosome13_600892_len_-698,13,600892,4.01E-07,-0.2100333,0.04113202,0.01588273,Distant
Proteomics,YJL052W.SCProt,SNPs,SNP_chromosome14_151081_G_C,14,151081,5.97E-07,0.21029446,0.04180987,0.00866522,Distant
Proteomics,YJL052W.SCProt,SNPs,SNP_chromosome13_330956_C_G,13,330956,2.48E-06,0.18773681,0.03959654,0.01916436,Distant
Transcriptomics,YJL055W.RNASeq,SNPs,SNP_chromosome15_238720_C_T,15,238720,2.14E-06,-0.2008627,0.04209769,0.00727991,Distant
Transcriptomics,YJL055W.RNASeq,SNPs,SNP_chromosome14_254495_T_C,14,254495,3.01E-06,0.24888877,0.05295141,0.053901,Distant
Proteomics,YJL055W.SCProt,SNPs,SNP_chromosome10_333075_A_G,10,333075,7.84E-07,0.28351035,0.05697818,0.07270073,Local
Proteomics,YJL055W.SMProt,SNPs,SNP_chromosome10_334291_T_C,10,334291,1.73E-12,0.47004894,0.06547458,0.19758902,Local
Proteomics,YJL055W.SMProt,SNPs,SNP_chromosome10_332597_G_A,10,332597,7.20E-09,0.39945887,0.06822302,0.11524161,Local
Proteomics,YJL055W.SMProt,SNPs,SNP_chromosome15_642679_T_C,15,642679,2.14E-06,0.31690596,0.06632326,0.05720962,Distant
Transcriptomics,YJL056C.RNASeq,SNPs,SNP_chromosome12_995857_T_C,12,995857,1.14E-06,-0.3037937,0.06200403,0.08714511,Distant
Transcriptomics,YJL057C.RNASeq,SNPs,SNP_chromosome15_874326_C_A,15,874326,1.76E-06,-0.1963543,0.04081517,0.0241489,Distant
Transcriptomics,YJL057C.RNASeq,SNPs,SNP_chromosome15_873940_T_C,15,873940,3.60E-06,-0.1635672,0.03508334,0.00969575,Distant
Proteomics,YJL060W.SMProt,SNPs,SNP_chromosome15_758119_T_C,15,758119,3.74E-07,0.25089498,0.04891594,0.03081285,Distant
Proteomics,YJL060W.SMProt,SNPs,SNP_chromosome12_704386_C_G,12,704386,1.57E-06,-0.3525872,0.07280843,0.12171763,Distant
Proteomics,YJL060W.SMProt,SNPs,SNP_chromosome11_410974_C_G,11,410974,2.39E-06,-0.2253994,0.04739968,0.0071067,Distant
Transcriptomics,YJL063C.RNASeq,SNPs,SNP_chromosome15_675251_C_A,15,675251,5.07E-06,0.23784858,0.05182131,0.0122835,Distant
Transcriptomics,YJL067W.RNASeq,INDELs,INDEL_chromosome10_332667,10,332667,6.27E-07,0.30430244,0.06063076,0.04524879,Local
Transcriptomics,YJL068C.RNASeq,SNPs,SNP_chromosome10_305909_T_C,10,305909,2.32E-07,0.29794489,0.05716262,0.05221339,Local
Transcriptomics,YJL068C.RNASeq,SNPs,SNP_chromosome10_313850_G_T,10,313850,3.62E-07,0.29015585,0.05660168,0.05408459,Local
Transcriptomics,YJL068C.RNASeq,SNPs,SNP_chromosome10_313175_G_A,10,313175,5.88E-07,0.19375286,0.03850801,0.00656569,Local
Transcriptomics,YJL068C.RNASeq,INDELs,INDEL_chromosome10_332667,10,332667,6.34E-07,0.28156746,0.0561251,0.03874013,Local
Transcriptomics,YJL068C.RNASeq,SNPs,SNP_chromosome10_313498_G_A,10,313498,2.70E-06,0.19877449,0.04209065,0.01200226,Local
Proteomics,YJL068C.SMProt,SNPs,SNP_chromosome10_313498_G_A,10,313498,8.47E-09,0.30285631,0.05197482,0.02716144,Local
Transcriptomics,YJL070C.RNASeq,SNPs,SNP_chromosome10_311071_G_A,10,311071,4.09E-10,-0.2254282,0.03566148,0.01694907,Local
Transcriptomics,YJL074C.RNASeq,SVs,SV_5244_DEL_chromosome13_600892_len_-698,13,600892,1.77E-06,-0.1983925,0.04124346,0.01417097,Distant
Transcriptomics,YJL074C.RNASeq,SNPs,SNP_chromosome16_768715_G_A,16,768715,1.91E-06,0.26914736,0.05613499,0.04506656,Distant
Transcriptomics,YJL074C.RNASeq,SNPs,SNP_chromosome4_553497_G_A,4,553497,2.37E-06,0.20765424,0.04372068,0.01149434,Distant
Transcriptomics,YJL075C.RNASeq,SNPs,SNP_chromosome10_298915_C_T,10,298915,1.62E-10,0.25731522,0.03977706,0.04059665,Local
Transcriptomics,YJL076W.RNASeq,SNPs,SNP_chromosome10_330050_A_G,10,330050,3.37E-06,0.21223872,0.04538241,0.02864065,Distant
Proteomics,YJL076W.SMProt,SNPs,SNP_chromosome5_85771_T_C,5,85771,1.76E-06,0.27645835,0.05737022,0.01794147,Distant
Proteomics,YJL076W.SMProt,SVs,CNV_YEL072W_Cov1.75,5,13720,2.85E-06,0.21067503,0.04464962,0.01203828,Distant
Proteomics,YJL076W.SMProt,SNPs,SNP_chromosome7_907935_C_T,7,907935,3.00E-06,0.28716652,0.06099637,0.01151751,Distant
Transcriptomics,YJL077C.RNASeq,SNPs,SNP_chromosome10_294578_A_T,10,294578,2.93E-10,0.32037561,0.05025711,0.09286985,Local
Transcriptomics,YJL077C.RNASeq,SNPs,SNP_chromosome10_294332_CT_TT,10,294332,1.55E-08,0.21125009,0.03700274,0.03101226,Local
Transcriptomics,YJL077C.RNASeq,SNPs,SNP_chromosome10_294549_T_G,10,294549,2.78E-08,-0.3619795,0.06458974,0.11058428,Local
Transcriptomics,YJL077W-B.RNASeq,SNPs,SNP_chromosome10_291405_G_A,10,291405,7.89E-07,0.23206046,0.04666083,0.04564573,Local
Transcriptomics,YJL077W-B.RNASeq,SNPs,SNP_chromosome7_999491_T_C,7,999491,3.05E-06,-0.2181619,0.04644643,0.00903743,Distant
Proteomics,YJL080C.SMProt,SNPs,SNP_chromosome10_287737_C_T,10,287737,1.30E-06,-0.1928098,0.03950618,0.02439265,Local
Proteomics,YJL081C.SMProt,SNPs,SNP_chromosome10_218107_G_A,10,218107,4.28E-06,-0.3041169,0.06565054,0.07248597,Distant
Transcriptomics,YJL082W.RNASeq,SNPs,SNP_chromosome2_198110_A_G,2,198110,1.50E-06,-0.1687624,0.03483569,0.00784115,Distant
Transcriptomics,YJL082W.RNASeq,SNPs,SNP_chromosome15_873940_T_C,15,873940,1.78E-06,-0.1653666,0.0343837,0.00991026,Distant
Transcriptomics,YJL083W.RNASeq,SNPs,SNP_chromosome3_65398_G_A,3,65398,8.30E-07,0.24926345,0.05022216,0.01702572,Distant
Proteomics,YJL088W.SMProt,SNPs,SNP_chromosome16_160376_G_A,16,160376,6.38E-07,-0.3006691,0.05985045,0.02634837,Distant
Proteomics,YJL088W.SMProt,SNPs,SNP_chromosome16_157696_G_A,16,157696,1.98E-06,-0.3851366,0.0803365,0.05934692,Distant
Transcriptomics,YJL089W.RNASeq,SNPs,SNP_chromosome16_377196_T_C,16,377196,2.12E-06,-0.2004271,0.04199035,0.00700833,Distant
Transcriptomics,YJL092W.RNASeq,SNPs,SNP_chromosome10_704535_G_A,10,704535,4.40E-06,0.20983995,0.04541987,0.00881633,Distant
Transcriptomics,YJL094C.RNASeq,INDELs,INDEL_chromosome10_256956,10,256956,1.75E-12,0.42664259,0.05963147,0.04431644,Local
Transcriptomics,YJL094C.RNASeq,SNPs,SNP_chromosome10_260155_T_C,10,260155,1.80E-10,0.36492015,0.05655585,0.02801936,Local
Transcriptomics,YJL094C.RNASeq,SNPs,SNP_chromosome10_234043_T_C,10,234043,3.13E-08,0.27694254,0.04960267,0.01332589,Local
Transcriptomics,YJL094C.RNASeq,SNPs,SNP_chromosome10_254983_G_A,10,254983,9.22E-08,0.35313638,0.06556851,0.03863209,Local
Transcriptomics,YJL094C.RNASeq,SNPs,SNP_chromosome10_254540_G_A,10,254540,2.22E-07,0.27424988,0.0525346,0.01733726,Local
Transcriptomics,YJL094C.RNASeq,SNPs,SNP_chromosome10_255538_T_C,10,255538,6.21E-07,0.25827462,0.05144252,0.01342623,Local
Transcriptomics,YJL094C.RNASeq,INDELs,INDEL_chromosome15_55417,15,55417,2.05E-06,0.3711355,0.07764238,0.0317596,Distant
Transcriptomics,YJL094C.RNASeq,SNPs,SNP_chromosome3_65398_G_A,3,65398,4.36E-06,0.23940991,0.0517984,0.01570625,Distant
Transcriptomics,YJL096W.RNASeq,SNPs,SNP_chromosome14_254474_C_T,14,254474,4.22E-07,0.2903193,0.05696281,0.06812982,Distant
Transcriptomics,YJL097W.RNASeq,SNPs,SNP_chromosome10_265456_A_T,10,265456,2.75E-07,0.26589301,0.05133871,0.05493976,Local
Transcriptomics,YJL098W.RNASeq,SNPs,SNP_chromosome7_655851_C_T,7,655851,1.69E-06,0.18747814,0.03889718,0.0064016,Distant
Transcriptomics,YJL101C.RNASeq,SNPs,SNP_chromosome14_424418_T_C,14,424418,1.13E-07,0.38174117,0.07138094,0.12428008,Distant
Transcriptomics,YJL101C.RNASeq,SNPs,SNP_chromosome14_428364_C_T,14,428364,1.36E-06,0.31773829,0.06531853,0.06281492,Distant
Transcriptomics,YJL106W.RNASeq,SNPs,SNP_chromosome15_373970_A_C,15,373970,1.18E-06,-0.2944602,0.06019537,0.0557662,Distant
Transcriptomics,YJL108C.RNASeq,INDELs,INDEL_chromosome4_275108,4,275108,3.53E-06,-0.2035837,0.04362596,0.03596409,Distant
Transcriptomics,YJL109C.RNASeq,SNPs,SNP_chromosome7_655851_C_T,7,655851,5.02E-06,0.17878641,0.03893354,0.00582179,Distant
Proteomics,YJL111W.SMProt,SNPs,SNP_chromosome9_336289_A_G,9,336289,6.55E-08,-0.3557263,0.0651566,0.10394863,Distant
Proteomics,YJL111W.SMProt,SNPs,SNP_chromosome7_414872_C_T,7,414872,1.81E-06,-0.2867576,0.05958632,0.03701633,Distant
Transcriptomics,YJL112W.RNASeq,SVs,CNV_YER011W_Cov0.75,5,175248,2.69E-06,-0.1455813,0.03082043,0.00423767,Distant
Transcriptomics,YJL115W.RNASeq,SNPs,SNP_chromosome12_1001139_A_G,12,1001139,9.97E-07,-0.283617,0.05757,0.07000291,Distant
Proteomics,YJL115W.SMProt,SNPs,SNP_chromosome4_1296045_T_A,4,1296045,3.83E-06,-0.3702879,0.07952617,0.1222054,Distant
Transcriptomics,YJL117W.RNASeq,SNPs,SNP_chromosome10_192453_A_T,10,192453,6.28E-24,-0.3901612,0.0375728,0.03313197,Local
Transcriptomics,YJL117W.RNASeq,SNPs,SNP_chromosome10_192746_G_A,10,192746,2.06E-07,-0.1985488,0.03792658,0.02291939,Local
Transcriptomics,YJL121C.RNASeq,SNPs,SNP_chromosome3_235645_T_C,3,235645,1.39E-06,0.32365172,0.06660608,0.05290972,Distant
Transcriptomics,YJL124C.RNASeq,SVs,CNV_YJR157W_Cov2.25,10,730515,1.31E-06,0.16337153,0.03353673,0.00698408,Distant
Transcriptomics,YJL130C.RNASeq,SNPs,SNP_chromosome7_655851_C_T,7,655851,6.44E-08,0.21113081,0.03872487,0.00811877,Distant
Transcriptomics,YJL133W.RNASeq,SNPs,SNP_chromosome10_161104_C_G,10,161104,1.24E-07,0.20422698,0.03831138,0.02615604,Local
Transcriptomics,YJL134W.RNASeq,SVs,SV_5244_DEL_chromosome13_600892_len_-698,13,600892,5.23E-08,-0.228544,0.0416286,0.01880566,Distant
Proteomics,YJL136C.SMProt,SNPs,SNP_chromosome16_538784_A_G,16,538784,3.58E-06,-0.1895765,0.04058999,0.01793297,Distant
Transcriptomics,YJL140W.RNASeq,SNPs,SNP_chromosome10_152412_C_G,10,152412,1.31E-06,0.31232282,0.06410614,0.08604896,Local
Transcriptomics,YJL140W.RNASeq,SNPs,SNP_chromosome4_471249_T_C,4,471249,1.86E-06,0.23763126,0.04950357,0.05034256,Distant
Transcriptomics,YJL142C.RNASeq,SNPs,SNP_chromosome10_81758_G_A,10,81758,3.41E-06,0.30223469,0.06453315,0.04751637,Distant
Transcriptomics,YJL144W.RNASeq,SNPs,SNP_chromosome10_147612_T_C,10,147612,3.35E-06,-0.2994888,0.06402956,0.08190489,Local
Transcriptomics,YJL145W.RNASeq,SNPs,SNP_chromosome10_145040_T_C,10,145040,1.41E-09,0.30444169,0.04976117,0.02050443,Local
Transcriptomics,YJL145W.RNASeq,SNPs,SNP_chromosome10_144368_G_A,10,144368,2.74E-06,-0.2964444,0.06280667,0.06751458,Local
Transcriptomics,YJL145W.RNASeq,SNPs,SNP_chromosome7_291088_C_G,7,291088,3.56E-06,0.26014623,0.05576774,0.04541143,Distant
Transcriptomics,YJL145W.RNASeq,SNPs,SNP_chromosome10_145124_C_T,10,145124,4.07E-06,0.2624508,0.0566065,0.03543014,Local
Transcriptomics,YJL145W.RNASeq,SNPs,SNP_chromosome10_204825_T_A,10,204825,4.97E-06,-0.3114556,0.06779742,0.08927856,Distant
Transcriptomics,YJL145W.RNASeq,INDELs,INDEL_chromosome10_145102,10,145102,1.06E-05,0.24134714,0.05447576,0.02816062,Local
Transcriptomics,YJL145W.RNASeq,SNPs,SNP_chromosome2_119039_G_A,2,119039,1.09E-05,0.23280808,0.05261836,0.00987931,Distant
Proteomics,YJL145W.SMProt,SNPs,SNP_chromosome10_145040_T_C,10,145040,1.50E-10,0.37066715,0.0570319,0.02963672,Local
Proteomics,YJL145W.SMProt,SNPs,SNP_chromosome4_1163128_T_C,4,1163128,1.85E-07,0.34021292,0.06462104,0.02539694,Distant
Proteomics,YJL145W.SMProt,SNPs,SNP_chromosome10_145124_C_T,10,145124,8.07E-07,0.31177716,0.06264658,0.04544294,Local
Proteomics,YJL145W.SMProt,INDELs,INDEL_chromosome10_145102,10,145102,1.44E-06,0.29164706,0.06000719,0.03756425,Local
Transcriptomics,YJL146W.RNASeq,SNPs,SNP_chromosome4_1122421_A_T,4,1122421,6.36E-07,0.27766713,0.05535621,0.02527435,Distant
Transcriptomics,YJL146W.RNASeq,SNPs,SNP_chromosome12_507985_G_A,12,507985,4.30E-06,0.23999248,0.05189343,0.01416233,Distant
Transcriptomics,YJL149W.RNASeq,SNPs,SNP_chromosome4_391908_C_G,4,391908,2.25E-06,-0.2052187,0.043106,0.00704873,Distant
Transcriptomics,YJL152W.RNASeq,SNPs,SNP_chromosome12_951923_T_A,12,951923,2.35E-07,-0.2272232,0.04361146,0.01403618,Distant
Transcriptomics,YJL152W.RNASeq,SNPs,SNP_chromosome12_924398_G_A,12,924398,8.43E-07,-0.2484285,0.05007982,0.0120863,Distant
Transcriptomics,YJL153C.RNASeq,SVs,CNV_YX03232_Cov2.75,15,1068999,8.66E-07,0.15215523,0.0307096,0.00526122,Distant
Proteomics,YJL153C.SMProt,SVs,CNV_YDL046W_Cov0.75,4,371240,3.88E-06,0.13786638,0.02962878,0.00414595,Distant
Transcriptomics,YJL156W-A.RNASeq,SVs,CNV_YX02249_Cov0.25,11,618964,6.55E-06,0.27454855,0.06054171,0.06968944,Distant
Transcriptomics,YJL157C.RNASeq,SVs,CNV_YDL227C_Cov0.75,4,46271,1.00E-14,0.26508431,0.03367123,0.01785487,Distant
Transcriptomics,YJL157C.RNASeq,SVs,CNV_YX00433_Cov1.25,3,190232,1.04E-07,0.18023332,0.03360693,0.01885032,Distant
Transcriptomics,YJL157C.RNASeq,SNPs,SNP_chromosome3_177291_T_C,3,177291,3.05E-07,0.21796902,0.0422446,0.00916211,Distant
Transcriptomics,YJL159W.RNASeq,SNPs,SNP_chromosome12_299795_C_T,12,299795,5.82E-06,-0.1646724,0.03610911,0.00761035,Distant
Transcriptomics,YJL160C.RNASeq,SNPs,SNP_chromosome2_634316_T_C,2,634316,2.98E-06,0.32417106,0.06893859,0.02146491,Distant
Transcriptomics,YJL161W.RNASeq,SNPs,SNP_chromosome10_117075_G_A,10,117075,1.05E-06,0.33580083,0.06830141,0.10502407,Local
Transcriptomics,YJL167W.RNASeq,SVs,CNV_YX02249_Cov0.25,11,618964,1.10E-06,0.2962116,0.06036272,0.08112091,Distant
Transcriptomics,YJL167W.RNASeq,SNPs,SNP_chromosome16_421049_T_C,16,421049,2.69E-06,-0.1923023,0.04071421,0.00743737,Distant
Proteomics,YJL167W.SMProt,SNPs,SNP_chromosome12_932584_C_T,12,932584,1.76E-06,-0.2085657,0.04328158,0.02606574,Distant
Transcriptomics,YJL170C.RNASeq,SVs,CNV_YCL066W_Cov1.25,3,13282,2.48E-18,0.32968107,0.03694007,0.07492571,Distant
Transcriptomics,YJL170C.RNASeq,SVs,CNV_YX00455_Cov0.75,3,199369,3.98E-15,0.26646809,0.03332828,0.06203273,Distant
Transcriptomics,YJL170C.RNASeq,SVs,CNV_YX00433_Cov1.75,3,190232,4.75E-11,0.22348008,0.03355226,0.04103777,Distant
Transcriptomics,YJL170C.RNASeq,SVs,CNV_YX00446_Cov0.75,3,193857,1.02E-08,-0.1832569,0.03169546,0.01428652,Distant
Transcriptomics,YJL170C.RNASeq,SVs,CNV_YX00594_Cov0.25,4,46858,1.68E-07,-0.1749942,0.03318729,0.00636339,Distant
Transcriptomics,YJL170C.RNASeq,SNPs,SNP_chromosome14_342049_C_T,14,342049,7.63E-06,-0.1870495,0.04155038,0.00736445,Distant
Transcriptomics,YJL171C.RNASeq,SNPs,SNP_chromosome10_101069_C_T,10,101069,5.06E-13,0.26084156,0.03557383,0.04279999,Local
Transcriptomics,YJL171C.RNASeq,SNPs,SNP_chromosome14_230304_C_T,14,230304,3.86E-06,-0.1702011,0.03661847,0.01095009,Distant
Transcriptomics,YJL172W.RNASeq,SNPs,SNP_chromosome10_101082_A_G,10,101082,2.45E-06,-0.2802985,0.05909106,0.04782091,Local
Proteomics,YJL172W.SMProt,SNPs,SNP_chromosome10_293531_G_A,10,293531,1.09E-06,0.28149519,0.05724842,0.07337808,Distant
Transcriptomics,YJL173C.RNASeq,SNPs,SNP_chromosome12_807455_A_T,12,807455,9.85E-06,0.26220701,0.0589774,0.06668853,Distant
Proteomics,YJL173C.SCProt,SNPs,SNP_chromosome16_171729_T_C,16,171729,7.51E-06,-0.238534,0.05293616,0.05338346,Distant
Transcriptomics,YJL176C.RNASeq,SNPs,SNP_chromosome16_402323_C_T,16,402323,3.97E-06,-0.3102532,0.06683948,0.06294114,Distant
Proteomics,YJL179W.SMProt,SVs,CNV_YDL227C_Cov0.75,4,46271,4.59E-07,0.19184252,0.03769919,0.0085789,Distant
Transcriptomics,YJL183W.RNASeq,SNPs,SNP_chromosome7_655851_C_T,7,655851,4.56E-07,0.20364131,0.04007537,0.00755299,Distant
Transcriptomics,YJL183W.RNASeq,SVs,SV_5244_DEL_chromosome13_600892_len_-698,13,600892,2.60E-06,-0.1992892,0.04212598,0.01429935,Distant
Proteomics,YJL183W.SCProt,SNPs,SNP_chromosome12_27093_T_C,12,27093,3.89E-07,0.19721864,0.03856625,0.02960026,Distant
Proteomics,YJL183W.SCProt,INDELs,INDEL_chromosome11_581324,11,581324,1.28E-06,-0.2172131,0.0445327,0.02332024,Distant
Transcriptomics,YJL186W.RNASeq,SNPs,SNP_chromosome7_958233_G_A,7,958233,2.97E-06,0.2489136,0.05293125,0.05835181,Distant
Proteomics,YJL189W.SMProt,SNPs,SNP_chromosome10_543727_T_C,10,543727,4.54E-07,-0.1962428,0.03854631,0.00653326,Distant
Transcriptomics,YJL191W.RNASeq,SNPs,SNP_chromosome15_419521_G_A,15,419521,4.32E-06,-0.3006452,0.06501985,0.05872955,Distant
Proteomics,YJL191W.SCProt,SNPs,SNP_chromosome3_177325_A_G,3,177325,5.07E-07,-0.2263763,0.04472186,0.02000829,Distant
Proteomics,YJL191W.SCProt,SNPs,SNP_chromosome11_535579_G_T,11,535579,2.07E-06,0.19388961,0.04057243,0.02329589,Distant
Proteomics,YJL191W.SMProt,SNPs,SNP_chromosome3_177325_A_G,3,177325,9.04E-09,-0.2739367,0.0471037,0.02941736,Distant
Proteomics,YJL191W.SMProt,SNPs,SNP_chromosome3_178367_G_A,3,178367,2.14E-06,0.26571373,0.05560762,0.0631111,Distant
Transcriptomics,YJL193W.RNASeq,SNPs,SNP_chromosome11_546387_C_A,11,546387,3.19E-07,0.26436105,0.05132415,0.02651676,Distant
Transcriptomics,YJL193W.RNASeq,SNPs,SNP_chromosome10_69957_A_G,10,69957,2.94E-06,-0.2814863,0.05982489,0.0747139,Local
Transcriptomics,YJL194W.RNASeq,INDELs,INDEL_chromosome10_76725,10,76725,3.63E-06,0.29093569,0.06241917,0.01781767,Local
Transcriptomics,YJL199C.RNASeq,SNPs,SNP_chromosome10_181322_G_A,10,181322,9.10E-07,0.35715908,0.07222849,0.03126335,Distant
Transcriptomics,YJL199C.RNASeq,SNPs,SNP_chromosome13_676300_C_T,13,676300,1.29E-06,0.25145128,0.05158453,0.0290083,Distant
Proteomics,YJL200C.SCProt,SNPs,SNP_chromosome14_124279_G_A,14,124279,3.29E-06,0.23099781,0.04933334,0.00872542,Distant
Transcriptomics,YJL208C.RNASeq,SNPs,SNP_chromosome12_919791_G_A,12,919791,3.84E-06,-0.2761362,0.05939666,0.01537829,Distant
Proteomics,YJL208C.SMProt,SNPs,SNP_chromosome15_587600_C_T,15,587600,1.21E-06,0.26569397,0.05428232,0.00894759,Distant
Proteomics,YJL208C.SMProt,INDELs,INDEL_chromosome4_19688,4,19688,1.88E-06,-0.2886029,0.06006502,0.03319057,Distant
Proteomics,YJL208C.SMProt,SNPs,SNP_chromosome7_558728_A_G,7,558728,3.61E-06,-0.1803583,0.03863262,0.01363873,Distant
Transcriptomics,YJL209W.RNASeq,SNPs,SNP_chromosome11_78014_G_A,11,78014,8.98E-07,0.28112785,0.05682158,0.04680182,Distant
Transcriptomics,YJL209W.RNASeq,SNPs,SNP_chromosome9_268032_G_A,9,268032,2.28E-06,0.24803408,0.05213253,0.01885326,Distant
Transcriptomics,YJL213W.RNASeq,INDELs,INDEL_chromosome10_32844,10,32844,4.42E-15,-0.3826485,0.04790704,0.02888704,Local
Transcriptomics,YJL213W.RNASeq,SNPs,SNP_chromosome10_34341_T_C,10,34341,3.87E-13,-0.3904222,0.05293957,0.0378275,Local
Transcriptomics,YJL213W.RNASeq,SNPs,SNP_chromosome10_37272_G_A,10,37272,1.74E-08,0.2743962,0.04821832,0.01209234,Local
Transcriptomics,YJL213W.RNASeq,SVs,CNV_YX01109_Cov0.75,6,29199,3.30E-08,-0.2593046,0.04650607,0.06126432,Distant
Transcriptomics,YJL213W.RNASeq,SNPs,SNP_chromosome10_34093_G_A,10,34093,8.19E-08,-0.3391277,0.06268775,0.07145957,Local
Transcriptomics,YJL213W.RNASeq,SNPs,SNP_chromosome10_32961_A_T,10,32961,1.29E-07,-0.2824912,0.05305648,0.03368998,Local
Transcriptomics,YJL213W.RNASeq,SVs,CNV_YJL217W_Cov0.75,10,23133,1.71E-07,-0.2077087,0.03940041,0.03479535,Local
Transcriptomics,YJL213W.RNASeq,SNPs,SNP_chromosome10_35494_G_T,10,35494,2.03E-07,0.2705169,0.05162928,0.03296278,Local
Transcriptomics,YJL213W.RNASeq,SNPs,SNP_chromosome10_57489_T_A,10,57489,4.72E-07,-0.2197716,0.04329317,0.00771432,Distant
Transcriptomics,YJL213W.RNASeq,SNPs,SNP_chromosome10_65790_T_C,10,65790,1.02E-06,-0.2122356,0.04310901,0.01253039,Distant
Transcriptomics,YJL213W.RNASeq,SNPs,SNP_chromosome3_93278_T_A,3,93278,3.32E-06,-0.1317242,0.02814346,0.00315017,Distant
Transcriptomics,YJL213W.RNASeq,SNPs,SNP_chromosome10_106397_A_C,10,106397,3.83E-06,0.20439647,0.04394869,0.00819366,Distant
Transcriptomics,YJL213W.RNASeq,SNPs,SNP_chromosome10_33800_A_G,10,33800,4.01E-06,0.29469288,0.06350138,0.08279396,Local
Transcriptomics,YJL214W.RNASeq,SVs,CNV_YX01114_Cov0.25,6,35461,8.14E-27,0.58975646,0.05312833,0.22937443,Distant
Transcriptomics,YJL214W.RNASeq,SVs,CNV_YJL214W_Cov1.25,10,26887,3.61E-19,0.42653869,0.04652456,0.14820761,Local
Transcriptomics,YJL214W.RNASeq,SVs,SV_2191_INS_chromosome6_30088_len_19888,6,30088,9.89E-13,0.36287071,0.05009769,0.07779299,Distant
Transcriptomics,YJL214W.RNASeq,SVs,CNV_YX01109_Cov0.25,6,29199,1.91E-12,-0.3425047,0.04791868,0.09311242,Distant
Transcriptomics,YJL214W.RNASeq,SVs,CNV_YFL053W_Cov0.25,6,23423,2.86E-10,-0.2498205,0.03913788,0.03436897,Distant
Transcriptomics,YJL214W.RNASeq,SVs,CNV_YX01939_Cov0.25,10,20763,1.51E-08,-0.2231948,0.03904539,0.02758953,Local
Transcriptomics,YJL214W.RNASeq,SNPs,SNP_chromosome4_290145_A_T,4,290145,1.78E-07,-0.2316247,0.04398828,0.01001762,Distant
Transcriptomics,YJL214W.RNASeq,SVs,CNV_YX01102_Cov0.25,6,23923,1.22E-06,0.22281317,0.04558163,0.04208123,Distant
Transcriptomics,YJL214W.RNASeq,SVs,CNV_YX01100_Cov0.25,6,21753,3.30E-06,0.32821121,0.07008751,0.03319519,Distant
Transcriptomics,YJL215C.RNASeq,SVs,CNV_YFL054C_Cov0.75,6,20847,4.33E-15,-0.3024011,0.03782551,0.06858125,Distant
Transcriptomics,YJL215C.RNASeq,SVs,CNV_YX03077_Cov0.25,15,50427,1.56E-14,-0.3716028,0.04750279,0.13523142,Distant
Transcriptomics,YJL215C.RNASeq,SVs,CNV_YJL217W_Cov0.25,10,23133,5.23E-14,-0.3519759,0.04596053,0.11722317,Local
Transcriptomics,YJL215C.RNASeq,SVs,CNV_YX01939_Cov0.25,10,20763,7.19E-14,-0.3050572,0.04006353,0.05316577,Local
Transcriptomics,YJL215C.RNASeq,SVs,CNV_YX01109_Cov0.75,6,29199,1.33E-11,-0.348705,0.05082115,0.11320079,Distant
Transcriptomics,YJL215C.RNASeq,SVs,CNV_YX01083_Cov0.75,6,12192,7.09E-10,-0.3207822,0.05143226,0.10626462,Distant
Transcriptomics,YJL215C.RNASeq,SNPs,SNP_chromosome10_34341_T_C,10,34341,2.66E-07,-0.28749,0.05540416,0.02182453,Local
Transcriptomics,YJL215C.RNASeq,SNPs,SNP_chromosome10_33800_A_G,10,33800,4.98E-07,0.33280119,0.06567798,0.10884751,Local
Transcriptomics,YJL216C.RNASeq,SVs,CNV_YX01109_Cov0.25,6,29199,1.90E-45,-0.6941852,0.04616266,0.38231194,Distant
Transcriptomics,YJL216C.RNASeq,SVs,CNV_YX01083_Cov0.75,6,12192,3.93E-23,-0.5114544,0.05011971,0.26096276,Distant
Transcriptomics,YJL216C.RNASeq,SVs,CNV_YFL053W_Cov0.25,6,23423,1.26E-22,-0.4017468,0.03986818,0.08883991,Distant
Transcriptomics,YJL216C.RNASeq,SVs,CNV_YJL218W_Cov0.25,10,21973,8.87E-22,-0.5242526,0.05316829,0.2738466,Local
Transcriptomics,YJL216C.RNASeq,SVs,CNV_YX01939_Cov0.25,10,20763,1.80E-21,-0.3901762,0.03989318,0.08427337,Local
Transcriptomics,YJL216C.RNASeq,SVs,CNV_YX03077_Cov0.25,15,50427,3.11E-15,-0.382718,0.04762167,0.13834312,Distant
Transcriptomics,YJL216C.RNASeq,SVs,CNV_YFL052W_Cov1.25,6,28232,3.23E-10,0.23003007,0.03614823,0.01832619,Distant
Transcriptomics,YJL216C.RNASeq,SNPs,SNP_chromosome10_33800_A_G,10,33800,6.90E-10,0.42538816,0.06816436,0.17205184,Local
Transcriptomics,YJL216C.RNASeq,SVs,CNV_YJL214W_Cov1.25,10,26887,2.27E-07,0.26532115,0.05083769,0.05731788,Local
Transcriptomics,YJL216C.RNASeq,SVs,CNV_YX02829_Cov0.75,14,2103,2.75E-07,-0.1975188,0.03811606,0.03642939,Distant
Transcriptomics,YJL216C.RNASeq,SVs,CNV_YX01055_Cov0.75,6,541,2.93E-07,-0.2135157,0.041303,0.03836908,Distant
Transcriptomics,YJL216C.RNASeq,SVs,CNV_YX01114_Cov0.25,6,35461,7.50E-07,0.29404646,0.05897967,0.05699336,Distant
Transcriptomics,YJL216C.RNASeq,SNPs,SNP_chromosome10_37272_G_A,10,37272,4.28E-06,0.24545761,0.05304167,0.00985749,Local
Transcriptomics,YJL216C.RNASeq,SVs,SV_34_CONTR_chromosome1_12646_len_177,1,12646,6.02E-06,-0.1466379,0.03219451,0.00998035,Distant
Transcriptomics,YJL219W.RNASeq,SVs,CNV_YJL219W_Cov0.25,10,19497,8.13E-28,-0.3202322,0.02831343,0.0620337,Local
Transcriptomics,YJL219W.RNASeq,SVs,CNV_YOL158C_Cov0.25,15,19491,9.86E-21,-0.2673526,0.02792959,0.06398725,Distant
Transcriptomics,YJL219W.RNASeq,SVs,CNV_YIL171W-A_Cov0.25,9,18260,3.17E-20,-0.275846,0.02922529,0.04855951,Distant
Transcriptomics,YJL219W.RNASeq,SVs,CNV_YX03023_Cov0.25,17,7366,2.63E-16,-0.2383888,0.02855895,0.05076675,Distant
Transcriptomics,YJL219W.RNASeq,SVs,CNV_YIL172C_Cov0.75,9,16784,4.73E-16,-0.269489,0.03257724,0.06796201,Distant
Transcriptomics,YJL219W.RNASeq,SVs,CNV_YX03243_Cov0.25,15,1098438,1.87E-15,-0.2145771,0.02650943,0.03277656,Distant
Transcriptomics,YJL219W.RNASeq,SVs,CNV_YX03040_Cov0.25,15,14169,1.59E-12,-0.2134804,0.02978284,0.04257284,Distant
Transcriptomics,YJL219W.RNASeq,SVs,CNV_YX01772_Cov0.25,9,13123,3.86E-11,0.21414831,0.031997,0.01313025,Distant
Transcriptomics,YJL219W.RNASeq,SNPs,SNP_chromosome9_38818_C_T,9,38818,1.32E-10,0.2104068,0.03236403,0.00813977,Distant
Transcriptomics,YJL219W.RNASeq,SNPs,SNP_chromosome9_42601_C_T,9,42601,1.85E-10,0.23906594,0.03707553,0.01243731,Distant
Transcriptomics,YJL219W.RNASeq,SNPs,SNP_chromosome9_38140_T_A,9,38140,5.84E-10,0.24119941,0.03850866,0.01322134,Distant
Transcriptomics,YJL219W.RNASeq,SVs,CNV_YX03060_Cov0.75,15,24910,6.63E-09,0.18895719,0.03226423,0.01218672,Distant
Transcriptomics,YJL219W.RNASeq,SVs,CNV_YX02842_Cov1.75,14,8062,1.10E-08,-0.160113,0.02775317,0.01754388,Distant
Transcriptomics,YJL219W.RNASeq,SNPs,SNP_chromosome9_40953_G_A,9,40953,1.17E-08,0.30561811,0.05308171,0.08243403,Distant
Transcriptomics,YJL219W.RNASeq,SVs,CNV_YIL162W_Cov0.25,9,37385,7.63E-08,0.17520393,0.0323198,0.00639895,Distant
Transcriptomics,YJL219W.RNASeq,SVs,CNV_YX01921_Cov0.25,10,12665,9.34E-08,0.17453021,0.03241947,0.00956674,Local
Transcriptomics,YJL219W.RNASeq,SVs,CNV_YOL155W-A_Cov0.75,15,27084,4.29E-07,0.17529638,0.03441775,0.02860283,Distant
Transcriptomics,YJL219W.RNASeq,SVs,CNV_YAR069C_Cov4.25,1,224011,6.68E-07,-0.1346055,0.02688768,0.01219466,Distant
Transcriptomics,YJL219W.RNASeq,SNPs,SNP_chromosome9_41157_A_G,9,41157,1.26E-06,0.17853934,0.03659635,0.00796332,Distant
Transcriptomics,YJL219W.RNASeq,SVs,CNV_YX02076_Cov0.25,10,696061,3.70E-06,0.15905004,0.03415664,0.0161439,Distant
Transcriptomics,YJL219W.RNASeq,SVs,CNV_YOL159C-A_Cov1.75,15,15233,4.49E-06,0.1310612,0.02839537,0.01362241,Distant
Transcriptomics,YJL219W.RNASeq,SVs,CNV_YX03018_Cov0.25,15,2767,4.63E-06,-0.1377145,0.02987778,0.0096971,Distant
Transcriptomics,YJL219W.RNASeq,SVs,CNV_YIL165C_Cov0.75,9,33718,4.91E-06,0.13714199,0.02983527,0.00485359,Distant
Transcriptomics,YJL223C.RNASeq,SVs,CNV_YNR075W_Cov0.25,14,779916,3.42E-12,-0.338731,0.04800219,0.09758184,Distant
Transcriptomics,YJL223C.RNASeq,SVs,CNV_YEL073C_Cov2.25,5,7230,6.65E-08,-0.228186,0.04189841,0.01342781,Distant
Transcriptomics,YJL225C.RNASeq,SVs,CNV_YEL075W-A_Cov3.25,5,4870,5.55E-24,-0.2808222,0.02700914,0.07760575,Distant
Transcriptomics,YJL225C.RNASeq,SVs,CNV_YGR296W_Cov4.25,7,1084864,4.34E-23,-0.2658991,0.0261306,0.0259784,Local
Transcriptomics,YJL225C.RNASeq,SVs,CNV_YBL113W-A_Cov1.25,2,646,4.51E-23,-0.2506145,0.0246385,0.05115503,Distant
Transcriptomics,YJL225C.RNASeq,SVs,CNV_YEL074W_Cov9.25,5,6126,5.26E-22,0.24450377,0.02469244,0.05621247,Distant
Transcriptomics,YJL225C.RNASeq,SVs,CNV_YX01034_Cov1.25,17,533640,1.32E-18,-0.2585821,0.02872771,0.02619232,Distant
Transcriptomics,YJL225C.RNASeq,SVs,CNV_YLL066W-B_Cov4.25,12,5605,1.48E-14,0.19051082,0.02436066,0.01191596,Distant
Transcriptomics,YJL225C.RNASeq,SVs,CNV_YLR465C_Cov0.25,12,1067045,3.32E-12,-0.1877419,0.02658969,0.02949337,Distant
Transcriptomics,YJL225C.RNASeq,SVs,CNV_YLR466C-B_Cov0.75,12,1071594,2.00E-10,0.15800682,0.02455185,0.0250916,Distant
Transcriptomics,YJL225C.RNASeq,SVs,CNV_YNL338W_Cov0.75,14,6561,3.49E-10,-0.1477357,0.02327764,0.02180724,Distant
Transcriptomics,YJL225C.RNASeq,SVs,CNV_YX01747_Cov1.25,9,1954,9.85E-09,0.15267115,0.02637764,0.02313429,Distant
Transcriptomics,YJL225C.RNASeq,SVs,CNV_YX01830_Cov0.25,9,332956,9.56E-07,0.1893738,0.03837372,0.01254455,Distant
Transcriptomics,YJL225C.RNASeq,SNPs,SNP_chromosome4_593321_A_G,4,593321,1.28E-06,0.112837,0.02313859,0.00255041,Distant
Transcriptomics,YJL225C.RNASeq,SVs,CNV_YX00929_Cov0.75,4,1535038,1.57E-06,0.10847549,0.022438,0.0068984,Distant
Transcriptomics,YJR002W.RNASeq,SNPs,SNP_chromosome7_655851_C_T,7,655851,8.80E-07,0.19040439,0.03845323,0.006603,Distant
Proteomics,YJR002W.SMProt,SVs,CNV_YX00370_Cov1.25,2,798499,1.18E-06,0.21167354,0.04319748,0.01448398,Distant
Proteomics,YJR002W.SMProt,SNPs,SNP_chromosome12_387257_A_G,12,387257,3.89E-06,-0.2905503,0.06244668,0.0767731,Distant
Transcriptomics,YJR004C.RNASeq,SVs,CNV_YX00594_Cov0.25,4,46858,1.20E-13,0.25920818,0.03440188,0.0139617,Distant
Transcriptomics,YJR004C.RNASeq,SVs,CNV_YX00433_Cov1.25,3,190232,1.41E-12,0.25039217,0.03484892,0.03638229,Distant
Transcriptomics,YJR004C.RNASeq,SVs,CNV_YX00446_Cov0.75,3,193857,3.88E-08,0.18527749,0.03341699,0.01460331,Distant
Transcriptomics,YJR004C.RNASeq,SVs,CNV_YCL066W_Cov1.75,3,13282,4.91E-07,0.16924465,0.03340212,0.02658788,Distant
Transcriptomics,YJR005C-A.RNASeq,SNPs,SNP_chromosome10_449239_G_A,10,449239,1.49E-17,0.42203428,0.04847136,0.11111938,Local
Transcriptomics,YJR005C-A.RNASeq,SNPs,SNP_chromosome10_450154_C_T,10,450154,4.86E-14,0.28083335,0.03666796,0.02870262,Local
Transcriptomics,YJR005C-A.RNASeq,INDELs,INDEL_chromosome10_438674,10,438674,1.96E-09,0.30486468,0.05027462,0.06221928,Local
Transcriptomics,YJR005C-A.RNASeq,SNPs,SNP_chromosome10_444972_C_T,10,444972,2.05E-09,0.2327844,0.03844003,0.0149698,Local
Transcriptomics,YJR005C-A.RNASeq,SNPs,SNP_chromosome10_450273_A_G,10,450273,4.48E-09,0.37187131,0.06277376,0.07573256,Local
Transcriptomics,YJR005C-A.RNASeq,SNPs,SNP_chromosome10_448029_C_T,10,448029,1.64E-08,0.18834393,0.0330515,0.00710831,Local
Transcriptomics,YJR005C-A.RNASeq,SNPs,SNP_chromosome10_449403_G_A,10,449403,7.16E-08,-0.2423672,0.04461297,0.038684,Local
Transcriptomics,YJR005C-A.RNASeq,SNPs,SNP_chromosome12_110091_C_T,12,110091,1.47E-06,0.28401742,0.05858295,0.01398867,Distant
Transcriptomics,YJR006W.RNASeq,SNPs,SNP_chromosome10_449239_G_A,10,449239,1.73E-12,0.33064112,0.04620573,0.06810018,Local
Transcriptomics,YJR006W.RNASeq,SNPs,SNP_chromosome10_449718_G_C,10,449718,1.04E-10,0.20128961,0.03078637,0.00887921,Local
Transcriptomics,YJR006W.RNASeq,SNPs,SNP_chromosome10_450387_C_T,10,450387,6.06E-09,0.30663323,0.05221871,0.08511963,Local
Transcriptomics,YJR006W.RNASeq,SNPs,SNP_chromosome10_449403_G_A,10,449403,8.30E-08,-0.2258467,0.04178303,0.03353912,Local
Transcriptomics,YJR006W.RNASeq,SNPs,SNP_chromosome2_119039_G_A,2,119039,3.87E-07,0.23628771,0.04621037,0.01017684,Distant
Transcriptomics,YJR006W.RNASeq,INDELs,INDEL_chromosome10_438674,10,438674,6.02E-07,0.23876,0.04749491,0.03810431,Local
Transcriptomics,YJR006W.RNASeq,SNPs,SNP_chromosome10_438761_C_T,10,438761,7.54E-07,0.18256345,0.03664142,0.01087828,Local
Transcriptomics,YJR006W.RNASeq,SNPs,SNP_chromosome10_450273_A_G,10,450273,3.23E-06,0.27621622,0.05895152,0.04171919,Local
Transcriptomics,YJR009C.RNASeq,SNPs,SNP_chromosome5_26797_C_T,5,26797,1.48E-07,0.27176623,0.05130557,0.01298161,Distant
Transcriptomics,YJR009C.RNASeq,SVs,CNV_YX01845_Cov0.25,9,388188,1.16E-06,0.19931719,0.04071347,0.03868676,Distant
Transcriptomics,YJR009C.RNASeq,SNPs,SNP_chromosome12_511340_G_A,12,511340,1.78E-06,-0.1981281,0.0411972,0.0362678,Distant
Proteomics,YJR009C.SMProt,SNPs,SNP_chromosome14_729498_C_G,14,729498,1.27E-06,-0.1893655,0.03875759,0.01058672,Distant
Proteomics,YJR009C.SMProt,SNPs,SNP_chromosome14_190876_G_A,14,190876,1.41E-06,-0.3170896,0.06519478,0.03490211,Distant
Transcriptomics,YJR010W.RNASeq,SNPs,SNP_chromosome14_426745_C_G,14,426745,3.16E-06,-0.3029642,0.06459985,0.08455048,Distant
Proteomics,YJR010W.SMProt,SNPs,SNP_chromosome2_61103_T_C,2,61103,3.98E-06,-0.3718753,0.08001293,0.09831967,Distant
Transcriptomics,YJR011C.RNASeq,SNPs,SNP_chromosome11_271696_G_A,11,271696,1.18E-06,-0.2124802,0.04342846,0.04115108,Distant
Transcriptomics,YJR011C.RNASeq,SNPs,SNP_chromosome2_379542_T_C,2,379542,4.94E-06,0.21533449,0.04685884,0.01114491,Distant
Transcriptomics,YJR012C.RNASeq,SNPs,SNP_chromosome9_174345_T_A,9,174345,3.75E-07,0.27081658,0.05289699,0.02313595,Distant
Transcriptomics,YJR012C.RNASeq,SNPs,SNP_chromosome12_991116_A_G,12,991116,4.05E-06,0.2045638,0.04410907,0.0336604,Distant
Transcriptomics,YJR014W.RNASeq,SNPs,SNP_chromosome7_469734_A_T,7,469734,2.69E-07,0.21177685,0.04085654,0.02800247,Distant
Transcriptomics,YJR015W.RNASeq,SNPs,SNP_chromosome10_461695_A_G,10,461695,8.92E-09,-0.3087264,0.05318112,0.08631724,Local
Transcriptomics,YJR015W.RNASeq,SNPs,SNP_chromosome10_449403_G_A,10,449403,1.27E-08,0.26375857,0.04592117,0.04574432,Local
Transcriptomics,YJR015W.RNASeq,SNPs,SNP_chromosome10_424577_A_G,10,424577,9.39E-08,0.18866324,0.03505108,0.00929807,Distant
Transcriptomics,YJR015W.RNASeq,SNPs,SNP_chromosome10_450584_C_G,10,450584,1.26E-06,0.1628543,0.03338005,0.00563409,Local
Transcriptomics,YJR015W.RNASeq,SNPs,SNP_chromosome10_435236_A_T,10,435236,3.95E-06,-0.1867743,0.04022897,0.01354116,Distant
Proteomics,YJR016C.SMProt,SNPs,SNP_chromosome16_77752_C_T,16,77752,1.82E-06,0.22453034,0.04666465,0.04087812,Distant
Transcriptomics,YJR021C.RNASeq,SNPs,SNP_chromosome15_1012127_G_A,15,1012127,7.73E-06,0.23428502,0.05207545,0.02846811,Distant
Transcriptomics,YJR025C.RNASeq,SNPs,SNP_chromosome16_671978_G_A,16,671978,3.45E-06,-0.2951467,0.0631798,0.07974934,Distant
Proteomics,YJR025C.SMProt,SNPs,SNP_chromosome9_262709_C_T,9,262709,1.05E-06,-0.3364094,0.06831636,0.03290106,Distant
Transcriptomics,YJR031C.RNASeq,SVs,SV_5244_DEL_chromosome13_600892_len_-698,13,600892,3.90E-06,-0.1965158,0.04230011,0.01390414,Distant
Transcriptomics,YJR032W.RNASeq,SNPs,SNP_chromosome10_492486_A_C,10,492486,2.27E-06,-0.315425,0.06627725,0.07530326,Local
Transcriptomics,YJR036C.RNASeq,SNPs,SNP_chromosome10_503860_T_C,10,503860,2.23E-11,0.23454877,0.03461246,0.0251969,Local
Transcriptomics,YJR037W.RNASeq,SNPs,SNP_chromosome10_503860_T_C,10,503860,2.65E-11,0.23977258,0.03551889,0.02666998,Local
Transcriptomics,YJR038C.RNASeq,SNPs,SNP_chromosome10_503860_T_C,10,503860,1.37E-13,-0.2734129,0.0363756,0.03495138,Local
Transcriptomics,YJR039W.RNASeq,SNPs,SNP_chromosome10_503860_T_C,10,503860,5.27E-10,0.22603423,0.03599118,0.02340072,Local
Transcriptomics,YJR047C.RNASeq,SNPs,SNP_chromosome11_535595_G_A,11,535595,1.98E-06,0.28952154,0.06047485,0.01708957,Distant
Transcriptomics,YJR050W.RNASeq,SNPs,SNP_chromosome15_224654_T_C,15,224654,6.23E-09,-0.2409773,0.04107002,0.0105848,Distant
Transcriptomics,YJR050W.RNASeq,SNPs,SNP_chromosome10_529307_G_A,10,529307,1.22E-06,-0.2786652,0.05704119,0.04661433,Local
Transcriptomics,YJR051W.RNASeq,SNPs,SNP_chromosome8_267185_G_A,8,267185,2.50E-06,-0.2868414,0.06052804,0.06675077,Distant
Proteomics,YJR051W.SMProt,SNPs,SNP_chromosome10_529308_G_A,10,529308,1.71E-08,0.35951449,0.06304396,0.06760814,Local
Proteomics,YJR051W.SMProt,SNPs,SNP_chromosome10_116906_T_G,10,116906,1.52E-07,0.32684408,0.06164636,0.08217406,Distant
Transcriptomics,YJR056C.RNASeq,SNPs,SNP_chromosome10_518528_G_A,10,518528,5.14E-06,0.23504155,0.05124185,0.03903972,Local
Transcriptomics,YJR058C.RNASeq,SNPs,SNP_chromosome4_301586_T_A,4,301586,4.93E-07,0.302463,0.05970416,0.035402,Distant
Transcriptomics,YJR059W.RNASeq,SNPs,SNP_chromosome11_290740_C_T,11,290740,5.03E-06,0.27402351,0.05964319,0.01582144,Distant
Transcriptomics,YJR062C.RNASeq,SNPs,SNP_chromosome2_379542_T_C,2,379542,1.66E-06,0.22476652,0.04660705,0.01214262,Distant
Proteomics,YJR065C.SCProt,SVs,CNV_YLR178C_Cov0.75,12,513162,6.19E-07,0.18564507,0.03696066,0.03226623,Distant
Transcriptomics,YJR068W.RNASeq,SNPs,SNP_chromosome15_71821_C_T,15,71821,8.71E-07,0.26560542,0.05361813,0.03778186,Distant
Proteomics,YJR068W.SMProt,SNPs,SNP_chromosome5_397892_G_A,5,397892,3.91E-07,-0.3433387,0.06705812,0.10483959,Distant
Proteomics,YJR070C.SCProt,SNPs,SNP_chromosome13_178431_G_A,13,178431,6.55E-07,0.26627558,0.05313275,0.02574063,Distant
Proteomics,YJR070C.SCProt,SNPs,SNP_chromosome1_194241_C_T,1,194241,2.28E-06,-0.2197285,0.0461728,0.02708989,Distant
Proteomics,YJR072C.SMProt,SNPs,SNP_chromosome10_571854_T_C,10,571854,6.86E-08,-0.4005822,0.07348656,0.14772453,Local
Proteomics,YJR073C.SMProt,SNPs,SNP_chromosome12_281896_A_C,12,281896,4.52E-08,-0.3085727,0.05582342,0.03761261,Distant
Transcriptomics,YJR075W.RNASeq,SNPs,SNP_chromosome5_325466_C_G,5,325466,2.23E-07,-0.1924501,0.03687227,0.01326747,Distant
Transcriptomics,YJR075W.RNASeq,SNPs,SNP_chromosome14_230725_T_C,14,230725,8.42E-07,0.21825131,0.04399952,0.0393987,Distant
Proteomics,YJR075W.SMProt,SNPs,SNP_chromosome10_543727_T_C,10,543727,1.18E-06,-0.1851248,0.03778151,0.00591567,Distant
Transcriptomics,YJR077C.RNASeq,SNPs,SNP_chromosome7_369400_A_T,7,369400,2.41E-06,-0.1777714,0.03745371,0.00463807,Distant
Transcriptomics,YJR077C.RNASeq,SVs,CNV_YCR102C_Cov3.25,3,304361,3.84E-06,0.15545927,0.03343864,0.00445002,Distant
Proteomics,YJR077C.SCProt,SVs,CNV_YX00718_Cov0.25,4,710032,5.67E-09,0.32067643,0.05448478,0.10303434,Distant
Proteomics,YJR077C.SMProt,SNPs,SNP_chromosome11_450227_C_T,11,450227,3.85E-06,-0.2668667,0.05733265,0.01691509,Distant
Transcriptomics,YJR079W.RNASeq,SNPs,SNP_chromosome2_550133_G_A,2,550133,3.14E-06,0.3414695,0.07279148,0.10644499,Distant
Transcriptomics,YJR079W.RNASeq,SNPs,SNP_chromosome8_289648_G_A,8,289648,3.19E-06,0.24540074,0.05234837,0.01086437,Distant
Transcriptomics,YJR079W.RNASeq,SNPs,SNP_chromosome3_242917_C_T,3,242917,6.01E-06,0.26879835,0.05903111,0.03050449,Distant
Transcriptomics,YJR085C.RNASeq,SVs,CNV_YJL213W_Cov1.25,10,32163,4.58E-06,0.16729155,0.03627818,0.00548558,Distant
Transcriptomics,YJR086W.RNASeq,SVs,CNV_YDL227C_Cov0.75,4,46271,7.93E-13,0.23752595,0.03267948,0.01433543,Distant
Transcriptomics,YJR086W.RNASeq,SVs,CNV_YX00433_Cov1.25,3,190232,1.62E-07,0.17117978,0.03242223,0.01700409,Distant
Transcriptomics,YJR088C.RNASeq,INDELs,INDEL_chromosome10_587452,10,587452,3.26E-10,0.21959933,0.03453985,0.0098868,Local
Transcriptomics,YJR093C.RNASeq,SNPs,SNP_chromosome16_762090_A_G,16,762090,4.07E-08,-0.1787399,0.032289,0.00533043,Distant
Transcriptomics,YJR095W.RNASeq,SNPs,SNP_chromosome10_195982_A_G,10,195982,2.88E-06,-0.2261337,0.04802111,0.00717499,Distant
Proteomics,YJR096W.SMProt,SNPs,SNP_chromosome11_50038_G_A,11,50038,3.56E-06,0.1883125,0.04031257,0.01822841,Distant
Transcriptomics,YJR097W.RNASeq,SNPs,SNP_chromosome11_624919_C_T,11,624919,6.49E-06,0.22501414,0.04959808,0.0148793,Distant
Transcriptomics,YJR099W.RNASeq,SNPs,SNP_chromosome8_319470_G_A,8,319470,8.74E-09,0.33563301,0.05777964,0.03819729,Distant
Transcriptomics,YJR099W.RNASeq,SNPs,SNP_chromosome9_174345_T_A,9,174345,2.37E-06,0.27235227,0.05734056,0.02339909,Distant
Transcriptomics,YJR099W.RNASeq,SNPs,SNP_chromosome4_642500_G_A,4,642500,4.30E-06,0.29225834,0.06319243,0.02220807,Distant
Transcriptomics,YJR099W.RNASeq,SNPs,SNP_chromosome7_193710_A_G,7,193710,7.65E-06,0.33503034,0.07443031,0.02513403,Distant
Transcriptomics,YJR100C.RNASeq,SNPs,SNP_chromosome10_617418_G_A,10,617418,1.74E-08,-0.2132463,0.03748884,0.02731055,Local
Transcriptomics,YJR100C.RNASeq,SVs,CNV_YX02098_Cov1.75,10,719940,2.22E-07,0.18501501,0.03544202,0.00869766,Distant
Transcriptomics,YJR100C.RNASeq,SNPs,SNP_chromosome10_617370_C_G,10,617370,1.00E-06,0.24561676,0.04987223,0.00960709,Local
Transcriptomics,YJR102C.RNASeq,SNPs,SNP_chromosome13_654300_C_T,13,654300,7.06E-06,-0.1835017,0.0406112,0.02670957,Distant
Transcriptomics,YJR102C.RNASeq,SVs,CNV_YX01761_Cov0.25,9,7039,7.22E-06,-0.1953565,0.04328052,0.01942367,Distant
Proteomics,YJR104C.SCProt,SNPs,SNP_chromosome7_161090_A_G,7,161090,1.55E-06,0.28503764,0.05891751,0.02879511,Distant
Proteomics,YJR105W.SCProt,SNPs,SNP_chromosome10_623827_G_A,10,623827,2.03E-06,-0.2965767,0.06200098,0.03919002,Local
Proteomics,YJR105W.SCProt,SNPs,SNP_chromosome10_626941_T_C,10,626941,4.48E-06,-0.2276571,0.04930565,0.00851821,Local
Transcriptomics,YJR108W.RNASeq,SNPs,SNP_chromosome10_628435_A_T,10,628435,1.65E-27,-0.6844398,0.06089697,0.41203575,Local
Transcriptomics,YJR108W.RNASeq,SVs,SV_4067_INS_chromosome10_628805_len_273,10,628805,1.55E-18,-0.4491201,0.05000462,0.17533525,Local
Transcriptomics,YJR108W.RNASeq,SNPs,SNP_chromosome10_629091_T_C,10,629091,1.54E-17,-0.4005119,0.04602378,0.08939519,Local
Transcriptomics,YJR108W.RNASeq,SNPs,SNP_chromosome10_626887_T_C,10,626887,1.86E-11,-0.3497579,0.05140481,0.07070402,Local
Transcriptomics,YJR108W.RNASeq,SNPs,SNP_chromosome10_626974_C_T,10,626974,1.44E-09,-0.243479,0.0398152,0.01280123,Local
Transcriptomics,YJR108W.RNASeq,INDELs,INDEL_chromosome10_641916,10,641916,7.17E-08,-0.3414551,0.06285633,0.09106508,Local
Transcriptomics,YJR108W.RNASeq,SNPs,SNP_chromosome10_626313_G_A,10,626313,9.36E-08,-0.204691,0.03802574,0.00920841,Local
Transcriptomics,YJR108W.RNASeq,INDELs,INDEL_chromosome10_639688,10,639688,2.60E-07,-0.3119904,0.0601107,0.05071969,Local
Transcriptomics,YJR108W.RNASeq,SNPs,SNP_chromosome10_623961_C_T,10,623961,4.74E-07,-0.2517893,0.04962439,0.04132691,Local
Transcriptomics,YJR108W.RNASeq,SNPs,SNP_chromosome10_625757_A_G,10,625757,1.09E-06,-0.2879242,0.05866498,0.04339575,Local
Transcriptomics,YJR108W.RNASeq,SNPs,SNP_chromosome10_628564_T_C,10,628564,2.79E-06,-0.2372352,0.05030134,0.02363447,Local
Transcriptomics,YJR108W.RNASeq,SNPs,SNP_chromosome10_610450_T_G,10,610450,5.27E-06,-0.2670159,0.05828101,0.05047477,Local
Proteomics,YJR109C.SCProt,SNPs,SNP_chromosome4_86774_C_T,4,86774,3.63E-07,0.28298991,0.05519642,0.0561209,Distant
Transcriptomics,YJR111C.RNASeq,SNPs,SNP_chromosome11_364194_C_T,11,364194,2.96E-06,0.26272768,0.05585958,0.04864311,Distant
Transcriptomics,YJR112W-A.RNASeq,SNPs,SNP_chromosome10_637667_A_T,10,637667,6.29E-09,0.19678525,0.03354775,0.00785169,Local
Transcriptomics,YJR112W-A.RNASeq,SNPs,SNP_chromosome9_283713_G_A,9,283713,2.65E-06,-0.1678795,0.03551678,0.00932494,Distant
Transcriptomics,YJR112W.RNASeq,SNPs,SNP_chromosome10_636960_T_C,10,636960,1.74E-09,0.36113539,0.05936675,0.05371327,Local
Transcriptomics,YJR118C.RNASeq,SNPs,SNP_chromosome10_643441_G_C,10,643441,1.18E-11,0.39747774,0.05783139,0.14301766,Local
Transcriptomics,YJR121W.RNASeq,SNPs,SNP_chromosome16_163842_G_A,16,163842,4.92E-06,-0.1745386,0.03797324,0.0248071,Distant
Transcriptomics,YJR124C.RNASeq,SNPs,SNP_chromosome2_119039_G_A,2,119039,2.49E-06,0.26730128,0.05639475,0.01302365,Distant
Transcriptomics,YJR132W.RNASeq,SNPs,SNP_chromosome7_655851_C_T,7,655851,2.87E-06,0.19013301,0.04036739,0.00658419,Distant
Transcriptomics,YJR132W.RNASeq,SNPs,SNP_chromosome7_899222_A_G,7,899222,6.14E-06,0.17879328,0.03930708,0.00835736,Distant
Transcriptomics,YJR134C.RNASeq,SNPs,SNP_chromosome9_395649_G_A,9,395649,2.90E-06,-0.1670569,0.03548602,0.01039012,Distant
Transcriptomics,YJR134C.RNASeq,SNPs,SNP_chromosome4_692858_T_C,4,692858,8.85E-06,-0.1602754,0.03586035,0.0080781,Distant
Transcriptomics,YJR135W-A.RNASeq,SNPs,SNP_chromosome4_1405720_T_C,4,1405720,3.62E-06,0.21449479,0.0460152,0.01111134,Distant
Transcriptomics,YJR136C.RNASeq,SNPs,SNP_chromosome9_360178_G_A,9,360178,3.14E-06,-0.2666317,0.05683805,0.02368941,Distant
Transcriptomics,YJR139C.RNASeq,SNPs,SNP_chromosome12_40444_G_A,12,40444,6.71E-07,0.32868352,0.06566511,0.02086353,Distant
Transcriptomics,YJR139C.RNASeq,INDELs,INDEL_chromosome10_395319,10,395319,1.28E-06,0.30717571,0.06298957,0.02280966,Distant
Transcriptomics,YJR139C.RNASeq,SNPs,SNP_chromosome10_395330_G_C,10,395330,1.30E-06,0.30705168,0.06301871,0.0228137,Distant
Proteomics,YJR139C.SCProt,SNPs,SNP_chromosome10_690731_A_T,10,690731,1.73E-07,-0.2903067,0.05509614,0.04442407,Local
Proteomics,YJR139C.SCProt,SNPs,SNP_chromosome1_115629_A_G,1,115629,1.50E-06,0.21799727,0.04499859,0.02102908,Distant
Proteomics,YJR139C.SCProt,SNPs,SNP_chromosome10_690711_C_T,10,690711,3.88E-06,-0.1908064,0.04105688,0.00861027,Local
Proteomics,YJR139C.SMProt,SNPs,SNP_chromosome9_127998_T_C,9,127998,2.09E-06,0.30910465,0.06462266,0.02173089,Distant
Transcriptomics,YJR140C.RNASeq,SNPs,SNP_chromosome4_553497_G_A,4,553497,6.46E-06,0.20370282,0.04489008,0.01106105,Distant
Transcriptomics,YJR141W.RNASeq,SNPs,SNP_chromosome4_1201830_C_T,4,1201830,3.47E-06,0.22428655,0.04802253,0.01830729,Distant
Transcriptomics,YJR147W.RNASeq,SNPs,SNP_chromosome5_115800_A_G,5,115800,1.27E-06,0.16507048,0.03383812,0.00510516,Distant
Transcriptomics,YJR148W.RNASeq,SNPs,SNP_chromosome10_705423_A_G,10,705423,1.73E-06,0.19792215,0.04110512,0.02878642,Local
Proteomics,YJR148W.SMProt,SNPs,SNP_chromosome10_705423_A_G,10,705423,2.40E-11,0.26572876,0.03916121,0.05317852,Local
Transcriptomics,YJR149W.RNASeq,SNPs,SNP_chromosome10_705423_A_G,10,705423,1.46E-08,0.2327711,0.04069272,0.03981594,Local
Transcriptomics,YJR149W.RNASeq,SNPs,SNP_chromosome10_703116_A_T,10,703116,1.82E-06,0.29012226,0.06037958,0.07829184,Local
Transcriptomics,YJR150C.RNASeq,SNPs,SNP_chromosome15_755969_A_T,15,755969,3.56E-06,-0.2206438,0.04729574,0.00798979,Distant
Transcriptomics,YJR150C.RNASeq,SNPs,SNP_chromosome7_92485_T_C,7,92485,5.32E-06,-0.1731143,0.03779656,0.01011676,Distant
Transcriptomics,YJR152W.RNASeq,SVs,CNV_YJR152W_Cov0.75,10,719666,7.75E-09,-0.2462932,0.04223684,0.01459773,Local
Transcriptomics,YJR152W.RNASeq,SNPs,SNP_chromosome14_294801_C_T,14,294801,1.89E-06,-0.2018595,0.04208023,0.0061411,Distant
Transcriptomics,YJR152W.RNASeq,SNPs,SNP_chromosome10_651412_T_C,10,651412,3.87E-06,-0.2080583,0.04476141,0.00524544,Distant
Transcriptomics,YJR152W.RNASeq,SVs,CNV_YX02098_Cov0.75,10,719940,5.36E-06,-0.2232951,0.04876811,0.02416779,Local
Transcriptomics,YJR152W.RNASeq,SNPs,SNP_chromosome12_250289_G_A,12,250289,5.69E-06,0.23166928,0.05073774,0.01549513,Distant
Transcriptomics,YJR153W.RNASeq,SVs,CNV_YX02106_Cov0.25,10,730845,1.78E-10,-0.2480119,0.03835836,0.02866637,Local
Transcriptomics,YJR153W.RNASeq,SNPs,SNP_chromosome5_70702_C_T,5,70702,1.14E-06,-0.2071249,0.04222592,0.03404118,Distant
Transcriptomics,YJR153W.RNASeq,SVs,CNV_YX02111_Cov0.75,10,736798,2.96E-06,-0.1483476,0.03150854,0.01879335,Local
Transcriptomics,YJR153W.RNASeq,SNPs,SNP_chromosome4_636087_G_A,4,636087,5.18E-06,-0.2435464,0.05306447,0.00972702,Distant
Transcriptomics,YJR158W.RNASeq,SVs,CNV_YDL245C_Cov1.75,4,11657,1.65E-12,0.26883536,0.0373727,0.04248849,Local
Transcriptomics,YJR158W.RNASeq,SVs,CNV_YJR157W_Cov1.75,10,730515,2.14E-10,0.24236563,0.03759309,0.03517379,Local
Transcriptomics,YJR158W.RNASeq,SVs,CNV_YX00554_Cov0.75,4,3714,2.33E-08,-0.28263,0.05000788,0.03893258,Local
Transcriptomics,YJR159W.RNASeq,SVs,CNV_YDL245C_Cov1.75,4,11657,1.55E-18,0.34072516,0.03765525,0.06856199,Local
Transcriptomics,YJR159W.RNASeq,SVs,CNV_YJR157W_Cov1.75,10,730515,1.33E-16,0.32175421,0.0378986,0.0619147,Local
Transcriptomics,YJR159W.RNASeq,SVs,CNV_YDL248W_Cov1.25,4,1802,5.17E-08,0.19575507,0.03553985,0.01735711,Distant
Transcriptomics,YJR159W.RNASeq,SVs,CNV_YX02122_Cov1.25,10,754018,1.28E-06,0.1914862,0.03918131,0.02515051,Local
Transcriptomics,YJR159W.RNASeq,SVs,CNV_YX02829_Cov0.25,14,2103,5.65E-06,0.22439531,0.04904027,0.03956156,Distant
Transcriptomics,YJR160C.RNASeq,SVs,CNV_YX00554_Cov0.75,4,3714,1.45E-63,-0.7309494,0.04002827,0.51097433,Local
Transcriptomics,YJR160C.RNASeq,SVs,CNV_YJR157W_Cov0.75,10,730515,1.44E-46,-0.5523247,0.03634665,0.27356442,Local
Transcriptomics,YJR160C.RNASeq,SVs,CNV_YDL247W_Cov1.25,4,5985,1.73E-30,0.35879816,0.03011208,0.08435414,Local
Transcriptomics,YJR160C.RNASeq,SVs,CNV_YDL248W_Cov0.75,4,1802,4.48E-17,0.2858226,0.03335059,0.07838612,Distant
Transcriptomics,YJR160C.RNASeq,SVs,CNV_YFL060C_Cov2.25,6,10301,1.13E-10,-0.2058465,0.03154378,0.03284157,Distant
Transcriptomics,YJR160C.RNASeq,SVs,SV_1009_DEL_chromosome4_2941_len_-12864,4,2941,3.00E-09,-0.1719872,0.02870233,0.0101774,Distant
Transcriptomics,YJR160C.RNASeq,SVs,CNV_YX02817_Cov2.75,13,981490,3.86E-09,-0.2037649,0.03424987,0.03416784,Distant
Transcriptomics,YJR160C.RNASeq,SVs,CNV_YX02094_Cov2.75,10,713736,2.00E-08,-0.1630333,0.02878765,0.01342835,Local
Transcriptomics,YJR160C.RNASeq,SNPs,SNP_chromosome12_973206_C_G,12,973206,3.32E-07,-0.2635732,0.05125026,0.02039835,Distant
Transcriptomics,YJR160C.RNASeq,SNPs,SNP_chromosome4_543872_C_A,4,543872,9.51E-07,0.21810273,0.04418684,0.00863251,Distant
Transcriptomics,YJR161C.RNASeq,SVs,CNV_YX01866_Cov6.75,9,428770,7.15E-08,0.16206015,0.02982895,0.02485548,Distant
Transcriptomics,YJR161C.RNASeq,SVs,CNV_YX00939_Cov6.75,5,7337,6.82E-07,0.15810339,0.03160605,0.02505844,Distant
Transcriptomics,YJR161C.RNASeq,SNPs,SNP_chromosome16_428330_C_T,16,428330,2.70E-06,-0.2852563,0.06040006,0.07405337,Distant
Proteomics,YKL001C.SMProt,SNPs,SNP_chromosome11_340231_G_C,11,340231,5.76E-06,0.17907418,0.03919493,0.00834253,Distant
Transcriptomics,YKL002W.RNASeq,SNPs,SNP_chromosome4_1389675_T_C,4,1389675,4.55E-06,-0.2050968,0.04446206,0.00908376,Distant
Proteomics,YKL006C-A.SMProt,SNPs,SNP_chromosome12_85153_C_T,12,85153,4.86E-08,-0.2245925,0.04072796,0.03491459,Distant
Proteomics,YKL006C-A.SMProt,SNPs,SNP_chromosome6_230867_A_G,6,230867,1.72E-07,0.25730667,0.04874476,0.02437281,Distant
Proteomics,YKL006C-A.SMProt,SNPs,SNP_chromosome12_84883_T_C,12,84883,4.03E-07,-0.2203418,0.04308248,0.03514208,Distant
Transcriptomics,YKL008C.RNASeq,SNPs,SNP_chromosome4_1143654_C_T,4,1143654,9.06E-07,0.19424196,0.03927513,0.00769605,Distant
Transcriptomics,YKL009W.RNASeq,SNPs,SNP_chromosome7_655851_C_T,7,655851,6.14E-06,0.17691961,0.0388944,0.00570084,Distant
Transcriptomics,YKL014C.RNASeq,SNPs,SNP_chromosome7_655851_C_T,7,655851,3.32E-06,0.17855063,0.03815796,0.00580644,Distant
Transcriptomics,YKL014C.RNASeq,SVs,CNV_YBR250W_Cov1.25,2,719033,4.62E-06,-0.169773,0.03683029,0.00564952,Distant
Transcriptomics,YKL016C.RNASeq,SNPs,SNP_chromosome6_155252_G_A,6,155252,2.02E-06,-0.1813209,0.03790959,0.01798572,Distant
Proteomics,YKL018W.SMProt,SNPs,SNP_chromosome4_421542_A_C,4,421542,3.43E-07,-0.2104134,0.04089134,0.02384514,Distant
Transcriptomics,YKL019W.RNASeq,SNPs,SNP_chromosome4_344480_A_G,4,344480,5.34E-06,0.28451161,0.06213829,0.05559738,Distant
Transcriptomics,YKL021C.RNASeq,SNPs,SNP_chromosome7_655851_C_T,7,655851,1.52E-06,0.1856231,0.03834486,0.00627554,Distant
Transcriptomics,YKL023C-A.RNASeq,SNPs,SNP_chromosome8_198412_T_G,8,198412,8.19E-06,-0.1834832,0.04089813,0.00527725,Distant
Transcriptomics,YKL023W.RNASeq,SVs,CNV_YMR170C_Cov0.25,13,601562,3.38E-06,0.18101689,0.03871211,0.0076993,Distant
Transcriptomics,YKL024C.RNASeq,SNPs,SNP_chromosome11_391971_C_T,11,391971,7.52E-07,-0.2970002,0.05960533,0.08245099,Local
Transcriptomics,YKL024C.RNASeq,SNPs,SNP_chromosome7_1051899_A_G,7,1051899,3.63E-06,-0.1517134,0.03255072,0.0113043,Distant
Transcriptomics,YKL024C.RNASeq,INDELs,INDEL_chromosome11_393544,11,393544,6.41E-06,-0.2954505,0.06508261,0.08183929,Local
Proteomics,YKL024C.SMProt,INDELs,INDEL_chromosome16_291333,16,291333,4.66E-06,-0.2617574,0.05672967,0.01065417,Distant
Proteomics,YKL024C.SMProt,SNPs,SNP_chromosome3_245276_T_C,3,245276,8.26E-06,-0.3196288,0.07118167,0.09402661,Distant
Transcriptomics,YKL027W.RNASeq,SVs,CNV_YBR250W_Cov1.25,2,719033,2.98E-06,-0.1730718,0.03680473,0.0058712,Distant
Proteomics,YKL027W.SCProt,SNPs,SNP_chromosome14_315396_A_G,14,315396,1.87E-06,0.25593014,0.05331622,0.05893159,Distant
Proteomics,YKL027W.SMProt,SNPs,SNP_chromosome12_536833_A_G,12,536833,3.62E-06,0.26033744,0.05577085,0.0647543,Distant
Transcriptomics,YKL029C.RNASeq,SNPs,SNP_chromosome11_385019_A_G,11,385019,6.56E-31,0.56854609,0.04734346,0.25177847,Local
Proteomics,YKL029C.SMProt,SNPs,SNP_chromosome11_385019_A_G,11,385019,1.21E-19,0.44897617,0.0481045,0.16124317,Local
Transcriptomics,YKL031W.RNASeq,SNPs,SNP_chromosome11_381937_T_C,11,381937,7.60E-13,0.29844132,0.04102684,0.05340275,Local
Transcriptomics,YKL033W-A.RNASeq,SNPs,SNP_chromosome7_446985_G_A,7,446985,1.71E-06,-0.2300084,0.04774957,0.01433132,Distant
Proteomics,YKL033W-A.SCProt,SVs,CNV_YOR084W_Cov0.75,15,480587,2.70E-07,-0.1895776,0.03656538,0.03573026,Distant
Proteomics,YKL033W-A.SMProt,SNPs,SNP_chromosome11_374295_G_C,11,374295,1.93E-08,-0.4211637,0.07413044,0.12228284,Local
Transcriptomics,YKL038W.RNASeq,SNPs,SNP_chromosome3_65398_G_A,3,65398,3.04E-07,0.25573856,0.04955995,0.01792176,Distant
Proteomics,YKL039W.SMProt,SVs,SV_5762_INS_chromosome15_31254_len_1521,15,31254,1.41E-06,-0.1696747,0.03487879,0.00611391,Distant
Transcriptomics,YKL041W.RNASeq,SNPs,SNP_chromosome9_395649_G_A,9,395649,4.45E-08,-0.1922881,0.03483596,0.01376564,Distant
Transcriptomics,YKL045W.RNASeq,SNPs,SNP_chromosome12_210539_A_G,12,210539,2.15E-06,-0.1660002,0.03480045,0.00508575,Distant
Transcriptomics,YKL047W.RNASeq,SNPs,SNP_chromosome11_349875_C_T,11,349875,5.52E-13,-0.4838778,0.06610425,0.21462532,Local
Transcriptomics,YKL048C.RNASeq,SNPs,SNP_chromosome11_252852_A_G,11,252852,5.21E-06,0.24089597,0.05255215,0.03155363,Distant
Transcriptomics,YKL051W.RNASeq,SNPs,SNP_chromosome10_395144_T_C,10,395144,4.27E-06,-0.2893347,0.0625436,0.0186726,Distant
Transcriptomics,YKL053C-A.RNASeq,SNPs,SNP_chromosome9_140910_C_T,9,140910,6.16E-06,-0.2323037,0.05107725,0.0302623,Distant
Proteomics,YKL056C.SCProt,SVs,CNV_YDL227C_Cov0.75,4,46271,3.54E-06,0.16297586,0.03492051,0.0066422,Distant
Transcriptomics,YKL057C.RNASeq,SNPs,SNP_chromosome5_561468_C_T,5,561468,2.16E-06,0.1926902,0.04040475,0.0089261,Distant
Proteomics,YKL058W.SMProt,SNPs,SNP_chromosome8_53413_A_C,8,53413,8.75E-07,0.2958577,0.05964067,0.01864042,Distant
Transcriptomics,YKL059C.RNASeq,SNPs,SNP_chromosome11_329569_A_C,11,329569,6.29E-08,0.30375085,0.0556694,0.04890909,Local
Transcriptomics,YKL061W.RNASeq,SNPs,SNP_chromosome11_326243_T_C,11,326243,1.80E-08,0.28646995,0.05041807,0.0496341,Local
Transcriptomics,YKL061W.RNASeq,SNPs,SNP_chromosome5_531300_T_A,5,531300,4.91E-06,0.23382165,0.0508698,0.01903754,Distant
Transcriptomics,YKL063C.RNASeq,SNPs,SNP_chromosome11_561047_T_C,11,561047,1.73E-06,0.29603318,0.06148991,0.08234232,Distant
Transcriptomics,YKL063C.RNASeq,SNPs,SNP_chromosome13_582716_T_C,13,582716,1.99E-06,0.31710047,0.06625969,0.09372017,Distant
Transcriptomics,YKL065W-A.RNASeq,SNPs,SNP_chromosome15_528166_G_A,15,528166,5.58E-07,0.26983061,0.05351947,0.01480936,Distant
Transcriptomics,YKL067W.RNASeq,SNPs,SNP_chromosome11_136898_T_C,11,136898,7.31E-06,0.22070407,0.04892508,0.03805204,Distant
Transcriptomics,YKL067W.RNASeq,SNPs,SNP_chromosome6_155140_G_A,6,155140,7.50E-06,0.18445856,0.04094129,0.02689063,Distant
Proteomics,YKL067W.SMProt,SNPs,SNP_chromosome11_315564_A_G,11,315564,2.04E-06,0.2438316,0.05092345,0.00900696,Local
Transcriptomics,YKL068W-A.RNASeq,SNPs,SNP_chromosome12_156073_A_G,12,156073,2.74E-06,0.31594752,0.06694309,0.05168468,Distant
Transcriptomics,YKL069W.RNASeq,SNPs,SNP_chromosome3_71247_C_T,3,71247,4.75E-07,0.31633474,0.06235074,0.09021186,Distant
Proteomics,YKL069W.SMProt,SNPs,SNP_chromosome13_263341_C_T,13,263341,4.72E-06,-0.1667242,0.03615495,0.00570847,Distant
Proteomics,YKL069W.SMProt,SNPs,SNP_chromosome16_499778_A_G,16,499778,4.95E-06,0.17874892,0.03884858,0.00751539,Distant
Transcriptomics,YKL070W.RNASeq,SNPs,SNP_chromosome11_306879_G_A,11,306879,1.98E-26,-0.6023316,0.05481455,0.2382138,Local
Transcriptomics,YKL070W.RNASeq,INDELs,INDEL_chromosome11_304852,11,304852,4.07E-18,-0.5433112,0.06127969,0.2481422,Local
Transcriptomics,YKL070W.RNASeq,INDELs,INDEL_chromosome11_306688,11,306688,1.68E-17,-0.4774446,0.05492599,0.13141286,Local
Transcriptomics,YKL070W.RNASeq,SNPs,SNP_chromosome11_304104_C_A,11,304104,1.30E-11,-0.3406878,0.04967189,0.06308488,Local
Transcriptomics,YKL070W.RNASeq,SNPs,SNP_chromosome11_306444_G_A,11,306444,4.81E-10,-0.3052626,0.0484905,0.03276077,Local
Transcriptomics,YKL070W.RNASeq,SNPs,SNP_chromosome11_294700_C_T,11,294700,2.29E-08,-0.3040396,0.0539142,0.01932601,Local
Transcriptomics,YKL070W.RNASeq,SNPs,SNP_chromosome11_297875_G_A,11,297875,2.41E-08,-0.2698761,0.04793473,0.0307485,Local
Transcriptomics,YKL070W.RNASeq,SNPs,SNP_chromosome11_389964_C_T,11,389964,5.36E-08,-0.2754637,0.05021314,0.02865839,Distant
Transcriptomics,YKL070W.RNASeq,SNPs,SNP_chromosome11_296422_A_G,11,296422,1.43E-07,-0.2778114,0.05237463,0.01701004,Local
Transcriptomics,YKL070W.RNASeq,SNPs,SNP_chromosome13_622544_C_A,13,622544,4.16E-07,0.21203185,0.04157778,0.01237087,Distant
Transcriptomics,YKL070W.RNASeq,SNPs,SNP_chromosome13_622439_C_T,13,622439,4.72E-07,0.21181582,0.04173871,0.02267568,Distant
Transcriptomics,YKL070W.RNASeq,SNPs,SNP_chromosome11_298778_A_G,11,298778,4.42E-06,-0.2517149,0.05449382,0.02885815,Local
Transcriptomics,YKL071W.RNASeq,SNPs,SNP_chromosome11_305339_A_G,11,305339,5.91E-08,-0.3236319,0.05918698,0.0785908,Local
Transcriptomics,YKL078W.RNASeq,SNPs,SNP_chromosome11_289102_C_T,11,289102,7.46E-07,0.25319268,0.05079579,0.04179965,Local
Transcriptomics,YKL078W.RNASeq,SNPs,SNP_chromosome7_655851_C_T,7,655851,1.55E-06,0.18890209,0.0390526,0.00649921,Distant
Transcriptomics,YKL079W.RNASeq,SNPs,SNP_chromosome13_285841_C_T,13,285841,2.61E-06,-0.2507786,0.05302424,0.01171686,Distant
Transcriptomics,YKL080W.RNASeq,SNPs,SNP_chromosome12_1008873_A_T,12,1008873,1.92E-07,-0.2591301,0.04938032,0.06567228,Distant
Transcriptomics,YKL080W.RNASeq,SNPs,SNP_chromosome16_377196_T_C,16,377196,2.61E-07,0.21659735,0.04173487,0.0081848,Distant
Proteomics,YKL080W.SCProt,SNPs,SNP_chromosome5_428230_T_C,5,428230,3.01E-06,0.28180522,0.05994134,0.05623389,Distant
Proteomics,YKL080W.SCProt,SNPs,SNP_chromosome6_176777_A_G,6,176777,4.43E-06,0.19972265,0.04323338,0.00641251,Distant
Transcriptomics,YKL081W.RNASeq,SVs,CNV_YGL232W_Cov1.25,7,62075,7.62E-07,-0.1824184,0.03662769,0.00743338,Distant
Proteomics,YKL081W.SMProt,SNPs,SNP_chromosome11_282982_T_C,11,282982,2.85E-06,0.34438414,0.07298647,0.10800681,Local
Transcriptomics,YKL082C.RNASeq,SNPs,SNP_chromosome4_327242_G_A,4,327242,2.65E-06,0.28566752,0.06044097,0.07324791,Distant
Transcriptomics,YKL082C.RNASeq,SVs,CNV_YKR092C_Cov0.25,11,612665,4.73E-06,0.25266575,0.05487194,0.05675555,Distant
Transcriptomics,YKL082C.RNASeq,SNPs,SNP_chromosome15_237076_G_A,15,237076,5.62E-06,0.29653282,0.06491964,0.07309121,Distant
Transcriptomics,YKL084W.RNASeq,SVs,CNV_YHL001W_Cov2.25,8,104277,3.75E-07,0.20514781,0.04007267,0.00808293,Distant
Transcriptomics,YKL084W.RNASeq,SNPs,SNP_chromosome11_280607_T_C,11,280607,7.39E-07,-0.2330649,0.04673989,0.02170483,Local
Proteomics,YKL085W.SMProt,SNPs,SNP_chromosome15_209366_C_A,15,209366,7.79E-07,0.34587044,0.06939797,0.02047307,Distant
Proteomics,YKL085W.SMProt,SNPs,SNP_chromosome13_612492_C_T,13,612492,2.95E-06,0.26236622,0.05569327,0.03424761,Distant
Transcriptomics,YKL086W.RNASeq,SNPs,SNP_chromosome11_277761_G_A,11,277761,3.53E-08,0.36159794,0.06501353,0.10800563,Local
Transcriptomics,YKL086W.RNASeq,SNPs,SNP_chromosome11_297401_C_T,11,297401,2.30E-06,0.30167541,0.0634333,0.0743277,Local
Transcriptomics,YKL086W.RNASeq,SNPs,SNP_chromosome11_296492_C_T,11,296492,3.28E-06,0.26222941,0.05600725,0.04110987,Local
Transcriptomics,YKL086W.RNASeq,SNPs,SNP_chromosome11_276446_G_A,11,276446,5.86E-06,0.28159086,0.06176879,0.04957262,Local
Transcriptomics,YKL089W.RNASeq,SNPs,SNP_chromosome11_275068_G_A,11,275068,7.57E-20,0.36797187,0.0394061,0.07211039,Local
Transcriptomics,YKL089W.RNASeq,SNPs,SNP_chromosome11_275058_T_C,11,275058,9.74E-10,0.2314648,0.03745485,0.01151341,Local
Transcriptomics,YKL089W.RNASeq,SNPs,SNP_chromosome6_245724_A_G,6,245724,5.44E-07,-0.2033618,0.04029358,0.00870509,Distant
Transcriptomics,YKL095W.RNASeq,SVs,CNV_YX02249_Cov0.25,11,618964,4.87E-06,0.27553797,0.05992235,0.07019265,Distant
Transcriptomics,YKL096C-B.RNASeq,SNPs,SNP_chromosome15_860651_T_G,15,860651,5.98E-07,0.2921124,0.05809362,0.05844163,Distant
Transcriptomics,YKL096W.RNASeq,SNPs,SNP_chromosome11_260961_T_C,11,260961,7.67E-13,0.32353201,0.04448324,0.07701762,Local
Transcriptomics,YKL096W.RNASeq,SNPs,SNP_chromosome11_259285_C_A,11,259285,3.14E-12,-0.449018,0.06352026,0.18607817,Local
Transcriptomics,YKL096W.RNASeq,INDELs,INDEL_chromosome11_258709,11,258709,2.96E-08,-0.3516016,0.06286291,0.11546257,Local
Transcriptomics,YKL096W.RNASeq,SNPs,SNP_chromosome13_587844_G_A,13,587844,4.79E-06,-0.2040592,0.04434229,0.01373598,Distant
Transcriptomics,YKL098W.RNASeq,SNPs,SNP_chromosome12_123810_A_G,12,123810,8.55E-07,0.21006922,0.04237643,0.00727141,Distant
Transcriptomics,YKL103C.RNASeq,SNPs,SNP_chromosome13_119408_T_G,13,119408,2.99E-06,-0.1857803,0.03951766,0.0229038,Distant
Proteomics,YKL103C.SCProt,SVs,CNV_YLR466C-B_Cov2.75,12,1071594,1.78E-06,-0.2088455,0.04342088,0.01551093,Distant
Proteomics,YKL103C.SCProt,SNPs,SNP_chromosome7_995361_C_T,7,995361,4.38E-06,-0.2946557,0.06375475,0.03895952,Distant
Proteomics,YKL103C.SMProt,SNPs,SNP_chromosome15_557431_T_A,15,557431,8.08E-07,-0.1982396,0.03983416,0.01855365,Distant
Proteomics,YKL103C.SMProt,SNPs,SNP_chromosome9_57006_G_A,9,57006,2.07E-06,-0.1794091,0.03749125,0.01434724,Distant
Transcriptomics,YKL104C.RNASeq,SNPs,SNP_chromosome4_1138340_C_T,4,1138340,3.71E-06,0.21551458,0.04628704,0.00958921,Distant
Proteomics,YKL104C.SMProt,SVs,CNV_YX02983_Cov1.25,14,772900,1.04E-06,-0.1939768,0.03938212,0.00927541,Distant
Proteomics,YKL104C.SMProt,SNPs,SNP_chromosome4_193214_T_A,4,193214,2.40E-06,-0.3849601,0.08096803,0.13113962,Distant
Transcriptomics,YKL108W.RNASeq,SNPs,SNP_chromosome9_160514_T_C,9,160514,6.54E-06,-0.2533166,0.05585688,0.04104671,Distant
Transcriptomics,YKL113C.RNASeq,SNPs,SNP_chromosome12_210539_A_G,12,210539,1.37E-06,-0.1740386,0.03579113,0.00559022,Distant
Transcriptomics,YKL114C.RNASeq,SNPs,SNP_chromosome14_102701_A_G,14,102701,5.62E-07,0.362603,0.071938,0.03267064,Distant
Transcriptomics,YKL116C.RNASeq,SNPs,SNP_chromosome10_605846_G_A,10,605846,2.55E-06,-0.2876023,0.06074229,0.03324979,Distant
Transcriptomics,YKL117W.RNASeq,SNPs,SNP_chromosome2_317687_G_A,2,317687,1.69E-06,-0.2431934,0.05046296,0.01350683,Distant
Proteomics,YKL117W.SMProt,SNPs,SNP_chromosome14_444698_A_G,14,444698,2.22E-06,0.2223425,0.04660952,0.00886588,Distant
Transcriptomics,YKL119C.RNASeq,SNPs,SNP_chromosome15_586701_A_C,15,586701,3.18E-08,0.19745578,0.03538229,0.01927758,Distant
Transcriptomics,YKL119C.RNASeq,SNPs,SNP_chromosome11_211477_A_C,11,211477,1.16E-07,0.22597796,0.04229658,0.04549151,Local
Transcriptomics,YKL119C.RNASeq,SNPs,SNP_chromosome11_230159_T_C,11,230159,2.30E-06,-0.2960304,0.06224797,0.08079488,Local
Transcriptomics,YKL123W.RNASeq,SNPs,SNP_chromosome2_273293_C_T,2,273293,7.90E-08,-0.3064524,0.05659862,0.02118906,Distant
Transcriptomics,YKL123W.RNASeq,SNPs,SNP_chromosome10_603708_G_A,10,603708,4.76E-06,-0.2823645,0.06133886,0.02693242,Distant
Transcriptomics,YKL125W.RNASeq,SNPs,SNP_chromosome9_160514_T_C,9,160514,3.10E-06,-0.2585134,0.05507088,0.04274811,Distant
Transcriptomics,YKL126W.RNASeq,INDELs,INDEL_chromosome14_337997,14,337997,3.25E-06,0.30927622,0.06603068,0.05256941,Distant
Transcriptomics,YKL127W.RNASeq,SNPs,SNP_chromosome16_81720_G_A,16,81720,1.16E-07,0.29561881,0.05533365,0.0135069,Distant
Transcriptomics,YKL127W.RNASeq,SNPs,SNP_chromosome11_204662_A_G,11,204662,4.31E-06,0.22548677,0.04875752,0.00846286,Local
Transcriptomics,YKL129C.RNASeq,SNPs,SNP_chromosome13_330962_T_C,13,330962,2.92E-06,0.21410909,0.04549405,0.03650674,Distant
Transcriptomics,YKL132C.RNASeq,SNPs,SNP_chromosome11_194991_T_C,11,194991,2.84E-06,-0.2398306,0.05089741,0.03605937,Local
Transcriptomics,YKL134C.RNASeq,SNPs,SNP_chromosome12_951524_T_C,12,951524,4.87E-06,0.30985973,0.06738526,0.05013423,Distant
Proteomics,YKL135C.SMProt,SVs,CNV_YX02827_Cov2.25,14,1042,2.73E-06,0.19599982,0.0414596,0.01708262,Distant
Transcriptomics,YKL136W.RNASeq,SNPs,SNP_chromosome11_186423_G_A,11,186423,6.70E-15,0.48268603,0.06089788,0.20764337,Local
Transcriptomics,YKL137W.RNASeq,SVs,CNV_YBR291C_Cov1.25,2,783673,2.08E-06,0.18331017,0.03837684,0.00711396,Distant
Transcriptomics,YKL138C-A.RNASeq,SNPs,SNP_chromosome16_41705_C_T,16,41705,3.09E-06,-0.2627563,0.05597368,0.02853833,Distant
Transcriptomics,YKL138C.RNASeq,SNPs,SNP_chromosome11_185280_T_C,11,185280,3.81E-06,-0.2009201,0.04320326,0.03429583,Local
Transcriptomics,YKL139W.RNASeq,SNPs,SNP_chromosome12_919791_G_A,12,919791,3.85E-06,-0.2668844,0.05741217,0.01436508,Distant
Transcriptomics,YKL140W.RNASeq,SNPs,SNP_chromosome11_180774_G_A,11,180774,2.48E-08,0.26416898,0.04696281,0.05764571,Local
Transcriptomics,YKL142W.RNASeq,SNPs,SNP_chromosome11_178613_G_A,11,178613,4.44E-07,0.23803783,0.04679724,0.05315825,Local
Transcriptomics,YKL142W.RNASeq,SNPs,SNP_chromosome11_178383_G_A,11,178383,1.62E-06,-0.2104373,0.04358412,0.03796692,Local
Transcriptomics,YKL142W.RNASeq,SNPs,SNP_chromosome11_179341_G_A,11,179341,3.46E-06,0.20770709,0.0444692,0.03442014,Local
Proteomics,YKL142W.SCProt,SNPs,SNP_chromosome16_600877_C_A,16,600877,3.43E-06,0.1711638,0.03662356,0.00956658,Distant
Transcriptomics,YKL144C.RNASeq,SNPs,SNP_chromosome6_43129_T_C,6,43129,5.34E-06,0.22784607,0.04976077,0.01713234,Distant
Proteomics,YKL145W.SMProt,SNPs,SNP_chromosome8_165485_G_A,8,165485,4.79E-07,0.37800313,0.07440291,0.0284789,Distant
Proteomics,YKL145W.SMProt,SVs,CNV_YX03405_Cov0.25,17,6943,7.24E-07,-0.3136535,0.06274925,0.03392472,Distant
Proteomics,YKL145W.SMProt,SNPs,SNP_chromosome4_1185943_A_G,4,1185943,1.94E-06,0.33074178,0.06893067,0.02876527,Distant
Proteomics,YKL151C.SMProt,SNPs,SNP_chromosome15_1031150_G_A,15,1031150,1.94E-06,0.25714232,0.05358653,0.06331355,Distant
Proteomics,YKL151C.SMProt,SNPs,SNP_chromosome15_587140_C_T,15,587140,2.78E-06,-0.194853,0.04125129,0.02401489,Distant
Transcriptomics,YKL154W.RNASeq,SVs,CNV_YBR250W_Cov1.25,2,719033,2.54E-07,-0.1856136,0.03573217,0.00675296,Distant
Transcriptomics,YKL161C.RNASeq,SVs,CNV_YX02074_Cov0.25,10,693249,9.23E-07,0.26000726,0.05261213,0.06079139,Distant
Transcriptomics,YKL162C-A.RNASeq,SNPs,SNP_chromosome11_145747_C_T,11,145747,5.66E-07,-0.3455574,0.068576,0.11134427,Local
Transcriptomics,YKL162C-A.RNASeq,INDELs,INDEL_chromosome11_145726,11,145726,1.22E-06,-0.3331957,0.06819443,0.10350844,Local
Transcriptomics,YKL162C-A.RNASeq,SNPs,SNP_chromosome9_249521_C_T,9,249521,1.49E-06,0.28677535,0.05919504,0.01590643,Distant
Transcriptomics,YKL162C-A.RNASeq,SVs,CNV_YKL163W_Cov0.25,11,144401,1.83E-06,-0.2905139,0.06048639,0.09145196,Local
Transcriptomics,YKL163W.RNASeq,SNPs,SNP_chromosome16_757137_C_T,16,757137,1.05E-07,-0.2258863,0.04212639,0.01198172,Distant
Transcriptomics,YKL163W.RNASeq,SNPs,SNP_chromosome2_149182_A_G,2,149182,1.87E-07,-0.2291385,0.04362368,0.04563039,Distant
Transcriptomics,YKL163W.RNASeq,SNPs,SNP_chromosome13_160665_G_A,13,160665,2.72E-06,-0.3233155,0.06848454,0.08527592,Distant
Transcriptomics,YKL165C.RNASeq,SNPs,SNP_chromosome2_214801_G_A,2,214801,6.93E-07,0.29206337,0.05842455,0.07712321,Distant
Proteomics,YKL165C.SMProt,SNPs,SNP_chromosome16_908447_G_A,16,908447,4.90E-08,0.34315758,0.06224688,0.02433389,Distant
Transcriptomics,YKL171W.RNASeq,SNPs,SNP_chromosome3_65398_G_A,3,65398,2.12E-06,0.2304436,0.048278,0.01455183,Distant
Proteomics,YKL172W.SMProt,SNPs,SNP_chromosome12_261488_A_G,12,261488,3.71E-07,-0.3034477,0.0591447,0.03184085,Distant
Transcriptomics,YKL178C.RNASeq,SVs,CNV_YX00433_Cov1.25,3,190232,5.88E-18,0.30180924,0.03421723,0.05285835,Distant
Transcriptomics,YKL178C.RNASeq,SNPs,SNP_chromosome11_113529_T_G,11,113529,9.16E-18,0.34697094,0.03957993,0.05525991,Local
Transcriptomics,YKL178C.RNASeq,SVs,CNV_YX00594_Cov0.25,4,46858,8.71E-13,0.2482793,0.03422271,0.0128092,Distant
Transcriptomics,YKL178C.RNASeq,SNPs,SNP_chromosome11_112117_G_A,11,112117,1.44E-09,0.25949971,0.04243322,0.05289272,Local
Transcriptomics,YKL178C.RNASeq,SVs,CNV_YCL066W_Cov1.75,3,13282,5.81E-08,0.18000785,0.03290222,0.03007715,Distant
Transcriptomics,YKL178C.RNASeq,SNPs,SNP_chromosome11_112116_G_A,11,112116,4.88E-07,-0.2341685,0.04620483,0.05127602,Local
Transcriptomics,YKL178C.RNASeq,SNPs,SNP_chromosome11_111701_C_T,11,111701,1.73E-06,-0.2059085,0.04276883,0.02598628,Local
Proteomics,YKL180W.SMProt,SNPs,SNP_chromosome6_80725_A_T,6,80725,3.45E-06,0.20353337,0.0435047,0.02865019,Distant
Transcriptomics,YKL181W.RNASeq,SNPs,SNP_chromosome7_655851_C_T,7,655851,1.10E-06,0.18871373,0.03845718,0.00648626,Distant
Proteomics,YKL181W.SCProt,SNPs,SNP_chromosome4_144646_T_C,4,144646,2.44E-06,0.16869047,0.03554928,0.01284358,Distant
Proteomics,YKL181W.SMProt,SNPs,SNP_chromosome5_63784_C_T,5,63784,1.14E-06,-0.2697047,0.05495216,0.03139547,Distant
Transcriptomics,YKL182W.RNASeq,SNPs,SNP_chromosome15_844373_G_A,15,844373,3.38E-06,-0.1807948,0.03866605,0.0213704,Distant
Transcriptomics,YKL183C-A.RNASeq,SNPs,SNP_chromosome11_98109_C_T,11,98109,5.08E-07,0.28153207,0.05563446,0.05860497,Local
Transcriptomics,YKL183C-A.RNASeq,SNPs,SNP_chromosome13_626128_A_G,13,626128,3.26E-06,-0.2012453,0.04296861,0.00774973,Distant
Transcriptomics,YKL183W.RNASeq,SNPs,SNP_chromosome11_98981_C_T,11,98981,4.55E-11,0.27347777,0.04101658,0.05063055,Local
Transcriptomics,YKL183W.RNASeq,INDELs,INDEL_chromosome11_98642,11,98642,2.03E-10,0.24423174,0.0379628,0.04052098,Local
Transcriptomics,YKL183W.RNASeq,SNPs,SNP_chromosome11_97410_C_T,11,97410,9.75E-07,-0.2010853,0.04077997,0.03257202,Local
Transcriptomics,YKL183W.RNASeq,SNPs,SNP_chromosome11_98419_A_C,11,98419,2.48E-06,-0.2079977,0.04387778,0.03543045,Local
Transcriptomics,YKL183W.RNASeq,SNPs,SNP_chromosome11_98088_G_A,11,98088,3.67E-06,0.18594281,0.03991715,0.01251509,Local
Transcriptomics,YKL185W.RNASeq,SNPs,SNP_chromosome2_690620_C_T,2,690620,2.89E-06,-0.2582053,0.05483524,0.01594463,Distant
Transcriptomics,YKL185W.RNASeq,SVs,SV_5244_DEL_chromosome13_600892_len_-698,13,600892,3.09E-06,-0.187685,0.0399794,0.0127186,Distant
Transcriptomics,YKL185W.RNASeq,SNPs,SNP_chromosome4_540969_C_T,4,540969,5.81E-06,-0.2096589,0.04596998,0.00832104,Distant
Transcriptomics,YKL191W.RNASeq,SNPs,SNP_chromosome7_655851_C_T,7,655851,2.00E-06,0.18673995,0.039029,0.00635129,Distant
Transcriptomics,YKL195W.RNASeq,SVs,SV_3149_CONTR_chromosome8_214253_len_1985,8,214253,2.01E-06,0.17853554,0.03731669,0.00634741,Distant
Proteomics,YKL196C.SCProt,SNPs,SNP_chromosome4_265522_C_T,4,265522,3.79E-06,0.15301998,0.03288849,0.00426026,Distant
Proteomics,YKL196C.SMProt,SNPs,SNP_chromosome15_678705_C_T,15,678705,1.84E-06,-0.1928058,0.04009138,0.02025129,Distant
Proteomics,YKL196C.SMProt,INDELs,INDEL_chromosome15_678474,15,678474,2.08E-06,-0.1929036,0.04032226,0.02069014,Distant
Transcriptomics,YKL201C.RNASeq,SNPs,SNP_chromosome11_69153_C_T,11,69153,6.18E-07,0.34335069,0.06837089,0.0996357,Local
Transcriptomics,YKL201C.RNASeq,SNPs,SNP_chromosome3_118783_A_G,3,118783,2.50E-06,-0.143846,0.03035248,0.00649912,Distant
Transcriptomics,YKL202W.RNASeq,SNPs,SNP_chromosome11_69153_C_T,11,69153,2.12E-07,0.3522462,0.06735837,0.10520522,Local
Transcriptomics,YKL202W.RNASeq,SNPs,SNP_chromosome6_73792_A_G,6,73792,1.01E-06,-0.3188863,0.06475036,0.02295984,Distant
Transcriptomics,YKL202W.RNASeq,SNPs,SNP_chromosome15_424697_A_G,15,424697,3.32E-06,0.23863074,0.05099707,0.02467158,Distant
Transcriptomics,YKL203C.RNASeq,SNPs,SNP_chromosome1_92566_T_C,1,92566,9.04E-07,-0.1971325,0.03985546,0.00765564,Distant
Proteomics,YKL204W.SMProt,SNPs,SNP_chromosome3_103758_C_T,3,103758,2.68E-06,-0.2783869,0.05884392,0.01691759,Distant
Proteomics,YKL206C.SMProt,SNPs,SNP_chromosome11_49741_C_T,11,49741,3.31E-07,0.20672765,0.04011863,0.02822814,Local
Transcriptomics,YKL209C.RNASeq,SVs,CNV_YCL066W_Cov1.25,3,13282,9.97E-19,0.34785407,0.0385039,0.08341363,Distant
Transcriptomics,YKL209C.RNASeq,SVs,CNV_YX00455_Cov0.75,3,199369,1.02E-12,0.25027275,0.03460581,0.05472145,Distant
Transcriptomics,YKL209C.RNASeq,SVs,CNV_YX00433_Cov1.75,3,190232,3.25E-12,0.24415935,0.03456382,0.04898384,Distant
Proteomics,YKL210W.SMProt,SNPs,SNP_chromosome11_39160_G_T,11,39160,4.56E-21,0.55758347,0.05738562,0.28273169,Local
Proteomics,YKL210W.SMProt,SNPs,SNP_chromosome11_448144_G_A,11,448144,1.85E-07,-0.2282635,0.04336083,0.03298739,Distant
Proteomics,YKL210W.SMProt,SNPs,SNP_chromosome11_448103_G_A,11,448103,2.39E-07,0.26222563,0.0502811,0.0581497,Distant
Transcriptomics,YKL213C.RNASeq,SNPs,SNP_chromosome3_249389_A_G,3,249389,2.01E-06,0.16470006,0.03442473,0.00468502,Distant
Transcriptomics,YKL215C.RNASeq,SVs,CNV_YKL215C_Cov1.25,11,26827,1.62E-10,0.26789183,0.04140781,0.03762485,Local
Transcriptomics,YKL215C.RNASeq,SNPs,SNP_chromosome11_28487_G_A,11,28487,1.03E-07,0.32150258,0.05992365,0.06726356,Local
Transcriptomics,YKL215C.RNASeq,SNPs,SNP_chromosome11_19617_T_C,11,19617,4.26E-07,0.23498538,0.04612157,0.01976492,Local
Transcriptomics,YKL215C.RNASeq,SNPs,SNP_chromosome11_15597_T_C,11,15597,1.50E-06,0.1958103,0.04042514,0.01268385,Local
Transcriptomics,YKL215C.RNASeq,SNPs,SNP_chromosome5_491806_T_C,5,491806,3.32E-06,-0.1694906,0.03622059,0.01622218,Distant
Transcriptomics,YKL215C.RNASeq,INDELs,INDEL_chromosome11_15786,11,15786,3.86E-06,0.1943847,0.0418229,0.01587852,Local
Transcriptomics,YKL215C.RNASeq,SVs,CNV_YKL220C_Cov1.25,11,9091,5.11E-06,0.17963786,0.03915193,0.0119645,Local
Transcriptomics,YKL216W.RNASeq,SNPs,SNP_chromosome11_319143_T_C,11,319143,1.25E-06,0.2430568,0.04980054,0.05122618,Distant
Proteomics,YKL216W.SCProt,SNPs,SNP_chromosome16_54616_T_C,16,54616,4.39E-06,0.20707984,0.0448091,0.01574492,Distant
Transcriptomics,YKL217W.RNASeq,SNPs,SNP_chromosome15_727817_C_T,15,727817,3.97E-06,0.28825207,0.06210084,0.04545942,Distant
Transcriptomics,YKL218C.RNASeq,SNPs,SNP_chromosome11_18574_A_G,11,18574,2.63E-18,-0.3612891,0.04051261,0.1181637,Local
Transcriptomics,YKL218C.RNASeq,SNPs,SNP_chromosome11_17206_T_A,11,17206,1.09E-15,0.3280268,0.04017697,0.09986747,Local
Transcriptomics,YKL218C.RNASeq,SNPs,SNP_chromosome11_17941_C_T,11,17941,1.92E-15,-0.2692549,0.03327875,0.03150935,Local
Transcriptomics,YKL218C.RNASeq,SNPs,SNP_chromosome11_18606_A_T,11,18606,5.03E-14,-0.2338014,0.03054571,0.0175251,Local
Transcriptomics,YKL218C.RNASeq,SNPs,SNP_chromosome11_18001_G_T,11,18001,9.42E-14,0.32090158,0.04240292,0.08952539,Local
Transcriptomics,YKL218C.RNASeq,SNPs,SNP_chromosome11_18968_G_A,11,18968,6.28E-13,-0.2638885,0.03614139,0.040812,Local
Transcriptomics,YKL218C.RNASeq,SNPs,SNP_chromosome11_16750_G_A,11,16750,9.89E-10,-0.2145866,0.03473817,0.02518138,Local
Transcriptomics,YKL218C.RNASeq,SNPs,SNP_chromosome11_19074_C_T,11,19074,1.18E-09,0.25724911,0.04183869,0.0588907,Local
Transcriptomics,YKL218C.RNASeq,SNPs,SNP_chromosome11_19921_A_G,11,19921,9.54E-09,-0.205756,0.03551441,0.02301835,Local
Transcriptomics,YKL218C.RNASeq,INDELs,INDEL_chromosome11_16984,11,16984,3.43E-08,-0.190935,0.03429896,0.01913661,Local
Transcriptomics,YKL219W.RNASeq,SNPs,SNP_chromosome11_12572_T_G,11,12572,1.12E-18,0.39953973,0.04428615,0.14618518,Local
Transcriptomics,YKL219W.RNASeq,SNPs,SNP_chromosome11_13004_A_T,11,13004,5.78E-17,-0.3114531,0.03647259,0.05099013,Local
Transcriptomics,YKL219W.RNASeq,SNPs,SNP_chromosome11_15300_G_A,11,15300,9.32E-11,-0.2645521,0.04034958,0.0304288,Local
Transcriptomics,YKL219W.RNASeq,SNPs,SNP_chromosome11_15315_C_A,11,15315,1.43E-09,-0.2092253,0.03420858,0.01130567,Local
Transcriptomics,YKL219W.RNASeq,SNPs,SNP_chromosome11_6833_G_T,11,6833,5.13E-08,0.23748244,0.04322702,0.04787801,Local
Transcriptomics,YKL219W.RNASeq,SNPs,SNP_chromosome7_659437_T_C,7,659437,5.17E-07,0.24309809,0.04807276,0.05475988,Distant
Transcriptomics,YKL219W.RNASeq,SNPs,SNP_chromosome16_395066_A_G,16,395066,5.75E-07,-0.1789691,0.0355359,0.00590803,Distant
Transcriptomics,YKL219W.RNASeq,SVs,SV_1743_INS_chromosome5_6793_len_1906,5,6793,1.05E-06,-0.1641518,0.03339404,0.01307638,Distant
Transcriptomics,YKL219W.RNASeq,SNPs,SNP_chromosome10_551230_C_T,10,551230,1.11E-06,0.23006594,0.04690934,0.04041098,Distant
Transcriptomics,YKL219W.RNASeq,SNPs,SNP_chromosome11_51472_T_C,11,51472,1.58E-06,0.24514624,0.0507243,0.05367619,Distant
Transcriptomics,YKL220C.RNASeq,SNPs,SNP_chromosome12_1051903_T_C,12,1051903,1.49E-06,0.1800877,0.03716701,0.01386245,Distant
Transcriptomics,YKL221W.RNASeq,SVs,CNV_YOR387C_Cov0.25,15,1069621,1.91E-10,0.24838249,0.03854567,0.03658138,Distant
Transcriptomics,YKL221W.RNASeq,SVs,CNV_YKL222C_Cov2.75,11,3503,5.71E-07,0.21373873,0.04242946,0.01028532,Local
Transcriptomics,YKL221W.RNASeq,SNPs,SNP_chromosome15_844406_G_A,15,844406,1.97E-06,-0.1899897,0.03967641,0.03044309,Distant
Transcriptomics,YKL221W.RNASeq,SNPs,SNP_chromosome12_205884_A_G,12,205884,2.82E-06,0.25803221,0.05473802,0.01258365,Distant
Transcriptomics,YKL221W.RNASeq,SNPs,SNP_chromosome7_982687_C_T,7,982687,4.39E-06,0.19213657,0.04158271,0.03459966,Distant
Transcriptomics,YKL222C.RNASeq,SVs,CNV_YOR381W-A_Cov0.75,15,1058423,2.25E-13,0.2940245,0.03948061,0.05257957,Distant
Transcriptomics,YKL222C.RNASeq,SVs,CNV_YKL222C_Cov1.75,11,3503,5.37E-09,0.21674054,0.03677773,0.02908947,Local
Transcriptomics,YKL222C.RNASeq,SNPs,SNP_chromosome15_1051440_G_A,15,1051440,2.14E-08,0.23179266,0.04101568,0.03178025,Distant
Transcriptomics,YKL222C.RNASeq,INDELs,INDEL_chromosome15_1048882,15,1048882,2.97E-07,0.21317844,0.04127398,0.01305403,Distant
Transcriptomics,YKL222C.RNASeq,SNPs,SNP_chromosome14_162041_A_G,14,162041,2.22E-06,0.38020153,0.0798082,0.03453308,Distant
Proteomics,YKR001C.SMProt,SVs,CNV_YFL060C_Cov2.25,6,10301,1.86E-06,-0.1839219,0.03826076,0.0228237,Distant
Proteomics,YKR003W.SMProt,SNPs,SNP_chromosome11_445373_A_G,11,445373,1.54E-15,-0.2799852,0.0343382,0.01381416,Local
Transcriptomics,YKR004C.RNASeq,SNPs,SNP_chromosome2_741211_G_A,2,741211,2.82E-07,0.30293491,0.05854487,0.02052809,Distant
Transcriptomics,YKR007W.RNASeq,SNPs,SNP_chromosome14_691878_T_C,14,691878,5.20E-06,-0.1828127,0.03987797,0.02604907,Distant
Transcriptomics,YKR007W.RNASeq,SNPs,SNP_chromosome12_370501_G_C,12,370501,6.08E-06,-0.177101,0.03891558,0.0216483,Distant
Transcriptomics,YKR011C.RNASeq,SNPs,SNP_chromosome4_848316_A_G,4,848316,2.06E-06,-0.1908298,0.03993524,0.0186193,Distant
Transcriptomics,YKR013W.RNASeq,SNPs,SNP_chromosome11_463701_A_G,11,463701,4.92E-31,-0.4456923,0.03702792,0.12229779,Local
Transcriptomics,YKR013W.RNASeq,SNPs,SNP_chromosome12_760199_A_G,12,760199,1.74E-06,-0.1743581,0.03622676,0.01400596,Distant
Transcriptomics,YKR014C.RNASeq,SNPs,SNP_chromosome2_285688_A_G,2,285688,1.90E-06,0.26351154,0.05494617,0.0200332,Distant
Transcriptomics,YKR014C.RNASeq,SNPs,SNP_chromosome2_124505_A_G,2,124505,3.80E-06,-0.210499,0.04525951,0.0155272,Distant
Transcriptomics,YKR015C.RNASeq,SNPs,SNP_chromosome11_467127_T_C,11,467127,4.87E-08,-0.2512378,0.04565375,0.05507421,Local
Transcriptomics,YKR015C.RNASeq,SNPs,SNP_chromosome11_471301_C_T,11,471301,1.22E-07,-0.3094685,0.05802441,0.06650107,Local
Transcriptomics,YKR015C.RNASeq,SNPs,SNP_chromosome11_467597_G_A,11,467597,3.27E-07,-0.2495436,0.04849176,0.01813823,Local
Transcriptomics,YKR015C.RNASeq,SNPs,SNP_chromosome11_250621_C_T,11,250621,6.44E-07,-0.3105969,0.06194938,0.02468357,Distant
Transcriptomics,YKR015C.RNASeq,INDELs,INDEL_chromosome11_469528,11,469528,9.25E-07,0.22006876,0.04453356,0.00761353,Local
Proteomics,YKR016W.SMProt,SNPs,SNP_chromosome13_548999_G_C,13,548999,5.97E-06,-0.2446493,0.05363899,0.05345578,Distant
Transcriptomics,YKR017C.RNASeq,SNPs,SNP_chromosome11_473718_C_T,11,473718,7.05E-11,0.39286402,0.05952771,0.13949966,Local
Transcriptomics,YKR024C.RNASeq,SNPs,SNP_chromosome7_655851_C_T,7,655851,1.36E-06,0.19137824,0.03934268,0.00667071,Distant
Transcriptomics,YKR030W.RNASeq,SNPs,SNP_chromosome6_251816_T_C,6,251816,3.24E-06,-0.2684584,0.05730839,0.06618199,Distant
Transcriptomics,YKR035C.RNASeq,SVs,CNV_YX02179_Cov0.75,11,142657,4.91E-06,0.20887556,0.04544147,0.00841142,Distant
Transcriptomics,YKR035C.RNASeq,SNPs,SNP_chromosome11_77212_A_T,11,77212,5.72E-06,0.23552787,0.05160755,0.05335811,Distant
Proteomics,YKR035W-A.SMProt,SNPs,SNP_chromosome11_527380_A_G,11,527380,4.62E-07,-0.1956228,0.03845087,0.01024924,Local
Transcriptomics,YKR038C.RNASeq,SNPs,SNP_chromosome11_513184_C_T,11,513184,3.03E-06,-0.2886594,0.06143262,0.06240839,Local
Proteomics,YKR039W.SMProt,SNPs,SNP_chromosome4_301024_G_A,4,301024,2.54E-08,-0.3045166,0.05406584,0.01258554,Distant
Transcriptomics,YKR041W.RNASeq,SNPs,SNP_chromosome4_1452093_G_A,4,1452093,5.14E-06,0.24701666,0.05385377,0.01431882,Distant
Transcriptomics,YKR042W.RNASeq,SNPs,SNP_chromosome7_702168_C_A,7,702168,2.42E-07,0.27413727,0.0526806,0.04968527,Distant
Transcriptomics,YKR046C.RNASeq,SNPs,SNP_chromosome14_424418_T_C,14,424418,3.24E-06,0.31070448,0.06632355,0.08233008,Distant
Transcriptomics,YKR047W.RNASeq,SNPs,SNP_chromosome2_552681_G_A,2,552681,8.16E-07,-0.18922,0.03806956,0.01862884,Distant
Transcriptomics,YKR047W.RNASeq,SNPs,SNP_chromosome12_320834_A_G,12,320834,1.83E-06,-0.1900632,0.0395423,0.02336114,Distant
Transcriptomics,YKR047W.RNASeq,SNPs,SNP_chromosome4_1112991_G_A,4,1112991,7.47E-06,-0.1840388,0.04081494,0.02136056,Distant
Transcriptomics,YKR048C.RNASeq,SNPs,SNP_chromosome1_59265_C_A,1,59265,1.06E-06,0.18822276,0.03830576,0.00641484,Distant
Transcriptomics,YKR048C.RNASeq,SNPs,SNP_chromosome7_254979_C_T,7,254979,2.91E-06,0.22598716,0.04801183,0.01266906,Distant
Transcriptomics,YKR048C.RNASeq,SNPs,SNP_chromosome7_413763_T_C,7,413763,3.58E-06,-0.1624321,0.03483125,0.00714794,Distant
Transcriptomics,YKR053C.RNASeq,SNPs,SNP_chromosome11_535579_G_T,11,535579,8.92E-26,0.3979385,0.03673837,0.1005278,Local
Transcriptomics,YKR055W.RNASeq,SNPs,SNP_chromosome1_146738_A_G,1,146738,2.35E-06,-0.2846907,0.05991566,0.0701528,Distant
Transcriptomics,YKR057W.RNASeq,SVs,SV_4374_DEL_chromosome11_517455_len_-330_TyRelated,11,517455,7.91E-06,-0.1788385,0.03979502,0.01348546,Distant
Transcriptomics,YKR062W.RNASeq,SNPs,SNP_chromosome9_395649_G_A,9,395649,4.87E-06,-0.1500276,0.03262659,0.00837981,Distant
Transcriptomics,YKR065C.RNASeq,SVs,CNV_YX00913_Cov36.75,4,1496120,7.10E-06,-0.1521952,0.03369146,0.01231737,Distant
Transcriptomics,YKR066C.RNASeq,SNPs,SNP_chromosome6_131665_G_A,6,131665,7.12E-07,0.26948645,0.05396306,0.01970678,Distant
Transcriptomics,YKR066C.RNASeq,SNPs,SNP_chromosome16_309958_A_G,16,309958,9.50E-07,-0.2666051,0.0540086,0.04829751,Distant
Transcriptomics,YKR066C.RNASeq,SNPs,SNP_chromosome6_169035_T_C,6,169035,1.43E-06,0.25473109,0.05247448,0.01976635,Distant
Transcriptomics,YKR069W.RNASeq,SNPs,SNP_chromosome13_613950_G_A,13,613950,6.78E-06,-0.2134927,0.04715627,0.0095365,Distant
Transcriptomics,YKR070W.RNASeq,SNPs,SNP_chromosome11_574660_C_T,11,574660,5.54E-15,-0.3244248,0.04079809,0.08223031,Local
Transcriptomics,YKR070W.RNASeq,SNPs,SNP_chromosome11_574704_G_A,11,574704,1.93E-08,-0.2008971,0.03543228,0.01231792,Local
Transcriptomics,YKR070W.RNASeq,SNPs,SNP_chromosome11_574788_T_C,11,574788,4.88E-06,0.22764422,0.0495064,0.02994811,Local
Transcriptomics,YKR071C.RNASeq,SNPs,SNP_chromosome15_271822_C_T,15,271822,1.35E-06,-0.2887319,0.05933898,0.07361429,Distant
Transcriptomics,YKR072C.RNASeq,SNPs,SNP_chromosome2_24972_C_T,2,24972,8.85E-06,-0.1899319,0.04249484,0.0061313,Distant
Transcriptomics,YKR075C.RNASeq,SNPs,SNP_chromosome11_125642_G_T,11,125642,3.48E-06,-0.1703922,0.0364909,0.0140352,Distant
Proteomics,YKR080W.SCProt,SNPs,SNP_chromosome5_311861_T_C,5,311861,1.90E-06,-0.2573634,0.053655,0.0157487,Distant
Proteomics,YKR080W.SMProt,SNPs,SNP_chromosome16_235008_T_C,16,235008,1.24E-06,0.20213802,0.04133782,0.02019349,Distant
Proteomics,YKR080W.SMProt,SNPs,SNP_chromosome12_634506_A_C,12,634506,4.06E-06,0.24516624,0.05279543,0.01685277,Distant
Transcriptomics,YKR081C.RNASeq,SNPs,SNP_chromosome7_655851_C_T,7,655851,2.69E-06,0.18127651,0.03837596,0.00598509,Distant
Proteomics,YKR081C.SMProt,SNPs,SNP_chromosome10_298915_C_T,10,298915,7.94E-06,-0.1998218,0.04441417,0.02582622,Distant
Transcriptomics,YKR087C.RNASeq,SNPs,SNP_chromosome11_604356_A_G,11,604356,6.14E-28,0.51263836,0.04521236,0.15024637,Local
Transcriptomics,YKR087C.RNASeq,SNPs,SNP_chromosome11_607271_C_T,11,607271,9.50E-09,0.23846082,0.0411545,0.02015954,Local
Transcriptomics,YKR087C.RNASeq,SNPs,SNP_chromosome11_597399_A_G,11,597399,2.06E-06,0.21206832,0.0443749,0.02957875,Local
Transcriptomics,YKR087C.RNASeq,SNPs,SNP_chromosome11_610234_T_C,11,610234,3.47E-06,0.23878385,0.05112645,0.03285149,Local
Transcriptomics,YKR090W.RNASeq,SNPs,SNP_chromosome11_608676_T_C,11,608676,4.57E-06,0.17651782,0.03827551,0.01609939,Local
Transcriptomics,YKR090W.RNASeq,SNPs,SNP_chromosome9_292353_A_C,9,292353,4.66E-06,0.16078961,0.03489386,0.00893586,Distant
Transcriptomics,YKR092C.RNASeq,SNPs,SNP_chromosome7_655851_C_T,7,655851,1.86E-06,0.18850315,0.03927386,0.00647179,Distant
Transcriptomics,YKR093W.RNASeq,SNPs,SNP_chromosome16_224865_C_T,16,224865,1.68E-07,0.27134642,0.05145396,0.02022671,Distant
Transcriptomics,YKR093W.RNASeq,SNPs,SNP_chromosome15_447362_T_C,15,447362,3.29E-06,-0.1664661,0.03556045,0.01844688,Distant
Transcriptomics,YKR094C.RNASeq,SNPs,SNP_chromosome12_585709_A_T,12,585709,3.13E-06,0.20878639,0.04449776,0.03084522,Distant
Transcriptomics,YKR095W.RNASeq,SNPs,SNP_chromosome7_147603_A_G,7,147603,1.38E-06,-0.1915479,0.0394032,0.02812588,Distant
Transcriptomics,YKR097W.RNASeq,SNPs,SNP_chromosome9_128198_C_T,9,128198,1.13E-06,-0.2866515,0.05849285,0.03535088,Distant
Transcriptomics,YKR099W.RNASeq,SNPs,SNP_chromosome14_421697_T_C,14,421697,3.63E-06,0.20652938,0.04431075,0.00835651,Distant
Transcriptomics,YKR100C.RNASeq,SNPs,SNP_chromosome7_413763_T_C,7,413763,6.21E-06,-0.1471914,0.03237628,0.00586952,Distant
Transcriptomics,YKR101W.RNASeq,SVs,CNV_YX02266_Cov1.75,11,669546,4.48E-07,0.21959992,0.04318758,0.04015956,Local
Transcriptomics,YKR101W.RNASeq,SVs,CNV_YCL073C_Cov1.75,3,6479,1.97E-06,0.22734385,0.04747964,0.03899866,Distant
Transcriptomics,YKR103W.RNASeq,SVs,CNV_YCL073C_Cov0.75,3,6479,9.14E-07,-0.1905135,0.03845854,0.00101236,Distant
Transcriptomics,YKR103W.RNASeq,SVs,CNV_YX02266_Cov0.75,11,669546,9.79E-07,-0.1908476,0.03863354,0.00101592,Local
Transcriptomics,YKR104W.RNASeq,SVs,CNV_YCL073C_Cov0.75,3,6479,1.79E-06,-0.187698,0.03896779,0.00098196,Distant
Transcriptomics,YKR104W.RNASeq,SVs,CNV_YX02266_Cov0.75,11,669546,1.99E-06,-0.1876824,0.03914182,0.00098179,Local
Transcriptomics,YKR105C.RNASeq,SVs,CNV_YCL073C_Cov1.75,3,6479,2.33E-26,-0.4108515,0.03735798,0.1134074,Distant
Transcriptomics,YKR105C.RNASeq,SVs,CNV_YKR105C_Cov1.25,11,658716,8.33E-26,-0.3946966,0.03632628,0.08627999,Local
Transcriptomics,YKR105C.RNASeq,SNPs,SNP_chromosome11_645157_T_A,11,645157,8.33E-13,-0.2343745,0.03224096,0.01962145,Local
Transcriptomics,YKR105C.RNASeq,SVs,CNV_YX01489_Cov1.75,7,1066398,2.66E-11,-0.2593719,0.0383902,0.04702136,Distant
Transcriptomics,YKR105C.RNASeq,SVs,CNV_YBR298C-A_Cov2.75,2,805035,1.23E-09,-0.2140708,0.03483181,0.02847159,Distant
Transcriptomics,YKR105C.RNASeq,SNPs,SNP_chromosome11_645006_A_T,11,645006,2.63E-09,0.38580223,0.06409469,0.14652595,Local
Transcriptomics,YKR105C.RNASeq,SVs,CNV_YX02264_Cov0.25,11,665063,3.34E-09,0.2830409,0.0473439,0.06957291,Local
Transcriptomics,YKR105C.RNASeq,INDELs,INDEL_chromosome11_643022,11,643022,5.03E-09,0.43927565,0.07434308,0.16423451,Local
Transcriptomics,YKR105C.RNASeq,SNPs,SNP_chromosome11_643390_G_A,11,643390,9.53E-09,0.47391207,0.08173755,0.11201873,Local
Transcriptomics,YKR105C.RNASeq,SVs,CNV_YCL074W_Cov1.75,3,2824,2.54E-06,-0.1708968,0.0360715,0.03029334,Distant
Proteomics,YLL001W.SMProt,SVs,CNV_YX00370_Cov1.75,2,798499,2.80E-06,-0.234804,0.04972171,0.01254521,Distant
Transcriptomics,YLL005C.RNASeq,SVs,CNV_YX02137_Cov0.25,11,1299,8.78E-07,0.1871202,0.03778662,0.02934802,Distant
Transcriptomics,YLL005C.RNASeq,SNPs,SNP_chromosome14_230725_T_C,14,230725,3.70E-06,-0.1991235,0.04276092,0.03279542,Distant
Proteomics,YLL008W.SMProt,SNPs,SNP_chromosome11_571146_T_A,11,571146,4.13E-07,-0.3411974,0.06677511,0.10026356,Distant
Transcriptomics,YLL010C.RNASeq,SNPs,SNP_chromosome2_690620_C_T,2,690620,1.73E-07,-0.2886545,0.05479617,0.01986702,Distant
Transcriptomics,YLL011W.RNASeq,SNPs,SNP_chromosome7_655851_C_T,7,655851,4.74E-06,0.17879704,0.03883536,0.00582248,Distant
Transcriptomics,YLL012W.RNASeq,SVs,CNV_YX02249_Cov0.25,11,618964,2.22E-06,0.30612304,0.06426696,0.08664046,Distant
Transcriptomics,YLL015W.RNASeq,SNPs,SNP_chromosome12_116251_G_C,12,116251,3.51E-12,0.42902577,0.06083199,0.08023208,Local
Transcriptomics,YLL015W.RNASeq,SNPs,SNP_chromosome4_845959_A_C,4,845959,2.56E-06,0.29204496,0.06169423,0.07758483,Distant
Transcriptomics,YLL015W.RNASeq,SNPs,SNP_chromosome12_117547_A_G,12,117547,8.77E-06,0.23043113,0.05153567,0.01357643,Local
Transcriptomics,YLL019C.RNASeq,SNPs,SNP_chromosome7_238358_A_G,7,238358,7.23E-06,-0.3095586,0.06858672,0.02652713,Distant
Transcriptomics,YLL020C.RNASeq,SNPs,SNP_chromosome12_1031026_G_C,12,1031026,1.01E-06,-0.3021081,0.06134482,0.06444165,Distant
Proteomics,YLL021W.SMProt,SNPs,SNP_chromosome7_609644_T_C,7,609644,3.27E-07,0.18697855,0.0362695,0.00708662,Distant
Proteomics,YLL021W.SMProt,SNPs,SNP_chromosome4_1092317_G_T,4,1092317,4.09E-07,0.18461842,0.03612052,0.01015249,Distant
Proteomics,YLL021W.SMProt,SNPs,SNP_chromosome15_702790_T_C,15,702790,4.16E-06,0.1672323,0.03605122,0.0062213,Distant
Proteomics,YLL021W.SMProt,SNPs,SNP_chromosome11_630505_C_T,11,630505,4.32E-06,0.17205048,0.03715476,0.00757422,Distant
Proteomics,YLL021W.SMProt,SNPs,SNP_chromosome16_747101_T_C,16,747101,4.64E-06,0.16677185,0.03613568,0.00952154,Distant
Proteomics,YLL021W.SMProt,INDELs,INDEL_chromosome12_543669,12,543669,4.97E-06,0.16979358,0.03690881,0.00604431,Distant
Proteomics,YLL021W.SMProt,SNPs,SNP_chromosome11_70228_T_C,11,70228,5.16E-06,0.17888795,0.03895135,0.0220459,Distant
Proteomics,YLL024C.SCProt,SNPs,SNP_chromosome13_169890_A_G,13,169890,4.18E-06,0.2626926,0.05671561,0.01239674,Distant
Transcriptomics,YLL025W.RNASeq,SVs,CNV_YPR058W_Cov0.75,16,673751,8.72E-08,0.17505033,0.03244022,0.00636747,Distant
Transcriptomics,YLL025W.RNASeq,SNPs,SNP_chromosome13_370963_A_G,13,370963,5.52E-06,0.19515793,0.04268945,0.00641666,Distant
Proteomics,YLL026W.SCProt,SNPs,SNP_chromosome7_369600_A_G,7,369600,1.03E-06,0.2057131,0.04180628,0.01138986,Distant
Proteomics,YLL026W.SCProt,SNPs,SNP_chromosome7_370765_C_T,7,370765,1.19E-06,0.18610855,0.03804746,0.00638777,Distant
Proteomics,YLL026W.SCProt,SNPs,SNP_chromosome7_368346_A_C,7,368346,2.10E-06,-0.2730807,0.05717921,0.0682802,Distant
Proteomics,YLL026W.SCProt,SNPs,SNP_chromosome16_467778_A_C,16,467778,5.11E-06,0.17586204,0.03832029,0.01922279,Distant
Proteomics,YLL026W.SMProt,INDELs,INDEL_chromosome7_1052317,7,1052317,5.11E-07,0.21030562,0.04149979,0.02049912,Distant
Transcriptomics,YLL031C.RNASeq,SNPs,SNP_chromosome4_446874_C_T,4,446874,6.49E-06,0.30679322,0.06762164,0.0874566,Distant
Transcriptomics,YLL032C.RNASeq,SVs,CNV_YX01228_Cov0.25,6,276476,3.18E-06,0.27553901,0.05876501,0.05270952,Distant
Transcriptomics,YLL033W.RNASeq,SNPs,SNP_chromosome12_74492_G_A,12,74492,8.36E-09,0.28910166,0.04970278,0.01659218,Local
Transcriptomics,YLL034C.RNASeq,SNPs,SNP_chromosome7_655851_C_T,7,655851,8.43E-08,0.21155495,0.03915863,0.00815143,Distant
Transcriptomics,YLL034C.RNASeq,SNPs,SNP_chromosome11_290740_C_T,11,290740,1.53E-06,-0.2706943,0.05593021,0.01619054,Distant
Proteomics,YLL034C.SMProt,SNPs,SNP_chromosome11_189011_G_A,11,189011,2.12E-06,-0.3283032,0.06868182,0.09803747,Distant
Proteomics,YLL034C.SMProt,SNPs,SNP_chromosome7_684126_C_T,7,684126,3.15E-06,-0.237992,0.05066193,0.02792288,Distant
Transcriptomics,YLL035W.RNASeq,SNPs,SNP_chromosome15_715851_A_T,15,715851,1.61E-06,-0.2219435,0.04596193,0.01722338,Distant
Transcriptomics,YLL038C.RNASeq,SNPs,SNP_chromosome12_66338_G_A,12,66338,1.80E-07,0.32938223,0.06261618,0.09991703,Local
Transcriptomics,YLL038C.RNASeq,SNPs,SNP_chromosome15_615000_A_G,15,615000,7.69E-07,0.27817954,0.055878,0.02159846,Distant
Transcriptomics,YLL038C.RNASeq,SNPs,SNP_chromosome11_106896_A_G,11,106896,1.67E-06,0.19815675,0.04109563,0.02859056,Distant
Transcriptomics,YLL038C.RNASeq,SNPs,SNP_chromosome16_725524_A_G,16,725524,2.32E-06,0.22766905,0.04788557,0.01049208,Distant
Transcriptomics,YLL039C.RNASeq,SNPs,SNP_chromosome15_466809_T_A,15,466809,3.67E-06,0.18729695,0.04019956,0.02482131,Distant
Proteomics,YLL041C.SMProt,SNPs,SNP_chromosome13_335870_T_A,13,335870,1.19E-06,-0.2975765,0.06075452,0.07820481,Distant
Proteomics,YLL041C.SMProt,SNPs,SNP_chromosome10_684244_G_A,10,684244,5.29E-06,-0.1797357,0.03918435,0.01259852,Distant
Transcriptomics,YLL042C.RNASeq,SNPs,SNP_chromosome12_52412_A_G,12,52412,4.41E-07,0.21245936,0.04175825,0.0077246,Local
Transcriptomics,YLL042C.RNASeq,SNPs,SNP_chromosome12_52232_A_G,12,52232,1.29E-06,0.22844189,0.04685706,0.01345368,Local
Transcriptomics,YLL043W.RNASeq,SVs,CNV_YX02249_Cov0.25,11,618964,1.69E-06,0.30547943,0.06338233,0.08627652,Distant
Transcriptomics,YLL048C.RNASeq,INDELs,INDEL_chromosome10_207815,10,207815,4.57E-06,-0.280872,0.06089835,0.04369639,Distant
Proteomics,YLL048C.SMProt,SNPs,SNP_chromosome12_46528_A_T,12,46528,3.61E-08,0.27990951,0.05026612,0.01730736,Local
Transcriptomics,YLL049W.RNASeq,SVs,CNV_YOL152W_Cov1.25,15,40748,2.54E-06,0.1777682,0.03753774,0.00656673,Distant
Proteomics,YLL050C.SCProt,SNPs,SNP_chromosome14_147322_A_G,14,147322,4.00E-06,0.21219936,0.04572323,0.00922584,Distant
Proteomics,YLL050C.SCProt,SVs,CNV_YDL227C_Cov0.75,4,46271,7.59E-06,0.1627772,0.03614291,0.00675599,Distant
Proteomics,YLL050C.SMProt,SVs,CNV_YDL227C_Cov0.75,4,46271,1.18E-06,0.18098199,0.03693405,0.00756278,Distant
Proteomics,YLL050C.SMProt,SNPs,SNP_chromosome10_553911_G_T,10,553911,1.48E-06,0.20029638,0.04126675,0.03004205,Distant
Proteomics,YLL050C.SMProt,SNPs,SNP_chromosome13_277591_A_G,13,277591,2.86E-06,0.32092596,0.06802144,0.08373792,Distant
Transcriptomics,YLL051C.RNASeq,SNPs,SNP_chromosome10_330050_A_G,10,330050,1.94E-06,0.23935591,0.04996232,0.03642688,Distant
Transcriptomics,YLL051C.RNASeq,SNPs,SNP_chromosome7_413763_T_C,7,413763,2.38E-06,-0.1762403,0.03711432,0.00841488,Distant
Transcriptomics,YLL052C.RNASeq,SNPs,SNP_chromosome8_51856_G_T,8,51856,7.39E-15,0.61945432,0.07827794,0.36221587,Distant
Transcriptomics,YLL052C.RNASeq,SNPs,SNP_chromosome12_36882_G_C,12,36882,2.03E-13,-0.5345216,0.07163837,0.20330585,Local
Transcriptomics,YLL052C.RNASeq,INDELs,INDEL_chromosome12_36336,12,36336,1.84E-06,-0.3239824,0.0674654,0.0583421,Local
Transcriptomics,YLL053C.RNASeq,SNPs,SNP_chromosome8_51856_G_T,8,51856,7.68E-17,0.66615759,0.07832619,0.41864972,Distant
Transcriptomics,YLL053C.RNASeq,SNPs,SNP_chromosome12_36882_G_C,12,36882,5.18E-12,-0.5063926,0.07237866,0.18352758,Local
Transcriptomics,YLL057C.RNASeq,SNPs,SNP_chromosome12_26817_G_T,12,26817,2.25E-07,-0.1871986,0.03587333,0.01584891,Local
Transcriptomics,YLL059C.RNASeq,SNPs,SNP_chromosome12_23030_A_G,12,23030,1.33E-06,-0.2921833,0.06001807,0.06399566,Local
Transcriptomics,YLL062C.RNASeq,SVs,CNV_YLL063C_Cov0.25,12,14648,4.12E-11,-0.2631,0.03936639,0.0448002,Local
Transcriptomics,YLL062C.RNASeq,SNPs,SNP_chromosome16_321220_C_G,16,321220,6.01E-06,-0.155661,0.03418555,0.00483188,Distant
Transcriptomics,YLL063C.RNASeq,SVs,CNV_YLL063C_Cov0.75,12,14648,1.38E-27,-0.3925861,0.03458454,0.05623275,Local
Transcriptomics,YLL063C.RNASeq,SNPs,SNP_chromosome9_171954_C_T,9,171954,3.96E-14,-0.436406,0.05654314,0.01348869,Distant
Transcriptomics,YLL063C.RNASeq,INDELs,INDEL_chromosome4_1451238,4,1451238,1.37E-07,-0.2812884,0.05285603,0.00532059,Distant
Transcriptomics,YLL063C.RNASeq,SNPs,SNP_chromosome16_596248_C_T,16,596248,3.07E-07,0.30888754,0.05976662,0.01360684,Distant
Transcriptomics,YLL063C.RNASeq,SNPs,SNP_chromosome12_18460_C_T,12,18460,5.52E-07,0.26897092,0.05322778,0.0625889,Local
Transcriptomics,YLL063C.RNASeq,SNPs,SNP_chromosome8_139555_T_A,8,139555,1.33E-06,-0.3020289,0.06193609,0.01182205,Distant
Transcriptomics,YLL063C.RNASeq,SNPs,SNP_chromosome6_62822_A_G,6,62822,3.39E-06,-0.2330494,0.04977405,0.00896923,Distant
Transcriptomics,YLL066C.RNASeq,SVs,CNV_YEL074W_Cov9.25,5,6126,3.55E-34,0.32008348,0.02516995,0.09629257,Distant
Transcriptomics,YLL066C.RNASeq,SVs,CNV_YEL075W-A_Cov3.25,5,4870,5.84E-30,-0.3294347,0.02792369,0.10675159,Distant
Transcriptomics,YLL066C.RNASeq,SVs,CNV_YGR296W_Cov17.75,7,1084864,1.29E-29,0.32126482,0.02741141,0.0872403,Local
Transcriptomics,YLL066C.RNASeq,SVs,CNV_YX01034_Cov9.75,17,533640,1.64E-21,0.26065814,0.02666472,0.05766589,Distant
Transcriptomics,YLL066C.RNASeq,SVs,CNV_YBL113W-A_Cov1.75,2,646,1.57E-19,-0.2591784,0.02801139,0.06541399,Distant
Transcriptomics,YLL066C.RNASeq,SVs,CNV_YLR466C-B_Cov0.75,12,1071594,7.42E-17,0.21530553,0.02530823,0.04656844,Distant
Transcriptomics,YLL066C.RNASeq,SVs,CNV_YLL066W-B_Cov1.75,12,5605,1.53E-16,0.20088233,0.02386762,0.03831668,Local
Transcriptomics,YLL066C.RNASeq,SVs,CNV_YNL338W_Cov1.75,14,6561,6.29E-15,0.18084037,0.02279157,0.01916377,Distant
Transcriptomics,YLL066C.RNASeq,SNPs,SNP_chromosome4_593321_A_G,4,593321,1.95E-06,0.11631025,0.02428036,0.00270862,Distant
Transcriptomics,YLL066C.RNASeq,SVs,CNV_YX01747_Cov1.25,9,1954,2.46E-06,0.13145297,0.02772068,0.01714304,Distant
Transcriptomics,YLL067C.RNASeq,SVs,CNV_YEL074W_Cov9.25,5,6126,2.46E-28,0.29238594,0.02558155,0.08034877,Distant
Transcriptomics,YLL067C.RNASeq,SVs,CNV_YEL075W-A_Cov3.25,5,4870,4.56E-26,-0.3061208,0.02808206,0.09217674,Distant
Transcriptomics,YLL067C.RNASeq,SVs,CNV_YGR296W_Cov17.75,7,1084864,1.06E-25,0.29877079,0.0276277,0.07545136,Local
Transcriptomics,YLL067C.RNASeq,SVs,CNV_YX01034_Cov20.75,17,533640,2.80E-20,0.20409777,0.02159125,0.0094665,Distant
Transcriptomics,YLL067C.RNASeq,SVs,CNV_YBL113W-A_Cov1.25,2,646,4.02E-18,-0.2307747,0.02602742,0.04335681,Distant
Transcriptomics,YLL067C.RNASeq,SVs,CNV_YLR466C-B_Cov0.75,12,1071594,2.07E-17,0.21875693,0.02524346,0.04807341,Distant
Transcriptomics,YLL067C.RNASeq,SVs,CNV_YLL066W-B_Cov1.25,12,5605,1.06E-14,-0.1822749,0.02317465,0.0329278,Local
Transcriptomics,YLL067C.RNASeq,SVs,CNV_YNL338W_Cov1.25,14,6561,1.37E-12,0.17034543,0.02369392,0.02472841,Distant
Transcriptomics,YLL067C.RNASeq,SVs,CNV_YX01747_Cov1.25,9,1954,2.67E-10,0.17520418,0.02741878,0.03045341,Distant
Transcriptomics,YLL067C.RNASeq,SVs,CNV_YX02565_Cov0.25,13,473,2.41E-07,0.14058811,0.02700969,0.01174952,Distant
Transcriptomics,YLL067C.RNASeq,SVs,CNV_YLR465C_Cov0.25,12,1067045,4.23E-07,-0.1439358,0.02824461,0.01732785,Distant
Transcriptomics,YLL067C.RNASeq,SVs,CNV_YX01830_Cov0.25,9,332956,1.30E-06,0.19790131,0.04060915,0.01369359,Distant
Transcriptomics,YLL067C.RNASeq,SNPs,SNP_chromosome4_593321_A_G,4,593321,1.86E-06,0.11784285,0.02455408,0.00278047,Distant
Transcriptomics,YLL067C.RNASeq,SVs,CNV_YX00929_Cov0.75,4,1535038,2.79E-06,0.1093814,0.02319248,0.00701095,Distant
Transcriptomics,YLL067C.RNASeq,SVs,CNV_YX01519_Cov0.75,8,1783,3.96E-06,0.16275533,0.03506044,0.01412801,Distant
Transcriptomics,YLR002C.RNASeq,SNPs,SNP_chromosome7_655851_C_T,7,655851,7.33E-07,0.19231571,0.03855573,0.00673623,Distant
Transcriptomics,YLR002C.RNASeq,SVs,CNV_YBR250W_Cov1.25,2,719033,5.10E-06,-0.1698437,0.03701495,0.00565423,Distant
Proteomics,YLR002C.SMProt,SNPs,SNP_chromosome2_319057_T_A,2,319057,3.46E-07,0.20382272,0.03962397,0.01851948,Distant
Proteomics,YLR002C.SMProt,SVs,CNV_YX01837_Cov0.25,9,365799,6.98E-07,0.22616286,0.04517945,0.04691823,Distant
Transcriptomics,YLR003C.RNASeq,SNPs,SNP_chromosome13_213896_G_C,13,213896,5.48E-07,0.19868786,0.03938098,0.00683164,Distant
Transcriptomics,YLR004C.RNASeq,SNPs,SNP_chromosome15_586701_A_C,15,586701,2.63E-06,-0.1690065,0.03574265,0.01412276,Distant
Transcriptomics,YLR006C.RNASeq,SNPs,SNP_chromosome12_163451_A_G,12,163451,3.15E-18,-0.3473263,0.03904254,0.06960378,Local
Transcriptomics,YLR006C.RNASeq,SNPs,SNP_chromosome12_164123_A_C,12,164123,1.03E-14,0.45160439,0.05738734,0.18083314,Local
Transcriptomics,YLR006C.RNASeq,SVs,CNV_YX00432_Cov0.75,3,178725,1.04E-06,0.27892695,0.05670414,0.0249686,Distant
Transcriptomics,YLR012C.RNASeq,SNPs,SNP_chromosome12_170546_T_C,12,170546,1.82E-06,-0.1620103,0.03372545,0.00933003,Local
Transcriptomics,YLR012C.RNASeq,SVs,CNV_YBL100W-B_Cov26.25,2,29935,4.36E-06,0.16355048,0.03538437,0.0065081,Distant
Transcriptomics,YLR014C.RNASeq,SNPs,SNP_chromosome15_715193_G_A,15,715193,4.91E-06,-0.2832878,0.06162868,0.05254645,Distant
Transcriptomics,YLR020C.RNASeq,SNPs,SNP_chromosome2_722546_A_C,2,722546,4.91E-07,-0.302151,0.05962998,0.05627092,Distant
Transcriptomics,YLR020C.RNASeq,SNPs,SNP_chromosome3_152720_A_G,3,152720,1.47E-06,-0.2363118,0.04873774,0.00997045,Distant
Proteomics,YLR022C.SMProt,SNPs,SNP_chromosome12_640496_C_T,12,640496,2.27E-06,0.19698565,0.0413344,0.01592613,Distant
Transcriptomics,YLR023C.RNASeq,SNPs,SNP_chromosome12_506310_T_A,12,506310,5.33E-06,-0.2623639,0.0572967,0.01748142,Distant
Proteomics,YLR025W.SMProt,SVs,CNV_YDL227C_Cov0.75,4,46271,1.51E-06,0.19734765,0.04068789,0.00920723,Distant
Transcriptomics,YLR026C.RNASeq,SVs,CNV_YJR157W_Cov2.25,10,730515,3.68E-06,0.15559986,0.03340432,0.00633541,Distant
Transcriptomics,YLR027C.RNASeq,SNPs,SNP_chromosome15_823938_G_A,15,823938,4.20E-06,-0.307915,0.06650253,0.09046946,Distant
Proteomics,YLR028C.SCProt,SNPs,SNP_chromosome5_295532_A_G,5,295532,5.52E-07,-0.2156814,0.04275051,0.00714465,Distant
Proteomics,YLR028C.SCProt,SNPs,SNP_chromosome1_52613_G_A,1,52613,2.01E-06,0.29352275,0.06134584,0.07654391,Distant
Transcriptomics,YLR029C.RNASeq,SNPs,SNP_chromosome13_331334_A_G,13,331334,3.63E-06,0.19270891,0.04134903,0.02224405,Distant
Transcriptomics,YLR030W.RNASeq,SVs,CNV_YX00594_Cov0.25,4,46858,1.93E-08,0.18936714,0.0333998,0.00745161,Distant
Transcriptomics,YLR030W.RNASeq,SNPs,SNP_chromosome15_312454_A_G,15,312454,2.85E-06,-0.3236701,0.06869647,0.08126731,Distant
Transcriptomics,YLR030W.RNASeq,SNPs,SNP_chromosome4_1122913_T_C,4,1122913,3.02E-06,0.2845375,0.06054906,0.06347039,Distant
Transcriptomics,YLR030W.RNASeq,INDELs,INDEL_chromosome4_443729,4,443729,3.23E-06,0.27489764,0.05867645,0.0459149,Distant
Transcriptomics,YLR031W.RNASeq,SVs,CNV_YX00594_Cov0.25,4,46858,1.79E-08,0.18843678,0.03315742,0.00737857,Distant
Transcriptomics,YLR032W.RNASeq,SNPs,SNP_chromosome16_795157_G_A,16,795157,3.73E-06,0.19364862,0.04159916,0.0296658,Distant
Transcriptomics,YLR034C.RNASeq,SNPs,SNP_chromosome12_212271_A_G,12,212271,1.16E-18,0.33866128,0.03756125,0.04804938,Local
Transcriptomics,YLR034C.RNASeq,SNPs,SNP_chromosome4_553033_C_T,4,553033,1.02E-06,0.20825429,0.0423189,0.01956682,Distant
Transcriptomics,YLR036C.RNASeq,INDELs,INDEL_chromosome12_221524,12,221524,8.04E-22,-0.5488802,0.0556968,0.26720088,Local
Transcriptomics,YLR036C.RNASeq,SNPs,SNP_chromosome12_208751_A_G,12,208751,4.06E-18,-0.519057,0.05854799,0.2379464,Local
Transcriptomics,YLR036C.RNASeq,SNPs,SNP_chromosome12_212873_A_G,12,212873,2.89E-11,-0.2954133,0.04384736,0.05032775,Local
Transcriptomics,YLR036C.RNASeq,SNPs,SNP_chromosome12_206464_T_A,12,206464,2.89E-10,-0.3747609,0.05876527,0.09463174,Local
Transcriptomics,YLR036C.RNASeq,INDELs,INDEL_chromosome12_222490,12,222490,2.07E-08,-0.3163753,0.05592599,0.07299899,Local
Transcriptomics,YLR036C.RNASeq,SNPs,SNP_chromosome12_214864_A_G,12,214864,5.10E-08,-0.2414479,0.04394213,0.01070862,Local
Transcriptomics,YLR036C.RNASeq,SNPs,SNP_chromosome12_206077_A_G,12,206077,8.47E-08,-0.2747005,0.05085484,0.01482963,Local
Transcriptomics,YLR036C.RNASeq,SNPs,SNP_chromosome12_223075_T_C,12,223075,1.32E-06,-0.2954022,0.0606632,0.02333652,Local
Transcriptomics,YLR036C.RNASeq,SNPs,SNP_chromosome12_206784_G_A,12,206784,1.87E-06,-0.2632697,0.0548642,0.03194431,Local
Transcriptomics,YLR036C.RNASeq,SNPs,SNP_chromosome16_715781_G_A,16,715781,2.53E-06,0.16077441,0.0339431,0.00563533,Distant
Transcriptomics,YLR037C.RNASeq,SNPs,SNP_chromosome4_582525_T_A,4,582525,1.27E-06,-0.1946468,0.03988687,0.01629547,Distant
Transcriptomics,YLR040C.RNASeq,SVs,CNV_YX00594_Cov0.25,4,46858,2.32E-16,0.27659921,0.03307234,0.01589801,Distant
Transcriptomics,YLR040C.RNASeq,SVs,CNV_YX00433_Cov1.25,3,190232,8.89E-15,0.2648179,0.03356988,0.0406952,Distant
Transcriptomics,YLR040C.RNASeq,SVs,CNV_YX00008_Cov0.75,1,2003,1.86E-06,0.24391661,0.05081855,0.01282775,Distant
Transcriptomics,YLR040C.RNASeq,SNPs,SNP_chromosome15_666991_G_A,15,666991,3.47E-06,0.20484097,0.04386049,0.00689646,Distant
Transcriptomics,YLR043C.RNASeq,SNPs,SNP_chromosome3_274645_T_C,3,274645,8.27E-06,0.31535551,0.07032729,0.07476311,Distant
Proteomics,YLR043C.SCProt,SVs,CNV_YDL227C_Cov0.75,4,46271,3.18E-06,0.17030311,0.03631648,0.0072028,Distant
Proteomics,YLR044C.SCProt,SVs,CNV_YLR178C_Cov0.75,12,513162,3.08E-07,-0.1921483,0.03724539,0.03457153,Distant
Proteomics,YLR044C.SCProt,SNPs,SNP_chromosome1_116238_A_T,1,116238,5.58E-06,0.22674898,0.0496127,0.01534251,Distant
Transcriptomics,YLR047C.RNASeq,INDELs,INDEL_chromosome12_239220,12,239220,3.71E-08,-0.3474847,0.06258204,0.10584621,Local
Transcriptomics,YLR047C.RNASeq,SNPs,SNP_chromosome12_241859_T_C,12,241859,5.72E-08,-0.345614,0.06313868,0.10624354,Local
Transcriptomics,YLR047C.RNASeq,SNPs,SNP_chromosome12_235798_C_T,12,235798,9.84E-07,-0.2919902,0.05923722,0.05904235,Local
Proteomics,YLR048W.SMProt,SNPs,SNP_chromosome14_660205_T_C,14,660205,1.08E-08,-0.2484195,0.04294304,0.01001222,Distant
Proteomics,YLR048W.SMProt,SNPs,SNP_chromosome7_907935_C_T,7,907935,3.99E-07,-0.2909659,0.05687252,0.01195024,Distant
Proteomics,YLR048W.SMProt,SNPs,SNP_chromosome2_231943_T_C,2,231943,1.99E-06,-0.2051417,0.04280248,0.0094722,Distant
Proteomics,YLR048W.SMProt,SVs,CNV_YEL072W_Cov2.25,5,13720,2.06E-06,-0.2171988,0.04538545,0.01006034,Distant
Transcriptomics,YLR049C.RNASeq,SVs,CNV_YX00594_Cov0.25,4,46858,4.29E-07,0.16901741,0.03318506,0.00593614,Distant
Transcriptomics,YLR050C.RNASeq,SNPs,SNP_chromosome12_210539_A_G,12,210539,1.95E-06,-0.176595,0.03686288,0.00575565,Distant
Transcriptomics,YLR052W.RNASeq,SNPs,SNP_chromosome15_882027_G_A,15,882027,7.72E-06,-0.1881105,0.04180961,0.01081344,Distant
Transcriptomics,YLR053C.RNASeq,SVs,CNV_YX01253_Cov1.75,7,2976,4.21E-08,0.20764102,0.03755019,0.00845085,Distant
Transcriptomics,YLR054C.RNASeq,SNPs,SNP_chromosome13_179439_C_T,13,179439,5.20E-06,0.21840506,0.0476394,0.01881635,Distant
Transcriptomics,YLR056W.RNASeq,SNPs,SNP_chromosome16_24284_C_T,16,24284,2.49E-06,0.25872027,0.05458481,0.01858036,Distant
Transcriptomics,YLR056W.RNASeq,SNPs,SNP_chromosome2_159797_C_T,2,159797,7.48E-06,0.29868192,0.0662863,0.08045557,Distant
Transcriptomics,YLR058C.RNASeq,SNPs,SNP_chromosome16_391587_G_A,16,391587,2.05E-06,-0.1922819,0.04022537,0.00964366,Distant
Proteomics,YLR058C.SCProt,SVs,CNV_YDR038C_Cov1.75,4,527422,4.88E-06,0.16147728,0.03511046,0.02451362,Distant
Transcriptomics,YLR059C.RNASeq,SVs,CNV_YX00594_Cov0.25,4,46858,7.57E-07,0.17439758,0.03500796,0.00632007,Distant
Transcriptomics,YLR059C.RNASeq,SNPs,SNP_chromosome10_626305_A_G,10,626305,3.32E-06,0.21888897,0.04677659,0.00590083,Distant
Transcriptomics,YLR059C.RNASeq,SVs,CNV_YX00002_Cov2.75,1,683,3.51E-06,-0.223963,0.0479831,0.04998418,Distant
Transcriptomics,YLR060W.RNASeq,SVs,CNV_YBR250W_Cov1.25,2,719033,5.36E-06,-0.1671782,0.03651906,0.00547814,Distant
Transcriptomics,YLR060W.RNASeq,SVs,CNV_YX01489_Cov2.75,7,1066398,6.98E-06,-0.1887786,0.04175567,0.01143717,Distant
Proteomics,YLR060W.SCProt,SNPs,SNP_chromosome12_985608_G_T,12,985608,2.40E-06,0.19336158,0.04071904,0.01176437,Distant
Transcriptomics,YLR061W.RNASeq,SNPs,SNP_chromosome12_263103_C_T,12,263103,1.87E-23,0.36989436,0.03602791,0.09056841,Local
Proteomics,YLR061W.SCProt,SVs,CNV_YX03066_Cov0.25,15,29305,1.62E-06,-0.2271039,0.0470243,0.02582893,Distant
Proteomics,YLR061W.SCProt,SVs,CNV_YLR178C_Cov0.75,12,513162,3.45E-06,-0.1713289,0.03666906,0.02759534,Distant
Proteomics,YLR066W.SMProt,SNPs,SNP_chromosome4_1298829_C_A,4,1298829,1.02E-10,-0.4629543,0.07057598,0.18940005,Distant
Proteomics,YLR066W.SMProt,SNPs,SNP_chromosome4_1297994_G_A,4,1297994,4.31E-07,-0.3036057,0.05951792,0.06457606,Distant
Transcriptomics,YLR070C.RNASeq,SNPs,SNP_chromosome14_230725_T_C,14,230725,1.93E-06,-0.2117196,0.04418253,0.03707578,Distant
Transcriptomics,YLR070C.RNASeq,SNPs,SNP_chromosome3_79170_G_A,3,79170,5.35E-06,-0.1646441,0.03596101,0.00501369,Distant
Transcriptomics,YLR072W.RNASeq,SNPs,SNP_chromosome14_230725_T_C,14,230725,8.66E-06,-0.1975249,0.04414805,0.03227094,Distant
Proteomics,YLR075W.SMProt,SNPs,SNP_chromosome15_956880_G_C,15,956880,3.71E-06,0.17524069,0.03758166,0.0067861,Distant
Transcriptomics,YLR076C.RNASeq,SNPs,SNP_chromosome12_924398_G_A,12,924398,3.52E-06,0.22348412,0.04788174,0.00969646,Distant
Transcriptomics,YLR083C.RNASeq,SNPs,SNP_chromosome7_655851_C_T,7,655851,1.58E-06,0.18907783,0.03911685,0.00651131,Distant
Proteomics,YLR083C.SMProt,SVs,CNV_YDL227C_Cov0.75,4,46271,7.70E-07,0.20316103,0.04074499,0.00975194,Distant
Transcriptomics,YLR085C.RNASeq,SNPs,SNP_chromosome12_301966_A_G,12,301966,4.96E-06,-0.3082025,0.06708379,0.09017414,Local
Transcriptomics,YLR088W.RNASeq,SNPs,SNP_chromosome6_119755_G_A,6,119755,8.63E-07,-0.283522,0.0572135,0.04760663,Distant
Proteomics,YLR089C.SMProt,SNPs,SNP_chromosome7_165308_G_T,7,165308,5.74E-08,-0.2786054,0.05080533,0.01813012,Distant
Transcriptomics,YLR090W.RNASeq,SNPs,SNP_chromosome1_203386_A_T,1,203386,1.88E-06,0.25427299,0.05299461,0.05530617,Distant
Transcriptomics,YLR094C.RNASeq,SNPs,SNP_chromosome7_112130_T_A,7,112130,1.53E-06,-0.2817683,0.05821935,0.01517469,Distant
Transcriptomics,YLR094C.RNASeq,SNPs,SNP_chromosome10_395144_T_C,10,395144,3.27E-06,-0.2798462,0.05976583,0.01746797,Distant
Transcriptomics,YLR094C.RNASeq,SNPs,SNP_chromosome16_556112_T_C,16,556112,3.56E-06,-0.3204019,0.06868338,0.01993221,Distant
Transcriptomics,YLR097C.RNASeq,SNPs,SNP_chromosome16_813633_G_A,16,813633,1.55E-06,-0.2313675,0.04782483,0.04857746,Distant
Transcriptomics,YLR098C.RNASeq,SNPs,SNP_chromosome16_104715_T_C,16,104715,5.40E-06,-0.2264156,0.04947387,0.00859979,Distant
Transcriptomics,YLR100W.RNASeq,SNPs,SNP_chromosome12_210539_A_G,12,210539,1.72E-07,-0.1899997,0.03605752,0.0066626,Distant
Transcriptomics,YLR105C.RNASeq,SNPs,SNP_chromosome12_346177_A_G,12,346177,2.00E-09,0.41251889,0.06806722,0.14704345,Local
Transcriptomics,YLR105C.RNASeq,INDELs,INDEL_chromosome12_345332,12,345332,5.69E-07,0.34252985,0.06798777,0.09906014,Local
Transcriptomics,YLR105C.RNASeq,SNPs,SNP_chromosome12_345234_A_G,12,345234,4.28E-06,-0.2307602,0.0498835,0.00985221,Local
Transcriptomics,YLR107W.RNASeq,SNPs,SNP_chromosome12_364406_T_C,12,364406,2.50E-22,0.34738068,0.03479262,0.03247812,Local
Transcriptomics,YLR107W.RNASeq,SNPs,SNP_chromosome12_357723_C_T,12,357723,1.48E-08,0.20065231,0.03510136,0.00705784,Local
Transcriptomics,YLR107W.RNASeq,SNPs,SNP_chromosome12_364410_C_T,12,364410,5.60E-08,-0.3993866,0.07291258,0.06134344,Local
Transcriptomics,YLR107W.RNASeq,SNPs,SNP_chromosome16_208843_T_C,16,208843,1.18E-06,-0.3232283,0.06607037,0.0874874,Distant
Transcriptomics,YLR107W.RNASeq,SNPs,SNP_chromosome12_367673_A_G,12,367673,1.51E-06,0.18984487,0.03920901,0.02528959,Local
Proteomics,YLR109W.SCProt,SVs,CNV_YDL227C_Cov0.75,4,46271,4.77E-08,0.20167066,0.03660997,0.01020629,Distant
Proteomics,YLR109W.SMProt,SNPs,SNP_chromosome9_127998_T_C,9,127998,1.81E-06,0.32921787,0.06839879,0.0259046,Distant
Transcriptomics,YLR110C.RNASeq,SNPs,SNP_chromosome11_569249_G_A,11,569249,6.40E-07,-0.3036182,0.06054576,0.03236509,Distant
Transcriptomics,YLR111W.RNASeq,SNPs,SNP_chromosome2_610295_A_G,2,610295,1.24E-06,0.27119092,0.05555125,0.04041521,Distant
Transcriptomics,YLR112W.RNASeq,SNPs,SNP_chromosome15_80741_G_A,15,80741,8.40E-07,-0.3063353,0.06175057,0.05950496,Distant
Transcriptomics,YLR113W.RNASeq,SVs,CNV_YDL227C_Cov0.75,4,46271,4.54E-07,0.18834091,0.03705822,0.00901318,Distant
Proteomics,YLR113W.SMProt,SNPs,SNP_chromosome14_331067_G_A,14,331067,1.11E-06,0.34014527,0.0692412,0.09040893,Distant
Transcriptomics,YLR114C.RNASeq,SNPs,SNP_chromosome10_69760_G_A,10,69760,3.12E-06,0.1985954,0.04231964,0.01186176,Distant
Transcriptomics,YLR117C.RNASeq,SNPs,SNP_chromosome6_180546_T_C,6,180546,2.77E-06,0.15618976,0.03310718,0.00443057,Distant
Transcriptomics,YLR120C.RNASeq,SNPs,SNP_chromosome12_386630_C_T,12,386630,4.44E-09,0.45933814,0.07752123,0.04107621,Local
Transcriptomics,YLR120C.RNASeq,SNPs,SNP_chromosome4_430471_A_G,4,430471,5.96E-07,0.37834588,0.07523279,0.0276179,Distant
Transcriptomics,YLR120C.RNASeq,SNPs,SNP_chromosome5_310939_C_T,5,310939,2.43E-06,0.36795809,0.07755082,0.03110626,Distant
Transcriptomics,YLR120C.RNASeq,SNPs,SNP_chromosome11_515221_A_G,11,515221,2.45E-06,0.38599424,0.08137609,0.03455798,Distant
Proteomics,YLR120C.SMProt,SVs,CNV_YLR154W-E_Cov59.25,12,455433,7.11E-07,0.18850779,0.03768418,0.00690169,Distant
Transcriptomics,YLR122C.RNASeq,SNPs,SNP_chromosome12_727328_A_G,12,727328,2.38E-06,0.2366371,0.04982714,0.01553608,Distant
Transcriptomics,YLR126C.RNASeq,SNPs,SNP_chromosome10_70181_T_C,10,70181,5.22E-06,-0.2275508,0.04964577,0.01722888,Distant
Transcriptomics,YLR126C.RNASeq,SNPs,SNP_chromosome11_463096_T_C,11,463096,5.44E-06,0.21791086,0.04763357,0.0083819,Distant
Transcriptomics,YLR133W.RNASeq,SNPs,SNP_chromosome14_210544_T_C,14,210544,4.50E-07,0.21776195,0.04283255,0.02072786,Distant
Proteomics,YLR133W.SMProt,SNPs,SNP_chromosome4_1197873_C_T,4,1197873,5.69E-06,0.23145237,0.05063102,0.01269545,Distant
Transcriptomics,YLR134W.RNASeq,SNPs,SNP_chromosome5_85999_C_A,5,85999,4.13E-07,0.20249793,0.0396992,0.00879032,Distant
Transcriptomics,YLR134W.RNASeq,SVs,CNV_YX02338_Cov0.25,12,221089,1.13E-06,0.29548858,0.06027786,0.08248193,Distant
Transcriptomics,YLR134W.RNASeq,SNPs,SNP_chromosome1_142568_A_T,1,142568,3.58E-06,0.30389162,0.06516293,0.0195545,Distant
Proteomics,YLR134W.SCProt,SNPs,SNP_chromosome12_180860_T_C,12,180860,3.38E-09,0.39192201,0.06560818,0.14877552,Distant
Proteomics,YLR134W.SCProt,SNPs,SNP_chromosome12_191548_G_T,12,191548,1.74E-07,0.24102127,0.04575521,0.00951697,Distant
Proteomics,YLR134W.SCProt,SNPs,SNP_chromosome4_890213_A_G,4,890213,3.15E-07,0.39470509,0.07657368,0.02457785,Distant
Proteomics,YLR134W.SCProt,INDELs,INDEL_chromosome12_37136,12,37136,8.86E-07,0.29768108,0.06012157,0.02411044,Distant
Proteomics,YLR134W.SCProt,SNPs,SNP_chromosome7_940501_A_G,7,940501,8.99E-07,-0.2107742,0.04259388,0.00760232,Distant
Proteomics,YLR134W.SCProt,SNPs,SNP_chromosome7_938409_T_C,7,938409,1.23E-06,-0.2418608,0.04950069,0.01392311,Distant
Proteomics,YLR134W.SCProt,SNPs,SNP_chromosome12_207274_C_T,12,207274,1.31E-06,0.27707626,0.05686573,0.04484624,Distant
Proteomics,YLR134W.SCProt,SNPs,SNP_chromosome4_713490_G_A,4,713490,1.78E-06,0.41711675,0.08671232,0.02762295,Distant
Proteomics,YLR134W.SCProt,SNPs,SNP_chromosome12_131532_T_C,12,131532,2.20E-06,0.19889824,0.0417337,0.01348061,Distant
Proteomics,YLR134W.SCProt,SNPs,SNP_chromosome2_119170_A_G,2,119170,2.48E-06,0.33065297,0.06973118,0.01914785,Distant
Proteomics,YLR134W.SCProt,SNPs,SNP_chromosome12_193468_G_A,12,193468,2.50E-06,0.24216011,0.05108912,0.02452747,Distant
Proteomics,YLR134W.SCProt,SNPs,SNP_chromosome1_142568_A_T,1,142568,3.66E-06,0.30935545,0.06638821,0.01841318,Distant
Transcriptomics,YLR137W.RNASeq,SNPs,SNP_chromosome2_207727_C_T,2,207727,2.20E-06,0.20996992,0.0440633,0.01714359,Distant
Transcriptomics,YLR139C.RNASeq,SNPs,SNP_chromosome4_34063_C_T,4,34063,2.95E-06,0.26998231,0.05738871,0.06665741,Distant
Transcriptomics,YLR141W.RNASeq,SNPs,SNP_chromosome2_61447_T_C,2,61447,1.05E-06,0.29808458,0.0606454,0.04337589,Distant
Transcriptomics,YLR141W.RNASeq,SNPs,SNP_chromosome9_284368_G_C,9,284368,2.14E-06,0.34828592,0.07300315,0.10045309,Distant
Transcriptomics,YLR141W.RNASeq,SNPs,SNP_chromosome15_257563_G_T,15,257563,4.25E-06,0.2411382,0.05211281,0.01518479,Distant
Transcriptomics,YLR141W.RNASeq,SNPs,SNP_chromosome9_335817_T_C,9,335817,5.06E-06,0.27551325,0.06002034,0.04289196,Distant
Transcriptomics,YLR145W.RNASeq,SNPs,SNP_chromosome15_309869_T_C,15,309869,2.34E-06,0.28403559,0.05976345,0.07275317,Distant
Transcriptomics,YLR146C.RNASeq,SNPs,SNP_chromosome7_655851_C_T,7,655851,5.49E-06,0.17843434,0.03902096,0.0058049,Distant
Transcriptomics,YLR146C.RNASeq,SNPs,SNP_chromosome3_266282_C_T,3,266282,9.32E-06,0.19773759,0.04435456,0.00944891,Distant
Transcriptomics,YLR149C-A.RNASeq,SNPs,SNP_chromosome12_440337_G_A,12,440337,1.64E-26,0.45129943,0.04100087,0.18241672,Local
Transcriptomics,YLR149C-A.RNASeq,SNPs,SNP_chromosome12_439587_T_C,12,439587,6.04E-10,-0.3193634,0.05103099,0.09464392,Local
Transcriptomics,YLR151C.RNASeq,SNPs,SNP_chromosome12_442615_C_T,12,442615,1.05E-30,0.43923104,0.03671337,0.11752641,Local
Transcriptomics,YLR151C.RNASeq,SNPs,SNP_chromosome12_443030_C_T,12,443030,6.91E-12,0.35060889,0.05042763,0.11055665,Local
Transcriptomics,YLR151C.RNASeq,SNPs,SNP_chromosome12_442873_G_A,12,442873,5.56E-11,0.26606533,0.04009102,0.02482956,Local
Transcriptomics,YLR151C.RNASeq,SNPs,SNP_chromosome12_442798_T_C,12,442798,1.61E-10,-0.2434356,0.03762475,0.01412031,Local
Transcriptomics,YLR151C.RNASeq,SNPs,SNP_chromosome12_443985_A_T,12,443985,2.22E-07,0.22251647,0.04262318,0.03955846,Local
Transcriptomics,YLR151C.RNASeq,SNPs,SNP_chromosome12_441545_A_T,12,441545,8.69E-07,0.17090741,0.03449888,0.00693194,Local
Transcriptomics,YLR151C.RNASeq,SNPs,SNP_chromosome12_440640_G_A,12,440640,8.74E-07,-0.2359862,0.04764504,0.02440147,Local
Transcriptomics,YLR152C.RNASeq,SNPs,SNP_chromosome12_443030_C_T,12,443030,2.97E-10,0.29761287,0.04669916,0.07966039,Local
Transcriptomics,YLR152C.RNASeq,SNPs,SNP_chromosome16_556112_T_C,16,556112,7.24E-07,-0.3361628,0.06736236,0.02196385,Distant
Transcriptomics,YLR152C.RNASeq,SNPs,SNP_chromosome1_128470_T_C,1,128470,3.27E-06,-0.3146495,0.06719155,0.01920177,Distant
Proteomics,YLR153C.SCProt,SNPs,SNP_chromosome12_445516_C_T,12,445516,1.80E-15,0.31377935,0.03871681,0.03752049,Local
Proteomics,YLR153C.SMProt,SNPs,SNP_chromosome12_445516_C_T,12,445516,1.17E-15,0.36126868,0.04411207,0.04681645,Local
Proteomics,YLR153C.SMProt,SNPs,SNP_chromosome10_90710_C_T,10,90710,3.98E-06,-0.2107074,0.04533616,0.02773378,Distant
Proteomics,YLR163C.SCProt,SNPs,SNP_chromosome6_52838_G_A,6,52838,5.07E-06,-0.2091241,0.04555264,0.02058187,Distant
Proteomics,YLR163C.SMProt,SVs,CNV_YHL045W_Cov0.25,8,12502,9.66E-07,-0.2003571,0.04055195,0.0310027,Distant
Proteomics,YLR167W.SMProt,SNPs,SNP_chromosome1_190960_G_T,1,190960,1.95E-06,0.20878105,0.04351691,0.01877813,Distant
Proteomics,YLR167W.SMProt,SNPs,SNP_chromosome1_190951_G_A,1,190951,3.19E-06,0.21053947,0.04484331,0.02838545,Distant
Proteomics,YLR167W.SMProt,INDELs,INDEL_chromosome12_393579,12,393579,3.36E-06,0.17005789,0.036309,0.00522173,Distant
Proteomics,YLR167W.SMProt,SNPs,SNP_chromosome15_617963_G_A,15,617963,7.17E-06,0.22092888,0.04886343,0.0093464,Distant
Transcriptomics,YLR168C.RNASeq,SNPs,SNP_chromosome12_500491_C_G,12,500491,1.65E-07,0.27016887,0.05119784,0.06995733,Local
Transcriptomics,YLR168C.RNASeq,SVs,CNV_YER011W_Cov0.75,5,175248,1.57E-06,-0.1579323,0.03266401,0.00489404,Distant
Transcriptomics,YLR168C.RNASeq,SNPs,SNP_chromosome16_229324_T_A,16,229324,1.87E-06,-0.1975242,0.04115919,0.00873647,Distant
Transcriptomics,YLR172C.RNASeq,SNPs,SNP_chromosome12_503512_G_C,12,503512,2.38E-07,-0.2796082,0.05369244,0.07476899,Local
Transcriptomics,YLR172C.RNASeq,SNPs,SNP_chromosome4_120030_C_T,4,120030,5.29E-06,0.27344004,0.05969085,0.06693751,Distant
Proteomics,YLR172C.SCProt,SNPs,SNP_chromosome12_503512_G_C,12,503512,3.84E-09,-0.3160199,0.05309452,0.09470584,Local
Proteomics,YLR172C.SCProt,SNPs,SNP_chromosome12_501100_C_T,12,501100,7.29E-08,0.24617831,0.0453302,0.05741239,Local
Proteomics,YLR172C.SCProt,SNPs,SNP_chromosome12_501527_A_G,12,501527,1.40E-06,-0.204577,0.04210648,0.03766238,Local
Proteomics,YLR172C.SMProt,SNPs,SNP_chromosome12_503512_G_C,12,503512,2.97E-18,-0.4994761,0.05582127,0.2356398,Local
Proteomics,YLR172C.SMProt,SNPs,SNP_chromosome12_501878_T_C,12,501878,1.06E-15,-0.3183017,0.03880345,0.02481046,Local
Proteomics,YLR172C.SMProt,SNPs,SNP_chromosome12_501100_C_T,12,501100,1.93E-12,0.34913368,0.04873681,0.1153014,Local
Proteomics,YLR172C.SMProt,SNPs,SNP_chromosome12_501527_A_G,12,501527,1.45E-10,-0.2908575,0.04472074,0.07523196,Local
Proteomics,YLR172C.SMProt,INDELs,INDEL_chromosome12_494372,12,494372,1.71E-10,-0.3506002,0.0541241,0.11477813,Local
Proteomics,YLR172C.SMProt,SNPs,SNP_chromosome12_504031_C_T,12,504031,6.42E-10,-0.2888048,0.04610625,0.04963503,Local
Proteomics,YLR172C.SMProt,SNPs,SNP_chromosome12_507066_A_G,12,507066,5.52E-08,-0.2199274,0.04005089,0.0104085,Local
Proteomics,YLR172C.SMProt,SNPs,SNP_chromosome12_490805_A_G,12,490805,2.75E-07,-0.1889282,0.03641167,0.00854282,Local
Proteomics,YLR172C.SMProt,SNPs,SNP_chromosome12_499526_A_G,12,499526,6.51E-07,-0.2032341,0.0404861,0.01465502,Local
Proteomics,YLR172C.SMProt,SNPs,SNP_chromosome12_505926_C_T,12,505926,1.42E-06,0.21904436,0.04504657,0.03858023,Local
Proteomics,YLR172C.SMProt,SNPs,SNP_chromosome12_492640_G_A,12,492640,2.50E-06,-0.2285305,0.04815801,0.03383556,Local
Proteomics,YLR172C.SMProt,SNPs,SNP_chromosome4_927559_C_T,4,927559,2.74E-06,-0.194756,0.04120202,0.02048608,Distant
Proteomics,YLR172C.SMProt,INDELs,INDEL_chromosome12_498383,12,498383,3.39E-06,-0.1942524,0.04148968,0.01412945,Local
Proteomics,YLR175W.SMProt,SNPs,SNP_chromosome9_357741_T_C,9,357741,2.57E-06,-0.2630164,0.05548993,0.02975775,Distant
Transcriptomics,YLR179C.RNASeq,SNPs,SNP_chromosome12_514845_A_C,12,514845,6.02E-65,0.61620929,0.03330851,0.35326281,Local
Transcriptomics,YLR179C.RNASeq,INDELs,INDEL_chromosome12_514235,12,514235,3.16E-36,0.45728661,0.03477907,0.19608357,Local
Transcriptomics,YLR179C.RNASeq,SNPs,SNP_chromosome14_593545_A_T,14,593545,9.51E-07,0.24752345,0.05014728,0.01358436,Distant
Transcriptomics,YLR179C.RNASeq,SNPs,SNP_chromosome13_740894_C_T,13,740894,1.31E-06,0.20831179,0.04276257,0.01163245,Distant
Transcriptomics,YLR179C.RNASeq,SNPs,SNP_chromosome6_175192_G_A,6,175192,3.48E-06,0.24414883,0.05228287,0.01072554,Distant
Transcriptomics,YLR179C.RNASeq,SNPs,SNP_chromosome12_513887_T_C,12,513887,4.06E-06,-0.1989075,0.04289259,0.01342223,Local
Proteomics,YLR179C.SCProt,SNPs,SNP_chromosome12_514845_A_C,12,514845,4.65E-55,0.67400387,0.04011067,0.42283961,Local
Proteomics,YLR179C.SCProt,INDELs,INDEL_chromosome12_514235,12,514235,2.15E-31,0.49622136,0.04090354,0.23056815,Local
Proteomics,YLR179C.SCProt,SNPs,SNP_chromosome5_480891_G_A,5,480891,5.57E-08,-0.2574747,0.04698135,0.06219717,Distant
Proteomics,YLR179C.SCProt,SNPs,SNP_chromosome11_126022_G_A,11,126022,4.87E-06,0.17827329,0.03876169,0.00626179,Distant
Proteomics,YLR179C.SCProt,SNPs,SNP_chromosome7_313053_C_T,7,313053,5.04E-06,-0.2662323,0.05797592,0.05915963,Distant
Proteomics,YLR179C.SMProt,SNPs,SNP_chromosome12_514845_A_C,12,514845,4.37E-51,0.67479937,0.04143661,0.43260973,Local
Proteomics,YLR179C.SMProt,INDELs,INDEL_chromosome12_514235,12,514235,7.45E-34,0.54205192,0.04244142,0.27999632,Local
Proteomics,YLR179C.SMProt,SNPs,SNP_chromosome12_503512_G_C,12,503512,3.51E-08,-0.2626229,0.0471193,0.06648823,Local
Proteomics,YLR179C.SMProt,SNPs,SNP_chromosome12_521975_A_G,12,521975,3.07E-07,0.17906944,0.03465362,0.01189646,Local
Transcriptomics,YLR180W.RNASeq,SNPs,SNP_chromosome7_655851_C_T,7,655851,7.59E-08,0.21209138,0.03911682,0.00820132,Distant
Transcriptomics,YLR180W.RNASeq,SNPs,SNP_chromosome15_789595_T_C,15,789595,3.24E-06,-0.1774272,0.03787529,0.01049775,Distant
Proteomics,YLR180W.SMProt,SNPs,SNP_chromosome13_410320_T_C,13,410320,2.07E-08,-0.313529,0.05530462,0.08534528,Distant
Proteomics,YLR180W.SMProt,SNPs,SNP_chromosome9_416771_C_T,9,416771,3.72E-06,-0.2541204,0.05450624,0.01715278,Distant
Transcriptomics,YLR183C.RNASeq,SNPs,SNP_chromosome14_124139_G_A,14,124139,2.89E-06,-0.3110938,0.06607324,0.0523115,Distant
Proteomics,YLR185W.SCProt,SNPs,SNP_chromosome9_377527_T_C,9,377527,6.74E-06,0.17695864,0.03906795,0.00539751,Distant
Proteomics,YLR185W.SMProt,SNPs,SNP_chromosome11_133280_T_C,11,133280,4.16E-08,0.20682154,0.03731198,0.00970532,Distant
Proteomics,YLR185W.SMProt,SVs,SV_5584_INS_chromosome14_632326_len_331_TyRelated,14,632326,2.04E-06,-0.2092903,0.04370645,0.01717047,Distant
Transcriptomics,YLR191W.RNASeq,SNPs,SNP_chromosome11_580794_G_A,11,580794,2.08E-06,-0.2097553,0.04390617,0.00841936,Distant
Transcriptomics,YLR192C.RNASeq,SVs,CNV_YBR272C_Cov1.25,2,746361,1.30E-06,-0.1815392,0.03724974,0.00646646,Distant
Proteomics,YLR192C.SCProt,SVs,CNV_YHR204W_Cov1.25,8,506319,1.39E-06,-0.2070997,0.04260594,0.00876816,Distant
Proteomics,YLR192C.SCProt,SNPs,SNP_chromosome10_62971_T_C,10,62971,2.51E-06,0.2060649,0.04348545,0.00694259,Distant
Transcriptomics,YLR194C.RNASeq,SNPs,SNP_chromosome14_605480_G_C,14,605480,1.52E-06,0.26511473,0.05476272,0.01560958,Distant
Proteomics,YLR196W.SMProt,SNPs,SNP_chromosome12_391214_C_T,12,391214,1.80E-06,-0.3527786,0.07328445,0.11582584,Distant
Transcriptomics,YLR197W.RNASeq,SNPs,SNP_chromosome7_655851_C_T,7,655851,4.82E-06,0.17811261,0.03871515,0.00577799,Distant
Proteomics,YLR197W.SCProt,SNPs,SNP_chromosome9_303690_T_C,9,303690,6.07E-06,0.18667599,0.04100906,0.02409991,Distant
Proteomics,YLR197W.SCProt,SNPs,SNP_chromosome1_171685_A_G,1,171685,6.99E-06,0.16546624,0.03659447,0.00655261,Distant
Proteomics,YLR200W.SCProt,SVs,CNV_YLR178C_Cov0.75,12,513162,1.39E-07,-0.1884402,0.03548198,0.03288101,Distant
Proteomics,YLR200W.SCProt,SVs,CNV_YDL227C_Cov0.75,4,46271,2.61E-07,0.19072439,0.03674237,0.00904915,Distant
Proteomics,YLR200W.SCProt,SVs,CNV_YGL024W_Cov0.75,7,449788,1.06E-06,-0.1724144,0.03507824,0.02922922,Distant
Proteomics,YLR200W.SCProt,SVs,CNV_YDR119W-A_Cov0.75,4,691014,3.22E-06,-0.1662782,0.03547689,0.0232623,Distant
Transcriptomics,YLR201C.RNASeq,SNPs,SNP_chromosome12_550665_T_C,12,550665,2.14E-07,-0.2874817,0.05499235,0.04977955,Local
Transcriptomics,YLR205C.RNASeq,SVs,SV_6107_INS_chromosome15_976377_len_311_TyRelated,15,976377,2.94E-08,-0.2066946,0.03694711,0.02589613,Distant
Transcriptomics,YLR205C.RNASeq,SNPs,SNP_chromosome14_425075_C_T,14,425075,1.16E-06,0.36018728,0.07355842,0.11590118,Distant
Transcriptomics,YLR208W.RNASeq,SNPs,SNP_chromosome12_560024_C_T,12,560024,3.99E-07,-0.1995597,0.03907068,0.02386047,Local
Transcriptomics,YLR208W.RNASeq,SNPs,SNP_chromosome12_1012407_T_C,12,1012407,5.31E-06,0.23022532,0.05027033,0.02024852,Distant
Transcriptomics,YLR209C.RNASeq,SNPs,SNP_chromosome12_560800_T_C,12,560800,7.77E-11,-0.2382103,0.03617717,0.01480721,Local
Proteomics,YLR209C.SMProt,SVs,CNV_YDL227C_Cov0.75,4,46271,4.34E-06,0.18465486,0.03988614,0.00781166,Distant
Transcriptomics,YLR212C.RNASeq,SNPs,SNP_chromosome16_773032_T_C,16,773032,1.41E-06,0.28105015,0.05787377,0.04876291,Distant
Transcriptomics,YLR213C.RNASeq,SNPs,SNP_chromosome12_832198_T_C,12,832198,1.50E-06,-0.2646236,0.05462376,0.05738292,Distant
Transcriptomics,YLR214W.RNASeq,SNPs,SNP_chromosome12_567995_G_A,12,567995,1.21E-07,-0.3040412,0.05699077,0.01612026,Local
Transcriptomics,YLR214W.RNASeq,SNPs,SNP_chromosome12_571809_G_T,12,571809,3.36E-06,-0.3235658,0.06918595,0.09745833,Local
Transcriptomics,YLR215C.RNASeq,SVs,CNV_YX02249_Cov0.25,11,618964,1.84E-07,0.32748199,0.06230902,0.09915247,Distant
Proteomics,YLR216C.SCProt,SNPs,SNP_chromosome3_19946_T_C,3,19946,7.38E-06,0.24528799,0.05438751,0.0122499,Distant
Proteomics,YLR216C.SMProt,SNPs,SNP_chromosome13_175545_T_C,13,175545,1.46E-06,-0.3539774,0.0728883,0.11096508,Distant
Transcriptomics,YLR218C.RNASeq,SNPs,SNP_chromosome12_367348_G_A,12,367348,7.70E-07,-0.2778231,0.055809,0.02714018,Distant
Proteomics,YLR221C.SMProt,SNPs,SNP_chromosome10_635710_G_A,10,635710,6.41E-06,-0.2125033,0.04674723,0.00962595,Distant
Transcriptomics,YLR224W.RNASeq,SVs,CNV_YX02249_Cov0.25,11,618964,1.22E-08,0.35065493,0.06097915,0.11368118,Distant
Transcriptomics,YLR224W.RNASeq,SNPs,SNP_chromosome4_1213572_C_T,4,1213572,4.76E-06,-0.1531819,0.03327746,0.00519104,Distant
Transcriptomics,YLR225C.RNASeq,SNPs,SNP_chromosome1_83309_T_C,1,83309,1.38E-06,-0.3127474,0.06434474,0.04857335,Distant
Transcriptomics,YLR225C.RNASeq,SNPs,SNP_chromosome1_83337_A_G,1,83337,1.42E-06,-0.3166689,0.06521527,0.08551996,Distant
Transcriptomics,YLR227C.RNASeq,SNPs,SNP_chromosome12_591465_A_T,12,591465,2.33E-06,-0.1906475,0.04010695,0.01574274,Local
Transcriptomics,YLR228C.RNASeq,SNPs,SNP_chromosome11_581566_A_G,11,581566,1.65E-06,-0.2667816,0.05529391,0.02108325,Distant
Transcriptomics,YLR229C.RNASeq,SVs,CNV_YDL227C_Cov0.75,4,46271,2.55E-07,0.18914849,0.03641814,0.00909064,Distant
Proteomics,YLR229C.SCProt,SNPs,SNP_chromosome1_69403_C_T,1,69403,3.30E-06,0.20157172,0.04305241,0.01252249,Distant
Transcriptomics,YLR231C.RNASeq,SNPs,SNP_chromosome12_607128_G_A,12,607128,1.42E-06,0.24749524,0.05098262,0.04543392,Local
Proteomics,YLR231C.SMProt,SNPs,SNP_chromosome12_607128_G_A,12,607128,3.81E-08,0.33564894,0.06038275,0.0778232,Local
Proteomics,YLR231C.SMProt,SNPs,SNP_chromosome5_143188_G_A,5,143188,2.01E-06,0.32476894,0.06778714,0.02021569,Distant
Proteomics,YLR231C.SMProt,SNPs,SNP_chromosome12_606111_T_C,12,606111,4.10E-06,0.17795618,0.03833913,0.00694833,Local
Proteomics,YLR231C.SMProt,INDELs,INDEL_chromosome7_1052317,7,1052317,4.65E-06,0.20130351,0.04362135,0.01902523,Distant
Transcriptomics,YLR232W.RNASeq,INDELs,INDEL_chromosome12_607136,12,607136,1.54E-09,0.35456617,0.05808838,0.12933705,Local
Transcriptomics,YLR232W.RNASeq,SNPs,SNP_chromosome12_607614_G_A,12,607614,2.78E-09,0.37114191,0.06180709,0.14228951,Local
Transcriptomics,YLR232W.RNASeq,SNPs,SNP_chromosome12_607128_G_A,12,607128,1.71E-07,0.24699375,0.04686767,0.04797541,Local
Transcriptomics,YLR233C.RNASeq,SNPs,SNP_chromosome15_868024_A_G,15,868024,3.07E-07,0.31136559,0.06036131,0.07180926,Distant
Transcriptomics,YLR237W.RNASeq,SNPs,SNP_chromosome15_586701_A_C,15,586701,1.58E-07,-0.1810702,0.03425764,0.01621089,Distant
Transcriptomics,YLR237W.RNASeq,SVs,CNV_YX02249_Cov0.25,11,618964,1.89E-06,0.28515745,0.05945657,0.07517928,Distant
Transcriptomics,YLR238W.RNASeq,SNPs,SNP_chromosome12_614708_G_A,12,614708,3.92E-08,0.23267072,0.04197835,0.0492961,Local
Transcriptomics,YLR239C.RNASeq,SNPs,SNP_chromosome15_674643_G_A,15,674643,3.36E-07,0.29230626,0.05685785,0.03447155,Distant
Transcriptomics,YLR239C.RNASeq,SNPs,SNP_chromosome15_941220_A_G,15,941220,2.18E-06,-0.3128178,0.06562133,0.040453,Distant
Transcriptomics,YLR242C.RNASeq,INDELs,INDEL_chromosome12_626343,12,626343,2.05E-06,-0.288105,0.06028015,0.01682919,Local
Proteomics,YLR244C.SCProt,SNPs,SNP_chromosome15_316670_C_G,15,316670,2.76E-06,-0.1770759,0.03752348,0.0053324,Distant
Transcriptomics,YLR246W.RNASeq,SVs,CNV_YBL100W-B_Cov16.25,2,29935,1.90E-07,0.21479676,0.04091141,0.03693175,Distant
Transcriptomics,YLR246W.RNASeq,SNPs,SNP_chromosome12_723642_C_G,12,723642,7.17E-07,-0.2688907,0.05386114,0.01682993,Distant
Transcriptomics,YLR246W.RNASeq,SNPs,SNP_chromosome2_253367_G_T,2,253367,1.80E-06,-0.2733611,0.05686841,0.01372652,Distant
Transcriptomics,YLR247C.RNASeq,SVs,CNV_YMR170C_Cov0.25,13,601562,6.34E-06,0.17329669,0.0381566,0.00705657,Distant
Transcriptomics,YLR247C.RNASeq,SNPs,SNP_chromosome7_251694_T_A,7,251694,1.09E-05,0.19510712,0.0441024,0.00740304,Distant
Proteomics,YLR248W.SMProt,SNPs,SNP_chromosome8_197003_T_C,8,197003,3.83E-06,-0.2209715,0.04746008,0.01276542,Distant
Proteomics,YLR248W.SMProt,SNPs,SNP_chromosome15_907892_C_T,15,907892,4.30E-06,0.41874867,0.09041075,0.06293583,Distant
Proteomics,YLR248W.SMProt,SVs,SV_1461_INS_chromosome4_981170_len_1901_TyRelated,4,981170,4.83E-06,0.18919449,0.04106927,0.02301664,Distant
Transcriptomics,YLR249W.RNASeq,SNPs,SNP_chromosome7_655851_C_T,7,655851,1.63E-06,0.18612803,0.03856484,0.00630973,Distant
Proteomics,YLR250W.SCProt,SVs,CNV_YDL227C_Cov0.75,4,46271,2.09E-09,0.21570809,0.0356242,0.01175705,Distant
Proteomics,YLR250W.SCProt,SVs,CNV_YX00433_Cov1.25,3,190232,2.39E-06,0.16774853,0.03532348,0.01600388,Distant
Transcriptomics,YLR254C.RNASeq,SNPs,SNP_chromosome12_775104_T_C,12,775104,1.30E-06,0.33094934,0.06791566,0.05734476,Distant
Transcriptomics,YLR257W.RNASeq,SNPs,SNP_chromosome4_848316_A_G,4,848316,1.13E-06,-0.1987847,0.04055534,0.02020398,Distant
Transcriptomics,YLR258W.RNASeq,SNPs,SNP_chromosome12_660194_A_G,12,660194,6.35E-07,-0.1812869,0.03614005,0.01256851,Local
Proteomics,YLR262C-A.SMProt,SVs,CNV_YDL227C_Cov0.75,4,46271,9.33E-07,0.19765009,0.03994709,0.00916681,Distant
Transcriptomics,YLR262C.RNASeq,SNPs,SNP_chromosome12_668131_T_C,12,668131,2.67E-15,-0.315669,0.03922521,0.0519376,Local
Transcriptomics,YLR262C.RNASeq,SNPs,SNP_chromosome12_668899_C_T,12,668899,2.78E-11,0.28714422,0.04258538,0.07073923,Local
Proteomics,YLR262C.SMProt,SNPs,SNP_chromosome12_668131_T_C,12,668131,8.39E-08,-0.2407343,0.04446882,0.03320425,Local
Proteomics,YLR262C.SMProt,SNPs,SNP_chromosome12_668899_C_T,12,668899,1.17E-06,0.23123372,0.04717497,0.0466683,Local
Transcriptomics,YLR265C.RNASeq,SVs,CNV_YDL227C_Cov0.75,4,46271,3.66E-12,0.22546408,0.03199642,0.01291645,Distant
Transcriptomics,YLR265C.RNASeq,SVs,CNV_YX00433_Cov1.25,3,190232,1.51E-07,0.16745396,0.03163061,0.01627194,Distant
Transcriptomics,YLR265C.RNASeq,SVs,CNV_YX00455_Cov0.25,3,199369,2.45E-07,0.17283648,0.03322755,0.00538164,Distant
Transcriptomics,YLR265C.RNASeq,SNPs,SNP_chromosome12_677014_A_C,12,677014,4.31E-07,-0.2869068,0.0563376,0.02394946,Local
Transcriptomics,YLR266C.RNASeq,SNPs,SNP_chromosome12_677829_G_A,12,677829,2.12E-25,-0.421922,0.03927864,0.13705377,Local
Transcriptomics,YLR267W.RNASeq,SNPs,SNP_chromosome12_677829_G_A,12,677829,7.92E-13,-0.3036151,0.04177142,0.07096977,Local
Transcriptomics,YLR267W.RNASeq,SNPs,SNP_chromosome15_631254_C_T,15,631254,4.34E-07,-0.2304697,0.04526709,0.00760588,Distant
Transcriptomics,YLR270W.RNASeq,SNPs,SNP_chromosome12_665873_G_A,12,665873,1.87E-06,-0.2227089,0.04640698,0.00819543,Local
Transcriptomics,YLR274W.RNASeq,SNPs,SNP_chromosome14_491381_T_C,14,491381,2.10E-06,-0.2101424,0.04401155,0.033764,Distant
Transcriptomics,YLR281C.RNASeq,SNPs,SNP_chromosome4_59148_C_T,4,59148,3.60E-06,0.23844957,0.05114199,0.01181273,Distant
Transcriptomics,YLR283W.RNASeq,SVs,CNV_YAR064W_Cov0.75,1,220198,6.82E-06,0.20847963,0.04606142,0.02185163,Distant
Transcriptomics,YLR284C.RNASeq,SNPs,SNP_chromosome12_707189_T_C,12,707189,2.72E-11,0.22825106,0.03383375,0.0135478,Local
Proteomics,YLR285W.SMProt,SNPs,SNP_chromosome4_173563_T_C,4,173563,2.90E-06,0.32135276,0.06815513,0.05386571,Distant
Proteomics,YLR291C.SMProt,SNPs,SNP_chromosome4_1298829_C_A,4,1298829,4.81E-06,-0.3117896,0.06767188,0.08654042,Distant
Proteomics,YLR292C.SMProt,SNPs,SNP_chromosome5_480007_A_C,5,480007,9.89E-07,0.25840078,0.05235127,0.02032679,Distant
Transcriptomics,YLR294C.RNASeq,SNPs,SNP_chromosome4_34063_C_T,4,34063,1.28E-07,0.29220251,0.05488064,0.07805962,Distant
Proteomics,YLR300W.SCProt,SVs,CNV_YDL227C_Cov0.75,4,46271,5.35E-06,0.16659355,0.0363805,0.00701698,Distant
Transcriptomics,YLR301W.RNASeq,SNPs,SNP_chromosome16_411368_C_T,16,411368,1.84E-06,0.24323882,0.0506515,0.01329377,Distant
Proteomics,YLR301W.SMProt,INDELs,INDEL_chromosome12_634030,12,634030,2.74E-06,0.37568944,0.07947838,0.12790906,Distant
Proteomics,YLR301W.SMProt,SNPs,SNP_chromosome12_633199_G_A,12,633199,3.86E-06,0.36289894,0.07796844,0.12029106,Distant
Transcriptomics,YLR302C.RNASeq,SNPs,SNP_chromosome13_622544_C_A,13,622544,9.22E-12,0.30215385,0.04372885,0.02699181,Distant
Transcriptomics,YLR302C.RNASeq,SNPs,SNP_chromosome13_622439_C_T,13,622439,2.89E-11,0.28827035,0.04278658,0.04514193,Distant
Transcriptomics,YLR302C.RNASeq,SNPs,SNP_chromosome13_622076_T_G,13,622076,1.39E-07,-0.2904544,0.05471413,0.0806818,Distant
Proteomics,YLR303W.SCProt,SNPs,SNP_chromosome13_235787_C_T,13,235787,3.44E-07,0.19908255,0.03874999,0.01575221,Distant
Proteomics,YLR303W.SMProt,SNPs,SNP_chromosome12_724228_C_G,12,724228,1.43E-11,0.30269409,0.04409578,0.02386257,Local
Proteomics,YLR303W.SMProt,SNPs,SNP_chromosome7_764470_A_G,7,764470,2.01E-08,0.25560905,0.04504774,0.01603651,Distant
Proteomics,YLR303W.SMProt,SNPs,SNP_chromosome14_118249_G_C,14,118249,4.29E-08,0.2468841,0.04458733,0.01137254,Distant
Proteomics,YLR303W.SMProt,SNPs,SNP_chromosome15_712134_C_T,15,712134,4.54E-08,0.2065045,0.03736436,0.00897874,Distant
Proteomics,YLR303W.SMProt,SVs,SV_6034_INS_chromosome15_703586_len_328_TyRelated,15,703586,2.14E-07,0.2342674,0.04473386,0.01166841,Distant
Proteomics,YLR303W.SMProt,SNPs,SNP_chromosome12_85270_C_G,12,85270,2.26E-07,0.22419901,0.04289946,0.00820414,Distant
Proteomics,YLR303W.SMProt,SNPs,SNP_chromosome11_579367_C_T,11,579367,5.01E-07,-0.3658739,0.07214285,0.02553473,Distant
Proteomics,YLR303W.SMProt,SNPs,SNP_chromosome15_356925_T_C,15,356925,7.22E-07,0.21880173,0.04376863,0.01206662,Distant
Proteomics,YLR303W.SMProt,SNPs,SNP_chromosome15_711599_C_T,15,711599,1.04E-06,0.18410171,0.0373718,0.01263793,Distant
Proteomics,YLR303W.SMProt,SNPs,SNP_chromosome15_702790_T_C,15,702790,1.31E-06,0.20186261,0.04137307,0.00913062,Distant
Proteomics,YLR303W.SMProt,SNPs,SNP_chromosome12_245465_T_C,12,245465,1.62E-06,0.22516934,0.04656649,0.00958,Distant
Proteomics,YLR303W.SMProt,SNPs,SNP_chromosome15_353934_C_T,15,353934,2.35E-06,0.31061455,0.06527076,0.05689373,Distant
Proteomics,YLR303W.SMProt,SNPs,SNP_chromosome12_704386_C_G,12,704386,2.79E-06,-0.3330609,0.07051988,0.10868675,Distant
Proteomics,YLR303W.SMProt,SNPs,SNP_chromosome10_51409_A_G,10,51409,3.26E-06,0.36308332,0.07741058,0.11315176,Distant
Proteomics,YLR303W.SMProt,SNPs,SNP_chromosome15_306068_A_G,15,306068,5.18E-06,0.32398289,0.07055893,0.09821121,Distant
Proteomics,YLR303W.SMProt,INDELs,INDEL_chromosome10_50009,10,50009,5.80E-06,0.38951527,0.0852859,0.1354075,Distant
Proteomics,YLR303W.SMProt,SNPs,SNP_chromosome15_233334_C_A,15,233334,7.70E-06,0.15686145,0.03481383,0.0064781,Distant
Proteomics,YLR303W.SMProt,SNPs,SNP_chromosome16_645937_A_C,16,645937,8.00E-06,-0.2433917,0.05411735,0.0153368,Distant
Proteomics,YLR304C.SCProt,INDELs,INDEL_chromosome16_316604,16,316604,2.95E-07,0.33320853,0.06448627,0.02126304,Distant
Proteomics,YLR304C.SMProt,SVs,CNV_YHR053C_Cov1.75,8,212535,3.71E-06,-0.1840777,0.03947996,0.03488501,Distant
Transcriptomics,YLR305C.RNASeq,SVs,SV_5244_DEL_chromosome13_600892_len_-698,13,600892,4.27E-06,-0.1931284,0.04174565,0.01342892,Distant
Transcriptomics,YLR307C-A.RNASeq,SNPs,SNP_chromosome7_165469_G_A,7,165469,2.36E-06,0.23530829,0.04953426,0.02984062,Distant
Transcriptomics,YLR309C.RNASeq,SNPs,SNP_chromosome8_463767_T_G,8,463767,3.13E-07,-0.2130144,0.0413247,0.03719331,Distant
Proteomics,YLR310C.SMProt,SNPs,SNP_chromosome15_652418_C_T,15,652418,3.48E-06,-0.2468126,0.05277761,0.02418422,Distant
Proteomics,YLR310C.SMProt,SNPs,SNP_chromosome15_75353_G_A,15,75353,4.15E-06,0.22608306,0.04873744,0.02043088,Distant
Transcriptomics,YLR312W-A.RNASeq,SNPs,SNP_chromosome7_554853_T_C,7,554853,1.52E-06,-0.1995694,0.04122835,0.00525043,Distant
Transcriptomics,YLR313C.RNASeq,SNPs,SNP_chromosome12_760343_A_G,12,760343,5.76E-20,0.41819283,0.04463308,0.12508308,Local
Transcriptomics,YLR313C.RNASeq,SNPs,SNP_chromosome10_290106_G_A,10,290106,5.42E-07,-0.2282077,0.04521164,0.01705594,Distant
Transcriptomics,YLR313C.RNASeq,SVs,SV_6426_INS_chromosome16_689283_len_328_TyRelated,16,689283,8.07E-07,0.21828721,0.04393152,0.01276029,Distant
Transcriptomics,YLR313C.RNASeq,SNPs,SNP_chromosome12_559511_C_T,12,559511,2.37E-06,-0.2779133,0.05851422,0.04324661,Distant
Transcriptomics,YLR313C.RNASeq,SNPs,SNP_chromosome12_281958_A_G,12,281958,2.48E-06,0.26085113,0.055022,0.01338229,Distant
Transcriptomics,YLR313C.RNASeq,SNPs,SNP_chromosome16_768715_G_A,16,768715,3.50E-06,0.28161179,0.06031967,0.04933735,Distant
Proteomics,YLR314C.SMProt,SNPs,SNP_chromosome12_760199_A_G,12,760199,3.50E-06,-0.1941812,0.04153295,0.01809539,Local
Transcriptomics,YLR319C.RNASeq,SNPs,SNP_chromosome10_106721_T_A,10,106721,6.85E-06,-0.2966042,0.06554715,0.08283964,Distant
Transcriptomics,YLR321C.RNASeq,SVs,CNV_YX02249_Cov0.25,11,618964,1.82E-07,0.3074083,0.05846718,0.08736951,Distant
Transcriptomics,YLR323C.RNASeq,SNPs,SNP_chromosome12_778114_T_G,12,778114,3.04E-06,0.28550534,0.06077097,0.06665931,Local
Transcriptomics,YLR323C.RNASeq,SNPs,SNP_chromosome10_329858_T_C,10,329858,5.12E-06,0.28571603,0.06227805,0.06885054,Distant
Transcriptomics,YLR326W.RNASeq,SNPs,SNP_chromosome13_296288_A_C,13,296288,7.21E-06,-0.1975467,0.04376311,0.03002455,Distant
Transcriptomics,YLR328W.RNASeq,SNPs,SNP_chromosome4_95631_C_T,4,95631,3.07E-06,-0.3828651,0.08152605,0.02776531,Distant
Transcriptomics,YLR329W.RNASeq,SNPs,SNP_chromosome15_844406_G_A,15,844406,3.36E-06,-0.220072,0.04705123,0.04069984,Distant
Transcriptomics,YLR332W.RNASeq,SNPs,SNP_chromosome1_175532_G_A,1,175532,4.17E-06,-0.3469178,0.0749071,0.02705546,Distant
Transcriptomics,YLR334C.RNASeq,SVs,SV_4860_INS_chromosome12_797016_len_5910_TyRelated,12,797016,4.70E-18,0.26985726,0.03050038,0.01365929,Local
Transcriptomics,YLR334C.RNASeq,SNPs,SNP_chromosome12_796855_G_A,12,796855,3.07E-09,0.23635749,0.03946912,0.04230163,Local
Transcriptomics,YLR334C.RNASeq,SVs,SV_4857_INS_chromosome12_796950_len_329_TyRelated,12,796950,1.13E-07,0.20662535,0.03863978,0.01106737,Local
Transcriptomics,YLR334C.RNASeq,SNPs,SNP_chromosome15_541647_C_T,15,541647,2.97E-06,0.25028116,0.05321954,0.02352648,Distant
Transcriptomics,YLR334C.RNASeq,SVs,CNV_YX02842_Cov1.25,14,8062,5.23E-06,-0.1722824,0.03758978,0.02565862,Distant
Proteomics,YLR335W.SMProt,SNPs,SNP_chromosome12_797168_G_A,12,797168,6.70E-16,0.36425724,0.04408361,0.0976569,Local
Proteomics,YLR335W.SMProt,SVs,SV_4860_INS_chromosome12_797016_len_5910_TyRelated,12,797016,1.56E-06,-0.1799497,0.03715862,0.00469816,Local
Transcriptomics,YLR336C.RNASeq,SNPs,SNP_chromosome7_655851_C_T,7,655851,2.33E-07,0.20638013,0.03960566,0.00775752,Distant
Transcriptomics,YLR341W.RNASeq,SNPs,SNP_chromosome12_808422_G_A,12,808422,8.50E-38,0.45659257,0.03389384,0.16682906,Local
Transcriptomics,YLR341W.RNASeq,SNPs,SNP_chromosome12_808434_C_T,12,808434,3.73E-23,-0.347636,0.0341083,0.09582916,Local
Transcriptomics,YLR341W.RNASeq,SNPs,SNP_chromosome12_807037_G_A,12,807037,7.00E-08,-0.1673608,0.03078326,0.0076843,Local
Transcriptomics,YLR341W.RNASeq,SNPs,SNP_chromosome12_807361_T_C,12,807361,1.29E-06,-0.2940081,0.06030644,0.07930886,Local
Proteomics,YLR342W.SMProt,SNPs,SNP_chromosome16_235149_A_G,16,235149,7.19E-07,-0.2190306,0.04380775,0.03357001,Distant
Transcriptomics,YLR343W.RNASeq,SNPs,SNP_chromosome12_817044_A_G,12,817044,6.82E-07,-0.3211315,0.06419888,0.09804187,Local
Transcriptomics,YLR344W.RNASeq,SNPs,SNP_chromosome12_585709_A_T,12,585709,1.82E-06,0.21693366,0.04515034,0.03329947,Distant
Transcriptomics,YLR346C.RNASeq,SNPs,SNP_chromosome12_117788_T_C,12,117788,5.05E-08,-0.2979664,0.05420938,0.07961164,Distant
Transcriptomics,YLR346C.RNASeq,SNPs,SNP_chromosome12_821272_A_G,12,821272,1.92E-07,-0.2967833,0.05654674,0.0570199,Local
Transcriptomics,YLR347C.RNASeq,SNPs,SNP_chromosome14_408355_C_T,14,408355,5.35E-06,-0.161611,0.03529808,0.00909498,Distant
Proteomics,YLR348C.SMProt,SNPs,SNP_chromosome16_770699_T_A,16,770699,2.01E-06,0.19807999,0.04134271,0.03313981,Distant
Transcriptomics,YLR351C.RNASeq,SNPs,SNP_chromosome4_1139792_T_C,4,1139792,4.05E-06,0.30428313,0.06560943,0.04296583,Distant
Proteomics,YLR351C.SMProt,SNPs,SNP_chromosome10_446307_G_A,10,446307,5.33E-08,0.20531843,0.03734687,0.01787848,Distant
Proteomics,YLR351C.SMProt,SNPs,SNP_chromosome2_205834_G_A,2,205834,3.87E-06,0.19149813,0.041147,0.02459034,Distant
Proteomics,YLR354C.SCProt,SVs,CNV_YX01899_Cov0.25,10,2767,3.80E-07,-0.1401401,0.02738035,0.02003727,Distant
Transcriptomics,YLR355C.RNASeq,SVs,CNV_YHR190W_Cov1.25,8,484845,1.90E-06,-0.2132343,0.04446079,0.01015696,Distant
Proteomics,YLR355C.SCProt,SNPs,SNP_chromosome5_50409_A_G,5,50409,3.33E-07,-0.2882336,0.05603351,0.01763222,Distant
Proteomics,YLR355C.SMProt,SNPs,SNP_chromosome7_256952_C_T,7,256952,3.00E-06,-0.2678213,0.05689427,0.04770783,Distant
Transcriptomics,YLR356W.RNASeq,SNPs,SNP_chromosome15_411155_A_C,15,411155,2.01E-06,0.3136232,0.06556435,0.03081175,Distant
Transcriptomics,YLR358C.RNASeq,SNPs,SNP_chromosome4_541810_G_T,4,541810,2.06E-06,-0.162799,0.03406425,0.00364532,Distant
Transcriptomics,YLR358C.RNASeq,SNPs,SNP_chromosome12_212876_A_G,12,212876,2.72E-06,-0.1613201,0.03416809,0.00579585,Distant
Proteomics,YLR359W.SCProt,SNPs,SNP_chromosome13_260040_G_A,13,260040,3.12E-06,0.18596029,0.03962091,0.00544323,Distant
Proteomics,YLR359W.SMProt,SNPs,SNP_chromosome4_271035_G_T,4,271035,8.20E-07,-0.1922408,0.03865123,0.00846965,Distant
Transcriptomics,YLR361C-A.RNASeq,SNPs,SNP_chromosome12_850042_C_T,12,850042,7.20E-08,0.2356243,0.04338059,0.02617847,Local
Transcriptomics,YLR361C-A.RNASeq,SNPs,SNP_chromosome12_851760_C_G,12,851760,1.16E-07,0.32965691,0.06169932,0.10352558,Local
Transcriptomics,YLR361C-A.RNASeq,SVs,CNV_YX02488_Cov0.25,12,835180,2.01E-07,0.21622372,0.04127031,0.02422593,Local
Transcriptomics,YLR361C-A.RNASeq,INDELs,INDEL_chromosome12_959119,12,959119,2.26E-06,-0.2191167,0.0460397,0.04101769,Distant
Transcriptomics,YLR361C-A.RNASeq,SNPs,SNP_chromosome12_959018_A_G,12,959018,3.48E-06,-0.2155296,0.04615824,0.03978269,Distant
Transcriptomics,YLR361C.RNASeq,SNPs,SNP_chromosome14_449443_T_C,14,449443,1.13E-06,-0.2297568,0.04687416,0.04517169,Distant
Transcriptomics,YLR362W.RNASeq,SVs,CNV_YNR071C_Cov0.25,14,770440,1.09E-06,0.23080719,0.04701439,0.01148594,Distant
Proteomics,YLR364W.SMProt,SNPs,SNP_chromosome4_90193_A_T,4,90193,2.74E-06,-0.1981349,0.04191585,0.00932027,Distant
Transcriptomics,YLR368W.RNASeq,SVs,CNV_YIL059C_Cov0.75,9,246550,2.06E-06,-0.1687621,0.03531378,0.00777437,Distant
Proteomics,YLR370C.SMProt,SNPs,SNP_chromosome10_558025_A_G,10,558025,1.05E-06,0.19903001,0.0404178,0.01784999,Distant
Transcriptomics,YLR376C.RNASeq,SNPs,SNP_chromosome12_873227_G_A,12,873227,2.52E-06,0.1968819,0.04156513,0.00902809,Local
Transcriptomics,YLR376C.RNASeq,SNPs,SNP_chromosome12_873021_T_C,12,873021,5.35E-06,0.23968264,0.05235088,0.02672651,Local
Transcriptomics,YLR377C.RNASeq,SNPs,SNP_chromosome7_238358_A_G,7,238358,1.58E-07,-0.3464032,0.06554351,0.03321759,Distant
Proteomics,YLR378C.SCProt,SNPs,SNP_chromosome15_619443_C_T,15,619443,1.14E-06,-0.1919942,0.03917242,0.01845073,Distant
Proteomics,YLR378C.SMProt,SNPs,SNP_chromosome14_151081_G_C,14,151081,7.80E-07,-0.2226215,0.04466921,0.00823778,Distant
Transcriptomics,YLR380W.RNASeq,SNPs,SNP_chromosome6_77007_T_G,6,77007,4.15E-06,0.27405839,0.05916136,0.04952757,Distant
Transcriptomics,YLR380W.RNASeq,SNPs,SNP_chromosome8_247659_C_T,8,247659,5.54E-06,0.27088685,0.05926346,0.04087039,Distant
Proteomics,YLR380W.SMProt,SNPs,SNP_chromosome12_369239_C_T,12,369239,9.97E-07,-0.2201185,0.04460884,0.01696601,Distant
Proteomics,YLR380W.SMProt,SNPs,SNP_chromosome5_140379_G_T,5,140379,3.52E-06,0.35035685,0.07496449,0.07037829,Distant
Transcriptomics,YLR383W.RNASeq,SNPs,SNP_chromosome12_128659_T_C,12,128659,7.41E-07,-0.2837771,0.05691658,0.01479251,Distant
Transcriptomics,YLR384C.RNASeq,SNPs,SNP_chromosome7_655851_C_T,7,655851,3.46E-07,0.20339513,0.03960796,0.00753474,Distant
Transcriptomics,YLR389C.RNASeq,SNPs,SNP_chromosome12_902715_C_T,12,902715,5.60E-08,-0.3293833,0.06013282,0.05266022,Local
Transcriptomics,YLR389C.RNASeq,INDELs,INDEL_chromosome12_902882,12,902882,2.21E-07,-0.2729459,0.05227969,0.03640867,Local
Transcriptomics,YLR390W.RNASeq,SNPs,SNP_chromosome15_374802_G_A,15,374802,1.21E-06,-0.2447147,0.05007764,0.02474374,Distant
Transcriptomics,YLR392C.RNASeq,SNPs,SNP_chromosome3_65398_G_A,3,65398,2.03E-06,0.23775195,0.04971471,0.01548946,Distant
Transcriptomics,YLR392C.RNASeq,SNPs,SNP_chromosome16_48995_A_G,16,48995,2.55E-06,-0.2386184,0.05039447,0.02175432,Distant
Transcriptomics,YLR394W.RNASeq,SNPs,SNP_chromosome12_506310_T_A,12,506310,2.00E-06,-0.2471389,0.05164746,0.01551139,Distant
Transcriptomics,YLR394W.RNASeq,SVs,CNV_YX02137_Cov0.25,11,1299,4.08E-06,0.17657759,0.03809017,0.02613417,Distant
Proteomics,YLR401C.SMProt,SNPs,SNP_chromosome2_19851_T_G,2,19851,7.16E-07,0.19925453,0.03984475,0.02315516,Distant
Transcriptomics,YLR402W.RNASeq,SNPs,SNP_chromosome14_354740_A_G,14,354740,5.07E-07,0.29755501,0.05879873,0.07966222,Distant
Transcriptomics,YLR402W.RNASeq,SNPs,SNP_chromosome2_183084_A_C,2,183084,2.18E-06,-0.3380904,0.07092115,0.05641692,Distant
Transcriptomics,YLR404W.RNASeq,SNPs,SNP_chromosome4_424011_G_A,4,424011,1.73E-06,0.23571481,0.04895334,0.01559481,Distant
Transcriptomics,YLR405W.RNASeq,SNPs,SNP_chromosome6_43129_T_C,6,43129,7.57E-06,0.2129085,0.04727807,0.01495959,Distant
Transcriptomics,YLR406C-A.RNASeq,SNPs,SNP_chromosome12_932584_C_T,12,932584,2.17E-06,0.16597872,0.03481304,0.01653165,Local
Transcriptomics,YLR407W.RNASeq,SNPs,SNP_chromosome12_748644_C_T,12,748644,1.67E-06,-0.2550934,0.05290111,0.01844839,Distant
Transcriptomics,YLR408C.RNASeq,SNPs,SNP_chromosome12_934492_A_G,12,934492,2.58E-06,0.24378941,0.05151458,0.04366913,Local
Transcriptomics,YLR408C.RNASeq,SVs,CNV_YDR484W_Cov1.25,4,1422763,5.40E-06,0.15688044,0.03428168,0.0061599,Distant
Transcriptomics,YLR409C.RNASeq,SNPs,SNP_chromosome7_655851_C_T,7,655851,2.31E-06,0.18471902,0.0388448,0.00621456,Distant
Proteomics,YLR409C.SMProt,SNPs,SNP_chromosome12_696819_C_T,12,696819,9.03E-07,-0.224626,0.04534022,0.01368245,Distant
Proteomics,YLR409C.SMProt,SNPs,SNP_chromosome12_648309_G_A,12,648309,1.21E-06,-0.3021377,0.06171834,0.05121154,Distant
Proteomics,YLR409C.SMProt,SNPs,SNP_chromosome9_97988_C_T,9,97988,2.97E-06,-0.1778193,0.03775727,0.00672919,Distant
Transcriptomics,YLR412C-A.RNASeq,SNPs,SNP_chromosome12_519313_A_T,12,519313,2.35E-06,-0.1917704,0.04035617,0.01593132,Distant
Transcriptomics,YLR412C-A.RNASeq,SNPs,SNP_chromosome12_933520_G_T,12,933520,3.97E-06,0.17192672,0.03703762,0.01621098,Local
Transcriptomics,YLR412W.RNASeq,SVs,SV_5763_INS_chromosome15_31254_len_2739,15,31254,2.84E-06,0.15373939,0.03262728,0.00716827,Distant
Transcriptomics,YLR412W.RNASeq,SVs,CNV_YGR109W-B_Cov3.25,7,707610,5.36E-06,-0.1909969,0.04172224,0.01879103,Distant
Transcriptomics,YLR415C.RNASeq,SNPs,SNP_chromosome10_582845_G_T,10,582845,3.63E-06,0.29970949,0.06430375,0.03366933,Distant
Transcriptomics,YLR418C.RNASeq,SNPs,SNP_chromosome12_957106_C_T,12,957106,3.65E-08,-0.241375,0.04344754,0.04690826,Local
Transcriptomics,YLR418C.RNASeq,INDELs,INDEL_chromosome12_959119,12,959119,4.39E-07,0.24017253,0.0471941,0.04927956,Local
Transcriptomics,YLR418C.RNASeq,SNPs,SNP_chromosome12_959018_A_G,12,959018,5.28E-07,0.23905914,0.04731388,0.04894305,Local
Transcriptomics,YLR420W.RNASeq,SVs,SV_4896_INS_chromosome12_963062_len_5349_TyRelated,12,963062,3.97E-08,0.20294279,0.0366285,0.01192166,Local
Transcriptomics,YLR420W.RNASeq,SNPs,SNP_chromosome11_411807_G_T,11,411807,5.83E-08,0.34302983,0.06270629,0.0226251,Distant
Transcriptomics,YLR420W.RNASeq,SNPs,SNP_chromosome4_574907_C_T,4,574907,2.10E-06,0.29806628,0.06242841,0.0225368,Distant
Transcriptomics,YLR420W.RNASeq,SNPs,SNP_chromosome10_95205_T_C,10,95205,5.60E-06,-0.260754,0.05707763,0.02666633,Distant
Transcriptomics,YLR421C.RNASeq,SNPs,SNP_chromosome6_48886_G_A,6,48886,1.40E-07,-0.3298643,0.06215105,0.0247277,Distant
Transcriptomics,YLR421C.RNASeq,SNPs,SNP_chromosome7_655851_C_T,7,655851,1.04E-06,-0.185375,0.03769934,0.00625878,Distant
Proteomics,YLR421C.SMProt,SNPs,SNP_chromosome16_668232_T_C,16,668232,2.06E-07,-0.2008868,0.0383079,0.00932914,Distant
Transcriptomics,YLR423C.RNASeq,SNPs,SNP_chromosome12_972375_C_T,12,972375,7.21E-26,0.65239118,0.06010766,0.407582,Local
Transcriptomics,YLR423C.RNASeq,SVs,SV_4910_INS_chromosome12_976255_len_139,12,976255,8.85E-08,-0.2700839,0.050076,0.05359644,Local
Transcriptomics,YLR423C.RNASeq,SNPs,SNP_chromosome12_974945_G_A,12,974945,3.60E-07,0.18914705,0.03688945,0.02371311,Local
Transcriptomics,YLR423C.RNASeq,SNPs,SNP_chromosome12_774054_T_G,12,774054,2.84E-06,-0.2424585,0.05145621,0.01012518,Distant
Transcriptomics,YLR424W.RNASeq,SNPs,SNP_chromosome12_975612_C_T,12,975612,1.79E-26,0.44498913,0.04046434,0.16427893,Local
Transcriptomics,YLR424W.RNASeq,SNPs,SNP_chromosome12_975675_G_A,12,975675,2.61E-17,-0.3349851,0.03878291,0.08422726,Local
Transcriptomics,YLR424W.RNASeq,SNPs,SNP_chromosome12_975966_A_G,12,975966,9.36E-13,0.28414326,0.03922153,0.04587936,Local
Transcriptomics,YLR424W.RNASeq,SNPs,SNP_chromosome12_974822_C_T,12,974822,9.99E-09,0.23954687,0.04140433,0.03957754,Local
Transcriptomics,YLR424W.RNASeq,SVs,SV_4912_INS_chromosome12_976257_len_137,12,976257,9.28E-08,0.22045019,0.04094108,0.04645411,Local
Transcriptomics,YLR424W.RNASeq,SNPs,SNP_chromosome16_341087_G_A,16,341087,1.10E-07,0.20299354,0.03791659,0.01643424,Distant
Transcriptomics,YLR424W.RNASeq,SNPs,SNP_chromosome7_853005_C_A,7,853005,6.11E-07,-0.2035455,0.04051498,0.00856105,Distant
Transcriptomics,YLR426W.RNASeq,INDELs,INDEL_chromosome12_987160,12,987160,2.64E-07,-0.2264363,0.04365361,0.03549947,Local
Transcriptomics,YLR426W.RNASeq,SNPs,SNP_chromosome11_411643_A_G,11,411643,1.22E-06,0.30680263,0.06278408,0.04728581,Distant
Transcriptomics,YLR426W.RNASeq,SNPs,SNP_chromosome15_909929_A_G,15,909929,3.36E-06,0.20120349,0.04302197,0.00705772,Distant
Transcriptomics,YLR430W.RNASeq,SNPs,SNP_chromosome12_210539_A_G,12,210539,3.02E-06,-0.1676655,0.03567755,0.0051883,Distant
Transcriptomics,YLR433C.RNASeq,SNPs,SNP_chromosome12_1006629_A_G,12,1006629,1.86E-10,0.3951826,0.06129059,0.15182033,Local
Transcriptomics,YLR433C.RNASeq,SVs,CNV_YX02512_Cov0.25,12,942990,3.05E-09,0.33557789,0.05602987,0.11055067,Distant
Transcriptomics,YLR435W.RNASeq,SNPs,SNP_chromosome7_655851_C_T,7,655851,3.68E-06,0.18453584,0.03961662,0.00620224,Distant
Transcriptomics,YLR435W.RNASeq,SNPs,SNP_chromosome5_220904_A_G,5,220904,7.08E-06,0.17664907,0.03909812,0.0143179,Distant
Transcriptomics,YLR437C.RNASeq,SNPs,SNP_chromosome12_1012407_T_C,12,1012407,8.38E-09,0.30379717,0.0522336,0.03525775,Local
Transcriptomics,YLR438C-A.RNASeq,SNPs,SNP_chromosome16_659460_G_A,16,659460,2.52E-06,0.29618813,0.06252706,0.04428223,Distant
Transcriptomics,YLR438W.RNASeq,SNPs,SNP_chromosome13_75275_G_A,13,75275,5.14E-08,-0.2990552,0.05443797,0.07726412,Distant
Proteomics,YLR438W.SMProt,INDELs,INDEL_chromosome7_53662,7,53662,4.56E-06,0.18128881,0.03924967,0.01375922,Distant
Proteomics,YLR441C.SMProt,SNPs,SNP_chromosome15_363422_A_G,15,363422,1.75E-06,-0.328696,0.06819423,0.02708388,Distant
Transcriptomics,YLR443W.RNASeq,SNPs,SNP_chromosome2_121899_A_G,2,121899,5.89E-07,-0.3907427,0.07766567,0.03125964,Distant
Transcriptomics,YLR443W.RNASeq,SNPs,SNP_chromosome11_271621_A_T,11,271621,3.58E-06,-0.2058272,0.04413419,0.01376767,Distant
Transcriptomics,YLR447C.RNASeq,SNPs,SNP_chromosome16_377196_T_C,16,377196,8.34E-07,0.20935999,0.04219067,0.00764696,Distant
Proteomics,YLR447C.SCProt,SNPs,SNP_chromosome4_271035_G_T,4,271035,2.23E-06,0.16645949,0.03494763,0.00573434,Distant
Proteomics,YLR448W.SCProt,SVs,CNV_YOR084W_Cov0.75,15,480587,2.23E-07,0.19605851,0.03755476,0.0381164,Distant
Transcriptomics,YLR449W.RNASeq,SNPs,SNP_chromosome4_327242_G_A,4,327242,2.08E-06,0.29603466,0.06197233,0.07866085,Distant
Transcriptomics,YLR451W.RNASeq,SNPs,SNP_chromosome16_821491_T_G,16,821491,3.85E-06,0.24571743,0.05286451,0.04272749,Distant
Transcriptomics,YLR452C.RNASeq,SVs,CNV_YDL227C_Cov0.75,4,46271,2.99E-14,0.25514956,0.03302811,0.01654163,Distant
Transcriptomics,YLR455W.RNASeq,SNPs,SNP_chromosome14_448099_C_T,14,448099,1.29E-06,0.19885963,0.04080216,0.01203084,Distant
Transcriptomics,YLR455W.RNASeq,SNPs,SNP_chromosome16_24710_C_A,16,24710,3.71E-06,-0.1981152,0.04255075,0.00691032,Distant
Transcriptomics,YLR455W.RNASeq,SNPs,SNP_chromosome15_524342_T_C,15,524342,6.31E-06,-0.2193504,0.04828502,0.00892175,Distant
Transcriptomics,YLR456W.RNASeq,SNPs,SNP_chromosome12_1055129_T_C,12,1055129,1.66E-09,-0.3096585,0.05083656,0.02962797,Local
Transcriptomics,YLR462W.RNASeq,SVs,CNV_YEL075W-A_Cov3.25,5,4870,4.68E-26,-0.3530789,0.03239765,0.12323932,Distant
Transcriptomics,YLR462W.RNASeq,SVs,CNV_YEL074W_Cov7.25,5,6126,4.13E-20,-0.261414,0.027786,0.06892065,Distant
Transcriptomics,YLR462W.RNASeq,SVs,CNV_YGR296W_Cov11.75,7,1084864,1.45E-18,-0.2945801,0.03276862,0.08760211,Local
Transcriptomics,YLR462W.RNASeq,SVs,CNV_YX01034_Cov20.75,17,533640,5.59E-16,0.20731692,0.02512681,0.00981641,Distant
Transcriptomics,YLR462W.RNASeq,SVs,CNV_YLL066W-B_Cov4.25,12,5605,1.70E-15,0.2354228,0.02904058,0.01827939,Distant
Transcriptomics,YLR462W.RNASeq,SVs,CNV_YBL113W-A_Cov2.25,2,646,2.33E-13,0.26631893,0.03578585,0.07148462,Distant
Transcriptomics,YLR462W.RNASeq,SVs,CNV_YNL338W_Cov1.75,14,6561,5.14E-10,0.16766286,0.02667938,0.01655519,Distant
Transcriptomics,YLR462W.RNASeq,SVs,CNV_YLR466C-B_Cov3.75,12,1071594,6.91E-10,0.18024243,0.02890354,0.0069123,Local
Transcriptomics,YLR462W.RNASeq,SVs,CNV_YLR465C_Cov0.25,12,1067045,1.74E-07,-0.1703272,0.03233748,0.02438625,Local
Transcriptomics,YLR462W.RNASeq,SVs,CNV_YX00929_Cov0.75,4,1535038,6.25E-07,0.13653104,0.02720066,0.010978,Distant
Transcriptomics,YLR462W.RNASeq,SNPs,SNP_chromosome8_188065_G_A,8,188065,3.48E-06,0.18521116,0.03966467,0.00563476,Distant
Transcriptomics,YLR466W.RNASeq,SVs,CNV_YEL074W_Cov9.25,5,6126,3.88E-31,0.29689947,0.02461978,0.08284858,Distant
Transcriptomics,YLR466W.RNASeq,SVs,CNV_YGR296W_Cov17.75,7,1084864,4.16E-28,0.30367539,0.02669106,0.0779489,Local
Transcriptomics,YLR466W.RNASeq,SVs,CNV_YEL075W-A_Cov3.25,5,4870,2.46E-24,-0.2872545,0.02739947,0.08116512,Distant
Transcriptomics,YLR466W.RNASeq,SVs,CNV_YX01034_Cov20.75,17,533640,1.04E-22,0.2102412,0.02085712,0.01004497,Distant
Transcriptomics,YLR466W.RNASeq,SVs,CNV_YBL113W-A_Cov3.75,2,646,3.04E-17,0.25018855,0.02902863,0.0514329,Distant
Transcriptomics,YLR466W.RNASeq,SVs,CNV_YNL338W_Cov1.75,14,6561,2.63E-16,0.18345453,0.02197792,0.01972182,Distant
Transcriptomics,YLR466W.RNASeq,SVs,CNV_YLL066W-B_Cov1.25,12,5605,1.83E-15,-0.1824016,0.02252558,0.03297357,Distant
Transcriptomics,YLR466W.RNASeq,SVs,CNV_YLR466C-B_Cov0.75,12,1071594,1.87E-15,0.19951783,0.02464779,0.03998939,Local
Transcriptomics,YLR466W.RNASeq,SVs,CNV_YLR465C_Cov0.25,12,1067045,1.39E-08,-0.1564941,0.02732512,0.02048344,Local
Transcriptomics,YLR466W.RNASeq,SNPs,SNP_chromosome12_85385_G_A,12,85385,1.72E-06,0.27800792,0.05773345,0.01638984,Distant
Transcriptomics,YLR466W.RNASeq,SVs,CNV_YX01830_Cov0.25,9,332956,1.90E-06,0.18840481,0.03928919,0.01241092,Distant
Transcriptomics,YLR466W.RNASeq,SNPs,SNP_chromosome4_593321_A_G,4,593321,3.15E-06,0.11143846,0.02375763,0.00248646,Distant
Transcriptomics,YLR467W.RNASeq,SVs,CNV_YEL074W_Cov9.25,5,6126,5.55E-33,0.32076644,0.02572286,0.0973478,Distant
Transcriptomics,YLR467W.RNASeq,SVs,CNV_YEL075W-A_Cov3.25,5,4870,6.36E-27,-0.3162649,0.02846951,0.097947,Distant
Transcriptomics,YLR467W.RNASeq,SVs,CNV_YGR296W_Cov17.75,7,1084864,1.94E-26,0.30850822,0.02805983,0.08121018,Local
Transcriptomics,YLR467W.RNASeq,SVs,CNV_YX01034_Cov20.75,17,533640,1.45E-20,0.2096606,0.02199364,0.01014608,Distant
Transcriptomics,YLR467W.RNASeq,SVs,CNV_YBL113W-A_Cov1.25,2,646,1.31E-16,-0.2214339,0.02623908,0.03886493,Distant
Transcriptomics,YLR467W.RNASeq,SVs,CNV_YLL066W-B_Cov1.25,12,5605,5.43E-16,-0.1927887,0.02334742,0.03666423,Distant
Transcriptomics,YLR467W.RNASeq,SVs,CNV_YLR466C-B_Cov0.75,12,1071594,2.13E-15,0.20776713,0.02571377,0.04336184,Local
Transcriptomics,YLR467W.RNASeq,SVs,CNV_YNL338W_Cov1.75,14,6561,4.31E-15,0.18414348,0.02305497,0.02013051,Distant
Transcriptomics,YLR467W.RNASeq,SVs,CNV_YLR465C_Cov0.25,12,1067045,4.37E-08,-0.1574419,0.02850252,0.02033614,Local
Transcriptomics,YML002W.RNASeq,SNPs,SNP_chromosome8_212499_C_T,8,212499,5.03E-07,0.2756638,0.05445391,0.03329511,Distant
Transcriptomics,YML004C.RNASeq,SNPs,SNP_chromosome2_124959_A_C,2,124959,3.19E-06,-0.207647,0.04429727,0.01037921,Distant
Proteomics,YML008C.SCProt,SNPs,SNP_chromosome4_832353_G_T,4,832353,1.34E-06,0.29084477,0.05973818,0.04793166,Distant
Proteomics,YML008C.SMProt,SNPs,SNP_chromosome13_632242_T_C,13,632242,3.76E-06,0.19447687,0.04173574,0.01994592,Distant
Transcriptomics,YML010W.RNASeq,SNPs,SNP_chromosome2_690620_C_T,2,690620,7.86E-07,-0.2749216,0.0552715,0.01802162,Distant
Transcriptomics,YML010W.RNASeq,SNPs,SNP_chromosome6_245724_A_G,6,245724,2.20E-06,-0.1879287,0.03943795,0.00743397,Distant
Proteomics,YML010W.SMProt,SNPs,SNP_chromosome7_337273_A_G,7,337273,5.06E-06,0.19951242,0.04340464,0.02673464,Distant
Transcriptomics,YML011C.RNASeq,SNPs,SNP_chromosome13_643493_T_C,13,643493,2.53E-06,0.23762543,0.05017465,0.02402844,Distant
Transcriptomics,YML011C.RNASeq,SNPs,SNP_chromosome11_454594_T_C,11,454594,5.20E-06,0.18491758,0.04033705,0.01955893,Distant
Transcriptomics,YML012W.RNASeq,SNPs,SNP_chromosome15_586701_A_C,15,586701,1.19E-06,0.17663599,0.03611488,0.01542663,Distant
Proteomics,YML012W.SMProt,SNPs,SNP_chromosome10_450584_C_G,10,450584,2.17E-07,0.21534918,0.04114104,0.01060039,Distant
Transcriptomics,YML016C.RNASeq,SNPs,SNP_chromosome15_167627_G_A,15,167627,2.30E-06,0.28354341,0.059622,0.06629572,Distant
Transcriptomics,YML018C.RNASeq,SNPs,SNP_chromosome15_717973_G_A,15,717973,1.30E-06,-0.214623,0.04404949,0.01540306,Distant
Transcriptomics,YML018C.RNASeq,SNPs,SNP_chromosome15_715193_G_A,15,715193,2.96E-06,-0.2795883,0.05944228,0.05118296,Distant
Transcriptomics,YML018C.RNASeq,SNPs,SNP_chromosome15_715851_A_T,15,715851,3.64E-06,-0.2080839,0.04465232,0.01513947,Distant
Transcriptomics,YML018C.RNASeq,SNPs,SNP_chromosome10_524477_G_A,10,524477,5.15E-06,0.27085309,0.05905406,0.04414362,Distant
Transcriptomics,YML018C.RNASeq,SNPs,SNP_chromosome15_237076_G_A,15,237076,6.14E-06,0.30673363,0.0674345,0.07820642,Distant
Transcriptomics,YML019W.RNASeq,SVs,SV_5244_DEL_chromosome13_600892_len_-698,13,600892,5.19E-09,-0.2368875,0.04015994,0.02020381,Distant
Transcriptomics,YML019W.RNASeq,SNPs,SNP_chromosome12_210539_A_G,12,210539,1.48E-06,-0.1711726,0.03531766,0.00540762,Distant
Transcriptomics,YML019W.RNASeq,SNPs,SNP_chromosome10_208398_T_C,10,208398,2.30E-06,-0.2776763,0.05838409,0.04436972,Distant
Transcriptomics,YML021C.RNASeq,SNPs,SNP_chromosome7_670910_C_A,7,670910,4.67E-06,-0.2646428,0.05743781,0.06243934,Distant
Proteomics,YML022W.SCProt,SNPs,SNP_chromosome12_395272_A_G,12,395272,2.45E-06,0.25612145,0.05399163,0.04034585,Distant
Transcriptomics,YML026C.RNASeq,SNPs,SNP_chromosome12_585709_A_T,12,585709,2.54E-06,0.21295824,0.04496775,0.0320902,Distant
Transcriptomics,YML028W.RNASeq,SNPs,SNP_chromosome8_333830_C_A,8,333830,2.57E-06,0.18822857,0.0397701,0.007809,Distant
Transcriptomics,YML035C.RNASeq,SNPs,SNP_chromosome1_92566_T_C,1,92566,6.14E-06,-0.1812507,0.03984747,0.00647179,Distant
Transcriptomics,YML037C.RNASeq,SVs,CNV_YX02249_Cov0.25,11,618964,2.70E-07,0.31166779,0.06013361,0.08980749,Distant
Transcriptomics,YML043C.RNASeq,SNPs,SNP_chromosome15_715851_A_T,15,715851,1.37E-06,-0.2157672,0.04437252,0.01627811,Distant
Transcriptomics,YML043C.RNASeq,SNPs,SNP_chromosome10_524477_G_A,10,524477,1.66E-06,0.2829742,0.05866846,0.04818303,Distant
Transcriptomics,YML046W.RNASeq,SVs,CNV_YDL227C_Cov0.75,4,46271,6.28E-07,0.18314731,0.03649285,0.00852294,Distant
Proteomics,YML048W.SMProt,SVs,CNV_YIR009W_Cov1.25,9,374525,2.70E-07,0.28943959,0.05574846,0.01919341,Distant
Transcriptomics,YML051W.RNASeq,SNPs,SNP_chromosome13_171523_A_G,13,171523,5.87E-13,-0.4485819,0.06135499,0.18883203,Local
Transcriptomics,YML051W.RNASeq,SNPs,SNP_chromosome16_903426_T_C,16,903426,6.86E-08,-0.2297189,0.04222334,0.00922562,Distant
Transcriptomics,YML051W.RNASeq,SVs,CNV_YKL225W_Cov0.75,11,451,1.33E-07,0.19986006,0.03758947,0.00907748,Distant
Transcriptomics,YML051W.RNASeq,SNPs,SNP_chromosome4_935282_G_A,4,935282,6.40E-07,0.35760474,0.07130783,0.03206588,Distant
Transcriptomics,YML051W.RNASeq,SNPs,SNP_chromosome16_900919_C_T,16,900919,1.10E-06,-0.215672,0.0439585,0.00878523,Distant
Transcriptomics,YML051W.RNASeq,SNPs,SNP_chromosome4_489193_G_A,4,489193,1.79E-06,0.39166221,0.08145853,0.03905208,Distant
Transcriptomics,YML051W.RNASeq,SNPs,SNP_chromosome15_364667_A_G,15,364667,2.52E-06,0.34999647,0.07387926,0.03113652,Distant
Transcriptomics,YML055W.RNASeq,INDELs,INDEL_chromosome5_222505,5,222505,8.10E-07,0.19158568,0.03856369,0.01594873,Distant
Transcriptomics,YML055W.RNASeq,SNPs,SNP_chromosome10_96753_T_C,10,96753,3.00E-06,-0.1581626,0.03364577,0.00613622,Distant
Transcriptomics,YML058W-A.RNASeq,SNPs,SNP_chromosome13_370963_A_G,13,370963,4.37E-07,0.21500391,0.04224348,0.00778806,Distant
Proteomics,YML058W.SMProt,SVs,CNV_YBR012C_Cov0.25,2,259147,2.78E-06,0.21512259,0.04554402,0.00715192,Distant
Transcriptomics,YML061C.RNASeq,SNPs,SNP_chromosome7_238358_A_G,7,238358,1.65E-06,0.33078814,0.06857116,0.03029035,Distant
Transcriptomics,YML062C.RNASeq,SNPs,SNP_chromosome16_588825_G_A,16,588825,2.92E-07,-0.2478396,0.04795921,0.05222149,Distant
Transcriptomics,YML062C.RNASeq,SNPs,SNP_chromosome9_395649_G_A,9,395649,5.46E-06,-0.1662344,0.03634394,0.01028806,Distant
Transcriptomics,YML064C.RNASeq,SNPs,SNP_chromosome11_430859_T_C,11,430859,2.05E-06,0.20252913,0.0423683,0.00985328,Distant
Transcriptomics,YML066C.RNASeq,SNPs,SNP_chromosome13_140395_G_A,13,140395,5.69E-64,-0.8516428,0.04646,0.66552076,Local
Transcriptomics,YML066C.RNASeq,SNPs,SNP_chromosome13_158208_G_T,13,158208,2.34E-06,-0.304958,0.06417248,0.03864533,Local
Transcriptomics,YML066C.RNASeq,INDELs,INDEL_chromosome13_132696,13,132696,4.37E-06,-0.2093398,0.0452974,0.03923702,Local
Proteomics,YML069W.SMProt,SVs,CNV_YIL134C-A_Cov1.25,9,96522,4.29E-06,0.19548673,0.04220256,0.01169608,Distant
Proteomics,YML070W.SCProt,SNPs,SNP_chromosome13_133684_C_T,13,133684,5.01E-11,0.30880031,0.04639959,0.06433451,Local
Proteomics,YML070W.SMProt,SNPs,SNP_chromosome13_133684_C_T,13,133684,2.86E-09,0.29492837,0.04903972,0.0614449,Local
Proteomics,YML072C.SMProt,SVs,CNV_YX02396_Cov93.75,12,446639,3.46E-06,-0.1550524,0.03314859,0.01667159,Distant
Transcriptomics,YML077W.RNASeq,SNPs,SNP_chromosome7_654338_G_A,7,654338,3.15E-06,-0.2759964,0.05884377,0.05266081,Distant
Transcriptomics,YML078W.RNASeq,SNPs,SNP_chromosome16_762221_C_T,16,762221,2.93E-06,0.39251158,0.08341334,0.02869816,Distant
Transcriptomics,YML078W.RNASeq,SNPs,SNP_chromosome14_305567_C_T,14,305567,3.44E-06,0.30342197,0.06494453,0.01847902,Distant
Transcriptomics,YML078W.RNASeq,SNPs,SNP_chromosome14_40748_T_A,14,40748,3.86E-06,0.35906859,0.07726084,0.02374158,Distant
Proteomics,YML078W.SCProt,INDELs,INDEL_chromosome11_379841,11,379841,1.14E-07,0.18699763,0.03496479,0.00751281,Distant
Proteomics,YML078W.SCProt,SNPs,SNP_chromosome3_177325_A_G,3,177325,1.83E-06,0.20126547,0.04189105,0.01604711,Distant
Proteomics,YML078W.SCProt,SNPs,SNP_chromosome6_229413_G_A,6,229413,5.00E-06,0.16217419,0.03530193,0.00752247,Distant
Proteomics,YML078W.SMProt,SNPs,SNP_chromosome13_111621_T_C,13,111621,3.09E-09,0.24046726,0.0400702,0.02866759,Local
Transcriptomics,YML080W.RNASeq,SNPs,SNP_chromosome5_220904_A_G,5,220904,5.27E-06,0.1802427,0.03934212,0.01490637,Distant
Transcriptomics,YML081C-A.RNASeq,SNPs,SNP_chromosome6_155252_G_A,6,155252,3.67E-06,-0.1911199,0.04102735,0.01998223,Distant
Transcriptomics,YML081W.RNASeq,SNPs,SNP_chromosome13_495559_A_C,13,495559,1.60E-06,0.28114582,0.05820156,0.05373356,Distant
Transcriptomics,YML082W.RNASeq,SNPs,SNP_chromosome15_715193_G_A,15,715193,4.90E-06,-0.2713707,0.05903114,0.04821848,Distant
Transcriptomics,YML082W.RNASeq,SNPs,SNP_chromosome15_715851_A_T,15,715851,5.35E-06,-0.2026814,0.04426815,0.01436354,Distant
Transcriptomics,YML083C.RNASeq,SNPs,SNP_chromosome2_277831_C_T,2,277831,3.32E-06,0.31830107,0.06801848,0.0196616,Distant
Transcriptomics,YML086C.RNASeq,SNPs,SNP_chromosome13_97577_A_C,13,97577,5.54E-14,0.34643947,0.04533955,0.02141367,Local
Proteomics,YML086C.SMProt,SNPs,SNP_chromosome13_97573_C_T,13,97573,2.13E-10,0.31900723,0.04951184,0.01302457,Local
Transcriptomics,YML092C.RNASeq,SNPs,SNP_chromosome7_481776_T_C,7,481776,4.76E-06,0.25998346,0.05647839,0.03386368,Distant
Transcriptomics,YML093W.RNASeq,SNPs,SNP_chromosome7_655851_C_T,7,655851,9.18E-07,0.18652718,0.03773509,0.00633682,Distant
Proteomics,YML094W.SCProt,SVs,CNV_YX00594_Cov0.25,4,46858,1.20E-06,0.18099519,0.03700673,0.00673345,Distant
Proteomics,YML094W.SMProt,SNPs,SNP_chromosome7_907935_C_T,7,907935,2.65E-06,0.29543523,0.06241646,0.01246486,Distant
Transcriptomics,YML098W.RNASeq,SVs,CNV_YX01253_Cov1.75,7,2976,3.14E-06,0.17768071,0.03787446,0.00618806,Distant
Transcriptomics,YML099C.RNASeq,SNPs,SNP_chromosome11_580794_G_A,11,580794,6.73E-07,-0.2251612,0.04498908,0.00969155,Distant
Proteomics,YML100W.SMProt,SNPs,SNP_chromosome11_50038_G_A,11,50038,2.93E-06,0.19415621,0.04119862,0.01908894,Distant
Proteomics,YML100W.SMProt,SNPs,SNP_chromosome16_125490_T_G,16,125490,3.03E-06,0.22872846,0.04860601,0.03464147,Distant
Transcriptomics,YML101C.RNASeq,SVs,SV_5244_DEL_chromosome13_600892_len_-698,13,600892,1.71E-07,0.21191487,0.04021478,0.01616858,Distant
Transcriptomics,YML101C.RNASeq,SNPs,SNP_chromosome12_391007_G_A,12,391007,1.55E-06,0.19665623,0.04065957,0.00939663,Distant
Transcriptomics,YML101C.RNASeq,SVs,CNV_YX01053_Cov1.25,6,469,2.58E-06,-0.2181506,0.04610071,0.02566754,Distant
Transcriptomics,YML102W.RNASeq,SNPs,SNP_chromosome12_210539_A_G,12,210539,3.34E-06,-0.1689816,0.03612258,0.00527007,Distant
Transcriptomics,YML105C.RNASeq,SNPs,SNP_chromosome7_873682_C_A,7,873682,5.58E-06,-0.2568817,0.05621938,0.02496701,Distant
Proteomics,YML106W.SMProt,SNPs,SNP_chromosome8_433529_A_T,8,433529,2.81E-06,0.19656526,0.04163501,0.02644963,Distant
Transcriptomics,YML110C.RNASeq,SVs,CNV_YBR291C_Cov1.25,2,783673,2.70E-06,0.1838727,0.038936,0.00715769,Distant
Transcriptomics,YML110C.RNASeq,SNPs,SNP_chromosome14_230725_T_C,14,230725,4.15E-06,-0.2073943,0.04477228,0.03557638,Distant
Transcriptomics,YML115C.RNASeq,SNPs,SNP_chromosome7_1031068_T_A,7,1031068,6.20E-07,-0.2491127,0.04961292,0.02485465,Distant
Transcriptomics,YML116W-A.RNASeq,SNPs,SNP_chromosome13_37836_A_G,13,37836,7.09E-06,-0.2924349,0.0647306,0.05506054,Local
Transcriptomics,YML118W.RNASeq,SNPs,SNP_chromosome13_34777_G_A,13,34777,2.20E-13,-0.3899309,0.05234065,0.04464618,Local
Transcriptomics,YML118W.RNASeq,SNPs,SNP_chromosome13_39077_G_A,13,39077,1.21E-06,-0.2457225,0.0502762,0.02307053,Local
Transcriptomics,YML119W.RNASeq,SVs,CNV_YBL100W-B_Cov20.25,2,29935,2.19E-06,0.18655331,0.0391445,0.01717102,Distant
Transcriptomics,YML122C.RNASeq,SVs,CNV_YX01346_Cov0.75,7,401094,3.47E-06,0.24336733,0.05211039,0.02809757,Distant
Transcriptomics,YML123C.RNASeq,SNPs,SNP_chromosome7_267569_T_C,7,267569,5.13E-07,0.20131751,0.0397998,0.01492376,Distant
Transcriptomics,YML126C.RNASeq,SVs,CNV_YX02249_Cov0.25,11,618964,6.64E-06,0.28038202,0.06187043,0.07268236,Distant
Proteomics,YML126C.SCProt,INDELs,INDEL_chromosome11_439972,11,439972,2.82E-06,0.23968811,0.05084039,0.01501405,Distant
Transcriptomics,YML130C.RNASeq,SNPs,SNP_chromosome2_214801_G_A,2,214801,5.36E-06,0.26744722,0.05842011,0.06467063,Distant
Proteomics,YML130C.SMProt,SNPs,SNP_chromosome12_644446_T_A,12,644446,2.42E-06,-0.1966085,0.0413667,0.00707446,Distant
Transcriptomics,YML132W.RNASeq,SVs,CNV_YX01866_Cov6.25,9,428770,8.11E-12,-0.1819945,0.02626622,0.03324286,Distant
Transcriptomics,YML132W.RNASeq,SVs,CNV_YX02268_Cov2.75,11,677836,1.10E-08,-0.1522533,0.02639148,0.0103217,Distant
Transcriptomics,YML132W.RNASeq,SVs,CNV_YHL048C-A_Cov1.25,8,5663,5.65E-07,-0.1343958,0.02666967,0.01765646,Distant
Transcriptomics,YML132W.RNASeq,SNPs,SNP_chromosome13_13242_T_G,13,13242,2.14E-06,0.20109953,0.04214839,0.03757565,Local
Transcriptomics,YML132W.RNASeq,SVs,CNV_YNL336W_Cov0.75,14,8330,2.30E-06,0.12286807,0.02583629,0.01278689,Local
Transcriptomics,YML132W.RNASeq,SVs,CNV_YX02991_Cov0.75,14,778121,3.81E-06,-0.1421126,0.03055912,0.0202459,Distant
Transcriptomics,YML133C.RNASeq,SVs,CNV_YEL074W_Cov9.25,5,6126,1.83E-30,0.30526341,0.02563092,0.08758218,Distant
Transcriptomics,YML133C.RNASeq,SVs,CNV_YEL075W-A_Cov3.75,5,4870,3.43E-29,-0.3113799,0.02678603,0.09734623,Distant
Transcriptomics,YML133C.RNASeq,SVs,CNV_YGR296W_Cov11.75,7,1084864,3.28E-28,-0.321725,0.02821918,0.10396982,Local
Transcriptomics,YML133C.RNASeq,SVs,CNV_YX01034_Cov9.75,17,533640,1.62E-20,0.25584301,0.02688589,0.05555505,Distant
Transcriptomics,YML133C.RNASeq,SVs,CNV_YBL113W-A_Cov1.25,2,646,1.56E-18,-0.2346149,0.02612456,0.04481175,Distant
Transcriptomics,YML133C.RNASeq,SVs,CNV_YLL066W-B_Cov1.75,12,5605,3.27E-16,0.19871386,0.02388535,0.03749391,Distant
Transcriptomics,YML133C.RNASeq,SVs,CNV_YLR466C-B_Cov0.75,12,1071594,3.56E-15,0.20462911,0.02554676,0.04206454,Distant
Transcriptomics,YML133C.RNASeq,SVs,CNV_YNL338W_Cov1.75,14,6561,2.81E-14,0.1763747,0.02280618,0.01822899,Distant
Transcriptomics,YML133C.RNASeq,SVs,CNV_YLR465C_Cov0.25,12,1067045,2.56E-07,-0.1475372,0.02841128,0.01820582,Distant
Transcriptomics,YML133C.RNASeq,SVs,CNV_YX01747_Cov1.25,9,1954,7.33E-07,0.13867299,0.02780213,0.01907791,Distant
Transcriptomics,YML133C.RNASeq,SVs,CNV_YX01830_Cov0.25,9,332956,2.61E-06,0.19347791,0.04090439,0.01308828,Distant
Transcriptomics,YMR001C-A.RNASeq,SVs,SV_5244_DEL_chromosome13_600892_len_-698,13,600892,2.81E-06,-0.1901921,0.04033977,0.01302955,Distant
Transcriptomics,YMR001C.RNASeq,SVs,SV_5244_DEL_chromosome13_600892_len_-698,13,600892,2.29E-06,-0.1919665,0.04035551,0.01326783,Distant
Transcriptomics,YMR003W.RNASeq,SNPs,SNP_chromosome12_990074_C_T,12,990074,2.97E-07,-0.2473,0.04788539,0.01344386,Distant
Transcriptomics,YMR006C.RNASeq,SNPs,SNP_chromosome13_273333_T_C,13,273333,7.49E-17,0.4572506,0.05375577,0.18598845,Local
Transcriptomics,YMR006C.RNASeq,SNPs,SNP_chromosome13_268856_A_G,13,268856,4.74E-08,-0.2302199,0.0417973,0.01845697,Local
Transcriptomics,YMR006C.RNASeq,INDELs,INDEL_chromosome13_305187,13,305187,2.87E-07,0.25848794,0.04998393,0.0591455,Distant
Proteomics,YMR006C.SMProt,SNPs,SNP_chromosome13_279942_A_G,13,279942,6.74E-16,0.43388677,0.05251509,0.16197237,Local
Transcriptomics,YMR007W.RNASeq,SNPs,SNP_chromosome13_283179_C_T,13,283179,2.13E-08,0.33732884,0.05967975,0.10523446,Local
Transcriptomics,YMR007W.RNASeq,SNPs,SNP_chromosome14_723908_T_A,14,723908,3.40E-06,-0.2346719,0.05020155,0.01298126,Distant
Transcriptomics,YMR008C.RNASeq,SNPs,SNP_chromosome13_283179_C_T,13,283179,1.74E-20,0.50316871,0.05291076,0.23414985,Local
Transcriptomics,YMR008C.RNASeq,SNPs,SNP_chromosome13_274143_A_G,13,274143,4.97E-08,-0.3228686,0.05870244,0.09442749,Local
Transcriptomics,YMR008C.RNASeq,SNPs,SNP_chromosome13_247727_A_T,13,247727,8.31E-07,0.28026802,0.05646715,0.07232332,Distant
Transcriptomics,YMR008C.RNASeq,SVs,CNV_YX02396_Cov81.75,12,446639,2.36E-06,0.13929934,0.02932193,0.01803344,Distant
Proteomics,YMR008C.SMProt,SNPs,SNP_chromosome13_283179_C_T,13,283179,1.18E-10,0.40005924,0.06120591,0.14770518,Local
Transcriptomics,YMR009W.RNASeq,SNPs,SNP_chromosome11_290740_C_T,11,290740,1.60E-07,0.2906491,0.05501792,0.01866557,Distant
Transcriptomics,YMR011W.RNASeq,SNPs,SNP_chromosome13_287613_G_C,13,287613,1.81E-08,0.3221777,0.05670615,0.03492746,Local
Transcriptomics,YMR012W.RNASeq,SVs,SV_5244_DEL_chromosome13_600892_len_-698,13,600892,9.94E-07,-0.2014085,0.04087816,0.0146051,Distant
Transcriptomics,YMR012W.RNASeq,SNPs,SNP_chromosome2_690620_C_T,2,690620,3.45E-06,-0.2574271,0.05510994,0.015801,Distant
Proteomics,YMR015C.SMProt,SNPs,SNP_chromosome5_33002_A_C,5,33002,8.10E-06,-0.3454606,0.07686063,0.06034173,Distant
Transcriptomics,YMR019W.RNASeq,INDELs,INDEL_chromosome13_312171,13,312171,2.76E-07,-0.1935633,0.03737717,0.00724778,Local
Transcriptomics,YMR020W.RNASeq,SVs,CNV_YBL100W-B_Cov22.25,2,29935,1.96E-09,0.23260443,0.0383586,0.02006018,Distant
Transcriptomics,YMR022W.RNASeq,SNPs,SNP_chromosome7_656576_A_T,7,656576,3.09E-06,-0.2263079,0.04820406,0.04419487,Distant
Transcriptomics,YMR022W.RNASeq,SNPs,SNP_chromosome4_229105_T_C,4,229105,8.02E-06,0.28859401,0.06426029,0.03341686,Distant
Transcriptomics,YMR023C.RNASeq,SVs,CNV_YX00014_Cov0.25,1,5601,3.33E-06,0.2051617,0.04384908,0.01887965,Distant
Transcriptomics,YMR024W.RNASeq,SNPs,SNP_chromosome11_173945_C_T,11,173945,7.61E-06,-0.1638679,0.03639624,0.00678062,Distant
Proteomics,YMR029C.SMProt,SNPs,SNP_chromosome13_329249_T_C,13,329249,1.52E-09,-0.3061716,0.05001745,0.08088692,Local
Proteomics,YMR029C.SMProt,SNPs,SNP_chromosome13_330411_A_G,13,330411,8.17E-07,0.31345017,0.06301417,0.08743266,Local
Proteomics,YMR029C.SMProt,SNPs,SNP_chromosome13_330481_T_C,13,330481,1.63E-06,0.36380218,0.07524615,0.08493547,Local
Transcriptomics,YMR030W-A.RNASeq,SNPs,SNP_chromosome14_400788_G_T,14,400788,1.41E-06,-0.1796307,0.03698064,0.01538246,Distant
Transcriptomics,YMR030W-A.RNASeq,SVs,SV_5244_DEL_chromosome13_600892_len_-698,13,600892,2.45E-06,-0.19368,0.04083277,0.01362138,Distant
Proteomics,YMR031C.SCProt,SNPs,SNP_chromosome4_1509300_T_C,4,1509300,1.09E-07,0.21780572,0.04067094,0.03549132,Distant
Proteomics,YMR031C.SCProt,SNPs,SNP_chromosome11_627014_C_T,11,627014,1.37E-06,-0.3028033,0.06225997,0.0690981,Distant
Proteomics,YMR031C.SCProt,SNPs,SNP_chromosome4_320548_T_C,4,320548,4.19E-06,-0.2129779,0.04598663,0.01430009,Distant
Proteomics,YMR031C.SCProt,SNPs,SNP_chromosome4_318862_G_A,4,318862,8.33E-06,-0.1835304,0.0409336,0.00711485,Distant
Proteomics,YMR031C.SMProt,SNPs,SNP_chromosome16_499778_A_G,16,499778,7.96E-07,0.19927127,0.04001801,0.00923162,Distant
Transcriptomics,YMR032W.RNASeq,SVs,SV_5244_DEL_chromosome13_600892_len_-698,13,600892,6.87E-08,-0.2258259,0.04150769,0.01851821,Distant
Proteomics,YMR033W.SMProt,SNPs,SNP_chromosome10_192183_C_G,10,192183,4.46E-06,0.19105768,0.04132244,0.00740809,Distant
Transcriptomics,YMR034C.RNASeq,SNPs,SNP_chromosome13_346162_C_T,13,346162,1.06E-06,0.19389134,0.03945911,0.00812168,Local
Transcriptomics,YMR036C.RNASeq,SNPs,SNP_chromosome10_395144_T_C,10,395144,6.18E-06,-0.2504807,0.0550822,0.01399434,Distant
Transcriptomics,YMR037C.RNASeq,SNPs,SNP_chromosome1_102348_A_G,1,102348,2.90E-06,0.25054811,0.05322091,0.04602549,Distant
Transcriptomics,YMR038C.RNASeq,SNPs,SNP_chromosome15_274222_G_A,15,274222,5.71E-07,-0.3065463,0.06085643,0.08679174,Distant
Proteomics,YMR038C.SMProt,SNPs,SNP_chromosome15_274222_G_A,15,274222,4.70E-07,-0.3373605,0.06635394,0.10345348,Distant
Proteomics,YMR038C.SMProt,SNPs,SNP_chromosome15_312534_T_C,15,312534,7.37E-07,0.2603696,0.05212701,0.05810721,Distant
Transcriptomics,YMR042W.RNASeq,SNPs,SNP_chromosome13_352713_G_A,13,352713,3.38E-08,0.33571789,0.06027553,0.06617007,Local
Transcriptomics,YMR042W.RNASeq,SNPs,SNP_chromosome13_352695_G_C,13,352695,2.06E-07,0.3646429,0.06965935,0.10722147,Local
Transcriptomics,YMR046W-A.RNASeq,SVs,CNV_YER160C_Cov6.75,5,492856,2.64E-11,-0.2454564,0.03636001,0.06052433,Distant
Transcriptomics,YMR046W-A.RNASeq,SNPs,SNP_chromosome4_930077_G_A,4,930077,1.76E-06,0.20952527,0.04354765,0.00896074,Distant
Transcriptomics,YMR046W-A.RNASeq,SVs,CNV_YPR002C-A_Cov87.75,16,560569,2.88E-06,0.14396708,0.03057111,0.00753951,Local
Transcriptomics,YMR046W-A.RNASeq,SNPs,SNP_chromosome7_166259_T_C,7,166259,3.07E-06,0.14754806,0.03142044,0.00628163,Distant
Transcriptomics,YMR046W-A.RNASeq,INDELs,INDEL_chromosome12_771882,12,771882,5.27E-06,0.15433245,0.03368573,0.02053857,Distant
Proteomics,YMR047C.SMProt,SNPs,SNP_chromosome10_116264_C_T,10,116264,5.71E-06,-0.2543613,0.05565178,0.05750556,Distant
Transcriptomics,YMR048W.RNASeq,SNPs,SNP_chromosome13_191569_T_C,13,191569,2.31E-06,0.24641398,0.05181739,0.01795307,Distant
Transcriptomics,YMR049C.RNASeq,SNPs,SNP_chromosome7_655851_C_T,7,655851,2.34E-06,0.18094807,0.03807744,0.00596342,Distant
Proteomics,YMR049C.SMProt,SNPs,SNP_chromosome8_510985_T_C,8,510985,1.32E-06,0.22883573,0.04690983,0.01515149,Distant
Proteomics,YMR049C.SMProt,SNPs,SNP_chromosome13_458866_G_A,13,458866,2.01E-06,0.22898656,0.04779191,0.02235962,Distant
Transcriptomics,YMR054W.RNASeq,SNPs,SNP_chromosome1_92566_T_C,1,92566,1.07E-07,-0.2170241,0.04050934,0.00927857,Distant
Proteomics,YMR054W.SMProt,SNPs,SNP_chromosome13_383090_T_C,13,383090,2.19E-10,-0.229749,0.0356824,0.01259556,Local
Transcriptomics,YMR057C.RNASeq,SNPs,SNP_chromosome14_586872_T_C,14,586872,9.39E-07,0.29546377,0.05982867,0.03762876,Distant
Transcriptomics,YMR057C.RNASeq,SNPs,SNP_chromosome2_451442_G_A,2,451442,1.43E-06,-0.1788327,0.0368447,0.01581055,Distant
Transcriptomics,YMR059W.RNASeq,SNPs,SNP_chromosome16_795157_G_A,16,795157,1.19E-08,0.23146299,0.0402222,0.04238287,Distant
Transcriptomics,YMR060C.RNASeq,SNPs,SNP_chromosome14_20075_G_A,14,20075,1.28E-06,0.22794356,0.04675205,0.01362754,Distant
Transcriptomics,YMR060C.RNASeq,SNPs,SNP_chromosome14_505381_G_A,14,505381,2.82E-06,-0.1660354,0.03522232,0.00568188,Distant
Transcriptomics,YMR061W.RNASeq,SNPs,SNP_chromosome11_92728_G_A,11,92728,1.07E-06,-0.2028817,0.04130145,0.01038649,Distant
Transcriptomics,YMR062C.RNASeq,INDELs,INDEL_chromosome10_254622,10,254622,4.32E-06,0.21685083,0.04689812,0.00700294,Distant
Proteomics,YMR062C.SCProt,SNPs,SNP_chromosome1_128589_T_A,1,128589,5.65E-06,-0.2383833,0.05219161,0.01998681,Distant
Proteomics,YMR062C.SMProt,SNPs,SNP_chromosome11_46828_A_T,11,46828,1.13E-06,0.29858369,0.06083305,0.01978069,Distant
Transcriptomics,YMR065W.RNASeq,SVs,CNV_YX02249_Cov0.25,11,618964,6.82E-07,0.30492432,0.06095819,0.08596325,Distant
Transcriptomics,YMR068W.RNASeq,SNPs,SNP_chromosome16_415343_G_A,16,415343,5.35E-07,0.24767164,0.04904391,0.05593977,Distant
Transcriptomics,YMR068W.RNASeq,SVs,CNV_YJR150C_Cov0.75,10,708811,2.08E-06,0.20408106,0.04272135,0.03151712,Distant
Transcriptomics,YMR069W.RNASeq,SNPs,SNP_chromosome7_1058166_C_T,7,1058166,1.33E-06,-0.2068093,0.04247805,0.0088038,Distant
Transcriptomics,YMR071C.RNASeq,SVs,CNV_YBL089W_Cov1.25,2,49574,1.27E-06,0.19497761,0.0399675,0.0078997,Distant
Transcriptomics,YMR071C.RNASeq,SVs,CNV_YDL227C_Cov0.75,4,46271,3.68E-06,0.17053458,0.03661222,0.00738947,Distant
Transcriptomics,YMR074C.RNASeq,SNPs,SNP_chromosome4_260036_G_A,4,260036,6.36E-06,0.29886677,0.06581231,0.05846442,Distant
Proteomics,YMR074C.SMProt,SNPs,SNP_chromosome7_645958_G_T,7,645958,5.17E-06,-0.2018714,0.04396215,0.03318871,Distant
Transcriptomics,YMR075C-A.RNASeq,SNPs,SNP_chromosome16_214444_A_C,16,214444,3.63E-06,-0.1677262,0.03598727,0.01208651,Distant
Transcriptomics,YMR075W.RNASeq,SVs,SV_3144_DEL_chromosome8_213213_len_-1050,8,213213,3.94E-06,0.15145246,0.03261473,0.00917793,Distant
Transcriptomics,YMR077C.RNASeq,SNPs,SNP_chromosome14_691878_T_C,14,691878,2.82E-06,-0.1943637,0.04123626,0.02944487,Distant
Transcriptomics,YMR077C.RNASeq,SNPs,SNP_chromosome16_588825_G_A,16,588825,3.69E-06,-0.2134608,0.04583362,0.0387386,Distant
Transcriptomics,YMR079W.RNASeq,SNPs,SNP_chromosome13_426255_A_C,13,426255,3.04E-07,0.20658022,0.0400362,0.02203111,Local
Proteomics,YMR079W.SCProt,SNPs,SNP_chromosome13_430856_G_A,13,430856,7.43E-06,0.32322037,0.07169079,0.08782393,Local
Proteomics,YMR079W.SMProt,SNPs,SNP_chromosome13_426590_T_C,13,426590,3.14E-06,0.36477314,0.07764563,0.11798499,Local
Transcriptomics,YMR080C.RNASeq,SNPs,SNP_chromosome16_239611_G_T,16,239611,5.37E-06,0.20183246,0.04409154,0.01207251,Distant
Transcriptomics,YMR080C.RNASeq,SVs,SV_5244_DEL_chromosome13_600892_len_-698,13,600892,6.22E-06,-0.1911498,0.04204773,0.01315518,Distant
Transcriptomics,YMR083W.RNASeq,SNPs,SNP_chromosome13_434221_C_T,13,434221,3.55E-10,-0.2619276,0.04128692,0.03455608,Local
Transcriptomics,YMR083W.RNASeq,INDELs,INDEL_chromosome13_434658,13,434658,7.26E-08,0.26948193,0.04962734,0.06763222,Local
Transcriptomics,YMR083W.RNASeq,SNPs,SNP_chromosome13_434776_G_A,13,434776,4.28E-06,0.23845272,0.05154816,0.05335274,Local
Transcriptomics,YMR083W.RNASeq,SNPs,SNP_chromosome13_433403_T_C,13,433403,4.32E-06,-0.1880652,0.04067091,0.02189815,Local
Proteomics,YMR083W.SMProt,INDELs,INDEL_chromosome13_434658,13,434658,8.51E-07,0.25816972,0.05198409,0.06445502,Local
Transcriptomics,YMR085W.RNASeq,INDELs,INDEL_chromosome16_551931,16,551931,7.94E-06,0.24963017,0.05556017,0.01368881,Distant
Transcriptomics,YMR085W.RNASeq,SNPs,SNP_chromosome4_1181379_T_C,4,1181379,8.26E-06,0.24422683,0.05445929,0.05285589,Distant
Transcriptomics,YMR086C-A.RNASeq,SNPs,SNP_chromosome13_442194_A_G,13,442194,2.02E-08,0.23472578,0.04145883,0.0374492,Local
Transcriptomics,YMR086C-A.RNASeq,SNPs,SNP_chromosome13_441834_C_T,13,441834,1.72E-06,-0.172811,0.03588681,0.01011775,Local
Transcriptomics,YMR086C-A.RNASeq,SNPs,SNP_chromosome14_586872_T_C,14,586872,4.71E-06,0.27606748,0.05994449,0.03274435,Distant
Transcriptomics,YMR087W.RNASeq,SNPs,SNP_chromosome4_456852_T_C,4,456852,1.13E-07,-0.204016,0.03815005,0.01993541,Distant
Transcriptomics,YMR087W.RNASeq,SNPs,SNP_chromosome12_210539_A_G,12,210539,7.91E-07,-0.1797564,0.03614705,0.00596357,Distant
Proteomics,YMR090W.SMProt,SVs,CNV_YCL021W-A_Cov0.75,3,83620,8.90E-07,0.20388416,0.04112796,0.01062496,Distant
Proteomics,YMR090W.SMProt,SNPs,SNP_chromosome16_110758_G_A,16,110758,2.52E-06,0.21830812,0.04601336,0.01158675,Distant
Proteomics,YMR090W.SMProt,SNPs,SNP_chromosome7_935054_T_C,7,935054,6.56E-06,0.18911587,0.04164973,0.01973852,Distant
Transcriptomics,YMR091C.RNASeq,SNPs,SNP_chromosome11_370412_T_C,11,370412,1.07E-06,0.24452561,0.04977359,0.0401747,Distant
Transcriptomics,YMR092C.RNASeq,SNPs,SNP_chromosome13_453976_T_C,13,453976,1.63E-16,-0.319445,0.03799056,0.05667032,Local
Proteomics,YMR092C.SCProt,SNPs,SNP_chromosome13_453976_T_C,13,453976,2.11E-08,-0.2196362,0.03883327,0.02791698,Local
Proteomics,YMR092C.SMProt,SNPs,SNP_chromosome13_453976_T_C,13,453976,2.84E-11,-0.2757001,0.04078705,0.04412364,Local
Transcriptomics,YMR094W.RNASeq,SNPs,SNP_chromosome11_350584_T_C,11,350584,3.11E-06,0.20102385,0.04283085,0.00804715,Distant
Transcriptomics,YMR095C.RNASeq,SNPs,SNP_chromosome11_350584_T_C,11,350584,2.27E-06,0.20476649,0.04303205,0.00834958,Distant
Transcriptomics,YMR096W.RNASeq,SNPs,SNP_chromosome2_117085_T_G,2,117085,2.50E-06,-0.25242,0.05326421,0.02245654,Distant
Transcriptomics,YMR096W.RNASeq,SNPs,SNP_chromosome4_1347991_T_C,4,1347991,2.72E-06,-0.2185901,0.04629749,0.01200319,Distant
Transcriptomics,YMR099C.RNASeq,SNPs,SNP_chromosome12_1046342_T_C,12,1046342,4.78E-06,-0.2274155,0.0494106,0.00977242,Distant
Proteomics,YMR099C.SMProt,SVs,CNV_YX03044_Cov0.25,15,15606,5.41E-07,0.22128376,0.04376334,0.04836474,Distant
Transcriptomics,YMR100W.RNASeq,SNPs,SNP_chromosome13_466235_T_C,13,466235,9.24E-09,0.21127199,0.03643217,0.00985373,Local
Transcriptomics,YMR102C.RNASeq,SNPs,SNP_chromosome13_472273_G_A,13,472273,2.46E-07,0.20925999,0.0402334,0.03271176,Local
Transcriptomics,YMR103C.RNASeq,SNPs,SNP_chromosome10_103352_A_G,10,103352,1.49E-06,0.23040557,0.04755658,0.02919979,Distant
Transcriptomics,YMR104C.RNASeq,SNPs,SNP_chromosome2_198110_A_G,2,198110,9.13E-07,-0.1754542,0.03548695,0.00847532,Distant
Transcriptomics,YMR104C.RNASeq,SNPs,SNP_chromosome13_475649_A_G,13,475649,2.04E-06,-0.1702848,0.03562131,0.01027361,Local
Proteomics,YMR105C.SCProt,SNPs,SNP_chromosome4_1414327_A_T,4,1414327,1.02E-06,-0.2213009,0.04494621,0.04540536,Distant
Proteomics,YMR105C.SMProt,SNPs,SNP_chromosome15_1031150_G_A,15,1031150,4.60E-06,0.24537533,0.0531435,0.058829,Distant
Transcriptomics,YMR110C.RNASeq,SNPs,SNP_chromosome4_1499290_C_T,4,1499290,1.73E-06,-0.2559598,0.05316196,0.05149679,Distant
Transcriptomics,YMR118C.RNASeq,SNPs,SNP_chromosome13_503379_C_T,13,503379,2.69E-11,-0.4581225,0.06788788,0.18371292,Local
Transcriptomics,YMR118C.RNASeq,SVs,SV_5201_DEL_chromosome13_503770_len_-371_TyRelated,13,503770,9.50E-08,-0.296516,0.05511117,0.06528176,Local
Transcriptomics,YMR120C.RNASeq,SNPs,SNP_chromosome16_382024_G_A,16,382024,1.35E-06,0.27060087,0.05561054,0.06689642,Distant
Transcriptomics,YMR120C.RNASeq,SNPs,SNP_chromosome16_391587_G_A,16,391587,6.49E-06,-0.1808657,0.03986638,0.00853252,Distant
Proteomics,YMR120C.SCProt,SNPs,SNP_chromosome7_735274_A_G,7,735274,1.86E-07,-0.1959456,0.03728537,0.00935336,Distant
Proteomics,YMR120C.SCProt,SNPs,SNP_chromosome5_157488_C_T,5,157488,9.43E-07,0.27719618,0.05612676,0.0685774,Distant
Proteomics,YMR120C.SMProt,SNPs,SNP_chromosome16_233007_G_A,16,233007,1.35E-07,0.20415421,0.03834182,0.01777507,Distant
Proteomics,YMR120C.SMProt,SNPs,SNP_chromosome4_241044_T_C,4,241044,1.23E-06,0.24963965,0.05102527,0.00943755,Distant
Transcriptomics,YMR121C.RNASeq,SNPs,SNP_chromosome13_510091_G_A,13,510091,4.12E-27,0.71631646,0.06422636,0.43293394,Local
Transcriptomics,YMR121C.RNASeq,SNPs,SNP_chromosome12_807455_A_T,12,807455,6.49E-06,0.27160891,0.05985997,0.0716247,Distant
Transcriptomics,YMR122W-A.RNASeq,SNPs,SNP_chromosome10_254557_T_C,10,254557,3.66E-07,-0.2867793,0.05596775,0.01638348,Distant
Transcriptomics,YMR122W-A.RNASeq,SNPs,SNP_chromosome11_515221_A_G,11,515221,1.03E-06,-0.4012477,0.0815469,0.03734322,Distant
Transcriptomics,YMR122W-A.RNASeq,SNPs,SNP_chromosome14_162041_A_G,14,162041,2.77E-06,-0.4073107,0.08633972,0.03943132,Distant
Transcriptomics,YMR122W-A.RNASeq,SNPs,SNP_chromosome5_310939_C_T,5,310939,5.12E-06,-0.3625322,0.07901962,0.03019565,Distant
Transcriptomics,YMR122W-A.RNASeq,SNPs,SNP_chromosome4_1494753_C_T,4,1494753,7.08E-06,-0.2935489,0.06497437,0.03360353,Distant
Transcriptomics,YMR124W.RNASeq,SNPs,SNP_chromosome16_556159_A_G,16,556159,1.66E-06,-0.1664563,0.03451565,0.01088416,Distant
Transcriptomics,YMR124W.RNASeq,SNPs,SNP_chromosome12_115567_A_G,12,115567,2.05E-06,0.1684878,0.03524686,0.0074482,Distant
Transcriptomics,YMR124W.RNASeq,SNPs,SNP_chromosome13_514327_T_C,13,514327,4.96E-06,-0.2139959,0.0465779,0.03960133,Local
Transcriptomics,YMR125W.RNASeq,SNPs,SNP_chromosome4_527884_A_G,4,527884,2.79E-07,-0.2047728,0.03955697,0.00610323,Distant
Transcriptomics,YMR125W.RNASeq,SNPs,SNP_chromosome7_655851_C_T,7,655851,6.21E-06,0.17166761,0.03775885,0.0053674,Distant
Transcriptomics,YMR127C.RNASeq,INDELs,INDEL_chromosome11_158529,11,158529,3.79E-06,0.38345778,0.08243814,0.13423515,Distant
Transcriptomics,YMR128W.RNASeq,SNPs,SNP_chromosome7_655851_C_T,7,655851,1.04E-06,0.19190264,0.03901517,0.00670732,Distant
Transcriptomics,YMR132C.RNASeq,SNPs,SNP_chromosome13_534912_T_C,13,534912,7.00E-08,0.24139752,0.04440163,0.04446291,Local
Transcriptomics,YMR132C.RNASeq,SNPs,SNP_chromosome13_535934_A_G,13,535934,5.03E-07,-0.1853653,0.03661778,0.0185578,Local
Transcriptomics,YMR133W.RNASeq,SVs,CNV_YX02137_Cov1.75,11,1299,2.26E-06,-0.2391424,0.05024166,0.01835381,Distant
Transcriptomics,YMR135W-A.RNASeq,SNPs,SNP_chromosome13_541257_T_C,13,541257,2.73E-06,-0.1732792,0.03670803,0.00987071,Local
Transcriptomics,YMR135W-A.RNASeq,INDELs,INDEL_chromosome13_540993,13,540993,7.38E-06,-0.1940724,0.0430405,0.01731657,Local
Transcriptomics,YMR141C.RNASeq,SVs,CNV_YMR170C_Cov0.25,13,601562,2.78E-06,0.17710348,0.03754676,0.00736999,Distant
Transcriptomics,YMR143W.RNASeq,SNPs,SNP_chromosome12_585709_A_T,12,585709,5.38E-06,0.20200965,0.04413362,0.02887538,Distant
Proteomics,YMR145C.SMProt,SVs,SV_509_DUP_chromosome2_372315_len_80,2,372315,7.99E-07,-0.2106453,0.04230851,0.00561204,Distant
Proteomics,YMR145C.SMProt,SNPs,SNP_chromosome13_689883_A_G,13,689883,1.10E-06,0.18066838,0.03676892,0.00803094,Distant
Transcriptomics,YMR150C.RNASeq,SNPs,SNP_chromosome9_121009_A_G,9,121009,3.28E-07,-0.2145453,0.04169363,0.01220987,Distant
Transcriptomics,YMR151W.RNASeq,SNPs,SNP_chromosome13_562796_T_C,13,562796,2.64E-11,0.40160996,0.05949129,0.09388031,Local
Transcriptomics,YMR152W.RNASeq,SNPs,SNP_chromosome13_562475_C_T,13,562475,5.49E-28,-0.3621956,0.03191249,0.06205158,Local
Transcriptomics,YMR152W.RNASeq,SNPs,SNP_chromosome13_564094_A_G,13,564094,1.03E-16,-0.2819373,0.03330348,0.03751331,Local
Transcriptomics,YMR152W.RNASeq,SNPs,SNP_chromosome13_561662_A_G,13,561662,1.13E-16,-0.3192245,0.03775789,0.07645141,Local
Transcriptomics,YMR152W.RNASeq,SNPs,SNP_chromosome13_560774_A_G,13,560774,4.66E-12,-0.224361,0.032002,0.01751322,Local
Transcriptomics,YMR152W.RNASeq,INDELs,INDEL_chromosome13_563074,13,563074,8.95E-09,0.38560932,0.06643001,0.03043476,Local
Transcriptomics,YMR152W.RNASeq,SNPs,SNP_chromosome13_561132_G_C,13,561132,1.80E-08,-0.2883505,0.05075199,0.0757861,Local
Transcriptomics,YMR152W.RNASeq,SNPs,SNP_chromosome13_563083_A_G,13,563083,5.28E-08,0.16718942,0.03046107,0.00906093,Local
Transcriptomics,YMR152W.RNASeq,INDELs,INDEL_chromosome13_562633,13,562633,9.03E-08,0.38627985,0.07166887,0.07232201,Local
Transcriptomics,YMR152W.RNASeq,SNPs,SNP_chromosome9_124530_G_A,9,124530,3.35E-07,0.17100983,0.03326037,0.01052351,Distant
Transcriptomics,YMR152W.RNASeq,SNPs,SNP_chromosome13_564157_C_T,13,564157,4.67E-07,0.27904224,0.05496356,0.02185623,Local
Transcriptomics,YMR152W.RNASeq,SVs,SV_4548_INS_chromosome12_150537_len_224,12,150537,2.94E-06,-0.1565144,0.03326803,0.01409883,Distant
Transcriptomics,YMR152W.RNASeq,INDELs,INDEL_chromosome7_1017880,7,1017880,3.36E-06,-0.1588906,0.03397415,0.01204653,Distant
Transcriptomics,YMR152W.RNASeq,SNPs,SNP_chromosome2_699737_A_G,2,699737,5.82E-06,0.25705207,0.0563697,0.01377744,Distant
Proteomics,YMR152W.SMProt,SNPs,SNP_chromosome13_562475_C_T,13,562475,2.00E-16,-0.3119487,0.03705194,0.04856489,Local
Proteomics,YMR152W.SMProt,SNPs,SNP_chromosome13_564094_A_G,13,564094,1.72E-13,-0.2784078,0.03706754,0.0367914,Local
Proteomics,YMR152W.SMProt,SNPs,SNP_chromosome15_724698_T_C,15,724698,3.39E-09,-0.2062926,0.03446797,0.01152132,Distant
Proteomics,YMR152W.SMProt,SNPs,SNP_chromosome13_561662_A_G,13,561662,2.56E-07,-0.221187,0.04251595,0.03702088,Local
Proteomics,YMR152W.SMProt,SNPs,SNP_chromosome13_560774_A_G,13,560774,5.42E-07,-0.1846474,0.03652061,0.01220184,Local
Proteomics,YMR152W.SMProt,SVs,SV_4548_INS_chromosome12_150537_len_224,12,150537,7.11E-07,-0.1899368,0.03797066,0.0210787,Distant
Proteomics,YMR152W.SMProt,SNPs,SNP_chromosome13_564785_T_C,13,564785,7.52E-07,0.27123512,0.054344,0.01862919,Local
Proteomics,YMR152W.SMProt,SNPs,SNP_chromosome13_563455_T_C,13,563455,3.28E-06,0.27105148,0.05780569,0.01838409,Local
Proteomics,YMR152W.SMProt,SVs,CNV_YX02127_Cov0.75,11,357,4.10E-06,-0.1523707,0.03282632,0.00900149,Distant
Proteomics,YMR152W.SMProt,INDELs,INDEL_chromosome13_563074,13,563074,6.91E-06,0.30880855,0.06817758,0.02059499,Local
Proteomics,YMR152W.SMProt,SNPs,SNP_chromosome13_571224_A_G,13,571224,7.39E-06,-0.2694717,0.05968544,0.06812169,Local
Proteomics,YMR152W.SMProt,SNPs,SNP_chromosome12_724833_C_T,12,724833,8.29E-06,-0.1841538,0.04101849,0.0205279,Distant
Transcriptomics,YMR153W.RNASeq,SNPs,SNP_chromosome7_650278_A_G,7,650278,8.96E-07,-0.3457557,0.06987787,0.09226295,Distant
Transcriptomics,YMR156C.RNASeq,SNPs,SNP_chromosome16_827142_C_T,16,827142,5.53E-07,0.32791538,0.06501346,0.06452533,Distant
Transcriptomics,YMR156C.RNASeq,SNPs,SNP_chromosome10_288054_A_T,10,288054,1.24E-06,-0.2421815,0.0496065,0.03275781,Distant
Transcriptomics,YMR156C.RNASeq,SNPs,SNP_chromosome16_878264_G_T,16,878264,3.83E-06,0.22133287,0.0476053,0.01722558,Distant
Transcriptomics,YMR160W.RNASeq,SNPs,SNP_chromosome16_421124_A_G,16,421124,5.72E-06,-0.3025671,0.06629321,0.07387442,Distant
Transcriptomics,YMR161W.RNASeq,SNPs,SNP_chromosome13_582716_T_C,13,582716,3.81E-07,-0.3283777,0.06418283,0.10050473,Local
Transcriptomics,YMR165C.RNASeq,SNPs,SNP_chromosome16_130644_G_A,16,130644,2.18E-06,-0.3425595,0.07185331,0.1007672,Distant
Transcriptomics,YMR168C.RNASeq,SNPs,SNP_chromosome11_580794_G_A,11,580794,3.78E-06,-0.1974872,0.04244829,0.00745563,Distant
Transcriptomics,YMR169C.RNASeq,SVs,SV_5244_DEL_chromosome13_600892_len_-698,13,600892,2.54E-11,-0.2905443,0.04297666,0.02245413,Local
Transcriptomics,YMR169C.RNASeq,SVs,CNV_YMR170C_Cov0.25,13,601562,3.11E-09,-0.2345625,0.03916614,0.01101391,Local
Transcriptomics,YMR170C.RNASeq,SVs,SV_5244_DEL_chromosome13_600892_len_-698,13,600892,8.39E-15,-0.2800108,0.03540716,0.01250143,Local
Transcriptomics,YMR170C.RNASeq,SNPs,SNP_chromosome5_480007_A_C,5,480007,1.73E-06,-0.2255643,0.04682333,0.01344182,Distant
Transcriptomics,YMR171C.RNASeq,SNPs,SNP_chromosome3_95884_G_T,3,95884,6.76E-06,-0.1465903,0.03237529,0.00476537,Distant
Transcriptomics,YMR172C-A.RNASeq,SNPs,SNP_chromosome13_608238_G_A,13,608238,2.99E-08,-0.2812638,0.05030402,0.05978069,Local
Transcriptomics,YMR173W-A.RNASeq,SNPs,SNP_chromosome13_610070_G_A,13,610070,2.02E-06,-0.2509081,0.05245945,0.05600411,Local
Transcriptomics,YMR173W-A.RNASeq,SNPs,SNP_chromosome13_613424_G_A,13,613424,3.05E-06,-0.317409,0.06757184,0.08143548,Local
Transcriptomics,YMR178W.RNASeq,SNPs,SNP_chromosome15_48963_C_G,15,48963,1.56E-06,-0.2057083,0.04253445,0.00822139,Distant
Transcriptomics,YMR180C.RNASeq,SNPs,SNP_chromosome13_621489_C_G,13,621489,5.23E-19,-0.5646358,0.06197242,0.27928039,Local
Transcriptomics,YMR180C.RNASeq,SNPs,SNP_chromosome13_616637_A_G,13,616637,7.08E-09,-0.3757627,0.06428346,0.03355961,Local
Transcriptomics,YMR180C.RNASeq,SNPs,SNP_chromosome13_614170_C_G,13,614170,3.85E-07,-0.2795431,0.05465788,0.0392116,Local
Transcriptomics,YMR180C.RNASeq,SNPs,SNP_chromosome9_276656_C_T,9,276656,3.84E-06,-0.2033241,0.04373488,0.00757078,Distant
Transcriptomics,YMR180C.RNASeq,SNPs,SNP_chromosome13_615606_A_T,13,615606,3.94E-06,-0.2311247,0.049774,0.01304873,Local
Transcriptomics,YMR182C.RNASeq,SNPs,SNP_chromosome7_247666_G_C,7,247666,2.84E-07,-0.1734754,0.03353088,0.00871451,Distant
Transcriptomics,YMR182W-A.RNASeq,SNPs,SNP_chromosome13_625068_T_C,13,625068,1.03E-12,-0.3957761,0.05472851,0.14678929,Local
Proteomics,YMR183C.SMProt,SNPs,SNP_chromosome13_627939_C_T,13,627939,3.40E-07,0.33283941,0.0646605,0.10492323,Local
Proteomics,YMR186W.SCProt,SVs,CNV_YGL063W_Cov0.75,7,383654,1.92E-06,0.16295489,0.03399226,0.02353003,Distant
Proteomics,YMR186W.SCProt,SVs,CNV_YGL024W_Cov0.75,7,449788,2.43E-06,-0.1603107,0.03377877,0.02564234,Distant
Proteomics,YMR186W.SCProt,SVs,CNV_YMR057C_Cov0.75,13,388359,4.40E-06,-0.1676973,0.03628862,0.01999253,Distant
Proteomics,YMR186W.SCProt,SVs,CNV_YNL015W_Cov0.75,14,605384,4.45E-06,-0.1534872,0.03323417,0.02042979,Distant
Transcriptomics,YMR189W.RNASeq,SNPs,SNP_chromosome7_655851_C_T,7,655851,4.77E-06,0.18248286,0.03964603,0.00606501,Distant
Proteomics,YMR189W.SCProt,SNPs,SNP_chromosome11_113405_G_A,11,113405,3.38E-07,-0.2782939,0.0541348,0.02578335,Distant
Proteomics,YMR189W.SCProt,SNPs,SNP_chromosome10_674570_G_A,10,674570,2.86E-06,0.20756555,0.04404955,0.03482989,Distant
Proteomics,YMR194W.SMProt,SNPs,SNP_chromosome13_333053_T_G,13,333053,2.05E-09,0.32707706,0.0538802,0.09654747,Distant
Proteomics,YMR194W.SMProt,SNPs,SNP_chromosome16_753507_C_T,16,753507,2.84E-07,0.24194923,0.04668755,0.00893001,Distant
Proteomics,YMR194W.SMProt,SNPs,SNP_chromosome14_668808_C_T,14,668808,1.43E-06,-0.2204401,0.04534179,0.01359146,Distant
Proteomics,YMR194W.SMProt,SNPs,SNP_chromosome5_85771_T_C,5,85771,2.48E-06,-0.2758094,0.05809355,0.01797798,Distant
Transcriptomics,YMR195W.RNASeq,SNPs,SNP_chromosome2_543552_A_G,2,543552,1.63E-06,-0.1891377,0.0391826,0.0057848,Distant
Transcriptomics,YMR195W.RNASeq,SNPs,SNP_chromosome4_1270009_G_A,4,1270009,5.34E-06,-0.3749331,0.08188322,0.05625308,Distant
Proteomics,YMR196W.SMProt,SNPs,SNP_chromosome15_956880_G_C,15,956880,1.83E-06,-0.1851013,0.0384791,0.00745378,Distant
Proteomics,YMR196W.SMProt,SNPs,SNP_chromosome16_235149_A_G,16,235149,4.02E-06,-0.2035695,0.0438175,0.02852381,Distant
Proteomics,YMR203W.SCProt,SVs,CNV_YCL076W_Cov2.25,3,1392,6.03E-06,-0.1831548,0.04022343,0.03051817,Distant
Proteomics,YMR203W.SCProt,SNPs,SNP_chromosome10_415658_A_G,10,415658,9.60E-06,-0.1611155,0.03618545,0.00703497,Distant
Transcriptomics,YMR205C.RNASeq,SNPs,SNP_chromosome13_660266_A_T,13,660266,8.39E-08,-0.2755054,0.05098732,0.0142442,Local
Transcriptomics,YMR215W.RNASeq,SNPs,SNP_chromosome14_71751_G_C,14,71751,3.29E-06,-0.3130904,0.06687635,0.09190361,Distant
Transcriptomics,YMR218C.RNASeq,SNPs,SNP_chromosome13_706931_T_C,13,706931,6.36E-08,-0.3444292,0.06314562,0.09162377,Local
Transcriptomics,YMR219W.RNASeq,SNPs,SNP_chromosome9_53832_G_A,9,53832,3.70E-06,0.22662817,0.04866537,0.02234648,Distant
Transcriptomics,YMR222C.RNASeq,SNPs,SNP_chromosome12_205355_C_A,12,205355,3.70E-06,0.23273019,0.04997726,0.01344591,Distant
Transcriptomics,YMR226C.RNASeq,SNPs,SNP_chromosome4_1452093_G_A,4,1452093,4.31E-06,-0.2338785,0.05057333,0.01283617,Distant
Transcriptomics,YMR229C.RNASeq,SNPs,SNP_chromosome7_655851_C_T,7,655851,4.75E-07,0.19643659,0.03871942,0.007028,Distant
Transcriptomics,YMR230W-A.RNASeq,SNPs,SNP_chromosome13_779842_T_C,13,779842,6.47E-06,0.17713033,0.03903666,0.00525037,Distant
Transcriptomics,YMR230W.RNASeq,SNPs,SNP_chromosome3_43304_A_G,3,43304,4.58E-07,0.27861454,0.05484059,0.04740844,Distant
Transcriptomics,YMR232W.RNASeq,SNPs,SNP_chromosome8_319470_G_A,8,319470,4.44E-07,0.28849057,0.05671489,0.02822062,Distant
Transcriptomics,YMR232W.RNASeq,SVs,CNV_YDL227C_Cov0.75,4,46271,1.44E-06,0.17595697,0.03625889,0.00786686,Distant
Transcriptomics,YMR233W.RNASeq,SNPs,SNP_chromosome13_748185_G_T,13,748185,3.93E-07,0.27036032,0.05290306,0.02759743,Local
Transcriptomics,YMR235C.RNASeq,SNPs,SNP_chromosome13_642355_A_G,13,642355,1.98E-06,-0.3189352,0.06662624,0.03130802,Distant
Proteomics,YMR235C.SCProt,SNPs,SNP_chromosome1_93319_A_G,1,93319,7.73E-07,0.23605957,0.04741396,0.0197782,Distant
Transcriptomics,YMR236W.RNASeq,SVs,CNV_YDL227C_Cov0.75,4,46271,1.34E-07,0.1940293,0.03649958,0.00956584,Distant
Transcriptomics,YMR236W.RNASeq,SNPs,SNP_chromosome14_605480_G_C,14,605480,5.88E-06,0.25040141,0.05493527,0.01391136,Distant
Proteomics,YMR237W.SMProt,SNPs,SNP_chromosome16_206841_C_T,16,206841,3.35E-06,-0.2302412,0.04914971,0.01954235,Distant
Proteomics,YMR241W.SMProt,SVs,CNV_YX03018_Cov0.25,15,2767,3.37E-07,-0.196549,0.03817267,0.01948898,Distant
Transcriptomics,YMR242C.RNASeq,SNPs,SNP_chromosome12_585709_A_T,12,585709,2.06E-06,0.21153357,0.04426649,0.03166227,Distant
Transcriptomics,YMR243C.RNASeq,SNPs,SNP_chromosome13_755265_G_T,13,755265,2.46E-08,-0.3831595,0.0681014,0.06422864,Local
Proteomics,YMR244C-A.SMProt,SVs,CNV_YX02396_Cov81.75,12,446639,3.67E-07,-0.176861,0.03445871,0.02854481,Distant
Proteomics,YMR246W.SCProt,SNPs,SNP_chromosome7_924719_T_C,7,924719,1.40E-06,0.30895025,0.06358918,0.03861054,Distant
Proteomics,YMR246W.SCProt,SNPs,SNP_chromosome13_759390_A_G,13,759390,2.11E-06,-0.1480255,0.03100353,0.00488562,Local
Proteomics,YMR246W.SMProt,SNPs,SNP_chromosome13_759390_A_G,13,759390,2.16E-07,-0.1733789,0.03311769,0.00765201,Local
Transcriptomics,YMR247W-A.RNASeq,SNPs,SNP_chromosome13_767901_G_A,13,767901,1.42E-06,-0.3034957,0.06251984,0.04838992,Local
Transcriptomics,YMR250W.RNASeq,SNPs,SNP_chromosome13_771073_C_G,13,771073,6.52E-06,0.23159835,0.05105882,0.01183598,Local
Proteomics,YMR250W.SMProt,SNPs,SNP_chromosome13_771073_C_G,13,771073,1.89E-06,0.26726921,0.05563506,0.01130612,Local
Transcriptomics,YMR251W-A.RNASeq,SNPs,SNP_chromosome2_690620_C_T,2,690620,1.66E-06,0.274325,0.05687103,0.01794349,Distant
Transcriptomics,YMR251W-A.RNASeq,SNPs,SNP_chromosome12_833770_C_T,12,833770,1.74E-06,-0.2594431,0.05389773,0.01732795,Distant
Transcriptomics,YMR252C.RNASeq,SNPs,SNP_chromosome4_1477814_C_T,4,1477814,3.64E-07,0.29671965,0.05789329,0.02339522,Distant
Transcriptomics,YMR253C.RNASeq,SNPs,SNP_chromosome4_1477814_C_T,4,1477814,1.38E-06,0.28128404,0.05786546,0.02102445,Distant
Transcriptomics,YMR255W.RNASeq,INDELs,INDEL_chromosome15_966605,15,966605,1.73E-06,0.22963512,0.04769092,0.00990715,Distant
Transcriptomics,YMR258C.RNASeq,SVs,CNV_YNL302C_Cov2.25,14,61958,2.84E-06,0.16436919,0.0348801,0.00717165,Distant
Proteomics,YMR260C.SCProt,SNPs,SNP_chromosome4_835165_C_A,4,835165,2.85E-06,0.1834613,0.03893089,0.01285528,Distant
Proteomics,YMR260C.SMProt,SNPs,SNP_chromosome13_333053_T_G,13,333053,4.82E-06,-0.2364222,0.05131835,0.05109015,Distant
Transcriptomics,YMR261C.RNASeq,SNPs,SNP_chromosome13_793617_C_T,13,793617,9.01E-08,-0.3683955,0.06834726,0.04817466,Local
Proteomics,YMR261C.SMProt,INDELs,INDEL_chromosome5_225280,5,225280,6.14E-07,-0.2490363,0.04949844,0.05791661,Distant
Proteomics,YMR261C.SMProt,SNPs,SNP_chromosome13_793617_C_T,13,793617,2.59E-06,-0.392741,0.08287916,0.05680086,Local
Transcriptomics,YMR262W.RNASeq,SNPs,SNP_chromosome13_793617_C_T,13,793617,6.24E-08,-0.3699228,0.06777605,0.04857495,Local
Transcriptomics,YMR263W.RNASeq,SNPs,SNP_chromosome13_794088_T_C,13,794088,6.57E-08,-0.363545,0.06672489,0.11251251,Local
Transcriptomics,YMR263W.RNASeq,SNPs,SNP_chromosome15_218142_G_A,15,218142,2.53E-06,0.2141177,0.04520468,0.02155638,Distant
Transcriptomics,YMR264W.RNASeq,SVs,CNV_YOL148C_Cov1.25,15,45760,7.85E-07,0.17551649,0.03528419,0.00664207,Distant
Proteomics,YMR264W.SMProt,SNPs,SNP_chromosome4_1298829_C_A,4,1298829,8.65E-23,-0.6878695,0.06767112,0.41965101,Distant
Proteomics,YMR264W.SMProt,SNPs,SNP_chromosome4_1291642_G_A,4,1291642,1.82E-07,-0.2906472,0.05517621,0.03656807,Distant
Proteomics,YMR264W.SMProt,SVs,CNV_YDR420W_Cov0.75,4,1306267,2.82E-07,-0.3278048,0.06323857,0.09690692,Distant
Proteomics,YMR264W.SMProt,SNPs,SNP_chromosome7_373766_C_T,7,373766,3.80E-06,-0.3579616,0.07685308,0.09551889,Distant
Transcriptomics,YMR265C.RNASeq,SVs,CNV_YX03111_Cov0.25,15,350137,5.95E-07,-0.1596974,0.03175382,0.00539925,Distant
Transcriptomics,YMR265C.RNASeq,SNPs,SNP_chromosome4_1083062_C_T,4,1083062,3.95E-06,0.24315449,0.05237228,0.03392928,Distant
Transcriptomics,YMR265C.RNASeq,SNPs,SNP_chromosome8_457702_A_G,8,457702,5.85E-06,0.20980244,0.0460173,0.01636642,Distant
Transcriptomics,YMR265C.RNASeq,SNPs,SNP_chromosome4_1265205_C_T,4,1265205,6.82E-06,0.27328023,0.06037913,0.07026987,Distant
Transcriptomics,YMR265C.RNASeq,SNPs,SNP_chromosome4_147092_A_T,4,147092,8.90E-06,0.22733256,0.05087884,0.04657803,Distant
Transcriptomics,YMR266W.RNASeq,SVs,CNV_YX02249_Cov0.25,11,618964,5.25E-07,0.31120893,0.0615576,0.08684154,Distant
Transcriptomics,YMR266W.RNASeq,SNPs,SNP_chromosome13_798333_T_C,13,798333,6.48E-07,0.29487444,0.05881204,0.05280881,Local
Transcriptomics,YMR266W.RNASeq,SNPs,SNP_chromosome8_489103_C_T,8,489103,4.73E-06,0.25252613,0.05482771,0.0158264,Distant
Transcriptomics,YMR269W.RNASeq,SNPs,SNP_chromosome12_919791_G_A,12,919791,3.07E-06,-0.2639292,0.05620349,0.0140487,Distant
Transcriptomics,YMR270C.RNASeq,SNPs,SNP_chromosome4_424011_G_A,4,424011,9.91E-08,0.27378162,0.05095999,0.02103851,Distant
Transcriptomics,YMR270C.RNASeq,SNPs,SNP_chromosome11_125651_T_A,11,125651,1.12E-06,0.2610327,0.05324443,0.01686275,Distant
Transcriptomics,YMR270C.RNASeq,SNPs,SNP_chromosome15_241656_T_A,15,241656,1.45E-06,0.38065583,0.07847228,0.02668208,Distant
Transcriptomics,YMR270C.RNASeq,SNPs,SNP_chromosome16_762221_C_T,16,762221,1.53E-06,0.37270055,0.07701588,0.02587433,Distant
Transcriptomics,YMR270C.RNASeq,SNPs,SNP_chromosome14_40748_T_A,14,40748,2.89E-06,0.34444845,0.07315447,0.02184757,Distant
Transcriptomics,YMR270C.RNASeq,SNPs,SNP_chromosome5_393786_A_T,5,393786,3.75E-06,0.30244212,0.06498532,0.01865806,Distant
Transcriptomics,YMR270C.RNASeq,SNPs,SNP_chromosome9_270924_T_C,9,270924,5.00E-06,0.35961437,0.07829998,0.02392686,Distant
Transcriptomics,YMR270C.RNASeq,SNPs,SNP_chromosome4_563403_C_T,4,563403,5.26E-06,0.34006848,0.0742178,0.02114237,Distant
Transcriptomics,YMR271C.RNASeq,SNPs,SNP_chromosome14_527275_C_T,14,527275,8.77E-07,-0.3339673,0.06743763,0.10383473,Distant
Transcriptomics,YMR271C.RNASeq,SNPs,SNP_chromosome14_586448_T_A,14,586448,4.51E-06,0.32890527,0.07127115,0.09135127,Distant
Proteomics,YMR272C.SMProt,SNPs,SNP_chromosome5_29962_C_T,5,29962,5.87E-06,-0.2772817,0.06074306,0.04818369,Distant
Transcriptomics,YMR274C.RNASeq,SNPs,SNP_chromosome15_176350_G_A,15,176350,5.98E-06,0.26613799,0.05843466,0.01368903,Distant
Proteomics,YMR276W.SMProt,SNPs,SNP_chromosome10_553579_C_G,10,553579,2.98E-06,-0.1873154,0.03977667,0.0231974,Distant
Transcriptomics,YMR277W.RNASeq,SNPs,SNP_chromosome2_690620_C_T,2,690620,2.98E-06,-0.2623229,0.05578718,0.01640773,Distant
Transcriptomics,YMR278W.RNASeq,SNPs,SNP_chromosome13_808186_C_A,13,808186,1.08E-08,-0.4109365,0.07119777,0.1497929,Local
Transcriptomics,YMR278W.RNASeq,INDELs,INDEL_chromosome13_805223,13,805223,2.35E-06,-0.3338692,0.07026822,0.10054456,Local
Transcriptomics,YMR278W.RNASeq,SNPs,SNP_chromosome1_90924_A_G,1,90924,3.99E-06,-0.3520955,0.07586683,0.10235829,Distant
Transcriptomics,YMR280C.RNASeq,SNPs,SNP_chromosome16_48995_A_G,16,48995,2.05E-07,-0.2596131,0.04958359,0.02575082,Distant
Transcriptomics,YMR283C.RNASeq,INDELs,INDEL_chromosome13_366861,13,366861,2.78E-06,-0.2732198,0.05792316,0.01534781,Distant
Proteomics,YMR286W.SMProt,SNPs,SNP_chromosome10_184421_G_T,10,184421,1.78E-06,0.24564809,0.05100814,0.02716558,Distant
Proteomics,YMR286W.SMProt,SNPs,SNP_chromosome7_95396_G_C,7,95396,2.96E-06,-0.2952988,0.06269172,0.0792346,Distant
Proteomics,YMR290C.SMProt,SNPs,SNP_chromosome2_45866_C_T,2,45866,6.96E-06,0.25103978,0.05544244,0.01471712,Distant
Proteomics,YMR290C.SMProt,SNPs,SNP_chromosome12_390535_T_C,12,390535,9.03E-06,0.23279143,0.05206858,0.01016191,Distant
Transcriptomics,YMR294W.RNASeq,SNPs,SNP_chromosome6_180546_T_C,6,180546,7.28E-07,0.17260001,0.03459314,0.00541049,Distant
Transcriptomics,YMR295C.RNASeq,SVs,CNV_YMR170C_Cov0.25,13,601562,2.65E-06,0.18640914,0.03943964,0.00816483,Distant
Proteomics,YMR296C.SMProt,SNPs,SNP_chromosome11_611219_T_C,11,611219,4.51E-07,-0.3292373,0.06465343,0.05763939,Distant
Transcriptomics,YMR299C.RNASeq,SVs,CNV_YBL089W_Cov1.25,2,49574,2.76E-06,0.18516718,0.03924851,0.00712474,Distant
Proteomics,YMR300C.SCProt,SNPs,SNP_chromosome10_107836_G_A,10,107836,1.27E-06,-0.2339752,0.04796188,0.01099664,Distant
Proteomics,YMR300C.SCProt,SNPs,SNP_chromosome7_735274_A_G,7,735274,4.94E-06,-0.1711861,0.0372452,0.00721144,Distant
Transcriptomics,YMR304C-A.RNASeq,SNPs,SNP_chromosome16_350213_C_T,16,350213,1.98E-06,0.27411357,0.05726624,0.01536811,Distant
Transcriptomics,YMR304C-A.RNASeq,SNPs,SNP_chromosome12_181730_T_A,12,181730,2.45E-06,0.21081621,0.04444851,0.00705157,Distant
Transcriptomics,YMR304C-A.RNASeq,SNPs,SNP_chromosome10_539608_A_T,10,539608,3.10E-06,0.20521958,0.04371743,0.0071435,Distant
Transcriptomics,YMR305C.RNASeq,SNPs,SNP_chromosome16_350213_C_T,16,350213,4.05E-07,0.28847753,0.05651238,0.01700355,Distant
Transcriptomics,YMR309C.RNASeq,SNPs,SNP_chromosome7_655851_C_T,7,655851,2.50E-06,0.18236959,0.03848212,0.00605748,Distant
Transcriptomics,YMR313C.RNASeq,SNPs,SNP_chromosome14_450844_G_A,14,450844,5.03E-06,0.2726721,0.05938353,0.06608072,Distant
Proteomics,YMR315W.SMProt,SNPs,SNP_chromosome15_747548_C_T,15,747548,6.49E-07,0.37325423,0.07434982,0.02954728,Distant
Proteomics,YMR315W.SMProt,SNPs,SNP_chromosome5_40517_G_A,5,40517,2.20E-06,-0.3032411,0.06354115,0.03002127,Distant
Proteomics,YMR315W.SMProt,SVs,CNV_YX01013_Cov0.25,5,375026,4.43E-06,-0.2589133,0.05597833,0.05969455,Distant
Transcriptomics,YMR316C-A.RNASeq,SVs,CNV_YMR316C-B_Cov0.25,13,907321,2.85E-07,0.24470722,0.04730737,0.05922493,Local
Transcriptomics,YMR316C-A.RNASeq,SNPs,SNP_chromosome2_171433_A_G,2,171433,2.74E-06,0.25255761,0.05350917,0.03134393,Distant
Transcriptomics,YMR316W.RNASeq,SVs,CNV_YMR316C-B_Cov0.25,13,907321,3.11E-11,0.31094631,0.0462312,0.0945848,Local
Transcriptomics,YMR316W.RNASeq,SVs,CNV_YMR317W_Cov0.25,13,907364,2.48E-06,0.25257036,0.05328044,0.04611451,Local
Transcriptomics,YMR318C.RNASeq,SNPs,SNP_chromosome15_199841_G_A,15,199841,1.06E-06,0.42524765,0.08651866,0.03773229,Distant
Transcriptomics,YMR318C.RNASeq,SNPs,SNP_chromosome12_719602_G_A,12,719602,1.33E-06,-0.3827105,0.07860261,0.03533717,Distant
Transcriptomics,YMR318C.RNASeq,SVs,SV_5580_DEL_chromosome14_632107_len_-357_TyRelated,14,632107,2.72E-06,0.21199288,0.04490453,0.01208813,Distant
Transcriptomics,YMR318C.RNASeq,SNPs,SNP_chromosome2_427872_G_A,2,427872,4.15E-06,-0.3077081,0.0664276,0.07466205,Distant
Proteomics,YMR318C.SMProt,SNPs,SNP_chromosome12_399187_C_T,12,399187,1.86E-06,-0.2965906,0.06169106,0.02344716,Distant
Proteomics,YMR318C.SMProt,SNPs,SNP_chromosome2_473981_C_A,2,473981,1.94E-06,-0.2466241,0.05139709,0.01131356,Distant
Transcriptomics,YMR319C.RNASeq,SNPs,SNP_chromosome4_464256_G_A,4,464256,3.06E-06,-0.1437272,0.03060306,0.00561663,Distant
Transcriptomics,YMR320W.RNASeq,SVs,CNV_YX03278_Cov1.75,16,13864,1.28E-09,-0.2427678,0.03956502,0.05592678,Distant
Transcriptomics,YMR320W.RNASeq,SVs,CNV_YPL274W_Cov1.75,16,22938,2.09E-09,-0.2859047,0.04723057,0.04289326,Distant
Transcriptomics,YMR320W.RNASeq,SNPs,SNP_chromosome15_160419_A_G,15,160419,6.78E-07,-0.250119,0.04998667,0.04442478,Distant
Transcriptomics,YMR320W.RNASeq,SNPs,SNP_chromosome12_605537_C_A,12,605537,1.27E-06,0.19666624,0.04031598,0.00877898,Distant
Transcriptomics,YMR320W.RNASeq,SVs,CNV_YX02779_Cov0.25,13,919951,1.31E-06,-0.1985463,0.04075807,0.0390688,Local
Transcriptomics,YMR320W.RNASeq,SVs,CNV_YMR317W_Cov0.25,13,907364,2.58E-06,-0.2377296,0.05022943,0.04131969,Local
Transcriptomics,YMR321C.RNASeq,SVs,CNV_YPL274W_Cov1.25,16,22938,1.51E-09,-0.3483001,0.05703107,0.05201194,Local
Transcriptomics,YMR322C.RNASeq,SNPs,SNP_chromosome16_12653_C_T,16,12653,2.97E-14,0.25149174,0.0325503,0.00860354,Distant
Transcriptomics,YMR322C.RNASeq,SVs,CNV_YMR323W_Cov2.25,13,920088,1.05E-11,-0.2649659,0.03845479,0.06882693,Local
Transcriptomics,YMR322C.RNASeq,SVs,CNV_YOR389W_Cov2.25,15,1074213,5.35E-11,0.25753647,0.03877216,0.06654791,Distant
Transcriptomics,YMR322C.RNASeq,SNPs,SNP_chromosome16_12641_G_T,16,12641,1.66E-10,0.28906989,0.04470818,0.02963158,Distant
Transcriptomics,YMR322C.RNASeq,SNPs,SNP_chromosome16_12788_A_G,16,12788,1.04E-09,0.24801236,0.04020382,0.01547967,Distant
Transcriptomics,YMR322C.RNASeq,SVs,CNV_YX03196_Cov2.25,15,1037952,6.26E-07,0.16514002,0.03290221,0.00587994,Distant
Transcriptomics,YMR323W.RNASeq,SVs,CNV_YMR323W_Cov2.25,13,920088,3.63E-07,-0.1934774,0.03774606,0.0366977,Local
Transcriptomics,YMR323W.RNASeq,SVs,CNV_YMR322C_Cov3.75,13,918366,4.28E-07,0.16987253,0.03334908,0.00722241,Local
Transcriptomics,YMR323W.RNASeq,SVs,CNV_YOR389W_Cov2.25,15,1074213,6.73E-07,0.19015797,0.03799385,0.03628157,Distant
Transcriptomics,YMR323W.RNASeq,SNPs,SNP_chromosome16_12653_C_T,16,12653,1.40E-06,0.15651771,0.03221659,0.0033324,Distant
Transcriptomics,YMR323W.RNASeq,SNPs,SNP_chromosome16_12641_G_T,16,12641,1.96E-06,0.20984493,0.04381506,0.01561514,Distant
Growth,YNBammoniumsulfate_24h,SNPs,SNP_chromosome15_176350_G_A,15,176350,2.58E-06,-0.3163242,0.06684508,0.01680686,NA
Growth,YNBarginin_24h,SNPs,SNP_chromosome3_52334_A_G,3,52334,5.96E-07,0.34007173,0.06762023,0.049196,NA
Transcriptomics,YNL002C.RNASeq,SNPs,SNP_chromosome7_655851_C_T,7,655851,3.56E-06,0.1796609,0.03851224,0.00587888,Distant
Transcriptomics,YNL002C.RNASeq,SNPs,SNP_chromosome4_327242_G_A,4,327242,5.46E-06,0.27735726,0.06063897,0.06904824,Distant
Proteomics,YNL002C.SCProt,SNPs,SNP_chromosome2_516986_G_A,2,516986,1.26E-06,-0.2240027,0.04589528,0.01838702,Distant
Proteomics,YNL002C.SCProt,SNPs,SNP_chromosome15_587140_C_T,15,587140,1.53E-06,0.18570907,0.0383622,0.02077304,Distant
Proteomics,YNL002C.SMProt,SNPs,SNP_chromosome4_1278950_A_G,4,1278950,1.62E-06,0.18328261,0.0379019,0.00674094,Distant
Transcriptomics,YNL003C.RNASeq,SNPs,SNP_chromosome14_438565_C_T,14,438565,1.72E-06,-0.2264223,0.04701352,0.02733676,Distant
Proteomics,YNL004W.SMProt,SNPs,SNP_chromosome10_606618_C_T,10,606618,1.62E-06,0.27028824,0.05589859,0.0115127,Distant
Transcriptomics,YNL005C.RNASeq,SNPs,SNP_chromosome1_118723_A_G,1,118723,5.63E-07,-0.2885636,0.05725272,0.03405278,Distant
Proteomics,YNL007C.SMProt,SNPs,SNP_chromosome11_527380_A_G,11,527380,5.45E-06,-0.1691649,0.03692955,0.00749116,Distant
Transcriptomics,YNL010W.RNASeq,SNPs,SNP_chromosome11_146915_A_G,11,146915,4.55E-06,0.28197886,0.06112592,0.04943574,Distant
Transcriptomics,YNL011C.RNASeq,SNPs,SNP_chromosome6_131665_G_A,6,131665,1.91E-07,0.27070974,0.0515735,0.01982822,Distant
Transcriptomics,YNL011C.RNASeq,SNPs,SNP_chromosome11_290740_C_T,11,290740,3.00E-06,0.25149183,0.05350259,0.01397498,Distant
Transcriptomics,YNL015W.RNASeq,SNPs,SNP_chromosome2_679184_A_C,2,679184,4.92E-06,-0.1590492,0.03460271,0.00401302,Distant
Proteomics,YNL015W.SMProt,SNPs,SNP_chromosome5_561615_C_T,5,561615,3.25E-07,0.25023945,0.04853353,0.01453452,Distant
Proteomics,YNL015W.SMProt,SNPs,SNP_chromosome15_614674_A_G,15,614674,1.07E-06,-0.2767558,0.0562534,0.05732301,Distant
Transcriptomics,YNL017C.RNASeq,SNPs,SNP_chromosome10_342956_A_T,10,342956,2.14E-06,0.27062151,0.05672279,0.05358439,Distant
Transcriptomics,YNL019C.RNASeq,SNPs,SNP_chromosome13_139699_A_G,13,139699,6.19E-07,0.3027653,0.06029309,0.02074725,Distant
Transcriptomics,YNL025C.RNASeq,SNPs,SNP_chromosome2_198110_A_G,2,198110,2.83E-06,-0.1685426,0.03576018,0.00782074,Distant
Transcriptomics,YNL031C.RNASeq,SNPs,SNP_chromosome4_1123586_A_T,4,1123586,2.48E-06,-0.3204046,0.06758873,0.04498804,Distant
Transcriptomics,YNL032W.RNASeq,SNPs,SNP_chromosome7_795705_G_A,7,795705,4.56E-06,-0.21649,0.04693701,0.01517083,Distant
Transcriptomics,YNL033W.RNASeq,SNPs,SNP_chromosome6_61005_G_A,6,61005,3.63E-06,0.26940279,0.05780089,0.01790465,Distant
Transcriptomics,YNL033W.RNASeq,SNPs,SNP_chromosome13_139699_A_G,13,139699,4.14E-06,0.28181768,0.06083129,0.01797566,Distant
Transcriptomics,YNL039W.RNASeq,SNPs,SNP_chromosome11_575225_G_A,11,575225,1.69E-07,-0.1845745,0.03500596,0.01554885,Distant
Transcriptomics,YNL039W.RNASeq,SNPs,SNP_chromosome13_296288_A_C,13,296288,1.58E-06,-0.2011915,0.04163003,0.03114269,Distant
Transcriptomics,YNL040W.RNASeq,SNPs,SNP_chromosome14_552144_G_A,14,552144,6.12E-15,0.46267473,0.05828404,0.16756171,Local
Transcriptomics,YNL040W.RNASeq,SNPs,SNP_chromosome14_552403_G_A,14,552403,1.86E-10,0.30340832,0.04706128,0.03900413,Local
Transcriptomics,YNL040W.RNASeq,SNPs,SNP_chromosome14_553315_T_C,14,553315,4.41E-10,0.22849678,0.03621772,0.00980931,Local
Transcriptomics,YNL040W.RNASeq,SNPs,SNP_chromosome14_559919_C_G,14,559919,6.09E-10,0.35032992,0.05599416,0.06983799,Local
Transcriptomics,YNL040W.RNASeq,INDELs,INDEL_chromosome14_553108,14,553108,2.78E-09,0.36720922,0.06115118,0.12038556,Local
Transcriptomics,YNL040W.RNASeq,INDELs,INDEL_chromosome14_547921,14,547921,1.17E-07,-0.2937438,0.05499454,0.08103268,Local
Transcriptomics,YNL040W.RNASeq,SNPs,SNP_chromosome14_556914_A_T,14,556914,3.69E-07,0.23669091,0.04620668,0.01424316,Local
Transcriptomics,YNL040W.RNASeq,SNPs,SNP_chromosome5_170376_G_A,5,170376,5.83E-07,-0.2837051,0.05636683,0.0240915,Distant
Transcriptomics,YNL040W.RNASeq,SNPs,SNP_chromosome14_546181_A_G,14,546181,1.07E-06,0.20430347,0.04159712,0.00939375,Local
Transcriptomics,YNL041C.RNASeq,SNPs,SNP_chromosome14_552334_G_A,14,552334,9.71E-09,0.40119822,0.06928537,0.14519697,Local
Transcriptomics,YNL041C.RNASeq,SNPs,SNP_chromosome14_591556_T_C,14,591556,3.71E-07,0.31285453,0.06108199,0.05806062,Distant
Transcriptomics,YNL042W-B.RNASeq,SNPs,SNP_chromosome5_39664_C_T,5,39664,1.90E-06,-0.3118581,0.0650277,0.08648617,Distant
Transcriptomics,YNL042W.RNASeq,SNPs,SNP_chromosome14_547829_G_A,14,547829,4.65E-11,-0.2534739,0.03803632,0.02748553,Local
Transcriptomics,YNL043C.RNASeq,INDELs,INDEL_chromosome4_843565,4,843565,7.90E-08,-0.3343878,0.06175868,0.10032762,Distant
Transcriptomics,YNL043C.RNASeq,SNPs,SNP_chromosome12_974945_G_A,12,974945,5.00E-06,0.17057918,0.03714244,0.01928597,Distant
Transcriptomics,YNL044W.RNASeq,SNPs,SNP_chromosome14_230725_T_C,14,230725,1.98E-06,0.20406971,0.04262999,0.03444492,Distant
Transcriptomics,YNL044W.RNASeq,SNPs,SNP_chromosome4_827442_A_T,4,827442,2.66E-06,-0.2987715,0.0632169,0.08278627,Distant
Proteomics,YNL044W.SCProt,SVs,CNV_YX00150_Cov1.75,1,215975,7.80E-08,0.22989457,0.04242827,0.05241589,Distant
Proteomics,YNL044W.SMProt,SNPs,SNP_chromosome7_360441_T_C,7,360441,6.47E-07,-0.2186089,0.0435381,0.03911265,Distant
Proteomics,YNL044W.SMProt,SNPs,SNP_chromosome12_644446_T_A,12,644446,1.10E-06,-0.2066038,0.04203277,0.00782373,Distant
Proteomics,YNL044W.SMProt,SNPs,SNP_chromosome16_757137_C_T,16,757137,3.13E-06,-0.2252951,0.04794724,0.0103003,Distant
Proteomics,YNL044W.SMProt,SNPs,SNP_chromosome5_85771_T_C,5,85771,3.96E-06,-0.2800817,0.06024618,0.01869809,Distant
Proteomics,YNL044W.SMProt,SNPs,SNP_chromosome4_451706_T_C,4,451706,4.43E-06,-0.3762532,0.08134817,0.03111858,Distant
Proteomics,YNL044W.SMProt,SNPs,SNP_chromosome16_725524_A_G,16,725524,4.97E-06,-0.2573547,0.05594141,0.01240845,Distant
Proteomics,YNL044W.SMProt,SNPs,SNP_chromosome13_53235_T_C,13,53235,6.82E-06,-0.2689795,0.05934996,0.01917138,Distant
Proteomics,YNL044W.SMProt,SVs,SV_2464_INS_chromosome7_205008_len_5956_TyRelated,7,205008,7.10E-06,-0.2017839,0.04460813,0.00716733,Distant
Transcriptomics,YNL045W.RNASeq,SNPs,SNP_chromosome15_873940_T_C,15,873940,4.93E-06,-0.1454873,0.03165572,0.00767078,Distant
Proteomics,YNL045W.SMProt,SNPs,SNP_chromosome9_193041_C_A,9,193041,3.42E-06,-0.2287252,0.04887595,0.00968677,Distant
Transcriptomics,YNL046W.RNASeq,SVs,CNV_YX01253_Cov1.75,7,2976,9.30E-07,0.186613,0.03777305,0.00682587,Distant
Transcriptomics,YNL048W.RNASeq,SNPs,SNP_chromosome3_63461_C_T,3,63461,6.47E-07,0.31594316,0.06302809,0.06238996,Distant
Transcriptomics,YNL048W.RNASeq,SNPs,SNP_chromosome10_542620_G_A,10,542620,4.57E-06,-0.250472,0.05430956,0.05488134,Distant
Transcriptomics,YNL053W.RNASeq,SVs,CNV_YX02249_Cov0.25,11,618964,2.82E-07,0.31713158,0.06128633,0.09298388,Distant
Transcriptomics,YNL053W.RNASeq,SNPs,SNP_chromosome10_546848_A_G,10,546848,2.71E-06,0.18807742,0.03983301,0.0064342,Distant
Proteomics,YNL055C.SCProt,SVs,CNV_YX00718_Cov0.25,4,710032,9.04E-07,0.2823899,0.05707834,0.07895806,Distant
Proteomics,YNL055C.SCProt,SNPs,SNP_chromosome13_178431_G_A,13,178431,6.76E-06,-0.2538625,0.0560556,0.02343233,Distant
Transcriptomics,YNL056W.RNASeq,SNPs,SNP_chromosome12_210539_A_G,12,210539,3.23E-06,-0.1726802,0.03685825,0.0055033,Distant
Transcriptomics,YNL058C.RNASeq,SVs,SV_5244_DEL_chromosome13_600892_len_-698,13,600892,6.20E-07,-0.1998463,0.03980021,0.01437941,Distant
Proteomics,YNL061W.SMProt,SNPs,SNP_chromosome4_1278950_A_G,4,1278950,1.30E-06,0.16813908,0.03445111,0.0055991,Distant
Transcriptomics,YNL062C.RNASeq,SNPs,SNP_chromosome11_290740_C_T,11,290740,5.49E-06,-0.2467823,0.05396695,0.01345647,Distant
Proteomics,YNL062C.SMProt,SNPs,SNP_chromosome14_179537_C_G,14,179537,7.25E-07,-0.213473,0.04270886,0.0104108,Distant
Proteomics,YNL062C.SMProt,SNPs,SNP_chromosome4_1298829_C_A,4,1298829,1.32E-06,-0.3722162,0.07631782,0.12431005,Distant
Transcriptomics,YNL063W.RNASeq,SVs,CNV_YNL302C_Cov2.25,14,61958,1.97E-06,0.16544759,0.03455199,0.00726606,Distant
Proteomics,YNL064C.SCProt,SNPs,SNP_chromosome5_295532_A_G,5,295532,7.38E-07,0.21536524,0.04317771,0.00712395,Distant
Proteomics,YNL064C.SMProt,SNPs,SNP_chromosome1_127988_G_T,1,127988,1.86E-06,-0.2665539,0.05544931,0.01605262,Distant
Transcriptomics,YNL065W.RNASeq,SNPs,SNP_chromosome14_503520_T_C,14,503520,5.51E-15,0.57599972,0.0724324,0.29926368,Local
Transcriptomics,YNL065W.RNASeq,SNPs,SNP_chromosome14_503532_C_T,14,503532,5.86E-07,-0.231499,0.04600205,0.01870608,Local
Transcriptomics,YNL065W.RNASeq,SVs,CNV_YKL222C_Cov2.75,11,3503,2.56E-06,-0.2230971,0.04713047,0.01111828,Distant
Transcriptomics,YNL065W.RNASeq,SNPs,SNP_chromosome15_478229_G_A,15,478229,2.94E-06,-0.2827318,0.0600931,0.01856294,Distant
Transcriptomics,YNL065W.RNASeq,SNPs,SNP_chromosome15_715851_A_T,15,715851,3.28E-06,-0.2082251,0.04447386,0.01516002,Distant
Transcriptomics,YNL065W.RNASeq,SNPs,SNP_chromosome2_559880_A_G,2,559880,4.47E-06,-0.2017167,0.04369105,0.00845912,Distant
Proteomics,YNL067W.SCProt,SNPs,SNP_chromosome16_664781_T_C,16,664781,4.10E-06,-0.4197959,0.09055461,0.06741901,Distant
Proteomics,YNL069C.SMProt,SNPs,SNP_chromosome4_451706_T_C,4,451706,1.29E-06,-0.3709836,0.07597989,0.03069896,Distant
Proteomics,YNL071W.SMProt,SNPs,SNP_chromosome14_491381_T_C,14,491381,3.66E-12,0.32940009,0.04659857,0.08790415,Local
Transcriptomics,YNL073W.RNASeq,SNPs,SNP_chromosome16_24494_A_G,16,24494,1.91E-06,0.24751427,0.05162852,0.03513652,Distant
Transcriptomics,YNL073W.RNASeq,SNPs,SNP_chromosome11_527380_A_G,11,527380,8.27E-06,-0.1610319,0.03591075,0.00657558,Distant
Transcriptomics,YNL073W.RNASeq,SNPs,SNP_chromosome16_716784_T_C,16,716784,8.74E-06,0.2836103,0.06341866,0.02030013,Distant
Transcriptomics,YNL074C.RNASeq,SNPs,SNP_chromosome14_492375_A_G,14,492375,3.00E-07,-0.1856169,0.03595217,0.01101503,Local
Transcriptomics,YNL074C.RNASeq,INDELs,INDEL_chromosome16_450580,16,450580,1.75E-06,-0.1727955,0.03590902,0.00568687,Distant
Transcriptomics,YNL075W.RNASeq,SNPs,SNP_chromosome7_655851_C_T,7,655851,3.91E-06,0.17985564,0.03871912,0.00589163,Distant
Proteomics,YNL075W.SMProt,SNPs,SNP_chromosome4_1298829_C_A,4,1298829,1.51E-08,-0.3716346,0.06491016,0.12227799,Distant
Transcriptomics,YNL077W.RNASeq,SNPs,SNP_chromosome4_1281066_G_A,4,1281066,4.31E-06,-0.2428192,0.05250779,0.03688293,Distant
Proteomics,YNL079C.SCProt,SVs,CNV_YNL015W_Cov0.75,14,605384,2.91E-10,-0.2016914,0.03162048,0.0347775,Distant
Proteomics,YNL079C.SCProt,SVs,CNV_YMR057C_Cov0.75,13,388359,4.20E-09,-0.2054153,0.03459953,0.02957232,Distant
Proteomics,YNL079C.SCProt,SVs,CNV_YLR178C_Cov0.75,12,513162,1.98E-08,-0.1861676,0.03285109,0.032105,Distant
Proteomics,YNL079C.SCProt,SVs,CNV_YDR461C-A_Cov0.75,4,1385524,4.26E-08,-0.1794838,0.03246147,0.03163792,Distant
Proteomics,YNL079C.SCProt,SVs,CNV_YHR033W_Cov0.75,8,175548,1.71E-07,-0.1739298,0.03299172,0.02746074,Distant
Proteomics,YNL079C.SCProt,SVs,CNV_YGR159C_Cov0.75,7,806412,4.54E-07,0.16105136,0.03168065,0.02426843,Distant
Proteomics,YNL079C.SCProt,SVs,CNV_YKL031W_Cov0.75,11,382072,9.11E-07,-0.1652832,0.0334193,0.0247299,Distant
Proteomics,YNL079C.SCProt,SVs,CNV_YX01464_Cov1.25,7,941361,1.63E-06,-0.1529592,0.03168122,0.01594275,Distant
Proteomics,YNL079C.SCProt,SVs,CNV_YGL024W_Cov0.75,7,449788,2.79E-06,-0.1532676,0.03249509,0.02310668,Distant
Proteomics,YNL079C.SCProt,SVs,CNV_YCR041W_Cov2.25,3,200911,3.24E-06,0.16078789,0.03431437,0.02353141,Distant
Proteomics,YNL079C.SCProt,SVs,CNV_YDR504C_Cov1.25,4,1456311,4.72E-06,-0.1558931,0.03384394,0.02037232,Distant
Transcriptomics,YNL083W.RNASeq,SVs,CNV_YBR031W_Cov1.75,2,300166,2.01E-06,0.17336859,0.03623623,0.02866087,Distant
Proteomics,YNL085W.SMProt,SNPs,SNP_chromosome8_250518_A_G,8,250518,5.07E-06,-0.2204198,0.04795524,0.01120079,Distant
Transcriptomics,YNL086W.RNASeq,SNPs,SNP_chromosome14_466221_C_T,14,466221,4.25E-12,-0.4738064,0.06744936,0.18653469,Local
Transcriptomics,YNL086W.RNASeq,INDELs,INDEL_chromosome14_302334,14,302334,2.04E-06,-0.2733242,0.05717296,0.04355301,Distant
Transcriptomics,YNL086W.RNASeq,SNPs,SNP_chromosome14_462443_C_G,14,462443,3.49E-06,-0.2620313,0.0561183,0.04758041,Local
Transcriptomics,YNL086W.RNASeq,SNPs,SNP_chromosome14_459152_A_G,14,459152,4.67E-06,-0.2103952,0.04566507,0.02428981,Local
Transcriptomics,YNL087W.RNASeq,SNPs,SNP_chromosome14_462377_G_A,14,462377,2.66E-08,-0.2617614,0.04664123,0.01976908,Local
Transcriptomics,YNL087W.RNASeq,SNPs,SNP_chromosome10_647098_C_A,10,647098,4.16E-06,-0.2503352,0.05404655,0.01866183,Distant
Transcriptomics,YNL088W.RNASeq,SNPs,SNP_chromosome4_553497_G_A,4,553497,2.13E-07,0.23902508,0.04571693,0.01522963,Distant
Transcriptomics,YNL090W.RNASeq,SNPs,SNP_chromosome13_667511_T_C,13,667511,3.52E-06,-0.2599021,0.05568984,0.02572857,Distant
Proteomics,YNL090W.SMProt,SNPs,SNP_chromosome9_302019_A_G,9,302019,7.34E-07,-0.281903,0.05642633,0.05655969,Distant
Proteomics,YNL090W.SMProt,SNPs,SNP_chromosome16_165419_T_C,16,165419,2.80E-06,0.28963093,0.06133674,0.05011841,Distant
Proteomics,YNL090W.SMProt,SNPs,SNP_chromosome9_303153_T_C,9,303153,3.21E-06,-0.2860786,0.06095498,0.04816552,Distant
Transcriptomics,YNL094W.RNASeq,SVs,CNV_YX00432_Cov0.75,3,178725,2.06E-06,0.27196159,0.05690372,0.02373714,Distant
Transcriptomics,YNL096C.RNASeq,SVs,CNV_YBL102W_Cov1.25,2,24098,9.95E-07,-0.1874467,0.03804526,0.00771244,Distant
Proteomics,YNL096C.SCProt,SNPs,SNP_chromosome5_157488_C_T,5,157488,2.78E-06,0.25689403,0.05445647,0.05866575,Distant
Proteomics,YNL096C.SMProt,SNPs,SNP_chromosome14_749270_C_T,14,749270,1.20E-06,-0.1991724,0.04067086,0.00958351,Distant
Proteomics,YNL096C.SMProt,SNPs,SNP_chromosome7_43396_G_A,7,43396,1.49E-06,-0.2341109,0.04823897,0.01114943,Distant
Transcriptomics,YNL099C.RNASeq,SVs,CNV_YBL100W-B_Cov16.25,2,29935,2.26E-06,0.18980094,0.03987937,0.02883641,Distant
Transcriptomics,YNL100W.RNASeq,SVs,CNV_YER011W_Cov0.75,5,175248,3.66E-06,-0.1454976,0.03123014,0.0042328,Distant
Transcriptomics,YNL101W.RNASeq,SNPs,SNP_chromosome7_413763_T_C,7,413763,2.05E-06,-0.1762716,0.03687458,0.00841786,Distant
Transcriptomics,YNL102W.RNASeq,SVs,SV_5244_DEL_chromosome13_600892_len_-698,13,600892,2.40E-06,-0.1976328,0.04163133,0.01406264,Distant
Proteomics,YNL102W.SCProt,SNPs,SNP_chromosome5_321279_A_T,5,321279,2.56E-06,-0.2412586,0.05095514,0.0138089,Distant
Proteomics,YNL102W.SCProt,SNPs,SNP_chromosome5_157488_C_T,5,157488,3.72E-06,0.25769552,0.05534076,0.05824276,Distant
Transcriptomics,YNL103W.RNASeq,SNPs,SNP_chromosome14_425075_C_T,14,425075,5.43E-07,0.37816542,0.07492461,0.12773158,Local
Proteomics,YNL104C.SMProt,SNPs,SNP_chromosome9_127998_T_C,9,127998,2.98E-09,-0.3802778,0.06330244,0.03339419,Distant
Proteomics,YNL104C.SMProt,SNPs,SNP_chromosome14_660958_T_A,14,660958,3.09E-07,-0.4626853,0.08956225,0.04543381,Distant
Proteomics,YNL104C.SMProt,SNPs,SNP_chromosome2_349229_G_A,2,349229,7.15E-07,-0.3263621,0.0652604,0.02398083,Distant
Proteomics,YNL104C.SMProt,SNPs,SNP_chromosome7_165308_G_T,7,165308,7.67E-07,-0.2314538,0.04641059,0.01284415,Distant
Proteomics,YNL104C.SMProt,SNPs,SNP_chromosome5_29294_A_G,5,29294,1.51E-06,0.27105544,0.05588783,0.03254583,Distant
Proteomics,YNL104C.SMProt,SNPs,SNP_chromosome7_625957_G_A,7,625957,4.08E-06,0.29220297,0.06293952,0.02688311,Distant
Transcriptomics,YNL106C.RNASeq,SNPs,SNP_chromosome10_60979_T_A,10,60979,4.41E-07,0.31674578,0.06225612,0.05302477,Distant
Transcriptomics,YNL106C.RNASeq,INDELs,INDEL_chromosome8_386538,8,386538,4.98E-06,0.27723917,0.06035319,0.06166508,Distant
Transcriptomics,YNL107W.RNASeq,SNPs,SNP_chromosome13_692036_A_G,13,692036,2.08E-06,-0.2057286,0.04307067,0.01691494,Distant
Transcriptomics,YNL110C.RNASeq,SNPs,SNP_chromosome7_655851_C_T,7,655851,2.27E-06,0.18302157,0.03845719,0.00610087,Distant
Transcriptomics,YNL112W.RNASeq,SNPs,SNP_chromosome4_327242_G_A,4,327242,2.96E-06,0.28322095,0.06021437,0.07199864,Distant
Transcriptomics,YNL112W.RNASeq,SVs,CNV_YKL222C_Cov2.75,11,3503,3.83E-06,-0.2192122,0.04714817,0.01073443,Distant
Proteomics,YNL113W.SCProt,SNPs,SNP_chromosome13_178431_G_A,13,178431,1.66E-06,0.22743023,0.04714232,0.01879561,Distant
Transcriptomics,YNL116W.RNASeq,SNPs,SNP_chromosome8_379379_C_T,8,379379,5.53E-06,-0.3481636,0.0761644,0.05890743,Distant
Transcriptomics,YNL116W.RNASeq,SNPs,SNP_chromosome4_1467803_T_C,4,1467803,6.29E-06,-0.3039686,0.0669015,0.04454295,Distant
Transcriptomics,YNL121C.RNASeq,SVs,SV_5244_DEL_chromosome13_600892_len_-698,13,600892,2.00E-07,-0.2145281,0.04093858,0.01656981,Distant
Transcriptomics,YNL121C.RNASeq,SNPs,SNP_chromosome15_45048_A_G,15,45048,5.33E-06,-0.2269574,0.04956154,0.0159623,Distant
Transcriptomics,YNL123W.RNASeq,SNPs,SNP_chromosome14_394591_G_A,14,394591,8.47E-13,0.30271042,0.04170236,0.06025119,Local
Transcriptomics,YNL123W.RNASeq,SNPs,SNP_chromosome10_524477_G_A,10,524477,1.37E-06,0.29883002,0.06146648,0.05373396,Distant
Proteomics,YNL123W.SMProt,SNPs,SNP_chromosome14_394591_G_A,14,394591,1.11E-12,0.31748561,0.04383039,0.07047888,Local
Transcriptomics,YNL125C.RNASeq,SNPs,SNP_chromosome7_1043659_C_T,7,1043659,3.15E-06,-0.2302282,0.04908207,0.00821398,Distant
Transcriptomics,YNL127W.RNASeq,SNPs,SNP_chromosome5_261315_T_C,5,261315,6.44E-06,-0.2185302,0.04815072,0.03843072,Distant
Transcriptomics,YNL128W.RNASeq,SNPs,SNP_chromosome6_109031_C_T,6,109031,5.26E-06,-0.2149114,0.04690508,0.01683085,Distant
Transcriptomics,YNL128W.RNASeq,SNPs,SNP_chromosome11_126022_G_A,11,126022,5.75E-06,0.21012363,0.04605152,0.00922841,Distant
Transcriptomics,YNL128W.RNASeq,SNPs,SNP_chromosome14_385516_G_A,14,385516,7.68E-06,0.23044221,0.05120669,0.02651089,Local
Transcriptomics,YNL130C-A.RNASeq,SNPs,SNP_chromosome1_123222_A_G,1,123222,2.67E-06,0.26433011,0.05594297,0.01726372,Distant
Proteomics,YNL130C.SMProt,SNPs,SNP_chromosome14_380871_C_T,14,380871,5.39E-09,-0.3465909,0.05868844,0.10777802,Local
Proteomics,YNL131W.SMProt,SVs,CNV_YX00377_Cov0.25,2,807949,2.10E-06,0.20850895,0.04360324,0.01749428,Distant
Proteomics,YNL131W.SMProt,SVs,CNV_YDR366C_Cov5.25,4,1212438,4.42E-06,0.18701103,0.04043012,0.03083809,Distant
Proteomics,YNL131W.SMProt,SNPs,SNP_chromosome8_38092_G_A,8,38092,7.71E-06,0.28068049,0.06229762,0.03241625,Distant
Transcriptomics,YNL132W.RNASeq,SNPs,SNP_chromosome7_655851_C_T,7,655851,4.03E-06,0.17815635,0.03840661,0.00578083,Distant
Proteomics,YNL132W.SMProt,SNPs,SNP_chromosome16_767513_C_T,16,767513,1.05E-08,0.22022162,0.03804056,0.03589383,Distant
Proteomics,YNL132W.SMProt,SNPs,SNP_chromosome4_1296045_T_A,4,1296045,5.16E-07,-0.3422816,0.06756698,0.10442093,Distant
Transcriptomics,YNL133C.RNASeq,SNPs,SNP_chromosome14_374798_C_T,14,374798,1.17E-09,-0.2360065,0.03837515,0.00854243,Local
Proteomics,YNL134C.SCProt,SNPs,SNP_chromosome6_100094_C_T,6,100094,1.91E-06,0.26245281,0.05472615,0.01396404,Distant
Proteomics,YNL135C.SCProt,SVs,CNV_YLR178C_Cov0.75,12,513162,3.73E-06,-0.1578837,0.03390909,0.02307735,Distant
Proteomics,YNL135C.SCProt,SNPs,SNP_chromosome15_173109_G_A,15,173109,5.63E-06,-0.1641803,0.03593797,0.00576147,Distant
Proteomics,YNL135C.SCProt,SVs,CNV_YDR461C-A_Cov0.75,4,1385524,6.71E-06,-0.1523531,0.0336295,0.02278276,Distant
Proteomics,YNL138W.SCProt,SVs,CNV_YX03066_Cov0.25,15,29305,5.11E-07,0.22881085,0.0452147,0.02641784,Distant
Proteomics,YNL138W.SMProt,SNPs,SNP_chromosome9_396048_A_C,9,396048,3.32E-06,-0.3304983,0.07052567,0.02082972,Distant
Transcriptomics,YNL139C.RNASeq,SNPs,SNP_chromosome1_91812_G_C,1,91812,7.11E-07,-0.2846821,0.05700376,0.03498363,Distant
Transcriptomics,YNL139C.RNASeq,SNPs,SNP_chromosome16_421124_A_G,16,421124,2.26E-06,-0.3276534,0.06883379,0.08663231,Distant
Transcriptomics,YNL141W.RNASeq,SNPs,SNP_chromosome7_655851_C_T,7,655851,3.97E-06,0.17836424,0.03842507,0.00579432,Distant
Proteomics,YNL141W.SMProt,INDELs,INDEL_chromosome14_359095,14,359095,8.33E-07,-0.3637002,0.07317071,0.08026597,Local
Proteomics,YNL141W.SMProt,INDELs,INDEL_chromosome5_225280,5,225280,8.98E-07,0.24142356,0.04871982,0.05273755,Distant
Proteomics,YNL141W.SMProt,SNPs,SNP_chromosome14_355610_C_T,14,355610,9.79E-07,-0.4068315,0.08238545,0.14329178,Local
Proteomics,YNL141W.SMProt,SNPs,SNP_chromosome8_510985_T_C,8,510985,2.61E-06,0.20689481,0.04367842,0.01251681,Distant
Proteomics,YNL141W.SMProt,SNPs,SNP_chromosome14_342049_C_T,14,342049,3.58E-06,-0.2288546,0.04899851,0.01093093,Local
Transcriptomics,YNL142W.RNASeq,SNPs,SNP_chromosome16_373847_A_G,16,373847,1.83E-06,-0.2210863,0.04603199,0.0440783,Distant
Transcriptomics,YNL143C.RNASeq,SNPs,SNP_chromosome4_1032130_T_C,4,1032130,2.21E-06,0.28582564,0.0599871,0.0164099,Distant
Transcriptomics,YNL145W.RNASeq,SVs,CNV_YCL066W_Cov1.25,3,13282,4.01E-20,0.37309876,0.03964305,0.09661252,Distant
Transcriptomics,YNL145W.RNASeq,SVs,CNV_YX00455_Cov0.75,3,199369,1.71E-13,0.27061988,0.03615524,0.06441587,Distant
Transcriptomics,YNL145W.RNASeq,SVs,CNV_YX00433_Cov1.75,3,190232,1.01E-09,0.22445176,0.0363602,0.04167687,Distant
Transcriptomics,YNL145W.RNASeq,SVs,CNV_YX00446_Cov0.25,3,193857,5.15E-07,0.24188025,0.04782543,0.03106038,Distant
Transcriptomics,YNL146C-A.RNASeq,SVs,CNV_YCL066W_Cov1.25,3,13282,1.89E-21,0.36921435,0.03783227,0.09963231,Distant
Transcriptomics,YNL146C-A.RNASeq,SVs,CNV_YX00455_Cov0.75,3,199369,3.14E-13,0.26055195,0.03520936,0.06288099,Distant
Transcriptomics,YNL146C-A.RNASeq,SVs,CNV_YX00433_Cov1.75,3,190232,5.42E-09,0.20843642,0.03538064,0.03784893,Distant
Transcriptomics,YNL146C-A.RNASeq,SVs,CNV_YX00446_Cov0.25,3,193857,6.94E-08,0.24199708,0.04449906,0.03274035,Distant
Transcriptomics,YNL146C-A.RNASeq,SNPs,SNP_chromosome12_516540_C_T,12,516540,2.42E-06,0.231363,0.04875129,0.0098012,Distant
Transcriptomics,YNL146W.RNASeq,SNPs,SNP_chromosome12_1007613_G_A,12,1007613,4.89E-07,0.25161663,0.04965123,0.06133865,Distant
Transcriptomics,YNL148C.RNASeq,INDELs,INDEL_chromosome14_349826,14,349826,5.57E-08,0.40642168,0.07418154,0.14641663,Local
Transcriptomics,YNL148C.RNASeq,SNPs,SNP_chromosome14_351850_C_T,14,351850,5.40E-07,0.37577273,0.07443613,0.12436712,Local
Transcriptomics,YNL148C.RNASeq,SNPs,SNP_chromosome7_681706_C_T,7,681706,6.66E-06,0.29712262,0.06557089,0.07266145,Distant
Transcriptomics,YNL151C.RNASeq,SNPs,SNP_chromosome4_327242_G_A,4,327242,1.53E-06,0.29644761,0.06125672,0.07888046,Distant
Transcriptomics,YNL152W.RNASeq,SNPs,SNP_chromosome15_294553_C_T,15,294553,1.43E-06,0.19480353,0.0401344,0.00604531,Distant
Proteomics,YNL153C.SMProt,SNPs,SNP_chromosome14_688211_A_G,14,688211,4.12E-06,0.18753295,0.04041288,0.0067603,Distant
Transcriptomics,YNL154C.RNASeq,SNPs,SNP_chromosome11_430859_T_C,11,430859,4.12E-06,0.19240699,0.04152021,0.00889298,Distant
Transcriptomics,YNL155W.RNASeq,SNPs,SNP_chromosome4_312028_T_C,4,312028,4.49E-06,-0.2080412,0.04507341,0.00631294,Distant
Transcriptomics,YNL159C.RNASeq,SNPs,SNP_chromosome2_777743_G_A,2,777743,2.79E-06,-0.2120456,0.04496392,0.01682592,Distant
Proteomics,YNL160W.SMProt,SNPs,SNP_chromosome15_725266_T_A,15,725266,6.70E-07,-0.1852602,0.036948,0.01473367,Distant
Transcriptomics,YNL164C.RNASeq,SNPs,SNP_chromosome12_919791_G_A,12,919791,2.08E-06,-0.281863,0.05900376,0.01602277,Distant
Transcriptomics,YNL164C.RNASeq,SNPs,SNP_chromosome13_692036_A_G,13,692036,6.43E-06,-0.204719,0.0451027,0.01674932,Distant
Transcriptomics,YNL168C.RNASeq,SNPs,SNP_chromosome14_319024_A_T,14,319024,3.29E-27,-0.6183446,0.05535996,0.35862604,Local
Transcriptomics,YNL168C.RNASeq,SNPs,SNP_chromosome14_321416_A_G,14,321416,8.36E-09,-0.2316496,0.03982616,0.04111532,Local
Transcriptomics,YNL168C.RNASeq,SNPs,SNP_chromosome14_331139_C_T,14,331139,1.93E-07,0.23819061,0.04539367,0.0160265,Local
Transcriptomics,YNL168C.RNASeq,SNPs,SNP_chromosome14_321113_C_T,14,321113,4.63E-07,0.20484157,0.04033552,0.00612181,Local
Transcriptomics,YNL168C.RNASeq,SNPs,SNP_chromosome14_348777_C_T,14,348777,7.32E-07,0.22450581,0.04500604,0.02285143,Distant
Transcriptomics,YNL168C.RNASeq,SNPs,SNP_chromosome11_250094_G_A,11,250094,2.77E-06,-0.2427021,0.05144974,0.05417053,Distant
Proteomics,YNL168C.SMProt,SNPs,SNP_chromosome14_318991_A_T,14,318991,4.50E-11,-0.4002793,0.05984741,0.14368928,Local
Proteomics,YNL168C.SMProt,INDELs,INDEL_chromosome14_349031,14,349031,1.61E-06,0.30310174,0.06266196,0.04858654,Distant
Proteomics,YNL168C.SMProt,SNPs,SNP_chromosome15_835745_T_A,15,835745,2.26E-06,-0.2736275,0.05739968,0.00955342,Distant
Transcriptomics,YNL170W.RNASeq,SNPs,SNP_chromosome15_218142_G_A,15,218142,1.04E-06,0.22512805,0.04577702,0.02383032,Distant
Proteomics,YNL173C.SMProt,SNPs,SNP_chromosome7_877461_T_C,7,877461,3.28E-06,0.32835959,0.0700279,0.03322878,Distant
Transcriptomics,YNL175C.RNASeq,SNPs,SNP_chromosome7_655851_C_T,7,655851,2.00E-06,0.18516956,0.03870149,0.00624491,Distant
Transcriptomics,YNL175C.RNASeq,SNPs,SNP_chromosome10_524477_G_A,10,524477,5.41E-06,0.26263631,0.05739372,0.04150591,Distant
Transcriptomics,YNL176C.RNASeq,SNPs,SNP_chromosome7_413763_T_C,7,413763,2.97E-06,-0.1682153,0.03577038,0.00766599,Distant
Transcriptomics,YNL177C.RNASeq,SVs,SV_5244_DEL_chromosome13_600892_len_-698,13,600892,2.99E-06,-0.1890297,0.04020704,0.01286498,Distant
Proteomics,YNL178W.SCProt,SNPs,SNP_chromosome5_197024_C_T,5,197024,2.84E-06,-0.1825413,0.03872934,0.01281586,Distant
Proteomics,YNL178W.SMProt,SVs,CNV_YCL067C_Cov4.25,3,12386,9.31E-07,0.2087488,0.04218736,0.00871581,Distant
Transcriptomics,YNL180C.RNASeq,SNPs,SNP_chromosome12_884831_G_A,12,884831,1.33E-06,-0.2757713,0.05663712,0.0151705,Distant
Transcriptomics,YNL181W.RNASeq,SVs,SV_5244_DEL_chromosome13_600892_len_-698,13,600892,1.32E-07,-0.2193697,0.04124483,0.01732617,Distant
Transcriptomics,YNL182C.RNASeq,SNPs,SNP_chromosome7_655851_C_T,7,655851,3.29E-06,0.1821188,0.03890238,0.00604083,Distant
Transcriptomics,YNL185C.RNASeq,SVs,SV_5244_DEL_chromosome13_600892_len_-698,13,600892,9.86E-09,-0.2339827,0.04042685,0.01971136,Distant
Transcriptomics,YNL185C.RNASeq,SNPs,SNP_chromosome11_378920_A_G,11,378920,2.75E-06,-0.2609609,0.05529827,0.01209314,Distant
Transcriptomics,YNL185C.RNASeq,SNPs,SNP_chromosome4_1426822_T_C,4,1426822,3.18E-06,-0.3194903,0.06814604,0.0232269,Distant
Transcriptomics,YNL185C.RNASeq,SVs,CNV_YX02137_Cov1.75,11,1299,3.69E-06,-0.2279807,0.04895177,0.01668052,Distant
Transcriptomics,YNL190W.RNASeq,SNPs,SNP_chromosome15_586701_A_C,15,586701,4.00E-06,-0.1719201,0.03705079,0.01461389,Distant
Transcriptomics,YNL192W.RNASeq,SNPs,SNP_chromosome10_304233_C_T,10,304233,4.54E-06,-0.2151244,0.04663128,0.02052208,Distant
Transcriptomics,YNL193W.RNASeq,SNPs,SNP_chromosome14_275211_A_C,14,275211,2.47E-19,-0.3308346,0.03596223,0.03856086,Local
Transcriptomics,YNL193W.RNASeq,SNPs,SNP_chromosome16_797919_T_C,16,797919,3.79E-06,-0.1782907,0.03832896,0.00967116,Distant
Proteomics,YNL197C.SMProt,SNPs,SNP_chromosome8_428623_G_A,8,428623,4.65E-07,-0.2571228,0.05055328,0.02820872,Distant
Proteomics,YNL197C.SMProt,SNPs,SNP_chromosome8_427619_T_C,8,427619,3.45E-06,-0.2750589,0.05879394,0.06047706,Distant
Proteomics,YNL197C.SMProt,INDELs,INDEL_chromosome16_921161,16,921161,4.76E-06,-0.3065826,0.0665049,0.07314933,Distant
Transcriptomics,YNL198C.RNASeq,SNPs,SNP_chromosome7_1012544_A_G,7,1012544,5.26E-06,0.22156082,0.04835314,0.03806413,Distant
Transcriptomics,YNL199C.RNASeq,SNPs,SNP_chromosome4_34063_C_T,4,34063,2.65E-06,0.27581302,0.05835406,0.06954855,Distant
Transcriptomics,YNL202W.RNASeq,SNPs,SNP_chromosome14_122891_T_G,14,122891,2.27E-06,-0.2434283,0.05115115,0.01069227,Distant
Transcriptomics,YNL204C.RNASeq,SNPs,SNP_chromosome12_785521_A_T,12,785521,4.07E-06,0.26246054,0.05660416,0.02424686,Distant
Transcriptomics,YNL206C.RNASeq,SNPs,SNP_chromosome14_256857_A_G,14,256857,4.09E-07,0.27626249,0.0541421,0.06971396,Local
Transcriptomics,YNL206C.RNASeq,SNPs,SNP_chromosome16_688146_G_A,16,688146,1.58E-06,0.29972089,0.06201403,0.01888221,Distant
Transcriptomics,YNL206C.RNASeq,SNPs,SNP_chromosome10_664189_G_C,10,664189,1.82E-06,-0.3462899,0.0720741,0.02368577,Distant
Transcriptomics,YNL206C.RNASeq,SNPs,SNP_chromosome2_61675_A_G,2,61675,3.18E-06,0.17791051,0.0379443,0.01017174,Distant
Transcriptomics,YNL208W.RNASeq,SNPs,SNP_chromosome9_320299_T_G,9,320299,7.86E-07,0.23135764,0.04651386,0.00841853,Distant
Transcriptomics,YNL208W.RNASeq,SNPs,SNP_chromosome16_355068_G_T,16,355068,4.11E-06,0.21151168,0.04563788,0.01460042,Distant
Proteomics,YNL209W.SMProt,SNPs,SNP_chromosome13_25036_C_T,13,25036,3.05E-06,0.26898633,0.05717988,0.03430641,Distant
Transcriptomics,YNL210W.RNASeq,SNPs,SNP_chromosome14_174599_A_G,14,174599,2.49E-06,-0.1993928,0.04206614,0.01048988,Distant
Transcriptomics,YNL211C.RNASeq,SVs,CNV_YX01804_Cov7.75,9,114339,7.39E-07,0.17356295,0.03480805,0.00625972,Distant
Transcriptomics,YNL211C.RNASeq,SNPs,SNP_chromosome14_250494_T_C,14,250494,4.46E-06,-0.3261365,0.07063861,0.0502881,Local
Transcriptomics,YNL212W.RNASeq,SNPs,SNP_chromosome3_65398_G_A,3,65398,3.27E-06,0.24422653,0.05215292,0.01634458,Distant
Proteomics,YNL212W.SMProt,SNPs,SNP_chromosome15_96434_T_C,15,96434,2.29E-06,0.3717941,0.07804721,0.042058,Distant
Transcriptomics,YNL214W.RNASeq,SNPs,SNP_chromosome4_97326_G_A,4,97326,6.94E-06,0.22812939,0.05044608,0.0291977,Distant
Transcriptomics,YNL215W.RNASeq,SNPs,SNP_chromosome8_433117_C_G,8,433117,2.57E-06,0.19288964,0.04075552,0.0209498,Distant
Transcriptomics,YNL216W.RNASeq,SVs,SV_5244_DEL_chromosome13_600892_len_-698,13,600892,1.96E-07,-0.2200899,0.04196689,0.01744012,Distant
Transcriptomics,YNL217W.RNASeq,SNPs,SNP_chromosome12_927638_C_T,12,927638,6.95E-06,-0.3182498,0.07037913,0.0707918,Distant
Transcriptomics,YNL218W.RNASeq,SNPs,SNP_chromosome12_210539_A_G,12,210539,1.09E-06,-0.183197,0.03732081,0.00619404,Distant
Transcriptomics,YNL220W.RNASeq,SVs,SV_5244_DEL_chromosome13_600892_len_-698,13,600892,9.28E-07,-0.2049284,0.04147166,0.01533701,Distant
Transcriptomics,YNL220W.RNASeq,SNPs,SNP_chromosome2_499017_A_G,2,499017,4.58E-06,0.19772544,0.04287236,0.00648432,Distant
Transcriptomics,YNL221C.RNASeq,SNPs,SNP_chromosome6_43129_T_C,6,43129,2.50E-06,0.23811958,0.05024834,0.01871215,Distant
Transcriptomics,YNL221C.RNASeq,SNPs,SNP_chromosome15_153881_C_T,15,153881,3.50E-06,-0.2553053,0.05469121,0.01831406,Distant
Transcriptomics,YNL224C.RNASeq,SNPs,SNP_chromosome8_433117_C_G,8,433117,2.06E-06,0.19279148,0.04033964,0.02092848,Distant
Transcriptomics,YNL226W.RNASeq,SNPs,SNP_chromosome14_471767_A_G,14,471767,4.51E-06,0.20435773,0.04428349,0.01157337,Distant
Transcriptomics,YNL226W.RNASeq,INDELs,INDEL_chromosome7_241275,7,241275,5.25E-06,-0.1662853,0.03628763,0.01079119,Distant
Transcriptomics,YNL226W.RNASeq,SNPs,SNP_chromosome7_343298_G_A,7,343298,6.00E-06,0.18651411,0.04095888,0.00584813,Distant
Transcriptomics,YNL227C.RNASeq,SNPs,SNP_chromosome7_413763_T_C,7,413763,6.53E-06,-0.1620108,0.03572139,0.00711091,Distant
Transcriptomics,YNL232W.RNASeq,SNPs,SNP_chromosome14_327674_T_C,14,327674,5.76E-06,-0.1527617,0.03348214,0.00511013,Distant
Proteomics,YNL232W.SMProt,SVs,CNV_YX00370_Cov1.75,2,798499,2.22E-06,0.22646074,0.04746911,0.01184717,Distant
Transcriptomics,YNL238W.RNASeq,SVs,SV_5244_DEL_chromosome13_600892_len_-698,13,600892,8.91E-08,-0.2297811,0.04261354,0.01900981,Distant
Transcriptomics,YNL239W.RNASeq,SNPs,SNP_chromosome14_200328_G_A,14,200328,2.76E-09,0.35638103,0.05933795,0.07442461,Local
Transcriptomics,YNL239W.RNASeq,SNPs,SNP_chromosome14_473942_T_A,14,473942,1.87E-06,0.23190218,0.04832612,0.0078847,Distant
Transcriptomics,YNL239W.RNASeq,SNPs,SNP_chromosome16_709130_T_G,16,709130,4.36E-06,-0.2325502,0.05031584,0.02222194,Distant
Proteomics,YNL239W.SCProt,SNPs,SNP_chromosome14_200328_G_A,14,200328,2.10E-13,0.4483532,0.06009952,0.12149876,Local
Proteomics,YNL239W.SCProt,SNPs,SNP_chromosome12_528235_G_T,12,528235,1.78E-07,0.17666635,0.03356123,0.01501379,Distant
Proteomics,YNL239W.SCProt,SNPs,SNP_chromosome14_196819_T_C,14,196819,1.13E-06,0.34344063,0.07006456,0.10971532,Local
Proteomics,YNL239W.SCProt,SNPs,SNP_chromosome14_194864_A_G,14,194864,1.49E-06,-0.2046232,0.04222766,0.00941739,Local
Proteomics,YNL239W.SMProt,SNPs,SNP_chromosome14_200328_G_A,14,200328,6.20E-18,0.53780072,0.06071944,0.17226877,Local
Transcriptomics,YNL240C.RNASeq,SNPs,SNP_chromosome14_200101_A_G,14,200101,1.35E-07,0.24927342,0.04689973,0.0201134,Local
Transcriptomics,YNL240C.RNASeq,SNPs,SNP_chromosome14_198937_G_A,14,198937,2.96E-07,0.27797058,0.05381799,0.06346379,Local
Transcriptomics,YNL240C.RNASeq,SNPs,SNP_chromosome14_197788_C_A,14,197788,1.01E-06,0.30756636,0.06246743,0.07294628,Local
Transcriptomics,YNL240C.RNASeq,SNPs,SNP_chromosome14_191108_C_T,14,191108,3.25E-06,0.29650735,0.06330199,0.08114131,Local
Transcriptomics,YNL241C.RNASeq,SVs,CNV_YNR071C_Cov0.75,14,770440,1.74E-06,0.22649799,0.04705261,0.015339,Distant
Transcriptomics,YNL241C.RNASeq,SNPs,SNP_chromosome12_364406_T_C,12,364406,2.47E-06,-0.1800822,0.03797879,0.00872813,Distant
Proteomics,YNL241C.SMProt,SNPs,SNP_chromosome7_764470_A_G,7,764470,2.95E-07,0.22473476,0.04342804,0.0125818,Distant
Transcriptomics,YNL242W.RNASeq,SNPs,SNP_chromosome16_24494_A_G,16,24494,3.46E-06,0.24046695,0.05148513,0.03316416,Distant
Proteomics,YNL243W.SMProt,SNPs,SNP_chromosome5_85771_T_C,5,85771,4.55E-06,0.26418208,0.05719026,0.01671788,Distant
Proteomics,YNL243W.SMProt,SNPs,SNP_chromosome16_110758_G_A,16,110758,5.47E-06,0.19686271,0.04298284,0.00968767,Distant
Transcriptomics,YNL245C.RNASeq,SNPs,SNP_chromosome14_185417_C_T,14,185417,7.15E-08,-0.2014602,0.03708093,0.02418728,Local
Transcriptomics,YNL245C.RNASeq,SNPs,SNP_chromosome15_233492_C_T,15,233492,2.52E-06,0.27949165,0.05899585,0.02436237,Distant
Transcriptomics,YNL246W.RNASeq,SNPs,SNP_chromosome14_185417_C_T,14,185417,2.55E-32,-0.4283254,0.03477246,0.10933418,Local
Proteomics,YNL246W.SMProt,SNPs,SNP_chromosome14_185417_C_T,14,185417,1.49E-12,-0.2771324,0.03848633,0.04503483,Local
Transcriptomics,YNL248C.RNASeq,SNPs,SNP_chromosome7_655851_C_T,7,655851,4.81E-06,0.17850214,0.0387965,0.00580329,Distant
Transcriptomics,YNL249C.RNASeq,SNPs,SNP_chromosome12_1038240_C_T,12,1038240,4.13E-06,0.2155584,0.0465222,0.00988691,Distant
Transcriptomics,YNL250W.RNASeq,SNPs,SNP_chromosome8_433117_C_G,8,433117,1.83E-06,0.1957778,0.040762,0.02158186,Distant
Transcriptomics,YNL252C.RNASeq,SVs,SV_5244_DEL_chromosome13_600892_len_-698,13,600892,5.92E-06,-0.1832174,0.04021074,0.012086,Distant
Transcriptomics,YNL255C.RNASeq,SVs,CNV_YX03308_Cov0.25,16,205239,2.91E-06,-0.2251445,0.0478314,0.03327932,Distant
Transcriptomics,YNL255C.RNASeq,SNPs,SNP_chromosome15_678815_G_A,15,678815,3.15E-06,-0.2159755,0.04604761,0.00962367,Distant
Transcriptomics,YNL255C.RNASeq,SNPs,SNP_chromosome9_203358_T_C,9,203358,3.85E-06,-0.2168402,0.04664775,0.01195316,Distant
Proteomics,YNL255C.SMProt,SNPs,SNP_chromosome11_174659_T_C,11,174659,1.42E-06,-0.2358872,0.04850776,0.01224207,Distant
Transcriptomics,YNL256W.RNASeq,SVs,CNV_YBR250W_Cov1.25,2,719033,3.01E-06,-0.1703045,0.03623671,0.00568495,Distant
Proteomics,YNL256W.SMProt,SNPs,SNP_chromosome9_281757_A_G,9,281757,2.72E-07,-0.2416529,0.04655485,0.01333144,Distant
Proteomics,YNL256W.SMProt,SNPs,SNP_chromosome10_553578_A_G,10,553578,2.78E-06,0.20102925,0.04255953,0.0311436,Distant
Transcriptomics,YNL259C.RNASeq,SNPs,SNP_chromosome14_157776_T_C,14,157776,7.43E-07,0.32627791,0.06544877,0.06625109,Local
Transcriptomics,YNL260C.RNASeq,SNPs,SNP_chromosome14_157422_T_A,14,157422,2.38E-12,-0.4037528,0.05678899,0.14928592,Local
Transcriptomics,YNL264C.RNASeq,SNPs,SNP_chromosome12_226485_T_C,12,226485,8.56E-07,-0.2729467,0.05506276,0.04671294,Distant
Transcriptomics,YNL265C.RNASeq,SNPs,SNP_chromosome14_288447_A_G,14,288447,3.14E-06,0.26571851,0.0566413,0.05305659,Distant
Transcriptomics,YNL266W.RNASeq,SNPs,SNP_chromosome14_140811_T_C,14,140811,9.52E-12,-0.3394257,0.0491579,0.02330896,Local
Transcriptomics,YNL266W.RNASeq,SNPs,SNP_chromosome14_144997_T_C,14,144997,2.05E-08,0.37177814,0.06569274,0.12794735,Local
Transcriptomics,YNL266W.RNASeq,SNPs,SNP_chromosome14_139008_C_T,14,139008,5.23E-08,-0.2732497,0.04977032,0.0321241,Local
Transcriptomics,YNL266W.RNASeq,SNPs,SNP_chromosome14_129702_A_G,14,129702,6.11E-08,-0.3076838,0.05633552,0.0631035,Local
Transcriptomics,YNL266W.RNASeq,SNPs,SNP_chromosome14_145411_A_G,14,145411,9.02E-08,-0.3632974,0.06740337,0.07647007,Local
Transcriptomics,YNL266W.RNASeq,SVs,CNV_YNL269W_Cov0.25,14,137699,1.73E-07,-0.2856696,0.05422801,0.03113871,Local
Transcriptomics,YNL266W.RNASeq,INDELs,INDEL_chromosome14_138469,14,138469,6.38E-07,-0.2736692,0.05456419,0.02946755,Local
Transcriptomics,YNL266W.RNASeq,SNPs,SNP_chromosome14_127270_T_C,14,127270,2.87E-06,-0.314052,0.06667687,0.0729074,Local
Transcriptomics,YNL266W.RNASeq,SNPs,SNP_chromosome14_148787_A_G,14,148787,5.66E-06,-0.2262168,0.04954131,0.01580026,Local
Transcriptomics,YNL269W.RNASeq,SVs,CNV_YNL269W_Cov0.25,14,137699,4.33E-07,-0.270494,0.05312608,0.02805944,Local
Transcriptomics,YNL269W.RNASeq,SNPs,SNP_chromosome14_139398_G_A,14,139398,1.76E-06,-0.2203963,0.04581206,0.01316488,Local
Transcriptomics,YNL269W.RNASeq,SNPs,SNP_chromosome14_139451_G_A,14,139451,3.46E-06,-0.2424308,0.05190038,0.02584652,Local
Transcriptomics,YNL270C.RNASeq,SNPs,SNP_chromosome14_125915_A_G,14,125915,4.19E-06,-0.2519171,0.05440588,0.0402519,Local
Transcriptomics,YNL272C.RNASeq,SNPs,SNP_chromosome11_250094_G_A,11,250094,9.16E-07,-0.2736105,0.05534866,0.06884641,Distant
Transcriptomics,YNL275W.RNASeq,SNPs,SNP_chromosome14_121031_G_C,14,121031,4.00E-18,0.5439818,0.06134831,0.11316223,Local
Transcriptomics,YNL275W.RNASeq,SNPs,SNP_chromosome14_121033_A_T,14,121033,2.41E-16,0.28575019,0.03418579,0.01778625,Local
Transcriptomics,YNL275W.RNASeq,SNPs,SNP_chromosome14_119985_G_A,14,119985,1.31E-11,0.40113153,0.0585045,0.0722605,Local
Transcriptomics,YNL275W.RNASeq,SNPs,SNP_chromosome14_119387_T_C,14,119387,2.25E-09,0.33499866,0.05545512,0.03509068,Local
Transcriptomics,YNL275W.RNASeq,SNPs,SNP_chromosome14_120512_T_A,14,120512,4.19E-08,0.27129314,0.04905261,0.01013965,Local
Transcriptomics,YNL275W.RNASeq,SNPs,SNP_chromosome14_20915_G_A,14,20915,1.50E-06,0.3071078,0.06340578,0.08731321,Distant
Transcriptomics,YNL275W.RNASeq,SNPs,SNP_chromosome14_119223_T_A,14,119223,2.95E-06,0.22033442,0.04683751,0.0130575,Local
Transcriptomics,YNL280C.RNASeq,SNPs,SNP_chromosome7_804429_G_A,7,804429,9.79E-07,-0.29104,0.05903281,0.06620733,Distant
Transcriptomics,YNL280C.RNASeq,SNPs,SNP_chromosome12_974945_G_A,12,974945,1.70E-06,-0.1856743,0.03853634,0.02285036,Distant
Transcriptomics,YNL280C.RNASeq,SNPs,SNP_chromosome10_624837_T_C,10,624837,3.99E-06,-0.224941,0.04847345,0.00973402,Distant
Transcriptomics,YNL280C.RNASeq,SNPs,SNP_chromosome13_366121_A_G,13,366121,4.59E-06,0.18749826,0.04066218,0.00612898,Distant
Proteomics,YNL281W.SCProt,SNPs,SNP_chromosome2_697049_T_C,2,697049,1.87E-06,-0.2223913,0.04633634,0.01512159,Distant
Proteomics,YNL281W.SMProt,SNPs,SNP_chromosome4_730523_T_A,4,730523,3.92E-06,-0.2875825,0.06182721,0.0245349,Distant
Transcriptomics,YNL282W.RNASeq,SNPs,SNP_chromosome12_919791_G_A,12,919791,2.94E-07,-0.2829226,0.05475988,0.01614346,Distant
Proteomics,YNL287W.SCProt,SNPs,SNP_chromosome8_20950_C_T,8,20950,6.85E-06,-0.2845115,0.0628594,0.07522278,Distant
Transcriptomics,YNL288W.RNASeq,SNPs,SNP_chromosome16_899581_G_A,16,899581,2.25E-06,-0.2110073,0.0443246,0.01438023,Distant
Transcriptomics,YNL288W.RNASeq,SNPs,SNP_chromosome11_252019_C_T,11,252019,4.00E-06,0.22027406,0.04747045,0.02323156,Distant
Proteomics,YNL288W.SMProt,SVs,CNV_YX00007_Cov0.75,1,1844,1.92E-06,-0.2130796,0.04438528,0.00832014,Distant
Proteomics,YNL288W.SMProt,SNPs,SNP_chromosome8_250518_A_G,8,250518,2.26E-06,-0.2138261,0.0448546,0.01028514,Distant
Proteomics,YNL290W.SMProt,SNPs,SNP_chromosome4_1298829_C_A,4,1298829,6.05E-09,-0.4104688,0.06974355,0.14998353,Distant
Transcriptomics,YNL291C.RNASeq,SNPs,SNP_chromosome14_86042_G_T,14,86042,7.43E-08,0.19870764,0.03662209,0.01922767,Local
Transcriptomics,YNL292W.RNASeq,SVs,CNV_YIL059C_Cov0.75,9,246550,3.36E-06,-0.1720937,0.03679812,0.00808435,Distant
Transcriptomics,YNL295W.RNASeq,SNPs,SNP_chromosome14_78583_T_C,14,78583,1.26E-08,0.21496955,0.03741755,0.02562131,Local
Transcriptomics,YNL298W.RNASeq,SVs,CNV_YX02249_Cov0.25,11,618964,3.27E-06,0.27549607,0.0588354,0.0701713,Distant
Transcriptomics,YNL301C.RNASeq,SNPs,SNP_chromosome14_64205_G_C,14,64205,3.41E-13,0.26994275,0.0365378,0.02836197,Local
Transcriptomics,YNL304W.RNASeq,SNPs,SNP_chromosome14_60667_C_T,14,60667,4.54E-06,-0.1869308,0.04051912,0.02497132,Local
Transcriptomics,YNL306W.RNASeq,SVs,CNV_YBR291C_Cov1.25,2,783673,1.07E-07,0.20260747,0.03781807,0.00869059,Distant
Transcriptomics,YNL307C.RNASeq,SNPs,SNP_chromosome4_1243063_A_T,4,1243063,2.07E-06,0.22021648,0.04609279,0.01480665,Distant
Proteomics,YNL307C.SCProt,INDELs,INDEL_chromosome7_729929,7,729929,4.40E-06,0.24318597,0.05262612,0.02981582,Distant
Proteomics,YNL307C.SMProt,SNPs,SNP_chromosome3_110397_C_T,3,110397,3.82E-06,0.16966191,0.03643329,0.00450373,Distant
Transcriptomics,YNL308C.RNASeq,SNPs,SNP_chromosome4_327242_G_A,4,327242,1.78E-06,0.2901044,0.06032251,0.0755409,Distant
Proteomics,YNL308C.SMProt,SNPs,SNP_chromosome11_50038_G_A,11,50038,4.17E-06,-0.1719525,0.03707539,0.01518842,Distant
Transcriptomics,YNL310C.RNASeq,SNPs,SNP_chromosome2_198110_A_G,2,198110,4.29E-07,-0.1790057,0.03514568,0.0088219,Distant
Transcriptomics,YNL310C.RNASeq,SNPs,SNP_chromosome3_93091_C_T,3,93091,2.92E-06,0.21879387,0.04648755,0.00979938,Distant
Transcriptomics,YNL311C.RNASeq,SNPs,SNP_chromosome12_995857_T_C,12,995857,2.17E-06,-0.2989311,0.06269841,0.08437769,Distant
Transcriptomics,YNL312W.RNASeq,SNPs,SNP_chromosome12_210539_A_G,12,210539,4.21E-06,-0.1667476,0.03601933,0.00513165,Distant
Transcriptomics,YNL317W.RNASeq,SNPs,SNP_chromosome4_1122421_A_T,4,1122421,1.67E-06,0.27977474,0.0580229,0.02565949,Distant
Transcriptomics,YNL322C.RNASeq,SNPs,SNP_chromosome3_198348_A_G,3,198348,1.14E-06,-0.1764377,0.03601183,0.01564061,Distant
Transcriptomics,YNL322C.RNASeq,SNPs,SNP_chromosome10_413461_T_G,10,413461,2.89E-06,0.3270207,0.0694557,0.03817953,Distant
Transcriptomics,YNL326C.RNASeq,SNPs,SNP_chromosome14_27233_C_T,14,27233,6.93E-18,0.31985709,0.03634543,0.05169079,Local
Transcriptomics,YNL326C.RNASeq,SNPs,SNP_chromosome14_28009_C_T,14,28009,1.17E-06,-0.1600154,0.03269003,0.00477618,Local
Transcriptomics,YNL327W.RNASeq,SVs,SV_5244_DEL_chromosome13_600892_len_-698,13,600892,4.27E-06,-0.1917632,0.04145091,0.01323975,Distant
Proteomics,YNL330C.SMProt,SNPs,SNP_chromosome15_211464_T_G,15,211464,4.29E-06,-0.1786297,0.03856516,0.00944656,Distant
Transcriptomics,YNL332W.RNASeq,SVs,CNV_YX01055_Cov1.75,6,541,8.21E-07,0.17190296,0.03462032,0.01257108,Distant
Transcriptomics,YNL333W.RNASeq,SVs,CNV_YFL060C_Cov1.25,6,10301,2.17E-17,-0.2437278,0.02814267,0.03868733,Local
Transcriptomics,YNL333W.RNASeq,SVs,CNV_YX02122_Cov1.25,10,754018,3.48E-16,-0.2273065,0.02734833,0.03590271,Distant
Transcriptomics,YNL333W.RNASeq,SVs,CNV_YX02817_Cov1.25,13,981490,3.32E-14,-0.2119894,0.02749249,0.02443208,Distant
Transcriptomics,YNL333W.RNASeq,SVs,CNV_YX02268_Cov3.75,11,677836,1.09E-06,-0.1327443,0.02703862,0.01702305,Distant
Transcriptomics,YNL334C.RNASeq,SVs,CNV_YFL060C_Cov1.25,6,10301,1.78E-14,-0.2336246,0.02995101,0.03157094,Local
Transcriptomics,YNL334C.RNASeq,SVs,CNV_YX02817_Cov1.75,13,981490,2.67E-14,-0.2319856,0.02995336,0.03508924,Distant
Transcriptomics,YNL334C.RNASeq,SVs,CNV_YX02122_Cov1.25,10,754018,3.42E-14,-0.2266641,0.02939394,0.03222983,Distant
Transcriptomics,YNL334C.RNASeq,SVs,CNV_YX02268_Cov3.75,11,677836,8.44E-07,-0.1522274,0.03068367,0.02212503,Distant
Transcriptomics,YNL335W.RNASeq,SVs,CNV_YX02817_Cov1.25,13,981490,6.97E-20,-0.2895419,0.03097538,0.04576947,Distant
Transcriptomics,YNL335W.RNASeq,SVs,CNV_YFL061W_Cov1.25,6,9545,4.06E-18,-0.2826288,0.03187973,0.04409225,Local
Transcriptomics,YNL335W.RNASeq,SVs,CNV_YX02094_Cov1.25,10,713736,3.92E-17,-0.2759451,0.03213532,0.04248826,Distant
Transcriptomics,YNL335W.RNASeq,SVs,CNV_YFL059W_Cov2.25,6,11363,1.64E-11,0.23228666,0.03404453,0.0487983,Distant
Transcriptomics,YNL335W.RNASeq,SNPs,SNP_chromosome7_1026694_A_C,7,1026694,5.59E-09,0.2343198,0.03980927,0.01129714,Distant
Transcriptomics,YNL335W.RNASeq,SNPs,SNP_chromosome4_835319_T_C,4,835319,2.76E-07,-0.2887575,0.05576092,0.07118957,Distant
Transcriptomics,YNL335W.RNASeq,SNPs,SNP_chromosome13_613554_A_T,13,613554,5.53E-07,0.18078,0.0358441,0.00723096,Distant
Transcriptomics,YNL335W.RNASeq,SNPs,SNP_chromosome13_584907_A_G,13,584907,9.87E-07,0.27992053,0.0567951,0.01456929,Distant
Transcriptomics,YNL335W.RNASeq,SNPs,SNP_chromosome4_1346057_G_A,4,1346057,1.76E-06,0.21077831,0.04380837,0.0172567,Distant
Transcriptomics,YNL335W.RNASeq,SNPs,SNP_chromosome13_370963_A_G,13,370963,1.96E-06,0.17120861,0.03575139,0.00499884,Distant
Transcriptomics,YNL335W.RNASeq,SVs,CNV_YX00557_Cov1.75,4,5667,2.16E-06,-0.1581442,0.03316366,0.01209044,Distant
Transcriptomics,YNL335W.RNASeq,SNPs,SNP_chromosome12_145343_G_T,12,145343,2.56E-06,0.25940223,0.05480018,0.01666673,Distant
Transcriptomics,YNL335W.RNASeq,SVs,CNV_YX00554_Cov0.75,4,3714,3.13E-06,0.21206873,0.04520179,0.04060652,Distant
Transcriptomics,YNL335W.RNASeq,SVs,CNV_YX03215_Cov2.25,15,1055218,3.37E-06,0.12866973,0.02751648,0.00432177,Distant
Transcriptomics,YNL335W.RNASeq,SNPs,SNP_chromosome16_705366_G_A,16,705366,3.40E-06,0.17354309,0.03712352,0.00591797,Distant
Transcriptomics,YNL335W.RNASeq,SVs,CNV_YDL245C_Cov1.25,4,11657,4.26E-06,-0.1403958,0.03034346,0.01522827,Distant
Transcriptomics,YNL336W.RNASeq,SVs,CNV_YX02268_Cov3.25,11,677836,9.18E-07,-0.1594873,0.03221553,0.01398075,Distant
Transcriptomics,YNL339C.RNASeq,SVs,CNV_YEL074W_Cov9.25,5,6126,1.18E-28,0.29173642,0.02536318,0.07999218,Distant
Transcriptomics,YNL339C.RNASeq,SVs,CNV_YGR296W_Cov17.75,7,1084864,2.41E-27,0.30745091,0.02744864,0.07989919,Local
Transcriptomics,YNL339C.RNASeq,SVs,CNV_YEL075W-A_Cov3.25,5,4870,5.36E-23,-0.2866394,0.02823228,0.08081786,Distant
Transcriptomics,YNL339C.RNASeq,SVs,CNV_YX01034_Cov20.75,17,533640,3.84E-21,0.20786015,0.02147442,0.00981874,Distant
Transcriptomics,YNL339C.RNASeq,SVs,CNV_YBL113W-A_Cov2.25,2,646,2.24E-17,0.267393,0.03089039,0.07170317,Distant
Transcriptomics,YNL339C.RNASeq,SVs,CNV_YLL066W-B_Cov1.75,12,5605,1.30E-16,0.20064052,0.02378196,0.03822449,Distant
Transcriptomics,YNL339C.RNASeq,SVs,CNV_YLR466C-B_Cov0.75,12,1071594,1.61E-13,0.1905404,0.02542678,0.03647165,Distant
Transcriptomics,YNL339C.RNASeq,SVs,CNV_YNL338W_Cov1.75,14,6561,2.57E-13,0.16913121,0.0227698,0.01676245,Local
Transcriptomics,YNL339C.RNASeq,SVs,CNV_YLR465C_Cov0.25,12,1067045,2.38E-07,-0.146389,0.02811166,0.01792353,Distant
Transcriptomics,YNL339C.RNASeq,SVs,CNV_YX01830_Cov0.25,9,332956,4.37E-06,0.18562709,0.04016836,0.01204766,Distant
Proteomics,YNR001C.SMProt,SNPs,SNP_chromosome16_235149_A_G,16,235149,1.26E-07,-0.2307706,0.04324175,0.03700048,Distant
Proteomics,YNR001C.SMProt,INDELs,INDEL_chromosome5_396137,5,396137,6.87E-07,-0.2932018,0.0585348,0.01579652,Distant
Proteomics,YNR001C.SMProt,SNPs,SNP_chromosome5_396831_G_A,5,396831,1.80E-06,-0.2862649,0.05946571,0.01441789,Distant
Transcriptomics,YNR001W-A.RNASeq,SNPs,SNP_chromosome15_1009862_T_C,15,1009862,5.77E-07,0.23108254,0.04589379,0.05394761,Distant
Transcriptomics,YNR001W-A.RNASeq,SNPs,SNP_chromosome13_50766_C_T,13,50766,2.08E-06,0.1623517,0.03398382,0.00800177,Distant
Proteomics,YNR006W.SMProt,SNPs,SNP_chromosome12_304435_A_G,12,304435,2.13E-06,0.3501615,0.07326895,0.06365438,Distant
Proteomics,YNR016C.SMProt,SNPs,SNP_chromosome14_773217_A_G,14,773217,3.14E-06,0.24291768,0.05170499,0.03517136,Distant
Proteomics,YNR018W.SMProt,SVs,CNV_YFL060C_Cov2.75,6,10301,1.67E-06,-0.1899106,0.03932609,0.01158367,Distant
Transcriptomics,YNR019W.RNASeq,SNPs,SNP_chromosome15_132179_A_T,15,132179,3.45E-07,-0.3204748,0.06239858,0.07291953,Distant
Transcriptomics,YNR020C.RNASeq,SNPs,SNP_chromosome7_801970_C_T,7,801970,2.19E-06,-0.2285913,0.04795962,0.03322594,Distant
Transcriptomics,YNR020C.RNASeq,SNPs,SNP_chromosome14_665577_G_A,14,665577,6.17E-06,0.29913554,0.06577909,0.07421671,Local
Transcriptomics,YNR021W.RNASeq,SVs,SV_5244_DEL_chromosome13_600892_len_-698,13,600892,1.72E-06,-0.1987352,0.04126362,0.01421997,Distant
Proteomics,YNR021W.SMProt,SVs,CNV_YX03018_Cov0.25,15,2767,3.87E-06,-0.1861292,0.03999588,0.01751283,Distant
Proteomics,YNR026C.SMProt,SNPs,SNP_chromosome14_107540_A_G,14,107540,4.85E-06,0.26995785,0.05861448,0.04499074,Distant
Proteomics,YNR026C.SMProt,SNPs,SNP_chromosome6_68758_T_C,6,68758,4.89E-06,0.34754957,0.07549088,0.10236234,Distant
Transcriptomics,YNR028W.RNASeq,SVs,SV_5244_DEL_chromosome13_600892_len_-698,13,600892,9.33E-07,-0.2004503,0.04057885,0.01446646,Distant
Transcriptomics,YNR029C.RNASeq,SNPs,SNP_chromosome14_678108_T_C,14,678108,8.00E-07,-0.3194891,0.06427743,0.0876322,Local
Proteomics,YNR029C.SMProt,SNPs,SNP_chromosome4_1350454_T_C,4,1350454,1.46E-06,0.32544913,0.06700521,0.07026765,Distant
Proteomics,YNR030W.SMProt,SNPs,SNP_chromosome4_193214_T_A,4,193214,3.92E-08,-0.4606095,0.08293409,0.19405699,Distant
Proteomics,YNR030W.SMProt,SNPs,SNP_chromosome8_250518_A_G,8,250518,1.83E-06,-0.238119,0.04949668,0.01302511,Distant
Proteomics,YNR030W.SMProt,SNPs,SNP_chromosome4_415927_C_T,4,415927,3.05E-06,-0.2491269,0.05295751,0.01050208,Distant
Transcriptomics,YNR031C.RNASeq,SVs,SV_5244_DEL_chromosome13_600892_len_-698,13,600892,2.05E-06,-0.2022259,0.04230752,0.01472389,Distant
Proteomics,YNR034W-A.SCProt,SNPs,SNP_chromosome1_52613_G_A,1,52613,3.31E-07,0.31793311,0.06179105,0.09249235,Distant
Proteomics,YNR034W-A.SCProt,SNPs,SNP_chromosome14_216647_A_T,14,216647,6.27E-07,0.29557451,0.05887963,0.0745597,Distant
Proteomics,YNR034W-A.SMProt,SVs,CNV_YX01068_Cov3.25,6,3588,1.54E-06,0.18684162,0.03855461,0.02179092,Distant
Transcriptomics,YNR036C.RNASeq,SVs,CNV_YBR291C_Cov1.25,2,783673,4.99E-07,0.20174807,0.0398401,0.00861702,Distant
Transcriptomics,YNR037C.RNASeq,INDELs,INDEL_chromosome7_560115,7,560115,6.25E-07,0.22921151,0.04566439,0.01362786,Distant
Proteomics,YNR037C.SMProt,SVs,CNV_YX02137_Cov0.25,11,1299,3.95E-07,0.20511158,0.04007442,0.03327256,Distant
Transcriptomics,YNR040W.RNASeq,SNPs,SNP_chromosome7_1058166_C_T,7,1058166,4.52E-06,0.19030796,0.04124348,0.00745494,Distant
Transcriptomics,YNR044W.RNASeq,SNPs,SNP_chromosome7_702109_A_G,7,702109,2.78E-08,0.3513272,0.0626827,0.09456328,Distant
Transcriptomics,YNR044W.RNASeq,SVs,CNV_YDL227C_Cov0.75,4,46271,4.27E-07,0.18286183,0.03589402,0.00849639,Distant
Transcriptomics,YNR046W.RNASeq,SNPs,SNP_chromosome12_1000826_A_G,12,1000826,2.84E-06,-0.2322021,0.04927389,0.03771848,Distant
Transcriptomics,YNR050C.RNASeq,SVs,CNV_YAR028W_Cov1.25,1,184892,1.07E-06,-0.1842904,0.03751305,0.00665701,Distant
Transcriptomics,YNR051C.RNASeq,SNPs,SNP_chromosome9_344094_C_T,9,344094,4.14E-07,0.23976631,0.04701028,0.04852285,Distant
Transcriptomics,YNR051C.RNASeq,SNPs,SNP_chromosome3_142192_G_A,3,142192,6.23E-06,0.22136557,0.04869912,0.01872177,Distant
Proteomics,YNR052C.SMProt,SNPs,SNP_chromosome4_723783_C_T,4,723783,5.07E-06,0.16938422,0.03685428,0.0058706,Distant
Transcriptomics,YNR053C.RNASeq,SNPs,SNP_chromosome10_524477_G_A,10,524477,1.95E-06,0.28090678,0.05864337,0.04748154,Distant
Transcriptomics,YNR053C.RNASeq,SNPs,SNP_chromosome7_655851_C_T,7,655851,6.73E-06,0.17646816,0.03896475,0.00567179,Distant
Transcriptomics,YNR061C.RNASeq,SNPs,SNP_chromosome14_744887_T_C,14,744887,5.32E-07,-0.3533244,0.06994852,0.11440201,Local
Transcriptomics,YNR062C.RNASeq,SNPs,SNP_chromosome11_156873_T_C,11,156873,8.31E-06,0.2937725,0.06552869,0.04462901,Distant
Transcriptomics,YNR063W.RNASeq,SNPs,SNP_chromosome14_756903_G_A,14,756903,2.87E-06,-0.294349,0.06248984,0.07709778,Local
Transcriptomics,YNR064C.RNASeq,SNPs,SNP_chromosome7_1026694_A_C,7,1026694,1.18E-07,0.23982467,0.04491389,0.0117152,Distant
Transcriptomics,YNR064C.RNASeq,SNPs,SNP_chromosome4_839766_T_C,4,839766,2.81E-07,-0.2068577,0.03997114,0.01030635,Distant
Transcriptomics,YNR066C.RNASeq,SVs,CNV_YNR068C_Cov1.75,14,760067,7.10E-10,0.20651614,0.03313625,0.0165331,Local
Transcriptomics,YNR066C.RNASeq,SVs,CNV_YX01914_Cov1.25,10,9204,7.83E-10,0.21518055,0.03461646,0.02301377,Distant
Transcriptomics,YNR066C.RNASeq,SVs,CNV_YNR070W_Cov1.25,14,765375,2.37E-07,0.18866033,0.03622362,0.02324219,Local
Transcriptomics,YNR066C.RNASeq,SVs,CNV_YX02961_Cov1.25,14,754011,3.71E-06,0.13910737,0.02987424,0.00397819,Local
Transcriptomics,YNR067C.RNASeq,SVs,CNV_YX01914_Cov1.25,10,9204,8.93E-20,0.32981882,0.03538782,0.05430954,Distant
Transcriptomics,YNR067C.RNASeq,SVs,CNV_YNR071C_Cov1.75,14,770440,3.39E-19,0.30849717,0.03366566,0.03381161,Local
Transcriptomics,YNR067C.RNASeq,SVs,CNV_YNR070W_Cov1.25,14,765375,7.98E-19,0.33535734,0.03700631,0.07331878,Local
Transcriptomics,YNR067C.RNASeq,SVs,CNV_YNR075W_Cov1.75,14,779916,5.34E-08,0.18089612,0.03296976,0.00836585,Local
Transcriptomics,YNR067C.RNASeq,SVs,CNV_YEL069C_Cov2.75,5,21537,7.98E-08,0.19391999,0.03582536,0.01046943,Distant
Transcriptomics,YNR067C.RNASeq,SVs,CNV_YEL070W_Cov2.75,5,19589,3.74E-07,0.20402396,0.03984484,0.03235219,Distant
Transcriptomics,YNR067C.RNASeq,SVs,CNV_YX02961_Cov1.25,14,754011,1.92E-06,0.1513032,0.03156668,0.00469651,Local
Proteomics,YNR067C.SMProt,SVs,CNV_YX01914_Cov1.25,10,9204,2.36E-20,0.3604042,0.03783547,0.05865583,Distant
Proteomics,YNR067C.SMProt,SVs,CNV_YNR071C_Cov1.75,14,770440,8.90E-17,0.32225647,0.03781026,0.03112208,Local
Proteomics,YNR067C.SMProt,SVs,CNV_YNR070W_Cov1.25,14,765375,1.38E-14,0.31669166,0.04028987,0.05831855,Local
Proteomics,YNR067C.SMProt,SVs,CNV_YNR075W_Cov1.75,14,779916,8.29E-11,0.24045791,0.03647305,0.01308051,Local
Proteomics,YNR067C.SMProt,SVs,CNV_YX02961_Cov1.25,14,754011,6.06E-08,0.19523858,0.03566713,0.00771975,Local
Proteomics,YNR067C.SMProt,SVs,CNV_YEL069C_Cov2.25,5,21537,2.57E-06,0.19325846,0.04077135,0.02285934,Distant
Transcriptomics,YNR068C.RNASeq,SVs,CNV_YX01914_Cov1.25,10,9204,2.11E-12,0.25435189,0.03568286,0.03232915,Distant
Transcriptomics,YNR068C.RNASeq,SVs,CNV_YNR068C_Cov1.75,14,760067,2.17E-10,0.22471838,0.03498571,0.01973206,Local
Transcriptomics,YNR068C.RNASeq,SVs,CNV_YNR070W_Cov1.25,14,765375,1.94E-08,0.21276718,0.03752797,0.02953703,Local
Transcriptomics,YNR068C.RNASeq,SVs,CNV_YX02961_Cov1.25,14,754011,3.80E-06,0.14919785,0.03207794,0.00457148,Local
Transcriptomics,YNR069C.RNASeq,SVs,CNV_YX01914_Cov1.25,10,9204,6.23E-12,0.24837083,0.03564041,0.03082659,Distant
Transcriptomics,YNR069C.RNASeq,SVs,CNV_YNR070W_Cov1.25,14,765375,1.71E-10,0.24025348,0.03718219,0.03766144,Local
Transcriptomics,YNR069C.RNASeq,SVs,CNV_YNR068C_Cov1.75,14,760067,2.51E-10,0.22404995,0.03500812,0.01961485,Local
Transcriptomics,YNR069C.RNASeq,SVs,CNV_YEL070W_Cov2.25,5,19589,2.89E-06,0.18431659,0.03914134,0.03251958,Distant
Transcriptomics,YNR070W.RNASeq,SVs,CNV_YX01914_Cov1.25,10,9204,2.19E-34,0.46074862,0.03602255,0.10991849,Distant
Transcriptomics,YNR070W.RNASeq,SVs,CNV_YNR068C_Cov1.75,14,760067,1.32E-33,0.43863228,0.03474663,0.07805996,Local
Transcriptomics,YNR070W.RNASeq,SVs,CNV_YNR070W_Cov1.25,14,765375,3.03E-25,0.4118493,0.03841166,0.11423672,Local
Transcriptomics,YNR070W.RNASeq,SVs,CNV_YX02961_Cov1.25,14,754011,3.71E-13,0.24406832,0.0330608,0.01273896,Local
Transcriptomics,YNR070W.RNASeq,SVs,CNV_YNR075W_Cov1.75,14,779916,3.96E-11,0.23089869,0.03449727,0.01419742,Local
Transcriptomics,YNR070W.RNASeq,SVs,CNV_YEL069C_Cov2.25,5,21537,7.56E-10,0.24168528,0.03882468,0.03949438,Distant
Transcriptomics,YNR070W.RNASeq,SVs,CNV_YNR065C_Cov1.25,14,750350,2.92E-07,0.18827213,0.03641428,0.0127038,Local
Transcriptomics,YNR070W.RNASeq,SVs,CNV_YEL070W_Cov2.75,5,19589,6.25E-06,0.19090417,0.04198941,0.02912986,Distant
Transcriptomics,YNR071C.RNASeq,SVs,CNV_YX01914_Cov1.25,10,9204,5.43E-08,0.1845985,0.0336582,0.01721958,Distant
Transcriptomics,YNR071C.RNASeq,SVs,CNV_YNR071C_Cov1.25,14,770440,1.16E-06,0.16883093,0.03447912,0.02023181,Local
Transcriptomics,YNR071C.RNASeq,INDELs,INDEL_chromosome4_425896,4,425896,3.24E-06,0.31594908,0.06743442,0.08584409,Distant
Transcriptomics,YNR072W.RNASeq,SVs,CNV_YEL069C_Cov1.25,5,21537,2.21E-06,-0.1747269,0.03667315,0.00940906,Local
Transcriptomics,YNR072W.RNASeq,SNPs,SNP_chromosome15_586701_A_C,15,586701,7.17E-06,-0.1562417,0.03460276,0.01191251,Distant
Transcriptomics,YNR074C.RNASeq,SVs,CNV_YNR074C_Cov1.25,14,777602,6.78E-19,0.36101225,0.03930089,0.06902417,Local
Transcriptomics,YNR074C.RNASeq,SVs,CNV_YEL073C_Cov0.75,5,7230,1.42E-10,0.29130552,0.04461304,0.02238831,Distant
Transcriptomics,YNR074C.RNASeq,SVs,CNV_YNR066C_Cov1.75,14,753725,2.13E-07,0.19568948,0.03728034,0.00856255,Local
Transcriptomics,YNR074C.RNASeq,SVs,CNV_YNR070W_Cov1.25,14,765375,1.06E-06,0.2181929,0.04423915,0.03106461,Local
Transcriptomics,YNR074C.RNASeq,SVs,CNV_YNR065C_Cov1.25,14,750350,1.14E-06,0.20353818,0.0413892,0.01673724,Distant
Transcriptomics,YNR074C.RNASeq,SVs,CNV_YX01911_Cov1.75,10,7589,1.25E-06,0.19574623,0.03996364,0.01587032,Distant
Transcriptomics,YNR075W.RNASeq,SVs,CNV_YNR074C_Cov0.75,14,777602,4.37E-10,-0.3254497,0.0513405,0.07342489,Local
Transcriptomics,YNR075W.RNASeq,SVs,CNV_YNR075W_Cov1.25,14,779916,2.14E-08,0.22949425,0.04046412,0.03651063,Local
Transcriptomics,YNR076W.RNASeq,SVs,CNV_YNR075W_Cov0.25,14,779916,8.25E-11,-0.2990656,0.04548432,0.07626861,Local
Transcriptomics,YNR076W.RNASeq,SNPs,SNP_chromosome10_626625_C_T,10,626625,1.13E-07,-0.3147444,0.05884429,0.07787703,Distant
Transcriptomics,YNR076W.RNASeq,SNPs,SNP_chromosome10_614716_A_T,10,614716,1.02E-06,-0.3413974,0.06935354,0.1078845,Distant
Transcriptomics,YOL001W.RNASeq,SNPs,SNP_chromosome4_1137630_A_G,4,1137630,1.03E-06,0.29488907,0.05992891,0.06862807,Distant
Transcriptomics,YOL003C.RNASeq,SNPs,SNP_chromosome5_393786_A_T,5,393786,5.23E-06,0.31411762,0.06853928,0.02012642,Distant
Transcriptomics,YOL004W.RNASeq,SNPs,SNP_chromosome16_422588_A_G,16,422588,1.08E-06,-0.333446,0.067903,0.09371987,Distant
Transcriptomics,YOL006C.RNASeq,SNPs,SNP_chromosome15_310574_A_G,15,310574,4.39E-07,-0.1837804,0.03611473,0.00464503,Local
Transcriptomics,YOL006C.RNASeq,SNPs,SNP_chromosome3_252425_A_G,3,252425,4.22E-06,-0.265831,0.05742785,0.05266869,Distant
Transcriptomics,YOL007C.RNASeq,SNPs,SNP_chromosome6_38035_C_T,6,38035,1.75E-06,0.31887347,0.06626822,0.09077522,Distant
Transcriptomics,YOL009C.RNASeq,SVs,CNV_YX00014_Cov0.25,1,5601,2.51E-06,0.20413737,0.04308659,0.0186916,Distant
Transcriptomics,YOL011W.RNASeq,SNPs,SNP_chromosome4_458153_A_T,4,458153,8.02E-07,0.20182711,0.04060968,0.03322287,Distant
Transcriptomics,YOL011W.RNASeq,SNPs,SNP_chromosome16_662291_T_C,16,662291,2.81E-06,0.24873951,0.0527647,0.02020776,Distant
Proteomics,YOL012C.SCProt,SNPs,SNP_chromosome15_479604_A_G,15,479604,7.95E-07,-0.2280837,0.04586406,0.04787457,Distant
Proteomics,YOL012C.SCProt,SNPs,SNP_chromosome7_697071_A_G,7,697071,3.26E-06,-0.2985854,0.06373974,0.04753121,Distant
Transcriptomics,YOL013W-A.RNASeq,SNPs,SNP_chromosome13_622439_C_T,13,622439,1.72E-11,0.30346632,0.0445231,0.04646265,Distant
Transcriptomics,YOL013W-A.RNASeq,SNPs,SNP_chromosome13_622544_C_A,13,622544,1.42E-08,0.25821176,0.04510693,0.01830979,Distant
Transcriptomics,YOL015W.RNASeq,SNPs,SNP_chromosome10_454756_T_A,10,454756,2.58E-06,-0.2798886,0.0591456,0.01469132,Distant
Transcriptomics,YOL022C.RNASeq,SNPs,SNP_chromosome14_24467_C_T,14,24467,4.66E-06,0.29722153,0.06450469,0.05571825,Distant
Proteomics,YOL022C.SMProt,SNPs,SNP_chromosome2_11052_T_C,2,11052,5.17E-06,-0.209151,0.04554553,0.00884498,Distant
Transcriptomics,YOL023W.RNASeq,SNPs,SNP_chromosome15_278631_T_C,15,278631,9.14E-24,0.37346641,0.03610517,0.05183471,Local
Transcriptomics,YOL023W.RNASeq,SNPs,SNP_chromosome7_943177_A_G,7,943177,6.09E-07,0.16748819,0.03333349,0.00584918,Distant
Transcriptomics,YOL024W.RNASeq,SVs,CNV_YAR064W_Cov0.75,1,220198,4.18E-06,0.2066113,0.04461719,0.0215313,Distant
Transcriptomics,YOL026C.RNASeq,SVs,CNV_YX01052_Cov0.75,6,412,3.72E-06,0.28601448,0.06143325,0.07172529,Distant
Transcriptomics,YOL027C.RNASeq,SNPs,SNP_chromosome14_425075_C_T,14,425075,1.03E-06,0.36128626,0.07342502,0.11658362,Distant
Transcriptomics,YOL027C.RNASeq,SNPs,SNP_chromosome10_145645_C_A,10,145645,6.39E-06,0.24695633,0.05439223,0.01811579,Distant
Transcriptomics,YOL030W.RNASeq,SNPs,SNP_chromosome8_285871_C_T,8,285871,1.54E-06,-0.3321125,0.06863141,0.02567446,Distant
Transcriptomics,YOL031C.RNASeq,SNPs,SNP_chromosome4_441647_T_C,4,441647,4.31E-08,-0.3822333,0.06917896,0.02927045,Distant
Transcriptomics,YOL031C.RNASeq,SNPs,SNP_chromosome2_214801_G_A,2,214801,5.22E-06,0.27191163,0.05932422,0.06684771,Distant
Proteomics,YOL031C.SMProt,SNPs,SNP_chromosome2_802697_C_T,2,802697,7.22E-07,-0.3445802,0.06893002,0.03985937,Distant
Transcriptomics,YOL033W.RNASeq,SVs,CNV_YX02098_Cov1.75,10,719940,9.01E-07,0.19445996,0.03931089,0.00960835,Distant
Transcriptomics,YOL038C-A.RNASeq,SNPs,SNP_chromosome4_551743_G_A,4,551743,2.22E-06,-0.2523176,0.05296722,0.03821856,Distant
Proteomics,YOL038W.SCProt,SVs,SV_6426_INS_chromosome16_689283_len_328_TyRelated,16,689283,2.73E-06,0.19447205,0.04118784,0.01042483,Distant
Proteomics,YOL038W.SCProt,SNPs,SNP_chromosome12_796855_G_A,12,796855,3.52E-06,-0.1818344,0.03895352,0.02491543,Distant
Proteomics,YOL038W.SMProt,SNPs,SNP_chromosome15_255985_C_T,15,255985,5.39E-12,-0.3004219,0.04284764,0.05979968,Local
Proteomics,YOL038W.SMProt,SNPs,SNP_chromosome13_421470_C_G,13,421470,1.73E-06,0.18382104,0.03812047,0.01024474,Distant
Proteomics,YOL038W.SMProt,SNPs,SNP_chromosome16_909793_G_A,16,909793,2.24E-06,0.23963473,0.05025442,0.01521716,Distant
Proteomics,YOL038W.SMProt,SNPs,SNP_chromosome3_133715_G_A,3,133715,2.30E-06,0.20984468,0.04405555,0.03446511,Distant
Proteomics,YOL039W.SCProt,SVs,CNV_YDL227C_Cov0.75,4,46271,4.97E-08,0.20768883,0.03775355,0.01077325,Distant
Proteomics,YOL040C.SMProt,SNPs,SNP_chromosome15_211464_T_G,15,211464,4.04E-06,0.17455414,0.03758025,0.00904339,Distant
Transcriptomics,YOL041C.RNASeq,SNPs,SNP_chromosome7_655851_C_T,7,655851,1.15E-07,0.2039376,0.03815331,0.00757499,Distant
Transcriptomics,YOL041C.RNASeq,SNPs,SNP_chromosome13_213896_G_C,13,213896,2.26E-06,0.18485298,0.03883918,0.00591337,Distant
Transcriptomics,YOL043C.RNASeq,SNPs,SNP_chromosome15_249588_C_T,15,249588,2.32E-10,0.39844012,0.06213987,0.09077278,Local
Transcriptomics,YOL043C.RNASeq,SNPs,SNP_chromosome4_95378_C_T,4,95378,2.58E-06,0.21383793,0.04518676,0.03088272,Distant
Transcriptomics,YOL044W.RNASeq,SNPs,SNP_chromosome11_379901_T_C,11,379901,1.66E-06,-0.2950418,0.06116867,0.06718518,Distant
Transcriptomics,YOL047C.RNASeq,SNPs,SNP_chromosome15_243211_A_G,15,243211,3.42E-07,-0.366984,0.07143607,0.10933321,Local
Transcriptomics,YOL047C.RNASeq,SNPs,SNP_chromosome15_235143_C_T,15,235143,6.66E-07,-0.3158865,0.06308847,0.07250383,Local
Transcriptomics,YOL047C.RNASeq,INDELs,INDEL_chromosome11_158529,11,158529,7.66E-07,-0.3796641,0.07625068,0.13159223,Distant
Transcriptomics,YOL047C.RNASeq,INDELs,INDEL_chromosome15_238200,15,238200,9.93E-07,-0.3051515,0.06192957,0.08032355,Local
Transcriptomics,YOL047C.RNASeq,SNPs,SNP_chromosome15_243335_C_G,15,243335,1.85E-06,-0.2176743,0.04534138,0.04212452,Local
Transcriptomics,YOL049W.RNASeq,SNPs,SNP_chromosome13_110077_A_G,13,110077,6.53E-07,0.29994096,0.05985898,0.04852863,Distant
Transcriptomics,YOL050C.RNASeq,INDELs,INDEL_chromosome15_238200,15,238200,1.93E-48,-0.7188111,0.04622743,0.54583944,Local
Transcriptomics,YOL050C.RNASeq,SNPs,SNP_chromosome15_239353_C_T,15,239353,8.35E-22,-0.4997479,0.05073308,0.26822162,Local
Transcriptomics,YOL050C.RNASeq,SNPs,SNP_chromosome15_241632_A_G,15,241632,4.40E-12,0.32577544,0.04641058,0.11898526,Local
Transcriptomics,YOL050C.RNASeq,SNPs,SNP_chromosome15_238924_A_C,15,238924,7.49E-10,0.23608353,0.03793868,0.03377017,Local
Transcriptomics,YOL050C.RNASeq,SNPs,SNP_chromosome8_68367_C_T,8,68367,3.25E-06,-0.2754337,0.05880298,0.07704857,Distant
Transcriptomics,YOL050C.RNASeq,SNPs,SNP_chromosome2_90196_C_A,2,90196,3.32E-06,-0.2129347,0.0455014,0.05008574,Distant
Transcriptomics,YOL050C.RNASeq,SNPs,SNP_chromosome15_181215_A_G,15,181215,3.42E-06,-0.2655778,0.05683061,0.04974371,Distant
Transcriptomics,YOL050C.RNASeq,SNPs,SNP_chromosome15_238779_C_T,15,238779,3.83E-06,0.13026221,0.02801689,0.0035805,Local
Transcriptomics,YOL054W.RNASeq,SNPs,SNP_chromosome11_250668_C_T,11,250668,1.13E-06,0.22184317,0.04527025,0.02388347,Distant
Transcriptomics,YOL055C.RNASeq,SNPs,SNP_chromosome14_170353_T_C,14,170353,2.24E-06,0.22002694,0.04620571,0.025109,Distant
Transcriptomics,YOL057W.RNASeq,SNPs,SNP_chromosome12_1012407_T_C,12,1012407,1.09E-06,0.25111583,0.05115326,0.02408992,Distant
Transcriptomics,YOL057W.RNASeq,SVs,CNV_YFL031W_Cov0.75,6,75179,2.63E-06,-0.1649335,0.03488339,0.00843318,Distant
Proteomics,YOL057W.SMProt,SNPs,SNP_chromosome7_913488_T_C,7,913488,1.24E-06,0.40693733,0.08321063,0.07932184,Distant
Proteomics,YOL057W.SMProt,SNPs,SNP_chromosome2_376042_T_C,2,376042,2.00E-06,-0.3482215,0.07267137,0.03636176,Distant
Proteomics,YOL058W.SCProt,SVs,CNV_YX00363_Cov1.25,2,791936,3.65E-07,-0.2243113,0.0437582,0.01486269,Distant
Proteomics,YOL058W.SCProt,SNPs,SNP_chromosome13_76932_G_C,13,76932,1.11E-06,0.25046043,0.05105403,0.01819054,Distant
Proteomics,YOL059W.SMProt,SNPs,SNP_chromosome16_858824_T_C,16,858824,9.69E-07,0.24505841,0.04960647,0.05200783,Distant
Proteomics,YOL059W.SMProt,SNPs,SNP_chromosome10_696866_G_T,10,696866,1.98E-06,-0.3173477,0.06618643,0.04406484,Distant
Transcriptomics,YOL060C.RNASeq,SNPs,SNP_chromosome2_198110_A_G,2,198110,3.57E-06,-0.1662485,0.03564386,0.00760928,Distant
Transcriptomics,YOL061W.RNASeq,SNPs,SNP_chromosome7_655851_C_T,7,655851,7.61E-07,0.19761988,0.03967925,0.00711293,Distant
Transcriptomics,YOL061W.RNASeq,SNPs,SNP_chromosome13_213896_G_C,13,213896,5.63E-06,0.18486297,0.04047356,0.00591401,Distant
Proteomics,YOL061W.SCProt,SNPs,SNP_chromosome10_543727_T_C,10,543727,3.36E-06,0.1633088,0.03490832,0.00494774,Distant
Transcriptomics,YOL063C.RNASeq,SNPs,SNP_chromosome15_209254_C_A,15,209254,7.89E-10,-0.2260985,0.03638379,0.02266676,Local
Transcriptomics,YOL068C.RNASeq,SNPs,SNP_chromosome12_565534_A_C,12,565534,5.44E-06,0.19204806,0.04197879,0.01422971,Distant
Transcriptomics,YOL069W.RNASeq,SVs,CNV_YX02137_Cov0.25,11,1299,1.72E-06,0.19034514,0.03952584,0.03036834,Distant
Transcriptomics,YOL076W.RNASeq,SNPs,SNP_chromosome15_187008_A_G,15,187008,2.44E-13,0.4971778,0.06686739,0.21990733,Local
Transcriptomics,YOL076W.RNASeq,SNPs,SNP_chromosome15_189241_A_G,15,189241,2.10E-09,-0.2398641,0.0396339,0.03543092,Local
Transcriptomics,YOL076W.RNASeq,SNPs,SNP_chromosome15_162379_G_A,15,162379,1.27E-06,0.31451386,0.06447308,0.07133837,Local
Proteomics,YOL076W.SMProt,SNPs,SNP_chromosome10_423966_G_A,10,423966,3.16E-06,-0.2294044,0.04884217,0.02345181,Distant
Proteomics,YOL077C.SCProt,SNPs,SNP_chromosome12_744290_G_T,12,744290,6.81E-06,-0.2015841,0.04452631,0.01873038,Distant
Transcriptomics,YOL085W-A.RNASeq,SNPs,SNP_chromosome12_70124_A_G,12,70124,1.22E-06,0.1650068,0.03377698,0.00914789,Distant
Proteomics,YOL087C.SMProt,SNPs,SNP_chromosome4_1296045_T_A,4,1296045,1.98E-12,-0.5252666,0.07336765,0.24347895,Distant
Proteomics,YOL087C.SMProt,SNPs,SNP_chromosome4_1297994_G_A,4,1297994,2.91E-06,-0.2937381,0.06230755,0.06045306,Distant
Transcriptomics,YOL091W.RNASeq,SNPs,SNP_chromosome15_145222_A_G,15,145222,5.71E-40,0.77575517,0.05576631,0.54963226,Local
Transcriptomics,YOL097C.RNASeq,SVs,CNV_YBR250W_Cov1.25,2,719033,2.58E-06,-0.1701546,0.03595664,0.00567495,Distant
Transcriptomics,YOL097W-A.RNASeq,SNPs,SNP_chromosome15_141207_C_T,15,141207,7.18E-11,0.43656791,0.06617805,0.1551086,Local
Transcriptomics,YOL097W-A.RNASeq,INDELs,INDEL_chromosome15_136376,15,136376,1.58E-07,0.34761963,0.06578161,0.11152014,Local
Transcriptomics,YOL097W-A.RNASeq,INDELs,INDEL_chromosome15_54269,15,54269,7.41E-07,0.20885866,0.04189065,0.01432634,Distant
Transcriptomics,YOL098C.RNASeq,SNPs,SNP_chromosome15_135770_G_A,15,135770,7.53E-08,-0.2483638,0.04579474,0.0482744,Local
Transcriptomics,YOL098C.RNASeq,SNPs,SNP_chromosome15_136052_A_T,15,136052,4.16E-07,-0.1901571,0.03729184,0.01173398,Local
Transcriptomics,YOL098C.RNASeq,SNPs,SNP_chromosome15_92690_G_A,15,92690,2.47E-06,0.26448298,0.05578173,0.02455358,Distant
Transcriptomics,YOL098C.RNASeq,SNPs,SNP_chromosome9_114240_G_T,9,114240,3.31E-06,-0.3088174,0.06598229,0.08447962,Distant
Transcriptomics,YOL098C.RNASeq,SNPs,SNP_chromosome4_480096_G_A,4,480096,7.89E-06,0.30180392,0.06715138,0.08157231,Distant
Transcriptomics,YOL098C.RNASeq,SNPs,SNP_chromosome4_424011_G_A,4,424011,8.29E-06,0.24423196,0.05447002,0.01674216,Distant
Transcriptomics,YOL098C.RNASeq,INDELs,INDEL_chromosome15_92462,15,92462,9.27E-06,0.22710566,0.05092905,0.0193808,Distant
Proteomics,YOL098C.SMProt,SNPs,SNP_chromosome15_908239_A_C,15,908239,1.05E-06,-0.224675,0.04562468,0.00880713,Distant
Proteomics,YOL098C.SMProt,INDELs,INDEL_chromosome15_908488,15,908488,3.92E-06,-0.2147271,0.04616412,0.00849068,Distant
Transcriptomics,YOL101C.RNASeq,SVs,SV_34_CONTR_chromosome1_12646_len_177,1,12646,1.52E-06,-0.175058,0.03615824,0.01385857,Distant
Transcriptomics,YOL102C.RNASeq,SNPs,SNP_chromosome2_543393_A_G,2,543393,1.01E-06,0.24822195,0.05041242,0.04870916,Distant
Transcriptomics,YOL103W.RNASeq,SNPs,SNP_chromosome12_769396_G_C,12,769396,3.68E-06,0.19977928,0.04288927,0.00968568,Distant
Transcriptomics,YOL106W.RNASeq,SVs,SV_3559_DUP_chromosome9_300429_len_255,9,300429,3.97E-15,-0.2945552,0.0368405,0.07634539,Distant
Transcriptomics,YOL106W.RNASeq,SVs,CNV_YX01825_Cov0.75,9,289316,6.65E-14,-0.2795869,0.0367104,0.0738112,Distant
Transcriptomics,YOL106W.RNASeq,SVs,SV_5802_INS_chromosome15_113535_len_5909_TyRelated,15,113535,4.79E-06,0.18409285,0.04000162,0.01237119,Local
Transcriptomics,YOL107W.RNASeq,SNPs,SNP_chromosome13_349796_G_A,13,349796,1.41E-06,-0.2169812,0.04468299,0.03329821,Distant
Transcriptomics,YOL109W.RNASeq,SVs,SV_5244_DEL_chromosome13_600892_len_-698,13,600892,7.82E-07,0.19437519,0.03906969,0.01360288,Distant
Proteomics,YOL109W.SCProt,SVs,CNV_YX00718_Cov0.75,4,710032,2.65E-06,-0.2074332,0.04387992,0.03656521,Distant
Transcriptomics,YOL111C.RNASeq,SVs,CNV_YMR169C_Cov0.75,13,599352,3.91E-06,0.17218792,0.03706919,0.01231459,Distant
Transcriptomics,YOL113W.RNASeq,SNPs,SNP_chromosome13_398820_G_A,13,398820,6.18E-06,-0.1862884,0.04096663,0.02195882,Distant
Transcriptomics,YOL114C.RNASeq,SNPs,SNP_chromosome15_102760_A_G,15,102760,1.37E-06,0.32212708,0.06624716,0.08797588,Local
Transcriptomics,YOL114C.RNASeq,SNPs,SNP_chromosome12_989846_C_T,12,989846,3.92E-06,-0.2516806,0.05418851,0.03229285,Distant
Transcriptomics,YOL116W.RNASeq,SNPs,SNP_chromosome3_65398_G_A,3,65398,5.08E-06,0.22563279,0.04916594,0.01395059,Distant
Transcriptomics,YOL117W.RNASeq,SNPs,SNP_chromosome15_99543_T_C,15,99543,5.09E-24,-0.3463004,0.03327718,0.06223122,Local
Transcriptomics,YOL117W.RNASeq,SNPs,SNP_chromosome15_403610_G_C,15,403610,3.71E-07,0.35131227,0.06859513,0.03536185,Distant
Transcriptomics,YOL118C.RNASeq,SNPs,SNP_chromosome8_285871_C_T,8,285871,1.11E-06,0.2961828,0.0603827,0.02041975,Distant
Transcriptomics,YOL119C.RNASeq,SNPs,SNP_chromosome4_1288278_G_A,4,1288278,1.91E-06,-0.2265158,0.04724267,0.00964002,Distant
Transcriptomics,YOL122C.RNASeq,SNPs,SNP_chromosome15_91298_T_C,15,91298,2.23E-17,-0.5417612,0.06258189,0.27822543,Local
Transcriptomics,YOL122C.RNASeq,SNPs,SNP_chromosome15_90250_C_T,15,90250,4.93E-12,-0.3820209,0.05455332,0.05831457,Local
Transcriptomics,YOL122C.RNASeq,INDELs,INDEL_chromosome15_94096,15,94096,8.81E-11,-0.4065603,0.06193004,0.11894191,Local
Transcriptomics,YOL122C.RNASeq,SNPs,SNP_chromosome15_91324_A_G,15,91324,1.30E-06,-0.278159,0.05709092,0.03438197,Local
Transcriptomics,YOL122C.RNASeq,INDELs,INDEL_chromosome15_81378,15,81378,2.96E-06,-0.2837775,0.06033518,0.07174124,Local
Transcriptomics,YOL122C.RNASeq,SNPs,SNP_chromosome15_102386_A_T,15,102386,5.24E-06,-0.2445876,0.05337324,0.03822717,Local
Transcriptomics,YOL123W.RNASeq,SNPs,SNP_chromosome7_458993_C_T,7,458993,1.48E-07,-0.1896776,0.03580718,0.01231704,Distant
Transcriptomics,YOL125W.RNASeq,SNPs,SNP_chromosome10_524477_G_A,10,524477,1.81E-07,0.30991595,0.05892625,0.05779473,Distant
Transcriptomics,YOL125W.RNASeq,SNPs,SNP_chromosome11_411807_G_T,11,411807,1.88E-06,0.29259825,0.06099099,0.01646153,Distant
Transcriptomics,YOL125W.RNASeq,SNPs,SNP_chromosome15_715193_G_A,15,715193,5.94E-06,-0.2709105,0.05946331,0.04805507,Distant
Proteomics,YOL127W.SCProt,SNPs,SNP_chromosome9_240048_T_C,9,240048,4.32E-06,-0.2879785,0.06226947,0.02901667,Distant
Proteomics,YOL127W.SMProt,SNPs,SNP_chromosome11_117732_G_A,11,117732,3.57E-06,-0.2250336,0.04817802,0.01103956,Distant
Transcriptomics,YOL133W.RNASeq,SNPs,SNP_chromosome16_576347_G_C,16,576347,4.71E-06,-0.1993167,0.04324716,0.02696022,Distant
Transcriptomics,YOL137W.RNASeq,SNPs,SNP_chromosome15_85809_T_C,15,85809,2.18E-08,0.34313254,0.06075251,0.10776752,Local
Transcriptomics,YOL137W.RNASeq,SNPs,SNP_chromosome12_210539_A_G,12,210539,3.36E-06,-0.1530712,0.0327284,0.00432439,Distant
Transcriptomics,YOL138C.RNASeq,SNPs,SNP_chromosome14_425075_C_T,14,425075,4.89E-06,0.34672426,0.07541604,0.10737498,Distant
Proteomics,YOL140W.SMProt,SNPs,SNP_chromosome13_71390_A_C,13,71390,6.06E-09,0.31594842,0.0536847,0.02815287,Distant
Proteomics,YOL140W.SMProt,SNPs,SNP_chromosome4_1243016_T_G,4,1243016,3.35E-06,0.39527419,0.08437567,0.03422438,Distant
Proteomics,YOL140W.SMProt,SNPs,SNP_chromosome4_1237448_G_A,4,1237448,5.03E-06,0.39017213,0.08485846,0.06275197,Distant
Transcriptomics,YOL141W.RNASeq,SNPs,SNP_chromosome7_655851_C_T,7,655851,1.59E-06,0.18924276,0.03916519,0.00652268,Distant
Transcriptomics,YOL143C.RNASeq,SNPs,SNP_chromosome15_55182_G_A,15,55182,6.74E-07,0.21469242,0.0428996,0.01594842,Local
Proteomics,YOL143C.SMProt,SNPs,SNP_chromosome15_54970_G_A,15,54970,2.87E-07,0.34471787,0.06654157,0.11074921,Local
Transcriptomics,YOL146W.RNASeq,SNPs,SNP_chromosome15_49477_A_G,15,49477,1.36E-14,0.47568945,0.06073804,0.21064702,Local
Transcriptomics,YOL146W.RNASeq,SNPs,SNP_chromosome4_1291084_G_A,4,1291084,1.51E-06,-0.2292636,0.04734129,0.01319512,Distant
Proteomics,YOL147C.SMProt,SNPs,SNP_chromosome14_179537_C_G,14,179537,3.42E-06,-0.2149829,0.0459343,0.01069908,Distant
Transcriptomics,YOL148C.RNASeq,SVs,CNV_YX02977_Cov0.25,14,767781,1.47E-06,0.33216542,0.06852076,0.0224946,Distant
Transcriptomics,YOL148C.RNASeq,INDELs,INDEL_chromosome5_336057,5,336057,3.27E-06,0.19792714,0.04226554,0.00855828,Distant
Transcriptomics,YOL151W.RNASeq,SNPs,SNP_chromosome8_382565_A_G,8,382565,2.17E-06,0.28510233,0.05979469,0.04712289,Distant
Transcriptomics,YOL152W.RNASeq,SVs,CNV_YOL152W_Cov0.75,15,40748,1.20E-07,-0.2023556,0.03790808,0.00538938,Local
Transcriptomics,YOL154W.RNASeq,SNPs,SNP_chromosome15_34772_C_T,15,34772,5.51E-09,-0.3037384,0.05157974,0.08573295,Local
Transcriptomics,YOL155W-A.RNASeq,SVs,CNV_YX03243_Cov1.25,15,1098438,9.62E-11,0.25009159,0.03808993,0.06071963,Distant
Transcriptomics,YOL155W-A.RNASeq,SVs,CNV_YX03040_Cov1.25,15,14169,7.96E-10,0.24678232,0.03964142,0.05325818,Local
Transcriptomics,YOL155W-A.RNASeq,SVs,CNV_YX02996_Cov1.25,14,782620,1.15E-08,-0.2177427,0.0377302,0.00781846,Distant
Transcriptomics,YOL155W-A.RNASeq,SNPs,SNP_chromosome15_673675_A_G,15,673675,1.03E-07,0.24657848,0.04588536,0.02218726,Distant
Transcriptomics,YOL155W-A.RNASeq,SVs,CNV_YX03022_Cov1.25,15,7299,4.73E-07,0.17371261,0.03418602,0.02812321,Local
Transcriptomics,YOL155W-A.RNASeq,SVs,CNV_YJL219W_Cov0.25,10,19497,1.30E-06,-0.1670826,0.03424876,0.004202,Distant
Transcriptomics,YOL155W-A.RNASeq,SVs,CNV_YOL160W_Cov1.75,15,14313,1.84E-06,0.17292086,0.03596493,0.0227758,Local
Transcriptomics,YOL156W.RNASeq,SVs,CNV_YX03243_Cov1.25,15,1098438,3.55E-15,0.28927932,0.03602264,0.08033565,Distant
Transcriptomics,YOL156W.RNASeq,SVs,CNV_YJL219W_Cov1.25,10,19497,1.49E-12,0.30011607,0.04172807,0.08971511,Local
Transcriptomics,YOL156W.RNASeq,SVs,CNV_YIL172C_Cov0.75,9,16784,5.71E-10,-0.2397716,0.03819824,0.04196112,Distant
Transcriptomics,YOL156W.RNASeq,SVs,CNV_YOL155W-A_Cov0.75,15,27084,1.12E-09,0.25064052,0.04064338,0.05882716,Local
Transcriptomics,YOL156W.RNASeq,SVs,CNV_YX02092_Cov0.25,10,712346,1.22E-08,0.21608345,0.0375268,0.023485,Distant
Transcriptomics,YOL156W.RNASeq,SVs,CNV_YOL158C_Cov0.25,15,19491,3.36E-07,-0.1848727,0.03592342,0.02244543,Local
Transcriptomics,YOL156W.RNASeq,SVs,CNV_YX02842_Cov1.75,14,8062,9.05E-07,-0.1687579,0.03408673,0.01297407,Distant
Transcriptomics,YOL156W.RNASeq,SVs,CNV_YX02996_Cov1.25,14,782620,1.87E-06,-0.1661474,0.03459279,0.00490292,Distant
Transcriptomics,YOL156W.RNASeq,SVs,CNV_YX03022_Cov1.25,15,7299,3.07E-06,0.15425376,0.03281828,0.02187187,Local
Transcriptomics,YOL157C.RNASeq,SVs,CNV_YX01772_Cov0.25,9,13123,3.88E-09,0.20154659,0.03388277,0.01095854,Distant
Transcriptomics,YOL157C.RNASeq,SVs,CNV_YX00922_Cov0.75,4,1513252,7.45E-09,-0.2062069,0.03533066,0.04268756,Distant
Transcriptomics,YOL157C.RNASeq,SVs,CNV_YX01481_Cov0.75,7,1053421,7.48E-09,-0.2013302,0.03449915,0.04071032,Distant
Transcriptomics,YOL157C.RNASeq,SVs,SV_2932_DEL_chromosome7_1072906_len_-202,7,1072906,2.98E-08,0.18971872,0.03392569,0.02957421,Distant
Transcriptomics,YOL157C.RNASeq,SVs,CNV_YX03060_Cov0.75,15,24910,1.10E-07,0.18608748,0.03476241,0.01113659,Local
Transcriptomics,YOL157C.RNASeq,SVs,CNV_YX01921_Cov0.25,10,12665,8.24E-07,0.1699979,0.0342416,0.00855201,Distant
Transcriptomics,YOL157C.RNASeq,SVs,CNV_YX03023_Cov1.25,17,7366,1.38E-06,0.15722868,0.03234984,0.02035516,Distant
Transcriptomics,YOL157C.RNASeq,SNPs,SNP_chromosome11_379362_C_T,11,379362,1.51E-06,-0.1408797,0.02909585,0.00336304,Distant
Transcriptomics,YOL157C.RNASeq,SVs,CNV_YOL158C_Cov1.25,15,19491,2.08E-06,0.15303708,0.03203851,0.01901609,Local
Transcriptomics,YOL157C.RNASeq,SNPs,SNP_chromosome9_42601_C_T,9,42601,2.33E-06,0.18352414,0.0386123,0.00690614,Distant
Transcriptomics,YOL157C.RNASeq,SVs,CNV_YJL218W_Cov0.25,10,21973,2.43E-06,0.22699767,0.04784694,0.05079059,Distant
Transcriptomics,YOL157C.RNASeq,SNPs,SNP_chromosome9_38818_C_T,9,38818,4.94E-06,0.15818751,0.03442407,0.00433506,Distant
Transcriptomics,YOL158C.RNASeq,SVs,CNV_YOL158C_Cov1.25,15,19491,5.44E-26,0.42744354,0.03886791,0.17213474,Local
Transcriptomics,YOL158C.RNASeq,SVs,CNV_YX03023_Cov1.25,17,7366,7.38E-18,0.35469567,0.04006001,0.11964478,Distant
Transcriptomics,YOL158C.RNASeq,SVs,CNV_YJL219W_Cov1.25,10,19497,1.01E-08,0.28467217,0.04907451,0.07919819,Distant
Transcriptomics,YOL158C.RNASeq,SVs,CNV_YX03243_Cov0.25,15,1098438,1.70E-08,-0.2401242,0.04206162,0.01842932,Distant
Transcriptomics,YOL158C.RNASeq,SVs,CNV_YIL172C_Cov0.75,9,16784,7.16E-08,-0.2608199,0.04787833,0.05050955,Distant
Transcriptomics,YOL158C.RNASeq,SVs,CNV_YX02076_Cov0.25,10,696061,5.07E-07,0.25720834,0.05070176,0.04892086,Distant
Transcriptomics,YOL158C.RNASeq,SVs,CNV_YIL171W-A_Cov0.25,9,18260,8.66E-07,-0.2013117,0.04053596,0.01314826,Distant
Transcriptomics,YOL159C-A.RNASeq,SVs,CNV_YOL160W_Cov1.25,15,14313,1.91E-17,0.27265228,0.0312923,0.07131311,Local
Transcriptomics,YOL159C-A.RNASeq,SVs,CNV_YX03023_Cov0.75,17,7366,9.05E-16,-0.2910753,0.03541082,0.0608316,Distant
Transcriptomics,YOL159C-A.RNASeq,SVs,CNV_YX03243_Cov1.25,15,1098438,8.97E-09,0.21880047,0.0376221,0.04598632,Distant
Transcriptomics,YOL159C-A.RNASeq,SVs,CNV_YX02076_Cov0.25,10,696061,1.20E-07,0.22813939,0.04268222,0.03629327,Distant
Transcriptomics,YOL159C-A.RNASeq,SVs,CNV_YX02548_Cov1.25,12,1041280,1.04E-06,0.25675347,0.05213788,0.04203924,Distant
Transcriptomics,YOL159C-A.RNASeq,SNPs,SNP_chromosome8_322533_G_A,8,322533,1.57E-06,0.20282441,0.04189751,0.00748026,Distant
Transcriptomics,YOL159C-A.RNASeq,SVs,CNV_YX01256_Cov0.75,7,4486,1.87E-06,-0.1747805,0.03636932,0.01490692,Distant
Transcriptomics,YOL159C-A.RNASeq,SVs,CNV_YX02996_Cov1.25,14,782620,3.46E-06,-0.1616223,0.03455696,0.00415407,Distant
Transcriptomics,YOL159C-A.RNASeq,SVs,CNV_YX02271_Cov1.25,11,681683,4.01E-06,0.2434025,0.05239169,0.03719592,Distant
Transcriptomics,YOL159C.RNASeq,SVs,CNV_YOL159C_Cov1.75,15,17281,1.36E-33,0.47547332,0.03713023,0.20775257,Local
Transcriptomics,YOL159C.RNASeq,SVs,CNV_YX03023_Cov0.25,17,7366,9.62E-28,-0.3647791,0.0318616,0.01508874,Distant
Transcriptomics,YOL159C.RNASeq,SVs,CNV_YX03243_Cov0.25,15,1098438,2.26E-14,-0.2844275,0.03639516,0.01332906,Distant
Transcriptomics,YOL159C.RNASeq,SVs,CNV_YJL219W_Cov0.25,10,19497,8.03E-13,-0.2441614,0.03340437,0.00641421,Distant
Transcriptomics,YOL159C.RNASeq,SVs,CNV_YIL171W-A_Cov0.25,9,18260,5.97E-10,-0.2036367,0.03238743,0.00775895,Distant
Transcriptomics,YOL159C.RNASeq,SVs,CNV_YNL337W_Cov12.75,14,7165,2.41E-08,-0.2087986,0.03695265,0.00887942,Distant
Transcriptomics,YOL159C.RNASeq,SVs,CNV_YX02996_Cov1.25,14,782620,7.05E-08,-0.2255044,0.04134883,0.00894856,Distant
Transcriptomics,YOL159C.RNASeq,SVs,CNV_YFL054C_Cov0.25,6,20847,1.47E-07,0.26777981,0.05037509,0.04409775,Distant
Transcriptomics,YOL159C.RNASeq,SNPs,SNP_chromosome8_289648_G_A,8,289648,3.27E-07,-0.2600792,0.05038638,0.00913124,Distant
Transcriptomics,YOL159C.RNASeq,SVs,CNV_YIL172C_Cov0.75,9,16784,5.65E-07,-0.2297715,0.04546338,0.03522054,Distant
Transcriptomics,YOL159C.RNASeq,SVs,CNV_YX02148_Cov1.25,11,11419,6.52E-07,0.21839017,0.04345647,0.0361221,Distant
Transcriptomics,YOL159C.RNASeq,SVs,CNV_YX01109_Cov0.25,6,29199,9.96E-07,0.29487006,0.05968595,0.07782267,Distant
Transcriptomics,YOL159C.RNASeq,SVs,CNV_YX00190_Cov0.25,2,7469,1.46E-06,0.2117067,0.04353788,0.02469218,Distant
Transcriptomics,YOL159C.RNASeq,SVs,CNV_YX03040_Cov1.25,15,14169,2.06E-06,0.20572123,0.04293916,0.0354068,Local
Transcriptomics,YOL159C.RNASeq,SVs,CNV_YX03018_Cov0.25,15,2767,3.54E-06,-0.1821668,0.03894455,0.00855081,Local
Transcriptomics,YOL159C.RNASeq,SVs,CNV_YX00028_Cov2.25,1,13613,4.31E-06,-0.1495699,0.03226277,0.00418581,Distant
Transcriptomics,YOL159C.RNASeq,SVs,CNV_YX01939_Cov0.25,10,20763,4.54E-06,0.23871276,0.05161848,0.03612886,Distant
Transcriptomics,YOL159C.RNASeq,SVs,CNV_YX01256_Cov0.75,7,4486,4.89E-06,-0.2032956,0.04411161,0.02119335,Distant
Transcriptomics,YOL161C.RNASeq,SNPs,SNP_chromosome12_139755_G_A,12,139755,1.77E-06,-0.1609577,0.0334637,0.01147122,Distant
Transcriptomics,YOL165C.RNASeq,SVs,CNV_YOL166C_Cov0.25,15,1000,6.42E-61,-0.6080622,0.03415843,0.30506698,Local
Transcriptomics,YOL165C.RNASeq,SVs,CNV_YCR105W_Cov0.75,3,309070,9.16E-22,-0.3798832,0.03860512,0.12573199,Distant
Transcriptomics,YOL165C.RNASeq,SVs,CNV_YCR106W_Cov1.75,3,310958,1.46E-17,0.30870057,0.03544666,0.08732633,Local
Transcriptomics,YOL165C.RNASeq,SVs,CNV_YX00195_Cov0.25,2,8798,1.38E-10,0.21714259,0.03343358,0.04882318,Distant
Transcriptomics,YOL165C.RNASeq,SVs,CNV_YX00185_Cov0.75,2,5638,1.38E-10,-0.230655,0.03551604,0.0425539,Distant
Transcriptomics,YOL165C.RNASeq,SNPs,SNP_chromosome11_506914_C_T,11,506914,1.20E-08,-0.216186,0.037572,0.00496771,Distant
Transcriptomics,YOL165C.RNASeq,SNPs,SNP_chromosome10_220711_A_G,10,220711,2.19E-08,-0.2049816,0.03629959,0.00670639,Distant
Transcriptomics,YOL165C.RNASeq,SNPs,SNP_chromosome10_507511_T_C,10,507511,2.44E-08,0.2321609,0.04125328,0.00966822,Distant
Transcriptomics,YOL165C.RNASeq,SVs,CNV_YFL056C_Cov0.25,6,14305,3.37E-08,0.33629726,0.06037851,0.09284952,Distant
Transcriptomics,YOL165C.RNASeq,SVs,CNV_YX00183_Cov0.25,2,1850,7.53E-08,0.29479202,0.05435633,0.05375025,Distant
Transcriptomics,YOL165C.RNASeq,SVs,CNV_YX00002_Cov0.25,1,683,7.93E-08,-0.1785867,0.03298718,0.00958639,Distant
Transcriptomics,YOL165C.RNASeq,SVs,CNV_YX01497_Cov0.75,7,1087401,1.04E-07,0.19309909,0.03600231,0.03672456,Distant
Transcriptomics,YOL165C.RNASeq,SNPs,SNP_chromosome8_432962_A_T,8,432962,4.57E-07,-0.2328707,0.04582972,0.01747793,Distant
Transcriptomics,YOL165C.RNASeq,SNPs,SNP_chromosome4_564177_C_T,4,564177,8.58E-07,-0.2572804,0.05190565,0.01259232,Distant
Transcriptomics,YOL165C.RNASeq,SNPs,SNP_chromosome4_621144_A_G,4,621144,1.50E-06,0.19996246,0.04128439,0.00858459,Distant
Transcriptomics,YOL165C.RNASeq,SNPs,SNP_chromosome4_723910_G_A,4,723910,1.99E-06,-0.259638,0.05424929,0.05505318,Distant
Transcriptomics,YOL165C.RNASeq,SNPs,SNP_chromosome11_472789_A_G,11,472789,3.10E-06,0.25181229,0.05364966,0.01286318,Distant
Transcriptomics,YOL165C.RNASeq,SNPs,SNP_chromosome4_732347_C_T,4,732347,3.40E-06,0.22196022,0.04748381,0.00932808,Distant
Transcriptomics,YOL165C.RNASeq,SNPs,SNP_chromosome5_401320_C_T,5,401320,4.10E-06,-0.20598,0.04444167,0.00915372,Distant
Transcriptomics,YOL165C.RNASeq,SNPs,SNP_chromosome11_494424_C_T,11,494424,4.52E-06,-0.2270748,0.04921063,0.0210315,Distant
Transcriptomics,YOL165C.RNASeq,SNPs,SNP_chromosome11_491306_T_C,11,491306,5.35E-06,-0.2141947,0.04678308,0.00967646,Distant
Transcriptomics,YOL165C.RNASeq,SNPs,SNP_chromosome5_98270_G_A,5,98270,5.57E-06,-0.2304901,0.05044093,0.03229604,Distant
Transcriptomics,YOL165C.RNASeq,SNPs,SNP_chromosome11_505187_C_A,11,505187,6.07E-06,0.24965611,0.05485462,0.01972117,Distant
Transcriptomics,YOL165C.RNASeq,SNPs,SNP_chromosome12_818154_G_A,12,818154,6.50E-06,-0.2084397,0.04594661,0.0115574,Distant
Transcriptomics,YOL165C.RNASeq,SNPs,SNP_chromosome12_1058829_G_T,12,1058829,6.63E-06,-0.1843867,0.04068449,0.00986249,Distant
Transcriptomics,YOL165C.RNASeq,SNPs,SNP_chromosome15_307049_A_G,15,307049,6.64E-06,-0.3170381,0.06995622,0.08700203,Distant
Transcriptomics,YOR001W.RNASeq,SNPs,SNP_chromosome7_655851_C_T,7,655851,1.08E-07,0.20640509,0.03853683,0.0077594,Distant
Transcriptomics,YOR001W.RNASeq,SNPs,SNP_chromosome13_213896_G_C,13,213896,4.18E-06,0.18210502,0.0393259,0.00573887,Distant
Transcriptomics,YOR004W.RNASeq,SNPs,SNP_chromosome7_655851_C_T,7,655851,1.18E-06,0.18973835,0.03878233,0.00655688,Distant
Proteomics,YOR007C.SCProt,SNPs,SNP_chromosome15_922315_C_T,15,922315,2.74E-06,0.27553655,0.05836921,0.01724584,Distant
Transcriptomics,YOR008C-A.RNASeq,SNPs,SNP_chromosome15_384208_C_T,15,384208,3.26E-06,0.27583526,0.05889339,0.03067683,Distant
Transcriptomics,YOR008W-B.RNASeq,SVs,CNV_YX01862_Cov0.75,9,418916,2.82E-06,-0.1707064,0.03621675,0.00938203,Distant
Transcriptomics,YOR009W.RNASeq,SNPs,SNP_chromosome15_343770_G_A,15,343770,2.18E-06,-0.2668767,0.05594753,0.06243871,Local
Transcriptomics,YOR010C.RNASeq,SNPs,SNP_chromosome9_384715_A_G,9,384715,4.52E-06,-0.1651769,0.03579665,0.00637845,Distant
Transcriptomics,YOR011W-A.RNASeq,SNPs,SNP_chromosome15_356217_A_G,15,356217,5.82E-25,0.36223763,0.03405748,0.03103509,Local
Transcriptomics,YOR011W-A.RNASeq,SNPs,SNP_chromosome15_353934_C_T,15,353934,2.89E-10,0.3225809,0.05058663,0.07493777,Local
Transcriptomics,YOR011W-A.RNASeq,SNPs,SNP_chromosome15_361525_T_C,15,361525,1.45E-09,0.22407645,0.03665236,0.01149069,Local
Transcriptomics,YOR011W-A.RNASeq,SNPs,SNP_chromosome15_355779_A_G,15,355779,7.23E-07,0.28806027,0.0577187,0.09504211,Local
Transcriptomics,YOR011W-A.RNASeq,SNPs,SNP_chromosome7_794863_T_C,7,794863,9.84E-07,0.17376933,0.03525336,0.00701742,Distant
Transcriptomics,YOR011W-A.RNASeq,SNPs,SNP_chromosome15_344523_T_C,15,344523,3.63E-06,-0.2666616,0.05721168,0.06877851,Local
Transcriptomics,YOR011W-A.RNASeq,SNPs,SNP_chromosome4_39347_A_G,4,39347,5.08E-06,0.19761347,0.04305733,0.00926526,Distant
Transcriptomics,YOR011W.RNASeq,SNPs,SNP_chromosome15_349185_A_G,15,349185,2.32E-07,0.20943883,0.04018677,0.00915906,Local
Transcriptomics,YOR011W.RNASeq,SNPs,SNP_chromosome6_225942_G_A,6,225942,3.34E-06,-0.1660921,0.03550162,0.01015687,Distant
Transcriptomics,YOR013W.RNASeq,SNPs,SNP_chromosome8_320003_C_T,8,320003,1.90E-06,0.20517843,0.0427849,0.00568412,Distant
Transcriptomics,YOR016C.RNASeq,INDELs,INDEL_chromosome15_92462,15,92462,1.55E-06,0.24154633,0.04993805,0.02192384,Distant
Transcriptomics,YOR019W.RNASeq,SNPs,SNP_chromosome3_93230_T_C,3,93230,4.25E-06,-0.2515196,0.05435496,0.05389516,Distant
Transcriptomics,YOR025W.RNASeq,SNPs,SNP_chromosome14_230535_G_A,14,230535,1.88E-06,0.19561427,0.04077275,0.01541522,Distant
Proteomics,YOR027W.SMProt,SNPs,SNP_chromosome4_730523_T_A,4,730523,2.92E-08,-0.3265583,0.05823751,0.03095117,Distant
Transcriptomics,YOR028C.RNASeq,SNPs,SNP_chromosome15_554117_T_C,15,554117,5.55E-06,-0.1505428,0.0329383,0.00660814,Distant
Transcriptomics,YOR031W.RNASeq,SNPs,SNP_chromosome15_388886_C_T,15,388886,4.15E-08,-0.3475973,0.06283082,0.09309608,NA
Transcriptomics,YOR031W.RNASeq,INDELs,INDEL_chromosome15_385523,15,385523,8.65E-07,-0.3287287,0.06634311,0.0906977,NA
Transcriptomics,YOR031W.RNASeq,SNPs,SNP_chromosome13_161406_C_T,13,161406,2.20E-06,-0.2898737,0.06083101,0.05878041,NA
Transcriptomics,YOR032C.RNASeq,SNPs,SNP_chromosome14_140585_T_C,14,140585,4.43E-06,0.18625164,0.04032528,0.00705892,Distant
Transcriptomics,YOR036W.RNASeq,SVs,SV_5244_DEL_chromosome13_600892_len_-698,13,600892,9.51E-09,0.23657648,0.04083098,0.02015079,Distant
Transcriptomics,YOR036W.RNASeq,SVs,CNV_YMR170C_Cov0.25,13,601562,3.35E-08,0.21405414,0.03842412,0.01076614,Distant
Transcriptomics,YOR039W.RNASeq,SNPs,SNP_chromosome9_142488_C_G,9,142488,2.31E-06,-0.3121118,0.06563751,0.07539344,Distant
Transcriptomics,YOR040W.RNASeq,SNPs,SNP_chromosome13_242493_G_A,13,242493,5.92E-06,0.30466638,0.06686463,0.06225198,Distant
Transcriptomics,YOR042W.RNASeq,SNPs,SNP_chromosome16_415343_G_A,16,415343,3.73E-06,0.21992439,0.04724348,0.04410775,Distant
Transcriptomics,YOR042W.RNASeq,SNPs,SNP_chromosome8_420789_T_C,8,420789,6.07E-06,-0.1673818,0.03677879,0.00746636,Distant
Proteomics,YOR042W.SMProt,SNPs,SNP_chromosome16_499778_A_G,16,499778,1.46E-06,0.18966681,0.03905319,0.00838017,Distant
Proteomics,YOR042W.SMProt,SNPs,SNP_chromosome10_553445_T_C,10,553445,4.08E-06,0.1830471,0.03942694,0.01017826,Distant
Proteomics,YOR043W.SMProt,SNPs,SNP_chromosome11_232156_G_C,11,232156,6.63E-07,-0.2053114,0.04092943,0.00885863,Distant
Transcriptomics,YOR046C.RNASeq,SNPs,SNP_chromosome7_655851_C_T,7,655851,7.67E-06,0.1766692,0.03925574,0.00568472,Distant
Transcriptomics,YOR046C.RNASeq,SVs,CNV_YBR250W_Cov1.25,2,719033,8.75E-06,-0.1663036,0.03718855,0.00542098,Distant
Proteomics,YOR046C.SCProt,SNPs,SNP_chromosome3_143843_G_A,3,143843,1.67E-07,-0.2756529,0.05224662,0.03420244,Distant
Proteomics,YOR046C.SCProt,SNPs,SNP_chromosome9_283774_T_C,9,283774,7.18E-07,-0.280273,0.05612997,0.07304289,Distant
Transcriptomics,YOR049C.RNASeq,SNPs,SNP_chromosome15_424216_A_C,15,424216,1.24E-10,-0.2466577,0.03788336,0.04690931,Local
Transcriptomics,YOR049C.RNASeq,SNPs,SNP_chromosome15_656887_A_G,15,656887,1.04E-07,-0.2910241,0.05426779,0.07803271,Distant
Transcriptomics,YOR053W.RNASeq,SNPs,SNP_chromosome13_171523_A_G,13,171523,1.71E-07,0.3206762,0.06085106,0.09664636,Distant
Transcriptomics,YOR056C.RNASeq,SNPs,SNP_chromosome7_655851_C_T,7,655851,1.86E-06,0.18387902,0.03830938,0.00615817,Distant
Transcriptomics,YOR057W.RNASeq,SNPs,SNP_chromosome15_433580_G_A,15,433580,1.49E-07,-0.3567287,0.06735214,0.11672147,Local
Transcriptomics,YOR057W.RNASeq,SNPs,SNP_chromosome15_437180_A_C,15,437180,2.95E-06,-0.2872436,0.06105633,0.06006159,Local
Transcriptomics,YOR058C.RNASeq,SNPs,SNP_chromosome14_193388_T_C,14,193388,2.85E-06,-0.1609273,0.03415527,0.00666059,Distant
Transcriptomics,YOR059C.RNASeq,SNPs,SNP_chromosome15_440825_G_A,15,440825,8.25E-07,-0.2905131,0.05851901,0.07931371,Local
Transcriptomics,YOR059C.RNASeq,SNPs,SNP_chromosome5_310939_C_T,5,310939,1.16E-06,0.33277886,0.06797494,0.02544266,Distant
Transcriptomics,YOR059C.RNASeq,SNPs,SNP_chromosome15_952487_C_T,15,952487,1.70E-06,-0.2632481,0.05462952,0.01460257,Distant
Transcriptomics,YOR059C.RNASeq,SVs,SV_5064_INS_chromosome13_196331_len_71,13,196331,2.63E-06,-0.1736125,0.03671898,0.00935844,Distant
Transcriptomics,YOR059C.RNASeq,SNPs,SNP_chromosome16_703512_A_G,16,703512,3.60E-06,-0.1839869,0.03946284,0.02457415,Distant
Proteomics,YOR061W.SMProt,SNPs,SNP_chromosome6_236683_G_A,6,236683,3.03E-06,-0.2154847,0.04579171,0.0071582,Distant
Transcriptomics,YOR062C.RNASeq,SNPs,SNP_chromosome15_444178_T_C,15,444178,6.96E-13,-0.3150264,0.04323195,0.02611046,Local
Transcriptomics,YOR062C.RNASeq,SNPs,SNP_chromosome15_444102_C_T,15,444102,1.89E-07,0.27234694,0.05186183,0.01935298,Local
Proteomics,YOR063W.SCProt,SVs,CNV_YDL227C_Cov0.75,4,46271,4.76E-07,-0.1779493,0.03506876,0.0081831,Distant
Proteomics,YOR063W.SCProt,SVs,CNV_YX01514_Cov3.25,8,244,1.41E-06,-0.1789134,0.03682939,0.02496075,Distant
Transcriptomics,YOR067C.RNASeq,SNPs,SNP_chromosome12_54574_T_C,12,54574,2.35E-06,0.23512833,0.04948817,0.01801566,Distant
Transcriptomics,YOR067C.RNASeq,SVs,SV_5244_DEL_chromosome13_600892_len_-698,13,600892,2.52E-06,-0.2032962,0.04291643,0.01488016,Distant
Transcriptomics,YOR069W.RNASeq,SNPs,SNP_chromosome15_873940_T_C,15,873940,5.48E-06,-0.1583374,0.03462393,0.00908565,Distant
Transcriptomics,YOR071C.RNASeq,SVs,SV_5943_INS_chromosome15_462774_len_329_TyRelated,15,462774,9.33E-08,0.26216048,0.04869532,0.06433608,Local
Transcriptomics,YOR071C.RNASeq,SNPs,SNP_chromosome15_465398_G_A,15,465398,1.53E-06,0.25890131,0.05349133,0.06062393,Local
Transcriptomics,YOR071C.RNASeq,SNPs,SNP_chromosome8_30035_G_A,8,30035,5.12E-06,-0.2557804,0.05575217,0.02745202,Distant
Transcriptomics,YOR072W-A.RNASeq,SNPs,SNP_chromosome15_461473_C_T,15,461473,4.96E-12,0.38396498,0.05483773,0.15649687,Local
Transcriptomics,YOR072W-A.RNASeq,SVs,SV_5943_INS_chromosome15_462774_len_329_TyRelated,15,462774,7.58E-10,-0.2805328,0.04509442,0.08369825,Local
Transcriptomics,YOR072W-A.RNASeq,SNPs,SNP_chromosome15_461395_G_A,15,461395,2.06E-07,-0.1742318,0.03328299,0.01627183,Local
Transcriptomics,YOR072W-A.RNASeq,SNPs,SNP_chromosome15_457599_T_C,15,457599,1.73E-06,-0.1931688,0.04012505,0.03840579,Local
Transcriptomics,YOR072W-A.RNASeq,SNPs,SNP_chromosome10_70786_G_A,10,70786,6.48E-06,0.21065732,0.04643069,0.03515971,Distant
Transcriptomics,YOR072W-A.RNASeq,SNPs,SNP_chromosome15_459560_C_T,15,459560,7.41E-06,-0.1746524,0.03874211,0.02615055,Local
Transcriptomics,YOR072W.RNASeq,SVs,CNV_YX03243_Cov2.25,15,1098438,2.91E-06,0.16723709,0.03552953,0.00615895,Distant
Transcriptomics,YOR073W.RNASeq,SNPs,SNP_chromosome14_194533_C_T,14,194533,9.80E-08,0.34371268,0.06395262,0.10404782,Distant
Transcriptomics,YOR073W.RNASeq,SNPs,SNP_chromosome14_194656_G_A,14,194656,3.09E-06,0.26571455,0.05659687,0.04760497,Distant
Transcriptomics,YOR073W.RNASeq,SNPs,SNP_chromosome11_125651_T_A,11,125651,4.20E-06,0.25495853,0.05506855,0.0160871,Distant
Proteomics,YOR074C.SMProt,SNPs,SNP_chromosome4_1197117_A_G,4,1197117,8.50E-07,0.28902551,0.05819437,0.04703947,Distant
Proteomics,YOR074C.SMProt,SNPs,SNP_chromosome15_378398_G_A,15,378398,7.94E-06,-0.1923943,0.04276241,0.01732273,Distant
Transcriptomics,YOR077W.RNASeq,SNPs,SNP_chromosome16_697067_T_C,16,697067,4.94E-06,-0.2874891,0.0625597,0.07280046,Distant
Transcriptomics,YOR082C.RNASeq,SNPs,SNP_chromosome13_124455_T_C,13,124455,4.87E-07,0.21362533,0.04214789,0.00800919,Distant
Transcriptomics,YOR084W.RNASeq,SVs,CNV_YX02396_Cov93.75,12,446639,1.09E-06,-0.1529391,0.03116005,0.01629608,Distant
Transcriptomics,YOR085W.RNASeq,SNPs,SNP_chromosome12_302440_A_G,12,302440,9.49E-06,-0.2509647,0.05634322,0.0233024,Distant
Proteomics,YOR089C.SMProt,SNPs,SNP_chromosome14_51303_C_A,14,51303,3.50E-07,-0.3284152,0.06386886,0.02387348,Distant
Proteomics,YOR089C.SMProt,SNPs,SNP_chromosome7_544880_T_A,7,544880,1.22E-06,-0.311473,0.06366019,0.02208907,Distant
Transcriptomics,YOR091W.RNASeq,SNPs,SNP_chromosome11_290740_C_T,11,290740,6.27E-06,-0.2415729,0.05316153,0.01289436,Distant
Proteomics,YOR091W.SMProt,SVs,SV_3638_DEL_chromosome9_390778_len_-1101,9,390778,8.45E-07,-0.1841112,0.03706275,0.00593971,Distant
Transcriptomics,YOR092W.RNASeq,SVs,SV_5958_DEL_chromosome15_497111_len_-272,15,497111,2.76E-07,0.26800583,0.05175354,0.02271693,Local
Transcriptomics,YOR094W.RNASeq,SNPs,SNP_chromosome10_86831_A_G,10,86831,2.63E-06,0.26265775,0.05554767,0.03316486,Distant
Transcriptomics,YOR095C.RNASeq,SNPs,SNP_chromosome14_711925_T_C,14,711925,9.48E-07,-0.2041118,0.04134568,0.01256901,Distant
Proteomics,YOR095C.SMProt,SNPs,SNP_chromosome4_451706_T_C,4,451706,1.68E-06,-0.4223631,0.08748245,0.039857,Distant
Proteomics,YOR095C.SMProt,SNPs,SNP_chromosome8_71588_G_A,8,71588,2.61E-06,-0.2092945,0.044185,0.01095509,Distant
Proteomics,YOR096W.SMProt,SNPs,SNP_chromosome14_660205_T_C,14,660205,5.63E-07,-0.2136787,0.04232426,0.0074518,Distant
Proteomics,YOR096W.SMProt,SVs,CNV_YEL072W_Cov2.25,5,13720,8.65E-07,-0.2197059,0.04426962,0.01035526,Distant
Transcriptomics,YOR097C.RNASeq,SNPs,SNP_chromosome2_198110_A_G,2,198110,5.16E-06,-0.1636294,0.03567935,0.00737142,Distant
Transcriptomics,YOR103C.RNASeq,SNPs,SNP_chromosome2_117547_G_A,2,117547,6.77E-06,0.24221551,0.05349541,0.02395851,Distant
Proteomics,YOR103C.SMProt,SNPs,SNP_chromosome16_609519_T_C,16,609519,2.58E-06,-0.2610437,0.05507699,0.0091079,Distant
Transcriptomics,YOR104W.RNASeq,SNPs,SNP_chromosome16_428330_C_T,16,428330,6.64E-07,-0.3098994,0.06188816,0.08740086,Distant
Transcriptomics,YOR104W.RNASeq,SNPs,SNP_chromosome11_271621_A_T,11,271621,3.52E-06,-0.196459,0.04209297,0.01254292,Distant
Transcriptomics,YOR107W.RNASeq,SNPs,SNP_chromosome4_39021_G_T,4,39021,3.29E-07,-0.2452031,0.04765944,0.05379746,Distant
Proteomics,YOR109W.SMProt,SNPs,SNP_chromosome8_250518_A_G,8,250518,1.42E-07,-0.2500338,0.04704536,0.01416941,Distant
Transcriptomics,YOR112W.RNASeq,SNPs,SNP_chromosome16_899581_G_A,16,899581,3.21E-06,-0.1961111,0.04184505,0.01242153,Distant
Transcriptomics,YOR114W.RNASeq,SNPs,SNP_chromosome16_641566_G_C,16,641566,8.47E-06,-0.2097417,0.04682828,0.00783702,Distant
Transcriptomics,YOR115C.RNASeq,SNPs,SNP_chromosome9_286680_G_A,9,286680,4.34E-07,-0.3235447,0.06354818,0.0528682,Distant
Transcriptomics,YOR116C.RNASeq,SNPs,SNP_chromosome7_655851_C_T,7,655851,1.86E-06,0.18818426,0.03920531,0.00644991,Distant
Proteomics,YOR120W.SMProt,INDELs,INDEL_chromosome5_225280,5,225280,1.70E-06,-0.2482851,0.05144937,0.05628679,Distant
Transcriptomics,YOR126C.RNASeq,SNPs,SNP_chromosome12_210539_A_G,12,210539,1.44E-06,-0.1743508,0.03593632,0.00561029,Distant
Transcriptomics,YOR127W.RNASeq,SVs,CNV_YX01489_Cov2.75,7,1066398,6.80E-08,-0.2271559,0.04173999,0.01656003,Distant
Transcriptomics,YOR127W.RNASeq,SNPs,SNP_chromosome16_768950_A_G,16,768950,2.92E-06,0.29229469,0.06210644,0.05339032,Distant
Transcriptomics,YOR128C.RNASeq,SNPs,SNP_chromosome16_391587_G_A,16,391587,2.15E-06,-0.1903996,0.03991783,0.00945577,Distant
Proteomics,YOR128C.SCProt,SNPs,SNP_chromosome5_311861_T_C,5,311861,4.04E-06,-0.2418325,0.05212654,0.01400571,Distant
Transcriptomics,YOR131C.RNASeq,SNPs,SNP_chromosome9_395649_G_A,9,395649,5.77E-06,-0.1607997,0.03524776,0.00962636,Distant
Proteomics,YOR131C.SMProt,SNPs,SNP_chromosome10_620255_T_A,10,620255,8.41E-07,-0.296419,0.05965798,0.01649339,Distant
Proteomics,YOR131C.SMProt,SNPs,SNP_chromosome11_527380_A_G,11,527380,4.57E-06,-0.183669,0.03976674,0.00890512,Distant
Proteomics,YOR136W.SCProt,SVs,CNV_YIL004C_Cov1.25,9,347946,1.89E-06,0.28157983,0.05869288,0.02049898,Distant
Proteomics,YOR136W.SMProt,SNPs,SNP_chromosome2_558380_G_C,2,558380,3.78E-06,0.38426738,0.08248554,0.12907323,Distant
Transcriptomics,YOR137C.RNASeq,SNPs,SNP_chromosome13_331755_G_A,13,331755,1.27E-06,-0.1909677,0.03914937,0.01925755,Distant
Transcriptomics,YOR141C.RNASeq,SNPs,SNP_chromosome16_420178_T_C,16,420178,3.79E-06,-0.3026574,0.06506757,0.04138009,Distant
Proteomics,YOR142W.SMProt,SNPs,SNP_chromosome15_233663_C_T,15,233663,1.32E-06,0.37433555,0.07675283,0.02206873,Distant
Transcriptomics,YOR145C.RNASeq,SNPs,SNP_chromosome7_655851_C_T,7,655851,1.06E-06,0.19335353,0.03934629,0.00680913,Distant
Proteomics,YOR145C.SMProt,SNPs,SNP_chromosome12_557933_C_T,12,557933,5.02E-07,0.26975161,0.05319187,0.07026595,Distant
Proteomics,YOR145C.SMProt,SVs,CNV_YNR066C_Cov1.25,14,753725,1.32E-06,-0.1721946,0.03530821,0.01393527,Distant
Proteomics,YOR145C.SMProt,SNPs,SNP_chromosome12_517614_C_T,12,517614,3.25E-06,0.19777061,0.04216413,0.035274,Distant
Transcriptomics,YOR148C.RNASeq,SNPs,SNP_chromosome15_617402_C_T,15,617402,1.66E-06,0.2344024,0.04859664,0.02106579,Local
Transcriptomics,YOR150W.RNASeq,SVs,CNV_YBR291C_Cov1.25,2,783673,1.89E-06,0.18754616,0.03910058,0.00744654,Distant
Transcriptomics,YOR150W.RNASeq,SNPs,SNP_chromosome4_386966_C_A,4,386966,5.09E-06,-0.1778531,0.03875835,0.00478175,Distant
Proteomics,YOR151C.SMProt,SNPs,SNP_chromosome4_936851_T_C,4,936851,8.22E-07,0.30050743,0.06042531,0.01736351,Distant
Transcriptomics,YOR153W.RNASeq,SNPs,SNP_chromosome9_322286_G_A,9,322286,3.85E-09,-0.3643214,0.06123236,0.02764821,Distant
Transcriptomics,YOR153W.RNASeq,SNPs,SNP_chromosome12_211485_C_T,12,211485,3.61E-07,-0.2447671,0.04773959,0.01675771,Distant
Transcriptomics,YOR153W.RNASeq,SNPs,SNP_chromosome5_503021_A_C,5,503021,4.77E-06,-0.2178578,0.04733283,0.01057753,Distant
Transcriptomics,YOR154W.RNASeq,INDELs,INDEL_chromosome15_618974,15,618974,3.30E-10,-0.24718,0.03889067,0.02851676,Local
Transcriptomics,YOR154W.RNASeq,SNPs,SNP_chromosome15_619443_C_T,15,619443,4.81E-10,-0.2554663,0.04058205,0.0323395,Local
Transcriptomics,YOR154W.RNASeq,SNPs,SNP_chromosome15_622271_G_C,15,622271,1.13E-09,-0.254353,0.04132639,0.04028693,Local
Transcriptomics,YOR154W.RNASeq,SNPs,SNP_chromosome15_617850_T_C,15,617850,1.24E-08,-0.191965,0.03339857,0.00675903,Local
Transcriptomics,YOR154W.RNASeq,SNPs,SNP_chromosome7_318110_G_C,7,318110,1.30E-07,-0.1862131,0.03498942,0.00877872,Distant
Proteomics,YOR158W.SMProt,SNPs,SNP_chromosome8_484023_G_C,8,484023,4.26E-06,-0.3056401,0.06596206,0.06625259,Distant
Proteomics,YOR164C.SMProt,SNPs,SNP_chromosome10_609835_T_A,10,609835,4.03E-06,-0.3026929,0.06516459,0.08305111,Distant
Transcriptomics,YOR166C.RNASeq,SNPs,SNP_chromosome6_43129_T_C,6,43129,5.87E-07,0.24093196,0.04788258,0.01915677,Distant
Transcriptomics,YOR168W.RNASeq,SNPs,SNP_chromosome11_290740_C_T,11,290740,3.10E-07,-0.2893467,0.05611128,0.01849866,Distant
Transcriptomics,YOR168W.RNASeq,SNPs,SNP_chromosome7_655851_C_T,7,655851,2.11E-06,0.18870165,0.03952662,0.00648543,Distant
Proteomics,YOR168W.SCProt,SVs,CNV_YDL227C_Cov0.75,4,46271,3.76E-06,-0.1668282,0.03584212,0.00710676,Distant
Proteomics,YOR168W.SMProt,SNPs,SNP_chromosome7_907935_C_T,7,907935,2.44E-06,-0.2782647,0.05857349,0.01055713,Distant
Proteomics,YOR171C.SMProt,SNPs,SNP_chromosome14_758123_C_T,14,758123,2.94E-06,-0.2608715,0.0553653,0.05991431,Distant
Proteomics,YOR173W.SMProt,SNPs,SNP_chromosome10_553445_T_C,10,553445,1.58E-06,0.2000974,0.04133759,0.01229137,Distant
Transcriptomics,YOR175C.RNASeq,SVs,SV_5747_DUP_chromosome15_30956_len_83,15,30956,6.17E-06,0.15812529,0.03477163,0.00643172,Distant
Transcriptomics,YOR180C.RNASeq,INDELs,INDEL_chromosome15_675536,15,675536,2.53E-13,-0.3454132,0.04648798,0.02864859,Local
Transcriptomics,YOR180C.RNASeq,SNPs,SNP_chromosome15_675251_C_A,15,675251,7.34E-11,-0.3569583,0.05413846,0.0276666,Local
Transcriptomics,YOR180C.RNASeq,SNPs,SNP_chromosome15_675665_A_T,15,675665,1.84E-10,-0.3878679,0.06014129,0.12436209,Local
Transcriptomics,YOR180C.RNASeq,SNPs,SNP_chromosome15_675191_T_C,15,675191,2.08E-07,0.20085681,0.03838282,0.02224543,Local
Transcriptomics,YOR180C.RNASeq,SVs,CNV_YML104C_Cov1.25,13,58939,4.97E-07,0.18402478,0.03633599,0.00886153,Distant
Transcriptomics,YOR180C.RNASeq,SNPs,SNP_chromosome12_987942_C_T,12,987942,3.02E-06,0.31684991,0.06742172,0.09157433,Distant
Transcriptomics,YOR180C.RNASeq,SNPs,SNP_chromosome7_276866_T_G,7,276866,3.31E-06,-0.2631371,0.05622267,0.06326738,Distant
Transcriptomics,YOR182C.RNASeq,SNPs,SNP_chromosome15_76985_G_A,15,76985,2.67E-06,-0.2019329,0.04273796,0.03751735,Distant
Transcriptomics,YOR182C.RNASeq,SNPs,SNP_chromosome4_916444_T_G,4,916444,7.90E-06,0.16940931,0.03769573,0.00768073,Distant
Transcriptomics,YOR183W.RNASeq,SNPs,SNP_chromosome4_1467392_T_A,4,1467392,2.89E-06,-0.261908,0.05562757,0.06729481,Distant
Proteomics,YOR184W.SMProt,SNPs,SNP_chromosome4_1298829_C_A,4,1298829,5.83E-08,-0.4015265,0.07325823,0.14410777,Distant
Transcriptomics,YOR186W.RNASeq,SNPs,SNP_chromosome5_321279_A_T,5,321279,5.05E-06,0.22163137,0.0482782,0.01250086,Distant
Proteomics,YOR187W.SMProt,INDELs,INDEL_chromosome11_232038,11,232038,2.29E-06,-0.4006401,0.08410035,0.15646091,Distant
Proteomics,YOR187W.SMProt,SVs,CNV_YHL045W_Cov0.25,8,12502,3.58E-06,-0.1716763,0.03676047,0.02329903,Distant
Transcriptomics,YOR188W.RNASeq,SVs,CNV_YX02249_Cov0.25,11,618964,7.20E-07,0.30159161,0.06042265,0.08409443,Distant
Transcriptomics,YOR192C-C.RNASeq,SVs,CNV_YBL100W-B_Cov22.25,2,29935,2.67E-06,0.13862711,0.02934072,0.00723408,Distant
Transcriptomics,YOR192C.RNASeq,SNPs,SNP_chromosome12_614010_T_C,12,614010,1.04E-12,0.23394905,0.03236272,0.0107534,Distant
Transcriptomics,YOR192C.RNASeq,SNPs,SNP_chromosome12_612861_G_A,12,612861,5.27E-08,0.18589695,0.03386788,0.00925885,Distant
Transcriptomics,YOR192C.RNASeq,SNPs,SNP_chromosome15_466809_T_A,15,466809,5.04E-07,0.21094578,0.04167452,0.03143285,Distant
Transcriptomics,YOR192C.RNASeq,SNPs,SNP_chromosome15_701208_C_T,15,701208,2.24E-06,0.20454515,0.04295602,0.03131777,Local
Transcriptomics,YOR196C.RNASeq,SNPs,SNP_chromosome15_716951_G_C,15,716951,1.02E-16,-0.309203,0.03651801,0.05545519,Local
Transcriptomics,YOR196C.RNASeq,SVs,CNV_YX03153_Cov0.25,15,699040,1.10E-08,-0.2202435,0.03818154,0.03920929,Local
Transcriptomics,YOR196C.RNASeq,SVs,CNV_YNR071C_Cov0.25,14,770440,3.80E-06,0.22135959,0.04759056,0.01056488,Distant
Transcriptomics,YOR196C.RNASeq,SNPs,SNP_chromosome15_717052_C_T,15,717052,5.12E-06,-0.1910799,0.04164924,0.03173504,Local
Transcriptomics,YOR196C.RNASeq,SNPs,SNP_chromosome16_463609_C_G,16,463609,5.16E-06,-0.1966755,0.04288626,0.03029101,Distant
Transcriptomics,YOR197W.RNASeq,SNPs,SNP_chromosome1_84319_T_C,1,84319,1.58E-06,-0.219289,0.04537011,0.0091055,Distant
Transcriptomics,YOR199W.RNASeq,SNPs,SNP_chromosome14_430758_G_A,14,430758,5.85E-08,0.25907447,0.04736495,0.03637018,Distant
Transcriptomics,YOR201C.RNASeq,SNPs,SNP_chromosome15_721219_G_T,15,721219,2.31E-08,-0.3306469,0.05864636,0.09577273,Local
Transcriptomics,YOR201C.RNASeq,SNPs,SNP_chromosome15_718752_T_C,15,718752,3.74E-07,-0.2604464,0.05086787,0.0390656,Local
Transcriptomics,YOR201C.RNASeq,SNPs,SNP_chromosome14_725092_G_C,14,725092,8.03E-07,0.20933542,0.04212148,0.0105301,Distant
Transcriptomics,YOR204W.RNASeq,SNPs,SNP_chromosome15_563727_C_T,15,563727,1.47E-06,-0.2284691,0.04712997,0.01446071,Distant
Transcriptomics,YOR206W.RNASeq,SNPs,SNP_chromosome7_655851_C_T,7,655851,1.38E-06,0.18486656,0.03802621,0.00622449,Distant
Proteomics,YOR206W.SMProt,SNPs,SNP_chromosome10_407443_A_T,10,407443,3.12E-06,0.16849976,0.03585735,0.00710606,Distant
Proteomics,YOR206W.SMProt,SVs,CNV_YX02960_Cov1.75,14,753762,5.37E-06,-0.216007,0.04712162,0.00702387,Distant
Transcriptomics,YOR207C.RNASeq,SNPs,SNP_chromosome11_290740_C_T,11,290740,7.92E-07,-0.2836611,0.05704545,0.01777882,Distant
Transcriptomics,YOR207C.RNASeq,SNPs,SNP_chromosome7_655851_C_T,7,655851,3.16E-06,0.18818564,0.04012334,0.00645001,Distant
Transcriptomics,YOR209C.RNASeq,SNPs,SNP_chromosome15_737961_A_T,15,737961,1.61E-16,0.45749132,0.05440072,0.19672443,Local
Transcriptomics,YOR209C.RNASeq,SNPs,SNP_chromosome9_282224_T_C,9,282224,6.52E-07,0.21049537,0.0420045,0.03848146,Distant
Transcriptomics,YOR209C.RNASeq,SNPs,SNP_chromosome15_833368_C_A,15,833368,1.21E-06,-0.2769669,0.05666199,0.0151695,Distant
Transcriptomics,YOR209C.RNASeq,SNPs,SNP_chromosome15_922531_A_G,15,922531,1.71E-06,-0.2198717,0.04564885,0.01934772,Distant
Proteomics,YOR209C.SCProt,SNPs,SNP_chromosome15_737961_A_T,15,737961,8.65E-09,0.36713187,0.0631622,0.13182863,Local
Proteomics,YOR209C.SCProt,SNPs,SNP_chromosome8_216123_C_T,8,216123,4.09E-07,0.17767135,0.03481038,0.00524493,Distant
Proteomics,YOR209C.SCProt,SNPs,SNP_chromosome12_705727_A_G,12,705727,1.74E-06,0.17008179,0.03532971,0.01474574,Distant
Proteomics,YOR209C.SMProt,SNPs,SNP_chromosome15_737961_A_T,15,737961,6.93E-18,0.56835757,0.06426974,0.31847191,Local
Proteomics,YOR209C.SMProt,SNPs,SNP_chromosome14_466216_A_G,14,466216,5.03E-07,0.23417735,0.04618314,0.00998603,Distant
Transcriptomics,YOR212W.RNASeq,SVs,CNV_YDL227C_Cov0.75,4,46271,1.80E-11,0.22776445,0.03344866,0.01318137,Distant
Transcriptomics,YOR212W.RNASeq,SVs,CNV_YCL066W_Cov1.25,3,13282,2.71E-07,0.19780883,0.03816934,0.02697331,Distant
Transcriptomics,YOR213C.RNASeq,SNPs,SNP_chromosome11_572498_T_C,11,572498,3.71E-07,-0.3241606,0.0632914,0.09551628,Distant
Transcriptomics,YOR213C.RNASeq,SNPs,SNP_chromosome14_230725_T_C,14,230725,2.38E-06,0.20436884,0.04303466,0.03454598,Distant
Transcriptomics,YOR216C.RNASeq,SNPs,SNP_chromosome11_416779_G_T,11,416779,3.75E-06,0.20712338,0.04450444,0.01702972,Distant
Proteomics,YOR217W.SMProt,SNPs,SNP_chromosome5_207755_T_C,5,207755,3.64E-06,0.28331858,0.06071162,0.02322409,Distant
Transcriptomics,YOR219C.RNASeq,SNPs,SNP_chromosome15_754326_C_G,15,754326,2.38E-10,-0.2871198,0.04480515,0.06229777,Local
Transcriptomics,YOR219C.RNASeq,SNPs,SNP_chromosome15_754376_T_G,15,754376,1.81E-08,-0.2885026,0.05078439,0.07686707,Local
Transcriptomics,YOR219C.RNASeq,SNPs,SNP_chromosome15_754284_A_G,15,754284,9.98E-07,-0.1747794,0.03547925,0.01096331,Local
Transcriptomics,YOR220W.RNASeq,SNPs,SNP_chromosome7_655851_C_T,7,655851,1.96E-07,-0.2006505,0.03826477,0.00733277,Distant
Transcriptomics,YOR222W.RNASeq,SNPs,SNP_chromosome15_758119_T_C,15,758119,7.46E-14,-0.3337307,0.04391183,0.05617404,Local
Transcriptomics,YOR222W.RNASeq,SNPs,SNP_chromosome15_587077_G_A,15,587077,2.15E-09,-0.2016086,0.03333206,0.01565515,Distant
Transcriptomics,YOR222W.RNASeq,SNPs,SNP_chromosome15_712134_C_T,15,712134,3.18E-06,-0.1646199,0.03511006,0.00503753,Distant
Proteomics,YOR222W.SMProt,SNPs,SNP_chromosome15_758119_T_C,15,758119,1.91E-15,-0.36497,0.04491796,0.06615526,Local
Proteomics,YOR222W.SMProt,SNPs,SNP_chromosome11_125642_G_T,11,125642,2.68E-08,0.21606953,0.038428,0.02462886,Distant
Transcriptomics,YOR225W.RNASeq,SNPs,SNP_chromosome11_258850_C_T,11,258850,2.13E-06,0.19496568,0.0408588,0.00696853,Distant
Transcriptomics,YOR226C.RNASeq,SNPs,SNP_chromosome13_213896_G_C,13,213896,5.09E-07,0.20066825,0.03965806,0.00696851,Distant
Transcriptomics,YOR226C.RNASeq,SNPs,SNP_chromosome7_655851_C_T,7,655851,1.70E-06,0.1877993,0.03897768,0.00642355,Distant
Transcriptomics,YOR228C.RNASeq,SNPs,SNP_chromosome15_766225_G_T,15,766225,3.52E-09,0.20574945,0.034493,0.00885328,Local
Transcriptomics,YOR228C.RNASeq,SNPs,SNP_chromosome15_763477_G_A,15,763477,7.22E-07,0.1792517,0.03591629,0.00652501,Local
Transcriptomics,YOR228C.RNASeq,SNPs,SNP_chromosome15_765566_T_C,15,765566,4.66E-06,0.19245251,0.04176821,0.02495049,Local
Transcriptomics,YOR229W.RNASeq,SNPs,SNP_chromosome15_762711_C_T,15,762711,3.01E-06,0.21418542,0.04557409,0.01385219,Local
Transcriptomics,YOR229W.RNASeq,SNPs,SNP_chromosome4_786028_C_T,4,786028,3.80E-06,-0.2912234,0.06261807,0.06081577,Distant
Transcriptomics,YOR230W.RNASeq,SNPs,SNP_chromosome15_770554_T_C,15,770554,1.71E-09,0.3239683,0.05322838,0.09984467,Local
Transcriptomics,YOR230W.RNASeq,SNPs,SNP_chromosome15_770526_T_C,15,770526,7.05E-08,0.22383715,0.04118148,0.01780551,Local
Transcriptomics,YOR230W.RNASeq,SNPs,SNP_chromosome15_755969_A_T,15,755969,6.01E-07,-0.2462419,0.04898165,0.00975851,Local
Transcriptomics,YOR230W.RNASeq,SNPs,SNP_chromosome14_302293_G_T,14,302293,2.23E-06,0.22856676,0.04799068,0.00773491,Distant
Transcriptomics,YOR231W.RNASeq,SNPs,SNP_chromosome14_245464_C_T,14,245464,1.72E-06,0.16966062,0.03522647,0.00427546,Distant
Transcriptomics,YOR231W.RNASeq,SNPs,SNP_chromosome4_634669_A_C,4,634669,2.48E-06,-0.1745112,0.03681294,0.00986516,Distant
Transcriptomics,YOR231W.RNASeq,SNPs,SNP_chromosome10_257097_G_A,10,257097,2.62E-06,0.26563849,0.05617546,0.01367156,Distant
Transcriptomics,YOR232W.RNASeq,SNPs,SNP_chromosome7_1031236_T_A,7,1031236,3.51E-06,0.30569422,0.06549185,0.01907417,Distant
Transcriptomics,YOR236W.RNASeq,SNPs,SNP_chromosome15_780911_T_C,15,780911,3.76E-18,0.32468772,0.03658646,0.04711162,Local
Transcriptomics,YOR236W.RNASeq,SNPs,SNP_chromosome15_780823_G_T,15,780823,9.14E-09,-0.2653209,0.04573734,0.06455401,Local
Transcriptomics,YOR236W.RNASeq,SNPs,SNP_chromosome15_675643_A_T,15,675643,1.05E-06,0.27842499,0.05662878,0.03091761,Distant
Transcriptomics,YOR237W.RNASeq,SNPs,SNP_chromosome9_396773_T_A,9,396773,3.69E-06,-0.1878673,0.04033739,0.02170982,Distant
Transcriptomics,YOR237W.RNASeq,SNPs,SNP_chromosome7_92485_T_C,7,92485,3.81E-06,-0.1784579,0.03837555,0.01056241,Distant
Transcriptomics,YOR238W.RNASeq,SNPs,SNP_chromosome15_783414_T_G,15,783414,1.00E-06,0.26597592,0.05400069,0.06673486,Local
Transcriptomics,YOR241W.RNASeq,SNPs,SNP_chromosome15_790997_T_C,15,790997,1.35E-06,-0.3251591,0.06683001,0.09631222,Local
Proteomics,YOR241W.SMProt,SVs,CNV_YIL014C-A_Cov0.25,9,325212,2.16E-06,-0.3279716,0.0686738,0.10458943,Distant
Transcriptomics,YOR242C.RNASeq,SNPs,SNP_chromosome7_238358_A_G,7,238358,2.37E-06,0.31511722,0.06634152,0.02748835,Distant
Transcriptomics,YOR245C.RNASeq,SNPs,SNP_chromosome15_795300_C_T,15,795300,3.03E-06,0.1983163,0.04220841,0.02964391,Local
Transcriptomics,YOR245C.RNASeq,SVs,CNV_YER011W_Cov0.75,5,175248,4.46E-06,-0.1557016,0.03372308,0.00484733,Distant
Transcriptomics,YOR247W.RNASeq,SNPs,SNP_chromosome2_502038_A_G,2,502038,3.41E-06,-0.2020467,0.04322893,0.00859272,Distant
Transcriptomics,YOR252W.RNASeq,SNPs,SNP_chromosome7_655851_C_T,7,655851,1.46E-07,0.20979536,0.03958347,0.00801639,Distant
Transcriptomics,YOR252W.RNASeq,SNPs,SNP_chromosome13_213896_G_C,13,213896,3.62E-06,0.18828332,0.04039356,0.00613488,Distant
Transcriptomics,YOR253W.RNASeq,SNPs,SNP_chromosome12_1031026_G_C,12,1031026,1.77E-06,0.29811339,0.06197977,0.06270778,Distant
Proteomics,YOR254C.SMProt,SNPs,SNP_chromosome15_810117_T_C,15,810117,1.37E-06,0.18090596,0.03714692,0.00826512,Local
Transcriptomics,YOR258W.RNASeq,SNPs,SNP_chromosome15_812219_A_G,15,812219,4.64E-11,-0.3323219,0.04986603,0.0492254,Local
Transcriptomics,YOR258W.RNASeq,SNPs,SNP_chromosome15_816256_A_G,15,816256,4.12E-08,-0.2483908,0.04488724,0.01492395,Local
Transcriptomics,YOR261C.RNASeq,SNPs,SNP_chromosome12_78954_T_C,12,78954,5.66E-06,0.19086436,0.04179918,0.00858274,Distant
Transcriptomics,YOR262W.RNASeq,SNPs,SNP_chromosome11_328199_G_A,11,328199,1.16E-06,-0.2912943,0.05950184,0.06710251,Distant
Transcriptomics,YOR264W.RNASeq,SNPs,SNP_chromosome14_230535_G_A,14,230535,4.32E-06,0.17922172,0.0387583,0.01293987,Distant
Transcriptomics,YOR264W.RNASeq,SVs,SV_5244_DEL_chromosome13_600892_len_-698,13,600892,4.63E-06,-0.1828422,0.03966937,0.01203654,Distant
Proteomics,YOR265W.SCProt,SNPs,SNP_chromosome15_820361_A_G,15,820361,1.66E-09,-0.2143105,0.03517249,0.00800669,Local
Proteomics,YOR270C.SMProt,SVs,SV_5762_INS_chromosome15_31254_len_1521,15,31254,1.83E-06,-0.1675702,0.03483373,0.00597213,Distant
Transcriptomics,YOR271C.RNASeq,SNPs,SNP_chromosome10_524477_G_A,10,524477,4.44E-07,0.30400059,0.05976659,0.05560953,Distant
Transcriptomics,YOR272W.RNASeq,SNPs,SNP_chromosome7_655851_C_T,7,655851,1.64E-06,0.18486672,0.03831299,0.0062245,Distant
Transcriptomics,YOR273C.RNASeq,SNPs,SNP_chromosome15_836747_A_C,15,836747,3.19E-11,0.36986481,0.05502482,0.05677599,Local
Transcriptomics,YOR273C.RNASeq,SNPs,SNP_chromosome15_935795_G_A,15,935795,3.62E-06,0.15056914,0.0323021,0.00617623,Distant
Transcriptomics,YOR278W.RNASeq,SVs,CNV_YX01923_Cov0.25,10,13225,1.35E-06,0.23420259,0.04813563,0.03214204,Distant
Proteomics,YOR283W.SMProt,SNPs,SNP_chromosome10_192183_C_G,10,192183,6.63E-07,0.19018276,0.03791381,0.00721913,Distant
Proteomics,YOR283W.SMProt,SNPs,SNP_chromosome14_717992_C_T,14,717992,2.63E-06,0.18707779,0.03950874,0.01574343,Distant
Transcriptomics,YOR284W.RNASeq,SVs,CNV_YDL227C_Cov0.75,4,46271,3.94E-08,0.19847344,0.03581464,0.01000906,Distant
Transcriptomics,YOR284W.RNASeq,SNPs,SNP_chromosome13_28338_T_C,13,28338,3.11E-06,0.22500535,0.04794085,0.01448783,Distant
Transcriptomics,YOR284W.RNASeq,SNPs,SNP_chromosome7_774613_T_G,7,774613,3.34E-06,0.35866253,0.07666835,0.02845232,Distant
Transcriptomics,YOR284W.RNASeq,SNPs,SNP_chromosome9_166175_C_T,9,166175,3.88E-06,0.20370616,0.0438414,0.01178975,Distant
Transcriptomics,YOR285W.RNASeq,SNPs,SNP_chromosome15_849538_G_A,15,849538,3.45E-27,0.33355946,0.02987618,0.05164266,Local
Transcriptomics,YOR285W.RNASeq,SNPs,SNP_chromosome15_849514_C_T,15,849514,4.09E-21,-0.6586672,0.06809901,0.30522972,Local
Transcriptomics,YOR285W.RNASeq,SNPs,SNP_chromosome15_849243_T_C,15,849243,1.98E-11,-0.4244812,0.06247043,0.16702839,Local
Transcriptomics,YOR285W.RNASeq,SNPs,SNP_chromosome15_846762_G_T,15,846762,3.33E-10,0.29484083,0.04639872,0.01819926,Local
Transcriptomics,YOR285W.RNASeq,SNPs,SNP_chromosome15_849548_G_A,15,849548,6.69E-09,-0.2836493,0.04844487,0.02669905,Local
Transcriptomics,YOR285W.RNASeq,SNPs,SNP_chromosome15_849274_T_C,15,849274,4.72E-07,-0.2529861,0.04985206,0.03258254,Local
Transcriptomics,YOR285W.RNASeq,INDELs,INDEL_chromosome15_849333,15,849333,1.89E-06,-0.2460972,0.05131187,0.03766859,Local
Transcriptomics,YOR285W.RNASeq,SNPs,SNP_chromosome15_842085_C_T,15,842085,5.25E-06,0.20267608,0.04422971,0.01607844,Local
Proteomics,YOR285W.SMProt,SNPs,SNP_chromosome15_849514_C_T,15,849514,5.56E-19,-0.7088477,0.07746044,0.32991253,Local
Proteomics,YOR285W.SMProt,SNPs,SNP_chromosome15_849538_G_A,15,849538,7.12E-16,0.2923756,0.03541869,0.04235527,Local
Proteomics,YOR285W.SMProt,SNPs,SNP_chromosome15_849243_T_C,15,849243,3.88E-11,-0.5126799,0.0763912,0.23518314,Local
Proteomics,YOR285W.SMProt,SNPs,SNP_chromosome15_846762_G_T,15,846762,1.07E-07,0.30103269,0.05606925,0.01988673,Local
Proteomics,YOR285W.SMProt,INDELs,INDEL_chromosome15_849333,15,849333,7.79E-07,-0.2958409,0.05935865,0.04950496,Local
Proteomics,YOR285W.SMProt,SNPs,SNP_chromosome15_849274_T_C,15,849274,5.61E-06,-0.2663624,0.05823034,0.03140271,Local
Transcriptomics,YOR286W.RNASeq,SNPs,SNP_chromosome15_846762_G_T,15,846762,2.14E-10,0.31710895,0.04935753,0.02105211,Local
Transcriptomics,YOR286W.RNASeq,SNPs,SNP_chromosome15_847521_G_A,15,847521,2.89E-10,0.25430588,0.03987931,0.01238785,Local
Transcriptomics,YOR286W.RNASeq,SNPs,SNP_chromosome15_850811_C_T,15,850811,3.64E-08,0.32401273,0.05831524,0.06880631,Local
Transcriptomics,YOR286W.RNASeq,INDELs,INDEL_chromosome15_850792,15,850792,4.30E-08,0.32047357,0.05799502,0.06653776,Local
Transcriptomics,YOR286W.RNASeq,SNPs,SNP_chromosome15_892301_C_T,15,892301,1.16E-06,0.30885264,0.06307965,0.07581722,Distant
Transcriptomics,YOR286W.RNASeq,SNPs,SNP_chromosome15_850405_C_T,15,850405,1.75E-06,0.22667015,0.0470992,0.01561861,Local
Transcriptomics,YOR286W.RNASeq,SNPs,SNP_chromosome15_836722_T_C,15,836722,2.22E-06,0.23388796,0.04909704,0.01875045,Local
Transcriptomics,YOR286W.RNASeq,SNPs,SNP_chromosome15_851261_C_T,15,851261,2.70E-06,0.21815159,0.04619494,0.01556827,Local
Transcriptomics,YOR287C.RNASeq,SNPs,SNP_chromosome5_220904_A_G,5,220904,6.14E-06,0.1767015,0.03884599,0.0143264,Distant
Transcriptomics,YOR288C.RNASeq,SNPs,SNP_chromosome9_172433_T_C,9,172433,2.33E-06,0.31027707,0.06527056,0.02555602,Distant
Transcriptomics,YOR288C.RNASeq,SNPs,SNP_chromosome11_443774_C_T,11,443774,2.94E-06,0.25417398,0.0540233,0.01986507,Distant
Proteomics,YOR288C.SMProt,SVs,CNV_YMR326C_Cov3.25,13,923494,1.20E-06,0.30012276,0.06127847,0.02757143,Distant
Transcriptomics,YOR289W.RNASeq,SNPs,SNP_chromosome15_853264_G_T,15,853264,1.40E-08,0.25111416,0.04384939,0.01243585,Local
Transcriptomics,YOR293C-A.RNASeq,SNPs,SNP_chromosome2_92362_C_T,2,92362,9.95E-07,0.29685165,0.06025114,0.08108721,Distant
Transcriptomics,YOR293C-A.RNASeq,INDELs,INDEL_chromosome15_868031,15,868031,1.41E-06,0.18246142,0.03756801,0.01311824,Local
Proteomics,YOR298C-A.SCProt,SVs,CNV_YDL227C_Cov0.75,4,46271,5.24E-06,0.16506276,0.03601017,0.00702555,Distant
Proteomics,YOR298C-A.SMProt,SNPs,SNP_chromosome11_87839_A_G,11,87839,2.92E-06,-0.2360864,0.05008935,0.02215257,Distant
Transcriptomics,YOR298W.RNASeq,SNPs,SNP_chromosome7_367444_A_T,7,367444,2.77E-06,0.19182947,0.04066341,0.00807488,Distant
Transcriptomics,YOR300W.RNASeq,SNPs,SNP_chromosome15_882045_C_A,15,882045,2.21E-06,0.16940595,0.03555843,0.0093546,Local
Transcriptomics,YOR304C-A.RNASeq,SNPs,SNP_chromosome15_336658_A_G,15,336658,1.28E-07,-0.2614772,0.04910723,0.02806734,Distant
Transcriptomics,YOR304C-A.RNASeq,SNPs,SNP_chromosome15_804513_T_C,15,804513,1.39E-06,-0.3173975,0.06531732,0.05665726,Distant
Transcriptomics,YOR304C-A.RNASeq,SNPs,SNP_chromosome10_643135_G_A,10,643135,1.47E-06,0.17495319,0.03608901,0.00514928,Distant
Transcriptomics,YOR304C-A.RNASeq,SNPs,SNP_chromosome15_339178_T_C,15,339178,2.83E-06,-0.2116005,0.04489627,0.00932628,Distant
Transcriptomics,YOR304C-A.RNASeq,SNPs,SNP_chromosome15_832169_C_T,15,832169,5.06E-06,-0.1986467,0.04327502,0.01655939,Distant
Transcriptomics,YOR310C.RNASeq,SNPs,SNP_chromosome7_655851_C_T,7,655851,5.65E-07,0.1941676,0.03852876,0.00686658,Distant
Transcriptomics,YOR313C.RNASeq,SNPs,SNP_chromosome1_198502_G_A,1,198502,5.29E-06,-0.2173063,0.04743847,0.00860932,Distant
Transcriptomics,YOR315W.RNASeq,SNPs,SNP_chromosome4_1492828_C_T,4,1492828,7.26E-07,0.33724804,0.06758539,0.09874161,Distant
Transcriptomics,YOR316C.RNASeq,SNPs,SNP_chromosome15_907847_T_A,15,907847,9.16E-17,-0.4234658,0.04993158,0.05504489,Local
Transcriptomics,YOR317W.RNASeq,SNPs,SNP_chromosome15_1078080_A_G,15,1078080,1.11E-06,0.33557902,0.06841036,0.06489248,Distant
Proteomics,YOR317W.SCProt,SNPs,SNP_chromosome12_848996_C_T,12,848996,6.37E-08,-0.279448,0.05122033,0.03348905,Distant
Proteomics,YOR317W.SMProt,SNPs,SNP_chromosome11_50038_G_A,11,50038,1.63E-07,0.20077412,0.03796279,0.02043749,Distant
Proteomics,YOR317W.SMProt,SNPs,SNP_chromosome11_490945_T_A,11,490945,4.53E-06,0.18739754,0.04056081,0.01649268,Distant
Transcriptomics,YOR318C.RNASeq,SVs,CNV_YOL155W-A_Cov1.25,15,27084,1.03E-06,0.17990916,0.03656108,0.01322518,Distant
Transcriptomics,YOR318C.RNASeq,SNPs,SNP_chromosome12_138957_T_C,12,138957,1.43E-06,-0.2607578,0.05372578,0.01680759,Distant
Transcriptomics,YOR319W.RNASeq,SNPs,SNP_chromosome15_912729_C_T,15,912729,6.61E-07,0.27335711,0.05458086,0.07054366,Local
Transcriptomics,YOR321W.RNASeq,SNPs,SNP_chromosome3_275765_C_T,3,275765,1.76E-06,0.18631449,0.03872546,0.01449294,Distant
Proteomics,YOR323C.SMProt,SNPs,SNP_chromosome11_256758_G_A,11,256758,2.15E-07,0.32984569,0.06299717,0.01721203,Distant
Transcriptomics,YOR324C.RNASeq,SNPs,SNP_chromosome15_483110_C_T,15,483110,1.76E-06,0.2871132,0.05968258,0.01832701,Distant
Transcriptomics,YOR324C.RNASeq,SNPs,SNP_chromosome15_350338_T_C,15,350338,2.45E-06,0.21334175,0.04498455,0.00788862,Distant
Proteomics,YOR326W.SMProt,SNPs,SNP_chromosome8_193045_A_G,8,193045,2.67E-06,-0.2021108,0.04271126,0.02057867,Distant
Proteomics,YOR327C.SMProt,SNPs,SNP_chromosome16_725524_A_G,16,725524,2.54E-06,-0.2608803,0.05500988,0.01272089,Distant
Transcriptomics,YOR328W.RNASeq,SNPs,SNP_chromosome15_933449_T_C,15,933449,5.67E-08,-0.2502188,0.04569731,0.02317674,Local
Transcriptomics,YOR329W-A.RNASeq,SNPs,SNP_chromosome14_412689_G_T,14,412689,2.44E-06,0.24333407,0.05129813,0.01861369,Distant
Transcriptomics,YOR332W.RNASeq,SNPs,SNP_chromosome16_377196_T_C,16,377196,3.68E-06,0.19519129,0.04190442,0.00664695,Distant
Proteomics,YOR332W.SCProt,SNPs,SNP_chromosome11_543702_A_G,11,543702,2.88E-06,-0.2310561,0.04905433,0.01384232,Distant
Proteomics,YOR332W.SMProt,SVs,CNV_YDL227C_Cov0.75,4,46271,6.32E-06,0.17566111,0.038618,0.00730929,Distant
Transcriptomics,YOR340C.RNASeq,SNPs,SNP_chromosome7_655851_C_T,7,655851,1.87E-07,0.20403729,0.03884272,0.00758239,Distant
Transcriptomics,YOR340C.RNASeq,SNPs,SNP_chromosome13_213896_G_C,13,213896,5.89E-06,0.180868,0.03968275,0.00566117,Distant
Transcriptomics,YOR341W.RNASeq,SNPs,SNP_chromosome7_655851_C_T,7,655851,6.32E-07,0.19410471,0.03868736,0.00686214,Distant
Transcriptomics,YOR343C.RNASeq,SNPs,SNP_chromosome8_58546_G_A,8,58546,9.70E-06,0.28245879,0.06347985,0.07232825,Distant
Transcriptomics,YOR346W.RNASeq,SNPs,SNP_chromosome16_224069_T_G,16,224069,1.02E-06,0.32527671,0.06609536,0.03394122,Distant
Transcriptomics,YOR346W.RNASeq,SNPs,SNP_chromosome16_175312_G_A,16,175312,1.70E-06,0.23958539,0.04972296,0.0122876,Distant
Transcriptomics,YOR346W.RNASeq,SVs,CNV_YDL227C_Cov0.75,4,46271,4.81E-06,0.13604426,0.0295682,0.00470272,Distant
Transcriptomics,YOR347C.RNASeq,SNPs,SNP_chromosome4_1225163_C_T,4,1225163,1.85E-06,-0.1808169,0.03766614,0.01563808,Distant
Proteomics,YOR347C.SMProt,SNPs,SNP_chromosome11_50038_G_A,11,50038,1.42E-06,0.19243186,0.03957194,0.01900992,Distant
Transcriptomics,YOR351C.RNASeq,SNPs,SNP_chromosome16_428330_C_T,16,428330,1.87E-07,-0.3386542,0.06446461,0.10441976,Distant
Transcriptomics,YOR351C.RNASeq,SNPs,SNP_chromosome13_111909_T_C,13,111909,1.93E-06,0.29925378,0.06245172,0.05496582,Distant
Transcriptomics,YOR351C.RNASeq,SNPs,SNP_chromosome15_994505_A_G,15,994505,2.58E-06,0.19953811,0.04216701,0.0099795,Local
Transcriptomics,YOR352W.RNASeq,SNPs,SNP_chromosome3_65398_G_A,3,65398,4.62E-06,0.22727527,0.04930673,0.01415444,Distant
Transcriptomics,YOR353C.RNASeq,SNPs,SNP_chromosome11_106700_C_T,11,106700,2.41E-06,-0.169522,0.03571896,0.01371561,Distant
Proteomics,YOR357C.SMProt,SNPs,SNP_chromosome12_681058_T_C,12,681058,3.97E-06,-0.1886686,0.04058994,0.01311061,Distant
Transcriptomics,YOR358W.RNASeq,SNPs,SNP_chromosome15_1010114_G_A,15,1010114,9.48E-27,0.56573656,0.05114238,0.30346622,Local
Transcriptomics,YOR358W.RNASeq,SNPs,SNP_chromosome15_1012127_G_A,15,1012127,1.09E-08,0.27895076,0.04834565,0.04035755,Local
Transcriptomics,YOR358W.RNASeq,SNPs,SNP_chromosome15_1013721_G_A,15,1013721,2.24E-06,0.26282457,0.05520035,0.03460785,Local
Transcriptomics,YOR358W.RNASeq,SNPs,SNP_chromosome1_177799_C_T,1,177799,3.60E-06,0.2075321,0.04451011,0.00967708,Distant
Transcriptomics,YOR358W.RNASeq,INDELs,INDEL_chromosome15_1023212,15,1023212,5.67E-06,0.25980341,0.05690256,0.06349292,Local
Transcriptomics,YOR359W.RNASeq,SNPs,SNP_chromosome15_715851_A_T,15,715851,9.71E-06,-0.1899218,0.04268821,0.01261197,Distant
Transcriptomics,YOR360C.RNASeq,SNPs,SNP_chromosome4_33853_G_A,4,33853,3.50E-07,-0.3021126,0.05885526,0.05866412,Distant
Proteomics,YOR362C.SMProt,SNPs,SNP_chromosome4_141159_T_C,4,141159,2.15E-06,0.27262323,0.05707345,0.01564507,Distant
Proteomics,YOR362C.SMProt,SNPs,SNP_chromosome15_702754_A_G,15,702754,5.22E-06,0.21016939,0.04578936,0.02459834,Distant
Transcriptomics,YOR365C.RNASeq,SNPs,SNP_chromosome15_1024047_G_T,15,1024047,1.88E-12,0.26270758,0.03677466,0.02898587,Local
Transcriptomics,YOR365C.RNASeq,SNPs,SNP_chromosome15_1018597_C_T,15,1018597,8.27E-09,0.22250974,0.03824264,0.02081983,Local
Transcriptomics,YOR365C.RNASeq,SNPs,SNP_chromosome15_1023408_A_G,15,1023408,2.82E-06,-0.2181527,0.04627708,0.01471906,Local
Proteomics,YOR367W.SMProt,INDELs,INDEL_chromosome7_1052317,7,1052317,3.33E-08,0.25047122,0.04486116,0.02851308,Distant
Proteomics,YOR367W.SMProt,SNPs,SNP_chromosome15_1032089_T_C,15,1032089,4.81E-08,-0.2021998,0.03665445,0.00900421,Local
Proteomics,YOR367W.SMProt,SNPs,SNP_chromosome15_1035608_G_A,15,1035608,6.15E-08,-0.2141036,0.0391339,0.01328993,Local
Transcriptomics,YOR368W.RNASeq,SNPs,SNP_chromosome11_575157_T_C,11,575157,1.76E-07,-0.3225691,0.06127185,0.09397512,Distant
Transcriptomics,YOR368W.RNASeq,SNPs,SNP_chromosome5_332139_G_A,5,332139,2.59E-06,0.32198913,0.06804876,0.08374912,Distant
Transcriptomics,YOR368W.RNASeq,SNPs,SNP_chromosome4_1122913_T_C,4,1122913,5.45E-06,0.26812808,0.0586181,0.05636075,Distant
Proteomics,YOR369C.SCProt,SNPs,SNP_chromosome5_157488_C_T,5,157488,4.21E-06,0.25477603,0.05502034,0.05747673,Distant
Proteomics,YOR369C.SMProt,SNPs,SNP_chromosome15_218248_T_C,15,218248,1.33E-06,0.19957068,0.04093524,0.02446076,Distant
Proteomics,YOR370C.SMProt,SNPs,SNP_chromosome6_41412_C_G,6,41412,2.77E-06,0.20001972,0.04233661,0.0088165,Distant
Proteomics,YOR370C.SMProt,SNPs,SNP_chromosome12_335982_G_A,12,335982,4.31E-06,-0.2648661,0.05719326,0.01317511,Distant
Transcriptomics,YOR372C.RNASeq,SNPs,SNP_chromosome4_357312_T_C,4,357312,1.15E-06,-0.1975529,0.04033575,0.02464333,Distant
Proteomics,YOR374W.SMProt,SNPs,SNP_chromosome15_1039264_C_T,15,1039264,2.45E-06,0.18952968,0.03990086,0.00974726,Local
Proteomics,YOR375C.SCProt,SVs,CNV_YNL015W_Cov0.75,14,605384,2.80E-07,0.17377587,0.03356392,0.02632257,Distant
Proteomics,YOR375C.SCProt,SVs,CNV_YDR461C-A_Cov0.75,4,1385524,4.68E-07,0.17393194,0.03425512,0.03029296,Distant
Proteomics,YOR375C.SCProt,SVs,CNV_YLR334C_Cov1.25,12,796698,1.12E-06,-0.1525086,0.03109492,0.0082774,Distant
Proteomics,YOR375C.SCProt,SVs,CNV_YGL063W_Cov0.75,7,383654,1.17E-06,-0.1689722,0.03451755,0.02543013,Distant
Transcriptomics,YOR378W.RNASeq,SNPs,SNP_chromosome15_1051607_G_A,15,1051607,2.97E-10,0.36076313,0.05661201,0.12294846,Local
Transcriptomics,YOR378W.RNASeq,SNPs,SNP_chromosome15_1050002_T_C,15,1050002,2.75E-07,0.25545294,0.04931857,0.03997939,Local
Transcriptomics,YOR378W.RNASeq,SNPs,SNP_chromosome15_1051440_G_A,15,1051440,1.84E-06,0.22041647,0.04589849,0.02863344,Local
Transcriptomics,YOR380W.RNASeq,SNPs,SNP_chromosome12_250289_G_A,12,250289,9.19E-07,0.25613156,0.05181834,0.01855815,Distant
Transcriptomics,YOR381W-A.RNASeq,SNPs,SNP_chromosome14_119777_G_T,14,119777,4.26E-06,0.31930704,0.06895036,0.02690183,Distant
Transcriptomics,YOR381W.RNASeq,SVs,CNV_YOR381W-A_Cov0.75,15,1058423,3.88E-08,-0.2529268,0.04558534,0.02662512,Local
Transcriptomics,YOR382W.RNASeq,SVs,CNV_YOR382W_Cov0.75,15,1059531,7.32E-07,-0.2285659,0.04574537,0.01796795,Local
Transcriptomics,YOR382W.RNASeq,SNPs,SNP_chromosome15_1049411_T_C,15,1049411,1.54E-06,-0.2949638,0.06087005,0.01498571,Local
Transcriptomics,YOR382W.RNASeq,SNPs,SNP_chromosome15_1049440_C_T,15,1049440,1.90E-06,-0.1999339,0.04162372,0.00195989,Local
Transcriptomics,YOR382W.RNASeq,SNPs,SNP_chromosome12_998122_C_T,12,998122,6.44E-06,-0.2442221,0.05373559,0.01533435,Distant
Transcriptomics,YOR383C.RNASeq,SVs,CNV_YOR382W_Cov0.75,15,1059531,4.89E-12,-0.3138471,0.04467805,0.03801037,Local
Transcriptomics,YOR383C.RNASeq,SNPs,SNP_chromosome15_1049440_C_T,15,1049440,9.51E-09,-0.23649,0.04073098,0.00269903,Local
Transcriptomics,YOR383C.RNASeq,SNPs,SNP_chromosome15_1049411_T_C,15,1049411,6.09E-08,-0.3269373,0.059744,0.01813189,Local
Transcriptomics,YOR383C.RNASeq,SNPs,SNP_chromosome15_146962_A_G,15,146962,6.49E-07,-0.2563971,0.05107671,0.01750933,Distant
Transcriptomics,YOR383C.RNASeq,SNPs,SNP_chromosome15_1048379_C_T,15,1048379,2.58E-06,-0.2108751,0.04449998,0.00311774,Local
Transcriptomics,YOR384W.RNASeq,SVs,CNV_YOR381W-A_Cov0.75,15,1058423,9.43E-21,-0.4213257,0.04378336,0.05366902,Local
Transcriptomics,YOR384W.RNASeq,SNPs,SNP_chromosome15_1048379_C_T,15,1048379,3.10E-15,-0.3728481,0.04628558,0.01003519,Local
Transcriptomics,YOR384W.RNASeq,SNPs,SNP_chromosome15_1049440_C_T,15,1049440,1.14E-12,-0.3027741,0.04183901,0.004334,Local
Transcriptomics,YOR384W.RNASeq,SNPs,SNP_chromosome8_39052_G_A,8,39052,3.95E-08,-0.2884762,0.05197427,0.01252204,Distant
Transcriptomics,YOR384W.RNASeq,SNPs,SNP_chromosome15_1055967_G_T,15,1055967,2.31E-07,-0.2836584,0.05433173,0.00314395,Local
Transcriptomics,YOR384W.RNASeq,SVs,CNV_YOR383C_Cov0.75,15,1060441,2.80E-07,0.3092582,0.0596607,0.09594597,Local
Transcriptomics,YOR384W.RNASeq,SNPs,SNP_chromosome8_377326_A_G,8,377326,4.75E-06,-0.1830547,0.03971735,0.00095437,Distant
Transcriptomics,YOR385W.RNASeq,SVs,CNV_YOR381W-A_Cov0.75,15,1058423,1.60E-19,-0.3345145,0.03605288,0.03547836,Local
Transcriptomics,YOR385W.RNASeq,SNPs,SNP_chromosome15_1049440_C_T,15,1049440,3.79E-12,-0.2390738,0.03389226,0.00256604,Local
Transcriptomics,YOR385W.RNASeq,SVs,CNV_YOR383C_Cov0.25,15,1060441,4.38E-11,-0.3758968,0.05623745,0.13405884,Local
Transcriptomics,YOR385W.RNASeq,SNPs,SNP_chromosome15_1048379_C_T,15,1048379,8.96E-11,-0.2506685,0.03813873,0.00431311,Local
Transcriptomics,YOR385W.RNASeq,SNPs,SNP_chromosome15_1049411_T_C,15,1049411,3.60E-08,-0.2842205,0.05107953,0.01473938,Local
Transcriptomics,YOR385W.RNASeq,SNPs,SNP_chromosome15_1050002_T_C,15,1050002,1.14E-07,-0.2878765,0.05379082,0.04212632,Local
Transcriptomics,YOR385W.RNASeq,SNPs,SNP_chromosome15_176350_G_A,15,176350,1.68E-06,-0.2141302,0.04438462,0.00471139,Distant
Transcriptomics,YOR385W.RNASeq,INDELs,INDEL_chromosome15_1048882,15,1048882,1.80E-06,-0.2291316,0.04763157,0.00706756,Local
Transcriptomics,YOR386W.RNASeq,SNPs,SNP_chromosome15_1049440_C_T,15,1049440,7.06E-17,-0.3140532,0.03679412,0.00443353,Local
Transcriptomics,YOR386W.RNASeq,SNPs,SNP_chromosome15_1048379_C_T,15,1048379,4.05E-15,-0.3328307,0.04154526,0.00761345,Local
Transcriptomics,YOR386W.RNASeq,SVs,CNV_YOR381W-A_Cov0.75,15,1058423,3.21E-11,-0.2777162,0.04125454,0.02448386,Local
Transcriptomics,YOR386W.RNASeq,SNPs,SNP_chromosome8_39052_G_A,8,39052,6.52E-11,-0.3072498,0.04639594,0.01352478,Distant
Transcriptomics,YOR386W.RNASeq,SNPs,SNP_chromosome16_584853_T_C,16,584853,1.06E-10,-0.3376372,0.05157834,0.02714044,Distant
Transcriptomics,YOR386W.RNASeq,SVs,CNV_YX01253_Cov1.75,7,2976,3.65E-07,-0.205465,0.04005264,0.00624689,Distant
Transcriptomics,YOR386W.RNASeq,INDELs,INDEL_chromosome15_1048882,15,1048882,1.27E-06,-0.2594736,0.05314422,0.00907464,Local
Transcriptomics,YOR387C.RNASeq,SNPs,SNP_chromosome15_1049440_C_T,15,1049440,1.50E-11,-0.280674,0.04095519,0.00371466,Local
Transcriptomics,YOR387C.RNASeq,SNPs,SNP_chromosome15_1048379_C_T,15,1048379,2.57E-08,-0.259329,0.04607482,0.00484219,Local
Transcriptomics,YOR387C.RNASeq,SNPs,SNP_chromosome15_1049411_T_C,15,1049411,1.50E-07,-0.3180778,0.05997711,0.01934469,Local
Transcriptomics,YOR387C.RNASeq,SVs,CNV_YOR387C_Cov0.25,15,1069621,2.59E-07,-0.240927,0.04634424,0.0076007,Local
Transcriptomics,YOR387C.RNASeq,SVs,CNV_YOR381W-A_Cov0.75,15,1058423,1.06E-06,-0.2176516,0.04422607,0.01571687,Local
Transcriptomics,YOR388C.RNASeq,SVs,CNV_YOR388C_Cov2.75,15,1071793,2.51E-10,0.26320394,0.04112784,0.06746176,Local
Transcriptomics,YOR388C.RNASeq,SVs,CNV_YX03278_Cov1.75,16,13864,2.67E-07,-0.2246528,0.04332426,0.04797296,Distant
Transcriptomics,YOR388C.RNASeq,SVs,CNV_YX02758_Cov0.25,13,892544,9.65E-07,-0.2308518,0.04679651,0.03815021,Distant
Transcriptomics,YOR389W.RNASeq,SVs,CNV_YOR392W_Cov2.75,15,1079282,8.82E-13,-0.28198,0.03887735,0.07903295,Local
Transcriptomics,YOR389W.RNASeq,SVs,CNV_YMR323W_Cov2.25,13,920088,1.39E-12,-0.2764633,0.03846387,0.07492962,Distant
Transcriptomics,YOR389W.RNASeq,SVs,CNV_YX01882_Cov1.75,9,483826,1.69E-11,0.26141456,0.03833963,0.06542965,Distant
Transcriptomics,YOR389W.RNASeq,SVs,CNV_YX03196_Cov2.25,15,1037952,7.60E-11,0.21533101,0.03268508,0.00999726,Distant
Transcriptomics,YOR389W.RNASeq,SVs,CNV_YX03248_Cov2.25,16,556,1.97E-10,-0.2399009,0.03726327,0.05712463,Distant
Transcriptomics,YOR389W.RNASeq,SVs,CNV_YX02758_Cov0.25,13,892544,6.08E-08,-0.2592796,0.0474638,0.04812457,Distant
Transcriptomics,YOR389W.RNASeq,SVs,CNV_YX02786_Cov3.25,13,928174,1.01E-07,0.17647375,0.03286945,0.00647144,Distant
Transcriptomics,YOR389W.RNASeq,SVs,CNV_YMR324C_Cov0.75,13,922202,2.86E-07,-0.184131,0.03560057,0.01464884,Distant
Transcriptomics,YOR389W.RNASeq,SVs,CNV_YOR394W_Cov4.25,15,1082718,4.97E-07,0.17841503,0.03522775,0.03041616,Local
Transcriptomics,YOR389W.RNASeq,SVs,CNV_YX03278_Cov1.75,16,13864,3.51E-06,-0.2053872,0.04399942,0.04009771,Distant
Transcriptomics,YOR390W.RNASeq,SVs,CNV_YOR389W_Cov2.25,15,1074213,4.49E-36,0.43672826,0.03329756,0.19137251,Local
Transcriptomics,YOR390W.RNASeq,SVs,CNV_YMR323W_Cov2.25,13,920088,2.67E-28,-0.3849386,0.03370286,0.14526517,Distant
Transcriptomics,YOR390W.RNASeq,SVs,CNV_YX01882_Cov1.75,9,483826,2.10E-22,0.33806766,0.03379559,0.10942645,Distant
Transcriptomics,YOR390W.RNASeq,SVs,CNV_YX03248_Cov2.25,16,556,2.31E-17,-0.2878932,0.03327276,0.08226637,Distant
Transcriptomics,YOR390W.RNASeq,SVs,CNV_YX02786_Cov3.25,13,928174,4.28E-17,0.2512038,0.02929098,0.01311274,Distant
Transcriptomics,YOR390W.RNASeq,SVs,CNV_YX02758_Cov0.25,13,892544,4.18E-15,-0.3400254,0.04256353,0.08276618,Distant
Transcriptomics,YOR390W.RNASeq,SVs,CNV_YX03196_Cov1.25,15,1037952,5.03E-13,-0.2787693,0.03801397,0.07783552,Distant
Transcriptomics,YOR390W.RNASeq,SVs,CNV_YX03278_Cov1.75,16,13864,1.09E-12,-0.2840121,0.03932087,0.07667371,Distant
Transcriptomics,YOR390W.RNASeq,SVs,CNV_YOR394W_Cov5.25,15,1082718,7.37E-12,0.21088346,0.03037323,0.0195091,Local
Transcriptomics,YOR390W.RNASeq,SVs,CNV_YX03266_Cov0.75,16,5658,5.06E-10,-0.2542626,0.04044347,0.05840813,Distant
Transcriptomics,YOR390W.RNASeq,SVs,CNV_YMR324C_Cov0.75,13,922202,1.97E-08,-0.1828293,0.03226582,0.01444246,Distant
Transcriptomics,YOR390W.RNASeq,SVs,CNV_YX01288_Cov0.75,7,19262,1.17E-07,-0.2212828,0.0414265,0.04612995,Distant
Transcriptomics,YOR390W.RNASeq,SVs,CNV_YX02778_Cov0.75,13,919345,2.56E-07,-0.2163973,0.04166702,0.04340977,Distant
Transcriptomics,YOR390W.RNASeq,SNPs,SNP_chromosome15_1075521_A_G,15,1075521,1.32E-06,0.19924594,0.04090859,0.00955689,Local
Transcriptomics,YOR390W.RNASeq,SVs,CNV_YX02998_Cov0.75,14,784868,3.02E-06,-0.1925357,0.0409724,0.03508263,Distant
Transcriptomics,YOR391C.RNASeq,SVs,CNV_YMR322C_Cov3.25,13,918366,1.76E-08,0.18614985,0.03273849,0.01665947,Local
Transcriptomics,YOR391C.RNASeq,SVs,CNV_YOR388C_Cov2.75,15,1071793,2.68E-07,0.20986997,0.04048263,0.04289172,Local
Transcriptomics,YOR391C.RNASeq,SVs,CNV_YOR390W_Cov3.75,15,1076784,1.61E-06,0.15492758,0.03207794,0.00770319,Local
Transcriptomics,YOR392W.RNASeq,SVs,CNV_YOR392W_Cov2.75,15,1079282,1.69E-08,-0.2022641,0.03551861,0.04097701,Local
Transcriptomics,YOR392W.RNASeq,SVs,CNV_YMR323W_Cov2.25,13,920088,6.47E-08,-0.1920687,0.03522814,0.03640427,Distant
Transcriptomics,YOR392W.RNASeq,SVs,CNV_YX03278_Cov1.75,16,13864,1.20E-07,-0.2131958,0.03994274,0.04337653,Distant
Transcriptomics,YOR392W.RNASeq,SVs,CNV_YX03196_Cov0.75,15,1037952,6.81E-07,-0.2553495,0.05103538,0.0535932,Distant
Transcriptomics,YOR392W.RNASeq,SVs,CNV_YMR322C_Cov3.25,13,918366,1.14E-06,0.15281224,0.03118874,0.01154756,Distant
Transcriptomics,YOR393W.RNASeq,SVs,CNV_YOR389W_Cov2.25,15,1074213,7.68E-09,0.21148977,0.03626845,0.04487823,Local
Transcriptomics,YOR393W.RNASeq,SVs,CNV_YMR323W_Cov2.25,13,920088,1.03E-08,-0.2080806,0.03600407,0.04244647,Local
Transcriptomics,YOR393W.RNASeq,SNPs,SNP_chromosome16_12653_C_T,16,12653,7.72E-07,0.15361661,0.03086156,0.00321001,Distant
Transcriptomics,YOR393W.RNASeq,SVs,SV_1819_INS_chromosome5_131165_len_338_TyRelated,5,131165,2.95E-06,0.19429166,0.04130242,0.00947919,Distant
Transcriptomics,YOR394W.RNASeq,SVs,CNV_YOR394W_Cov2.25,15,1082718,9.73E-08,-0.1950436,0.03627608,0.01051602,Local
Transcriptomics,YOR396W.RNASeq,SVs,CNV_YEL074W_Cov9.25,5,6126,8.00E-33,0.31432739,0.02529387,0.09286043,Distant
Transcriptomics,YOR396W.RNASeq,SVs,CNV_YEL075W-A_Cov3.25,5,4870,9.24E-28,-0.3155802,0.02793379,0.09796144,Distant
Transcriptomics,YOR396W.RNASeq,SVs,CNV_YGR296W_Cov17.75,7,1084864,4.20E-27,0.3062858,0.02748279,0.07929476,Local
Transcriptomics,YOR396W.RNASeq,SVs,CNV_YX01034_Cov20.75,17,533640,6.32E-21,0.20711499,0.02152305,0.00974846,Distant
Transcriptomics,YOR396W.RNASeq,SVs,CNV_YBL113W-A_Cov1.25,2,646,6.36E-17,-0.2220526,0.02604243,0.0401414,Distant
Transcriptomics,YOR396W.RNASeq,SVs,CNV_YLR466C-B_Cov0.75,12,1071594,4.34E-16,0.20943128,0.02528308,0.04406202,Distant
Transcriptomics,YOR396W.RNASeq,SVs,CNV_YLL066W-B_Cov1.75,12,5605,1.05E-15,0.19378296,0.02371884,0.03565624,Distant
Transcriptomics,YOR396W.RNASeq,SVs,CNV_YNL338W_Cov1.75,14,6561,1.43E-15,0.18344714,0.02256483,0.01972023,Distant
Transcriptomics,YOR396W.RNASeq,SVs,CNV_YLR465C_Cov0.25,12,1067045,7.04E-09,-0.1641352,0.02807516,0.02253256,Distant
Growth,YPACETATE_24h,SVs,CNV_YGR227C-A_Cov0.75,7,949052,5.55E-08,0.18405804,0.03358926,0.02909565,NA
Growth,YPACETATE_24h,SVs,CNV_YX01669_Cov0.25,8,515736,5.89E-07,-0.2113627,0.04200974,0.03318705,NA
Growth,YPACETATE_24h,SNPs,SNP_chromosome10_590619_T_C,10,590619,3.96E-06,0.18551644,0.03996011,0.01144011,NA
Growth,YPACETATE_40h,SNPs,SNP_chromosome10_590619_T_C,10,590619,5.81E-06,0.18392107,0.04032675,0.0112442,NA
Growth,YPD14_40h,SNPs,SNP_chromosome13_448510_C_T,13,448510,5.47E-07,-0.3731683,0.07395245,0.02903961,NA
Growth,YPD14_48h,SNPs,SNP_chromosome13_448510_C_T,13,448510,1.93E-06,-0.3534244,0.07374275,0.02602127,NA
Growth,YPD40_40h,SVs,CNV_YX01804_Cov1.25,9,114339,5.49E-07,0.16365917,0.03243886,0.01825623,NA
Growth,YPD40_48h,SVs,CNV_YX01804_Cov1.25,9,114339,1.93E-07,0.16900138,0.03220706,0.01946753,NA
Growth,YPD42_48h,INDELs,INDEL_chromosome5_46546,5,46546,2.35E-06,0.15982273,0.03363346,0.00500714,NA
Growth,YPD6AU_24h,SVs,CNV_YDL227C_Cov0.75,4,46271,3.01E-06,-0.1654964,0.03521148,0.00702294,NA
Growth,YPDANISO10_24h,SNPs,SNP_chromosome10_215948_G_A,10,215948,9.64E-07,0.22909458,0.04643732,0.00918551,NA
Growth,YPDANISO10_24h,INDELs,INDEL_chromosome15_1048882,15,1048882,2.51E-06,-0.233346,0.04924906,0.01585555,NA
Growth,YPDANISO10_24h,SNPs,SNP_chromosome15_1053430_G_A,15,1053430,2.90E-06,-0.2503934,0.0531856,0.03126868,NA
Growth,YPDANISO10_40h,SNPs,SNP_chromosome15_1053430_G_A,15,1053430,1.13E-06,-0.2632939,0.05371427,0.03412354,NA
Growth,YPDANISO10_40h,SVs,CNV_YBR291C_Cov1.25,2,783673,1.51E-06,0.16889953,0.03487967,0.00401243,NA
Growth,YPDANISO10_40h,SNPs,SNP_chromosome10_215948_G_A,10,215948,1.75E-06,0.22512459,0.04678078,0.00875443,NA
Growth,YPDANISO10_40h,INDELs,INDEL_chromosome15_1048882,15,1048882,3.52E-06,-0.2299225,0.04926053,0.01519331,NA
Growth,YPDANISO10_48h,SNPs,SNP_chromosome15_1053430_G_A,15,1053430,7.83E-07,-0.2678201,0.05383229,0.03534721,NA
Growth,YPDANISO10_48h,INDELs,INDEL_chromosome15_1048882,15,1048882,2.94E-06,-0.2332452,0.0495763,0.01565347,NA
Growth,YPDANISO10_48h,SVs,CNV_YBR291C_Cov1.25,2,783673,3.31E-06,0.16451385,0.03514985,0.00381111,NA
Growth,YPDANISO10_48h,SNPs,SNP_chromosome10_215948_G_A,10,215948,3.60E-06,0.21919972,0.04701481,0.00830918,NA
Growth,YPDANISO20_24h,SNPs,SNP_chromosome13_563083_A_G,13,563083,2.00E-06,0.15673079,0.03275751,0.00806981,NA
Growth,YPDANISO20_40h,SNPs,SNP_chromosome13_563083_A_G,13,563083,2.32E-06,0.15932823,0.03350944,0.00817004,NA
Growth,YPDANISO20_40h,SVs,CNV_YBR291C_Cov1.25,2,783673,3.65E-06,0.15928157,0.03418226,0.00358096,NA
Growth,YPDANISO20_40h,SVs,CNV_YX02341_Cov0.25,12,240810,5.56E-06,-0.2254925,0.04934098,0.01400622,NA
Growth,YPDANISO20_48h,SVs,CNV_YBR291C_Cov1.25,2,783673,1.66E-06,0.16516735,0.03424586,0.00385278,NA
Growth,YPDANISO20_48h,SNPs,SNP_chromosome13_563083_A_G,13,563083,1.91E-06,0.16101673,0.03358082,0.00834908,NA
Growth,YPDANISO50_24h,SNPs,SNP_chromosome5_509962_A_G,5,509962,2.17E-07,-0.2722764,0.05210722,0.01613579,NA
Growth,YPDANISO50_24h,SNPs,SNP_chromosome8_432962_A_T,8,432962,3.29E-06,0.23322521,0.04981616,0.01712175,NA
Growth,YPDANISO50_40h,SNPs,SNP_chromosome5_509962_A_G,5,509962,2.35E-06,-0.2543017,0.05351732,0.01380663,NA
Growth,YPDANISO50_40h,SNPs,SNP_chromosome15_345516_C_T,15,345516,2.63E-06,-0.2014702,0.04260684,0.00589668,NA
Growth,YPDANISO50_40h,SNPs,SNP_chromosome4_621144_A_G,4,621144,3.12E-06,-0.2202458,0.04693633,0.01000246,NA
Growth,YPDANISO50_40h,SNPs,SNP_chromosome15_437278_C_A,15,437278,4.03E-06,-0.235424,0.05075279,0.01037069,NA
Growth,YPDANISO50_40h,SNPs,SNP_chromosome15_617145_A_G,15,617145,4.70E-06,0.29539143,0.06413211,0.0237703,NA
Growth,YPDANISO50_40h,SNPs,SNP_chromosome13_554399_A_G,13,554399,5.60E-06,-0.3384016,0.07406875,0.0937693,NA
Growth,YPDBENOMYL200_24h,SNPs,SNP_chromosome4_621144_A_G,4,621144,1.18E-06,-0.2342931,0.04789105,0.01127416,NA
Growth,YPDBENOMYL200_24h,SNPs,SNP_chromosome12_909826_G_A,12,909826,1.67E-06,-0.2402635,0.04982947,0.01584544,NA
Growth,YPDBENOMYL200_40h,SNPs,SNP_chromosome12_909826_G_A,12,909826,3.11E-06,-0.2270795,0.04838397,0.01415416,NA
Growth,YPDBENOMYL200_40h,SNPs,SNP_chromosome4_621144_A_G,4,621144,5.48E-06,-0.2098427,0.04588382,0.00904384,NA
Growth,YPDBENOMYL500_24h,SNPs,SNP_chromosome12_909826_G_A,12,909826,1.01E-06,-0.2122494,0.04310887,0.01237225,NA
Growth,YPDBENOMYL500_40h,SNPs,SNP_chromosome14_205427_T_C,14,205427,8.21E-07,-0.2029748,0.04087623,0.0155682,NA
Growth,YPDBENOMYL500_48h,SNPs,SNP_chromosome14_205427_T_C,14,205427,1.43E-06,-0.1978968,0.04076963,0.01479897,NA
Growth,YPDCAFEIN40_24h,SVs,CNV_YX00433_Cov1.25,3,190232,1.99E-07,-0.1513585,0.0288751,0.01359501,NA
Growth,YPDCAFEIN40_24h,SNPs,SNP_chromosome12_396231_G_C,12,396231,3.13E-07,-0.234198,0.04543214,0.01293843,NA
Growth,YPDCAFEIN40_24h,SNPs,SNP_chromosome16_758982_A_G,16,758982,1.82E-06,-0.3320983,0.06911852,0.02596124,NA
Growth,YPDCAFEIN40_24h,SNPs,SNP_chromosome7_593640_A_C,7,593640,3.61E-06,-0.3086577,0.06620327,0.04257743,NA
Growth,YPDCAFEIN40_24h,SNPs,SNP_chromosome10_639419_G_A,10,639419,7.38E-06,-0.3341616,0.0741051,0.03226415,NA
Growth,YPDCAFEIN40_40h,SNPs,SNP_chromosome12_396231_G_C,12,396231,3.22E-07,-0.2297605,0.0446215,0.01240782,NA
Growth,YPDCAFEIN40_48h,SNPs,SNP_chromosome12_396231_G_C,12,396231,4.96E-07,-0.2260772,0.04463449,0.01201321,NA
Growth,YPDCAFEIN40_48h,SNPs,SNP_chromosome10_654812_A_G,10,654812,2.43E-06,-0.2301848,0.048511,0.01145473,NA
Growth,YPDCAFEIN40_48h,SVs,CNV_YX00433_Cov1.25,3,190232,5.59E-06,-0.1250053,0.02735873,0.00924328,NA
Growth,YPDCAFEIN50_24h,SNPs,SNP_chromosome10_639419_G_A,10,639419,3.03E-07,-0.3807143,0.07376648,0.04182975,NA
Growth,YPDCAFEIN50_24h,SNPs,SNP_chromosome12_396231_G_C,12,396231,1.10E-06,-0.224797,0.04582016,0.01190628,NA
Growth,YPDCAFEIN50_24h,SVs,CNV_YX00433_Cov1.25,3,190232,2.01E-06,-0.1417456,0.02962898,0.01190872,NA
Growth,YPDCAFEIN50_40h,SNPs,SNP_chromosome12_396231_G_C,12,396231,2.19E-06,-0.2125638,0.04459634,0.01067107,NA
Growth,YPDCAFEIN50_48h,SNPs,SNP_chromosome12_396231_G_C,12,396231,1.49E-06,-0.2158959,0.04455956,0.01100825,NA
Growth,YPDCHX05_24h,SNPs,SNP_chromosome15_437278_C_A,15,437278,2.58E-06,-0.2387283,0.05044788,0.01065625,NA
Growth,YPDCHX05_24h,SNPs,SNP_chromosome10_120365_C_T,10,120365,3.35E-06,-0.3393414,0.07254552,0.02493016,NA
Growth,YPDCHX05_40h,SNPs,SNP_chromosome10_120365_C_T,10,120365,3.26E-07,-0.3711271,0.07211089,0.02980208,NA
Growth,YPDCHX05_40h,SNPs,SNP_chromosome12_188452_G_A,12,188452,2.75E-06,0.36654983,0.07767562,0.04579324,NA
Growth,YPDCHX05_48h,SNPs,SNP_chromosome10_120365_C_T,10,120365,5.08E-07,-0.3649638,0.07212065,0.02880721,NA
Growth,YPDCUSO410MM_24h,SVs,CNV_YHR053C_Cov1.25,8,212535,3.14E-57,-0.5573993,0.03249052,0.31211536,NA
Growth,YPDCUSO410MM_24h,SVs,SV_3139_DUP_chromosome8_212057_len_1931,8,212057,1.97E-24,0.32862387,0.03127219,0.07588346,NA
Growth,YPDCUSO410MM_24h,SVs,CNV_YX01590_Cov1.25,8,208681,1.44E-13,0.23318561,0.03105138,0.03301511,NA
Growth,YPDCUSO410MM_24h,SVs,SV_3145_INS_chromosome8_213988_len_7923,8,213988,1.01E-12,0.19515214,0.02697467,0.01967116,NA
Growth,YPDCUSO410MM_24h,SVs,SV_3142_DUP_chromosome8_212368_len_887,8,212368,6.62E-09,0.23609425,0.04030985,0.0199315,NA
Growth,YPDCUSO410MM_24h,SVs,SV_3117_DUP_chromosome8_212030_len_1165,8,212030,9.67E-09,0.16841489,0.02908001,0.01216942,NA
Growth,YPDCUSO410MM_24h,SVs,CNV_YX01587_Cov2.25,8,198463,1.42E-06,0.13464066,0.02773117,0.0066774,NA
Growth,YPDCUSO410MM_24h,SVs,SV_3143_INS_chromosome8_213195_len_15330,8,213195,4.18E-06,0.12403608,0.02678518,0.00483898,NA
Growth,YPDCUSO410MM_40h,SVs,CNV_YHR053C_Cov1.25,8,212535,2.62E-58,-0.5532759,0.03189431,0.30751468,NA
Growth,YPDCUSO410MM_40h,SVs,SV_3139_DUP_chromosome8_212057_len_1931,8,212057,1.80E-25,0.33111674,0.03077373,0.0770391,NA
Growth,YPDCUSO410MM_40h,SVs,CNV_YX01590_Cov1.25,8,208681,2.30E-14,0.2372549,0.03056874,0.03417745,NA
Growth,YPDCUSO410MM_40h,SVs,SV_3145_INS_chromosome8_213988_len_7923,8,213988,1.26E-11,0.18230956,0.02656138,0.01716731,NA
Growth,YPDCUSO410MM_40h,SVs,SV_3117_DUP_chromosome8_212030_len_1165,8,212030,1.33E-10,0.18489983,0.02844374,0.01466837,NA
Growth,YPDCUSO410MM_40h,SVs,SV_3142_DUP_chromosome8_212368_len_887,8,212368,2.54E-08,0.22468948,0.03997269,0.01805239,NA
Growth,YPDCUSO410MM_40h,SVs,CNV_YX01587_Cov2.25,8,198463,3.12E-08,0.15150489,0.02713081,0.0084549,NA
Growth,YPDCUSO410MM_48h,SVs,CNV_YHR053C_Cov1.25,8,212535,7.34E-60,-0.5593663,0.03174489,0.31462826,NA
Growth,YPDCUSO410MM_48h,SVs,SV_3139_DUP_chromosome8_212057_len_1931,8,212057,7.49E-26,0.33343056,0.0307284,0.07819564,NA
Growth,YPDCUSO410MM_48h,SVs,CNV_YX01590_Cov1.25,8,208681,9.96E-15,0.24034579,0.03052474,0.03510792,NA
Growth,YPDCUSO410MM_48h,SVs,SV_3145_INS_chromosome8_213988_len_7923,8,213988,1.00E-11,0.18299353,0.02653031,0.01731321,NA
Growth,YPDCUSO410MM_48h,SVs,SV_3117_DUP_chromosome8_212030_len_1165,8,212030,5.76E-11,0.18828359,0.02839322,0.01522497,NA
Growth,YPDCUSO410MM_48h,SVs,SV_3142_DUP_chromosome8_212368_len_887,8,212368,1.62E-08,0.22773262,0.03994541,0.01856276,NA
Growth,YPDCUSO410MM_48h,SVs,CNV_YX01587_Cov2.25,8,198463,3.32E-08,0.15106788,0.02710902,0.00841438,NA
Growth,YPDCUSO410MM_48h,SVs,SV_3143_INS_chromosome8_213195_len_15330,8,213195,1.54E-06,0.12695473,0.02624091,0.00507433,NA
Growth,YPDDMSO_24h,SVs,CNV_YX02219_Cov0.75,11,529112,1.99E-06,-0.1620621,0.03386132,0.00709944,NA
Growth,YPDDMSO_24h,SNPs,SNP_chromosome16_467237_C_T,16,467237,2.58E-06,-0.3325292,0.07026786,0.06926897,NA
Growth,YPDDMSO_40h,SNPs,SNP_chromosome4_621144_A_G,4,621144,3.07E-06,-0.227618,0.04847204,0.01063609,NA
Growth,YPDDMSO_40h,SNPs,SNP_chromosome16_467237_C_T,16,467237,4.93E-06,-0.3383785,0.07362887,0.07172736,NA
Growth,YPDDMSO_40h,SNPs,SNP_chromosome2_668624_G_A,2,668624,6.33E-06,-0.2128171,0.04685177,0.00811449,NA
Growth,YPDDMSO_48h,SNPs,SNP_chromosome4_621144_A_G,4,621144,1.23E-06,-0.2383762,0.04880024,0.01166527,NA
Growth,YPDDMSO_48h,SNPs,SNP_chromosome2_668624_G_A,2,668624,5.12E-06,-0.2166659,0.04722819,0.00841065,NA
Growth,YPDDMSO_48h,SNPs,SNP_chromosome16_467237_C_T,16,467237,1.11E-05,-0.3314251,0.07497121,0.06880976,NA
Growth,YPDETOH_24h,SNPs,SNP_chromosome12_802593_T_C,12,802593,9.50E-06,-0.3152841,0.07078776,0.02483823,NA
Growth,YPDETOH_40h,SVs,CNV_YHL009W-B_Cov1.25,8,85909,4.40E-06,0.23856845,0.05163575,0.04444679,NA
Growth,YPDFLUCONAZOLE_24h,SVs,CNV_YX01669_Cov0.25,8,515736,7.12E-07,-0.2138557,0.04282319,0.03392211,NA
Growth,YPDFLUCONAZOLE_40h,SVs,CNV_YX01669_Cov0.25,8,515736,4.99E-06,-0.1945587,0.04235576,0.02805546,NA
Growth,YPDFORMAMIDE4_24h,SVs,CNV_YX01669_Cov0.25,8,515736,4.58E-06,-0.1992355,0.04320277,0.02952335,NA
Growth,YPDHU_24h,SNPs,SNP_chromosome7_638188_G_A,7,638188,1.26E-06,-0.3439975,0.07050593,0.07235135,NA
Growth,YPDKCL2M_24h,SNPs,SNP_chromosome7_26299_A_G,7,26299,1.80E-07,-0.2020952,0.03841587,0.03028219,NA
Growth,YPDKCL2M_24h,SNPs,SNP_chromosome14_120092_T_C,14,120092,2.87E-06,-0.2659033,0.05645456,0.024637,NA
Growth,YPDLICL250MM_24h,SVs,CNV_YDR038C_Cov1.25,4,527422,2.67E-08,0.24823679,0.04423154,0.06156769,NA
Growth,YPDLICL250MM_40h,SVs,CNV_YDR038C_Cov2.75,4,527422,1.86E-08,0.20037414,0.03530222,0.02102772,NA
Growth,YPDLICL250MM_40h,SNPs,SNP_chromosome14_233081_A_G,14,233081,1.45E-06,-0.3264083,0.06728922,0.10008418,NA
Growth,YPDLICL250MM_48h,SVs,CNV_YDR038C_Cov2.75,4,527422,7.60E-09,0.20511603,0.0351633,0.02204743,NA
Growth,YPDLICL250MM_48h,SNPs,SNP_chromosome14_233081_A_G,14,233081,7.77E-07,-0.334944,0.06730413,0.10544773,NA
Growth,YPDNACL15M_24h,SNPs,SNP_chromosome16_705366_G_A,16,705366,5.11E-08,0.25741538,0.04684845,0.01297213,NA
Growth,YPDNACL15M_24h,SNPs,SNP_chromosome8_408675_G_T,8,408675,4.68E-06,-0.1760054,0.038204,0.00762946,NA
Growth,YPDNACL15M_24h,INDELs,INDEL_chromosome15_1048882,15,1048882,7.77E-06,-0.2299254,0.05111841,0.01517022,NA
Growth,YPDNACL15M_40h,SNPs,SNP_chromosome16_705366_G_A,16,705366,1.43E-07,0.24661437,0.0465014,0.01191966,NA
Growth,YPDNACL15M_40h,SVs,CNV_YDR038C_Cov1.25,4,527422,4.45E-07,0.21615303,0.04249808,0.04673349,NA
Growth,YPDNACL15M_40h,SNPs,SNP_chromosome4_1351633_A_G,4,1351633,4.09E-06,-0.2360683,0.0509242,0.01055251,NA
Growth,YPDNACL15M_48h,SVs,CNV_YDR038C_Cov1.25,4,527422,5.33E-08,0.23171006,0.04223035,0.0537026,NA
Growth,YPDNACL15M_48h,SNPs,SNP_chromosome16_705366_G_A,16,705366,7.33E-08,0.25132053,0.04629763,0.01237893,NA
Growth,YPDNACL1M_24h,SVs,CNV_YDR038C_Cov1.25,4,527422,9.03E-10,0.26171673,0.04226434,0.06843583,NA
Growth,YPDNACL1M_24h,SNPs,SNP_chromosome16_705366_G_A,16,705366,8.93E-07,0.23013292,0.04650375,0.01036811,NA
Growth,YPDNACL1M_24h,SNPs,SNP_chromosome12_1051821_C_T,12,1051821,4.19E-06,-0.2045764,0.04417793,0.01144715,NA
Growth,YPDNACL1M_40h,SVs,CNV_YDR038C_Cov1.25,4,527422,4.99E-09,0.24230411,0.04102902,0.05862938,NA
Growth,YPDNACL1M_40h,SNPs,SNP_chromosome16_705366_G_A,16,705366,7.74E-08,0.24161478,0.044591,0.01142253,NA
Growth,YPDNACL1M_48h,SNPs,SNP_chromosome16_705366_G_A,16,705366,1.28E-08,0.25243689,0.04396091,0.0124687,NA
Growth,YPDNACL1M_48h,SVs,CNV_YDR038C_Cov1.25,4,527422,2.75E-08,0.22812123,0.04068602,0.05196671,NA
Growth,YPDNYSTATIN_24h,SVs,CNV_YX00433_Cov1.25,3,190232,3.49E-07,-0.1814141,0.0353363,0.01954201,NA
Growth,YPDNYSTATIN_48h,SVs,CNV_YMR158C-A_Cov5.75,13,573194,5.87E-06,-0.1822643,0.03998307,0.0293243,NA
Growth,YPDSDS_24h,SVs,CNV_YLR162W-A_Cov134.75,12,490406,8.93E-10,-0.1670787,0.02697222,0.00692446,NA
Growth,YPDSDS_24h,SVs,CNV_YOR084W_Cov0.75,15,480587,2.99E-06,0.1682173,0.03577721,0.02821549,NA
Growth,YPDSDS_24h,SNPs,SNP_chromosome14_469102_C_T,14,469102,3.55E-06,-0.2378512,0.05097721,0.01515366,NA
Growth,YPDSDS_40h,SVs,CNV_YLR162W-A_Cov134.75,12,490406,5.70E-09,-0.1619126,0.02752218,0.00649429,NA
Growth,YPDSDS_48h,SVs,CNV_YLR162W-A_Cov134.75,12,490406,1.83E-08,-0.1578482,0.02779235,0.00618355,NA
Growth,YPDSDS_48h,INDELs,INDEL_chromosome13_305187,13,305187,6.41E-06,0.28546917,0.06288261,0.07354604,NA
Growth,YPDSODIUMMETAARSENITE_24h,SVs,CNV_YPR197C_Cov0.75,16,933898,1.03E-17,0.3580484,0.04090673,0.09847697,NA
Growth,YPDSODIUMMETAARSENITE_24h,SNPs,SNP_chromosome15_643871_C_T,15,643871,7.28E-06,-0.3474668,0.07700641,0.10164956,NA
Growth,YPDSODIUMMETAARSENITE_40h,SVs,CNV_YPR197C_Cov0.75,16,933898,2.43E-28,0.44160393,0.03862619,0.14969353,NA
Growth,YPDSODIUMMETAARSENITE_40h,SVs,CNV_YX02591_Cov1.75,13,20560,1.46E-07,0.31906266,0.06019588,0.05418237,NA
Growth,YPDSODIUMMETAARSENITE_40h,SVs,CNV_YPR192W_Cov1.25,16,921860,3.29E-06,0.24012691,0.05128961,0.02423564,NA
Growth,YPDSODIUMMETAARSENITE_48h,SVs,CNV_YPR201W_Cov1.75,16,939922,5.43E-31,0.45879008,0.03813987,0.15789457,NA
Growth,YPDSODIUMMETAARSENITE_48h,SVs,CNV_YX02591_Cov1.75,13,20560,2.33E-07,0.31188627,0.05984398,0.05177243,NA
Growth,YPETHANOL_24h,SVs,CNV_YX01669_Cov0.25,8,515736,6.49E-07,-0.2062781,0.0411541,0.03160953,NA
Growth,YPETHANOL_24h,SVs,CNV_YGR227C-A_Cov0.75,7,949052,7.13E-07,0.16991122,0.03402553,0.02479491,NA
Growth,YPETHANOL_40h,SNPs,SNP_chromosome12_163192_A_G,12,163192,3.96E-06,0.24343932,0.05243702,0.02564451,NA
Growth,YPETHANOL_48h,SNPs,SNP_chromosome12_163192_A_G,12,163192,7.21E-06,0.23960551,0.05308041,0.02484314,NA
Growth,YPETHANOL_48h,SVs,CNV_YX00446_Cov0.75,3,193857,9.49E-06,-0.1462684,0.03283801,0.00847473,NA
Growth,YPGALACTOSE_24h,SVs,CNV_YX01871_Cov1.75,9,439126,1.54E-07,-0.2138841,0.04042773,0.01026123,NA
Growth,YPGALACTOSE_24h,SNPs,SNP_chromosome13_633869_T_C,13,633869,4.46E-07,-0.1873022,0.03682847,0.00629141,NA
Growth,YPGALACTOSE_24h,SNPs,SNP_chromosome16_118878_T_C,16,118878,4.85E-06,0.19449239,0.04228694,0.00802271,NA
Growth,YPGALACTOSE_40h,SVs,CNV_YX01871_Cov1.75,9,439126,6.25E-08,-0.2194147,0.04020146,0.01079875,NA
Growth,YPGALACTOSE_40h,SNPs,SNP_chromosome11_619671_G_T,11,619671,4.39E-07,0.22035006,0.04330027,0.00975259,NA
Growth,YPGALACTOSE_40h,SNPs,SNP_chromosome16_118878_T_C,16,118878,1.57E-06,0.20269759,0.04192751,0.00871391,NA
Growth,YPGALACTOSE_40h,SVs,CNV_YX01520_Cov1.75,8,2744,3.03E-06,-0.2491858,0.05303382,0.01536708,NA
Growth,YPGALACTOSE_48h,SVs,CNV_YX01871_Cov1.75,9,439126,5.42E-08,-0.2207049,0.04024692,0.01092612,NA
Growth,YPGALACTOSE_48h,SVs,CNV_YX01520_Cov1.75,8,2744,1.68E-06,-0.2558678,0.05307699,0.01620228,NA
Growth,YPGALACTOSE_48h,SNPs,SNP_chromosome11_619671_G_T,11,619671,4.04E-06,0.20144059,0.04343102,0.00815056,NA
Growth,YPGLYCEROL_24h,SVs,CNV_YX01804_Cov0.75,9,114339,3.26E-07,0.17853032,0.03468767,0.01526451,NA
Growth,YPGLYCEROL_24h,SVs,CNV_YX01669_Cov0.25,8,515736,3.27E-07,-0.2056781,0.03996769,0.03142594,NA
Growth,YPGLYCEROL_24h,SVs,CNV_YX00388_Cov0.25,3,879,2.80E-06,0.15895252,0.03370906,0.01548037,NA
Growth,YPGLYCEROL_24h,SVs,CNV_YJL188C_Cov0.75,10,76202,3.12E-06,0.15694978,0.03344427,0.01481936,NA
Growth,YPGLYCEROL_24h,SVs,CNV_YGR227C-A_Cov0.75,7,949052,3.41E-06,0.15346364,0.03283347,0.0202269,NA
Growth,YPGLYCEROL_40h,SVs,CNV_YX01669_Cov0.25,8,515736,1.32E-06,-0.1960643,0.04025375,0.02855678,NA
Growth,YPGLYCEROL_40h,SVs,CNV_YX01804_Cov0.75,9,114339,1.72E-06,0.16825795,0.03493948,0.01355845,NA
Growth,YPGLYCEROL_40h,SVs,CNV_YIL119C_Cov0.75,9,136654,7.56E-06,0.15693341,0.03484461,0.01042438,NA
Growth,YPGLYCEROL_48h,SVs,CNV_YX01804_Cov0.75,9,114339,1.79E-06,0.17023112,0.03540977,0.01387832,NA
Transcriptomics,YPL001W.RNASeq,SNPs,SNP_chromosome13_169890_A_G,13,169890,3.13E-07,0.28343745,0.05498565,0.01681126,Distant
Transcriptomics,YPL001W.RNASeq,SVs,SV_4374_DEL_chromosome11_517455_len_-330_TyRelated,11,517455,3.74E-06,-0.1875305,0.04029237,0.01482818,Distant
Transcriptomics,YPL001W.RNASeq,SNPs,SNP_chromosome15_586701_A_C,15,586701,4.66E-06,0.16668609,0.03617577,0.01373762,Distant
Transcriptomics,YPL002C.RNASeq,SNPs,SNP_chromosome16_554350_C_A,16,554350,2.01E-25,-0.3516612,0.03272088,0.0473065,Local
Transcriptomics,YPL002C.RNASeq,SNPs,SNP_chromosome16_554689_G_A,16,554689,8.60E-11,0.26742355,0.04071185,0.05084202,Local
Transcriptomics,YPL002C.RNASeq,SNPs,SNP_chromosome16_561360_G_A,16,561360,1.23E-08,-0.1945008,0.0338337,0.0162088,Local
Transcriptomics,YPL002C.RNASeq,SNPs,SNP_chromosome16_558975_A_C,16,558975,1.06E-07,-0.1727127,0.03222628,0.00635121,Local
Transcriptomics,YPL003W.RNASeq,SNPs,SNP_chromosome8_319580_C_T,8,319580,1.07E-06,0.31712178,0.06455622,0.02390242,Distant
Proteomics,YPL004C.SMProt,SNPs,SNP_chromosome16_499778_A_G,16,499778,2.27E-06,0.18522028,0.03886362,0.00802046,Distant
Transcriptomics,YPL010W.RNASeq,SNPs,SNP_chromosome15_586701_A_C,15,586701,7.27E-08,0.19551339,0.03600728,0.01890017,Distant
Transcriptomics,YPL010W.RNASeq,SNPs,SNP_chromosome7_43400_A_G,7,43400,2.71E-07,0.23459182,0.045271,0.01009772,Distant
Transcriptomics,YPL012W.RNASeq,SNPs,SNP_chromosome7_655851_C_T,7,655851,1.70E-06,0.18642571,0.0386916,0.00632993,Distant
Transcriptomics,YPL015C.RNASeq,SVs,CNV_YX01799_Cov0.25,9,63995,5.27E-06,-0.2334499,0.05095477,0.05383655,Distant
Transcriptomics,YPL019C.RNASeq,SNPs,SNP_chromosome7_749414_T_C,7,749414,3.86E-06,-0.3082534,0.0663225,0.08838066,Distant
Transcriptomics,YPL020C.RNASeq,SNPs,SNP_chromosome16_514415_G_A,16,514415,5.31E-11,-0.263414,0.0396494,0.01029404,Local
Transcriptomics,YPL026C.RNASeq,SNPs,SNP_chromosome7_413763_T_C,7,413763,4.15E-07,-0.1758686,0.03448593,0.00837941,Distant
Transcriptomics,YPL026C.RNASeq,SNPs,SNP_chromosome10_434858_A_G,10,434858,1.53E-06,-0.2425381,0.05011153,0.05176327,Distant
Transcriptomics,YPL030W.RNASeq,SNPs,SNP_chromosome10_524477_G_A,10,524477,3.67E-06,0.26946265,0.05784113,0.04369156,Distant
Transcriptomics,YPL031C.RNASeq,SNPs,SNP_chromosome11_291521_A_G,11,291521,7.73E-06,0.25228731,0.05607912,0.01379831,Distant
Transcriptomics,YPL036W.RNASeq,SNPs,SNP_chromosome11_7067_C_T,11,7067,2.01E-07,0.31433219,0.05999839,0.04341307,Distant
Transcriptomics,YPL038W.RNASeq,SVs,CNV_YX00594_Cov0.25,4,46858,4.60E-07,0.17498132,0.03444607,0.00636245,Distant
Transcriptomics,YPL041C.RNASeq,SNPs,SNP_chromosome16_475831_T_C,16,475831,2.13E-10,-0.3110466,0.0484048,0.08607656,Local
Transcriptomics,YPL041C.RNASeq,SVs,SV_6206_INS_chromosome16_15495_len_53,16,15495,3.29E-07,0.1784957,0.03469506,0.01112718,Distant
Transcriptomics,YPL041C.RNASeq,SVs,SV_4990_TRA_chromosome13_6184_len_8381,13,6184,9.05E-07,0.18207026,0.03681263,0.02122208,Distant
Transcriptomics,YPL042C.RNASeq,SNPs,SNP_chromosome12_507985_G_A,12,507985,9.61E-07,0.26489195,0.05368837,0.0172535,Distant
Transcriptomics,YPL043W.RNASeq,SNPs,SNP_chromosome7_655851_C_T,7,655851,4.52E-06,0.17636911,0.03822266,0.00566542,Distant
Proteomics,YPL043W.SMProt,SNPs,SNP_chromosome16_379241_G_C,16,379241,1.09E-06,-0.1867562,0.03798585,0.01380895,Distant
Transcriptomics,YPL045W.RNASeq,SNPs,SNP_chromosome14_59960_G_A,14,59960,5.18E-06,-0.1971266,0.04299132,0.00855386,Distant
Transcriptomics,YPL046C.RNASeq,SNPs,SNP_chromosome13_729020_G_C,13,729020,2.22E-06,-0.2241009,0.04704803,0.04703452,Distant
Transcriptomics,YPL048W.RNASeq,SNPs,SNP_chromosome9_281757_A_G,9,281757,3.19E-07,0.22945463,0.04454733,0.01362141,Distant
Proteomics,YPL048W.SCProt,SNPs,SNP_chromosome13_431763_T_C,13,431763,2.07E-06,0.2686907,0.05622201,0.03253563,Distant
Transcriptomics,YPL049C.RNASeq,SVs,CNV_YDL227C_Cov0.75,4,46271,1.83E-07,0.16896824,0.03213924,0.00725435,Distant
Transcriptomics,YPL049C.RNASeq,SNPs,SNP_chromosome16_463609_C_G,16,463609,6.01E-06,0.18042363,0.03962314,0.02549177,Local
Transcriptomics,YPL053C.RNASeq,SNPs,SNP_chromosome15_902954_C_A,15,902954,8.61E-08,-0.2301669,0.04263474,0.00868981,Distant
Transcriptomics,YPL053C.RNASeq,SNPs,SNP_chromosome15_167922_C_T,15,167922,7.54E-07,0.33183963,0.06660491,0.08456522,Distant
Transcriptomics,YPL054W.RNASeq,SNPs,SNP_chromosome16_456024_C_T,16,456024,1.94E-13,0.25980284,0.03479117,0.01977048,Local
Transcriptomics,YPL054W.RNASeq,SNPs,SNP_chromosome16_455538_T_C,16,455538,1.12E-07,-0.2430723,0.04543466,0.04763978,Local
Transcriptomics,YPL058C.RNASeq,INDELs,INDEL_chromosome15_586827,15,586827,2.01E-06,-0.2576503,0.0538586,0.01177158,Distant
Proteomics,YPL061W.SCProt,SVs,CNV_YX03390_Cov0.25,16,919791,3.71E-07,0.18278764,0.03568024,0.0149507,Distant
Proteomics,YPL061W.SCProt,SNPs,SNP_chromosome12_703611_A_G,12,703611,5.73E-07,-0.2937306,0.05830352,0.0865915,Distant
Proteomics,YPL061W.SCProt,SNPs,SNP_chromosome13_798749_C_T,13,798749,6.12E-07,0.19391942,0.03859151,0.00769,Distant
Proteomics,YPL061W.SCProt,INDELs,INDEL_chromosome7_417241,7,417241,8.42E-07,-0.1915834,0.03861467,0.03151126,Distant
Proteomics,YPL061W.SCProt,SNPs,SNP_chromosome13_369812_T_C,13,369812,3.22E-06,0.2022348,0.04314802,0.00962571,Distant
Proteomics,YPL061W.SCProt,SNPs,SNP_chromosome16_628161_A_G,16,628161,4.47E-06,0.16984907,0.03678398,0.00694517,Distant
Proteomics,YPL061W.SMProt,SNPs,SNP_chromosome3_242071_C_T,3,242071,7.64E-07,-0.3566411,0.07150111,0.1013389,Distant
Proteomics,YPL061W.SMProt,SNPs,SNP_chromosome2_388435_C_G,2,388435,3.95E-06,-0.3321228,0.07143246,0.02132013,Distant
Transcriptomics,YPL062W.RNASeq,SNPs,SNP_chromosome16_431822_G_A,16,431822,8.02E-08,0.18740671,0.03463063,0.01732554,Local
Transcriptomics,YPL062W.RNASeq,SNPs,SNP_chromosome16_431737_G_A,16,431737,2.59E-06,-0.2033309,0.04297638,0.03699481,Local
Transcriptomics,YPL063W.RNASeq,SVs,SV_5244_DEL_chromosome13_600892_len_-698,13,600892,9.18E-07,-0.2005313,0.04056742,0.01447816,Distant
Proteomics,YPL063W.SMProt,SNPs,SNP_chromosome7_46890_T_C,7,46890,1.91E-06,0.39836957,0.08297205,0.14812433,Distant
Proteomics,YPL063W.SMProt,SNPs,SNP_chromosome4_393566_C_T,4,393566,3.68E-06,0.29741539,0.06376029,0.02623998,Distant
Proteomics,YPL063W.SMProt,SNPs,SNP_chromosome13_644704_T_C,13,644704,4.22E-06,0.31354104,0.06764172,0.01506789,Distant
Transcriptomics,YPL065W.RNASeq,SNPs,SNP_chromosome3_218091_A_T,3,218091,4.25E-06,-0.1572871,0.03398877,0.0047726,Distant
Transcriptomics,YPL066W.RNASeq,SNPs,SNP_chromosome4_1184604_T_A,4,1184604,1.26E-06,0.19862354,0.04071156,0.00947222,Distant
Transcriptomics,YPL067C.RNASeq,SNPs,SNP_chromosome16_425451_A_G,16,425451,9.05E-07,-0.2975981,0.06017007,0.07848308,Local
Proteomics,YPL067C.SMProt,SNPs,SNP_chromosome16_425121_G_A,16,425121,4.93E-07,-0.3519343,0.06934864,0.07752779,Local
Proteomics,YPL067C.SMProt,SNPs,SNP_chromosome10_312363_T_C,10,312363,8.37E-07,-0.2011762,0.04048189,0.0207228,Distant
Transcriptomics,YPL069C.RNASeq,SNPs,SNP_chromosome12_1021039_T_C,12,1021039,5.93E-06,0.23463198,0.05149608,0.02799691,Distant
Transcriptomics,YPL072W.RNASeq,SVs,CNV_YX02137_Cov0.25,11,1299,2.72E-06,0.18511921,0.03921276,0.02872371,Distant
Transcriptomics,YPL077C.RNASeq,SNPs,SNP_chromosome16_410239_T_G,16,410239,5.21E-09,0.20500367,0.03475753,0.00815167,Local
Transcriptomics,YPL077C.RNASeq,SNPs,SNP_chromosome8_16906_A_C,8,16906,3.12E-06,0.17454473,0.03719545,0.01983298,Distant
Transcriptomics,YPL078C.RNASeq,SNPs,SNP_chromosome4_1318821_T_C,4,1318821,2.01E-07,0.34975326,0.06675832,0.06586452,Distant
Proteomics,YPL078C.SCProt,SVs,CNV_YX00718_Cov0.25,4,710032,1.69E-06,0.26080823,0.05410493,0.06768358,Distant
Proteomics,YPL078C.SCProt,SNPs,SNP_chromosome11_80353_T_C,11,80353,8.54E-06,0.30876307,0.06894921,0.04529853,Distant
Proteomics,YPL078C.SMProt,INDELs,INDEL_chromosome5_396137,5,396137,7.03E-06,-0.2580723,0.0570263,0.01255485,Distant
Proteomics,YPL078C.SMProt,SNPs,SNP_chromosome5_396831_G_A,5,396831,7.39E-06,-0.2612575,0.05786796,0.0123198,Distant
Transcriptomics,YPL080C.RNASeq,SVs,CNV_YBR188C_Cov0.75,2,603685,5.09E-08,-0.2639029,0.0480229,0.0133759,Distant
Transcriptomics,YPL080C.RNASeq,SVs,CNV_YBR250W_Cov1.25,2,719033,9.98E-07,-0.1762404,0.03577477,0.00608815,Distant
Transcriptomics,YPL081W.RNASeq,SVs,CNV_YBR188C_Cov0.75,2,603685,1.99E-07,-0.2554335,0.04873194,0.01253114,Distant
Transcriptomics,YPL081W.RNASeq,SVs,CNV_YBR250W_Cov1.25,2,719033,2.09E-06,-0.1679109,0.03515938,0.00552627,Distant
Transcriptomics,YPL083C.RNASeq,SNPs,SNP_chromosome11_411807_G_T,11,411807,8.84E-07,0.28715949,0.05800555,0.01585525,Distant
Transcriptomics,YPL083C.RNASeq,SNPs,SNP_chromosome12_313034_C_G,12,313034,2.46E-06,0.39275627,0.08281602,0.04033277,Distant
Transcriptomics,YPL083C.RNASeq,SNPs,SNP_chromosome14_194533_C_T,14,194533,5.42E-06,0.27547793,0.06020902,0.06683677,Distant
Proteomics,YPL085W.SMProt,SNPs,SNP_chromosome2_313154_T_C,2,313154,1.63E-06,0.31591014,0.06534266,0.04907809,Distant
Transcriptomics,YPL086C.RNASeq,SNPs,SNP_chromosome7_655851_C_T,7,655851,6.57E-08,0.21201514,0.03891276,0.00818693,Distant
Transcriptomics,YPL086C.RNASeq,SNPs,SNP_chromosome14_327674_T_C,14,327674,7.35E-06,-0.1529973,0.03392579,0.0051259,Distant
Proteomics,YPL086C.SMProt,SNPs,SNP_chromosome4_1310837_G_A,4,1310837,5.01E-07,-0.3493755,0.06888913,0.10874351,Distant
Transcriptomics,YPL087W.RNASeq,SVs,CNV_YJR148W_Cov1.25,10,705744,2.41E-06,0.17284557,0.03641912,0.00585586,Distant
Transcriptomics,YPL091W.RNASeq,SNPs,SNP_chromosome16_375375_T_A,16,375375,8.43E-59,0.82038691,0.04706861,0.62438845,Local
Transcriptomics,YPL091W.RNASeq,SVs,SV_2994_TRA_chromosome8_13813_len_17579,8,13813,6.77E-20,-0.2906026,0.03107768,0.0248694,Local
Transcriptomics,YPL091W.RNASeq,SNPs,SNP_chromosome16_373847_A_G,16,373847,1.19E-19,-0.4387519,0.04725186,0.17342329,Local
Transcriptomics,YPL091W.RNASeq,SNPs,SNP_chromosome16_376683_A_G,16,376683,8.64E-16,-0.2901428,0.03540591,0.02881255,Local
Transcriptomics,YPL091W.RNASeq,SNPs,SNP_chromosome8_16495_G_C,8,16495,1.13E-14,-0.2831704,0.03604165,0.03993527,Distant
Transcriptomics,YPL091W.RNASeq,SNPs,SNP_chromosome8_15293_C_T,8,15293,1.18E-12,0.29326175,0.04066428,0.07249211,Distant
Transcriptomics,YPL091W.RNASeq,SNPs,SNP_chromosome8_16906_A_C,8,16906,3.79E-09,-0.2342619,0.03935581,0.03572548,Distant
Transcriptomics,YPL091W.RNASeq,SNPs,SNP_chromosome8_15928_T_C,8,15928,3.22E-08,-0.2238194,0.04012436,0.0397341,Distant
Transcriptomics,YPL091W.RNASeq,SNPs,SNP_chromosome8_16805_A_G,8,16805,8.25E-08,-0.246029,0.04550669,0.05313692,Distant
Transcriptomics,YPL091W.RNASeq,SNPs,SNP_chromosome8_30465_G_A,8,30465,5.71E-07,-0.1604644,0.03185595,0.00456001,Distant
Transcriptomics,YPL091W.RNASeq,INDELs,INDEL_chromosome8_32584,8,32584,1.04E-06,-0.1558056,0.03167524,0.00649194,Distant
Proteomics,YPL091W.SCProt,SNPs,SNP_chromosome16_375375_T_A,16,375375,1.11E-46,0.71912535,0.04716146,0.47548032,Local
Proteomics,YPL091W.SCProt,SNPs,SNP_chromosome16_373847_A_G,16,373847,9.73E-13,-0.3261575,0.04503334,0.0941721,Local
Proteomics,YPL091W.SCProt,SVs,SV_2994_TRA_chromosome8_13813_len_17579,8,13813,4.38E-12,-0.2044248,0.02910697,0.01172931,Local
Proteomics,YPL091W.SCProt,SNPs,SNP_chromosome8_455783_T_C,8,455783,1.09E-07,0.160717,0.0300085,0.00960918,Distant
Proteomics,YPL091W.SCProt,SNPs,SNP_chromosome16_369456_T_C,16,369456,5.82E-07,-0.2126755,0.04224211,0.01614322,Local
Proteomics,YPL091W.SCProt,SNPs,SNP_chromosome8_16495_G_C,8,16495,1.23E-06,-0.1704963,0.03489691,0.01398331,Distant
Proteomics,YPL091W.SCProt,SVs,CNV_YAR069C_Cov3.25,1,224011,1.53E-06,0.20617933,0.04259099,0.04001883,Distant
Proteomics,YPL091W.SCProt,SNPs,SNP_chromosome2_797712_T_C,2,797712,4.87E-06,0.12712626,0.02764125,0.00362355,Distant
Proteomics,YPL091W.SMProt,SNPs,SNP_chromosome16_375375_T_A,16,375375,1.56E-53,0.77671858,0.04636471,0.55049605,Local
Proteomics,YPL091W.SMProt,SNPs,SNP_chromosome16_373847_A_G,16,373847,1.68E-19,-0.4150866,0.04466082,0.15175145,Local
Proteomics,YPL091W.SMProt,SVs,SV_2994_TRA_chromosome8_13813_len_17579,8,13813,4.24E-13,-0.2237054,0.03030038,0.01443177,Local
Proteomics,YPL091W.SMProt,SNPs,SNP_chromosome16_376683_A_G,16,376683,2.75E-06,-0.1626235,0.03440899,0.00932367,Local
Transcriptomics,YPL092W.RNASeq,SVs,SV_2994_TRA_chromosome8_13813_len_17579,8,13813,5.72E-26,0.35559201,0.03269045,0.03723664,Local
Transcriptomics,YPL092W.RNASeq,SNPs,SNP_chromosome8_16495_G_C,8,16495,4.00E-22,0.36763473,0.03701462,0.06731224,Distant
Transcriptomics,YPL092W.RNASeq,SNPs,SNP_chromosome16_373847_A_G,16,373847,1.15E-20,0.45846346,0.04797992,0.1893559,Local
Transcriptomics,YPL092W.RNASeq,SNPs,SNP_chromosome16_374156_G_T,16,374156,5.04E-20,-0.4092147,0.04360285,0.14374296,Local
Transcriptomics,YPL092W.RNASeq,SNPs,SNP_chromosome8_16906_A_C,8,16906,2.25E-17,0.34397816,0.03974072,0.07702582,Distant
Transcriptomics,YPL092W.RNASeq,SNPs,SNP_chromosome16_376683_A_G,16,376683,9.18E-17,0.31010609,0.03656649,0.03291385,Local
Transcriptomics,YPL092W.RNASeq,SNPs,SNP_chromosome8_15239_A_G,8,15239,2.63E-16,0.33109638,0.0396634,0.0848765,Distant
Transcriptomics,YPL092W.RNASeq,SNPs,SNP_chromosome8_16805_A_G,8,16805,2.01E-13,0.34564445,0.04631588,0.10487767,Distant
Transcriptomics,YPL092W.RNASeq,SNPs,SNP_chromosome16_410239_T_G,16,410239,1.09E-12,0.25759909,0.03566547,0.012871,Distant
Transcriptomics,YPL092W.RNASeq,SNPs,SNP_chromosome8_15928_T_C,8,15928,2.45E-12,0.29185306,0.04107355,0.06756107,Distant
Transcriptomics,YPL092W.RNASeq,SNPs,SNP_chromosome8_30465_G_A,8,30465,3.10E-08,0.18741293,0.03355631,0.00622025,Distant
Transcriptomics,YPL092W.RNASeq,SVs,CNV_YX01734_Cov0.25,17,741979,7.58E-08,-0.1754674,0.0323621,0.01706285,Distant
Transcriptomics,YPL092W.RNASeq,SNPs,SNP_chromosome8_27733_T_C,8,27733,4.49E-07,0.17296479,0.03401718,0.01193827,Distant
Transcriptomics,YPL092W.RNASeq,SNPs,SNP_chromosome16_422730_T_C,16,422730,7.46E-07,0.19108569,0.03833594,0.01515139,Distant
Transcriptomics,YPL092W.RNASeq,SNPs,SNP_chromosome8_31313_G_A,8,31313,2.05E-06,0.16329042,0.03415956,0.01138861,Distant
Transcriptomics,YPL092W.RNASeq,SNPs,SNP_chromosome4_1302530_T_C,4,1302530,2.12E-06,0.1853022,0.03882645,0.0153668,Distant
Transcriptomics,YPL092W.RNASeq,SNPs,SNP_chromosome8_63614_T_C,8,63614,2.76E-06,0.15675455,0.03322482,0.00621414,Distant
Transcriptomics,YPL092W.RNASeq,SNPs,SNP_chromosome16_584269_T_A,16,584269,3.26E-06,-0.1700486,0.03631076,0.01195048,Distant
Transcriptomics,YPL092W.RNASeq,SNPs,SNP_chromosome14_711925_T_C,14,711925,5.41E-06,-0.2003183,0.04377625,0.01210616,Distant
Transcriptomics,YPL092W.RNASeq,SVs,CNV_YHR217C_Cov1.25,8,556581,6.50E-06,0.1667625,0.03676096,0.02637715,Distant
Transcriptomics,YPL093W.RNASeq,SNPs,SNP_chromosome7_655851_C_T,7,655851,3.40E-06,0.18085747,0.03868886,0.00595745,Distant
Transcriptomics,YPL094C.RNASeq,SNPs,SNP_chromosome12_384386_T_G,12,384386,3.90E-07,0.17090064,0.03343188,0.00692488,Distant
Transcriptomics,YPL094C.RNASeq,SNPs,SNP_chromosome15_675643_A_T,15,675643,9.61E-07,0.26448922,0.0536067,0.02790008,Distant
Transcriptomics,YPL095C.RNASeq,SNPs,SNP_chromosome13_336407_A_G,13,336407,1.81E-06,-0.307036,0.06388781,0.03271108,Distant
Transcriptomics,YPL095C.RNASeq,SNPs,SNP_chromosome16_922958_T_A,16,922958,5.70E-06,-0.2213204,0.04848571,0.03757969,Distant
Transcriptomics,YPL096C-A.RNASeq,SNPs,SNP_chromosome16_366649_G_A,16,366649,2.20E-11,-0.4093721,0.06039363,0.10365127,Local
Transcriptomics,YPL096C-A.RNASeq,SNPs,SNP_chromosome12_1001891_A_G,12,1001891,4.10E-06,-0.2708532,0.0584382,0.05804534,Distant
Transcriptomics,YPL096C-A.RNASeq,SNPs,SNP_chromosome4_809490_C_T,4,809490,6.29E-06,-0.2718797,0.05983932,0.03582855,Distant
Transcriptomics,YPL096W.RNASeq,SVs,CNV_YPL260W_Cov1.25,16,49303,1.29E-06,0.1750224,0.03590686,0.00660473,Distant
Transcriptomics,YPL099C.RNASeq,SVs,CNV_YPL260W_Cov1.25,16,49303,1.02E-06,0.18025881,0.03662805,0.00700585,Distant
Transcriptomics,YPL100W.RNASeq,SVs,CNV_YPL260W_Cov1.25,16,49303,2.35E-06,0.16592506,0.03491965,0.00593597,Distant
Transcriptomics,YPL104W.RNASeq,SNPs,SNP_chromosome8_420789_T_C,8,420789,1.65E-06,-0.1764798,0.03657758,0.00830009,Distant
Transcriptomics,YPL104W.RNASeq,SNPs,SNP_chromosome9_281757_A_G,9,281757,2.73E-06,0.21834595,0.04625831,0.01233442,Distant
Proteomics,YPL105C.SMProt,SVs,CNV_YPL265W_Cov1.25,16,41043,5.84E-06,0.18807775,0.04119432,0.0077829,Distant
Transcriptomics,YPL106C.RNASeq,SNPs,SNP_chromosome16_350204_T_C,16,350204,2.22E-09,-0.231362,0.0382887,0.03156019,Local
Transcriptomics,YPL106C.RNASeq,SNPs,SNP_chromosome13_631591_G_A,13,631591,5.24E-06,-0.2023644,0.04415939,0.01174638,Distant
Proteomics,YPL106C.SCProt,SNPs,SNP_chromosome16_350204_T_C,16,350204,1.66E-27,-0.4110745,0.03653522,0.10032331,Local
Proteomics,YPL106C.SCProt,SNPs,SNP_chromosome16_354978_T_C,16,354978,5.46E-07,0.2162765,0.04284979,0.02265173,Local
Proteomics,YPL106C.SCProt,INDELs,INDEL_chromosome10_37858,10,37858,7.60E-07,0.18115315,0.03636211,0.00858891,Distant
Proteomics,YPL106C.SMProt,SNPs,SNP_chromosome16_350204_T_C,16,350204,3.98E-26,-0.4124164,0.03750738,0.10605792,Local
Proteomics,YPL106C.SMProt,SNPs,SNP_chromosome8_376261_A_G,8,376261,3.90E-07,0.17989945,0.03513253,0.01089045,Distant
Proteomics,YPL106C.SMProt,SNPs,SNP_chromosome12_236470_A_G,12,236470,6.32E-07,-0.1841605,0.03664426,0.00680762,Distant
Proteomics,YPL106C.SMProt,SNPs,SNP_chromosome16_352084_A_G,16,352084,1.97E-06,0.18821586,0.03924648,0.01399537,Local
Transcriptomics,YPL108W.RNASeq,SNPs,SNP_chromosome16_349012_T_G,16,349012,8.19E-10,-0.2360976,0.03802944,0.03302797,Local
Transcriptomics,YPL108W.RNASeq,SNPs,SNP_chromosome16_354275_C_T,16,354275,3.38E-08,0.36569379,0.06565988,0.08666051,Local
Transcriptomics,YPL108W.RNASeq,SNPs,SNP_chromosome16_359989_T_C,16,359989,4.34E-06,0.22592762,0.04887297,0.03054829,Local
Transcriptomics,YPL109C.RNASeq,SNPs,SNP_chromosome16_345435_A_G,16,345435,1.94E-06,-0.2185323,0.04561221,0.03882796,Local
Transcriptomics,YPL109C.RNASeq,SVs,CNV_YPL260W_Cov1.25,16,49303,2.91E-06,0.16162115,0.03433505,0.00563202,Distant
Transcriptomics,YPL109C.RNASeq,SNPs,SNP_chromosome15_873940_T_C,15,873940,7.33E-06,-0.1533584,0.03400117,0.00852324,Distant
Transcriptomics,YPL111W.RNASeq,SNPs,SNP_chromosome13_75275_G_A,13,75275,5.96E-09,-0.3170813,0.05397196,0.08685934,Distant
Transcriptomics,YPL111W.RNASeq,SNPs,SNP_chromosome8_39052_G_A,8,39052,6.02E-08,-0.2755485,0.05042436,0.0159828,Distant
Proteomics,YPL111W.SCProt,SNPs,SNP_chromosome13_75275_G_A,13,75275,1.75E-06,-0.2668925,0.05544781,0.0605925,Distant
Proteomics,YPL111W.SMProt,SNPs,SNP_chromosome13_75275_G_A,13,75275,3.15E-09,-0.3459031,0.05767384,0.10480394,Distant
Transcriptomics,YPL116W.RNASeq,SNPs,SNP_chromosome14_230535_G_A,14,230535,1.79E-06,0.19017598,0.03955448,0.01457001,Distant
Transcriptomics,YPL116W.RNASeq,SNPs,SNP_chromosome5_389576_C_T,5,389576,2.70E-06,0.20834822,0.04411683,0.01493881,Distant
Proteomics,YPL117C.SMProt,SNPs,SNP_chromosome8_250518_A_G,8,250518,1.92E-06,0.22170745,0.04617826,0.01104439,Distant
Proteomics,YPL117C.SMProt,SNPs,SNP_chromosome4_235479_G_A,4,235479,3.95E-06,0.21262951,0.04572926,0.00548559,Distant
Transcriptomics,YPL118W.RNASeq,SVs,CNV_YPL260W_Cov1.25,16,49303,1.95E-07,0.19035069,0.0362902,0.00781226,Distant
Transcriptomics,YPL120W.RNASeq,SVs,CNV_YPL260W_Cov1.25,16,49303,2.59E-07,0.1846681,0.03557602,0.00735278,Distant
Proteomics,YPL127C.SMProt,SNPs,SNP_chromosome14_592657_T_C,14,592657,4.22E-06,0.23210369,0.0500725,0.04427151,Distant
Transcriptomics,YPL134C.RNASeq,SNPs,SNP_chromosome11_584432_T_C,11,584432,5.11E-06,-0.2548649,0.05554927,0.0445763,Distant
Transcriptomics,YPL137C.RNASeq,SNPs,SNP_chromosome16_296884_T_C,16,296884,3.86E-12,0.2914513,0.04140623,0.04022623,Local
Transcriptomics,YPL138C.RNASeq,SVs,CNV_YPL260W_Cov1.25,16,49303,2.59E-06,0.16620257,0.03512919,0.00595584,Distant
Transcriptomics,YPL140C.RNASeq,SVs,CNV_YPL260W_Cov1.25,16,49303,4.46E-07,0.18090231,0.03557029,0.00705596,Distant
Transcriptomics,YPL140C.RNASeq,SNPs,SNP_chromosome4_1122421_A_T,4,1122421,3.31E-06,0.26694352,0.05704,0.02335984,Distant
Transcriptomics,YPL140C.RNASeq,SNPs,SNP_chromosome16_24494_A_G,16,24494,4.85E-06,0.23231253,0.05051021,0.03095305,Distant
Transcriptomics,YPL143W.RNASeq,SNPs,SNP_chromosome9_203358_T_C,9,203358,2.93E-06,-0.2299702,0.04887202,0.01344455,Distant
Proteomics,YPL143W.SCProt,SNPs,SNP_chromosome5_157488_C_T,5,157488,3.39E-06,0.25488785,0.05450576,0.05786105,Distant
Transcriptomics,YPL144W.RNASeq,SNPs,SNP_chromosome15_728123_T_C,15,728123,6.64E-06,-0.2750921,0.0607031,0.04717682,Distant
Transcriptomics,YPL144W.RNASeq,SNPs,SNP_chromosome15_860651_T_G,15,860651,9.13E-06,-0.2777113,0.06223199,0.04924876,Distant
Proteomics,YPL145C.SMProt,SNPs,SNP_chromosome15_378398_G_A,15,378398,3.66E-06,-0.195879,0.04198338,0.0182631,Distant
Transcriptomics,YPL147W.RNASeq,SNPs,SNP_chromosome16_274932_A_C,16,274932,4.07E-07,0.23825378,0.04668509,0.05053254,Local
Transcriptomics,YPL148C.RNASeq,SNPs,SNP_chromosome16_272321_T_C,16,272321,1.68E-15,0.33809739,0.04169558,0.08651471,Local
Transcriptomics,YPL148C.RNASeq,SNPs,SNP_chromosome16_273953_A_G,16,273953,8.58E-09,-0.2167545,0.03729484,0.02709143,Local
Transcriptomics,YPL148C.RNASeq,SNPs,SNP_chromosome16_271083_T_A,16,271083,6.42E-07,-0.2100589,0.04189346,0.03664779,Local
Transcriptomics,YPL152W.RNASeq,SVs,CNV_YPL260W_Cov1.25,16,49303,1.87E-07,0.18324358,0.03488529,0.00723978,Distant
Transcriptomics,YPL154C.RNASeq,SVs,CNV_YPL260W_Cov1.25,16,49303,4.13E-06,0.16809394,0.03627718,0.00609217,Distant
Transcriptomics,YPL156C.RNASeq,SNPs,SNP_chromosome16_256995_T_C,16,256995,1.17E-08,0.21657608,0.03761366,0.03014981,Local
Transcriptomics,YPL156C.RNASeq,SNPs,SNP_chromosome16_255112_G_A,16,255112,2.98E-07,0.24030067,0.04653664,0.05020644,Local
Transcriptomics,YPL156C.RNASeq,SNPs,SNP_chromosome4_217905_G_A,4,217905,5.56E-07,0.30849193,0.06117871,0.06817126,Distant
Transcriptomics,YPL156C.RNASeq,SNPs,SNP_chromosome5_509902_G_T,5,509902,1.14E-06,-0.3117826,0.06362649,0.08185777,Distant
Transcriptomics,YPL157W.RNASeq,SNPs,SNP_chromosome16_255112_G_A,16,255112,1.89E-09,0.29153104,0.04802815,0.07389569,Local
Transcriptomics,YPL157W.RNASeq,SNPs,SNP_chromosome16_245496_C_T,16,245496,1.31E-07,-0.3276649,0.06158044,0.08234956,Local
Transcriptomics,YPL157W.RNASeq,SNPs,SNP_chromosome16_245420_C_T,16,245420,6.36E-06,-0.2602604,0.05731082,0.06150159,Local
Transcriptomics,YPL157W.RNASeq,INDELs,INDEL_chromosome16_250580,16,250580,6.44E-06,-0.3012846,0.06638543,0.07674577,Local
Transcriptomics,YPL158C.RNASeq,SNPs,SNP_chromosome14_230535_G_A,14,230535,2.62E-06,0.18354507,0.03881187,0.01357169,Distant
Transcriptomics,YPL159C.RNASeq,SNPs,SNP_chromosome7_413763_T_C,7,413763,3.52E-06,-0.1647578,0.03530176,0.0073541,Distant
Proteomics,YPL160W.SCProt,SNPs,SNP_chromosome11_404344_A_G,11,404344,5.05E-06,0.28200779,0.06141937,0.06142012,Distant
Proteomics,YPL160W.SMProt,SVs,CNV_YPL271W_Cov1.25,16,30079,6.36E-07,0.176574,0.03514457,0.00597179,Distant
Transcriptomics,YPL162C.RNASeq,SVs,CNV_YPL260W_Cov1.25,16,49303,2.04E-06,0.17323,0.03623162,0.00647015,Distant
Transcriptomics,YPL162C.RNASeq,SVs,CNV_YPL146C_Cov1.25,16,276162,2.94E-06,0.17201682,0.03656065,0.00706644,Distant
Transcriptomics,YPL162C.RNASeq,SVs,CNV_YX00014_Cov0.25,1,5601,3.96E-06,0.21042069,0.0453238,0.01985996,Distant
Transcriptomics,YPL165C.RNASeq,SVs,CNV_YPL260W_Cov1.25,16,49303,2.15E-08,0.20215771,0.03577916,0.00881147,Distant
Transcriptomics,YPL165C.RNASeq,SNPs,SNP_chromosome11_290740_C_T,11,290740,1.82E-06,0.2628619,0.0547124,0.01526717,Distant
Transcriptomics,YPL166W.RNASeq,SVs,CNV_YPL260W_Cov1.25,16,49303,1.74E-07,0.19160056,0.03638071,0.00791519,Distant
Transcriptomics,YPL166W.RNASeq,SVs,CNV_YPL146C_Cov1.25,16,276162,2.64E-06,0.17351038,0.03670311,0.00718969,Distant
Transcriptomics,YPL167C.RNASeq,SNPs,SNP_chromosome16_237288_A_G,16,237288,1.69E-25,0.52711373,0.04896308,0.24927153,Local
Transcriptomics,YPL167C.RNASeq,SNPs,SNP_chromosome16_237219_T_C,16,237219,2.46E-18,-0.3174543,0.03556614,0.04758749,Local
Transcriptomics,YPL167C.RNASeq,SNPs,SNP_chromosome16_237229_G_C,16,237229,1.20E-12,-0.2405096,0.03336435,0.01421905,Local
Transcriptomics,YPL167C.RNASeq,SNPs,SNP_chromosome16_234527_A_G,16,234527,2.60E-07,0.22984429,0.0442819,0.04432725,Local
Transcriptomics,YPL167C.RNASeq,SNPs,SNP_chromosome16_93137_T_A,16,93137,2.76E-06,0.28876893,0.06119884,0.07713892,Distant
Transcriptomics,YPL168W.RNASeq,SNPs,SNP_chromosome2_198110_A_G,2,198110,1.76E-07,-0.1828373,0.03473124,0.0092036,Distant
Transcriptomics,YPL168W.RNASeq,SVs,CNV_YPL260W_Cov1.25,16,49303,7.39E-06,0.16120191,0.03575259,0.00560284,Distant
Proteomics,YPL169C.SMProt,SNPs,SNP_chromosome14_312454_C_T,14,312454,4.71E-06,-0.1713029,0.03714255,0.00768356,Distant
Proteomics,YPL170W.SMProt,SVs,CNV_YX01911_Cov0.25,10,7589,3.92E-06,0.20652068,0.04440349,0.0050352,Distant
Transcriptomics,YPL171C.RNASeq,INDELs,INDEL_chromosome16_227682,16,227682,1.70E-06,0.22545732,0.04679512,0.01240277,Local
Transcriptomics,YPL171C.RNASeq,SNPs,SNP_chromosome16_227688_T_C,16,227688,1.70E-06,0.22545732,0.04679512,0.01240277,Local
Proteomics,YPL173W.SMProt,SNPs,SNP_chromosome13_615989_C_T,13,615989,2.11E-06,0.29267586,0.06121624,0.01750635,Distant
Proteomics,YPL173W.SMProt,SNPs,SNP_chromosome5_376801_T_C,5,376801,3.34E-06,-0.2715375,0.05795856,0.0440151,Distant
Transcriptomics,YPL174C.RNASeq,SVs,CNV_YX02249_Cov0.25,11,618964,5.19E-07,0.3158965,0.06247954,0.09226103,Distant
Proteomics,YPL178W.SMProt,SNPs,SNP_chromosome15_702754_A_G,15,702754,3.35E-06,0.20430808,0.04361234,0.02357421,Distant
Proteomics,YPL178W.SMProt,SNPs,SNP_chromosome8_53413_A_C,8,53413,4.55E-06,0.26617069,0.05762077,0.01531448,Distant
Transcriptomics,YPL180W.RNASeq,SNPs,SNP_chromosome15_987409_C_G,15,987409,2.92E-06,0.17473945,0.0371259,0.01804797,Distant
Transcriptomics,YPL183C.RNASeq,SNPs,SNP_chromosome10_524477_G_A,10,524477,2.06E-06,0.27782558,0.05814023,0.04644563,Distant
Proteomics,YPL183C.SMProt,SNPs,SNP_chromosome16_203921_A_G,16,203921,7.74E-08,0.224465,0.04134769,0.01496447,Local
Proteomics,YPL183C.SMProt,SNPs,SNP_chromosome9_321766_T_C,9,321766,3.46E-07,0.20588536,0.0400227,0.01215174,Distant
Transcriptomics,YPL184C.RNASeq,SVs,CNV_YDL227C_Cov0.75,4,46271,3.03E-08,0.20325013,0.0363636,0.01049664,Distant
Proteomics,YPL184C.SMProt,SNPs,SNP_chromosome13_805324_A_G,13,805324,7.74E-06,-0.2688916,0.05969251,0.06026695,Distant
Transcriptomics,YPL187W.RNASeq,SVs,CNV_YX00433_Cov1.25,3,190232,2.94E-19,0.31941609,0.03479767,0.05960808,Distant
Transcriptomics,YPL187W.RNASeq,SVs,CNV_YX00594_Cov0.25,4,46858,8.72E-16,0.28536583,0.03482781,0.0170368,Distant
Transcriptomics,YPL187W.RNASeq,SVs,CNV_YCL066W_Cov1.75,3,13282,2.59E-07,0.17642454,0.0339852,0.02908806,Distant
Transcriptomics,YPL187W.RNASeq,SVs,CNV_YX00446_Cov0.75,3,193857,2.82E-06,0.16209312,0.03438692,0.01125325,Distant
Transcriptomics,YPL188W.RNASeq,SNPs,SNP_chromosome16_21294_A_G,16,21294,1.34E-06,-0.2815309,0.05783897,0.0139147,Distant
Transcriptomics,YPL188W.RNASeq,SNPs,SNP_chromosome5_26797_C_T,5,26797,2.51E-06,-0.2360072,0.04981339,0.00979013,Distant
Transcriptomics,YPL188W.RNASeq,SNPs,SNP_chromosome14_26041_A_T,14,26041,7.46E-06,0.26631644,0.05909454,0.0594213,Distant
Transcriptomics,YPL189C-A.RNASeq,SNPs,SNP_chromosome13_169890_A_G,13,169890,3.56E-06,-0.2527937,0.05418869,0.01337267,Distant
Transcriptomics,YPL189W.RNASeq,SNPs,SNP_chromosome7_627362_A_T,7,627362,2.94E-06,0.29577771,0.06286082,0.07949629,Distant
Proteomics,YPL190C.SMProt,SNPs,SNP_chromosome4_1296045_T_A,4,1296045,1.87E-09,-0.4404709,0.07237648,0.17079981,Distant
Proteomics,YPL190C.SMProt,SNPs,SNP_chromosome4_1297994_G_A,4,1297994,1.71E-06,-0.3083111,0.06390111,0.0664396,Distant
Transcriptomics,YPL192C.RNASeq,SNPs,SNP_chromosome16_183101_T_C,16,183101,5.43E-07,0.29967769,0.05937271,0.08322833,Local
Transcriptomics,YPL193W.RNASeq,SNPs,SNP_chromosome7_369400_A_T,7,369400,1.35E-06,-0.185815,0.0381973,0.00506728,Distant
Transcriptomics,YPL193W.RNASeq,SNPs,SNP_chromosome7_655851_C_T,7,655851,3.77E-06,0.17748196,0.03814508,0.00573714,Distant
Transcriptomics,YPL193W.RNASeq,SNPs,SNP_chromosome5_220904_A_G,5,220904,4.43E-06,0.17810731,0.03856257,0.01455527,Distant
Transcriptomics,YPL195W.RNASeq,SNPs,SNP_chromosome14_230725_T_C,14,230725,1.05E-06,-0.2189022,0.04452322,0.03963403,Distant
Transcriptomics,YPL196W.RNASeq,SVs,CNV_YPL260W_Cov1.25,16,49303,2.07E-07,0.19094346,0.03648171,0.00786099,Distant
Transcriptomics,YPL197C.RNASeq,SNPs,SNP_chromosome15_876653_C_A,15,876653,2.80E-06,0.28117888,0.05963685,0.06755944,Distant
Transcriptomics,YPL198W.RNASeq,SNPs,SNP_chromosome16_174252_T_C,16,174252,9.40E-09,0.28883458,0.04983186,0.03043339,Local
Transcriptomics,YPL199C.RNASeq,SNPs,SNP_chromosome16_172925_G_A,16,172925,1.10E-06,-0.3364117,0.06856277,0.10013657,Local
Transcriptomics,YPL199C.RNASeq,SVs,SV_5244_DEL_chromosome13_600892_len_-698,13,600892,1.48E-06,-0.1867691,0.03854,0.01255911,Distant
Transcriptomics,YPL199C.RNASeq,SNPs,SNP_chromosome16_173054_A_T,16,173054,1.53E-06,-0.2808994,0.05804083,0.05186314,Local
Transcriptomics,YPL199C.RNASeq,SNPs,SNP_chromosome16_172786_T_C,16,172786,4.24E-06,0.178414,0.03855137,0.02161332,Local
Proteomics,YPL199C.SMProt,SNPs,SNP_chromosome16_172786_T_C,16,172786,2.00E-06,0.19874796,0.04147499,0.02747548,Local
Proteomics,YPL199C.SMProt,SNPs,SNP_chromosome15_81792_A_G,15,81792,2.98E-06,0.25434705,0.05401217,0.01565866,Distant
Transcriptomics,YPL202C.RNASeq,SNPs,SNP_chromosome12_832198_T_C,12,832198,1.53E-06,-0.2643753,0.05462698,0.0572753,Distant
Transcriptomics,YPL203W.RNASeq,SNPs,SNP_chromosome15_873940_T_C,15,873940,2.12E-06,-0.1703064,0.03568135,0.01051117,Distant
Transcriptomics,YPL204W.RNASeq,SNPs,SNP_chromosome7_413763_T_C,7,413763,8.10E-06,-0.1559573,0.03474319,0.00658944,Distant
Transcriptomics,YPL206C.RNASeq,SVs,CNV_YPL260W_Cov1.25,16,49303,1.78E-06,0.1776393,0.03693672,0.00680371,Distant
Transcriptomics,YPL206C.RNASeq,SVs,SV_1819_INS_chromosome5_131165_len_338_TyRelated,5,131165,5.24E-06,0.19369911,0.04226817,0.00942146,Distant
Transcriptomics,YPL208W.RNASeq,SNPs,SNP_chromosome2_119039_G_A,2,119039,2.81E-06,0.25864713,0.05486111,0.01219399,Distant
Transcriptomics,YPL208W.RNASeq,SNPs,SNP_chromosome12_989981_A_G,12,989981,4.33E-06,-0.195017,0.0421807,0.03106828,Distant
Transcriptomics,YPL208W.RNASeq,SNPs,SNP_chromosome12_210539_A_G,12,210539,7.08E-06,-0.163029,0.03608573,0.00490532,Distant
Transcriptomics,YPL211W.RNASeq,SNPs,SNP_chromosome7_655851_C_T,7,655851,6.72E-07,0.1935996,0.03867898,0.00682647,Distant
Transcriptomics,YPL212C.RNASeq,SNPs,SNP_chromosome4_327242_G_A,4,327242,1.82E-06,0.29269571,0.06091698,0.07689644,Distant
Proteomics,YPL212C.SMProt,SNPs,SNP_chromosome11_336540_G_A,11,336540,4.00E-06,-0.3314853,0.07133526,0.09253867,Distant
Transcriptomics,YPL213W.RNASeq,SNPs,SNP_chromosome6_180546_T_C,6,180546,6.05E-06,0.15110393,0.03319638,0.00414673,Distant
Transcriptomics,YPL214C.RNASeq,SNPs,SNP_chromosome11_231929_T_A,11,231929,2.00E-06,-0.2953165,0.06171581,0.07942097,Distant
Transcriptomics,YPL215W.RNASeq,SNPs,SNP_chromosome9_281757_A_G,9,281757,2.42E-06,0.21168297,0.04460841,0.01159312,Distant
Transcriptomics,YPL217C.RNASeq,SNPs,SNP_chromosome7_655851_C_T,7,655851,6.30E-07,0.19223809,0.03830969,0.00673079,Distant
Proteomics,YPL217C.SMProt,SVs,CNV_YX02960_Cov1.75,14,753762,4.54E-07,-0.2360221,0.04635974,0.00836633,Distant
Proteomics,YPL218W.SCProt,SVs,CNV_YGL024W_Cov0.75,7,449788,5.66E-08,-0.1976696,0.03608909,0.03809277,Distant
Proteomics,YPL218W.SCProt,SVs,CNV_YDL227C_Cov0.75,4,46271,5.19E-07,0.19245454,0.03805313,0.00913575,Distant
Proteomics,YPL218W.SCProt,SVs,CNV_YNL015W_Cov0.75,14,605384,1.55E-06,-0.1729029,0.03573354,0.02533108,Distant
Proteomics,YPL218W.SMProt,SNPs,SNP_chromosome5_72016_A_G,5,72016,3.01E-06,-0.2918594,0.06200729,0.05175769,Distant
Transcriptomics,YPL222W.RNASeq,SNPs,SNP_chromosome16_242798_G_A,16,242798,9.97E-07,0.4195443,0.08515983,0.03426738,Distant
Transcriptomics,YPL222W.RNASeq,SNPs,SNP_chromosome8_429703_A_G,8,429703,2.08E-06,0.30033712,0.0628753,0.02035184,Distant
Transcriptomics,YPL225W.RNASeq,SVs,CNV_YPL265W_Cov1.25,16,41043,6.94E-07,0.1830406,0.03661715,0.00748418,Distant
Transcriptomics,YPL225W.RNASeq,SVs,CNV_YPL260W_Cov1.25,16,49303,4.04E-06,0.17230288,0.03714803,0.00640108,Distant
Proteomics,YPL225W.SCProt,SNPs,SNP_chromosome4_636089_C_A,4,636089,7.66E-07,-0.1872479,0.03759678,0.01808945,Distant
Proteomics,YPL225W.SCProt,SVs,CNV_YDL227C_Cov0.75,4,46271,3.90E-06,0.16605322,0.03573775,0.00693164,Distant
Transcriptomics,YPL226W.RNASeq,SNPs,SNP_chromosome7_655851_C_T,7,655851,6.29E-07,0.19517079,0.0388929,0.00693772,Distant
Proteomics,YPL226W.SMProt,SNPs,SNP_chromosome15_721230_A_G,15,721230,3.36E-07,-0.3216235,0.06245696,0.05576907,Distant
Proteomics,YPL226W.SMProt,SNPs,SNP_chromosome5_26797_C_T,5,26797,2.82E-06,0.2139599,0.04532567,0.00640601,Distant
Proteomics,YPL226W.SMProt,SNPs,SNP_chromosome15_639391_A_T,15,639391,4.67E-06,0.17301593,0.03750121,0.02412532,Distant
Transcriptomics,YPL227C.RNASeq,SNPs,SNP_chromosome12_888977_T_C,12,888977,1.16E-06,0.25615155,0.0523202,0.02226327,Distant
Proteomics,YPL231W.SCProt,INDELs,INDEL_chromosome12_413197,12,413197,2.67E-06,0.32433449,0.06862599,0.07077047,Distant
Proteomics,YPL231W.SCProt,SNPs,SNP_chromosome10_296606_C_T,10,296606,5.24E-06,0.30985003,0.06759958,0.02107532,Distant
Proteomics,YPL232W.SMProt,SVs,CNV_YX01100_Cov0.25,6,21753,2.24E-06,0.31488886,0.06603812,0.03183913,Distant
Transcriptomics,YPL233W.RNASeq,SNPs,SNP_chromosome16_106109_C_T,16,106109,3.80E-08,0.3211664,0.05788663,0.07895278,Local
Transcriptomics,YPL233W.RNASeq,SVs,CNV_YX02137_Cov1.75,11,1299,7.99E-06,0.21255556,0.04732302,0.01449967,Distant
Proteomics,YPL235W.SMProt,SNPs,SNP_chromosome11_137272_G_A,11,137272,4.46E-06,-0.2319312,0.05015942,0.01292096,Distant
Proteomics,YPL237W.SMProt,SNPs,SNP_chromosome4_1278950_A_G,4,1278950,1.48E-07,0.19927923,0.03755131,0.0079337,Distant
Proteomics,YPL237W.SMProt,INDELs,INDEL_chromosome5_225280,5,225280,1.09E-06,0.25088286,0.05102519,0.05673763,Distant
Proteomics,YPL239W.SCProt,SNPs,SNP_chromosome8_442149_T_C,8,442149,1.05E-06,0.28052628,0.05705244,0.05072862,Distant
Proteomics,YPL240C.SCProt,SNPs,SNP_chromosome14_125823_T_C,14,125823,4.55E-06,0.22318532,0.04837328,0.01379452,Distant
Transcriptomics,YPL245W.RNASeq,SNPs,SNP_chromosome16_85843_A_G,16,85843,2.14E-16,0.29973013,0.03579408,0.03875342,Local
Transcriptomics,YPL248C.RNASeq,SNPs,SNP_chromosome3_43280_A_G,3,43280,3.06E-06,-0.2214358,0.04714821,0.01449072,Distant
Proteomics,YPL249C-A.SMProt,SNPs,SNP_chromosome6_48886_G_A,6,48886,3.64E-06,-0.2789216,0.05976801,0.01235851,Distant
Transcriptomics,YPL249C.RNASeq,SNPs,SNP_chromosome15_873940_T_C,15,873940,1.91E-06,-0.1675743,0.03494827,0.01017664,Distant
Proteomics,YPL252C.SMProt,SNPs,SNP_chromosome4_1296045_T_A,4,1296045,1.63E-07,-0.4246017,0.08029103,0.16187867,Distant
Transcriptomics,YPL255W.RNASeq,SVs,SV_5244_DEL_chromosome13_600892_len_-698,13,600892,2.84E-06,-0.1888769,0.04008035,0.01284419,Distant
Proteomics,YPL259C.SMProt,SNPs,SNP_chromosome15_1004312_A_C,15,1004312,2.55E-06,0.3051683,0.06435633,0.08634494,Distant
Transcriptomics,YPL260W.RNASeq,SVs,CNV_YPL260W_Cov1.25,16,49303,2.93E-07,0.1820936,0.03524172,0.0071492,Local
Proteomics,YPL260W.SMProt,SNPs,SNP_chromosome12_346187_A_G,12,346187,3.96E-06,-0.2755967,0.05927934,0.03181854,Distant
Transcriptomics,YPL262W.RNASeq,SNPs,SNP_chromosome4_1318821_T_C,4,1318821,2.15E-06,0.32763453,0.0686817,0.05779727,Distant
Proteomics,YPL262W.SMProt,SNPs,SNP_chromosome16_96529_A_G,16,96529,1.05E-06,-0.4091792,0.08311551,0.02964045,Local
Proteomics,YPL262W.SMProt,SNPs,SNP_chromosome11_12572_T_G,11,12572,3.25E-06,-0.2354291,0.05018709,0.05131037,Distant
Proteomics,YPL262W.SMProt,SNPs,SNP_chromosome4_421144_C_T,4,421144,4.19E-06,-0.2234334,0.04818738,0.00720746,Distant
Transcriptomics,YPL270W.RNASeq,SVs,CNV_YPL260W_Cov1.25,16,49303,4.52E-06,0.17195732,0.03726558,0.00637543,Local
Transcriptomics,YPL271W.RNASeq,SVs,CNV_YPL260W_Cov1.25,16,49303,5.48E-07,0.18235533,0.03614235,0.00716976,Local
Transcriptomics,YPL271W.RNASeq,SNPs,SNP_chromosome5_120210_G_A,5,120210,1.95E-06,-0.1960314,0.04092408,0.00612971,Distant
Proteomics,YPL271W.SMProt,SVs,CNV_YX02137_Cov0.25,11,1299,2.97E-06,0.18748696,0.03980964,0.02807298,Distant
Proteomics,YPL271W.SMProt,SNPs,SNP_chromosome13_79876_T_G,13,79876,5.87E-06,-0.3076559,0.06740024,0.01983201,Distant
Transcriptomics,YPL272C.RNASeq,SVs,SV_3903_DEL_chromosome10_354843_len_-332_TyRelated,10,354843,8.78E-07,0.21530867,0.04347992,0.03243112,Distant
Transcriptomics,YPL272C.RNASeq,SNPs,SNP_chromosome7_981435_A_G,7,981435,3.25E-06,-0.2462423,0.0525746,0.02185156,Distant
Transcriptomics,YPL274W.RNASeq,SVs,CNV_YX03278_Cov1.25,16,13864,7.17E-09,-0.2583926,0.04422255,0.05596256,Local
Transcriptomics,YPL277C.RNASeq,SVs,CNV_YX01882_Cov1.75,9,483826,9.06E-12,0.2472655,0.03577215,0.05853857,Distant
Transcriptomics,YPL277C.RNASeq,SVs,CNV_YX02786_Cov1.75,13,928174,1.11E-11,-0.2463254,0.0357962,0.0585379,Distant
Transcriptomics,YPL277C.RNASeq,SVs,CNV_YOR392W_Cov3.25,15,1079282,5.29E-11,0.21120642,0.0317882,0.04140645,Distant
Transcriptomics,YPL277C.RNASeq,SVs,CNV_YX03196_Cov2.25,15,1037952,6.97E-10,0.19070871,0.03058872,0.00784168,Distant
Transcriptomics,YPL277C.RNASeq,SVs,CNV_YMR322C_Cov2.75,13,918366,1.13E-09,0.21658755,0.03519148,0.04706036,Distant
Transcriptomics,YPL277C.RNASeq,SVs,CNV_YOR389W_Cov2.75,15,1074213,2.39E-09,0.18765538,0.03111753,0.02561957,Local
Transcriptomics,YPL277C.RNASeq,SVs,CNV_YOR388C_Cov2.25,15,1071793,7.58E-09,-0.2201325,0.03773586,0.04836172,Distant
Transcriptomics,YPL277C.RNASeq,SVs,CNV_YX03248_Cov2.25,16,556,4.40E-08,-0.1932528,0.03499898,0.03706902,Local
Transcriptomics,YPL277C.RNASeq,SVs,CNV_YX02758_Cov0.25,13,892544,4.04E-07,-0.2269347,0.04445332,0.03686652,Distant
Transcriptomics,YPL278C.RNASeq,SVs,CNV_YX01882_Cov1.75,9,483826,9.00E-14,0.27349924,0.03610919,0.07161884,Distant
Transcriptomics,YPL278C.RNASeq,SVs,CNV_YOR392W_Cov3.25,15,1079282,5.51E-12,0.22520274,0.03223581,0.04707617,Distant
Transcriptomics,YPL278C.RNASeq,SVs,CNV_YOR389W_Cov3.25,15,1074213,5.95E-11,0.2101183,0.03171084,0.01368678,Local
Transcriptomics,YPL278C.RNASeq,SVs,CNV_YMR322C_Cov2.75,13,918366,1.27E-10,0.2310727,0.03550808,0.05356554,Distant
Transcriptomics,YPL278C.RNASeq,SVs,CNV_YOR390W_Cov3.25,15,1076784,1.51E-10,0.20526927,0.03167719,0.02976276,Distant
Transcriptomics,YPL278C.RNASeq,SVs,CNV_YX02758_Cov0.25,13,892544,1.24E-09,-0.2732998,0.04451498,0.05346984,Distant
Transcriptomics,YPL278C.RNASeq,SVs,CNV_YOR388C_Cov2.75,15,1071793,4.08E-09,0.23500131,0.03956427,0.05377909,Distant
Transcriptomics,YPL278C.RNASeq,SVs,CNV_YX02786_Cov3.25,13,928174,9.38E-09,0.1791607,0.03090836,0.00667001,Distant
Transcriptomics,YPL278C.RNASeq,SVs,CNV_YX03248_Cov2.25,16,556,4.01E-08,-0.1960037,0.03538939,0.03813187,Local
Transcriptomics,YPL278C.RNASeq,SVs,CNV_YX03278_Cov1.75,16,13864,1.91E-07,-0.2175061,0.04143501,0.04496924,Local
Transcriptomics,YPL279C.RNASeq,SVs,CNV_YOR389W_Cov2.25,15,1074213,2.35E-32,0.45608962,0.03700321,0.20871677,Local
Transcriptomics,YPL279C.RNASeq,SVs,CNV_YMR323W_Cov2.25,13,920088,1.55E-27,-0.4179753,0.0371684,0.17126935,Distant
Transcriptomics,YPL279C.RNASeq,SVs,CNV_YX01882_Cov1.75,9,483826,1.30E-18,0.33952278,0.03771376,0.11037047,Distant
Transcriptomics,YPL279C.RNASeq,SVs,CNV_YX02786_Cov3.25,13,928174,3.62E-17,0.27699032,0.03221953,0.015943,Distant
Transcriptomics,YPL279C.RNASeq,SVs,CNV_YX03248_Cov2.25,16,556,1.72E-15,-0.2987953,0.03686257,0.08861497,Local
Transcriptomics,YPL279C.RNASeq,SVs,CNV_YOR394W_Cov5.25,15,1082718,1.11E-14,0.26230272,0.03337555,0.03018267,Distant
Transcriptomics,YPL279C.RNASeq,SVs,CNV_YX02758_Cov0.25,13,892544,6.35E-12,-0.328629,0.04718115,0.07731111,Distant
Transcriptomics,YPL279C.RNASeq,SVs,CNV_YX03196_Cov2.25,15,1037952,1.98E-10,0.21156344,0.03286502,0.00965048,Distant
Transcriptomics,YPL279C.RNASeq,SVs,CNV_YMR324C_Cov2.25,13,922202,3.88E-10,0.29437059,0.04650705,0.04193519,Distant
Transcriptomics,YPL279C.RNASeq,SVs,CNV_YX03278_Cov1.75,16,13864,1.46E-09,-0.2672098,0.04371191,0.06786997,Local
Transcriptomics,YPL279C.RNASeq,SNPs,SNP_chromosome15_1075521_A_G,15,1075521,2.09E-09,0.26955492,0.04453338,0.0174917,Distant
Transcriptomics,YPL279C.RNASeq,SVs,CNV_YX03266_Cov0.75,16,5658,8.87E-09,-0.2601158,0.04479931,0.06112823,Local
Transcriptomics,YPL279C.RNASeq,SNPs,SNP_chromosome16_14803_C_T,16,14803,4.38E-07,0.19082852,0.03749713,0.00540793,Local
Transcriptomics,YPL279C.RNASeq,SVs,CNV_YX01288_Cov0.75,7,19262,1.70E-06,-0.2197891,0.04562024,0.04550927,Distant
Transcriptomics,YPL279C.RNASeq,SVs,CNV_YX02778_Cov0.75,13,919345,3.04E-06,-0.2152569,0.04582211,0.04295345,Distant
Transcriptomics,YPL279C.RNASeq,SNPs,SNP_chromosome16_14772_T_A,16,14772,3.54E-06,0.18955174,0.04062249,0.00776535,Local
Transcriptomics,YPL279C.RNASeq,SNPs,SNP_chromosome16_893546_C_T,16,893546,8.62E-06,0.27474743,0.0613936,0.01919493,Distant
Transcriptomics,YPL280W.RNASeq,SVs,CNV_YMR322C_Cov3.25,13,918366,1.19E-08,0.19148828,0.03327278,0.01769394,Local
Transcriptomics,YPL280W.RNASeq,SVs,CNV_YOR389W_Cov2.25,15,1074213,7.03E-08,0.20821118,0.03830161,0.04349788,Distant
Transcriptomics,YPL281C.RNASeq,SVs,CNV_YOR389W_Cov2.25,15,1074213,7.26E-09,0.21456436,0.03672969,0.04622685,Distant
Transcriptomics,YPL281C.RNASeq,SVs,CNV_YMR323W_Cov2.25,13,920088,9.47E-09,-0.209619,0.03616884,0.04283803,Local
Transcriptomics,YPL281C.RNASeq,SNPs,SNP_chromosome16_12653_C_T,16,12653,1.47E-06,0.15171717,0.03129541,0.0031704,Local
Transcriptomics,YPL282C.RNASeq,SVs,CNV_YOR394W_Cov2.25,15,1082718,1.03E-06,-0.1837051,0.03734424,0.0107535,Local
Transcriptomics,YPL282C.RNASeq,SVs,CNV_YPR058W_Cov0.75,16,673751,3.44E-06,0.14642709,0.03133919,0.00452619,Distant
Transcriptomics,YPL283C.RNASeq,SVs,CNV_YEL074W_Cov9.25,5,6126,9.02E-30,0.29645911,0.02521904,0.082603,Distant
Transcriptomics,YPL283C.RNASeq,SVs,CNV_YGR296W_Cov17.75,7,1084864,2.12E-26,0.30074464,0.02739143,0.0764516,Local
Transcriptomics,YPL283C.RNASeq,SVs,CNV_YEL075W-A_Cov3.25,5,4870,2.35E-23,-0.2875948,0.02807954,0.08135753,Distant
Transcriptomics,YPL283C.RNASeq,SVs,CNV_YX01034_Cov20.75,17,533640,4.43E-21,0.20670717,0.02139114,0.00971011,Distant
Transcriptomics,YPL283C.RNASeq,SVs,CNV_YLL066W-B_Cov1.75,12,5605,4.88E-17,0.20227287,0.0236311,0.03884898,Distant
Transcriptomics,YPL283C.RNASeq,SVs,CNV_YBL113W-A_Cov3.25,2,646,3.66E-16,0.2585285,0.03112781,0.06047737,Distant
Transcriptomics,YPL283C.RNASeq,SVs,CNV_YNL338W_Cov1.75,14,6561,6.33E-14,0.17239224,0.02261545,0.01741508,Distant
Transcriptomics,YPL283C.RNASeq,SVs,CNV_YLR466C-B_Cov0.75,12,1071594,7.98E-14,0.19211417,0.02530876,0.03707662,Distant
Transcriptomics,YPL283C.RNASeq,SVs,CNV_YLR465C_Cov0.25,12,1067045,3.17E-07,-0.144376,0.0280243,0.01743398,Distant
Transcriptomics,YPL283C.RNASeq,SVs,CNV_YX01747_Cov1.25,9,1954,5.21E-06,0.12602997,0.02749414,0.01575776,Distant
Transcriptomics,YPL283C.RNASeq,SVs,CNV_YX01830_Cov0.25,9,332956,6.09E-06,0.1825159,0.04010871,0.0116472,Distant
Transcriptomics,YPR001W.RNASeq,SNPs,SNP_chromosome16_556159_A_G,16,556159,1.32E-07,0.18842399,0.03542247,0.01394655,Local
Transcriptomics,YPR002C-A.RNASeq,SVs,CNV_YER160C_Cov6.75,5,492856,6.87E-10,-0.2692397,0.04316759,0.07297336,Distant
Transcriptomics,YPR002C-A.RNASeq,SVs,CNV_YPR002C-A_Cov59.75,16,560569,1.34E-06,-0.2237935,0.0459768,0.05041821,Local
Transcriptomics,YPR002C-A.RNASeq,SNPs,SNP_chromosome15_356925_T_C,15,356925,1.77E-06,0.17516914,0.03641977,0.00753298,Distant
Transcriptomics,YPR004C.RNASeq,SNPs,SNP_chromosome14_157422_T_A,14,157422,3.08E-06,0.27521546,0.05861337,0.06936388,Distant
Proteomics,YPR004C.SMProt,SNPs,SNP_chromosome16_564521_A_C,16,564521,7.51E-11,-0.2652015,0.04013165,0.04132641,Local
Transcriptomics,YPR005C.RNASeq,SNPs,SNP_chromosome15_411155_A_C,15,411155,3.16E-06,0.30155453,0.06429914,0.02818813,Distant
Transcriptomics,YPR006C.RNASeq,SNPs,SNP_chromosome16_568274_T_A,16,568274,3.19E-39,0.52290461,0.03800005,0.22674064,Local
Transcriptomics,YPR006C.RNASeq,SNPs,SNP_chromosome16_567809_A_G,16,567809,8.68E-18,0.27701199,0.03157572,0.02311117,Local
Transcriptomics,YPR006C.RNASeq,SNPs,SNP_chromosome16_568979_G_T,16,568979,1.66E-06,0.26817915,0.05559647,0.06456051,Local
Transcriptomics,YPR006C.RNASeq,SNPs,SNP_chromosome16_566724_A_G,16,566724,3.16E-06,0.18872696,0.04024312,0.03018089,Local
Transcriptomics,YPR006C.RNASeq,SNPs,SNP_chromosome16_560053_G_A,16,560053,5.37E-06,-0.271055,0.05921222,0.06309085,Local
Transcriptomics,YPR009W.RNASeq,SNPs,SNP_chromosome16_550167_A_T,16,550167,6.13E-07,-0.2361334,0.04700599,0.01330635,Distant
Transcriptomics,YPR009W.RNASeq,INDELs,INDEL_chromosome16_577212,16,577212,4.86E-06,0.22854642,0.04969717,0.01206911,Local
Transcriptomics,YPR010C-A.RNASeq,SNPs,SNP_chromosome5_26797_C_T,5,26797,3.86E-06,-0.2199778,0.0473284,0.00850541,Distant
Transcriptomics,YPR010C.RNASeq,SNPs,SNP_chromosome7_655851_C_T,7,655851,1.84E-07,0.2038484,0.03878031,0.00756836,Distant
Transcriptomics,YPR014C.RNASeq,SNPs,SNP_chromosome9_321995_G_A,9,321995,2.63E-06,0.20472025,0.04329664,0.00634171,Distant
Transcriptomics,YPR015C.RNASeq,SNPs,SNP_chromosome11_271621_A_T,11,271621,4.60E-06,-0.2078222,0.0450754,0.01403586,Distant
Transcriptomics,YPR015C.RNASeq,SNPs,SNP_chromosome14_57930_G_A,14,57930,5.09E-06,0.23916207,0.05211682,0.03822175,Distant
Transcriptomics,YPR016C.RNASeq,SNPs,SNP_chromosome7_655851_C_T,7,655851,7.96E-08,0.2100403,0.03880215,0.00803512,Distant
Transcriptomics,YPR016C.RNASeq,SNPs,SNP_chromosome2_117085_T_G,2,117085,1.44E-06,-0.2533852,0.05222146,0.0226286,Distant
Proteomics,YPR016C.SMProt,SNPs,SNP_chromosome15_264290_G_A,15,264290,1.59E-07,-0.1847368,0.03489666,0.01113953,Distant
Proteomics,YPR016C.SMProt,SNPs,SNP_chromosome16_198643_A_G,16,198643,2.73E-06,0.42023309,0.0888898,0.0716526,Distant
Transcriptomics,YPR016W-A.RNASeq,SNPs,SNP_chromosome11_145211_A_G,11,145211,6.42E-06,0.25785584,0.05680761,0.01519364,Distant
Proteomics,YPR018W.SMProt,SNPs,SNP_chromosome7_907935_C_T,7,907935,2.10E-06,0.29476341,0.06163722,0.01238256,Distant
Proteomics,YPR018W.SMProt,SVs,CNV_YX02397_Cov44.75,12,465684,2.61E-06,-0.1742662,0.03679217,0.02728827,Distant
Proteomics,YPR019W.SMProt,SNPs,SNP_chromosome7_1018767_C_A,7,1018767,2.91E-07,0.25066009,0.04841215,0.03056874,Distant
Transcriptomics,YPR022C.RNASeq,SNPs,SNP_chromosome16_422588_A_G,16,422588,5.47E-07,-0.3308059,0.06556046,0.09224164,Distant
Proteomics,YPR023C.SMProt,SNPs,SNP_chromosome4_1298829_C_A,4,1298829,2.84E-06,-0.3293223,0.06978441,0.0978355,Distant
Proteomics,YPR024W.SMProt,SNPs,SNP_chromosome3_186076_C_T,3,186076,4.64E-06,0.19743238,0.04277722,0.01859391,Distant
Transcriptomics,YPR027C.RNASeq,SVs,CNV_YDL227C_Cov0.75,4,46271,6.78E-12,0.2075477,0.02983933,0.01094522,Distant
Transcriptomics,YPR027C.RNASeq,SVs,CNV_YX00433_Cov1.25,3,190232,2.88E-09,0.17602019,0.02934157,0.01797933,Distant
Transcriptomics,YPR027C.RNASeq,SNPs,SNP_chromosome13_157323_G_A,13,157323,1.89E-07,0.33502587,0.06380117,0.0239917,Distant
Transcriptomics,YPR028W.RNASeq,SVs,CNV_YJR148W_Cov1.25,10,705744,2.93E-06,0.17512827,0.03721485,0.00601155,Distant
Proteomics,YPR028W.SCProt,SVs,CNV_YDL227C_Cov0.75,4,46271,1.28E-06,0.17655564,0.03620449,0.00798085,Distant
Proteomics,YPR028W.SCProt,SVs,CNV_YGL024W_Cov0.75,7,449788,5.95E-06,-0.1582059,0.03472038,0.0253283,Distant
Proteomics,YPR028W.SMProt,SNPs,SNP_chromosome7_314482_C_T,7,314482,7.37E-07,-0.2585749,0.05176664,0.01661901,Distant
Proteomics,YPR028W.SMProt,SNPs,SNP_chromosome2_40179_A_G,2,40179,2.31E-06,-0.3304262,0.06938513,0.07778223,Distant
Transcriptomics,YPR031W.RNASeq,SVs,CNV_YX02249_Cov0.25,11,618964,8.70E-08,0.34387516,0.06372171,0.10932773,Distant
Transcriptomics,YPR033C.RNASeq,SNPs,SNP_chromosome4_848316_A_G,4,848316,1.61E-07,0.20633171,0.0390634,0.02176722,Distant
Proteomics,YPR035W.SCProt,SNPs,SNP_chromosome12_1001833_C_T,12,1001833,2.68E-06,0.30812458,0.06520236,0.09434487,Distant
Proteomics,YPR035W.SMProt,SNPs,SNP_chromosome2_231943_T_C,2,231943,3.00E-06,-0.1915797,0.0406956,0.00839211,Distant
Transcriptomics,YPR036W.RNASeq,INDELs,INDEL_chromosome2_734746,2,734746,5.31E-07,0.29557525,0.05851166,0.01717774,Distant
Transcriptomics,YPR036W.RNASeq,SNPs,SNP_chromosome2_747812_T_C,2,747812,1.50E-06,0.22347202,0.04613741,0.01204138,Distant
Transcriptomics,YPR036W.RNASeq,SNPs,SNP_chromosome12_201632_C_T,12,201632,3.54E-06,0.26468155,0.05672201,0.01287672,Distant
Transcriptomics,YPR036W.RNASeq,SNPs,SNP_chromosome4_840651_C_T,4,840651,4.51E-06,0.32954565,0.07141388,0.02047007,Distant
Proteomics,YPR041W.SCProt,SNPs,SNP_chromosome12_132631_T_C,12,132631,5.26E-06,0.24962866,0.05447194,0.02871918,Distant
Transcriptomics,YPR045C.RNASeq,SNPs,SNP_chromosome16_655575_A_C,16,655575,7.13E-07,-0.3847069,0.07704295,0.11988988,Local
Transcriptomics,YPR045C.RNASeq,SNPs,SNP_chromosome16_653303_A_G,16,653303,3.55E-06,-0.3110644,0.0666706,0.05688218,Local
Transcriptomics,YPR046W.RNASeq,SNPs,SNP_chromosome7_245148_C_T,7,245148,3.24E-06,-0.235564,0.05028725,0.020177,Distant
Transcriptomics,YPR047W.RNASeq,SNPs,SNP_chromosome9_281757_A_G,9,281757,3.48E-06,0.20943188,0.04485006,0.01134786,Distant
Transcriptomics,YPR048W.RNASeq,SNPs,SNP_chromosome16_659088_A_G,16,659088,1.06E-10,0.27848111,0.04260357,0.05940543,Local
Transcriptomics,YPR052C.RNASeq,SVs,CNV_YX00185_Cov0.25,2,5638,1.76E-06,0.18891371,0.03921819,0.00889765,Distant
Transcriptomics,YPR053C.RNASeq,SNPs,SNP_chromosome7_226920_T_C,7,226920,1.79E-06,-0.3069161,0.06384023,0.08164465,Distant
Transcriptomics,YPR057W.RNASeq,SNPs,SNP_chromosome16_671978_G_A,16,671978,3.43E-06,-0.2835358,0.06068009,0.0735982,Local
Proteomics,YPR060C.SMProt,SNPs,SNP_chromosome8_433117_C_G,8,433117,2.17E-06,-0.198078,0.04147627,0.02199111,Distant
Transcriptomics,YPR063C.RNASeq,SNPs,SNP_chromosome16_679524_T_G,16,679524,5.48E-08,0.21164354,0.0386093,0.02050671,Local
Transcriptomics,YPR063C.RNASeq,SNPs,SNP_chromosome16_680046_A_G,16,680046,1.27E-06,0.20294051,0.04159976,0.02720534,Local
Transcriptomics,YPR064W.RNASeq,SNPs,SNP_chromosome16_679524_T_G,16,679524,2.29E-37,0.48391054,0.03615901,0.10720525,Local
Transcriptomics,YPR064W.RNASeq,SNPs,SNP_chromosome16_680046_A_G,16,680046,5.01E-23,0.41031093,0.04038444,0.11120973,Local
Transcriptomics,YPR064W.RNASeq,SNPs,SNP_chromosome16_679897_G_A,16,679897,1.33E-14,-0.3629212,0.04632083,0.11530192,Local
Transcriptomics,YPR065W.RNASeq,SNPs,SNP_chromosome4_366089_G_A,4,366089,4.37E-06,0.16641065,0.03600827,0.0061891,Distant
Transcriptomics,YPR069C.RNASeq,SVs,CNV_YMR158C-A_Cov4.25,13,573194,5.68E-07,0.16986991,0.03371491,0.00599617,Distant
Transcriptomics,YPR069C.RNASeq,SNPs,SNP_chromosome16_662291_T_C,16,662291,8.95E-07,0.25717381,0.05197498,0.02160141,Local
Transcriptomics,YPR069C.RNASeq,SNPs,SNP_chromosome11_99591_T_C,11,99591,2.96E-06,0.30003414,0.06379183,0.0276539,Distant
Transcriptomics,YPR069C.RNASeq,SNPs,SNP_chromosome14_25390_T_G,14,25390,3.30E-06,0.26941261,0.05755359,0.01804756,Distant
Transcriptomics,YPR069C.RNASeq,SNPs,SNP_chromosome10_463153_C_T,10,463153,3.61E-06,0.34889055,0.07483998,0.02779015,Distant
Proteomics,YPR069C.SCProt,SNPs,SNP_chromosome5_369437_G_A,5,369437,4.51E-07,0.33628204,0.06613367,0.09873757,Distant
Proteomics,YPR069C.SCProt,SNPs,SNP_chromosome7_720342_C_T,7,720342,3.26E-06,0.22098561,0.04717416,0.01594347,Distant
Transcriptomics,YPR071W.RNASeq,SNPs,SNP_chromosome7_781514_G_A,7,781514,1.17E-06,-0.2404871,0.04913845,0.01091369,Distant
Transcriptomics,YPR071W.RNASeq,SNPs,SNP_chromosome9_286696_G_A,9,286696,1.32E-06,-0.3132226,0.06432343,0.06130404,Distant
Transcriptomics,YPR071W.RNASeq,SNPs,SNP_chromosome9_267944_T_C,9,267944,1.55E-06,0.21360569,0.04416104,0.01014742,Distant
Transcriptomics,YPR072W.RNASeq,SNPs,SNP_chromosome4_495107_C_T,4,495107,7.85E-06,0.21889554,0.04869055,0.01436235,Distant
Proteomics,YPR072W.SMProt,SNPs,SNP_chromosome4_904531_C_A,4,904531,4.98E-06,-0.3071446,0.0667701,0.07435224,Distant
Transcriptomics,YPR074C.RNASeq,INDELs,INDEL_chromosome7_529641,7,529641,4.09E-06,-0.2556495,0.05515313,0.01375158,Distant
Proteomics,YPR074C.SCProt,SNPs,SNP_chromosome3_153646_C_T,3,153646,3.29E-06,-0.285299,0.06092648,0.01891297,Distant
Proteomics,YPR074C.SMProt,SNPs,SNP_chromosome16_699333_A_C,16,699333,4.27E-06,-0.2276896,0.04914483,0.01263071,Local
Transcriptomics,YPR078C.RNASeq,SNPs,SNP_chromosome16_697864_A_G,16,697864,1.18E-24,-0.5323909,0.05040658,0.1804362,Local
Transcriptomics,YPR078C.RNASeq,SNPs,SNP_chromosome16_698959_T_C,16,698959,2.10E-13,-0.4408509,0.05912288,0.16291142,Local
Transcriptomics,YPR078C.RNASeq,SNPs,SNP_chromosome16_700553_G_A,16,700553,1.37E-09,-0.2755028,0.0449929,0.02122529,Local
Transcriptomics,YPR078C.RNASeq,SNPs,SNP_chromosome16_696841_A_G,16,696841,1.93E-08,-0.2879833,0.05079414,0.04671099,Local
Transcriptomics,YPR078C.RNASeq,SNPs,SNP_chromosome16_698973_T_C,16,698973,4.01E-08,-0.3102073,0.05600772,0.04301611,Local
Transcriptomics,YPR078C.RNASeq,SNPs,SNP_chromosome16_716784_T_C,16,716784,2.10E-07,-0.3339839,0.0638509,0.02815177,Local
Transcriptomics,YPR078C.RNASeq,SNPs,SNP_chromosome16_702492_G_A,16,702492,6.89E-07,-0.3153648,0.06307038,0.07506397,Local
Transcriptomics,YPR078C.RNASeq,SNPs,SNP_chromosome16_699981_C_T,16,699981,1.55E-06,-0.2677156,0.05535257,0.01931955,Local
Transcriptomics,YPR079W.RNASeq,SNPs,SNP_chromosome12_386506_G_A,12,386506,7.91E-08,0.34728829,0.06414294,0.02803803,Distant
Transcriptomics,YPR079W.RNASeq,SNPs,SNP_chromosome4_1477814_C_T,4,1477814,1.43E-07,0.30728675,0.05793776,0.02509124,Distant
Transcriptomics,YPR079W.RNASeq,SNPs,SNP_chromosome4_430471_A_G,4,430471,6.74E-06,0.30776425,0.0679593,0.01827464,Distant
Transcriptomics,YPR083W.RNASeq,SNPs,SNP_chromosome5_26797_C_T,5,26797,9.71E-07,-0.2408316,0.04883254,0.01019447,Distant
Proteomics,YPR088C.SMProt,SNPs,SNP_chromosome13_642208_C_T,13,642208,6.38E-07,0.24406238,0.04858172,0.02882569,Distant
Transcriptomics,YPR089W.RNASeq,SNPs,SNP_chromosome13_368861_C_T,13,368861,2.24E-06,0.18294478,0.03841821,0.01898918,Distant
Transcriptomics,YPR091C.RNASeq,SNPs,SNP_chromosome1_114258_G_C,1,114258,4.99E-06,-0.2310917,0.05031188,0.03298621,Distant
Transcriptomics,YPR094W.RNASeq,SNPs,SNP_chromosome12_54652_G_A,12,54652,4.17E-06,-0.2291257,0.04947384,0.0208843,Distant
Transcriptomics,YPR096C.RNASeq,SNPs,SNP_chromosome2_201782_C_T,2,201782,1.07E-06,0.19077245,0.03884146,0.02517779,Distant
Proteomics,YPR103W.SCProt,SNPs,SNP_chromosome9_360493_C_T,9,360493,6.18E-06,0.32021918,0.07040658,0.04895693,Distant
Transcriptomics,YPR107C.RNASeq,SNPs,SNP_chromosome2_117547_G_A,2,117547,1.65E-07,0.25625212,0.04856583,0.02686511,Distant
Transcriptomics,YPR107C.RNASeq,SNPs,SNP_chromosome15_678815_G_A,15,678815,7.31E-06,0.20668874,0.04581778,0.00883187,Distant
Transcriptomics,YPR108W-A.RNASeq,SNPs,SNP_chromosome13_622439_C_T,13,622439,5.80E-08,0.25199775,0.04605491,0.03210463,Distant
Transcriptomics,YPR109W.RNASeq,SNPs,SNP_chromosome16_789570_T_G,16,789570,4.08E-06,0.28281359,0.06100075,0.04603634,Distant
Transcriptomics,YPR110C.RNASeq,SVs,CNV_YBR250W_Cov1.25,2,719033,3.49E-06,-0.1679694,0.03597555,0.00553012,Distant
Transcriptomics,YPR110C.RNASeq,SNPs,SNP_chromosome7_655851_C_T,7,655851,5.10E-06,0.17530049,0.03820532,0.00559698,Distant
Transcriptomics,YPR111W.RNASeq,SNPs,SNP_chromosome10_350651_G_A,10,350651,3.49E-06,0.23842082,0.05106526,0.05065809,Distant
Transcriptomics,YPR112C.RNASeq,SNPs,SNP_chromosome7_655851_C_T,7,655851,2.10E-06,0.18339744,0.03841236,0.00612596,Distant
Proteomics,YPR113W.SMProt,SNPs,SNP_chromosome10_423966_G_A,10,423966,3.95E-06,-0.2497221,0.05371163,0.02770185,Distant
Transcriptomics,YPR114W.RNASeq,SNPs,SNP_chromosome16_753132_T_C,16,753132,3.27E-07,-0.1752042,0.03404439,0.0064522,Local
Transcriptomics,YPR116W.RNASeq,SNPs,SNP_chromosome16_693600_C_T,16,693600,1.04E-06,0.18726654,0.03807698,0.02548287,Distant
Transcriptomics,YPR116W.RNASeq,INDELs,INDEL_chromosome5_336057,5,336057,2.69E-06,0.18545482,0.03926414,0.00751367,Distant
Transcriptomics,YPR116W.RNASeq,SNPs,SNP_chromosome2_484159_G_A,2,484159,3.74E-06,0.25688536,0.05518898,0.01216416,Distant
Transcriptomics,YPR118W.RNASeq,SNPs,SNP_chromosome15_586701_A_C,15,586701,2.71E-06,0.16733927,0.03543892,0.0138455,Distant
Proteomics,YPR118W.SCProt,SNPs,SNP_chromosome16_680046_A_G,16,680046,4.00E-06,-0.1896724,0.04086629,0.02341798,Distant
Proteomics,YPR118W.SMProt,SNPs,SNP_chromosome8_469153_A_G,8,469153,2.67E-06,-0.1703236,0.03599084,0.00606625,Distant
Transcriptomics,YPR119W.RNASeq,SVs,SV_5244_DEL_chromosome13_600892_len_-698,13,600892,2.17E-06,-0.193661,0.04061735,0.0135031,Distant
Transcriptomics,YPR119W.RNASeq,SNPs,SNP_chromosome12_398363_G_A,12,398363,5.28E-06,-0.1765889,0.03854668,0.00480986,Distant
Transcriptomics,YPR121W.RNASeq,SVs,CNV_YPR121W_Cov0.75,16,778583,1.99E-08,-0.2176854,0.03840441,0.0119559,Local
Transcriptomics,YPR122W.RNASeq,SVs,CNV_YCL066W_Cov1.25,3,13282,1.22E-14,0.28688393,0.03656388,0.05673555,Distant
Transcriptomics,YPR122W.RNASeq,SVs,CNV_YDL227C_Cov0.75,4,46271,2.69E-10,0.20827478,0.03260015,0.01102204,Distant
Transcriptomics,YPR122W.RNASeq,SVs,CNV_YX00455_Cov0.75,3,199369,6.97E-08,0.17611703,0.03238876,0.02709775,Distant
Transcriptomics,YPR122W.RNASeq,SNPs,SNP_chromosome7_702168_C_A,7,702168,1.75E-06,0.26430412,0.05492351,0.04618483,Distant
Transcriptomics,YPR122W.RNASeq,SNPs,SNP_chromosome13_806068_G_T,13,806068,2.09E-06,-0.3204396,0.06709647,0.09539812,Distant
Proteomics,YPR129W.SMProt,SVs,CNV_YBR300C_Cov2.75,2,808600,9.41E-07,0.25414847,0.05138488,0.04879415,Distant
Transcriptomics,YPR131C.RNASeq,SNPs,SNP_chromosome15_860651_T_G,15,860651,1.25E-06,-0.3063315,0.06275326,0.05992269,Distant
Transcriptomics,YPR131C.RNASeq,SNPs,SNP_chromosome8_373060_T_C,8,373060,3.48E-06,0.19003868,0.04069878,0.00519874,Distant
Transcriptomics,YPR134W.RNASeq,SNPs,SNP_chromosome15_868024_A_G,15,868024,2.47E-06,0.28888713,0.06093128,0.06181525,Distant
Transcriptomics,YPR134W.RNASeq,SVs,CNV_YX03158_Cov0.25,15,820083,5.56E-06,0.26154456,0.0572281,0.05393129,Distant
Transcriptomics,YPR134W.RNASeq,SNPs,SNP_chromosome16_798835_C_T,16,798835,8.10E-06,0.20494207,0.04565725,0.01015957,Local
Transcriptomics,YPR137W.RNASeq,SNPs,SNP_chromosome7_655851_C_T,7,655851,3.10E-06,0.18328587,0.03905014,0.0061185,Distant
Transcriptomics,YPR137W.RNASeq,SNPs,SNP_chromosome10_524477_G_A,10,524477,3.73E-06,0.27017541,0.05803754,0.043923,Distant
Transcriptomics,YPR139C.RNASeq,SNPs,SNP_chromosome11_532847_G_T,11,532847,3.16E-06,0.30223122,0.0644441,0.08060355,Distant
Transcriptomics,YPR139C.RNASeq,INDELs,INDEL_chromosome11_532537,11,532537,3.60E-06,0.31566979,0.06770211,0.08921644,Distant
Transcriptomics,YPR145C-A.RNASeq,SNPs,SNP_chromosome4_690855_C_T,4,690855,6.04E-06,-0.2943072,0.06465211,0.05705525,Distant
Transcriptomics,YPR148C.RNASeq,SNPs,SNP_chromosome16_831325_C_T,16,831325,6.13E-07,-0.2446153,0.04869437,0.02141088,Local
Transcriptomics,YPR149W.RNASeq,SNPs,SNP_chromosome16_212773_G_A,16,212773,6.54E-07,-0.2079597,0.04150418,0.03351327,Distant
Transcriptomics,YPR153W.RNASeq,SVs,CNV_YBL096C_Cov0.75,2,43174,3.04E-06,0.15752575,0.03353009,0.0159672,Distant
Transcriptomics,YPR154W.RNASeq,SVs,SV_5244_DEL_chromosome13_600892_len_-698,13,600892,4.55E-06,0.18287434,0.03964604,0.01204078,Distant
Proteomics,YPR154W.SMProt,SNPs,SNP_chromosome14_444698_A_G,14,444698,2.75E-06,0.22531459,0.04767326,0.00909632,Distant
Transcriptomics,YPR155C.RNASeq,SNPs,SNP_chromosome16_839283_G_A,16,839283,8.51E-07,0.18358736,0.03702708,0.00652232,Local
Proteomics,YPR160W.SMProt,SNPs,SNP_chromosome15_1031150_G_A,15,1031150,2.39E-06,0.24633019,0.05179933,0.05817767,Distant
Transcriptomics,YPR161C.RNASeq,SNPs,SNP_chromosome16_865379_C_T,16,865379,1.97E-06,-0.1788803,0.03735918,0.00827804,Local
Transcriptomics,YPR163C.RNASeq,SNPs,SNP_chromosome7_655851_C_T,7,655851,7.15E-08,0.20640824,0.03799272,0.00775964,Distant
Transcriptomics,YPR163C.RNASeq,SNPs,SNP_chromosome13_213896_G_C,13,213896,4.09E-07,0.19736706,0.03868051,0.00674112,Distant
Transcriptomics,YPR163C.RNASeq,SVs,CNV_YGL232W_Cov1.25,7,62075,1.76E-06,-0.1780438,0.03700251,0.00708114,Distant
Transcriptomics,YPR163C.RNASeq,SVs,CNV_YBR250W_Cov1.25,2,719033,2.66E-06,-0.1720206,0.03639779,0.0058001,Distant
Transcriptomics,YPR170C.RNASeq,INDELs,INDEL_chromosome16_882369,16,882369,8.49E-07,0.33425484,0.06740706,0.09816709,Local
Transcriptomics,YPR170C.RNASeq,SNPs,SNP_chromosome16_880941_A_T,16,880941,4.58E-06,0.26325047,0.05708322,0.0460996,Local
Transcriptomics,YPR170C.RNASeq,SNPs,SNP_chromosome16_882103_T_A,16,882103,6.16E-06,0.23863488,0.05246796,0.04315324,Local
Transcriptomics,YPR170C.RNASeq,SNPs,SNP_chromosome16_882609_C_G,16,882609,6.46E-06,0.30386271,0.06696368,0.08589055,Local
Transcriptomics,YPR174C.RNASeq,SNPs,SNP_chromosome10_704535_G_A,10,704535,1.34E-06,0.21608431,0.04439941,0.00934884,Distant
Transcriptomics,YPR179C.RNASeq,INDELs,INDEL_chromosome5_212178,5,212178,5.07E-06,0.14478785,0.03154514,0.00381379,Distant
Proteomics,YPR181C.SCProt,SVs,CNV_YX02827_Cov6.75,14,1042,1.21E-06,-0.2415664,0.04941286,0.01364804,Distant
Proteomics,YPR181C.SMProt,SNPs,SNP_chromosome16_756465_A_G,16,756465,4.47E-06,0.22132755,0.04787118,0.00745184,Distant
Transcriptomics,YPR183W.RNASeq,SNPs,SNP_chromosome13_161406_C_T,13,161406,2.58E-07,0.3210603,0.06183761,0.07210879,Distant
Proteomics,YPR183W.SMProt,SNPs,SNP_chromosome16_756465_A_G,16,756465,1.10E-07,0.25878608,0.04825781,0.01047117,Distant
Proteomics,YPR183W.SMProt,INDELs,INDEL_chromosome13_413669,13,413669,6.13E-07,-0.2319793,0.04610353,0.01261387,Distant
Proteomics,YPR184W.SMProt,SNPs,SNP_chromosome4_1441011_G_C,4,1441011,5.53E-07,0.21052573,0.04167222,0.01790147,Distant
Transcriptomics,YPR187W.RNASeq,SNPs,SNP_chromosome7_655851_C_T,7,655851,1.75E-06,0.1871396,0.03888513,0.0063785,Distant
Transcriptomics,YPR187W.RNASeq,SNPs,SNP_chromosome13_213896_G_C,13,213896,1.87E-06,0.18999317,0.03959265,0.00624681,Distant
Proteomics,YPR187W.SMProt,SNPs,SNP_chromosome4_240480_T_C,4,240480,5.97E-06,0.24453886,0.05361457,0.0150214,Distant
Transcriptomics,YPR192W.RNASeq,SVs,CNV_YPR192W_Cov1.25,16,921860,3.36E-09,0.25483033,0.04266313,0.02936712,Local
Transcriptomics,YPR193C.RNASeq,SVs,CNV_YPR192W_Cov1.25,16,921860,8.25E-09,0.25804074,0.04434652,0.03008353,Local
Transcriptomics,YPR194C.RNASeq,SVs,CNV_YPR193C_Cov1.25,16,922909,3.15E-08,0.24003104,0.04299792,0.03408766,Local
Transcriptomics,YPR194C.RNASeq,SNPs,SNP_chromosome16_927952_A_G,16,927952,2.59E-06,-0.311519,0.06583941,0.05680739,Local
Transcriptomics,YPR195C.RNASeq,SVs,CNV_YPR195C_Cov1.25,16,927965,3.44E-24,0.39481158,0.03778488,0.12286613,Local
Transcriptomics,YPR195C.RNASeq,SVs,CNV_YX01539_Cov0.25,17,53855,2.45E-10,0.23199512,0.03623038,0.03208104,Distant
Transcriptomics,YPR195C.RNASeq,SVs,CNV_YX00041_Cov0.25,1,31233,4.96E-08,0.1883085,0.03423764,0.0152469,Distant
Transcriptomics,YPR195C.RNASeq,SNPs,SNP_chromosome16_927980_A_G,16,927980,1.42E-06,0.16661602,0.03431689,0.0076898,Local
Transcriptomics,YPR195C.RNASeq,SVs,CNV_YAR071W_Cov3.75,1,225460,2.62E-06,-0.197747,0.04181287,0.03417358,Distant
Transcriptomics,YPR196W.RNASeq,SVs,CNV_YCL073C_Cov1.75,3,6479,1.56E-11,0.29990597,0.04389458,0.06777298,Distant
Transcriptomics,YPR196W.RNASeq,SVs,CNV_YPR201W_Cov1.75,16,939922,6.46E-11,0.21893659,0.03309733,0.03767637,Local
Transcriptomics,YPR196W.RNASeq,SVs,CNV_YX01512_Cov0.25,7,1269923,2.08E-08,-0.257088,0.04544323,0.05568358,Distant
Transcriptomics,YPR196W.RNASeq,SVs,CNV_YPR196W_Cov2.25,16,931376,5.26E-08,0.1797642,0.03274302,0.01103344,Local
Transcriptomics,YPR196W.RNASeq,SVs,CNV_YX02266_Cov1.75,11,669546,5.26E-08,0.2159785,0.0393393,0.03852382,Distant
Transcriptomics,YPR196W.RNASeq,SVs,CNV_YX01489_Cov1.75,7,1066398,2.98E-06,0.17600841,0.03742382,0.02211696,Distant
Transcriptomics,YPR198W.RNASeq,SVs,CNV_YPR197C_Cov0.75,16,933898,5.98E-41,0.47587132,0.03369844,0.18171457,Local
Transcriptomics,YPR198W.RNASeq,SVs,CNV_YX02591_Cov2.25,13,20560,4.23E-07,0.22308543,0.04376794,0.01983008,Distant
Transcriptomics,YPR198W.RNASeq,SVs,CNV_YX01539_Cov0.25,17,53855,7.97E-07,0.17057516,0.03430673,0.01756718,Distant
Transcriptomics,YPR199C.RNASeq,SVs,CNV_YPR201W_Cov1.75,16,939922,3.82E-50,0.54126459,0.03403947,0.23086783,Local
Transcriptomics,YPR199C.RNASeq,SVs,CNV_YX02591_Cov1.75,13,20560,7.53E-07,0.28074133,0.05633196,0.04291148,Distant
Transcriptomics,YPR200C.RNASeq,SVs,CNV_YPR201W_Cov1.75,16,939922,9.27E-23,0.36832967,0.03645942,0.10779311,Local
Transcriptomics,YPR200C.RNASeq,SVs,CNV_YPR199C_Cov2.25,16,938148,7.78E-16,0.28697493,0.03493941,0.03489523,Local
Transcriptomics,YPR200C.RNASeq,SNPs,SNP_chromosome10_658916_C_T,10,658916,4.48E-06,0.34007557,0.07365481,0.04778614,Distant
Transcriptomics,YPR200C.RNASeq,SVs,CNV_YPR194C_Cov2.25,16,924304,5.26E-06,0.20148118,0.04396541,0.01103536,Local
Transcriptomics,YPR201W.RNASeq,SVs,CNV_YPR201W_Cov1.75,16,939922,1.05E-19,0.33797415,0.03631494,0.09160654,Local
Transcriptomics,YPR201W.RNASeq,SVs,CNV_YPR199C_Cov2.25,16,938148,3.01E-15,0.2774051,0.03451905,0.03271123,Local
Transcriptomics,YPR201W.RNASeq,SNPs,SNP_chromosome11_458817_T_C,11,458817,8.27E-07,0.27360274,0.05510531,0.01233712,Distant
Transcriptomics,YPR201W.RNASeq,SVs,CNV_YEL075W-A_Cov4.25,5,4870,1.41E-06,0.18141357,0.03734309,0.03282566,Distant
Transcriptomics,YPR201W.RNASeq,SNPs,SNP_chromosome5_281802_T_C,5,281802,4.44E-06,-0.3016869,0.06531769,0.07634059,Distant
Transcriptomics,YPR201W.RNASeq,SNPs,SNP_chromosome3_162361_T_C,3,162361,9.41E-06,0.23056223,0.05173245,0.00945932,Distant
Transcriptomics,YPR202W.RNASeq,SVs,CNV_YEL075W-A_Cov3.25,5,4870,8.30E-22,-0.3104929,0.03151814,0.09513592,Distant
Transcriptomics,YPR202W.RNASeq,SVs,CNV_YEL074W_Cov17.25,5,6126,1.06E-18,0.26487298,0.02934406,0.03516744,Distant
Transcriptomics,YPR202W.RNASeq,SVs,CNV_YGR296W_Cov11.75,7,1084864,5.84E-16,-0.2636241,0.03197242,0.07003469,Local
Transcriptomics,YPR202W.RNASeq,SVs,CNV_YLL066W-B_Cov5.25,12,5605,1.54E-15,0.21987761,0.02708049,0.01026847,Distant
Transcriptomics,YPR202W.RNASeq,SVs,CNV_YX01034_Cov20.75,17,533640,1.39E-13,0.18326161,0.02438917,0.00765705,Distant
Transcriptomics,YPR202W.RNASeq,SVs,CNV_YBL113W-A_Cov2.25,2,646,5.15E-13,0.25460348,0.03473469,0.06521875,Distant
Transcriptomics,YPR202W.RNASeq,SVs,CNV_YNL338W_Cov1.75,14,6561,5.34E-11,0.17018213,0.02561922,0.01702643,Distant
Transcriptomics,YPR202W.RNASeq,SVs,CNV_YLR466C-B_Cov3.75,12,1071594,5.52E-09,0.16511918,0.02804326,0.0057908,Distant
Transcriptomics,YPR202W.RNASeq,SNPs,SNP_chromosome2_634316_T_C,2,634316,5.93E-07,0.31498738,0.06262325,0.02033164,Distant
Transcriptomics,YPR202W.RNASeq,SVs,CNV_YX01747_Cov3.75,9,1954,1.69E-06,0.12869359,0.02670294,0.00515101,Distant
Transcriptomics,YPR202W.RNASeq,SVs,CNV_YX00537_Cov1.25,4,176,2.02E-06,0.15351988,0.03209681,0.02313051,Distant
Transcriptomics,YPR203W.RNASeq,SVs,CNV_YEL075W-A_Cov3.25,5,4870,3.30E-22,-0.3057243,0.03071469,0.09256328,Distant
Transcriptomics,YPR203W.RNASeq,SVs,CNV_YEL074W_Cov9.25,5,6126,2.41E-20,0.26456134,0.02793617,0.06623111,Distant
Transcriptomics,YPR203W.RNASeq,SVs,CNV_YGR296W_Cov11.75,7,1084864,5.37E-19,-0.2805697,0.03080493,0.079609,Local
Transcriptomics,YPR203W.RNASeq,SVs,CNV_YX01034_Cov9.75,17,533640,2.81E-16,0.24276562,0.02911162,0.05036094,Distant
Transcriptomics,YPR203W.RNASeq,SVs,CNV_YBL113W-A_Cov2.25,2,646,6.19E-15,0.26635352,0.03355934,0.07163053,Distant
Transcriptomics,YPR203W.RNASeq,SVs,CNV_YLL066W-B_Cov4.25,12,5605,3.89E-13,0.20252514,0.0274809,0.01355175,Distant
Transcriptomics,YPR203W.RNASeq,SVs,CNV_YNL338W_Cov2.25,14,6561,4.53E-13,0.17529353,0.02385568,0.01200673,Distant
Transcriptomics,YPR203W.RNASeq,SVs,CNV_YLR466C-B_Cov0.75,12,1071594,8.11E-11,0.1826377,0.02776582,0.0337369,Distant
Transcriptomics,YPR203W.RNASeq,SNPs,SNP_chromosome2_634316_T_C,2,634316,1.42E-06,0.29306788,0.06035778,0.01766282,Distant
Transcriptomics,YPR203W.RNASeq,SNPs,SNP_chromosome16_590816_C_T,16,590816,1.53E-06,0.30186353,0.06236697,0.0183356,Distant
Transcriptomics,YPR204W.RNASeq,SVs,CNV_YEL074W_Cov17.25,5,6126,2.48E-29,0.31106889,0.02668607,0.04834739,Distant
Transcriptomics,YPR204W.RNASeq,SVs,CNV_YGR296W_Cov17.75,7,1084864,5.81E-25,0.3020708,0.02839986,0.07712733,Local
Transcriptomics,YPR204W.RNASeq,SVs,CNV_YEL075W-A_Cov3.25,5,4870,2.15E-23,-0.2970581,0.02897553,0.08679972,Distant
Transcriptomics,YPR204W.RNASeq,SVs,CNV_YX01034_Cov20.75,17,533640,5.00E-19,0.20238955,0.02220049,0.0093087,Distant
Transcriptomics,YPR204W.RNASeq,SVs,CNV_YLL066W-B_Cov4.25,12,5605,3.33E-17,0.22574133,0.02622711,0.01672309,Distant
Transcriptomics,YPR204W.RNASeq,SVs,CNV_YLR466C-B_Cov0.75,12,1071594,4.23E-17,0.22213391,0.02589712,0.0495691,Distant
Transcriptomics,YPR204W.RNASeq,SVs,CNV_YBL113W-A_Cov1.25,2,646,4.73E-17,-0.2290723,0.02674959,0.04271949,Distant
Transcriptomics,YPR204W.RNASeq,SVs,CNV_YNL338W_Cov2.25,14,6561,1.44E-12,0.160795,0.02238698,0.01003449,Distant
Transcriptomics,YPR204W.RNASeq,SVs,CNV_YX01747_Cov1.25,9,1954,1.71E-11,0.19110619,0.02803328,0.03623235,Distant
Transcriptomics,YPR204W.RNASeq,SVs,CNV_YX02565_Cov0.25,13,473,8.92E-08,0.14946708,0.0277203,0.01328049,Distant
Transcriptomics,YPR204W.RNASeq,SVs,CNV_YX01519_Cov0.75,8,1783,2.41E-07,0.18664412,0.03586158,0.01857972,Distant
Transcriptomics,YPR204W.RNASeq,SVs,CNV_YLR465C_Cov0.25,12,1067045,2.18E-06,-0.138325,0.02901364,0.01600325,Distant
Growth,YPRIBOSE_24h,SVs,CNV_YDL009C_Cov0.75,4,432925,1.03E-06,0.16690052,0.03392641,0.00896654,NA
Growth,YPRIBOSE_40h,SVs,CNV_YX01804_Cov0.75,9,114339,1.46E-06,0.16767521,0.03457203,0.0134647,NA
Growth,YPRIBOSE_40h,SVs,CNV_YDR406W-A_Cov0.75,4,1283799,1.81E-06,0.16943469,0.03525952,0.00903156,NA
Growth,YPRIBOSE_48h,SVs,CNV_YX01804_Cov0.75,9,114339,2.08E-07,0.18290788,0.03495103,0.01602226,NA
Growth,YPRIBOSE_48h,SVs,CNV_YX00388_Cov0.25,3,879,3.25E-06,0.15877337,0.03389497,0.0154455,NA
Growth,YPRIBOSE_48h,SVs,CNV_YIL119C_Cov0.75,9,136654,3.83E-06,0.16224446,0.03489541,0.0111419,NA
Growth,YPSORBITOL_40h,SNPs,SNP_chromosome4_637257_G_A,4,637257,5.93E-06,0.35312425,0.07750295,0.05004434,NA
Growth,YPXYLOSE_24h,SNPs,SNP_chromosome12_973206_C_G,12,973206,1.34E-06,-0.3188323,0.0655159,0.02868234,NA
Growth,YPXYLOSE_24h,SVs,CNV_YNL017C_Cov1.75,14,602138,1.55E-06,0.15156271,0.03133028,0.02239165,NA
