sid_index,SNP,Chr,GenDist,ChrPos,PValue,SnpWeight,SnpWeightSE,EffectSize,SnpFractVarExpl,Mixing,Nullh2,Pheno,PhenoCount,1,2,unique,Pheno_chr,Pheno_pos,Pheno_pos_end,pos_add_p,pos_add_s,pos_cum_pheno,pos_cum_snp,pos_to_trait,type,ld_range,ld_mask
522,rs_chromosome5_81334,5,,81334,1.73027011821271e-06,-0.218155295514625,0.0450142529715524,0.0105176497143721,0.222018972592652,0,0.14400178731808,YAL005C,101,YAL005C,RNA,5_81334_YAL005C,1,139503,141431,0,2888695,139503,2970029,0,TRANS,,
7704,rs_chromosome12_874900,12,,874900,2.62602854622278e-06,-0.219693888527162,0.0461679112526882,0.0169410189080993,0.218190924274524,0,0.143430102325654,YAL005C,101,YAL005C,RNA,12_874900_YAL005C,1,139503,141431,0,7234103,139503,8109003,0,TRANS,,
7058,rs_chromosome13_833534,13,,833534,2.94643537201397e-06,0.255149330179767,0.0538957767770254,0.0526875752569483,0.217122412486021,0,0.261287871469231,YAL023C,101,YAL023C,RNA,13_833534_YAL023C,1,106272,108551,0,8312001,106272,9145535,0,TRANS,,
2485,rs_chromosome7_255756,7,,255756,3.16018456532083e-06,-0.285096420143998,0.0604121059331996,0.0872331818633369,0.216469756241353,0,0.247744101342341,YAL038W,101,YAL038W,RNA,7_255756_YAL038W,1,71786,73288,0,3734736,71786,3990492,0,TRANS,,
2711,rs_chromosome15_286242,15,,286242,8.25024027810829e-06,0.282691276453642,0.0626742726106782,0.0817169219228034,0.207316779773947,0,0.24830245856782,YAL038W,101,YAL038W,RNA,15_286242_YAL038W,1,71786,73288,0,10019344,71786,10305586,0,TRANS,,
8098,rs_chromosome4_993763,4,,993763,1.56985748120122e-05,-0.204685721328969,0.0468824324086721,0.010094043975415,0.200945444951133,0,0.391119468279265,YAR007C,101,YAR007C,RNA,4_993763_YAR007C,1,156754,158619,0,1356984,156754,2350747,0,TRANS,,
1498,rs_chromosome7_147603,7,,147603,1.55299084333318e-06,-0.258048920861973,0.0529995547742336,0.0514440164660858,0.222999804721645,0,0.392259248243933,YAR007C,101,YAR007C,RNA,7_147603_YAR007C,1,156754,158619,0,3734736,156754,3882339,0,TRANS,,
1353,rs_chromosome11_125651,11,,125651,1.54442628124225e-06,0.288139461972496,0.0591657441227051,0.0197310458985648,0.223049864735518,0,0.382801568099199,YAR007C,101,YAR007C,RNA,11_125651_YAR007C,1,156754,158619,0,6570814,156754,6696465,0,TRANS,,
3079,rs_chromosome14_335071,14,,335071,8.65303211834771e-06,-0.240878088138837,0.0535295772676118,0.0337728852056228,0.20685144398112,0,0.376467297269318,YAR007C,101,YAR007C,RNA,14_335071_YAR007C,1,156754,158619,0,9235803,156754,9570874,0,TRANS,334886|335071,
2967,rs_chromosome16_337961,16,,337961,1.72804526299188e-06,-0.236229961898312,0.0487410849930647,0.0251619084808203,0.222030673824567,0,0.235365306993055,YAR015W,101,YAR015W,RNA,16_337961_YAR015W,1,169375,170295,0,11110207,169375,11448168,0,TRANS,,
4855,rs_chromosome10_587423,10,,587423,4.94094873651716e-06,-0.264544098849874,0.0572238839899114,0.0647248730366678,0.212256650211397,0,0.0616035853377701,YBL026W,101,YBL026W,RNA,10_587423_YBL026W,2,170623,171038,229317,5825553,399940,6412976,0,TRANS,,
3927,rs_chromosome16_468415,16,,468415,2.72267147947223e-06,-0.228172471680097,0.048027039999272,0.0288574712986547,0.217856061434341,0,0.0599408462738093,YBL026W,101,YBL026W,RNA,16_468415_YBL026W,2,170623,171038,229317,11110207,399940,11578622,0,TRANS,,
625,rs_chromosome12_78868,12,,78868,4.67759626499823e-06,-0.346157037792653,0.0746857213992054,0.0503730342968139,0.212777545543623,0,0.39799419414889,YBL041W,101,YBL041W,RNA,12_78868_YBL041W,2,141247,141972,229317,7234103,370564,7312971,0,TRANS,,
3820,rs_chromosome14_411046,14,,411046,1.55791032419425e-06,0.225776469350178,0.0463775219944558,0.00878322857164247,0.222971169747957,0,0.443213353613438,YBL045C,101,YBL045C,RNA,14_411046_YBL045C,2,134143,135516,229317,9235803,363460,9646849,0,TRANS,,
7075,rs_chromosome16_840263,16,,840263,3.9002846114682e-06,0.415194743950001,0.0888289232141508,0.162379197259142,0.214496657546033,0,0.448163078547866,YBL045C,101,YBL045C,RNA,16_840263_YBL045C,2,134143,135516,229317,11110207,363460,11950470,0,TRANS,,
5073,rs_chromosome4_601302,4,,601302,2.04734999398928e-07,0.240809230949224,0.0456396793455562,0.0279727831763703,0.240619315827132,0,0.0836056198670207,YBL058W,101,YBL058W,RNA,4_601302_YBL058W,2,111437,112708,229317,1356984,340754,1958286,0,TRANS,,
2177,rs_chromosome14_215116,14,,215116,1.19437859771604e-06,-0.361936815836893,0.0735158171531032,0.122869230841522,0.225363864888217,0,0.24538303446367,YBL064C,101,YBL064C,RNA,14_215116_YBL064C,2,100371,101156,229317,9235803,329688,9450919,0,TRANS,,
6285,rs_chromosome14_711925,14,,711925,1.34556165244351e-06,0.236968289962349,0.0483743455370578,0.0175938866064135,0.224293907252847,0,0.24538303446367,YBL064C,101,YBL064C,RNA,14_711925_YBL064C,2,100371,101156,229317,9235803,329688,9947728,0,TRANS,,
8044,rs_chromosome7_920124,7,,920124,1.59765046740951e-06,0.234454019455996,0.0482119250328356,0.0494365541650279,0.222742979545686,0,0.548726640247336,YBR011C,101,YBR011C,RNA,7_920124_YBR011C,2,257112,257975,229317,3734736,486429,4654860,0,TRANS,,
6684,rs_chromosome16_791479,16,,791479,1.81577834691933e-06,-0.22701282185714,0.0469395592864716,0.0134505712746968,0.221579839979175,0,0.395948156331583,YBR088C,101,YBR088C,RNA,16_791479_YBR088C,2,424990,425766,229317,11110207,654307,11901686,0,TRANS,,
4275,rs_chromosome8_498433,8,,498433,2.18102738417028e-06,-0.408581836410806,0.0851599887129839,0.0965868684910312,0.219903076708517,0,0.584483673427542,YBR177C,101,YBR177C,RNA,8_498433_YBR177C,2,584807,586162,229317,4825327,814124,5323760,0,TRANS,,
3364,rs_chromosome14_361119,14,,361119,3.87675079449097e-06,0.41353681146664,0.0884495740893066,0.0821202742376951,0.214553666653739,0,0.583901056470342,YBR177C,101,YBR177C,RNA,14_361119_YBR177C,2,584807,586162,229317,9235803,814124,9596922,0,TRANS,,
4223,rs_chromosome8_491483,8,,491483,3.12092867525071e-06,0.430121520848814,0.0910915183537298,0.0458170126880878,0.216586390396983,0,0.501893792211342,YBR221C,101,YBR221C,RNA,8_491483_YBR221C,2,665153,666253,229317,4825327,894470,5316810,0,TRANS,,
5419,rs_chromosome15_571944,15,,571944,2.29786554674202e-06,0.216634465655091,0.0452564864650413,0.0144013502316212,0.219423257298161,0,0.305582137249146,YBR234C,101,YBR234C,RNA,15_571944_YBR234C,2,685438,686592,229317,10019344,914755,10591288,0,TRANS,,
6356,rs_chromosome15_674568,15,,674568,7.23689504406721e-06,0.293523761228624,0.064660546844201,0.0420431666352637,0.208590721535616,0,0.305582137249146,YBR234C,101,YBR234C,RNA,15_674568_YBR234C,2,685438,686592,229317,10019344,914755,10693912,0,TRANS,674568|674631,
6357,rs_chromosome15_674588,15,,674588,7.23689504406721e-06,0.293523761228624,0.064660546844201,0.0420431666352637,0.208590721535616,0,0.305582137249146,YBR234C,101,YBR234C,RNA,15_674588_YBR234C,2,685438,686592,229317,10019344,914755,10693932,0,TRANS,674568|674631,
6358,rs_chromosome15_674631,15,,674631,7.23689504406721e-06,0.293523761228624,0.064660546844201,0.0420431666352637,0.208590721535616,0,0.305582137249146,YBR234C,101,YBR234C,RNA,15_674631_YBR234C,2,685438,686592,229317,10019344,914755,10693975,0,TRANS,674568|674631,
4361,rs_chromosome13_562064,13,,562064,2.87113177177134e-06,0.428459999444068,0.0903993758572285,0.0434887618485687,0.217363175109784,0,0.303559506439469,YBR263W,101,YBR263W,RNA,13_562064_YBR263W,2,736264,737736,229317,8312001,965581,8874065,0,TRANS,,
580,rs_chromosome1_74451,1,,74451,8.15097081374748e-07,0.248646475975367,0.0497145575514791,0.0121194935072088,0.228758925038626,0,0.421121928209451,YBR265W,101,YBR265W,RNA,1_74451_YBR265W,2,738582,739544,229317,0,967899,74451,0,TRANS,,
559,rs_chromosome3_75130,3,,75130,1.79142320886566e-06,-0.375159025505124,0.077526558349778,0.135461334591229,0.221702865017664,0,0.699945668298138,YCL026C-B,101,YCL026C-B,RNA,3_75130_YCL026C-B,3,73405,73986,1040796,1040796,1114201,1115926,-1144,CIS,75025|75130,
780,rs_chromosome3_106931,3,,106931,2.94377342827982e-06,-0.338453625413173,0.0714894275817296,0.0604966574816259,0.217130822486539,0,0.699945668298138,YCL026C-B,101,YCL026C-B,RNA,3_106931_YCL026C-B,3,73405,73986,1040796,1040796,1114201,1147727,-32945,TRANS,,
2003,rs_chromosome16_224341,16,,224341,3.73071589324675e-06,0.290903424404772,0.0621103960822292,0.0245026471720337,0.214914996514769,0,0.703419882359923,YCL026C-B,101,YCL026C-B,RNA,16_224341_YCL026C-B,3,73405,73986,1040796,11110207,1114201,11334548,0,TRANS,,
18,rs_chromosome2_7824,2,,7824,4.15264316254991e-07,0.27982947700359,0.0544717218170807,0.00752888099629152,0.234626858492423,0,0.593725887994844,YCL028W,101,YCL028W,RNA,2_7824_YCL028W,3,70150,71367,1040796,229317,1110946,237141,0,TRANS,,
7716,rs_chromosome13_913190,13,,913190,4.32504349618818e-06,-0.344943595487588,0.0741526367296078,0.115841351212181,0.213520533267416,0,0.189014909751393,YCL030C,101,YCL030C,RNA,13_913190_YCL030C,3,65934,68333,1040796,8312001,1106730,9225191,0,TRANS,,
1463,rs_chromosome13_169914,13,,169914,1.03855899602088e-06,0.304089097454125,0.0614074202032957,0.0155284892443274,0.226612154171344,0,0.279508700336382,YCL050C,101,YCL050C,RNA,13_169914_YCL050C,3,37836,38801,1040796,8312001,1078632,8481915,0,TRANS,,
555,rs_chromosome6_85718,6,,85718,3.88596837612335e-06,-0.397634777323011,0.0850576532911836,0.142207796980044,0.214531298390315,0,0.283995594134274,YCR083W,101,YCR083W,RNA,6_85718_YCR083W,3,259578,259961,1040796,3465220,1300374,3550938,0,TRANS,,
3696,rs_chromosome4_451706,4,,451706,5.86061998440717e-07,0.229885933958995,0.0453583130644898,0.0129667045111434,0.231648638402506,0,0.0276463015570999,YCR084C,101,YCR084C,RNA,4_451706_YCR084C,3,260311,262452,1040796,1356984,1301107,1808690,0,TRANS,,
1498,rs_chromosome7_147603,7,,147603,4.45470417872806e-06,-0.217196942704129,0.0467550770497456,0.039790613338498,0.213240774207917,0,0.0242243209873689,YCR084C,101,YCR084C,RNA,7_147603_YCR084C,3,260311,262452,1040796,3734736,1301107,3882339,0,TRANS,,
2483,rs_chromosome7_254979,7,,254979,4.19751604991146e-08,0.249143101029315,0.0446676909267488,0.0165261408373206,0.253502935154044,0,0.0242243209873689,YCR084C,101,YCR084C,RNA,7_254979_YCR084C,3,260311,262452,1040796,3734736,1301107,3989715,0,TRANS,,
6749,rs_chromosome12_795036,12,,795036,8.12558170696251e-07,-0.239118494309571,0.0478034605456126,0.0597875521332511,0.228786431289619,0,0.022608939548527,YCR084C,101,YCR084C,RNA,12_795036_YCR084C,3,260311,262452,1040796,7234103,1301107,8029139,0,TRANS,,
1547,rs_chromosome15_168532,15,,168532,2.26058020482611e-06,-0.243753262946019,0.0508851200750233,0.0538101754160939,0.219573789760392,0,0.0215562960794976,YCR084C,101,YCR084C,RNA,15_168532_YCR084C,3,260311,262452,1040796,10019344,1301107,10187876,0,TRANS,,
1784,rs_chromosome15_189231,15,,189231,4.37880978508878e-06,-0.222879315459236,0.0479399537521807,0.0451788230319695,0.213403566603152,0,0.0215562960794976,YCR084C,101,YCR084C,RNA,15_189231_YCR084C,3,260311,262452,1040796,10019344,1301107,10208575,0,TRANS,,
5726,rs_chromosome15_616835,15,,616835,3.84001910260621e-06,0.209246437840012,0.044735208792842,0.0103310425510733,0.214643310867606,0,0.0215562960794976,YCR084C,101,YCR084C,RNA,15_616835_YCR084C,3,260311,262452,1040796,10019344,1301107,10636179,0,TRANS,,
6274,rs_chromosome15_668741,15,,668741,3.97888920157104e-07,0.228346879904615,0.0443766823393482,0.0125341761204302,0.234993601730699,0,0.0215562960794976,YCR084C,101,YCR084C,RNA,15_668741_YCR084C,3,260311,262452,1040796,10019344,1301107,10688085,0,TRANS,,
807,rs_chromosome11_78131,11,,78131,3.93435245694173e-06,0.309870608062284,0.0663218890023208,0.0583418738018922,0.214414709939751,0,0.336943891842027,YCR088W,101,YCR088W,RNA,11_78131_YCR088W,3,265068,266846,1040796,6570814,1305864,6648945,0,TRANS,77969|78169,
809,rs_chromosome11_78169,11,,78169,3.93435245694173e-06,0.309870608062284,0.0663218890023208,0.0583418738018922,0.214414709939751,0,0.336943891842027,YCR088W,101,YCR088W,RNA,11_78169_YCR088W,3,265068,266846,1040796,6570814,1305864,6648983,0,TRANS,77969|78169,
283,rs_chromosome12_39154,12,,39154,1.62298755041404e-06,0.246578900729091,0.050739416574482,0.0176584665333045,0.222600314607714,0,0.341062034512434,YCR088W,101,YCR088W,RNA,12_39154_YCR088W,3,265068,266846,1040796,7234103,1305864,7273257,0,TRANS,,
2315,rs_chromosome15_244594,15,,244594,6.2910836752901e-06,-0.213274006258484,0.046665695990569,0.00944980771250531,0.209943622977218,0,0.36907679118336,YDL007W,101,YDL007W,RNA,15_244594_YDL007W,4,438047,439360,1356984,10019344,1795031,10263938,0,TRANS,,
2155,rs_chromosome5_261798,5,,261798,5.38612299320919e-07,-0.252760516353606,0.0497052755754597,0.034387777755994,0.232382207547517,0,0.40569662950952,YDL022W,101,YDL022W,RNA,5_261798_YDL022W,4,411825,413000,1356984,2888695,1768809,3150493,0,TRANS,261798|262632,
2160,rs_chromosome5_262066,5,,262066,4.6581902769398e-06,0.282707193642854,0.0609841352769403,0.0814352791889017,0.212817029335953,0,0.40569662950952,YDL022W,101,YDL022W,RNA,5_262066_YDL022W,4,411825,413000,1356984,2888695,1768809,3150761,0,TRANS,,
615,rs_chromosome7_64329,7,,64329,2.3181600666466e-06,-0.195948017891592,0.0409508123293672,0.0100250228389632,0.219342301617313,0,0.39620523380808,YDL022W,101,YDL022W,RNA,7_64329_YDL022W,4,411825,413000,1356984,3734736,1768809,3799065,0,TRANS,,
5218,rs_chromosome10_618419,10,,618419,2.98404925632503e-06,-0.240122163583073,0.0507505148259409,0.0498494409797314,0.217004347572632,0,0.399328727602951,YDL022W,101,YDL022W,RNA,10_618419_YDL022W,4,411825,413000,1356984,5825553,1768809,6443972,0,TRANS,,
8184,rs_chromosome7_943177,7,,943177,3.49340901643152e-06,0.187863638531741,0.0399901119381431,0.00797233361603758,0.215532030431661,0,0.407248435141241,YDL046W,101,YDL046W,RNA,7_943177_YDL046W,4,371240,371761,1356984,3734736,1728224,4677913,0,TRANS,,
2177,rs_chromosome14_215116,14,,215116,1.99773413413356e-06,-0.35103154949097,0.0728845388791814,0.126553343036194,0.220707791465628,0,0.410212409867122,YDL046W,101,YDL046W,RNA,14_215116_YDL046W,4,371240,371761,1356984,9235803,1728224,9450919,0,TRANS,,
2794,rs_chromosome4_355467,4,,355467,1.08518093869024e-09,-0.291025962796939,0.0467353333720171,0.0473911357493521,0.280803385376205,0,0.422520792241519,YDL055C,101,YDL055C,RNA,4_355467_YDL055C,4,355674,356759,1356984,1356984,1712658,1712451,207,CIS,,
2815,rs_chromosome4_357529,4,,357529,6.26893235515964e-07,0.437893097014597,0.0866316643494593,0.18327155613035,0.231061716250931,0,0.422520792241519,YDL055C,101,YDL055C,RNA,4_357529_YDL055C,4,355674,356759,1356984,1356984,1712658,1714513,-770,CIS,,
724,rs_chromosome14_84464,14,,84464,3.38428977805073e-06,0.279885827962359,0.0594926022722592,0.0570219518380162,0.215829322547249,0,0.252487063803043,YDL081C,101,YDL081C,RNA,14_84464_YDL081C,4,309802,310122,1356984,9235803,1666786,9320267,0,TRANS,,
3808,rs_chromosome12_408015,12,,408015,3.58522167702237e-06,-0.429831132279129,0.09160564656922,0.189155412881002,0.215288685961657,0,0.411014486564956,YDL095W,101,YDL095W,RNA,12_408015_YDL095W,4,287059,289512,1356984,7234103,1644043,7642118,0,TRANS,,
3846,rs_chromosome12_412826,12,,412826,4.61626815758669e-06,-0.359090721463473,0.0774284840330447,0.110717159871827,0.212902863712751,0,0.411014486564956,YDL095W,101,YDL095W,RNA,12_412826_YDL095W,4,287059,289512,1356984,7234103,1644043,7646929,0,TRANS,,
3615,rs_chromosome15_379461,15,,379461,6.43927735222371e-06,0.373099311428992,0.0817278119837354,0.119258900000563,0.209719331205238,0,0.400559369242018,YDL095W,101,YDL095W,RNA,15_379461_YDL095W,4,287059,289512,1356984,10019344,1644043,10398805,0,TRANS,,
2080,rs_chromosome6_254049,6,,254049,3.61040564038183e-06,-0.390652967094448,0.0832826461645323,0.154584087466384,0.215222977924176,0,0.317406539583346,YDL100C,101,YDL100C,RNA,6_254049_YDL100C,4,282112,283176,1356984,3465220,1639096,3719269,0,TRANS,,
3517,rs_chromosome4_424011,4,,424011,3.95134422157336e-06,0.26505038775688,0.0567402432251075,0.0179763830551589,0.214374090576679,0,0.385628191834447,YDL103C,101,YDL103C,RNA,4_424011_YDL103C,4,275148,276581,1356984,1356984,1632132,1780995,-147430,TRANS,,
724,rs_chromosome14_84464,14,,84464,2.65699707789615e-06,0.27595771009198,0.0580218721506178,0.0579859011290511,0.218082354181682,0,0.256911810264166,YDL130W,101,YDL130W,RNA,14_84464_YDL130W,4,229906,230527,1356984,9235803,1586890,9320267,0,TRANS,,
5585,rs_chromosome12_668131,12,,668131,2.81418880875408e-06,-0.235080251638569,0.0495542799629478,0.0301075684622747,0.217549278513604,0,0.172361305789573,YDL140C,101,YDL140C,RNA,12_668131_YDL140C,4,205360,210561,1356984,7234103,1562344,7902234,0,TRANS,,
4518,rs_chromosome12_528702,12,,528702,7.7784117929445e-07,0.254306361364814,0.0507497040169841,0.0296949228002944,0.229171062382661,0,0.301622501255271,YDL143W,101,YDL143W,RNA,12_528702_YDL143W,4,199996,201582,1356984,7234103,1556980,7762805,0,TRANS,,
3696,rs_chromosome4_451706,4,,451706,3.814182242221e-06,0.283133107770346,0.0605128046415698,0.0171936311061215,0.214706858209598,0,0.286586219082426,YDL145C,101,YDL145C,RNA,4_451706_YDL145C,4,194571,198176,1356984,1356984,1551555,1808690,-253530,TRANS,,
1499,rs_chromosome4_190248,4,,190248,1.90980495662849e-07,0.398465757770177,0.0753266924217307,0.0932350420176435,0.241200129811065,0,0.304825582501167,YDL147W,101,YDL147W,RNA,4_190248_YDL147W,4,190924,192261,1356984,1356984,1547908,1547232,676,CIS,,
3515,rs_chromosome10_397093,10,,397093,1.66408492149488e-06,0.351269014414328,0.0723594798439512,0.0915186291627049,0.222373384376434,0,0.303792601101837,YDL147W,101,YDL147W,RNA,10_397093_YDL147W,4,190924,192261,1356984,5825553,1547908,6222646,0,TRANS,,
5515,rs_chromosome10_651313,10,,651313,2.23597085878717e-06,0.376046229549773,0.0784643643888431,0.101921414545842,0.219674452630428,0,0.303792601101837,YDL147W,101,YDL147W,RNA,10_651313_YDL147W,4,190924,192261,1356984,5825553,1547908,6476866,0,TRANS,651313|651316,
5516,rs_chromosome10_651316,10,,651316,2.23597085878717e-06,0.376046229549773,0.0784643643888431,0.101921414545842,0.219674452630428,0,0.303792601101837,YDL147W,101,YDL147W,RNA,10_651316_YDL147W,4,190924,192261,1356984,5825553,1547908,6476869,0,TRANS,651313|651316,
1212,rs_chromosome4_158966,4,,158966,3.40190029717931e-06,0.433698805377556,0.0922089023238289,0.0945408374224593,0.215780728761292,0,0.673127304644642,YDL168W,101,YDL168W,RNA,4_158966_YDL168W,4,159604,160764,1356984,1356984,1516588,1515950,638,CIS,,
1216,rs_chromosome4_159051,4,,159051,1.76091645521211e-06,-0.3449686315567,0.0712348718823906,0.0377043897954458,0.221859243656852,0,0.673127304644642,YDL168W,101,YDL168W,RNA,4_159051_YDL168W,4,159604,160764,1356984,1356984,1516588,1516035,553,CIS,,
1220,rs_chromosome4_159190,4,,159190,4.43462727272812e-08,-0.415453284320893,0.0746214830927075,0.0857771841009021,0.25306791219485,0,0.673127304644642,YDL168W,101,YDL168W,RNA,4_159190_YDL168W,4,159604,160764,1356984,1356984,1516588,1516174,414,CIS,,
1229,rs_chromosome4_159333,4,,159333,1.45497387254295e-06,0.27871485836323,0.0570852289693167,0.0151305684741624,0.223589225786747,0,0.673127304644642,YDL168W,101,YDL168W,RNA,4_159333_YDL168W,4,159604,160764,1356984,1356984,1516588,1516317,271,CIS,,
1231,rs_chromosome4_159428,4,,159428,1.72988450524694e-39,-0.70434242618332,0.0485138645788897,0.336799273126443,0.563514188321764,0,0.673127304644642,YDL168W,101,YDL168W,RNA,4_159428_YDL168W,4,159604,160764,1356984,1356984,1516588,1516412,176,CIS,,
1234,rs_chromosome4_159505,4,,159505,1.35428443171663e-07,-0.398445540474875,0.0743888457353392,0.144286928775555,0.244049308189352,0,0.673127304644642,YDL168W,101,YDL168W,RNA,4_159505_YDL168W,4,159604,160764,1356984,1356984,1516588,1516489,99,CIS,,
1371,rs_chromosome4_173776,4,,173776,1.2746947097273e-06,0.351495742190443,0.0715903152276299,0.0604157998723978,0.224780271896692,0,0.673127304644642,YDL168W,101,YDL168W,RNA,4_173776_YDL168W,4,159604,160764,1356984,1356984,1516588,1530760,-13012,CIS,,
3696,rs_chromosome4_451706,4,,451706,4.54157668142587e-06,0.245070177735096,0.0528027333475417,0.0164970568773345,0.213057653372203,0,0.254719502461671,YDL185W,101,YDL185W,RNA,4_451706_YDL185W,4,126787,130002,1356984,1356984,1483771,1808690,-321704,TRANS,,
3980,rs_chromosome8_456359,8,,456359,2.02454014348991e-06,0.216079268743164,0.0448905337212136,0.008931504671736,0.220585796765705,0,0.278722648471809,YDL198C,101,YDL198C,RNA,8_456359_YDL198C,4,103649,104551,1356984,4825327,1460633,5281686,0,TRANS,,
5496,rs_chromosome13_698569,13,,698569,7.30480635717148e-06,-0.239406147548353,0.0527628838133467,0.0508281998187211,0.208500183897566,0,0.152342641775446,YDL229W,101,YDL229W,RNA,13_698569_YDL229W,4,44065,45906,1356984,8312001,1401049,9010570,0,TRANS,,
11768,rs_chromosome4_1437868,4,,1437868,3.68229201897701e-07,0.40644223574997,0.0787522458415666,0.0551868453210201,0.235656770109091,0,0.350394931054828,YDL236W,101,YDL236W,RNA,4_1437868_YDL236W,4,32296,33234,1356984,1356984,1389280,2794852,-1404634,TRANS,,
41,rs_chromosome5_25974,5,,25974,6.36111658216772e-08,0.257511782745987,0.0468207699941491,0.0161957646624302,0.2501916903757,0,0.342653204511405,YDL236W,101,YDL236W,RNA,5_25974_YDL236W,4,32296,33234,1356984,2888695,1389280,2914669,0,TRANS,,
4518,rs_chromosome12_528702,12,,528702,9.78432169255333e-06,0.235225227512674,0.0525931402629248,0.024843027783031,0.20564707715718,0,0.391666242807484,YDR023W,101,YDR023W,RNA,12_528702_YDR023W,4,489508,490896,1356984,7234103,1846492,7762805,0,TRANS,,
205,rs_chromosome8_26753,8,,26753,8.48997284047492e-06,0.257920740362448,0.0572631624489024,0.0413055504925302,0.207037284713232,0,0.4946609346548,YDR032C,101,YDR032C,RNA,8_26753_YDR032C,4,504099,504695,1356984,4825327,1861083,4852080,0,TRANS,,
1090,rs_chromosome9_147476,9,,147476,4.75001809912993e-07,-0.223321928917725,0.0436999211329995,0.0161230986524367,0.233469698491784,0,0.353684089737128,YDR050C,101,YDR050C,RNA,9_147476_YDR050C,4,555726,556472,1356984,5387374,1912710,5534850,0,TRANS,,
3387,rs_chromosome10_381896,10,,381896,3.73193619503144e-06,0.254275491784253,0.0542908302020557,0.0661384830833651,0.214911921555629,0,0.360066158708207,YDR050C,101,YDR050C,RNA,10_381896_YDR050C,4,555726,556472,1356984,5825553,1912710,6207449,0,TRANS,,
1323,rs_chromosome6_173887,6,,173887,4.64848506726435e-06,-0.218358629841549,0.0470986044416005,0.0118695459999828,0.212836834685451,0,0.166738483742598,YDR064W,101,YDR064W,RNA,6_173887_YDR064W,4,579458,580452,1356984,3465220,1936442,3639107,0,TRANS,,
724,rs_chromosome14_84464,14,,84464,1.91632979962132e-06,0.279852932071198,0.0580006738077319,0.0596687613630699,0.221088111142965,0,0.169513481815615,YDR064W,101,YDR064W,RNA,14_84464_YDR064W,4,579458,580452,1356984,9235803,1936442,9320267,0,TRANS,,
7670,rs_chromosome15_842183,15,,842183,5.91651569314809e-08,0.258870199212677,0.046951514955596,0.0233838741758213,0.250772204690622,0,0.473615405019842,YDR135C,101,YDR135C,RNA,15_842183_YDR135C,4,723004,727551,1356984,10019344,2079988,10861527,0,TRANS,841211|842183,
1071,rs_chromosome14_122891,14,,122891,2.95827361405489e-06,0.279518855005899,0.0590540578906902,0.0123590561755926,0.217085099172005,0,0.443461579162493,YDR158W,101,YDR158W,RNA,14_122891_YDR158W,4,770357,771454,1356984,9235803,2127341,9358694,0,TRANS,,
3003,rs_chromosome10_337322,10,,337322,4.90319979610846e-06,-0.205476560935361,0.0444309014859149,0.0147063674613375,0.212329664360902,0,0.168565937669475,YDR172W,101,YDR172W,RNA,10_337322_YDR172W,4,808324,810381,1356984,5825553,2165308,6162875,0,TRANS,,
727,rs_chromosome4_95378,4,,95378,2.41479531247654e-07,-0.290798463324903,0.0554524642529829,0.0570784136429981,0.239234759054535,0,0.415072409396783,YDR174W,101,YDR174W,RNA,4_95378_YDR174W,4,812110,812850,1356984,1356984,2169094,1452362,716732,TRANS,,
7863,rs_chromosome4_955274,4,,955274,5.30424937517213e-06,-0.287759366791595,0.0624540614660427,0.0353383231392964,0.211579968880045,0,0.415072409396783,YDR174W,101,YDR174W,RNA,4_955274_YDR174W,4,812110,812850,1356984,1356984,2169094,2312258,-142424,TRANS,,
3111,rs_chromosome10_350479,10,,350479,1.13407636648001e-06,-0.301122421099473,0.0610310837065592,0.0271166731226975,0.225827319582268,0,0.412277517865746,YDR174W,101,YDR174W,RNA,10_350479_YDR174W,4,812110,812850,1356984,5825553,2169094,6176032,0,TRANS,,
1159,rs_chromosome11_108911,11,,108911,1.38610536222297e-06,-0.318201200674574,0.0650387226819764,0.0220986673986742,0.224026583754283,0,0.415536262354601,YDR174W,101,YDR174W,RNA,11_108911_YDR174W,4,812110,812850,1356984,6570814,2169094,6679725,0,TRANS,,
1393,rs_chromosome11_129709,11,,129709,2.99646980278637e-07,-0.330488431875598,0.0635341653224324,0.025274258750846,0.237411644687912,0,0.415536262354601,YDR174W,101,YDR174W,RNA,11_129709_YDR174W,4,812110,812850,1356984,6570814,2169094,6700523,0,TRANS,,
1601,rs_chromosome11_148491,11,,148491,3.44907960463331e-06,-0.298765365091819,0.0635604967205449,0.0193829844529785,0.215651719299349,0,0.415536262354601,YDR174W,101,YDR174W,RNA,11_148491_YDR174W,4,812110,812850,1356984,6570814,2169094,6719305,0,TRANS,,
6348,rs_chromosome7_740010,7,,740010,4.98194029144192e-07,-0.246602620706715,0.048345708683309,0.013533371025125,0.233057824444657,0,0.317196193018526,YDR177W,101,YDR177W,RNA,7_740010_YDR177W,4,816878,817525,1356984,3734736,2173862,4474746,0,TRANS,,
2459,rs_chromosome7_253916,7,,253916,4.99035721765005e-06,0.244256196999839,0.0528600940547605,0.0662936379155521,0.212161884536667,0,0.0224015815850236,YDR226W,101,YDR226W,RNA,7_253916_YDR226W,4,916486,917154,1356984,3734736,2273470,3988652,0,TRANS,,
337,rs_chromosome8_39906,8,,39906,9.74826945242748e-07,-0.21554257299501,0.0434126804420075,0.0114571614952114,0.227175324737656,0,0.0244736153891063,YDR226W,101,YDR226W,RNA,8_39906_YDR226W,4,916486,917154,1356984,4825327,2273470,4865233,0,TRANS,,
7654,rs_chromosome4_930989,4,,930989,2.40147918918455e-06,0.30745677392913,0.0643551090547923,0.0970953504199412,0.219016894268,0,0.131762634165924,YDR233C,101,YDR233C,RNA,4_930989_YDR233C,4,929470,930357,1356984,1356984,2286454,2287973,-632,CIS,,
7762,rs_chromosome15_850889,15,,850889,6.42203279570209e-06,-0.199401075814004,0.0436733937786437,0.016064900409351,0.209745176372,0,0.124580772465362,YDR233C,101,YDR233C,RNA,15_850889_YDR233C,4,929470,930357,1356984,10019344,2286454,10870233,0,TRANS,,
135,rs_chromosome11_16303,11,,16303,8.46095918725719e-06,-0.268882429588762,0.0596867924904312,0.0587205111898422,0.207070707848068,0,0.358409494862124,YDR238C,101,YDR238C,RNA,11_16303_YDR238C,4,937895,940816,1356984,6570814,2294879,6587117,0,TRANS,,
5699,rs_chromosome7_673934,7,,673934,4.0467727675805e-06,0.251704964389954,0.0539427006396001,0.0281383295809212,0.214149019865848,0,0.155000407393385,YDR293C,101,YDR293C,RNA,7_673934_YDR293C,4,1045640,1049392,1356984,3734736,2402624,4408670,0,TRANS,,
287,rs_chromosome6_64321,6,,64321,3.47474175594367e-06,-0.352853880708049,0.0750928642557863,0.0592794027891495,0.215582253872311,0,0.505173100089823,YDR298C,101,YDR298C,RNA,6_64321_YDR298C,4,1058176,1058814,1356984,3465220,2415160,3529541,0,TRANS,,
5515,rs_chromosome12_657022,12,,657022,8.12246143258393e-06,0.29253768615738,0.0648075772194868,0.0914442387987212,0.20746892939287,0,0.505412958834974,YDR298C,101,YDR298C,RNA,12_657022_YDR298C,4,1058176,1058814,1356984,7234103,2415160,7891125,0,TRANS,,
5528,rs_chromosome15_588288,15,,588288,3.84438549714226e-06,0.402448507930456,0.0860447566375951,0.182969139297512,0.214632611820045,0,0.360137884840165,YDR368W,101,YDR368W,RNA,15_588288_YDR368W,4,1213904,1214842,1356984,10019344,2570888,10607632,0,TRANS,588288|589272,
5018,rs_chromosome2_620149,2,,620149,2.72803426752878e-06,0.237496932236604,0.049994101525739,0.0250023220551008,0.217837814255892,0,0.194854014668548,YDR382W,101,YDR382W,RNA,2_620149_YDR382W,4,1239492,1239824,1356984,229317,2596476,849466,0,TRANS,,
1372,rs_chromosome13_158654,13,,158654,1.16369781439345e-06,0.3825524924768,0.077618707835615,0.0519819457011476,0.225596785189156,0,0.180620760570837,YDR427W,101,YDR427W,RNA,13_158654_YDR427W,4,1322205,1323386,1356984,8312001,2679189,8470655,0,TRANS,,
7701,rs_chromosome16_921388,16,,921388,3.15428079738752e-06,0.217353479493573,0.0460534399040625,0.00990336599539482,0.216487208282588,0,0.0776849545771276,YDR454C,101,YDR454C,RNA,16_921388_YDR454C,4,1366264,1366827,1356984,11110207,2723248,12031595,0,TRANS,,
571,rs_chromosome4_78181,4,,78181,3.09501917503307e-08,0.419258585580109,0.0744139884731557,0.180148232863961,0.255900648542488,0,0.153841701690825,YDR502C,101,YDR502C,RNA,4_78181_YDR502C,4,1453310,1454464,1356984,1356984,2810294,1435165,1375129,TRANS,78181|78264,
3732,rs_chromosome12_399187,12,,399187,8.7592458738791e-07,0.2840468198423,0.05695947178666,0.0217415416640484,0.228123391055609,0,0.474058479870633,YEL002C,101,YEL002C,RNA,12_399187_YEL002C,5,148722,150014,2888695,7234103,3037417,7633290,0,TRANS,,
7058,rs_chromosome13_833534,13,,833534,6.40421629996573e-06,0.25230168353301,0.0552524590948398,0.0505451263155864,0.20977194833017,0,0.480864679992191,YEL002C,101,YEL002C,RNA,13_833534_YEL002C,5,148722,150014,2888695,8312001,3037417,9145535,0,TRANS,,
145,rs_chromosome14_25390,14,,25390,2.01126859276422e-06,0.280041430206407,0.0581620057642256,0.0200770917533628,0.220646001294951,0,0.46413292179602,YEL013W,101,YEL013W,RNA,14_25390_YEL013W,5,128825,130561,2888695,9235803,3017520,9261193,0,TRANS,,
5726,rs_chromosome15_616835,15,,616835,1.1936468337984e-06,0.274064046550189,0.0556658636276649,0.0187307858757908,0.225369353126202,0,0.466961842980587,YEL013W,101,YEL013W,RNA,15_616835_YEL013W,5,128825,130561,2888695,10019344,3017520,10636179,0,TRANS,,
3003,rs_chromosome10_337322,10,,337322,7.86059718560041e-07,-0.226474751427007,0.0452148575729442,0.0165303357924131,0.229078541251585,0,0.272588249745567,YEL042W,101,YEL042W,RNA,10_337322_YEL042W,5,73771,75327,2888695,5825553,2962466,6162875,0,TRANS,,
1323,rs_chromosome6_173887,6,,173887,3.19919988561005e-06,-0.194080103516694,0.0411485380501114,0.0126148487684609,0.216355201228726,0,0.281739310230632,YEL051W,101,YEL051W,RNA,6_173887_YEL051W,5,58378,59148,2888695,3465220,2947073,3639107,0,TRANS,,
3492,rs_chromosome10_395144,10,,395144,4.94483108928939e-06,0.241304461099222,0.0521988132418734,0.0148943709894156,0.21224917117116,0,0.282135643899371,YEL051W,101,YEL051W,RNA,10_395144_YEL051W,5,58378,59148,2888695,5825553,2947073,6220697,0,TRANS,,
2092,rs_chromosome8_225830,8,,225830,1.82437184765074e-06,0.207460561335954,0.0429054906619633,0.0252741250005558,0.221536808557539,0,0.469682522273464,YEL071W,101,YEL071W,RNA,8_225830_YEL071W,5,16355,17845,2888695,4825327,2905050,5051157,0,TRANS,,
1173,rs_chromosome5_159475,5,,159475,1.3613858897442e-07,-0.39851932570938,0.0744165914383677,0.136177947544394,0.244006221021955,0,0.478048648471652,YER004W,101,YER004W,RNA,5_159475_YER004W,5,159580,160275,2888695,2888695,3048275,3048170,105,CIS,159422|159475,
3848,rs_chromosome2_501746,2,,501746,6.09454718059859e-06,-0.220412394552981,0.0481543435774182,0.028559405855872,0.210248983469904,0,0.282565294299046,YER021W,101,YER021W,RNA,2_501746_YER021W,5,196948,198519,2888695,229317,3085643,731063,0,TRANS,,
2081,rs_chromosome3_208066,3,,208066,1.54392390703203e-06,-0.251079968471438,0.0515553360386839,0.0442432168536315,0.223052809374157,0,0.281561629893484,YER021W,101,YER021W,RNA,3_208066_YER021W,5,196948,198519,2888695,1040796,3085643,1248862,0,TRANS,,
3492,rs_chromosome10_395144,10,,395144,2.88604253299987e-06,0.275055625993189,0.058046583627787,0.0181843590318315,0.217315026337751,0,0.443483363673676,YER023W,101,YER023W,RNA,10_395144_YER023W,5,201076,201936,2888695,5825553,3089771,6220697,0,TRANS,,
1141,rs_chromosome11_105814,11,,105814,7.4292578761413e-07,0.279259949689732,0.0556260065259648,0.0253979823443755,0.229574887209319,0,0.443014576208093,YER023W,101,YER023W,RNA,11_105814_YER023W,5,201076,201936,2888695,6570814,3089771,6676628,0,TRANS,,
3557,rs_chromosome16_420298,16,,420298,2.94067009846731e-07,0.378250876458686,0.0726644756728343,0.0835403056749975,0.237571019386996,0,0.404657897373938,YER036C,101,YER036C,RNA,16_420298_YER036C,5,223367,225199,2888695,11110207,3112062,11530505,0,TRANS,,
3980,rs_chromosome8_456359,8,,456359,1.89546544293391e-06,0.201796592619004,0.0418033016307916,0.0085588749182219,0.221188079251033,0,0.242522057608368,YER055C,101,YER055C,RNA,8_456359_YER055C,5,264892,265785,2888695,4825327,3153587,5281686,0,TRANS,,
2396,rs_chromosome15_254944,15,,254944,2.353862244727e-06,0.210402073359415,0.0440012067910287,0.0157421187262069,0.219201516346034,0,0.244255597148384,YER055C,101,YER055C,RNA,15_254944_YER055C,5,264892,265785,2888695,10019344,3153587,10274288,0,TRANS,254944|255098,
3696,rs_chromosome4_451706,4,,451706,1.64151836115095e-06,0.341767254480293,0.0703609141411634,0.0227374612780762,0.222497318208795,0,0.517102265942947,YER070W,101,YER070W,RNA,4_451706_YER070W,5,298950,301616,2888695,1356984,3187645,1808690,0,TRANS,,
4523,rs_chromosome14_491097,14,,491097,2.28516924665094e-06,-0.293253474992403,0.0612477900568637,0.0578561905894212,0.219474252021243,0,0.513963521775997,YER070W,101,YER070W,RNA,14_491097_YER070W,5,298950,301616,2888695,9235803,3187645,9726900,0,TRANS,,
3197,rs_chromosome16_363977,16,,363977,5.68085041858948e-07,-0.407706949089559,0.0803444846401957,0.164563310160915,0.231919607073348,0,0.296599548142251,YER080W,101,YER080W,RNA,16_363977_YER080W,5,319963,321846,2888695,11110207,3208658,11474184,0,TRANS,,
6904,rs_chromosome16_821491,16,,821491,6.93015769952838e-06,0.266155337050935,0.0585085615815893,0.060928880476024,0.209010016006105,0,0.137698779737613,YER086W,101,YER086W,RNA,16_821491_YER086W,5,328477,330207,2888695,11110207,3217172,11931698,0,TRANS,,
1508,rs_chromosome9_194686,9,,194686,8.0262800916736e-07,0.455564094078764,0.0910287554844565,0.106649544932509,0.228894811796971,0,0.549533720810417,YER094C,101,YER094C,RNA,9_194686_YER094C,5,348729,349346,2888695,5387374,3237424,5582060,0,TRANS,,
3003,rs_chromosome10_337322,10,,337322,2.59209030103864e-06,-0.208414309391037,0.0437721849398227,0.0156553893455573,0.21831132129276,0,0.155615485356473,YER110C,101,YER110C,RNA,10_337322_YER110C,5,378762,382103,2888695,5825553,3267457,6162875,0,TRANS,,
6348,rs_chromosome7_740010,7,,740010,3.6111933593342e-06,-0.22841174263441,0.0486951994984328,0.0119209184154475,0.215220929740689,0,0.438571843669468,YER177W,101,YER177W,RNA,7_740010_YER177W,5,545611,546414,2888695,3734736,3434306,4474746,0,TRANS,,
10566,rs_chromosome4_1288278,4,,1288278,8.79851138620973e-07,-0.309029628716794,0.061980573070819,0.0188328252514365,0.228083835216867,0,0.522711972498248,YER178W,101,YER178W,RNA,4_1288278_YER178W,5,546817,548079,2888695,1356984,3435512,2645262,0,TRANS,,
6041,rs_chromosome13_754943,13,,754943,4.34503908533683e-06,-0.397800338509696,0.0855335932055197,0.0961288044274504,0.213476872227341,0,0.302258880846075,YFL022C,101,YFL022C,RNA,13_754943_YFL022C,6,93499,95010,3465220,8312001,3558719,9066944,0,TRANS,,
6196,rs_chromosome16_725524,16,,725524,1.82392466693599e-06,0.247925430857206,0.051273598049213,0.0124777937665591,0.221539042994634,0,0.420264035232172,YFL037W,101,YFL037W,RNA,16_725524_YFL037W,6,56336,57709,3465220,11110207,3521556,11835731,0,TRANS,,
2334,rs_chromosome13_293539,13,,293539,2.64899086990609e-06,-0.331486677805122,0.0696878144251565,0.122075314941211,0.218110306020729,0,0.325576828864226,YFL039C,101,YFL039C,RNA,13_293539_YFL039C,6,53260,54696,3465220,8312001,3518480,8605540,0,TRANS,293539|293618,
3224,rs_chromosome9_394283,9,,394283,2.67082094714856e-06,0.212151986201941,0.0446166371071376,0.0159356066785362,0.218034280420884,0,0.340199057390262,YGL008C,101,YGL008C,RNA,9_394283_YGL008C,7,479910,482666,3734736,5387374,4214646,5781657,0,TRANS,,
6274,rs_chromosome15_668741,15,,668741,4.06795084416495e-06,0.216431616686941,0.0463944811398086,0.0121615309682665,0.21409975872988,0,0.348471491548755,YGL008C,101,YGL008C,RNA,15_668741_YGL008C,7,479910,482666,3734736,10019344,4214646,10688085,0,TRANS,,
5018,rs_chromosome2_620149,2,,620149,4.14513618980807e-06,0.228039138944727,0.0489251847653355,0.0245521327327468,0.213922272065366,0,0.155177952721544,YGL030W,101,YGL030W,RNA,2_620149_YGL030W,7,439091,439638,3734736,229317,4173827,849466,0,TRANS,,
724,rs_chromosome14_84464,14,,84464,5.39483247201178e-07,0.285317493299643,0.0561111721488505,0.0653204018171971,0.232368192050477,0,0.153655378820224,YGL030W,101,YGL030W,RNA,14_84464_YGL030W,7,439091,439638,3734736,9235803,4173827,9320267,0,TRANS,,
2092,rs_chromosome6_254882,6,,254882,2.87042610789978e-06,-0.448430700088009,0.0946118850236738,0.21045135662798,0.217365459711288,0,0.366264977690028,YGL048C,101,YGL048C,RNA,6_254882_YGL048C,7,410069,411286,3734736,3465220,4144805,3720102,0,TRANS,254774|254882,
2484,rs_chromosome10_287568,10,,287568,3.04512315494474e-07,0.238631713081007,0.0459033302826856,0.00833348402516849,0.237274995286654,0,0,YGL103W,101,YGL103W,RNA,10_287568_YGL103W,7,310967,311927,3734736,5825553,4045703,6113121,0,TRANS,,
6548,rs_chromosome12_776449,12,,776449,6.00621210738084e-07,0.232758301102092,0.045969855126946,0.0137055970778496,0.231434976030116,0,0,YGL103W,101,YGL103W,RNA,12_776449_YGL103W,7,310967,311927,3734736,7234103,4045703,8010552,0,TRANS,,
2532,rs_chromosome16_282972,16,,282972,2.28505524138366e-06,0.27702961836319,0.057859210753344,0.0608355582269412,0.219474711150846,0,0.155416372078119,YGL123W,101,YGL123W,RNA,16_282972_YGL123W,7,277617,278381,3734736,11110207,4012353,11393179,0,TRANS,,
6332,rs_chromosome12_750337,12,,750337,9.24253762006363e-07,0.247668389436866,0.0497739731195515,0.0428180571762584,0.22764794977828,0,0.489794669320091,YGL125W,101,YGL125W,RNA,12_750337_YGL125W,7,272520,274322,3734736,7234103,4007256,7984440,0,TRANS,,
7980,rs_chromosome12_908785,12,,908785,6.99220167408734e-07,-0.236220620908015,0.0469381267252297,0.0347261753281165,0.230106875860756,0,0.389552071323636,YGL137W,101,YGL137W,RNA,12_908785_YGL137W,7,249869,252738,3734736,7234103,3984605,8142888,0,TRANS,,
2813,rs_chromosome4_357312,4,,357312,2.86663460552347e-06,0.248913189770613,0.0525136865981016,0.0440357823642472,0.217377743982541,0,0.357636052187231,YGL148W,101,YGL148W,RNA,4_357312_YGL148W,7,226399,227529,3734736,1356984,3961135,1714296,0,TRANS,,
1306,rs_chromosome13_147350,13,,147350,7.67197924859275e-07,0.2210638419903,0.0440911678353346,0.0108851135896626,0.22929228473739,0,0.197445513463242,YGL202W,101,YGL202W,RNA,13_147350_YGL202W,7,116059,117561,3734736,8312001,3850795,8459351,0,TRANS,,
47,rs_chromosome5_26417,5,,26417,2.23780049782281e-06,-0.226525098850965,0.0472675587812807,0.0326495081701329,0.219666932217882,0,0.218976572521576,YGL206C,101,YGL206C,RNA,5_26417_YGL206C,7,102543,107504,3734736,2888695,3837279,2915112,0,TRANS,,
3696,rs_chromosome4_451706,4,,451706,1.9497018471576e-06,0.311899740050122,0.0646910345509107,0.0208798655498369,0.220930360888891,0,0.37455341798496,YGL207W,101,YGL207W,RNA,4_451706_YGL207W,7,98969,102076,3734736,1356984,3833705,1808690,0,TRANS,,
7670,rs_chromosome15_842183,15,,842183,9.47335383222048e-07,0.246975323178079,0.0496850261297346,0.0197987283542073,0.227429242358046,0,0.358739740801404,YGL207W,101,YGL207W,RNA,15_842183_YGL207W,7,98969,102076,3734736,10019344,3833705,10861527,0,TRANS,,
7066,rs_chromosome13_835289,13,,835289,3.95339741696419e-06,-0.37726869627108,0.0807651341952851,0.137849806484138,0.214369193650801,0,0.686152059520026,YGL253W,101,YGL253W,RNA,13_835289_YGL253W,7,23935,25395,3734736,8312001,3758671,9147290,0,TRANS,,
3250,rs_chromosome15_332789,15,,332789,3.11905938118219e-06,-0.390404095602896,0.0826778882584829,0.0308942964767769,0.216591979224301,0,0.680417254862318,YGL253W,101,YGL253W,RNA,15_332789_YGL253W,7,23935,25395,3734736,10019344,3758671,10352133,0,TRANS,,
6781,rs_chromosome14_750776,14,,750776,2.7209350106188e-06,0.2528742973525,0.0532249034861785,0.0555938632602231,0.217861977232432,0,0.362034374763521,YGR037C,101,YGR037C,RNA,14_750776_YGR037C,7,559731,559994,3734736,9235803,4294467,9986579,0,TRANS,,
8754,rs_chromosome4_1059598,4,,1059598,5.84595496466419e-07,-0.366887205305462,0.0723825482796788,0.116282081053225,0.231670441879202,0,0.252269590191041,YGR132C,101,YGR132C,RNA,4_1059598_YGR132C,7,755589,756452,3734736,1356984,4490325,2416582,0,TRANS,1059598|1059600,
8755,rs_chromosome4_1059600,4,,1059600,5.84595496466419e-07,-0.366887205305462,0.0723825482796788,0.116282081053225,0.231670441879202,0,0.252269590191041,YGR132C,101,YGR132C,RNA,4_1059600_YGR132C,7,755589,756452,3734736,1356984,4490325,2416584,0,TRANS,1059598|1059600,
2148,rs_chromosome3_214369,3,,214369,5.96885568923484e-07,0.274518299353537,0.0542040227625148,0.0187086364790659,0.23148931955553,0,0.380847271402319,YGR135W,101,YGR135W,RNA,3_214369_YGR135W,7,761392,762168,3734736,1040796,4496128,1255165,0,TRANS,,
1752,rs_chromosome7_172624,7,,172624,2.70707681907128e-06,0.337101697742649,0.070936877434083,0.0356201185876606,0.217909319111078,0,0.429903520267784,YGR155W,101,YGR155W,RNA,7_172624_YGR155W,7,798543,800066,3734736,3734736,4533279,3907360,625919,TRANS,172187|172624,
1971,rs_chromosome7_199929,7,,199929,4.3408064022145e-06,0.263903945427399,0.0567411045983986,0.0146748813122117,0.213486098400647,0,0.429903520267784,YGR155W,101,YGR155W,RNA,7_199929_YGR155W,7,798543,800066,3734736,3734736,4533279,3934665,598614,TRANS,,
2058,rs_chromosome7_207715,7,,207715,4.46029351834602e-06,0.383745425927168,0.082612095516121,0.0429343960116386,0.213228890084275,0,0.429903520267784,YGR155W,101,YGR155W,RNA,7_207715_YGR155W,7,798543,800066,3734736,3734736,4533279,3942451,590828,TRANS,,
3416,rs_chromosome7_362116,7,,362116,1.80633065780242e-06,0.338558046971947,0.0699880338616913,0.072413048552132,0.221627374362135,0,0.401752930934739,YGR157W,101,YGR157W,RNA,7_362116_YGR157W,7,802440,805049,3734736,3734736,4537176,4096852,440324,TRANS,,
7346,rs_chromosome7_846990,7,,846990,1.671924294066e-06,0.452162213120872,0.0931617313175698,0.177433702122581,0.222330707672913,0,0.414201437822058,YGR173W,101,YGR173W,RNA,7_846990_YGR173W,7,843854,844960,3734736,3734736,4578590,4581726,-2030,CIS,846689|847197,
866,rs_chromosome15_105291,15,,105291,1.04695639879954e-06,0.383542505281371,0.0774780014435693,0.135128057050112,0.226540436182868,0,0.578551353311635,YGR178C,101,YGR178C,RNA,15_105291_YGR178C,7,851047,853215,3734736,10019344,4585783,10124635,0,TRANS,105283|105291,
5276,rs_chromosome16_610294,16,,610294,2.66919530151841e-06,0.433930115906207,0.0912552221513661,0.0648857881129914,0.21803992138623,0,0.578018152382398,YGR178C,101,YGR178C,RNA,16_610294_YGR178C,7,851047,853215,3734736,11110207,4585783,11720501,0,TRANS,,
3841,rs_chromosome11_382913,11,,382913,2.67364527192662e-06,0.283154106225964,0.0595515506475587,0.0615060367435202,0.218024487862286,0,0.378832138520857,YGR189C,101,YGR189C,RNA,11_382913_YGR189C,7,876669,878192,3734736,6570814,4611405,6953727,0,TRANS,,
7665,rs_chromosome13_910506,13,,910506,5.01516297630497e-06,0.275475694503018,0.0596302865343251,0.0157267795673262,0.212114644153998,0,0.451227231855533,YGR204W,101,YGR204W,RNA,13_910506_YGR204W,7,905934,908774,3734736,8312001,4640670,9222507,0,TRANS,,
8014,rs_chromosome7_916853,7,,916853,2.50594154098167e-06,0.292542497456122,0.0613489664773108,0.0753583583767759,0.218623843881396,0,0.123574799867526,YGR211W,101,YGR211W,RNA,7_916853_YGR211W,7,915241,916701,3734736,3734736,4649977,4651589,-152,CIS,,
5458,rs_chromosome11_571065,11,,571065,2.68047840411602e-06,-0.247883028068686,0.0521394527647653,0.0278479764789533,0.218000836749983,0,0.127384109114881,YGR211W,101,YGR211W,RNA,11_571065_YGR211W,7,915241,916701,3734736,6570814,4649977,7141879,0,TRANS,,
6551,rs_chromosome12_776923,12,,776923,2.58694364760589e-06,0.319703871534437,0.0671398204052144,0.0409449028005887,0.218329710763188,0,0.374219710442031,YGR267C,101,YGR267C,RNA,12_776923_YGR267C,7,1025004,1025735,3734736,7234103,4759740,8011026,0,TRANS,,
1306,rs_chromosome13_147350,13,,147350,2.57121519150675e-06,0.202594667060196,0.0425346107342267,0.00891936241509066,0.21838612770021,0,0.373636093372903,YGR267C,101,YGR267C,RNA,13_147350_YGR267C,7,1025004,1025735,3734736,8312001,4759740,8459351,0,TRANS,,
9094,rs_chromosome7_1050159,7,,1050159,1.79652806492414e-06,-0.261705093052042,0.054087969603995,0.0485156224533118,0.221676946739796,0,0.499510850690669,YGR279C,101,YGR279C,RNA,7_1050159_YGR279C,7,1048798,1049958,3734736,3734736,4783534,4784895,-201,CIS,1050159|1050164,
9095,rs_chromosome7_1050164,7,,1050164,1.79652806492414e-06,-0.261705093052042,0.054087969603995,0.0485156224533118,0.221676946739796,0,0.499510850690669,YGR279C,101,YGR279C,RNA,7_1050164_YGR279C,7,1048798,1049958,3734736,3734736,4783534,4784900,-206,CIS,1050159|1050164,
345,rs_chromosome10_64629,10,,64629,7.67470211104743e-07,0.315824161082719,0.0629920119346201,0.0238889830710458,0.229289163435708,0,0.306477172275024,YHR019C,101,YHR019C,RNA,10_64629_YHR019C,8,141894,143558,4825327,5825553,4967221,5890182,0,TRANS,,
6565,rs_chromosome15_699816,15,,699816,2.97521867166199e-06,0.23396325422205,0.0494422147662217,0.00920066015628528,0.217031937232746,0,0.347074309616578,YHR025W,101,YHR025W,RNA,15_699816_YHR025W,8,159438,160511,4825327,10019344,4984765,10719160,0,TRANS,,
3771,rs_chromosome13_486389,13,,486389,9.31133052836874e-07,0.290257171171955,0.0583508179867908,0.013677878203972,0.227582222531696,0,0.446830948259497,YHR027C,101,YHR027C,RNA,13_486389_YHR027C,8,161730,164711,4825327,8312001,4987057,8798390,0,TRANS,,
1326,rs_chromosome7_134770,7,,134770,3.26195350547965e-06,0.236075386366169,0.0500963900375747,0.0120653543503559,0.216173718998261,0,0.234843759032442,YHR037W,101,YHR037W,RNA,7_134770_YHR037W,8,181977,183704,4825327,3734736,5007304,3869506,0,TRANS,,
7937,rs_chromosome4_962979,4,,962979,1.91585897704878e-06,-0.230486340393074,0.0477687343386669,0.0259522080692989,0.221090355493627,0,0.434314796140096,YHR051W,101,YHR051W,RNA,4_962979_YHR051W,8,209705,210151,4825327,1356984,5035032,2319963,0,TRANS,,
3820,rs_chromosome14_411046,14,,411046,5.53438868780308e-06,0.218642915791509,0.0475488572461312,0.00806192137338411,0.211173840770113,0,0.438492770549352,YHR051W,101,YHR051W,RNA,14_411046_YHR051W,8,209705,210151,4825327,9235803,5035032,9646849,0,TRANS,,
3696,rs_chromosome4_451706,4,,451706,7.79661819393354e-07,-0.317476530125783,0.0633620284382361,0.0237644861433973,0.229150485668243,0,0.449193872674586,YHR087W,101,YHR087W,RNA,4_451706_YHR087W,8,280820,281155,4825327,1356984,5106147,1808690,0,TRANS,,
3162,rs_chromosome7_330896,7,,330896,2.42152878336953e-06,0.218282365496727,0.0457064379217105,0.00894825055288141,0.21894020319679,0,0.540714137669853,YHR146W,101,YHR146W,RNA,7_330896_YHR146W,8,390300,391697,4825327,3734736,5215627,4065632,0,TRANS,,
1960,rs_chromosome14_193388,14,,193388,4.06359584424351e-06,0.206307269362699,0.0442220281932267,0.0118997963373335,0.214109868611298,0,0.322592582809055,YHR193C,101,YHR193C,RNA,14_193388_YHR193C,8,487712,488236,4825327,9235803,5313039,9429191,0,TRANS,,
3081,rs_chromosome13_398820,13,,398820,2.90462702601199e-06,-0.235702705626317,0.0497560498311277,0.0343994127992033,0.217255346542024,0,0.20147441693421,YIL033C,101,YIL033C,RNA,13_398820_YIL033C,9,290419,291669,5387374,8312001,5677793,8710821,0,TRANS,,
282,rs_chromosome9_57857,9,,57857,3.38889219722352e-06,0.290794438918623,0.0618151613640821,0.0341267173584721,0.215816599523989,0,0.156380714977168,YIL041W,101,YIL041W,RNA,9_57857_YIL041W,9,276525,277505,5387374,5387374,5663899,5445231,218668,TRANS,,
1815,rs_chromosome2_249967,2,,249967,2.15405729551461e-06,-0.366229245241112,0.0762908608977881,0.11765460396449,0.220017326055098,0,0.295864437039076,YIL109C,101,YIL109C,RNA,2_249967_YIL109C,9,157385,160165,5387374,229317,5544759,479284,0,TRANS,,
4518,rs_chromosome12_528702,12,,528702,4.42685446035453e-06,0.228929198865201,0.0492662465274291,0.0260173387273198,0.213300201664837,0,0.478190716178562,YIL142W,101,YIL142W,RNA,12_528702_YIL142W,9,83302,84885,5387374,7234103,5470676,7762805,0,TRANS,,
5777,rs_chromosome12_684046,12,,684046,5.09876735350406e-06,0.370698304622583,0.0803049256189862,0.0559935781828946,0.211957053227578,0,0.385119245895562,YIR006C,101,YIR006C,RNA,12_684046_YIR006C,9,365466,369908,5387374,7234103,5752840,7918149,0,TRANS,,
1229,rs_chromosome1_146738,1,,146738,1.16594708102171e-06,-0.402467796493589,0.0816660496549632,0.163632219783968,0.225579510476682,0,0.42093375771221,YIR034C,101,YIR034C,RNA,1_146738_YIR034C,9,419615,420736,5387374,0,5806989,146738,0,TRANS,,
1260,rs_chromosome14_136306,14,,136306,2.1517411949011e-06,0.343176114676761,0.0714851878900292,0.069017121892898,0.220027201152741,0,0.439645496024647,YJL001W,101,YJL001W,RNA,14_136306_YJL001W,10,435163,435926,5825553,9235803,6260716,9372109,0,TRANS,,
625,rs_chromosome12_78868,12,,78868,4.22641428302082e-06,-0.377647691389266,0.0810961998833096,0.0561959625450056,0.213738754232926,0,0.468308684006296,YJL008C,101,YJL008C,RNA,12_78868_YJL008C,10,419957,421663,5825553,7234103,6245510,7312971,0,TRANS,,
7058,rs_chromosome13_833534,13,,833534,7.11379285078535e-06,0.247319933681959,0.0544369248069415,0.0478296372736634,0.208756922435909,0,0.463872609762695,YJL008C,101,YJL008C,RNA,13_833534_YJL008C,10,419957,421663,5825553,8312001,6245510,9145535,0,TRANS,,
7353,rs_chromosome15_801745,15,,801745,3.01179115780447e-06,0.2460271658907,0.0520202309394138,0.036366008258148,0.216918177787574,0,0.497424764484203,YJL014W,101,YJL014W,RNA,15_801745_YJL014W,10,407558,409162,5825553,10019344,6233111,10821089,0,TRANS,,
7505,rs_chromosome16_900592,16,,900592,1.72097755990826e-06,-0.297558331153361,0.0613840667593478,0.0774392597526811,0.222067941123754,0,0.507887445724982,YJL014W,101,YJL014W,RNA,16_900592_YJL014W,10,407558,409162,5825553,11110207,6233111,12010799,0,TRANS,,
47,rs_chromosome5_26417,5,,26417,4.58299187312711e-06,-0.238206296124023,0.0513455860277956,0.0303077505003208,0.212971527463437,0,0.367930230226315,YJL020C,101,YJL020C,RNA,5_26417_YJL020C,10,398937,402410,5825553,2888695,6224490,2915112,0,TRANS,,
5272,rs_chromosome10_624658,10,,624658,3.19279742194279e-06,-0.307275087125115,0.0651420396253285,0.013726013058214,0.216373907937346,0,0.358632079554314,YJL052W,101,YJL052W,RNA,10_624658_YJL052W,10,338271,339269,5825553,5825553,6163824,6450211,-285389,TRANS,,
4104,rs_chromosome14_438531,14,,438531,3.10789998830523e-06,-0.314956182556995,0.0666890943891407,0.046406453333152,0.216625410417778,0,0.350383345233385,YJL052W,101,YJL052W,RNA,14_438531_YJL052W,10,338271,339269,5825553,9235803,6163824,9674334,0,TRANS,,
5490,rs_chromosome13_698372,13,,698372,3.72354667942204e-06,-0.251238601055413,0.0536368813506286,0.0568526313022254,0.214933081181481,0,0.185456930684793,YJL080C,101,YJL080C,RNA,13_698372_YJL080C,10,285558,289226,5825553,8312001,6111111,9010373,0,TRANS,,
188,rs_chromosome15_57711,15,,57711,1.71967540131499e-06,0.264045901224295,0.0544689265266638,0.0408099374000472,0.22207482326664,0,0.224311222296928,YJL111W,101,YJL111W,RNA,15_57711_YJL111W,10,207877,209529,5825553,10019344,6033430,10077055,0,TRANS,,
1299,rs_chromosome10_150921,10,,150921,3.67731844534526e-06,0.411777549709135,0.0878599864477748,0.143822795510589,0.215050499166556,0,0.27458791901329,YJL140W,101,YJL140W,RNA,10_150921_YJL140W,10,150961,151626,5825553,5825553,5976514,5976474,40,CIS,,
8888,rs_chromosome12_1020076,12,,1020076,1.00950682833097e-06,0.347685100333115,0.0701287766073578,0.0804708208335164,0.226864639452357,0,0.277891428229703,YJL140W,101,YJL140W,RNA,12_1020076_YJL140W,10,150961,151626,5825553,7234103,5976514,8254179,0,TRANS,1019765|1020119,
6904,rs_chromosome16_821491,16,,821491,2.56660479167927e-06,0.331372758853357,0.0695659297258974,0.0905066173056909,0.218402727478623,0,0.477108261927851,YJL200C,101,YJL200C,RNA,16_821491_YJL200C,10,56444,58813,5825553,11110207,5881997,11931698,0,TRANS,,
4249,rs_chromosome7_469734,7,,469734,8.61152962802422e-07,0.243740362322201,0.0488429200841474,0.0374448489158428,0.228273739677684,0,0.275700624801341,YJR014W,101,YJR014W,RNA,7_469734_YJR014W,10,461829,462425,5825553,3734736,6287382,4204470,0,TRANS,,
5585,rs_chromosome12_668131,12,,668131,2.11383763270665e-06,-0.245822559621785,0.0511661348595349,0.0293493575785182,0.22019027188412,0,0.102210799818097,YJR045C,101,YJR045C,RNA,12_668131_YJR045C,10,519638,521602,5825553,7234103,6345191,7902234,0,TRANS,,
2149,rs_chromosome2_302254,2,,302254,2.69953108041354e-06,0.244073414160863,0.0513543772118729,0.0320170093484673,0.217935194168208,0,0.394390305658983,YJR069C,101,YJR069C,RNA,2_302254_YJR069C,10,568806,569399,5825553,229317,6394359,531571,0,TRANS,,
4249,rs_chromosome7_469734,7,,469734,2.10602573356419e-06,0.236666164126096,0.0492523168286361,0.0363060286128417,0.220224228300189,0,0.395237676579901,YJR069C,101,YJR069C,RNA,7_469734_YJR069C,10,568806,569399,5825553,3734736,6394359,4204470,0,TRANS,,
5983,rs_chromosome16_697099,16,,697099,2.81353432644222e-06,0.265788592423061,0.0560269310985617,0.0132924781789617,0.21755143838444,0,0.394482019271586,YJR069C,101,YJR069C,RNA,16_697099_YJR069C,10,568806,569399,5825553,11110207,6394359,11807306,0,TRANS,,
585,rs_chromosome3_78442,3,,78442,3.9369082984614e-06,-0.261583473944283,0.055988624845642,0.0126475960824885,0.214408589422671,0,0.328705705124509,YJR073C,101,YJR073C,RNA,3_78442_YJR073C,10,572315,572935,5825553,1040796,6397868,1119238,0,TRANS,,
1717,rs_chromosome13_206354,13,,206354,4.11427346808049e-06,0.252450765291944,0.0541439108822257,0.0369152705758073,0.213992858628728,0,0.322135266653486,YJR073C,101,YJR073C,RNA,13_206354_YJR073C,10,572315,572935,5825553,8312001,6397868,8518355,0,TRANS,,
724,rs_chromosome14_84464,14,,84464,1.25604960364026e-06,0.284244158584466,0.0578571008686015,0.0617889883949899,0.2249125423724,0,0.206848244872616,YJR123W,101,YJR123W,RNA,14_84464_YJR123W,10,651901,652578,5825553,9235803,6477454,9320267,0,TRANS,,
1141,rs_chromosome11_105814,11,,105814,7.43868176530839e-08,0.300879201858157,0.0550008748515587,0.0282693988850188,0.248932950320076,0,0.505583193320213,YJR139C,101,YJR139C,RNA,11_105814_YJR139C,10,689445,690524,5825553,6570814,6514998,6676628,0,TRANS,,
5941,rs_chromosome13_740894,13,,740894,5.25852843757094e-07,0.402187698884853,0.0790153649546259,0.0595981912029509,0.232590071097111,0,0.507726049107793,YJR139C,101,YJR139C,RNA,13_740894_YJR139C,10,689445,690524,5825553,8312001,6514998,9052895,0,TRANS,,
4936,rs_chromosome16_586008,16,,586008,3.29719260438383e-06,0.28193928625056,0.0598581191483295,0.0165896427126888,0.216073266151288,0,0.507492873221939,YJR139C,101,YJR139C,RNA,16_586008_YJR139C,10,689445,690524,5825553,11110207,6514998,11696215,0,TRANS,,
3847,rs_chromosome11_383487,11,,383487,1.00915864902449e-06,-0.392065334620916,0.0790792307166752,0.142255928885934,0.226867707466214,0,0.324494445655866,YKL024C,101,YKL024C,RNA,11_383487_YKL024C,11,392526,393140,6570814,6570814,6963340,6954301,9039,CIS,383295|383487,
3946,rs_chromosome11_392226,11,,392226,1.90407220184821e-07,-0.464974832933291,0.0878899880976105,0.20464916884919,0.241225203574961,0,0.324494445655866,YKL024C,101,YKL024C,RNA,11_392226_YKL024C,11,392526,393140,6570814,6570814,6963340,6963040,300,CIS,,
2813,rs_chromosome4_357312,4,,357312,2.83889817755575e-06,0.252184422306793,0.0531806264941608,0.0431664865557602,0.217468084055893,0,0.30347435286928,YKL056C,101,YKL056C,RNA,4_357312_YKL056C,11,334412,334915,6570814,1356984,6905226,1714296,0,TRANS,,
6980,rs_chromosome16_828223,16,,828223,3.4478161545873e-06,0.22520125976525,0.0479093852329661,0.035947642391253,0.215655152104199,0,0.474650500073999,YKL060C,101,YKL060C,RNA,16_828223_YKL060C,11,326408,327487,6570814,11110207,6897222,11938430,0,TRANS,,
1651,rs_chromosome12_179029,12,,179029,1.67956856865619e-06,0.332394393186481,0.0684986668372505,0.120464287506955,0.222289277255304,0,0.222468541540611,YKL080W,101,YKL080W,RNA,12_179029_YKL080W,11,285030,286208,6570814,7234103,6855844,7413132,0,TRANS,,
1153,rs_chromosome9_154387,9,,154387,4.60159728848549e-06,-0.236270739574153,0.0509380081427473,0.0316904315031342,0.212933077790278,0,0.208420925637714,YKL081W,101,YKL081W,RNA,9_154387_YKL081W,11,282891,284455,6570814,5387374,6853705,5541761,0,TRANS,,
7492,rs_chromosome7_862090,7,,862090,7.05686563624242e-06,0.195413893315718,0.0429952747176304,0.015747541911627,0.208834709239917,0,0.515542950166569,YKL085W,101,YKL085W,RNA,7_862090_YKL085W,11,279123,280127,6570814,3734736,6849937,4596826,0,TRANS,,
6285,rs_chromosome14_711925,14,,711925,5.6825015720549e-07,0.254129989037762,0.0500805249557506,0.0213559482146859,0.231917080991749,0,0.390172191494941,YKL103C,101,YKL103C,RNA,14_711925_YKL103C,11,246138,247682,6570814,9235803,6816952,9947728,0,TRANS,,
503,rs_chromosome11_46828,11,,46828,2.41092204357496e-06,-0.396213988002721,0.08294766473958,0.0549462053398997,0.218980698684474,0,0.312282192255904,YKL117W,101,YKL117W,RNA,11_46828_YKL117W,11,220324,220974,6570814,6570814,6791138,6617642,173496,TRANS,,
6348,rs_chromosome7_740010,7,,740010,2.37777314748502e-06,-0.238681332719617,0.0499375157929233,0.0122237042596617,0.219108365923743,0,0.382121980787371,YKL142W,101,YKL142W,RNA,7_740010_YKL142W,11,178515,179174,6570814,3734736,6749329,4474746,0,TRANS,,
1865,rs_chromosome11_178928,11,,178928,3.18364629624505e-06,0.206133095559444,0.0436943513362407,0.0111644137608704,0.21640070803567,0,0.387264704113891,YKL142W,101,YKL142W,RNA,11_178928_YKL142W,11,178515,179174,6570814,6570814,6749329,6749742,0,CIS,178495|179281,
4499,rs_chromosome10_543721,10,,543721,2.92216791694746e-06,0.285404232458272,0.060264176643963,0.0386082158218576,0.217199352057215,0,0.409586353391374,YKL157W,101,YKL157W,RNA,10_543721_YKL157W,11,154991,158232,6570814,5825553,6725805,6369274,0,TRANS,,
6885,rs_chromosome12_807455,12,,807455,4.58007630971576e-06,-0.329972321565798,0.0711237246200517,0.11386855642325,0.212977566226175,0,0.261376394879118,YKL182W,101,YKL182W,RNA,12_807455_YKL182W,11,100671,106826,6570814,7234103,6671485,8041558,0,TRANS,,
5103,rs_chromosome15_530063,15,,530063,2.72506516268897e-06,-0.251745798583903,0.0529909688402792,0.0185179237539193,0.217847912553112,0,0.258532663590784,YKL182W,101,YKL182W,RNA,15_530063_YKL182W,11,100671,106826,6570814,10019344,6671485,10549407,0,TRANS,,
4197,rs_chromosome13_541134,13,,541134,1.83694751407083e-06,0.267768664935068,0.0553944423578504,0.0454179800437633,0.221474185297297,0,0.40715513588288,YKL212W,101,YKL212W,RNA,13_541134_YKL212W,11,34543,36414,6570814,8312001,6605357,8853135,0,TRANS,,
6348,rs_chromosome7_740010,7,,740010,9.70776202039549e-07,-0.244391030013052,0.0492146347637405,0.0126347415807874,0.227212303294362,0,0.380041603863078,YKR014C,101,YKR014C,RNA,7_740010_YKR014C,11,465367,466071,6570814,3734736,7036181,4474746,0,TRANS,,
4818,rs_chromosome7_559321,7,,559321,4.47201886955915e-06,0.300249468685903,0.06464512425843,0.0183636913885298,0.213204005632891,0,0.234058148747219,YKR048C,101,YKR048C,RNA,7_559321_YKR048C,11,525387,526640,6570814,3734736,7096201,4294057,0,TRANS,,
615,rs_chromosome7_64329,7,,64329,5.04188956966045e-06,0.208320167938107,0.0451048794444574,0.00923258373000637,0.2120639946529,0,0.154430148938381,YKR080W,101,YKR080W,RNA,7_64329_YKR080W,11,590395,591357,6570814,3734736,7161209,3799065,0,TRANS,,
727,rs_chromosome4_95378,4,,95378,5.28518466061802e-06,0.263508338539647,0.0571809911571657,0.0423352859925882,0.211614362797952,0,0.246546992007301,YLL026W,101,YLL026W,RNA,4_95378_YLL026W,12,88623,91349,7234103,1356984,7322726,1452362,0,TRANS,,
522,rs_chromosome5_81334,5,,81334,5.01792240311029e-07,-0.239438058667572,0.0469543779418282,0.0107931776080963,0.232995580565763,0,0.244837134423059,YLL026W,101,YLL026W,RNA,5_81334_YLL026W,12,88623,91349,7234103,2888695,7322726,2970029,0,TRANS,,
4646,rs_chromosome10_563290,10,,563290,1.70425242837218e-06,-0.33881661398132,0.0698659627075111,0.0898338650578791,0.222156718335053,0,0.245549407603463,YLL026W,101,YLL026W,RNA,10_563290_YLL026W,12,88623,91349,7234103,5825553,7322726,6388843,0,TRANS,,
744,rs_chromosome12_88452,12,,88452,4.58094773977223e-07,0.358892241745371,0.0701291628529687,0.0681587959231801,0.233782323086113,0,0.245208528991061,YLL026W,101,YLL026W,RNA,12_88452_YLL026W,12,88623,91349,7234103,7234103,7322726,7322555,171,CIS,,
917,rs_chromosome13_97472,13,,97472,1.57808245711988e-06,-0.254768862653504,0.0523617422746339,0.0313076640286041,0.222854652072955,0,0.244699970721993,YLL026W,101,YLL026W,RNA,13_97472_YLL026W,12,88623,91349,7234103,8312001,7322726,8409473,0,TRANS,,
3071,rs_chromosome9_381742,9,,381742,3.09919254652255e-06,0.280184395250806,0.0593189682920717,0.0256571879808097,0.216651575888137,0,0.395156368618593,YLL050C,101,YLL050C,RNA,9_381742_YLL050C,12,39804,40414,7234103,5387374,7273907,5769116,0,TRANS,,
3935,rs_chromosome8_449988,8,,449988,1.90934843592619e-06,-0.212251625344675,0.0439830520984704,0.00979696751493561,0.221121444669018,0,0.154388108019052,YLR025W,101,YLR025W,RNA,8_449988_YLR025W,12,194452,195174,7234103,4825327,7428555,5275315,0,TRANS,,
7795,rs_chromosome16_926649,16,,926649,9.2052582165062e-06,0.27463953723649,0.0612194568022189,0.0186741021826757,0.206245935389877,0,0.301832750362353,YLR044C,101,YLR044C,RNA,16_926649_YLR044C,12,232390,234081,7234103,11110207,7466493,12036856,0,TRANS,,
2399,rs_chromosome12_263103,12,,263103,1.95103097075637e-12,0.342132252209398,0.047262618318563,0.0766522591781415,0.322001223124083,0,0.386237375309221,YLR061W,101,YLR061W,RNA,12_263103_YLR061W,12,263194,263948,7234103,7234103,7497297,7497206,91,CIS,,
2403,rs_chromosome12_263319,12,,263319,9.76041879608057e-07,-0.264863076534319,0.053349119615714,0.0515868790481204,0.227164262542863,0,0.386237375309221,YLR061W,101,YLR061W,RNA,12_263319_YLR061W,12,263194,263948,7234103,7234103,7497297,7497422,0,CIS,,
2404,rs_chromosome12_263502,12,,263502,2.74167374182154e-14,0.377238112993329,0.047968076802532,0.0915158564409425,0.346596115435804,0,0.386237375309221,YLR061W,101,YLR061W,RNA,12_263502_YLR061W,12,263194,263948,7234103,7234103,7497297,7497605,0,CIS,,
6196,rs_chromosome16_725524,16,,725524,4.56783892527522e-06,0.244906577718381,0.0527816795335941,0.0113184539246232,0.213002952595115,0,0.411338112078844,YLR100W,101,YLR100W,RNA,16_725524_YLR100W,12,341810,342853,7234103,11110207,7575913,11835731,0,TRANS,,
5284,rs_chromosome12_619476,12,,619476,1.50552371626716e-07,0.347964349349222,0.0652123073595545,0.067530990738161,0.243175541065595,0,0.0978326321867285,YLR133W,101,YLR133W,RNA,12_619476_YLR133W,12,408445,410193,7234103,7234103,7642548,7853579,-209283,TRANS,619476|619731,
3394,rs_chromosome14_363258,14,,363258,3.23200180164457e-06,-0.251759942111062,0.0534023932347043,0.0311517222094174,0.21625991847895,0,0.0979881642736175,YLR133W,101,YLR133W,RNA,14_363258_YLR133W,12,408445,410193,7234103,9235803,7642548,9599061,0,TRANS,,
1940,rs_chromosome11_186624,11,,186624,1.1798286051846e-06,0.364335422927062,0.0739650729938574,0.0232878985332997,0.225473600246963,0,0.714080041748076,YLR134W,101,YLR134W,RNA,11_186624_YLR134W,12,410723,412414,7234103,6570814,7644826,6757438,0,TRANS,,
268,rs_chromosome12_37184,12,,37184,5.73358182099936e-08,0.361279039285162,0.065455525890372,0.0282621781788126,0.25102339000643,0,0.711100683301916,YLR134W,101,YLR134W,RNA,12_37184_YLR134W,12,410723,412414,7234103,7234103,7644826,7271287,373539,TRANS,37034|37184,
2143,rs_chromosome12_233182,12,,233182,5.84024878182272e-08,0.271943307451025,0.0493008196535496,0.0130421709664025,0.250876001835932,0,0.711100683301916,YLR134W,101,YLR134W,RNA,12_233182_YLR134W,12,410723,412414,7234103,7234103,7644826,7467285,177541,TRANS,,
2144,rs_chromosome12_233229,12,,233229,9.59029919029730e-09,0.360010484953009,0.0615719172891807,0.0217712959511521,0.2649015428899,0,0.711100683301916,YLR134W,101,YLR134W,RNA,12_233229_YLR134W,12,410723,412414,7234103,7234103,7644826,7467332,177494,TRANS,,
8082,rs_chromosome12_921874,12,,921874,1.15409342654127e-07,0.366804323208879,0.0680914939868159,0.0268970007274684,0.245363231140529,0,0.711100683301916,YLR134W,101,YLR134W,RNA,12_921874_YLR134W,12,410723,412414,7234103,7234103,7644826,8155977,-509460,TRANS,,
4920,rs_chromosome16_584853,16,,584853,3.23495207999011e-06,0.343453766373122,0.0728551628037945,0.0383813662053039,0.216251393898384,0,0.7165168174575,YLR134W,101,YLR134W,RNA,16_584853_YLR134W,12,410723,412414,7234103,11110207,7644826,11695060,0,TRANS,,
6821,rs_chromosome12_803025,12,,803025,4.64521855984779e-06,-0.259444287307383,0.0559586881609641,0.0163777958277779,0.212843509503398,0,0.30645582258911,YLR150W,101,YLR150W,RNA,12_803025_YLR150W,12,440467,441288,7234103,7234103,7674570,8037128,-361737,TRANS,,
690,rs_chromosome10_96753,10,,96753,2.32037267506834e-07,0.242736166756669,0.046218720927037,0.0140629294419442,0.239570094880649,0,0.261709559143777,YLR153C,101,YLR153C,RNA,10_96753_YLR153C,12,445524,447575,7234103,5825553,7679627,5922306,0,TRANS,,
2186,rs_chromosome4_282025,4,,282025,8.04629392571785e-07,-0.438934626721842,0.0877148057549923,0.0426881329967089,0.22887286496647,0,0.839070945483748,YLR179C,101,YLR179C,RNA,4_282025_YLR179C,12,514108,514713,7234103,1356984,7748211,1639009,0,TRANS,,
1767,rs_chromosome5_219367,5,,219367,5.29332250917097e-06,-0.293012386506213,0.0635879568098282,0.0214643428674345,0.211599667159725,0,0.834159202228044,YLR179C,101,YLR179C,RNA,5_219367_YLR179C,12,514108,514713,7234103,2888695,7748211,3108062,0,TRANS,,
772,rs_chromosome6_103689,6,,103689,4.91892086327052e-06,0.36796117724282,0.0795774670597195,0.14069433737256,0.212299191635202,0,0.834135463387871,YLR179C,101,YLR179C,RNA,6_103689_YLR179C,12,514108,514713,7234103,3465220,7748211,3568909,0,TRANS,,
249,rs_chromosome7_23140,7,,23140,3.05303952742681e-06,-0.291825893912981,0.0617418107029218,0.0865553020745357,0.216791448148612,0,0.83428356598191,YLR179C,101,YLR179C,RNA,7_23140_YLR179C,12,514108,514713,7234103,3734736,7748211,3757876,0,TRANS,23134|23140,
3290,rs_chromosome8_377326,8,,377326,5.72422139616846e-07,0.340142465935781,0.067050139048908,0.031290064627056,0.23185348722337,0,0.831653840451698,YLR179C,101,YLR179C,RNA,8_377326_YLR179C,12,514108,514713,7234103,4825327,7748211,5202653,0,TRANS,,
4402,rs_chromosome12_514634,12,,514634,1.58781235759316e-32,0.698282727151068,0.0542541154088408,0.496226900842351,0.517458266644987,0,0.82781430111376,YLR179C,101,YLR179C,RNA,12_514634_YLR179C,12,514108,514713,7234103,7234103,7748211,7748737,0,CIS,514634|515450,
4410,rs_chromosome12_515006,12,,515006,1.11583742693698e-08,0.225997031554052,0.0388322063709735,0.0415327490302425,0.263756971020734,0,0.82781430111376,YLR179C,101,YLR179C,RNA,12_515006_YLR179C,12,514108,514713,7234103,7234103,7748211,7749109,-293,CIS,,
4427,rs_chromosome12_516896,12,,516896,2.16974138029582e-07,-0.418559671580411,0.0794984831965134,0.187814505422053,0.240133268642391,0,0.82781430111376,YLR179C,101,YLR179C,RNA,12_516896_YLR179C,12,514108,514713,7234103,7234103,7748211,7750999,-2183,CIS,,
4618,rs_chromosome12_539905,12,,539905,5.49400571138457e-07,-0.39277443705118,0.0772994771840518,0.162321861010133,0.232210115831664,0,0.82781430111376,YLR179C,101,YLR179C,RNA,12_539905_YLR179C,12,514108,514713,7234103,7234103,7748211,7774008,-25192,CIS,538387|539979,
4680,rs_chromosome12_547572,12,,547572,4.0426762477222e-06,-0.319234165051457,0.0684116327368667,0.0909709812344187,0.214158576966585,0,0.82781430111376,YLR179C,101,YLR179C,RNA,12_547572_YLR179C,12,514108,514713,7234103,7234103,7748211,7781675,-32859,TRANS,,
4697,rs_chromosome12_549589,12,,549589,4.43653116117362e-07,-0.382374767925743,0.0746245674233778,0.139009161917013,0.234058273625161,0,0.82781430111376,YLR179C,101,YLR179C,RNA,12_549589_YLR179C,12,514108,514713,7234103,7234103,7748211,7783692,-34876,TRANS,548742|549589,
4727,rs_chromosome12_552874,12,,552874,1.90242899640234e-06,-0.372796998959516,0.0772392927297234,0.139311327780496,0.221154597888722,0,0.82781430111376,YLR179C,101,YLR179C,RNA,12_552874_YLR179C,12,514108,514713,7234103,7234103,7748211,7786977,-38161,TRANS,,
4754,rs_chromosome12_554490,12,,554490,3.11335337829438e-07,-0.415245621240728,0.0799440453802668,0.172433007604312,0.237086859592373,0,0.82781430111376,YLR179C,101,YLR179C,RNA,12_554490_YLR179C,12,514108,514713,7234103,7234103,7748211,7788593,-39777,TRANS,554204|554490,
4783,rs_chromosome12_557933,12,,557933,1.18689018404651e-06,0.272981549011031,0.0554328236684351,0.0783587374582053,0.225420181052652,0,0.82781430111376,YLR179C,101,YLR179C,RNA,12_557933_YLR179C,12,514108,514713,7234103,7234103,7748211,7792036,-43220,TRANS,,
5941,rs_chromosome13_740894,13,,740894,3.93816030244388e-11,0.439300984615982,0.0648640920609701,0.0658153655617522,0.303224815363214,0,0.835810357599728,YLR179C,101,YLR179C,RNA,13_740894_YLR179C,12,514108,514713,7234103,8312001,7748211,9052895,0,TRANS,,
765,rs_chromosome14_89336,14,,89336,3.43080618255417e-06,-0.209695151683625,0.0446005610224584,0.0149099661311244,0.215701485768018,0,0.834632425173361,YLR179C,101,YLR179C,RNA,14_89336_YLR179C,12,514108,514713,7234103,9235803,7748211,9325139,0,TRANS,,
5322,rs_chromosome14_593545,14,,593545,7.02488886104732e-06,0.236308189835006,0.0519814622570091,0.0113404596266823,0.208878665896452,0,0.834632425173361,YLR179C,101,YLR179C,RNA,14_593545_YLR179C,12,514108,514713,7234103,9235803,7748211,9829348,0,TRANS,,
4701,rs_chromosome15_494161,15,,494161,4.70274367026897e-07,-0.204228544166112,0.0399480807484053,0.0161997955113168,0.233556021427755,0,0.836353150992137,YLR179C,101,YLR179C,RNA,15_494161_YLR179C,12,514108,514713,7234103,10019344,7748211,10513505,0,TRANS,,
7430,rs_chromosome15_809724,15,,809724,2.81760591597829e-06,0.282343334181095,0.0595204459968388,0.0667849359185904,0.217538009442152,0,0.836353150992137,YLR179C,101,YLR179C,RNA,15_809724_YLR179C,12,514108,514713,7234103,10019344,7748211,10829068,0,TRANS,809724|809961,
7434,rs_chromosome15_810088,15,,810088,6.61475849207562e-06,0.2955889358084,0.0648329243414935,0.0866066267710468,0.209460019383797,0,0.836353150992137,YLR179C,101,YLR179C,RNA,15_810088_YLR179C,12,514108,514713,7234103,10019344,7748211,10829432,0,TRANS,,
5690,rs_chromosome16_662450,16,,662450,5.18268929824607e-06,-0.324246976275089,0.0702961796809565,0.104191619013521,0.2118013247249,0,0.832921912914668,YLR179C,101,YLR179C,RNA,16_662450_YLR179C,12,514108,514713,7234103,11110207,7748211,11772657,0,TRANS,,
2903,rs_chromosome7_313053,7,,313053,5.80335116141154e-06,0.376175037024355,0.081992546171577,0.132924516192478,0.21071914133996,0,0.300114681633316,YLR180W,101,YLR180W,RNA,7_313053_YLR180W,12,515262,516410,7234103,3734736,7749365,4047789,0,TRANS,,
4410,rs_chromosome12_515006,12,,515006,2.34895474432348e-06,0.253413250065864,0.052991214096415,0.0528489399192781,0.219220746588843,0,0.301171347428472,YLR180W,101,YLR180W,RNA,12_515006_YLR180W,12,515262,516410,7234103,7234103,7749365,7749109,256,CIS,,
245,rs_chromosome7_22684,7,,22684,2.17004169593244e-06,0.411908423370681,0.0858343226179707,0.0352975208964038,0.21994944961278,0,0.218558442057252,YLR192C,101,YLR192C,RNA,7_22684_YLR192C,12,538792,539589,7234103,3734736,7772895,3757420,0,TRANS,,
1441,rs_chromosome12_162223,12,,162223,6.73675786910658e-06,0.206939507298903,0.0454290462924099,0.0114707071739053,0.209283575885144,0,0.164747725065065,YLR197W,101,YLR197W,RNA,12_162223_YLR197W,12,546097,547611,7234103,7234103,7780200,7396326,383874,TRANS,,
585,rs_chromosome3_78442,3,,78442,2.69651147059197e-07,0.224922494974016,0.0430681298703302,0.00947659005530761,0.238304476423223,0,0.00679601585220106,YLR259C,101,YLR259C,RNA,3_78442_YLR259C,12,663284,665002,7234103,1040796,7897387,1119238,0,TRANS,,
707,rs_chromosome4_91053,4,,91053,2.05152758768501e-06,0.207859686528391,0.0432078806390439,0.00928450124469665,0.220464528639914,0,0.00680677991806793,YLR259C,101,YLR259C,RNA,4_91053_YLR259C,12,663284,665002,7234103,1356984,7897387,1448037,0,TRANS,,
2292,rs_chromosome5_276069,5,,276069,2.85798894087945e-06,0.205652137286201,0.0433809408937026,0.00864891836596797,0.217405813699781,0,0.00658505258662585,YLR259C,101,YLR259C,RNA,5_276069_YLR259C,12,663284,665002,7234103,2888695,7897387,3164764,0,TRANS,,
1582,rs_chromosome9_203358,9,,203358,1.10641149114524e-06,0.213397915283257,0.0432067251126512,0.0107402512408605,0.226047902550549,0,0.00634251736405034,YLR259C,101,YLR259C,RNA,9_203358_YLR259C,12,663284,665002,7234103,5387374,7897387,5590732,0,TRANS,,
3141,rs_chromosome14_342754,14,,342754,2.03558046778648e-07,0.225843620222471,0.0427942023041474,0.012388557537213,0.240667521336506,0,0.00620086587392178,YLR259C,101,YLR259C,RNA,14_342754_YLR259C,12,663284,665002,7234103,9235803,7897387,9578557,0,TRANS,,
3158,rs_chromosome14_344770,14,,344770,2.03064661600543e-06,0.206901600949435,0.0429895191601427,0.0115393717996234,0.220558222426797,0,0.00620086587392178,YLR259C,101,YLR259C,RNA,14_344770_YLR259C,12,663284,665002,7234103,9235803,7897387,9580573,0,TRANS,,
8103,rs_chromosome15_902678,15,,902678,2.10200371288415e-06,0.207157022818358,0.0431075978937925,0.0117649095362146,0.220241758088456,0,0.00604319662714839,YLR259C,101,YLR259C,RNA,15_902678_YLR259C,12,663284,665002,7234103,10019344,7897387,10922022,0,TRANS,,
1477,rs_chromosome16_169469,16,,169469,1.8074662707988e-06,0.208978493575543,0.0432020193859602,0.0124413820031069,0.221621648151875,0,0.00560609921344572,YLR259C,101,YLR259C,RNA,16_169469_YLR259C,12,663284,665002,7234103,11110207,7897387,11279676,0,TRANS,,
5597,rs_chromosome16_651423,16,,651423,1.11321732707311e-06,0.213090594000315,0.0431555172757719,0.00929383023996857,0.225993150383967,0,0.00560609921344572,YLR259C,101,YLR259C,RNA,16_651423_YLR259C,12,663284,665002,7234103,11110207,7897387,11761630,0,TRANS,,
1304,rs_chromosome4_165740,4,,165740,1.18387642809779e-06,-0.417172985882898,0.0847039549719528,0.101048029401998,0.225442942032159,0,0.490635130411608,YLR300W,101,YLR300W,RNA,4_165740_YLR300W,12,728955,730301,7234103,1356984,7963058,1522724,0,TRANS,,
5642,rs_chromosome7_668284,7,,668284,1.53293987067739e-06,0.270401293227039,0.0555057463722962,0.0213246842062884,0.223117422233225,0,0.493944122156705,YLR300W,101,YLR300W,RNA,7_668284_YLR300W,12,728955,730301,7234103,3734736,7963058,4403020,0,TRANS,,
4540,rs_chromosome11_460991,11,,460991,6.63174137187274e-06,-0.359181532470165,0.0787907262542459,0.044986196128057,0.209435272632335,0,0.492594808766065,YLR300W,101,YLR300W,RNA,11_460991_YLR300W,12,728955,730301,7234103,6570814,7963058,7031805,0,TRANS,,
1059,rs_chromosome8_104040,8,,104040,3.74410681585977e-06,-0.453042064847674,0.0967442975993245,0.198070250295362,0.214881306061367,0,0.536000714680136,YLR303W,101,YLR303W,RNA,8_104040_YLR303W,12,732542,733876,7234103,4825327,7966645,4929367,0,TRANS,,
441,rs_chromosome13_46481,13,,46481,7.09584985523306e-07,-0.339995454936071,0.0675986757298208,0.0751232496143672,0.229977883612234,0,0.482798081229256,YLR304C,101,YLR304C,RNA,13_46481_YLR304C,12,735212,737548,7234103,8312001,7969315,8358482,0,TRANS,,
724,rs_chromosome14_84464,14,,84464,5.67752123658862e-07,0.304049270577354,0.0599158655335321,0.0694386159663471,0.231924702498357,0,0.278265098463349,YLR325C,101,YLR325C,RNA,14_84464_YLR325C,12,781143,781379,7234103,9235803,8015246,9320267,0,TRANS,,
3003,rs_chromosome10_337322,10,,337322,1.47828440737846e-06,-0.208565861560329,0.0427464878249766,0.0141737958986576,0.223445674352453,0,0.374291360360996,YLR342W,101,YLR342W,RNA,10_337322_YLR342W,12,809997,815627,7234103,5825553,8044100,6162875,0,TRANS,,
5218,rs_chromosome10_618419,10,,618419,7.59352123619999e-07,0.253197454824334,0.0504792081091003,0.0473735616737768,0.229382683494703,0,0.374291360360996,YLR342W,101,YLR342W,RNA,10_618419_YLR342W,12,809997,815627,7234103,5825553,8044100,6443972,0,TRANS,618419|618867,
2888,rs_chromosome16_327318,16,,327318,2.54896469003012e-06,0.257814563512661,0.0541070777886585,0.0496034895358767,0.218466505272799,0,0.252196160238815,YLR347C,101,YLR347C,RNA,16_327318_YLR347C,12,823828,826413,7234103,11110207,8057931,11437525,0,TRANS,,
4901,rs_chromosome14_537771,14,,537771,3.24036688253995e-06,-0.429361881603668,0.0910853345780308,0.175942428187525,0.216235767601851,0,0.256297513479543,YLR378C,101,YLR378C,RNA,14_537771_YLR378C,12,875736,877178,7234103,9235803,8109839,9773574,0,TRANS,537771|537783,
6821,rs_chromosome12_803025,12,,803025,3.11037231785446e-06,-0.253216381655833,0.0536181816396284,0.0161646400934303,0.216617993953524,0,0.186221160164755,YLR441C,101,YLR441C,RNA,12_803025_YLR441C,12,1018141,1018908,7234103,7234103,8252244,8037128,215116,TRANS,,
724,rs_chromosome14_84464,14,,84464,1.38605750685057e-06,0.286774529786896,0.058615183748188,0.0632500462537095,0.22402689484609,0,0.192068057370744,YLR441C,101,YLR441C,RNA,14_84464_YLR441C,12,1018141,1018908,7234103,9235803,8252244,9320267,0,TRANS,,
3696,rs_chromosome4_451706,4,,451706,5.24825166098033e-06,0.278843536617745,0.0604886705104078,0.0179219844595842,0.211681330370387,0,0.335561466127065,YML010W,101,YML010W,RNA,4_451706_YML010W,13,247677,250868,8312001,1356984,8559678,1808690,0,TRANS,,
5726,rs_chromosome15_616835,15,,616835,1.62484908103263e-06,0.266468648196612,0.0548348953709441,0.0154344670741002,0.222589917239476,0,0.313721735088064,YML069W,101,YML069W,RNA,15_616835_YML069W,13,135500,137158,8312001,10019344,8447501,10636179,0,TRANS,,
724,rs_chromosome14_84464,14,,84464,7.86114113478553e-07,0.296105824684274,0.0591166131553551,0.0655333630580621,0.229077931993779,0,0.240594377230688,YML073C,101,YML073C,RNA,14_84464_YML073C,13,123227,124172,8312001,9235803,8435228,9320267,0,TRANS,,
585,rs_chromosome3_78442,3,,78442,8.12425898446771e-07,0.266135814797282,0.0532042857624204,0.0161727897423158,0.228787866571254,0,0.508105181401917,YML078W,101,YML078W,RNA,3_78442_YML078W,13,111002,111550,8312001,1040796,8423003,1119238,0,TRANS,,
1771,rs_chromosome11_168767,11,,168767,2.11451567389061e-06,0.28682242384898,0.0597007894304822,0.0202154865723025,0.220187330272966,0,0.511882694802166,YML078W,101,YML078W,RNA,11_168767_YML078W,13,111002,111550,8312001,6570814,8423003,6739581,0,TRANS,,
4692,rs_chromosome12_548799,12,,548799,7.52726750362578e-06,0.26634693890355,0.058786168781007,0.0223819668334321,0.208209122477515,0,0.507823783407959,YML078W,101,YML078W,RNA,12_548799_YML078W,13,111002,111550,8312001,7234103,8423003,7782902,0,TRANS,,
1710,rs_chromosome13_206010,13,,206010,3.99441522199116e-06,0.276901454821855,0.0593068821271012,0.0191087373545177,0.214271870781234,0,0.505355426151373,YML078W,101,YML078W,RNA,13_206010_YML078W,13,111002,111550,8312001,8312001,8423003,8518011,-94460,TRANS,,
5824,rs_chromosome13_724212,13,,724212,8.04760487235398e-07,0.272207154501399,0.0543970657323506,0.0213022340689131,0.228871429233949,0,0.505355426151373,YML078W,101,YML078W,RNA,13_724212_YML078W,13,111002,111550,8312001,8312001,8423003,9036213,-612662,TRANS,,
145,rs_chromosome14_25390,14,,25390,1.42440047759184e-06,0.255912809308656,0.0523677533136172,0.0198471879735639,0.223780881831045,0,0.502699854232613,YML078W,101,YML078W,RNA,14_25390_YML078W,13,111002,111550,8312001,9235803,8423003,9261193,0,TRANS,,
6240,rs_chromosome16_732124,16,,732124,2.87903653095024e-07,0.298420568292266,0.057282688093885,0.026157029823226,0.23775047551112,0,0.511050888065172,YML078W,101,YML078W,RNA,16_732124_YML078W,13,111002,111550,8312001,11110207,8423003,11842331,0,TRANS,,
4462,rs_chromosome10_540182,10,,540182,6.54044539072879e-06,0.220388743120502,0.0483126125201838,0.0109204069896072,0.209569022824655,0,0.38307013109138,YML092C,101,YML092C,RNA,10_540182_YML092C,13,85987,86739,8312001,5825553,8397988,6365735,0,TRANS,,
5490,rs_chromosome13_698372,13,,698372,6.26511465926067e-08,-0.299212470520292,0.0543745089406697,0.0820679459796013,0.250313647906224,0,0.392793692600782,YMR012W,101,YMR012W,RNA,13_698372_YMR012W,13,291134,294967,8312001,8312001,8603135,9010373,-403405,TRANS,,
3285,rs_chromosome7_346793,7,,346793,8.91782441549941e-07,-0.304689242558188,0.0611437394565392,0.100375736436841,0.227964671207402,0,0.594137058559111,YMR027W,101,YMR027W,RNA,7_346793_YMR027W,13,325877,327289,8312001,3734736,8637878,4081529,0,TRANS,,
3288,rs_chromosome13_426219,13,,426219,1.8497706892949e-07,-0.268945761036036,0.0507824710824191,0.0596915766257476,0.241466380050118,0,0.333662195728211,YMR079W,101,YMR079W,RNA,13_426219_YMR079W,13,424989,426059,8312001,8312001,8736990,8738220,-160,CIS,,
3342,rs_chromosome13_434221,13,,434221,2.39593638926338e-07,-0.257082502329369,0.0490088235250838,0.0377274897494875,0.239300714049623,0,0.559824323343807,YMR083W,101,YMR083W,RNA,13_434221_YMR083W,13,434788,435915,8312001,8312001,8746789,8746222,567,CIS,,
3550,rs_chromosome10_403524,10,,403524,4.49667225666912e-06,-0.18860910669461,0.0406188308289592,0.0100481966240937,0.213151886867093,0,0.382746050699557,YMR092C,101,YMR092C,RNA,10_403524_YMR092C,13,451632,453479,8312001,5825553,8763633,6229077,0,TRANS,,
3528,rs_chromosome13_453976,13,,453976,1.09072258810522e-13,-0.338651988833256,0.0441756497010543,0.0727266786078038,0.338870758920715,0,0.387978374408313,YMR092C,101,YMR092C,RNA,13_453976_YMR092C,13,451632,453479,8312001,8312001,8763633,8765977,-497,CIS,,
2862,rs_chromosome4_361321,4,,361321,3.99419107310306e-06,0.258833790867596,0.0554369979594259,0.0196095668006066,0.214272400019924,0,0.295958916086812,YMR099C,101,YMR099C,RNA,4_361321_YMR099C,13,463934,464827,8312001,1356984,8775935,1718305,0,TRANS,,
4895,rs_chromosome13_626993,13,,626993,3.20022836207821e-06,0.5028760897092,0.10662049702183,0.0587053747939585,0.216352199564451,0,0.296267367132589,YMR099C,101,YMR099C,RNA,13_626993_YMR099C,13,463934,464827,8312001,8312001,8775935,8938994,-162166,TRANS,,
2177,rs_chromosome14_215116,14,,215116,5.35590458213407e-06,-0.317985726064697,0.0690458948177899,0.104123107620602,0.211487369160728,0,0.154891723929477,YMR105C,101,YMR105C,RNA,14_215116_YMR105C,13,475897,477606,8312001,9235803,8787898,9450919,0,TRANS,,
6904,rs_chromosome16_821491,16,,821491,1.59021619273492e-06,0.336099062754086,0.0690998933469649,0.0941978244239784,0.222785250990192,0,0.428371908562421,YMR108W,101,YMR108W,RNA,16_821491_YMR108W,13,484084,486147,8312001,11110207,8796085,11931698,0,TRANS,,
2813,rs_chromosome4_357312,4,,357312,6.41515041083328e-06,0.234499701152633,0.0513581483786324,0.0385526699942081,0.209755509782594,0,0.13977042549699,YMR116C,101,YMR116C,RNA,4_357312_YMR116C,13,499456,500688,8312001,1356984,8811457,1714296,0,TRANS,,
724,rs_chromosome14_84464,14,,84464,4.03402173156073e-06,0.256529448112442,0.0549686210048757,0.0547643243993054,0.214178798236059,0,0.141741259002426,YMR116C,101,YMR116C,RNA,14_84464_YMR116C,13,499456,500688,8312001,9235803,8811457,9320267,0,TRANS,,
2967,rs_chromosome16_337961,16,,337961,7.22235353172944e-06,-0.217556382502905,0.0479209602068832,0.0223354439619208,0.208610213140894,0,0.200640322335971,YMR120C,101,YMR120C,RNA,16_337961_YMR120C,13,507502,509280,8312001,11110207,8819503,11448168,0,TRANS,,
7937,rs_chromosome4_962979,4,,962979,1.09252407894876e-06,-0.234373409977354,0.0474287105758634,0.0281879236882396,0.226160634459068,0,0.493589612101681,YMR145C,101,YMR145C,RNA,4_962979_YMR145C,13,554793,556475,8312001,1356984,8866794,2319963,0,TRANS,,
690,rs_chromosome10_96753,10,,96753,5.64388313022684e-06,0.187666764498699,0.0408503726101628,0.00933865123896721,0.210986241613625,0,0.502734627582774,YMR145C,101,YMR145C,RNA,10_96753_YMR145C,13,554793,556475,8312001,5825553,8866794,5922306,0,TRANS,,
2490,rs_chromosome12_278390,12,,278390,1.35379391980534e-06,-0.260945620891249,0.053282773392495,0.017762876848816,0.224239009087279,0,0.498291588928567,YMR145C,101,YMR145C,RNA,12_278390_YMR145C,13,554793,556475,8312001,7234103,8866794,7512493,0,TRANS,,
1462,rs_chromosome13_169890,13,,169890,3.26237540538745e-06,-0.30433415956465,0.064581625497395,0.0183784216037264,0.21617251020377,0,0.502770003949641,YMR145C,101,YMR145C,RNA,13_169890_YMR145C,13,554793,556475,8312001,8312001,8866794,8481891,384903,TRANS,,
561,rs_chromosome9_85177,9,,85177,1.29854294026108e-06,0.24607199851804,0.0501574367759293,0.0465896614127024,0.224613767606614,0,0.320953390897939,YMR186W,101,YMR186W,RNA,9_85177_YMR186W,13,632355,634472,8312001,5387374,8944356,5472551,0,TRANS,,
5490,rs_chromosome13_698372,13,,698372,3.89791873906387e-06,-0.226495427686413,0.0484562563166609,0.0572488487182119,0.214502373835694,0,0.168393118874747,YMR203W,101,YMR203W,RNA,13_698372_YMR203W,13,668492,669655,8312001,8312001,8980493,9010373,-28717,TRANS,,
6905,rs_chromosome15_747091,15,,747091,4.69282031802152e-06,0.405889885600278,0.0875867950349869,0.178723621149451,0.212746679710014,0,0.194878884903552,YMR241W,101,YMR241W,RNA,15_747091_YMR241W,13,751961,752905,8312001,10019344,9063962,10766435,0,TRANS,,
2532,rs_chromosome16_282972,16,,282972,1.56920830263263e-06,0.296368218113772,0.0608968222741812,0.0644869307212885,0.222905733851772,0,0.340836061338559,YMR260C,101,YMR260C,RNA,16_282972_YMR260C,13,789378,789839,8312001,11110207,9101379,11393179,0,TRANS,,
6451,rs_chromosome13_793604,13,,793604,4.74339031328088e-08,-0.391286104449763,0.0704394619656878,0.0580670974184125,0.25253395622926,0,0.230157477696107,YMR261C,101,YMR261C,RNA,13_793604_YMR261C,13,790205,793369,8312001,8312001,9102206,9105605,-235,CIS,,
2141,rs_chromosome16_237720,16,,237720,6.85965177883329e-06,-0.330326194703079,0.0725792482984204,0.0315770998366766,0.209108892256285,0,0.23134486790083,YMR261C,101,YMR261C,RNA,16_237720_YMR261C,13,790205,793369,8312001,11110207,9102206,11347927,0,TRANS,,
2177,rs_chromosome14_215116,14,,215116,1.67041134358219e-06,-0.347956343105504,0.0716887732412133,0.125480097809182,0.222338929064484,0,0.388172414026403,YMR297W,101,YMR297W,RNA,14_215116_YMR297W,13,861922,863520,8312001,9235803,9173923,9450919,0,TRANS,,
422,rs_chromosome7_43308,7,,43308,9.22676863531881e-06,0.250351462496688,0.0558119075742712,0.0114004377459735,0.206223055966236,0,0.38192920354615,YMR314W,101,YMR314W,RNA,7_43308_YMR314W,13,901709,902413,8312001,3734736,9213710,3778044,0,TRANS,,
1903,rs_chromosome4_246965,4,,246965,4.40714333930184e-06,-0.220056359235993,0.0473469531635431,0.0153802960477778,0.213342478620879,0,0.542138149425146,YMR315W,101,YMR315W,RNA,4_246965_YMR315W,13,902800,903849,8312001,1356984,9214801,1603949,0,TRANS,,
4035,rs_chromosome15_424565,15,,424565,8.86590326005636e-07,-0.243735103575318,0.0489000317566982,0.020011278435222,0.228016338309473,0,0.231733371727055,YNL002C,101,YNL002C,RNA,15_424565_YNL002C,14,626174,627142,9235803,10019344,9861977,10443909,0,TRANS,,
522,rs_chromosome5_81334,5,,81334,4.68889475984022e-06,-0.217751308368877,0.0469866174736295,0.00972235667032671,0.212754629381413,0,0.163081296298469,YNL007C,101,YNL007C,RNA,5_81334_YNL007C,14,618507,619565,9235803,2888695,9854310,2970029,0,TRANS,,
989,rs_chromosome5_133153,5,,133153,1.87799104407352e-06,0.238796703003122,0.0494482107594729,0.0197286328326551,0.221272619112038,0,0.163081296298469,YNL007C,101,YNL007C,RNA,5_133153_YNL007C,14,618507,619565,9235803,2888695,9854310,3021848,0,TRANS,,
4646,rs_chromosome10_563290,10,,563290,3.15500665529452e-06,-0.316238164235816,0.067006090229676,0.0852366347040346,0.216485060901893,0,0.163894836605673,YNL007C,101,YNL007C,RNA,10_563290_YNL007C,14,618507,619565,9235803,5825553,9854310,6388843,0,TRANS,,
5279,rs_chromosome12_618828,12,,618828,4.05441362118952e-06,-0.220200762927481,0.0471951707102865,0.00894698489725073,0.214131218570834,0,0.165014547328861,YNL007C,101,YNL007C,RNA,12_618828_YNL007C,14,618507,619565,9235803,7234103,9854310,7852931,0,TRANS,,
8103,rs_chromosome15_902678,15,,902678,2.75569597964443e-06,0.233136783126709,0.0490984135982126,0.0131062686684913,0.217744235269204,0,0.158083152216398,YNL007C,101,YNL007C,RNA,15_902678_YNL007C,14,618507,619565,9235803,10019344,9854310,10922022,0,TRANS,,
4747,rs_chromosome11_483350,11,,483350,2.71727026618123e-06,0.254055743030686,0.0534703538156907,0.0123398499499316,0.217874474136868,0,0.146030549666077,YNL085W,101,YNL085W,RNA,11_483350_YNL085W,14,467131,469623,9235803,6570814,9702934,7054164,0,TRANS,,
2408,rs_chromosome11_237829,11,,237829,5.95292440258952e-06,0.226768983851976,0.0494874526798185,0.0218394690430149,0.210474903041285,0,0.246807182122474,YNL096C,101,YNL096C,RNA,11_237829_YNL096C,14,443398,444315,9235803,6570814,9679201,6808643,0,TRANS,,
724,rs_chromosome14_84464,14,,84464,4.74299320101238e-07,0.297163967994217,0.0581460608430546,0.0684002904417638,0.233482473544962,0,0.243579933698835,YNL096C,101,YNL096C,RNA,14_84464_YNL096C,14,443398,444315,9235803,9235803,9679201,9320267,358934,TRANS,,
1748,rs_chromosome16_198072,16,,198072,2.75363905166177e-06,0.272518248180151,0.0573902007913609,0.0595186389879521,0.217751162823734,0,0.240719223097519,YNL096C,101,YNL096C,RNA,16_198072_YNL096C,14,443398,444315,9235803,11110207,9679201,11308279,0,TRANS,,
4523,rs_chromosome14_491097,14,,491097,4.82720974642515e-06,-0.277013221462137,0.0598556422712021,0.0562728474766112,0.212478286290252,0,0.460261088252592,YNL102W,101,YNL102W,RNA,14_491097_YNL102W,14,430087,434493,9235803,9235803,9665890,9726900,-56604,TRANS,,
1059,rs_chromosome8_104040,8,,104040,7.04899768135798e-06,-0.402069407505399,0.0884591662368259,0.162456925607487,0.208845507232325,0,0.44615683326602,YNL104C,101,YNL104C,RNA,8_104040_YNL104C,14,424895,426754,9235803,4825327,9660698,4929367,0,TRANS,,
2696,rs_chromosome10_301867,10,,301867,5.03331681082618e-06,-0.221486382528295,0.0479517501329355,0.0102394643179183,0.212080212894241,0,0.446167673530591,YNL104C,101,YNL104C,RNA,10_301867_YNL104C,14,424895,426754,9235803,5825553,9660698,6127420,0,TRANS,,
4260,rs_chromosome12_498323,12,,498323,3.23577288677776e-07,0.251748153742039,0.0485382381719318,0.04737955180097,0.236759037842295,0,0.278853766641432,YNL112W,101,YNL112W,RNA,12_498323_YNL112W,14,413639,416281,9235803,7234103,9649442,7732426,0,TRANS,,
8055,rs_chromosome15_893238,15,,893238,3.34370136517541e-06,0.354652151868178,0.0753436025099372,0.137620499058716,0.215942247491346,0,0.245184355193302,YNL113W,101,YNL113W,RNA,15_893238_YNL113W,14,412771,413199,9235803,10019344,9648574,10912582,0,TRANS,,
2994,rs_chromosome10_336677,10,,336677,1.24228881518621e-05,-0.186308284769849,0.0421609619836347,0.0120093753798826,0.20328633241591,0,0.107014142497133,YNL132W,101,YNL132W,RNA,10_336677_YNL132W,14,375321,378491,9235803,5825553,9611124,6162230,0,TRANS,,
3003,rs_chromosome10_337322,10,,337322,9.66413522285255e-07,-0.209898969771007,0.0422608974749572,0.0169351267871561,0.227252295420974,0,0.107014142497133,YNL132W,101,YNL132W,RNA,10_337322_YNL132W,14,375321,378491,9235803,5825553,9611124,6162875,0,TRANS,,
2740,rs_chromosome13_350249,13,,350249,3.57863055486851e-06,0.241812693368449,0.0515308066830339,0.0207828236927923,0.215305955825437,0,0.272070352961711,YNL138W,101,YNL138W,RNA,13_350249_YNL138W,14,366741,368321,9235803,8312001,9602544,8662250,0,TRANS,,
1323,rs_chromosome6_173887,6,,173887,3.75039160307078e-06,-0.21880497875584,0.0467280296924806,0.0120088393210152,0.214865533734127,0,0.221619111548128,YNL178W,101,YNL178W,RNA,6_173887_YNL178W,14,302680,303402,9235803,3465220,9538483,3639107,0,TRANS,,
724,rs_chromosome14_84464,14,,84464,2.33917860804727e-06,0.279991427439208,0.0585381953962257,0.0601824711733668,0.219259169630687,0,0.223573929823491,YNL178W,101,YNL178W,RNA,14_84464_YNL178W,14,302680,303402,9235803,9235803,9538483,9320267,218216,TRANS,,
2785,rs_chromosome2_375878,2,,375878,2.90134173231885e-06,0.247672801667506,0.052280239129093,0.0115329450977122,0.217265869883171,0,0.666174438219476,YNL239W,101,YNL239W,RNA,2_375878_YNL239W,14,200569,201933,9235803,229317,9436372,605195,0,TRANS,,
569,rs_chromosome9_86101,9,,86101,2.64611886660214e-06,0.494042995905164,0.103856697480084,0.105236415390001,0.218120352658835,0,0.67008355138168,YNL239W,101,YNL239W,RNA,9_86101_YNL239W,14,200569,201933,9235803,5387374,9436372,5473475,0,TRANS,,
2841,rs_chromosome16_324298,16,,324298,2.71073726715574e-06,-0.408393526499296,0.0859441239531429,0.144516394714729,0.217896791925614,0,0.165413083941535,YNL287W,101,YNL287W,RNA,16_324298_YNL287W,14,91994,94801,9235803,11110207,9327797,11434505,0,TRANS,324298|324400,
3696,rs_chromosome4_451706,4,,451706,7.69908511654987e-06,0.266973081622841,0.0589892920754243,0.0149724694637568,0.207989879217727,0,0.219810829726936,YNR021W,101,YNR021W,RNA,4_451706_YNR021W,14,668377,669591,9235803,1356984,9904180,1808690,0,TRANS,,
888,rs_chromosome16_98497,16,,98497,9.46837956950353e-06,0.256787303039214,0.0573202774987837,0.0180058548587782,0.205969500255074,0,0.216960188797317,YNR021W,101,YNR021W,RNA,16_98497_YNR021W,14,668377,669591,9235803,11110207,9904180,11208704,0,TRANS,98497|98500,
889,rs_chromosome16_98500,16,,98500,9.46837956950353e-06,0.256787303039214,0.0573202774987837,0.0180058548587782,0.205969500255074,0,0.216960188797317,YNR021W,101,YNR021W,RNA,16_98500_YNR021W,14,668377,669591,9235803,11110207,9904180,11208707,0,TRANS,98497|98500,
724,rs_chromosome14_84464,14,,84464,7.97194299816096e-07,0.275115614069808,0.0549571918968262,0.0609897823730728,0.228954662929409,0,0.132357916827374,YOL039W,101,YOL039W,RNA,14_84464_YOL039W,15,254297,254617,10019344,9235803,10273641,9320267,0,TRANS,,
831,rs_chromosome2_118962,2,,118962,5.40482590920053e-06,0.376369605729804,0.0817582632744634,0.0397854376335981,0.211400452751462,0,0.443745265988675,YOL049W,101,YOL049W,RNA,2_118962_YOL049W,15,238619,240094,10019344,229317,10257963,348279,0,TRANS,118273|119573,
836,rs_chromosome2_119266,2,,119266,5.40482590920053e-06,0.376369605729804,0.0817582632744634,0.0397854376335981,0.211400452751462,0,0.443745265988675,YOL049W,101,YOL049W,RNA,2_119266_YOL049W,15,238619,240094,10019344,229317,10257963,348583,0,TRANS,118273|119573,
840,rs_chromosome2_119573,2,,119573,5.40482590920053e-06,0.376369605729804,0.0817582632744634,0.0397854376335981,0.211400452751462,0,0.443745265988675,YOL049W,101,YOL049W,RNA,2_119573_YOL049W,15,238619,240094,10019344,229317,10257963,348890,0,TRANS,118273|119573,
6367,rs_chromosome2_785002,2,,785002,1.61498435541542e-06,-0.234675669451668,0.0482798157836162,0.0394783612528549,0.222645146088775,0,0.472574477692808,YOL058W,101,YOL058W,RNA,2_785002_YOL058W,15,219211,220473,10019344,229317,10238555,1014319,0,TRANS,,
601,rs_chromosome2_93441,2,,93441,1.34533485074179e-06,0.221357827318487,0.0451873276704666,0.0124811255205286,0.224295424268392,0,0.132608197328197,YOL061W,101,YOL061W,RNA,2_93441_YOL061W,15,212244,213734,10019344,229317,10231588,322758,0,TRANS,,
1071,rs_chromosome14_122891,14,,122891,1.06878467953979e-06,0.285236574556082,0.0576689208639286,0.0143838960058471,0.226356562134402,0,0.47679297427808,YOL064C,101,YOL064C,RNA,14_122891_YOL064C,15,206103,207176,10019344,9235803,10225447,9358694,0,TRANS,,
2016,rs_chromosome3_202229,3,,202229,4.96739991122275e-06,0.197518160404634,0.0427361346731913,0.0099503484636369,0.212205804832603,0,0.0538073145924195,YOR020C,101,YOR020C,RNA,3_202229_YOR020C,15,370524,370844,10019344,1040796,10389868,1243025,0,TRANS,,
2813,rs_chromosome4_357312,4,,357312,1.43794495947264e-07,0.276999897056916,0.0518268299263415,0.0532653033700751,0.243554994154664,0,0.14614975324362,YOR063W,101,YOR063W,RNA,4_357312_YOR063W,15,444686,445849,10019344,1356984,10464030,1714296,0,TRANS,,
690,rs_chromosome10_96753,10,,96753,1.93742630048289e-06,0.20618327831917,0.0427526701897037,0.0102101056675757,0.220988084866855,0,0.429357330977146,YOR065W,101,YOR065W,RNA,10_96753_YOR065W,15,447439,448368,10019344,5825553,10466783,5922306,0,TRANS,,
615,rs_chromosome7_64329,7,,64329,4.66830582536631e-06,0.203409144895307,0.0438828192504945,0.00909603718185604,0.212796428496173,0,0.34342097952809,YOR095C,101,YOR095C,RNA,7_64329_YOR095C,15,503552,504328,10019344,3734736,10522896,3799065,0,TRANS,,
6285,rs_chromosome14_711925,14,,711925,2.23776951469355e-06,-0.239299592404777,0.0499331011015333,0.0185622221565341,0.219667059519648,0,0.347638119096833,YOR095C,101,YOR095C,RNA,14_711925_YOR095C,15,503552,504328,10019344,9235803,10522896,9947728,0,TRANS,,
1323,rs_chromosome6_173887,6,,173887,3.44869433804794e-06,-0.216287601330263,0.0460136247567712,0.0123252624508827,0.215652765944661,0,0.155407043650936,YOR096W,101,YOR096W,RNA,6_173887_YOR096W,15,505794,506767,10019344,3465220,10525138,3639107,0,TRANS,,
1187,rs_chromosome4_156313,4,,156313,4.02644801021686e-06,-0.272973311740962,0.0584871050151848,0.0643013928290545,0.21419652825787,0,0.199299292573533,YOR136W,101,YOR136W,RNA,4_156313_YOR136W,15,580250,581359,10019344,1356984,10599594,1513297,0,TRANS,,
3846,rs_chromosome12_412826,12,,412826,3.90159189526346e-06,-0.325339721572316,0.0696059462691862,0.0863904879637911,0.214493500380148,0,0.267041609284003,YOR198C,101,YOR198C,RNA,12_412826_YOR198C,15,718653,720065,10019344,7234103,10737997,7646929,0,TRANS,,
11961,rs_chromosome4_1453164,4,,1453164,4.46590100199239e-06,0.230982660540737,0.0497284836210507,0.0361079545308114,0.213216981663516,0,0.218949171092843,YOR204W,101,YOR204W,RNA,4_1453164_YOR204W,15,722911,724725,10019344,1356984,10742255,2810148,0,TRANS,,
23,rs_chromosome4_18499,4,,18499,3.74360308104931e-06,-0.170199413941124,0.0363447952933373,0.00695699940260569,0.21488257133104,0,0.754453196693678,YOR209C,101,YOR209C,RNA,4_18499_YOR209C,15,736437,737726,10019344,1356984,10755781,1375483,0,TRANS,,
1978,rs_chromosome9_255508,9,,255508,2.14487273807707e-06,-0.355245015069646,0.0739888262812229,0.0244652900521733,0.220056545951383,0,0.753177080891581,YOR209C,101,YOR209C,RNA,9_255508_YOR209C,15,736437,737726,10019344,5387374,10755781,5642882,0,TRANS,,
6285,rs_chromosome14_711925,14,,711925,1.27016973111534e-06,-0.216689375155665,0.0441272491011695,0.0152748510480131,0.224812201311572,0,0.751093799808276,YOR209C,101,YOR209C,RNA,14_711925_YOR209C,15,736437,737726,10019344,9235803,10755781,9947728,0,TRANS,,
6821,rs_chromosome15_737961,15,,737961,1.12318048338665e-07,0.393419116927343,0.0729617773957019,0.150986848356936,0.245585509138447,0,0.750890084857327,YOR209C,101,YOR209C,RNA,15_737961_YOR209C,15,736437,737726,10019344,10019344,10755781,10757305,-235,CIS,,
7553,rs_chromosome15_824910,15,,824910,1.4327616362343e-06,0.415943353407731,0.0851361476514085,0.172019387989902,0.223728079336483,0,0.750890084857327,YOR209C,101,YOR209C,RNA,15_824910_YOR209C,15,736437,737726,10019344,10019344,10755781,10844254,-87184,TRANS,,
2880,rs_chromosome3_307354,3,,307354,6.21378024384244e-06,-0.24194334344869,0.0529073529356399,0.0109397547685313,0.210062629656162,0,0.762282871915873,YOR230W,101,YOR230W,RNA,3_307354_YOR230W,15,770800,772113,10019344,1040796,10790144,1348150,0,TRANS,,
12100,rs_chromosome4_1467094,4,,1467094,5.35177200772822e-06,0.324670429331867,0.0704948051674138,0.100129523118572,0.211494745989655,0,0.7633948000316,YOR230W,101,YOR230W,RNA,4_1467094_YOR230W,15,770800,772113,10019344,1356984,10790144,2824078,0,TRANS,,
7124,rs_chromosome15_770526,15,,770526,1.45139450589017e-06,0.225281652504101,0.0461364298006658,0.0132828612100929,0.223611463294386,0,0.762840682596686,YOR230W,101,YOR230W,RNA,15_770526_YOR230W,15,770800,772113,10019344,10019344,10790144,10789870,274,CIS,,
10303,rs_chromosome4_1255570,4,,1255570,9.95949549581809e-06,-0.274077196635993,0.0613342548839812,0.0258498726451152,0.205472556317232,0,0.372188179267529,YOR254C,101,YOR254C,RNA,4_1255570_YOR254C,15,805032,807023,10019344,1356984,10824376,2612554,0,TRANS,,
3696,rs_chromosome4_451706,4,,451706,1.03410286676453e-06,0.308304548802576,0.0622475983340237,0.0244508347377571,0.226650437962474,0,0.458277220605171,YOR270C,101,YOR270C,RNA,4_451706_YOR270C,15,828052,830574,10019344,1356984,10847396,1808690,0,TRANS,,
6348,rs_chromosome7_740010,7,,740010,6.64350408265836e-06,0.22107444156468,0.0484994416610977,0.0119327351052417,0.209418167889818,0,0.471968158861188,YOR270C,101,YOR270C,RNA,7_740010_YOR270C,15,828052,830574,10019344,3734736,10847396,4474746,0,TRANS,,
2752,rs_chromosome12_313034,12,,313034,4.52499330954591e-06,0.318205953300004,0.0685488472904246,0.0247217680670536,0.213092350121469,0,0.460418731773607,YOR270C,101,YOR270C,RNA,12_313034_YOR270C,15,828052,830574,10019344,7234103,10847396,7547137,0,TRANS,,
904,rs_chromosome16_99579,16,,99579,2.888048755275e-06,-0.312078727558388,0.0658618383599679,0.102603623901475,0.217308566152356,0,0.469926573926623,YOR270C,101,YOR270C,RNA,16_99579_YOR270C,15,828052,830574,10019344,11110207,10847396,11209786,0,TRANS,,
188,rs_chromosome15_57711,15,,57711,4.98161059211014e-06,0.235016633868867,0.050856342649239,0.0338490323009087,0.212178595177158,0,0.130530044961579,YOR335C,101,YOR335C,RNA,15_57711_YOR335C,15,946233,949109,10019344,10019344,10965577,10077055,888522,TRANS,,
188,rs_chromosome15_57711,15,,57711,1.8838889694386e-06,0.251075378867001,0.0519978569990366,0.0396212562857755,0.221244001473127,0,0.189703152774236,YOR361C,101,YOR361C,RNA,15_57711_YOR361C,15,1015361,1017652,10019344,10019344,11034705,10077055,957650,TRANS,,
5018,rs_chromosome2_620149,2,,620149,2.30816550280261e-06,0.231563155973263,0.0483847343401196,0.025338624800584,0.219382085215765,0,0.110287666135054,YOR369C,101,YOR369C,RNA,2_620149_YOR369C,15,1028194,1028625,10019344,229317,11047538,849466,0,TRANS,,
724,rs_chromosome14_84464,14,,84464,2.50328606195947e-06,0.262392462384116,0.0550236258843676,0.0552927819077884,0.218633639636087,0,0.109006652994293,YOR369C,101,YOR369C,RNA,14_84464_YOR369C,15,1028194,1028625,10019344,9235803,11047538,9320267,0,TRANS,,
5218,rs_chromosome10_618419,10,,618419,4.11575568102992e-07,0.254126085124286,0.0494512014272268,0.0515527531744864,0.234703466759997,0,0.19769608595215,YOR370C,101,YOR370C,RNA,10_618419_YOR370C,15,1029183,1030994,10019344,5825553,11048527,6443972,0,TRANS,618415|618867,
845,rs_chromosome1_103899,1,,103899,1.80048889058531e-06,0.383651715500286,0.0792988673804991,0.138176441751971,0.221656885460346,0,0.271095045235179,YPL028W,101,YPL028W,RNA,1_103899_YPL028W,16,498096,499292,11110207,0,11608303,103899,0,TRANS,,
2529,rs_chromosome2_346125,2,,346125,2.42093006403047e-06,-0.245746685513136,0.0514566656395974,0.0109975450663021,0.218942484524294,0,0.90686343132188,YPL091W,101,YPL091W,RNA,2_346125_YPL091W,16,375502,376953,11110207,229317,11485709,575442,0,TRANS,,
5827,rs_chromosome4_687169,4,,687169,7.33693261187942e-06,0.23492915896224,0.0517872461694864,0.0358366493258229,0.208457633173533,0,0.908429754930509,YPL091W,101,YPL091W,RNA,4_687169_YPL091W,16,375502,376953,11110207,1356984,11485709,2044153,0,TRANS,,
2008,rs_chromosome5_245401,5,,245401,5.29771550997168e-09,-0.328865416941001,0.0552487490370622,0.0273199612827342,0.269335657060618,0,0.910111788564514,YPL091W,101,YPL091W,RNA,5_245401_YPL091W,16,375502,376953,11110207,2888695,11485709,3134096,0,TRANS,,
4524,rs_chromosome7_512063,7,,512063,1.30844423475124e-05,0.221740578504922,0.0503125309756605,0.0246092754287495,0.202769695144814,0,0.906003201025256,YPL091W,101,YPL091W,RNA,7_512063_YPL091W,16,375502,376953,11110207,3734736,11485709,4246799,0,TRANS,,
21,rs_chromosome8_14636,8,,14636,1.50500001254862e-11,-0.295962052001164,0.0427410653283773,0.0406039665040617,0.309381145306,0,0.905524051816731,YPL091W,101,YPL091W,RNA,8_14636_YPL091W,16,375502,376953,11110207,4825327,11485709,4839963,0,TRANS,,
29,rs_chromosome8_14947,8,,14947,3.08645786081608e-07,0.258022353628154,0.0496587063459458,0.0506644645465333,0.237160542098605,0,0.905524051816731,YPL091W,101,YPL091W,RNA,8_14947_YPL091W,16,375502,376953,11110207,4825327,11485709,4840274,0,TRANS,,
40,rs_chromosome8_15293,8,,15293,8.32983517023752e-08,0.280191247258605,0.0514203910259895,0.0667663490480656,0.248018554522046,0,0.905524051816731,YPL091W,101,YPL091W,RNA,8_15293_YPL091W,16,375502,376953,11110207,4825327,11485709,4840620,0,TRANS,,
57,rs_chromosome8_15928,8,,15928,1.36607681721985e-06,-0.252225444181104,0.0515218635536152,0.0516578234248165,0.224157690686852,0,0.905524051816731,YPL091W,101,YPL091W,RNA,8_15928_YPL091W,16,375502,376953,11110207,4825327,11485709,4841255,0,TRANS,,
72,rs_chromosome8_16634,8,,16634,2.74449679189594e-11,-0.301821118863086,0.0441907047502741,0.0392444540334839,0.305552904628497,0,0.905524051816731,YPL091W,101,YPL091W,RNA,8_16634_YPL091W,16,375502,376953,11110207,4825327,11485709,4841961,0,TRANS,16634|16698,
78,rs_chromosome8_16805,8,,16805,1.81290409571569e-08,0.325591703092288,0.0568014338907333,0.0952013807276661,0.260051757382892,0,0.905524051816731,YPL091W,101,YPL091W,RNA,8_16805_YPL091W,16,375502,376953,11110207,4825327,11485709,4842132,0,TRANS,16403|16886,
86,rs_chromosome8_16906,8,,16906,2.28425301697758e-09,-0.30296226010005,0.0496707517513051,0.0636452131985785,0.27548623668153,0,0.905524051816731,YPL091W,101,YPL091W,RNA,8_16906_YPL091W,16,375502,376953,11110207,4825327,11485709,4842233,0,TRANS,,
913,rs_chromosome12_105543,12,,105543,8.45127871051282e-06,-0.187597141171142,0.0416406541937156,0.00649822491195206,0.207081883853268,0,0.905443118223575,YPL091W,101,YPL091W,RNA,12_105543_YPL091W,16,375502,376953,11110207,7234103,11485709,7339646,0,TRANS,,
6778,rs_chromosome14_750743,14,,750743,4.22332613010929e-06,-0.245348311393239,0.0526843988397824,0.0505119859441626,0.213745665135678,0,0.906326748578013,YPL091W,101,YPL091W,RNA,14_750743_YPL091W,16,375502,376953,11110207,9235803,11485709,9986546,0,TRANS,750743|751807,
6779,rs_chromosome14_750744,14,,750744,4.22332613010929e-06,-0.245348311393239,0.0526843988397824,0.0505119859441626,0.213745665135678,0,0.906326748578013,YPL091W,101,YPL091W,RNA,14_750744_YPL091W,16,375502,376953,11110207,9235803,11485709,9986547,0,TRANS,750743|751807,
234,rs_chromosome15_61697,15,,61697,1.11917853211753e-05,-0.463211186569766,0.104269132460818,0.0826767560385309,0.204321563596568,0,0.913025317666428,YPL091W,101,YPL091W,RNA,15_61697_YPL091W,16,375502,376953,11110207,10019344,11485709,10081041,0,TRANS,,
1409,rs_chromosome16_162438,16,,162438,1.05587063891284e-07,0.35837939454102,0.0663182730346559,0.111758258320248,0.246090645750699,0,0.905745184609539,YPL091W,101,YPL091W,RNA,16_162438_YPL091W,16,375502,376953,11110207,11110207,11485709,11272645,213064,TRANS,,
3260,rs_chromosome16_373847,16,,373847,1.54847456149463e-12,-0.423478611367195,0.0582191502693802,0.177120864257801,0.32339204089577,0,0.905745184609539,YPL091W,101,YPL091W,RNA,16_373847_YPL091W,16,375502,376953,11110207,11110207,11485709,11484054,1655,CIS,,
3265,rs_chromosome16_374156,16,,374156,2.77388416821662e-17,0.456748601814118,0.0518691716437483,0.185795689797846,0.382303359696232,0,0.905745184609539,YPL091W,101,YPL091W,RNA,16_374156_YPL091W,16,375502,376953,11110207,11110207,11485709,11484363,1346,CIS,373674|374282,
3269,rs_chromosome16_375375,16,,375375,1.16009461807089e-25,0.796563616988821,0.071467235654289,0.615985508220547,0.463915607229168,0,0.905745184609539,YPL091W,101,YPL091W,RNA,16_375375_YPL091W,16,375502,376953,11110207,11110207,11485709,11485582,127,CIS,375375|380801,
3274,rs_chromosome16_376683,16,,376683,5.00308940170907e-11,-0.298135661932778,0.0442703566334534,0.0353277171696479,0.301670303474096,0,0.905745184609539,YPL091W,101,YPL091W,RNA,16_376683_YPL091W,16,375502,376953,11110207,11110207,11485709,11486890,0,CIS,,
3315,rs_chromosome16_381607,16,,381607,1.0081968801073e-05,0.213058561600547,0.0477083841347598,0.0197946687446057,0.205352266784487,0,0.905745184609539,YPL091W,101,YPL091W,RNA,16_381607_YPL091W,16,375502,376953,11110207,11110207,11485709,11491814,-4654,CIS,,
3327,rs_chromosome16_382708,16,,382708,9.07326098732539e-06,-0.481820290155245,0.107324864611562,0.22413394173152,0.206387458252304,0,0.905745184609539,YPL091W,101,YPL091W,RNA,16_382708_YPL091W,16,375502,376953,11110207,11110207,11485709,11492915,-5755,CIS,381702|382708,
3356,rs_chromosome16_389620,16,,389620,8.15062380320971e-06,-0.366078524667453,0.081113287160841,0.127790068267429,0.207435200784372,0,0.905745184609539,YPL091W,101,YPL091W,RNA,16_389620_YPL091W,16,375502,376953,11110207,11110207,11485709,11499827,-12667,CIS,389620|389817,
3427,rs_chromosome16_400660,16,,400660,1.13890044945009e-05,-0.183594028603315,0.041363661208977,0.00863723947996932,0.204148648266496,0,0.905745184609539,YPL091W,101,YPL091W,RNA,16_400660_YPL091W,16,375502,376953,11110207,11110207,11485709,11510867,-23707,CIS,,
6742,rs_chromosome16_797429,16,,797429,7.31398626535699e-06,-0.203864725187004,0.0449326289524319,0.0178823796716985,0.208488007079467,0,0.905745184609539,YPL091W,101,YPL091W,RNA,16_797429_YPL091W,16,375502,376953,11110207,11110207,11485709,11907636,-420476,TRANS,,
5181,rs_chromosome15_539719,15,,539719,5.1610356808203e-07,0.272860703185211,0.0535678035025592,0.0466359908207762,0.232752189084226,0,0.440418584779736,YPL106C,101,YPL106C,RNA,15_539719_YPL106C,16,350194,352275,11110207,10019344,11460401,10559063,0,TRANS,,
3072,rs_chromosome16_350204,16,,350204,1.79333271801902e-06,-0.255192026802617,0.0527378228883331,0.0348007589777888,0.221693161823049,0,0.450095031874879,YPL106C,101,YPL106C,RNA,16_350204_YPL106C,16,350194,352275,11110207,11110207,11460401,11460411,0,CIS,,
3696,rs_chromosome4_451706,4,,451706,5.71040312170291e-06,-0.330968601347825,0.0720837542612911,0.0237620550371163,0.21087395985498,0,0.550702085572411,YPL111W,101,YPL111W,RNA,4_451706_YPL111W,16,339944,340945,11110207,1356984,11450151,1808690,0,TRANS,,
2322,rs_chromosome5_280968,5,,280968,1.62345954774423e-06,-0.248828116529426,0.0512028839803136,0.0222950424642986,0.222597677239379,0,0.548738719688186,YPL111W,101,YPL111W,RNA,5_280968_YPL111W,16,339944,340945,11110207,2888695,11450151,3169663,0,TRANS,,
3184,rs_chromosome5_397753,5,,397753,3.63255289362332e-06,-0.258987369646787,0.05522853087668,0.0243129544606457,0.21516555397337,0,0.548738719688186,YPL111W,101,YPL111W,RNA,5_397753_YPL111W,16,339944,340945,11110207,2888695,11450151,3286448,0,TRANS,,
856,rs_chromosome10_116041,10,,116041,3.01424199802733e-06,0.331807071444029,0.0701601916866165,0.092179178312103,0.21691060169828,0,0.558109781935519,YPL111W,101,YPL111W,RNA,10_116041_YPL111W,16,339944,340945,11110207,5825553,11450151,5941594,0,TRANS,,
888,rs_chromosome10_118252,10,,118252,2.57142849684669e-06,-0.22881196519347,0.0480390916525464,0.0105491072036894,0.218385360382126,0,0.558109781935519,YPL111W,101,YPL111W,RNA,10_118252_YPL111W,16,339944,340945,11110207,5825553,11450151,5943805,0,TRANS,,
3109,rs_chromosome16_354703,16,,354703,3.75828329350197e-06,0.316908677775609,0.0676856018681325,0.0832693020055299,0.214845764441191,0,0.554779914231259,YPL111W,101,YPL111W,RNA,16_354703_YPL111W,16,339944,340945,11110207,11110207,11450151,11464910,-13758,CIS,,
6703,rs_chromosome12_792544,12,,792544,1.48965191025629e-06,0.216586103635009,0.0444047497404303,0.00908385869108621,0.223376455832173,0,0.365075935211106,YPL117C,101,YPL117C,RNA,12_792544_YPL117C,16,327864,328730,11110207,7234103,11438071,8026647,0,TRANS,,
574,rs_chromosome3_76973,3,,76973,7.03957991704894e-07,0.321539940868038,0.0639088267826046,0.0395478605170032,0.230047686426227,0,0.302045940929664,YPL145C,101,YPL145C,RNA,3_76973_YPL145C,16,278395,279699,11110207,1040796,11388602,1117769,0,TRANS,,
4001,rs_chromosome4_489193,4,,489193,3.40794513903378e-07,0.34417471822263,0.0664898193183956,0.0226688576931284,0.236317631446969,0,0.298080162526978,YPL145C,101,YPL145C,RNA,4_489193_YPL145C,16,278395,279699,11110207,1356984,11388602,1846177,0,TRANS,,
1353,rs_chromosome11_125651,11,,125651,5.30353180032862e-06,0.25932722603825,0.0562829114064973,0.0158807567834367,0.211581261291164,0,0.295379527707499,YPL145C,101,YPL145C,RNA,11_125651_YPL145C,16,278395,279699,11110207,6570814,11388602,6696465,0,TRANS,,
2881,rs_chromosome11_287848,11,,287848,3.39838964325528e-06,0.251430933480807,0.0534543343537734,0.0150510789454239,0.215790396706541,0,0.295379527707499,YPL145C,101,YPL145C,RNA,11_287848_YPL145C,16,278395,279699,11110207,6570814,11388602,6858662,0,TRANS,,
1616,rs_chromosome4_210797,4,,210797,5.79538474643571e-07,0.253779681216071,0.0500505010214638,0.0377525323364133,0.231746033214295,0,0.187450152198026,YPL160W,101,YPL160W,RNA,4_210797_YPL160W,16,246990,250262,11110207,1356984,11357197,1567781,0,TRANS,,
8765,rs_chromosome7_1005364,7,,1005364,2.00034401698297e-06,-0.237880274470817,0.049393795770455,0.0108984889839016,0.220695845187135,0,0.243340814084572,YPL225W,101,YPL225W,RNA,7_1005364_YPL225W,16,126006,126446,11110207,3734736,11236213,4740100,0,TRANS,,
571,rs_chromosome4_78181,4,,78181,9.36670308958759e-06,0.362206563962554,0.0808086453367085,0.133163171404189,0.206075443911154,0,0.265583516049167,YPL231W,101,YPL231W,RNA,4_78181_YPL231W,16,108652,114315,11110207,1356984,11218859,1435165,0,TRANS,,
367,rs_chromosome7_36448,7,,36448,3.1175161220428e-07,-0.298825292482243,0.0575334531516375,0.0805026752071031,0.237075510182806,0,0.271286052306658,YPL231W,101,YPL231W,RNA,7_36448_YPL231W,16,108652,114315,11110207,3734736,11218859,3771184,0,TRANS,,
4654,rs_chromosome10_564333,10,,564333,4.24535378211627e-06,-0.294153845166476,0.063179797075767,0.0746686856054584,0.213696475177586,0,0.140608960720569,YPL240C,101,YPL240C,RNA,10_564333_YPL240C,16,96496,98625,11110207,5825553,11206703,6389886,0,TRANS,,
2408,rs_chromosome11_237829,11,,237829,2.26259130899192e-06,-0.227976444616354,0.0475934668032327,0.0229283539056221,0.219565609891858,0,0.187430465773928,YPL260W,101,YPL260W,RNA,11_237829_YPL260W,16,49303,50958,11110207,6570814,11159510,6808643,0,TRANS,,
1903,rs_chromosome4_246965,4,,246965,8.52165128248108e-07,-0.252090380587004,0.0504945405775801,0.0191647897542063,0.228366435640216,0,0.306730209036589,YPL271W,101,YPL271W,RNA,4_246965_YPL271W,16,30079,30267,11110207,1356984,11140286,1603949,0,TRANS,,
1315,rs_chromosome2_183913,2,,183913,7.45413310368604e-06,0.237120128910657,0.0523105485555779,0.0121710554458236,0.208303894192119,0,0.382705603182119,YPR004C,101,YPR004C,RNA,2_183913_YPR004C,16,564007,565041,11110207,229317,11674214,413230,0,TRANS,,
5218,rs_chromosome10_618419,10,,618419,4.35035511554396e-06,0.225733939442267,0.0485392546558618,0.0415671155800126,0.213465296784093,0,0.377207288369929,YPR004C,101,YPR004C,RNA,10_618419_YPR004C,16,564007,565041,11110207,5825553,11674214,6443972,0,TRANS,618415|618867,
3003,rs_chromosome10_337322,10,,337322,9.19223132996937e-06,-0.194167792099918,0.043278587586632,0.0139195506463731,0.206259816121914,0,0.179902178147119,YPR010C,101,YPR010C,RNA,10_337322_YPR010C,16,577585,581196,11110207,5825553,11687792,6162875,0,TRANS,,
638,rs_chromosome3_83706,3,,83706,2.41457472041173e-06,0.386111899120086,0.0808382004597943,0.13651373517138,0.218966733913463,0,0.102744140151868,YPR016C,101,YPR016C,RNA,3_83706_YPR016C,16,592332,593069,11110207,1040796,11702539,1124502,0,TRANS,,
11052,rs_chromosome4_1351660,4,,1351660,4.82628564157139e-06,0.355387723433195,0.0767897264819558,0.137575812876159,0.212480107370805,0,0.251409994639095,YPR033C,101,YPR033C,RNA,4_1351660_YPR033C,16,637379,639019,11110207,1356984,11747586,2708644,0,TRANS,,
1896,rs_chromosome16_212773,16,,212773,4.22746523884748e-06,0.234542609691444,0.0503663440944348,0.0438226595487351,0.213736403424139,0,0.2525943351986,YPR033C,101,YPR033C,RNA,16_212773_YPR033C,16,637379,639019,11110207,11110207,11747586,11322980,424606,TRANS,,
3625,rs_chromosome4_441647,4,,441647,1.83202402522686e-06,0.303563683291229,0.0627922148210954,0.0159067766238304,0.221498653828986,0,0.350656914314261,YPR036W,101,YPR036W,RNA,4_441647_YPR036W,16,643836,645272,11110207,1356984,11754043,1798631,0,TRANS,,
3696,rs_chromosome4_451706,4,,451706,3.09615651619306e-06,0.284624899934691,0.0602564182705833,0.0191129500017163,0.216660715550246,0,0.350656914314261,YPR036W,101,YPR036W,RNA,4_451706_YPR036W,16,643836,645272,11110207,1356984,11754043,1808690,0,TRANS,,
647,rs_chromosome6_95038,6,,95038,4.94415407590048e-06,0.2880752438189,0.0623158355858736,0.0180343227385679,0.212250474979409,0,0.347328783588528,YPR036W,101,YPR036W,RNA,6_95038_YPR036W,16,643836,645272,11110207,3465220,11754043,3560258,0,TRANS,,
9377,rs_chromosome4_1149299,4,,1149299,2.34610127945883e-06,0.460616665201645,0.0963143264683069,0.0554978117873059,0.21923194569241,0,0.527401893291896,YPR069C,101,YPR069C,RNA,4_1149299_YPR069C,16,684556,685437,11110207,1356984,11794763,2506283,0,TRANS,,
1112,rs_chromosome11_99591,11,,99591,7.64955082570243e-08,0.34137402214414,0.0624636823869613,0.0318222984104595,0.248707386923139,0,0.527180436773619,YPR069C,101,YPR069C,RNA,11_99591_YPR069C,16,684556,685437,11110207,6570814,11794763,6670405,0,TRANS,,
5688,rs_chromosome16_662291,16,,662291,3.15380227585297e-08,0.408205026331769,0.072496765371493,0.0568824715946579,0.255753296630768,0,0.524028392334863,YPR069C,101,YPR069C,RNA,16_662291_YPR069C,16,684556,685437,11110207,11110207,11794763,11772498,22265,CIS,,
6250,rs_chromosome16_733512,16,,733512,3.16115693048587e-06,0.286037311837656,0.0606123249890647,0.0915868992251504,0.216466884836973,0,0.203287382421455,YPR110C,101,YPR110C,RNA,16_733512_YPR110C,16,745828,746835,11110207,11110207,11856035,11843719,12316,CIS,,
302,rs_chromosome8_36046,8,,36046,1.44331940120479e-06,0.211988693410525,0.043403815576798,0.0136296981757437,0.223661825098531,0,0,YPR159W,101,YPR159W,RNA,8_36046_YPR159W,16,857583,859745,11110207,4825327,11967790,4861373,0,TRANS,,
2384,rs_chromosome7_245148,7,,245148,7.77971345319686e-06,-0.283209897153264,0.0626087780149209,0.0313473329421053,0.207888598344075,0,0.333873972638806,YPR165W,101,YPR165W,RNA,7_245148_YPR165W,16,875368,875997,11110207,3734736,11985575,3979884,0,TRANS,,
3820,rs_chromosome14_411046,14,,411046,5.31884749251314e-06,0.219127849531082,0.0475647498421157,0.00818787515397319,0.211553712632843,0,0.408662127474029,YPR191W,101,YPR191W,RNA,14_411046_YPR191W,16,919381,920487,11110207,9235803,12029588,9646849,0,TRANS,,
