gene_symbol	QTL_type	percent_variance	beta	cis_trans
Arfgef1	LOCAL	18.49480656	0.6081908674092369	cis
Pcmtd1	LOCAL	27.53585111	0.7421031075261711	cis
Adhfe1	LOCAL	34.20236857	0.8270715636509334	cis
Ago3	DISTANT	27.75573456	0.7450601930045653	trans
Lactb2	LOCAL	30.08815679	0.7757339336396211	cis
Tom1l1	DISTANT	16.18258643	0.5689039713343544	trans
Dctn2	DISTANT	19.36989632	0.622412987011036	trans
Cbll1	DISTANT	21.49127455	0.6556107770621225	trans
Eftud2	DISTANT	16.56864949	0.5756500584556559	trans
Fermt2	DISTANT	17.47993536	0.5912687267224608	trans
Gsta3	LOCAL	34.42556432	0.8297658021393748	cis
Tram2	LOCAL	43.24597232	0.9300104549949962	cis
Rab23	LOCAL	34.98791785	0.8365156047558229	cis
Nudt16l1	DISTANT	18.83285761	0.6137240032783466	trans
Pdcl3	LOCAL	42.93006213	0.9266073831995945	cis
Plscr3	DISTANT	26.77198749	0.731737486944601	trans
Eml4	DISTANT	19.73421242	0.6282390057931774	trans
Vps45	DISTANT	18.80865343	0.6133294943176955	trans
F10	DISTANT	16.45128918	0.5736076913710275	trans
Vps8	DISTANT	17.09332978	0.5846935912082499	trans
Ercc5	LOCAL	22.23049108	0.6667906879973655	cis
Ctsf	DISTANT	16.40651862	0.5728266512654592	trans
Myo1b	LOCAL	17.68157752	0.5946692781706484	cis
Ubac2	DISTANT	16.33793378	0.5716280920318735	trans
Inpp1	LOCAL	30.76843616	0.784454411167405	cis
Hibch	LOCAL	60.16149401	1.0969183562143539	cis
Osgepl1	LOCAL	52.90590426	1.0286486694688328	cis
Scarb2	DISTANT	16.61200634	0.5764027470441133	trans
Pgap1	LOCAL	24.2709747	0.6967205279019701	cis
Aox1	LOCAL	54.83710604	1.047254563513571	cis
1700066M21Rik	LOCAL	27.33077696	0.739334524555698	cis
Raph1	LOCAL	18.41121767	0.6068149251625243	cis
Nif3l1	LOCAL	35.3756002	0.8411373276701017	cis
Casp8	LOCAL	42.16330558	0.9182952202859384	cis
Ppil3	LOCAL	49.73509334	0.9973474152971972	cis
Tbck	DISTANT	17.61978897	0.5936293282849154	trans
Als2	LOCAL	40.76693881	0.9029611155526023	cis
Cyp20a1	LOCAL	37.13386111	0.8617872255957383	cis
Prkag2	DISTANT	20.53858917	0.6409148019822916	trans
Gpn1	DISTANT	22.08106687	0.6645459633464039	trans
Guf1	DISTANT	16.29119245	0.570809818591096	trans
Adcy9	DISTANT	16.76135533	0.578988002120942	trans
Mettl21a	LOCAL	30.85546792	0.7855630836540118	cis
Idh1	LOCAL	17.95682536	0.5992799906554531	cis
Lancl1	LOCAL	20.95061112	0.6473115342707868	cis
Atic	LOCAL	35.32851496	0.8405773606278009	cis
Xrcc6	DISTANT	20.21667323	0.6358722077587603	trans
Xrcc5	LOCAL	18.84226102	0.6138772030300522	cis
Glb1l	LOCAL	31.05480538	0.7880965090647211	cis
Pnkd	LOCAL	19.58920493	0.6259265920217801	cis
Bcs1l	LOCAL	17.14569219	0.5855884594149717	cis
Tns1	LOCAL	19.89343581	0.6307683538352253	cis
Slc11a1	LOCAL	25.7721762	0.7179439560299955	cis
Cnpy3	DISTANT	17.13736203	0.5854461893291304	trans
Mertk	DISTANT	20.59335705	0.6417687597569705	trans
Ppip5k2	DISTANT	16.96119568	0.5824293206905024	trans
Ankzf1	LOCAL	18.53710806	0.608886000167519	cis
Pecr	LOCAL	30.70864873	0.7836918875425469	cis
Gmppa	LOCAL	20.78153522	0.6446942720390806	cis
Eif4enif1	DISTANT	21.55158112	0.6565299859107732	trans
Pnkd	LOCAL	37.08443456	0.8612134991974986	cis
Mrpl44	LOCAL	24.41450603	0.6987775902245291	cis
Wdfy1	LOCAL	38.2005812	0.8740775846571058	cis
Inpp5d	LOCAL	18.65136614	0.6107596276768791	cis
Ppil2	DISTANT	16.70550357	0.5780225526742014	trans
Serpine2	LOCAL	20.8029803	0.6450268257987415	cis
Poglut1	DISTANT	16.71516277	0.5781896361921407	trans
Dis3l2	LOCAL	37.91277855	0.8707787152887925	cis
Cab39	LOCAL	17.79201809	0.5965235634909991	cis
Ugt1a9	LOCAL	27.12924935	0.7366036838083285	cis
Atg12	DISTANT	17.10119645	0.5848281191940073	trans
Ngef	LOCAL	40.94221462	0.9049001560393279	cis
Atg16l1	LOCAL	22.65165212	0.6730772930355028	cis
Ugt1a10	LOCAL	48.03140133	0.9801163331972383	cis
Ugt1a6b	LOCAL	17.99812413	0.5999687346854001	cis
Mocs1	DISTANT	17.59992038	0.5932945369713091	trans
Dusp28	LOCAL	38.21787688	0.8742754357752481	cis
2410127L17Rik	DISTANT	17.5275722	0.5920738501234454	trans
Flii	DISTANT	17.96188108	0.5993643479553985	trans
Cops7a	DISTANT	17.25796121	0.5875025312285896	trans
Rab17	LOCAL	20.6437448	0.6425534187909983	cis
Scly	LOCAL	33.15514779	0.8143113383712645	cis
Agxt	LOCAL	20.23293364	0.6361278745661126	cis
D2hgdh	LOCAL	43.01767969	0.9275524749576166	cis
Dtymk	LOCAL	39.3374267	0.8869884632846134	cis
Serpinb8	LOCAL	35.8531256	0.8467954369267704	cis
Kdsr	LOCAL	34.73529409	0.833490180985955	cis
Tmem177	LOCAL	28.61100307	0.7564522862679443	cis
Steap3	LOCAL	55.11215483	1.0498776579201978	cis
9030624J02Rik	DISTANT	34.17062108	0.8266876203258399	trans
Mki67ip	LOCAL	16.54505903	0.5752401069118878	cis
Ccdc22	DISTANT	29.97587047	0.7742850956850454	trans
Ccdc93	LOCAL	18.25970946	0.6043129894351106	cis
Commd9	DISTANT	21.88594133	0.6616032244480071	trans
Commd10	DISTANT	19.40629092	0.6229974465437238	trans
Fam45a	DISTANT	30.24891332	0.7778034882925121	trans
Fam162a	DISTANT	16.50336234	0.5745147924988528	trans
Commd5	DISTANT	18.62185552	0.6102762574441185	trans
Arpc2	DISTANT	24.24862615	0.6963996862434675	trans
Actr2	DISTANT	16.6873595	0.5777085683975961	trans
Arpc4	DISTANT	16.44626785	0.5735201452433908	trans
Ssbp1	DISTANT	20.60483446	0.6419475751180933	trans
Dars	LOCAL	58.76600686	1.0841218276559144	cis
Ubxn4	LOCAL	21.18382563	0.6509043805352672	cis
Ikbke	LOCAL	27.94589406	0.74760810669762	cis
Ctse	LOCAL	48.53926933	0.9852844191399761	cis
Pm20d1	LOCAL	66.42649993	1.15261875683159	cis
Atp2b4	LOCAL	18.78350536	0.6129193317231885	cis
Rnpep	LOCAL	29.45743468	0.7675602214810249	cis
Cyb5r1	LOCAL	41.59530872	0.9120889070699193	cis
Fam20b	DISTANT	23.23038522	0.6816213790661205	trans
Cfhr1	LOCAL	51.92470039	1.019065261796319	cis
Lztr1	DISTANT	19.41008952	0.6230584165228811	trans
Trmt1l	LOCAL	25.29220156	0.7112271305286378	cis
Adam23	DISTANT	24.32077897	0.6974350001254597	trans
Npl	LOCAL	38.98430407	0.8829983473370717	cis
Ociad2	DISTANT	16.79322898	0.5795382468828093	trans
Acbd6	LOCAL	33.35388215	0.816748212731439	cis
Tmem33	DISTANT	16.36843349	0.5721614018788754	trans
Tor1aip2	LOCAL	47.36944955	0.9733390935331838	cis
BC026585	LOCAL	40.92302506	0.9046880684523257	cis
Sec16b	LOCAL	24.58744233	0.701248063526738	cis
Cox18	DISTANT	17.64127911	0.5939912307433503	trans
Vps33b	DISTANT	16.43495167	0.5733228003489832	trans
Rint1	DISTANT	16.88732305	0.5811595830750793	trans
Dars2	LOCAL	31.02144184	0.7876730519701687	cis
Fmo1	LOCAL	33.18815301	0.8147165520596719	cis
Pcp4l1	LOCAL	30.0983021	0.7758647059893884	cis
Stx6	LOCAL	18.42683869	0.6070722970124728	cis
Fmo2	LOCAL	21.39904077	0.6542024269291578	cis
Fmo4	LOCAL	24.42412987	0.6989153005908513	cis
Tiprl	LOCAL	31.16398142	0.7894806067282464	cis
Mgst3	LOCAL	28.36440259	0.7531852705676074	cis
Ppox	LOCAL	21.17546402	0.650775906437846	cis
Usp45	DISTANT	22.98787684	0.6780542285097851	trans
Dusp12	LOCAL	32.4876125	0.8060721121587074	cis
Naa30	DISTANT	23.72589939	0.6888526604434362	trans
Tstd1	LOCAL	25.3835701	0.7125106329031168	cis
Apoa2	LOCAL	45.09468475	0.9496808384925959	cis
Uap1	LOCAL	22.99052742	0.6780933183566993	cis
Dhrs11	DISTANT	17.65438693	0.5942118633955401	trans
Pex19	LOCAL	21.77380262	0.6599060936224184	cis
Dcaf8	LOCAL	16.17435121	0.5687591970245405	cis
Dusp23	LOCAL	54.54208874	1.044433710103231	cis
Apcs	LOCAL	23.10611783	0.6797958197870887	cis
Ifi202b	LOCAL	50.89389789	1.0088993794229433	cis
Ifi204	LOCAL	28.53681297	0.7554708858718514	cis
Mndal	LOCAL	48.03986646	0.9802026980170989	cis
Kmo	LOCAL	31.97599742	0.7996999114667951	cis
Adat1	DISTANT	21.81211616	0.6604864292322742	trans
Fh1	LOCAL	19.92450313	0.6312606930579474	cis
Nvl	LOCAL	23.91991804	0.6916634736633126	cis
Adss	LOCAL	26.6285979	0.7297752791099463	cis
Ephx1	LOCAL	17.36242087	0.5892778779149952	cis
Bcl10	DISTANT	24.25336417	0.696467718849912	trans
Mia3	LOCAL	21.03705298	0.6486455577586268	cis
Igfbp2	DISTANT	29.75798915	0.7714659960101936	trans
Snrpe	DISTANT	18.3297632	0.6054711091373394	trans
Marc1	LOCAL	46.03823362	0.9595648349121596	cis
Eprs	LOCAL	24.97870118	0.706805506203793	cis
Lyplal1	LOCAL	70.92614512	1.191017591137931	cis
Hnrnpa3	DISTANT	17.55742088	0.5925777734610032	trans
Arf4	DISTANT	16.36618776	0.5721221505937346	trans
Copb2	DISTANT	16.89785705	0.5813408131208405	trans
Nudt9	DISTANT	16.74278049	0.5786670975612835	trans
Tatdn3	LOCAL	48.24139978	0.9822565833833846	cis
Hsd11b1	LOCAL	23.65232573	0.6877837702359659	cis
Fam107b	LOCAL	17.06300987	0.5841748003808449	cis
Phyh	LOCAL	23.73406826	0.6889712368451967	cis
Cdc123	LOCAL	29.0998267	0.7628869732797907	cis
Upf2	LOCAL	19.7893655	0.6291162929061686	cis
Dhtkd1	LOCAL	65.93764293	1.1483696524203346	cis
Echdc3	LOCAL	35.25487819	0.8397008775748659	cis
Optn	LOCAL	17.04105241	0.5837988079809687	cis
Nudt5	LOCAL	19.56377948	0.6255202551476651	cis
Map3k7	DISTANT	21.45232455	0.6550164051380698	trans
Pter	LOCAL	37.44160732	0.865350880510328	cis
Thnsl1	LOCAL	25.19063176	0.7097976015738571	cis
Lrrc14	DISTANT	26.07134023	0.722098888380255	trans
Cgn	DISTANT	17.49695199	0.5915564552939981	trans
Sike1	DISTANT	29.51996158	0.7683744084754515	trans
Msrb2	LOCAL	31.60701852	0.7950725566890107	cis
Etl4	LOCAL	29.06189015	0.7623895349491624	cis
Hnmt	LOCAL	31.2557966	0.7906427334770111	cis
Dph7	LOCAL	30.01467525	0.7747861027406209	cis
Entpd8	LOCAL	28.27408968	0.7519852349614319	cis
Dpp7	LOCAL	36.82262866	0.8581681497235842	cis
Uap1l1	LOCAL	26.19890004	0.7238632473057325	cis
Phpt1	LOCAL	24.21627613	0.6959349988325059	cis
Dnlz	LOCAL	25.63532966	0.716035329575294	cis
Mrps28	DISTANT	16.34181266	0.5716959447118721	trans
Rexo4	LOCAL	24.64715642	0.7020990873089069	cis
Vav2	LOCAL	23.83657007	0.69045738565099	cis
Fam25c	DISTANT	25.45881354	0.7135658839939029	trans
Coq4	LOCAL	34.35095346	0.828866134668319	cis
Fam73b	LOCAL	47.34089842	0.9730457175282157	cis
Ccbl1	LOCAL	36.98711944	0.8600827802019989	cis
Stxbp1	LOCAL	20.91231465	0.6467196401842146	cis
Rab10	DISTANT	16.63679295	0.5768326091683791	trans
Zer1	LOCAL	20.38060552	0.6384450723437374	cis
Ppp2r4	LOCAL	27.72604156	0.7446615548019113	cis
Gpr107	LOCAL	17.3708417	0.5894207614259952	cis
Tor2a	LOCAL	34.02948817	0.8249786442084425	cis
Ptges2	LOCAL	17.24711263	0.5873178463149235	cis
Fpgs	LOCAL	42.60080734	0.9230472072434865	cis
Lrsam1	LOCAL	40.29204086	0.8976863690621575	cis
Stom	LOCAL	16.99568092	0.5830211131682969	cis
Uck1	LOCAL	16.63794215	0.5768525314150923	cis
Cutal	LOCAL	32.531803	0.8066201460414932	cis
Fpgs	LOCAL	23.68461047	0.688253012634162	cis
Hc	LOCAL	59.66388622	1.092372520892026	cis
Mrrf	LOCAL	29.04429271	0.7621586804596534	cis
Nek6	LOCAL	23.60183201	0.6870492269117258	cis
AI182371	LOCAL	17.69780127	0.5949420353278124	cis
Snap29	DISTANT	16.5870171	0.5759690460432748	trans
Slc25a25	DISTANT	16.65090448	0.577077195529333	trans
Cirh1a	DISTANT	19.01289908	0.6166506155028145	trans
Cyp4a32	DISTANT	18.89571118	0.6147472843372307	trans
Serbp1	DISTANT	16.22524764	0.5696533619667314	trans
Fmnl2	LOCAL	27.90874788	0.7471110744728658	cis
Gpd2	LOCAL	23.03251536	0.6787122418227036	cis
Desi1	DISTANT	28.1407333	0.7502097480038499	trans
Polr1b	DISTANT	20.78390495	0.6447310284141752	trans
Coq10a	DISTANT	16.94521105	0.5821548084487493	trans
Lama5	DISTANT	16.93675382	0.5820095157297688	trans
Gca	LOCAL	29.31342146	0.7656816761553067	cis
Srp68	DISTANT	16.7192853	0.5782609324517782	trans
Cobll1	LOCAL	34.0864714	0.8256690789898821	cis
Ccdc86	DISTANT	17.10247579	0.5848499942720355	trans
Cers6	LOCAL	25.21514969	0.7101429389918624	cis
Abcb11	LOCAL	18.56073022	0.6092738336741534	cis
AU040320	DISTANT	17.17102554	0.5860209132786985	trans
Asap1	DISTANT	17.7739079	0.596219890644383	trans
Metap1d	LOCAL	24.90451851	0.7057551772392463	cis
Slc25a12	LOCAL	19.36691407	0.6223650708386518	cis
Scrn3	LOCAL	38.64436018	0.8791400363992076	cis
Agps	LOCAL	19.97442448	0.6320510181939429	cis
Epb4.1l3	DISTANT	26.38489023	0.7264281138557346	trans
Ccdc141	LOCAL	35.58566974	0.8436310774266201	cis
Ssrp1	LOCAL	22.93488123	0.6772721938777643	cis
Cwc22	LOCAL	24.32788597	0.6975368946514586	cis
Abcb6	DISTANT	16.31855627	0.5712890033949541	trans
Dnajc10	LOCAL	33.67202783	0.8206342404506407	cis
Ube2l6	LOCAL	21.33175424	0.6531730894640408	cis
Trim65	DISTANT	21.70286282	0.6588302181897852	trans
Tnks1bp1	LOCAL	23.29897945	0.6826269764666498	cis
Alkbh3	LOCAL	40.06777622	0.8951846314587846	cis
Sptan1	DISTANT	17.14501794	0.5855769452428946	trans
Ckap5	LOCAL	17.19777436	0.5864771838699269	cis
Metap2	DISTANT	16.90369588	0.581441241743308	trans
Slc1a2	LOCAL	25.9356724	0.7202176393285574	cis
Apip	LOCAL	24.30557038	0.6972169014015652	cis
Gm5431	DISTANT	28.90940731	0.7603868398387758	trans
0610012H03Rik	LOCAL	37.97888225	0.8715375178384462	cis
Immp1l	LOCAL	21.72105079	0.6591062249743966	cis
Dnajc24	LOCAL	23.13678196	0.6802467487610654	cis
Abtb2	LOCAL	19.83865462	0.6298992716299964	cis
Asgr2	DISTANT	17.98932984	0.5998221376374834	trans
Nova2	DISTANT	18.74519323	0.6122939364390276	trans
BC035947	DISTANT	23.76099383	0.6893619344002104	trans
Fam160a2	DISTANT	19.77836245	0.6289413716714778	trans
Bbox1	LOCAL	26.83356544	0.732578534220052	cis
Spata5	DISTANT	20.77326211	0.6445659331674302	trans
Mrpl51	DISTANT	18.47682161	0.6078950832174908	trans
Fam98b	LOCAL	21.18840153	0.6509746773876846	cis
Pgpep1	DISTANT	19.19710943	0.6196306872645996	trans
Araf	DISTANT	16.49608392	0.5743880904057813	trans
Rmdn3	LOCAL	23.41456357	0.6843181068772037	cis
Ivd	LOCAL	39.63617494	0.8903502113213654	cis
Rpap1	LOCAL	22.14167355	0.6654573397296027	cis
Ganc	LOCAL	52.57090063	1.0253867624462487	cis
Ehd4	LOCAL	18.50829264	0.6084125679175275	cis
Sord	LOCAL	37.11262436	0.8615407635161554	cis
Ubr1	LOCAL	18.00036142	0.6000060236364299	cis
Adal	LOCAL	40.40643852	0.8989598269110807	cis
Prkaca	DISTANT	17.56177227	0.592651200454365	trans
Gatm	LOCAL	28.18928841	0.7508566895220419	cis
Myef2	LOCAL	16.87347617	0.5809212712579908	cis
Dut	LOCAL	32.27122655	0.8033831781908307	cis
Galk2	LOCAL	39.05279022	0.8837736160352379	cis
Blvra	LOCAL	25.27254349	0.7109506802866146	cis
Mertk	LOCAL	16.6754051	0.5775016034609773	cis
Fastkd5	LOCAL	24.55743232	0.7008199814503008	cis
Ctsf	DISTANT	16.21554053	0.5694829326678719	trans
Cds2	LOCAL	19.53860764	0.6251177111552672	cis
Trmt6	LOCAL	39.38139951	0.8874840788431081	cis
Mrps30	DISTANT	16.52351814	0.5748655171429228	trans
Mrpl39	DISTANT	16.20278768	0.5692589512691039	trans
Hao1	LOCAL	42.24367477	0.9191700035357986	cis
Arfrp1	DISTANT	20.58167813	0.6415867537597703	trans
Pcyox1	DISTANT	16.70876545	0.5780789816279434	trans
Xrcc4	DISTANT	26.96118088	0.734318471509467	trans
Dpp3	DISTANT	16.26509768	0.5703524818916808	trans
Pecr	DISTANT	16.84927895	0.5805045899904668	trans
Hp	DISTANT	16.19022906	0.5690382950206427	trans
Rbbp9	LOCAL	41.5178797	0.9112395919844573	cis
Taok3	DISTANT	17.73352545	0.5955421974973729	trans
Alox5ap	DISTANT	24.94551705	0.7063358556664103	trans
Pigs	DISTANT	16.38509889	0.5724525987363495	trans
Cst3	LOCAL	17.77744423	0.5962792002074196	cis
Cand1	DISTANT	17.36041355	0.5892438128652688	trans
Apmap	LOCAL	27.78667539	0.7454753569367669	cis
Psmf1	LOCAL	46.40398068	0.9633688876022517	cis
Slc9a8	DISTANT	22.37111658	0.6688963534061163	trans
Eif2s2	LOCAL	23.34575076	0.6833117994005372	cis
Gstt1	DISTANT	19.74284842	0.6283764543647383	trans
H13	LOCAL	18.47084118	0.6077966959436354	cis
Eif2s3x	DISTANT	17.80210885	0.5966926989665619	trans
Bcl2l1	LOCAL	19.5288747	0.6249619940444379	cis
Pofut1	LOCAL	17.81333876	0.5968808718664051	cis
Eif2s1	DISTANT	16.19390238	0.5691028444841933	trans
Itch	LOCAL	20.69928566	0.6434172154986219	cis
Pigu	LOCAL	19.09016088	0.6179022718844784	cis
Arl6	DISTANT	27.97438022	0.7479890402940407	trans
Cpne1	LOCAL	49.39761574	0.9939579039375863	cis
Pigt	LOCAL	18.17203975	0.6028605104002086	cis
Plcg1	LOCAL	17.58119189	0.5929787836002229	cis
Manbal	LOCAL	54.91256288	1.0479748363391175	cis
Ndrg3	LOCAL	32.29733617	0.8037081083328699	cis
Wdr77	DISTANT	21.84964363	0.6610543643301964	trans
Ctsd	DISTANT	16.91691349	0.5816685222702016	trans
Tomm34	LOCAL	18.59958707	0.6099112569874408	cis
Ada	LOCAL	40.73185188	0.9025724555956713	cis
Rnf114	LOCAL	18.37571242	0.6062295344174514	cis
Gm20716	LOCAL	27.06233566	0.7356947146745041	cis
Mocs3	LOCAL	20.45427308	0.6395978905531193	cis
Atp9b	DISTANT	18.41827995	0.6069312967708949	trans
Rnaset2b	DISTANT	18.1760434	0.6029269176276674	trans
Atp9a	LOCAL	40.68401006	0.9020422391440436	cis
Reln	DISTANT	28.38503084	0.7534591009470919	trans
Nudt14	DISTANT	18.64599141	0.6106716205948988	trans
Rtfdc1	LOCAL	20.75270456	0.6442469178816458	cis
Fam210b	LOCAL	20.7528992	0.6442499390764427	cis
Ctsb	DISTANT	17.0459181	0.5838821473550977	trans
Hspa1b	DISTANT	17.81386613	0.5968897072324166	trans
Rab22a	LOCAL	27.41766751	0.74050884545696	cis
Ctsz	LOCAL	19.34356304	0.62198975940123	cis
Clptm1l	DISTANT	17.45655111	0.5908731016047354	trans
Tpd52l2	LOCAL	17.13504121	0.5854065460857096	cis
Tbc1d17	DISTANT	19.39139278	0.6227582641763978	trans
Tpd52	LOCAL	25.79962136	0.7183261287187039	cis
Irf2bpl	DISTANT	19.51580428	0.6247528196014805	trans
Fabp4	LOCAL	25.68678288	0.7167535542988259	cis
Optn	DISTANT	19.97620918	0.6320792542078881	trans
Impa1	LOCAL	36.85074604	0.8584957313813505	cis
Slc10a5	LOCAL	24.76989385	0.7038450660479194	cis
Slc25a22	DISTANT	17.49396109	0.5915058932927042	trans
Car3	LOCAL	17.24004619	0.5871975168544227	cis
2010107G23Rik	DISTANT	27.14825913	0.7368617119921486	trans
Acss3	DISTANT	17.30333217	0.5882742926560705	trans
Cyp7b1	LOCAL	18.54450608	0.6090074889523117	cis
Car1	LOCAL	17.36070196	0.5892487074232747	cis
Hltf	LOCAL	22.74559713	0.6744716025156285	cis
Dnajc19	LOCAL	21.43387786	0.6547347227694588	cis
Mrpl47	LOCAL	17.25889752	0.5875184681352579	cis
Rab35	DISTANT	18.01679136	0.6002797907642735	trans
Acad9	LOCAL	29.63407477	0.7698581008211838	cis
Mccc2	DISTANT	25.79861724	0.7183121499738119	trans
Mccc1	LOCAL	26.18391605	0.7236562174126606	cis
Nudt6	LOCAL	52.12595511	1.021038247177842	cis
Exosc9	LOCAL	18.11808675	0.6019648951558554	cis
Hspa4l	LOCAL	23.25515344	0.6819846543728092	cis
3110057O12Rik	LOCAL	25.1350612	0.709014262197877	cis
D3Ertd751e	LOCAL	36.26242068	0.8516151792916798	cis
Ltn1	DISTANT	16.22394222	0.5696304454644256	trans
Spint2	DISTANT	21.38666558	0.6540132350342767	trans
Rab33b	LOCAL	27.69354434	0.7442250243038055	cis
Alg5	LOCAL	21.95031925	0.6625755692749319	cis
Taok1	DISTANT	16.73771802	0.5785796059316298	trans
Sik3	DISTANT	16.49198472	0.5743167195894614	trans
Spg20	LOCAL	19.59842377	0.6260738577835685	cis
Tm4sf4	LOCAL	42.37682016	0.920617403268046	cis
Commd3	DISTANT	16.18416775	0.5689317665590488	trans
Tlr3	DISTANT	24.04807503	0.6935138791689752	trans
Eif2a	LOCAL	19.80835278	0.6294180292937278	cis
Commd2	LOCAL	18.0553896	0.6009224509036087	cis
Pfn2	LOCAL	56.75149376	1.0653778086669536	cis
E130311K13Rik	LOCAL	19.23665367	0.6202685494203297	cis
Aadac	LOCAL	47.59041218	0.9756066028886848	cis
Mme	LOCAL	28.71002145	0.7577601394900632	cis
Dnajb4	DISTANT	16.73045123	0.5784539952321187	trans
Gfm1	LOCAL	32.9845804	0.8122140161312165	cis
Rarres1	LOCAL	26.49506501	0.7279431984708697	cis
Gpr89	DISTANT	18.40735013	0.6067511867314311	trans
Bche	LOCAL	26.17740272	0.7235662059549216	cis
Golim4	LOCAL	21.7072933	0.6588974624325092	cis
Nadk	DISTANT	17.93330789	0.598887433329503	trans
Trim2	LOCAL	23.77296916	0.6895356286661335	cis
Sh3d19	LOCAL	20.70124611	0.6434476841204729	cis
Cd1d2	LOCAL	30.67570172	0.7832713670242262	cis
Nt5c3	DISTANT	18.11922758	0.6019838466271333	trans
Sema4a	LOCAL	33.96527195	0.8241998780635679	cis
Pklr	LOCAL	21.17445335	0.6507603760217735	cis
Yipf3	DISTANT	20.3232051	0.6375453725030086	trans
Rab13	LOCAL	25.12062828	0.708810669784252	cis
S100a1	LOCAL	21.07302087	0.6491998285582029	cis
S100a13	LOCAL	42.68049129	0.9239100745202424	cis
Cgn	LOCAL	23.86037577	0.690802081207056	cis
Cers2	LOCAL	33.85655039	0.8228797043310766	cis
Cnn1	DISTANT	19.12634892	0.6184876542017634	trans
Tars2	LOCAL	43.61531486	0.9339733921263496	cis
Myh11	DISTANT	18.76298746	0.6125844833163832	trans
Tagln	DISTANT	21.32912522	0.6531328382496168	trans
S100a6	LOCAL	17.16888801	0.5859844368240508	cis
Myl9	DISTANT	20.3395418	0.6378015647519218	trans
Pdzk1	LOCAL	21.26916628	0.6522141715724982	cis
Nova2	DISTANT	17.57901205	0.5929420216176283	trans
Rhbg	LOCAL	16.34810191	0.5718059445301352	cis
Acp6	LOCAL	32.62580398	0.8077846740313906	cis
Fmo5	LOCAL	20.66428155	0.6428729509008759	cis
Hsd3b3	LOCAL	21.68292509	0.6585275254687537	cis
Wars2	LOCAL	38.99306619	0.8830975732046827	cis
Nt5c2	DISTANT	16.26136216	0.5702869831935496	trans
Isoc2a	DISTANT	16.40946639	0.5728781090249478	trans
Mov10	LOCAL	20.45420051	0.6395967559329863	cis
Chi3l3	LOCAL	51.87802369	1.0186071243614978	cis
Dram2	LOCAL	23.94412383	0.6920133500157348	cis
Rhoc	LOCAL	31.28748173	0.7910433835131927	cis
Gnai3	LOCAL	30.79843901	0.7848367857077037	cis
Gstm7	LOCAL	44.42094421	0.9425597509972511	cis
Gstm5	LOCAL	32.01861678	0.8002326759136995	cis
Sike1	LOCAL	26.61272732	0.729557774545649	cis
Gstm3	LOCAL	45.279277	0.9516225827501152	cis
Gstm2	LOCAL	38.17751894	0.8738136979928846	cis
Gstm6	LOCAL	30.52623135	0.7813607534295538	cis
Sars	LOCAL	19.32576133	0.621703487685247	cis
Ampd2	LOCAL	39.04203419	0.8836519019387669	cis
Gstm4	LOCAL	40.92182272	0.9046747782490678	cis
Clcc1	LOCAL	31.48546555	0.7935422553336401	cis
Slc25a24	LOCAL	21.42301887	0.6545688484796691	cis
Agl	LOCAL	18.8699239	0.6143276633849398	cis
Dph5	LOCAL	31.40685403	0.7925509955832496	cis
Rtca	LOCAL	59.30144081	1.0890495012624541	cis
Ctnna1	DISTANT	16.9148321	0.5816327380744657	trans
Prpf38b	LOCAL	19.2332157	0.6202131198225332	cis
Psmd13	DISTANT	17.57721236	0.5929116689693331	trans
Slc35a3	LOCAL	22.89366505	0.6766633586947057	cis
Snx7	LOCAL	44.03955445	0.938504709098468	cis
Snx4	DISTANT	40.7641637	0.9029303815909618	trans
Dpyd	LOCAL	26.2903428	0.725125407084871	cis
Mrps18a	DISTANT	17.29714007	0.5881690245159125	trans
Mrpl18	DISTANT	18.65241969	0.6107768772637026	trans
Tmem56	LOCAL	36.66607679	0.8563419502745384	cis
Ctsb	DISTANT	16.2646276	0.5703442399113013	trans
Gclm	LOCAL	37.07681426	0.8611250113659457	cis
H2-Ab1	DISTANT	20.86720113	0.6460216889547905	trans
Sec24d	LOCAL	31.69812949	0.7962176773973308	cis
Fnbp1l	LOCAL	16.66296608	0.5772861695900916	cis
Casp6	LOCAL	17.80682136	0.5967716709094023	cis
Alg14	LOCAL	21.48433386	0.6555049024988295	cis
Adnp	DISTANT	17.10933416	0.5849672496815527	trans
Coasy	DISTANT	16.44511082	0.5734999707061893	trans
Ap1ar	LOCAL	22.31057346	0.6679906205928343	cis
Camk2d	LOCAL	19.56338858	0.6255140059183327	cis
Tifa	LOCAL	34.55270932	0.831296689756431	cis
Sms	DISTANT	22.83332342	0.6757710177271588	trans
9630033F20Rik	DISTANT	18.61366665	0.6101420596877419	trans
Enpep	LOCAL	43.84753389	0.9364564473588721	cis
C8a	DISTANT	16.11660022	0.5677429034342921	trans
Cfi	LOCAL	16.95115848	0.5822569618304276	cis
Yrdc	DISTANT	25.60017488	0.7155441968180581	trans
Sec24b	LOCAL	22.40798409	0.6694472957597185	cis
Nudcd1	DISTANT	16.62566876	0.5766397273861731	trans
Etnppl	LOCAL	23.79993076	0.689926528842021	cis
Cyp2u1	LOCAL	20.08220638	0.6337539961215235	cis
Endod1	DISTANT	28.00361451	0.7483797767176769	trans
Papss1	LOCAL	34.90510113	0.8355249981897609	cis
Rexo2	DISTANT	19.76469327	0.628723997792354	trans
Cds2	DISTANT	17.7927033	0.5965350501018359	trans
Gspt1	DISTANT	20.44186328	0.639403836084833	trans
Gm5549	LOCAL	23.25167211	0.6819336054191787	cis
Manba	LOCAL	42.16019164	0.9182613096499275	cis
Ppa2	LOCAL	32.2707633	0.8033774119304077	cis
Bdh2	LOCAL	49.15301524	0.9914939761793816	cis
Dtymk	DISTANT	16.49611062	0.5743885552481003	trans
Ptma	DISTANT	21.77804625	0.6599703970633835	trans
Adh1	LOCAL	30.85987157	0.7856191388961956	cis
Adh4	LOCAL	40.52137564	0.9002374757806965	cis
Mrpl38	DISTANT	17.75358539	0.5958789372011735	trans
Rap1gds1	LOCAL	31.34334519	0.7917492682661601	cis
Gbp2b	LOCAL	26.27154	0.7248660565925267	cis
Usp6nl	DISTANT	18.22926248	0.6038089512420298	trans
Postn	DISTANT	22.77107437	0.6748492330883988	trans
Smu1	DISTANT	16.21409021	0.5694574647855624	trans
Clca1	LOCAL	45.42215782	0.9531228443385459	cis
Ctbs	LOCAL	29.36689873	0.7663797848325594	cis
Uox	LOCAL	26.09106742	0.7223720290819683	cis
Cdc27	DISTANT	17.77530953	0.5962433987894541	trans
Exoc8	DISTANT	16.40949253	0.5728785653172931	trans
Fus	DISTANT	16.28723491	0.5707404823560354	trans
Ddx1	DISTANT	16.25494596	0.5701744638266432	trans
Ubqln2	DISTANT	17.8119618	0.5968578021606151	trans
Mogs	DISTANT	18.90592801	0.6149134574881249	trans
Fpgt	LOCAL	52.9177918	1.0287642276051399	cis
Anapc1	DISTANT	17.24262018	0.5872413503832985	trans
Opa3	DISTANT	16.38830885	0.5725086698033489	trans
Ccdc91	DISTANT	17.53360328	0.5921757050065461	trans
Nipsnap1	DISTANT	17.08658402	0.5845782072571641	trans
Tmem242	DISTANT	25.33762747	0.7118655416579736	trans
Tcerg1	DISTANT	17.0485538	0.5839272865691413	trans
Mad2l1	DISTANT	21.51157609	0.655920362391655	trans
Ank3	DISTANT	16.95742524	0.5823645806537344	trans
Asph	LOCAL	28.43164239	0.7540774812975123	cis
Snca	DISTANT	16.31290352	0.5711900475323428	trans
Krt19	DISTANT	17.0010228	0.583112730095991	trans
Entpd1	DISTANT	17.52305428	0.5919975385083962	trans
Impad1	LOCAL	33.32596766	0.8164063652373125	cis
Ndufaf6	LOCAL	27.24918529	0.7382301171044161	cis
Decr1	LOCAL	28.59937462	0.7562985471359839	cis
Atp5s	DISTANT	19.09124508	0.6179198180994036	trans
Rmdn1	LOCAL	27.61374527	0.7431520069272504	cis
Coq6	DISTANT	16.71694004	0.5782203739060048	trans
Rnaseh2c	DISTANT	36.16748642	0.8504996933567937	trans
Rprd1a	DISTANT	26.04952728	0.7217967481223506	trans
Plcl2	DISTANT	23.28549636	0.6824294301977312	trans
Rars2	LOCAL	37.94411087	0.8711384605216326	cis
Slc35a1	LOCAL	23.19777985	0.6811428609330057	cis
Aco1	LOCAL	20.10785145	0.634158520403219	cis
Bag1	LOCAL	18.20123545	0.6033446021967876	cis
Nudt2	LOCAL	37.95436345	0.8712561443111894	cis
AI464131	LOCAL	24.2652917	0.6966389552702318	cis
Galt	LOCAL	20.67301688	0.643008816113745	cis
Hint2	LOCAL	40.0586839	0.8950830564813524	cis
Stoml2	LOCAL	24.82634083	0.7046465898590584	cis
Gne	LOCAL	17.09064912	0.5846477421490653	cis
Grhpr	LOCAL	20.23983742	0.6362363934890868	cis
Gba2	LOCAL	39.62340937	0.8902068228226516	cis
Elp5	DISTANT	22.49527172	0.6707499045098703	trans
Trim14	LOCAL	26.82066022	0.7324023514435218	cis
Tdrd7	LOCAL	26.86033165	0.7329438129897816	cis
Aldh1b1	LOCAL	18.93607833	0.6154035802625786	cis
Nans	LOCAL	41.35482323	0.9094484397699519	cis
Alg2	LOCAL	27.5986077	0.7429482848758721	cis
Acnat1	LOCAL	41.26445982	0.908454289659089	cis
Baat	LOCAL	38.55727534	0.8781489092403406	cis
Nipsnap3b	LOCAL	24.11382435	0.6944612926578414	cis
1300002K09Rik	LOCAL	16.59638864	0.5761317321585403	cis
Tmem38b	LOCAL	28.04668347	0.7489550516553046	cis
Optn	DISTANT	16.98305471	0.5828045077039127	trans
Ncf1	DISTANT	21.68884422	0.6586174036570853	trans
Rad23b	LOCAL	17.88319895	0.5980501475628947	cis
Elp3	DISTANT	29.55196056	0.7687907460421204	trans
Elp2	DISTANT	27.87770133	0.7466954041642415	trans
Ikbkap	LOCAL	55.19472358	1.0506638242558846	cis
Epb4.1l4b	LOCAL	25.43369617	0.7132137992215238	cis
Herc1	DISTANT	19.19885826	0.619658910369245	trans
Ptgr1	LOCAL	31.92021653	0.7990020842275695	cis
Hsdl2	LOCAL	28.52467205	0.7553101621188477	cis
Ptpn3	LOCAL	20.11949616	0.6343421184187599	cis
Mup3	LOCAL	16.36017222	0.5720169966006254	cis
Hdhd3	LOCAL	43.81523244	0.9361114510569776	cis
Alad	LOCAL	51.294161	1.0128589339093574	cis
Fkbp15	LOCAL	43.40739981	0.9317445981598177	cis
Mup13	LOCAL	32.33881053	0.8042239803686534	cis
Snx30	LOCAL	20.04696471	0.6331976738744387	cis
Cd82	DISTANT	18.82170001	0.6135421747524779	trans
Spns1	DISTANT	26.01179042	0.7212737402678681	trans
Orm1	LOCAL	35.38276347	0.841222485077521	cis
Tnc	LOCAL	16.92732176	0.5818474329237864	cis
Med25	DISTANT	32.40910926	0.8050976246393974	trans
Dnajc25	DISTANT	16.61005966	0.5763689731413376	trans
Tmem261	LOCAL	25.86596365	0.7192491035795596	cis
Exosc2	DISTANT	19.22910058	0.6201467661771687	trans
Mpdz	LOCAL	39.19951445	0.8854322611018869	cis
Ttc39b	LOCAL	33.14910961	0.8142371842405626	cis
Exoc4	DISTANT	18.67349848	0.6111218942240574	trans
Car5b	DISTANT	17.83792156	0.5972925842499638	trans
Ppid	DISTANT	16.62508307	0.5766295703482436	trans
Ppil3	DISTANT	17.2581867	0.5875063693271759	trans
Aven	DISTANT	31.9116795	0.7988952309283114	trans
Focad	LOCAL	66.26040748	1.1511768541801037	cis
Mtap	LOCAL	51.36142824	1.0135228486817651	cis
Fggy	LOCAL	40.65837414	0.9017579956950755	cis
Cyp2j5	LOCAL	48.03616254	0.9801649100023934	cis
Cyp2j6	LOCAL	38.97575469	0.8829015198763677	cis
Yeats4	DISTANT	23.10399355	0.6797645702741502	trans
Pgm2	LOCAL	27.19901765	0.737550237610971	cis
Ak4	LOCAL	26.44621878	0.7272718718608605	cis
Alg8	DISTANT	17.81006011	0.5968259396172387	trans
Alg6	LOCAL	18.83857506	0.6138171561629734	cis
Nup155	DISTANT	16.37116548	0.5722091484763242	trans
Oma1	LOCAL	44.44823642	0.9428492606986548	cis
Cradd	DISTANT	29.55211432	0.7687927460635928	trans
Mta2	DISTANT	16.63830454	0.5768588135757311	trans
C8b	LOCAL	31.43414552	0.7928952707640524	cis
Ppp2r5a	DISTANT	16.11584239	0.5677295551580877	trans
Ttc4	LOCAL	40.39891005	0.8988760765533812	cis
Yipf1	LOCAL	31.39069583	0.7923470935139473	cis
Acot11	LOCAL	56.0873661	1.059125734745408	cis
Dio1	LOCAL	21.56814065	0.6567821655617637	cis
Cpt2	LOCAL	23.07708173	0.6793685557928038	cis
Echdc2	LOCAL	21.75717903	0.6596541371051954	cis
Gpx7	LOCAL	38.33608186	0.8756264255948424	cis
Txndc12	LOCAL	19.12948245	0.6185383165172551	cis
Usp24	LOCAL	24.96740221	0.7066456284446965	cis
Nrd1	LOCAL	22.68549983	0.6735799853024138	cis
Eps15	LOCAL	30.52427466	0.7813357109463256	cis
Cdkn2c	LOCAL	21.94589802	0.662508837978785	cis
Ttc39a	LOCAL	37.00904221	0.8603376338391806	cis
Sart3	DISTANT	17.58112851	0.5929777147583204	trans
Sept9	DISTANT	16.85886483	0.5806696966434532	trans
Raver1	DISTANT	18.23224781	0.6038583908500403	trans
Cyp4a32	LOCAL	44.22106482	0.940436758320303	cis
Cyp4a12b	LOCAL	23.25927568	0.6820450964562387	cis
Tmem53	LOCAL	20.68874599	0.643253386932397	cis
Atpaf1	LOCAL	36.32866894	0.8523927374162686	cis
Cyp4b1	LOCAL	18.45173317	0.607482232991221	cis
Toe1	LOCAL	36.06209619	0.8492596327390111	cis
Faah	LOCAL	17.56529732	0.5927106768061463	cis
Cyp4a14	LOCAL	20.22627192	0.6360231429751594	cis
Eri3	LOCAL	26.69979202	0.7307501901470844	cis
Hyi	LOCAL	33.45154892	0.8179431388550185	cis
AU022252	LOCAL	29.45182571	0.767487142693609	cis
Macf1	LOCAL	18.11731322	0.6019520449338136	cis
Evi5	DISTANT	28.32766915	0.7526974046720236	trans
Ppih	LOCAL	23.24059415	0.6817711368193875	cis
Pithd1	DISTANT	16.71758004	0.5782314422443664	trans
Hars	DISTANT	17.90728705	0.5984527892824963	trans
Nsun4	LOCAL	19.04916801	0.6172384953970386	cis
Inpp5b	LOCAL	21.09871264	0.6495954531860579	cis
Zmpste24	LOCAL	18.23091119	0.6038362557846291	cis
Rps25	DISTANT	16.74050624	0.578627794700531	trans
Eif2b3	LOCAL	20.3998214	0.6387459808092729	cis
Cgn	DISTANT	16.51635307	0.5747408645641965	trans
Stt3a	DISTANT	16.76418287	0.5790368359612366	trans
Snd1	DISTANT	17.0087296	0.5832448816749274	trans
Rps2	DISTANT	16.13912297	0.5681394717848778	trans
Rpusd3	DISTANT	16.7108372	0.5781148190454903	trans
Rpn2	DISTANT	23.84018691	0.690509766911374	trans
Cpeb4	DISTANT	17.8933682	0.5982201634849832	trans
Rps18	DISTANT	16.52388366	0.5748718754644377	trans
Rpl11	DISTANT	17.1517683	0.5856922109777456	trans
Smap2	LOCAL	19.76116605	0.6286678940426336	cis
Sec11a	DISTANT	18.22901102	0.6038047866653593	trans
Rpn1	DISTANT	19.30750253	0.621409728440101	trans
Ppcs	LOCAL	19.66644581	0.6271594025445205	cis
Rpl18a	DISTANT	20.00697868	0.6325658650290893	trans
Abhd4	DISTANT	17.52825513	0.5920853845519243	trans
Rps16	DISTANT	17.32681259	0.5886732980185189	trans
Rpap3	DISTANT	16.17349646	0.5687441684975768	trans
Gnb2l1	DISTANT	16.75734032	0.5789186526620126	trans
Pabpc4	LOCAL	22.84169066	0.6758948240665851	cis
Rpl32	DISTANT	16.61975359	0.5765371382660444	trans
Lancl1	DISTANT	16.24667742	0.5700294276614147	trans
Bbox1	DISTANT	16.56911286	0.5756581079078101	trans
Adprhl2	LOCAL	16.52448297	0.5748823004754974	cis
Ago3	LOCAL	29.03959762	0.7620970754438046	cis
Eral1	DISTANT	23.71244081	0.6886572559699056	trans
Parva	DISTANT	16.89666994	0.5813203925547425	trans
Smim12	LOCAL	22.98774466	0.6780522791053799	cis
Dscr3	DISTANT	18.49537274	0.6082001765866235	trans
Yars	LOCAL	29.49549401	0.7680559095534647	cis
Zbtb8os	LOCAL	16.21576658	0.5694869020442876	cis
Ube2b	DISTANT	23.13393839	0.6802049454392404	trans
Trnau1ap	LOCAL	35.34717445	0.8407993155325473	cis
Mecr	LOCAL	17.61984689	0.5936303039771471	cis
Rcc1	LOCAL	21.45936255	0.6551238440172973	cis
Cep170b	DISTANT	16.69451141	0.5778323530229161	trans
Nudc	LOCAL	26.05966137	0.7219371353518255	cis
Rps6ka1	LOCAL	22.54172021	0.671442033387842	cis
Trim25	DISTANT	16.74334558	0.5786768628517992	trans
Rps23	DISTANT	19.34291855	0.6219793975687619	trans
Fuca1	LOCAL	23.52292658	0.6858997970549343	cis
Tcea3	LOCAL	39.30139221	0.8865821136251284	cis
Slc35a3	DISTANT	18.44471318	0.6073666632274116	trans
Cda	LOCAL	18.76901449	0.612682862335809	cis
Eif4g3	LOCAL	32.73150844	0.8090921880725336	cis
Akr7a5	LOCAL	29.09645185	0.7628427341202116	cis
Aldh4a1	LOCAL	28.79276045	0.7588512429982572	cis
Klhdc7a	LOCAL	20.04193308	0.6331182050770614	cis
Oplah	DISTANT	16.41240037	0.5729293214699349	trans
Agmat	LOCAL	30.84716277	0.7854573542847505	cis
Tmem82	LOCAL	35.95996372	0.8480561740828257	cis
Tmem51	LOCAL	26.10673122	0.7225888349538762	cis
Mfn2	LOCAL	18.32879366	0.6054550959402356	cis
Akr1e1	DISTANT	41.21369997	0.9078953680903984	trans
Cul1	DISTANT	20.73943243	0.6440408749450612	trans
Fbxo6	LOCAL	38.84215148	0.8813869919621006	cis
Pex14	LOCAL	22.43551726	0.6698584516149662	cis
Vps13d	LOCAL	18.52477356	0.6086833915920492	cis
Masp2	LOCAL	25.41607289	0.7129666596693003	cis
Pgd	LOCAL	23.57887322	0.6867149804686075	cis
Dffa	LOCAL	25.58170293	0.7152859977659286	cis
Atp6v1a	DISTANT	18.97049384	0.6159625611999483	trans
Lzic	LOCAL	17.59393203	0.5931935945372303	cis
Park7	LOCAL	26.42606639	0.7269947233646197	cis
Krt20	DISTANT	16.61169875	0.5763974106465087	trans
Nck1	DISTANT	16.58586851	0.5759491038277601	trans
A430005L14Rik	LOCAL	23.97570646	0.6924695872022106	cis
Pnpla8	DISTANT	16.2348181	0.5698213421766509	trans
Lrrc47	LOCAL	24.65546331	0.7022173924077927	cis
Fundc2	DISTANT	17.34666178	0.5890103866656343	trans
Cryz	DISTANT	17.45774597	0.5908933231980202	trans
Eefsec	DISTANT	16.19405944	0.5691056042598772	trans
Arhgef16	LOCAL	38.84620673	0.8814330006302237	cis
Fam213b	LOCAL	44.319026	0.9414778382946675	cis
Pank4	LOCAL	17.29654115	0.5881588416405895	cis
Atad3a	LOCAL	22.20517928	0.6664109734990863	cis
Nadk	LOCAL	16.92490877	0.5818059602651042	cis
Pusl1	LOCAL	40.86817199	0.9040815448840884	cis
Gltpd1	LOCAL	42.48898849	0.9218350013966707	cis
Steap4	LOCAL	27.67917108	0.7440318686723035	cis
Slc25a40	LOCAL	30.06966614	0.7754955337073193	cis
Kti12	DISTANT	18.65146908	0.6107613131166708	trans
Arhgef7	DISTANT	16.86506498	0.5807764626773368	trans
Crot	LOCAL	25.39976922	0.7127379493193835	cis
Pgk1-rs7	DISTANT	17.91093253	0.598513701263388	trans
Abcd4	DISTANT	18.47286284	0.6078299571426207	trans
Tmem167	DISTANT	20.29265802	0.6370660565435895	trans
Cacna2d1	LOCAL	30.2102458	0.7773061919218192	cis
Atp6v1b2	DISTANT	17.2364687	0.5871365888786015	trans
Pank4	DISTANT	16.85346869	0.5805767596106479	trans
Dnajc2	LOCAL	18.18003283	0.6029930817181902	cis
Slc38a4	DISTANT	16.83048369	0.5801807251193373	trans
Fam185a	LOCAL	40.32554888	0.8980595623899341	cis
Rint1	LOCAL	20.44086152	0.6393881687988916	cis
Nub1	LOCAL	17.88561812	0.5980905971506324	cis
Nbas	DISTANT	16.56407649	0.5755706123491713	trans
Armc10	LOCAL	33.80206326	0.8222172858800768	cis
Agap3	LOCAL	24.95959826	0.7065351832711517	cis
Pus7	LOCAL	37.44102514	0.8653441528085806	cis
Zw10	DISTANT	19.24698084	0.6204350222223114	trans
Ppm1k	DISTANT	18.0695643	0.6011582869760675	trans
Nos3	LOCAL	53.94496812	1.0387008050444555	cis
Wbp2	DISTANT	16.96739055	0.582535673585747	trans
B3gat3	DISTANT	19.66586754	0.6271501820138459	trans
Arpc3	DISTANT	17.0585641	0.5840986920033292	trans
Qdpr	DISTANT	19.01388468	0.6166665984144106	trans
Metap2	DISTANT	16.11042753	0.5676341696903032	trans
Preb	LOCAL	18.58641788	0.6096952989813846	cis
Mpv17	LOCAL	28.10487613	0.7497316337196931	cis
Slc4a1ap	LOCAL	26.68766525	0.7305842217020567	cis
Rbks	LOCAL	34.31524409	0.8284352007248365	cis
Gnai3	DISTANT	17.31536435	0.5884787906118623	trans
Pisd	LOCAL	32.68617852	0.8085317374104741	cis
Arpp19	DISTANT	20.22580193	0.6360157534212497	trans
Htt	LOCAL	26.20424793	0.7239371233746754	cis
Acox3	LOCAL	39.05218313	0.8837667467154442	cis
Scamp5	DISTANT	27.57226011	0.7425935646098746	trans
Wfs1	LOCAL	23.64328913	0.6876523704605402	cis
Dnajc28	DISTANT	18.69062119	0.611402014880553	trans
Man2b2	LOCAL	18.65053748	0.6107460598317438	cis
Slc2a9	LOCAL	17.52018786	0.59194911707004	cis
Frmd8	DISTANT	20.76537021	0.644443484100817	trans
Serpinc1	DISTANT	16.48360446	0.5741707840007187	trans
Lap3	LOCAL	18.89590863	0.6147504962177746	cis
Rnf126	DISTANT	25.35663424	0.712132491043626	trans
Bcap31	DISTANT	16.27202459	0.5704739185975114	trans
Tapt1	LOCAL	27.78607301	0.7454672764112453	cis
Cars2	DISTANT	20.00260164	0.6324966662362735	trans
Epb4.1	DISTANT	17.4365658	0.5905347712031866	trans
Sod3	LOCAL	16.8301215	0.5801744823757763	cis
Paip1	DISTANT	16.44211567	0.5734477425188802	trans
Slc34a2	LOCAL	39.25013265	0.8860037545067176	cis
Dak	DISTANT	16.78888288	0.5794632495680809	trans
Smim20	LOCAL	19.48466178	0.6242541434383916	cis
Zc3hc1	DISTANT	20.40739044	0.6388644682559831	trans
Pgm1	LOCAL	17.37368665	0.5894690263279319	cis
Nab1	DISTANT	31.32009388	0.7914555436662252	trans
N4bp2	LOCAL	22.35890084	0.6687137031645157	cis
Ndufs6	DISTANT	17.23479844	0.5871081406350963	trans
Atg4a	DISTANT	24.57392413	0.7010552635848333	trans
Ugdh	LOCAL	18.17182935	0.6028570203622082	cis
Lias	LOCAL	22.93573138	0.6772847463216635	cis
Trip12	DISTANT	19.78134088	0.6289887261310809	trans
Nr1h3	DISTANT	29.13272317	0.7633180617540763	trans
Gnpda2	LOCAL	37.16042492	0.8620954114249767	cis
Guf1	LOCAL	27.60210588	0.7429953684916212	cis
Commd8	LOCAL	47.8641119	0.978408012027702	cis
Ociad1	LOCAL	25.7307849	0.7173671988598308	cis
Ociad2	LOCAL	23.53784528	0.6861172681109258	cis
Tec	LOCAL	22.59202613	0.6721908379322051	cis
Srd5a3	LOCAL	41.48864481	0.9109187099845957	cis
Rnf31	DISTANT	18.96550165	0.6158815088959888	trans
Vti1a	DISTANT	16.24953492	0.5700795544483243	trans
Ppat	LOCAL	30.88049643	0.7858816250555805	cis
Paics	LOCAL	26.60603997	0.7294661057239055	cis
Plbd2	DISTANT	16.18728349	0.5689865286630256	trans
Ugt2b34	LOCAL	24.43403065	0.6990569454629573	cis
Sult1d1	LOCAL	29.16848046	0.7637863635860489	cis
Ugt2b35	LOCAL	32.93044512	0.8115472274612242	cis
Ugt2b1	LOCAL	22.86936028	0.6763040777638414	cis
Sult1b1	LOCAL	28.87837101	0.7599785656187943	cis
Grsf1	LOCAL	22.16857103	0.6658614124575774	cis
Rufy3	LOCAL	23.79827293	0.6899024993432042	cis
4932438A13Rik	DISTANT	47.19093278	0.9715032967519975	trans
Cox18	LOCAL	58.4342414	1.0810572732283892	cis
Afm	LOCAL	18.58460081	0.6096654953333016	cis
Stk4	DISTANT	20.4411697	0.6393929887010023	trans
Sept8	DISTANT	18.19823951	0.6032949446166443	trans
Pttg1ip	DISTANT	21.43245889	0.6547130499692213	trans
Sept6	DISTANT	27.49872752	0.7416026903942569	trans
Dnajc5	DISTANT	19.67282405	0.6272610947603876	trans
Psme3	DISTANT	18.38921756	0.6064522662172184	trans
Pkd2	LOCAL	22.25390661	0.6671417631957993	cis
Gbp9	LOCAL	25.0576185	0.7079211608646827	cis
Sept11	LOCAL	28.11995302	0.7499327039141579	cis
Oxct1	DISTANT	16.42892589	0.5732176879685413	trans
Enoph1	LOCAL	21.44728411	0.6549394492622963	cis
Wdfy3	LOCAL	28.68211958	0.7573918349176997	cis
Chp1	DISTANT	19.26282143	0.6206902839581107	trans
Traf2	DISTANT	27.90055009	0.7470013398917033	trans
Agpat9	LOCAL	23.11324485	0.6799006523014962	cis
Nudt9	LOCAL	27.74448487	0.7449091873510489	cis
Hsd17b13	LOCAL	22.05496683	0.6641530972599616	cis
Hsd17b11	LOCAL	21.83515518	0.6608351561471287	cis
Gbp8	LOCAL	57.25134866	1.0700593316260552	cis
Gbp6	LOCAL	20.77518459	0.6445957584409007	cis
Gbp11	LOCAL	48.03912741	0.9801951582210555	cis
Evi5	LOCAL	29.67488715	0.7703880470256532	cis
Glmn	LOCAL	18.01938049	0.6003229212682121	cis
Evi5	LOCAL	42.12890639	0.9179205454722102	cis
Idua	LOCAL	34.7862036	0.8341007565036732	cis
Gchfr	DISTANT	16.86074477	0.5807020711173674	trans
Timm22	DISTANT	18.08334108	0.60138741390222	trans
Hscb	LOCAL	37.07360367	0.8610877268896591	cis
Pus1	LOCAL	18.58902727	0.6097380957427542	cis
2210016L21Rik	LOCAL	33.20172943	0.8148831748171023	cis
Ankle2	LOCAL	24.07112613	0.693846180792256	cis
Ttc36	DISTANT	16.28017755	0.5706168162611404	trans
2900026A02Rik	LOCAL	22.44392534	0.6699839601065088	cis
Elp4	DISTANT	17.44840294	0.5907351850025526	trans
Palld	DISTANT	18.56095439	0.6092775129610479	trans
Gltp	LOCAL	28.14680098	0.7502906234253497	cis
Acads	LOCAL	31.30198097	0.7912266548846797	cis
Hspb1	DISTANT	16.29935715	0.5709528378071169	trans
Gm8730	DISTANT	38.00778464	0.8718690800802606	trans
Tagln2	DISTANT	16.78787107	0.57944578814588	trans
Tpm1	DISTANT	17.60652568	0.5934058590880276	trans
Sirt4	LOCAL	23.91590179	0.6916054046925891	cis
Grb2	DISTANT	16.84194029	0.5803781575834845	trans
Pebp1	LOCAL	50.79195309	1.0078884173359668	cis
Acta2	DISTANT	26.7070795	0.7308499093521186	trans
Mccc1	DISTANT	20.03374161	0.6329888089058131	trans
Mccc2	DISTANT	16.84602407	0.5804485174414695	trans
Prkab1	LOCAL	17.20295152	0.5865654527842566	cis
Tpcn1	LOCAL	23.10344447	0.6797564927236812	cis
Erp29	LOCAL	31.92320913	0.7990395375699503	cis
Gm15800	LOCAL	22.12526173	0.6652106693371657	cis
Naa25	LOCAL	22.8101474	0.6754279739542922	cis
Brap	LOCAL	34.74090882	0.8335575423448581	cis
Acad12	LOCAL	57.94327663	1.0765061693274218	cis
Acad10	LOCAL	30.42608469	0.7800780049456593	cis
P2rx4	LOCAL	21.93730926	0.6623791853613759	cis
Clip1	LOCAL	23.15024129	0.6804445795213597	cis
Nat10	DISTANT	17.16366099	0.5858952293712588	trans
Skiv2l2	DISTANT	16.7090789	0.5780844038719606	trans
Diablo	LOCAL	24.56440994	0.7009195380355723	cis
Zcchc8	LOCAL	18.00443587	0.60007392661238	cis
Psmd9	LOCAL	40.39030937	0.8987803888603711	cis
Naa20	DISTANT	16.77988302	0.5793079150158402	trans
Trafd1	LOCAL	19.27443263	0.6208773249201488	cis
Vps37b	LOCAL	39.89654281	0.8932697555609952	cis
2810006K23Rik	LOCAL	21.09280243	0.6495044638799644	cis
Hip1r	LOCAL	21.66711385	0.6582873817718216	cis
Bri3bp	LOCAL	29.20913234	0.7643184197701898	cis
Pitpnm2	LOCAL	19.78802457	0.6290949780438563	cis
Nbr1	DISTANT	21.98605232	0.6631146555460827	trans
Nat9	DISTANT	17.84087526	0.5973420336791979	trans
Glt1d1	LOCAL	24.32386457	0.6974792408380338	cis
Ralgapb	DISTANT	18.52864157	0.6087469354337647	trans
Cct2	DISTANT	25.56663737	0.7150753438624492	trans
Cct3	DISTANT	26.03423823	0.7215848977078165	trans
Cct5	DISTANT	25.26058135	0.7107824048188025	trans
Cct6a	LOCAL	28.36170422	0.7531494436033264	cis
Gusb	LOCAL	36.28385312	0.8518668102467662	cis
Sumf2	LOCAL	39.22361211	0.8857043763017094	cis
Psph	LOCAL	17.04399623	0.58384923105199	cis
Gbas	LOCAL	19.66429608	0.6271251243571733	cis
Tpst1	LOCAL	29.10180987	0.762912968430869	cis
Cct4	DISTANT	23.31441071	0.6828529960394111	trans
Cct7	DISTANT	30.41243355	0.7799029881978912	trans
Naalad2	DISTANT	20.32260887	0.6375360204725691	trans
Cct8	DISTANT	25.40592088	0.7128242543572714	trans
Tcp1	DISTANT	22.10355352	0.6648842533855047	trans
Srsf6	DISTANT	16.51580449	0.574731319661631	trans
Wbscr27	LOCAL	36.27227694	0.8517309075054162	cis
Tbl2	LOCAL	29.11096758	0.7630329950926107	cis
Abhd11	LOCAL	17.09801304	0.5847736834023912	cis
Tmem120a	LOCAL	18.29498808	0.6048964883349878	cis
Plod3	LOCAL	16.79403165	0.5795520968817213	cis
Trim56	LOCAL	17.25368302	0.5874297067734998	cis
Cyp3a13	LOCAL	68.29737215	1.1687375423935007	cis
Nudt1	LOCAL	57.12066646	1.0688373726624645	cis
Sds	DISTANT	19.83253318	0.6298020828800107	trans
Cbll1	DISTANT	20.85891472	0.6458934079242488	trans
Cyp3a25	LOCAL	34.7333442	0.8334667863808372	cis
Cyp3a41b	LOCAL	16.93496865	0.5819788423989312	cis
Urad	LOCAL	38.71181781	0.8799070156556317	cis
Habp4	DISTANT	16.32590965	0.5714177044859566	trans
Wipi1	DISTANT	18.91736535	0.6150994285479381	trans
Gpr89	DISTANT	18.56901837	0.6094098517418306	trans
Alox5ap	LOCAL	29.2582002	0.7649601322944877	cis
Lsmd1	DISTANT	22.31339662	0.6680328827235976	trans
Pon2	LOCAL	32.01716484	0.8002145317350842	cis
Pon3	LOCAL	44.89872174	0.9476151301029337	cis
Acn9	LOCAL	31.95877267	0.7994844922823706	cis
Mios	LOCAL	19.19140539	0.6195386249460157	cis
Tmem168	LOCAL	22.96041482	0.6776490953288434	cis
Atrn	DISTANT	25.11422264	0.7087202923579936	trans
Met	LOCAL	22.72662131	0.6741902003144217	cis
Pard3	DISTANT	16.88136693	0.5810570872126077	trans
Cd302	DISTANT	20.69859881	0.6434065403770776	trans
Rnase4	DISTANT	16.92828076	0.5818639146742132	trans
Akr1b10	LOCAL	20.72577121	0.6438287227205696	cis
Akr1b3	LOCAL	24.27619565	0.6967954599450258	cis
Pgam2	DISTANT	16.42966466	0.5732305759465383	trans
Agk	LOCAL	24.65044122	0.7021458711692322	cis
Wdr91	LOCAL	26.23760786	0.7243977893395314	cis
Cald1	LOCAL	25.48576831	0.7139435315205258	cis
Wdr81	DISTANT	16.29270108	0.5708362476227311	trans
Parp12	LOCAL	24.93779506	0.7062265225832289	cis
Braf	LOCAL	21.98541026	0.6631049729869322	cis
Fam115c	LOCAL	37.30493612	0.8637700633849266	cis
Gstk1	LOCAL	39.2266258	0.8857384015610931	cis
Pdia4	LOCAL	23.52756286	0.6859673878545539	cis
Gimap4	LOCAL	24.88905787	0.7055360780286151	cis
Rarres2	LOCAL	20.04104442	0.6331041686800047	cis
Tmem176b	LOCAL	38.19596082	0.8740247229912893	cis
Dfna5	LOCAL	46.30644983	0.9623559614820287	cis
Mpp6	LOCAL	18.15984017	0.6026581148545168	cis
Ggct	LOCAL	36.80119638	0.8579183688440294	cis
Gars	LOCAL	19.56329763	0.6255125519124297	cis
Lancl2	LOCAL	16.50754351	0.5745875653022784	cis
Inmt	LOCAL	38.75754048	0.8804264930134713	cis
Wipf3	LOCAL	21.32599366	0.6530848897348644	cis
Strn4	DISTANT	16.6479779	0.5770264794617315	trans
Nt5c3	LOCAL	35.83510081	0.8465825513203068	cis
Fkbp9	LOCAL	21.55075864	0.656517458107551	cis
Cct2	DISTANT	17.2716874	0.5877361210611443	trans
Tle3	DISTANT	26.72152244	0.7310475010558479	trans
Suclg1	LOCAL	17.1610607	0.5858508462057557	cis
Capg	LOCAL	22.74596525	0.6744770603956817	cis
Plekhf1	DISTANT	19.4723631	0.6240570983491814	trans
Thnsl2	LOCAL	51.93473888	1.0191637638770326	cis
Vamp5	LOCAL	22.99599647	0.678173966914095	cis
Tgoln1	LOCAL	32.50697434	0.8063122762304937	cis
Ggcx	LOCAL	28.75400006	0.758340293799558	cis
Rnf181	LOCAL	31.84997541	0.7981224894713843	cis
Lrrc59	DISTANT	17.07659086	0.5844072357526042	trans
Retsat	LOCAL	17.71048747	0.5951552313472511	cis
Chmp3	LOCAL	18.94466495	0.6155430927238157	cis
Immt	LOCAL	17.59006556	0.5931284103800795	cis
Actr1a	DISTANT	17.49150375	0.5914643480379862	trans
Yars2	DISTANT	17.19395244	0.5864120128373906	trans
Samm50	DISTANT	19.47559681	0.6241089137322107	trans
Cnot4	DISTANT	21.29144408	0.6525556540250035	trans
Mprip	DISTANT	18.9243181	0.6152124527348256	trans
Supv3l1	DISTANT	17.6330637	0.5938529060297676	trans
Fam129a	DISTANT	17.34069077	0.5889090043461722	trans
Serpinh1	DISTANT	18.9068638	0.6149286755388791	trans
Htra2	LOCAL	23.10602119	0.6797943981822739	cis
Dctn2	DISTANT	18.40515461	0.6067150008035074	trans
Nagk	LOCAL	46.38029906	0.963123035338684	cis
Mogs	LOCAL	18.55424934	0.6091674538253008	cis
Dysf	LOCAL	23.74988041	0.6892007024082317	cis
Dctn1	LOCAL	21.0804874	0.6493148296473753	cis
Cml5	LOCAL	18.37753489	0.6062595960477657	cis
Cml2	LOCAL	25.11886068	0.7087857317976992	cis
Gm4477	LOCAL	25.62010048	0.7158226104280306	cis
Myof	DISTANT	22.12651385	0.6652294919800233	trans
Nat8	LOCAL	29.55160626	0.7687861374920857	cis
Cml1	LOCAL	27.456136	0.7410281506123773	cis
Smyd5	LOCAL	31.6614137	0.7957564162480878	cis
Anxa4	LOCAL	34.14574098	0.8263866041992695	cis
Spr	LOCAL	19.99484845	0.6323740736304738	cis
Tpm1	DISTANT	19.39138586	0.6227581530578303	trans
Aldh1l1	LOCAL	21.39314478	0.6541122958636384	cis
Eefsec	LOCAL	20.67689305	0.6430690950434487	cis
Ppp1r9b	DISTANT	23.70393254	0.6885336961979421	trans
Nup210	LOCAL	23.32166346	0.6829592002455198	cis
Ctage5	DISTANT	16.8254548	0.5800940406520309	trans
Rer1	DISTANT	17.86799442	0.5977958584667512	trans
Magi1	LOCAL	40.62992173	0.9014424189042803	cis
Slc25a26	LOCAL	26.27265384	0.7248814225788932	cis
Suclg2	LOCAL	32.18802511	0.8023468714963622	cis
Zadh2	DISTANT	16.28539322	0.5707082130125691	trans
Cotl1	DISTANT	18.47248841	0.6078237970004137	trans
Eogt	LOCAL	36.42984203	0.8535788426384525	cis
Dock1	DISTANT	18.01474851	0.600245758169102	trans
Trnt1	LOCAL	25.68749862	0.7167635400883613	cis
Gabarapl1	DISTANT	16.37920124	0.572349565213428	trans
Lmnb2	DISTANT	16.14965501	0.5683248192715148	trans
Cdc40	DISTANT	16.55085373	0.5753408334196348	trans
Rpusd3	LOCAL	29.46226318	0.7676231260195332	cis
Camk1	LOCAL	24.76305058	0.7037478323945304	cis
Atg7	LOCAL	28.16748648	0.7505662726235439	cis
Tamm41	LOCAL	23.56332442	0.6864885202244827	cis
Ssr3	DISTANT	17.51970484	0.5919409571908334	trans
Cxcl12	LOCAL	21.68690792	0.658588003534835	cis
Med23	DISTANT	18.62943497	0.6104004418412555	trans
Bid	LOCAL	39.09188967	0.8842159201235861	cis
Fyn	DISTANT	17.09516104	0.5847249103638394	trans
Slc6a12	LOCAL	25.9533466	0.7204629983559183	cis
Mug2	LOCAL	50.67757413	1.0067529401993323	cis
Necap1	LOCAL	21.55279357	0.6565484532005235	cis
Pex5	LOCAL	17.23767416	0.5871571196877374	cis
C1s	LOCAL	21.8953119	0.6617448435764347	cis
Lpcat3	LOCAL	18.17180536	0.6028566224236075	cis
Tapbpl	LOCAL	20.92000715	0.6468385756894838	cis
Cox20	DISTANT	20.98978364	0.6479164088059508	trans
Esyt2	DISTANT	16.66627783	0.5773435343017188	trans
9630033F20Rik	LOCAL	42.02340604	0.9167704842543744	cis
Ttc7b	DISTANT	16.66330757	0.577292084996841	trans
Fbxw9	DISTANT	19.85101783	0.6300955138707147	trans
Kptn	DISTANT	27.39229412	0.7401661181113331	trans
Itfg2	LOCAL	26.99634247	0.7347971484702428	cis
Cox7a2	DISTANT	16.23713803	0.5698620540095647	trans
Tspan9	LOCAL	21.34639161	0.6533971473766931	cis
Tspan8	DISTANT	24.03610317	0.6933412315736026	trans
Clec2d	LOCAL	43.54230972	0.9331914028751015	cis
Loh12cr1	LOCAL	30.40849503	0.7798524864357361	cis
Ddx47	LOCAL	25.74301203	0.7175376231250874	cis
2310045N01Rik	DISTANT	30.09282246	0.7757940765435116	trans
Fbln1	DISTANT	17.37455461	0.589483750581812	trans
Hebp1	LOCAL	44.60357937	0.9444954141762679	cis
Sorbs2	DISTANT	16.11400985	0.5676972758433847	trans
Cmpk2	DISTANT	19.21622544	0.6199391170106948	trans
Ylpm1	DISTANT	16.12987937	0.5679767489959426	trans
Plbd1	LOCAL	33.80229766	0.8222201367030608	cis
Arhgdib	LOCAL	21.8180871	0.6605768252065766	cis
Sec31a	DISTANT	18.81179791	0.6133807611916109	trans
Plekho2	DISTANT	19.09004903	0.6179004617250258	trans
Sec24d	DISTANT	17.44319683	0.5906470490910795	trans
Pik3c2g	LOCAL	35.66089835	0.844522330669829	cis
Clptm1	DISTANT	16.63266368	0.5767610194872743	trans
Plekha5	LOCAL	32.65539927	0.8081509669610004	cis
Slco1a1	LOCAL	16.44257843	0.5734558122471164	cis
Gys2	LOCAL	17.25824067	0.5875072879547963	cis
Slco1a6	LOCAL	27.2970403	0.7388780724855759	cis
Slco1a4	LOCAL	18.15116136	0.6025140887979301	cis
Recql	LOCAL	34.89978662	0.8354613889342822	cis
Ldhb	LOCAL	27.84152841	0.7462108068099791	cis
Cmas	LOCAL	33.49592035	0.8184854348123733	cis
Lyrm5	LOCAL	20.62700076	0.6422927799687617	cis
Prpf19	DISTANT	18.2190647	0.6036400367768858	trans
Tm7sf3	LOCAL	43.04836486	0.9278832346798814	cis
Ppfibp1	LOCAL	42.03154733	0.9168592839689197	cis
Stk38l	LOCAL	17.87632421	0.5979351839455511	cis
Ccdc91	LOCAL	43.73129472	0.9352143574603632	cis
Rdh13	LOCAL	31.82142452	0.797764683600371	cis
Isoc2b	LOCAL	30.82311317	0.7851511086408781	cis
Isoc2a	LOCAL	48.02346285	0.9800353345670757	cis
Mboat7	LOCAL	17.67545575	0.5945663251480023	cis
Gpld1	DISTANT	18.18749491	0.6031168196958199	trans
Slc27a5	LOCAL	30.91106288	0.7862704735649177	cis
Ppp5c	LOCAL	17.16713274	0.585954481849913	cis
St3gal3	DISTANT	16.60189824	0.5762273551299001	trans
Ints10	DISTANT	19.01702015	0.6167174417835124	trans
Gcat	DISTANT	16.37234252	0.5722297182076442	trans
Gm8730	DISTANT	27.60766843	0.7430702312702346	trans
Apoc1	LOCAL	24.77172614	0.7038710981422663	cis
Qpctl	LOCAL	41.88525984	0.9152623650079796	cis
Xrcc1	LOCAL	25.44695951	0.713399740818568	cis
Lig3	DISTANT	17.05674459	0.5840675404437401	trans
Clptm1	LOCAL	17.30445599	0.5882933960193673	cis
Apoc4	LOCAL	21.49651512	0.6556907063547569	cis
Ceacam1	LOCAL	39.11879195	0.8845201179170545	cis
Pafah1b3	LOCAL	47.50244967	0.9747045672407614	cis
Sptbn2	DISTANT	17.33414755	0.5887978863752824	trans
Ceacam2	LOCAL	39.63956524	0.8903882887819224	cis
Cyp2b13	LOCAL	35.2323437	0.8394324713757504	cis
Cyp2b10	LOCAL	37.87876381	0.8703880032491257	cis
Lipe	LOCAL	18.43528466	0.6072114073368516	cis
Irgq	LOCAL	28.84136574	0.7594914843498906	cis
Cyp2a12	LOCAL	34.95603945	0.8361344323731681	cis
Cyp2b9	LOCAL	25.6113908	0.7157009263651962	cis
Rab4b	LOCAL	29.16401979	0.7637279592891699	cis
Cyp2a4	LOCAL	42.50985849	0.922061369866453	cis
Adck4	LOCAL	27.76108207	0.7451319624066599	cis
Pld3	LOCAL	17.52884429	0.5920953350601573	cis
Blvrb	LOCAL	23.03046974	0.6786821014289386	cis
Fam98c	LOCAL	21.62897786	0.6577078053360778	cis
Sirt2	LOCAL	18.36703711	0.6060864147957781	cis
Gmfg	LOCAL	22.29937071	0.667822891341709	cis
Fam98c	LOCAL	21.92245759	0.6621549303599573	cis
Ppp1r14a	LOCAL	18.44235203	0.6073277867840396	cis
2200002D01Rik	LOCAL	28.10167517	0.7496889377601886	cis
Ech1	LOCAL	18.18736755	0.6031147079950878	cis
Tbcb	LOCAL	25.53648663	0.7146535752376811	cis
Ncln	DISTANT	17.45255419	0.590805453427776	trans
Prodh2	LOCAL	42.97252732	0.9270655566894932	cis
Tgfb1i1	DISTANT	26.44106716	0.7272010335526208	trans
Nomo1	DISTANT	16.45643548	0.5736974024692808	trans
Tmem147	LOCAL	17.3516782	0.5890955474284286	cis
Hamp	LOCAL	43.30680882	0.9306643736600214	cis
Gpi1	LOCAL	18.52458696	0.6086803259511515	cis
Nudt19	LOCAL	61.14181499	1.1058192889437224	cis
Rbbp9	DISTANT	16.57344973	0.5757334405781898	trans
Basp1	DISTANT	21.22188413	0.6514888200115179	trans
Nfkbib	LOCAL	27.65009898	0.7436410287228643	cis
1600014C10Rik	LOCAL	18.47082433	0.6077964187127134	cis
Prmt1	LOCAL	18.24137983	0.6040095997581495	cis
Etfb	LOCAL	17.50482343	0.5916895035404971	cis
Mob2	DISTANT	17.44900067	0.5907453033245377	trans
Picalm	DISTANT	17.79198514	0.596523011123628	trans
Sphk2	LOCAL	20.67351478	0.6430165593513125	cis
Aspdh	LOCAL	18.49279306	0.6081577601247887	cis
Dhdh	LOCAL	44.76035217	0.9461538159305811	cis
Tmem63a	DISTANT	28.79763475	0.758915472895368	trans
Rras	LOCAL	31.50409426	0.7937769744707892	cis
Pnkp	LOCAL	16.8495841	0.5805098466003829	cis
Tmem143	LOCAL	52.32104786	1.022947191794376	cis
Abcc6	LOCAL	50.20129934	1.0020109713970202	cis
Abcc3	DISTANT	18.91998747	0.6151420562764344	trans
Saal1	LOCAL	33.83105625	0.8225698298624865	cis
Ldha	LOCAL	21.97632353	0.6629679257701687	cis
Uevld	LOCAL	28.30836835	0.7524409392105137	cis
Nav2	LOCAL	25.8577236	0.7191345298343002	cis
Saa4	LOCAL	21.1354314	0.6501604632704145	cis
Gas2	LOCAL	22.03231163	0.6638118954944993	cis
Sdpr	DISTANT	22.4146844	0.6695473754709221	trans
Cgn	DISTANT	17.22121495	0.58687673237231	trans
Herc2	LOCAL	22.893433	0.6766599293589063	cis
Fam120b	DISTANT	30.57408943	0.7819730101480485	trans
Fxr2	DISTANT	16.26317934	0.5703188466112619	trans
Wdr43	DISTANT	18.04446841	0.6007406829905896	trans
Colec12	DISTANT	17.96943627	0.5994903880797423	trans
Sfswap	DISTANT	17.31301026	0.588438786281122	trans
Cfdp1	DISTANT	17.63373675	0.5938642395362765	trans
Snrnp70	DISTANT	17.12808743	0.5852877485476695	trans
Sbf1	DISTANT	16.24225059	0.5699517626957565	trans
Mpp1	DISTANT	18.03192847	0.600531905397207	trans
Mrps11	LOCAL	31.40547867	0.7925336418096081	cis
Abhd2	LOCAL	21.7284911	0.6592191001480464	cis
Mrpl46	LOCAL	18.83158461	0.6137032607050413	cis
Hddc3	LOCAL	49.32849121	0.9932622132146174	cis
2610034B18Rik	LOCAL	28.77473726	0.7586136995862914	cis
Gdpgp1	LOCAL	28.09800585	0.7496399915959661	cis
Wdr73	LOCAL	29.23593031	0.7646689520308773	cis
Unc45a	LOCAL	19.15535084	0.6189563932943903	cis
Hist1h1a	DISTANT	16.78309801	0.5793634094417769	trans
Hdgfrp3	LOCAL	30.51091844	0.7811647513809107	cis
l7Rn6	LOCAL	20.78362937	0.6447267540594233	cis
3110040N11Rik	LOCAL	33.51233286	0.8186859331880572	cis
Ndufv3	DISTANT	18.64966445	0.6107317651800993	trans
Ddx6	DISTANT	18.28210665	0.6046834982038124	trans
Gm10767	DISTANT	43.195085	0.9294631246047366	trans
Eftud1	LOCAL	29.71868184	0.7709563131591828	cis
Stard5	LOCAL	28.80852946	0.75905901562395	cis
Fah	LOCAL	32.49353237	0.8061455497613318	cis
Mesdc2	LOCAL	21.87683901	0.6614656303996452	cis
Ctsc	LOCAL	20.425867	0.6391536122091465	cis
Tmem160	DISTANT	19.77382257	0.6288691846481269	trans
Nfx1	DISTANT	19.27618494	0.6209055474063668	trans
Prcp	LOCAL	24.55472534	0.7007813544894014	cis
Adssl1	DISTANT	18.2523696	0.6041915193049303	trans
Stk24	DISTANT	18.74215943	0.6122443863360447	trans
Aamdc	LOCAL	23.34519211	0.6833036237281345	cis
Rapgef4	DISTANT	16.30399704	0.5710340977559921	trans
Rab30	LOCAL	30.4359933	0.7802050153645514	cis
Capn5	LOCAL	36.95967549	0.8597636360070133	cis
Mbl1	DISTANT	16.76629195	0.579073258750566	trans
Nars2	LOCAL	31.53888948	0.7942152035814979	cis
Aqp11	LOCAL	39.71541349	0.891239737556624	cis
Trim21	LOCAL	21.0780838	0.6492778111101596	cis
Alg8	LOCAL	38.66288376	0.8793507122871966	cis
Alg6	DISTANT	28.93171785	0.7606801936425057	trans
Trim34a	LOCAL	43.93350252	0.9373740184152748	cis
Hbb-bt	LOCAL	17.42173617	0.590283595740217	cis
Fchsd2	LOCAL	24.5135784	0.7001939502737795	cis
Clns1a	LOCAL	18.47051625	0.6077913498890881	cis
Smpd1	LOCAL	40.07728019	0.8952907928712325	cis
Stim1	LOCAL	22.010218	0.6634789823347835	cis
Gm4070	LOCAL	44.40287944	0.942368075011033	cis
Rrm1	LOCAL	17.71063932	0.5951577827769708	cis
Inppl1	LOCAL	23.92169923	0.6916892254473825	cis
Trim12a	LOCAL	52.59378793	1.0256099446670748	cis
Trim5	LOCAL	49.80456697	0.9980437562552055	cis
Folr2	LOCAL	30.66461195	0.7831297714938439	cis
Hpx	LOCAL	18.31794651	0.6052759124564598	cis
Tpp1	LOCAL	32.63374891	0.8078830225967123	cis
Lyve1	LOCAL	28.50973495	0.7551123750806895	cis
Swap70	LOCAL	33.41526407	0.8174994075838832	cis
Ipo7	LOCAL	18.9914603	0.6163028525002947	cis
Tmem41b	LOCAL	57.77605207	1.0749516460753012	cis
Safb	DISTANT	18.88788901	0.6146200291236854	trans
Aadat	DISTANT	17.08113836	0.5844850444622172	trans
Thumpd1	LOCAL	18.86938028	0.6143188142975926	cis
Pik3c2a	LOCAL	47.09977614	0.9705645381941379	cis
Pde3b	LOCAL	17.3841814	0.5896470367940468	cis
Coq7	LOCAL	21.67711202	0.6584392457926548	cis
Knop1	LOCAL	24.24384475	0.6963310240108508	cis
Bloc1s1	DISTANT	16.53881449	0.57513154130164	trans
Dscr3	DISTANT	16.52721536	0.5749298280659997	trans
Sugp1	DISTANT	19.50626491	0.6246001106307939	trans
Acsm3	LOCAL	37.39780147	0.8648445116898181	cis
Acsm1	LOCAL	22.94412022	0.6774085948672337	cis
Cda	DISTANT	16.61850874	0.5765155460176248	trans
Crym	LOCAL	54.11577607	1.0403439437993571	cis
Tap2	DISTANT	16.23307245	0.5697907063124144	trans
Arhgap17	LOCAL	19.99851439	0.632432042040882	cis
Dalrd3	DISTANT	18.56750148	0.6093849601032175	trans
Atp2a3	DISTANT	20.99361691	0.64797556913822	trans
Gga2	LOCAL	30.96733354	0.7869858135951372	cis
Ears2	LOCAL	48.12651107	0.9810862456481592	cis
Ubfd1	LOCAL	17.15570462	0.585759415118528	cis
Inpp5b	DISTANT	16.16376188	0.5685729835298191	trans
Lyrm1	LOCAL	22.1852816	0.6661123268638707	cis
Fcgr4	DISTANT	28.85270748	0.7596408030115286	trans
Ppcdc	DISTANT	17.84350575	0.5973860686356856	trans
Hspb8	DISTANT	16.51951141	0.574795814354976	trans
BC017158	LOCAL	45.64857926	0.9554954658186505	cis
Qprt	LOCAL	52.60035304	1.025673954431914	cis
Pycard	LOCAL	22.40394835	0.6693870083890185	cis
Bcl7c	LOCAL	24.38909221	0.6984138058486531	cis
Bckdk	LOCAL	28.94329625	0.7608323895576475	cis
Sec23ip	LOCAL	25.20504129	0.7100005815490577	cis
Bag3	LOCAL	20.42026837	0.6390660117703022	cis
Rexo4	DISTANT	17.01366143	0.5833294340250627	trans
Inpp5f	LOCAL	21.1707216	0.650703029038593	cis
Tacc2	LOCAL	25.37470414	0.7123861893664137	cis
Acadsb	LOCAL	32.27734421	0.8034593233014351	cis
Pstk	LOCAL	23.02889517	0.6786589006268171	cis
Bccip	LOCAL	17.00943	0.5832568902293397	cis
Sars2	DISTANT	17.32412445	0.5886276318692489	trans
Rcc1	DISTANT	17.87245681	0.5978705011957021	trans
Glud1	DISTANT	27.47782246	0.7413207465058562	trans
Hdgf	DISTANT	16.65126176	0.577083386695545	trans
Uros	LOCAL	46.57697807	0.9651629714198531	cis
Tm7sf3	DISTANT	29.07181446	0.7625196975816428	trans
Ppa1	DISTANT	19.48927634	0.6243280602375645	trans
Mgmt	LOCAL	19.37648776	0.6225188793924246	cis
Sowahb	DISTANT	29.42541219	0.7671429096328792	trans
Slc25a22	LOCAL	25.85061538	0.719035678947853	cis
Paox	LOCAL	55.54268118	1.0539704092620437	cis
Fuom	LOCAL	43.66730573	0.9345298896236546	cis
Mtg1	LOCAL	24.42021056	0.6988592213028315	cis
Ric8	LOCAL	36.15245909	0.8503229867526809	cis
Sirt3	LOCAL	31.79136497	0.7973877973733985	cis
Rnh1	LOCAL	17.9917656	0.5998627443007275	cis
Nlrp6	LOCAL	37.46323898	0.8656008200088537	cis
Athl1	LOCAL	47.35416034	0.9731820008610927	cis
Chid1	LOCAL	36.2200979	0.8511180634906065	cis
Vps8	DISTANT	17.54300487	0.5923344472508754	trans
Urah	LOCAL	20.21476966	0.6358422706929762	cis
Ap2a2	LOCAL	16.44819897	0.5735538156093114	cis
Ifitm2	LOCAL	18.97591566	0.6160505768197932	cis
Itga9	DISTANT	16.57411679	0.5757450267262411	trans
Cd209b	LOCAL	44.70461861	0.9455645785455374	cis
Pnpla6	LOCAL	20.42857442	0.6391959702626417	cis
Pet100	LOCAL	19.2504662	0.6204911957473692	cis
Pex11g	LOCAL	32.72919428	0.8090635856346521	cis
Tubgcp3	LOCAL	17.33246688	0.5887693415931233	cis
Tubg1	DISTANT	36.09309897	0.8496246108723546	trans
Cars2	LOCAL	20.87967042	0.6462146767135516	cis
Carkd	LOCAL	50.79008941	1.0078699262305628	cis
Cul4a	LOCAL	25.41910715	0.7130092166304725	cis
Tubgcp2	DISTANT	19.92538637	0.6312746845866702	trans
F7	LOCAL	21.57893	0.65694642095075	cis
Rasa3	LOCAL	22.99847309	0.6782104848791414	cis
Wdsub1	DISTANT	31.70071947	0.7962502052746988	trans
Actn4	DISTANT	17.95250731	0.5992079323573746	trans
Dcun1d2	LOCAL	31.95049493	0.7993809471084484	cis
Nek3	LOCAL	47.99709477	0.979766245285068	cis
Vps36	LOCAL	16.15145679	0.568356521736137	cis
Alg11	LOCAL	19.92604247	0.6312850777580601	cis
Epha2	DISTANT	28.72248853	0.7579246470461295	trans
Mrps31	LOCAL	22.05045906	0.664085221338346	cis
Golim4	DISTANT	18.3712242	0.606155494902092	trans
Polb	LOCAL	18.33965678	0.6056344901010839	cis
Slc20a2	LOCAL	16.60338987	0.5762532406850308	cis
Ido2	LOCAL	25.49135251	0.7140217435064565	cis
Hgsnat	LOCAL	21.14483961	0.6503051531396625	cis
Bag4	LOCAL	37.50220623	0.866050878759441	cis
Ddx18	DISTANT	16.46414695	0.5738318037543754	trans
Erlin2	LOCAL	24.2020539	0.6957306073474129	cis
Prosc	LOCAL	37.64501044	0.8676982244997393	cis
Fnta	LOCAL	20.73167719	0.6439204483474648	cis
Smap2	DISTANT	16.62323568	0.5765975317324902	trans
Tacc1	LOCAL	19.11109539	0.6182409787453432	cis
Slc25a45	DISTANT	17.48656557	0.5913808513978112	trans
Pggt1b	DISTANT	20.13488489	0.6345846655884461	trans
Naa40	DISTANT	20.31067595	0.6373488205056945	trans
Gsr	LOCAL	19.06849841	0.6175515915289993	cis
Cbl	DISTANT	28.02118	0.7486144535072777	trans
Atp6v1e1	DISTANT	16.55840622	0.5754720882892583	trans
Cit	DISTANT	31.75709825	0.7969579443107396	trans
Nhp2	DISTANT	16.9187536	0.5817001564380054	trans
Tmem66	LOCAL	22.86751481	0.676276789635723	cis
Mrpl35	DISTANT	17.59958719	0.5932889210157224	trans
Fgl1	LOCAL	16.79073461	0.5794952046393482	cis
Chuk	DISTANT	17.92658835	0.59877522243326	trans
Ftsj3	DISTANT	17.84021225	0.5973309342399739	trans
Msr1	LOCAL	27.07305694	0.7358404302564517	cis
Sorbs2	LOCAL	24.18321377	0.6954597582894354	cis
Ufsp2	LOCAL	16.25754734	0.5702200862824809	cis
Cth	DISTANT	17.55014811	0.5924550296857982	trans
Casp3	LOCAL	16.5397563	0.5751479166266709	cis
Jmy	DISTANT	21.39725	0.6541750530248001	trans
Actn1	DISTANT	19.33767569	0.6218950987103854	trans
Cd47	DISTANT	16.96808306	0.5825475613201038	trans
Anapc4	DISTANT	23.34453495	0.6832940062667021	trans
Magi1	DISTANT	17.44332864	0.590649280707257	trans
Hpgd	LOCAL	19.05611697	0.6173510665739551	cis
Arf6	DISTANT	16.17443041	0.5687605895277906	trans
Exosc3	DISTANT	16.84474524	0.5804264852675144	trans
Atp13a1	LOCAL	17.97360663	0.5995599491293594	cis
Palld	LOCAL	30.16549658	0.7767302824018129	cis
Nat2	LOCAL	46.59517138	0.9653514528916398	cis
Psd3	LOCAL	20.6107334	0.6420394598465113	cis
Mid1ip1	DISTANT	16.74305331	0.5786718121699035	trans
Tm6sf2	LOCAL	24.04313803	0.6934426873217426	cis
Armc6	LOCAL	33.14148497	0.8141435373446134	cis
Mpv17l2	LOCAL	25.54135099	0.7147216379822288	cis
2810428I15Rik	LOCAL	22.59960406	0.6723035632807549	cis
Colgalt1	LOCAL	19.28745625	0.6210870510645026	cis
Pde4c	LOCAL	28.10851412	0.7497801560457572	cis
Slc9a3r2	DISTANT	17.9023613	0.5983704755416999	trans
Prmt10	LOCAL	17.60046279	0.5933036792402353	cis
Txnl4a	DISTANT	17.32727188	0.5886811000873053	trans
Yes1	DISTANT	16.77002224	0.5791376734421617	trans
Tecr	LOCAL	20.68984628	0.6432704917839773	cis
Hook2	LOCAL	26.89954667	0.7334786523137534	cis
Mri1	LOCAL	54.98250065	1.048641985140782	cis
Gipc1	LOCAL	22.78776461	0.6750965058419426	cis
Gcdh	LOCAL	25.23043682	0.7103581747259617	cis
Hgfac	DISTANT	20.16415601	0.6350457622880418	trans
Farsb	DISTANT	21.97277181	0.6629143505763019	trans
Rps6ka1	DISTANT	19.02377883	0.6168270232407138	trans
Zbtb7a	DISTANT	30.05172784	0.7752641851652894	trans
Farsa	LOCAL	22.94585931	0.6774342670695069	cis
Alyref	DISTANT	16.70339083	0.5779860003494894	trans
Ces1c	LOCAL	16.85657091	0.5806301905688336	cis
Ces1e	LOCAL	24.56789295	0.7009692282832393	cis
Ces1b	LOCAL	31.4138098	0.7926387550454495	cis
Ces1g	LOCAL	36.10183228	0.8497273948743798	cis
Dnajb12	DISTANT	16.77638358	0.5792475046126656	trans
Tax1bp3	DISTANT	18.56495134	0.6093431108989417	trans
Ces1f	LOCAL	22.58149131	0.6720340960100165	cis
Ciapin1	LOCAL	33.77976865	0.8219460888647139	cis
Setd6	LOCAL	27.49726545	0.741582975128205	cis
Hint2	DISTANT	16.73697684	0.5785667954523488	trans
Gtpbp8	DISTANT	17.66969178	0.5944693731387682	trans
Ces2e	LOCAL	23.90655791	0.6914702872864459	cis
Ces2h	LOCAL	62.99431102	1.12244653342598	cis
Ces2b	LOCAL	43.87447452	0.9367440901334794	cis
Lcat	LOCAL	16.98904364	0.5829072591759344	cis
Vezt	DISTANT	30.7746307	0.7845333734137765	trans
Smpd3	LOCAL	23.40260475	0.6841433292812259	cis
Tango6	LOCAL	23.81797508	0.6901880190209042	cis
Hsdl2	DISTANT	17.3591394	0.5892221889915552	trans
Sntb2	LOCAL	31.03877714	0.787893103663181	cis
Ces2a	LOCAL	27.4316448	0.7406975739125922	cis
Ces2g	LOCAL	28.24808124	0.7516392916818545	cis
Abhd11	DISTANT	17.65414026	0.5942077121680599	trans
Pdf	LOCAL	32.72158018	0.8089694701285086	cis
Endog	DISTANT	17.7588933	0.5959680075306056	trans
Mrpl28	DISTANT	18.0044815	0.6000746870182078	trans
Nqo1	LOCAL	34.64301229	0.8323822714354265	cis
Vps4a	LOCAL	18.92897812	0.6152881945885197	cis
Dhodh	LOCAL	43.65483044	0.9343963874074	cis
Adat1	LOCAL	46.19543191	0.961201663648165	cis
Ddx19a	LOCAL	22.48265832	0.6705618289166182	cis
Kars	LOCAL	17.56919693	0.5927764659633511	cis
Fuk	LOCAL	20.89743844	0.6464895736204876	cis
Nudt7	LOCAL	23.86492796	0.6908679752311581	cis
Wwox	LOCAL	23.10658888	0.679802749038278	cis
Galk1	DISTANT	19.04590995	0.6171857086809447	trans
Tmed7	DISTANT	17.32289834	0.5886068015237337	trans
Sec16a	DISTANT	21.78181749	0.660027537152807	trans
Gcsh	LOCAL	29.23668025	0.76467875934931	cis
Sdc4	DISTANT	16.1913492	0.5690579794713365	trans
Ssr1	DISTANT	16.90304793	0.5814300977761643	trans
Nadsyn1	DISTANT	16.47287375	0.5739838630135868	trans
Rpl31	DISTANT	23.70449789	0.6885419070761053	trans
Gosr2	DISTANT	17.11227906	0.5850175905047642	trans
Rps4y2	DISTANT	17.55864918	0.5925985011793398	trans
Ubp1	DISTANT	16.53557453	0.575075204299403	trans
Hsd17b2	LOCAL	28.62478539	0.7566344611501646	cis
Myo1b	DISTANT	17.23785093	0.5871601302881523	trans
Tldc1	LOCAL	19.99341142	0.632351348855998	cis
Ttc13	LOCAL	16.43707989	0.5733599199455783	cis
Serpind1	DISTANT	16.6863011	0.5776902474510021	trans
Naa25	DISTANT	16.85468896	0.5805977774673272	trans
Usp10	LOCAL	37.23851801	0.8630007880645301	cis
Tssc1	DISTANT	16.65904151	0.5772181824925476	trans
Klhdc4	LOCAL	59.80389848	1.0936534961312017	cis
Car5a	LOCAL	26.09281942	0.7223962821056045	cis
Afg3l1	LOCAL	20.6226039	0.642224320623254	cis
Npl	DISTANT	16.90560966	0.5814741552296198	trans
Chmp1a	LOCAL	19.96481962	0.6318990365556827	cis
Aprt	LOCAL	38.29913525	0.875204378988131	cis
Mterfd2	DISTANT	24.92674903	0.7060700960952815	trans
Ctu2	LOCAL	17.53334963	0.5921714216339725	cis
Acsf3	LOCAL	44.21918636	0.9404167837719614	cis
Sult5a1	LOCAL	19.721795	0.6280413202966824	cis
Abcb10	LOCAL	16.37728505	0.5723160848691918	cis
Galnt2	LOCAL	19.19633354	0.6196181653244198	cis
Rab4a	LOCAL	26.85662273	0.7328932081824746	cis
Sh3kbp1	DISTANT	27.92172573	0.7472847613861799	trans
Gcn1l1	DISTANT	16.72974082	0.57844171391766	trans
Gnpat	LOCAL	25.34573233	0.7119793863589029	cis
Tsnax	LOCAL	34.38275979	0.8292497788965638	cis
Lss	DISTANT	16.22683496	0.5696812259500923	trans
Setd2	DISTANT	33.06422621	0.8131940261708764	trans
Dbi	DISTANT	16.36798618	0.5721535839265538	trans
Gna12	DISTANT	16.86674221	0.580805341056709	trans
Pfdn1	DISTANT	16.56920875	0.575659773651069	trans
Aasdhppt	LOCAL	18.44100756	0.6073056489116497	cis
Pfdn5	DISTANT	16.25799288	0.5702278997032677	trans
Mre11a	LOCAL	30.05365707	0.7752890695734076	cis
Rad50	DISTANT	35.42331005	0.8417043429851125	trans
4931406C07Rik	LOCAL	19.90777922	0.6309957087017312	cis
A230046K03Rik	DISTANT	18.38844182	0.6064394746386486	trans
Naalad2	LOCAL	48.62728806	0.986177347742281	cis
Slc44a2	LOCAL	27.74689643	0.7449415605267302	cis
A230050P20Rik	LOCAL	23.15587002	0.6805272958522678	cis
Kank2	LOCAL	16.35825008	0.5719833927659089	cis
Ndufaf1	DISTANT	37.73641964	0.8687510534094333	trans
Ecsit	LOCAL	41.065055	0.9062566413549751	cis
Rab3d	LOCAL	18.84629023	0.613942834961041	cis
Tmem126b	DISTANT	17.23831763	0.5871680786623197	trans
Ftsj2	DISTANT	22.03973077	0.663923651785354	trans
E130311K13Rik	DISTANT	18.74030207	0.6122140486790547	trans
Eepd1	LOCAL	26.41267394	0.7268104834136613	cis
Thyn1	LOCAL	33.78573288	0.8220186479636578	cis
Acad8	LOCAL	21.57733671	0.6569221675358505	cis
Keap1	LOCAL	19.82440132	0.6296729519361618	cis
Kri1	LOCAL	23.50869816	0.6856923240054537	cis
Npr1	DISTANT	17.84269203	0.5973724471382991	trans
Aplp2	LOCAL	21.90064243	0.6618253913231193	cis
Bag5	DISTANT	16.43009304	0.5732380489813983	trans
Dcps	LOCAL	36.26928499	0.8516957789023026	cis
St3gal4	LOCAL	16.23594499	0.5698411180320353	cis
Mgat2	DISTANT	17.65940028	0.5942962271460253	trans
Siae	LOCAL	39.00139738	0.8831919087038785	cis
Vwa5a	LOCAL	33.65166081	0.82038601658	cis
Rabepk	DISTANT	25.75164364	0.7176579079199226	trans
Dkc1	DISTANT	20.89896989	0.6465132618902725	trans
Itpk1	DISTANT	25.67061406	0.7165279346961987	trans
Sc5d	LOCAL	18.2302991	0.6038261190110941	cis
Cep290	DISTANT	28.65663283	0.7570552533335991	trans
Tbcel	LOCAL	33.71593022	0.8211690473952363	cis
Ube4a	LOCAL	26.53300894	0.7284642604822833	cis
Hmbs	LOCAL	32.51612715	0.8064257826979492	cis
Nlrx1	LOCAL	35.40313251	0.8414645864206052	cis
Mrpl34	DISTANT	19.80136118	0.6293069391004679	trans
Ift27	DISTANT	20.42905516	0.6392034912295145	trans
Sik3	LOCAL	22.14734009	0.665542486848135	cis
Sidt2	LOCAL	35.59812144	0.8437786610243234	cis
C77080	DISTANT	16.25061576	0.5700985135921686	trans
Proser2	DISTANT	19.13159879	0.6185725307512451	trans
2310011J03Rik	DISTANT	21.01794612	0.6483509253483024	trans
Rexo2	LOCAL	23.81766577	0.6901835374739099	cis
Slc35a3	DISTANT	25.67790836	0.7166297281023165	trans
Alg9	LOCAL	16.31779036	0.5712755965381333	cis
Bco2	LOCAL	58.32841006	1.080077868118776	cis
Hykk	LOCAL	30.05784124	0.7753430368553006	cis
Ulk3	LOCAL	20.4985966	0.6402905059424199	cis
Tpm1	DISTANT	17.15478429	0.5857437031671787	trans
Imp3	LOCAL	19.4075344	0.6230174058563693	cis
Wdr7	DISTANT	17.58843032	0.5931008399926609	trans
Ppcdc	LOCAL	25.06761454	0.7080623495145043	cis
Tubb4b	DISTANT	17.77201764	0.596188185726621	trans
Dnaja2	DISTANT	16.75232383	0.578831993414324	trans
Lama4	DISTANT	19.53742347	0.6250987677159506	trans
Pml	LOCAL	29.18741393	0.7640342129774033	cis
Dmxl2	LOCAL	19.18765303	0.619478054978544	cis
Rogdi	DISTANT	29.83178594	0.7724219823386695	trans
Dis3l	LOCAL	22.93074671	0.6772111444741589	cis
Pdgfrb	DISTANT	24.15898134	0.6951112334008134	trans
Adpgk	LOCAL	17.21467338	0.5867652576627216	cis
Glce	LOCAL	19.06204963	0.6174471577390247	cis
Coro2b	LOCAL	17.40835453	0.5900568537014039	cis
Vapb	DISTANT	16.23464568	0.5698183163079263	trans
Tle3	LOCAL	26.43852927	0.7271661332872977	cis
Map2k1	LOCAL	24.45520058	0.6993597154540716	cis
Dpp8	LOCAL	35.18356093	0.8388511301774588	cis
Parp16	LOCAL	45.95105314	0.9586558625492257	cis
Ptplad1	LOCAL	23.72206783	0.6887970358530878	cis
Psmb8	DISTANT	18.15708128	0.6026123344240475	trans
Snx1	LOCAL	27.54829604	0.7422707867079237	cis
Ppib	LOCAL	19.02955481	0.6169206563246201	cis
Msra	DISTANT	16.88377747	0.5810985711563916	trans
Ephx2	DISTANT	16.15887516	0.5684870299312026	trans
Vps13c	LOCAL	38.28234818	0.8750125505385622	cis
Tpm1	LOCAL	23.39287803	0.6840011407885224	cis
Hip1	DISTANT	17.45529563	0.5908518533439664	trans
Pdpk1	DISTANT	16.19839024	0.5691816975272483	trans
Lipc	LOCAL	23.61787464	0.6872826876911712	cis
Myo1e	LOCAL	20.59205385	0.64174845305618	cis
Cgnl1	LOCAL	16.72735895	0.5784005350965713	cis
Rab27a	LOCAL	19.35091574	0.6221079607270751	cis
Pigb	LOCAL	36.13543994	0.8501228139510196	cis
Ccdc55	DISTANT	20.24662145	0.636343012061891	trans
Prkab1	DISTANT	16.95283357	0.5822857300329453	trans
Myo6	LOCAL	30.41887056	0.7799855198655934	cis
Cpne3	DISTANT	16.56167682	0.5755289188216348	trans
Smyd5	DISTANT	18.42393672	0.6070244924218462	trans
Gsta4	LOCAL	28.08844033	0.749512379217315	cis
Myo6	LOCAL	31.25668989	0.7906540316725135	cis
Ppm1k	DISTANT	21.60178025	0.657294154089324	trans
Slc17a5	LOCAL	21.77435819	0.6599145124938532	cis
Bckdha	DISTANT	31.27371247	0.7908692998214053	trans
Bckdhb	LOCAL	22.58220689	0.6720447438973093	cis
Gsta1	LOCAL	19.2253126	0.6200856811764	cis
Gm10639	LOCAL	28.40525633	0.7537274882873783	cis
Tmem9	DISTANT	18.56888295	0.6094076295879466	trans
Plscr2	LOCAL	25.08522468	0.7083110147385822	cis
Mthfs	LOCAL	44.73379974	0.9458731388510829	cis
Gm2382	LOCAL	57.88779219	1.0759906336952938	cis
Ctsh	LOCAL	49.57823532	0.9957734212158909	cis
Slc9a9	LOCAL	42.51449092	0.9221116084292617	cis
Paqr9	LOCAL	19.53463988	0.6250542357267888	cis
Nmnat3	LOCAL	55.58482702	1.0543702103151436	cis
Pik3cb	LOCAL	22.44455814	0.6699934050421691	cis
Armc8	LOCAL	18.14939191	0.602484720304175	cis
Nck1	LOCAL	22.11285996	0.665024209484136	cis
Nudt16	LOCAL	16.21188003	0.5694186514331964	cis
Slco2a1	LOCAL	16.53946696	0.5751428858987999	cis
Gm20425	LOCAL	25.01225891	0.7072801271066508	cis
Nags	DISTANT	21.28967522	0.6525285468084902	trans
Coq10a	DISTANT	17.13533307	0.5854115316595668	trans
Glyctk	LOCAL	48.60846856	0.9859864964592568	cis
Tex264	LOCAL	17.78396617	0.5963885674625227	cis
Acy1	LOCAL	29.10206778	0.762916349018685	cis
Gm10709	DISTANT	24.27809679	0.6968227434577606	trans
Parp3	LOCAL	45.20156474	0.9508056030545886	cis
Abhd14b	LOCAL	16.37405309	0.572259610491602	cis
Ifrd2	LOCAL	34.46233688	0.8302088517957394	cis
Lztr1	DISTANT	20.51165727	0.6404944538401562	trans
Hyal1	LOCAL	33.20648052	0.8149414766717914	cis
Uba7	LOCAL	17.01392382	0.5833339321520735	cis
Ndufaf4	DISTANT	19.40190384	0.6229270236552593	trans
Lgals1	DISTANT	17.54446245	0.592359054121738	trans
Tpd52	DISTANT	16.19109903	0.5690535832415081	trans
Ndufaf3	LOCAL	23.9313035	0.6918280639002728	cis
Elp4	DISTANT	24.44907576	0.6992721324348626	trans
Mroh1	DISTANT	17.08102018	0.5844830225079254	trans
Trex1	LOCAL	25.12656098	0.7088943642038636	cis
Map4	LOCAL	22.20061363	0.6663424589503508	cis
Scap	LOCAL	18.82124793	0.6135348063476106	cis
Apeh	LOCAL	17.06169073	0.5841522186896152	cis
Lrrfip2	LOCAL	17.36782418	0.5893695645348511	cis
Plxnb1	LOCAL	35.15154509	0.8384693803592352	cis
Epm2aip1	LOCAL	20.96859545	0.6475893058104033	cis
Clcn3	DISTANT	17.9283989	0.5988054592269513	trans
Tmppe	LOCAL	23.20652584	0.6812712505309467	cis
Glb1	LOCAL	31.46303698	0.7932595663463504	cis
Tor1b	DISTANT	17.22566023	0.5869524721815217	trans
Rps15	DISTANT	16.28604741	0.5707196756727422	trans
Gpd1l	LOCAL	33.77102789	0.8218397397303199	cis
Mrps35	DISTANT	16.26143335	0.5702882315110491	trans
Mrps6	DISTANT	18.31714914	0.6052627386515711	trans
Sardh	DISTANT	17.71747751	0.5952726687829704	trans
Sdr42e1	DISTANT	17.68743898	0.5947678367228678	trans
Csrp1	DISTANT	17.77394149	0.5962204540268641	trans
Itga9	LOCAL	23.29479619	0.6825656919300882	cis
S100a11	DISTANT	17.27816638	0.5878463469308965	trans
Gorasp1	LOCAL	24.03704263	0.6933547811906975	cis
Exog	LOCAL	38.06159123	0.8724860025238227	cis
Oxsr1	LOCAL	22.08240787	0.6645661422311552	cis
Acaa1a	LOCAL	18.09992288	0.6016630764805166	cis
Xylb	LOCAL	19.06075267	0.6174261521834008	cis
Dopey1	DISTANT	26.38267736	0.7263976508772588	trans
Rpl14	LOCAL	33.12085723	0.8138901305458864	cis
Ano10	LOCAL	40.34048198	0.8982258288426135	cis
Prmt1	DISTANT	18.77267898	0.6127426699683971	trans
Cyp7a1	DISTANT	17.57362399	0.5928511447235301	trans
Lars2	LOCAL	64.17230952	1.13289284153445	cis
Scfd1	DISTANT	16.64272298	0.5769354033165238	trans
Sacm1l	LOCAL	20.72317893	0.643788457958047	cis
Lztfl1	LOCAL	52.11816976	1.020961994983163	cis
Mpp6	DISTANT	17.0736146	0.5843563056902868	trans
Fyco1	LOCAL	24.85959248	0.7051183231203115	cis
1700052N19Rik	LOCAL	37.85853568	0.8701555686197728	cis
Ttyh2	DISTANT	17.19763667	0.5864748361183113	trans
Rmnd1	LOCAL	42.80239149	0.9252285284187901	cis
Mthfd1l	LOCAL	23.55165279	0.686318479861937	cis
Iyd	LOCAL	38.28603385	0.8750546708634839	cis
Rnf25	DISTANT	21.67875802	0.6584642438280153	trans
Gne	DISTANT	16.28514927	0.5707039384829932	trans
Epm2a	LOCAL	31.73356285	0.7966625741178005	cis
Bmi1	DISTANT	20.58289937	0.6416057881596767	trans
Thg1l	DISTANT	23.76254432	0.6893844257016545	trans
Utrn	LOCAL	28.28711272	0.7521583971478348	cis
C2cd2	DISTANT	17.71839357	0.5952880574982166	trans
Suclg1	DISTANT	18.29420317	0.6048835122566989	trans
Suclg2	DISTANT	16.98640394	0.5828619723399358	trans
Vta1	LOCAL	39.66242361	0.8906449753970433	cis
Map7	LOCAL	22.42248992	0.6696639443780739	cis
Aldh8a1	LOCAL	42.88715396	0.9261442000034336	cis
Hbs1l	LOCAL	18.82857583	0.6136542321209885	cis
Vdac1	DISTANT	16.25599202	0.5701928098459328	trans
Col14a1	DISTANT	16.28463475	0.5706949228791158	trans
Rpp40	DISTANT	17.69759572	0.594938580359351	trans
Fkbp4	DISTANT	17.21170738	0.5867147071618368	trans
Vnn3	LOCAL	43.31717202	0.9307757197091037	cis
Arhgap18	LOCAL	18.13092256	0.6021780892726004	cis
Enpp1	LOCAL	38.79986341	0.8809070712623438	cis
Rmdn1	DISTANT	16.40267292	0.5727595118372107	trans
Ndufa8	DISTANT	16.27291309	0.5704894931547819	trans
Nacc1	DISTANT	26.93188614	0.7339194252777345	trans
Ddx47	DISTANT	16.38204928	0.5723993235495654	trans
Sfxn1	DISTANT	16.2858572	0.5707163428534353	trans
Alox12	DISTANT	23.80487364	0.689998168693222	trans
Echdc1	LOCAL	35.16463196	0.8386254463108069	cis
Hint3	LOCAL	50.99333346	1.0098844830969531	cis
Glul	DISTANT	24.00790471	0.6929344082956193	trans
Fhad1	DISTANT	32.84023721	0.8104349105264408	trans
Sult3a1	LOCAL	39.03974038	0.8836259432587977	cis
Gm4794	LOCAL	34.82195411	0.8345292578454034	cis
Gulo	DISTANT	16.35807502	0.5719803321793504	trans
Slc16a10	LOCAL	18.83452066	0.6137511003656123	cis
Tmem141	DISTANT	24.73040296	0.7032837686169076	trans
Amfr	DISTANT	16.98257648	0.5827963019786587	trans
Ddo	LOCAL	40.77829203	0.9030868400104167	cis
Tmem62	DISTANT	18.77160713	0.6127251770573819	trans
Lace1	LOCAL	59.20852689	1.088196001554867	cis
1700021F05Rik	LOCAL	27.28573801	0.7387250910859872	cis
Aim1	LOCAL	34.82047851	0.8345115758334333	cis
Qrsl1	LOCAL	28.85899971	0.7597236301445415	cis
Pet112	DISTANT	29.96321304	0.7741216059508996	trans
Prep	LOCAL	24.20895151	0.6958297422502145	cis
Nsun4	DISTANT	17.83741356	0.5972840791449242	trans
Slc35a2	DISTANT	20.30549685	0.637267555270155	trans
Smpdl3a	LOCAL	20.13078515	0.6345200572085961	cis
Skp1a	DISTANT	17.31427307	0.5884602462358863	trans
Ascc1	LOCAL	16.3397016	0.5716590172471698	cis
Heatr6	DISTANT	19.60195013	0.6261301802341107	trans
Ddhd1	DISTANT	20.4552281	0.639612821947778	trans
Mup13	DISTANT	16.69604997	0.5778589788174966	trans
Pnpla3	DISTANT	21.126646	0.6500253225836667	trans
Nop16	DISTANT	16.25585197	0.5701903536539354	trans
Eps15l1	DISTANT	16.33495049	0.5715759002967148	trans
Tysnd1	LOCAL	21.56162554	0.6566829606438711	cis
Ugt1a5	DISTANT	16.6789473	0.5775629368302645	trans
Itpr1	DISTANT	16.51238323	0.5746717885889302	trans
Pald1	LOCAL	36.62996697	0.8559201711608391	cis
Sgpl1	LOCAL	22.21835856	0.6666087092140336	cis
Chmp3	DISTANT	16.25856141	0.5702378698402975	trans
Pbld1	LOCAL	31.63860352	0.7954697168340226	cis
Aifm2	LOCAL	20.22248003	0.6359635214381404	cis
Pbld2	LOCAL	18.59588594	0.6098505708778176	cis
Lrrc20	LOCAL	24.83567495	0.7047790426793351	cis
Dnm1l	DISTANT	19.21949528	0.6199918593013944	trans
Ssh3	DISTANT	18.35557901	0.6058973347028356	trans
Bcr	LOCAL	18.55699441	0.6092125148090771	cis
Gstt2	LOCAL	27.71893887	0.7445661672410316	cis
Nfia	DISTANT	17.17343884	0.586062092956028	trans
Mtr	DISTANT	45.74068147	0.9564589010511638	trans
Gstt1	LOCAL	46.75750852	0.9670316284382844	cis
Upb1	LOCAL	42.92480387	0.9265506340184545	cis
Ftcd	LOCAL	33.63859517	0.8202267390179376	cis
Pfkm	DISTANT	21.85058398	0.6610685891796705	trans
Lss	LOCAL	25.38067804	0.7124700420368565	cis
Cstb	LOCAL	18.8481633	0.6139733430695505	cis
Pofut2	LOCAL	21.8006729	0.6603131514667869	cis
Pfkl	LOCAL	44.95826732	0.9482432949407024	cis
Ilvbl	LOCAL	23.47102624	0.6851427039675749	cis
Ddt	LOCAL	23.66695951	0.6879965044969343	cis
Mndal	DISTANT	17.67153338	0.5945003512194085	trans
Vcp	DISTANT	16.17851851	0.5688324623296389	trans
Dohh	LOCAL	36.94173442	0.8595549362315361	cis
Tjp3	LOCAL	19.78443934	0.6290379851805453	cis
Txnrd1	LOCAL	26.15941346	0.7233175438215224	cis
Thop1	LOCAL	21.51440247	0.6559634512684377	cis
Tm9sf1	DISTANT	16.977878	0.582715676809883	trans
A230046K03Rik	LOCAL	17.66399115	0.5943734709759513	cis
E430025E21Rik	DISTANT	24.13476967	0.6947628324831431	trans
Mterfd3	LOCAL	33.65395187	0.8204139427142861	cis
Nedd1	LOCAL	20.89012087	0.6463763744135456	cis
Rcl1	DISTANT	19.4900409	0.6243403062433179	trans
Pwp1	LOCAL	17.57973483	0.5929542112170214	cis
Stab2	LOCAL	41.96263393	0.9161073510238852	cis
AI597468	LOCAL	21.11826678	0.6498964037444738	cis
Appl2	LOCAL	18.12675923	0.6021089474505423	cis
Wash	DISTANT	16.71060266	0.5781107620517023	trans
Mmrn2	DISTANT	23.13287536	0.6801893171757404	trans
Pah	LOCAL	18.22962071	0.6038148840497392	cis
Mttp	DISTANT	16.18077951	0.5688722090241358	trans
Uhrf1bp1l	LOCAL	16.34687145	0.5717844252863136	cis
Nr1h4	LOCAL	17.30622884	0.5883235307209801	cis
Scyl2	LOCAL	22.0570339	0.6641842199269717	cis
Slc25a3	LOCAL	17.50160737	0.5916351471980007	cis
Ces1f	DISTANT	16.60417539	0.5762668720306591	trans
Lta4h	LOCAL	54.00503141	1.039278898178925	cis
Hal	LOCAL	18.3246369	0.605386436914472	cis
Amdhd1	LOCAL	38.59737722	0.8786054543422775	cis
Tbcel	DISTANT	17.17885409	0.5861544862917967	trans
Metap2	LOCAL	25.6782248	0.7166341437581661	cis
Habp2	DISTANT	16.80684869	0.5797732089360459	trans
Fgd6	LOCAL	26.47053352	0.7276061231188203	cis
Ube2n	LOCAL	19.81588092	0.6295376227041558	cis
Cradd	LOCAL	40.84706779	0.9038480822571899	cis
Galnt4	LOCAL	24.68405105	0.7026243811596634	cis
2310039H08Rik	DISTANT	25.40436768	0.7128024646422036	trans
Ndufc2	DISTANT	19.46606803	0.6239562168934613	trans
Acss3	LOCAL	42.88088273	0.9260764842063532	cis
Supt16	DISTANT	17.37594438	0.5895073261631275	trans
Dhx15	DISTANT	16.49406565	0.5743529515898739	trans
Syt1	LOCAL	50.24642424	1.0024612136137736	cis
Gsdmd	DISTANT	16.80863857	0.5798040801857124	trans
Atxn7l3b	LOCAL	51.96267041	1.0194377902550014	cis
Tmem19	LOCAL	38.33887049	0.8756582722729227	cis
Nrn1	DISTANT	19.22738327	0.6201190735657145	trans
Rab3ip	LOCAL	36.2652194	0.8516480423273455	cis
Helb	LOCAL	23.61411309	0.6872279547573716	cis
Cfdp1	DISTANT	17.98406263	0.5997343183443815	trans
Snx29	DISTANT	22.86555686	0.6762478371129922	trans
Lsm3	DISTANT	18.29429909	0.6048850980144906	trans
Snx12	DISTANT	16.35596655	0.5719434683602918	trans
Saa4	DISTANT	16.1265723	0.56791852056435	trans
Anp32a	DISTANT	18.64193832	0.6106052459650179	trans
Pin1	DISTANT	17.78177073	0.5963517540847851	trans
Pnpo	DISTANT	16.39134839	0.5725617589395925	trans
Abcb8	DISTANT	16.22014202	0.5695637281288196	trans
Gaa	DISTANT	18.76369805	0.612596083075953	trans
B4galnt1	LOCAL	50.31697358	1.0031647280481906	cis
Arsb	DISTANT	16.81105731	0.5798457951904109	trans
Stard13	DISTANT	20.09340908	0.6339307388035385	trans
Sept8	DISTANT	16.31590275	0.5712425535619698	trans
Shmt2	LOCAL	20.14862171	0.634801098140197	cis
Srsf9	DISTANT	18.4085619	0.6067711578511292	trans
Stat6	LOCAL	23.95397339	0.6921556673176924	cis
Rdh9	LOCAL	36.52991796	0.8547504660425754	cis
Rbms2	LOCAL	25.37822445	0.7124356034056692	cis
Spryd4	LOCAL	21.13246132	0.6501147794043757	cis
BC089597	LOCAL	32.98449676	0.8122129863527177	cis
Apon	LOCAL	38.28322033	0.8750225177674001	cis
Stat2	LOCAL	27.71214397	0.7444749017932034	cis
Cs	LOCAL	20.50304727	0.6403600123368104	cis
Esyt1	LOCAL	37.68923524	0.8682077543998326	cis
Rdh5	LOCAL	55.73492849	1.0557928631128362	cis
Mettl7b	LOCAL	42.72237396	0.9243632831306099	cis
Nos3	DISTANT	17.30475948	0.5882985548171948	trans
Rnf185	LOCAL	25.45633136	0.7135310975703862	cis
Sec14l4	LOCAL	43.73568414	0.9352612911908629	cis
Sec14l2	LOCAL	21.69539732	0.6587168939688735	cis
Faah	DISTANT	16.71545573	0.5781947030196661	trans
Ap2b1	DISTANT	21.09347524	0.6495148226176213	trans
Nudcd3	LOCAL	29.95620912	0.7740311249555796	cis
Tbc1d10a	LOCAL	22.92688074	0.6771540554408576	cis
Dpagt1	DISTANT	17.1188208	0.5851294010729593	trans
Tns3	LOCAL	16.57953577	0.5758391402119172	cis
Ddc	LOCAL	37.70944948	0.868440550412059	cis
Cobl	LOCAL	33.65842188	0.8204684257178944	cis
Entpd8	DISTANT	19.70576009	0.6277859522161993	trans
Adam9	DISTANT	25.10517128	0.7085925667123527	trans
Sil1	DISTANT	20.00449724	0.6325266356446976	trans
Cnrip1	LOCAL	21.39660575	0.6541652046692792	cis
Pi4kb	DISTANT	19.04388395	0.6171528813835353	trans
Mdh1	LOCAL	34.78140611	0.834043237608219	cis
Ehbp1	LOCAL	22.85324743	0.6760657871834663	cis
Vrk2	LOCAL	40.40822268	0.8989796736300549	cis
Mtif2	LOCAL	33.43142133	0.8176970261655597	cis
Acyp2	LOCAL	41.22957687	0.9080702271300387	cis
Chac2	LOCAL	31.35327572	0.7918746835200631	cis
Raver1	DISTANT	16.24797204	0.5700521386680345	trans
Stk10	LOCAL	17.08586642	0.5845659316107978	cis
Rars	LOCAL	21.36210246	0.6536375518588264	cis
Saal1	DISTANT	17.00580913	0.5831948067327074	trans
Proser2	DISTANT	19.82978811	0.6297584951392081	trans
Ttc1	LOCAL	17.53854428	0.5922591372026269	cis
Pkp2	DISTANT	20.2727911	0.6367541299434185	trans
Irgm1	LOCAL	18.5766196	0.6095345699794229	cis
Tbc1d9b	LOCAL	17.88538105	0.5980866333567404	cis
Thg1l	LOCAL	26.27632287	0.7249320364006546	cis
Cyp3a16	DISTANT	16.39393948	0.5726070114834432	trans
Agap1	DISTANT	27.22345347	0.7378814738154089	trans
Gm12185	LOCAL	52.4126392	1.0238421675238816	cis
Mgat1	LOCAL	25.22630675	0.7103000316767556	cis
Mrps18b	DISTANT	16.83281282	0.5802208686353845	trans
Rufy1	LOCAL	17.62845225	0.5937752478842478	cis
Canx	LOCAL	28.15123161	0.7503496732857288	cis
Gm5431	LOCAL	41.14059928	0.9070898442822519	cis
Sqstm1	LOCAL	16.96161483	0.5824365172274142	cis
Nlrp6	DISTANT	27.10765903	0.7363105191425694	trans
Pgpep1	DISTANT	18.92483032	0.6152207785827783	trans
Phykpl	LOCAL	24.70682629	0.7029484517373944	cis
Mesdc2	DISTANT	17.88762233	0.5981241063525194	trans
Gmfb	DISTANT	16.12329361	0.5678607859326087	trans
Nup205	DISTANT	16.52031938	0.5748098708268674	trans
Gtf3c1	DISTANT	16.22672797	0.569679347879138	trans
Thtpa	DISTANT	17.45113097	0.5907813634501345	trans
Tpp2	DISTANT	16.42526537	0.5731538252511276	trans
Hspa4	LOCAL	17.87828618	0.5979679954646402	cis
Ddb1	DISTANT	20.85553847	0.6458411332518238	trans
Fmo3	DISTANT	17.85885957	0.5976430300773197	trans
Itpa	DISTANT	17.80986193	0.5968226190418725	trans
AI462493	DISTANT	18.39355383	0.6065237642500085	trans
Lyrm7	LOCAL	52.11572553	1.020938054242274	cis
Maged1	DISTANT	17.52085607	0.5919604052637305	trans
Atox1	LOCAL	54.36510806	1.0427378199720196	cis
Bak1	DISTANT	18.27405905	0.6045503957487747	trans
G3bp1	LOCAL	18.59046214	0.6097616278514089	cis
Mocs3	DISTANT	16.11643358	0.5677399682953456	trans
Por	DISTANT	18.9302102	0.6153082187001893	trans
Ola1	DISTANT	16.564734	0.5755820358558804	trans
Gmps	DISTANT	16.35032684	0.5718448537846608	trans
Gemin5	LOCAL	30.74898706	0.7842064404224184	cis
Rbm22	DISTANT	16.18811204	0.5690010903328745	trans
Abhd15	DISTANT	17.70255782	0.5950219797620925	trans
Fmo4	DISTANT	17.36926729	0.5893940496815352	trans
Snap47	LOCAL	40.3750426	0.8986105118459276	cis
Guk1	LOCAL	40.13598038	0.8959462079834927	cis
Iba57	LOCAL	21.41630187	0.6544662232690087	cis
Mrpl43	DISTANT	16.14235945	0.5681964352228902	trans
Atpaf2	LOCAL	19.65718149	0.6270116663986405	cis
Dhrs7b	LOCAL	55.27199661	1.051399035666288	cis
Aldh3a2	LOCAL	16.62436969	0.5766171986682326	cis
Ttc19	LOCAL	16.35769364	0.5719736644287043	cis
Cenpv	LOCAL	20.49995456	0.6403117140893176	cis
Pfas	LOCAL	44.70851737	0.9456058097325756	cis
Sat2	LOCAL	38.37780402	0.8761027795869615	cis
Tmem102	LOCAL	17.14342983	0.5855498241823662	cis
Gltpd2	LOCAL	37.93471625	0.8710306108283451	cis
Pdhb	DISTANT	17.15326218	0.5857177166519721	trans
Cyb5d2	LOCAL	26.22741199	0.7242570260618809	cis
Dars2	DISTANT	17.8949248	0.5982461834395603	trans
Rabep1	LOCAL	26.73401123	0.7312183152793699	cis
Txndc17	LOCAL	29.51191919	0.7682697337524107	cis
Mink1	LOCAL	32.36843722	0.8045922845764804	cis
Ankfy1	LOCAL	20.4638956	0.6397483192631302	cis
Dnajc7	DISTANT	22.3774	0.6689902839354246	trans
Lbp	DISTANT	24.80690615	0.7043707283810139	trans
Aar2	DISTANT	36.98920575	0.8601070369436585	trans
Inpp5k	LOCAL	30.32408582	0.7787693602087848	cis
Rpa3	DISTANT	16.47072209	0.5739463753696855	trans
Aspa	LOCAL	52.32717269	1.0230070643939855	cis
Rilp	LOCAL	49.31235916	0.9930997851172862	cis
Srr	LOCAL	41.58876674	0.9120171790048694	cis
Tlcd2	LOCAL	32.17517548	0.802186704950911	cis
Rpa1	LOCAL	21.02364446	0.6484388091408472	cis
Myo18a	LOCAL	16.91460306	0.5816288001810089	cis
Glod4	LOCAL	33.52849986	0.8188833843716697	cis
Crlf3	LOCAL	31.45737459	0.7931881818332898	cis
Ovca2	LOCAL	41.20898233	0.9078434042278437	cis
Blmh	LOCAL	23.25890309	0.6820396335991039	cis
Pipox	LOCAL	61.2129085	1.106462005673941	cis
Aldoc	LOCAL	27.17715767	0.7372537917162584	cis
Cpd	LOCAL	25.97944057	0.7208250907120256	cis
Tlcd1	LOCAL	27.0717656	0.7358228808619639	cis
Prpf8	LOCAL	22.7298789	0.6742385171435996	cis
Snrnp200	DISTANT	23.60569669	0.68710547501821	trans
Rnf135	LOCAL	22.24388354	0.6669915072922593	cis
Vtn	LOCAL	16.39731833	0.572666016627493	cis
Tmem97	LOCAL	37.51478688	0.8661961311389009	cis
Adap2	LOCAL	34.61683069	0.8320676738102496	cis
Tssc4	DISTANT	25.24805295	0.7106061208573987	trans
Dsc2	DISTANT	16.38424132	0.5724376179113319	trans
Myo1d	LOCAL	18.29017035	0.6048168375632411	cis
Chchd7	DISTANT	26.80825508	0.7322329558275836	trans
Cd68	DISTANT	19.48500758	0.6242596828243836	trans
KCTD12	DISTANT	16.28438061	0.570690469694387	trans
Slc25a44	DISTANT	17.00213379	0.5831317825329022	trans
9430016H08Rik	DISTANT	16.98491658	0.5828364535613743	trans
Slfn5	LOCAL	24.33083647	0.6975791922068777	cis
Ank3	DISTANT	16.24635561	0.5700237821354474	trans
Nle1	LOCAL	45.07396672	0.9494626556110567	cis
Timmdc1	DISTANT	16.27720998	0.5705648075372332	trans
Golim4	DISTANT	17.99219485	0.5998699000616717	trans
Heatr6	LOCAL	29.04655029	0.7621883007498869	cis
Pigw	LOCAL	49.19116118	0.9918786335031117	cis
Ptrh2	LOCAL	50.6883289	1.006859760840605	cis
Msi2	LOCAL	18.42870115	0.6071029756145163	cis
Trim25	LOCAL	19.70846798	0.6278290847037911	cis
Pctp	LOCAL	45.35184023	0.9523847985977096	cis
Ankmy2	DISTANT	16.74364105	0.5786819687876926	trans
Ppp1r9b	LOCAL	24.55676772	0.700810498209038	cis
Tollip	DISTANT	23.92676303	0.691762430752061	trans
Tom1l1	LOCAL	36.19111267	0.850777440580085	cis
Gm20390	LOCAL	18.58256525	0.6096321062739396	cis
Samm50	DISTANT	17.60898881	0.5934473659896049	trans
Acsf2	LOCAL	43.1804828	0.9293060077283478	cis
Abcc3	LOCAL	16.29749413	0.5709202068590672	cis
Mtx1	DISTANT	16.39090596	0.5725540316860934	trans
Immt	DISTANT	18.2617725	0.6043471270718509	trans
Spag9	LOCAL	22.317304	0.6680913709965127	cis
Nme1	LOCAL	27.05316026	0.7355699866090242	cis
Adipoq	DISTANT	18.58444311	0.6096629086634678	trans
Pnpo	LOCAL	25.11197347	0.7086885559962147	cis
Kpnb1	LOCAL	17.07001448	0.5842946941398663	cis
Cisd3	LOCAL	40.78803559	0.9031947252946066	cis
Gsdma3	LOCAL	51.51047835	1.014992397508474	cis
Jup	LOCAL	20.97801581	0.6477347575975833	cis
Crbn	DISTANT	18.20054072	0.6033330874400972	trans
Srsf3	DISTANT	17.13065655	0.5853316418920133	trans
Lasp1	LOCAL	17.07783339	0.5844284967384804	cis
Krt23	LOCAL	34.52029351	0.8309066555275628	cis
Krt20	LOCAL	25.89709959	0.7196818684668942	cis
Cnp	LOCAL	51.62043743	1.0160751687744367	cis
Naglu	LOCAL	48.38015925	0.983668229130127	cis
Ifi35	LOCAL	23.8444669	0.6905717471776557	cis
Nmi	DISTANT	32.30573311	0.8038125790257329	trans
Dtx3l	DISTANT	17.05735162	0.5840779334986043	trans
Ghdc	LOCAL	18.46149532	0.607642910268852	cis
Fam21	DISTANT	16.6623993	0.5772763514990026	trans
Dcakd	LOCAL	28.58912916	0.7561630665405445	cis
Acbd4	LOCAL	44.35636654	0.9418743710283235	cis
Gosr2	LOCAL	39.88642013	0.8931564267249047	cis
Mapt	LOCAL	19.63208721	0.6266113182827134	cis
Serpine2	DISTANT	18.49041528	0.6081186607891588	trans
Nsf	LOCAL	31.48289974	0.7935099210469898	cis
Dnm2	DISTANT	17.62364661	0.5936943087145101	trans
Taco1	LOCAL	25.78988302	0.7181905460252175	cis
Tbc1d17	DISTANT	16.17340514	0.5687425628524737	trans
Clca1	DISTANT	17.6097093	0.5934595066219767	trans
Pitpnc1	LOCAL	29.91998437	0.7735629821805075	cis
Prkca	LOCAL	39.46083921	0.8883787391647777	cis
Mapre2	DISTANT	16.15449439	0.5684099645502355	trans
Apoh	LOCAL	31.60067855	0.7949928119171896	cis
Abca8a	LOCAL	49.9546409	0.9995463060809139	cis
Abca9	LOCAL	48.04354414	0.9802402168856367	cis
Pllp	DISTANT	29.89396067	0.7732264955367217	trans
Abca6	LOCAL	24.56079314	0.700867935348736	cis
Cyp2f2	DISTANT	16.97394663	0.5826482065534915	trans
Ilf2	DISTANT	16.45372683	0.5736501866120154	trans
Sin3a	DISTANT	16.70766879	0.5780600105525376	trans
AI597468	DISTANT	17.23982423	0.5871937368535193	trans
Ddx18	DISTANT	17.23502927	0.5871120722655939	trans
Trmt10c	DISTANT	18.12827338	0.6021340943676915	trans
Slc25a10	LOCAL	18.80254458	0.6132298847903614	cis
Gprc5c	LOCAL	18.80540686	0.6132765584954312	cis
Fdxr	LOCAL	47.93789247	0.9791618096106486	cis
Slc9a3r1	LOCAL	27.87249077	0.7466256193032756	cis
Nat9	LOCAL	29.038756	0.7620860318887888	cis
Trim65	LOCAL	30.16729375	0.7767534196899297	cis
Nt5c	LOCAL	25.41413219	0.7129394390830122	cis
Mif4gd	LOCAL	32.25051461	0.8031253278287269	cis
Grb2	LOCAL	18.69495069	0.611472823435351	cis
Usp19	DISTANT	17.94993684	0.5991650330251257	trans
Slc25a19	LOCAL	28.87254756	0.7599019352521745	cis
Galk1	LOCAL	17.45492521	0.5908455840572898	cis
Nrd1	DISTANT	17.19121929	0.5863654029698546	trans
Sept9	LOCAL	21.39806034	0.6541874401117771	cis
Baiap2	LOCAL	20.72500915	0.6438168862339664	cis
Afmid	LOCAL	49.18586841	0.9918252710029121	cis
Tha1	LOCAL	36.50572903	0.8544674251251477	cis
Cant1	LOCAL	23.44834541	0.6848115859125049	cis
Lgals3bp	LOCAL	35.29025047	0.8401220205422543	cis
Tbk1	DISTANT	20.44300632	0.6394217124871504	trans
Rnf213	LOCAL	24.47330995	0.6996186096724415	cis
P4hb	LOCAL	21.13198238	0.6501074123558352	cis
Rptor	LOCAL	17.45195919	0.5907953823448521	cis
Arg1	DISTANT	17.98231916	0.5997052469338583	trans
Dcxr	LOCAL	20.31014638	0.6373405115007205	cis
Mtor	DISTANT	17.63981306	0.5939665488897502	trans
Oxld1	LOCAL	30.72418103	0.7838900564492447	cis
Aspscr1	LOCAL	30.30909277	0.7785768140652534	cis
Fn3krp	LOCAL	31.98185091	0.7997731041989347	cis
BC017643	LOCAL	21.0975188	0.6495770747186203	cis
Hars2	DISTANT	17.91615564	0.5986009629126903	trans
Dtnb	LOCAL	18.58724922	0.6097089341644913	cis
Ptrhd1	LOCAL	22.26189521	0.6672614961167773	cis
Ylpm1	DISTANT	16.76799996	0.5791027535765998	trans
Hs1bp3	LOCAL	17.30980739	0.5883843538028523	cis
Abcg8	DISTANT	18.3667535	0.6060817354119822	trans
Rdh14	LOCAL	24.39483985	0.6984960966247413	cis
Ncoa5	DISTANT	17.63235431	0.5938409603589163	trans
Arglu1	DISTANT	16.61767912	0.5765011555929441	trans
Sf3a2	DISTANT	16.43427218	0.5733109484389776	trans
Sos1	DISTANT	16.66777796	0.5773695170339356	trans
Sbno2	DISTANT	19.6022497	0.6261349646841327	trans
Eif2d	DISTANT	17.084118	0.5845360211312901	trans
Gtf3c1	DISTANT	17.10257883	0.584851756088669	trans
Ccdc9	DISTANT	19.93222134	0.6313829478216846	trans
Rock2	LOCAL	20.95849432	0.6474333065266259	cis
Pdcd4	DISTANT	17.338098	0.5888649760344047	trans
Ywhaq	LOCAL	18.94497192	0.6155480796818393	cis
Iah1	LOCAL	43.71696135	0.9350610819620289	cis
Uxs1	DISTANT	21.56576301	0.6567459632156105	trans
Pak2	DISTANT	19.12503094	0.6184663441125959	trans
Rpl10a	DISTANT	16.727433	0.5784018153498484	trans
Adi1	LOCAL	43.78328968	0.935770160669809	cis
Trappc8	DISTANT	18.36342345	0.6060267890118389	trans
Tbrg4	DISTANT	16.3073405	0.5710926457239666	trans
Chordc1	DISTANT	16.28199309	0.5706486325226758	trans
Pcbp1	DISTANT	18.06097422	0.6010153778398686	trans
Tgoln1	DISTANT	18.52781427	0.6087333450699083	trans
Tmem18	LOCAL	30.65783757	0.7830432627894834	cis
Colec11	LOCAL	24.64063059	0.702006133733887	cis
Vps8	DISTANT	21.49353813	0.655645302431124	trans
Ankmy2	LOCAL	16.84918335	0.5805029431449938	cis
Armc8	DISTANT	16.4095534	0.5728796278451521	trans
Pip4k2b	DISTANT	16.41790749	0.5730254355611102	trans
Ptplad1	DISTANT	16.77512239	0.5792257312999829	trans
Mavs	DISTANT	16.55286367	0.5753757671296211	trans
Agmo	LOCAL	17.8355258	0.5972524725775524	cis
Stxbp6	LOCAL	37.44367411	0.8653747640184569	cis
Prkcdbp	DISTANT	20.39581402	0.6386832394857407	trans
Arhgap5	LOCAL	44.45884064	0.9429617239315708	cis
2700097O09Rik	LOCAL	31.55571235	0.7944269928697035	cis
Heatr5a	LOCAL	22.09562014	0.6647649229614933	cis
Dtd2	LOCAL	49.31861942	0.9931628206895383	cis
Nubpl	LOCAL	19.72888505	0.628154201609764	cis
Klkb1	DISTANT	16.90051883	0.5813865982287517	trans
Srp54a	LOCAL	23.36847713	0.6836443100033818	cis
Mocs3	DISTANT	16.26432822	0.570338990776538	trans
1110008L16Rik	LOCAL	20.78799209	0.6447944182450713	cis
Mia2	LOCAL	20.78629433	0.6447680874547065	cis
Fkbp3	LOCAL	20.57273228	0.6414473053961642	cis
Atp5s	LOCAL	16.73140235	0.5784704374468932	cis
L3hypdh	LOCAL	49.1771109	0.9917369701690061	cis
Daam1	LOCAL	16.6059107	0.5762969842017222	cis
Dhrs7	LOCAL	41.44231546	0.9104099676519365	cis
Rce1	DISTANT	31.98774692	0.7998468218352811	trans
Trmt5	LOCAL	22.40264269	0.6693675027964833	cis
Slc16a2	DISTANT	24.78223673	0.7040204078007967	trans
C8a	DISTANT	16.75029162	0.5787968835437869	trans
Ntan1	DISTANT	26.74750572	0.7314028400272998	trans
Rtp3	DISTANT	20.8608386	0.6459231935764499	trans
Rdh11	LOCAL	22.00613483	0.6634174376665117	cis
Gphn	LOCAL	30.01160635	0.7747464920862824	cis
Sipa1l1	LOCAL	18.26234464	0.6043565940733996	cis
Trip11	DISTANT	16.68807931	0.5777210280057321	trans
Acot3	LOCAL	22.76717014	0.6747913772418851	cis
Zfyve1	LOCAL	27.38759608	0.7401026426111449	cis
Ptgr2	LOCAL	22.4776418	0.6704870140427778	cis
Numb	LOCAL	29.67406634	0.7703773924512582	cis
Entpd5	LOCAL	39.04581696	0.8836947092746454	cis
Naa15	DISTANT	16.15835709	0.5684779167214853	trans
Acyp1	LOCAL	39.96746621	0.8940633781785271	cis
Rnf113a2	LOCAL	19.63383665	0.6266392367223744	cis
Gstz1	LOCAL	24.55282066	0.7007541745862097	cis
Irf2bpl	LOCAL	21.58588595	0.657052295483396	cis
Sptlc1	DISTANT	19.36819209	0.6223856053926697	trans
Adck1	LOCAL	26.95219578	0.7341961015968418	cis
Sptlc2	LOCAL	17.87794004	0.5979622068325054	cis
St6gal1	DISTANT	16.27398946	0.5705083603243689	trans
Eftud1	DISTANT	20.74796527	0.6441733504267311	trans
Krt20	DISTANT	16.58928351	0.5760083942096678	trans
F11	DISTANT	17.47197017	0.5911339978380536	trans
Krt23	DISTANT	18.87236923	0.6143674670748769	trans
Tmem238	DISTANT	23.17655408	0.6808311696742446	trans
Hfe	DISTANT	21.08179134	0.6493349111206019	trans
9030617O03Rik	LOCAL	23.83313476	0.690407629737679	cis
Cactin	DISTANT	27.46400672	0.7411343565103429	trans
Atxn3	LOCAL	28.55147694	0.7556649646503403	cis
Rin3	LOCAL	21.77040907	0.6598546668774875	cis
Golga5	LOCAL	21.14333636	0.6502820366579412	cis
Osgep	DISTANT	32.87039886	0.8108069913364092	trans
Tprkb	DISTANT	28.28543824	0.7521361344863042	trans
Serpina1a	LOCAL	22.79942205	0.6752691618902792	cis
Serpina1d	LOCAL	51.76825369	1.0175289056336434	cis
Serpina1b	LOCAL	16.22383815	0.5696286184875194	cis
Serpina11	LOCAL	20.22111376	0.6359420376103471	cis
Serpina3f	LOCAL	49.76189482	0.9976161067264301	cis
Serpina3g	LOCAL	39.44124149	0.8881581108113578	cis
Serpina3n	LOCAL	31.79484867	0.7974314850819473	cis
Serpina3m	LOCAL	20.86499957	0.6459876093238941	cis
Snx17	DISTANT	21.59866336	0.6572467323615995	trans
Psip1	DISTANT	22.25585855	0.6671710208035118	trans
Clmn	LOCAL	18.43080218	0.6071375821014542	cis
Dnttip2	DISTANT	16.44233485	0.5734515646504071	trans
Cdh2	DISTANT	17.39196888	0.589779092203174	trans
Shank3	DISTANT	16.81908636	0.5799842473722885	trans
Wars	LOCAL	20.01637385	0.6327143723671844	cis
Ypel5	DISTANT	26.81859247	0.7323741184667847	trans
Setd3	LOCAL	56.09909984	1.0592365159868686	cis
Cyp46a1	LOCAL	45.76841659	0.9567488342297575	cis
Hsp90aa1	LOCAL	16.89620837	0.5813124524728505	cis
Cfl1	DISTANT	16.43824677	0.5733802711987918	trans
Glrx5	LOCAL	27.50211534	0.7416483713998164	cis
Wwox	DISTANT	18.32501298	0.6053926491129538	trans
Nfic	DISTANT	16.8145268	0.5799056268049139	trans
Cdc42bpb	LOCAL	30.45255455	0.7804172544222737	cis
Klc1	LOCAL	23.77240666	0.6895274709538409	cis
Spata5	DISTANT	16.12656624	0.5679184138588922	trans
Bag5	LOCAL	47.5919308	0.9756221686698185	cis
Ahnak2	LOCAL	29.80520753	0.7720778138244875	cis
Adssl1	LOCAL	26.70020802	0.730755882904818	cis
Inf2	LOCAL	39.28685029	0.8864180761920415	cis
G3bp1	DISTANT	18.2253314	0.6037438430327883	trans
Serinc3	DISTANT	18.99717981	0.6163956490761433	trans
Ighg2c	LOCAL	21.31035345	0.652845363773076	cis
Ighv14-3	LOCAL	33.05666443	0.8131010322217037	cis
Gabpa	DISTANT	19.33671858	0.6218797083037845	trans
Ndufa11	DISTANT	22.84368365	0.6759243101117166	trans
Nomo1	DISTANT	16.22334244	0.569619916084401	trans
Ptk2	DISTANT	20.99479605	0.6479937661737187	trans
Akr1c20	LOCAL	23.4319418	0.6845720093605931	cis
Akr1c12	LOCAL	29.05006229	0.7622343772095299	cis
Akr1c19	LOCAL	51.74673666	1.0173174200808714	cis
Akr1c13	LOCAL	27.38986298	0.7401332715126379	cis
Akr1c18	LOCAL	44.67961679	0.9453001300116276	cis
Pitrm1	LOCAL	46.46560575	0.964008358366254	cis
Akr1c14	LOCAL	32.46854384	0.8058355147298982	cis
Akr1c6	LOCAL	36.45930287	0.8539239178053277	cis
Commd1	DISTANT	19.03400627	0.6169928082238885	trans
Ero1lb	LOCAL	22.43906078	0.6699113490604559	cis
Xpc	DISTANT	19.67401101	0.6272800173766099	trans
5033411D12Rik	LOCAL	42.24685174	0.9192045663507117	cis
Clec4f	DISTANT	18.00356188	0.6000593617301542	trans
Psmb10	DISTANT	16.68515381	0.5776703871586287	trans
Gbp3	DISTANT	17.57252168	0.5928325510631143	trans
Snx27	DISTANT	16.18078607	0.5688723243400051	trans
Hist1h1c	LOCAL	21.30337656	0.6527384860723321	cis
Fabp7	DISTANT	17.82426441	0.5970638895461691	trans
Mup14	DISTANT	28.51508164	0.7551831783084154	trans
Ypel5	DISTANT	25.60869182	0.7156632143683228	trans
Aldh5a1	LOCAL	27.97090068	0.7479425202513894	cis
Gpld1	LOCAL	21.69718756	0.6587440710928638	cis
Mrps18b	DISTANT	20.13565129	0.6345967426641899	trans
Tdp2	LOCAL	25.59291661	0.7154427525665488	cis
Slc17a3	LOCAL	23.61069128	0.6871781614690619	cis
Hfe	LOCAL	32.16882647	0.8021075547580886	cis
N4bp2	DISTANT	22.52998424	0.6712672230937542	trans
Acot13	LOCAL	41.70990503	0.913344458898175	cis
Cmah	LOCAL	17.67105406	0.5944922885959076	cis
Tmem33	DISTANT	16.58796784	0.5759855525965908	trans
Aqp9	DISTANT	17.3264738	0.588667542845705	trans
Agtr1a	LOCAL	27.07029402	0.7358028814838931	cis
Eci3	LOCAL	17.49045106	0.5914465497405492	cis
Cyp51	DISTANT	16.23949382	0.5699033921639702	trans
Jmy	DISTANT	23.24748212	0.6818721598657626	trans
Ripk1	LOCAL	31.43609634	0.7929198741360945	cis
Pnp	DISTANT	19.49054116	0.6243483188093005	trans
Serpinb6b	LOCAL	21.63754923	0.6578381142804056	cis
Nqo2	LOCAL	25.32365377	0.711669217684733	cis
Serpinb9	LOCAL	19.03256223	0.6169694032932265	cis
Eci2	LOCAL	20.77621223	0.6446117006384541	cis
Fars2	LOCAL	16.18155181	0.5688857848461323	cis
Mars	DISTANT	20.2145058	0.6358381209081444	trans
Gm4841	DISTANT	27.2848634	0.738713251539459	trans
Txndc5	LOCAL	22.43864588	0.6699051556750403	cis
Gnpda2	DISTANT	18.70769286	0.6116811728343452	trans
Ddx58	DISTANT	17.35564309	0.5891628482855992	trans
Ogfod1	DISTANT	27.2813525	0.7386657227731634	trans
Ifit2	DISTANT	24.0187594	0.6930910387532073	trans
Pak1ip1	LOCAL	21.019153	0.6483695396916792	cis
Parp4	DISTANT	16.46970172	0.5739285969526174	trans
Riok1	LOCAL	23.09994875	0.679705064715572	cis
Exog	DISTANT	29.77039681	0.7716268114833751	trans
Isg15	DISTANT	17.77323936	0.5962086775618081	trans
Sirt5	LOCAL	53.39272956	1.0333705004498628	cis
Tpmt	LOCAL	49.89403536	0.998939791579052	cis
Mtap	DISTANT	16.46339425	0.5738186865204026	trans
F12	LOCAL	17.28058007	0.5878874053762335	cis
Auh	LOCAL	18.06689657	0.6011139088392482	cis
Hk3	LOCAL	30.22397943	0.7774828542160913	cis
Car1	DISTANT	16.14537606	0.5682495237129548	trans
Cers2	DISTANT	16.12779123	0.5679399832728806	trans
Pcbd2	LOCAL	25.80885999	0.7184547305154306	cis
Gsn	DISTANT	16.14807671	0.5682970475024484	trans
Thoc3	LOCAL	16.19639673	0.5691466723086414	cis
Idnk	LOCAL	16.79512442	0.5795709519981139	cis
Trf	DISTANT	16.70004306	0.5779280761478889	trans
Ctsl	LOCAL	25.69335455	0.7168452350403118	cis
Gimap9	DISTANT	23.38791954	0.6839286445236813	trans
Fbp1	LOCAL	22.58397803	0.6720710978758125	cis
Habp4	LOCAL	48.35969043	0.9834601204929461	cis
Rbp1	DISTANT	16.73100357	0.5784635437086766	trans
2210016F16Rik	LOCAL	31.0550242	0.788099285623328	cis
Cfi	DISTANT	17.52436424	0.5920196658895717	trans
Dnajc25	DISTANT	17.05680657	0.5840686016214192	trans
Srd5a1	LOCAL	37.41390216	0.865030660265866	cis
Col18a1	DISTANT	18.67274457	0.6111095576081265	trans
Slc12a7	LOCAL	30.81579201	0.7850578578678135	cis
Clptm1l	LOCAL	20.56085229	0.641262072634894	cis
Tppp	LOCAL	20.79171213	0.6448521090916893	cis
Rbbp4	DISTANT	16.62570037	0.5766402755618099	trans
Cast	LOCAL	34.42510668	0.8297602868298771	cis
Glrx	LOCAL	31.50184529	0.7937486414476562	cis
Erap1	LOCAL	17.37695649	0.5895244946564986	cis
Ptpn21	DISTANT	25.66023287	0.7163830381855785	trans
Fam151b	LOCAL	21.83023366	0.660760677704114	cis
Dhfr	LOCAL	26.84886787	0.7327873889471624	cis
Mtx3	LOCAL	35.88756779	0.8472020749502447	cis
Arsb	LOCAL	17.46297599	0.5909818269625556	cis
Tbca	LOCAL	19.02269865	0.6168095111134393	cis
Wdr41	LOCAL	23.24582212	0.6818478146918123	cis
Gfm2	LOCAL	27.44914591	0.7409338149929452	cis
Cd14	DISTANT	28.55396363	0.7556978712422049	trans
Ptcd2	LOCAL	21.89911455	0.6618023050730483	cis
Fcho2	LOCAL	17.53113047	0.5921339454886876	cis
Osbpl11	DISTANT	16.71412252	0.5781716444102045	trans
Ogdh	DISTANT	17.20462985	0.5865940649205377	trans
Slc30a5	LOCAL	39.36978772	0.887353229779438	cis
Sp100	DISTANT	20.84730116	0.645713576750559	trans
Nckap1l	DISTANT	17.67386531	0.5945395749653677	trans
Lin7a	DISTANT	17.93652586	0.5989411633875233	trans
Nln	LOCAL	30.08432983	0.7756845986610795	cis
Cwc27	LOCAL	23.01858778	0.6785070048275109	cis
Dvl1	DISTANT	18.82145388	0.6135381631161994	trans
Ndufaf2	LOCAL	38.11570213	0.873105974438384	cis
Gtf2b	DISTANT	17.45922178	0.5909182985828074	trans
Syf2	DISTANT	24.98107628	0.7068391087086227	trans
Elmo1	DISTANT	18.30228939	0.6050171797560793	trans
Dhx29	LOCAL	19.20771137	0.6198017645989724	cis
Ugt1a6a	DISTANT	18.59611107	0.6098542624266883	trans
Snx18	LOCAL	18.55576897	0.6091923993288163	cis
Pard6b	DISTANT	18.45505995	0.6075369939353488	trans
Nudt8	DISTANT	16.31206814	0.5711754220902717	trans
Sorbs3	DISTANT	16.30964729	0.5711330368661929	trans
Hmgcs1	LOCAL	18.21824005	0.6036263753349418	cis
Tmem68	DISTANT	44.06975861	0.9388264867375653	trans
Nnt	LOCAL	49.6355375	0.9963487090371523	cis
Fhit	LOCAL	22.02773879	0.6637430043322491	cis
Rpp14	LOCAL	32.60645985	0.8075451671578501	cis
Acox2	LOCAL	37.42476459	0.8651562239272166	cis
Pxk	LOCAL	18.03766749	0.6006274634080596	cis
Flnb	DISTANT	25.70195394	0.7169651866025295	trans
Abhd6	DISTANT	16.41146945	0.5729130728129704	trans
Nudt13	LOCAL	41.46592791	0.9106692913456564	cis
Adk	LOCAL	24.17307601	0.6953139723894523	cis
Appl1	LOCAL	19.27028672	0.620810546302171	cis
Ppif	LOCAL	45.51228135	0.9540679362603064	cis
Ppie	DISTANT	37.46932344	0.8656711089091514	trans
Slmap	LOCAL	19.83559656	0.629850721361816	cis
Anxa11	LOCAL	21.23497548	0.651689734152687	cis
Tkt	LOCAL	18.69122175	0.6114118374712744	cis
Exosc9	DISTANT	19.5315719	0.6250051503787789	trans
Nedd4	DISTANT	16.24053839	0.5699217207652293	trans
Itih3	LOCAL	17.33830176	0.5888684362402182	cis
Itih1	LOCAL	16.77623917	0.579245011545201	cis
Ehd4	DISTANT	16.82171838	0.5800296264847168	trans
Rft1	LOCAL	18.16996709	0.6028261289957495	cis
Glud1	LOCAL	18.18306979	0.6030434443719623	cis
Fam25c	LOCAL	35.39653598	0.8413861893328176	cis
Stradb	DISTANT	23.67018068	0.6880433224732292	trans
Ghitm	LOCAL	35.0953401	0.8377987837183819	cis
Dis3	DISTANT	17.68013067	0.5946449473425297	trans
Fam213a	LOCAL	53.51571015	1.0345599078835406	cis
Fermt2	LOCAL	16.71545914	0.5781947619963363	cis
Gnpnat1	LOCAL	27.83327733	0.7461002255729454	cis
Gmfb	LOCAL	31.96467761	0.7995583482148129	cis
Emc10	DISTANT	16.68266386	0.5776272822504145	trans
Gch1	LOCAL	34.28930824	0.8281220711948208	cis
Ktn1	LOCAL	16.89899062	0.5813603120268874	cis
Tmem260	LOCAL	34.7139672	0.8332342671782048	cis
Cpped1	DISTANT	16.68598768	0.5776848220266827	trans
Akr1e1	DISTANT	16.91994021	0.5817205550777796	trans
Acin1	LOCAL	19.77194079	0.6288392607018108	cis
Pnp	LOCAL	50.00213077	1.0000213074729958	cis
Ndrg2	LOCAL	30.17291284	0.776825757039505	cis
Dera	DISTANT	17.08559994	0.5845613729968822	trans
Pck2	LOCAL	31.43805517	0.7929445777606402	cis
Thtpa	LOCAL	17.60720257	0.5934172658425099	cis
Arhgef40	LOCAL	27.86606445	0.7465395428240891	cis
Dcaf11	LOCAL	21.8457382	0.6609952828878585	cis
Serpina10	DISTANT	21.26911767	0.6522134262647465	trans
Fndc3b	DISTANT	20.1344731	0.6345781764290355	trans
Gmpr2	LOCAL	45.10372554	0.9497760319148931	cis
Sdr39u1	LOCAL	16.5893193	0.5760090155544443	cis
Hk1	DISTANT	16.18998272	0.5690339659457948	trans
Coasy	DISTANT	17.53316334	0.5921682757460079	trans
Gnl3	DISTANT	17.62020095	0.5936362682653411	trans
Ebpl	LOCAL	42.0373922	0.9169230305756313	cis
Rnaseh2b	LOCAL	35.08585658	0.8376855803939804	cis
Psph	DISTANT	17.0209585	0.5834545140797182	trans
Fam151b	DISTANT	19.77227541	0.6288445819119379	trans
Rangap1	DISTANT	17.37240644	0.5894473079080097	trans
Ccdc25	LOCAL	16.82044781	0.5800077208106802	cis
Esrra	DISTANT	23.39140334	0.6839795806893653	trans
Serpina3k	DISTANT	16.92835107	0.5818651230311025	trans
Mipep	LOCAL	21.03842163	0.6486666575368276	cis
Gtf2a2	DISTANT	16.90415956	0.5814492163551345	trans
Cyp2a5	DISTANT	18.97638158	0.6160581397887703	trans
Kif13b	LOCAL	28.50514028	0.7550515251292457	cis
Msra	LOCAL	35.69501501	0.8449262099142149	cis
Ephx2	LOCAL	26.53413648	0.728479738633821	cis
Ptk2b	LOCAL	27.17692203	0.7372505955236659	cis
Dock5	LOCAL	17.16032818	0.5858383425485225	cis
Chmp7	LOCAL	33.98040873	0.8243835118438505	cis
Entpd4	LOCAL	45.47411453	0.9536678093550186	cis
Xpo7	LOCAL	21.00685323	0.6481798088493655	cis
Gtpbp4	DISTANT	16.79148668	0.5795081825134136	trans
Edem2	DISTANT	20.49544716	0.6402413163800037	trans
Nop2	DISTANT	16.49733882	0.5744099375881305	trans
Ubr3	DISTANT	17.66620444	0.5944107071713968	trans
Nt5dc1	DISTANT	16.1333917	0.5680385849570432	trans
Nrbf2	DISTANT	17.84394182	0.5973933682256608	trans
Esd	LOCAL	35.82357676	0.8464464160240742	cis
Aaas	DISTANT	17.8637013	0.5977240383320718	trans
Lcp1	LOCAL	19.74668496	0.628437506200895	cis
Cpb2	LOCAL	30.8518051	0.7855164555882964	cis
Stbd1	DISTANT	18.261439	0.6043416086949499	trans
Sugt1	LOCAL	23.37638568	0.6837599824499822	cis
Vwa8	LOCAL	34.38863851	0.8293206678963211	cis
Naa16	LOCAL	21.84379035	0.6609658137906983	cis
Dap	DISTANT	17.51065369	0.5917880311395289	trans
Tdrd3	LOCAL	18.87365279	0.6143883591019609	cis
Cyp4f14	DISTANT	16.40559959	0.5728106072691043	trans
Fam173a	DISTANT	26.57949711	0.7291021479875094	trans
Rnmt	DISTANT	17.20828389	0.5866563540949676	trans
Stam	DISTANT	16.51009637	0.5746319930181403	trans
Cln5	LOCAL	47.08914088	0.97045495392625	cis
Sephs1	DISTANT	17.46423759	0.5910031741031515	trans
Gpr180	LOCAL	20.82256802	0.6453304273006194	cis
Ipo5	LOCAL	25.23718306	0.7104531379338119	cis
Dock9	LOCAL	21.26565369	0.6521603129599347	cis
Clybl	LOCAL	27.90859425	0.7471090181492926	cis
Ggact	LOCAL	22.51792082	0.6710874878881292	cis
Farp1	LOCAL	20.6904196	0.6432794043026716	cis
Card6	LOCAL	35.05868093	0.8373611040644293	cis
C6	LOCAL	30.19554408	0.7771170321129245	cis
Abcc3	DISTANT	17.67585255	0.5945729988823912	trans
Lmbrd2	LOCAL	18.88109895	0.6145095434572192	cis
C9	LOCAL	22.32430142	0.6681961002580006	cis
Tbc1d2b	DISTANT	17.31635699	0.5884956582677564	trans
Fam134c	DISTANT	17.67486851	0.5945564482872926	trans
Triobp	DISTANT	21.46851169	0.6552634842565241	trans
Fbxo4	LOCAL	38.50721965	0.8775787104300103	cis
Rai14	LOCAL	25.44654927	0.7133939903026938	cis
Ugt3a1	LOCAL	21.66914988	0.6583183102420895	cis
Dnajc21	LOCAL	18.99923781	0.6164290358183981	cis
Dnajb9	DISTANT	37.4518236	0.8654689318513981	trans
Ugt3a2	LOCAL	41.79810305	0.9143096089399915	cis
Agxt2	LOCAL	20.46588938	0.6397794835722695	cis
Amacr	LOCAL	41.59887501	0.9121280064771611	cis
Col6a6	DISTANT	23.05081064	0.6789817470300656	trans
Sub1	LOCAL	19.3384896	0.621908186149692	cis
Tars	LOCAL	35.82952009	0.8465166281887202	cis
Uaca	DISTANT	16.34878241	0.5718178452969092	trans
Hsp90b1	DISTANT	16.60889645	0.5763487910978906	trans
Dnajc3	DISTANT	16.80832498	0.5797986716093785	trans
Luc7l3	DISTANT	18.79552677	0.6131154339926536	trans
Myo10	LOCAL	23.10106113	0.6797214301462033	cis
Epdr1	DISTANT	19.16765709	0.6191551839401814	trans
Aldh2	DISTANT	16.58884085	0.5760007092009523	trans
Fam105b	LOCAL	31.01631581	0.7876079711379259	cis
Fam173b	LOCAL	45.19863386	0.9507747773263656	cis
Rcc2	DISTANT	17.11877129	0.5851285549347255	trans
Cmbl	LOCAL	26.18085798	0.7236139575768283	cis
Sdc2	LOCAL	41.2614431	0.908421081877782	cis
Ergic3	DISTANT	16.31773798	0.571274679641939	trans
Stk3	LOCAL	26.44745993	0.7272889374932084	cis
Nat6	DISTANT	21.60567981	0.6573534788833174	trans
Slc25a32	LOCAL	22.69147168	0.6736686378331709	cis
Dpys	LOCAL	38.32458248	0.8754950882786264	cis
Col4a2	DISTANT	16.72999453	0.5784460999954966	trans
Pxk	DISTANT	17.94490331	0.5990810180601619	trans
Mybbp1a	DISTANT	16.93890039	0.5820463966042569	trans
Dusp28	DISTANT	23.89524451	0.6913066542425294	trans
Plbd1	DISTANT	16.41818857	0.5730303407324957	trans
Sntb1	LOCAL	30.58171264	0.7820704909405545	cis
Tatdn1	LOCAL	45.62524276	0.9552512000515886	cis
Pnp	DISTANT	16.1589364	0.5684881071755151	trans
Fam84b	LOCAL	23.72039301	0.6887727202786127	cis
D15Ertd621e	LOCAL	18.29653571	0.6049220728325261	cis
Otub1	DISTANT	17.8826776	0.5980414300029723	trans
Jak1	DISTANT	18.52266862	0.6086488087559196	trans
Cd99l2	DISTANT	19.53353457	0.625036552051158	trans
Mtss1	LOCAL	16.36354365	0.5720759328970237	cis
Ndrg1	LOCAL	19.35994827	0.6222531361110203	cis
Ppfibp2	DISTANT	16.14716701	0.5682810398033705	trans
Naprt1	LOCAL	18.59855687	0.6098943657716474	cis
Aars	DISTANT	16.29389608	0.5708571814385801	trans
Them6	LOCAL	30.64952986	0.7829371604413728	cis
Eif3l	LOCAL	16.59964165	0.5761881923469102	cis
Pycrl	LOCAL	35.12805566	0.8381891869977803	cis
Nrbp2	LOCAL	35.2534543	0.8396839202938211	cis
Adck5	LOCAL	18.26688806	0.604431767199574	cis
Pla2g6	LOCAL	18.61631943	0.6101855362100941	cis
Tm9sf1	DISTANT	16.24400748	0.5699825871024482	trans
Tst	LOCAL	20.07427067	0.6336287662346147	cis
Mfsd3	LOCAL	24.92234604	0.7060077342352561	cis
Apol9a	LOCAL	22.33350138	0.6683337696091677	cis
Mroh1	LOCAL	44.0468884	0.9385828508980973	cis
Gsdmd	LOCAL	28.64327236	0.7568787533020067	cis
Oplah	LOCAL	17.55337882	0.5925095580663657	cis
Mpst	LOCAL	46.9588801	0.9691117592930136	cis
Inhbc	DISTANT	20.58484837	0.6416361643486127	trans
Gcat	LOCAL	26.16700549	0.7234224974383918	cis
Sun2	LOCAL	20.21072611	0.6357786739109766	cis
Adsl	LOCAL	41.7614629	0.9139087799118684	cis
Slc25a17	LOCAL	22.2941764	0.667745107058075	cis
St13	LOCAL	22.0806327	0.6645394299813969	cis
Zc3h7b	LOCAL	19.39435699	0.6228058604412774	cis
Xrcc5	DISTANT	17.04579435	0.5838800279166946	trans
Parva	DISTANT	43.07903218	0.9282136842344009	trans
Cyp2d22	LOCAL	33.09280838	0.8135454305691846	cis
Xrcc6	LOCAL	23.79264498	0.6898209184998669	cis
Cyp2d40	LOCAL	39.45769249	0.8883433175298838	cis
Serhl	LOCAL	39.62797417	0.8902580993172711	cis
Mcat	LOCAL	44.19436955	0.9401528551251652	cis
Cyp2d10	LOCAL	20.35573051	0.6380553347477004	cis
Ttll12	LOCAL	42.36083125	0.920443710935112	cis
Ccdc134	LOCAL	23.80064842	0.6899369307407743	cis
Atxn10	LOCAL	21.50484529	0.6558177382474494	cis
Nup50	LOCAL	24.17733796	0.6953752650188242	cis
Ttc38	LOCAL	23.338743	0.6832092358860498	cis
Sco2	LOCAL	33.06236419	0.8131711282380849	cis
Hdac10	LOCAL	21.92589143	0.6622067868876005	cis
Tymp	LOCAL	34.26280734	0.8278019973399436	cis
Kif21a	LOCAL	19.71436371	0.627922984290271	cis
Abcd2	LOCAL	17.70585672	0.5950774188288445	cis
Phospho1	DISTANT	18.37143337	0.6061589456569951	trans
Tceb2	DISTANT	16.43842429	0.5733833672160363	trans
Twf1	LOCAL	19.85681845	0.6301875665228568	cis
Irak4	LOCAL	30.54494259	0.7816001866683503	cis
Pih1d1	DISTANT	20.31749787	0.6374558474121953	trans
Rpap3	LOCAL	37.94575447	0.8711573275821078	cis
Dip2b	LOCAL	20.55809309	0.6412190435412847	cis
Lima1	LOCAL	49.54784714	0.9954682028071012	cis
Letmd1	LOCAL	19.40902806	0.6230413800061758	cis
Gpd1	LOCAL	18.3468565	0.6057533573988674	cis
Myg1	LOCAL	16.31443342	0.5712168313346517	cis
Coro7	LOCAL	38.6819269	0.8795672447289065	cis
Alg1	LOCAL	32.46660886	0.8058115022758114	cis
Trap1	LOCAL	29.47480467	0.7677864894617513	cis
Carhsp1	LOCAL	18.61556985	0.6101732516261262	cis
Pmm2	LOCAL	17.36088783	0.5892518617704996	cis
Myo1f	DISTANT	22.4660495	0.6703140980167432	trans
Hibadh	DISTANT	16.27612568	0.5705458032445774	trans
Tor2a	DISTANT	33.2802302	0.8158459437908605	trans
Rsl1d1	LOCAL	22.03489864	0.6638508663849133	cis
Nubp1	LOCAL	18.07400949	0.6012322261821966	cis
Vps52	DISTANT	17.71572935	0.5952433006762865	trans
Dgat2	DISTANT	16.90372809	0.5814417957113163	trans
Ntan1	LOCAL	25.28382541	0.7111093503815007	cis
Ppm1f	LOCAL	16.95370293	0.582300659968714	cis
Ppil2	LOCAL	17.85438218	0.5975681079174155	cis
Bfar	LOCAL	22.02754779	0.6637401267062283	cis
Ptprd	DISTANT	17.50722273	0.5917300521352621	trans
Yars2	LOCAL	16.70006369	0.577928433112613	cis
Ighg2c	DISTANT	17.20344986	0.5865739486202912	trans
Prodh	LOCAL	23.38078365	0.6838242998022226	cis
Trmt2a	LOCAL	36.5613962	0.8551186607717083	cis
Comt	LOCAL	23.09809954	0.6796778581063238	cis
Ufd1l	LOCAL	16.76084117	0.5789791217306545	cis
Fgd4	LOCAL	17.9044959	0.5984061480299145	cis
Snap29	LOCAL	20.8262019	0.6453867352216034	cis
Txnrd2	LOCAL	27.160873	0.7370328757932036	cis
Rrp7a	DISTANT	22.54641222	0.671511909350832	trans
Pbdc1	DISTANT	17.07839019	0.5844380239169933	trans
Ehhadh	LOCAL	19.06071302	0.6174255100010041	cis
Rab18	DISTANT	16.12887532	0.5679590710605826	trans
Tmem41a	LOCAL	45.2756182	0.9515841339576864	cis
Igf2bp2	LOCAL	32.79784944	0.8099117166704035	cis
Fetub	LOCAL	29.20027618	0.7642025409536402	cis
Masp1	LOCAL	24.38955203	0.6984203895935456	cis
St6gal1	LOCAL	37.39423422	0.8648032634073486	cis
Hat1	DISTANT	26.45492755	0.727391607732726	trans
Il1rap	LOCAL	18.09911211	0.6016496008475365	cis
Ccdc50	LOCAL	22.03627806	0.6638716451242664	cis
2700029M09Rik	DISTANT	27.46866853	0.7411972548519051	trans
Mb21d2	LOCAL	21.15911896	0.6505246953037217	cis
Osbpl8	DISTANT	16.12020755	0.567806437969842	trans
Tmem41b	DISTANT	18.70159488	0.6115814725774481	trans
Ptplb	LOCAL	17.58123969	0.5929795896993421	cis
Umps	LOCAL	27.45301975	0.7409860963607887	cis
Parp9	LOCAL	16.66048053	0.5772431122152953	cis
Sec22a	LOCAL	23.79305389	0.689826846244766	cis
Cdk2ap2	DISTANT	25.7239479	0.7172718856891018	trans
Poglut1	LOCAL	32.53354882	0.8066417893960119	cis
Phldb2	LOCAL	29.09189536	0.7627830013837487	cis
Erc1	DISTANT	16.92169098	0.5817506507087036	trans
Tssc1	DISTANT	16.24892413	0.5700688402289674	trans
Fbxw9	DISTANT	22.38048785	0.6690364392168786	trans
Anxa4	DISTANT	16.79613584	0.5795884029205554	trans
Ddx60	DISTANT	28.2120738	0.7511600867990791	trans
Acot4	DISTANT	16.74415231	0.5786908036248719	trans
Aadat	DISTANT	16.6412705	0.5769102269851004	trans
Serpina11	DISTANT	18.41657404	0.6069031889848661	trans
S100a16	DISTANT	27.60010159	0.742968392194446	trans
Trmt10c	LOCAL	16.69670111	0.5778702468547763	cis
Tbc1d23	LOCAL	58.75813257	1.084049192334001	cis
Srd5a3	DISTANT	20.00538626	0.6325406905488373	trans
Cldn25	LOCAL	36.78907517	0.8577770709222764	cis
Mina	LOCAL	29.94031203	0.773825717199939	cis
Fam98c	DISTANT	22.76239842	0.6747206595325209	trans
Cpox	LOCAL	23.23893791	0.6817468431903444	cis
Prkar1a	DISTANT	16.1675772	0.5686400830050586	trans
Dnajc15	DISTANT	17.62203446	0.5936671535464969	trans
Pnkd	DISTANT	27.21325854	0.7377432960047824	trans
Gbe1	LOCAL	20.06092696	0.6334181393045197	cis
Cbx1	DISTANT	19.10365641	0.618120642107995	trans
Gstt1	DISTANT	16.21092743	0.5694019218443156	trans
Mcc	DISTANT	18.88384131	0.6145541686458567	trans
Hspa13	LOCAL	33.91571498	0.8235983848939967	cis
Usp25	LOCAL	22.63100956	0.6727705338375038	cis
App	LOCAL	28.12021564	0.7499362058202018	cis
Tmem147	DISTANT	18.29437446	0.6048863440349765	trans
N6amt1	LOCAL	27.49104274	0.7414990592037187	cis
Ltn1	LOCAL	28.2051961	0.7510685201764217	cis
Dstn	DISTANT	16.49626739	0.5743912845787269	trans
Cryzl1	LOCAL	18.96017282	0.6157949791935624	cis
Gart	LOCAL	22.83592762	0.6758095533506463	cis
Gaa	DISTANT	16.2894479	0.5707792550540007	trans
Cbr1	LOCAL	40.31630061	0.8979565758988571	cis
Itsn1	LOCAL	16.26611044	0.570370238354001	cis
Nt5e	DISTANT	16.58616712	0.575954288463937	trans
Dopey2	LOCAL	20.11078834	0.6342048303190382	cis
Csnk1a1	DISTANT	17.15017772	0.5856650530806836	trans
Cbr3	LOCAL	25.51762814	0.7143896435419539	cis
Hlcs	LOCAL	36.0955004	0.8496528750024918	cis
Hmgn1	LOCAL	40.09400686	0.8954776028466597	cis
Mx2	LOCAL	23.90998143	0.691519796245921	cis
C2cd2	LOCAL	26.13309351	0.7229535740280976	cis
Txn2	DISTANT	17.25527751	0.5874568496494019	trans
Tfb1m	LOCAL	29.51850018	0.7683553888663761	cis
Ppp3r1	DISTANT	16.16057071	0.5685168548073135	trans
Rnaset2b	LOCAL	44.85854658	0.9471910744934203	cis
Ezr	LOCAL	40.83555017	0.9037206445578191	cis
Ppid	DISTANT	16.32974906	0.5714848914888302	trans
Gimap9	DISTANT	23.94757773	0.6920632591028077	trans
Atp9a	DISTANT	16.74211321	0.5786555661185676	trans
Stx2	DISTANT	18.48212337	0.6079822920118645	trans
Acat2	LOCAL	24.68673435	0.7026625698014659	cis
Riok2	LOCAL	29.94442982	0.7738789287737456	cis
Hn1l	LOCAL	34.73277539	0.8334599617258168	cis
Eci1	LOCAL	29.32509947	0.7658341787880716	cis
Fahd1	LOCAL	23.57380575	0.6866411835886338	cis
Abca3	LOCAL	55.84189318	1.0568054994179392	cis
Vps52	LOCAL	16.43542413	0.5733310410225492	cis
Decr2	LOCAL	19.0557242	0.6173447043589181	cis
Tbc1d24	LOCAL	20.79901651	0.6449653713184919	cis
Gfer	LOCAL	28.38326408	0.7534356519305414	cis
Fabp2	DISTANT	16.63519526	0.5768049108667505	trans
Itfg3	LOCAL	17.95640172	0.599272921464002	cis
0610011F06Rik	LOCAL	27.10512487	0.7362761013369917	cis
Lmf1	LOCAL	22.13299279	0.6653268789099085	cis
Anks1	LOCAL	19.50243744	0.624538828896971	cis
Hmga1-rs1	DISTANT	26.54393484	0.7286142304402241	trans
BC004004	LOCAL	18.97476867	0.6160319580995778	cis
Wdr4	LOCAL	29.88885041	0.773160402633244	cis
Commd7	DISTANT	18.04630563	0.6007712647921836	trans
Tsc2	LOCAL	16.97462029	0.5826597684755659	cis
Ppil1	LOCAL	24.29299737	0.6970365466745628	cis
Glo1	LOCAL	43.19833772	0.9294981196323099	cis
Uhrf1bp1	LOCAL	16.66966966	0.577402280217181	cis
Ndufv3	LOCAL	35.71106268	0.8451161184121386	cis
Cbs	LOCAL	33.41276337	0.8174688173869386	cis
Cyp4f13	LOCAL	22.87415998	0.6763750435963763	cis
Pglyrp2	LOCAL	27.93676591	0.747485998664858	cis
Cyp4f17	LOCAL	36.41337744	0.8533859319206053	cis
Cyp4f14	LOCAL	32.8570089	0.8106418308969751	cis
H2-Q4	LOCAL	21.38718985	0.6540212511837823	cis
H2-T23	LOCAL	53.73681417	1.0366948844283934	cis
Neu1	LOCAL	19.05964098	0.6174081466906636	cis
Pdia6	DISTANT	18.50669191	0.6083862574056058	trans
Cyp4f15	LOCAL	28.82376444	0.7592596978636493	cis
B2m	DISTANT	17.20307829	0.5865676140054104	trans
H2-K1	LOCAL	54.63815869	1.0453531335390926	cis
Psmb6	DISTANT	20.1177423	0.6343144693288968	trans
Psmb9	LOCAL	18.40787304	0.6067598048651541	cis
Vars	LOCAL	25.46895246	0.7137079579211654	cis
H2-Q10	LOCAL	44.42583918	0.9426116822955252	cis
H2-D1	LOCAL	46.15296856	0.960759788500747	cis
H2-Q7	LOCAL	50.90722997	1.0090315155633147	cis
D17H6S53E	LOCAL	28.68136701	0.7573818985161976	cis
H2-Q2	LOCAL	28.8391857	0.75946277986482	cis
Flot2	DISTANT	19.54223086	0.6251756690723016	trans
Flot1	LOCAL	17.88682141	0.5981107156706023	cis
Gnl1	LOCAL	29.21590174	0.7644069824380204	cis
Trim26	LOCAL	25.14358867	0.7091345241912849	cis
Vars2	LOCAL	33.62329259	0.8200401525535198	cis
Lrsam1	DISTANT	19.11038835	0.6182295423222672	trans
Eva1a	DISTANT	19.34792099	0.6220598201137894	trans
Hspa1b	LOCAL	17.48386715	0.5913352204968008	cis
Ndufb4	DISTANT	16.40008856	0.5727143888536415	trans
Cyp39a1	LOCAL	38.81443766	0.8810725016705493	cis
Slc29a1	LOCAL	19.18613156	0.6194534939767472	cis
Enpp4	LOCAL	44.97383081	0.9484074104518585	cis
Aars2	LOCAL	33.09806654	0.8136100606555944	cis
Dnph1	LOCAL	58.99776945	1.0862575150488027	cis
Ppp2r5d	LOCAL	20.33461822	0.6377243639692622	cis
Cnpy3	LOCAL	33.36410806	0.8168734058591943	cis
Gnmt	LOCAL	21.45161636	0.6550055932585614	cis
Tbcc	LOCAL	22.2014591	0.6663551470499797	cis
Tmem63b	LOCAL	16.98648247	0.5828633196556462	cis
Oard1	LOCAL	57.46641405	1.0720672931304265	cis
Mocs1	LOCAL	18.29503925	0.6048973342642534	cis
Mocs1	LOCAL	29.20000476	0.7641989892691562	cis
Rapgef4	DISTANT	16.15549452	0.5684275595007688	trans
Pfkl	DISTANT	16.32868336	0.5714662432725138	trans
Klc4	LOCAL	21.13442731	0.6501450193610653	cis
Plcl2	LOCAL	44.40890131	0.9424319743090214	cis
Atxn1	DISTANT	28.2654913	0.7518708838623823	trans
Sult1c2	LOCAL	27.33150636	0.739344390118705	cis
Polr1a	DISTANT	16.70224829	0.5779662324046276	trans
Clpp	LOCAL	22.38928355	0.6691678944779105	cis
Tnfaip8l1	LOCAL	23.63258076	0.6874966292281003	cis
Scamp5	DISTANT	29.09606303	0.7628376371155268	trans
Nudt12	LOCAL	19.49069038	0.6243507088167675	cis
Plec	DISTANT	19.21884824	0.6199814229474945	trans
Gpr108	LOCAL	24.4993174	0.6999902485035059	cis
Man2a1	LOCAL	16.48577596	0.5742086025130588	cis
Rab32	DISTANT	18.22501991	0.6037386837034712	trans
BC003331	DISTANT	16.45905305	0.5737430269728775	trans
Nmt1	DISTANT	17.73324853	0.595537547598806	trans
Ccnd1	DISTANT	27.92763596	0.7473638465968233	trans
Tmpo	DISTANT	16.50489082	0.5745413965938398	trans
Lclat1	LOCAL	19.6653687	0.6271422278877415	cis
Impad1	DISTANT	19.1229092	0.6184320366863282	trans
Xdh	LOCAL	31.37739652	0.7921792287102711	cis
Spast	LOCAL	36.66010783	0.8562722444409838	cis
Oxnad1	DISTANT	16.49342958	0.5743418769339391	trans
Ddx1	DISTANT	16.28847199	0.5707621569445542	trans
Strn	LOCAL	21.59851615	0.6572444925596562	cis
Ndufaf7	LOCAL	63.46960998	1.1266730668654505	cis
Prkd3	LOCAL	26.34182967	0.7258351006943657	cis
Rmdn2	LOCAL	34.26028154	0.8277714846502023	cis
Fez2	LOCAL	27.64142138	0.7435243288554855	cis
Eml4	LOCAL	52.08755479	1.020662086980799	cis
Cox7a2l	LOCAL	30.51283729	0.7811893149550883	cis
Trafd1	DISTANT	23.18912828	0.6810158335897926	trans
Abcg8	LOCAL	22.48790547	0.670640074406533	cis
Haao	LOCAL	32.57416745	0.807145184585772	cis
Thada	LOCAL	23.49884983	0.6855486828810919	cis
Wdr37	DISTANT	16.42318374	0.573117505229076	trans
Mrps25	DISTANT	17.73100463	0.5954998678421348	trans
Slc17a5	DISTANT	21.88246201	0.6615506331340029	trans
Slc3a1	LOCAL	31.06117106	0.7881772777744864	cis
Srbd1	LOCAL	21.50385194	0.6558025913337031	cis
Lcp1	DISTANT	18.28712256	0.6047664435135269	trans
Msh6	LOCAL	18.01583425	0.600263846154339	cis
Ppp1r21	LOCAL	20.60351316	0.6419269921104735	cis
Saa2	DISTANT	22.74023513	0.6743920985598808	trans
Kif5b	LOCAL	28.5547162	0.7557078297860887	cis
Mpp7	LOCAL	44.55835703	0.9440164938177722	cis
Klc4	DISTANT	26.10189627	0.7225219203595141	trans
Mocs1	DISTANT	16.70913821	0.5780854298457971	trans
Abhd3	LOCAL	29.05464138	0.7622944494091506	cis
Riok3	LOCAL	21.7956892	0.6602376723574626	cis
Npc1	LOCAL	39.46305171	0.8884036437340855	cis
Osbpl1a	LOCAL	35.22018954	0.8392876686810071	cis
Wdfy2	DISTANT	22.46227447	0.6702577783211472	trans
Tfrc	DISTANT	17.40220932	0.5899526984428497	trans
3110040N11Rik	DISTANT	24.55464329	0.7007801836524774	trans
Ankrd44	DISTANT	19.58865583	0.625917819366089	trans
Dsg2	LOCAL	18.92647688	0.6152475417260925	cis
Galnt1	LOCAL	16.12127639	0.5678252616782736	cis
Dsc2	LOCAL	21.10560401	0.6497015316281777	cis
Mocos	LOCAL	23.5485181	0.6862728043569846	cis
Mapre2	LOCAL	20.82612463	0.6453855379538652	cis
Rpap1	DISTANT	17.61312713	0.5935170954572412	trans
Ppp1r9b	DISTANT	24.58640139	0.7012332192644612	trans
Ckb	DISTANT	16.47475613	0.5740166570753849	trans
Stard4	LOCAL	40.90339127	0.9044710196573464	cis
Reep5	LOCAL	26.69246691	0.730649942311638	cis
Sil1	LOCAL	49.89590934	0.9989585510920862	cis
Hars2	LOCAL	16.54554581	0.575248569055152	cis
Sra1	LOCAL	29.43122833	0.7672187214869043	cis
Ube2g1	DISTANT	16.90273475	0.5814247113771481	trans
Gnpda1	LOCAL	17.49548973	0.5915317359195532	cis
1110038F14Rik	DISTANT	25.19061726	0.7097973972902408	trans
Fgf1	LOCAL	27.32245318	0.7392219312222819	cis
Hpd	DISTANT	18.06921064	0.6011524039709065	trans
Acy1	DISTANT	16.47816151	0.5740759794661331	trans
Tbck	DISTANT	16.14666707	0.568272242327566	trans
Lars	LOCAL	18.12306467	0.6020475839998032	cis
Immt	DISTANT	16.23519798	0.5698280087886168	trans
Ythdc2	LOCAL	23.24600424	0.6818504856638294	cis
Dpysl3	LOCAL	19.74421383	0.6283981831609636	cis
Ints6	DISTANT	18.89035516	0.6146601526046731	trans
Smurf1	DISTANT	29.53484081	0.7685680296499457	trans
Gigyf1	DISTANT	23.73014967	0.6889143585381278	trans
Acox3	DISTANT	19.03557003	0.6170181525692741	trans
Chn2	DISTANT	17.11257674	0.5850226788766398	trans
Iigp1	LOCAL	49.62888804	0.9962819685209604	cis
Isoc1	LOCAL	26.28221826	0.7250133551873372	cis
Gm4951	LOCAL	46.88140874	0.9683120234717733	cis
Tcof1	LOCAL	19.01065545	0.6166142302931388	cis
Bin3	DISTANT	20.02423631	0.6328386257174888	trans
Napg	LOCAL	28.44280319	0.7542254727864871	cis
Mgam	DISTANT	16.93187902	0.5819257516212872	trans
Sptbn2	DISTANT	16.76368124	0.5790281727170103	trans
Gck	DISTANT	17.56030389	0.5926264234743504	trans
Slc36a1	DISTANT	30.29281445	0.7783677080917476	trans
Impa2	LOCAL	24.96258922	0.7065775147851792	cis
Afg3l2	LOCAL	19.72659752	0.6281177838590466	cis
Zcchc11	DISTANT	19.41078282	0.6230695437910604	trans
Lman1	LOCAL	18.55886255	0.6092431788703095	cis
Lonp2	DISTANT	16.19091984	0.5690504343201928	trans
Timd4	DISTANT	33.70144738	0.8209926598941065	trans
Nars	LOCAL	16.27522402	0.5705299995618109	cis
Ttc36	DISTANT	17.82370225	0.5970544740641343	trans
Lyrm4	DISTANT	16.54402835	0.5752221892451647	trans
Me2	LOCAL	21.50975502	0.6558925982201659	cis
Ctif	LOCAL	31.35529397	0.7919001700972162	cis
Trpc4ap	DISTANT	20.89594172	0.6464664217111358	trans
Hdhd2	LOCAL	45.9601434	0.958750680834178	cis
Otud7b	DISTANT	17.06351461	0.5841834405390143	trans
Pqlc1	LOCAL	35.00525549	0.8367228392962631	cis
Thada	DISTANT	16.41091782	0.5729034442207518	trans
Car8	DISTANT	17.9322494	0.5988697587956834	trans
Zc3h7a	DISTANT	23.52898601	0.6859881341539371	trans
Cndp2	LOCAL	46.9888002	0.9694204474839594	cis
Plxna1	DISTANT	21.61007296	0.6574203063489902	trans
BC035947	DISTANT	24.16041322	0.6951318323886484	trans
Zadh2	LOCAL	28.65663677	0.7570553053773549	cis
BC021614	LOCAL	22.4946303	0.6707403417120518	cis
Os9	DISTANT	17.0241947	0.5835099776353443	trans
Coro1b	LOCAL	21.23799255	0.6517360286189494	cis
Hspa12a	DISTANT	29.34282922	0.7660656528000717	trans
Acy3	LOCAL	42.67984337	0.9239030616899155	cis
Snx15	LOCAL	16.47697942	0.574055387920016	cis
Unc93b1	LOCAL	27.58775401	0.7428021810684188	cis
Stom	DISTANT	20.85569161	0.6458435044188336	trans
Dpp3	LOCAL	41.57824056	0.9119017552346305	cis
Rhod	LOCAL	20.91421572	0.64674903509785	cis
Rab1b	LOCAL	17.7519062	0.5958507564818559	cis
Capn1	LOCAL	26.93278592	0.7339316851042745	cis
Ehd1	LOCAL	20.30401646	0.6372443245726085	cis
Slc22a30	LOCAL	25.38474441	0.7125271140104074	cis
Prdx5	LOCAL	27.15228394	0.7369163309358804	cis
Atl3	LOCAL	21.96657858	0.6628209197060696	cis
Slc3a2	LOCAL	20.08516041	0.6338006060268482	cis
Ttc9c	LOCAL	21.47383182	0.6553446699256812	cis
Asrgl1	LOCAL	29.0074776	0.7616754899561887	cis
Dak	LOCAL	34.41213721	0.829603968288484	cis
Tgfb1i1	DISTANT	26.80530864	0.7321927156152265	trans
Macrod1	LOCAL	27.81686022	0.7458801541802812	cis
Sdhaf2	LOCAL	24.64266468	0.7020351085237831	cis
Gm4952	LOCAL	44.73780053	0.945915435226638	cis
Mpeg1	LOCAL	25.71425227	0.7171366992422017	cis
9430016H08Rik	DISTANT	16.25764548	0.5702218073697287	trans
Angptl3	DISTANT	17.19646592	0.5864548732852342	trans
Lemd2	DISTANT	16.29479104	0.5708728586997284	trans
Vps13a	LOCAL	42.45088565	0.9214215718117305	cis
Rfk	LOCAL	30.0253186	0.7749234620270572	cis
Ppp4c	DISTANT	20.08761477	0.633839329325658	trans
Ptpn23	DISTANT	16.94822071	0.5822065047730058	trans
Xpo1	DISTANT	18.4171085	0.6069119952678478	trans
Chd2	DISTANT	20.6844543	0.6431866649737072	trans
Nmrk1	LOCAL	22.5625278	0.6717518559706405	cis
2410127L17Rik	LOCAL	40.96263782	0.9051258235184764	cis
Arid1a	DISTANT	26.08663225	0.7223106291617202	trans
Aldh1a1	LOCAL	34.11686439	0.8260370983194399	cis
Anxa1	LOCAL	44.02006723	0.9382970449703015	cis
Tmem2	LOCAL	24.92715692	0.7060758729768353	cis
Aldh2	DISTANT	17.39223393	0.5897835862415977	trans
Gda	LOCAL	49.55463768	0.9955364150044939	cis
Ptar1	LOCAL	18.67765943	0.6111899775029037	cis
Rpl28	DISTANT	16.65880101	0.5772140159420941	trans
Fxn	LOCAL	49.87551045	0.9987543286514456	cis
Cbwd1	LOCAL	19.16360264	0.6190896968937538	cis
Pgm5	LOCAL	24.66087988	0.7022945234016851	cis
Dock8	LOCAL	23.44583712	0.6847749574860342	cis
Rad21	DISTANT	16.45412888	0.5736571951958765	trans
Hspb1	DISTANT	20.70140389	0.6434501362188061	trans
Ak3	LOCAL	21.73985612	0.659391478865173	cis
Gldc	LOCAL	17.39602676	0.5898478915788375	cis
Ermp1	LOCAL	19.72952313	0.6281643595429464	cis
Mbl2	LOCAL	16.1815157	0.5688851500962211	cis
Ptprf	DISTANT	16.52071034	0.5748166723399731	trans
Cdc37l1	LOCAL	19.7389726	0.6283147714322814	cis
Minpp1	LOCAL	26.16150204	0.7233464182533843	cis
Asah2	LOCAL	28.52994839	0.7553800154888929	cis
Rnls	LOCAL	48.08602491	0.980673492147106	cis
Zc3h4	DISTANT	19.11730006	0.618341330658076	trans
Fas	LOCAL	21.5885287	0.6570925155562191	cis
Ide	LOCAL	21.61256231	0.6574581706846452	cis
Ttc5	DISTANT	28.57024682	0.7559133127548423	trans
Exoc2	DISTANT	16.78219793	0.5793478735612999	trans
Exoc8	DISTANT	20.77869907	0.6446502783680466	trans
Gdi1	DISTANT	19.48649471	0.6242835046675509	trans
Exoc7	DISTANT	22.09001267	0.6646805649332618	trans
Cyp2c68	LOCAL	27.28458088	0.7387094270415127	cis
Cyp2c55	LOCAL	19.24735362	0.6204410305581023	cis
Pdlim1	LOCAL	25.85138649	0.7190464030923178	cis
Pik3ap1	LOCAL	27.35948882	0.7397227699618283	cis
Hoga1	LOCAL	22.20587887	0.6664214712927548	cis
Entpd1	LOCAL	28.69964885	0.7576232421197227	cis
Pgam1	LOCAL	35.42774043	0.8417569771614608	cis
Pgam2	DISTANT	32.60454989	0.8075215153790022	trans
Sorbs1	LOCAL	16.18414645	0.568931392173081	cis
Mms19	LOCAL	16.72234466	0.5783138362515634	cis
Pi4k2a	LOCAL	16.91222255	0.5815878704030888	cis
Pyroxd2	LOCAL	35.70845352	0.8450852444576228	cis
Cwf19l1	LOCAL	29.26559701	0.7650568215498768	cis
Cutc	LOCAL	36.88521107	0.8588970959317536	cis
Abcc2	LOCAL	31.3508493	0.7918440414627113	cis
Cyp2c44	LOCAL	57.34071823	1.0708941892642803	cis
Sema4g	LOCAL	23.0977538	0.6796727712657025	cis
Sfxn2	LOCAL	39.43401804	0.8880767764106885	cis
Nt5c2	LOCAL	25.31017164	0.7114797486928212	cis
As3mt	LOCAL	22.90858987	0.6768838876794159	cis
9130011E15Rik	LOCAL	28.5461584	0.7555945791229579	cis
Slk	LOCAL	43.78585234	0.9357975458399108	cis
Gsto1	LOCAL	20.6475205	0.6426121769776854	cis
Arl3	LOCAL	26.66976342	0.7303391461506086	cis
Sfr1	LOCAL	22.54976283	0.671561804006154	cis
Myh9	DISTANT	16.36255972	0.5720587333482463	trans
Mcm5	DISTANT	24.31656778	0.6973746164006832	trans
Arhgef12	DISTANT	16.17818563	0.568826610312844	trans
Xpnpep1	LOCAL	17.68422954	0.594713873051571	cis
Habp2	LOCAL	16.49365584	0.5743458163859122	cis
Casp7	LOCAL	23.76363027	0.68940017798083	cis
Nhlrc2	LOCAL	25.32235182	0.7116509231357745	cis
Trub1	LOCAL	35.44704615	0.8419862962067732	cis
Gm10116	DISTANT	17.25632127	0.5874746168133564	trans
Tbce	DISTANT	19.06154372	0.617438964109004	trans
Prdx3	LOCAL	18.8711062	0.6143469085134229	cis
Ndrg1	DISTANT	16.95158686	0.5822643190167159	trans
Ftsj1	LOCAL	36.1413631	0.8501924852643665	cis
Praf2	LOCAL	28.7827522	0.7587193446855036	cis
Sh3d19	DISTANT	22.75909061	0.6746716328703912	trans
Rpe	DISTANT	23.3139946	0.6828469023141278	trans
Ttc1	DISTANT	21.49942297	0.655735052746153	trans
Skiv2l	DISTANT	22.42594683	0.6697155639523394	trans
Pdcd6	DISTANT	21.78700588	0.6601061411621618	trans
Anapc4	DISTANT	31.43833679	0.7929481293249893	trans
Sephs1	DISTANT	23.14645415	0.6803889203977385	trans
Nr3c2	DISTANT	36.91674065	0.8592641113185165	trans
Slc39a11	DISTANT	22.07750032	0.664492292205109	trans
Psma5	DISTANT	24.30203608	0.6971662080164241	trans
Psmb3	DISTANT	22.03809762	0.6638990528687324	trans
Tmub2	DISTANT	35.82637742	0.8464795026461066	trans
Psmb8	DISTANT	21.98168506	0.6630487924730728	trans
Yif1a	DISTANT	25.9256879	0.7200789942777112	trans
Ndrg2	DISTANT	22.27673181	0.6674838096912913	trans
Sh3bgrl3	DISTANT	23.45987734	0.684979960874769	trans
Hist1h1e	DISTANT	21.79813783	0.6602747584150102	trans
Thoc2	LOCAL	23.02288976	0.6785704054849431	cis
Mocs3	DISTANT	23.16832589	0.6807103038738286	trans
Dtx3l	DISTANT	27.10333196	0.7362517498790749	trans
Hc	DISTANT	21.60248015	0.6573048022036657	trans
D3Ertd751e	DISTANT	26.71740519	0.730991179016546	trans
Htatsf1	LOCAL	25.90674909	0.7198159360558781	cis
Gpc4	LOCAL	21.88957388	0.6616581274344026	cis
Capzb	DISTANT	22.35596287	0.6686697670748992	trans
Cyp4v3	DISTANT	21.68483894	0.6585565873939763	trans
Atp11c	LOCAL	22.63911089	0.6728909404948176	cis
Mtmr1	LOCAL	21.76480878	0.6597697898509752	cis
Mrps10	DISTANT	21.88230535	0.6615482650570553	trans
Tmbim6	DISTANT	21.82374969	0.6606625415444711	trans
Ablim1	DISTANT	21.58183334	0.6569906139359983	trans
Tmem30a	DISTANT	24.23130889	0.696150973424587	trans
Fam126a	DISTANT	27.12880744	0.736597684492695	trans
Pls3	LOCAL	44.16618511	0.9398530215943341	cis
Emd	LOCAL	21.5037177	0.6558005443730586	cis
Fgl1	DISTANT	26.01745088	0.7213522146635442	trans
Fmo5	DISTANT	21.68675362	0.6585856606395253	trans
Gyk	LOCAL	33.52573381	0.8188496053610821	cis
Atg12	DISTANT	23.4002907	0.6841095043923889	trans
Eprs	DISTANT	22.39928833	0.669317388538502	trans
Adh4	DISTANT	23.08431007	0.6794749453806226	trans
Cmbl	DISTANT	23.47284096	0.6851691902004935	trans
Nat8	DISTANT	26.0416586	0.7216877247120115	trans
Myo1b	DISTANT	21.52271262	0.6560901252114681	trans
Htatip2	DISTANT	22.5311578	0.671284705620499	trans
Fbxo9	DISTANT	32.01581186	0.8001976238405111	trans
Arhgap42	DISTANT	22.30514449	0.6679093425009116	trans
Klhdc7a	DISTANT	23.79795192	0.6898978463511826	trans
Adprhl2	DISTANT	23.63610675	0.6875479146939506	trans
Dennd5b	DISTANT	22.55185356	0.6715929356388437	trans
Babam1	DISTANT	23.77616033	0.689581907100237	trans
Mak16	DISTANT	35.95862762	0.8480404190839019	trans
Ndufs4	DISTANT	22.27505587	0.6674587008946695	trans
Rel	DISTANT	29.93100705	0.7737054613998793	trans
Alox5ap	DISTANT	35.97393319	0.8482208814925508	trans
Fbxl8	DISTANT	35.89072751	0.8472393700720003	trans
Tsc22d3	LOCAL	31.86592414	0.7983222925610934	cis
Tbc1d8b	LOCAL	29.99617516	0.774547289195437	cis
Rpl37	DISTANT	26.90667899	0.7335758855087863	trans
Crip2	DISTANT	22.73715203	0.6743463802824183	trans
Rin3	DISTANT	23.98366678	0.6925845331798856	trans
Slc9a8	DISTANT	28.54852932	0.7556259566743323	trans
Alas1	DISTANT	22.1025662	0.6648694037177526	trans
Fkbpl	DISTANT	40.72386557	0.9024839673922191	trans
Pfkfb1	LOCAL	34.99727168	0.8366274162373595	cis
Pfkfb1	LOCAL	36.9783994	0.8599813881706976	cis
Tsr2	LOCAL	25.79554972	0.7182694441503132	cis
Alas2	LOCAL	30.75269415	0.7842537108614788	cis
Pcx	DISTANT	21.80370883	0.660359126990761	trans
Prdx4	LOCAL	22.49427863	0.6707350986790538	cis
Acot9	LOCAL	23.21447547	0.6813879287160876	cis
Sms	LOCAL	29.5496158	0.7687602461105804	cis
Etfdh	DISTANT	23.04033308	0.6788274166531578	trans
Hook1	DISTANT	22.17426437	0.6659469103464629	trans
Ctps	DISTANT	25.71337451	0.7171244593513737	trans
Ctps2	LOCAL	44.33338794	0.9416303727047042	cis
Car5b	LOCAL	24.51899642	0.7002713248448775	cis
Rnf130	DISTANT	28.38134238	0.7534101456710017	trans
Pir	LOCAL	32.29277844	0.8036513975599121	cis
Pawr	DISTANT	28.02289837	0.7486374071605025	trans
Tat	DISTANT	23.72666087	0.6888637146780195	trans
Dhx57	DISTANT	32.67991192	0.8084542277705028	trans
Gm6768	DISTANT	36.57482264	0.8552756589544683	trans
Nadk	DISTANT	22.976446	0.6778856245709891	trans
Tdrd7	DISTANT	22.60712783	0.6724154642778525	trans
