snp_marker,PPI,DRUG,piQTL_EFFECTSIZE_abs,piQTL,eQTL,pQTL,overlap_category
chr7:951285,ERG11_ACF2,Metformin,1.08280352,ERG11_ACF2(Metformin);MID2_MAM33(Metformin),,MRP8;YNK1;RTC3;YBR053C; YBR0506;YMR090W; YM9582.15;YNR034W-A,pQTL_only
chr7:951285,MID2_MAM33,Metformin,1.068667727,ERG11_ACF2(Metformin);MID2_MAM33(Metformin),,MRP8;YNK1;RTC3;YBR053C; YBR0506;YMR090W; YM9582.15;YNR034W-A,pQTL_only
chr8:24772,ERG11_ORM2,Fluconazole,0.498385309,ERG11_ORM2(Fluconazole),RKM1,,eQTL_only
chr8:56351,ERG11_HYR1,Fluconazole,0.464346575,ERG11_HYR1(Fluconazole);SSH1_ERG11(Fluconazole),,,piQTL_only
chr8:56351,SSH1_ERG11,Fluconazole,0.572092679,ERG11_HYR1(Fluconazole);SSH1_ERG11(Fluconazole),,,piQTL_only
chr8:56424,ADE17_PGM2,Fluconazole,0.642006069,ADE17_PGM2(Fluconazole),,,piQTL_only
chr8:63915,ERG11_ORM2,Fluconazole,0.478470816,ERG11_ORM2(Fluconazole);ERV25_EMP47(Fluconazole),,,piQTL_only
chr8:63915,ERV25_EMP47,Fluconazole,0.654032395,ERG11_ORM2(Fluconazole);ERV25_EMP47(Fluconazole),,,piQTL_only
chr8:62723,SSH1_ERG11,Fluconazole,0.669623827,SSH1_ERG11(Fluconazole),,,piQTL_only
chr8:65889,ERG11_ORM2,Fluconazole,0.478624569,ERG11_ORM2(Fluconazole);ERV25_ORM2(Fluconazole),,YPK1; SLI2,pQTL_only
chr8:65889,ERV25_ORM2,Fluconazole,0.601885803,ERG11_ORM2(Fluconazole);ERV25_ORM2(Fluconazole),,YPK1; SLI2,pQTL_only
chr8:71740,ERV25_ERG5,Fluconazole,0.567007721,ERV25_ERG5(Fluconazole),,,piQTL_only
chr8:72021,ERV25_ERG5,Fluconazole,1.162580474,ERV25_ERG5(Fluconazole),,,piQTL_only
chr8:74739,DHH1_LSM3,Fluconazole,0.624449892,DHH1_LSM3(Fluconazole);ERV25_ERG5(Fluconazole);ERV25_ORM2(Fluconazole);GTR1_SLM4(Fluconazole),,FAA1,pQTL_only
chr8:74739,ERV25_ERG5,Fluconazole,0.636048086,DHH1_LSM3(Fluconazole);ERV25_ERG5(Fluconazole);ERV25_ORM2(Fluconazole);GTR1_SLM4(Fluconazole),,FAA1,pQTL_only
chr8:74739,ERV25_ORM2,Fluconazole,0.644052627,DHH1_LSM3(Fluconazole);ERV25_ERG5(Fluconazole);ERV25_ORM2(Fluconazole);GTR1_SLM4(Fluconazole),,FAA1,pQTL_only
chr8:74739,GTR1_SLM4,Fluconazole,0.474945549,DHH1_LSM3(Fluconazole);ERV25_ERG5(Fluconazole);ERV25_ORM2(Fluconazole);GTR1_SLM4(Fluconazole),,FAA1,pQTL_only
chr8:120385,ERG11_HYR1,Fluconazole,0.465339011,ERG11_HYR1(Fluconazole);ERV25_ERG5(Fluconazole),,,piQTL_only
chr8:122655,ERG11_ORM2,Fluconazole,0.497536302,ERG11_ORM2(Fluconazole),,,piQTL_only
chr8:122347,ERG11_PIS1,Fluconazole,0.491823818,ERG11_PIS1(Fluconazole),,ENO1,pQTL_only
chr8:120385,ERV25_ERG5,Fluconazole,0.558835946,ERG11_HYR1(Fluconazole);ERV25_ERG5(Fluconazole),,,piQTL_only
chr1:29787,ALO1_UIP4,Trifluoperazine,3.592200172,ALO1_UIP4(Trifluoperazine);MID2_PIN2(Trifluoperazine);MID2_PIN2(noDrug);RET2_EMP47(Trifluoperazine);TPO1_TPO2(Trifluoperazine);TPO1_TPO2(noDrug),,,piQTL_only
chr1:29787,MID2_PIN2,Trifluoperazine,3.570787869,ALO1_UIP4(Trifluoperazine);MID2_PIN2(Trifluoperazine);MID2_PIN2(noDrug);RET2_EMP47(Trifluoperazine);TPO1_TPO2(Trifluoperazine);TPO1_TPO2(noDrug),,,piQTL_only
chr1:29787,MID2_PIN2,noDrug,3.778868856,ALO1_UIP4(Trifluoperazine);MID2_PIN2(Trifluoperazine);MID2_PIN2(noDrug);RET2_EMP47(Trifluoperazine);TPO1_TPO2(Trifluoperazine);TPO1_TPO2(noDrug),,,piQTL_only
chr1:29787,RET2_EMP47,Trifluoperazine,2.595290478,ALO1_UIP4(Trifluoperazine);MID2_PIN2(Trifluoperazine);MID2_PIN2(noDrug);RET2_EMP47(Trifluoperazine);TPO1_TPO2(Trifluoperazine);TPO1_TPO2(noDrug),,,piQTL_only
chr1:29787,TPO1_TPO2,Trifluoperazine,3.79676472,ALO1_UIP4(Trifluoperazine);MID2_PIN2(Trifluoperazine);MID2_PIN2(noDrug);RET2_EMP47(Trifluoperazine);TPO1_TPO2(Trifluoperazine);TPO1_TPO2(noDrug),,,piQTL_only
chr1:29787,TPO1_TPO2,noDrug,4.206123235,ALO1_UIP4(Trifluoperazine);MID2_PIN2(Trifluoperazine);MID2_PIN2(noDrug);RET2_EMP47(Trifluoperazine);TPO1_TPO2(Trifluoperazine);TPO1_TPO2(noDrug),,,piQTL_only
chr8:452328,MID2_TPO2,Fluconazole,1.244096944,MID2_TPO2(Fluconazole),,,piQTL_only
chr8:455783,MID2_TPO2,Fluconazole,0.672005177,MID2_TPO2(Fluconazole),,GOR1,pQTL_only
chr8:531108,SNA4_VAC8,Trifluoperazine,0.95851484,SNA4_VAC8(Trifluoperazine),,,piQTL_only
chr9:144955,HNM1_TPO4,Fluconazole,0.600660526,HNM1_TPO4(Fluconazole),,ABF2; HIM1;ARO4;GAD1;DUG1;HSP104;HXK2;MRX4;PRY1;ADE6,pQTL_only
chr9:198256,ERG11_ORM2,Metformin,0.274120574,ERG11_ORM2(Metformin),,,piQTL_only
chr9:198850,ERG11_ORM2,Metformin,0.278778237,ERG11_ORM2(Metformin),,,piQTL_only
chr9:204151,SNA4_VAC8,Metformin,0.332902188,SNA4_VAC8(Metformin),,,piQTL_only
chr9:226182,ALO1_ADE17,Fluconazole,0.704412211,ALO1_ADE17(Fluconazole);HUG1_ALO1(Fluconazole),,,piQTL_only
chr9:226182,HUG1_ALO1,Fluconazole,0.736458984,ALO1_ADE17(Fluconazole);HUG1_ALO1(Fluconazole),,,piQTL_only
chr9:242937,ALO1_ADE17,Fluconazole,0.711954684,ALO1_ADE17(Fluconazole),,,piQTL_only
chr9:243786,HNM1_TPO2,Fluconazole,0.586869005,HNM1_TPO2(Fluconazole),,,piQTL_only
chr9:243951,ALO1_ADE17,Fluconazole,1.325522539,ALO1_ADE17(Fluconazole),,,piQTL_only
chr9:244863,ALO1_ADE17,Fluconazole,0.663241049,ALO1_ADE17(Fluconazole),,,piQTL_only
chr9:250484,ALO1_ADE17,5-FC,0.667930125,ALO1_ADE17(5-FC);ALO1_ADE17(Metformin);ALO1_ADE17(Trifluoperazine);ERV25_UIP4(noDrug),,GGC1,pQTL_only
chr9:249625,ALO1_ADE17,Fluconazole,0.838136636,ALO1_ADE17(Fluconazole),,YMR090W; YM9582.15,pQTL_only
chr9:250484,ALO1_ADE17,Metformin,0.524286711,ALO1_ADE17(5-FC);ALO1_ADE17(Metformin);ALO1_ADE17(Trifluoperazine);ERV25_UIP4(noDrug),,GGC1,pQTL_only
chr9:250484,ALO1_ADE17,Trifluoperazine,0.645805735,ALO1_ADE17(5-FC);ALO1_ADE17(Metformin);ALO1_ADE17(Trifluoperazine);ERV25_UIP4(noDrug),,GGC1,pQTL_only
chr9:254003,ERG27_ACF2,Metformin,0.492172978,ERG27_ACF2(Metformin);HNM1_RBD2(Metformin);TPO1_MID2(Fluconazole);TPO1_TCB2(Metformin);TPO1_TPO2(noDrug),,,piQTL_only
chr9:250581,ERV25_EMP47,noDrug,0.615336447,ERV25_EMP47(noDrug),,,piQTL_only
chr9:250484,ERV25_UIP4,noDrug,0.638152875,ALO1_ADE17(5-FC);ALO1_ADE17(Metformin);ALO1_ADE17(Trifluoperazine);ERV25_UIP4(noDrug),,GGC1,pQTL_only
chr9:254003,HNM1_RBD2,Metformin,0.426433651,ERG27_ACF2(Metformin);HNM1_RBD2(Metformin);TPO1_MID2(Fluconazole);TPO1_TCB2(Metformin);TPO1_TPO2(noDrug),,,piQTL_only
chr9:251030,HUG1_ADE17,Fluconazole,0.553619638,HUG1_ADE17(Fluconazole),,,piQTL_only
chr9:254003,TPO1_MID2,Fluconazole,0.588021956,ERG27_ACF2(Metformin);HNM1_RBD2(Metformin);TPO1_MID2(Fluconazole);TPO1_TCB2(Metformin);TPO1_TPO2(noDrug),,,piQTL_only
chr9:254003,TPO1_TCB2,Metformin,0.547219737,ERG27_ACF2(Metformin);HNM1_RBD2(Metformin);TPO1_MID2(Fluconazole);TPO1_TCB2(Metformin);TPO1_TPO2(noDrug),,,piQTL_only
chr9:254003,TPO1_TPO2,noDrug,0.65830148,ERG27_ACF2(Metformin);HNM1_RBD2(Metformin);TPO1_MID2(Fluconazole);TPO1_TCB2(Metformin);TPO1_TPO2(noDrug),,,piQTL_only
chr9:254311,ALO1_ADE17,5-FC,0.716956424,ALO1_ADE17(5-FC);ALO1_ADE17(Trifluoperazine);ERV25_EMP47(noDrug),,,piQTL_only
chr9:254311,ALO1_ADE17,Trifluoperazine,0.612513886,ALO1_ADE17(5-FC);ALO1_ADE17(Trifluoperazine);ERV25_EMP47(noDrug),,,piQTL_only
chr9:254355,ALO1_ADE17,noDrug,0.664125436,ALO1_ADE17(noDrug),,,piQTL_only
chr9:254108,ALO1_HYR1,Fluconazole,0.66083254,ALO1_HYR1(Fluconazole);HNM1_RBD2(Metformin),,,piQTL_only
chr9:254311,ERV25_EMP47,noDrug,0.635842376,ALO1_ADE17(5-FC);ALO1_ADE17(Trifluoperazine);ERV25_EMP47(noDrug),,,piQTL_only
chr9:254108,HNM1_RBD2,Metformin,0.401959781,ALO1_HYR1(Fluconazole);HNM1_RBD2(Metformin),,,piQTL_only
chr9:257575,ALO1_ADE17,5-FC,0.70500492,ALO1_ADE17(5-FC);ALO1_ADE17(Trifluoperazine);ERV25_EMP47(noDrug);HUG1_ADE17(5-FC),,,piQTL_only
chr9:257575,ALO1_ADE17,Trifluoperazine,0.604125975,ALO1_ADE17(5-FC);ALO1_ADE17(Trifluoperazine);ERV25_EMP47(noDrug);HUG1_ADE17(5-FC),,,piQTL_only
chr9:257575,ERV25_EMP47,noDrug,0.640246671,ALO1_ADE17(5-FC);ALO1_ADE17(Trifluoperazine);ERV25_EMP47(noDrug);HUG1_ADE17(5-FC),,,piQTL_only
chr9:257575,HUG1_ADE17,5-FC,0.564390945,ALO1_ADE17(5-FC);ALO1_ADE17(Trifluoperazine);ERV25_EMP47(noDrug);HUG1_ADE17(5-FC),,,piQTL_only
chr9:260947,HUG1_ADE17,5-FC,1.259447854,HUG1_ADE17(5-FC);MID2_TPO4(Fluconazole),,ECM19;HSP26,pQTL_only
chr9:260947,MID2_TPO4,Fluconazole,1.408734614,HUG1_ADE17(5-FC);MID2_TPO4(Fluconazole),,ECM19;HSP26,pQTL_only
chr9:261156,ALO1_ADE17,5-FC,0.701719158,ALO1_ADE17(5-FC);ALO1_ADE17(Trifluoperazine);ALO1_ADE17(noDrug),,,piQTL_only
chr9:261156,ALO1_ADE17,Trifluoperazine,0.586845365,ALO1_ADE17(5-FC);ALO1_ADE17(Trifluoperazine);ALO1_ADE17(noDrug),,,piQTL_only
chr9:261156,ALO1_ADE17,noDrug,0.659866676,ALO1_ADE17(5-FC);ALO1_ADE17(Trifluoperazine);ALO1_ADE17(noDrug),,,piQTL_only
chr9:264604,ERV25_EMP47,noDrug,0.632063781,ERV25_EMP47(noDrug),,,piQTL_only
chr9:270121,ALO1_HYR1,5-FC,0.535033186,ALO1_HYR1(5-FC);ALO1_HYR1(Metformin);ERG27_ACF2(Metformin);HUG1_ALO1(5-FC),AGE2;LSM1;YJL107C;YNR029C,,eQTL_only
chr9:270121,ALO1_HYR1,Metformin,0.468369867,ALO1_HYR1(5-FC);ALO1_HYR1(Metformin);ERG27_ACF2(Metformin);HUG1_ALO1(5-FC),AGE2;LSM1;YJL107C;YNR029C,,eQTL_only
chr9:270121,ERG27_ACF2,Metformin,0.507405298,ALO1_HYR1(5-FC);ALO1_HYR1(Metformin);ERG27_ACF2(Metformin);HUG1_ALO1(5-FC),AGE2;LSM1;YJL107C;YNR029C,,eQTL_only
chr9:270121,HUG1_ALO1,5-FC,0.67590631,ALO1_HYR1(5-FC);ALO1_HYR1(Metformin);ERG27_ACF2(Metformin);HUG1_ALO1(5-FC),AGE2;LSM1;YJL107C;YNR029C,,eQTL_only
chr9:270686,DHH1_LSM3,noDrug,1.091562269,DHH1_LSM3(noDrug);RET2_EMP70(Metformin);RET2_EMP70(Trifluoperazine);RET2_SNA3(Trifluoperazine);RET2_SNA3(noDrug),,PSA1,pQTL_only
chr9:270686,RET2_EMP70,Metformin,0.747438595,DHH1_LSM3(noDrug);RET2_EMP70(Metformin);RET2_EMP70(Trifluoperazine);RET2_SNA3(Trifluoperazine);RET2_SNA3(noDrug),,PSA1,pQTL_only
chr9:270686,RET2_EMP70,Trifluoperazine,0.794433686,DHH1_LSM3(noDrug);RET2_EMP70(Metformin);RET2_EMP70(Trifluoperazine);RET2_SNA3(Trifluoperazine);RET2_SNA3(noDrug),,PSA1,pQTL_only
chr9:270686,RET2_SNA3,Trifluoperazine,0.761299218,DHH1_LSM3(noDrug);RET2_EMP70(Metformin);RET2_EMP70(Trifluoperazine);RET2_SNA3(Trifluoperazine);RET2_SNA3(noDrug),,PSA1,pQTL_only
chr9:270686,RET2_SNA3,noDrug,0.725296525,DHH1_LSM3(noDrug);RET2_EMP70(Metformin);RET2_EMP70(Trifluoperazine);RET2_SNA3(Trifluoperazine);RET2_SNA3(noDrug),,PSA1,pQTL_only
chr10:114907,HNM1_RBD2,Fluconazole,0.845430752,HNM1_RBD2(Fluconazole),,,piQTL_only
chr2:393340,SRO9_GIS2,5-FC,4.798446914,SRO9_GIS2(5-FC),,,piQTL_only
chr2:400847,ERG11_TPO4,Fluconazole,0.496157031,ERG11_TPO4(Fluconazole),,,piQTL_only
chr10:314882,RET2_EMP47,Fluconazole,0.395930029,RET2_EMP47(Fluconazole),,,piQTL_only
chr10:359824,ERG11_ERV25,noDrug,0.766103648,ERG11_ERV25(noDrug);MID2_TPO4(noDrug),,ACO2;ATP15;CCT8,pQTL_only
chr10:359824,MID2_TPO4,noDrug,0.934044293,ERG11_ERV25(noDrug);MID2_TPO4(noDrug),,ACO2;ATP15;CCT8,pQTL_only
chr2:409016,ERG11_TPO4,Fluconazole,0.51659538,ERG11_TPO4(Fluconazole),,,piQTL_only
chr2:422349,ERG11_TPO4,Fluconazole,0.514252965,ERG11_TPO4(Fluconazole),,,piQTL_only
chr10:618031,RET2_SNA3,Fluconazole,0.439728292,RET2_SNA3(Fluconazole),,TKL2,pQTL_only
chr10:620344,HUG1_ADE17,5-FC,1.060573905,HUG1_ADE17(5-FC),,,piQTL_only
chr2:455029,PLM2_HNM1,Fluconazole,0.55909594,PLM2_HNM1(Fluconazole),,RPL5,pQTL_only
chr2:476732,PLM2_HNM1,Fluconazole,0.655866383,PLM2_HNM1(Fluconazole),MRX3;ASK10,,eQTL_only
chr11:195507,ALO1_UIP4,5-FC,0.648233074,ALO1_UIP4(5-FC);ALO1_UIP4(Trifluoperazine),,,piQTL_only
chr11:195507,ALO1_UIP4,Trifluoperazine,0.587632641,ALO1_UIP4(5-FC);ALO1_UIP4(Trifluoperazine),,,piQTL_only
chr11:191520,ERG11_ACF2,Trifluoperazine,0.57867792,ERG11_ACF2(Trifluoperazine);ERG27_ACF2(noDrug);ERV25_ERG5(5-FC);ERV25_ERG5(Trifluoperazine);FMP45_MEP1(Trifluoperazine);FMP45_MEP1(noDrug);PMC1_CTR2(noDrug),,ARG8,pQTL_only
chr11:191520,ERG27_ACF2,noDrug,0.595386061,ERG11_ACF2(Trifluoperazine);ERG27_ACF2(noDrug);ERV25_ERG5(5-FC);ERV25_ERG5(Trifluoperazine);FMP45_MEP1(Trifluoperazine);FMP45_MEP1(noDrug);PMC1_CTR2(noDrug),,ARG8,pQTL_only
chr11:191520,ERV25_ERG5,5-FC,0.536761124,ERG11_ACF2(Trifluoperazine);ERG27_ACF2(noDrug);ERV25_ERG5(5-FC);ERV25_ERG5(Trifluoperazine);FMP45_MEP1(Trifluoperazine);FMP45_MEP1(noDrug);PMC1_CTR2(noDrug),,ARG8,pQTL_only
chr11:191520,ERV25_ERG5,Trifluoperazine,0.527975932,ERG11_ACF2(Trifluoperazine);ERG27_ACF2(noDrug);ERV25_ERG5(5-FC);ERV25_ERG5(Trifluoperazine);FMP45_MEP1(Trifluoperazine);FMP45_MEP1(noDrug);PMC1_CTR2(noDrug),,ARG8,pQTL_only
chr11:191520,FMP45_MEP1,Trifluoperazine,0.527831014,ERG11_ACF2(Trifluoperazine);ERG27_ACF2(noDrug);ERV25_ERG5(5-FC);ERV25_ERG5(Trifluoperazine);FMP45_MEP1(Trifluoperazine);FMP45_MEP1(noDrug);PMC1_CTR2(noDrug),,ARG8,pQTL_only
chr11:191520,FMP45_MEP1,noDrug,0.573932911,ERG11_ACF2(Trifluoperazine);ERG27_ACF2(noDrug);ERV25_ERG5(5-FC);ERV25_ERG5(Trifluoperazine);FMP45_MEP1(Trifluoperazine);FMP45_MEP1(noDrug);PMC1_CTR2(noDrug),,ARG8,pQTL_only
chr11:191520,PMC1_CTR2,noDrug,0.653262587,ERG11_ACF2(Trifluoperazine);ERG27_ACF2(noDrug);ERV25_ERG5(5-FC);ERV25_ERG5(Trifluoperazine);FMP45_MEP1(Trifluoperazine);FMP45_MEP1(noDrug);PMC1_CTR2(noDrug),,ARG8,pQTL_only
chr11:196565,ALO1_UIP4,5-FC,0.627095125,ALO1_UIP4(5-FC),,,piQTL_only
chr11:196914,ALO1_UIP4,Trifluoperazine,0.56995044,ALO1_UIP4(Trifluoperazine),,,piQTL_only
chr11:196560,PMC1_CTR2,noDrug,0.629425214,PMC1_CTR2(noDrug),,,piQTL_only
chr11:234262,GTR1_SLM4,Trifluoperazine,0.796179537,GTR1_SLM4(Trifluoperazine),,NOP1; LOT3;ISD11,pQTL_only
chr11:294571,ADE17_GIS2,Fluconazole,0.488152931,ADE17_GIS2(Fluconazole),,,piQTL_only
chr11:285782,ADE17_HYR1,Fluconazole,0.467677297,ADE17_HYR1(Fluconazole),,MDH1;MNN2,pQTL_only
chr11:286321,ERV25_PIS1,Fluconazole,0.569510235,ERV25_PIS1(Fluconazole),,,piQTL_only
chr11:307267,SRO9_GIS2,5-FC,4.673893261,SRO9_GIS2(5-FC),,,piQTL_only
chr11:350701,DHH1_LSM3,Metformin,0.269925191,DHH1_LSM3(Metformin),,,piQTL_only
chr11:355187,DHH1_LSM3,Metformin,0.308439893,DHH1_LSM3(Metformin),,,piQTL_only
chr11:360267,DHH1_LSM3,Metformin,0.280485791,DHH1_LSM3(Metformin),SPG1;VPS24;PLB3,,eQTL_only
chr11:463846,ERG11_PIS1,Metformin,0.29959742,ERG11_PIS1(Metformin),PRY2,,eQTL_only
chr2:538990,ADE17_HYR1,Metformin,0.488727156,ADE17_HYR1(Metformin);ADE17_HYR1(noDrug);ERV25_PIS1(Fluconazole);FMP45_MEP1(Fluconazole);FMP45_MID2(Fluconazole);RET2_EMP47(Fluconazole);RET2_EMP70(Fluconazole);TPO1_TCB2(Fluconazole),,CKS1,pQTL_only
chr2:538990,ADE17_HYR1,noDrug,0.628891311,ADE17_HYR1(Metformin);ADE17_HYR1(noDrug);ERV25_PIS1(Fluconazole);FMP45_MEP1(Fluconazole);FMP45_MID2(Fluconazole);RET2_EMP47(Fluconazole);RET2_EMP70(Fluconazole);TPO1_TCB2(Fluconazole),,CKS1,pQTL_only
chr2:538868,ERG11_ERV25,noDrug,0.429143668,ERG11_ERV25(noDrug);FMP45_MID2(noDrug);PMC1_GTR2(noDrug);SRO9_GIS2(noDrug);TPO1_TPO2(Fluconazole);TPO1_TPO2(noDrug),,,piQTL_only
chr2:538990,ERV25_PIS1,Fluconazole,0.567570224,ADE17_HYR1(Metformin);ADE17_HYR1(noDrug);ERV25_PIS1(Fluconazole);FMP45_MEP1(Fluconazole);FMP45_MID2(Fluconazole);RET2_EMP47(Fluconazole);RET2_EMP70(Fluconazole);TPO1_TCB2(Fluconazole),,CKS1,pQTL_only
chr2:538990,FMP45_MEP1,Fluconazole,0.610875152,ADE17_HYR1(Metformin);ADE17_HYR1(noDrug);ERV25_PIS1(Fluconazole);FMP45_MEP1(Fluconazole);FMP45_MID2(Fluconazole);RET2_EMP47(Fluconazole);RET2_EMP70(Fluconazole);TPO1_TCB2(Fluconazole),,CKS1,pQTL_only
chr2:538990,FMP45_MID2,Fluconazole,0.668971695,ADE17_HYR1(Metformin);ADE17_HYR1(noDrug);ERV25_PIS1(Fluconazole);FMP45_MEP1(Fluconazole);FMP45_MID2(Fluconazole);RET2_EMP47(Fluconazole);RET2_EMP70(Fluconazole);TPO1_TCB2(Fluconazole),,CKS1,pQTL_only
chr2:538868,FMP45_MID2,noDrug,0.550704624,ERG11_ERV25(noDrug);FMP45_MID2(noDrug);PMC1_GTR2(noDrug);SRO9_GIS2(noDrug);TPO1_TPO2(Fluconazole);TPO1_TPO2(noDrug),,,piQTL_only
chr2:538868,PMC1_GTR2,noDrug,0.666610162,ERG11_ERV25(noDrug);FMP45_MID2(noDrug);PMC1_GTR2(noDrug);SRO9_GIS2(noDrug);TPO1_TPO2(Fluconazole);TPO1_TPO2(noDrug),,,piQTL_only
chr2:538990,RET2_EMP47,Fluconazole,0.426566104,ADE17_HYR1(Metformin);ADE17_HYR1(noDrug);ERV25_PIS1(Fluconazole);FMP45_MEP1(Fluconazole);FMP45_MID2(Fluconazole);RET2_EMP47(Fluconazole);RET2_EMP70(Fluconazole);TPO1_TCB2(Fluconazole),,CKS1,pQTL_only
chr2:538990,RET2_EMP70,Fluconazole,0.428843453,ADE17_HYR1(Metformin);ADE17_HYR1(noDrug);ERV25_PIS1(Fluconazole);FMP45_MEP1(Fluconazole);FMP45_MID2(Fluconazole);RET2_EMP47(Fluconazole);RET2_EMP70(Fluconazole);TPO1_TCB2(Fluconazole),,CKS1,pQTL_only
chr2:538868,SRO9_GIS2,noDrug,0.496232036,ERG11_ERV25(noDrug);FMP45_MID2(noDrug);PMC1_GTR2(noDrug);SRO9_GIS2(noDrug);TPO1_TPO2(Fluconazole);TPO1_TPO2(noDrug),,,piQTL_only
chr2:538990,TPO1_TCB2,Fluconazole,0.811742581,ADE17_HYR1(Metformin);ADE17_HYR1(noDrug);ERV25_PIS1(Fluconazole);FMP45_MEP1(Fluconazole);FMP45_MID2(Fluconazole);RET2_EMP47(Fluconazole);RET2_EMP70(Fluconazole);TPO1_TCB2(Fluconazole),,CKS1,pQTL_only
chr2:538868,TPO1_TPO2,Fluconazole,0.657674079,ERG11_ERV25(noDrug);FMP45_MID2(noDrug);PMC1_GTR2(noDrug);SRO9_GIS2(noDrug);TPO1_TPO2(Fluconazole);TPO1_TPO2(noDrug),,,piQTL_only
chr2:538868,TPO1_TPO2,noDrug,0.670000755,ERG11_ERV25(noDrug);FMP45_MID2(noDrug);PMC1_GTR2(noDrug);SRO9_GIS2(noDrug);TPO1_TPO2(Fluconazole);TPO1_TPO2(noDrug),,,piQTL_only
chr12:19930,GTR1_SLM4,Fluconazole,1.247318988,GTR1_SLM4(Fluconazole);HNM1_RBD2(Fluconazole);MID2_PIN2(Fluconazole);PLM2_HNM1(Trifluoperazine);PLM2_SNA3(5-FC);PLM2_SNA3(Fluconazole);PLM2_SNA3(Trifluoperazine);PLM2_SNA3(noDrug);RET2_EMP47(Fluconazole);SRO9_DHH1(Fluconazole),,MDH3;PIL1,pQTL_only
chr12:19930,HNM1_RBD2,Fluconazole,1.541883204,GTR1_SLM4(Fluconazole);HNM1_RBD2(Fluconazole);MID2_PIN2(Fluconazole);PLM2_HNM1(Trifluoperazine);PLM2_SNA3(5-FC);PLM2_SNA3(Fluconazole);PLM2_SNA3(Trifluoperazine);PLM2_SNA3(noDrug);RET2_EMP47(Fluconazole);SRO9_DHH1(Fluconazole),,MDH3;PIL1,pQTL_only
chr12:19930,MID2_PIN2,Fluconazole,1.74573052,GTR1_SLM4(Fluconazole);HNM1_RBD2(Fluconazole);MID2_PIN2(Fluconazole);PLM2_HNM1(Trifluoperazine);PLM2_SNA3(5-FC);PLM2_SNA3(Fluconazole);PLM2_SNA3(Trifluoperazine);PLM2_SNA3(noDrug);RET2_EMP47(Fluconazole);SRO9_DHH1(Fluconazole),,MDH3;PIL1,pQTL_only
chr12:19930,PLM2_HNM1,Trifluoperazine,1.529672784,GTR1_SLM4(Fluconazole);HNM1_RBD2(Fluconazole);MID2_PIN2(Fluconazole);PLM2_HNM1(Trifluoperazine);PLM2_SNA3(5-FC);PLM2_SNA3(Fluconazole);PLM2_SNA3(Trifluoperazine);PLM2_SNA3(noDrug);RET2_EMP47(Fluconazole);SRO9_DHH1(Fluconazole),,MDH3;PIL1,pQTL_only
chr12:19930,PLM2_SNA3,5-FC,1.567672671,GTR1_SLM4(Fluconazole);HNM1_RBD2(Fluconazole);MID2_PIN2(Fluconazole);PLM2_HNM1(Trifluoperazine);PLM2_SNA3(5-FC);PLM2_SNA3(Fluconazole);PLM2_SNA3(Trifluoperazine);PLM2_SNA3(noDrug);RET2_EMP47(Fluconazole);SRO9_DHH1(Fluconazole),,MDH3;PIL1,pQTL_only
chr12:19930,PLM2_SNA3,Fluconazole,1.459028454,GTR1_SLM4(Fluconazole);HNM1_RBD2(Fluconazole);MID2_PIN2(Fluconazole);PLM2_HNM1(Trifluoperazine);PLM2_SNA3(5-FC);PLM2_SNA3(Fluconazole);PLM2_SNA3(Trifluoperazine);PLM2_SNA3(noDrug);RET2_EMP47(Fluconazole);SRO9_DHH1(Fluconazole),,MDH3;PIL1,pQTL_only
chr12:19930,PLM2_SNA3,Trifluoperazine,1.952766179,GTR1_SLM4(Fluconazole);HNM1_RBD2(Fluconazole);MID2_PIN2(Fluconazole);PLM2_HNM1(Trifluoperazine);PLM2_SNA3(5-FC);PLM2_SNA3(Fluconazole);PLM2_SNA3(Trifluoperazine);PLM2_SNA3(noDrug);RET2_EMP47(Fluconazole);SRO9_DHH1(Fluconazole),,MDH3;PIL1,pQTL_only
chr12:19930,PLM2_SNA3,noDrug,1.522702669,GTR1_SLM4(Fluconazole);HNM1_RBD2(Fluconazole);MID2_PIN2(Fluconazole);PLM2_HNM1(Trifluoperazine);PLM2_SNA3(5-FC);PLM2_SNA3(Fluconazole);PLM2_SNA3(Trifluoperazine);PLM2_SNA3(noDrug);RET2_EMP47(Fluconazole);SRO9_DHH1(Fluconazole),,MDH3;PIL1,pQTL_only
chr12:19930,RET2_EMP47,Fluconazole,1.023426817,GTR1_SLM4(Fluconazole);HNM1_RBD2(Fluconazole);MID2_PIN2(Fluconazole);PLM2_HNM1(Trifluoperazine);PLM2_SNA3(5-FC);PLM2_SNA3(Fluconazole);PLM2_SNA3(Trifluoperazine);PLM2_SNA3(noDrug);RET2_EMP47(Fluconazole);SRO9_DHH1(Fluconazole),,MDH3;PIL1,pQTL_only
chr12:19930,SRO9_DHH1,Fluconazole,1.675032126,GTR1_SLM4(Fluconazole);HNM1_RBD2(Fluconazole);MID2_PIN2(Fluconazole);PLM2_HNM1(Trifluoperazine);PLM2_SNA3(5-FC);PLM2_SNA3(Fluconazole);PLM2_SNA3(Trifluoperazine);PLM2_SNA3(noDrug);RET2_EMP47(Fluconazole);SRO9_DHH1(Fluconazole),,MDH3;PIL1,pQTL_only
chr12:37884,ERG11_HYR1,5-FC,0.302214469,ERG11_HYR1(5-FC),,,piQTL_only
chr12:82740,ERV25_RBD2,5-FC,0.600730467,ERV25_RBD2(5-FC),,,piQTL_only
chr12:87080,ERG11_TPO4,5-FC,0.504837048,ERG11_TPO4(5-FC);MID2_WSC2(Metformin),,POR1,pQTL_only
chr12:87080,MID2_WSC2,Metformin,0.512623694,ERG11_TPO4(5-FC);MID2_WSC2(Metformin),,POR1,pQTL_only
chr2:544962,ERG11_ORM2,Trifluoperazine,0.461538959,ERG11_ORM2(Trifluoperazine),,,piQTL_only
chr2:542505,ERV25_PIS1,5-FC,0.591280227,ERV25_PIS1(5-FC);MID2_TPO4(5-FC);SRO9_DHH1(5-FC);SRO9_GIS2(noDrug),,HIS5;ILS1,pQTL_only
chr2:544518,FMP45_MID2,5-FC,0.64105547,FMP45_MID2(5-FC);FMP45_MID2(Trifluoperazine);FMP45_MID2(noDrug),,ATP18,pQTL_only
chr2:544518,FMP45_MID2,Trifluoperazine,0.538845511,FMP45_MID2(5-FC);FMP45_MID2(Trifluoperazine);FMP45_MID2(noDrug),,ATP18,pQTL_only
chr2:544518,FMP45_MID2,noDrug,0.558067692,FMP45_MID2(5-FC);FMP45_MID2(Trifluoperazine);FMP45_MID2(noDrug),,ATP18,pQTL_only
chr2:552681,HUG1_ADE17,Trifluoperazine,0.595063452,HUG1_ADE17(Trifluoperazine),,GAS1; GGP1;RFA2; BUF1,pQTL_only
chr2:542505,MID2_TPO4,5-FC,0.644005656,ERV25_PIS1(5-FC);MID2_TPO4(5-FC);SRO9_DHH1(5-FC);SRO9_GIS2(noDrug),,HIS5;ILS1,pQTL_only
chr2:542505,SRO9_DHH1,5-FC,0.594255946,ERV25_PIS1(5-FC);MID2_TPO4(5-FC);SRO9_DHH1(5-FC);SRO9_GIS2(noDrug),,HIS5;ILS1,pQTL_only
chr2:542505,SRO9_GIS2,noDrug,0.465185836,ERV25_PIS1(5-FC);MID2_TPO4(5-FC);SRO9_DHH1(5-FC);SRO9_GIS2(noDrug),,HIS5;ILS1,pQTL_only
chr2:553949,HUG1_ADE17,Trifluoperazine,0.604966448,HUG1_ADE17(Trifluoperazine),,GPD2; GPD3;GPP1; RHR2;HXT3;YHR020W,pQTL_only
chr2:562919,ERG11_ERV25,noDrug,0.948079372,ERG11_ERV25(noDrug);ERV25_ORM2(5-FC);HUG1_ALO1(Trifluoperazine);HUG1_ALO1(noDrug);HUG1_PGM2(5-FC);HUG1_PGM2(noDrug);MID2_MAM33(Trifluoperazine);MID2_MAM33(noDrug);MID2_PIN2(5-FC);PMC1_CTR2(Trifluoperazine);PMC1_CTR2(noDrug);PMC1_GTR2(noDrug);SRO9_DHH1(5-FC),,,piQTL_only
chr2:562919,ERV25_ORM2,5-FC,0.967215494,ERG11_ERV25(noDrug);ERV25_ORM2(5-FC);HUG1_ALO1(Trifluoperazine);HUG1_ALO1(noDrug);HUG1_PGM2(5-FC);HUG1_PGM2(noDrug);MID2_MAM33(Trifluoperazine);MID2_MAM33(noDrug);MID2_PIN2(5-FC);PMC1_CTR2(Trifluoperazine);PMC1_CTR2(noDrug);PMC1_GTR2(noDrug);SRO9_DHH1(5-FC),,,piQTL_only
chr2:562919,HUG1_ALO1,Trifluoperazine,1.258756181,ERG11_ERV25(noDrug);ERV25_ORM2(5-FC);HUG1_ALO1(Trifluoperazine);HUG1_ALO1(noDrug);HUG1_PGM2(5-FC);HUG1_PGM2(noDrug);MID2_MAM33(Trifluoperazine);MID2_MAM33(noDrug);MID2_PIN2(5-FC);PMC1_CTR2(Trifluoperazine);PMC1_CTR2(noDrug);PMC1_GTR2(noDrug);SRO9_DHH1(5-FC),,,piQTL_only
chr2:562919,HUG1_ALO1,noDrug,1.462465774,ERG11_ERV25(noDrug);ERV25_ORM2(5-FC);HUG1_ALO1(Trifluoperazine);HUG1_ALO1(noDrug);HUG1_PGM2(5-FC);HUG1_PGM2(noDrug);MID2_MAM33(Trifluoperazine);MID2_MAM33(noDrug);MID2_PIN2(5-FC);PMC1_CTR2(Trifluoperazine);PMC1_CTR2(noDrug);PMC1_GTR2(noDrug);SRO9_DHH1(5-FC),,,piQTL_only
chr2:562919,HUG1_PGM2,5-FC,1.479721548,ERG11_ERV25(noDrug);ERV25_ORM2(5-FC);HUG1_ALO1(Trifluoperazine);HUG1_ALO1(noDrug);HUG1_PGM2(5-FC);HUG1_PGM2(noDrug);MID2_MAM33(Trifluoperazine);MID2_MAM33(noDrug);MID2_PIN2(5-FC);PMC1_CTR2(Trifluoperazine);PMC1_CTR2(noDrug);PMC1_GTR2(noDrug);SRO9_DHH1(5-FC),,,piQTL_only
chr2:562919,HUG1_PGM2,noDrug,1.560253988,ERG11_ERV25(noDrug);ERV25_ORM2(5-FC);HUG1_ALO1(Trifluoperazine);HUG1_ALO1(noDrug);HUG1_PGM2(5-FC);HUG1_PGM2(noDrug);MID2_MAM33(Trifluoperazine);MID2_MAM33(noDrug);MID2_PIN2(5-FC);PMC1_CTR2(Trifluoperazine);PMC1_CTR2(noDrug);PMC1_GTR2(noDrug);SRO9_DHH1(5-FC),,,piQTL_only
chr2:562919,MID2_MAM33,Trifluoperazine,1.454465778,ERG11_ERV25(noDrug);ERV25_ORM2(5-FC);HUG1_ALO1(Trifluoperazine);HUG1_ALO1(noDrug);HUG1_PGM2(5-FC);HUG1_PGM2(noDrug);MID2_MAM33(Trifluoperazine);MID2_MAM33(noDrug);MID2_PIN2(5-FC);PMC1_CTR2(Trifluoperazine);PMC1_CTR2(noDrug);PMC1_GTR2(noDrug);SRO9_DHH1(5-FC),,,piQTL_only
chr2:562919,MID2_MAM33,noDrug,1.412260856,ERG11_ERV25(noDrug);ERV25_ORM2(5-FC);HUG1_ALO1(Trifluoperazine);HUG1_ALO1(noDrug);HUG1_PGM2(5-FC);HUG1_PGM2(noDrug);MID2_MAM33(Trifluoperazine);MID2_MAM33(noDrug);MID2_PIN2(5-FC);PMC1_CTR2(Trifluoperazine);PMC1_CTR2(noDrug);PMC1_GTR2(noDrug);SRO9_DHH1(5-FC),,,piQTL_only
chr2:562919,MID2_PIN2,5-FC,1.143411731,ERG11_ERV25(noDrug);ERV25_ORM2(5-FC);HUG1_ALO1(Trifluoperazine);HUG1_ALO1(noDrug);HUG1_PGM2(5-FC);HUG1_PGM2(noDrug);MID2_MAM33(Trifluoperazine);MID2_MAM33(noDrug);MID2_PIN2(5-FC);PMC1_CTR2(Trifluoperazine);PMC1_CTR2(noDrug);PMC1_GTR2(noDrug);SRO9_DHH1(5-FC),,,piQTL_only
chr2:562919,PMC1_CTR2,Trifluoperazine,1.373757852,ERG11_ERV25(noDrug);ERV25_ORM2(5-FC);HUG1_ALO1(Trifluoperazine);HUG1_ALO1(noDrug);HUG1_PGM2(5-FC);HUG1_PGM2(noDrug);MID2_MAM33(Trifluoperazine);MID2_MAM33(noDrug);MID2_PIN2(5-FC);PMC1_CTR2(Trifluoperazine);PMC1_CTR2(noDrug);PMC1_GTR2(noDrug);SRO9_DHH1(5-FC),,,piQTL_only
chr2:562919,PMC1_CTR2,noDrug,1.358735493,ERG11_ERV25(noDrug);ERV25_ORM2(5-FC);HUG1_ALO1(Trifluoperazine);HUG1_ALO1(noDrug);HUG1_PGM2(5-FC);HUG1_PGM2(noDrug);MID2_MAM33(Trifluoperazine);MID2_MAM33(noDrug);MID2_PIN2(5-FC);PMC1_CTR2(Trifluoperazine);PMC1_CTR2(noDrug);PMC1_GTR2(noDrug);SRO9_DHH1(5-FC),,,piQTL_only
chr2:562919,PMC1_GTR2,noDrug,1.3389086,ERG11_ERV25(noDrug);ERV25_ORM2(5-FC);HUG1_ALO1(Trifluoperazine);HUG1_ALO1(noDrug);HUG1_PGM2(5-FC);HUG1_PGM2(noDrug);MID2_MAM33(Trifluoperazine);MID2_MAM33(noDrug);MID2_PIN2(5-FC);PMC1_CTR2(Trifluoperazine);PMC1_CTR2(noDrug);PMC1_GTR2(noDrug);SRO9_DHH1(5-FC),,,piQTL_only
chr2:562919,SRO9_DHH1,5-FC,1.223756363,ERG11_ERV25(noDrug);ERV25_ORM2(5-FC);HUG1_ALO1(Trifluoperazine);HUG1_ALO1(noDrug);HUG1_PGM2(5-FC);HUG1_PGM2(noDrug);MID2_MAM33(Trifluoperazine);MID2_MAM33(noDrug);MID2_PIN2(5-FC);PMC1_CTR2(Trifluoperazine);PMC1_CTR2(noDrug);PMC1_GTR2(noDrug);SRO9_DHH1(5-FC),,,piQTL_only
chr12:547680,ERG11_HYR1,5-FC,0.937062438,ERG11_HYR1(5-FC),,HOM3;HXT3;RPE1,pQTL_only
chr12:570923,HNM1_TPO2,Fluconazole,0.580870267,HNM1_TPO2(Fluconazole),,SHM1; SHMT1;TAL1,pQTL_only
chr12:837460,TPO1_MID2,Metformin,0.357779211,TPO1_MID2(Metformin),SSF2;GRH1;YIL100C-A;HIS6;TAL1;THI21;GVP36;URA1;CMC4,,eQTL_only
chr12:873682,ERV25_EMP47,5-FC,0.698719939,ERV25_EMP47(5-FC),,APE1;SSC1; ENS1;ILV3;FAA1;YCP4,pQTL_only
chr12:1019132,RET2_EMP47,Metformin,0.661368532,RET2_EMP47(Metformin),,ECM19;PRT1; CDC63;OLA1;RPL8B;RPS29B;TPM1;TSA1;YPT1; YP2,pQTL_only
chr13:69500,ERG11_ERG5,noDrug,0.488889771,ERG11_ERG5(noDrug),,PIL1,pQTL_only
chr13:92384,ERV25_ORM2,Trifluoperazine,0.504599364,ERV25_ORM2(Trifluoperazine),ALO1,,eQTL_only
chr13:97628,MID2_PIN2,Trifluoperazine,0.579380803,MID2_PIN2(Trifluoperazine),,,piQTL_only
chr13:99275,ALO1_UIP4,Metformin,0.802114416,ALO1_UIP4(Metformin);ERG11_PIS1(5-FC);ERG11_PIS1(Metformin);ERG11_PIS1(Trifluoperazine);ERV25_EMP47(Metformin);MID2_TPO2(Metformin);SNA4_GTR2(Trifluoperazine),RCF2,RPS7B,both_eQTL_pQTL
chr13:99275,ERG11_PIS1,5-FC,0.803774446,ALO1_UIP4(Metformin);ERG11_PIS1(5-FC);ERG11_PIS1(Metformin);ERG11_PIS1(Trifluoperazine);ERV25_EMP47(Metformin);MID2_TPO2(Metformin);SNA4_GTR2(Trifluoperazine),RCF2,RPS7B,both_eQTL_pQTL
chr13:99275,ERG11_PIS1,Metformin,0.457903491,ALO1_UIP4(Metformin);ERG11_PIS1(5-FC);ERG11_PIS1(Metformin);ERG11_PIS1(Trifluoperazine);ERV25_EMP47(Metformin);MID2_TPO2(Metformin);SNA4_GTR2(Trifluoperazine),RCF2,RPS7B,both_eQTL_pQTL
chr13:99275,ERG11_PIS1,Trifluoperazine,0.804698648,ALO1_UIP4(Metformin);ERG11_PIS1(5-FC);ERG11_PIS1(Metformin);ERG11_PIS1(Trifluoperazine);ERV25_EMP47(Metformin);MID2_TPO2(Metformin);SNA4_GTR2(Trifluoperazine),RCF2,RPS7B,both_eQTL_pQTL
chr13:99275,ERV25_EMP47,Metformin,0.770785449,ALO1_UIP4(Metformin);ERG11_PIS1(5-FC);ERG11_PIS1(Metformin);ERG11_PIS1(Trifluoperazine);ERV25_EMP47(Metformin);MID2_TPO2(Metformin);SNA4_GTR2(Trifluoperazine),RCF2,RPS7B,both_eQTL_pQTL
chr13:99275,MID2_TPO2,Metformin,0.63766761,ALO1_UIP4(Metformin);ERG11_PIS1(5-FC);ERG11_PIS1(Metformin);ERG11_PIS1(Trifluoperazine);ERV25_EMP47(Metformin);MID2_TPO2(Metformin);SNA4_GTR2(Trifluoperazine),RCF2,RPS7B,both_eQTL_pQTL
chr13:99275,SNA4_GTR2,Trifluoperazine,0.820595974,ALO1_UIP4(Metformin);ERG11_PIS1(5-FC);ERG11_PIS1(Metformin);ERG11_PIS1(Trifluoperazine);ERV25_EMP47(Metformin);MID2_TPO2(Metformin);SNA4_GTR2(Trifluoperazine),RCF2,RPS7B,both_eQTL_pQTL
chr13:248552,MID2_TPO4,noDrug,0.548830063,MID2_TPO4(noDrug),,,piQTL_only
chr13:261178,MID2_TPO4,noDrug,0.510390696,MID2_TPO4(noDrug),,,piQTL_only
chr13:268101,MID2_TPO4,Fluconazole,0.932809889,MID2_TPO4(Fluconazole),,ABF2; HIM1,pQTL_only
chr13:278674,MID2_TPO4,Fluconazole,0.649926754,MID2_TPO4(Fluconazole),,,piQTL_only
chr13:268402,MID2_TPO4,noDrug,0.540953472,MID2_TPO4(noDrug),,,piQTL_only
chr13:353678,MID2_TPO4,Fluconazole,0.975814193,MID2_TPO4(Fluconazole),,BRP1,pQTL_only
chr13:459157,ERG11_MID2,Metformin,0.273762895,ERG11_MID2(Metformin);RET2_EMP47(Metformin),,,piQTL_only
chr13:489572,ERG11_ORM2,5-FC,0.480509401,ERG11_ORM2(5-FC);ERG11_ORM2(Metformin);ERG11_ORM2(Trifluoperazine);ERG11_ORM2(noDrug);ERG11_PIS1(Metformin);ERG11_TPO4(Metformin),,,piQTL_only
chr13:489572,ERG11_ORM2,Metformin,0.400423781,ERG11_ORM2(5-FC);ERG11_ORM2(Metformin);ERG11_ORM2(Trifluoperazine);ERG11_ORM2(noDrug);ERG11_PIS1(Metformin);ERG11_TPO4(Metformin),,,piQTL_only
chr13:489572,ERG11_ORM2,Trifluoperazine,0.526999588,ERG11_ORM2(5-FC);ERG11_ORM2(Metformin);ERG11_ORM2(Trifluoperazine);ERG11_ORM2(noDrug);ERG11_PIS1(Metformin);ERG11_TPO4(Metformin),,,piQTL_only
chr13:489572,ERG11_ORM2,noDrug,0.549444786,ERG11_ORM2(5-FC);ERG11_ORM2(Metformin);ERG11_ORM2(Trifluoperazine);ERG11_ORM2(noDrug);ERG11_PIS1(Metformin);ERG11_TPO4(Metformin),,,piQTL_only
chr13:489572,ERG11_PIS1,Metformin,0.288584832,ERG11_ORM2(5-FC);ERG11_ORM2(Metformin);ERG11_ORM2(Trifluoperazine);ERG11_ORM2(noDrug);ERG11_PIS1(Metformin);ERG11_TPO4(Metformin),,,piQTL_only
chr13:489572,ERG11_TPO4,Metformin,0.325583622,ERG11_ORM2(5-FC);ERG11_ORM2(Metformin);ERG11_ORM2(Trifluoperazine);ERG11_ORM2(noDrug);ERG11_PIS1(Metformin);ERG11_TPO4(Metformin),,,piQTL_only
chr13:463519,HNM1_MID2,Metformin,0.267356793,HNM1_MID2(Metformin);TPO1_MID2(Metformin);TPO1_TCB2(5-FC),,,piQTL_only
chr13:459157,RET2_EMP47,Metformin,0.315516407,ERG11_MID2(Metformin);RET2_EMP47(Metformin),,,piQTL_only
chr13:463519,TPO1_MID2,Metformin,0.433371949,HNM1_MID2(Metformin);TPO1_MID2(Metformin);TPO1_TCB2(5-FC),,,piQTL_only
chr13:463519,TPO1_TCB2,5-FC,0.616759692,HNM1_MID2(Metformin);TPO1_MID2(Metformin);TPO1_TCB2(5-FC),,,piQTL_only
chr13:489758,ERG11_ERG5,Metformin,0.274926308,ERG11_ERG5(Metformin);ERG11_ORM2(5-FC);ERG11_ORM2(Metformin),,,piQTL_only
chr13:489758,ERG11_ORM2,5-FC,0.501939111,ERG11_ERG5(Metformin);ERG11_ORM2(5-FC);ERG11_ORM2(Metformin),,,piQTL_only
chr13:489758,ERG11_ORM2,Metformin,0.353721599,ERG11_ERG5(Metformin);ERG11_ORM2(5-FC);ERG11_ORM2(Metformin),,,piQTL_only
chr13:489756,ERG11_ORM2,Trifluoperazine,0.527110163,ERG11_ORM2(Trifluoperazine);ERG11_TPO4(Metformin),,,piQTL_only
chr13:489756,ERG11_TPO4,Metformin,0.321001204,ERG11_ORM2(Trifluoperazine);ERG11_TPO4(Metformin),,,piQTL_only
chr13:491360,ERG11_ORM2,5-FC,0.474276541,ERG11_ORM2(5-FC),,,piQTL_only
chr13:495175,ERG11_ORM2,Metformin,0.412412063,ERG11_ORM2(Metformin),,,piQTL_only
chr13:500062,ERG11_ORM2,Trifluoperazine,0.525324641,ERG11_ORM2(Trifluoperazine);ERG11_TPO4(Metformin),,,piQTL_only
chr13:501075,ERG11_PIS1,Metformin,0.324888753,ERG11_PIS1(Metformin);SRO9_SGN1(Metformin),,,piQTL_only
chr13:500062,ERG11_TPO4,Metformin,0.333396575,ERG11_ORM2(Trifluoperazine);ERG11_TPO4(Metformin),,,piQTL_only
chr13:503363,MID2_WSC2,5-FC,0.579076307,MID2_WSC2(5-FC);MID2_WSC2(Fluconazole);MID2_WSC2(Metformin);MID2_WSC2(Trifluoperazine),,,piQTL_only
chr13:503363,MID2_WSC2,Fluconazole,0.648607599,MID2_WSC2(5-FC);MID2_WSC2(Fluconazole);MID2_WSC2(Metformin);MID2_WSC2(Trifluoperazine),,,piQTL_only
chr13:503363,MID2_WSC2,Metformin,0.529872409,MID2_WSC2(5-FC);MID2_WSC2(Fluconazole);MID2_WSC2(Metformin);MID2_WSC2(Trifluoperazine),,,piQTL_only
chr13:503363,MID2_WSC2,Trifluoperazine,0.581733315,MID2_WSC2(5-FC);MID2_WSC2(Fluconazole);MID2_WSC2(Metformin);MID2_WSC2(Trifluoperazine),,,piQTL_only
chr13:500701,SRO9_GIS2,Metformin,0.243328601,SRO9_GIS2(Metformin),SPC24,IDH2;SHB17,both_eQTL_pQTL
chr13:501075,SRO9_SGN1,Metformin,0.235151502,ERG11_PIS1(Metformin);SRO9_SGN1(Metformin),,,piQTL_only
chr13:505070,ERG11_ORM2,5-FC,0.532774041,ERG11_ORM2(5-FC);ERG11_ORM2(Metformin);ERG11_ORM2(Trifluoperazine);MID2_WSC2(Fluconazole),,,piQTL_only
chr13:505070,ERG11_ORM2,Metformin,0.401646805,ERG11_ORM2(5-FC);ERG11_ORM2(Metformin);ERG11_ORM2(Trifluoperazine);MID2_WSC2(Fluconazole),,,piQTL_only
chr13:505070,ERG11_ORM2,Trifluoperazine,0.516702185,ERG11_ORM2(5-FC);ERG11_ORM2(Metformin);ERG11_ORM2(Trifluoperazine);MID2_WSC2(Fluconazole),,,piQTL_only
chr13:509524,ERG11_PIS1,Metformin,0.317269101,ERG11_PIS1(Metformin);HNM1_TPO4(Metformin);SRO9_SGN1(Metformin),,ATP1;ATP4;ATP3;CIT1;COX12;COX13;COX9;DPH5;YHB1; YHB;FUM1;GLY1;MDH1;NDI1;ADE2;COR1; QCR1;QCR2;YIR035C,pQTL_only
chr13:509480,ERG11_TPO4,Metformin,0.328438067,ERG11_TPO4(Metformin),NCW1,ASN1;LYS20;MTD1;ADE1;ADE16;ADE17;VMA1,both_eQTL_pQTL
chr13:509524,HNM1_TPO4,Metformin,0.325877243,ERG11_PIS1(Metformin);HNM1_TPO4(Metformin);SRO9_SGN1(Metformin),,ATP1;ATP4;ATP3;CIT1;COX12;COX13;COX9;DPH5;YHB1; YHB;FUM1;GLY1;MDH1;NDI1;ADE2;COR1; QCR1;QCR2;YIR035C,pQTL_only
chr13:505070,MID2_WSC2,Fluconazole,0.60679747,ERG11_ORM2(5-FC);ERG11_ORM2(Metformin);ERG11_ORM2(Trifluoperazine);MID2_WSC2(Fluconazole),,,piQTL_only
chr13:509524,SRO9_SGN1,Metformin,0.226172442,ERG11_PIS1(Metformin);HNM1_TPO4(Metformin);SRO9_SGN1(Metformin),,ATP1;ATP4;ATP3;CIT1;COX12;COX13;COX9;DPH5;YHB1; YHB;FUM1;GLY1;MDH1;NDI1;ADE2;COR1; QCR1;QCR2;YIR035C,pQTL_only
chr13:577143,ALO1_HYR1,Fluconazole,0.648596716,ALO1_HYR1(Fluconazole),,RNR4; CRT3,pQTL_only
chr13:573670,ERV25_EMP47,Fluconazole,0.63742077,ERV25_EMP47(Fluconazole);SSH1_ERG11(Fluconazole);SSH1_ORM2(Fluconazole),,,piQTL_only
chr13:573670,SSH1_ERG11,Fluconazole,0.681398919,ERV25_EMP47(Fluconazole);SSH1_ERG11(Fluconazole);SSH1_ORM2(Fluconazole),,,piQTL_only
chr13:573670,SSH1_ORM2,Fluconazole,0.592863012,ERV25_EMP47(Fluconazole);SSH1_ERG11(Fluconazole);SSH1_ORM2(Fluconazole),,,piQTL_only
chr13:588567,HNM1_MID2,Fluconazole,0.950661727,HNM1_MID2(Fluconazole),,,piQTL_only
chr13:738123,MID2_TPO4,Fluconazole,0.696565246,MID2_TPO4(Fluconazole),,,piQTL_only
chr14:7114,ERV25_UIP4,Trifluoperazine,1.372846539,ERV25_UIP4(Trifluoperazine);HNM1_MAM33(Metformin);HNM1_MAM33(Trifluoperazine),,COP1;SEC26;STE24; AFC1,pQTL_only
chr14:7114,HNM1_MAM33,Metformin,0.920706366,ERV25_UIP4(Trifluoperazine);HNM1_MAM33(Metformin);HNM1_MAM33(Trifluoperazine),,COP1;SEC26;STE24; AFC1,pQTL_only
chr14:7114,HNM1_MAM33,Trifluoperazine,1.206235691,ERV25_UIP4(Trifluoperazine);HNM1_MAM33(Metformin);HNM1_MAM33(Trifluoperazine),,COP1;SEC26;STE24; AFC1,pQTL_only
chr14:37934,ERG11_MID2,Metformin,0.268597877,ERG11_MID2(Metformin);SSH1_ORM2(Trifluoperazine),,,piQTL_only
chr14:37934,SSH1_ORM2,Trifluoperazine,0.576136458,ERG11_MID2(Metformin);SSH1_ORM2(Trifluoperazine),,,piQTL_only
chr14:228904,DHH1_LSM3,Fluconazole,0.582860666,DHH1_LSM3(Fluconazole);ERG11_MID2(Fluconazole);ERV25_UIP4(Fluconazole);FMP45_HNM1(Fluconazole);FMP45_MEP1(Fluconazole);SRO9_SGN1(Fluconazole),,,piQTL_only
chr14:228904,ERG11_MID2,Fluconazole,0.454167713,DHH1_LSM3(Fluconazole);ERG11_MID2(Fluconazole);ERV25_UIP4(Fluconazole);FMP45_HNM1(Fluconazole);FMP45_MEP1(Fluconazole);SRO9_SGN1(Fluconazole),,,piQTL_only
chr14:241965,ERV25_ERG5,Fluconazole,0.643877366,ERV25_ERG5(Fluconazole),,,piQTL_only
chr14:233872,ERV25_PIS1,Fluconazole,0.538067761,ERV25_PIS1(Fluconazole);PLM2_SNA3(5-FC),,LSC1,pQTL_only
chr14:228904,ERV25_UIP4,Fluconazole,0.701994099,DHH1_LSM3(Fluconazole);ERG11_MID2(Fluconazole);ERV25_UIP4(Fluconazole);FMP45_HNM1(Fluconazole);FMP45_MEP1(Fluconazole);SRO9_SGN1(Fluconazole),,,piQTL_only
chr14:228904,FMP45_HNM1,Fluconazole,0.606064243,DHH1_LSM3(Fluconazole);ERG11_MID2(Fluconazole);ERV25_UIP4(Fluconazole);FMP45_HNM1(Fluconazole);FMP45_MEP1(Fluconazole);SRO9_SGN1(Fluconazole),,,piQTL_only
chr14:228904,FMP45_MEP1,Fluconazole,0.618753588,DHH1_LSM3(Fluconazole);ERG11_MID2(Fluconazole);ERV25_UIP4(Fluconazole);FMP45_HNM1(Fluconazole);FMP45_MEP1(Fluconazole);SRO9_SGN1(Fluconazole),,,piQTL_only
chr14:220803,HNM1_MID2,Fluconazole,0.534213667,HNM1_MID2(Fluconazole);PMC1_GTR2(Fluconazole),,,piQTL_only
chr14:250138,HNM1_RBD2,5-FC,0.599767016,HNM1_RBD2(5-FC),,RPT5; YTA1;SML1,pQTL_only
chr14:237449,MID2_TPO4,5-FC,0.622054577,MID2_TPO4(5-FC),,CCT5; TCP5,pQTL_only
chr14:233872,PLM2_SNA3,5-FC,0.590393918,ERV25_PIS1(Fluconazole);PLM2_SNA3(5-FC),,LSC1,pQTL_only
chr14:220803,PMC1_GTR2,Fluconazole,0.753104776,HNM1_MID2(Fluconazole);PMC1_GTR2(Fluconazole),,,piQTL_only
chr14:228904,SRO9_SGN1,Fluconazole,0.54034752,DHH1_LSM3(Fluconazole);ERG11_MID2(Fluconazole);ERV25_UIP4(Fluconazole);FMP45_HNM1(Fluconazole);FMP45_MEP1(Fluconazole);SRO9_SGN1(Fluconazole),,,piQTL_only
chr14:257173,HNM1_RBD2,Metformin,0.404301208,HNM1_RBD2(Metformin),,GDA1;PGK1;SCL1,pQTL_only
chr14:303906,ERV25_ORM2,Metformin,0.275936638,ERV25_ORM2(Metformin),,,piQTL_only
chr2:707848,ERV25_ORM2,Trifluoperazine,0.449284435,ERV25_ORM2(Trifluoperazine);RET2_EMP70(5-FC);RET2_SNA3(5-FC),ATG41,,eQTL_only
chr2:707848,RET2_EMP70,5-FC,0.446317665,ERV25_ORM2(Trifluoperazine);RET2_EMP70(5-FC);RET2_SNA3(5-FC),ATG41,,eQTL_only
chr2:707848,RET2_SNA3,5-FC,0.438358233,ERV25_ORM2(Trifluoperazine);RET2_EMP70(5-FC);RET2_SNA3(5-FC),ATG41,,eQTL_only
chr14:408355,ERG11_HYR1,noDrug,0.368761874,ERG11_HYR1(noDrug),SST2;ADE13,,eQTL_only
chr14:409447,ERV25_ERG5,Fluconazole,0.582706597,ERV25_ERG5(Fluconazole),,,piQTL_only
chr14:394591,ERV25_UIP4,Metformin,0.512123749,ERV25_UIP4(Metformin),,,piQTL_only
chr14:441268,ERG11_HYR1,Fluconazole,1.168105637,ERG11_HYR1(Fluconazole);HNM1_MID2(Fluconazole);PLM2_SNA3(Fluconazole),ATS1;ALG7;SHG1;PBP4;HPT1;FMP52;TUB2;GYP8;PMA1;KSS1;MNT3;RPE1;BIT61;PHD1;SRN2;FUS2;PFK27;CKB2;YOR366W;AFT2;BEM4;NOP53;POC4;YPR063C;OPT2;SIW14;DGA1;PIS1,MET17;GLO2,both_eQTL_pQTL
chr14:441268,HNM1_MID2,Fluconazole,1.394611606,ERG11_HYR1(Fluconazole);HNM1_MID2(Fluconazole);PLM2_SNA3(Fluconazole),ATS1;ALG7;SHG1;PBP4;HPT1;FMP52;TUB2;GYP8;PMA1;KSS1;MNT3;RPE1;BIT61;PHD1;SRN2;FUS2;PFK27;CKB2;YOR366W;AFT2;BEM4;NOP53;POC4;YPR063C;OPT2;SIW14;DGA1;PIS1,MET17;GLO2,both_eQTL_pQTL
chr14:441268,PLM2_SNA3,Fluconazole,1.396325378,ERG11_HYR1(Fluconazole);HNM1_MID2(Fluconazole);PLM2_SNA3(Fluconazole),ATS1;ALG7;SHG1;PBP4;HPT1;FMP52;TUB2;GYP8;PMA1;KSS1;MNT3;RPE1;BIT61;PHD1;SRN2;FUS2;PFK27;CKB2;YOR366W;AFT2;BEM4;NOP53;POC4;YPR063C;OPT2;SIW14;DGA1;PIS1,MET17;GLO2,both_eQTL_pQTL
chr2:717833,ERV25_ORM2,5-FC,0.504294211,ERV25_ORM2(5-FC);ERV25_ORM2(Trifluoperazine);ERV25_ORM2(noDrug),,,piQTL_only
chr2:717833,ERV25_ORM2,Trifluoperazine,0.51216032,ERV25_ORM2(5-FC);ERV25_ORM2(Trifluoperazine);ERV25_ORM2(noDrug),,,piQTL_only
chr2:717833,ERV25_ORM2,noDrug,0.537121488,ERV25_ORM2(5-FC);ERV25_ORM2(Trifluoperazine);ERV25_ORM2(noDrug),,,piQTL_only
chr2:718598,ERV25_ORM2,5-FC,0.526593161,ERV25_ORM2(5-FC);ERV25_ORM2(Trifluoperazine),,,piQTL_only
chr2:718598,ERV25_ORM2,Trifluoperazine,0.532481158,ERV25_ORM2(5-FC);ERV25_ORM2(Trifluoperazine),,,piQTL_only
chr2:718839,ERV25_ORM2,noDrug,0.579931273,ERV25_ORM2(noDrug),,ARO4,pQTL_only
chr14:599354,ERG11_ERG5,Fluconazole,1.265421219,ERG11_ERG5(Fluconazole),,ACH1;ATP5; OSCP;TUF1; TUFM;MDH1;LSC1,pQTL_only
chr14:599392,HNM1_RBD2,noDrug,1.383756437,HNM1_RBD2(noDrug),,,piQTL_only
chr2:723281,ERV25_ORM2,5-FC,0.476860796,ERV25_ORM2(5-FC),ERG13;MNC1,STI1;VPH1,both_eQTL_pQTL
chr2:722169,ERV25_ORM2,Trifluoperazine,0.449361214,ERV25_ORM2(Trifluoperazine),KSH1,,eQTL_only
chr2:744466,ERG11_ORM2,Fluconazole,0.508264363,ERG11_ORM2(Fluconazole),,,piQTL_only
chr14:642445,ERG11_MID2,Fluconazole,0.446199525,ERG11_MID2(Fluconazole),,LSP1;VMA5,pQTL_only
chr14:752737,HUG1_ALO1,5-FC,1.365565177,HUG1_ALO1(5-FC);HUG1_ALO1(noDrug);HUG1_PGM2(5-FC);HUG1_PGM2(noDrug),IES6,,eQTL_only
chr14:752737,HUG1_ALO1,noDrug,1.351455334,HUG1_ALO1(5-FC);HUG1_ALO1(noDrug);HUG1_PGM2(5-FC);HUG1_PGM2(noDrug),IES6,,eQTL_only
chr14:752737,HUG1_PGM2,5-FC,1.377343519,HUG1_ALO1(5-FC);HUG1_ALO1(noDrug);HUG1_PGM2(5-FC);HUG1_PGM2(noDrug),IES6,,eQTL_only
chr14:752737,HUG1_PGM2,noDrug,1.356648249,HUG1_ALO1(5-FC);HUG1_ALO1(noDrug);HUG1_PGM2(5-FC);HUG1_PGM2(noDrug),IES6,,eQTL_only
chr14:754592,ERV25_UIP4,Metformin,0.462197434,ERV25_UIP4(Metformin);HUG1_ALO1(Metformin),,,piQTL_only
chr14:753367,HUG1_ADE17,Metformin,0.503237212,HUG1_ADE17(Metformin);HUG1_ALO1(5-FC),,,piQTL_only
chr14:753367,HUG1_ALO1,5-FC,0.697098223,HUG1_ADE17(Metformin);HUG1_ALO1(5-FC),,,piQTL_only
chr14:754592,HUG1_ALO1,Metformin,0.561050018,ERV25_UIP4(Metformin);HUG1_ALO1(Metformin),,,piQTL_only
chr14:754226,HUG1_ALO1,noDrug,0.652844688,HUG1_ALO1(noDrug);HUG1_PGM2(5-FC);HUG1_PGM2(noDrug),,,piQTL_only
chr14:754226,HUG1_PGM2,5-FC,0.727201119,HUG1_ALO1(noDrug);HUG1_PGM2(5-FC);HUG1_PGM2(noDrug),,,piQTL_only
chr14:754226,HUG1_PGM2,noDrug,0.674966304,HUG1_ALO1(noDrug);HUG1_PGM2(5-FC);HUG1_PGM2(noDrug),,,piQTL_only
chr14:774450,ERG11_ACF2,5-FC,1.1281231,ERG11_ACF2(5-FC);HUG1_PGM2(5-FC),,,piQTL_only
chr14:774450,HUG1_PGM2,5-FC,1.364397145,ERG11_ACF2(5-FC);HUG1_PGM2(5-FC),,,piQTL_only
chr14:781379,HUG1_PGM2,5-FC,1.508677481,HUG1_PGM2(5-FC),,,piQTL_only
chr15:24674,ALO1_UIP4,Fluconazole,2.363536709,ALO1_UIP4(Fluconazole),,,piQTL_only
chr15:24671,MID2_MAM33,Fluconazole,2.033066126,MID2_MAM33(Fluconazole);PLM2_SNA3(Fluconazole),,,piQTL_only
chr15:24671,PLM2_SNA3,Fluconazole,1.838967855,MID2_MAM33(Fluconazole);PLM2_SNA3(Fluconazole),,,piQTL_only
chr15:31211,ERV25_ERG5,Fluconazole,1.336997268,ERV25_ERG5(Fluconazole),,,piQTL_only
chr15:93845,ERG11_ERV25,Fluconazole,0.897315115,ERG11_ERV25(Fluconazole),,PET10,pQTL_only
chr15:171150,ADE17_PGM2,5-FC,0.58077282,ADE17_PGM2(5-FC),FLC2;CDC24;ADE1;SCT1;PDR3;RCR1;IST2;RTC2;NGR1;ROT2;TAE1;SSH1;APE3;HBN1;YCP4;LRG1;PHO13;HBT1;FMP45;RTN2;MRX19;YDL085C-A;NDE2;MBP1;NPC2;MPS1;REG1;TPI1;COX26;YDR133C;UPC2;CRF1;HXT7;PKH3;KRE2;CYC7;GIP2;YER121W;PDA1;RIM15;LPD1;MET10;DUG1;YGL242C;MDS3;XRN1;INO80;GPI10;SCY1;PEX8;CTT1;GTO1;YGR201C;PUP2;YOR1;LAG1;YHI9;HXT5;FMO1;SCH9;OM45;SLM1;XBP1;CBR1;YIR016W;IRC24;PEX2;MNN5;SWI3;YJL163C;CIS3;TOK1;ZAP1;YJR015W;ASH1;GPM1;SDH1;MBR1;MDH1;DPC7;BYE1;ECM4;YCT1;POM33;SUL2;NHA1;SLS1;YLR152C;MSS51;CCC1;RCK2;ACO1;CST9;DCK1;TUB3;NTE1;AMD1;EIS1;MSN2;PGM2;SHH3;RGM1;YMR196W;TOM40;ERG24;RTC4;YNL234W;PPN2;YNL195C;YNL194C;RHO5;PGA2;MET4;EOS1;COX5A;HOL1;CDC33;MDH2;REX4;DCS2;GAC1;HER1;CIN1;ALD4;USV1;UIP4;YPL113C;PMA2;LSP1;MCM4;NVJ2;NCA2;KRE6;GPH1;BSP1;SKI3;LYS20;YDL180W;SNQ2;CYM1;AFG3;RIM4;BNA3;SDO1;RPM2;GAL11;PET127;AKR2;CRC1;MDM32;PNS1;MED4;MGM1;MOD5;YOP1,AIM45;GAS5;HCH1;HIS1;BCY1;LSO2;LYS9; LYS13;YKL151C; YKL606;PDB1;OYE2;PRO2;ADE17;RPS12;SDH8; FMP21;YMR196W; YM9646.09,both_eQTL_pQTL
chr15:168558,SRO9_GIS2,Metformin,0.342316282,SRO9_GIS2(Metformin),,SER1; SERC;UBP6,pQTL_only
chr15:185793,SRO9_GIS2,Metformin,0.49218497,SRO9_GIS2(Metformin),FUI1;POL12;MET8;CDC50;MCD1;VBA4;HEL2;PHO8;GIN4;CIN8;FIR1;DSE1;GNA1;TEL2;CLB6;RRM3;CTM1;SET1;MSH1;RTT107;BNR1;AXL2;MNN11;MNN14;MET5;TOF2;CAF4;HIF1;IOC2;YLR108C;TUB4;RED1;YCS4;SFH1;VID22;MDM1;TDA9;YOX1;YPK2;LDO45;MDJ2;MET2;PIK1;SPS18;YNL144C;ASI3;ATP23;CSI2;YNG1;YVC1;MNE1;MRS6;KAR9;ACM1;CLN2;NIP100;SVS1;YPL068C;SUV3;HAL1;MDM36;CLB5;CTR1;ERP4,,eQTL_only
chr15:188149,ADE17_PGM2,Trifluoperazine,0.593035517,ADE17_PGM2(Trifluoperazine);ADE17_PGM2(noDrug);SSH1_ERG11(Fluconazole),,,piQTL_only
chr15:188149,ADE17_PGM2,noDrug,0.560292459,ADE17_PGM2(Trifluoperazine);ADE17_PGM2(noDrug);SSH1_ERG11(Fluconazole),,,piQTL_only
chr15:188149,SSH1_ERG11,Fluconazole,0.625973652,ADE17_PGM2(Trifluoperazine);ADE17_PGM2(noDrug);SSH1_ERG11(Fluconazole),,,piQTL_only
chr15:195381,ADE17_PGM2,5-FC,0.632015084,ADE17_PGM2(5-FC);ADE17_PGM2(Trifluoperazine);ADE17_PGM2(noDrug);HNM1_RBD2(5-FC),,,piQTL_only
chr15:195381,ADE17_PGM2,Trifluoperazine,0.580191045,ADE17_PGM2(5-FC);ADE17_PGM2(Trifluoperazine);ADE17_PGM2(noDrug);HNM1_RBD2(5-FC),,,piQTL_only
chr15:195381,ADE17_PGM2,noDrug,0.655080404,ADE17_PGM2(5-FC);ADE17_PGM2(Trifluoperazine);ADE17_PGM2(noDrug);HNM1_RBD2(5-FC),,,piQTL_only
chr15:195072,ERG27_ACF2,Fluconazole,0.637401315,ERG27_ACF2(Fluconazole);HNM1_TPO2(Fluconazole);HNM1_TPO4(Fluconazole);RET2_EMP70(Fluconazole);SSH1_ERG11(Fluconazole),,,piQTL_only
chr15:195381,HNM1_RBD2,5-FC,0.722048759,ADE17_PGM2(5-FC);ADE17_PGM2(Trifluoperazine);ADE17_PGM2(noDrug);HNM1_RBD2(5-FC),,,piQTL_only
chr15:195091,HNM1_RBD2,Fluconazole,0.571064667,HNM1_RBD2(Fluconazole);PLM2_SNA3(Fluconazole),,,piQTL_only
chr15:194895,HNM1_RBD2,Metformin,0.5194535,HNM1_RBD2(Metformin);HNM1_TPO1(Fluconazole);SSH1_ERV25(Metformin);SSH1_PIS1(Fluconazole),,RLP7; RPL7,pQTL_only
chr15:194895,HNM1_TPO1,Fluconazole,0.671410609,HNM1_RBD2(Metformin);HNM1_TPO1(Fluconazole);SSH1_ERV25(Metformin);SSH1_PIS1(Fluconazole),,RLP7; RPL7,pQTL_only
chr15:195072,HNM1_TPO2,Fluconazole,0.742659734,ERG27_ACF2(Fluconazole);HNM1_TPO2(Fluconazole);HNM1_TPO4(Fluconazole);RET2_EMP70(Fluconazole);SSH1_ERG11(Fluconazole),,,piQTL_only
chr15:195072,HNM1_TPO4,Fluconazole,0.761488118,ERG27_ACF2(Fluconazole);HNM1_TPO2(Fluconazole);HNM1_TPO4(Fluconazole);RET2_EMP70(Fluconazole);SSH1_ERG11(Fluconazole),,,piQTL_only
chr15:195091,PLM2_SNA3,Fluconazole,0.522049055,HNM1_RBD2(Fluconazole);PLM2_SNA3(Fluconazole),,,piQTL_only
chr15:195072,RET2_EMP70,Fluconazole,0.43930966,ERG27_ACF2(Fluconazole);HNM1_TPO2(Fluconazole);HNM1_TPO4(Fluconazole);RET2_EMP70(Fluconazole);SSH1_ERG11(Fluconazole),,,piQTL_only
chr15:195072,SSH1_ERG11,Fluconazole,0.691249767,ERG27_ACF2(Fluconazole);HNM1_TPO2(Fluconazole);HNM1_TPO4(Fluconazole);RET2_EMP70(Fluconazole);SSH1_ERG11(Fluconazole),,,piQTL_only
chr15:194895,SSH1_ERV25,Metformin,0.50920411,HNM1_RBD2(Metformin);HNM1_TPO1(Fluconazole);SSH1_ERV25(Metformin);SSH1_PIS1(Fluconazole),,RLP7; RPL7,pQTL_only
chr15:194895,SSH1_PIS1,Fluconazole,0.652015142,HNM1_RBD2(Metformin);HNM1_TPO1(Fluconazole);SSH1_ERV25(Metformin);SSH1_PIS1(Fluconazole),,RLP7; RPL7,pQTL_only
chr15:202330,ADE17_GIS2,5-FC,0.666932777,ADE17_GIS2(5-FC);ERV25_PIS1(Fluconazole);HNM1_RBD2(Metformin);SSH1_PIS1(Fluconazole),,,piQTL_only
chr15:203091,ALO1_HYR1,Fluconazole,0.687016277,ALO1_HYR1(Fluconazole);HNM1_RBD2(5-FC),,,piQTL_only
chr15:202330,ERV25_PIS1,Fluconazole,0.546321593,ADE17_GIS2(5-FC);ERV25_PIS1(Fluconazole);HNM1_RBD2(Metformin);SSH1_PIS1(Fluconazole),,,piQTL_only
chr15:197493,HNM1_MAM33,Fluconazole,0.659657891,HNM1_MAM33(Fluconazole);HNM1_RBD2(Fluconazole);HNM1_TPO1(Fluconazole);HNM1_TPO2(Fluconazole);HNM1_TPO4(Fluconazole);RET2_EMP70(Fluconazole);SSH1_ERG11(Fluconazole),YCR101C;RPL22B;PRP24;RPL9B;RPL8A,,eQTL_only
chr15:203091,HNM1_RBD2,5-FC,0.675610087,ALO1_HYR1(Fluconazole);HNM1_RBD2(5-FC),,,piQTL_only
chr15:197493,HNM1_RBD2,Fluconazole,0.625346865,HNM1_MAM33(Fluconazole);HNM1_RBD2(Fluconazole);HNM1_TPO1(Fluconazole);HNM1_TPO2(Fluconazole);HNM1_TPO4(Fluconazole);RET2_EMP70(Fluconazole);SSH1_ERG11(Fluconazole),YCR101C;RPL22B;PRP24;RPL9B;RPL8A,,eQTL_only
chr15:202330,HNM1_RBD2,Metformin,0.436537798,ADE17_GIS2(5-FC);ERV25_PIS1(Fluconazole);HNM1_RBD2(Metformin);SSH1_PIS1(Fluconazole),,,piQTL_only
chr15:197493,HNM1_TPO1,Fluconazole,0.599144253,HNM1_MAM33(Fluconazole);HNM1_RBD2(Fluconazole);HNM1_TPO1(Fluconazole);HNM1_TPO2(Fluconazole);HNM1_TPO4(Fluconazole);RET2_EMP70(Fluconazole);SSH1_ERG11(Fluconazole),YCR101C;RPL22B;PRP24;RPL9B;RPL8A,,eQTL_only
chr15:197493,HNM1_TPO2,Fluconazole,0.707573898,HNM1_MAM33(Fluconazole);HNM1_RBD2(Fluconazole);HNM1_TPO1(Fluconazole);HNM1_TPO2(Fluconazole);HNM1_TPO4(Fluconazole);RET2_EMP70(Fluconazole);SSH1_ERG11(Fluconazole),YCR101C;RPL22B;PRP24;RPL9B;RPL8A,,eQTL_only
chr15:197493,HNM1_TPO4,Fluconazole,0.700061765,HNM1_MAM33(Fluconazole);HNM1_RBD2(Fluconazole);HNM1_TPO1(Fluconazole);HNM1_TPO2(Fluconazole);HNM1_TPO4(Fluconazole);RET2_EMP70(Fluconazole);SSH1_ERG11(Fluconazole),YCR101C;RPL22B;PRP24;RPL9B;RPL8A,,eQTL_only
chr15:197493,RET2_EMP70,Fluconazole,0.430486898,HNM1_MAM33(Fluconazole);HNM1_RBD2(Fluconazole);HNM1_TPO1(Fluconazole);HNM1_TPO2(Fluconazole);HNM1_TPO4(Fluconazole);RET2_EMP70(Fluconazole);SSH1_ERG11(Fluconazole),YCR101C;RPL22B;PRP24;RPL9B;RPL8A,,eQTL_only
chr15:197493,SSH1_ERG11,Fluconazole,0.623583107,HNM1_MAM33(Fluconazole);HNM1_RBD2(Fluconazole);HNM1_TPO1(Fluconazole);HNM1_TPO2(Fluconazole);HNM1_TPO4(Fluconazole);RET2_EMP70(Fluconazole);SSH1_ERG11(Fluconazole),YCR101C;RPL22B;PRP24;RPL9B;RPL8A,,eQTL_only
chr15:202330,SSH1_PIS1,Fluconazole,0.631390476,ADE17_GIS2(5-FC);ERV25_PIS1(Fluconazole);HNM1_RBD2(Metformin);SSH1_PIS1(Fluconazole),,,piQTL_only
chr15:204722,ADE17_GIS2,5-FC,0.556715619,ADE17_GIS2(5-FC);HNM1_RBD2(5-FC);HNM1_RBD2(Fluconazole);SSH1_ERG11(Fluconazole),,MET22; HAL2,pQTL_only
chr15:204722,HNM1_RBD2,5-FC,0.601738993,ADE17_GIS2(5-FC);HNM1_RBD2(5-FC);HNM1_RBD2(Fluconazole);SSH1_ERG11(Fluconazole),,MET22; HAL2,pQTL_only
chr15:204722,HNM1_RBD2,Fluconazole,0.565917291,ADE17_GIS2(5-FC);HNM1_RBD2(5-FC);HNM1_RBD2(Fluconazole);SSH1_ERG11(Fluconazole),,MET22; HAL2,pQTL_only
chr15:204722,SSH1_ERG11,Fluconazole,0.60382991,ADE17_GIS2(5-FC);HNM1_RBD2(5-FC);HNM1_RBD2(Fluconazole);SSH1_ERG11(Fluconazole),,MET22; HAL2,pQTL_only
chr15:211986,ADE17_GIS2,5-FC,0.598979546,ADE17_GIS2(5-FC),,,piQTL_only
chr15:216217,HNM1_RBD2,Fluconazole,0.513249688,HNM1_RBD2(Fluconazole),,,piQTL_only
chr15:206850,HNM1_TPO4,Fluconazole,0.603869888,HNM1_TPO4(Fluconazole);SSH1_PIS1(Fluconazole),,,piQTL_only
chr15:206850,SSH1_PIS1,Fluconazole,0.577861041,HNM1_TPO4(Fluconazole);SSH1_PIS1(Fluconazole),,,piQTL_only
chr15:216270,HNM1_RBD2,Fluconazole,0.972673298,HNM1_RBD2(Fluconazole),,,piQTL_only
chr15:216273,HNM1_RBD2,Fluconazole,0.540697201,HNM1_RBD2(Fluconazole),CDS1,,eQTL_only
chr15:217434,HNM1_RBD2,Fluconazole,0.488040753,HNM1_RBD2(Fluconazole),,,piQTL_only
chr15:217612,HNM1_TPO4,Fluconazole,0.612842594,HNM1_TPO4(Fluconazole),,,piQTL_only
chr15:238354,ERG11_ERG5,Metformin,1.038612466,ERG11_ERG5(Metformin),,IDI1; BOT2;RIB3,pQTL_only
chr15:385213,ALO1_HYR1,noDrug,0.808421594,ALO1_HYR1(noDrug);ERG11_ACF2(5-FC);ERG11_ACF2(noDrug);FMP45_MID2(noDrug),,,piQTL_only
chr15:385213,ERG11_ACF2,5-FC,0.769108732,ALO1_HYR1(noDrug);ERG11_ACF2(5-FC);ERG11_ACF2(noDrug);FMP45_MID2(noDrug),,,piQTL_only
chr15:385213,ERG11_ACF2,noDrug,0.743577274,ALO1_HYR1(noDrug);ERG11_ACF2(5-FC);ERG11_ACF2(noDrug);FMP45_MID2(noDrug),,,piQTL_only
chr15:385213,FMP45_MID2,noDrug,0.773163507,ALO1_HYR1(noDrug);ERG11_ACF2(5-FC);ERG11_ACF2(noDrug);FMP45_MID2(noDrug),,,piQTL_only
chr15:425338,ALO1_UIP4,noDrug,0.653774707,ALO1_UIP4(noDrug),,,piQTL_only
chr15:422808,MID2_WSC2,Metformin,0.542481579,MID2_WSC2(Metformin),,,piQTL_only
chr15:426624,ALO1_ADE17,5-FC,0.760577861,ALO1_ADE17(5-FC);ALO1_UIP4(5-FC);ALO1_UIP4(noDrug);DHH1_LSM3(Fluconazole);ERG11_ACF2(5-FC);ERG11_ACF2(Metformin);HNM1_ERG11(5-FC);PLM2_HNM1(Trifluoperazine);SSH1_ORM2(5-FC);SSH1_ORM2(Metformin);SSH1_ORM2(Trifluoperazine);SSH1_ORM2(noDrug);SSH1_PIS1(Trifluoperazine);SSH1_PIS1(noDrug);TPO1_TPO2(5-FC),,,piQTL_only
chr15:426624,ALO1_UIP4,5-FC,0.751060835,ALO1_ADE17(5-FC);ALO1_UIP4(5-FC);ALO1_UIP4(noDrug);DHH1_LSM3(Fluconazole);ERG11_ACF2(5-FC);ERG11_ACF2(Metformin);HNM1_ERG11(5-FC);PLM2_HNM1(Trifluoperazine);SSH1_ORM2(5-FC);SSH1_ORM2(Metformin);SSH1_ORM2(Trifluoperazine);SSH1_ORM2(noDrug);SSH1_PIS1(Trifluoperazine);SSH1_PIS1(noDrug);TPO1_TPO2(5-FC),,,piQTL_only
chr15:426624,ALO1_UIP4,noDrug,0.785704956,ALO1_ADE17(5-FC);ALO1_UIP4(5-FC);ALO1_UIP4(noDrug);DHH1_LSM3(Fluconazole);ERG11_ACF2(5-FC);ERG11_ACF2(Metformin);HNM1_ERG11(5-FC);PLM2_HNM1(Trifluoperazine);SSH1_ORM2(5-FC);SSH1_ORM2(Metformin);SSH1_ORM2(Trifluoperazine);SSH1_ORM2(noDrug);SSH1_PIS1(Trifluoperazine);SSH1_PIS1(noDrug);TPO1_TPO2(5-FC),,,piQTL_only
chr15:426624,DHH1_LSM3,Fluconazole,0.692679882,ALO1_ADE17(5-FC);ALO1_UIP4(5-FC);ALO1_UIP4(noDrug);DHH1_LSM3(Fluconazole);ERG11_ACF2(5-FC);ERG11_ACF2(Metformin);HNM1_ERG11(5-FC);PLM2_HNM1(Trifluoperazine);SSH1_ORM2(5-FC);SSH1_ORM2(Metformin);SSH1_ORM2(Trifluoperazine);SSH1_ORM2(noDrug);SSH1_PIS1(Trifluoperazine);SSH1_PIS1(noDrug);TPO1_TPO2(5-FC),,,piQTL_only
chr15:426624,ERG11_ACF2,5-FC,0.657961996,ALO1_ADE17(5-FC);ALO1_UIP4(5-FC);ALO1_UIP4(noDrug);DHH1_LSM3(Fluconazole);ERG11_ACF2(5-FC);ERG11_ACF2(Metformin);HNM1_ERG11(5-FC);PLM2_HNM1(Trifluoperazine);SSH1_ORM2(5-FC);SSH1_ORM2(Metformin);SSH1_ORM2(Trifluoperazine);SSH1_ORM2(noDrug);SSH1_PIS1(Trifluoperazine);SSH1_PIS1(noDrug);TPO1_TPO2(5-FC),,,piQTL_only
chr15:426624,ERG11_ACF2,Metformin,0.628382061,ALO1_ADE17(5-FC);ALO1_UIP4(5-FC);ALO1_UIP4(noDrug);DHH1_LSM3(Fluconazole);ERG11_ACF2(5-FC);ERG11_ACF2(Metformin);HNM1_ERG11(5-FC);PLM2_HNM1(Trifluoperazine);SSH1_ORM2(5-FC);SSH1_ORM2(Metformin);SSH1_ORM2(Trifluoperazine);SSH1_ORM2(noDrug);SSH1_PIS1(Trifluoperazine);SSH1_PIS1(noDrug);TPO1_TPO2(5-FC),,,piQTL_only
chr15:426624,HNM1_ERG11,5-FC,0.755846436,ALO1_ADE17(5-FC);ALO1_UIP4(5-FC);ALO1_UIP4(noDrug);DHH1_LSM3(Fluconazole);ERG11_ACF2(5-FC);ERG11_ACF2(Metformin);HNM1_ERG11(5-FC);PLM2_HNM1(Trifluoperazine);SSH1_ORM2(5-FC);SSH1_ORM2(Metformin);SSH1_ORM2(Trifluoperazine);SSH1_ORM2(noDrug);SSH1_PIS1(Trifluoperazine);SSH1_PIS1(noDrug);TPO1_TPO2(5-FC),,,piQTL_only
chr15:426624,PLM2_HNM1,Trifluoperazine,0.593394759,ALO1_ADE17(5-FC);ALO1_UIP4(5-FC);ALO1_UIP4(noDrug);DHH1_LSM3(Fluconazole);ERG11_ACF2(5-FC);ERG11_ACF2(Metformin);HNM1_ERG11(5-FC);PLM2_HNM1(Trifluoperazine);SSH1_ORM2(5-FC);SSH1_ORM2(Metformin);SSH1_ORM2(Trifluoperazine);SSH1_ORM2(noDrug);SSH1_PIS1(Trifluoperazine);SSH1_PIS1(noDrug);TPO1_TPO2(5-FC),,,piQTL_only
chr15:426624,SSH1_ORM2,5-FC,0.776700597,ALO1_ADE17(5-FC);ALO1_UIP4(5-FC);ALO1_UIP4(noDrug);DHH1_LSM3(Fluconazole);ERG11_ACF2(5-FC);ERG11_ACF2(Metformin);HNM1_ERG11(5-FC);PLM2_HNM1(Trifluoperazine);SSH1_ORM2(5-FC);SSH1_ORM2(Metformin);SSH1_ORM2(Trifluoperazine);SSH1_ORM2(noDrug);SSH1_PIS1(Trifluoperazine);SSH1_PIS1(noDrug);TPO1_TPO2(5-FC),,,piQTL_only
chr15:426624,SSH1_ORM2,Metformin,0.560231464,ALO1_ADE17(5-FC);ALO1_UIP4(5-FC);ALO1_UIP4(noDrug);DHH1_LSM3(Fluconazole);ERG11_ACF2(5-FC);ERG11_ACF2(Metformin);HNM1_ERG11(5-FC);PLM2_HNM1(Trifluoperazine);SSH1_ORM2(5-FC);SSH1_ORM2(Metformin);SSH1_ORM2(Trifluoperazine);SSH1_ORM2(noDrug);SSH1_PIS1(Trifluoperazine);SSH1_PIS1(noDrug);TPO1_TPO2(5-FC),,,piQTL_only
chr15:426624,SSH1_ORM2,Trifluoperazine,0.712600138,ALO1_ADE17(5-FC);ALO1_UIP4(5-FC);ALO1_UIP4(noDrug);DHH1_LSM3(Fluconazole);ERG11_ACF2(5-FC);ERG11_ACF2(Metformin);HNM1_ERG11(5-FC);PLM2_HNM1(Trifluoperazine);SSH1_ORM2(5-FC);SSH1_ORM2(Metformin);SSH1_ORM2(Trifluoperazine);SSH1_ORM2(noDrug);SSH1_PIS1(Trifluoperazine);SSH1_PIS1(noDrug);TPO1_TPO2(5-FC),,,piQTL_only
chr15:426624,SSH1_ORM2,noDrug,0.790892148,ALO1_ADE17(5-FC);ALO1_UIP4(5-FC);ALO1_UIP4(noDrug);DHH1_LSM3(Fluconazole);ERG11_ACF2(5-FC);ERG11_ACF2(Metformin);HNM1_ERG11(5-FC);PLM2_HNM1(Trifluoperazine);SSH1_ORM2(5-FC);SSH1_ORM2(Metformin);SSH1_ORM2(Trifluoperazine);SSH1_ORM2(noDrug);SSH1_PIS1(Trifluoperazine);SSH1_PIS1(noDrug);TPO1_TPO2(5-FC),,,piQTL_only
chr15:426624,SSH1_PIS1,Trifluoperazine,0.687810024,ALO1_ADE17(5-FC);ALO1_UIP4(5-FC);ALO1_UIP4(noDrug);DHH1_LSM3(Fluconazole);ERG11_ACF2(5-FC);ERG11_ACF2(Metformin);HNM1_ERG11(5-FC);PLM2_HNM1(Trifluoperazine);SSH1_ORM2(5-FC);SSH1_ORM2(Metformin);SSH1_ORM2(Trifluoperazine);SSH1_ORM2(noDrug);SSH1_PIS1(Trifluoperazine);SSH1_PIS1(noDrug);TPO1_TPO2(5-FC),,,piQTL_only
chr15:426624,SSH1_PIS1,noDrug,0.703476696,ALO1_ADE17(5-FC);ALO1_UIP4(5-FC);ALO1_UIP4(noDrug);DHH1_LSM3(Fluconazole);ERG11_ACF2(5-FC);ERG11_ACF2(Metformin);HNM1_ERG11(5-FC);PLM2_HNM1(Trifluoperazine);SSH1_ORM2(5-FC);SSH1_ORM2(Metformin);SSH1_ORM2(Trifluoperazine);SSH1_ORM2(noDrug);SSH1_PIS1(Trifluoperazine);SSH1_PIS1(noDrug);TPO1_TPO2(5-FC),,,piQTL_only
chr15:426624,TPO1_TPO2,5-FC,0.570956522,ALO1_ADE17(5-FC);ALO1_UIP4(5-FC);ALO1_UIP4(noDrug);DHH1_LSM3(Fluconazole);ERG11_ACF2(5-FC);ERG11_ACF2(Metformin);HNM1_ERG11(5-FC);PLM2_HNM1(Trifluoperazine);SSH1_ORM2(5-FC);SSH1_ORM2(Metformin);SSH1_ORM2(Trifluoperazine);SSH1_ORM2(noDrug);SSH1_PIS1(Trifluoperazine);SSH1_PIS1(noDrug);TPO1_TPO2(5-FC),,,piQTL_only
chr15:427668,ALO1_UIP4,noDrug,0.621118471,ALO1_UIP4(noDrug);MID2_WSC2(Metformin);SSH1_ORM2(noDrug),,,piQTL_only
chr15:427668,MID2_WSC2,Metformin,0.503150408,ALO1_UIP4(noDrug);MID2_WSC2(Metformin);SSH1_ORM2(noDrug),,,piQTL_only
chr15:427668,SSH1_ORM2,noDrug,0.630660578,ALO1_UIP4(noDrug);MID2_WSC2(Metformin);SSH1_ORM2(noDrug),,,piQTL_only
chr15:442681,ADE17_HYR1,Trifluoperazine,0.647083158,ADE17_HYR1(Trifluoperazine);ADE17_HYR1(noDrug);ADE17_PGM2(Trifluoperazine);ALO1_ADE17(5-FC);ALO1_UIP4(Fluconazole);ERV25_RBD2(5-FC);ERV25_RBD2(Metformin);HNM1_RBD2(Trifluoperazine),,CKA2,pQTL_only
chr15:442681,ADE17_HYR1,noDrug,0.713615817,ADE17_HYR1(Trifluoperazine);ADE17_HYR1(noDrug);ADE17_PGM2(Trifluoperazine);ALO1_ADE17(5-FC);ALO1_UIP4(Fluconazole);ERV25_RBD2(5-FC);ERV25_RBD2(Metformin);HNM1_RBD2(Trifluoperazine),,CKA2,pQTL_only
chr15:442681,ADE17_PGM2,Trifluoperazine,0.551184622,ADE17_HYR1(Trifluoperazine);ADE17_HYR1(noDrug);ADE17_PGM2(Trifluoperazine);ALO1_ADE17(5-FC);ALO1_UIP4(Fluconazole);ERV25_RBD2(5-FC);ERV25_RBD2(Metformin);HNM1_RBD2(Trifluoperazine),,CKA2,pQTL_only
chr15:442681,ALO1_ADE17,5-FC,0.984057156,ADE17_HYR1(Trifluoperazine);ADE17_HYR1(noDrug);ADE17_PGM2(Trifluoperazine);ALO1_ADE17(5-FC);ALO1_UIP4(Fluconazole);ERV25_RBD2(5-FC);ERV25_RBD2(Metformin);HNM1_RBD2(Trifluoperazine),,CKA2,pQTL_only
chr15:442681,ALO1_UIP4,Fluconazole,0.833579669,ADE17_HYR1(Trifluoperazine);ADE17_HYR1(noDrug);ADE17_PGM2(Trifluoperazine);ALO1_ADE17(5-FC);ALO1_UIP4(Fluconazole);ERV25_RBD2(5-FC);ERV25_RBD2(Metformin);HNM1_RBD2(Trifluoperazine),,CKA2,pQTL_only
chr15:442681,ERV25_RBD2,5-FC,0.649741772,ADE17_HYR1(Trifluoperazine);ADE17_HYR1(noDrug);ADE17_PGM2(Trifluoperazine);ALO1_ADE17(5-FC);ALO1_UIP4(Fluconazole);ERV25_RBD2(5-FC);ERV25_RBD2(Metformin);HNM1_RBD2(Trifluoperazine),,CKA2,pQTL_only
chr15:442681,ERV25_RBD2,Metformin,0.602729842,ADE17_HYR1(Trifluoperazine);ADE17_HYR1(noDrug);ADE17_PGM2(Trifluoperazine);ALO1_ADE17(5-FC);ALO1_UIP4(Fluconazole);ERV25_RBD2(5-FC);ERV25_RBD2(Metformin);HNM1_RBD2(Trifluoperazine),,CKA2,pQTL_only
chr15:443566,GTR1_SLM4,Fluconazole,0.560462348,GTR1_SLM4(Fluconazole),,,piQTL_only
chr15:442681,HNM1_RBD2,Trifluoperazine,0.516418649,ADE17_HYR1(Trifluoperazine);ADE17_HYR1(noDrug);ADE17_PGM2(Trifluoperazine);ALO1_ADE17(5-FC);ALO1_UIP4(Fluconazole);ERV25_RBD2(5-FC);ERV25_RBD2(Metformin);HNM1_RBD2(Trifluoperazine),,CKA2,pQTL_only
chr15:448815,ALO1_HYR1,5-FC,0.939086382,ALO1_HYR1(5-FC);ALO1_HYR1(noDrug);ALO1_UIP4(5-FC);ALO1_UIP4(Metformin);ALO1_UIP4(Trifluoperazine);ALO1_UIP4(noDrug);DHH1_LSM3(5-FC);ERG11_ACF2(5-FC);ERG11_ACF2(Metformin);ERG11_ACF2(Trifluoperazine);ERG11_ACF2(noDrug);ERG11_ERG5(Trifluoperazine);ERG11_HYR1(Trifluoperazine);ERG11_HYR1(noDrug);ERG11_MID2(5-FC);ERG11_MID2(Trifluoperazine);ERG11_ORM2(Trifluoperazine);ERG11_ORM2(noDrug);ERG11_PIS1(5-FC);ERG11_PIS1(Trifluoperazine);ERG11_PIS1(noDrug);ERG11_TPO4(5-FC);ERG11_TPO4(Trifluoperazine);ERG11_TPO4(noDrug);ERV25_ERG5(5-FC);ERV25_ERG5(Metformin);ERV25_ORM2(5-FC);ERV25_ORM2(Metformin);ERV25_ORM2(Trifluoperazine);ERV25_ORM2(noDrug);FMP45_HNM1(5-FC);FMP45_HNM1(Metformin);FMP45_MEP1(5-FC);FMP45_MID2(5-FC);FMP45_MID2(Metformin);FMP45_MID2(Trifluoperazine);HNM1_ERG11(5-FC);HNM1_ERG11(Metformin);HNM1_ERG11(Trifluoperazine);HNM1_ERG11(noDrug);HNM1_MID2(5-FC);HNM1_MID2(Trifluoperazine);HNM1_MID2(noDrug);HUG1_PGM2(Metformin);HUG1_PGM2(Trifluoperazine);MID2_MAM33(Trifluoperazine);MID2_MAM33(noDrug);MID2_PIN2(5-FC);MID2_PIN2(Metformin);MID2_RSN1(5-FC);MID2_RSN1(Metformin);MID2_TPO2(5-FC);MID2_TPO2(Metformin);MID2_TPO2(Trifluoperazine);MID2_TPO4(Metformin);PLM2_HNM1(Trifluoperazine);PMC1_CTR2(5-FC);PMC1_CTR2(Metformin);PMC1_CTR2(Trifluoperazine);PMC1_GTR2(5-FC);PMC1_GTR2(Metformin);PMC1_GTR2(Trifluoperazine);PMC1_GTR2(noDrug);SNA4_GTR2(5-FC);SRO9_DHH1(5-FC);SRO9_DHH1(Trifluoperazine);SRO9_GIS2(Trifluoperazine);SRO9_SGN1(5-FC);SRO9_SGN1(Trifluoperazine);SRO9_SGN1(noDrug);SSH1_ERG11(5-FC);SSH1_ERG11(Metformin);SSH1_ERG11(Trifluoperazine);SSH1_ERG11(noDrug);SSH1_ERV25(5-FC);SSH1_ERV25(Metformin);SSH1_ERV25(Trifluoperazine);SSH1_ERV25(noDrug);SSH1_ORM2(5-FC);SSH1_ORM2(Metformin);SSH1_ORM2(Trifluoperazine);SSH1_ORM2(noDrug);SSH1_PIS1(Trifluoperazine);TPO1_TPO2(5-FC),,AIM2;GOR1;FAA1;GPH1,pQTL_only
chr15:448815,ALO1_HYR1,noDrug,0.912223589,ALO1_HYR1(5-FC);ALO1_HYR1(noDrug);ALO1_UIP4(5-FC);ALO1_UIP4(Metformin);ALO1_UIP4(Trifluoperazine);ALO1_UIP4(noDrug);DHH1_LSM3(5-FC);ERG11_ACF2(5-FC);ERG11_ACF2(Metformin);ERG11_ACF2(Trifluoperazine);ERG11_ACF2(noDrug);ERG11_ERG5(Trifluoperazine);ERG11_HYR1(Trifluoperazine);ERG11_HYR1(noDrug);ERG11_MID2(5-FC);ERG11_MID2(Trifluoperazine);ERG11_ORM2(Trifluoperazine);ERG11_ORM2(noDrug);ERG11_PIS1(5-FC);ERG11_PIS1(Trifluoperazine);ERG11_PIS1(noDrug);ERG11_TPO4(5-FC);ERG11_TPO4(Trifluoperazine);ERG11_TPO4(noDrug);ERV25_ERG5(5-FC);ERV25_ERG5(Metformin);ERV25_ORM2(5-FC);ERV25_ORM2(Metformin);ERV25_ORM2(Trifluoperazine);ERV25_ORM2(noDrug);FMP45_HNM1(5-FC);FMP45_HNM1(Metformin);FMP45_MEP1(5-FC);FMP45_MID2(5-FC);FMP45_MID2(Metformin);FMP45_MID2(Trifluoperazine);HNM1_ERG11(5-FC);HNM1_ERG11(Metformin);HNM1_ERG11(Trifluoperazine);HNM1_ERG11(noDrug);HNM1_MID2(5-FC);HNM1_MID2(Trifluoperazine);HNM1_MID2(noDrug);HUG1_PGM2(Metformin);HUG1_PGM2(Trifluoperazine);MID2_MAM33(Trifluoperazine);MID2_MAM33(noDrug);MID2_PIN2(5-FC);MID2_PIN2(Metformin);MID2_RSN1(5-FC);MID2_RSN1(Metformin);MID2_TPO2(5-FC);MID2_TPO2(Metformin);MID2_TPO2(Trifluoperazine);MID2_TPO4(Metformin);PLM2_HNM1(Trifluoperazine);PMC1_CTR2(5-FC);PMC1_CTR2(Metformin);PMC1_CTR2(Trifluoperazine);PMC1_GTR2(5-FC);PMC1_GTR2(Metformin);PMC1_GTR2(Trifluoperazine);PMC1_GTR2(noDrug);SNA4_GTR2(5-FC);SRO9_DHH1(5-FC);SRO9_DHH1(Trifluoperazine);SRO9_GIS2(Trifluoperazine);SRO9_SGN1(5-FC);SRO9_SGN1(Trifluoperazine);SRO9_SGN1(noDrug);SSH1_ERG11(5-FC);SSH1_ERG11(Metformin);SSH1_ERG11(Trifluoperazine);SSH1_ERG11(noDrug);SSH1_ERV25(5-FC);SSH1_ERV25(Metformin);SSH1_ERV25(Trifluoperazine);SSH1_ERV25(noDrug);SSH1_ORM2(5-FC);SSH1_ORM2(Metformin);SSH1_ORM2(Trifluoperazine);SSH1_ORM2(noDrug);SSH1_PIS1(Trifluoperazine);TPO1_TPO2(5-FC),,AIM2;GOR1;FAA1;GPH1,pQTL_only
chr15:448815,ALO1_UIP4,5-FC,1.053650252,ALO1_HYR1(5-FC);ALO1_HYR1(noDrug);ALO1_UIP4(5-FC);ALO1_UIP4(Metformin);ALO1_UIP4(Trifluoperazine);ALO1_UIP4(noDrug);DHH1_LSM3(5-FC);ERG11_ACF2(5-FC);ERG11_ACF2(Metformin);ERG11_ACF2(Trifluoperazine);ERG11_ACF2(noDrug);ERG11_ERG5(Trifluoperazine);ERG11_HYR1(Trifluoperazine);ERG11_HYR1(noDrug);ERG11_MID2(5-FC);ERG11_MID2(Trifluoperazine);ERG11_ORM2(Trifluoperazine);ERG11_ORM2(noDrug);ERG11_PIS1(5-FC);ERG11_PIS1(Trifluoperazine);ERG11_PIS1(noDrug);ERG11_TPO4(5-FC);ERG11_TPO4(Trifluoperazine);ERG11_TPO4(noDrug);ERV25_ERG5(5-FC);ERV25_ERG5(Metformin);ERV25_ORM2(5-FC);ERV25_ORM2(Metformin);ERV25_ORM2(Trifluoperazine);ERV25_ORM2(noDrug);FMP45_HNM1(5-FC);FMP45_HNM1(Metformin);FMP45_MEP1(5-FC);FMP45_MID2(5-FC);FMP45_MID2(Metformin);FMP45_MID2(Trifluoperazine);HNM1_ERG11(5-FC);HNM1_ERG11(Metformin);HNM1_ERG11(Trifluoperazine);HNM1_ERG11(noDrug);HNM1_MID2(5-FC);HNM1_MID2(Trifluoperazine);HNM1_MID2(noDrug);HUG1_PGM2(Metformin);HUG1_PGM2(Trifluoperazine);MID2_MAM33(Trifluoperazine);MID2_MAM33(noDrug);MID2_PIN2(5-FC);MID2_PIN2(Metformin);MID2_RSN1(5-FC);MID2_RSN1(Metformin);MID2_TPO2(5-FC);MID2_TPO2(Metformin);MID2_TPO2(Trifluoperazine);MID2_TPO4(Metformin);PLM2_HNM1(Trifluoperazine);PMC1_CTR2(5-FC);PMC1_CTR2(Metformin);PMC1_CTR2(Trifluoperazine);PMC1_GTR2(5-FC);PMC1_GTR2(Metformin);PMC1_GTR2(Trifluoperazine);PMC1_GTR2(noDrug);SNA4_GTR2(5-FC);SRO9_DHH1(5-FC);SRO9_DHH1(Trifluoperazine);SRO9_GIS2(Trifluoperazine);SRO9_SGN1(5-FC);SRO9_SGN1(Trifluoperazine);SRO9_SGN1(noDrug);SSH1_ERG11(5-FC);SSH1_ERG11(Metformin);SSH1_ERG11(Trifluoperazine);SSH1_ERG11(noDrug);SSH1_ERV25(5-FC);SSH1_ERV25(Metformin);SSH1_ERV25(Trifluoperazine);SSH1_ERV25(noDrug);SSH1_ORM2(5-FC);SSH1_ORM2(Metformin);SSH1_ORM2(Trifluoperazine);SSH1_ORM2(noDrug);SSH1_PIS1(Trifluoperazine);TPO1_TPO2(5-FC),,AIM2;GOR1;FAA1;GPH1,pQTL_only
chr15:448815,ALO1_UIP4,Metformin,0.871119858,ALO1_HYR1(5-FC);ALO1_HYR1(noDrug);ALO1_UIP4(5-FC);ALO1_UIP4(Metformin);ALO1_UIP4(Trifluoperazine);ALO1_UIP4(noDrug);DHH1_LSM3(5-FC);ERG11_ACF2(5-FC);ERG11_ACF2(Metformin);ERG11_ACF2(Trifluoperazine);ERG11_ACF2(noDrug);ERG11_ERG5(Trifluoperazine);ERG11_HYR1(Trifluoperazine);ERG11_HYR1(noDrug);ERG11_MID2(5-FC);ERG11_MID2(Trifluoperazine);ERG11_ORM2(Trifluoperazine);ERG11_ORM2(noDrug);ERG11_PIS1(5-FC);ERG11_PIS1(Trifluoperazine);ERG11_PIS1(noDrug);ERG11_TPO4(5-FC);ERG11_TPO4(Trifluoperazine);ERG11_TPO4(noDrug);ERV25_ERG5(5-FC);ERV25_ERG5(Metformin);ERV25_ORM2(5-FC);ERV25_ORM2(Metformin);ERV25_ORM2(Trifluoperazine);ERV25_ORM2(noDrug);FMP45_HNM1(5-FC);FMP45_HNM1(Metformin);FMP45_MEP1(5-FC);FMP45_MID2(5-FC);FMP45_MID2(Metformin);FMP45_MID2(Trifluoperazine);HNM1_ERG11(5-FC);HNM1_ERG11(Metformin);HNM1_ERG11(Trifluoperazine);HNM1_ERG11(noDrug);HNM1_MID2(5-FC);HNM1_MID2(Trifluoperazine);HNM1_MID2(noDrug);HUG1_PGM2(Metformin);HUG1_PGM2(Trifluoperazine);MID2_MAM33(Trifluoperazine);MID2_MAM33(noDrug);MID2_PIN2(5-FC);MID2_PIN2(Metformin);MID2_RSN1(5-FC);MID2_RSN1(Metformin);MID2_TPO2(5-FC);MID2_TPO2(Metformin);MID2_TPO2(Trifluoperazine);MID2_TPO4(Metformin);PLM2_HNM1(Trifluoperazine);PMC1_CTR2(5-FC);PMC1_CTR2(Metformin);PMC1_CTR2(Trifluoperazine);PMC1_GTR2(5-FC);PMC1_GTR2(Metformin);PMC1_GTR2(Trifluoperazine);PMC1_GTR2(noDrug);SNA4_GTR2(5-FC);SRO9_DHH1(5-FC);SRO9_DHH1(Trifluoperazine);SRO9_GIS2(Trifluoperazine);SRO9_SGN1(5-FC);SRO9_SGN1(Trifluoperazine);SRO9_SGN1(noDrug);SSH1_ERG11(5-FC);SSH1_ERG11(Metformin);SSH1_ERG11(Trifluoperazine);SSH1_ERG11(noDrug);SSH1_ERV25(5-FC);SSH1_ERV25(Metformin);SSH1_ERV25(Trifluoperazine);SSH1_ERV25(noDrug);SSH1_ORM2(5-FC);SSH1_ORM2(Metformin);SSH1_ORM2(Trifluoperazine);SSH1_ORM2(noDrug);SSH1_PIS1(Trifluoperazine);TPO1_TPO2(5-FC),,AIM2;GOR1;FAA1;GPH1,pQTL_only
chr15:448815,ALO1_UIP4,Trifluoperazine,1.108831864,ALO1_HYR1(5-FC);ALO1_HYR1(noDrug);ALO1_UIP4(5-FC);ALO1_UIP4(Metformin);ALO1_UIP4(Trifluoperazine);ALO1_UIP4(noDrug);DHH1_LSM3(5-FC);ERG11_ACF2(5-FC);ERG11_ACF2(Metformin);ERG11_ACF2(Trifluoperazine);ERG11_ACF2(noDrug);ERG11_ERG5(Trifluoperazine);ERG11_HYR1(Trifluoperazine);ERG11_HYR1(noDrug);ERG11_MID2(5-FC);ERG11_MID2(Trifluoperazine);ERG11_ORM2(Trifluoperazine);ERG11_ORM2(noDrug);ERG11_PIS1(5-FC);ERG11_PIS1(Trifluoperazine);ERG11_PIS1(noDrug);ERG11_TPO4(5-FC);ERG11_TPO4(Trifluoperazine);ERG11_TPO4(noDrug);ERV25_ERG5(5-FC);ERV25_ERG5(Metformin);ERV25_ORM2(5-FC);ERV25_ORM2(Metformin);ERV25_ORM2(Trifluoperazine);ERV25_ORM2(noDrug);FMP45_HNM1(5-FC);FMP45_HNM1(Metformin);FMP45_MEP1(5-FC);FMP45_MID2(5-FC);FMP45_MID2(Metformin);FMP45_MID2(Trifluoperazine);HNM1_ERG11(5-FC);HNM1_ERG11(Metformin);HNM1_ERG11(Trifluoperazine);HNM1_ERG11(noDrug);HNM1_MID2(5-FC);HNM1_MID2(Trifluoperazine);HNM1_MID2(noDrug);HUG1_PGM2(Metformin);HUG1_PGM2(Trifluoperazine);MID2_MAM33(Trifluoperazine);MID2_MAM33(noDrug);MID2_PIN2(5-FC);MID2_PIN2(Metformin);MID2_RSN1(5-FC);MID2_RSN1(Metformin);MID2_TPO2(5-FC);MID2_TPO2(Metformin);MID2_TPO2(Trifluoperazine);MID2_TPO4(Metformin);PLM2_HNM1(Trifluoperazine);PMC1_CTR2(5-FC);PMC1_CTR2(Metformin);PMC1_CTR2(Trifluoperazine);PMC1_GTR2(5-FC);PMC1_GTR2(Metformin);PMC1_GTR2(Trifluoperazine);PMC1_GTR2(noDrug);SNA4_GTR2(5-FC);SRO9_DHH1(5-FC);SRO9_DHH1(Trifluoperazine);SRO9_GIS2(Trifluoperazine);SRO9_SGN1(5-FC);SRO9_SGN1(Trifluoperazine);SRO9_SGN1(noDrug);SSH1_ERG11(5-FC);SSH1_ERG11(Metformin);SSH1_ERG11(Trifluoperazine);SSH1_ERG11(noDrug);SSH1_ERV25(5-FC);SSH1_ERV25(Metformin);SSH1_ERV25(Trifluoperazine);SSH1_ERV25(noDrug);SSH1_ORM2(5-FC);SSH1_ORM2(Metformin);SSH1_ORM2(Trifluoperazine);SSH1_ORM2(noDrug);SSH1_PIS1(Trifluoperazine);TPO1_TPO2(5-FC),,AIM2;GOR1;FAA1;GPH1,pQTL_only
chr15:448815,ALO1_UIP4,noDrug,1.016240868,ALO1_HYR1(5-FC);ALO1_HYR1(noDrug);ALO1_UIP4(5-FC);ALO1_UIP4(Metformin);ALO1_UIP4(Trifluoperazine);ALO1_UIP4(noDrug);DHH1_LSM3(5-FC);ERG11_ACF2(5-FC);ERG11_ACF2(Metformin);ERG11_ACF2(Trifluoperazine);ERG11_ACF2(noDrug);ERG11_ERG5(Trifluoperazine);ERG11_HYR1(Trifluoperazine);ERG11_HYR1(noDrug);ERG11_MID2(5-FC);ERG11_MID2(Trifluoperazine);ERG11_ORM2(Trifluoperazine);ERG11_ORM2(noDrug);ERG11_PIS1(5-FC);ERG11_PIS1(Trifluoperazine);ERG11_PIS1(noDrug);ERG11_TPO4(5-FC);ERG11_TPO4(Trifluoperazine);ERG11_TPO4(noDrug);ERV25_ERG5(5-FC);ERV25_ERG5(Metformin);ERV25_ORM2(5-FC);ERV25_ORM2(Metformin);ERV25_ORM2(Trifluoperazine);ERV25_ORM2(noDrug);FMP45_HNM1(5-FC);FMP45_HNM1(Metformin);FMP45_MEP1(5-FC);FMP45_MID2(5-FC);FMP45_MID2(Metformin);FMP45_MID2(Trifluoperazine);HNM1_ERG11(5-FC);HNM1_ERG11(Metformin);HNM1_ERG11(Trifluoperazine);HNM1_ERG11(noDrug);HNM1_MID2(5-FC);HNM1_MID2(Trifluoperazine);HNM1_MID2(noDrug);HUG1_PGM2(Metformin);HUG1_PGM2(Trifluoperazine);MID2_MAM33(Trifluoperazine);MID2_MAM33(noDrug);MID2_PIN2(5-FC);MID2_PIN2(Metformin);MID2_RSN1(5-FC);MID2_RSN1(Metformin);MID2_TPO2(5-FC);MID2_TPO2(Metformin);MID2_TPO2(Trifluoperazine);MID2_TPO4(Metformin);PLM2_HNM1(Trifluoperazine);PMC1_CTR2(5-FC);PMC1_CTR2(Metformin);PMC1_CTR2(Trifluoperazine);PMC1_GTR2(5-FC);PMC1_GTR2(Metformin);PMC1_GTR2(Trifluoperazine);PMC1_GTR2(noDrug);SNA4_GTR2(5-FC);SRO9_DHH1(5-FC);SRO9_DHH1(Trifluoperazine);SRO9_GIS2(Trifluoperazine);SRO9_SGN1(5-FC);SRO9_SGN1(Trifluoperazine);SRO9_SGN1(noDrug);SSH1_ERG11(5-FC);SSH1_ERG11(Metformin);SSH1_ERG11(Trifluoperazine);SSH1_ERG11(noDrug);SSH1_ERV25(5-FC);SSH1_ERV25(Metformin);SSH1_ERV25(Trifluoperazine);SSH1_ERV25(noDrug);SSH1_ORM2(5-FC);SSH1_ORM2(Metformin);SSH1_ORM2(Trifluoperazine);SSH1_ORM2(noDrug);SSH1_PIS1(Trifluoperazine);TPO1_TPO2(5-FC),,AIM2;GOR1;FAA1;GPH1,pQTL_only
chr15:448815,DHH1_LSM3,5-FC,0.824845591,ALO1_HYR1(5-FC);ALO1_HYR1(noDrug);ALO1_UIP4(5-FC);ALO1_UIP4(Metformin);ALO1_UIP4(Trifluoperazine);ALO1_UIP4(noDrug);DHH1_LSM3(5-FC);ERG11_ACF2(5-FC);ERG11_ACF2(Metformin);ERG11_ACF2(Trifluoperazine);ERG11_ACF2(noDrug);ERG11_ERG5(Trifluoperazine);ERG11_HYR1(Trifluoperazine);ERG11_HYR1(noDrug);ERG11_MID2(5-FC);ERG11_MID2(Trifluoperazine);ERG11_ORM2(Trifluoperazine);ERG11_ORM2(noDrug);ERG11_PIS1(5-FC);ERG11_PIS1(Trifluoperazine);ERG11_PIS1(noDrug);ERG11_TPO4(5-FC);ERG11_TPO4(Trifluoperazine);ERG11_TPO4(noDrug);ERV25_ERG5(5-FC);ERV25_ERG5(Metformin);ERV25_ORM2(5-FC);ERV25_ORM2(Metformin);ERV25_ORM2(Trifluoperazine);ERV25_ORM2(noDrug);FMP45_HNM1(5-FC);FMP45_HNM1(Metformin);FMP45_MEP1(5-FC);FMP45_MID2(5-FC);FMP45_MID2(Metformin);FMP45_MID2(Trifluoperazine);HNM1_ERG11(5-FC);HNM1_ERG11(Metformin);HNM1_ERG11(Trifluoperazine);HNM1_ERG11(noDrug);HNM1_MID2(5-FC);HNM1_MID2(Trifluoperazine);HNM1_MID2(noDrug);HUG1_PGM2(Metformin);HUG1_PGM2(Trifluoperazine);MID2_MAM33(Trifluoperazine);MID2_MAM33(noDrug);MID2_PIN2(5-FC);MID2_PIN2(Metformin);MID2_RSN1(5-FC);MID2_RSN1(Metformin);MID2_TPO2(5-FC);MID2_TPO2(Metformin);MID2_TPO2(Trifluoperazine);MID2_TPO4(Metformin);PLM2_HNM1(Trifluoperazine);PMC1_CTR2(5-FC);PMC1_CTR2(Metformin);PMC1_CTR2(Trifluoperazine);PMC1_GTR2(5-FC);PMC1_GTR2(Metformin);PMC1_GTR2(Trifluoperazine);PMC1_GTR2(noDrug);SNA4_GTR2(5-FC);SRO9_DHH1(5-FC);SRO9_DHH1(Trifluoperazine);SRO9_GIS2(Trifluoperazine);SRO9_SGN1(5-FC);SRO9_SGN1(Trifluoperazine);SRO9_SGN1(noDrug);SSH1_ERG11(5-FC);SSH1_ERG11(Metformin);SSH1_ERG11(Trifluoperazine);SSH1_ERG11(noDrug);SSH1_ERV25(5-FC);SSH1_ERV25(Metformin);SSH1_ERV25(Trifluoperazine);SSH1_ERV25(noDrug);SSH1_ORM2(5-FC);SSH1_ORM2(Metformin);SSH1_ORM2(Trifluoperazine);SSH1_ORM2(noDrug);SSH1_PIS1(Trifluoperazine);TPO1_TPO2(5-FC),,AIM2;GOR1;FAA1;GPH1,pQTL_only
chr15:448815,ERG11_ACF2,5-FC,0.940397843,ALO1_HYR1(5-FC);ALO1_HYR1(noDrug);ALO1_UIP4(5-FC);ALO1_UIP4(Metformin);ALO1_UIP4(Trifluoperazine);ALO1_UIP4(noDrug);DHH1_LSM3(5-FC);ERG11_ACF2(5-FC);ERG11_ACF2(Metformin);ERG11_ACF2(Trifluoperazine);ERG11_ACF2(noDrug);ERG11_ERG5(Trifluoperazine);ERG11_HYR1(Trifluoperazine);ERG11_HYR1(noDrug);ERG11_MID2(5-FC);ERG11_MID2(Trifluoperazine);ERG11_ORM2(Trifluoperazine);ERG11_ORM2(noDrug);ERG11_PIS1(5-FC);ERG11_PIS1(Trifluoperazine);ERG11_PIS1(noDrug);ERG11_TPO4(5-FC);ERG11_TPO4(Trifluoperazine);ERG11_TPO4(noDrug);ERV25_ERG5(5-FC);ERV25_ERG5(Metformin);ERV25_ORM2(5-FC);ERV25_ORM2(Metformin);ERV25_ORM2(Trifluoperazine);ERV25_ORM2(noDrug);FMP45_HNM1(5-FC);FMP45_HNM1(Metformin);FMP45_MEP1(5-FC);FMP45_MID2(5-FC);FMP45_MID2(Metformin);FMP45_MID2(Trifluoperazine);HNM1_ERG11(5-FC);HNM1_ERG11(Metformin);HNM1_ERG11(Trifluoperazine);HNM1_ERG11(noDrug);HNM1_MID2(5-FC);HNM1_MID2(Trifluoperazine);HNM1_MID2(noDrug);HUG1_PGM2(Metformin);HUG1_PGM2(Trifluoperazine);MID2_MAM33(Trifluoperazine);MID2_MAM33(noDrug);MID2_PIN2(5-FC);MID2_PIN2(Metformin);MID2_RSN1(5-FC);MID2_RSN1(Metformin);MID2_TPO2(5-FC);MID2_TPO2(Metformin);MID2_TPO2(Trifluoperazine);MID2_TPO4(Metformin);PLM2_HNM1(Trifluoperazine);PMC1_CTR2(5-FC);PMC1_CTR2(Metformin);PMC1_CTR2(Trifluoperazine);PMC1_GTR2(5-FC);PMC1_GTR2(Metformin);PMC1_GTR2(Trifluoperazine);PMC1_GTR2(noDrug);SNA4_GTR2(5-FC);SRO9_DHH1(5-FC);SRO9_DHH1(Trifluoperazine);SRO9_GIS2(Trifluoperazine);SRO9_SGN1(5-FC);SRO9_SGN1(Trifluoperazine);SRO9_SGN1(noDrug);SSH1_ERG11(5-FC);SSH1_ERG11(Metformin);SSH1_ERG11(Trifluoperazine);SSH1_ERG11(noDrug);SSH1_ERV25(5-FC);SSH1_ERV25(Metformin);SSH1_ERV25(Trifluoperazine);SSH1_ERV25(noDrug);SSH1_ORM2(5-FC);SSH1_ORM2(Metformin);SSH1_ORM2(Trifluoperazine);SSH1_ORM2(noDrug);SSH1_PIS1(Trifluoperazine);TPO1_TPO2(5-FC),,AIM2;GOR1;FAA1;GPH1,pQTL_only
chr15:448815,ERG11_ACF2,Metformin,0.921855552,ALO1_HYR1(5-FC);ALO1_HYR1(noDrug);ALO1_UIP4(5-FC);ALO1_UIP4(Metformin);ALO1_UIP4(Trifluoperazine);ALO1_UIP4(noDrug);DHH1_LSM3(5-FC);ERG11_ACF2(5-FC);ERG11_ACF2(Metformin);ERG11_ACF2(Trifluoperazine);ERG11_ACF2(noDrug);ERG11_ERG5(Trifluoperazine);ERG11_HYR1(Trifluoperazine);ERG11_HYR1(noDrug);ERG11_MID2(5-FC);ERG11_MID2(Trifluoperazine);ERG11_ORM2(Trifluoperazine);ERG11_ORM2(noDrug);ERG11_PIS1(5-FC);ERG11_PIS1(Trifluoperazine);ERG11_PIS1(noDrug);ERG11_TPO4(5-FC);ERG11_TPO4(Trifluoperazine);ERG11_TPO4(noDrug);ERV25_ERG5(5-FC);ERV25_ERG5(Metformin);ERV25_ORM2(5-FC);ERV25_ORM2(Metformin);ERV25_ORM2(Trifluoperazine);ERV25_ORM2(noDrug);FMP45_HNM1(5-FC);FMP45_HNM1(Metformin);FMP45_MEP1(5-FC);FMP45_MID2(5-FC);FMP45_MID2(Metformin);FMP45_MID2(Trifluoperazine);HNM1_ERG11(5-FC);HNM1_ERG11(Metformin);HNM1_ERG11(Trifluoperazine);HNM1_ERG11(noDrug);HNM1_MID2(5-FC);HNM1_MID2(Trifluoperazine);HNM1_MID2(noDrug);HUG1_PGM2(Metformin);HUG1_PGM2(Trifluoperazine);MID2_MAM33(Trifluoperazine);MID2_MAM33(noDrug);MID2_PIN2(5-FC);MID2_PIN2(Metformin);MID2_RSN1(5-FC);MID2_RSN1(Metformin);MID2_TPO2(5-FC);MID2_TPO2(Metformin);MID2_TPO2(Trifluoperazine);MID2_TPO4(Metformin);PLM2_HNM1(Trifluoperazine);PMC1_CTR2(5-FC);PMC1_CTR2(Metformin);PMC1_CTR2(Trifluoperazine);PMC1_GTR2(5-FC);PMC1_GTR2(Metformin);PMC1_GTR2(Trifluoperazine);PMC1_GTR2(noDrug);SNA4_GTR2(5-FC);SRO9_DHH1(5-FC);SRO9_DHH1(Trifluoperazine);SRO9_GIS2(Trifluoperazine);SRO9_SGN1(5-FC);SRO9_SGN1(Trifluoperazine);SRO9_SGN1(noDrug);SSH1_ERG11(5-FC);SSH1_ERG11(Metformin);SSH1_ERG11(Trifluoperazine);SSH1_ERG11(noDrug);SSH1_ERV25(5-FC);SSH1_ERV25(Metformin);SSH1_ERV25(Trifluoperazine);SSH1_ERV25(noDrug);SSH1_ORM2(5-FC);SSH1_ORM2(Metformin);SSH1_ORM2(Trifluoperazine);SSH1_ORM2(noDrug);SSH1_PIS1(Trifluoperazine);TPO1_TPO2(5-FC),,AIM2;GOR1;FAA1;GPH1,pQTL_only
chr15:448815,ERG11_ACF2,Trifluoperazine,0.922678095,ALO1_HYR1(5-FC);ALO1_HYR1(noDrug);ALO1_UIP4(5-FC);ALO1_UIP4(Metformin);ALO1_UIP4(Trifluoperazine);ALO1_UIP4(noDrug);DHH1_LSM3(5-FC);ERG11_ACF2(5-FC);ERG11_ACF2(Metformin);ERG11_ACF2(Trifluoperazine);ERG11_ACF2(noDrug);ERG11_ERG5(Trifluoperazine);ERG11_HYR1(Trifluoperazine);ERG11_HYR1(noDrug);ERG11_MID2(5-FC);ERG11_MID2(Trifluoperazine);ERG11_ORM2(Trifluoperazine);ERG11_ORM2(noDrug);ERG11_PIS1(5-FC);ERG11_PIS1(Trifluoperazine);ERG11_PIS1(noDrug);ERG11_TPO4(5-FC);ERG11_TPO4(Trifluoperazine);ERG11_TPO4(noDrug);ERV25_ERG5(5-FC);ERV25_ERG5(Metformin);ERV25_ORM2(5-FC);ERV25_ORM2(Metformin);ERV25_ORM2(Trifluoperazine);ERV25_ORM2(noDrug);FMP45_HNM1(5-FC);FMP45_HNM1(Metformin);FMP45_MEP1(5-FC);FMP45_MID2(5-FC);FMP45_MID2(Metformin);FMP45_MID2(Trifluoperazine);HNM1_ERG11(5-FC);HNM1_ERG11(Metformin);HNM1_ERG11(Trifluoperazine);HNM1_ERG11(noDrug);HNM1_MID2(5-FC);HNM1_MID2(Trifluoperazine);HNM1_MID2(noDrug);HUG1_PGM2(Metformin);HUG1_PGM2(Trifluoperazine);MID2_MAM33(Trifluoperazine);MID2_MAM33(noDrug);MID2_PIN2(5-FC);MID2_PIN2(Metformin);MID2_RSN1(5-FC);MID2_RSN1(Metformin);MID2_TPO2(5-FC);MID2_TPO2(Metformin);MID2_TPO2(Trifluoperazine);MID2_TPO4(Metformin);PLM2_HNM1(Trifluoperazine);PMC1_CTR2(5-FC);PMC1_CTR2(Metformin);PMC1_CTR2(Trifluoperazine);PMC1_GTR2(5-FC);PMC1_GTR2(Metformin);PMC1_GTR2(Trifluoperazine);PMC1_GTR2(noDrug);SNA4_GTR2(5-FC);SRO9_DHH1(5-FC);SRO9_DHH1(Trifluoperazine);SRO9_GIS2(Trifluoperazine);SRO9_SGN1(5-FC);SRO9_SGN1(Trifluoperazine);SRO9_SGN1(noDrug);SSH1_ERG11(5-FC);SSH1_ERG11(Metformin);SSH1_ERG11(Trifluoperazine);SSH1_ERG11(noDrug);SSH1_ERV25(5-FC);SSH1_ERV25(Metformin);SSH1_ERV25(Trifluoperazine);SSH1_ERV25(noDrug);SSH1_ORM2(5-FC);SSH1_ORM2(Metformin);SSH1_ORM2(Trifluoperazine);SSH1_ORM2(noDrug);SSH1_PIS1(Trifluoperazine);TPO1_TPO2(5-FC),,AIM2;GOR1;FAA1;GPH1,pQTL_only
chr15:448815,ERG11_ACF2,noDrug,0.894086526,ALO1_HYR1(5-FC);ALO1_HYR1(noDrug);ALO1_UIP4(5-FC);ALO1_UIP4(Metformin);ALO1_UIP4(Trifluoperazine);ALO1_UIP4(noDrug);DHH1_LSM3(5-FC);ERG11_ACF2(5-FC);ERG11_ACF2(Metformin);ERG11_ACF2(Trifluoperazine);ERG11_ACF2(noDrug);ERG11_ERG5(Trifluoperazine);ERG11_HYR1(Trifluoperazine);ERG11_HYR1(noDrug);ERG11_MID2(5-FC);ERG11_MID2(Trifluoperazine);ERG11_ORM2(Trifluoperazine);ERG11_ORM2(noDrug);ERG11_PIS1(5-FC);ERG11_PIS1(Trifluoperazine);ERG11_PIS1(noDrug);ERG11_TPO4(5-FC);ERG11_TPO4(Trifluoperazine);ERG11_TPO4(noDrug);ERV25_ERG5(5-FC);ERV25_ERG5(Metformin);ERV25_ORM2(5-FC);ERV25_ORM2(Metformin);ERV25_ORM2(Trifluoperazine);ERV25_ORM2(noDrug);FMP45_HNM1(5-FC);FMP45_HNM1(Metformin);FMP45_MEP1(5-FC);FMP45_MID2(5-FC);FMP45_MID2(Metformin);FMP45_MID2(Trifluoperazine);HNM1_ERG11(5-FC);HNM1_ERG11(Metformin);HNM1_ERG11(Trifluoperazine);HNM1_ERG11(noDrug);HNM1_MID2(5-FC);HNM1_MID2(Trifluoperazine);HNM1_MID2(noDrug);HUG1_PGM2(Metformin);HUG1_PGM2(Trifluoperazine);MID2_MAM33(Trifluoperazine);MID2_MAM33(noDrug);MID2_PIN2(5-FC);MID2_PIN2(Metformin);MID2_RSN1(5-FC);MID2_RSN1(Metformin);MID2_TPO2(5-FC);MID2_TPO2(Metformin);MID2_TPO2(Trifluoperazine);MID2_TPO4(Metformin);PLM2_HNM1(Trifluoperazine);PMC1_CTR2(5-FC);PMC1_CTR2(Metformin);PMC1_CTR2(Trifluoperazine);PMC1_GTR2(5-FC);PMC1_GTR2(Metformin);PMC1_GTR2(Trifluoperazine);PMC1_GTR2(noDrug);SNA4_GTR2(5-FC);SRO9_DHH1(5-FC);SRO9_DHH1(Trifluoperazine);SRO9_GIS2(Trifluoperazine);SRO9_SGN1(5-FC);SRO9_SGN1(Trifluoperazine);SRO9_SGN1(noDrug);SSH1_ERG11(5-FC);SSH1_ERG11(Metformin);SSH1_ERG11(Trifluoperazine);SSH1_ERG11(noDrug);SSH1_ERV25(5-FC);SSH1_ERV25(Metformin);SSH1_ERV25(Trifluoperazine);SSH1_ERV25(noDrug);SSH1_ORM2(5-FC);SSH1_ORM2(Metformin);SSH1_ORM2(Trifluoperazine);SSH1_ORM2(noDrug);SSH1_PIS1(Trifluoperazine);TPO1_TPO2(5-FC),,AIM2;GOR1;FAA1;GPH1,pQTL_only
chr15:448815,ERG11_ERG5,Trifluoperazine,0.493444927,ALO1_HYR1(5-FC);ALO1_HYR1(noDrug);ALO1_UIP4(5-FC);ALO1_UIP4(Metformin);ALO1_UIP4(Trifluoperazine);ALO1_UIP4(noDrug);DHH1_LSM3(5-FC);ERG11_ACF2(5-FC);ERG11_ACF2(Metformin);ERG11_ACF2(Trifluoperazine);ERG11_ACF2(noDrug);ERG11_ERG5(Trifluoperazine);ERG11_HYR1(Trifluoperazine);ERG11_HYR1(noDrug);ERG11_MID2(5-FC);ERG11_MID2(Trifluoperazine);ERG11_ORM2(Trifluoperazine);ERG11_ORM2(noDrug);ERG11_PIS1(5-FC);ERG11_PIS1(Trifluoperazine);ERG11_PIS1(noDrug);ERG11_TPO4(5-FC);ERG11_TPO4(Trifluoperazine);ERG11_TPO4(noDrug);ERV25_ERG5(5-FC);ERV25_ERG5(Metformin);ERV25_ORM2(5-FC);ERV25_ORM2(Metformin);ERV25_ORM2(Trifluoperazine);ERV25_ORM2(noDrug);FMP45_HNM1(5-FC);FMP45_HNM1(Metformin);FMP45_MEP1(5-FC);FMP45_MID2(5-FC);FMP45_MID2(Metformin);FMP45_MID2(Trifluoperazine);HNM1_ERG11(5-FC);HNM1_ERG11(Metformin);HNM1_ERG11(Trifluoperazine);HNM1_ERG11(noDrug);HNM1_MID2(5-FC);HNM1_MID2(Trifluoperazine);HNM1_MID2(noDrug);HUG1_PGM2(Metformin);HUG1_PGM2(Trifluoperazine);MID2_MAM33(Trifluoperazine);MID2_MAM33(noDrug);MID2_PIN2(5-FC);MID2_PIN2(Metformin);MID2_RSN1(5-FC);MID2_RSN1(Metformin);MID2_TPO2(5-FC);MID2_TPO2(Metformin);MID2_TPO2(Trifluoperazine);MID2_TPO4(Metformin);PLM2_HNM1(Trifluoperazine);PMC1_CTR2(5-FC);PMC1_CTR2(Metformin);PMC1_CTR2(Trifluoperazine);PMC1_GTR2(5-FC);PMC1_GTR2(Metformin);PMC1_GTR2(Trifluoperazine);PMC1_GTR2(noDrug);SNA4_GTR2(5-FC);SRO9_DHH1(5-FC);SRO9_DHH1(Trifluoperazine);SRO9_GIS2(Trifluoperazine);SRO9_SGN1(5-FC);SRO9_SGN1(Trifluoperazine);SRO9_SGN1(noDrug);SSH1_ERG11(5-FC);SSH1_ERG11(Metformin);SSH1_ERG11(Trifluoperazine);SSH1_ERG11(noDrug);SSH1_ERV25(5-FC);SSH1_ERV25(Metformin);SSH1_ERV25(Trifluoperazine);SSH1_ERV25(noDrug);SSH1_ORM2(5-FC);SSH1_ORM2(Metformin);SSH1_ORM2(Trifluoperazine);SSH1_ORM2(noDrug);SSH1_PIS1(Trifluoperazine);TPO1_TPO2(5-FC),,AIM2;GOR1;FAA1;GPH1,pQTL_only
chr15:448815,ERG11_HYR1,Trifluoperazine,0.542460351,ALO1_HYR1(5-FC);ALO1_HYR1(noDrug);ALO1_UIP4(5-FC);ALO1_UIP4(Metformin);ALO1_UIP4(Trifluoperazine);ALO1_UIP4(noDrug);DHH1_LSM3(5-FC);ERG11_ACF2(5-FC);ERG11_ACF2(Metformin);ERG11_ACF2(Trifluoperazine);ERG11_ACF2(noDrug);ERG11_ERG5(Trifluoperazine);ERG11_HYR1(Trifluoperazine);ERG11_HYR1(noDrug);ERG11_MID2(5-FC);ERG11_MID2(Trifluoperazine);ERG11_ORM2(Trifluoperazine);ERG11_ORM2(noDrug);ERG11_PIS1(5-FC);ERG11_PIS1(Trifluoperazine);ERG11_PIS1(noDrug);ERG11_TPO4(5-FC);ERG11_TPO4(Trifluoperazine);ERG11_TPO4(noDrug);ERV25_ERG5(5-FC);ERV25_ERG5(Metformin);ERV25_ORM2(5-FC);ERV25_ORM2(Metformin);ERV25_ORM2(Trifluoperazine);ERV25_ORM2(noDrug);FMP45_HNM1(5-FC);FMP45_HNM1(Metformin);FMP45_MEP1(5-FC);FMP45_MID2(5-FC);FMP45_MID2(Metformin);FMP45_MID2(Trifluoperazine);HNM1_ERG11(5-FC);HNM1_ERG11(Metformin);HNM1_ERG11(Trifluoperazine);HNM1_ERG11(noDrug);HNM1_MID2(5-FC);HNM1_MID2(Trifluoperazine);HNM1_MID2(noDrug);HUG1_PGM2(Metformin);HUG1_PGM2(Trifluoperazine);MID2_MAM33(Trifluoperazine);MID2_MAM33(noDrug);MID2_PIN2(5-FC);MID2_PIN2(Metformin);MID2_RSN1(5-FC);MID2_RSN1(Metformin);MID2_TPO2(5-FC);MID2_TPO2(Metformin);MID2_TPO2(Trifluoperazine);MID2_TPO4(Metformin);PLM2_HNM1(Trifluoperazine);PMC1_CTR2(5-FC);PMC1_CTR2(Metformin);PMC1_CTR2(Trifluoperazine);PMC1_GTR2(5-FC);PMC1_GTR2(Metformin);PMC1_GTR2(Trifluoperazine);PMC1_GTR2(noDrug);SNA4_GTR2(5-FC);SRO9_DHH1(5-FC);SRO9_DHH1(Trifluoperazine);SRO9_GIS2(Trifluoperazine);SRO9_SGN1(5-FC);SRO9_SGN1(Trifluoperazine);SRO9_SGN1(noDrug);SSH1_ERG11(5-FC);SSH1_ERG11(Metformin);SSH1_ERG11(Trifluoperazine);SSH1_ERG11(noDrug);SSH1_ERV25(5-FC);SSH1_ERV25(Metformin);SSH1_ERV25(Trifluoperazine);SSH1_ERV25(noDrug);SSH1_ORM2(5-FC);SSH1_ORM2(Metformin);SSH1_ORM2(Trifluoperazine);SSH1_ORM2(noDrug);SSH1_PIS1(Trifluoperazine);TPO1_TPO2(5-FC),,AIM2;GOR1;FAA1;GPH1,pQTL_only
chr15:448815,ERG11_HYR1,noDrug,0.687680581,ALO1_HYR1(5-FC);ALO1_HYR1(noDrug);ALO1_UIP4(5-FC);ALO1_UIP4(Metformin);ALO1_UIP4(Trifluoperazine);ALO1_UIP4(noDrug);DHH1_LSM3(5-FC);ERG11_ACF2(5-FC);ERG11_ACF2(Metformin);ERG11_ACF2(Trifluoperazine);ERG11_ACF2(noDrug);ERG11_ERG5(Trifluoperazine);ERG11_HYR1(Trifluoperazine);ERG11_HYR1(noDrug);ERG11_MID2(5-FC);ERG11_MID2(Trifluoperazine);ERG11_ORM2(Trifluoperazine);ERG11_ORM2(noDrug);ERG11_PIS1(5-FC);ERG11_PIS1(Trifluoperazine);ERG11_PIS1(noDrug);ERG11_TPO4(5-FC);ERG11_TPO4(Trifluoperazine);ERG11_TPO4(noDrug);ERV25_ERG5(5-FC);ERV25_ERG5(Metformin);ERV25_ORM2(5-FC);ERV25_ORM2(Metformin);ERV25_ORM2(Trifluoperazine);ERV25_ORM2(noDrug);FMP45_HNM1(5-FC);FMP45_HNM1(Metformin);FMP45_MEP1(5-FC);FMP45_MID2(5-FC);FMP45_MID2(Metformin);FMP45_MID2(Trifluoperazine);HNM1_ERG11(5-FC);HNM1_ERG11(Metformin);HNM1_ERG11(Trifluoperazine);HNM1_ERG11(noDrug);HNM1_MID2(5-FC);HNM1_MID2(Trifluoperazine);HNM1_MID2(noDrug);HUG1_PGM2(Metformin);HUG1_PGM2(Trifluoperazine);MID2_MAM33(Trifluoperazine);MID2_MAM33(noDrug);MID2_PIN2(5-FC);MID2_PIN2(Metformin);MID2_RSN1(5-FC);MID2_RSN1(Metformin);MID2_TPO2(5-FC);MID2_TPO2(Metformin);MID2_TPO2(Trifluoperazine);MID2_TPO4(Metformin);PLM2_HNM1(Trifluoperazine);PMC1_CTR2(5-FC);PMC1_CTR2(Metformin);PMC1_CTR2(Trifluoperazine);PMC1_GTR2(5-FC);PMC1_GTR2(Metformin);PMC1_GTR2(Trifluoperazine);PMC1_GTR2(noDrug);SNA4_GTR2(5-FC);SRO9_DHH1(5-FC);SRO9_DHH1(Trifluoperazine);SRO9_GIS2(Trifluoperazine);SRO9_SGN1(5-FC);SRO9_SGN1(Trifluoperazine);SRO9_SGN1(noDrug);SSH1_ERG11(5-FC);SSH1_ERG11(Metformin);SSH1_ERG11(Trifluoperazine);SSH1_ERG11(noDrug);SSH1_ERV25(5-FC);SSH1_ERV25(Metformin);SSH1_ERV25(Trifluoperazine);SSH1_ERV25(noDrug);SSH1_ORM2(5-FC);SSH1_ORM2(Metformin);SSH1_ORM2(Trifluoperazine);SSH1_ORM2(noDrug);SSH1_PIS1(Trifluoperazine);TPO1_TPO2(5-FC),,AIM2;GOR1;FAA1;GPH1,pQTL_only
chr15:448815,ERG11_MID2,5-FC,0.73615625,ALO1_HYR1(5-FC);ALO1_HYR1(noDrug);ALO1_UIP4(5-FC);ALO1_UIP4(Metformin);ALO1_UIP4(Trifluoperazine);ALO1_UIP4(noDrug);DHH1_LSM3(5-FC);ERG11_ACF2(5-FC);ERG11_ACF2(Metformin);ERG11_ACF2(Trifluoperazine);ERG11_ACF2(noDrug);ERG11_ERG5(Trifluoperazine);ERG11_HYR1(Trifluoperazine);ERG11_HYR1(noDrug);ERG11_MID2(5-FC);ERG11_MID2(Trifluoperazine);ERG11_ORM2(Trifluoperazine);ERG11_ORM2(noDrug);ERG11_PIS1(5-FC);ERG11_PIS1(Trifluoperazine);ERG11_PIS1(noDrug);ERG11_TPO4(5-FC);ERG11_TPO4(Trifluoperazine);ERG11_TPO4(noDrug);ERV25_ERG5(5-FC);ERV25_ERG5(Metformin);ERV25_ORM2(5-FC);ERV25_ORM2(Metformin);ERV25_ORM2(Trifluoperazine);ERV25_ORM2(noDrug);FMP45_HNM1(5-FC);FMP45_HNM1(Metformin);FMP45_MEP1(5-FC);FMP45_MID2(5-FC);FMP45_MID2(Metformin);FMP45_MID2(Trifluoperazine);HNM1_ERG11(5-FC);HNM1_ERG11(Metformin);HNM1_ERG11(Trifluoperazine);HNM1_ERG11(noDrug);HNM1_MID2(5-FC);HNM1_MID2(Trifluoperazine);HNM1_MID2(noDrug);HUG1_PGM2(Metformin);HUG1_PGM2(Trifluoperazine);MID2_MAM33(Trifluoperazine);MID2_MAM33(noDrug);MID2_PIN2(5-FC);MID2_PIN2(Metformin);MID2_RSN1(5-FC);MID2_RSN1(Metformin);MID2_TPO2(5-FC);MID2_TPO2(Metformin);MID2_TPO2(Trifluoperazine);MID2_TPO4(Metformin);PLM2_HNM1(Trifluoperazine);PMC1_CTR2(5-FC);PMC1_CTR2(Metformin);PMC1_CTR2(Trifluoperazine);PMC1_GTR2(5-FC);PMC1_GTR2(Metformin);PMC1_GTR2(Trifluoperazine);PMC1_GTR2(noDrug);SNA4_GTR2(5-FC);SRO9_DHH1(5-FC);SRO9_DHH1(Trifluoperazine);SRO9_GIS2(Trifluoperazine);SRO9_SGN1(5-FC);SRO9_SGN1(Trifluoperazine);SRO9_SGN1(noDrug);SSH1_ERG11(5-FC);SSH1_ERG11(Metformin);SSH1_ERG11(Trifluoperazine);SSH1_ERG11(noDrug);SSH1_ERV25(5-FC);SSH1_ERV25(Metformin);SSH1_ERV25(Trifluoperazine);SSH1_ERV25(noDrug);SSH1_ORM2(5-FC);SSH1_ORM2(Metformin);SSH1_ORM2(Trifluoperazine);SSH1_ORM2(noDrug);SSH1_PIS1(Trifluoperazine);TPO1_TPO2(5-FC),,AIM2;GOR1;FAA1;GPH1,pQTL_only
chr15:448815,ERG11_MID2,Trifluoperazine,0.844600009,ALO1_HYR1(5-FC);ALO1_HYR1(noDrug);ALO1_UIP4(5-FC);ALO1_UIP4(Metformin);ALO1_UIP4(Trifluoperazine);ALO1_UIP4(noDrug);DHH1_LSM3(5-FC);ERG11_ACF2(5-FC);ERG11_ACF2(Metformin);ERG11_ACF2(Trifluoperazine);ERG11_ACF2(noDrug);ERG11_ERG5(Trifluoperazine);ERG11_HYR1(Trifluoperazine);ERG11_HYR1(noDrug);ERG11_MID2(5-FC);ERG11_MID2(Trifluoperazine);ERG11_ORM2(Trifluoperazine);ERG11_ORM2(noDrug);ERG11_PIS1(5-FC);ERG11_PIS1(Trifluoperazine);ERG11_PIS1(noDrug);ERG11_TPO4(5-FC);ERG11_TPO4(Trifluoperazine);ERG11_TPO4(noDrug);ERV25_ERG5(5-FC);ERV25_ERG5(Metformin);ERV25_ORM2(5-FC);ERV25_ORM2(Metformin);ERV25_ORM2(Trifluoperazine);ERV25_ORM2(noDrug);FMP45_HNM1(5-FC);FMP45_HNM1(Metformin);FMP45_MEP1(5-FC);FMP45_MID2(5-FC);FMP45_MID2(Metformin);FMP45_MID2(Trifluoperazine);HNM1_ERG11(5-FC);HNM1_ERG11(Metformin);HNM1_ERG11(Trifluoperazine);HNM1_ERG11(noDrug);HNM1_MID2(5-FC);HNM1_MID2(Trifluoperazine);HNM1_MID2(noDrug);HUG1_PGM2(Metformin);HUG1_PGM2(Trifluoperazine);MID2_MAM33(Trifluoperazine);MID2_MAM33(noDrug);MID2_PIN2(5-FC);MID2_PIN2(Metformin);MID2_RSN1(5-FC);MID2_RSN1(Metformin);MID2_TPO2(5-FC);MID2_TPO2(Metformin);MID2_TPO2(Trifluoperazine);MID2_TPO4(Metformin);PLM2_HNM1(Trifluoperazine);PMC1_CTR2(5-FC);PMC1_CTR2(Metformin);PMC1_CTR2(Trifluoperazine);PMC1_GTR2(5-FC);PMC1_GTR2(Metformin);PMC1_GTR2(Trifluoperazine);PMC1_GTR2(noDrug);SNA4_GTR2(5-FC);SRO9_DHH1(5-FC);SRO9_DHH1(Trifluoperazine);SRO9_GIS2(Trifluoperazine);SRO9_SGN1(5-FC);SRO9_SGN1(Trifluoperazine);SRO9_SGN1(noDrug);SSH1_ERG11(5-FC);SSH1_ERG11(Metformin);SSH1_ERG11(Trifluoperazine);SSH1_ERG11(noDrug);SSH1_ERV25(5-FC);SSH1_ERV25(Metformin);SSH1_ERV25(Trifluoperazine);SSH1_ERV25(noDrug);SSH1_ORM2(5-FC);SSH1_ORM2(Metformin);SSH1_ORM2(Trifluoperazine);SSH1_ORM2(noDrug);SSH1_PIS1(Trifluoperazine);TPO1_TPO2(5-FC),,AIM2;GOR1;FAA1;GPH1,pQTL_only
chr15:448815,ERG11_ORM2,Trifluoperazine,0.774645212,ALO1_HYR1(5-FC);ALO1_HYR1(noDrug);ALO1_UIP4(5-FC);ALO1_UIP4(Metformin);ALO1_UIP4(Trifluoperazine);ALO1_UIP4(noDrug);DHH1_LSM3(5-FC);ERG11_ACF2(5-FC);ERG11_ACF2(Metformin);ERG11_ACF2(Trifluoperazine);ERG11_ACF2(noDrug);ERG11_ERG5(Trifluoperazine);ERG11_HYR1(Trifluoperazine);ERG11_HYR1(noDrug);ERG11_MID2(5-FC);ERG11_MID2(Trifluoperazine);ERG11_ORM2(Trifluoperazine);ERG11_ORM2(noDrug);ERG11_PIS1(5-FC);ERG11_PIS1(Trifluoperazine);ERG11_PIS1(noDrug);ERG11_TPO4(5-FC);ERG11_TPO4(Trifluoperazine);ERG11_TPO4(noDrug);ERV25_ERG5(5-FC);ERV25_ERG5(Metformin);ERV25_ORM2(5-FC);ERV25_ORM2(Metformin);ERV25_ORM2(Trifluoperazine);ERV25_ORM2(noDrug);FMP45_HNM1(5-FC);FMP45_HNM1(Metformin);FMP45_MEP1(5-FC);FMP45_MID2(5-FC);FMP45_MID2(Metformin);FMP45_MID2(Trifluoperazine);HNM1_ERG11(5-FC);HNM1_ERG11(Metformin);HNM1_ERG11(Trifluoperazine);HNM1_ERG11(noDrug);HNM1_MID2(5-FC);HNM1_MID2(Trifluoperazine);HNM1_MID2(noDrug);HUG1_PGM2(Metformin);HUG1_PGM2(Trifluoperazine);MID2_MAM33(Trifluoperazine);MID2_MAM33(noDrug);MID2_PIN2(5-FC);MID2_PIN2(Metformin);MID2_RSN1(5-FC);MID2_RSN1(Metformin);MID2_TPO2(5-FC);MID2_TPO2(Metformin);MID2_TPO2(Trifluoperazine);MID2_TPO4(Metformin);PLM2_HNM1(Trifluoperazine);PMC1_CTR2(5-FC);PMC1_CTR2(Metformin);PMC1_CTR2(Trifluoperazine);PMC1_GTR2(5-FC);PMC1_GTR2(Metformin);PMC1_GTR2(Trifluoperazine);PMC1_GTR2(noDrug);SNA4_GTR2(5-FC);SRO9_DHH1(5-FC);SRO9_DHH1(Trifluoperazine);SRO9_GIS2(Trifluoperazine);SRO9_SGN1(5-FC);SRO9_SGN1(Trifluoperazine);SRO9_SGN1(noDrug);SSH1_ERG11(5-FC);SSH1_ERG11(Metformin);SSH1_ERG11(Trifluoperazine);SSH1_ERG11(noDrug);SSH1_ERV25(5-FC);SSH1_ERV25(Metformin);SSH1_ERV25(Trifluoperazine);SSH1_ERV25(noDrug);SSH1_ORM2(5-FC);SSH1_ORM2(Metformin);SSH1_ORM2(Trifluoperazine);SSH1_ORM2(noDrug);SSH1_PIS1(Trifluoperazine);TPO1_TPO2(5-FC),,AIM2;GOR1;FAA1;GPH1,pQTL_only
chr15:448815,ERG11_ORM2,noDrug,1.088830687,ALO1_HYR1(5-FC);ALO1_HYR1(noDrug);ALO1_UIP4(5-FC);ALO1_UIP4(Metformin);ALO1_UIP4(Trifluoperazine);ALO1_UIP4(noDrug);DHH1_LSM3(5-FC);ERG11_ACF2(5-FC);ERG11_ACF2(Metformin);ERG11_ACF2(Trifluoperazine);ERG11_ACF2(noDrug);ERG11_ERG5(Trifluoperazine);ERG11_HYR1(Trifluoperazine);ERG11_HYR1(noDrug);ERG11_MID2(5-FC);ERG11_MID2(Trifluoperazine);ERG11_ORM2(Trifluoperazine);ERG11_ORM2(noDrug);ERG11_PIS1(5-FC);ERG11_PIS1(Trifluoperazine);ERG11_PIS1(noDrug);ERG11_TPO4(5-FC);ERG11_TPO4(Trifluoperazine);ERG11_TPO4(noDrug);ERV25_ERG5(5-FC);ERV25_ERG5(Metformin);ERV25_ORM2(5-FC);ERV25_ORM2(Metformin);ERV25_ORM2(Trifluoperazine);ERV25_ORM2(noDrug);FMP45_HNM1(5-FC);FMP45_HNM1(Metformin);FMP45_MEP1(5-FC);FMP45_MID2(5-FC);FMP45_MID2(Metformin);FMP45_MID2(Trifluoperazine);HNM1_ERG11(5-FC);HNM1_ERG11(Metformin);HNM1_ERG11(Trifluoperazine);HNM1_ERG11(noDrug);HNM1_MID2(5-FC);HNM1_MID2(Trifluoperazine);HNM1_MID2(noDrug);HUG1_PGM2(Metformin);HUG1_PGM2(Trifluoperazine);MID2_MAM33(Trifluoperazine);MID2_MAM33(noDrug);MID2_PIN2(5-FC);MID2_PIN2(Metformin);MID2_RSN1(5-FC);MID2_RSN1(Metformin);MID2_TPO2(5-FC);MID2_TPO2(Metformin);MID2_TPO2(Trifluoperazine);MID2_TPO4(Metformin);PLM2_HNM1(Trifluoperazine);PMC1_CTR2(5-FC);PMC1_CTR2(Metformin);PMC1_CTR2(Trifluoperazine);PMC1_GTR2(5-FC);PMC1_GTR2(Metformin);PMC1_GTR2(Trifluoperazine);PMC1_GTR2(noDrug);SNA4_GTR2(5-FC);SRO9_DHH1(5-FC);SRO9_DHH1(Trifluoperazine);SRO9_GIS2(Trifluoperazine);SRO9_SGN1(5-FC);SRO9_SGN1(Trifluoperazine);SRO9_SGN1(noDrug);SSH1_ERG11(5-FC);SSH1_ERG11(Metformin);SSH1_ERG11(Trifluoperazine);SSH1_ERG11(noDrug);SSH1_ERV25(5-FC);SSH1_ERV25(Metformin);SSH1_ERV25(Trifluoperazine);SSH1_ERV25(noDrug);SSH1_ORM2(5-FC);SSH1_ORM2(Metformin);SSH1_ORM2(Trifluoperazine);SSH1_ORM2(noDrug);SSH1_PIS1(Trifluoperazine);TPO1_TPO2(5-FC),,AIM2;GOR1;FAA1;GPH1,pQTL_only
chr15:448815,ERG11_PIS1,5-FC,0.980175104,ALO1_HYR1(5-FC);ALO1_HYR1(noDrug);ALO1_UIP4(5-FC);ALO1_UIP4(Metformin);ALO1_UIP4(Trifluoperazine);ALO1_UIP4(noDrug);DHH1_LSM3(5-FC);ERG11_ACF2(5-FC);ERG11_ACF2(Metformin);ERG11_ACF2(Trifluoperazine);ERG11_ACF2(noDrug);ERG11_ERG5(Trifluoperazine);ERG11_HYR1(Trifluoperazine);ERG11_HYR1(noDrug);ERG11_MID2(5-FC);ERG11_MID2(Trifluoperazine);ERG11_ORM2(Trifluoperazine);ERG11_ORM2(noDrug);ERG11_PIS1(5-FC);ERG11_PIS1(Trifluoperazine);ERG11_PIS1(noDrug);ERG11_TPO4(5-FC);ERG11_TPO4(Trifluoperazine);ERG11_TPO4(noDrug);ERV25_ERG5(5-FC);ERV25_ERG5(Metformin);ERV25_ORM2(5-FC);ERV25_ORM2(Metformin);ERV25_ORM2(Trifluoperazine);ERV25_ORM2(noDrug);FMP45_HNM1(5-FC);FMP45_HNM1(Metformin);FMP45_MEP1(5-FC);FMP45_MID2(5-FC);FMP45_MID2(Metformin);FMP45_MID2(Trifluoperazine);HNM1_ERG11(5-FC);HNM1_ERG11(Metformin);HNM1_ERG11(Trifluoperazine);HNM1_ERG11(noDrug);HNM1_MID2(5-FC);HNM1_MID2(Trifluoperazine);HNM1_MID2(noDrug);HUG1_PGM2(Metformin);HUG1_PGM2(Trifluoperazine);MID2_MAM33(Trifluoperazine);MID2_MAM33(noDrug);MID2_PIN2(5-FC);MID2_PIN2(Metformin);MID2_RSN1(5-FC);MID2_RSN1(Metformin);MID2_TPO2(5-FC);MID2_TPO2(Metformin);MID2_TPO2(Trifluoperazine);MID2_TPO4(Metformin);PLM2_HNM1(Trifluoperazine);PMC1_CTR2(5-FC);PMC1_CTR2(Metformin);PMC1_CTR2(Trifluoperazine);PMC1_GTR2(5-FC);PMC1_GTR2(Metformin);PMC1_GTR2(Trifluoperazine);PMC1_GTR2(noDrug);SNA4_GTR2(5-FC);SRO9_DHH1(5-FC);SRO9_DHH1(Trifluoperazine);SRO9_GIS2(Trifluoperazine);SRO9_SGN1(5-FC);SRO9_SGN1(Trifluoperazine);SRO9_SGN1(noDrug);SSH1_ERG11(5-FC);SSH1_ERG11(Metformin);SSH1_ERG11(Trifluoperazine);SSH1_ERG11(noDrug);SSH1_ERV25(5-FC);SSH1_ERV25(Metformin);SSH1_ERV25(Trifluoperazine);SSH1_ERV25(noDrug);SSH1_ORM2(5-FC);SSH1_ORM2(Metformin);SSH1_ORM2(Trifluoperazine);SSH1_ORM2(noDrug);SSH1_PIS1(Trifluoperazine);TPO1_TPO2(5-FC),,AIM2;GOR1;FAA1;GPH1,pQTL_only
chr15:448815,ERG11_PIS1,Trifluoperazine,0.930693987,ALO1_HYR1(5-FC);ALO1_HYR1(noDrug);ALO1_UIP4(5-FC);ALO1_UIP4(Metformin);ALO1_UIP4(Trifluoperazine);ALO1_UIP4(noDrug);DHH1_LSM3(5-FC);ERG11_ACF2(5-FC);ERG11_ACF2(Metformin);ERG11_ACF2(Trifluoperazine);ERG11_ACF2(noDrug);ERG11_ERG5(Trifluoperazine);ERG11_HYR1(Trifluoperazine);ERG11_HYR1(noDrug);ERG11_MID2(5-FC);ERG11_MID2(Trifluoperazine);ERG11_ORM2(Trifluoperazine);ERG11_ORM2(noDrug);ERG11_PIS1(5-FC);ERG11_PIS1(Trifluoperazine);ERG11_PIS1(noDrug);ERG11_TPO4(5-FC);ERG11_TPO4(Trifluoperazine);ERG11_TPO4(noDrug);ERV25_ERG5(5-FC);ERV25_ERG5(Metformin);ERV25_ORM2(5-FC);ERV25_ORM2(Metformin);ERV25_ORM2(Trifluoperazine);ERV25_ORM2(noDrug);FMP45_HNM1(5-FC);FMP45_HNM1(Metformin);FMP45_MEP1(5-FC);FMP45_MID2(5-FC);FMP45_MID2(Metformin);FMP45_MID2(Trifluoperazine);HNM1_ERG11(5-FC);HNM1_ERG11(Metformin);HNM1_ERG11(Trifluoperazine);HNM1_ERG11(noDrug);HNM1_MID2(5-FC);HNM1_MID2(Trifluoperazine);HNM1_MID2(noDrug);HUG1_PGM2(Metformin);HUG1_PGM2(Trifluoperazine);MID2_MAM33(Trifluoperazine);MID2_MAM33(noDrug);MID2_PIN2(5-FC);MID2_PIN2(Metformin);MID2_RSN1(5-FC);MID2_RSN1(Metformin);MID2_TPO2(5-FC);MID2_TPO2(Metformin);MID2_TPO2(Trifluoperazine);MID2_TPO4(Metformin);PLM2_HNM1(Trifluoperazine);PMC1_CTR2(5-FC);PMC1_CTR2(Metformin);PMC1_CTR2(Trifluoperazine);PMC1_GTR2(5-FC);PMC1_GTR2(Metformin);PMC1_GTR2(Trifluoperazine);PMC1_GTR2(noDrug);SNA4_GTR2(5-FC);SRO9_DHH1(5-FC);SRO9_DHH1(Trifluoperazine);SRO9_GIS2(Trifluoperazine);SRO9_SGN1(5-FC);SRO9_SGN1(Trifluoperazine);SRO9_SGN1(noDrug);SSH1_ERG11(5-FC);SSH1_ERG11(Metformin);SSH1_ERG11(Trifluoperazine);SSH1_ERG11(noDrug);SSH1_ERV25(5-FC);SSH1_ERV25(Metformin);SSH1_ERV25(Trifluoperazine);SSH1_ERV25(noDrug);SSH1_ORM2(5-FC);SSH1_ORM2(Metformin);SSH1_ORM2(Trifluoperazine);SSH1_ORM2(noDrug);SSH1_PIS1(Trifluoperazine);TPO1_TPO2(5-FC),,AIM2;GOR1;FAA1;GPH1,pQTL_only
chr15:448815,ERG11_PIS1,noDrug,1.009384581,ALO1_HYR1(5-FC);ALO1_HYR1(noDrug);ALO1_UIP4(5-FC);ALO1_UIP4(Metformin);ALO1_UIP4(Trifluoperazine);ALO1_UIP4(noDrug);DHH1_LSM3(5-FC);ERG11_ACF2(5-FC);ERG11_ACF2(Metformin);ERG11_ACF2(Trifluoperazine);ERG11_ACF2(noDrug);ERG11_ERG5(Trifluoperazine);ERG11_HYR1(Trifluoperazine);ERG11_HYR1(noDrug);ERG11_MID2(5-FC);ERG11_MID2(Trifluoperazine);ERG11_ORM2(Trifluoperazine);ERG11_ORM2(noDrug);ERG11_PIS1(5-FC);ERG11_PIS1(Trifluoperazine);ERG11_PIS1(noDrug);ERG11_TPO4(5-FC);ERG11_TPO4(Trifluoperazine);ERG11_TPO4(noDrug);ERV25_ERG5(5-FC);ERV25_ERG5(Metformin);ERV25_ORM2(5-FC);ERV25_ORM2(Metformin);ERV25_ORM2(Trifluoperazine);ERV25_ORM2(noDrug);FMP45_HNM1(5-FC);FMP45_HNM1(Metformin);FMP45_MEP1(5-FC);FMP45_MID2(5-FC);FMP45_MID2(Metformin);FMP45_MID2(Trifluoperazine);HNM1_ERG11(5-FC);HNM1_ERG11(Metformin);HNM1_ERG11(Trifluoperazine);HNM1_ERG11(noDrug);HNM1_MID2(5-FC);HNM1_MID2(Trifluoperazine);HNM1_MID2(noDrug);HUG1_PGM2(Metformin);HUG1_PGM2(Trifluoperazine);MID2_MAM33(Trifluoperazine);MID2_MAM33(noDrug);MID2_PIN2(5-FC);MID2_PIN2(Metformin);MID2_RSN1(5-FC);MID2_RSN1(Metformin);MID2_TPO2(5-FC);MID2_TPO2(Metformin);MID2_TPO2(Trifluoperazine);MID2_TPO4(Metformin);PLM2_HNM1(Trifluoperazine);PMC1_CTR2(5-FC);PMC1_CTR2(Metformin);PMC1_CTR2(Trifluoperazine);PMC1_GTR2(5-FC);PMC1_GTR2(Metformin);PMC1_GTR2(Trifluoperazine);PMC1_GTR2(noDrug);SNA4_GTR2(5-FC);SRO9_DHH1(5-FC);SRO9_DHH1(Trifluoperazine);SRO9_GIS2(Trifluoperazine);SRO9_SGN1(5-FC);SRO9_SGN1(Trifluoperazine);SRO9_SGN1(noDrug);SSH1_ERG11(5-FC);SSH1_ERG11(Metformin);SSH1_ERG11(Trifluoperazine);SSH1_ERG11(noDrug);SSH1_ERV25(5-FC);SSH1_ERV25(Metformin);SSH1_ERV25(Trifluoperazine);SSH1_ERV25(noDrug);SSH1_ORM2(5-FC);SSH1_ORM2(Metformin);SSH1_ORM2(Trifluoperazine);SSH1_ORM2(noDrug);SSH1_PIS1(Trifluoperazine);TPO1_TPO2(5-FC),,AIM2;GOR1;FAA1;GPH1,pQTL_only
chr15:448815,ERG11_TPO4,5-FC,1.007851557,ALO1_HYR1(5-FC);ALO1_HYR1(noDrug);ALO1_UIP4(5-FC);ALO1_UIP4(Metformin);ALO1_UIP4(Trifluoperazine);ALO1_UIP4(noDrug);DHH1_LSM3(5-FC);ERG11_ACF2(5-FC);ERG11_ACF2(Metformin);ERG11_ACF2(Trifluoperazine);ERG11_ACF2(noDrug);ERG11_ERG5(Trifluoperazine);ERG11_HYR1(Trifluoperazine);ERG11_HYR1(noDrug);ERG11_MID2(5-FC);ERG11_MID2(Trifluoperazine);ERG11_ORM2(Trifluoperazine);ERG11_ORM2(noDrug);ERG11_PIS1(5-FC);ERG11_PIS1(Trifluoperazine);ERG11_PIS1(noDrug);ERG11_TPO4(5-FC);ERG11_TPO4(Trifluoperazine);ERG11_TPO4(noDrug);ERV25_ERG5(5-FC);ERV25_ERG5(Metformin);ERV25_ORM2(5-FC);ERV25_ORM2(Metformin);ERV25_ORM2(Trifluoperazine);ERV25_ORM2(noDrug);FMP45_HNM1(5-FC);FMP45_HNM1(Metformin);FMP45_MEP1(5-FC);FMP45_MID2(5-FC);FMP45_MID2(Metformin);FMP45_MID2(Trifluoperazine);HNM1_ERG11(5-FC);HNM1_ERG11(Metformin);HNM1_ERG11(Trifluoperazine);HNM1_ERG11(noDrug);HNM1_MID2(5-FC);HNM1_MID2(Trifluoperazine);HNM1_MID2(noDrug);HUG1_PGM2(Metformin);HUG1_PGM2(Trifluoperazine);MID2_MAM33(Trifluoperazine);MID2_MAM33(noDrug);MID2_PIN2(5-FC);MID2_PIN2(Metformin);MID2_RSN1(5-FC);MID2_RSN1(Metformin);MID2_TPO2(5-FC);MID2_TPO2(Metformin);MID2_TPO2(Trifluoperazine);MID2_TPO4(Metformin);PLM2_HNM1(Trifluoperazine);PMC1_CTR2(5-FC);PMC1_CTR2(Metformin);PMC1_CTR2(Trifluoperazine);PMC1_GTR2(5-FC);PMC1_GTR2(Metformin);PMC1_GTR2(Trifluoperazine);PMC1_GTR2(noDrug);SNA4_GTR2(5-FC);SRO9_DHH1(5-FC);SRO9_DHH1(Trifluoperazine);SRO9_GIS2(Trifluoperazine);SRO9_SGN1(5-FC);SRO9_SGN1(Trifluoperazine);SRO9_SGN1(noDrug);SSH1_ERG11(5-FC);SSH1_ERG11(Metformin);SSH1_ERG11(Trifluoperazine);SSH1_ERG11(noDrug);SSH1_ERV25(5-FC);SSH1_ERV25(Metformin);SSH1_ERV25(Trifluoperazine);SSH1_ERV25(noDrug);SSH1_ORM2(5-FC);SSH1_ORM2(Metformin);SSH1_ORM2(Trifluoperazine);SSH1_ORM2(noDrug);SSH1_PIS1(Trifluoperazine);TPO1_TPO2(5-FC),,AIM2;GOR1;FAA1;GPH1,pQTL_only
chr15:448815,ERG11_TPO4,Trifluoperazine,0.999534169,ALO1_HYR1(5-FC);ALO1_HYR1(noDrug);ALO1_UIP4(5-FC);ALO1_UIP4(Metformin);ALO1_UIP4(Trifluoperazine);ALO1_UIP4(noDrug);DHH1_LSM3(5-FC);ERG11_ACF2(5-FC);ERG11_ACF2(Metformin);ERG11_ACF2(Trifluoperazine);ERG11_ACF2(noDrug);ERG11_ERG5(Trifluoperazine);ERG11_HYR1(Trifluoperazine);ERG11_HYR1(noDrug);ERG11_MID2(5-FC);ERG11_MID2(Trifluoperazine);ERG11_ORM2(Trifluoperazine);ERG11_ORM2(noDrug);ERG11_PIS1(5-FC);ERG11_PIS1(Trifluoperazine);ERG11_PIS1(noDrug);ERG11_TPO4(5-FC);ERG11_TPO4(Trifluoperazine);ERG11_TPO4(noDrug);ERV25_ERG5(5-FC);ERV25_ERG5(Metformin);ERV25_ORM2(5-FC);ERV25_ORM2(Metformin);ERV25_ORM2(Trifluoperazine);ERV25_ORM2(noDrug);FMP45_HNM1(5-FC);FMP45_HNM1(Metformin);FMP45_MEP1(5-FC);FMP45_MID2(5-FC);FMP45_MID2(Metformin);FMP45_MID2(Trifluoperazine);HNM1_ERG11(5-FC);HNM1_ERG11(Metformin);HNM1_ERG11(Trifluoperazine);HNM1_ERG11(noDrug);HNM1_MID2(5-FC);HNM1_MID2(Trifluoperazine);HNM1_MID2(noDrug);HUG1_PGM2(Metformin);HUG1_PGM2(Trifluoperazine);MID2_MAM33(Trifluoperazine);MID2_MAM33(noDrug);MID2_PIN2(5-FC);MID2_PIN2(Metformin);MID2_RSN1(5-FC);MID2_RSN1(Metformin);MID2_TPO2(5-FC);MID2_TPO2(Metformin);MID2_TPO2(Trifluoperazine);MID2_TPO4(Metformin);PLM2_HNM1(Trifluoperazine);PMC1_CTR2(5-FC);PMC1_CTR2(Metformin);PMC1_CTR2(Trifluoperazine);PMC1_GTR2(5-FC);PMC1_GTR2(Metformin);PMC1_GTR2(Trifluoperazine);PMC1_GTR2(noDrug);SNA4_GTR2(5-FC);SRO9_DHH1(5-FC);SRO9_DHH1(Trifluoperazine);SRO9_GIS2(Trifluoperazine);SRO9_SGN1(5-FC);SRO9_SGN1(Trifluoperazine);SRO9_SGN1(noDrug);SSH1_ERG11(5-FC);SSH1_ERG11(Metformin);SSH1_ERG11(Trifluoperazine);SSH1_ERG11(noDrug);SSH1_ERV25(5-FC);SSH1_ERV25(Metformin);SSH1_ERV25(Trifluoperazine);SSH1_ERV25(noDrug);SSH1_ORM2(5-FC);SSH1_ORM2(Metformin);SSH1_ORM2(Trifluoperazine);SSH1_ORM2(noDrug);SSH1_PIS1(Trifluoperazine);TPO1_TPO2(5-FC),,AIM2;GOR1;FAA1;GPH1,pQTL_only
chr15:448815,ERG11_TPO4,noDrug,1.030483683,ALO1_HYR1(5-FC);ALO1_HYR1(noDrug);ALO1_UIP4(5-FC);ALO1_UIP4(Metformin);ALO1_UIP4(Trifluoperazine);ALO1_UIP4(noDrug);DHH1_LSM3(5-FC);ERG11_ACF2(5-FC);ERG11_ACF2(Metformin);ERG11_ACF2(Trifluoperazine);ERG11_ACF2(noDrug);ERG11_ERG5(Trifluoperazine);ERG11_HYR1(Trifluoperazine);ERG11_HYR1(noDrug);ERG11_MID2(5-FC);ERG11_MID2(Trifluoperazine);ERG11_ORM2(Trifluoperazine);ERG11_ORM2(noDrug);ERG11_PIS1(5-FC);ERG11_PIS1(Trifluoperazine);ERG11_PIS1(noDrug);ERG11_TPO4(5-FC);ERG11_TPO4(Trifluoperazine);ERG11_TPO4(noDrug);ERV25_ERG5(5-FC);ERV25_ERG5(Metformin);ERV25_ORM2(5-FC);ERV25_ORM2(Metformin);ERV25_ORM2(Trifluoperazine);ERV25_ORM2(noDrug);FMP45_HNM1(5-FC);FMP45_HNM1(Metformin);FMP45_MEP1(5-FC);FMP45_MID2(5-FC);FMP45_MID2(Metformin);FMP45_MID2(Trifluoperazine);HNM1_ERG11(5-FC);HNM1_ERG11(Metformin);HNM1_ERG11(Trifluoperazine);HNM1_ERG11(noDrug);HNM1_MID2(5-FC);HNM1_MID2(Trifluoperazine);HNM1_MID2(noDrug);HUG1_PGM2(Metformin);HUG1_PGM2(Trifluoperazine);MID2_MAM33(Trifluoperazine);MID2_MAM33(noDrug);MID2_PIN2(5-FC);MID2_PIN2(Metformin);MID2_RSN1(5-FC);MID2_RSN1(Metformin);MID2_TPO2(5-FC);MID2_TPO2(Metformin);MID2_TPO2(Trifluoperazine);MID2_TPO4(Metformin);PLM2_HNM1(Trifluoperazine);PMC1_CTR2(5-FC);PMC1_CTR2(Metformin);PMC1_CTR2(Trifluoperazine);PMC1_GTR2(5-FC);PMC1_GTR2(Metformin);PMC1_GTR2(Trifluoperazine);PMC1_GTR2(noDrug);SNA4_GTR2(5-FC);SRO9_DHH1(5-FC);SRO9_DHH1(Trifluoperazine);SRO9_GIS2(Trifluoperazine);SRO9_SGN1(5-FC);SRO9_SGN1(Trifluoperazine);SRO9_SGN1(noDrug);SSH1_ERG11(5-FC);SSH1_ERG11(Metformin);SSH1_ERG11(Trifluoperazine);SSH1_ERG11(noDrug);SSH1_ERV25(5-FC);SSH1_ERV25(Metformin);SSH1_ERV25(Trifluoperazine);SSH1_ERV25(noDrug);SSH1_ORM2(5-FC);SSH1_ORM2(Metformin);SSH1_ORM2(Trifluoperazine);SSH1_ORM2(noDrug);SSH1_PIS1(Trifluoperazine);TPO1_TPO2(5-FC),,AIM2;GOR1;FAA1;GPH1,pQTL_only
chr15:448815,ERV25_ERG5,5-FC,0.898663333,ALO1_HYR1(5-FC);ALO1_HYR1(noDrug);ALO1_UIP4(5-FC);ALO1_UIP4(Metformin);ALO1_UIP4(Trifluoperazine);ALO1_UIP4(noDrug);DHH1_LSM3(5-FC);ERG11_ACF2(5-FC);ERG11_ACF2(Metformin);ERG11_ACF2(Trifluoperazine);ERG11_ACF2(noDrug);ERG11_ERG5(Trifluoperazine);ERG11_HYR1(Trifluoperazine);ERG11_HYR1(noDrug);ERG11_MID2(5-FC);ERG11_MID2(Trifluoperazine);ERG11_ORM2(Trifluoperazine);ERG11_ORM2(noDrug);ERG11_PIS1(5-FC);ERG11_PIS1(Trifluoperazine);ERG11_PIS1(noDrug);ERG11_TPO4(5-FC);ERG11_TPO4(Trifluoperazine);ERG11_TPO4(noDrug);ERV25_ERG5(5-FC);ERV25_ERG5(Metformin);ERV25_ORM2(5-FC);ERV25_ORM2(Metformin);ERV25_ORM2(Trifluoperazine);ERV25_ORM2(noDrug);FMP45_HNM1(5-FC);FMP45_HNM1(Metformin);FMP45_MEP1(5-FC);FMP45_MID2(5-FC);FMP45_MID2(Metformin);FMP45_MID2(Trifluoperazine);HNM1_ERG11(5-FC);HNM1_ERG11(Metformin);HNM1_ERG11(Trifluoperazine);HNM1_ERG11(noDrug);HNM1_MID2(5-FC);HNM1_MID2(Trifluoperazine);HNM1_MID2(noDrug);HUG1_PGM2(Metformin);HUG1_PGM2(Trifluoperazine);MID2_MAM33(Trifluoperazine);MID2_MAM33(noDrug);MID2_PIN2(5-FC);MID2_PIN2(Metformin);MID2_RSN1(5-FC);MID2_RSN1(Metformin);MID2_TPO2(5-FC);MID2_TPO2(Metformin);MID2_TPO2(Trifluoperazine);MID2_TPO4(Metformin);PLM2_HNM1(Trifluoperazine);PMC1_CTR2(5-FC);PMC1_CTR2(Metformin);PMC1_CTR2(Trifluoperazine);PMC1_GTR2(5-FC);PMC1_GTR2(Metformin);PMC1_GTR2(Trifluoperazine);PMC1_GTR2(noDrug);SNA4_GTR2(5-FC);SRO9_DHH1(5-FC);SRO9_DHH1(Trifluoperazine);SRO9_GIS2(Trifluoperazine);SRO9_SGN1(5-FC);SRO9_SGN1(Trifluoperazine);SRO9_SGN1(noDrug);SSH1_ERG11(5-FC);SSH1_ERG11(Metformin);SSH1_ERG11(Trifluoperazine);SSH1_ERG11(noDrug);SSH1_ERV25(5-FC);SSH1_ERV25(Metformin);SSH1_ERV25(Trifluoperazine);SSH1_ERV25(noDrug);SSH1_ORM2(5-FC);SSH1_ORM2(Metformin);SSH1_ORM2(Trifluoperazine);SSH1_ORM2(noDrug);SSH1_PIS1(Trifluoperazine);TPO1_TPO2(5-FC),,AIM2;GOR1;FAA1;GPH1,pQTL_only
chr15:448815,ERV25_ERG5,Metformin,0.484702217,ALO1_HYR1(5-FC);ALO1_HYR1(noDrug);ALO1_UIP4(5-FC);ALO1_UIP4(Metformin);ALO1_UIP4(Trifluoperazine);ALO1_UIP4(noDrug);DHH1_LSM3(5-FC);ERG11_ACF2(5-FC);ERG11_ACF2(Metformin);ERG11_ACF2(Trifluoperazine);ERG11_ACF2(noDrug);ERG11_ERG5(Trifluoperazine);ERG11_HYR1(Trifluoperazine);ERG11_HYR1(noDrug);ERG11_MID2(5-FC);ERG11_MID2(Trifluoperazine);ERG11_ORM2(Trifluoperazine);ERG11_ORM2(noDrug);ERG11_PIS1(5-FC);ERG11_PIS1(Trifluoperazine);ERG11_PIS1(noDrug);ERG11_TPO4(5-FC);ERG11_TPO4(Trifluoperazine);ERG11_TPO4(noDrug);ERV25_ERG5(5-FC);ERV25_ERG5(Metformin);ERV25_ORM2(5-FC);ERV25_ORM2(Metformin);ERV25_ORM2(Trifluoperazine);ERV25_ORM2(noDrug);FMP45_HNM1(5-FC);FMP45_HNM1(Metformin);FMP45_MEP1(5-FC);FMP45_MID2(5-FC);FMP45_MID2(Metformin);FMP45_MID2(Trifluoperazine);HNM1_ERG11(5-FC);HNM1_ERG11(Metformin);HNM1_ERG11(Trifluoperazine);HNM1_ERG11(noDrug);HNM1_MID2(5-FC);HNM1_MID2(Trifluoperazine);HNM1_MID2(noDrug);HUG1_PGM2(Metformin);HUG1_PGM2(Trifluoperazine);MID2_MAM33(Trifluoperazine);MID2_MAM33(noDrug);MID2_PIN2(5-FC);MID2_PIN2(Metformin);MID2_RSN1(5-FC);MID2_RSN1(Metformin);MID2_TPO2(5-FC);MID2_TPO2(Metformin);MID2_TPO2(Trifluoperazine);MID2_TPO4(Metformin);PLM2_HNM1(Trifluoperazine);PMC1_CTR2(5-FC);PMC1_CTR2(Metformin);PMC1_CTR2(Trifluoperazine);PMC1_GTR2(5-FC);PMC1_GTR2(Metformin);PMC1_GTR2(Trifluoperazine);PMC1_GTR2(noDrug);SNA4_GTR2(5-FC);SRO9_DHH1(5-FC);SRO9_DHH1(Trifluoperazine);SRO9_GIS2(Trifluoperazine);SRO9_SGN1(5-FC);SRO9_SGN1(Trifluoperazine);SRO9_SGN1(noDrug);SSH1_ERG11(5-FC);SSH1_ERG11(Metformin);SSH1_ERG11(Trifluoperazine);SSH1_ERG11(noDrug);SSH1_ERV25(5-FC);SSH1_ERV25(Metformin);SSH1_ERV25(Trifluoperazine);SSH1_ERV25(noDrug);SSH1_ORM2(5-FC);SSH1_ORM2(Metformin);SSH1_ORM2(Trifluoperazine);SSH1_ORM2(noDrug);SSH1_PIS1(Trifluoperazine);TPO1_TPO2(5-FC),,AIM2;GOR1;FAA1;GPH1,pQTL_only
chr15:448815,ERV25_ORM2,5-FC,0.982165999,ALO1_HYR1(5-FC);ALO1_HYR1(noDrug);ALO1_UIP4(5-FC);ALO1_UIP4(Metformin);ALO1_UIP4(Trifluoperazine);ALO1_UIP4(noDrug);DHH1_LSM3(5-FC);ERG11_ACF2(5-FC);ERG11_ACF2(Metformin);ERG11_ACF2(Trifluoperazine);ERG11_ACF2(noDrug);ERG11_ERG5(Trifluoperazine);ERG11_HYR1(Trifluoperazine);ERG11_HYR1(noDrug);ERG11_MID2(5-FC);ERG11_MID2(Trifluoperazine);ERG11_ORM2(Trifluoperazine);ERG11_ORM2(noDrug);ERG11_PIS1(5-FC);ERG11_PIS1(Trifluoperazine);ERG11_PIS1(noDrug);ERG11_TPO4(5-FC);ERG11_TPO4(Trifluoperazine);ERG11_TPO4(noDrug);ERV25_ERG5(5-FC);ERV25_ERG5(Metformin);ERV25_ORM2(5-FC);ERV25_ORM2(Metformin);ERV25_ORM2(Trifluoperazine);ERV25_ORM2(noDrug);FMP45_HNM1(5-FC);FMP45_HNM1(Metformin);FMP45_MEP1(5-FC);FMP45_MID2(5-FC);FMP45_MID2(Metformin);FMP45_MID2(Trifluoperazine);HNM1_ERG11(5-FC);HNM1_ERG11(Metformin);HNM1_ERG11(Trifluoperazine);HNM1_ERG11(noDrug);HNM1_MID2(5-FC);HNM1_MID2(Trifluoperazine);HNM1_MID2(noDrug);HUG1_PGM2(Metformin);HUG1_PGM2(Trifluoperazine);MID2_MAM33(Trifluoperazine);MID2_MAM33(noDrug);MID2_PIN2(5-FC);MID2_PIN2(Metformin);MID2_RSN1(5-FC);MID2_RSN1(Metformin);MID2_TPO2(5-FC);MID2_TPO2(Metformin);MID2_TPO2(Trifluoperazine);MID2_TPO4(Metformin);PLM2_HNM1(Trifluoperazine);PMC1_CTR2(5-FC);PMC1_CTR2(Metformin);PMC1_CTR2(Trifluoperazine);PMC1_GTR2(5-FC);PMC1_GTR2(Metformin);PMC1_GTR2(Trifluoperazine);PMC1_GTR2(noDrug);SNA4_GTR2(5-FC);SRO9_DHH1(5-FC);SRO9_DHH1(Trifluoperazine);SRO9_GIS2(Trifluoperazine);SRO9_SGN1(5-FC);SRO9_SGN1(Trifluoperazine);SRO9_SGN1(noDrug);SSH1_ERG11(5-FC);SSH1_ERG11(Metformin);SSH1_ERG11(Trifluoperazine);SSH1_ERG11(noDrug);SSH1_ERV25(5-FC);SSH1_ERV25(Metformin);SSH1_ERV25(Trifluoperazine);SSH1_ERV25(noDrug);SSH1_ORM2(5-FC);SSH1_ORM2(Metformin);SSH1_ORM2(Trifluoperazine);SSH1_ORM2(noDrug);SSH1_PIS1(Trifluoperazine);TPO1_TPO2(5-FC),,AIM2;GOR1;FAA1;GPH1,pQTL_only
chr15:448815,ERV25_ORM2,Metformin,0.497494212,ALO1_HYR1(5-FC);ALO1_HYR1(noDrug);ALO1_UIP4(5-FC);ALO1_UIP4(Metformin);ALO1_UIP4(Trifluoperazine);ALO1_UIP4(noDrug);DHH1_LSM3(5-FC);ERG11_ACF2(5-FC);ERG11_ACF2(Metformin);ERG11_ACF2(Trifluoperazine);ERG11_ACF2(noDrug);ERG11_ERG5(Trifluoperazine);ERG11_HYR1(Trifluoperazine);ERG11_HYR1(noDrug);ERG11_MID2(5-FC);ERG11_MID2(Trifluoperazine);ERG11_ORM2(Trifluoperazine);ERG11_ORM2(noDrug);ERG11_PIS1(5-FC);ERG11_PIS1(Trifluoperazine);ERG11_PIS1(noDrug);ERG11_TPO4(5-FC);ERG11_TPO4(Trifluoperazine);ERG11_TPO4(noDrug);ERV25_ERG5(5-FC);ERV25_ERG5(Metformin);ERV25_ORM2(5-FC);ERV25_ORM2(Metformin);ERV25_ORM2(Trifluoperazine);ERV25_ORM2(noDrug);FMP45_HNM1(5-FC);FMP45_HNM1(Metformin);FMP45_MEP1(5-FC);FMP45_MID2(5-FC);FMP45_MID2(Metformin);FMP45_MID2(Trifluoperazine);HNM1_ERG11(5-FC);HNM1_ERG11(Metformin);HNM1_ERG11(Trifluoperazine);HNM1_ERG11(noDrug);HNM1_MID2(5-FC);HNM1_MID2(Trifluoperazine);HNM1_MID2(noDrug);HUG1_PGM2(Metformin);HUG1_PGM2(Trifluoperazine);MID2_MAM33(Trifluoperazine);MID2_MAM33(noDrug);MID2_PIN2(5-FC);MID2_PIN2(Metformin);MID2_RSN1(5-FC);MID2_RSN1(Metformin);MID2_TPO2(5-FC);MID2_TPO2(Metformin);MID2_TPO2(Trifluoperazine);MID2_TPO4(Metformin);PLM2_HNM1(Trifluoperazine);PMC1_CTR2(5-FC);PMC1_CTR2(Metformin);PMC1_CTR2(Trifluoperazine);PMC1_GTR2(5-FC);PMC1_GTR2(Metformin);PMC1_GTR2(Trifluoperazine);PMC1_GTR2(noDrug);SNA4_GTR2(5-FC);SRO9_DHH1(5-FC);SRO9_DHH1(Trifluoperazine);SRO9_GIS2(Trifluoperazine);SRO9_SGN1(5-FC);SRO9_SGN1(Trifluoperazine);SRO9_SGN1(noDrug);SSH1_ERG11(5-FC);SSH1_ERG11(Metformin);SSH1_ERG11(Trifluoperazine);SSH1_ERG11(noDrug);SSH1_ERV25(5-FC);SSH1_ERV25(Metformin);SSH1_ERV25(Trifluoperazine);SSH1_ERV25(noDrug);SSH1_ORM2(5-FC);SSH1_ORM2(Metformin);SSH1_ORM2(Trifluoperazine);SSH1_ORM2(noDrug);SSH1_PIS1(Trifluoperazine);TPO1_TPO2(5-FC),,AIM2;GOR1;FAA1;GPH1,pQTL_only
chr15:448815,ERV25_ORM2,Trifluoperazine,0.813086175,ALO1_HYR1(5-FC);ALO1_HYR1(noDrug);ALO1_UIP4(5-FC);ALO1_UIP4(Metformin);ALO1_UIP4(Trifluoperazine);ALO1_UIP4(noDrug);DHH1_LSM3(5-FC);ERG11_ACF2(5-FC);ERG11_ACF2(Metformin);ERG11_ACF2(Trifluoperazine);ERG11_ACF2(noDrug);ERG11_ERG5(Trifluoperazine);ERG11_HYR1(Trifluoperazine);ERG11_HYR1(noDrug);ERG11_MID2(5-FC);ERG11_MID2(Trifluoperazine);ERG11_ORM2(Trifluoperazine);ERG11_ORM2(noDrug);ERG11_PIS1(5-FC);ERG11_PIS1(Trifluoperazine);ERG11_PIS1(noDrug);ERG11_TPO4(5-FC);ERG11_TPO4(Trifluoperazine);ERG11_TPO4(noDrug);ERV25_ERG5(5-FC);ERV25_ERG5(Metformin);ERV25_ORM2(5-FC);ERV25_ORM2(Metformin);ERV25_ORM2(Trifluoperazine);ERV25_ORM2(noDrug);FMP45_HNM1(5-FC);FMP45_HNM1(Metformin);FMP45_MEP1(5-FC);FMP45_MID2(5-FC);FMP45_MID2(Metformin);FMP45_MID2(Trifluoperazine);HNM1_ERG11(5-FC);HNM1_ERG11(Metformin);HNM1_ERG11(Trifluoperazine);HNM1_ERG11(noDrug);HNM1_MID2(5-FC);HNM1_MID2(Trifluoperazine);HNM1_MID2(noDrug);HUG1_PGM2(Metformin);HUG1_PGM2(Trifluoperazine);MID2_MAM33(Trifluoperazine);MID2_MAM33(noDrug);MID2_PIN2(5-FC);MID2_PIN2(Metformin);MID2_RSN1(5-FC);MID2_RSN1(Metformin);MID2_TPO2(5-FC);MID2_TPO2(Metformin);MID2_TPO2(Trifluoperazine);MID2_TPO4(Metformin);PLM2_HNM1(Trifluoperazine);PMC1_CTR2(5-FC);PMC1_CTR2(Metformin);PMC1_CTR2(Trifluoperazine);PMC1_GTR2(5-FC);PMC1_GTR2(Metformin);PMC1_GTR2(Trifluoperazine);PMC1_GTR2(noDrug);SNA4_GTR2(5-FC);SRO9_DHH1(5-FC);SRO9_DHH1(Trifluoperazine);SRO9_GIS2(Trifluoperazine);SRO9_SGN1(5-FC);SRO9_SGN1(Trifluoperazine);SRO9_SGN1(noDrug);SSH1_ERG11(5-FC);SSH1_ERG11(Metformin);SSH1_ERG11(Trifluoperazine);SSH1_ERG11(noDrug);SSH1_ERV25(5-FC);SSH1_ERV25(Metformin);SSH1_ERV25(Trifluoperazine);SSH1_ERV25(noDrug);SSH1_ORM2(5-FC);SSH1_ORM2(Metformin);SSH1_ORM2(Trifluoperazine);SSH1_ORM2(noDrug);SSH1_PIS1(Trifluoperazine);TPO1_TPO2(5-FC),,AIM2;GOR1;FAA1;GPH1,pQTL_only
chr15:448815,ERV25_ORM2,noDrug,1.216291976,ALO1_HYR1(5-FC);ALO1_HYR1(noDrug);ALO1_UIP4(5-FC);ALO1_UIP4(Metformin);ALO1_UIP4(Trifluoperazine);ALO1_UIP4(noDrug);DHH1_LSM3(5-FC);ERG11_ACF2(5-FC);ERG11_ACF2(Metformin);ERG11_ACF2(Trifluoperazine);ERG11_ACF2(noDrug);ERG11_ERG5(Trifluoperazine);ERG11_HYR1(Trifluoperazine);ERG11_HYR1(noDrug);ERG11_MID2(5-FC);ERG11_MID2(Trifluoperazine);ERG11_ORM2(Trifluoperazine);ERG11_ORM2(noDrug);ERG11_PIS1(5-FC);ERG11_PIS1(Trifluoperazine);ERG11_PIS1(noDrug);ERG11_TPO4(5-FC);ERG11_TPO4(Trifluoperazine);ERG11_TPO4(noDrug);ERV25_ERG5(5-FC);ERV25_ERG5(Metformin);ERV25_ORM2(5-FC);ERV25_ORM2(Metformin);ERV25_ORM2(Trifluoperazine);ERV25_ORM2(noDrug);FMP45_HNM1(5-FC);FMP45_HNM1(Metformin);FMP45_MEP1(5-FC);FMP45_MID2(5-FC);FMP45_MID2(Metformin);FMP45_MID2(Trifluoperazine);HNM1_ERG11(5-FC);HNM1_ERG11(Metformin);HNM1_ERG11(Trifluoperazine);HNM1_ERG11(noDrug);HNM1_MID2(5-FC);HNM1_MID2(Trifluoperazine);HNM1_MID2(noDrug);HUG1_PGM2(Metformin);HUG1_PGM2(Trifluoperazine);MID2_MAM33(Trifluoperazine);MID2_MAM33(noDrug);MID2_PIN2(5-FC);MID2_PIN2(Metformin);MID2_RSN1(5-FC);MID2_RSN1(Metformin);MID2_TPO2(5-FC);MID2_TPO2(Metformin);MID2_TPO2(Trifluoperazine);MID2_TPO4(Metformin);PLM2_HNM1(Trifluoperazine);PMC1_CTR2(5-FC);PMC1_CTR2(Metformin);PMC1_CTR2(Trifluoperazine);PMC1_GTR2(5-FC);PMC1_GTR2(Metformin);PMC1_GTR2(Trifluoperazine);PMC1_GTR2(noDrug);SNA4_GTR2(5-FC);SRO9_DHH1(5-FC);SRO9_DHH1(Trifluoperazine);SRO9_GIS2(Trifluoperazine);SRO9_SGN1(5-FC);SRO9_SGN1(Trifluoperazine);SRO9_SGN1(noDrug);SSH1_ERG11(5-FC);SSH1_ERG11(Metformin);SSH1_ERG11(Trifluoperazine);SSH1_ERG11(noDrug);SSH1_ERV25(5-FC);SSH1_ERV25(Metformin);SSH1_ERV25(Trifluoperazine);SSH1_ERV25(noDrug);SSH1_ORM2(5-FC);SSH1_ORM2(Metformin);SSH1_ORM2(Trifluoperazine);SSH1_ORM2(noDrug);SSH1_PIS1(Trifluoperazine);TPO1_TPO2(5-FC),,AIM2;GOR1;FAA1;GPH1,pQTL_only
chr15:448815,FMP45_HNM1,5-FC,0.977390846,ALO1_HYR1(5-FC);ALO1_HYR1(noDrug);ALO1_UIP4(5-FC);ALO1_UIP4(Metformin);ALO1_UIP4(Trifluoperazine);ALO1_UIP4(noDrug);DHH1_LSM3(5-FC);ERG11_ACF2(5-FC);ERG11_ACF2(Metformin);ERG11_ACF2(Trifluoperazine);ERG11_ACF2(noDrug);ERG11_ERG5(Trifluoperazine);ERG11_HYR1(Trifluoperazine);ERG11_HYR1(noDrug);ERG11_MID2(5-FC);ERG11_MID2(Trifluoperazine);ERG11_ORM2(Trifluoperazine);ERG11_ORM2(noDrug);ERG11_PIS1(5-FC);ERG11_PIS1(Trifluoperazine);ERG11_PIS1(noDrug);ERG11_TPO4(5-FC);ERG11_TPO4(Trifluoperazine);ERG11_TPO4(noDrug);ERV25_ERG5(5-FC);ERV25_ERG5(Metformin);ERV25_ORM2(5-FC);ERV25_ORM2(Metformin);ERV25_ORM2(Trifluoperazine);ERV25_ORM2(noDrug);FMP45_HNM1(5-FC);FMP45_HNM1(Metformin);FMP45_MEP1(5-FC);FMP45_MID2(5-FC);FMP45_MID2(Metformin);FMP45_MID2(Trifluoperazine);HNM1_ERG11(5-FC);HNM1_ERG11(Metformin);HNM1_ERG11(Trifluoperazine);HNM1_ERG11(noDrug);HNM1_MID2(5-FC);HNM1_MID2(Trifluoperazine);HNM1_MID2(noDrug);HUG1_PGM2(Metformin);HUG1_PGM2(Trifluoperazine);MID2_MAM33(Trifluoperazine);MID2_MAM33(noDrug);MID2_PIN2(5-FC);MID2_PIN2(Metformin);MID2_RSN1(5-FC);MID2_RSN1(Metformin);MID2_TPO2(5-FC);MID2_TPO2(Metformin);MID2_TPO2(Trifluoperazine);MID2_TPO4(Metformin);PLM2_HNM1(Trifluoperazine);PMC1_CTR2(5-FC);PMC1_CTR2(Metformin);PMC1_CTR2(Trifluoperazine);PMC1_GTR2(5-FC);PMC1_GTR2(Metformin);PMC1_GTR2(Trifluoperazine);PMC1_GTR2(noDrug);SNA4_GTR2(5-FC);SRO9_DHH1(5-FC);SRO9_DHH1(Trifluoperazine);SRO9_GIS2(Trifluoperazine);SRO9_SGN1(5-FC);SRO9_SGN1(Trifluoperazine);SRO9_SGN1(noDrug);SSH1_ERG11(5-FC);SSH1_ERG11(Metformin);SSH1_ERG11(Trifluoperazine);SSH1_ERG11(noDrug);SSH1_ERV25(5-FC);SSH1_ERV25(Metformin);SSH1_ERV25(Trifluoperazine);SSH1_ERV25(noDrug);SSH1_ORM2(5-FC);SSH1_ORM2(Metformin);SSH1_ORM2(Trifluoperazine);SSH1_ORM2(noDrug);SSH1_PIS1(Trifluoperazine);TPO1_TPO2(5-FC),,AIM2;GOR1;FAA1;GPH1,pQTL_only
chr15:448815,FMP45_HNM1,Metformin,0.750899346,ALO1_HYR1(5-FC);ALO1_HYR1(noDrug);ALO1_UIP4(5-FC);ALO1_UIP4(Metformin);ALO1_UIP4(Trifluoperazine);ALO1_UIP4(noDrug);DHH1_LSM3(5-FC);ERG11_ACF2(5-FC);ERG11_ACF2(Metformin);ERG11_ACF2(Trifluoperazine);ERG11_ACF2(noDrug);ERG11_ERG5(Trifluoperazine);ERG11_HYR1(Trifluoperazine);ERG11_HYR1(noDrug);ERG11_MID2(5-FC);ERG11_MID2(Trifluoperazine);ERG11_ORM2(Trifluoperazine);ERG11_ORM2(noDrug);ERG11_PIS1(5-FC);ERG11_PIS1(Trifluoperazine);ERG11_PIS1(noDrug);ERG11_TPO4(5-FC);ERG11_TPO4(Trifluoperazine);ERG11_TPO4(noDrug);ERV25_ERG5(5-FC);ERV25_ERG5(Metformin);ERV25_ORM2(5-FC);ERV25_ORM2(Metformin);ERV25_ORM2(Trifluoperazine);ERV25_ORM2(noDrug);FMP45_HNM1(5-FC);FMP45_HNM1(Metformin);FMP45_MEP1(5-FC);FMP45_MID2(5-FC);FMP45_MID2(Metformin);FMP45_MID2(Trifluoperazine);HNM1_ERG11(5-FC);HNM1_ERG11(Metformin);HNM1_ERG11(Trifluoperazine);HNM1_ERG11(noDrug);HNM1_MID2(5-FC);HNM1_MID2(Trifluoperazine);HNM1_MID2(noDrug);HUG1_PGM2(Metformin);HUG1_PGM2(Trifluoperazine);MID2_MAM33(Trifluoperazine);MID2_MAM33(noDrug);MID2_PIN2(5-FC);MID2_PIN2(Metformin);MID2_RSN1(5-FC);MID2_RSN1(Metformin);MID2_TPO2(5-FC);MID2_TPO2(Metformin);MID2_TPO2(Trifluoperazine);MID2_TPO4(Metformin);PLM2_HNM1(Trifluoperazine);PMC1_CTR2(5-FC);PMC1_CTR2(Metformin);PMC1_CTR2(Trifluoperazine);PMC1_GTR2(5-FC);PMC1_GTR2(Metformin);PMC1_GTR2(Trifluoperazine);PMC1_GTR2(noDrug);SNA4_GTR2(5-FC);SRO9_DHH1(5-FC);SRO9_DHH1(Trifluoperazine);SRO9_GIS2(Trifluoperazine);SRO9_SGN1(5-FC);SRO9_SGN1(Trifluoperazine);SRO9_SGN1(noDrug);SSH1_ERG11(5-FC);SSH1_ERG11(Metformin);SSH1_ERG11(Trifluoperazine);SSH1_ERG11(noDrug);SSH1_ERV25(5-FC);SSH1_ERV25(Metformin);SSH1_ERV25(Trifluoperazine);SSH1_ERV25(noDrug);SSH1_ORM2(5-FC);SSH1_ORM2(Metformin);SSH1_ORM2(Trifluoperazine);SSH1_ORM2(noDrug);SSH1_PIS1(Trifluoperazine);TPO1_TPO2(5-FC),,AIM2;GOR1;FAA1;GPH1,pQTL_only
chr15:448815,FMP45_MEP1,5-FC,0.988144008,ALO1_HYR1(5-FC);ALO1_HYR1(noDrug);ALO1_UIP4(5-FC);ALO1_UIP4(Metformin);ALO1_UIP4(Trifluoperazine);ALO1_UIP4(noDrug);DHH1_LSM3(5-FC);ERG11_ACF2(5-FC);ERG11_ACF2(Metformin);ERG11_ACF2(Trifluoperazine);ERG11_ACF2(noDrug);ERG11_ERG5(Trifluoperazine);ERG11_HYR1(Trifluoperazine);ERG11_HYR1(noDrug);ERG11_MID2(5-FC);ERG11_MID2(Trifluoperazine);ERG11_ORM2(Trifluoperazine);ERG11_ORM2(noDrug);ERG11_PIS1(5-FC);ERG11_PIS1(Trifluoperazine);ERG11_PIS1(noDrug);ERG11_TPO4(5-FC);ERG11_TPO4(Trifluoperazine);ERG11_TPO4(noDrug);ERV25_ERG5(5-FC);ERV25_ERG5(Metformin);ERV25_ORM2(5-FC);ERV25_ORM2(Metformin);ERV25_ORM2(Trifluoperazine);ERV25_ORM2(noDrug);FMP45_HNM1(5-FC);FMP45_HNM1(Metformin);FMP45_MEP1(5-FC);FMP45_MID2(5-FC);FMP45_MID2(Metformin);FMP45_MID2(Trifluoperazine);HNM1_ERG11(5-FC);HNM1_ERG11(Metformin);HNM1_ERG11(Trifluoperazine);HNM1_ERG11(noDrug);HNM1_MID2(5-FC);HNM1_MID2(Trifluoperazine);HNM1_MID2(noDrug);HUG1_PGM2(Metformin);HUG1_PGM2(Trifluoperazine);MID2_MAM33(Trifluoperazine);MID2_MAM33(noDrug);MID2_PIN2(5-FC);MID2_PIN2(Metformin);MID2_RSN1(5-FC);MID2_RSN1(Metformin);MID2_TPO2(5-FC);MID2_TPO2(Metformin);MID2_TPO2(Trifluoperazine);MID2_TPO4(Metformin);PLM2_HNM1(Trifluoperazine);PMC1_CTR2(5-FC);PMC1_CTR2(Metformin);PMC1_CTR2(Trifluoperazine);PMC1_GTR2(5-FC);PMC1_GTR2(Metformin);PMC1_GTR2(Trifluoperazine);PMC1_GTR2(noDrug);SNA4_GTR2(5-FC);SRO9_DHH1(5-FC);SRO9_DHH1(Trifluoperazine);SRO9_GIS2(Trifluoperazine);SRO9_SGN1(5-FC);SRO9_SGN1(Trifluoperazine);SRO9_SGN1(noDrug);SSH1_ERG11(5-FC);SSH1_ERG11(Metformin);SSH1_ERG11(Trifluoperazine);SSH1_ERG11(noDrug);SSH1_ERV25(5-FC);SSH1_ERV25(Metformin);SSH1_ERV25(Trifluoperazine);SSH1_ERV25(noDrug);SSH1_ORM2(5-FC);SSH1_ORM2(Metformin);SSH1_ORM2(Trifluoperazine);SSH1_ORM2(noDrug);SSH1_PIS1(Trifluoperazine);TPO1_TPO2(5-FC),,AIM2;GOR1;FAA1;GPH1,pQTL_only
chr15:448815,FMP45_MID2,5-FC,0.970308943,ALO1_HYR1(5-FC);ALO1_HYR1(noDrug);ALO1_UIP4(5-FC);ALO1_UIP4(Metformin);ALO1_UIP4(Trifluoperazine);ALO1_UIP4(noDrug);DHH1_LSM3(5-FC);ERG11_ACF2(5-FC);ERG11_ACF2(Metformin);ERG11_ACF2(Trifluoperazine);ERG11_ACF2(noDrug);ERG11_ERG5(Trifluoperazine);ERG11_HYR1(Trifluoperazine);ERG11_HYR1(noDrug);ERG11_MID2(5-FC);ERG11_MID2(Trifluoperazine);ERG11_ORM2(Trifluoperazine);ERG11_ORM2(noDrug);ERG11_PIS1(5-FC);ERG11_PIS1(Trifluoperazine);ERG11_PIS1(noDrug);ERG11_TPO4(5-FC);ERG11_TPO4(Trifluoperazine);ERG11_TPO4(noDrug);ERV25_ERG5(5-FC);ERV25_ERG5(Metformin);ERV25_ORM2(5-FC);ERV25_ORM2(Metformin);ERV25_ORM2(Trifluoperazine);ERV25_ORM2(noDrug);FMP45_HNM1(5-FC);FMP45_HNM1(Metformin);FMP45_MEP1(5-FC);FMP45_MID2(5-FC);FMP45_MID2(Metformin);FMP45_MID2(Trifluoperazine);HNM1_ERG11(5-FC);HNM1_ERG11(Metformin);HNM1_ERG11(Trifluoperazine);HNM1_ERG11(noDrug);HNM1_MID2(5-FC);HNM1_MID2(Trifluoperazine);HNM1_MID2(noDrug);HUG1_PGM2(Metformin);HUG1_PGM2(Trifluoperazine);MID2_MAM33(Trifluoperazine);MID2_MAM33(noDrug);MID2_PIN2(5-FC);MID2_PIN2(Metformin);MID2_RSN1(5-FC);MID2_RSN1(Metformin);MID2_TPO2(5-FC);MID2_TPO2(Metformin);MID2_TPO2(Trifluoperazine);MID2_TPO4(Metformin);PLM2_HNM1(Trifluoperazine);PMC1_CTR2(5-FC);PMC1_CTR2(Metformin);PMC1_CTR2(Trifluoperazine);PMC1_GTR2(5-FC);PMC1_GTR2(Metformin);PMC1_GTR2(Trifluoperazine);PMC1_GTR2(noDrug);SNA4_GTR2(5-FC);SRO9_DHH1(5-FC);SRO9_DHH1(Trifluoperazine);SRO9_GIS2(Trifluoperazine);SRO9_SGN1(5-FC);SRO9_SGN1(Trifluoperazine);SRO9_SGN1(noDrug);SSH1_ERG11(5-FC);SSH1_ERG11(Metformin);SSH1_ERG11(Trifluoperazine);SSH1_ERG11(noDrug);SSH1_ERV25(5-FC);SSH1_ERV25(Metformin);SSH1_ERV25(Trifluoperazine);SSH1_ERV25(noDrug);SSH1_ORM2(5-FC);SSH1_ORM2(Metformin);SSH1_ORM2(Trifluoperazine);SSH1_ORM2(noDrug);SSH1_PIS1(Trifluoperazine);TPO1_TPO2(5-FC),,AIM2;GOR1;FAA1;GPH1,pQTL_only
chr15:448815,FMP45_MID2,Metformin,0.790960556,ALO1_HYR1(5-FC);ALO1_HYR1(noDrug);ALO1_UIP4(5-FC);ALO1_UIP4(Metformin);ALO1_UIP4(Trifluoperazine);ALO1_UIP4(noDrug);DHH1_LSM3(5-FC);ERG11_ACF2(5-FC);ERG11_ACF2(Metformin);ERG11_ACF2(Trifluoperazine);ERG11_ACF2(noDrug);ERG11_ERG5(Trifluoperazine);ERG11_HYR1(Trifluoperazine);ERG11_HYR1(noDrug);ERG11_MID2(5-FC);ERG11_MID2(Trifluoperazine);ERG11_ORM2(Trifluoperazine);ERG11_ORM2(noDrug);ERG11_PIS1(5-FC);ERG11_PIS1(Trifluoperazine);ERG11_PIS1(noDrug);ERG11_TPO4(5-FC);ERG11_TPO4(Trifluoperazine);ERG11_TPO4(noDrug);ERV25_ERG5(5-FC);ERV25_ERG5(Metformin);ERV25_ORM2(5-FC);ERV25_ORM2(Metformin);ERV25_ORM2(Trifluoperazine);ERV25_ORM2(noDrug);FMP45_HNM1(5-FC);FMP45_HNM1(Metformin);FMP45_MEP1(5-FC);FMP45_MID2(5-FC);FMP45_MID2(Metformin);FMP45_MID2(Trifluoperazine);HNM1_ERG11(5-FC);HNM1_ERG11(Metformin);HNM1_ERG11(Trifluoperazine);HNM1_ERG11(noDrug);HNM1_MID2(5-FC);HNM1_MID2(Trifluoperazine);HNM1_MID2(noDrug);HUG1_PGM2(Metformin);HUG1_PGM2(Trifluoperazine);MID2_MAM33(Trifluoperazine);MID2_MAM33(noDrug);MID2_PIN2(5-FC);MID2_PIN2(Metformin);MID2_RSN1(5-FC);MID2_RSN1(Metformin);MID2_TPO2(5-FC);MID2_TPO2(Metformin);MID2_TPO2(Trifluoperazine);MID2_TPO4(Metformin);PLM2_HNM1(Trifluoperazine);PMC1_CTR2(5-FC);PMC1_CTR2(Metformin);PMC1_CTR2(Trifluoperazine);PMC1_GTR2(5-FC);PMC1_GTR2(Metformin);PMC1_GTR2(Trifluoperazine);PMC1_GTR2(noDrug);SNA4_GTR2(5-FC);SRO9_DHH1(5-FC);SRO9_DHH1(Trifluoperazine);SRO9_GIS2(Trifluoperazine);SRO9_SGN1(5-FC);SRO9_SGN1(Trifluoperazine);SRO9_SGN1(noDrug);SSH1_ERG11(5-FC);SSH1_ERG11(Metformin);SSH1_ERG11(Trifluoperazine);SSH1_ERG11(noDrug);SSH1_ERV25(5-FC);SSH1_ERV25(Metformin);SSH1_ERV25(Trifluoperazine);SSH1_ERV25(noDrug);SSH1_ORM2(5-FC);SSH1_ORM2(Metformin);SSH1_ORM2(Trifluoperazine);SSH1_ORM2(noDrug);SSH1_PIS1(Trifluoperazine);TPO1_TPO2(5-FC),,AIM2;GOR1;FAA1;GPH1,pQTL_only
chr15:448815,FMP45_MID2,Trifluoperazine,0.858428385,ALO1_HYR1(5-FC);ALO1_HYR1(noDrug);ALO1_UIP4(5-FC);ALO1_UIP4(Metformin);ALO1_UIP4(Trifluoperazine);ALO1_UIP4(noDrug);DHH1_LSM3(5-FC);ERG11_ACF2(5-FC);ERG11_ACF2(Metformin);ERG11_ACF2(Trifluoperazine);ERG11_ACF2(noDrug);ERG11_ERG5(Trifluoperazine);ERG11_HYR1(Trifluoperazine);ERG11_HYR1(noDrug);ERG11_MID2(5-FC);ERG11_MID2(Trifluoperazine);ERG11_ORM2(Trifluoperazine);ERG11_ORM2(noDrug);ERG11_PIS1(5-FC);ERG11_PIS1(Trifluoperazine);ERG11_PIS1(noDrug);ERG11_TPO4(5-FC);ERG11_TPO4(Trifluoperazine);ERG11_TPO4(noDrug);ERV25_ERG5(5-FC);ERV25_ERG5(Metformin);ERV25_ORM2(5-FC);ERV25_ORM2(Metformin);ERV25_ORM2(Trifluoperazine);ERV25_ORM2(noDrug);FMP45_HNM1(5-FC);FMP45_HNM1(Metformin);FMP45_MEP1(5-FC);FMP45_MID2(5-FC);FMP45_MID2(Metformin);FMP45_MID2(Trifluoperazine);HNM1_ERG11(5-FC);HNM1_ERG11(Metformin);HNM1_ERG11(Trifluoperazine);HNM1_ERG11(noDrug);HNM1_MID2(5-FC);HNM1_MID2(Trifluoperazine);HNM1_MID2(noDrug);HUG1_PGM2(Metformin);HUG1_PGM2(Trifluoperazine);MID2_MAM33(Trifluoperazine);MID2_MAM33(noDrug);MID2_PIN2(5-FC);MID2_PIN2(Metformin);MID2_RSN1(5-FC);MID2_RSN1(Metformin);MID2_TPO2(5-FC);MID2_TPO2(Metformin);MID2_TPO2(Trifluoperazine);MID2_TPO4(Metformin);PLM2_HNM1(Trifluoperazine);PMC1_CTR2(5-FC);PMC1_CTR2(Metformin);PMC1_CTR2(Trifluoperazine);PMC1_GTR2(5-FC);PMC1_GTR2(Metformin);PMC1_GTR2(Trifluoperazine);PMC1_GTR2(noDrug);SNA4_GTR2(5-FC);SRO9_DHH1(5-FC);SRO9_DHH1(Trifluoperazine);SRO9_GIS2(Trifluoperazine);SRO9_SGN1(5-FC);SRO9_SGN1(Trifluoperazine);SRO9_SGN1(noDrug);SSH1_ERG11(5-FC);SSH1_ERG11(Metformin);SSH1_ERG11(Trifluoperazine);SSH1_ERG11(noDrug);SSH1_ERV25(5-FC);SSH1_ERV25(Metformin);SSH1_ERV25(Trifluoperazine);SSH1_ERV25(noDrug);SSH1_ORM2(5-FC);SSH1_ORM2(Metformin);SSH1_ORM2(Trifluoperazine);SSH1_ORM2(noDrug);SSH1_PIS1(Trifluoperazine);TPO1_TPO2(5-FC),,AIM2;GOR1;FAA1;GPH1,pQTL_only
chr15:448815,HNM1_ERG11,5-FC,1.150306635,ALO1_HYR1(5-FC);ALO1_HYR1(noDrug);ALO1_UIP4(5-FC);ALO1_UIP4(Metformin);ALO1_UIP4(Trifluoperazine);ALO1_UIP4(noDrug);DHH1_LSM3(5-FC);ERG11_ACF2(5-FC);ERG11_ACF2(Metformin);ERG11_ACF2(Trifluoperazine);ERG11_ACF2(noDrug);ERG11_ERG5(Trifluoperazine);ERG11_HYR1(Trifluoperazine);ERG11_HYR1(noDrug);ERG11_MID2(5-FC);ERG11_MID2(Trifluoperazine);ERG11_ORM2(Trifluoperazine);ERG11_ORM2(noDrug);ERG11_PIS1(5-FC);ERG11_PIS1(Trifluoperazine);ERG11_PIS1(noDrug);ERG11_TPO4(5-FC);ERG11_TPO4(Trifluoperazine);ERG11_TPO4(noDrug);ERV25_ERG5(5-FC);ERV25_ERG5(Metformin);ERV25_ORM2(5-FC);ERV25_ORM2(Metformin);ERV25_ORM2(Trifluoperazine);ERV25_ORM2(noDrug);FMP45_HNM1(5-FC);FMP45_HNM1(Metformin);FMP45_MEP1(5-FC);FMP45_MID2(5-FC);FMP45_MID2(Metformin);FMP45_MID2(Trifluoperazine);HNM1_ERG11(5-FC);HNM1_ERG11(Metformin);HNM1_ERG11(Trifluoperazine);HNM1_ERG11(noDrug);HNM1_MID2(5-FC);HNM1_MID2(Trifluoperazine);HNM1_MID2(noDrug);HUG1_PGM2(Metformin);HUG1_PGM2(Trifluoperazine);MID2_MAM33(Trifluoperazine);MID2_MAM33(noDrug);MID2_PIN2(5-FC);MID2_PIN2(Metformin);MID2_RSN1(5-FC);MID2_RSN1(Metformin);MID2_TPO2(5-FC);MID2_TPO2(Metformin);MID2_TPO2(Trifluoperazine);MID2_TPO4(Metformin);PLM2_HNM1(Trifluoperazine);PMC1_CTR2(5-FC);PMC1_CTR2(Metformin);PMC1_CTR2(Trifluoperazine);PMC1_GTR2(5-FC);PMC1_GTR2(Metformin);PMC1_GTR2(Trifluoperazine);PMC1_GTR2(noDrug);SNA4_GTR2(5-FC);SRO9_DHH1(5-FC);SRO9_DHH1(Trifluoperazine);SRO9_GIS2(Trifluoperazine);SRO9_SGN1(5-FC);SRO9_SGN1(Trifluoperazine);SRO9_SGN1(noDrug);SSH1_ERG11(5-FC);SSH1_ERG11(Metformin);SSH1_ERG11(Trifluoperazine);SSH1_ERG11(noDrug);SSH1_ERV25(5-FC);SSH1_ERV25(Metformin);SSH1_ERV25(Trifluoperazine);SSH1_ERV25(noDrug);SSH1_ORM2(5-FC);SSH1_ORM2(Metformin);SSH1_ORM2(Trifluoperazine);SSH1_ORM2(noDrug);SSH1_PIS1(Trifluoperazine);TPO1_TPO2(5-FC),,AIM2;GOR1;FAA1;GPH1,pQTL_only
chr15:448815,HNM1_ERG11,Metformin,0.781228192,ALO1_HYR1(5-FC);ALO1_HYR1(noDrug);ALO1_UIP4(5-FC);ALO1_UIP4(Metformin);ALO1_UIP4(Trifluoperazine);ALO1_UIP4(noDrug);DHH1_LSM3(5-FC);ERG11_ACF2(5-FC);ERG11_ACF2(Metformin);ERG11_ACF2(Trifluoperazine);ERG11_ACF2(noDrug);ERG11_ERG5(Trifluoperazine);ERG11_HYR1(Trifluoperazine);ERG11_HYR1(noDrug);ERG11_MID2(5-FC);ERG11_MID2(Trifluoperazine);ERG11_ORM2(Trifluoperazine);ERG11_ORM2(noDrug);ERG11_PIS1(5-FC);ERG11_PIS1(Trifluoperazine);ERG11_PIS1(noDrug);ERG11_TPO4(5-FC);ERG11_TPO4(Trifluoperazine);ERG11_TPO4(noDrug);ERV25_ERG5(5-FC);ERV25_ERG5(Metformin);ERV25_ORM2(5-FC);ERV25_ORM2(Metformin);ERV25_ORM2(Trifluoperazine);ERV25_ORM2(noDrug);FMP45_HNM1(5-FC);FMP45_HNM1(Metformin);FMP45_MEP1(5-FC);FMP45_MID2(5-FC);FMP45_MID2(Metformin);FMP45_MID2(Trifluoperazine);HNM1_ERG11(5-FC);HNM1_ERG11(Metformin);HNM1_ERG11(Trifluoperazine);HNM1_ERG11(noDrug);HNM1_MID2(5-FC);HNM1_MID2(Trifluoperazine);HNM1_MID2(noDrug);HUG1_PGM2(Metformin);HUG1_PGM2(Trifluoperazine);MID2_MAM33(Trifluoperazine);MID2_MAM33(noDrug);MID2_PIN2(5-FC);MID2_PIN2(Metformin);MID2_RSN1(5-FC);MID2_RSN1(Metformin);MID2_TPO2(5-FC);MID2_TPO2(Metformin);MID2_TPO2(Trifluoperazine);MID2_TPO4(Metformin);PLM2_HNM1(Trifluoperazine);PMC1_CTR2(5-FC);PMC1_CTR2(Metformin);PMC1_CTR2(Trifluoperazine);PMC1_GTR2(5-FC);PMC1_GTR2(Metformin);PMC1_GTR2(Trifluoperazine);PMC1_GTR2(noDrug);SNA4_GTR2(5-FC);SRO9_DHH1(5-FC);SRO9_DHH1(Trifluoperazine);SRO9_GIS2(Trifluoperazine);SRO9_SGN1(5-FC);SRO9_SGN1(Trifluoperazine);SRO9_SGN1(noDrug);SSH1_ERG11(5-FC);SSH1_ERG11(Metformin);SSH1_ERG11(Trifluoperazine);SSH1_ERG11(noDrug);SSH1_ERV25(5-FC);SSH1_ERV25(Metformin);SSH1_ERV25(Trifluoperazine);SSH1_ERV25(noDrug);SSH1_ORM2(5-FC);SSH1_ORM2(Metformin);SSH1_ORM2(Trifluoperazine);SSH1_ORM2(noDrug);SSH1_PIS1(Trifluoperazine);TPO1_TPO2(5-FC),,AIM2;GOR1;FAA1;GPH1,pQTL_only
chr15:448815,HNM1_ERG11,Trifluoperazine,0.93964774,ALO1_HYR1(5-FC);ALO1_HYR1(noDrug);ALO1_UIP4(5-FC);ALO1_UIP4(Metformin);ALO1_UIP4(Trifluoperazine);ALO1_UIP4(noDrug);DHH1_LSM3(5-FC);ERG11_ACF2(5-FC);ERG11_ACF2(Metformin);ERG11_ACF2(Trifluoperazine);ERG11_ACF2(noDrug);ERG11_ERG5(Trifluoperazine);ERG11_HYR1(Trifluoperazine);ERG11_HYR1(noDrug);ERG11_MID2(5-FC);ERG11_MID2(Trifluoperazine);ERG11_ORM2(Trifluoperazine);ERG11_ORM2(noDrug);ERG11_PIS1(5-FC);ERG11_PIS1(Trifluoperazine);ERG11_PIS1(noDrug);ERG11_TPO4(5-FC);ERG11_TPO4(Trifluoperazine);ERG11_TPO4(noDrug);ERV25_ERG5(5-FC);ERV25_ERG5(Metformin);ERV25_ORM2(5-FC);ERV25_ORM2(Metformin);ERV25_ORM2(Trifluoperazine);ERV25_ORM2(noDrug);FMP45_HNM1(5-FC);FMP45_HNM1(Metformin);FMP45_MEP1(5-FC);FMP45_MID2(5-FC);FMP45_MID2(Metformin);FMP45_MID2(Trifluoperazine);HNM1_ERG11(5-FC);HNM1_ERG11(Metformin);HNM1_ERG11(Trifluoperazine);HNM1_ERG11(noDrug);HNM1_MID2(5-FC);HNM1_MID2(Trifluoperazine);HNM1_MID2(noDrug);HUG1_PGM2(Metformin);HUG1_PGM2(Trifluoperazine);MID2_MAM33(Trifluoperazine);MID2_MAM33(noDrug);MID2_PIN2(5-FC);MID2_PIN2(Metformin);MID2_RSN1(5-FC);MID2_RSN1(Metformin);MID2_TPO2(5-FC);MID2_TPO2(Metformin);MID2_TPO2(Trifluoperazine);MID2_TPO4(Metformin);PLM2_HNM1(Trifluoperazine);PMC1_CTR2(5-FC);PMC1_CTR2(Metformin);PMC1_CTR2(Trifluoperazine);PMC1_GTR2(5-FC);PMC1_GTR2(Metformin);PMC1_GTR2(Trifluoperazine);PMC1_GTR2(noDrug);SNA4_GTR2(5-FC);SRO9_DHH1(5-FC);SRO9_DHH1(Trifluoperazine);SRO9_GIS2(Trifluoperazine);SRO9_SGN1(5-FC);SRO9_SGN1(Trifluoperazine);SRO9_SGN1(noDrug);SSH1_ERG11(5-FC);SSH1_ERG11(Metformin);SSH1_ERG11(Trifluoperazine);SSH1_ERG11(noDrug);SSH1_ERV25(5-FC);SSH1_ERV25(Metformin);SSH1_ERV25(Trifluoperazine);SSH1_ERV25(noDrug);SSH1_ORM2(5-FC);SSH1_ORM2(Metformin);SSH1_ORM2(Trifluoperazine);SSH1_ORM2(noDrug);SSH1_PIS1(Trifluoperazine);TPO1_TPO2(5-FC),,AIM2;GOR1;FAA1;GPH1,pQTL_only
chr15:448815,HNM1_ERG11,noDrug,0.991557977,ALO1_HYR1(5-FC);ALO1_HYR1(noDrug);ALO1_UIP4(5-FC);ALO1_UIP4(Metformin);ALO1_UIP4(Trifluoperazine);ALO1_UIP4(noDrug);DHH1_LSM3(5-FC);ERG11_ACF2(5-FC);ERG11_ACF2(Metformin);ERG11_ACF2(Trifluoperazine);ERG11_ACF2(noDrug);ERG11_ERG5(Trifluoperazine);ERG11_HYR1(Trifluoperazine);ERG11_HYR1(noDrug);ERG11_MID2(5-FC);ERG11_MID2(Trifluoperazine);ERG11_ORM2(Trifluoperazine);ERG11_ORM2(noDrug);ERG11_PIS1(5-FC);ERG11_PIS1(Trifluoperazine);ERG11_PIS1(noDrug);ERG11_TPO4(5-FC);ERG11_TPO4(Trifluoperazine);ERG11_TPO4(noDrug);ERV25_ERG5(5-FC);ERV25_ERG5(Metformin);ERV25_ORM2(5-FC);ERV25_ORM2(Metformin);ERV25_ORM2(Trifluoperazine);ERV25_ORM2(noDrug);FMP45_HNM1(5-FC);FMP45_HNM1(Metformin);FMP45_MEP1(5-FC);FMP45_MID2(5-FC);FMP45_MID2(Metformin);FMP45_MID2(Trifluoperazine);HNM1_ERG11(5-FC);HNM1_ERG11(Metformin);HNM1_ERG11(Trifluoperazine);HNM1_ERG11(noDrug);HNM1_MID2(5-FC);HNM1_MID2(Trifluoperazine);HNM1_MID2(noDrug);HUG1_PGM2(Metformin);HUG1_PGM2(Trifluoperazine);MID2_MAM33(Trifluoperazine);MID2_MAM33(noDrug);MID2_PIN2(5-FC);MID2_PIN2(Metformin);MID2_RSN1(5-FC);MID2_RSN1(Metformin);MID2_TPO2(5-FC);MID2_TPO2(Metformin);MID2_TPO2(Trifluoperazine);MID2_TPO4(Metformin);PLM2_HNM1(Trifluoperazine);PMC1_CTR2(5-FC);PMC1_CTR2(Metformin);PMC1_CTR2(Trifluoperazine);PMC1_GTR2(5-FC);PMC1_GTR2(Metformin);PMC1_GTR2(Trifluoperazine);PMC1_GTR2(noDrug);SNA4_GTR2(5-FC);SRO9_DHH1(5-FC);SRO9_DHH1(Trifluoperazine);SRO9_GIS2(Trifluoperazine);SRO9_SGN1(5-FC);SRO9_SGN1(Trifluoperazine);SRO9_SGN1(noDrug);SSH1_ERG11(5-FC);SSH1_ERG11(Metformin);SSH1_ERG11(Trifluoperazine);SSH1_ERG11(noDrug);SSH1_ERV25(5-FC);SSH1_ERV25(Metformin);SSH1_ERV25(Trifluoperazine);SSH1_ERV25(noDrug);SSH1_ORM2(5-FC);SSH1_ORM2(Metformin);SSH1_ORM2(Trifluoperazine);SSH1_ORM2(noDrug);SSH1_PIS1(Trifluoperazine);TPO1_TPO2(5-FC),,AIM2;GOR1;FAA1;GPH1,pQTL_only
chr15:448815,HNM1_MID2,5-FC,0.886018901,ALO1_HYR1(5-FC);ALO1_HYR1(noDrug);ALO1_UIP4(5-FC);ALO1_UIP4(Metformin);ALO1_UIP4(Trifluoperazine);ALO1_UIP4(noDrug);DHH1_LSM3(5-FC);ERG11_ACF2(5-FC);ERG11_ACF2(Metformin);ERG11_ACF2(Trifluoperazine);ERG11_ACF2(noDrug);ERG11_ERG5(Trifluoperazine);ERG11_HYR1(Trifluoperazine);ERG11_HYR1(noDrug);ERG11_MID2(5-FC);ERG11_MID2(Trifluoperazine);ERG11_ORM2(Trifluoperazine);ERG11_ORM2(noDrug);ERG11_PIS1(5-FC);ERG11_PIS1(Trifluoperazine);ERG11_PIS1(noDrug);ERG11_TPO4(5-FC);ERG11_TPO4(Trifluoperazine);ERG11_TPO4(noDrug);ERV25_ERG5(5-FC);ERV25_ERG5(Metformin);ERV25_ORM2(5-FC);ERV25_ORM2(Metformin);ERV25_ORM2(Trifluoperazine);ERV25_ORM2(noDrug);FMP45_HNM1(5-FC);FMP45_HNM1(Metformin);FMP45_MEP1(5-FC);FMP45_MID2(5-FC);FMP45_MID2(Metformin);FMP45_MID2(Trifluoperazine);HNM1_ERG11(5-FC);HNM1_ERG11(Metformin);HNM1_ERG11(Trifluoperazine);HNM1_ERG11(noDrug);HNM1_MID2(5-FC);HNM1_MID2(Trifluoperazine);HNM1_MID2(noDrug);HUG1_PGM2(Metformin);HUG1_PGM2(Trifluoperazine);MID2_MAM33(Trifluoperazine);MID2_MAM33(noDrug);MID2_PIN2(5-FC);MID2_PIN2(Metformin);MID2_RSN1(5-FC);MID2_RSN1(Metformin);MID2_TPO2(5-FC);MID2_TPO2(Metformin);MID2_TPO2(Trifluoperazine);MID2_TPO4(Metformin);PLM2_HNM1(Trifluoperazine);PMC1_CTR2(5-FC);PMC1_CTR2(Metformin);PMC1_CTR2(Trifluoperazine);PMC1_GTR2(5-FC);PMC1_GTR2(Metformin);PMC1_GTR2(Trifluoperazine);PMC1_GTR2(noDrug);SNA4_GTR2(5-FC);SRO9_DHH1(5-FC);SRO9_DHH1(Trifluoperazine);SRO9_GIS2(Trifluoperazine);SRO9_SGN1(5-FC);SRO9_SGN1(Trifluoperazine);SRO9_SGN1(noDrug);SSH1_ERG11(5-FC);SSH1_ERG11(Metformin);SSH1_ERG11(Trifluoperazine);SSH1_ERG11(noDrug);SSH1_ERV25(5-FC);SSH1_ERV25(Metformin);SSH1_ERV25(Trifluoperazine);SSH1_ERV25(noDrug);SSH1_ORM2(5-FC);SSH1_ORM2(Metformin);SSH1_ORM2(Trifluoperazine);SSH1_ORM2(noDrug);SSH1_PIS1(Trifluoperazine);TPO1_TPO2(5-FC),,AIM2;GOR1;FAA1;GPH1,pQTL_only
chr15:448815,HNM1_MID2,Trifluoperazine,0.935973345,ALO1_HYR1(5-FC);ALO1_HYR1(noDrug);ALO1_UIP4(5-FC);ALO1_UIP4(Metformin);ALO1_UIP4(Trifluoperazine);ALO1_UIP4(noDrug);DHH1_LSM3(5-FC);ERG11_ACF2(5-FC);ERG11_ACF2(Metformin);ERG11_ACF2(Trifluoperazine);ERG11_ACF2(noDrug);ERG11_ERG5(Trifluoperazine);ERG11_HYR1(Trifluoperazine);ERG11_HYR1(noDrug);ERG11_MID2(5-FC);ERG11_MID2(Trifluoperazine);ERG11_ORM2(Trifluoperazine);ERG11_ORM2(noDrug);ERG11_PIS1(5-FC);ERG11_PIS1(Trifluoperazine);ERG11_PIS1(noDrug);ERG11_TPO4(5-FC);ERG11_TPO4(Trifluoperazine);ERG11_TPO4(noDrug);ERV25_ERG5(5-FC);ERV25_ERG5(Metformin);ERV25_ORM2(5-FC);ERV25_ORM2(Metformin);ERV25_ORM2(Trifluoperazine);ERV25_ORM2(noDrug);FMP45_HNM1(5-FC);FMP45_HNM1(Metformin);FMP45_MEP1(5-FC);FMP45_MID2(5-FC);FMP45_MID2(Metformin);FMP45_MID2(Trifluoperazine);HNM1_ERG11(5-FC);HNM1_ERG11(Metformin);HNM1_ERG11(Trifluoperazine);HNM1_ERG11(noDrug);HNM1_MID2(5-FC);HNM1_MID2(Trifluoperazine);HNM1_MID2(noDrug);HUG1_PGM2(Metformin);HUG1_PGM2(Trifluoperazine);MID2_MAM33(Trifluoperazine);MID2_MAM33(noDrug);MID2_PIN2(5-FC);MID2_PIN2(Metformin);MID2_RSN1(5-FC);MID2_RSN1(Metformin);MID2_TPO2(5-FC);MID2_TPO2(Metformin);MID2_TPO2(Trifluoperazine);MID2_TPO4(Metformin);PLM2_HNM1(Trifluoperazine);PMC1_CTR2(5-FC);PMC1_CTR2(Metformin);PMC1_CTR2(Trifluoperazine);PMC1_GTR2(5-FC);PMC1_GTR2(Metformin);PMC1_GTR2(Trifluoperazine);PMC1_GTR2(noDrug);SNA4_GTR2(5-FC);SRO9_DHH1(5-FC);SRO9_DHH1(Trifluoperazine);SRO9_GIS2(Trifluoperazine);SRO9_SGN1(5-FC);SRO9_SGN1(Trifluoperazine);SRO9_SGN1(noDrug);SSH1_ERG11(5-FC);SSH1_ERG11(Metformin);SSH1_ERG11(Trifluoperazine);SSH1_ERG11(noDrug);SSH1_ERV25(5-FC);SSH1_ERV25(Metformin);SSH1_ERV25(Trifluoperazine);SSH1_ERV25(noDrug);SSH1_ORM2(5-FC);SSH1_ORM2(Metformin);SSH1_ORM2(Trifluoperazine);SSH1_ORM2(noDrug);SSH1_PIS1(Trifluoperazine);TPO1_TPO2(5-FC),,AIM2;GOR1;FAA1;GPH1,pQTL_only
chr15:448815,HNM1_MID2,noDrug,0.903519297,ALO1_HYR1(5-FC);ALO1_HYR1(noDrug);ALO1_UIP4(5-FC);ALO1_UIP4(Metformin);ALO1_UIP4(Trifluoperazine);ALO1_UIP4(noDrug);DHH1_LSM3(5-FC);ERG11_ACF2(5-FC);ERG11_ACF2(Metformin);ERG11_ACF2(Trifluoperazine);ERG11_ACF2(noDrug);ERG11_ERG5(Trifluoperazine);ERG11_HYR1(Trifluoperazine);ERG11_HYR1(noDrug);ERG11_MID2(5-FC);ERG11_MID2(Trifluoperazine);ERG11_ORM2(Trifluoperazine);ERG11_ORM2(noDrug);ERG11_PIS1(5-FC);ERG11_PIS1(Trifluoperazine);ERG11_PIS1(noDrug);ERG11_TPO4(5-FC);ERG11_TPO4(Trifluoperazine);ERG11_TPO4(noDrug);ERV25_ERG5(5-FC);ERV25_ERG5(Metformin);ERV25_ORM2(5-FC);ERV25_ORM2(Metformin);ERV25_ORM2(Trifluoperazine);ERV25_ORM2(noDrug);FMP45_HNM1(5-FC);FMP45_HNM1(Metformin);FMP45_MEP1(5-FC);FMP45_MID2(5-FC);FMP45_MID2(Metformin);FMP45_MID2(Trifluoperazine);HNM1_ERG11(5-FC);HNM1_ERG11(Metformin);HNM1_ERG11(Trifluoperazine);HNM1_ERG11(noDrug);HNM1_MID2(5-FC);HNM1_MID2(Trifluoperazine);HNM1_MID2(noDrug);HUG1_PGM2(Metformin);HUG1_PGM2(Trifluoperazine);MID2_MAM33(Trifluoperazine);MID2_MAM33(noDrug);MID2_PIN2(5-FC);MID2_PIN2(Metformin);MID2_RSN1(5-FC);MID2_RSN1(Metformin);MID2_TPO2(5-FC);MID2_TPO2(Metformin);MID2_TPO2(Trifluoperazine);MID2_TPO4(Metformin);PLM2_HNM1(Trifluoperazine);PMC1_CTR2(5-FC);PMC1_CTR2(Metformin);PMC1_CTR2(Trifluoperazine);PMC1_GTR2(5-FC);PMC1_GTR2(Metformin);PMC1_GTR2(Trifluoperazine);PMC1_GTR2(noDrug);SNA4_GTR2(5-FC);SRO9_DHH1(5-FC);SRO9_DHH1(Trifluoperazine);SRO9_GIS2(Trifluoperazine);SRO9_SGN1(5-FC);SRO9_SGN1(Trifluoperazine);SRO9_SGN1(noDrug);SSH1_ERG11(5-FC);SSH1_ERG11(Metformin);SSH1_ERG11(Trifluoperazine);SSH1_ERG11(noDrug);SSH1_ERV25(5-FC);SSH1_ERV25(Metformin);SSH1_ERV25(Trifluoperazine);SSH1_ERV25(noDrug);SSH1_ORM2(5-FC);SSH1_ORM2(Metformin);SSH1_ORM2(Trifluoperazine);SSH1_ORM2(noDrug);SSH1_PIS1(Trifluoperazine);TPO1_TPO2(5-FC),,AIM2;GOR1;FAA1;GPH1,pQTL_only
chr15:448815,HUG1_PGM2,Metformin,0.858092107,ALO1_HYR1(5-FC);ALO1_HYR1(noDrug);ALO1_UIP4(5-FC);ALO1_UIP4(Metformin);ALO1_UIP4(Trifluoperazine);ALO1_UIP4(noDrug);DHH1_LSM3(5-FC);ERG11_ACF2(5-FC);ERG11_ACF2(Metformin);ERG11_ACF2(Trifluoperazine);ERG11_ACF2(noDrug);ERG11_ERG5(Trifluoperazine);ERG11_HYR1(Trifluoperazine);ERG11_HYR1(noDrug);ERG11_MID2(5-FC);ERG11_MID2(Trifluoperazine);ERG11_ORM2(Trifluoperazine);ERG11_ORM2(noDrug);ERG11_PIS1(5-FC);ERG11_PIS1(Trifluoperazine);ERG11_PIS1(noDrug);ERG11_TPO4(5-FC);ERG11_TPO4(Trifluoperazine);ERG11_TPO4(noDrug);ERV25_ERG5(5-FC);ERV25_ERG5(Metformin);ERV25_ORM2(5-FC);ERV25_ORM2(Metformin);ERV25_ORM2(Trifluoperazine);ERV25_ORM2(noDrug);FMP45_HNM1(5-FC);FMP45_HNM1(Metformin);FMP45_MEP1(5-FC);FMP45_MID2(5-FC);FMP45_MID2(Metformin);FMP45_MID2(Trifluoperazine);HNM1_ERG11(5-FC);HNM1_ERG11(Metformin);HNM1_ERG11(Trifluoperazine);HNM1_ERG11(noDrug);HNM1_MID2(5-FC);HNM1_MID2(Trifluoperazine);HNM1_MID2(noDrug);HUG1_PGM2(Metformin);HUG1_PGM2(Trifluoperazine);MID2_MAM33(Trifluoperazine);MID2_MAM33(noDrug);MID2_PIN2(5-FC);MID2_PIN2(Metformin);MID2_RSN1(5-FC);MID2_RSN1(Metformin);MID2_TPO2(5-FC);MID2_TPO2(Metformin);MID2_TPO2(Trifluoperazine);MID2_TPO4(Metformin);PLM2_HNM1(Trifluoperazine);PMC1_CTR2(5-FC);PMC1_CTR2(Metformin);PMC1_CTR2(Trifluoperazine);PMC1_GTR2(5-FC);PMC1_GTR2(Metformin);PMC1_GTR2(Trifluoperazine);PMC1_GTR2(noDrug);SNA4_GTR2(5-FC);SRO9_DHH1(5-FC);SRO9_DHH1(Trifluoperazine);SRO9_GIS2(Trifluoperazine);SRO9_SGN1(5-FC);SRO9_SGN1(Trifluoperazine);SRO9_SGN1(noDrug);SSH1_ERG11(5-FC);SSH1_ERG11(Metformin);SSH1_ERG11(Trifluoperazine);SSH1_ERG11(noDrug);SSH1_ERV25(5-FC);SSH1_ERV25(Metformin);SSH1_ERV25(Trifluoperazine);SSH1_ERV25(noDrug);SSH1_ORM2(5-FC);SSH1_ORM2(Metformin);SSH1_ORM2(Trifluoperazine);SSH1_ORM2(noDrug);SSH1_PIS1(Trifluoperazine);TPO1_TPO2(5-FC),,AIM2;GOR1;FAA1;GPH1,pQTL_only
chr15:448815,HUG1_PGM2,Trifluoperazine,1.014204764,ALO1_HYR1(5-FC);ALO1_HYR1(noDrug);ALO1_UIP4(5-FC);ALO1_UIP4(Metformin);ALO1_UIP4(Trifluoperazine);ALO1_UIP4(noDrug);DHH1_LSM3(5-FC);ERG11_ACF2(5-FC);ERG11_ACF2(Metformin);ERG11_ACF2(Trifluoperazine);ERG11_ACF2(noDrug);ERG11_ERG5(Trifluoperazine);ERG11_HYR1(Trifluoperazine);ERG11_HYR1(noDrug);ERG11_MID2(5-FC);ERG11_MID2(Trifluoperazine);ERG11_ORM2(Trifluoperazine);ERG11_ORM2(noDrug);ERG11_PIS1(5-FC);ERG11_PIS1(Trifluoperazine);ERG11_PIS1(noDrug);ERG11_TPO4(5-FC);ERG11_TPO4(Trifluoperazine);ERG11_TPO4(noDrug);ERV25_ERG5(5-FC);ERV25_ERG5(Metformin);ERV25_ORM2(5-FC);ERV25_ORM2(Metformin);ERV25_ORM2(Trifluoperazine);ERV25_ORM2(noDrug);FMP45_HNM1(5-FC);FMP45_HNM1(Metformin);FMP45_MEP1(5-FC);FMP45_MID2(5-FC);FMP45_MID2(Metformin);FMP45_MID2(Trifluoperazine);HNM1_ERG11(5-FC);HNM1_ERG11(Metformin);HNM1_ERG11(Trifluoperazine);HNM1_ERG11(noDrug);HNM1_MID2(5-FC);HNM1_MID2(Trifluoperazine);HNM1_MID2(noDrug);HUG1_PGM2(Metformin);HUG1_PGM2(Trifluoperazine);MID2_MAM33(Trifluoperazine);MID2_MAM33(noDrug);MID2_PIN2(5-FC);MID2_PIN2(Metformin);MID2_RSN1(5-FC);MID2_RSN1(Metformin);MID2_TPO2(5-FC);MID2_TPO2(Metformin);MID2_TPO2(Trifluoperazine);MID2_TPO4(Metformin);PLM2_HNM1(Trifluoperazine);PMC1_CTR2(5-FC);PMC1_CTR2(Metformin);PMC1_CTR2(Trifluoperazine);PMC1_GTR2(5-FC);PMC1_GTR2(Metformin);PMC1_GTR2(Trifluoperazine);PMC1_GTR2(noDrug);SNA4_GTR2(5-FC);SRO9_DHH1(5-FC);SRO9_DHH1(Trifluoperazine);SRO9_GIS2(Trifluoperazine);SRO9_SGN1(5-FC);SRO9_SGN1(Trifluoperazine);SRO9_SGN1(noDrug);SSH1_ERG11(5-FC);SSH1_ERG11(Metformin);SSH1_ERG11(Trifluoperazine);SSH1_ERG11(noDrug);SSH1_ERV25(5-FC);SSH1_ERV25(Metformin);SSH1_ERV25(Trifluoperazine);SSH1_ERV25(noDrug);SSH1_ORM2(5-FC);SSH1_ORM2(Metformin);SSH1_ORM2(Trifluoperazine);SSH1_ORM2(noDrug);SSH1_PIS1(Trifluoperazine);TPO1_TPO2(5-FC),,AIM2;GOR1;FAA1;GPH1,pQTL_only
chr15:448815,MID2_MAM33,Trifluoperazine,1.044792047,ALO1_HYR1(5-FC);ALO1_HYR1(noDrug);ALO1_UIP4(5-FC);ALO1_UIP4(Metformin);ALO1_UIP4(Trifluoperazine);ALO1_UIP4(noDrug);DHH1_LSM3(5-FC);ERG11_ACF2(5-FC);ERG11_ACF2(Metformin);ERG11_ACF2(Trifluoperazine);ERG11_ACF2(noDrug);ERG11_ERG5(Trifluoperazine);ERG11_HYR1(Trifluoperazine);ERG11_HYR1(noDrug);ERG11_MID2(5-FC);ERG11_MID2(Trifluoperazine);ERG11_ORM2(Trifluoperazine);ERG11_ORM2(noDrug);ERG11_PIS1(5-FC);ERG11_PIS1(Trifluoperazine);ERG11_PIS1(noDrug);ERG11_TPO4(5-FC);ERG11_TPO4(Trifluoperazine);ERG11_TPO4(noDrug);ERV25_ERG5(5-FC);ERV25_ERG5(Metformin);ERV25_ORM2(5-FC);ERV25_ORM2(Metformin);ERV25_ORM2(Trifluoperazine);ERV25_ORM2(noDrug);FMP45_HNM1(5-FC);FMP45_HNM1(Metformin);FMP45_MEP1(5-FC);FMP45_MID2(5-FC);FMP45_MID2(Metformin);FMP45_MID2(Trifluoperazine);HNM1_ERG11(5-FC);HNM1_ERG11(Metformin);HNM1_ERG11(Trifluoperazine);HNM1_ERG11(noDrug);HNM1_MID2(5-FC);HNM1_MID2(Trifluoperazine);HNM1_MID2(noDrug);HUG1_PGM2(Metformin);HUG1_PGM2(Trifluoperazine);MID2_MAM33(Trifluoperazine);MID2_MAM33(noDrug);MID2_PIN2(5-FC);MID2_PIN2(Metformin);MID2_RSN1(5-FC);MID2_RSN1(Metformin);MID2_TPO2(5-FC);MID2_TPO2(Metformin);MID2_TPO2(Trifluoperazine);MID2_TPO4(Metformin);PLM2_HNM1(Trifluoperazine);PMC1_CTR2(5-FC);PMC1_CTR2(Metformin);PMC1_CTR2(Trifluoperazine);PMC1_GTR2(5-FC);PMC1_GTR2(Metformin);PMC1_GTR2(Trifluoperazine);PMC1_GTR2(noDrug);SNA4_GTR2(5-FC);SRO9_DHH1(5-FC);SRO9_DHH1(Trifluoperazine);SRO9_GIS2(Trifluoperazine);SRO9_SGN1(5-FC);SRO9_SGN1(Trifluoperazine);SRO9_SGN1(noDrug);SSH1_ERG11(5-FC);SSH1_ERG11(Metformin);SSH1_ERG11(Trifluoperazine);SSH1_ERG11(noDrug);SSH1_ERV25(5-FC);SSH1_ERV25(Metformin);SSH1_ERV25(Trifluoperazine);SSH1_ERV25(noDrug);SSH1_ORM2(5-FC);SSH1_ORM2(Metformin);SSH1_ORM2(Trifluoperazine);SSH1_ORM2(noDrug);SSH1_PIS1(Trifluoperazine);TPO1_TPO2(5-FC),,AIM2;GOR1;FAA1;GPH1,pQTL_only
chr15:448815,MID2_MAM33,noDrug,1.008900898,ALO1_HYR1(5-FC);ALO1_HYR1(noDrug);ALO1_UIP4(5-FC);ALO1_UIP4(Metformin);ALO1_UIP4(Trifluoperazine);ALO1_UIP4(noDrug);DHH1_LSM3(5-FC);ERG11_ACF2(5-FC);ERG11_ACF2(Metformin);ERG11_ACF2(Trifluoperazine);ERG11_ACF2(noDrug);ERG11_ERG5(Trifluoperazine);ERG11_HYR1(Trifluoperazine);ERG11_HYR1(noDrug);ERG11_MID2(5-FC);ERG11_MID2(Trifluoperazine);ERG11_ORM2(Trifluoperazine);ERG11_ORM2(noDrug);ERG11_PIS1(5-FC);ERG11_PIS1(Trifluoperazine);ERG11_PIS1(noDrug);ERG11_TPO4(5-FC);ERG11_TPO4(Trifluoperazine);ERG11_TPO4(noDrug);ERV25_ERG5(5-FC);ERV25_ERG5(Metformin);ERV25_ORM2(5-FC);ERV25_ORM2(Metformin);ERV25_ORM2(Trifluoperazine);ERV25_ORM2(noDrug);FMP45_HNM1(5-FC);FMP45_HNM1(Metformin);FMP45_MEP1(5-FC);FMP45_MID2(5-FC);FMP45_MID2(Metformin);FMP45_MID2(Trifluoperazine);HNM1_ERG11(5-FC);HNM1_ERG11(Metformin);HNM1_ERG11(Trifluoperazine);HNM1_ERG11(noDrug);HNM1_MID2(5-FC);HNM1_MID2(Trifluoperazine);HNM1_MID2(noDrug);HUG1_PGM2(Metformin);HUG1_PGM2(Trifluoperazine);MID2_MAM33(Trifluoperazine);MID2_MAM33(noDrug);MID2_PIN2(5-FC);MID2_PIN2(Metformin);MID2_RSN1(5-FC);MID2_RSN1(Metformin);MID2_TPO2(5-FC);MID2_TPO2(Metformin);MID2_TPO2(Trifluoperazine);MID2_TPO4(Metformin);PLM2_HNM1(Trifluoperazine);PMC1_CTR2(5-FC);PMC1_CTR2(Metformin);PMC1_CTR2(Trifluoperazine);PMC1_GTR2(5-FC);PMC1_GTR2(Metformin);PMC1_GTR2(Trifluoperazine);PMC1_GTR2(noDrug);SNA4_GTR2(5-FC);SRO9_DHH1(5-FC);SRO9_DHH1(Trifluoperazine);SRO9_GIS2(Trifluoperazine);SRO9_SGN1(5-FC);SRO9_SGN1(Trifluoperazine);SRO9_SGN1(noDrug);SSH1_ERG11(5-FC);SSH1_ERG11(Metformin);SSH1_ERG11(Trifluoperazine);SSH1_ERG11(noDrug);SSH1_ERV25(5-FC);SSH1_ERV25(Metformin);SSH1_ERV25(Trifluoperazine);SSH1_ERV25(noDrug);SSH1_ORM2(5-FC);SSH1_ORM2(Metformin);SSH1_ORM2(Trifluoperazine);SSH1_ORM2(noDrug);SSH1_PIS1(Trifluoperazine);TPO1_TPO2(5-FC),,AIM2;GOR1;FAA1;GPH1,pQTL_only
chr15:448815,MID2_PIN2,5-FC,0.868009317,ALO1_HYR1(5-FC);ALO1_HYR1(noDrug);ALO1_UIP4(5-FC);ALO1_UIP4(Metformin);ALO1_UIP4(Trifluoperazine);ALO1_UIP4(noDrug);DHH1_LSM3(5-FC);ERG11_ACF2(5-FC);ERG11_ACF2(Metformin);ERG11_ACF2(Trifluoperazine);ERG11_ACF2(noDrug);ERG11_ERG5(Trifluoperazine);ERG11_HYR1(Trifluoperazine);ERG11_HYR1(noDrug);ERG11_MID2(5-FC);ERG11_MID2(Trifluoperazine);ERG11_ORM2(Trifluoperazine);ERG11_ORM2(noDrug);ERG11_PIS1(5-FC);ERG11_PIS1(Trifluoperazine);ERG11_PIS1(noDrug);ERG11_TPO4(5-FC);ERG11_TPO4(Trifluoperazine);ERG11_TPO4(noDrug);ERV25_ERG5(5-FC);ERV25_ERG5(Metformin);ERV25_ORM2(5-FC);ERV25_ORM2(Metformin);ERV25_ORM2(Trifluoperazine);ERV25_ORM2(noDrug);FMP45_HNM1(5-FC);FMP45_HNM1(Metformin);FMP45_MEP1(5-FC);FMP45_MID2(5-FC);FMP45_MID2(Metformin);FMP45_MID2(Trifluoperazine);HNM1_ERG11(5-FC);HNM1_ERG11(Metformin);HNM1_ERG11(Trifluoperazine);HNM1_ERG11(noDrug);HNM1_MID2(5-FC);HNM1_MID2(Trifluoperazine);HNM1_MID2(noDrug);HUG1_PGM2(Metformin);HUG1_PGM2(Trifluoperazine);MID2_MAM33(Trifluoperazine);MID2_MAM33(noDrug);MID2_PIN2(5-FC);MID2_PIN2(Metformin);MID2_RSN1(5-FC);MID2_RSN1(Metformin);MID2_TPO2(5-FC);MID2_TPO2(Metformin);MID2_TPO2(Trifluoperazine);MID2_TPO4(Metformin);PLM2_HNM1(Trifluoperazine);PMC1_CTR2(5-FC);PMC1_CTR2(Metformin);PMC1_CTR2(Trifluoperazine);PMC1_GTR2(5-FC);PMC1_GTR2(Metformin);PMC1_GTR2(Trifluoperazine);PMC1_GTR2(noDrug);SNA4_GTR2(5-FC);SRO9_DHH1(5-FC);SRO9_DHH1(Trifluoperazine);SRO9_GIS2(Trifluoperazine);SRO9_SGN1(5-FC);SRO9_SGN1(Trifluoperazine);SRO9_SGN1(noDrug);SSH1_ERG11(5-FC);SSH1_ERG11(Metformin);SSH1_ERG11(Trifluoperazine);SSH1_ERG11(noDrug);SSH1_ERV25(5-FC);SSH1_ERV25(Metformin);SSH1_ERV25(Trifluoperazine);SSH1_ERV25(noDrug);SSH1_ORM2(5-FC);SSH1_ORM2(Metformin);SSH1_ORM2(Trifluoperazine);SSH1_ORM2(noDrug);SSH1_PIS1(Trifluoperazine);TPO1_TPO2(5-FC),,AIM2;GOR1;FAA1;GPH1,pQTL_only
chr15:448815,MID2_PIN2,Metformin,0.788050885,ALO1_HYR1(5-FC);ALO1_HYR1(noDrug);ALO1_UIP4(5-FC);ALO1_UIP4(Metformin);ALO1_UIP4(Trifluoperazine);ALO1_UIP4(noDrug);DHH1_LSM3(5-FC);ERG11_ACF2(5-FC);ERG11_ACF2(Metformin);ERG11_ACF2(Trifluoperazine);ERG11_ACF2(noDrug);ERG11_ERG5(Trifluoperazine);ERG11_HYR1(Trifluoperazine);ERG11_HYR1(noDrug);ERG11_MID2(5-FC);ERG11_MID2(Trifluoperazine);ERG11_ORM2(Trifluoperazine);ERG11_ORM2(noDrug);ERG11_PIS1(5-FC);ERG11_PIS1(Trifluoperazine);ERG11_PIS1(noDrug);ERG11_TPO4(5-FC);ERG11_TPO4(Trifluoperazine);ERG11_TPO4(noDrug);ERV25_ERG5(5-FC);ERV25_ERG5(Metformin);ERV25_ORM2(5-FC);ERV25_ORM2(Metformin);ERV25_ORM2(Trifluoperazine);ERV25_ORM2(noDrug);FMP45_HNM1(5-FC);FMP45_HNM1(Metformin);FMP45_MEP1(5-FC);FMP45_MID2(5-FC);FMP45_MID2(Metformin);FMP45_MID2(Trifluoperazine);HNM1_ERG11(5-FC);HNM1_ERG11(Metformin);HNM1_ERG11(Trifluoperazine);HNM1_ERG11(noDrug);HNM1_MID2(5-FC);HNM1_MID2(Trifluoperazine);HNM1_MID2(noDrug);HUG1_PGM2(Metformin);HUG1_PGM2(Trifluoperazine);MID2_MAM33(Trifluoperazine);MID2_MAM33(noDrug);MID2_PIN2(5-FC);MID2_PIN2(Metformin);MID2_RSN1(5-FC);MID2_RSN1(Metformin);MID2_TPO2(5-FC);MID2_TPO2(Metformin);MID2_TPO2(Trifluoperazine);MID2_TPO4(Metformin);PLM2_HNM1(Trifluoperazine);PMC1_CTR2(5-FC);PMC1_CTR2(Metformin);PMC1_CTR2(Trifluoperazine);PMC1_GTR2(5-FC);PMC1_GTR2(Metformin);PMC1_GTR2(Trifluoperazine);PMC1_GTR2(noDrug);SNA4_GTR2(5-FC);SRO9_DHH1(5-FC);SRO9_DHH1(Trifluoperazine);SRO9_GIS2(Trifluoperazine);SRO9_SGN1(5-FC);SRO9_SGN1(Trifluoperazine);SRO9_SGN1(noDrug);SSH1_ERG11(5-FC);SSH1_ERG11(Metformin);SSH1_ERG11(Trifluoperazine);SSH1_ERG11(noDrug);SSH1_ERV25(5-FC);SSH1_ERV25(Metformin);SSH1_ERV25(Trifluoperazine);SSH1_ERV25(noDrug);SSH1_ORM2(5-FC);SSH1_ORM2(Metformin);SSH1_ORM2(Trifluoperazine);SSH1_ORM2(noDrug);SSH1_PIS1(Trifluoperazine);TPO1_TPO2(5-FC),,AIM2;GOR1;FAA1;GPH1,pQTL_only
chr15:448815,MID2_RSN1,5-FC,1.077004579,ALO1_HYR1(5-FC);ALO1_HYR1(noDrug);ALO1_UIP4(5-FC);ALO1_UIP4(Metformin);ALO1_UIP4(Trifluoperazine);ALO1_UIP4(noDrug);DHH1_LSM3(5-FC);ERG11_ACF2(5-FC);ERG11_ACF2(Metformin);ERG11_ACF2(Trifluoperazine);ERG11_ACF2(noDrug);ERG11_ERG5(Trifluoperazine);ERG11_HYR1(Trifluoperazine);ERG11_HYR1(noDrug);ERG11_MID2(5-FC);ERG11_MID2(Trifluoperazine);ERG11_ORM2(Trifluoperazine);ERG11_ORM2(noDrug);ERG11_PIS1(5-FC);ERG11_PIS1(Trifluoperazine);ERG11_PIS1(noDrug);ERG11_TPO4(5-FC);ERG11_TPO4(Trifluoperazine);ERG11_TPO4(noDrug);ERV25_ERG5(5-FC);ERV25_ERG5(Metformin);ERV25_ORM2(5-FC);ERV25_ORM2(Metformin);ERV25_ORM2(Trifluoperazine);ERV25_ORM2(noDrug);FMP45_HNM1(5-FC);FMP45_HNM1(Metformin);FMP45_MEP1(5-FC);FMP45_MID2(5-FC);FMP45_MID2(Metformin);FMP45_MID2(Trifluoperazine);HNM1_ERG11(5-FC);HNM1_ERG11(Metformin);HNM1_ERG11(Trifluoperazine);HNM1_ERG11(noDrug);HNM1_MID2(5-FC);HNM1_MID2(Trifluoperazine);HNM1_MID2(noDrug);HUG1_PGM2(Metformin);HUG1_PGM2(Trifluoperazine);MID2_MAM33(Trifluoperazine);MID2_MAM33(noDrug);MID2_PIN2(5-FC);MID2_PIN2(Metformin);MID2_RSN1(5-FC);MID2_RSN1(Metformin);MID2_TPO2(5-FC);MID2_TPO2(Metformin);MID2_TPO2(Trifluoperazine);MID2_TPO4(Metformin);PLM2_HNM1(Trifluoperazine);PMC1_CTR2(5-FC);PMC1_CTR2(Metformin);PMC1_CTR2(Trifluoperazine);PMC1_GTR2(5-FC);PMC1_GTR2(Metformin);PMC1_GTR2(Trifluoperazine);PMC1_GTR2(noDrug);SNA4_GTR2(5-FC);SRO9_DHH1(5-FC);SRO9_DHH1(Trifluoperazine);SRO9_GIS2(Trifluoperazine);SRO9_SGN1(5-FC);SRO9_SGN1(Trifluoperazine);SRO9_SGN1(noDrug);SSH1_ERG11(5-FC);SSH1_ERG11(Metformin);SSH1_ERG11(Trifluoperazine);SSH1_ERG11(noDrug);SSH1_ERV25(5-FC);SSH1_ERV25(Metformin);SSH1_ERV25(Trifluoperazine);SSH1_ERV25(noDrug);SSH1_ORM2(5-FC);SSH1_ORM2(Metformin);SSH1_ORM2(Trifluoperazine);SSH1_ORM2(noDrug);SSH1_PIS1(Trifluoperazine);TPO1_TPO2(5-FC),,AIM2;GOR1;FAA1;GPH1,pQTL_only
chr15:448815,MID2_RSN1,Metformin,1.041686448,ALO1_HYR1(5-FC);ALO1_HYR1(noDrug);ALO1_UIP4(5-FC);ALO1_UIP4(Metformin);ALO1_UIP4(Trifluoperazine);ALO1_UIP4(noDrug);DHH1_LSM3(5-FC);ERG11_ACF2(5-FC);ERG11_ACF2(Metformin);ERG11_ACF2(Trifluoperazine);ERG11_ACF2(noDrug);ERG11_ERG5(Trifluoperazine);ERG11_HYR1(Trifluoperazine);ERG11_HYR1(noDrug);ERG11_MID2(5-FC);ERG11_MID2(Trifluoperazine);ERG11_ORM2(Trifluoperazine);ERG11_ORM2(noDrug);ERG11_PIS1(5-FC);ERG11_PIS1(Trifluoperazine);ERG11_PIS1(noDrug);ERG11_TPO4(5-FC);ERG11_TPO4(Trifluoperazine);ERG11_TPO4(noDrug);ERV25_ERG5(5-FC);ERV25_ERG5(Metformin);ERV25_ORM2(5-FC);ERV25_ORM2(Metformin);ERV25_ORM2(Trifluoperazine);ERV25_ORM2(noDrug);FMP45_HNM1(5-FC);FMP45_HNM1(Metformin);FMP45_MEP1(5-FC);FMP45_MID2(5-FC);FMP45_MID2(Metformin);FMP45_MID2(Trifluoperazine);HNM1_ERG11(5-FC);HNM1_ERG11(Metformin);HNM1_ERG11(Trifluoperazine);HNM1_ERG11(noDrug);HNM1_MID2(5-FC);HNM1_MID2(Trifluoperazine);HNM1_MID2(noDrug);HUG1_PGM2(Metformin);HUG1_PGM2(Trifluoperazine);MID2_MAM33(Trifluoperazine);MID2_MAM33(noDrug);MID2_PIN2(5-FC);MID2_PIN2(Metformin);MID2_RSN1(5-FC);MID2_RSN1(Metformin);MID2_TPO2(5-FC);MID2_TPO2(Metformin);MID2_TPO2(Trifluoperazine);MID2_TPO4(Metformin);PLM2_HNM1(Trifluoperazine);PMC1_CTR2(5-FC);PMC1_CTR2(Metformin);PMC1_CTR2(Trifluoperazine);PMC1_GTR2(5-FC);PMC1_GTR2(Metformin);PMC1_GTR2(Trifluoperazine);PMC1_GTR2(noDrug);SNA4_GTR2(5-FC);SRO9_DHH1(5-FC);SRO9_DHH1(Trifluoperazine);SRO9_GIS2(Trifluoperazine);SRO9_SGN1(5-FC);SRO9_SGN1(Trifluoperazine);SRO9_SGN1(noDrug);SSH1_ERG11(5-FC);SSH1_ERG11(Metformin);SSH1_ERG11(Trifluoperazine);SSH1_ERG11(noDrug);SSH1_ERV25(5-FC);SSH1_ERV25(Metformin);SSH1_ERV25(Trifluoperazine);SSH1_ERV25(noDrug);SSH1_ORM2(5-FC);SSH1_ORM2(Metformin);SSH1_ORM2(Trifluoperazine);SSH1_ORM2(noDrug);SSH1_PIS1(Trifluoperazine);TPO1_TPO2(5-FC),,AIM2;GOR1;FAA1;GPH1,pQTL_only
chr15:448815,MID2_TPO2,5-FC,1.01566041,ALO1_HYR1(5-FC);ALO1_HYR1(noDrug);ALO1_UIP4(5-FC);ALO1_UIP4(Metformin);ALO1_UIP4(Trifluoperazine);ALO1_UIP4(noDrug);DHH1_LSM3(5-FC);ERG11_ACF2(5-FC);ERG11_ACF2(Metformin);ERG11_ACF2(Trifluoperazine);ERG11_ACF2(noDrug);ERG11_ERG5(Trifluoperazine);ERG11_HYR1(Trifluoperazine);ERG11_HYR1(noDrug);ERG11_MID2(5-FC);ERG11_MID2(Trifluoperazine);ERG11_ORM2(Trifluoperazine);ERG11_ORM2(noDrug);ERG11_PIS1(5-FC);ERG11_PIS1(Trifluoperazine);ERG11_PIS1(noDrug);ERG11_TPO4(5-FC);ERG11_TPO4(Trifluoperazine);ERG11_TPO4(noDrug);ERV25_ERG5(5-FC);ERV25_ERG5(Metformin);ERV25_ORM2(5-FC);ERV25_ORM2(Metformin);ERV25_ORM2(Trifluoperazine);ERV25_ORM2(noDrug);FMP45_HNM1(5-FC);FMP45_HNM1(Metformin);FMP45_MEP1(5-FC);FMP45_MID2(5-FC);FMP45_MID2(Metformin);FMP45_MID2(Trifluoperazine);HNM1_ERG11(5-FC);HNM1_ERG11(Metformin);HNM1_ERG11(Trifluoperazine);HNM1_ERG11(noDrug);HNM1_MID2(5-FC);HNM1_MID2(Trifluoperazine);HNM1_MID2(noDrug);HUG1_PGM2(Metformin);HUG1_PGM2(Trifluoperazine);MID2_MAM33(Trifluoperazine);MID2_MAM33(noDrug);MID2_PIN2(5-FC);MID2_PIN2(Metformin);MID2_RSN1(5-FC);MID2_RSN1(Metformin);MID2_TPO2(5-FC);MID2_TPO2(Metformin);MID2_TPO2(Trifluoperazine);MID2_TPO4(Metformin);PLM2_HNM1(Trifluoperazine);PMC1_CTR2(5-FC);PMC1_CTR2(Metformin);PMC1_CTR2(Trifluoperazine);PMC1_GTR2(5-FC);PMC1_GTR2(Metformin);PMC1_GTR2(Trifluoperazine);PMC1_GTR2(noDrug);SNA4_GTR2(5-FC);SRO9_DHH1(5-FC);SRO9_DHH1(Trifluoperazine);SRO9_GIS2(Trifluoperazine);SRO9_SGN1(5-FC);SRO9_SGN1(Trifluoperazine);SRO9_SGN1(noDrug);SSH1_ERG11(5-FC);SSH1_ERG11(Metformin);SSH1_ERG11(Trifluoperazine);SSH1_ERG11(noDrug);SSH1_ERV25(5-FC);SSH1_ERV25(Metformin);SSH1_ERV25(Trifluoperazine);SSH1_ERV25(noDrug);SSH1_ORM2(5-FC);SSH1_ORM2(Metformin);SSH1_ORM2(Trifluoperazine);SSH1_ORM2(noDrug);SSH1_PIS1(Trifluoperazine);TPO1_TPO2(5-FC),,AIM2;GOR1;FAA1;GPH1,pQTL_only
chr15:448815,MID2_TPO2,Metformin,0.705185704,ALO1_HYR1(5-FC);ALO1_HYR1(noDrug);ALO1_UIP4(5-FC);ALO1_UIP4(Metformin);ALO1_UIP4(Trifluoperazine);ALO1_UIP4(noDrug);DHH1_LSM3(5-FC);ERG11_ACF2(5-FC);ERG11_ACF2(Metformin);ERG11_ACF2(Trifluoperazine);ERG11_ACF2(noDrug);ERG11_ERG5(Trifluoperazine);ERG11_HYR1(Trifluoperazine);ERG11_HYR1(noDrug);ERG11_MID2(5-FC);ERG11_MID2(Trifluoperazine);ERG11_ORM2(Trifluoperazine);ERG11_ORM2(noDrug);ERG11_PIS1(5-FC);ERG11_PIS1(Trifluoperazine);ERG11_PIS1(noDrug);ERG11_TPO4(5-FC);ERG11_TPO4(Trifluoperazine);ERG11_TPO4(noDrug);ERV25_ERG5(5-FC);ERV25_ERG5(Metformin);ERV25_ORM2(5-FC);ERV25_ORM2(Metformin);ERV25_ORM2(Trifluoperazine);ERV25_ORM2(noDrug);FMP45_HNM1(5-FC);FMP45_HNM1(Metformin);FMP45_MEP1(5-FC);FMP45_MID2(5-FC);FMP45_MID2(Metformin);FMP45_MID2(Trifluoperazine);HNM1_ERG11(5-FC);HNM1_ERG11(Metformin);HNM1_ERG11(Trifluoperazine);HNM1_ERG11(noDrug);HNM1_MID2(5-FC);HNM1_MID2(Trifluoperazine);HNM1_MID2(noDrug);HUG1_PGM2(Metformin);HUG1_PGM2(Trifluoperazine);MID2_MAM33(Trifluoperazine);MID2_MAM33(noDrug);MID2_PIN2(5-FC);MID2_PIN2(Metformin);MID2_RSN1(5-FC);MID2_RSN1(Metformin);MID2_TPO2(5-FC);MID2_TPO2(Metformin);MID2_TPO2(Trifluoperazine);MID2_TPO4(Metformin);PLM2_HNM1(Trifluoperazine);PMC1_CTR2(5-FC);PMC1_CTR2(Metformin);PMC1_CTR2(Trifluoperazine);PMC1_GTR2(5-FC);PMC1_GTR2(Metformin);PMC1_GTR2(Trifluoperazine);PMC1_GTR2(noDrug);SNA4_GTR2(5-FC);SRO9_DHH1(5-FC);SRO9_DHH1(Trifluoperazine);SRO9_GIS2(Trifluoperazine);SRO9_SGN1(5-FC);SRO9_SGN1(Trifluoperazine);SRO9_SGN1(noDrug);SSH1_ERG11(5-FC);SSH1_ERG11(Metformin);SSH1_ERG11(Trifluoperazine);SSH1_ERG11(noDrug);SSH1_ERV25(5-FC);SSH1_ERV25(Metformin);SSH1_ERV25(Trifluoperazine);SSH1_ERV25(noDrug);SSH1_ORM2(5-FC);SSH1_ORM2(Metformin);SSH1_ORM2(Trifluoperazine);SSH1_ORM2(noDrug);SSH1_PIS1(Trifluoperazine);TPO1_TPO2(5-FC),,AIM2;GOR1;FAA1;GPH1,pQTL_only
chr15:448815,MID2_TPO2,Trifluoperazine,1.023169786,ALO1_HYR1(5-FC);ALO1_HYR1(noDrug);ALO1_UIP4(5-FC);ALO1_UIP4(Metformin);ALO1_UIP4(Trifluoperazine);ALO1_UIP4(noDrug);DHH1_LSM3(5-FC);ERG11_ACF2(5-FC);ERG11_ACF2(Metformin);ERG11_ACF2(Trifluoperazine);ERG11_ACF2(noDrug);ERG11_ERG5(Trifluoperazine);ERG11_HYR1(Trifluoperazine);ERG11_HYR1(noDrug);ERG11_MID2(5-FC);ERG11_MID2(Trifluoperazine);ERG11_ORM2(Trifluoperazine);ERG11_ORM2(noDrug);ERG11_PIS1(5-FC);ERG11_PIS1(Trifluoperazine);ERG11_PIS1(noDrug);ERG11_TPO4(5-FC);ERG11_TPO4(Trifluoperazine);ERG11_TPO4(noDrug);ERV25_ERG5(5-FC);ERV25_ERG5(Metformin);ERV25_ORM2(5-FC);ERV25_ORM2(Metformin);ERV25_ORM2(Trifluoperazine);ERV25_ORM2(noDrug);FMP45_HNM1(5-FC);FMP45_HNM1(Metformin);FMP45_MEP1(5-FC);FMP45_MID2(5-FC);FMP45_MID2(Metformin);FMP45_MID2(Trifluoperazine);HNM1_ERG11(5-FC);HNM1_ERG11(Metformin);HNM1_ERG11(Trifluoperazine);HNM1_ERG11(noDrug);HNM1_MID2(5-FC);HNM1_MID2(Trifluoperazine);HNM1_MID2(noDrug);HUG1_PGM2(Metformin);HUG1_PGM2(Trifluoperazine);MID2_MAM33(Trifluoperazine);MID2_MAM33(noDrug);MID2_PIN2(5-FC);MID2_PIN2(Metformin);MID2_RSN1(5-FC);MID2_RSN1(Metformin);MID2_TPO2(5-FC);MID2_TPO2(Metformin);MID2_TPO2(Trifluoperazine);MID2_TPO4(Metformin);PLM2_HNM1(Trifluoperazine);PMC1_CTR2(5-FC);PMC1_CTR2(Metformin);PMC1_CTR2(Trifluoperazine);PMC1_GTR2(5-FC);PMC1_GTR2(Metformin);PMC1_GTR2(Trifluoperazine);PMC1_GTR2(noDrug);SNA4_GTR2(5-FC);SRO9_DHH1(5-FC);SRO9_DHH1(Trifluoperazine);SRO9_GIS2(Trifluoperazine);SRO9_SGN1(5-FC);SRO9_SGN1(Trifluoperazine);SRO9_SGN1(noDrug);SSH1_ERG11(5-FC);SSH1_ERG11(Metformin);SSH1_ERG11(Trifluoperazine);SSH1_ERG11(noDrug);SSH1_ERV25(5-FC);SSH1_ERV25(Metformin);SSH1_ERV25(Trifluoperazine);SSH1_ERV25(noDrug);SSH1_ORM2(5-FC);SSH1_ORM2(Metformin);SSH1_ORM2(Trifluoperazine);SSH1_ORM2(noDrug);SSH1_PIS1(Trifluoperazine);TPO1_TPO2(5-FC),,AIM2;GOR1;FAA1;GPH1,pQTL_only
chr15:448815,MID2_TPO4,Metformin,0.589139794,ALO1_HYR1(5-FC);ALO1_HYR1(noDrug);ALO1_UIP4(5-FC);ALO1_UIP4(Metformin);ALO1_UIP4(Trifluoperazine);ALO1_UIP4(noDrug);DHH1_LSM3(5-FC);ERG11_ACF2(5-FC);ERG11_ACF2(Metformin);ERG11_ACF2(Trifluoperazine);ERG11_ACF2(noDrug);ERG11_ERG5(Trifluoperazine);ERG11_HYR1(Trifluoperazine);ERG11_HYR1(noDrug);ERG11_MID2(5-FC);ERG11_MID2(Trifluoperazine);ERG11_ORM2(Trifluoperazine);ERG11_ORM2(noDrug);ERG11_PIS1(5-FC);ERG11_PIS1(Trifluoperazine);ERG11_PIS1(noDrug);ERG11_TPO4(5-FC);ERG11_TPO4(Trifluoperazine);ERG11_TPO4(noDrug);ERV25_ERG5(5-FC);ERV25_ERG5(Metformin);ERV25_ORM2(5-FC);ERV25_ORM2(Metformin);ERV25_ORM2(Trifluoperazine);ERV25_ORM2(noDrug);FMP45_HNM1(5-FC);FMP45_HNM1(Metformin);FMP45_MEP1(5-FC);FMP45_MID2(5-FC);FMP45_MID2(Metformin);FMP45_MID2(Trifluoperazine);HNM1_ERG11(5-FC);HNM1_ERG11(Metformin);HNM1_ERG11(Trifluoperazine);HNM1_ERG11(noDrug);HNM1_MID2(5-FC);HNM1_MID2(Trifluoperazine);HNM1_MID2(noDrug);HUG1_PGM2(Metformin);HUG1_PGM2(Trifluoperazine);MID2_MAM33(Trifluoperazine);MID2_MAM33(noDrug);MID2_PIN2(5-FC);MID2_PIN2(Metformin);MID2_RSN1(5-FC);MID2_RSN1(Metformin);MID2_TPO2(5-FC);MID2_TPO2(Metformin);MID2_TPO2(Trifluoperazine);MID2_TPO4(Metformin);PLM2_HNM1(Trifluoperazine);PMC1_CTR2(5-FC);PMC1_CTR2(Metformin);PMC1_CTR2(Trifluoperazine);PMC1_GTR2(5-FC);PMC1_GTR2(Metformin);PMC1_GTR2(Trifluoperazine);PMC1_GTR2(noDrug);SNA4_GTR2(5-FC);SRO9_DHH1(5-FC);SRO9_DHH1(Trifluoperazine);SRO9_GIS2(Trifluoperazine);SRO9_SGN1(5-FC);SRO9_SGN1(Trifluoperazine);SRO9_SGN1(noDrug);SSH1_ERG11(5-FC);SSH1_ERG11(Metformin);SSH1_ERG11(Trifluoperazine);SSH1_ERG11(noDrug);SSH1_ERV25(5-FC);SSH1_ERV25(Metformin);SSH1_ERV25(Trifluoperazine);SSH1_ERV25(noDrug);SSH1_ORM2(5-FC);SSH1_ORM2(Metformin);SSH1_ORM2(Trifluoperazine);SSH1_ORM2(noDrug);SSH1_PIS1(Trifluoperazine);TPO1_TPO2(5-FC),,AIM2;GOR1;FAA1;GPH1,pQTL_only
chr15:448815,PLM2_HNM1,Trifluoperazine,0.825854819,ALO1_HYR1(5-FC);ALO1_HYR1(noDrug);ALO1_UIP4(5-FC);ALO1_UIP4(Metformin);ALO1_UIP4(Trifluoperazine);ALO1_UIP4(noDrug);DHH1_LSM3(5-FC);ERG11_ACF2(5-FC);ERG11_ACF2(Metformin);ERG11_ACF2(Trifluoperazine);ERG11_ACF2(noDrug);ERG11_ERG5(Trifluoperazine);ERG11_HYR1(Trifluoperazine);ERG11_HYR1(noDrug);ERG11_MID2(5-FC);ERG11_MID2(Trifluoperazine);ERG11_ORM2(Trifluoperazine);ERG11_ORM2(noDrug);ERG11_PIS1(5-FC);ERG11_PIS1(Trifluoperazine);ERG11_PIS1(noDrug);ERG11_TPO4(5-FC);ERG11_TPO4(Trifluoperazine);ERG11_TPO4(noDrug);ERV25_ERG5(5-FC);ERV25_ERG5(Metformin);ERV25_ORM2(5-FC);ERV25_ORM2(Metformin);ERV25_ORM2(Trifluoperazine);ERV25_ORM2(noDrug);FMP45_HNM1(5-FC);FMP45_HNM1(Metformin);FMP45_MEP1(5-FC);FMP45_MID2(5-FC);FMP45_MID2(Metformin);FMP45_MID2(Trifluoperazine);HNM1_ERG11(5-FC);HNM1_ERG11(Metformin);HNM1_ERG11(Trifluoperazine);HNM1_ERG11(noDrug);HNM1_MID2(5-FC);HNM1_MID2(Trifluoperazine);HNM1_MID2(noDrug);HUG1_PGM2(Metformin);HUG1_PGM2(Trifluoperazine);MID2_MAM33(Trifluoperazine);MID2_MAM33(noDrug);MID2_PIN2(5-FC);MID2_PIN2(Metformin);MID2_RSN1(5-FC);MID2_RSN1(Metformin);MID2_TPO2(5-FC);MID2_TPO2(Metformin);MID2_TPO2(Trifluoperazine);MID2_TPO4(Metformin);PLM2_HNM1(Trifluoperazine);PMC1_CTR2(5-FC);PMC1_CTR2(Metformin);PMC1_CTR2(Trifluoperazine);PMC1_GTR2(5-FC);PMC1_GTR2(Metformin);PMC1_GTR2(Trifluoperazine);PMC1_GTR2(noDrug);SNA4_GTR2(5-FC);SRO9_DHH1(5-FC);SRO9_DHH1(Trifluoperazine);SRO9_GIS2(Trifluoperazine);SRO9_SGN1(5-FC);SRO9_SGN1(Trifluoperazine);SRO9_SGN1(noDrug);SSH1_ERG11(5-FC);SSH1_ERG11(Metformin);SSH1_ERG11(Trifluoperazine);SSH1_ERG11(noDrug);SSH1_ERV25(5-FC);SSH1_ERV25(Metformin);SSH1_ERV25(Trifluoperazine);SSH1_ERV25(noDrug);SSH1_ORM2(5-FC);SSH1_ORM2(Metformin);SSH1_ORM2(Trifluoperazine);SSH1_ORM2(noDrug);SSH1_PIS1(Trifluoperazine);TPO1_TPO2(5-FC),,AIM2;GOR1;FAA1;GPH1,pQTL_only
chr15:448815,PMC1_CTR2,5-FC,1.019364969,ALO1_HYR1(5-FC);ALO1_HYR1(noDrug);ALO1_UIP4(5-FC);ALO1_UIP4(Metformin);ALO1_UIP4(Trifluoperazine);ALO1_UIP4(noDrug);DHH1_LSM3(5-FC);ERG11_ACF2(5-FC);ERG11_ACF2(Metformin);ERG11_ACF2(Trifluoperazine);ERG11_ACF2(noDrug);ERG11_ERG5(Trifluoperazine);ERG11_HYR1(Trifluoperazine);ERG11_HYR1(noDrug);ERG11_MID2(5-FC);ERG11_MID2(Trifluoperazine);ERG11_ORM2(Trifluoperazine);ERG11_ORM2(noDrug);ERG11_PIS1(5-FC);ERG11_PIS1(Trifluoperazine);ERG11_PIS1(noDrug);ERG11_TPO4(5-FC);ERG11_TPO4(Trifluoperazine);ERG11_TPO4(noDrug);ERV25_ERG5(5-FC);ERV25_ERG5(Metformin);ERV25_ORM2(5-FC);ERV25_ORM2(Metformin);ERV25_ORM2(Trifluoperazine);ERV25_ORM2(noDrug);FMP45_HNM1(5-FC);FMP45_HNM1(Metformin);FMP45_MEP1(5-FC);FMP45_MID2(5-FC);FMP45_MID2(Metformin);FMP45_MID2(Trifluoperazine);HNM1_ERG11(5-FC);HNM1_ERG11(Metformin);HNM1_ERG11(Trifluoperazine);HNM1_ERG11(noDrug);HNM1_MID2(5-FC);HNM1_MID2(Trifluoperazine);HNM1_MID2(noDrug);HUG1_PGM2(Metformin);HUG1_PGM2(Trifluoperazine);MID2_MAM33(Trifluoperazine);MID2_MAM33(noDrug);MID2_PIN2(5-FC);MID2_PIN2(Metformin);MID2_RSN1(5-FC);MID2_RSN1(Metformin);MID2_TPO2(5-FC);MID2_TPO2(Metformin);MID2_TPO2(Trifluoperazine);MID2_TPO4(Metformin);PLM2_HNM1(Trifluoperazine);PMC1_CTR2(5-FC);PMC1_CTR2(Metformin);PMC1_CTR2(Trifluoperazine);PMC1_GTR2(5-FC);PMC1_GTR2(Metformin);PMC1_GTR2(Trifluoperazine);PMC1_GTR2(noDrug);SNA4_GTR2(5-FC);SRO9_DHH1(5-FC);SRO9_DHH1(Trifluoperazine);SRO9_GIS2(Trifluoperazine);SRO9_SGN1(5-FC);SRO9_SGN1(Trifluoperazine);SRO9_SGN1(noDrug);SSH1_ERG11(5-FC);SSH1_ERG11(Metformin);SSH1_ERG11(Trifluoperazine);SSH1_ERG11(noDrug);SSH1_ERV25(5-FC);SSH1_ERV25(Metformin);SSH1_ERV25(Trifluoperazine);SSH1_ERV25(noDrug);SSH1_ORM2(5-FC);SSH1_ORM2(Metformin);SSH1_ORM2(Trifluoperazine);SSH1_ORM2(noDrug);SSH1_PIS1(Trifluoperazine);TPO1_TPO2(5-FC),,AIM2;GOR1;FAA1;GPH1,pQTL_only
chr15:448815,PMC1_CTR2,Metformin,0.844415834,ALO1_HYR1(5-FC);ALO1_HYR1(noDrug);ALO1_UIP4(5-FC);ALO1_UIP4(Metformin);ALO1_UIP4(Trifluoperazine);ALO1_UIP4(noDrug);DHH1_LSM3(5-FC);ERG11_ACF2(5-FC);ERG11_ACF2(Metformin);ERG11_ACF2(Trifluoperazine);ERG11_ACF2(noDrug);ERG11_ERG5(Trifluoperazine);ERG11_HYR1(Trifluoperazine);ERG11_HYR1(noDrug);ERG11_MID2(5-FC);ERG11_MID2(Trifluoperazine);ERG11_ORM2(Trifluoperazine);ERG11_ORM2(noDrug);ERG11_PIS1(5-FC);ERG11_PIS1(Trifluoperazine);ERG11_PIS1(noDrug);ERG11_TPO4(5-FC);ERG11_TPO4(Trifluoperazine);ERG11_TPO4(noDrug);ERV25_ERG5(5-FC);ERV25_ERG5(Metformin);ERV25_ORM2(5-FC);ERV25_ORM2(Metformin);ERV25_ORM2(Trifluoperazine);ERV25_ORM2(noDrug);FMP45_HNM1(5-FC);FMP45_HNM1(Metformin);FMP45_MEP1(5-FC);FMP45_MID2(5-FC);FMP45_MID2(Metformin);FMP45_MID2(Trifluoperazine);HNM1_ERG11(5-FC);HNM1_ERG11(Metformin);HNM1_ERG11(Trifluoperazine);HNM1_ERG11(noDrug);HNM1_MID2(5-FC);HNM1_MID2(Trifluoperazine);HNM1_MID2(noDrug);HUG1_PGM2(Metformin);HUG1_PGM2(Trifluoperazine);MID2_MAM33(Trifluoperazine);MID2_MAM33(noDrug);MID2_PIN2(5-FC);MID2_PIN2(Metformin);MID2_RSN1(5-FC);MID2_RSN1(Metformin);MID2_TPO2(5-FC);MID2_TPO2(Metformin);MID2_TPO2(Trifluoperazine);MID2_TPO4(Metformin);PLM2_HNM1(Trifluoperazine);PMC1_CTR2(5-FC);PMC1_CTR2(Metformin);PMC1_CTR2(Trifluoperazine);PMC1_GTR2(5-FC);PMC1_GTR2(Metformin);PMC1_GTR2(Trifluoperazine);PMC1_GTR2(noDrug);SNA4_GTR2(5-FC);SRO9_DHH1(5-FC);SRO9_DHH1(Trifluoperazine);SRO9_GIS2(Trifluoperazine);SRO9_SGN1(5-FC);SRO9_SGN1(Trifluoperazine);SRO9_SGN1(noDrug);SSH1_ERG11(5-FC);SSH1_ERG11(Metformin);SSH1_ERG11(Trifluoperazine);SSH1_ERG11(noDrug);SSH1_ERV25(5-FC);SSH1_ERV25(Metformin);SSH1_ERV25(Trifluoperazine);SSH1_ERV25(noDrug);SSH1_ORM2(5-FC);SSH1_ORM2(Metformin);SSH1_ORM2(Trifluoperazine);SSH1_ORM2(noDrug);SSH1_PIS1(Trifluoperazine);TPO1_TPO2(5-FC),,AIM2;GOR1;FAA1;GPH1,pQTL_only
chr15:448815,PMC1_CTR2,Trifluoperazine,1.113573238,ALO1_HYR1(5-FC);ALO1_HYR1(noDrug);ALO1_UIP4(5-FC);ALO1_UIP4(Metformin);ALO1_UIP4(Trifluoperazine);ALO1_UIP4(noDrug);DHH1_LSM3(5-FC);ERG11_ACF2(5-FC);ERG11_ACF2(Metformin);ERG11_ACF2(Trifluoperazine);ERG11_ACF2(noDrug);ERG11_ERG5(Trifluoperazine);ERG11_HYR1(Trifluoperazine);ERG11_HYR1(noDrug);ERG11_MID2(5-FC);ERG11_MID2(Trifluoperazine);ERG11_ORM2(Trifluoperazine);ERG11_ORM2(noDrug);ERG11_PIS1(5-FC);ERG11_PIS1(Trifluoperazine);ERG11_PIS1(noDrug);ERG11_TPO4(5-FC);ERG11_TPO4(Trifluoperazine);ERG11_TPO4(noDrug);ERV25_ERG5(5-FC);ERV25_ERG5(Metformin);ERV25_ORM2(5-FC);ERV25_ORM2(Metformin);ERV25_ORM2(Trifluoperazine);ERV25_ORM2(noDrug);FMP45_HNM1(5-FC);FMP45_HNM1(Metformin);FMP45_MEP1(5-FC);FMP45_MID2(5-FC);FMP45_MID2(Metformin);FMP45_MID2(Trifluoperazine);HNM1_ERG11(5-FC);HNM1_ERG11(Metformin);HNM1_ERG11(Trifluoperazine);HNM1_ERG11(noDrug);HNM1_MID2(5-FC);HNM1_MID2(Trifluoperazine);HNM1_MID2(noDrug);HUG1_PGM2(Metformin);HUG1_PGM2(Trifluoperazine);MID2_MAM33(Trifluoperazine);MID2_MAM33(noDrug);MID2_PIN2(5-FC);MID2_PIN2(Metformin);MID2_RSN1(5-FC);MID2_RSN1(Metformin);MID2_TPO2(5-FC);MID2_TPO2(Metformin);MID2_TPO2(Trifluoperazine);MID2_TPO4(Metformin);PLM2_HNM1(Trifluoperazine);PMC1_CTR2(5-FC);PMC1_CTR2(Metformin);PMC1_CTR2(Trifluoperazine);PMC1_GTR2(5-FC);PMC1_GTR2(Metformin);PMC1_GTR2(Trifluoperazine);PMC1_GTR2(noDrug);SNA4_GTR2(5-FC);SRO9_DHH1(5-FC);SRO9_DHH1(Trifluoperazine);SRO9_GIS2(Trifluoperazine);SRO9_SGN1(5-FC);SRO9_SGN1(Trifluoperazine);SRO9_SGN1(noDrug);SSH1_ERG11(5-FC);SSH1_ERG11(Metformin);SSH1_ERG11(Trifluoperazine);SSH1_ERG11(noDrug);SSH1_ERV25(5-FC);SSH1_ERV25(Metformin);SSH1_ERV25(Trifluoperazine);SSH1_ERV25(noDrug);SSH1_ORM2(5-FC);SSH1_ORM2(Metformin);SSH1_ORM2(Trifluoperazine);SSH1_ORM2(noDrug);SSH1_PIS1(Trifluoperazine);TPO1_TPO2(5-FC),,AIM2;GOR1;FAA1;GPH1,pQTL_only
chr15:448815,PMC1_GTR2,5-FC,0.970938041,ALO1_HYR1(5-FC);ALO1_HYR1(noDrug);ALO1_UIP4(5-FC);ALO1_UIP4(Metformin);ALO1_UIP4(Trifluoperazine);ALO1_UIP4(noDrug);DHH1_LSM3(5-FC);ERG11_ACF2(5-FC);ERG11_ACF2(Metformin);ERG11_ACF2(Trifluoperazine);ERG11_ACF2(noDrug);ERG11_ERG5(Trifluoperazine);ERG11_HYR1(Trifluoperazine);ERG11_HYR1(noDrug);ERG11_MID2(5-FC);ERG11_MID2(Trifluoperazine);ERG11_ORM2(Trifluoperazine);ERG11_ORM2(noDrug);ERG11_PIS1(5-FC);ERG11_PIS1(Trifluoperazine);ERG11_PIS1(noDrug);ERG11_TPO4(5-FC);ERG11_TPO4(Trifluoperazine);ERG11_TPO4(noDrug);ERV25_ERG5(5-FC);ERV25_ERG5(Metformin);ERV25_ORM2(5-FC);ERV25_ORM2(Metformin);ERV25_ORM2(Trifluoperazine);ERV25_ORM2(noDrug);FMP45_HNM1(5-FC);FMP45_HNM1(Metformin);FMP45_MEP1(5-FC);FMP45_MID2(5-FC);FMP45_MID2(Metformin);FMP45_MID2(Trifluoperazine);HNM1_ERG11(5-FC);HNM1_ERG11(Metformin);HNM1_ERG11(Trifluoperazine);HNM1_ERG11(noDrug);HNM1_MID2(5-FC);HNM1_MID2(Trifluoperazine);HNM1_MID2(noDrug);HUG1_PGM2(Metformin);HUG1_PGM2(Trifluoperazine);MID2_MAM33(Trifluoperazine);MID2_MAM33(noDrug);MID2_PIN2(5-FC);MID2_PIN2(Metformin);MID2_RSN1(5-FC);MID2_RSN1(Metformin);MID2_TPO2(5-FC);MID2_TPO2(Metformin);MID2_TPO2(Trifluoperazine);MID2_TPO4(Metformin);PLM2_HNM1(Trifluoperazine);PMC1_CTR2(5-FC);PMC1_CTR2(Metformin);PMC1_CTR2(Trifluoperazine);PMC1_GTR2(5-FC);PMC1_GTR2(Metformin);PMC1_GTR2(Trifluoperazine);PMC1_GTR2(noDrug);SNA4_GTR2(5-FC);SRO9_DHH1(5-FC);SRO9_DHH1(Trifluoperazine);SRO9_GIS2(Trifluoperazine);SRO9_SGN1(5-FC);SRO9_SGN1(Trifluoperazine);SRO9_SGN1(noDrug);SSH1_ERG11(5-FC);SSH1_ERG11(Metformin);SSH1_ERG11(Trifluoperazine);SSH1_ERG11(noDrug);SSH1_ERV25(5-FC);SSH1_ERV25(Metformin);SSH1_ERV25(Trifluoperazine);SSH1_ERV25(noDrug);SSH1_ORM2(5-FC);SSH1_ORM2(Metformin);SSH1_ORM2(Trifluoperazine);SSH1_ORM2(noDrug);SSH1_PIS1(Trifluoperazine);TPO1_TPO2(5-FC),,AIM2;GOR1;FAA1;GPH1,pQTL_only
chr15:448815,PMC1_GTR2,Metformin,0.900247847,ALO1_HYR1(5-FC);ALO1_HYR1(noDrug);ALO1_UIP4(5-FC);ALO1_UIP4(Metformin);ALO1_UIP4(Trifluoperazine);ALO1_UIP4(noDrug);DHH1_LSM3(5-FC);ERG11_ACF2(5-FC);ERG11_ACF2(Metformin);ERG11_ACF2(Trifluoperazine);ERG11_ACF2(noDrug);ERG11_ERG5(Trifluoperazine);ERG11_HYR1(Trifluoperazine);ERG11_HYR1(noDrug);ERG11_MID2(5-FC);ERG11_MID2(Trifluoperazine);ERG11_ORM2(Trifluoperazine);ERG11_ORM2(noDrug);ERG11_PIS1(5-FC);ERG11_PIS1(Trifluoperazine);ERG11_PIS1(noDrug);ERG11_TPO4(5-FC);ERG11_TPO4(Trifluoperazine);ERG11_TPO4(noDrug);ERV25_ERG5(5-FC);ERV25_ERG5(Metformin);ERV25_ORM2(5-FC);ERV25_ORM2(Metformin);ERV25_ORM2(Trifluoperazine);ERV25_ORM2(noDrug);FMP45_HNM1(5-FC);FMP45_HNM1(Metformin);FMP45_MEP1(5-FC);FMP45_MID2(5-FC);FMP45_MID2(Metformin);FMP45_MID2(Trifluoperazine);HNM1_ERG11(5-FC);HNM1_ERG11(Metformin);HNM1_ERG11(Trifluoperazine);HNM1_ERG11(noDrug);HNM1_MID2(5-FC);HNM1_MID2(Trifluoperazine);HNM1_MID2(noDrug);HUG1_PGM2(Metformin);HUG1_PGM2(Trifluoperazine);MID2_MAM33(Trifluoperazine);MID2_MAM33(noDrug);MID2_PIN2(5-FC);MID2_PIN2(Metformin);MID2_RSN1(5-FC);MID2_RSN1(Metformin);MID2_TPO2(5-FC);MID2_TPO2(Metformin);MID2_TPO2(Trifluoperazine);MID2_TPO4(Metformin);PLM2_HNM1(Trifluoperazine);PMC1_CTR2(5-FC);PMC1_CTR2(Metformin);PMC1_CTR2(Trifluoperazine);PMC1_GTR2(5-FC);PMC1_GTR2(Metformin);PMC1_GTR2(Trifluoperazine);PMC1_GTR2(noDrug);SNA4_GTR2(5-FC);SRO9_DHH1(5-FC);SRO9_DHH1(Trifluoperazine);SRO9_GIS2(Trifluoperazine);SRO9_SGN1(5-FC);SRO9_SGN1(Trifluoperazine);SRO9_SGN1(noDrug);SSH1_ERG11(5-FC);SSH1_ERG11(Metformin);SSH1_ERG11(Trifluoperazine);SSH1_ERG11(noDrug);SSH1_ERV25(5-FC);SSH1_ERV25(Metformin);SSH1_ERV25(Trifluoperazine);SSH1_ERV25(noDrug);SSH1_ORM2(5-FC);SSH1_ORM2(Metformin);SSH1_ORM2(Trifluoperazine);SSH1_ORM2(noDrug);SSH1_PIS1(Trifluoperazine);TPO1_TPO2(5-FC),,AIM2;GOR1;FAA1;GPH1,pQTL_only
chr15:448815,PMC1_GTR2,Trifluoperazine,1.136920239,ALO1_HYR1(5-FC);ALO1_HYR1(noDrug);ALO1_UIP4(5-FC);ALO1_UIP4(Metformin);ALO1_UIP4(Trifluoperazine);ALO1_UIP4(noDrug);DHH1_LSM3(5-FC);ERG11_ACF2(5-FC);ERG11_ACF2(Metformin);ERG11_ACF2(Trifluoperazine);ERG11_ACF2(noDrug);ERG11_ERG5(Trifluoperazine);ERG11_HYR1(Trifluoperazine);ERG11_HYR1(noDrug);ERG11_MID2(5-FC);ERG11_MID2(Trifluoperazine);ERG11_ORM2(Trifluoperazine);ERG11_ORM2(noDrug);ERG11_PIS1(5-FC);ERG11_PIS1(Trifluoperazine);ERG11_PIS1(noDrug);ERG11_TPO4(5-FC);ERG11_TPO4(Trifluoperazine);ERG11_TPO4(noDrug);ERV25_ERG5(5-FC);ERV25_ERG5(Metformin);ERV25_ORM2(5-FC);ERV25_ORM2(Metformin);ERV25_ORM2(Trifluoperazine);ERV25_ORM2(noDrug);FMP45_HNM1(5-FC);FMP45_HNM1(Metformin);FMP45_MEP1(5-FC);FMP45_MID2(5-FC);FMP45_MID2(Metformin);FMP45_MID2(Trifluoperazine);HNM1_ERG11(5-FC);HNM1_ERG11(Metformin);HNM1_ERG11(Trifluoperazine);HNM1_ERG11(noDrug);HNM1_MID2(5-FC);HNM1_MID2(Trifluoperazine);HNM1_MID2(noDrug);HUG1_PGM2(Metformin);HUG1_PGM2(Trifluoperazine);MID2_MAM33(Trifluoperazine);MID2_MAM33(noDrug);MID2_PIN2(5-FC);MID2_PIN2(Metformin);MID2_RSN1(5-FC);MID2_RSN1(Metformin);MID2_TPO2(5-FC);MID2_TPO2(Metformin);MID2_TPO2(Trifluoperazine);MID2_TPO4(Metformin);PLM2_HNM1(Trifluoperazine);PMC1_CTR2(5-FC);PMC1_CTR2(Metformin);PMC1_CTR2(Trifluoperazine);PMC1_GTR2(5-FC);PMC1_GTR2(Metformin);PMC1_GTR2(Trifluoperazine);PMC1_GTR2(noDrug);SNA4_GTR2(5-FC);SRO9_DHH1(5-FC);SRO9_DHH1(Trifluoperazine);SRO9_GIS2(Trifluoperazine);SRO9_SGN1(5-FC);SRO9_SGN1(Trifluoperazine);SRO9_SGN1(noDrug);SSH1_ERG11(5-FC);SSH1_ERG11(Metformin);SSH1_ERG11(Trifluoperazine);SSH1_ERG11(noDrug);SSH1_ERV25(5-FC);SSH1_ERV25(Metformin);SSH1_ERV25(Trifluoperazine);SSH1_ERV25(noDrug);SSH1_ORM2(5-FC);SSH1_ORM2(Metformin);SSH1_ORM2(Trifluoperazine);SSH1_ORM2(noDrug);SSH1_PIS1(Trifluoperazine);TPO1_TPO2(5-FC),,AIM2;GOR1;FAA1;GPH1,pQTL_only
chr15:448815,PMC1_GTR2,noDrug,1.055702762,ALO1_HYR1(5-FC);ALO1_HYR1(noDrug);ALO1_UIP4(5-FC);ALO1_UIP4(Metformin);ALO1_UIP4(Trifluoperazine);ALO1_UIP4(noDrug);DHH1_LSM3(5-FC);ERG11_ACF2(5-FC);ERG11_ACF2(Metformin);ERG11_ACF2(Trifluoperazine);ERG11_ACF2(noDrug);ERG11_ERG5(Trifluoperazine);ERG11_HYR1(Trifluoperazine);ERG11_HYR1(noDrug);ERG11_MID2(5-FC);ERG11_MID2(Trifluoperazine);ERG11_ORM2(Trifluoperazine);ERG11_ORM2(noDrug);ERG11_PIS1(5-FC);ERG11_PIS1(Trifluoperazine);ERG11_PIS1(noDrug);ERG11_TPO4(5-FC);ERG11_TPO4(Trifluoperazine);ERG11_TPO4(noDrug);ERV25_ERG5(5-FC);ERV25_ERG5(Metformin);ERV25_ORM2(5-FC);ERV25_ORM2(Metformin);ERV25_ORM2(Trifluoperazine);ERV25_ORM2(noDrug);FMP45_HNM1(5-FC);FMP45_HNM1(Metformin);FMP45_MEP1(5-FC);FMP45_MID2(5-FC);FMP45_MID2(Metformin);FMP45_MID2(Trifluoperazine);HNM1_ERG11(5-FC);HNM1_ERG11(Metformin);HNM1_ERG11(Trifluoperazine);HNM1_ERG11(noDrug);HNM1_MID2(5-FC);HNM1_MID2(Trifluoperazine);HNM1_MID2(noDrug);HUG1_PGM2(Metformin);HUG1_PGM2(Trifluoperazine);MID2_MAM33(Trifluoperazine);MID2_MAM33(noDrug);MID2_PIN2(5-FC);MID2_PIN2(Metformin);MID2_RSN1(5-FC);MID2_RSN1(Metformin);MID2_TPO2(5-FC);MID2_TPO2(Metformin);MID2_TPO2(Trifluoperazine);MID2_TPO4(Metformin);PLM2_HNM1(Trifluoperazine);PMC1_CTR2(5-FC);PMC1_CTR2(Metformin);PMC1_CTR2(Trifluoperazine);PMC1_GTR2(5-FC);PMC1_GTR2(Metformin);PMC1_GTR2(Trifluoperazine);PMC1_GTR2(noDrug);SNA4_GTR2(5-FC);SRO9_DHH1(5-FC);SRO9_DHH1(Trifluoperazine);SRO9_GIS2(Trifluoperazine);SRO9_SGN1(5-FC);SRO9_SGN1(Trifluoperazine);SRO9_SGN1(noDrug);SSH1_ERG11(5-FC);SSH1_ERG11(Metformin);SSH1_ERG11(Trifluoperazine);SSH1_ERG11(noDrug);SSH1_ERV25(5-FC);SSH1_ERV25(Metformin);SSH1_ERV25(Trifluoperazine);SSH1_ERV25(noDrug);SSH1_ORM2(5-FC);SSH1_ORM2(Metformin);SSH1_ORM2(Trifluoperazine);SSH1_ORM2(noDrug);SSH1_PIS1(Trifluoperazine);TPO1_TPO2(5-FC),,AIM2;GOR1;FAA1;GPH1,pQTL_only
chr15:448815,SNA4_GTR2,5-FC,0.831399063,ALO1_HYR1(5-FC);ALO1_HYR1(noDrug);ALO1_UIP4(5-FC);ALO1_UIP4(Metformin);ALO1_UIP4(Trifluoperazine);ALO1_UIP4(noDrug);DHH1_LSM3(5-FC);ERG11_ACF2(5-FC);ERG11_ACF2(Metformin);ERG11_ACF2(Trifluoperazine);ERG11_ACF2(noDrug);ERG11_ERG5(Trifluoperazine);ERG11_HYR1(Trifluoperazine);ERG11_HYR1(noDrug);ERG11_MID2(5-FC);ERG11_MID2(Trifluoperazine);ERG11_ORM2(Trifluoperazine);ERG11_ORM2(noDrug);ERG11_PIS1(5-FC);ERG11_PIS1(Trifluoperazine);ERG11_PIS1(noDrug);ERG11_TPO4(5-FC);ERG11_TPO4(Trifluoperazine);ERG11_TPO4(noDrug);ERV25_ERG5(5-FC);ERV25_ERG5(Metformin);ERV25_ORM2(5-FC);ERV25_ORM2(Metformin);ERV25_ORM2(Trifluoperazine);ERV25_ORM2(noDrug);FMP45_HNM1(5-FC);FMP45_HNM1(Metformin);FMP45_MEP1(5-FC);FMP45_MID2(5-FC);FMP45_MID2(Metformin);FMP45_MID2(Trifluoperazine);HNM1_ERG11(5-FC);HNM1_ERG11(Metformin);HNM1_ERG11(Trifluoperazine);HNM1_ERG11(noDrug);HNM1_MID2(5-FC);HNM1_MID2(Trifluoperazine);HNM1_MID2(noDrug);HUG1_PGM2(Metformin);HUG1_PGM2(Trifluoperazine);MID2_MAM33(Trifluoperazine);MID2_MAM33(noDrug);MID2_PIN2(5-FC);MID2_PIN2(Metformin);MID2_RSN1(5-FC);MID2_RSN1(Metformin);MID2_TPO2(5-FC);MID2_TPO2(Metformin);MID2_TPO2(Trifluoperazine);MID2_TPO4(Metformin);PLM2_HNM1(Trifluoperazine);PMC1_CTR2(5-FC);PMC1_CTR2(Metformin);PMC1_CTR2(Trifluoperazine);PMC1_GTR2(5-FC);PMC1_GTR2(Metformin);PMC1_GTR2(Trifluoperazine);PMC1_GTR2(noDrug);SNA4_GTR2(5-FC);SRO9_DHH1(5-FC);SRO9_DHH1(Trifluoperazine);SRO9_GIS2(Trifluoperazine);SRO9_SGN1(5-FC);SRO9_SGN1(Trifluoperazine);SRO9_SGN1(noDrug);SSH1_ERG11(5-FC);SSH1_ERG11(Metformin);SSH1_ERG11(Trifluoperazine);SSH1_ERG11(noDrug);SSH1_ERV25(5-FC);SSH1_ERV25(Metformin);SSH1_ERV25(Trifluoperazine);SSH1_ERV25(noDrug);SSH1_ORM2(5-FC);SSH1_ORM2(Metformin);SSH1_ORM2(Trifluoperazine);SSH1_ORM2(noDrug);SSH1_PIS1(Trifluoperazine);TPO1_TPO2(5-FC),,AIM2;GOR1;FAA1;GPH1,pQTL_only
chr15:448815,SRO9_DHH1,5-FC,0.970877161,ALO1_HYR1(5-FC);ALO1_HYR1(noDrug);ALO1_UIP4(5-FC);ALO1_UIP4(Metformin);ALO1_UIP4(Trifluoperazine);ALO1_UIP4(noDrug);DHH1_LSM3(5-FC);ERG11_ACF2(5-FC);ERG11_ACF2(Metformin);ERG11_ACF2(Trifluoperazine);ERG11_ACF2(noDrug);ERG11_ERG5(Trifluoperazine);ERG11_HYR1(Trifluoperazine);ERG11_HYR1(noDrug);ERG11_MID2(5-FC);ERG11_MID2(Trifluoperazine);ERG11_ORM2(Trifluoperazine);ERG11_ORM2(noDrug);ERG11_PIS1(5-FC);ERG11_PIS1(Trifluoperazine);ERG11_PIS1(noDrug);ERG11_TPO4(5-FC);ERG11_TPO4(Trifluoperazine);ERG11_TPO4(noDrug);ERV25_ERG5(5-FC);ERV25_ERG5(Metformin);ERV25_ORM2(5-FC);ERV25_ORM2(Metformin);ERV25_ORM2(Trifluoperazine);ERV25_ORM2(noDrug);FMP45_HNM1(5-FC);FMP45_HNM1(Metformin);FMP45_MEP1(5-FC);FMP45_MID2(5-FC);FMP45_MID2(Metformin);FMP45_MID2(Trifluoperazine);HNM1_ERG11(5-FC);HNM1_ERG11(Metformin);HNM1_ERG11(Trifluoperazine);HNM1_ERG11(noDrug);HNM1_MID2(5-FC);HNM1_MID2(Trifluoperazine);HNM1_MID2(noDrug);HUG1_PGM2(Metformin);HUG1_PGM2(Trifluoperazine);MID2_MAM33(Trifluoperazine);MID2_MAM33(noDrug);MID2_PIN2(5-FC);MID2_PIN2(Metformin);MID2_RSN1(5-FC);MID2_RSN1(Metformin);MID2_TPO2(5-FC);MID2_TPO2(Metformin);MID2_TPO2(Trifluoperazine);MID2_TPO4(Metformin);PLM2_HNM1(Trifluoperazine);PMC1_CTR2(5-FC);PMC1_CTR2(Metformin);PMC1_CTR2(Trifluoperazine);PMC1_GTR2(5-FC);PMC1_GTR2(Metformin);PMC1_GTR2(Trifluoperazine);PMC1_GTR2(noDrug);SNA4_GTR2(5-FC);SRO9_DHH1(5-FC);SRO9_DHH1(Trifluoperazine);SRO9_GIS2(Trifluoperazine);SRO9_SGN1(5-FC);SRO9_SGN1(Trifluoperazine);SRO9_SGN1(noDrug);SSH1_ERG11(5-FC);SSH1_ERG11(Metformin);SSH1_ERG11(Trifluoperazine);SSH1_ERG11(noDrug);SSH1_ERV25(5-FC);SSH1_ERV25(Metformin);SSH1_ERV25(Trifluoperazine);SSH1_ERV25(noDrug);SSH1_ORM2(5-FC);SSH1_ORM2(Metformin);SSH1_ORM2(Trifluoperazine);SSH1_ORM2(noDrug);SSH1_PIS1(Trifluoperazine);TPO1_TPO2(5-FC),,AIM2;GOR1;FAA1;GPH1,pQTL_only
chr15:448815,SRO9_DHH1,Trifluoperazine,0.893761827,ALO1_HYR1(5-FC);ALO1_HYR1(noDrug);ALO1_UIP4(5-FC);ALO1_UIP4(Metformin);ALO1_UIP4(Trifluoperazine);ALO1_UIP4(noDrug);DHH1_LSM3(5-FC);ERG11_ACF2(5-FC);ERG11_ACF2(Metformin);ERG11_ACF2(Trifluoperazine);ERG11_ACF2(noDrug);ERG11_ERG5(Trifluoperazine);ERG11_HYR1(Trifluoperazine);ERG11_HYR1(noDrug);ERG11_MID2(5-FC);ERG11_MID2(Trifluoperazine);ERG11_ORM2(Trifluoperazine);ERG11_ORM2(noDrug);ERG11_PIS1(5-FC);ERG11_PIS1(Trifluoperazine);ERG11_PIS1(noDrug);ERG11_TPO4(5-FC);ERG11_TPO4(Trifluoperazine);ERG11_TPO4(noDrug);ERV25_ERG5(5-FC);ERV25_ERG5(Metformin);ERV25_ORM2(5-FC);ERV25_ORM2(Metformin);ERV25_ORM2(Trifluoperazine);ERV25_ORM2(noDrug);FMP45_HNM1(5-FC);FMP45_HNM1(Metformin);FMP45_MEP1(5-FC);FMP45_MID2(5-FC);FMP45_MID2(Metformin);FMP45_MID2(Trifluoperazine);HNM1_ERG11(5-FC);HNM1_ERG11(Metformin);HNM1_ERG11(Trifluoperazine);HNM1_ERG11(noDrug);HNM1_MID2(5-FC);HNM1_MID2(Trifluoperazine);HNM1_MID2(noDrug);HUG1_PGM2(Metformin);HUG1_PGM2(Trifluoperazine);MID2_MAM33(Trifluoperazine);MID2_MAM33(noDrug);MID2_PIN2(5-FC);MID2_PIN2(Metformin);MID2_RSN1(5-FC);MID2_RSN1(Metformin);MID2_TPO2(5-FC);MID2_TPO2(Metformin);MID2_TPO2(Trifluoperazine);MID2_TPO4(Metformin);PLM2_HNM1(Trifluoperazine);PMC1_CTR2(5-FC);PMC1_CTR2(Metformin);PMC1_CTR2(Trifluoperazine);PMC1_GTR2(5-FC);PMC1_GTR2(Metformin);PMC1_GTR2(Trifluoperazine);PMC1_GTR2(noDrug);SNA4_GTR2(5-FC);SRO9_DHH1(5-FC);SRO9_DHH1(Trifluoperazine);SRO9_GIS2(Trifluoperazine);SRO9_SGN1(5-FC);SRO9_SGN1(Trifluoperazine);SRO9_SGN1(noDrug);SSH1_ERG11(5-FC);SSH1_ERG11(Metformin);SSH1_ERG11(Trifluoperazine);SSH1_ERG11(noDrug);SSH1_ERV25(5-FC);SSH1_ERV25(Metformin);SSH1_ERV25(Trifluoperazine);SSH1_ERV25(noDrug);SSH1_ORM2(5-FC);SSH1_ORM2(Metformin);SSH1_ORM2(Trifluoperazine);SSH1_ORM2(noDrug);SSH1_PIS1(Trifluoperazine);TPO1_TPO2(5-FC),,AIM2;GOR1;FAA1;GPH1,pQTL_only
chr15:448815,SRO9_GIS2,Trifluoperazine,0.516274493,ALO1_HYR1(5-FC);ALO1_HYR1(noDrug);ALO1_UIP4(5-FC);ALO1_UIP4(Metformin);ALO1_UIP4(Trifluoperazine);ALO1_UIP4(noDrug);DHH1_LSM3(5-FC);ERG11_ACF2(5-FC);ERG11_ACF2(Metformin);ERG11_ACF2(Trifluoperazine);ERG11_ACF2(noDrug);ERG11_ERG5(Trifluoperazine);ERG11_HYR1(Trifluoperazine);ERG11_HYR1(noDrug);ERG11_MID2(5-FC);ERG11_MID2(Trifluoperazine);ERG11_ORM2(Trifluoperazine);ERG11_ORM2(noDrug);ERG11_PIS1(5-FC);ERG11_PIS1(Trifluoperazine);ERG11_PIS1(noDrug);ERG11_TPO4(5-FC);ERG11_TPO4(Trifluoperazine);ERG11_TPO4(noDrug);ERV25_ERG5(5-FC);ERV25_ERG5(Metformin);ERV25_ORM2(5-FC);ERV25_ORM2(Metformin);ERV25_ORM2(Trifluoperazine);ERV25_ORM2(noDrug);FMP45_HNM1(5-FC);FMP45_HNM1(Metformin);FMP45_MEP1(5-FC);FMP45_MID2(5-FC);FMP45_MID2(Metformin);FMP45_MID2(Trifluoperazine);HNM1_ERG11(5-FC);HNM1_ERG11(Metformin);HNM1_ERG11(Trifluoperazine);HNM1_ERG11(noDrug);HNM1_MID2(5-FC);HNM1_MID2(Trifluoperazine);HNM1_MID2(noDrug);HUG1_PGM2(Metformin);HUG1_PGM2(Trifluoperazine);MID2_MAM33(Trifluoperazine);MID2_MAM33(noDrug);MID2_PIN2(5-FC);MID2_PIN2(Metformin);MID2_RSN1(5-FC);MID2_RSN1(Metformin);MID2_TPO2(5-FC);MID2_TPO2(Metformin);MID2_TPO2(Trifluoperazine);MID2_TPO4(Metformin);PLM2_HNM1(Trifluoperazine);PMC1_CTR2(5-FC);PMC1_CTR2(Metformin);PMC1_CTR2(Trifluoperazine);PMC1_GTR2(5-FC);PMC1_GTR2(Metformin);PMC1_GTR2(Trifluoperazine);PMC1_GTR2(noDrug);SNA4_GTR2(5-FC);SRO9_DHH1(5-FC);SRO9_DHH1(Trifluoperazine);SRO9_GIS2(Trifluoperazine);SRO9_SGN1(5-FC);SRO9_SGN1(Trifluoperazine);SRO9_SGN1(noDrug);SSH1_ERG11(5-FC);SSH1_ERG11(Metformin);SSH1_ERG11(Trifluoperazine);SSH1_ERG11(noDrug);SSH1_ERV25(5-FC);SSH1_ERV25(Metformin);SSH1_ERV25(Trifluoperazine);SSH1_ERV25(noDrug);SSH1_ORM2(5-FC);SSH1_ORM2(Metformin);SSH1_ORM2(Trifluoperazine);SSH1_ORM2(noDrug);SSH1_PIS1(Trifluoperazine);TPO1_TPO2(5-FC),,AIM2;GOR1;FAA1;GPH1,pQTL_only
chr15:448815,SRO9_SGN1,5-FC,0.833020369,ALO1_HYR1(5-FC);ALO1_HYR1(noDrug);ALO1_UIP4(5-FC);ALO1_UIP4(Metformin);ALO1_UIP4(Trifluoperazine);ALO1_UIP4(noDrug);DHH1_LSM3(5-FC);ERG11_ACF2(5-FC);ERG11_ACF2(Metformin);ERG11_ACF2(Trifluoperazine);ERG11_ACF2(noDrug);ERG11_ERG5(Trifluoperazine);ERG11_HYR1(Trifluoperazine);ERG11_HYR1(noDrug);ERG11_MID2(5-FC);ERG11_MID2(Trifluoperazine);ERG11_ORM2(Trifluoperazine);ERG11_ORM2(noDrug);ERG11_PIS1(5-FC);ERG11_PIS1(Trifluoperazine);ERG11_PIS1(noDrug);ERG11_TPO4(5-FC);ERG11_TPO4(Trifluoperazine);ERG11_TPO4(noDrug);ERV25_ERG5(5-FC);ERV25_ERG5(Metformin);ERV25_ORM2(5-FC);ERV25_ORM2(Metformin);ERV25_ORM2(Trifluoperazine);ERV25_ORM2(noDrug);FMP45_HNM1(5-FC);FMP45_HNM1(Metformin);FMP45_MEP1(5-FC);FMP45_MID2(5-FC);FMP45_MID2(Metformin);FMP45_MID2(Trifluoperazine);HNM1_ERG11(5-FC);HNM1_ERG11(Metformin);HNM1_ERG11(Trifluoperazine);HNM1_ERG11(noDrug);HNM1_MID2(5-FC);HNM1_MID2(Trifluoperazine);HNM1_MID2(noDrug);HUG1_PGM2(Metformin);HUG1_PGM2(Trifluoperazine);MID2_MAM33(Trifluoperazine);MID2_MAM33(noDrug);MID2_PIN2(5-FC);MID2_PIN2(Metformin);MID2_RSN1(5-FC);MID2_RSN1(Metformin);MID2_TPO2(5-FC);MID2_TPO2(Metformin);MID2_TPO2(Trifluoperazine);MID2_TPO4(Metformin);PLM2_HNM1(Trifluoperazine);PMC1_CTR2(5-FC);PMC1_CTR2(Metformin);PMC1_CTR2(Trifluoperazine);PMC1_GTR2(5-FC);PMC1_GTR2(Metformin);PMC1_GTR2(Trifluoperazine);PMC1_GTR2(noDrug);SNA4_GTR2(5-FC);SRO9_DHH1(5-FC);SRO9_DHH1(Trifluoperazine);SRO9_GIS2(Trifluoperazine);SRO9_SGN1(5-FC);SRO9_SGN1(Trifluoperazine);SRO9_SGN1(noDrug);SSH1_ERG11(5-FC);SSH1_ERG11(Metformin);SSH1_ERG11(Trifluoperazine);SSH1_ERG11(noDrug);SSH1_ERV25(5-FC);SSH1_ERV25(Metformin);SSH1_ERV25(Trifluoperazine);SSH1_ERV25(noDrug);SSH1_ORM2(5-FC);SSH1_ORM2(Metformin);SSH1_ORM2(Trifluoperazine);SSH1_ORM2(noDrug);SSH1_PIS1(Trifluoperazine);TPO1_TPO2(5-FC),,AIM2;GOR1;FAA1;GPH1,pQTL_only
chr15:448815,SRO9_SGN1,Trifluoperazine,0.705571808,ALO1_HYR1(5-FC);ALO1_HYR1(noDrug);ALO1_UIP4(5-FC);ALO1_UIP4(Metformin);ALO1_UIP4(Trifluoperazine);ALO1_UIP4(noDrug);DHH1_LSM3(5-FC);ERG11_ACF2(5-FC);ERG11_ACF2(Metformin);ERG11_ACF2(Trifluoperazine);ERG11_ACF2(noDrug);ERG11_ERG5(Trifluoperazine);ERG11_HYR1(Trifluoperazine);ERG11_HYR1(noDrug);ERG11_MID2(5-FC);ERG11_MID2(Trifluoperazine);ERG11_ORM2(Trifluoperazine);ERG11_ORM2(noDrug);ERG11_PIS1(5-FC);ERG11_PIS1(Trifluoperazine);ERG11_PIS1(noDrug);ERG11_TPO4(5-FC);ERG11_TPO4(Trifluoperazine);ERG11_TPO4(noDrug);ERV25_ERG5(5-FC);ERV25_ERG5(Metformin);ERV25_ORM2(5-FC);ERV25_ORM2(Metformin);ERV25_ORM2(Trifluoperazine);ERV25_ORM2(noDrug);FMP45_HNM1(5-FC);FMP45_HNM1(Metformin);FMP45_MEP1(5-FC);FMP45_MID2(5-FC);FMP45_MID2(Metformin);FMP45_MID2(Trifluoperazine);HNM1_ERG11(5-FC);HNM1_ERG11(Metformin);HNM1_ERG11(Trifluoperazine);HNM1_ERG11(noDrug);HNM1_MID2(5-FC);HNM1_MID2(Trifluoperazine);HNM1_MID2(noDrug);HUG1_PGM2(Metformin);HUG1_PGM2(Trifluoperazine);MID2_MAM33(Trifluoperazine);MID2_MAM33(noDrug);MID2_PIN2(5-FC);MID2_PIN2(Metformin);MID2_RSN1(5-FC);MID2_RSN1(Metformin);MID2_TPO2(5-FC);MID2_TPO2(Metformin);MID2_TPO2(Trifluoperazine);MID2_TPO4(Metformin);PLM2_HNM1(Trifluoperazine);PMC1_CTR2(5-FC);PMC1_CTR2(Metformin);PMC1_CTR2(Trifluoperazine);PMC1_GTR2(5-FC);PMC1_GTR2(Metformin);PMC1_GTR2(Trifluoperazine);PMC1_GTR2(noDrug);SNA4_GTR2(5-FC);SRO9_DHH1(5-FC);SRO9_DHH1(Trifluoperazine);SRO9_GIS2(Trifluoperazine);SRO9_SGN1(5-FC);SRO9_SGN1(Trifluoperazine);SRO9_SGN1(noDrug);SSH1_ERG11(5-FC);SSH1_ERG11(Metformin);SSH1_ERG11(Trifluoperazine);SSH1_ERG11(noDrug);SSH1_ERV25(5-FC);SSH1_ERV25(Metformin);SSH1_ERV25(Trifluoperazine);SSH1_ERV25(noDrug);SSH1_ORM2(5-FC);SSH1_ORM2(Metformin);SSH1_ORM2(Trifluoperazine);SSH1_ORM2(noDrug);SSH1_PIS1(Trifluoperazine);TPO1_TPO2(5-FC),,AIM2;GOR1;FAA1;GPH1,pQTL_only
chr15:448815,SRO9_SGN1,noDrug,0.847472346,ALO1_HYR1(5-FC);ALO1_HYR1(noDrug);ALO1_UIP4(5-FC);ALO1_UIP4(Metformin);ALO1_UIP4(Trifluoperazine);ALO1_UIP4(noDrug);DHH1_LSM3(5-FC);ERG11_ACF2(5-FC);ERG11_ACF2(Metformin);ERG11_ACF2(Trifluoperazine);ERG11_ACF2(noDrug);ERG11_ERG5(Trifluoperazine);ERG11_HYR1(Trifluoperazine);ERG11_HYR1(noDrug);ERG11_MID2(5-FC);ERG11_MID2(Trifluoperazine);ERG11_ORM2(Trifluoperazine);ERG11_ORM2(noDrug);ERG11_PIS1(5-FC);ERG11_PIS1(Trifluoperazine);ERG11_PIS1(noDrug);ERG11_TPO4(5-FC);ERG11_TPO4(Trifluoperazine);ERG11_TPO4(noDrug);ERV25_ERG5(5-FC);ERV25_ERG5(Metformin);ERV25_ORM2(5-FC);ERV25_ORM2(Metformin);ERV25_ORM2(Trifluoperazine);ERV25_ORM2(noDrug);FMP45_HNM1(5-FC);FMP45_HNM1(Metformin);FMP45_MEP1(5-FC);FMP45_MID2(5-FC);FMP45_MID2(Metformin);FMP45_MID2(Trifluoperazine);HNM1_ERG11(5-FC);HNM1_ERG11(Metformin);HNM1_ERG11(Trifluoperazine);HNM1_ERG11(noDrug);HNM1_MID2(5-FC);HNM1_MID2(Trifluoperazine);HNM1_MID2(noDrug);HUG1_PGM2(Metformin);HUG1_PGM2(Trifluoperazine);MID2_MAM33(Trifluoperazine);MID2_MAM33(noDrug);MID2_PIN2(5-FC);MID2_PIN2(Metformin);MID2_RSN1(5-FC);MID2_RSN1(Metformin);MID2_TPO2(5-FC);MID2_TPO2(Metformin);MID2_TPO2(Trifluoperazine);MID2_TPO4(Metformin);PLM2_HNM1(Trifluoperazine);PMC1_CTR2(5-FC);PMC1_CTR2(Metformin);PMC1_CTR2(Trifluoperazine);PMC1_GTR2(5-FC);PMC1_GTR2(Metformin);PMC1_GTR2(Trifluoperazine);PMC1_GTR2(noDrug);SNA4_GTR2(5-FC);SRO9_DHH1(5-FC);SRO9_DHH1(Trifluoperazine);SRO9_GIS2(Trifluoperazine);SRO9_SGN1(5-FC);SRO9_SGN1(Trifluoperazine);SRO9_SGN1(noDrug);SSH1_ERG11(5-FC);SSH1_ERG11(Metformin);SSH1_ERG11(Trifluoperazine);SSH1_ERG11(noDrug);SSH1_ERV25(5-FC);SSH1_ERV25(Metformin);SSH1_ERV25(Trifluoperazine);SSH1_ERV25(noDrug);SSH1_ORM2(5-FC);SSH1_ORM2(Metformin);SSH1_ORM2(Trifluoperazine);SSH1_ORM2(noDrug);SSH1_PIS1(Trifluoperazine);TPO1_TPO2(5-FC),,AIM2;GOR1;FAA1;GPH1,pQTL_only
chr15:448815,SSH1_ERG11,5-FC,0.895494942,ALO1_HYR1(5-FC);ALO1_HYR1(noDrug);ALO1_UIP4(5-FC);ALO1_UIP4(Metformin);ALO1_UIP4(Trifluoperazine);ALO1_UIP4(noDrug);DHH1_LSM3(5-FC);ERG11_ACF2(5-FC);ERG11_ACF2(Metformin);ERG11_ACF2(Trifluoperazine);ERG11_ACF2(noDrug);ERG11_ERG5(Trifluoperazine);ERG11_HYR1(Trifluoperazine);ERG11_HYR1(noDrug);ERG11_MID2(5-FC);ERG11_MID2(Trifluoperazine);ERG11_ORM2(Trifluoperazine);ERG11_ORM2(noDrug);ERG11_PIS1(5-FC);ERG11_PIS1(Trifluoperazine);ERG11_PIS1(noDrug);ERG11_TPO4(5-FC);ERG11_TPO4(Trifluoperazine);ERG11_TPO4(noDrug);ERV25_ERG5(5-FC);ERV25_ERG5(Metformin);ERV25_ORM2(5-FC);ERV25_ORM2(Metformin);ERV25_ORM2(Trifluoperazine);ERV25_ORM2(noDrug);FMP45_HNM1(5-FC);FMP45_HNM1(Metformin);FMP45_MEP1(5-FC);FMP45_MID2(5-FC);FMP45_MID2(Metformin);FMP45_MID2(Trifluoperazine);HNM1_ERG11(5-FC);HNM1_ERG11(Metformin);HNM1_ERG11(Trifluoperazine);HNM1_ERG11(noDrug);HNM1_MID2(5-FC);HNM1_MID2(Trifluoperazine);HNM1_MID2(noDrug);HUG1_PGM2(Metformin);HUG1_PGM2(Trifluoperazine);MID2_MAM33(Trifluoperazine);MID2_MAM33(noDrug);MID2_PIN2(5-FC);MID2_PIN2(Metformin);MID2_RSN1(5-FC);MID2_RSN1(Metformin);MID2_TPO2(5-FC);MID2_TPO2(Metformin);MID2_TPO2(Trifluoperazine);MID2_TPO4(Metformin);PLM2_HNM1(Trifluoperazine);PMC1_CTR2(5-FC);PMC1_CTR2(Metformin);PMC1_CTR2(Trifluoperazine);PMC1_GTR2(5-FC);PMC1_GTR2(Metformin);PMC1_GTR2(Trifluoperazine);PMC1_GTR2(noDrug);SNA4_GTR2(5-FC);SRO9_DHH1(5-FC);SRO9_DHH1(Trifluoperazine);SRO9_GIS2(Trifluoperazine);SRO9_SGN1(5-FC);SRO9_SGN1(Trifluoperazine);SRO9_SGN1(noDrug);SSH1_ERG11(5-FC);SSH1_ERG11(Metformin);SSH1_ERG11(Trifluoperazine);SSH1_ERG11(noDrug);SSH1_ERV25(5-FC);SSH1_ERV25(Metformin);SSH1_ERV25(Trifluoperazine);SSH1_ERV25(noDrug);SSH1_ORM2(5-FC);SSH1_ORM2(Metformin);SSH1_ORM2(Trifluoperazine);SSH1_ORM2(noDrug);SSH1_PIS1(Trifluoperazine);TPO1_TPO2(5-FC),,AIM2;GOR1;FAA1;GPH1,pQTL_only
chr15:448815,SSH1_ERG11,Metformin,0.722698127,ALO1_HYR1(5-FC);ALO1_HYR1(noDrug);ALO1_UIP4(5-FC);ALO1_UIP4(Metformin);ALO1_UIP4(Trifluoperazine);ALO1_UIP4(noDrug);DHH1_LSM3(5-FC);ERG11_ACF2(5-FC);ERG11_ACF2(Metformin);ERG11_ACF2(Trifluoperazine);ERG11_ACF2(noDrug);ERG11_ERG5(Trifluoperazine);ERG11_HYR1(Trifluoperazine);ERG11_HYR1(noDrug);ERG11_MID2(5-FC);ERG11_MID2(Trifluoperazine);ERG11_ORM2(Trifluoperazine);ERG11_ORM2(noDrug);ERG11_PIS1(5-FC);ERG11_PIS1(Trifluoperazine);ERG11_PIS1(noDrug);ERG11_TPO4(5-FC);ERG11_TPO4(Trifluoperazine);ERG11_TPO4(noDrug);ERV25_ERG5(5-FC);ERV25_ERG5(Metformin);ERV25_ORM2(5-FC);ERV25_ORM2(Metformin);ERV25_ORM2(Trifluoperazine);ERV25_ORM2(noDrug);FMP45_HNM1(5-FC);FMP45_HNM1(Metformin);FMP45_MEP1(5-FC);FMP45_MID2(5-FC);FMP45_MID2(Metformin);FMP45_MID2(Trifluoperazine);HNM1_ERG11(5-FC);HNM1_ERG11(Metformin);HNM1_ERG11(Trifluoperazine);HNM1_ERG11(noDrug);HNM1_MID2(5-FC);HNM1_MID2(Trifluoperazine);HNM1_MID2(noDrug);HUG1_PGM2(Metformin);HUG1_PGM2(Trifluoperazine);MID2_MAM33(Trifluoperazine);MID2_MAM33(noDrug);MID2_PIN2(5-FC);MID2_PIN2(Metformin);MID2_RSN1(5-FC);MID2_RSN1(Metformin);MID2_TPO2(5-FC);MID2_TPO2(Metformin);MID2_TPO2(Trifluoperazine);MID2_TPO4(Metformin);PLM2_HNM1(Trifluoperazine);PMC1_CTR2(5-FC);PMC1_CTR2(Metformin);PMC1_CTR2(Trifluoperazine);PMC1_GTR2(5-FC);PMC1_GTR2(Metformin);PMC1_GTR2(Trifluoperazine);PMC1_GTR2(noDrug);SNA4_GTR2(5-FC);SRO9_DHH1(5-FC);SRO9_DHH1(Trifluoperazine);SRO9_GIS2(Trifluoperazine);SRO9_SGN1(5-FC);SRO9_SGN1(Trifluoperazine);SRO9_SGN1(noDrug);SSH1_ERG11(5-FC);SSH1_ERG11(Metformin);SSH1_ERG11(Trifluoperazine);SSH1_ERG11(noDrug);SSH1_ERV25(5-FC);SSH1_ERV25(Metformin);SSH1_ERV25(Trifluoperazine);SSH1_ERV25(noDrug);SSH1_ORM2(5-FC);SSH1_ORM2(Metformin);SSH1_ORM2(Trifluoperazine);SSH1_ORM2(noDrug);SSH1_PIS1(Trifluoperazine);TPO1_TPO2(5-FC),,AIM2;GOR1;FAA1;GPH1,pQTL_only
chr15:448815,SSH1_ERG11,Trifluoperazine,0.974229933,ALO1_HYR1(5-FC);ALO1_HYR1(noDrug);ALO1_UIP4(5-FC);ALO1_UIP4(Metformin);ALO1_UIP4(Trifluoperazine);ALO1_UIP4(noDrug);DHH1_LSM3(5-FC);ERG11_ACF2(5-FC);ERG11_ACF2(Metformin);ERG11_ACF2(Trifluoperazine);ERG11_ACF2(noDrug);ERG11_ERG5(Trifluoperazine);ERG11_HYR1(Trifluoperazine);ERG11_HYR1(noDrug);ERG11_MID2(5-FC);ERG11_MID2(Trifluoperazine);ERG11_ORM2(Trifluoperazine);ERG11_ORM2(noDrug);ERG11_PIS1(5-FC);ERG11_PIS1(Trifluoperazine);ERG11_PIS1(noDrug);ERG11_TPO4(5-FC);ERG11_TPO4(Trifluoperazine);ERG11_TPO4(noDrug);ERV25_ERG5(5-FC);ERV25_ERG5(Metformin);ERV25_ORM2(5-FC);ERV25_ORM2(Metformin);ERV25_ORM2(Trifluoperazine);ERV25_ORM2(noDrug);FMP45_HNM1(5-FC);FMP45_HNM1(Metformin);FMP45_MEP1(5-FC);FMP45_MID2(5-FC);FMP45_MID2(Metformin);FMP45_MID2(Trifluoperazine);HNM1_ERG11(5-FC);HNM1_ERG11(Metformin);HNM1_ERG11(Trifluoperazine);HNM1_ERG11(noDrug);HNM1_MID2(5-FC);HNM1_MID2(Trifluoperazine);HNM1_MID2(noDrug);HUG1_PGM2(Metformin);HUG1_PGM2(Trifluoperazine);MID2_MAM33(Trifluoperazine);MID2_MAM33(noDrug);MID2_PIN2(5-FC);MID2_PIN2(Metformin);MID2_RSN1(5-FC);MID2_RSN1(Metformin);MID2_TPO2(5-FC);MID2_TPO2(Metformin);MID2_TPO2(Trifluoperazine);MID2_TPO4(Metformin);PLM2_HNM1(Trifluoperazine);PMC1_CTR2(5-FC);PMC1_CTR2(Metformin);PMC1_CTR2(Trifluoperazine);PMC1_GTR2(5-FC);PMC1_GTR2(Metformin);PMC1_GTR2(Trifluoperazine);PMC1_GTR2(noDrug);SNA4_GTR2(5-FC);SRO9_DHH1(5-FC);SRO9_DHH1(Trifluoperazine);SRO9_GIS2(Trifluoperazine);SRO9_SGN1(5-FC);SRO9_SGN1(Trifluoperazine);SRO9_SGN1(noDrug);SSH1_ERG11(5-FC);SSH1_ERG11(Metformin);SSH1_ERG11(Trifluoperazine);SSH1_ERG11(noDrug);SSH1_ERV25(5-FC);SSH1_ERV25(Metformin);SSH1_ERV25(Trifluoperazine);SSH1_ERV25(noDrug);SSH1_ORM2(5-FC);SSH1_ORM2(Metformin);SSH1_ORM2(Trifluoperazine);SSH1_ORM2(noDrug);SSH1_PIS1(Trifluoperazine);TPO1_TPO2(5-FC),,AIM2;GOR1;FAA1;GPH1,pQTL_only
chr15:448815,SSH1_ERG11,noDrug,1.145872433,ALO1_HYR1(5-FC);ALO1_HYR1(noDrug);ALO1_UIP4(5-FC);ALO1_UIP4(Metformin);ALO1_UIP4(Trifluoperazine);ALO1_UIP4(noDrug);DHH1_LSM3(5-FC);ERG11_ACF2(5-FC);ERG11_ACF2(Metformin);ERG11_ACF2(Trifluoperazine);ERG11_ACF2(noDrug);ERG11_ERG5(Trifluoperazine);ERG11_HYR1(Trifluoperazine);ERG11_HYR1(noDrug);ERG11_MID2(5-FC);ERG11_MID2(Trifluoperazine);ERG11_ORM2(Trifluoperazine);ERG11_ORM2(noDrug);ERG11_PIS1(5-FC);ERG11_PIS1(Trifluoperazine);ERG11_PIS1(noDrug);ERG11_TPO4(5-FC);ERG11_TPO4(Trifluoperazine);ERG11_TPO4(noDrug);ERV25_ERG5(5-FC);ERV25_ERG5(Metformin);ERV25_ORM2(5-FC);ERV25_ORM2(Metformin);ERV25_ORM2(Trifluoperazine);ERV25_ORM2(noDrug);FMP45_HNM1(5-FC);FMP45_HNM1(Metformin);FMP45_MEP1(5-FC);FMP45_MID2(5-FC);FMP45_MID2(Metformin);FMP45_MID2(Trifluoperazine);HNM1_ERG11(5-FC);HNM1_ERG11(Metformin);HNM1_ERG11(Trifluoperazine);HNM1_ERG11(noDrug);HNM1_MID2(5-FC);HNM1_MID2(Trifluoperazine);HNM1_MID2(noDrug);HUG1_PGM2(Metformin);HUG1_PGM2(Trifluoperazine);MID2_MAM33(Trifluoperazine);MID2_MAM33(noDrug);MID2_PIN2(5-FC);MID2_PIN2(Metformin);MID2_RSN1(5-FC);MID2_RSN1(Metformin);MID2_TPO2(5-FC);MID2_TPO2(Metformin);MID2_TPO2(Trifluoperazine);MID2_TPO4(Metformin);PLM2_HNM1(Trifluoperazine);PMC1_CTR2(5-FC);PMC1_CTR2(Metformin);PMC1_CTR2(Trifluoperazine);PMC1_GTR2(5-FC);PMC1_GTR2(Metformin);PMC1_GTR2(Trifluoperazine);PMC1_GTR2(noDrug);SNA4_GTR2(5-FC);SRO9_DHH1(5-FC);SRO9_DHH1(Trifluoperazine);SRO9_GIS2(Trifluoperazine);SRO9_SGN1(5-FC);SRO9_SGN1(Trifluoperazine);SRO9_SGN1(noDrug);SSH1_ERG11(5-FC);SSH1_ERG11(Metformin);SSH1_ERG11(Trifluoperazine);SSH1_ERG11(noDrug);SSH1_ERV25(5-FC);SSH1_ERV25(Metformin);SSH1_ERV25(Trifluoperazine);SSH1_ERV25(noDrug);SSH1_ORM2(5-FC);SSH1_ORM2(Metformin);SSH1_ORM2(Trifluoperazine);SSH1_ORM2(noDrug);SSH1_PIS1(Trifluoperazine);TPO1_TPO2(5-FC),,AIM2;GOR1;FAA1;GPH1,pQTL_only
chr15:448815,SSH1_ERV25,5-FC,1.111364002,ALO1_HYR1(5-FC);ALO1_HYR1(noDrug);ALO1_UIP4(5-FC);ALO1_UIP4(Metformin);ALO1_UIP4(Trifluoperazine);ALO1_UIP4(noDrug);DHH1_LSM3(5-FC);ERG11_ACF2(5-FC);ERG11_ACF2(Metformin);ERG11_ACF2(Trifluoperazine);ERG11_ACF2(noDrug);ERG11_ERG5(Trifluoperazine);ERG11_HYR1(Trifluoperazine);ERG11_HYR1(noDrug);ERG11_MID2(5-FC);ERG11_MID2(Trifluoperazine);ERG11_ORM2(Trifluoperazine);ERG11_ORM2(noDrug);ERG11_PIS1(5-FC);ERG11_PIS1(Trifluoperazine);ERG11_PIS1(noDrug);ERG11_TPO4(5-FC);ERG11_TPO4(Trifluoperazine);ERG11_TPO4(noDrug);ERV25_ERG5(5-FC);ERV25_ERG5(Metformin);ERV25_ORM2(5-FC);ERV25_ORM2(Metformin);ERV25_ORM2(Trifluoperazine);ERV25_ORM2(noDrug);FMP45_HNM1(5-FC);FMP45_HNM1(Metformin);FMP45_MEP1(5-FC);FMP45_MID2(5-FC);FMP45_MID2(Metformin);FMP45_MID2(Trifluoperazine);HNM1_ERG11(5-FC);HNM1_ERG11(Metformin);HNM1_ERG11(Trifluoperazine);HNM1_ERG11(noDrug);HNM1_MID2(5-FC);HNM1_MID2(Trifluoperazine);HNM1_MID2(noDrug);HUG1_PGM2(Metformin);HUG1_PGM2(Trifluoperazine);MID2_MAM33(Trifluoperazine);MID2_MAM33(noDrug);MID2_PIN2(5-FC);MID2_PIN2(Metformin);MID2_RSN1(5-FC);MID2_RSN1(Metformin);MID2_TPO2(5-FC);MID2_TPO2(Metformin);MID2_TPO2(Trifluoperazine);MID2_TPO4(Metformin);PLM2_HNM1(Trifluoperazine);PMC1_CTR2(5-FC);PMC1_CTR2(Metformin);PMC1_CTR2(Trifluoperazine);PMC1_GTR2(5-FC);PMC1_GTR2(Metformin);PMC1_GTR2(Trifluoperazine);PMC1_GTR2(noDrug);SNA4_GTR2(5-FC);SRO9_DHH1(5-FC);SRO9_DHH1(Trifluoperazine);SRO9_GIS2(Trifluoperazine);SRO9_SGN1(5-FC);SRO9_SGN1(Trifluoperazine);SRO9_SGN1(noDrug);SSH1_ERG11(5-FC);SSH1_ERG11(Metformin);SSH1_ERG11(Trifluoperazine);SSH1_ERG11(noDrug);SSH1_ERV25(5-FC);SSH1_ERV25(Metformin);SSH1_ERV25(Trifluoperazine);SSH1_ERV25(noDrug);SSH1_ORM2(5-FC);SSH1_ORM2(Metformin);SSH1_ORM2(Trifluoperazine);SSH1_ORM2(noDrug);SSH1_PIS1(Trifluoperazine);TPO1_TPO2(5-FC),,AIM2;GOR1;FAA1;GPH1,pQTL_only
chr15:448815,SSH1_ERV25,Metformin,0.730757673,ALO1_HYR1(5-FC);ALO1_HYR1(noDrug);ALO1_UIP4(5-FC);ALO1_UIP4(Metformin);ALO1_UIP4(Trifluoperazine);ALO1_UIP4(noDrug);DHH1_LSM3(5-FC);ERG11_ACF2(5-FC);ERG11_ACF2(Metformin);ERG11_ACF2(Trifluoperazine);ERG11_ACF2(noDrug);ERG11_ERG5(Trifluoperazine);ERG11_HYR1(Trifluoperazine);ERG11_HYR1(noDrug);ERG11_MID2(5-FC);ERG11_MID2(Trifluoperazine);ERG11_ORM2(Trifluoperazine);ERG11_ORM2(noDrug);ERG11_PIS1(5-FC);ERG11_PIS1(Trifluoperazine);ERG11_PIS1(noDrug);ERG11_TPO4(5-FC);ERG11_TPO4(Trifluoperazine);ERG11_TPO4(noDrug);ERV25_ERG5(5-FC);ERV25_ERG5(Metformin);ERV25_ORM2(5-FC);ERV25_ORM2(Metformin);ERV25_ORM2(Trifluoperazine);ERV25_ORM2(noDrug);FMP45_HNM1(5-FC);FMP45_HNM1(Metformin);FMP45_MEP1(5-FC);FMP45_MID2(5-FC);FMP45_MID2(Metformin);FMP45_MID2(Trifluoperazine);HNM1_ERG11(5-FC);HNM1_ERG11(Metformin);HNM1_ERG11(Trifluoperazine);HNM1_ERG11(noDrug);HNM1_MID2(5-FC);HNM1_MID2(Trifluoperazine);HNM1_MID2(noDrug);HUG1_PGM2(Metformin);HUG1_PGM2(Trifluoperazine);MID2_MAM33(Trifluoperazine);MID2_MAM33(noDrug);MID2_PIN2(5-FC);MID2_PIN2(Metformin);MID2_RSN1(5-FC);MID2_RSN1(Metformin);MID2_TPO2(5-FC);MID2_TPO2(Metformin);MID2_TPO2(Trifluoperazine);MID2_TPO4(Metformin);PLM2_HNM1(Trifluoperazine);PMC1_CTR2(5-FC);PMC1_CTR2(Metformin);PMC1_CTR2(Trifluoperazine);PMC1_GTR2(5-FC);PMC1_GTR2(Metformin);PMC1_GTR2(Trifluoperazine);PMC1_GTR2(noDrug);SNA4_GTR2(5-FC);SRO9_DHH1(5-FC);SRO9_DHH1(Trifluoperazine);SRO9_GIS2(Trifluoperazine);SRO9_SGN1(5-FC);SRO9_SGN1(Trifluoperazine);SRO9_SGN1(noDrug);SSH1_ERG11(5-FC);SSH1_ERG11(Metformin);SSH1_ERG11(Trifluoperazine);SSH1_ERG11(noDrug);SSH1_ERV25(5-FC);SSH1_ERV25(Metformin);SSH1_ERV25(Trifluoperazine);SSH1_ERV25(noDrug);SSH1_ORM2(5-FC);SSH1_ORM2(Metformin);SSH1_ORM2(Trifluoperazine);SSH1_ORM2(noDrug);SSH1_PIS1(Trifluoperazine);TPO1_TPO2(5-FC),,AIM2;GOR1;FAA1;GPH1,pQTL_only
chr15:448815,SSH1_ERV25,Trifluoperazine,1.148405912,ALO1_HYR1(5-FC);ALO1_HYR1(noDrug);ALO1_UIP4(5-FC);ALO1_UIP4(Metformin);ALO1_UIP4(Trifluoperazine);ALO1_UIP4(noDrug);DHH1_LSM3(5-FC);ERG11_ACF2(5-FC);ERG11_ACF2(Metformin);ERG11_ACF2(Trifluoperazine);ERG11_ACF2(noDrug);ERG11_ERG5(Trifluoperazine);ERG11_HYR1(Trifluoperazine);ERG11_HYR1(noDrug);ERG11_MID2(5-FC);ERG11_MID2(Trifluoperazine);ERG11_ORM2(Trifluoperazine);ERG11_ORM2(noDrug);ERG11_PIS1(5-FC);ERG11_PIS1(Trifluoperazine);ERG11_PIS1(noDrug);ERG11_TPO4(5-FC);ERG11_TPO4(Trifluoperazine);ERG11_TPO4(noDrug);ERV25_ERG5(5-FC);ERV25_ERG5(Metformin);ERV25_ORM2(5-FC);ERV25_ORM2(Metformin);ERV25_ORM2(Trifluoperazine);ERV25_ORM2(noDrug);FMP45_HNM1(5-FC);FMP45_HNM1(Metformin);FMP45_MEP1(5-FC);FMP45_MID2(5-FC);FMP45_MID2(Metformin);FMP45_MID2(Trifluoperazine);HNM1_ERG11(5-FC);HNM1_ERG11(Metformin);HNM1_ERG11(Trifluoperazine);HNM1_ERG11(noDrug);HNM1_MID2(5-FC);HNM1_MID2(Trifluoperazine);HNM1_MID2(noDrug);HUG1_PGM2(Metformin);HUG1_PGM2(Trifluoperazine);MID2_MAM33(Trifluoperazine);MID2_MAM33(noDrug);MID2_PIN2(5-FC);MID2_PIN2(Metformin);MID2_RSN1(5-FC);MID2_RSN1(Metformin);MID2_TPO2(5-FC);MID2_TPO2(Metformin);MID2_TPO2(Trifluoperazine);MID2_TPO4(Metformin);PLM2_HNM1(Trifluoperazine);PMC1_CTR2(5-FC);PMC1_CTR2(Metformin);PMC1_CTR2(Trifluoperazine);PMC1_GTR2(5-FC);PMC1_GTR2(Metformin);PMC1_GTR2(Trifluoperazine);PMC1_GTR2(noDrug);SNA4_GTR2(5-FC);SRO9_DHH1(5-FC);SRO9_DHH1(Trifluoperazine);SRO9_GIS2(Trifluoperazine);SRO9_SGN1(5-FC);SRO9_SGN1(Trifluoperazine);SRO9_SGN1(noDrug);SSH1_ERG11(5-FC);SSH1_ERG11(Metformin);SSH1_ERG11(Trifluoperazine);SSH1_ERG11(noDrug);SSH1_ERV25(5-FC);SSH1_ERV25(Metformin);SSH1_ERV25(Trifluoperazine);SSH1_ERV25(noDrug);SSH1_ORM2(5-FC);SSH1_ORM2(Metformin);SSH1_ORM2(Trifluoperazine);SSH1_ORM2(noDrug);SSH1_PIS1(Trifluoperazine);TPO1_TPO2(5-FC),,AIM2;GOR1;FAA1;GPH1,pQTL_only
chr15:448815,SSH1_ERV25,noDrug,1.125149249,ALO1_HYR1(5-FC);ALO1_HYR1(noDrug);ALO1_UIP4(5-FC);ALO1_UIP4(Metformin);ALO1_UIP4(Trifluoperazine);ALO1_UIP4(noDrug);DHH1_LSM3(5-FC);ERG11_ACF2(5-FC);ERG11_ACF2(Metformin);ERG11_ACF2(Trifluoperazine);ERG11_ACF2(noDrug);ERG11_ERG5(Trifluoperazine);ERG11_HYR1(Trifluoperazine);ERG11_HYR1(noDrug);ERG11_MID2(5-FC);ERG11_MID2(Trifluoperazine);ERG11_ORM2(Trifluoperazine);ERG11_ORM2(noDrug);ERG11_PIS1(5-FC);ERG11_PIS1(Trifluoperazine);ERG11_PIS1(noDrug);ERG11_TPO4(5-FC);ERG11_TPO4(Trifluoperazine);ERG11_TPO4(noDrug);ERV25_ERG5(5-FC);ERV25_ERG5(Metformin);ERV25_ORM2(5-FC);ERV25_ORM2(Metformin);ERV25_ORM2(Trifluoperazine);ERV25_ORM2(noDrug);FMP45_HNM1(5-FC);FMP45_HNM1(Metformin);FMP45_MEP1(5-FC);FMP45_MID2(5-FC);FMP45_MID2(Metformin);FMP45_MID2(Trifluoperazine);HNM1_ERG11(5-FC);HNM1_ERG11(Metformin);HNM1_ERG11(Trifluoperazine);HNM1_ERG11(noDrug);HNM1_MID2(5-FC);HNM1_MID2(Trifluoperazine);HNM1_MID2(noDrug);HUG1_PGM2(Metformin);HUG1_PGM2(Trifluoperazine);MID2_MAM33(Trifluoperazine);MID2_MAM33(noDrug);MID2_PIN2(5-FC);MID2_PIN2(Metformin);MID2_RSN1(5-FC);MID2_RSN1(Metformin);MID2_TPO2(5-FC);MID2_TPO2(Metformin);MID2_TPO2(Trifluoperazine);MID2_TPO4(Metformin);PLM2_HNM1(Trifluoperazine);PMC1_CTR2(5-FC);PMC1_CTR2(Metformin);PMC1_CTR2(Trifluoperazine);PMC1_GTR2(5-FC);PMC1_GTR2(Metformin);PMC1_GTR2(Trifluoperazine);PMC1_GTR2(noDrug);SNA4_GTR2(5-FC);SRO9_DHH1(5-FC);SRO9_DHH1(Trifluoperazine);SRO9_GIS2(Trifluoperazine);SRO9_SGN1(5-FC);SRO9_SGN1(Trifluoperazine);SRO9_SGN1(noDrug);SSH1_ERG11(5-FC);SSH1_ERG11(Metformin);SSH1_ERG11(Trifluoperazine);SSH1_ERG11(noDrug);SSH1_ERV25(5-FC);SSH1_ERV25(Metformin);SSH1_ERV25(Trifluoperazine);SSH1_ERV25(noDrug);SSH1_ORM2(5-FC);SSH1_ORM2(Metformin);SSH1_ORM2(Trifluoperazine);SSH1_ORM2(noDrug);SSH1_PIS1(Trifluoperazine);TPO1_TPO2(5-FC),,AIM2;GOR1;FAA1;GPH1,pQTL_only
chr15:448815,SSH1_ORM2,5-FC,1.184113531,ALO1_HYR1(5-FC);ALO1_HYR1(noDrug);ALO1_UIP4(5-FC);ALO1_UIP4(Metformin);ALO1_UIP4(Trifluoperazine);ALO1_UIP4(noDrug);DHH1_LSM3(5-FC);ERG11_ACF2(5-FC);ERG11_ACF2(Metformin);ERG11_ACF2(Trifluoperazine);ERG11_ACF2(noDrug);ERG11_ERG5(Trifluoperazine);ERG11_HYR1(Trifluoperazine);ERG11_HYR1(noDrug);ERG11_MID2(5-FC);ERG11_MID2(Trifluoperazine);ERG11_ORM2(Trifluoperazine);ERG11_ORM2(noDrug);ERG11_PIS1(5-FC);ERG11_PIS1(Trifluoperazine);ERG11_PIS1(noDrug);ERG11_TPO4(5-FC);ERG11_TPO4(Trifluoperazine);ERG11_TPO4(noDrug);ERV25_ERG5(5-FC);ERV25_ERG5(Metformin);ERV25_ORM2(5-FC);ERV25_ORM2(Metformin);ERV25_ORM2(Trifluoperazine);ERV25_ORM2(noDrug);FMP45_HNM1(5-FC);FMP45_HNM1(Metformin);FMP45_MEP1(5-FC);FMP45_MID2(5-FC);FMP45_MID2(Metformin);FMP45_MID2(Trifluoperazine);HNM1_ERG11(5-FC);HNM1_ERG11(Metformin);HNM1_ERG11(Trifluoperazine);HNM1_ERG11(noDrug);HNM1_MID2(5-FC);HNM1_MID2(Trifluoperazine);HNM1_MID2(noDrug);HUG1_PGM2(Metformin);HUG1_PGM2(Trifluoperazine);MID2_MAM33(Trifluoperazine);MID2_MAM33(noDrug);MID2_PIN2(5-FC);MID2_PIN2(Metformin);MID2_RSN1(5-FC);MID2_RSN1(Metformin);MID2_TPO2(5-FC);MID2_TPO2(Metformin);MID2_TPO2(Trifluoperazine);MID2_TPO4(Metformin);PLM2_HNM1(Trifluoperazine);PMC1_CTR2(5-FC);PMC1_CTR2(Metformin);PMC1_CTR2(Trifluoperazine);PMC1_GTR2(5-FC);PMC1_GTR2(Metformin);PMC1_GTR2(Trifluoperazine);PMC1_GTR2(noDrug);SNA4_GTR2(5-FC);SRO9_DHH1(5-FC);SRO9_DHH1(Trifluoperazine);SRO9_GIS2(Trifluoperazine);SRO9_SGN1(5-FC);SRO9_SGN1(Trifluoperazine);SRO9_SGN1(noDrug);SSH1_ERG11(5-FC);SSH1_ERG11(Metformin);SSH1_ERG11(Trifluoperazine);SSH1_ERG11(noDrug);SSH1_ERV25(5-FC);SSH1_ERV25(Metformin);SSH1_ERV25(Trifluoperazine);SSH1_ERV25(noDrug);SSH1_ORM2(5-FC);SSH1_ORM2(Metformin);SSH1_ORM2(Trifluoperazine);SSH1_ORM2(noDrug);SSH1_PIS1(Trifluoperazine);TPO1_TPO2(5-FC),,AIM2;GOR1;FAA1;GPH1,pQTL_only
chr15:448815,SSH1_ORM2,Metformin,0.89884267,ALO1_HYR1(5-FC);ALO1_HYR1(noDrug);ALO1_UIP4(5-FC);ALO1_UIP4(Metformin);ALO1_UIP4(Trifluoperazine);ALO1_UIP4(noDrug);DHH1_LSM3(5-FC);ERG11_ACF2(5-FC);ERG11_ACF2(Metformin);ERG11_ACF2(Trifluoperazine);ERG11_ACF2(noDrug);ERG11_ERG5(Trifluoperazine);ERG11_HYR1(Trifluoperazine);ERG11_HYR1(noDrug);ERG11_MID2(5-FC);ERG11_MID2(Trifluoperazine);ERG11_ORM2(Trifluoperazine);ERG11_ORM2(noDrug);ERG11_PIS1(5-FC);ERG11_PIS1(Trifluoperazine);ERG11_PIS1(noDrug);ERG11_TPO4(5-FC);ERG11_TPO4(Trifluoperazine);ERG11_TPO4(noDrug);ERV25_ERG5(5-FC);ERV25_ERG5(Metformin);ERV25_ORM2(5-FC);ERV25_ORM2(Metformin);ERV25_ORM2(Trifluoperazine);ERV25_ORM2(noDrug);FMP45_HNM1(5-FC);FMP45_HNM1(Metformin);FMP45_MEP1(5-FC);FMP45_MID2(5-FC);FMP45_MID2(Metformin);FMP45_MID2(Trifluoperazine);HNM1_ERG11(5-FC);HNM1_ERG11(Metformin);HNM1_ERG11(Trifluoperazine);HNM1_ERG11(noDrug);HNM1_MID2(5-FC);HNM1_MID2(Trifluoperazine);HNM1_MID2(noDrug);HUG1_PGM2(Metformin);HUG1_PGM2(Trifluoperazine);MID2_MAM33(Trifluoperazine);MID2_MAM33(noDrug);MID2_PIN2(5-FC);MID2_PIN2(Metformin);MID2_RSN1(5-FC);MID2_RSN1(Metformin);MID2_TPO2(5-FC);MID2_TPO2(Metformin);MID2_TPO2(Trifluoperazine);MID2_TPO4(Metformin);PLM2_HNM1(Trifluoperazine);PMC1_CTR2(5-FC);PMC1_CTR2(Metformin);PMC1_CTR2(Trifluoperazine);PMC1_GTR2(5-FC);PMC1_GTR2(Metformin);PMC1_GTR2(Trifluoperazine);PMC1_GTR2(noDrug);SNA4_GTR2(5-FC);SRO9_DHH1(5-FC);SRO9_DHH1(Trifluoperazine);SRO9_GIS2(Trifluoperazine);SRO9_SGN1(5-FC);SRO9_SGN1(Trifluoperazine);SRO9_SGN1(noDrug);SSH1_ERG11(5-FC);SSH1_ERG11(Metformin);SSH1_ERG11(Trifluoperazine);SSH1_ERG11(noDrug);SSH1_ERV25(5-FC);SSH1_ERV25(Metformin);SSH1_ERV25(Trifluoperazine);SSH1_ERV25(noDrug);SSH1_ORM2(5-FC);SSH1_ORM2(Metformin);SSH1_ORM2(Trifluoperazine);SSH1_ORM2(noDrug);SSH1_PIS1(Trifluoperazine);TPO1_TPO2(5-FC),,AIM2;GOR1;FAA1;GPH1,pQTL_only
chr15:448815,SSH1_ORM2,Trifluoperazine,1.139502324,ALO1_HYR1(5-FC);ALO1_HYR1(noDrug);ALO1_UIP4(5-FC);ALO1_UIP4(Metformin);ALO1_UIP4(Trifluoperazine);ALO1_UIP4(noDrug);DHH1_LSM3(5-FC);ERG11_ACF2(5-FC);ERG11_ACF2(Metformin);ERG11_ACF2(Trifluoperazine);ERG11_ACF2(noDrug);ERG11_ERG5(Trifluoperazine);ERG11_HYR1(Trifluoperazine);ERG11_HYR1(noDrug);ERG11_MID2(5-FC);ERG11_MID2(Trifluoperazine);ERG11_ORM2(Trifluoperazine);ERG11_ORM2(noDrug);ERG11_PIS1(5-FC);ERG11_PIS1(Trifluoperazine);ERG11_PIS1(noDrug);ERG11_TPO4(5-FC);ERG11_TPO4(Trifluoperazine);ERG11_TPO4(noDrug);ERV25_ERG5(5-FC);ERV25_ERG5(Metformin);ERV25_ORM2(5-FC);ERV25_ORM2(Metformin);ERV25_ORM2(Trifluoperazine);ERV25_ORM2(noDrug);FMP45_HNM1(5-FC);FMP45_HNM1(Metformin);FMP45_MEP1(5-FC);FMP45_MID2(5-FC);FMP45_MID2(Metformin);FMP45_MID2(Trifluoperazine);HNM1_ERG11(5-FC);HNM1_ERG11(Metformin);HNM1_ERG11(Trifluoperazine);HNM1_ERG11(noDrug);HNM1_MID2(5-FC);HNM1_MID2(Trifluoperazine);HNM1_MID2(noDrug);HUG1_PGM2(Metformin);HUG1_PGM2(Trifluoperazine);MID2_MAM33(Trifluoperazine);MID2_MAM33(noDrug);MID2_PIN2(5-FC);MID2_PIN2(Metformin);MID2_RSN1(5-FC);MID2_RSN1(Metformin);MID2_TPO2(5-FC);MID2_TPO2(Metformin);MID2_TPO2(Trifluoperazine);MID2_TPO4(Metformin);PLM2_HNM1(Trifluoperazine);PMC1_CTR2(5-FC);PMC1_CTR2(Metformin);PMC1_CTR2(Trifluoperazine);PMC1_GTR2(5-FC);PMC1_GTR2(Metformin);PMC1_GTR2(Trifluoperazine);PMC1_GTR2(noDrug);SNA4_GTR2(5-FC);SRO9_DHH1(5-FC);SRO9_DHH1(Trifluoperazine);SRO9_GIS2(Trifluoperazine);SRO9_SGN1(5-FC);SRO9_SGN1(Trifluoperazine);SRO9_SGN1(noDrug);SSH1_ERG11(5-FC);SSH1_ERG11(Metformin);SSH1_ERG11(Trifluoperazine);SSH1_ERG11(noDrug);SSH1_ERV25(5-FC);SSH1_ERV25(Metformin);SSH1_ERV25(Trifluoperazine);SSH1_ERV25(noDrug);SSH1_ORM2(5-FC);SSH1_ORM2(Metformin);SSH1_ORM2(Trifluoperazine);SSH1_ORM2(noDrug);SSH1_PIS1(Trifluoperazine);TPO1_TPO2(5-FC),,AIM2;GOR1;FAA1;GPH1,pQTL_only
chr15:448815,SSH1_ORM2,noDrug,1.424358323,ALO1_HYR1(5-FC);ALO1_HYR1(noDrug);ALO1_UIP4(5-FC);ALO1_UIP4(Metformin);ALO1_UIP4(Trifluoperazine);ALO1_UIP4(noDrug);DHH1_LSM3(5-FC);ERG11_ACF2(5-FC);ERG11_ACF2(Metformin);ERG11_ACF2(Trifluoperazine);ERG11_ACF2(noDrug);ERG11_ERG5(Trifluoperazine);ERG11_HYR1(Trifluoperazine);ERG11_HYR1(noDrug);ERG11_MID2(5-FC);ERG11_MID2(Trifluoperazine);ERG11_ORM2(Trifluoperazine);ERG11_ORM2(noDrug);ERG11_PIS1(5-FC);ERG11_PIS1(Trifluoperazine);ERG11_PIS1(noDrug);ERG11_TPO4(5-FC);ERG11_TPO4(Trifluoperazine);ERG11_TPO4(noDrug);ERV25_ERG5(5-FC);ERV25_ERG5(Metformin);ERV25_ORM2(5-FC);ERV25_ORM2(Metformin);ERV25_ORM2(Trifluoperazine);ERV25_ORM2(noDrug);FMP45_HNM1(5-FC);FMP45_HNM1(Metformin);FMP45_MEP1(5-FC);FMP45_MID2(5-FC);FMP45_MID2(Metformin);FMP45_MID2(Trifluoperazine);HNM1_ERG11(5-FC);HNM1_ERG11(Metformin);HNM1_ERG11(Trifluoperazine);HNM1_ERG11(noDrug);HNM1_MID2(5-FC);HNM1_MID2(Trifluoperazine);HNM1_MID2(noDrug);HUG1_PGM2(Metformin);HUG1_PGM2(Trifluoperazine);MID2_MAM33(Trifluoperazine);MID2_MAM33(noDrug);MID2_PIN2(5-FC);MID2_PIN2(Metformin);MID2_RSN1(5-FC);MID2_RSN1(Metformin);MID2_TPO2(5-FC);MID2_TPO2(Metformin);MID2_TPO2(Trifluoperazine);MID2_TPO4(Metformin);PLM2_HNM1(Trifluoperazine);PMC1_CTR2(5-FC);PMC1_CTR2(Metformin);PMC1_CTR2(Trifluoperazine);PMC1_GTR2(5-FC);PMC1_GTR2(Metformin);PMC1_GTR2(Trifluoperazine);PMC1_GTR2(noDrug);SNA4_GTR2(5-FC);SRO9_DHH1(5-FC);SRO9_DHH1(Trifluoperazine);SRO9_GIS2(Trifluoperazine);SRO9_SGN1(5-FC);SRO9_SGN1(Trifluoperazine);SRO9_SGN1(noDrug);SSH1_ERG11(5-FC);SSH1_ERG11(Metformin);SSH1_ERG11(Trifluoperazine);SSH1_ERG11(noDrug);SSH1_ERV25(5-FC);SSH1_ERV25(Metformin);SSH1_ERV25(Trifluoperazine);SSH1_ERV25(noDrug);SSH1_ORM2(5-FC);SSH1_ORM2(Metformin);SSH1_ORM2(Trifluoperazine);SSH1_ORM2(noDrug);SSH1_PIS1(Trifluoperazine);TPO1_TPO2(5-FC),,AIM2;GOR1;FAA1;GPH1,pQTL_only
chr15:448815,SSH1_PIS1,Trifluoperazine,0.925216295,ALO1_HYR1(5-FC);ALO1_HYR1(noDrug);ALO1_UIP4(5-FC);ALO1_UIP4(Metformin);ALO1_UIP4(Trifluoperazine);ALO1_UIP4(noDrug);DHH1_LSM3(5-FC);ERG11_ACF2(5-FC);ERG11_ACF2(Metformin);ERG11_ACF2(Trifluoperazine);ERG11_ACF2(noDrug);ERG11_ERG5(Trifluoperazine);ERG11_HYR1(Trifluoperazine);ERG11_HYR1(noDrug);ERG11_MID2(5-FC);ERG11_MID2(Trifluoperazine);ERG11_ORM2(Trifluoperazine);ERG11_ORM2(noDrug);ERG11_PIS1(5-FC);ERG11_PIS1(Trifluoperazine);ERG11_PIS1(noDrug);ERG11_TPO4(5-FC);ERG11_TPO4(Trifluoperazine);ERG11_TPO4(noDrug);ERV25_ERG5(5-FC);ERV25_ERG5(Metformin);ERV25_ORM2(5-FC);ERV25_ORM2(Metformin);ERV25_ORM2(Trifluoperazine);ERV25_ORM2(noDrug);FMP45_HNM1(5-FC);FMP45_HNM1(Metformin);FMP45_MEP1(5-FC);FMP45_MID2(5-FC);FMP45_MID2(Metformin);FMP45_MID2(Trifluoperazine);HNM1_ERG11(5-FC);HNM1_ERG11(Metformin);HNM1_ERG11(Trifluoperazine);HNM1_ERG11(noDrug);HNM1_MID2(5-FC);HNM1_MID2(Trifluoperazine);HNM1_MID2(noDrug);HUG1_PGM2(Metformin);HUG1_PGM2(Trifluoperazine);MID2_MAM33(Trifluoperazine);MID2_MAM33(noDrug);MID2_PIN2(5-FC);MID2_PIN2(Metformin);MID2_RSN1(5-FC);MID2_RSN1(Metformin);MID2_TPO2(5-FC);MID2_TPO2(Metformin);MID2_TPO2(Trifluoperazine);MID2_TPO4(Metformin);PLM2_HNM1(Trifluoperazine);PMC1_CTR2(5-FC);PMC1_CTR2(Metformin);PMC1_CTR2(Trifluoperazine);PMC1_GTR2(5-FC);PMC1_GTR2(Metformin);PMC1_GTR2(Trifluoperazine);PMC1_GTR2(noDrug);SNA4_GTR2(5-FC);SRO9_DHH1(5-FC);SRO9_DHH1(Trifluoperazine);SRO9_GIS2(Trifluoperazine);SRO9_SGN1(5-FC);SRO9_SGN1(Trifluoperazine);SRO9_SGN1(noDrug);SSH1_ERG11(5-FC);SSH1_ERG11(Metformin);SSH1_ERG11(Trifluoperazine);SSH1_ERG11(noDrug);SSH1_ERV25(5-FC);SSH1_ERV25(Metformin);SSH1_ERV25(Trifluoperazine);SSH1_ERV25(noDrug);SSH1_ORM2(5-FC);SSH1_ORM2(Metformin);SSH1_ORM2(Trifluoperazine);SSH1_ORM2(noDrug);SSH1_PIS1(Trifluoperazine);TPO1_TPO2(5-FC),,AIM2;GOR1;FAA1;GPH1,pQTL_only
chr15:448815,TPO1_TPO2,5-FC,0.79109295,ALO1_HYR1(5-FC);ALO1_HYR1(noDrug);ALO1_UIP4(5-FC);ALO1_UIP4(Metformin);ALO1_UIP4(Trifluoperazine);ALO1_UIP4(noDrug);DHH1_LSM3(5-FC);ERG11_ACF2(5-FC);ERG11_ACF2(Metformin);ERG11_ACF2(Trifluoperazine);ERG11_ACF2(noDrug);ERG11_ERG5(Trifluoperazine);ERG11_HYR1(Trifluoperazine);ERG11_HYR1(noDrug);ERG11_MID2(5-FC);ERG11_MID2(Trifluoperazine);ERG11_ORM2(Trifluoperazine);ERG11_ORM2(noDrug);ERG11_PIS1(5-FC);ERG11_PIS1(Trifluoperazine);ERG11_PIS1(noDrug);ERG11_TPO4(5-FC);ERG11_TPO4(Trifluoperazine);ERG11_TPO4(noDrug);ERV25_ERG5(5-FC);ERV25_ERG5(Metformin);ERV25_ORM2(5-FC);ERV25_ORM2(Metformin);ERV25_ORM2(Trifluoperazine);ERV25_ORM2(noDrug);FMP45_HNM1(5-FC);FMP45_HNM1(Metformin);FMP45_MEP1(5-FC);FMP45_MID2(5-FC);FMP45_MID2(Metformin);FMP45_MID2(Trifluoperazine);HNM1_ERG11(5-FC);HNM1_ERG11(Metformin);HNM1_ERG11(Trifluoperazine);HNM1_ERG11(noDrug);HNM1_MID2(5-FC);HNM1_MID2(Trifluoperazine);HNM1_MID2(noDrug);HUG1_PGM2(Metformin);HUG1_PGM2(Trifluoperazine);MID2_MAM33(Trifluoperazine);MID2_MAM33(noDrug);MID2_PIN2(5-FC);MID2_PIN2(Metformin);MID2_RSN1(5-FC);MID2_RSN1(Metformin);MID2_TPO2(5-FC);MID2_TPO2(Metformin);MID2_TPO2(Trifluoperazine);MID2_TPO4(Metformin);PLM2_HNM1(Trifluoperazine);PMC1_CTR2(5-FC);PMC1_CTR2(Metformin);PMC1_CTR2(Trifluoperazine);PMC1_GTR2(5-FC);PMC1_GTR2(Metformin);PMC1_GTR2(Trifluoperazine);PMC1_GTR2(noDrug);SNA4_GTR2(5-FC);SRO9_DHH1(5-FC);SRO9_DHH1(Trifluoperazine);SRO9_GIS2(Trifluoperazine);SRO9_SGN1(5-FC);SRO9_SGN1(Trifluoperazine);SRO9_SGN1(noDrug);SSH1_ERG11(5-FC);SSH1_ERG11(Metformin);SSH1_ERG11(Trifluoperazine);SSH1_ERG11(noDrug);SSH1_ERV25(5-FC);SSH1_ERV25(Metformin);SSH1_ERV25(Trifluoperazine);SSH1_ERV25(noDrug);SSH1_ORM2(5-FC);SSH1_ORM2(Metformin);SSH1_ORM2(Trifluoperazine);SSH1_ORM2(noDrug);SSH1_PIS1(Trifluoperazine);TPO1_TPO2(5-FC),,AIM2;GOR1;FAA1;GPH1,pQTL_only
chr15:462740,ERG11_ERG5,Trifluoperazine,0.929550634,ERG11_ERG5(Trifluoperazine);ERG11_MID2(5-FC);ERG11_MID2(Trifluoperazine);ERG11_ORM2(noDrug);MID2_PIN2(5-FC);MID2_PIN2(Metformin);MID2_RSN1(Metformin);SRO9_DHH1(5-FC);SSH1_ERV25(Metformin);SSH1_ORM2(5-FC);SSH1_ORM2(Metformin);SSH1_ORM2(noDrug);TPO1_TPO2(Trifluoperazine),,,piQTL_only
chr15:462740,ERG11_MID2,5-FC,1.39997688,ERG11_ERG5(Trifluoperazine);ERG11_MID2(5-FC);ERG11_MID2(Trifluoperazine);ERG11_ORM2(noDrug);MID2_PIN2(5-FC);MID2_PIN2(Metformin);MID2_RSN1(Metformin);SRO9_DHH1(5-FC);SSH1_ERV25(Metformin);SSH1_ORM2(5-FC);SSH1_ORM2(Metformin);SSH1_ORM2(noDrug);TPO1_TPO2(Trifluoperazine),,,piQTL_only
chr15:462740,ERG11_MID2,Trifluoperazine,1.641374523,ERG11_ERG5(Trifluoperazine);ERG11_MID2(5-FC);ERG11_MID2(Trifluoperazine);ERG11_ORM2(noDrug);MID2_PIN2(5-FC);MID2_PIN2(Metformin);MID2_RSN1(Metformin);SRO9_DHH1(5-FC);SSH1_ERV25(Metformin);SSH1_ORM2(5-FC);SSH1_ORM2(Metformin);SSH1_ORM2(noDrug);TPO1_TPO2(Trifluoperazine),,,piQTL_only
chr15:462740,ERG11_ORM2,noDrug,1.721923014,ERG11_ERG5(Trifluoperazine);ERG11_MID2(5-FC);ERG11_MID2(Trifluoperazine);ERG11_ORM2(noDrug);MID2_PIN2(5-FC);MID2_PIN2(Metformin);MID2_RSN1(Metformin);SRO9_DHH1(5-FC);SSH1_ERV25(Metformin);SSH1_ORM2(5-FC);SSH1_ORM2(Metformin);SSH1_ORM2(noDrug);TPO1_TPO2(Trifluoperazine),,,piQTL_only
chr15:462740,MID2_PIN2,5-FC,1.817407447,ERG11_ERG5(Trifluoperazine);ERG11_MID2(5-FC);ERG11_MID2(Trifluoperazine);ERG11_ORM2(noDrug);MID2_PIN2(5-FC);MID2_PIN2(Metformin);MID2_RSN1(Metformin);SRO9_DHH1(5-FC);SSH1_ERV25(Metformin);SSH1_ORM2(5-FC);SSH1_ORM2(Metformin);SSH1_ORM2(noDrug);TPO1_TPO2(Trifluoperazine),,,piQTL_only
chr15:462740,MID2_PIN2,Metformin,1.48969644,ERG11_ERG5(Trifluoperazine);ERG11_MID2(5-FC);ERG11_MID2(Trifluoperazine);ERG11_ORM2(noDrug);MID2_PIN2(5-FC);MID2_PIN2(Metformin);MID2_RSN1(Metformin);SRO9_DHH1(5-FC);SSH1_ERV25(Metformin);SSH1_ORM2(5-FC);SSH1_ORM2(Metformin);SSH1_ORM2(noDrug);TPO1_TPO2(Trifluoperazine),,,piQTL_only
chr15:462740,MID2_RSN1,Metformin,1.697837035,ERG11_ERG5(Trifluoperazine);ERG11_MID2(5-FC);ERG11_MID2(Trifluoperazine);ERG11_ORM2(noDrug);MID2_PIN2(5-FC);MID2_PIN2(Metformin);MID2_RSN1(Metformin);SRO9_DHH1(5-FC);SSH1_ERV25(Metformin);SSH1_ORM2(5-FC);SSH1_ORM2(Metformin);SSH1_ORM2(noDrug);TPO1_TPO2(Trifluoperazine),,,piQTL_only
chr15:462740,SRO9_DHH1,5-FC,1.73284706,ERG11_ERG5(Trifluoperazine);ERG11_MID2(5-FC);ERG11_MID2(Trifluoperazine);ERG11_ORM2(noDrug);MID2_PIN2(5-FC);MID2_PIN2(Metformin);MID2_RSN1(Metformin);SRO9_DHH1(5-FC);SSH1_ERV25(Metformin);SSH1_ORM2(5-FC);SSH1_ORM2(Metformin);SSH1_ORM2(noDrug);TPO1_TPO2(Trifluoperazine),,,piQTL_only
chr15:462740,SSH1_ERV25,Metformin,1.450028698,ERG11_ERG5(Trifluoperazine);ERG11_MID2(5-FC);ERG11_MID2(Trifluoperazine);ERG11_ORM2(noDrug);MID2_PIN2(5-FC);MID2_PIN2(Metformin);MID2_RSN1(Metformin);SRO9_DHH1(5-FC);SSH1_ERV25(Metformin);SSH1_ORM2(5-FC);SSH1_ORM2(Metformin);SSH1_ORM2(noDrug);TPO1_TPO2(Trifluoperazine),,,piQTL_only
chr15:462740,SSH1_ORM2,5-FC,1.879322036,ERG11_ERG5(Trifluoperazine);ERG11_MID2(5-FC);ERG11_MID2(Trifluoperazine);ERG11_ORM2(noDrug);MID2_PIN2(5-FC);MID2_PIN2(Metformin);MID2_RSN1(Metformin);SRO9_DHH1(5-FC);SSH1_ERV25(Metformin);SSH1_ORM2(5-FC);SSH1_ORM2(Metformin);SSH1_ORM2(noDrug);TPO1_TPO2(Trifluoperazine),,,piQTL_only
chr15:462740,SSH1_ORM2,Metformin,1.367261115,ERG11_ERG5(Trifluoperazine);ERG11_MID2(5-FC);ERG11_MID2(Trifluoperazine);ERG11_ORM2(noDrug);MID2_PIN2(5-FC);MID2_PIN2(Metformin);MID2_RSN1(Metformin);SRO9_DHH1(5-FC);SSH1_ERV25(Metformin);SSH1_ORM2(5-FC);SSH1_ORM2(Metformin);SSH1_ORM2(noDrug);TPO1_TPO2(Trifluoperazine),,,piQTL_only
chr15:462740,SSH1_ORM2,noDrug,2.16888968,ERG11_ERG5(Trifluoperazine);ERG11_MID2(5-FC);ERG11_MID2(Trifluoperazine);ERG11_ORM2(noDrug);MID2_PIN2(5-FC);MID2_PIN2(Metformin);MID2_RSN1(Metformin);SRO9_DHH1(5-FC);SSH1_ERV25(Metformin);SSH1_ORM2(5-FC);SSH1_ORM2(Metformin);SSH1_ORM2(noDrug);TPO1_TPO2(Trifluoperazine),,,piQTL_only
chr15:462740,TPO1_TPO2,Trifluoperazine,1.762203458,ERG11_ERG5(Trifluoperazine);ERG11_MID2(5-FC);ERG11_MID2(Trifluoperazine);ERG11_ORM2(noDrug);MID2_PIN2(5-FC);MID2_PIN2(Metformin);MID2_RSN1(Metformin);SRO9_DHH1(5-FC);SSH1_ERV25(Metformin);SSH1_ORM2(5-FC);SSH1_ORM2(Metformin);SSH1_ORM2(noDrug);TPO1_TPO2(Trifluoperazine),,,piQTL_only
chr15:484698,ALO1_UIP4,5-FC,0.720731034,ALO1_UIP4(5-FC);ALO1_UIP4(Metformin);ALO1_UIP4(Trifluoperazine);ALO1_UIP4(noDrug);ERG11_ACF2(Metformin);ERG11_ERG5(Trifluoperazine);ERG11_ERV25(5-FC);ERG11_ERV25(noDrug);ERG11_MID2(5-FC);ERG11_MID2(Trifluoperazine);ERG11_MID2(noDrug);ERG11_ORM2(noDrug);ERG11_PIS1(5-FC);ERG11_PIS1(Trifluoperazine);ERG11_PIS1(noDrug);ERG11_TPO4(5-FC);ERG27_ACF2(Metformin);ERV25_ERG5(5-FC);ERV25_ERG5(Trifluoperazine);FMP45_MEP1(5-FC);FMP45_MID2(Metformin);HNM1_ERG11(5-FC);HNM1_ERG11(Metformin);HNM1_MID2(Metformin);HNM1_TPO4(Metformin);HUG1_ALO1(Metformin);HUG1_PGM2(Metformin);MID2_PIN2(5-FC);MID2_PIN2(Metformin);MID2_RSN1(5-FC);MID2_RSN1(Metformin);MID2_TPO2(Metformin);MID2_TPO2(Trifluoperazine);MID2_TPO4(Metformin);PMC1_CTR2(Metformin);RET2_EMP47(Metformin);RET2_EMP70(5-FC);SNA4_GTR2(5-FC);SRO9_DHH1(Metformin);SRO9_SGN1(5-FC);SRO9_SGN1(Trifluoperazine);SRO9_SGN1(noDrug);SSH1_ERG11(5-FC);SSH1_ERG11(Metformin);SSH1_ERG11(noDrug);SSH1_ORM2(Metformin);TPO1_MID2(Metformin);TPO1_TCB2(5-FC);TPO1_TCB2(Metformin);TPO1_TCB2(noDrug);TPO1_TPO2(5-FC);TPO1_TPO2(Trifluoperazine);TPO1_TPO2(noDrug),,,piQTL_only
chr15:484698,ALO1_UIP4,Metformin,0.580997715,ALO1_UIP4(5-FC);ALO1_UIP4(Metformin);ALO1_UIP4(Trifluoperazine);ALO1_UIP4(noDrug);ERG11_ACF2(Metformin);ERG11_ERG5(Trifluoperazine);ERG11_ERV25(5-FC);ERG11_ERV25(noDrug);ERG11_MID2(5-FC);ERG11_MID2(Trifluoperazine);ERG11_MID2(noDrug);ERG11_ORM2(noDrug);ERG11_PIS1(5-FC);ERG11_PIS1(Trifluoperazine);ERG11_PIS1(noDrug);ERG11_TPO4(5-FC);ERG27_ACF2(Metformin);ERV25_ERG5(5-FC);ERV25_ERG5(Trifluoperazine);FMP45_MEP1(5-FC);FMP45_MID2(Metformin);HNM1_ERG11(5-FC);HNM1_ERG11(Metformin);HNM1_MID2(Metformin);HNM1_TPO4(Metformin);HUG1_ALO1(Metformin);HUG1_PGM2(Metformin);MID2_PIN2(5-FC);MID2_PIN2(Metformin);MID2_RSN1(5-FC);MID2_RSN1(Metformin);MID2_TPO2(Metformin);MID2_TPO2(Trifluoperazine);MID2_TPO4(Metformin);PMC1_CTR2(Metformin);RET2_EMP47(Metformin);RET2_EMP70(5-FC);SNA4_GTR2(5-FC);SRO9_DHH1(Metformin);SRO9_SGN1(5-FC);SRO9_SGN1(Trifluoperazine);SRO9_SGN1(noDrug);SSH1_ERG11(5-FC);SSH1_ERG11(Metformin);SSH1_ERG11(noDrug);SSH1_ORM2(Metformin);TPO1_MID2(Metformin);TPO1_TCB2(5-FC);TPO1_TCB2(Metformin);TPO1_TCB2(noDrug);TPO1_TPO2(5-FC);TPO1_TPO2(Trifluoperazine);TPO1_TPO2(noDrug),,,piQTL_only
chr15:484698,ALO1_UIP4,Trifluoperazine,0.564488442,ALO1_UIP4(5-FC);ALO1_UIP4(Metformin);ALO1_UIP4(Trifluoperazine);ALO1_UIP4(noDrug);ERG11_ACF2(Metformin);ERG11_ERG5(Trifluoperazine);ERG11_ERV25(5-FC);ERG11_ERV25(noDrug);ERG11_MID2(5-FC);ERG11_MID2(Trifluoperazine);ERG11_MID2(noDrug);ERG11_ORM2(noDrug);ERG11_PIS1(5-FC);ERG11_PIS1(Trifluoperazine);ERG11_PIS1(noDrug);ERG11_TPO4(5-FC);ERG27_ACF2(Metformin);ERV25_ERG5(5-FC);ERV25_ERG5(Trifluoperazine);FMP45_MEP1(5-FC);FMP45_MID2(Metformin);HNM1_ERG11(5-FC);HNM1_ERG11(Metformin);HNM1_MID2(Metformin);HNM1_TPO4(Metformin);HUG1_ALO1(Metformin);HUG1_PGM2(Metformin);MID2_PIN2(5-FC);MID2_PIN2(Metformin);MID2_RSN1(5-FC);MID2_RSN1(Metformin);MID2_TPO2(Metformin);MID2_TPO2(Trifluoperazine);MID2_TPO4(Metformin);PMC1_CTR2(Metformin);RET2_EMP47(Metformin);RET2_EMP70(5-FC);SNA4_GTR2(5-FC);SRO9_DHH1(Metformin);SRO9_SGN1(5-FC);SRO9_SGN1(Trifluoperazine);SRO9_SGN1(noDrug);SSH1_ERG11(5-FC);SSH1_ERG11(Metformin);SSH1_ERG11(noDrug);SSH1_ORM2(Metformin);TPO1_MID2(Metformin);TPO1_TCB2(5-FC);TPO1_TCB2(Metformin);TPO1_TCB2(noDrug);TPO1_TPO2(5-FC);TPO1_TPO2(Trifluoperazine);TPO1_TPO2(noDrug),,,piQTL_only
chr15:484698,ALO1_UIP4,noDrug,0.618890874,ALO1_UIP4(5-FC);ALO1_UIP4(Metformin);ALO1_UIP4(Trifluoperazine);ALO1_UIP4(noDrug);ERG11_ACF2(Metformin);ERG11_ERG5(Trifluoperazine);ERG11_ERV25(5-FC);ERG11_ERV25(noDrug);ERG11_MID2(5-FC);ERG11_MID2(Trifluoperazine);ERG11_MID2(noDrug);ERG11_ORM2(noDrug);ERG11_PIS1(5-FC);ERG11_PIS1(Trifluoperazine);ERG11_PIS1(noDrug);ERG11_TPO4(5-FC);ERG27_ACF2(Metformin);ERV25_ERG5(5-FC);ERV25_ERG5(Trifluoperazine);FMP45_MEP1(5-FC);FMP45_MID2(Metformin);HNM1_ERG11(5-FC);HNM1_ERG11(Metformin);HNM1_MID2(Metformin);HNM1_TPO4(Metformin);HUG1_ALO1(Metformin);HUG1_PGM2(Metformin);MID2_PIN2(5-FC);MID2_PIN2(Metformin);MID2_RSN1(5-FC);MID2_RSN1(Metformin);MID2_TPO2(Metformin);MID2_TPO2(Trifluoperazine);MID2_TPO4(Metformin);PMC1_CTR2(Metformin);RET2_EMP47(Metformin);RET2_EMP70(5-FC);SNA4_GTR2(5-FC);SRO9_DHH1(Metformin);SRO9_SGN1(5-FC);SRO9_SGN1(Trifluoperazine);SRO9_SGN1(noDrug);SSH1_ERG11(5-FC);SSH1_ERG11(Metformin);SSH1_ERG11(noDrug);SSH1_ORM2(Metformin);TPO1_MID2(Metformin);TPO1_TCB2(5-FC);TPO1_TCB2(Metformin);TPO1_TCB2(noDrug);TPO1_TPO2(5-FC);TPO1_TPO2(Trifluoperazine);TPO1_TPO2(noDrug),,,piQTL_only
chr15:484698,ERG11_ACF2,Metformin,0.527043166,ALO1_UIP4(5-FC);ALO1_UIP4(Metformin);ALO1_UIP4(Trifluoperazine);ALO1_UIP4(noDrug);ERG11_ACF2(Metformin);ERG11_ERG5(Trifluoperazine);ERG11_ERV25(5-FC);ERG11_ERV25(noDrug);ERG11_MID2(5-FC);ERG11_MID2(Trifluoperazine);ERG11_MID2(noDrug);ERG11_ORM2(noDrug);ERG11_PIS1(5-FC);ERG11_PIS1(Trifluoperazine);ERG11_PIS1(noDrug);ERG11_TPO4(5-FC);ERG27_ACF2(Metformin);ERV25_ERG5(5-FC);ERV25_ERG5(Trifluoperazine);FMP45_MEP1(5-FC);FMP45_MID2(Metformin);HNM1_ERG11(5-FC);HNM1_ERG11(Metformin);HNM1_MID2(Metformin);HNM1_TPO4(Metformin);HUG1_ALO1(Metformin);HUG1_PGM2(Metformin);MID2_PIN2(5-FC);MID2_PIN2(Metformin);MID2_RSN1(5-FC);MID2_RSN1(Metformin);MID2_TPO2(Metformin);MID2_TPO2(Trifluoperazine);MID2_TPO4(Metformin);PMC1_CTR2(Metformin);RET2_EMP47(Metformin);RET2_EMP70(5-FC);SNA4_GTR2(5-FC);SRO9_DHH1(Metformin);SRO9_SGN1(5-FC);SRO9_SGN1(Trifluoperazine);SRO9_SGN1(noDrug);SSH1_ERG11(5-FC);SSH1_ERG11(Metformin);SSH1_ERG11(noDrug);SSH1_ORM2(Metformin);TPO1_MID2(Metformin);TPO1_TCB2(5-FC);TPO1_TCB2(Metformin);TPO1_TCB2(noDrug);TPO1_TPO2(5-FC);TPO1_TPO2(Trifluoperazine);TPO1_TPO2(noDrug),,,piQTL_only
chr15:484698,ERG11_ERG5,Trifluoperazine,0.309114311,ALO1_UIP4(5-FC);ALO1_UIP4(Metformin);ALO1_UIP4(Trifluoperazine);ALO1_UIP4(noDrug);ERG11_ACF2(Metformin);ERG11_ERG5(Trifluoperazine);ERG11_ERV25(5-FC);ERG11_ERV25(noDrug);ERG11_MID2(5-FC);ERG11_MID2(Trifluoperazine);ERG11_MID2(noDrug);ERG11_ORM2(noDrug);ERG11_PIS1(5-FC);ERG11_PIS1(Trifluoperazine);ERG11_PIS1(noDrug);ERG11_TPO4(5-FC);ERG27_ACF2(Metformin);ERV25_ERG5(5-FC);ERV25_ERG5(Trifluoperazine);FMP45_MEP1(5-FC);FMP45_MID2(Metformin);HNM1_ERG11(5-FC);HNM1_ERG11(Metformin);HNM1_MID2(Metformin);HNM1_TPO4(Metformin);HUG1_ALO1(Metformin);HUG1_PGM2(Metformin);MID2_PIN2(5-FC);MID2_PIN2(Metformin);MID2_RSN1(5-FC);MID2_RSN1(Metformin);MID2_TPO2(Metformin);MID2_TPO2(Trifluoperazine);MID2_TPO4(Metformin);PMC1_CTR2(Metformin);RET2_EMP47(Metformin);RET2_EMP70(5-FC);SNA4_GTR2(5-FC);SRO9_DHH1(Metformin);SRO9_SGN1(5-FC);SRO9_SGN1(Trifluoperazine);SRO9_SGN1(noDrug);SSH1_ERG11(5-FC);SSH1_ERG11(Metformin);SSH1_ERG11(noDrug);SSH1_ORM2(Metformin);TPO1_MID2(Metformin);TPO1_TCB2(5-FC);TPO1_TCB2(Metformin);TPO1_TCB2(noDrug);TPO1_TPO2(5-FC);TPO1_TPO2(Trifluoperazine);TPO1_TPO2(noDrug),,,piQTL_only
chr15:484698,ERG11_ERV25,5-FC,0.422586295,ALO1_UIP4(5-FC);ALO1_UIP4(Metformin);ALO1_UIP4(Trifluoperazine);ALO1_UIP4(noDrug);ERG11_ACF2(Metformin);ERG11_ERG5(Trifluoperazine);ERG11_ERV25(5-FC);ERG11_ERV25(noDrug);ERG11_MID2(5-FC);ERG11_MID2(Trifluoperazine);ERG11_MID2(noDrug);ERG11_ORM2(noDrug);ERG11_PIS1(5-FC);ERG11_PIS1(Trifluoperazine);ERG11_PIS1(noDrug);ERG11_TPO4(5-FC);ERG27_ACF2(Metformin);ERV25_ERG5(5-FC);ERV25_ERG5(Trifluoperazine);FMP45_MEP1(5-FC);FMP45_MID2(Metformin);HNM1_ERG11(5-FC);HNM1_ERG11(Metformin);HNM1_MID2(Metformin);HNM1_TPO4(Metformin);HUG1_ALO1(Metformin);HUG1_PGM2(Metformin);MID2_PIN2(5-FC);MID2_PIN2(Metformin);MID2_RSN1(5-FC);MID2_RSN1(Metformin);MID2_TPO2(Metformin);MID2_TPO2(Trifluoperazine);MID2_TPO4(Metformin);PMC1_CTR2(Metformin);RET2_EMP47(Metformin);RET2_EMP70(5-FC);SNA4_GTR2(5-FC);SRO9_DHH1(Metformin);SRO9_SGN1(5-FC);SRO9_SGN1(Trifluoperazine);SRO9_SGN1(noDrug);SSH1_ERG11(5-FC);SSH1_ERG11(Metformin);SSH1_ERG11(noDrug);SSH1_ORM2(Metformin);TPO1_MID2(Metformin);TPO1_TCB2(5-FC);TPO1_TCB2(Metformin);TPO1_TCB2(noDrug);TPO1_TPO2(5-FC);TPO1_TPO2(Trifluoperazine);TPO1_TPO2(noDrug),,,piQTL_only
chr15:484698,ERG11_ERV25,noDrug,0.437315995,ALO1_UIP4(5-FC);ALO1_UIP4(Metformin);ALO1_UIP4(Trifluoperazine);ALO1_UIP4(noDrug);ERG11_ACF2(Metformin);ERG11_ERG5(Trifluoperazine);ERG11_ERV25(5-FC);ERG11_ERV25(noDrug);ERG11_MID2(5-FC);ERG11_MID2(Trifluoperazine);ERG11_MID2(noDrug);ERG11_ORM2(noDrug);ERG11_PIS1(5-FC);ERG11_PIS1(Trifluoperazine);ERG11_PIS1(noDrug);ERG11_TPO4(5-FC);ERG27_ACF2(Metformin);ERV25_ERG5(5-FC);ERV25_ERG5(Trifluoperazine);FMP45_MEP1(5-FC);FMP45_MID2(Metformin);HNM1_ERG11(5-FC);HNM1_ERG11(Metformin);HNM1_MID2(Metformin);HNM1_TPO4(Metformin);HUG1_ALO1(Metformin);HUG1_PGM2(Metformin);MID2_PIN2(5-FC);MID2_PIN2(Metformin);MID2_RSN1(5-FC);MID2_RSN1(Metformin);MID2_TPO2(Metformin);MID2_TPO2(Trifluoperazine);MID2_TPO4(Metformin);PMC1_CTR2(Metformin);RET2_EMP47(Metformin);RET2_EMP70(5-FC);SNA4_GTR2(5-FC);SRO9_DHH1(Metformin);SRO9_SGN1(5-FC);SRO9_SGN1(Trifluoperazine);SRO9_SGN1(noDrug);SSH1_ERG11(5-FC);SSH1_ERG11(Metformin);SSH1_ERG11(noDrug);SSH1_ORM2(Metformin);TPO1_MID2(Metformin);TPO1_TCB2(5-FC);TPO1_TCB2(Metformin);TPO1_TCB2(noDrug);TPO1_TPO2(5-FC);TPO1_TPO2(Trifluoperazine);TPO1_TPO2(noDrug),,,piQTL_only
chr15:484698,ERG11_MID2,5-FC,0.487860369,ALO1_UIP4(5-FC);ALO1_UIP4(Metformin);ALO1_UIP4(Trifluoperazine);ALO1_UIP4(noDrug);ERG11_ACF2(Metformin);ERG11_ERG5(Trifluoperazine);ERG11_ERV25(5-FC);ERG11_ERV25(noDrug);ERG11_MID2(5-FC);ERG11_MID2(Trifluoperazine);ERG11_MID2(noDrug);ERG11_ORM2(noDrug);ERG11_PIS1(5-FC);ERG11_PIS1(Trifluoperazine);ERG11_PIS1(noDrug);ERG11_TPO4(5-FC);ERG27_ACF2(Metformin);ERV25_ERG5(5-FC);ERV25_ERG5(Trifluoperazine);FMP45_MEP1(5-FC);FMP45_MID2(Metformin);HNM1_ERG11(5-FC);HNM1_ERG11(Metformin);HNM1_MID2(Metformin);HNM1_TPO4(Metformin);HUG1_ALO1(Metformin);HUG1_PGM2(Metformin);MID2_PIN2(5-FC);MID2_PIN2(Metformin);MID2_RSN1(5-FC);MID2_RSN1(Metformin);MID2_TPO2(Metformin);MID2_TPO2(Trifluoperazine);MID2_TPO4(Metformin);PMC1_CTR2(Metformin);RET2_EMP47(Metformin);RET2_EMP70(5-FC);SNA4_GTR2(5-FC);SRO9_DHH1(Metformin);SRO9_SGN1(5-FC);SRO9_SGN1(Trifluoperazine);SRO9_SGN1(noDrug);SSH1_ERG11(5-FC);SSH1_ERG11(Metformin);SSH1_ERG11(noDrug);SSH1_ORM2(Metformin);TPO1_MID2(Metformin);TPO1_TCB2(5-FC);TPO1_TCB2(Metformin);TPO1_TCB2(noDrug);TPO1_TPO2(5-FC);TPO1_TPO2(Trifluoperazine);TPO1_TPO2(noDrug),,,piQTL_only
chr15:484698,ERG11_MID2,Trifluoperazine,0.518760905,ALO1_UIP4(5-FC);ALO1_UIP4(Metformin);ALO1_UIP4(Trifluoperazine);ALO1_UIP4(noDrug);ERG11_ACF2(Metformin);ERG11_ERG5(Trifluoperazine);ERG11_ERV25(5-FC);ERG11_ERV25(noDrug);ERG11_MID2(5-FC);ERG11_MID2(Trifluoperazine);ERG11_MID2(noDrug);ERG11_ORM2(noDrug);ERG11_PIS1(5-FC);ERG11_PIS1(Trifluoperazine);ERG11_PIS1(noDrug);ERG11_TPO4(5-FC);ERG27_ACF2(Metformin);ERV25_ERG5(5-FC);ERV25_ERG5(Trifluoperazine);FMP45_MEP1(5-FC);FMP45_MID2(Metformin);HNM1_ERG11(5-FC);HNM1_ERG11(Metformin);HNM1_MID2(Metformin);HNM1_TPO4(Metformin);HUG1_ALO1(Metformin);HUG1_PGM2(Metformin);MID2_PIN2(5-FC);MID2_PIN2(Metformin);MID2_RSN1(5-FC);MID2_RSN1(Metformin);MID2_TPO2(Metformin);MID2_TPO2(Trifluoperazine);MID2_TPO4(Metformin);PMC1_CTR2(Metformin);RET2_EMP47(Metformin);RET2_EMP70(5-FC);SNA4_GTR2(5-FC);SRO9_DHH1(Metformin);SRO9_SGN1(5-FC);SRO9_SGN1(Trifluoperazine);SRO9_SGN1(noDrug);SSH1_ERG11(5-FC);SSH1_ERG11(Metformin);SSH1_ERG11(noDrug);SSH1_ORM2(Metformin);TPO1_MID2(Metformin);TPO1_TCB2(5-FC);TPO1_TCB2(Metformin);TPO1_TCB2(noDrug);TPO1_TPO2(5-FC);TPO1_TPO2(Trifluoperazine);TPO1_TPO2(noDrug),,,piQTL_only
chr15:484698,ERG11_MID2,noDrug,0.565697035,ALO1_UIP4(5-FC);ALO1_UIP4(Metformin);ALO1_UIP4(Trifluoperazine);ALO1_UIP4(noDrug);ERG11_ACF2(Metformin);ERG11_ERG5(Trifluoperazine);ERG11_ERV25(5-FC);ERG11_ERV25(noDrug);ERG11_MID2(5-FC);ERG11_MID2(Trifluoperazine);ERG11_MID2(noDrug);ERG11_ORM2(noDrug);ERG11_PIS1(5-FC);ERG11_PIS1(Trifluoperazine);ERG11_PIS1(noDrug);ERG11_TPO4(5-FC);ERG27_ACF2(Metformin);ERV25_ERG5(5-FC);ERV25_ERG5(Trifluoperazine);FMP45_MEP1(5-FC);FMP45_MID2(Metformin);HNM1_ERG11(5-FC);HNM1_ERG11(Metformin);HNM1_MID2(Metformin);HNM1_TPO4(Metformin);HUG1_ALO1(Metformin);HUG1_PGM2(Metformin);MID2_PIN2(5-FC);MID2_PIN2(Metformin);MID2_RSN1(5-FC);MID2_RSN1(Metformin);MID2_TPO2(Metformin);MID2_TPO2(Trifluoperazine);MID2_TPO4(Metformin);PMC1_CTR2(Metformin);RET2_EMP47(Metformin);RET2_EMP70(5-FC);SNA4_GTR2(5-FC);SRO9_DHH1(Metformin);SRO9_SGN1(5-FC);SRO9_SGN1(Trifluoperazine);SRO9_SGN1(noDrug);SSH1_ERG11(5-FC);SSH1_ERG11(Metformin);SSH1_ERG11(noDrug);SSH1_ORM2(Metformin);TPO1_MID2(Metformin);TPO1_TCB2(5-FC);TPO1_TCB2(Metformin);TPO1_TCB2(noDrug);TPO1_TPO2(5-FC);TPO1_TPO2(Trifluoperazine);TPO1_TPO2(noDrug),,,piQTL_only
chr15:484698,ERG11_ORM2,noDrug,0.645911186,ALO1_UIP4(5-FC);ALO1_UIP4(Metformin);ALO1_UIP4(Trifluoperazine);ALO1_UIP4(noDrug);ERG11_ACF2(Metformin);ERG11_ERG5(Trifluoperazine);ERG11_ERV25(5-FC);ERG11_ERV25(noDrug);ERG11_MID2(5-FC);ERG11_MID2(Trifluoperazine);ERG11_MID2(noDrug);ERG11_ORM2(noDrug);ERG11_PIS1(5-FC);ERG11_PIS1(Trifluoperazine);ERG11_PIS1(noDrug);ERG11_TPO4(5-FC);ERG27_ACF2(Metformin);ERV25_ERG5(5-FC);ERV25_ERG5(Trifluoperazine);FMP45_MEP1(5-FC);FMP45_MID2(Metformin);HNM1_ERG11(5-FC);HNM1_ERG11(Metformin);HNM1_MID2(Metformin);HNM1_TPO4(Metformin);HUG1_ALO1(Metformin);HUG1_PGM2(Metformin);MID2_PIN2(5-FC);MID2_PIN2(Metformin);MID2_RSN1(5-FC);MID2_RSN1(Metformin);MID2_TPO2(Metformin);MID2_TPO2(Trifluoperazine);MID2_TPO4(Metformin);PMC1_CTR2(Metformin);RET2_EMP47(Metformin);RET2_EMP70(5-FC);SNA4_GTR2(5-FC);SRO9_DHH1(Metformin);SRO9_SGN1(5-FC);SRO9_SGN1(Trifluoperazine);SRO9_SGN1(noDrug);SSH1_ERG11(5-FC);SSH1_ERG11(Metformin);SSH1_ERG11(noDrug);SSH1_ORM2(Metformin);TPO1_MID2(Metformin);TPO1_TCB2(5-FC);TPO1_TCB2(Metformin);TPO1_TCB2(noDrug);TPO1_TPO2(5-FC);TPO1_TPO2(Trifluoperazine);TPO1_TPO2(noDrug),,,piQTL_only
chr15:484698,ERG11_PIS1,5-FC,0.586631464,ALO1_UIP4(5-FC);ALO1_UIP4(Metformin);ALO1_UIP4(Trifluoperazine);ALO1_UIP4(noDrug);ERG11_ACF2(Metformin);ERG11_ERG5(Trifluoperazine);ERG11_ERV25(5-FC);ERG11_ERV25(noDrug);ERG11_MID2(5-FC);ERG11_MID2(Trifluoperazine);ERG11_MID2(noDrug);ERG11_ORM2(noDrug);ERG11_PIS1(5-FC);ERG11_PIS1(Trifluoperazine);ERG11_PIS1(noDrug);ERG11_TPO4(5-FC);ERG27_ACF2(Metformin);ERV25_ERG5(5-FC);ERV25_ERG5(Trifluoperazine);FMP45_MEP1(5-FC);FMP45_MID2(Metformin);HNM1_ERG11(5-FC);HNM1_ERG11(Metformin);HNM1_MID2(Metformin);HNM1_TPO4(Metformin);HUG1_ALO1(Metformin);HUG1_PGM2(Metformin);MID2_PIN2(5-FC);MID2_PIN2(Metformin);MID2_RSN1(5-FC);MID2_RSN1(Metformin);MID2_TPO2(Metformin);MID2_TPO2(Trifluoperazine);MID2_TPO4(Metformin);PMC1_CTR2(Metformin);RET2_EMP47(Metformin);RET2_EMP70(5-FC);SNA4_GTR2(5-FC);SRO9_DHH1(Metformin);SRO9_SGN1(5-FC);SRO9_SGN1(Trifluoperazine);SRO9_SGN1(noDrug);SSH1_ERG11(5-FC);SSH1_ERG11(Metformin);SSH1_ERG11(noDrug);SSH1_ORM2(Metformin);TPO1_MID2(Metformin);TPO1_TCB2(5-FC);TPO1_TCB2(Metformin);TPO1_TCB2(noDrug);TPO1_TPO2(5-FC);TPO1_TPO2(Trifluoperazine);TPO1_TPO2(noDrug),,,piQTL_only
chr15:484698,ERG11_PIS1,Trifluoperazine,0.502768305,ALO1_UIP4(5-FC);ALO1_UIP4(Metformin);ALO1_UIP4(Trifluoperazine);ALO1_UIP4(noDrug);ERG11_ACF2(Metformin);ERG11_ERG5(Trifluoperazine);ERG11_ERV25(5-FC);ERG11_ERV25(noDrug);ERG11_MID2(5-FC);ERG11_MID2(Trifluoperazine);ERG11_MID2(noDrug);ERG11_ORM2(noDrug);ERG11_PIS1(5-FC);ERG11_PIS1(Trifluoperazine);ERG11_PIS1(noDrug);ERG11_TPO4(5-FC);ERG27_ACF2(Metformin);ERV25_ERG5(5-FC);ERV25_ERG5(Trifluoperazine);FMP45_MEP1(5-FC);FMP45_MID2(Metformin);HNM1_ERG11(5-FC);HNM1_ERG11(Metformin);HNM1_MID2(Metformin);HNM1_TPO4(Metformin);HUG1_ALO1(Metformin);HUG1_PGM2(Metformin);MID2_PIN2(5-FC);MID2_PIN2(Metformin);MID2_RSN1(5-FC);MID2_RSN1(Metformin);MID2_TPO2(Metformin);MID2_TPO2(Trifluoperazine);MID2_TPO4(Metformin);PMC1_CTR2(Metformin);RET2_EMP47(Metformin);RET2_EMP70(5-FC);SNA4_GTR2(5-FC);SRO9_DHH1(Metformin);SRO9_SGN1(5-FC);SRO9_SGN1(Trifluoperazine);SRO9_SGN1(noDrug);SSH1_ERG11(5-FC);SSH1_ERG11(Metformin);SSH1_ERG11(noDrug);SSH1_ORM2(Metformin);TPO1_MID2(Metformin);TPO1_TCB2(5-FC);TPO1_TCB2(Metformin);TPO1_TCB2(noDrug);TPO1_TPO2(5-FC);TPO1_TPO2(Trifluoperazine);TPO1_TPO2(noDrug),,,piQTL_only
chr15:484698,ERG11_PIS1,noDrug,0.593390009,ALO1_UIP4(5-FC);ALO1_UIP4(Metformin);ALO1_UIP4(Trifluoperazine);ALO1_UIP4(noDrug);ERG11_ACF2(Metformin);ERG11_ERG5(Trifluoperazine);ERG11_ERV25(5-FC);ERG11_ERV25(noDrug);ERG11_MID2(5-FC);ERG11_MID2(Trifluoperazine);ERG11_MID2(noDrug);ERG11_ORM2(noDrug);ERG11_PIS1(5-FC);ERG11_PIS1(Trifluoperazine);ERG11_PIS1(noDrug);ERG11_TPO4(5-FC);ERG27_ACF2(Metformin);ERV25_ERG5(5-FC);ERV25_ERG5(Trifluoperazine);FMP45_MEP1(5-FC);FMP45_MID2(Metformin);HNM1_ERG11(5-FC);HNM1_ERG11(Metformin);HNM1_MID2(Metformin);HNM1_TPO4(Metformin);HUG1_ALO1(Metformin);HUG1_PGM2(Metformin);MID2_PIN2(5-FC);MID2_PIN2(Metformin);MID2_RSN1(5-FC);MID2_RSN1(Metformin);MID2_TPO2(Metformin);MID2_TPO2(Trifluoperazine);MID2_TPO4(Metformin);PMC1_CTR2(Metformin);RET2_EMP47(Metformin);RET2_EMP70(5-FC);SNA4_GTR2(5-FC);SRO9_DHH1(Metformin);SRO9_SGN1(5-FC);SRO9_SGN1(Trifluoperazine);SRO9_SGN1(noDrug);SSH1_ERG11(5-FC);SSH1_ERG11(Metformin);SSH1_ERG11(noDrug);SSH1_ORM2(Metformin);TPO1_MID2(Metformin);TPO1_TCB2(5-FC);TPO1_TCB2(Metformin);TPO1_TCB2(noDrug);TPO1_TPO2(5-FC);TPO1_TPO2(Trifluoperazine);TPO1_TPO2(noDrug),,,piQTL_only
chr15:484698,ERG11_TPO4,5-FC,0.49537234,ALO1_UIP4(5-FC);ALO1_UIP4(Metformin);ALO1_UIP4(Trifluoperazine);ALO1_UIP4(noDrug);ERG11_ACF2(Metformin);ERG11_ERG5(Trifluoperazine);ERG11_ERV25(5-FC);ERG11_ERV25(noDrug);ERG11_MID2(5-FC);ERG11_MID2(Trifluoperazine);ERG11_MID2(noDrug);ERG11_ORM2(noDrug);ERG11_PIS1(5-FC);ERG11_PIS1(Trifluoperazine);ERG11_PIS1(noDrug);ERG11_TPO4(5-FC);ERG27_ACF2(Metformin);ERV25_ERG5(5-FC);ERV25_ERG5(Trifluoperazine);FMP45_MEP1(5-FC);FMP45_MID2(Metformin);HNM1_ERG11(5-FC);HNM1_ERG11(Metformin);HNM1_MID2(Metformin);HNM1_TPO4(Metformin);HUG1_ALO1(Metformin);HUG1_PGM2(Metformin);MID2_PIN2(5-FC);MID2_PIN2(Metformin);MID2_RSN1(5-FC);MID2_RSN1(Metformin);MID2_TPO2(Metformin);MID2_TPO2(Trifluoperazine);MID2_TPO4(Metformin);PMC1_CTR2(Metformin);RET2_EMP47(Metformin);RET2_EMP70(5-FC);SNA4_GTR2(5-FC);SRO9_DHH1(Metformin);SRO9_SGN1(5-FC);SRO9_SGN1(Trifluoperazine);SRO9_SGN1(noDrug);SSH1_ERG11(5-FC);SSH1_ERG11(Metformin);SSH1_ERG11(noDrug);SSH1_ORM2(Metformin);TPO1_MID2(Metformin);TPO1_TCB2(5-FC);TPO1_TCB2(Metformin);TPO1_TCB2(noDrug);TPO1_TPO2(5-FC);TPO1_TPO2(Trifluoperazine);TPO1_TPO2(noDrug),,,piQTL_only
chr15:484698,ERG27_ACF2,Metformin,0.493568049,ALO1_UIP4(5-FC);ALO1_UIP4(Metformin);ALO1_UIP4(Trifluoperazine);ALO1_UIP4(noDrug);ERG11_ACF2(Metformin);ERG11_ERG5(Trifluoperazine);ERG11_ERV25(5-FC);ERG11_ERV25(noDrug);ERG11_MID2(5-FC);ERG11_MID2(Trifluoperazine);ERG11_MID2(noDrug);ERG11_ORM2(noDrug);ERG11_PIS1(5-FC);ERG11_PIS1(Trifluoperazine);ERG11_PIS1(noDrug);ERG11_TPO4(5-FC);ERG27_ACF2(Metformin);ERV25_ERG5(5-FC);ERV25_ERG5(Trifluoperazine);FMP45_MEP1(5-FC);FMP45_MID2(Metformin);HNM1_ERG11(5-FC);HNM1_ERG11(Metformin);HNM1_MID2(Metformin);HNM1_TPO4(Metformin);HUG1_ALO1(Metformin);HUG1_PGM2(Metformin);MID2_PIN2(5-FC);MID2_PIN2(Metformin);MID2_RSN1(5-FC);MID2_RSN1(Metformin);MID2_TPO2(Metformin);MID2_TPO2(Trifluoperazine);MID2_TPO4(Metformin);PMC1_CTR2(Metformin);RET2_EMP47(Metformin);RET2_EMP70(5-FC);SNA4_GTR2(5-FC);SRO9_DHH1(Metformin);SRO9_SGN1(5-FC);SRO9_SGN1(Trifluoperazine);SRO9_SGN1(noDrug);SSH1_ERG11(5-FC);SSH1_ERG11(Metformin);SSH1_ERG11(noDrug);SSH1_ORM2(Metformin);TPO1_MID2(Metformin);TPO1_TCB2(5-FC);TPO1_TCB2(Metformin);TPO1_TCB2(noDrug);TPO1_TPO2(5-FC);TPO1_TPO2(Trifluoperazine);TPO1_TPO2(noDrug),,,piQTL_only
chr15:484698,ERV25_ERG5,5-FC,0.569040661,ALO1_UIP4(5-FC);ALO1_UIP4(Metformin);ALO1_UIP4(Trifluoperazine);ALO1_UIP4(noDrug);ERG11_ACF2(Metformin);ERG11_ERG5(Trifluoperazine);ERG11_ERV25(5-FC);ERG11_ERV25(noDrug);ERG11_MID2(5-FC);ERG11_MID2(Trifluoperazine);ERG11_MID2(noDrug);ERG11_ORM2(noDrug);ERG11_PIS1(5-FC);ERG11_PIS1(Trifluoperazine);ERG11_PIS1(noDrug);ERG11_TPO4(5-FC);ERG27_ACF2(Metformin);ERV25_ERG5(5-FC);ERV25_ERG5(Trifluoperazine);FMP45_MEP1(5-FC);FMP45_MID2(Metformin);HNM1_ERG11(5-FC);HNM1_ERG11(Metformin);HNM1_MID2(Metformin);HNM1_TPO4(Metformin);HUG1_ALO1(Metformin);HUG1_PGM2(Metformin);MID2_PIN2(5-FC);MID2_PIN2(Metformin);MID2_RSN1(5-FC);MID2_RSN1(Metformin);MID2_TPO2(Metformin);MID2_TPO2(Trifluoperazine);MID2_TPO4(Metformin);PMC1_CTR2(Metformin);RET2_EMP47(Metformin);RET2_EMP70(5-FC);SNA4_GTR2(5-FC);SRO9_DHH1(Metformin);SRO9_SGN1(5-FC);SRO9_SGN1(Trifluoperazine);SRO9_SGN1(noDrug);SSH1_ERG11(5-FC);SSH1_ERG11(Metformin);SSH1_ERG11(noDrug);SSH1_ORM2(Metformin);TPO1_MID2(Metformin);TPO1_TCB2(5-FC);TPO1_TCB2(Metformin);TPO1_TCB2(noDrug);TPO1_TPO2(5-FC);TPO1_TPO2(Trifluoperazine);TPO1_TPO2(noDrug),,,piQTL_only
chr15:484698,ERV25_ERG5,Trifluoperazine,0.532469487,ALO1_UIP4(5-FC);ALO1_UIP4(Metformin);ALO1_UIP4(Trifluoperazine);ALO1_UIP4(noDrug);ERG11_ACF2(Metformin);ERG11_ERG5(Trifluoperazine);ERG11_ERV25(5-FC);ERG11_ERV25(noDrug);ERG11_MID2(5-FC);ERG11_MID2(Trifluoperazine);ERG11_MID2(noDrug);ERG11_ORM2(noDrug);ERG11_PIS1(5-FC);ERG11_PIS1(Trifluoperazine);ERG11_PIS1(noDrug);ERG11_TPO4(5-FC);ERG27_ACF2(Metformin);ERV25_ERG5(5-FC);ERV25_ERG5(Trifluoperazine);FMP45_MEP1(5-FC);FMP45_MID2(Metformin);HNM1_ERG11(5-FC);HNM1_ERG11(Metformin);HNM1_MID2(Metformin);HNM1_TPO4(Metformin);HUG1_ALO1(Metformin);HUG1_PGM2(Metformin);MID2_PIN2(5-FC);MID2_PIN2(Metformin);MID2_RSN1(5-FC);MID2_RSN1(Metformin);MID2_TPO2(Metformin);MID2_TPO2(Trifluoperazine);MID2_TPO4(Metformin);PMC1_CTR2(Metformin);RET2_EMP47(Metformin);RET2_EMP70(5-FC);SNA4_GTR2(5-FC);SRO9_DHH1(Metformin);SRO9_SGN1(5-FC);SRO9_SGN1(Trifluoperazine);SRO9_SGN1(noDrug);SSH1_ERG11(5-FC);SSH1_ERG11(Metformin);SSH1_ERG11(noDrug);SSH1_ORM2(Metformin);TPO1_MID2(Metformin);TPO1_TCB2(5-FC);TPO1_TCB2(Metformin);TPO1_TCB2(noDrug);TPO1_TPO2(5-FC);TPO1_TPO2(Trifluoperazine);TPO1_TPO2(noDrug),,,piQTL_only
chr15:484698,FMP45_MEP1,5-FC,0.599509593,ALO1_UIP4(5-FC);ALO1_UIP4(Metformin);ALO1_UIP4(Trifluoperazine);ALO1_UIP4(noDrug);ERG11_ACF2(Metformin);ERG11_ERG5(Trifluoperazine);ERG11_ERV25(5-FC);ERG11_ERV25(noDrug);ERG11_MID2(5-FC);ERG11_MID2(Trifluoperazine);ERG11_MID2(noDrug);ERG11_ORM2(noDrug);ERG11_PIS1(5-FC);ERG11_PIS1(Trifluoperazine);ERG11_PIS1(noDrug);ERG11_TPO4(5-FC);ERG27_ACF2(Metformin);ERV25_ERG5(5-FC);ERV25_ERG5(Trifluoperazine);FMP45_MEP1(5-FC);FMP45_MID2(Metformin);HNM1_ERG11(5-FC);HNM1_ERG11(Metformin);HNM1_MID2(Metformin);HNM1_TPO4(Metformin);HUG1_ALO1(Metformin);HUG1_PGM2(Metformin);MID2_PIN2(5-FC);MID2_PIN2(Metformin);MID2_RSN1(5-FC);MID2_RSN1(Metformin);MID2_TPO2(Metformin);MID2_TPO2(Trifluoperazine);MID2_TPO4(Metformin);PMC1_CTR2(Metformin);RET2_EMP47(Metformin);RET2_EMP70(5-FC);SNA4_GTR2(5-FC);SRO9_DHH1(Metformin);SRO9_SGN1(5-FC);SRO9_SGN1(Trifluoperazine);SRO9_SGN1(noDrug);SSH1_ERG11(5-FC);SSH1_ERG11(Metformin);SSH1_ERG11(noDrug);SSH1_ORM2(Metformin);TPO1_MID2(Metformin);TPO1_TCB2(5-FC);TPO1_TCB2(Metformin);TPO1_TCB2(noDrug);TPO1_TPO2(5-FC);TPO1_TPO2(Trifluoperazine);TPO1_TPO2(noDrug),,,piQTL_only
chr15:484698,FMP45_MID2,Metformin,0.478030496,ALO1_UIP4(5-FC);ALO1_UIP4(Metformin);ALO1_UIP4(Trifluoperazine);ALO1_UIP4(noDrug);ERG11_ACF2(Metformin);ERG11_ERG5(Trifluoperazine);ERG11_ERV25(5-FC);ERG11_ERV25(noDrug);ERG11_MID2(5-FC);ERG11_MID2(Trifluoperazine);ERG11_MID2(noDrug);ERG11_ORM2(noDrug);ERG11_PIS1(5-FC);ERG11_PIS1(Trifluoperazine);ERG11_PIS1(noDrug);ERG11_TPO4(5-FC);ERG27_ACF2(Metformin);ERV25_ERG5(5-FC);ERV25_ERG5(Trifluoperazine);FMP45_MEP1(5-FC);FMP45_MID2(Metformin);HNM1_ERG11(5-FC);HNM1_ERG11(Metformin);HNM1_MID2(Metformin);HNM1_TPO4(Metformin);HUG1_ALO1(Metformin);HUG1_PGM2(Metformin);MID2_PIN2(5-FC);MID2_PIN2(Metformin);MID2_RSN1(5-FC);MID2_RSN1(Metformin);MID2_TPO2(Metformin);MID2_TPO2(Trifluoperazine);MID2_TPO4(Metformin);PMC1_CTR2(Metformin);RET2_EMP47(Metformin);RET2_EMP70(5-FC);SNA4_GTR2(5-FC);SRO9_DHH1(Metformin);SRO9_SGN1(5-FC);SRO9_SGN1(Trifluoperazine);SRO9_SGN1(noDrug);SSH1_ERG11(5-FC);SSH1_ERG11(Metformin);SSH1_ERG11(noDrug);SSH1_ORM2(Metformin);TPO1_MID2(Metformin);TPO1_TCB2(5-FC);TPO1_TCB2(Metformin);TPO1_TCB2(noDrug);TPO1_TPO2(5-FC);TPO1_TPO2(Trifluoperazine);TPO1_TPO2(noDrug),,,piQTL_only
chr15:484698,HNM1_ERG11,5-FC,0.631356198,ALO1_UIP4(5-FC);ALO1_UIP4(Metformin);ALO1_UIP4(Trifluoperazine);ALO1_UIP4(noDrug);ERG11_ACF2(Metformin);ERG11_ERG5(Trifluoperazine);ERG11_ERV25(5-FC);ERG11_ERV25(noDrug);ERG11_MID2(5-FC);ERG11_MID2(Trifluoperazine);ERG11_MID2(noDrug);ERG11_ORM2(noDrug);ERG11_PIS1(5-FC);ERG11_PIS1(Trifluoperazine);ERG11_PIS1(noDrug);ERG11_TPO4(5-FC);ERG27_ACF2(Metformin);ERV25_ERG5(5-FC);ERV25_ERG5(Trifluoperazine);FMP45_MEP1(5-FC);FMP45_MID2(Metformin);HNM1_ERG11(5-FC);HNM1_ERG11(Metformin);HNM1_MID2(Metformin);HNM1_TPO4(Metformin);HUG1_ALO1(Metformin);HUG1_PGM2(Metformin);MID2_PIN2(5-FC);MID2_PIN2(Metformin);MID2_RSN1(5-FC);MID2_RSN1(Metformin);MID2_TPO2(Metformin);MID2_TPO2(Trifluoperazine);MID2_TPO4(Metformin);PMC1_CTR2(Metformin);RET2_EMP47(Metformin);RET2_EMP70(5-FC);SNA4_GTR2(5-FC);SRO9_DHH1(Metformin);SRO9_SGN1(5-FC);SRO9_SGN1(Trifluoperazine);SRO9_SGN1(noDrug);SSH1_ERG11(5-FC);SSH1_ERG11(Metformin);SSH1_ERG11(noDrug);SSH1_ORM2(Metformin);TPO1_MID2(Metformin);TPO1_TCB2(5-FC);TPO1_TCB2(Metformin);TPO1_TCB2(noDrug);TPO1_TPO2(5-FC);TPO1_TPO2(Trifluoperazine);TPO1_TPO2(noDrug),,,piQTL_only
chr15:484698,HNM1_ERG11,Metformin,0.471961931,ALO1_UIP4(5-FC);ALO1_UIP4(Metformin);ALO1_UIP4(Trifluoperazine);ALO1_UIP4(noDrug);ERG11_ACF2(Metformin);ERG11_ERG5(Trifluoperazine);ERG11_ERV25(5-FC);ERG11_ERV25(noDrug);ERG11_MID2(5-FC);ERG11_MID2(Trifluoperazine);ERG11_MID2(noDrug);ERG11_ORM2(noDrug);ERG11_PIS1(5-FC);ERG11_PIS1(Trifluoperazine);ERG11_PIS1(noDrug);ERG11_TPO4(5-FC);ERG27_ACF2(Metformin);ERV25_ERG5(5-FC);ERV25_ERG5(Trifluoperazine);FMP45_MEP1(5-FC);FMP45_MID2(Metformin);HNM1_ERG11(5-FC);HNM1_ERG11(Metformin);HNM1_MID2(Metformin);HNM1_TPO4(Metformin);HUG1_ALO1(Metformin);HUG1_PGM2(Metformin);MID2_PIN2(5-FC);MID2_PIN2(Metformin);MID2_RSN1(5-FC);MID2_RSN1(Metformin);MID2_TPO2(Metformin);MID2_TPO2(Trifluoperazine);MID2_TPO4(Metformin);PMC1_CTR2(Metformin);RET2_EMP47(Metformin);RET2_EMP70(5-FC);SNA4_GTR2(5-FC);SRO9_DHH1(Metformin);SRO9_SGN1(5-FC);SRO9_SGN1(Trifluoperazine);SRO9_SGN1(noDrug);SSH1_ERG11(5-FC);SSH1_ERG11(Metformin);SSH1_ERG11(noDrug);SSH1_ORM2(Metformin);TPO1_MID2(Metformin);TPO1_TCB2(5-FC);TPO1_TCB2(Metformin);TPO1_TCB2(noDrug);TPO1_TPO2(5-FC);TPO1_TPO2(Trifluoperazine);TPO1_TPO2(noDrug),,,piQTL_only
chr15:483470,HNM1_MAM33,5-FC,0.541172129,HNM1_MAM33(5-FC);SRO9_GIS2(5-FC),,,piQTL_only
chr15:484698,HNM1_MID2,Metformin,0.24218035,ALO1_UIP4(5-FC);ALO1_UIP4(Metformin);ALO1_UIP4(Trifluoperazine);ALO1_UIP4(noDrug);ERG11_ACF2(Metformin);ERG11_ERG5(Trifluoperazine);ERG11_ERV25(5-FC);ERG11_ERV25(noDrug);ERG11_MID2(5-FC);ERG11_MID2(Trifluoperazine);ERG11_MID2(noDrug);ERG11_ORM2(noDrug);ERG11_PIS1(5-FC);ERG11_PIS1(Trifluoperazine);ERG11_PIS1(noDrug);ERG11_TPO4(5-FC);ERG27_ACF2(Metformin);ERV25_ERG5(5-FC);ERV25_ERG5(Trifluoperazine);FMP45_MEP1(5-FC);FMP45_MID2(Metformin);HNM1_ERG11(5-FC);HNM1_ERG11(Metformin);HNM1_MID2(Metformin);HNM1_TPO4(Metformin);HUG1_ALO1(Metformin);HUG1_PGM2(Metformin);MID2_PIN2(5-FC);MID2_PIN2(Metformin);MID2_RSN1(5-FC);MID2_RSN1(Metformin);MID2_TPO2(Metformin);MID2_TPO2(Trifluoperazine);MID2_TPO4(Metformin);PMC1_CTR2(Metformin);RET2_EMP47(Metformin);RET2_EMP70(5-FC);SNA4_GTR2(5-FC);SRO9_DHH1(Metformin);SRO9_SGN1(5-FC);SRO9_SGN1(Trifluoperazine);SRO9_SGN1(noDrug);SSH1_ERG11(5-FC);SSH1_ERG11(Metformin);SSH1_ERG11(noDrug);SSH1_ORM2(Metformin);TPO1_MID2(Metformin);TPO1_TCB2(5-FC);TPO1_TCB2(Metformin);TPO1_TCB2(noDrug);TPO1_TPO2(5-FC);TPO1_TPO2(Trifluoperazine);TPO1_TPO2(noDrug),,,piQTL_only
chr15:484698,HNM1_TPO4,Metformin,0.398408702,ALO1_UIP4(5-FC);ALO1_UIP4(Metformin);ALO1_UIP4(Trifluoperazine);ALO1_UIP4(noDrug);ERG11_ACF2(Metformin);ERG11_ERG5(Trifluoperazine);ERG11_ERV25(5-FC);ERG11_ERV25(noDrug);ERG11_MID2(5-FC);ERG11_MID2(Trifluoperazine);ERG11_MID2(noDrug);ERG11_ORM2(noDrug);ERG11_PIS1(5-FC);ERG11_PIS1(Trifluoperazine);ERG11_PIS1(noDrug);ERG11_TPO4(5-FC);ERG27_ACF2(Metformin);ERV25_ERG5(5-FC);ERV25_ERG5(Trifluoperazine);FMP45_MEP1(5-FC);FMP45_MID2(Metformin);HNM1_ERG11(5-FC);HNM1_ERG11(Metformin);HNM1_MID2(Metformin);HNM1_TPO4(Metformin);HUG1_ALO1(Metformin);HUG1_PGM2(Metformin);MID2_PIN2(5-FC);MID2_PIN2(Metformin);MID2_RSN1(5-FC);MID2_RSN1(Metformin);MID2_TPO2(Metformin);MID2_TPO2(Trifluoperazine);MID2_TPO4(Metformin);PMC1_CTR2(Metformin);RET2_EMP47(Metformin);RET2_EMP70(5-FC);SNA4_GTR2(5-FC);SRO9_DHH1(Metformin);SRO9_SGN1(5-FC);SRO9_SGN1(Trifluoperazine);SRO9_SGN1(noDrug);SSH1_ERG11(5-FC);SSH1_ERG11(Metformin);SSH1_ERG11(noDrug);SSH1_ORM2(Metformin);TPO1_MID2(Metformin);TPO1_TCB2(5-FC);TPO1_TCB2(Metformin);TPO1_TCB2(noDrug);TPO1_TPO2(5-FC);TPO1_TPO2(Trifluoperazine);TPO1_TPO2(noDrug),,,piQTL_only
chr15:484698,HUG1_ALO1,Metformin,0.589816637,ALO1_UIP4(5-FC);ALO1_UIP4(Metformin);ALO1_UIP4(Trifluoperazine);ALO1_UIP4(noDrug);ERG11_ACF2(Metformin);ERG11_ERG5(Trifluoperazine);ERG11_ERV25(5-FC);ERG11_ERV25(noDrug);ERG11_MID2(5-FC);ERG11_MID2(Trifluoperazine);ERG11_MID2(noDrug);ERG11_ORM2(noDrug);ERG11_PIS1(5-FC);ERG11_PIS1(Trifluoperazine);ERG11_PIS1(noDrug);ERG11_TPO4(5-FC);ERG27_ACF2(Metformin);ERV25_ERG5(5-FC);ERV25_ERG5(Trifluoperazine);FMP45_MEP1(5-FC);FMP45_MID2(Metformin);HNM1_ERG11(5-FC);HNM1_ERG11(Metformin);HNM1_MID2(Metformin);HNM1_TPO4(Metformin);HUG1_ALO1(Metformin);HUG1_PGM2(Metformin);MID2_PIN2(5-FC);MID2_PIN2(Metformin);MID2_RSN1(5-FC);MID2_RSN1(Metformin);MID2_TPO2(Metformin);MID2_TPO2(Trifluoperazine);MID2_TPO4(Metformin);PMC1_CTR2(Metformin);RET2_EMP47(Metformin);RET2_EMP70(5-FC);SNA4_GTR2(5-FC);SRO9_DHH1(Metformin);SRO9_SGN1(5-FC);SRO9_SGN1(Trifluoperazine);SRO9_SGN1(noDrug);SSH1_ERG11(5-FC);SSH1_ERG11(Metformin);SSH1_ERG11(noDrug);SSH1_ORM2(Metformin);TPO1_MID2(Metformin);TPO1_TCB2(5-FC);TPO1_TCB2(Metformin);TPO1_TCB2(noDrug);TPO1_TPO2(5-FC);TPO1_TPO2(Trifluoperazine);TPO1_TPO2(noDrug),,,piQTL_only
chr15:484698,HUG1_PGM2,Metformin,0.616597598,ALO1_UIP4(5-FC);ALO1_UIP4(Metformin);ALO1_UIP4(Trifluoperazine);ALO1_UIP4(noDrug);ERG11_ACF2(Metformin);ERG11_ERG5(Trifluoperazine);ERG11_ERV25(5-FC);ERG11_ERV25(noDrug);ERG11_MID2(5-FC);ERG11_MID2(Trifluoperazine);ERG11_MID2(noDrug);ERG11_ORM2(noDrug);ERG11_PIS1(5-FC);ERG11_PIS1(Trifluoperazine);ERG11_PIS1(noDrug);ERG11_TPO4(5-FC);ERG27_ACF2(Metformin);ERV25_ERG5(5-FC);ERV25_ERG5(Trifluoperazine);FMP45_MEP1(5-FC);FMP45_MID2(Metformin);HNM1_ERG11(5-FC);HNM1_ERG11(Metformin);HNM1_MID2(Metformin);HNM1_TPO4(Metformin);HUG1_ALO1(Metformin);HUG1_PGM2(Metformin);MID2_PIN2(5-FC);MID2_PIN2(Metformin);MID2_RSN1(5-FC);MID2_RSN1(Metformin);MID2_TPO2(Metformin);MID2_TPO2(Trifluoperazine);MID2_TPO4(Metformin);PMC1_CTR2(Metformin);RET2_EMP47(Metformin);RET2_EMP70(5-FC);SNA4_GTR2(5-FC);SRO9_DHH1(Metformin);SRO9_SGN1(5-FC);SRO9_SGN1(Trifluoperazine);SRO9_SGN1(noDrug);SSH1_ERG11(5-FC);SSH1_ERG11(Metformin);SSH1_ERG11(noDrug);SSH1_ORM2(Metformin);TPO1_MID2(Metformin);TPO1_TCB2(5-FC);TPO1_TCB2(Metformin);TPO1_TCB2(noDrug);TPO1_TPO2(5-FC);TPO1_TPO2(Trifluoperazine);TPO1_TPO2(noDrug),,,piQTL_only
chr15:484698,MID2_PIN2,5-FC,0.54928066,ALO1_UIP4(5-FC);ALO1_UIP4(Metformin);ALO1_UIP4(Trifluoperazine);ALO1_UIP4(noDrug);ERG11_ACF2(Metformin);ERG11_ERG5(Trifluoperazine);ERG11_ERV25(5-FC);ERG11_ERV25(noDrug);ERG11_MID2(5-FC);ERG11_MID2(Trifluoperazine);ERG11_MID2(noDrug);ERG11_ORM2(noDrug);ERG11_PIS1(5-FC);ERG11_PIS1(Trifluoperazine);ERG11_PIS1(noDrug);ERG11_TPO4(5-FC);ERG27_ACF2(Metformin);ERV25_ERG5(5-FC);ERV25_ERG5(Trifluoperazine);FMP45_MEP1(5-FC);FMP45_MID2(Metformin);HNM1_ERG11(5-FC);HNM1_ERG11(Metformin);HNM1_MID2(Metformin);HNM1_TPO4(Metformin);HUG1_ALO1(Metformin);HUG1_PGM2(Metformin);MID2_PIN2(5-FC);MID2_PIN2(Metformin);MID2_RSN1(5-FC);MID2_RSN1(Metformin);MID2_TPO2(Metformin);MID2_TPO2(Trifluoperazine);MID2_TPO4(Metformin);PMC1_CTR2(Metformin);RET2_EMP47(Metformin);RET2_EMP70(5-FC);SNA4_GTR2(5-FC);SRO9_DHH1(Metformin);SRO9_SGN1(5-FC);SRO9_SGN1(Trifluoperazine);SRO9_SGN1(noDrug);SSH1_ERG11(5-FC);SSH1_ERG11(Metformin);SSH1_ERG11(noDrug);SSH1_ORM2(Metformin);TPO1_MID2(Metformin);TPO1_TCB2(5-FC);TPO1_TCB2(Metformin);TPO1_TCB2(noDrug);TPO1_TPO2(5-FC);TPO1_TPO2(Trifluoperazine);TPO1_TPO2(noDrug),,,piQTL_only
chr15:484698,MID2_PIN2,Metformin,0.598898988,ALO1_UIP4(5-FC);ALO1_UIP4(Metformin);ALO1_UIP4(Trifluoperazine);ALO1_UIP4(noDrug);ERG11_ACF2(Metformin);ERG11_ERG5(Trifluoperazine);ERG11_ERV25(5-FC);ERG11_ERV25(noDrug);ERG11_MID2(5-FC);ERG11_MID2(Trifluoperazine);ERG11_MID2(noDrug);ERG11_ORM2(noDrug);ERG11_PIS1(5-FC);ERG11_PIS1(Trifluoperazine);ERG11_PIS1(noDrug);ERG11_TPO4(5-FC);ERG27_ACF2(Metformin);ERV25_ERG5(5-FC);ERV25_ERG5(Trifluoperazine);FMP45_MEP1(5-FC);FMP45_MID2(Metformin);HNM1_ERG11(5-FC);HNM1_ERG11(Metformin);HNM1_MID2(Metformin);HNM1_TPO4(Metformin);HUG1_ALO1(Metformin);HUG1_PGM2(Metformin);MID2_PIN2(5-FC);MID2_PIN2(Metformin);MID2_RSN1(5-FC);MID2_RSN1(Metformin);MID2_TPO2(Metformin);MID2_TPO2(Trifluoperazine);MID2_TPO4(Metformin);PMC1_CTR2(Metformin);RET2_EMP47(Metformin);RET2_EMP70(5-FC);SNA4_GTR2(5-FC);SRO9_DHH1(Metformin);SRO9_SGN1(5-FC);SRO9_SGN1(Trifluoperazine);SRO9_SGN1(noDrug);SSH1_ERG11(5-FC);SSH1_ERG11(Metformin);SSH1_ERG11(noDrug);SSH1_ORM2(Metformin);TPO1_MID2(Metformin);TPO1_TCB2(5-FC);TPO1_TCB2(Metformin);TPO1_TCB2(noDrug);TPO1_TPO2(5-FC);TPO1_TPO2(Trifluoperazine);TPO1_TPO2(noDrug),,,piQTL_only
chr15:484698,MID2_RSN1,5-FC,0.583090979,ALO1_UIP4(5-FC);ALO1_UIP4(Metformin);ALO1_UIP4(Trifluoperazine);ALO1_UIP4(noDrug);ERG11_ACF2(Metformin);ERG11_ERG5(Trifluoperazine);ERG11_ERV25(5-FC);ERG11_ERV25(noDrug);ERG11_MID2(5-FC);ERG11_MID2(Trifluoperazine);ERG11_MID2(noDrug);ERG11_ORM2(noDrug);ERG11_PIS1(5-FC);ERG11_PIS1(Trifluoperazine);ERG11_PIS1(noDrug);ERG11_TPO4(5-FC);ERG27_ACF2(Metformin);ERV25_ERG5(5-FC);ERV25_ERG5(Trifluoperazine);FMP45_MEP1(5-FC);FMP45_MID2(Metformin);HNM1_ERG11(5-FC);HNM1_ERG11(Metformin);HNM1_MID2(Metformin);HNM1_TPO4(Metformin);HUG1_ALO1(Metformin);HUG1_PGM2(Metformin);MID2_PIN2(5-FC);MID2_PIN2(Metformin);MID2_RSN1(5-FC);MID2_RSN1(Metformin);MID2_TPO2(Metformin);MID2_TPO2(Trifluoperazine);MID2_TPO4(Metformin);PMC1_CTR2(Metformin);RET2_EMP47(Metformin);RET2_EMP70(5-FC);SNA4_GTR2(5-FC);SRO9_DHH1(Metformin);SRO9_SGN1(5-FC);SRO9_SGN1(Trifluoperazine);SRO9_SGN1(noDrug);SSH1_ERG11(5-FC);SSH1_ERG11(Metformin);SSH1_ERG11(noDrug);SSH1_ORM2(Metformin);TPO1_MID2(Metformin);TPO1_TCB2(5-FC);TPO1_TCB2(Metformin);TPO1_TCB2(noDrug);TPO1_TPO2(5-FC);TPO1_TPO2(Trifluoperazine);TPO1_TPO2(noDrug),,,piQTL_only
chr15:484698,MID2_RSN1,Metformin,0.5687345,ALO1_UIP4(5-FC);ALO1_UIP4(Metformin);ALO1_UIP4(Trifluoperazine);ALO1_UIP4(noDrug);ERG11_ACF2(Metformin);ERG11_ERG5(Trifluoperazine);ERG11_ERV25(5-FC);ERG11_ERV25(noDrug);ERG11_MID2(5-FC);ERG11_MID2(Trifluoperazine);ERG11_MID2(noDrug);ERG11_ORM2(noDrug);ERG11_PIS1(5-FC);ERG11_PIS1(Trifluoperazine);ERG11_PIS1(noDrug);ERG11_TPO4(5-FC);ERG27_ACF2(Metformin);ERV25_ERG5(5-FC);ERV25_ERG5(Trifluoperazine);FMP45_MEP1(5-FC);FMP45_MID2(Metformin);HNM1_ERG11(5-FC);HNM1_ERG11(Metformin);HNM1_MID2(Metformin);HNM1_TPO4(Metformin);HUG1_ALO1(Metformin);HUG1_PGM2(Metformin);MID2_PIN2(5-FC);MID2_PIN2(Metformin);MID2_RSN1(5-FC);MID2_RSN1(Metformin);MID2_TPO2(Metformin);MID2_TPO2(Trifluoperazine);MID2_TPO4(Metformin);PMC1_CTR2(Metformin);RET2_EMP47(Metformin);RET2_EMP70(5-FC);SNA4_GTR2(5-FC);SRO9_DHH1(Metformin);SRO9_SGN1(5-FC);SRO9_SGN1(Trifluoperazine);SRO9_SGN1(noDrug);SSH1_ERG11(5-FC);SSH1_ERG11(Metformin);SSH1_ERG11(noDrug);SSH1_ORM2(Metformin);TPO1_MID2(Metformin);TPO1_TCB2(5-FC);TPO1_TCB2(Metformin);TPO1_TCB2(noDrug);TPO1_TPO2(5-FC);TPO1_TPO2(Trifluoperazine);TPO1_TPO2(noDrug),,,piQTL_only
chr15:484698,MID2_TPO2,Metformin,0.464240292,ALO1_UIP4(5-FC);ALO1_UIP4(Metformin);ALO1_UIP4(Trifluoperazine);ALO1_UIP4(noDrug);ERG11_ACF2(Metformin);ERG11_ERG5(Trifluoperazine);ERG11_ERV25(5-FC);ERG11_ERV25(noDrug);ERG11_MID2(5-FC);ERG11_MID2(Trifluoperazine);ERG11_MID2(noDrug);ERG11_ORM2(noDrug);ERG11_PIS1(5-FC);ERG11_PIS1(Trifluoperazine);ERG11_PIS1(noDrug);ERG11_TPO4(5-FC);ERG27_ACF2(Metformin);ERV25_ERG5(5-FC);ERV25_ERG5(Trifluoperazine);FMP45_MEP1(5-FC);FMP45_MID2(Metformin);HNM1_ERG11(5-FC);HNM1_ERG11(Metformin);HNM1_MID2(Metformin);HNM1_TPO4(Metformin);HUG1_ALO1(Metformin);HUG1_PGM2(Metformin);MID2_PIN2(5-FC);MID2_PIN2(Metformin);MID2_RSN1(5-FC);MID2_RSN1(Metformin);MID2_TPO2(Metformin);MID2_TPO2(Trifluoperazine);MID2_TPO4(Metformin);PMC1_CTR2(Metformin);RET2_EMP47(Metformin);RET2_EMP70(5-FC);SNA4_GTR2(5-FC);SRO9_DHH1(Metformin);SRO9_SGN1(5-FC);SRO9_SGN1(Trifluoperazine);SRO9_SGN1(noDrug);SSH1_ERG11(5-FC);SSH1_ERG11(Metformin);SSH1_ERG11(noDrug);SSH1_ORM2(Metformin);TPO1_MID2(Metformin);TPO1_TCB2(5-FC);TPO1_TCB2(Metformin);TPO1_TCB2(noDrug);TPO1_TPO2(5-FC);TPO1_TPO2(Trifluoperazine);TPO1_TPO2(noDrug),,,piQTL_only
chr15:484698,MID2_TPO2,Trifluoperazine,0.579050652,ALO1_UIP4(5-FC);ALO1_UIP4(Metformin);ALO1_UIP4(Trifluoperazine);ALO1_UIP4(noDrug);ERG11_ACF2(Metformin);ERG11_ERG5(Trifluoperazine);ERG11_ERV25(5-FC);ERG11_ERV25(noDrug);ERG11_MID2(5-FC);ERG11_MID2(Trifluoperazine);ERG11_MID2(noDrug);ERG11_ORM2(noDrug);ERG11_PIS1(5-FC);ERG11_PIS1(Trifluoperazine);ERG11_PIS1(noDrug);ERG11_TPO4(5-FC);ERG27_ACF2(Metformin);ERV25_ERG5(5-FC);ERV25_ERG5(Trifluoperazine);FMP45_MEP1(5-FC);FMP45_MID2(Metformin);HNM1_ERG11(5-FC);HNM1_ERG11(Metformin);HNM1_MID2(Metformin);HNM1_TPO4(Metformin);HUG1_ALO1(Metformin);HUG1_PGM2(Metformin);MID2_PIN2(5-FC);MID2_PIN2(Metformin);MID2_RSN1(5-FC);MID2_RSN1(Metformin);MID2_TPO2(Metformin);MID2_TPO2(Trifluoperazine);MID2_TPO4(Metformin);PMC1_CTR2(Metformin);RET2_EMP47(Metformin);RET2_EMP70(5-FC);SNA4_GTR2(5-FC);SRO9_DHH1(Metformin);SRO9_SGN1(5-FC);SRO9_SGN1(Trifluoperazine);SRO9_SGN1(noDrug);SSH1_ERG11(5-FC);SSH1_ERG11(Metformin);SSH1_ERG11(noDrug);SSH1_ORM2(Metformin);TPO1_MID2(Metformin);TPO1_TCB2(5-FC);TPO1_TCB2(Metformin);TPO1_TCB2(noDrug);TPO1_TPO2(5-FC);TPO1_TPO2(Trifluoperazine);TPO1_TPO2(noDrug),,,piQTL_only
chr15:484698,MID2_TPO4,Metformin,0.361351129,ALO1_UIP4(5-FC);ALO1_UIP4(Metformin);ALO1_UIP4(Trifluoperazine);ALO1_UIP4(noDrug);ERG11_ACF2(Metformin);ERG11_ERG5(Trifluoperazine);ERG11_ERV25(5-FC);ERG11_ERV25(noDrug);ERG11_MID2(5-FC);ERG11_MID2(Trifluoperazine);ERG11_MID2(noDrug);ERG11_ORM2(noDrug);ERG11_PIS1(5-FC);ERG11_PIS1(Trifluoperazine);ERG11_PIS1(noDrug);ERG11_TPO4(5-FC);ERG27_ACF2(Metformin);ERV25_ERG5(5-FC);ERV25_ERG5(Trifluoperazine);FMP45_MEP1(5-FC);FMP45_MID2(Metformin);HNM1_ERG11(5-FC);HNM1_ERG11(Metformin);HNM1_MID2(Metformin);HNM1_TPO4(Metformin);HUG1_ALO1(Metformin);HUG1_PGM2(Metformin);MID2_PIN2(5-FC);MID2_PIN2(Metformin);MID2_RSN1(5-FC);MID2_RSN1(Metformin);MID2_TPO2(Metformin);MID2_TPO2(Trifluoperazine);MID2_TPO4(Metformin);PMC1_CTR2(Metformin);RET2_EMP47(Metformin);RET2_EMP70(5-FC);SNA4_GTR2(5-FC);SRO9_DHH1(Metformin);SRO9_SGN1(5-FC);SRO9_SGN1(Trifluoperazine);SRO9_SGN1(noDrug);SSH1_ERG11(5-FC);SSH1_ERG11(Metformin);SSH1_ERG11(noDrug);SSH1_ORM2(Metformin);TPO1_MID2(Metformin);TPO1_TCB2(5-FC);TPO1_TCB2(Metformin);TPO1_TCB2(noDrug);TPO1_TPO2(5-FC);TPO1_TPO2(Trifluoperazine);TPO1_TPO2(noDrug),,,piQTL_only
chr15:484698,PMC1_CTR2,Metformin,0.551757147,ALO1_UIP4(5-FC);ALO1_UIP4(Metformin);ALO1_UIP4(Trifluoperazine);ALO1_UIP4(noDrug);ERG11_ACF2(Metformin);ERG11_ERG5(Trifluoperazine);ERG11_ERV25(5-FC);ERG11_ERV25(noDrug);ERG11_MID2(5-FC);ERG11_MID2(Trifluoperazine);ERG11_MID2(noDrug);ERG11_ORM2(noDrug);ERG11_PIS1(5-FC);ERG11_PIS1(Trifluoperazine);ERG11_PIS1(noDrug);ERG11_TPO4(5-FC);ERG27_ACF2(Metformin);ERV25_ERG5(5-FC);ERV25_ERG5(Trifluoperazine);FMP45_MEP1(5-FC);FMP45_MID2(Metformin);HNM1_ERG11(5-FC);HNM1_ERG11(Metformin);HNM1_MID2(Metformin);HNM1_TPO4(Metformin);HUG1_ALO1(Metformin);HUG1_PGM2(Metformin);MID2_PIN2(5-FC);MID2_PIN2(Metformin);MID2_RSN1(5-FC);MID2_RSN1(Metformin);MID2_TPO2(Metformin);MID2_TPO2(Trifluoperazine);MID2_TPO4(Metformin);PMC1_CTR2(Metformin);RET2_EMP47(Metformin);RET2_EMP70(5-FC);SNA4_GTR2(5-FC);SRO9_DHH1(Metformin);SRO9_SGN1(5-FC);SRO9_SGN1(Trifluoperazine);SRO9_SGN1(noDrug);SSH1_ERG11(5-FC);SSH1_ERG11(Metformin);SSH1_ERG11(noDrug);SSH1_ORM2(Metformin);TPO1_MID2(Metformin);TPO1_TCB2(5-FC);TPO1_TCB2(Metformin);TPO1_TCB2(noDrug);TPO1_TPO2(5-FC);TPO1_TPO2(Trifluoperazine);TPO1_TPO2(noDrug),,,piQTL_only
chr15:484698,RET2_EMP47,Metformin,0.349912142,ALO1_UIP4(5-FC);ALO1_UIP4(Metformin);ALO1_UIP4(Trifluoperazine);ALO1_UIP4(noDrug);ERG11_ACF2(Metformin);ERG11_ERG5(Trifluoperazine);ERG11_ERV25(5-FC);ERG11_ERV25(noDrug);ERG11_MID2(5-FC);ERG11_MID2(Trifluoperazine);ERG11_MID2(noDrug);ERG11_ORM2(noDrug);ERG11_PIS1(5-FC);ERG11_PIS1(Trifluoperazine);ERG11_PIS1(noDrug);ERG11_TPO4(5-FC);ERG27_ACF2(Metformin);ERV25_ERG5(5-FC);ERV25_ERG5(Trifluoperazine);FMP45_MEP1(5-FC);FMP45_MID2(Metformin);HNM1_ERG11(5-FC);HNM1_ERG11(Metformin);HNM1_MID2(Metformin);HNM1_TPO4(Metformin);HUG1_ALO1(Metformin);HUG1_PGM2(Metformin);MID2_PIN2(5-FC);MID2_PIN2(Metformin);MID2_RSN1(5-FC);MID2_RSN1(Metformin);MID2_TPO2(Metformin);MID2_TPO2(Trifluoperazine);MID2_TPO4(Metformin);PMC1_CTR2(Metformin);RET2_EMP47(Metformin);RET2_EMP70(5-FC);SNA4_GTR2(5-FC);SRO9_DHH1(Metformin);SRO9_SGN1(5-FC);SRO9_SGN1(Trifluoperazine);SRO9_SGN1(noDrug);SSH1_ERG11(5-FC);SSH1_ERG11(Metformin);SSH1_ERG11(noDrug);SSH1_ORM2(Metformin);TPO1_MID2(Metformin);TPO1_TCB2(5-FC);TPO1_TCB2(Metformin);TPO1_TCB2(noDrug);TPO1_TPO2(5-FC);TPO1_TPO2(Trifluoperazine);TPO1_TPO2(noDrug),,,piQTL_only
chr15:484698,RET2_EMP70,5-FC,0.408272804,ALO1_UIP4(5-FC);ALO1_UIP4(Metformin);ALO1_UIP4(Trifluoperazine);ALO1_UIP4(noDrug);ERG11_ACF2(Metformin);ERG11_ERG5(Trifluoperazine);ERG11_ERV25(5-FC);ERG11_ERV25(noDrug);ERG11_MID2(5-FC);ERG11_MID2(Trifluoperazine);ERG11_MID2(noDrug);ERG11_ORM2(noDrug);ERG11_PIS1(5-FC);ERG11_PIS1(Trifluoperazine);ERG11_PIS1(noDrug);ERG11_TPO4(5-FC);ERG27_ACF2(Metformin);ERV25_ERG5(5-FC);ERV25_ERG5(Trifluoperazine);FMP45_MEP1(5-FC);FMP45_MID2(Metformin);HNM1_ERG11(5-FC);HNM1_ERG11(Metformin);HNM1_MID2(Metformin);HNM1_TPO4(Metformin);HUG1_ALO1(Metformin);HUG1_PGM2(Metformin);MID2_PIN2(5-FC);MID2_PIN2(Metformin);MID2_RSN1(5-FC);MID2_RSN1(Metformin);MID2_TPO2(Metformin);MID2_TPO2(Trifluoperazine);MID2_TPO4(Metformin);PMC1_CTR2(Metformin);RET2_EMP47(Metformin);RET2_EMP70(5-FC);SNA4_GTR2(5-FC);SRO9_DHH1(Metformin);SRO9_SGN1(5-FC);SRO9_SGN1(Trifluoperazine);SRO9_SGN1(noDrug);SSH1_ERG11(5-FC);SSH1_ERG11(Metformin);SSH1_ERG11(noDrug);SSH1_ORM2(Metformin);TPO1_MID2(Metformin);TPO1_TCB2(5-FC);TPO1_TCB2(Metformin);TPO1_TCB2(noDrug);TPO1_TPO2(5-FC);TPO1_TPO2(Trifluoperazine);TPO1_TPO2(noDrug),,,piQTL_only
chr15:484698,SNA4_GTR2,5-FC,0.547957713,ALO1_UIP4(5-FC);ALO1_UIP4(Metformin);ALO1_UIP4(Trifluoperazine);ALO1_UIP4(noDrug);ERG11_ACF2(Metformin);ERG11_ERG5(Trifluoperazine);ERG11_ERV25(5-FC);ERG11_ERV25(noDrug);ERG11_MID2(5-FC);ERG11_MID2(Trifluoperazine);ERG11_MID2(noDrug);ERG11_ORM2(noDrug);ERG11_PIS1(5-FC);ERG11_PIS1(Trifluoperazine);ERG11_PIS1(noDrug);ERG11_TPO4(5-FC);ERG27_ACF2(Metformin);ERV25_ERG5(5-FC);ERV25_ERG5(Trifluoperazine);FMP45_MEP1(5-FC);FMP45_MID2(Metformin);HNM1_ERG11(5-FC);HNM1_ERG11(Metformin);HNM1_MID2(Metformin);HNM1_TPO4(Metformin);HUG1_ALO1(Metformin);HUG1_PGM2(Metformin);MID2_PIN2(5-FC);MID2_PIN2(Metformin);MID2_RSN1(5-FC);MID2_RSN1(Metformin);MID2_TPO2(Metformin);MID2_TPO2(Trifluoperazine);MID2_TPO4(Metformin);PMC1_CTR2(Metformin);RET2_EMP47(Metformin);RET2_EMP70(5-FC);SNA4_GTR2(5-FC);SRO9_DHH1(Metformin);SRO9_SGN1(5-FC);SRO9_SGN1(Trifluoperazine);SRO9_SGN1(noDrug);SSH1_ERG11(5-FC);SSH1_ERG11(Metformin);SSH1_ERG11(noDrug);SSH1_ORM2(Metformin);TPO1_MID2(Metformin);TPO1_TCB2(5-FC);TPO1_TCB2(Metformin);TPO1_TCB2(noDrug);TPO1_TPO2(5-FC);TPO1_TPO2(Trifluoperazine);TPO1_TPO2(noDrug),,,piQTL_only
chr15:484698,SRO9_DHH1,Metformin,0.349079266,ALO1_UIP4(5-FC);ALO1_UIP4(Metformin);ALO1_UIP4(Trifluoperazine);ALO1_UIP4(noDrug);ERG11_ACF2(Metformin);ERG11_ERG5(Trifluoperazine);ERG11_ERV25(5-FC);ERG11_ERV25(noDrug);ERG11_MID2(5-FC);ERG11_MID2(Trifluoperazine);ERG11_MID2(noDrug);ERG11_ORM2(noDrug);ERG11_PIS1(5-FC);ERG11_PIS1(Trifluoperazine);ERG11_PIS1(noDrug);ERG11_TPO4(5-FC);ERG27_ACF2(Metformin);ERV25_ERG5(5-FC);ERV25_ERG5(Trifluoperazine);FMP45_MEP1(5-FC);FMP45_MID2(Metformin);HNM1_ERG11(5-FC);HNM1_ERG11(Metformin);HNM1_MID2(Metformin);HNM1_TPO4(Metformin);HUG1_ALO1(Metformin);HUG1_PGM2(Metformin);MID2_PIN2(5-FC);MID2_PIN2(Metformin);MID2_RSN1(5-FC);MID2_RSN1(Metformin);MID2_TPO2(Metformin);MID2_TPO2(Trifluoperazine);MID2_TPO4(Metformin);PMC1_CTR2(Metformin);RET2_EMP47(Metformin);RET2_EMP70(5-FC);SNA4_GTR2(5-FC);SRO9_DHH1(Metformin);SRO9_SGN1(5-FC);SRO9_SGN1(Trifluoperazine);SRO9_SGN1(noDrug);SSH1_ERG11(5-FC);SSH1_ERG11(Metformin);SSH1_ERG11(noDrug);SSH1_ORM2(Metformin);TPO1_MID2(Metformin);TPO1_TCB2(5-FC);TPO1_TCB2(Metformin);TPO1_TCB2(noDrug);TPO1_TPO2(5-FC);TPO1_TPO2(Trifluoperazine);TPO1_TPO2(noDrug),,,piQTL_only
chr15:483470,SRO9_GIS2,5-FC,0.338019404,HNM1_MAM33(5-FC);SRO9_GIS2(5-FC),,,piQTL_only
chr15:484698,SRO9_SGN1,5-FC,0.591116044,ALO1_UIP4(5-FC);ALO1_UIP4(Metformin);ALO1_UIP4(Trifluoperazine);ALO1_UIP4(noDrug);ERG11_ACF2(Metformin);ERG11_ERG5(Trifluoperazine);ERG11_ERV25(5-FC);ERG11_ERV25(noDrug);ERG11_MID2(5-FC);ERG11_MID2(Trifluoperazine);ERG11_MID2(noDrug);ERG11_ORM2(noDrug);ERG11_PIS1(5-FC);ERG11_PIS1(Trifluoperazine);ERG11_PIS1(noDrug);ERG11_TPO4(5-FC);ERG27_ACF2(Metformin);ERV25_ERG5(5-FC);ERV25_ERG5(Trifluoperazine);FMP45_MEP1(5-FC);FMP45_MID2(Metformin);HNM1_ERG11(5-FC);HNM1_ERG11(Metformin);HNM1_MID2(Metformin);HNM1_TPO4(Metformin);HUG1_ALO1(Metformin);HUG1_PGM2(Metformin);MID2_PIN2(5-FC);MID2_PIN2(Metformin);MID2_RSN1(5-FC);MID2_RSN1(Metformin);MID2_TPO2(Metformin);MID2_TPO2(Trifluoperazine);MID2_TPO4(Metformin);PMC1_CTR2(Metformin);RET2_EMP47(Metformin);RET2_EMP70(5-FC);SNA4_GTR2(5-FC);SRO9_DHH1(Metformin);SRO9_SGN1(5-FC);SRO9_SGN1(Trifluoperazine);SRO9_SGN1(noDrug);SSH1_ERG11(5-FC);SSH1_ERG11(Metformin);SSH1_ERG11(noDrug);SSH1_ORM2(Metformin);TPO1_MID2(Metformin);TPO1_TCB2(5-FC);TPO1_TCB2(Metformin);TPO1_TCB2(noDrug);TPO1_TPO2(5-FC);TPO1_TPO2(Trifluoperazine);TPO1_TPO2(noDrug),,,piQTL_only
chr15:484698,SRO9_SGN1,Trifluoperazine,0.582671928,ALO1_UIP4(5-FC);ALO1_UIP4(Metformin);ALO1_UIP4(Trifluoperazine);ALO1_UIP4(noDrug);ERG11_ACF2(Metformin);ERG11_ERG5(Trifluoperazine);ERG11_ERV25(5-FC);ERG11_ERV25(noDrug);ERG11_MID2(5-FC);ERG11_MID2(Trifluoperazine);ERG11_MID2(noDrug);ERG11_ORM2(noDrug);ERG11_PIS1(5-FC);ERG11_PIS1(Trifluoperazine);ERG11_PIS1(noDrug);ERG11_TPO4(5-FC);ERG27_ACF2(Metformin);ERV25_ERG5(5-FC);ERV25_ERG5(Trifluoperazine);FMP45_MEP1(5-FC);FMP45_MID2(Metformin);HNM1_ERG11(5-FC);HNM1_ERG11(Metformin);HNM1_MID2(Metformin);HNM1_TPO4(Metformin);HUG1_ALO1(Metformin);HUG1_PGM2(Metformin);MID2_PIN2(5-FC);MID2_PIN2(Metformin);MID2_RSN1(5-FC);MID2_RSN1(Metformin);MID2_TPO2(Metformin);MID2_TPO2(Trifluoperazine);MID2_TPO4(Metformin);PMC1_CTR2(Metformin);RET2_EMP47(Metformin);RET2_EMP70(5-FC);SNA4_GTR2(5-FC);SRO9_DHH1(Metformin);SRO9_SGN1(5-FC);SRO9_SGN1(Trifluoperazine);SRO9_SGN1(noDrug);SSH1_ERG11(5-FC);SSH1_ERG11(Metformin);SSH1_ERG11(noDrug);SSH1_ORM2(Metformin);TPO1_MID2(Metformin);TPO1_TCB2(5-FC);TPO1_TCB2(Metformin);TPO1_TCB2(noDrug);TPO1_TPO2(5-FC);TPO1_TPO2(Trifluoperazine);TPO1_TPO2(noDrug),,,piQTL_only
chr15:484698,SRO9_SGN1,noDrug,0.576271564,ALO1_UIP4(5-FC);ALO1_UIP4(Metformin);ALO1_UIP4(Trifluoperazine);ALO1_UIP4(noDrug);ERG11_ACF2(Metformin);ERG11_ERG5(Trifluoperazine);ERG11_ERV25(5-FC);ERG11_ERV25(noDrug);ERG11_MID2(5-FC);ERG11_MID2(Trifluoperazine);ERG11_MID2(noDrug);ERG11_ORM2(noDrug);ERG11_PIS1(5-FC);ERG11_PIS1(Trifluoperazine);ERG11_PIS1(noDrug);ERG11_TPO4(5-FC);ERG27_ACF2(Metformin);ERV25_ERG5(5-FC);ERV25_ERG5(Trifluoperazine);FMP45_MEP1(5-FC);FMP45_MID2(Metformin);HNM1_ERG11(5-FC);HNM1_ERG11(Metformin);HNM1_MID2(Metformin);HNM1_TPO4(Metformin);HUG1_ALO1(Metformin);HUG1_PGM2(Metformin);MID2_PIN2(5-FC);MID2_PIN2(Metformin);MID2_RSN1(5-FC);MID2_RSN1(Metformin);MID2_TPO2(Metformin);MID2_TPO2(Trifluoperazine);MID2_TPO4(Metformin);PMC1_CTR2(Metformin);RET2_EMP47(Metformin);RET2_EMP70(5-FC);SNA4_GTR2(5-FC);SRO9_DHH1(Metformin);SRO9_SGN1(5-FC);SRO9_SGN1(Trifluoperazine);SRO9_SGN1(noDrug);SSH1_ERG11(5-FC);SSH1_ERG11(Metformin);SSH1_ERG11(noDrug);SSH1_ORM2(Metformin);TPO1_MID2(Metformin);TPO1_TCB2(5-FC);TPO1_TCB2(Metformin);TPO1_TCB2(noDrug);TPO1_TPO2(5-FC);TPO1_TPO2(Trifluoperazine);TPO1_TPO2(noDrug),,,piQTL_only
chr15:484698,SSH1_ERG11,5-FC,0.602347472,ALO1_UIP4(5-FC);ALO1_UIP4(Metformin);ALO1_UIP4(Trifluoperazine);ALO1_UIP4(noDrug);ERG11_ACF2(Metformin);ERG11_ERG5(Trifluoperazine);ERG11_ERV25(5-FC);ERG11_ERV25(noDrug);ERG11_MID2(5-FC);ERG11_MID2(Trifluoperazine);ERG11_MID2(noDrug);ERG11_ORM2(noDrug);ERG11_PIS1(5-FC);ERG11_PIS1(Trifluoperazine);ERG11_PIS1(noDrug);ERG11_TPO4(5-FC);ERG27_ACF2(Metformin);ERV25_ERG5(5-FC);ERV25_ERG5(Trifluoperazine);FMP45_MEP1(5-FC);FMP45_MID2(Metformin);HNM1_ERG11(5-FC);HNM1_ERG11(Metformin);HNM1_MID2(Metformin);HNM1_TPO4(Metformin);HUG1_ALO1(Metformin);HUG1_PGM2(Metformin);MID2_PIN2(5-FC);MID2_PIN2(Metformin);MID2_RSN1(5-FC);MID2_RSN1(Metformin);MID2_TPO2(Metformin);MID2_TPO2(Trifluoperazine);MID2_TPO4(Metformin);PMC1_CTR2(Metformin);RET2_EMP47(Metformin);RET2_EMP70(5-FC);SNA4_GTR2(5-FC);SRO9_DHH1(Metformin);SRO9_SGN1(5-FC);SRO9_SGN1(Trifluoperazine);SRO9_SGN1(noDrug);SSH1_ERG11(5-FC);SSH1_ERG11(Metformin);SSH1_ERG11(noDrug);SSH1_ORM2(Metformin);TPO1_MID2(Metformin);TPO1_TCB2(5-FC);TPO1_TCB2(Metformin);TPO1_TCB2(noDrug);TPO1_TPO2(5-FC);TPO1_TPO2(Trifluoperazine);TPO1_TPO2(noDrug),,,piQTL_only
chr15:484698,SSH1_ERG11,Metformin,0.398903534,ALO1_UIP4(5-FC);ALO1_UIP4(Metformin);ALO1_UIP4(Trifluoperazine);ALO1_UIP4(noDrug);ERG11_ACF2(Metformin);ERG11_ERG5(Trifluoperazine);ERG11_ERV25(5-FC);ERG11_ERV25(noDrug);ERG11_MID2(5-FC);ERG11_MID2(Trifluoperazine);ERG11_MID2(noDrug);ERG11_ORM2(noDrug);ERG11_PIS1(5-FC);ERG11_PIS1(Trifluoperazine);ERG11_PIS1(noDrug);ERG11_TPO4(5-FC);ERG27_ACF2(Metformin);ERV25_ERG5(5-FC);ERV25_ERG5(Trifluoperazine);FMP45_MEP1(5-FC);FMP45_MID2(Metformin);HNM1_ERG11(5-FC);HNM1_ERG11(Metformin);HNM1_MID2(Metformin);HNM1_TPO4(Metformin);HUG1_ALO1(Metformin);HUG1_PGM2(Metformin);MID2_PIN2(5-FC);MID2_PIN2(Metformin);MID2_RSN1(5-FC);MID2_RSN1(Metformin);MID2_TPO2(Metformin);MID2_TPO2(Trifluoperazine);MID2_TPO4(Metformin);PMC1_CTR2(Metformin);RET2_EMP47(Metformin);RET2_EMP70(5-FC);SNA4_GTR2(5-FC);SRO9_DHH1(Metformin);SRO9_SGN1(5-FC);SRO9_SGN1(Trifluoperazine);SRO9_SGN1(noDrug);SSH1_ERG11(5-FC);SSH1_ERG11(Metformin);SSH1_ERG11(noDrug);SSH1_ORM2(Metformin);TPO1_MID2(Metformin);TPO1_TCB2(5-FC);TPO1_TCB2(Metformin);TPO1_TCB2(noDrug);TPO1_TPO2(5-FC);TPO1_TPO2(Trifluoperazine);TPO1_TPO2(noDrug),,,piQTL_only
chr15:484698,SSH1_ERG11,noDrug,0.587664501,ALO1_UIP4(5-FC);ALO1_UIP4(Metformin);ALO1_UIP4(Trifluoperazine);ALO1_UIP4(noDrug);ERG11_ACF2(Metformin);ERG11_ERG5(Trifluoperazine);ERG11_ERV25(5-FC);ERG11_ERV25(noDrug);ERG11_MID2(5-FC);ERG11_MID2(Trifluoperazine);ERG11_MID2(noDrug);ERG11_ORM2(noDrug);ERG11_PIS1(5-FC);ERG11_PIS1(Trifluoperazine);ERG11_PIS1(noDrug);ERG11_TPO4(5-FC);ERG27_ACF2(Metformin);ERV25_ERG5(5-FC);ERV25_ERG5(Trifluoperazine);FMP45_MEP1(5-FC);FMP45_MID2(Metformin);HNM1_ERG11(5-FC);HNM1_ERG11(Metformin);HNM1_MID2(Metformin);HNM1_TPO4(Metformin);HUG1_ALO1(Metformin);HUG1_PGM2(Metformin);MID2_PIN2(5-FC);MID2_PIN2(Metformin);MID2_RSN1(5-FC);MID2_RSN1(Metformin);MID2_TPO2(Metformin);MID2_TPO2(Trifluoperazine);MID2_TPO4(Metformin);PMC1_CTR2(Metformin);RET2_EMP47(Metformin);RET2_EMP70(5-FC);SNA4_GTR2(5-FC);SRO9_DHH1(Metformin);SRO9_SGN1(5-FC);SRO9_SGN1(Trifluoperazine);SRO9_SGN1(noDrug);SSH1_ERG11(5-FC);SSH1_ERG11(Metformin);SSH1_ERG11(noDrug);SSH1_ORM2(Metformin);TPO1_MID2(Metformin);TPO1_TCB2(5-FC);TPO1_TCB2(Metformin);TPO1_TCB2(noDrug);TPO1_TPO2(5-FC);TPO1_TPO2(Trifluoperazine);TPO1_TPO2(noDrug),,,piQTL_only
chr15:484698,SSH1_ORM2,Metformin,0.525744306,ALO1_UIP4(5-FC);ALO1_UIP4(Metformin);ALO1_UIP4(Trifluoperazine);ALO1_UIP4(noDrug);ERG11_ACF2(Metformin);ERG11_ERG5(Trifluoperazine);ERG11_ERV25(5-FC);ERG11_ERV25(noDrug);ERG11_MID2(5-FC);ERG11_MID2(Trifluoperazine);ERG11_MID2(noDrug);ERG11_ORM2(noDrug);ERG11_PIS1(5-FC);ERG11_PIS1(Trifluoperazine);ERG11_PIS1(noDrug);ERG11_TPO4(5-FC);ERG27_ACF2(Metformin);ERV25_ERG5(5-FC);ERV25_ERG5(Trifluoperazine);FMP45_MEP1(5-FC);FMP45_MID2(Metformin);HNM1_ERG11(5-FC);HNM1_ERG11(Metformin);HNM1_MID2(Metformin);HNM1_TPO4(Metformin);HUG1_ALO1(Metformin);HUG1_PGM2(Metformin);MID2_PIN2(5-FC);MID2_PIN2(Metformin);MID2_RSN1(5-FC);MID2_RSN1(Metformin);MID2_TPO2(Metformin);MID2_TPO2(Trifluoperazine);MID2_TPO4(Metformin);PMC1_CTR2(Metformin);RET2_EMP47(Metformin);RET2_EMP70(5-FC);SNA4_GTR2(5-FC);SRO9_DHH1(Metformin);SRO9_SGN1(5-FC);SRO9_SGN1(Trifluoperazine);SRO9_SGN1(noDrug);SSH1_ERG11(5-FC);SSH1_ERG11(Metformin);SSH1_ERG11(noDrug);SSH1_ORM2(Metformin);TPO1_MID2(Metformin);TPO1_TCB2(5-FC);TPO1_TCB2(Metformin);TPO1_TCB2(noDrug);TPO1_TPO2(5-FC);TPO1_TPO2(Trifluoperazine);TPO1_TPO2(noDrug),,,piQTL_only
chr15:484698,TPO1_MID2,Metformin,0.387962954,ALO1_UIP4(5-FC);ALO1_UIP4(Metformin);ALO1_UIP4(Trifluoperazine);ALO1_UIP4(noDrug);ERG11_ACF2(Metformin);ERG11_ERG5(Trifluoperazine);ERG11_ERV25(5-FC);ERG11_ERV25(noDrug);ERG11_MID2(5-FC);ERG11_MID2(Trifluoperazine);ERG11_MID2(noDrug);ERG11_ORM2(noDrug);ERG11_PIS1(5-FC);ERG11_PIS1(Trifluoperazine);ERG11_PIS1(noDrug);ERG11_TPO4(5-FC);ERG27_ACF2(Metformin);ERV25_ERG5(5-FC);ERV25_ERG5(Trifluoperazine);FMP45_MEP1(5-FC);FMP45_MID2(Metformin);HNM1_ERG11(5-FC);HNM1_ERG11(Metformin);HNM1_MID2(Metformin);HNM1_TPO4(Metformin);HUG1_ALO1(Metformin);HUG1_PGM2(Metformin);MID2_PIN2(5-FC);MID2_PIN2(Metformin);MID2_RSN1(5-FC);MID2_RSN1(Metformin);MID2_TPO2(Metformin);MID2_TPO2(Trifluoperazine);MID2_TPO4(Metformin);PMC1_CTR2(Metformin);RET2_EMP47(Metformin);RET2_EMP70(5-FC);SNA4_GTR2(5-FC);SRO9_DHH1(Metformin);SRO9_SGN1(5-FC);SRO9_SGN1(Trifluoperazine);SRO9_SGN1(noDrug);SSH1_ERG11(5-FC);SSH1_ERG11(Metformin);SSH1_ERG11(noDrug);SSH1_ORM2(Metformin);TPO1_MID2(Metformin);TPO1_TCB2(5-FC);TPO1_TCB2(Metformin);TPO1_TCB2(noDrug);TPO1_TPO2(5-FC);TPO1_TPO2(Trifluoperazine);TPO1_TPO2(noDrug),,,piQTL_only
chr15:484698,TPO1_TCB2,5-FC,0.618155629,ALO1_UIP4(5-FC);ALO1_UIP4(Metformin);ALO1_UIP4(Trifluoperazine);ALO1_UIP4(noDrug);ERG11_ACF2(Metformin);ERG11_ERG5(Trifluoperazine);ERG11_ERV25(5-FC);ERG11_ERV25(noDrug);ERG11_MID2(5-FC);ERG11_MID2(Trifluoperazine);ERG11_MID2(noDrug);ERG11_ORM2(noDrug);ERG11_PIS1(5-FC);ERG11_PIS1(Trifluoperazine);ERG11_PIS1(noDrug);ERG11_TPO4(5-FC);ERG27_ACF2(Metformin);ERV25_ERG5(5-FC);ERV25_ERG5(Trifluoperazine);FMP45_MEP1(5-FC);FMP45_MID2(Metformin);HNM1_ERG11(5-FC);HNM1_ERG11(Metformin);HNM1_MID2(Metformin);HNM1_TPO4(Metformin);HUG1_ALO1(Metformin);HUG1_PGM2(Metformin);MID2_PIN2(5-FC);MID2_PIN2(Metformin);MID2_RSN1(5-FC);MID2_RSN1(Metformin);MID2_TPO2(Metformin);MID2_TPO2(Trifluoperazine);MID2_TPO4(Metformin);PMC1_CTR2(Metformin);RET2_EMP47(Metformin);RET2_EMP70(5-FC);SNA4_GTR2(5-FC);SRO9_DHH1(Metformin);SRO9_SGN1(5-FC);SRO9_SGN1(Trifluoperazine);SRO9_SGN1(noDrug);SSH1_ERG11(5-FC);SSH1_ERG11(Metformin);SSH1_ERG11(noDrug);SSH1_ORM2(Metformin);TPO1_MID2(Metformin);TPO1_TCB2(5-FC);TPO1_TCB2(Metformin);TPO1_TCB2(noDrug);TPO1_TPO2(5-FC);TPO1_TPO2(Trifluoperazine);TPO1_TPO2(noDrug),,,piQTL_only
chr15:484698,TPO1_TCB2,Metformin,0.515887817,ALO1_UIP4(5-FC);ALO1_UIP4(Metformin);ALO1_UIP4(Trifluoperazine);ALO1_UIP4(noDrug);ERG11_ACF2(Metformin);ERG11_ERG5(Trifluoperazine);ERG11_ERV25(5-FC);ERG11_ERV25(noDrug);ERG11_MID2(5-FC);ERG11_MID2(Trifluoperazine);ERG11_MID2(noDrug);ERG11_ORM2(noDrug);ERG11_PIS1(5-FC);ERG11_PIS1(Trifluoperazine);ERG11_PIS1(noDrug);ERG11_TPO4(5-FC);ERG27_ACF2(Metformin);ERV25_ERG5(5-FC);ERV25_ERG5(Trifluoperazine);FMP45_MEP1(5-FC);FMP45_MID2(Metformin);HNM1_ERG11(5-FC);HNM1_ERG11(Metformin);HNM1_MID2(Metformin);HNM1_TPO4(Metformin);HUG1_ALO1(Metformin);HUG1_PGM2(Metformin);MID2_PIN2(5-FC);MID2_PIN2(Metformin);MID2_RSN1(5-FC);MID2_RSN1(Metformin);MID2_TPO2(Metformin);MID2_TPO2(Trifluoperazine);MID2_TPO4(Metformin);PMC1_CTR2(Metformin);RET2_EMP47(Metformin);RET2_EMP70(5-FC);SNA4_GTR2(5-FC);SRO9_DHH1(Metformin);SRO9_SGN1(5-FC);SRO9_SGN1(Trifluoperazine);SRO9_SGN1(noDrug);SSH1_ERG11(5-FC);SSH1_ERG11(Metformin);SSH1_ERG11(noDrug);SSH1_ORM2(Metformin);TPO1_MID2(Metformin);TPO1_TCB2(5-FC);TPO1_TCB2(Metformin);TPO1_TCB2(noDrug);TPO1_TPO2(5-FC);TPO1_TPO2(Trifluoperazine);TPO1_TPO2(noDrug),,,piQTL_only
chr15:484698,TPO1_TCB2,noDrug,0.523220859,ALO1_UIP4(5-FC);ALO1_UIP4(Metformin);ALO1_UIP4(Trifluoperazine);ALO1_UIP4(noDrug);ERG11_ACF2(Metformin);ERG11_ERG5(Trifluoperazine);ERG11_ERV25(5-FC);ERG11_ERV25(noDrug);ERG11_MID2(5-FC);ERG11_MID2(Trifluoperazine);ERG11_MID2(noDrug);ERG11_ORM2(noDrug);ERG11_PIS1(5-FC);ERG11_PIS1(Trifluoperazine);ERG11_PIS1(noDrug);ERG11_TPO4(5-FC);ERG27_ACF2(Metformin);ERV25_ERG5(5-FC);ERV25_ERG5(Trifluoperazine);FMP45_MEP1(5-FC);FMP45_MID2(Metformin);HNM1_ERG11(5-FC);HNM1_ERG11(Metformin);HNM1_MID2(Metformin);HNM1_TPO4(Metformin);HUG1_ALO1(Metformin);HUG1_PGM2(Metformin);MID2_PIN2(5-FC);MID2_PIN2(Metformin);MID2_RSN1(5-FC);MID2_RSN1(Metformin);MID2_TPO2(Metformin);MID2_TPO2(Trifluoperazine);MID2_TPO4(Metformin);PMC1_CTR2(Metformin);RET2_EMP47(Metformin);RET2_EMP70(5-FC);SNA4_GTR2(5-FC);SRO9_DHH1(Metformin);SRO9_SGN1(5-FC);SRO9_SGN1(Trifluoperazine);SRO9_SGN1(noDrug);SSH1_ERG11(5-FC);SSH1_ERG11(Metformin);SSH1_ERG11(noDrug);SSH1_ORM2(Metformin);TPO1_MID2(Metformin);TPO1_TCB2(5-FC);TPO1_TCB2(Metformin);TPO1_TCB2(noDrug);TPO1_TPO2(5-FC);TPO1_TPO2(Trifluoperazine);TPO1_TPO2(noDrug),,,piQTL_only
chr15:484698,TPO1_TPO2,5-FC,0.466349315,ALO1_UIP4(5-FC);ALO1_UIP4(Metformin);ALO1_UIP4(Trifluoperazine);ALO1_UIP4(noDrug);ERG11_ACF2(Metformin);ERG11_ERG5(Trifluoperazine);ERG11_ERV25(5-FC);ERG11_ERV25(noDrug);ERG11_MID2(5-FC);ERG11_MID2(Trifluoperazine);ERG11_MID2(noDrug);ERG11_ORM2(noDrug);ERG11_PIS1(5-FC);ERG11_PIS1(Trifluoperazine);ERG11_PIS1(noDrug);ERG11_TPO4(5-FC);ERG27_ACF2(Metformin);ERV25_ERG5(5-FC);ERV25_ERG5(Trifluoperazine);FMP45_MEP1(5-FC);FMP45_MID2(Metformin);HNM1_ERG11(5-FC);HNM1_ERG11(Metformin);HNM1_MID2(Metformin);HNM1_TPO4(Metformin);HUG1_ALO1(Metformin);HUG1_PGM2(Metformin);MID2_PIN2(5-FC);MID2_PIN2(Metformin);MID2_RSN1(5-FC);MID2_RSN1(Metformin);MID2_TPO2(Metformin);MID2_TPO2(Trifluoperazine);MID2_TPO4(Metformin);PMC1_CTR2(Metformin);RET2_EMP47(Metformin);RET2_EMP70(5-FC);SNA4_GTR2(5-FC);SRO9_DHH1(Metformin);SRO9_SGN1(5-FC);SRO9_SGN1(Trifluoperazine);SRO9_SGN1(noDrug);SSH1_ERG11(5-FC);SSH1_ERG11(Metformin);SSH1_ERG11(noDrug);SSH1_ORM2(Metformin);TPO1_MID2(Metformin);TPO1_TCB2(5-FC);TPO1_TCB2(Metformin);TPO1_TCB2(noDrug);TPO1_TPO2(5-FC);TPO1_TPO2(Trifluoperazine);TPO1_TPO2(noDrug),,,piQTL_only
chr15:484698,TPO1_TPO2,Trifluoperazine,0.589171467,ALO1_UIP4(5-FC);ALO1_UIP4(Metformin);ALO1_UIP4(Trifluoperazine);ALO1_UIP4(noDrug);ERG11_ACF2(Metformin);ERG11_ERG5(Trifluoperazine);ERG11_ERV25(5-FC);ERG11_ERV25(noDrug);ERG11_MID2(5-FC);ERG11_MID2(Trifluoperazine);ERG11_MID2(noDrug);ERG11_ORM2(noDrug);ERG11_PIS1(5-FC);ERG11_PIS1(Trifluoperazine);ERG11_PIS1(noDrug);ERG11_TPO4(5-FC);ERG27_ACF2(Metformin);ERV25_ERG5(5-FC);ERV25_ERG5(Trifluoperazine);FMP45_MEP1(5-FC);FMP45_MID2(Metformin);HNM1_ERG11(5-FC);HNM1_ERG11(Metformin);HNM1_MID2(Metformin);HNM1_TPO4(Metformin);HUG1_ALO1(Metformin);HUG1_PGM2(Metformin);MID2_PIN2(5-FC);MID2_PIN2(Metformin);MID2_RSN1(5-FC);MID2_RSN1(Metformin);MID2_TPO2(Metformin);MID2_TPO2(Trifluoperazine);MID2_TPO4(Metformin);PMC1_CTR2(Metformin);RET2_EMP47(Metformin);RET2_EMP70(5-FC);SNA4_GTR2(5-FC);SRO9_DHH1(Metformin);SRO9_SGN1(5-FC);SRO9_SGN1(Trifluoperazine);SRO9_SGN1(noDrug);SSH1_ERG11(5-FC);SSH1_ERG11(Metformin);SSH1_ERG11(noDrug);SSH1_ORM2(Metformin);TPO1_MID2(Metformin);TPO1_TCB2(5-FC);TPO1_TCB2(Metformin);TPO1_TCB2(noDrug);TPO1_TPO2(5-FC);TPO1_TPO2(Trifluoperazine);TPO1_TPO2(noDrug),,,piQTL_only
chr15:484698,TPO1_TPO2,noDrug,0.681051057,ALO1_UIP4(5-FC);ALO1_UIP4(Metformin);ALO1_UIP4(Trifluoperazine);ALO1_UIP4(noDrug);ERG11_ACF2(Metformin);ERG11_ERG5(Trifluoperazine);ERG11_ERV25(5-FC);ERG11_ERV25(noDrug);ERG11_MID2(5-FC);ERG11_MID2(Trifluoperazine);ERG11_MID2(noDrug);ERG11_ORM2(noDrug);ERG11_PIS1(5-FC);ERG11_PIS1(Trifluoperazine);ERG11_PIS1(noDrug);ERG11_TPO4(5-FC);ERG27_ACF2(Metformin);ERV25_ERG5(5-FC);ERV25_ERG5(Trifluoperazine);FMP45_MEP1(5-FC);FMP45_MID2(Metformin);HNM1_ERG11(5-FC);HNM1_ERG11(Metformin);HNM1_MID2(Metformin);HNM1_TPO4(Metformin);HUG1_ALO1(Metformin);HUG1_PGM2(Metformin);MID2_PIN2(5-FC);MID2_PIN2(Metformin);MID2_RSN1(5-FC);MID2_RSN1(Metformin);MID2_TPO2(Metformin);MID2_TPO2(Trifluoperazine);MID2_TPO4(Metformin);PMC1_CTR2(Metformin);RET2_EMP47(Metformin);RET2_EMP70(5-FC);SNA4_GTR2(5-FC);SRO9_DHH1(Metformin);SRO9_SGN1(5-FC);SRO9_SGN1(Trifluoperazine);SRO9_SGN1(noDrug);SSH1_ERG11(5-FC);SSH1_ERG11(Metformin);SSH1_ERG11(noDrug);SSH1_ORM2(Metformin);TPO1_MID2(Metformin);TPO1_TCB2(5-FC);TPO1_TCB2(Metformin);TPO1_TCB2(noDrug);TPO1_TPO2(5-FC);TPO1_TPO2(Trifluoperazine);TPO1_TPO2(noDrug),,,piQTL_only
chr15:487554,ERG11_TPO4,Fluconazole,0.487097589,ERG11_TPO4(Fluconazole),SLM5;VPS55,,eQTL_only
chr15:525000,SRO9_GIS2,Fluconazole,0.496059744,SRO9_GIS2(Fluconazole),,,piQTL_only
chr15:859618,ADE17_PGM2,Trifluoperazine,0.533036542,ADE17_PGM2(Trifluoperazine),,,piQTL_only
chr15:867290,ADE17_PGM2,Trifluoperazine,0.577217299,ADE17_PGM2(Trifluoperazine),,ARO4;LYS20,pQTL_only
chr15:870871,ADE17_PGM2,noDrug,0.500377952,ADE17_PGM2(noDrug),,ADH4; ZRG5;SSA2;PGK1,pQTL_only
chr15:863468,ERG11_TPO4,5-FC,0.503028491,ERG11_TPO4(5-FC);ERG27_ACF2(Trifluoperazine);ERV25_EMP47(Trifluoperazine);ERV25_UIP4(noDrug);FMP45_MEP1(Metformin);SRO9_DHH1(Fluconazole),,,piQTL_only
chr15:863468,ERG27_ACF2,Trifluoperazine,0.548501242,ERG11_TPO4(5-FC);ERG27_ACF2(Trifluoperazine);ERV25_EMP47(Trifluoperazine);ERV25_UIP4(noDrug);FMP45_MEP1(Metformin);SRO9_DHH1(Fluconazole),,,piQTL_only
chr15:863468,ERV25_EMP47,Trifluoperazine,0.618841061,ERG11_TPO4(5-FC);ERG27_ACF2(Trifluoperazine);ERV25_EMP47(Trifluoperazine);ERV25_UIP4(noDrug);FMP45_MEP1(Metformin);SRO9_DHH1(Fluconazole),,,piQTL_only
chr15:863468,ERV25_UIP4,noDrug,0.64651889,ERG11_TPO4(5-FC);ERG27_ACF2(Trifluoperazine);ERV25_EMP47(Trifluoperazine);ERV25_UIP4(noDrug);FMP45_MEP1(Metformin);SRO9_DHH1(Fluconazole),,,piQTL_only
chr15:863468,FMP45_MEP1,Metformin,0.473912897,ERG11_TPO4(5-FC);ERG27_ACF2(Trifluoperazine);ERV25_EMP47(Trifluoperazine);ERV25_UIP4(noDrug);FMP45_MEP1(Metformin);SRO9_DHH1(Fluconazole),,,piQTL_only
chr15:863468,SRO9_DHH1,Fluconazole,0.593258426,ERG11_TPO4(5-FC);ERG27_ACF2(Trifluoperazine);ERV25_EMP47(Trifluoperazine);ERV25_UIP4(noDrug);FMP45_MEP1(Metformin);SRO9_DHH1(Fluconazole),,,piQTL_only
chr15:877112,ADE17_PGM2,Trifluoperazine,1.325353565,ADE17_PGM2(Trifluoperazine);ADE17_PGM2(noDrug);ERV25_ERG5(Trifluoperazine),,,piQTL_only
chr15:877112,ADE17_PGM2,noDrug,1.035483101,ADE17_PGM2(Trifluoperazine);ADE17_PGM2(noDrug);ERV25_ERG5(Trifluoperazine),,,piQTL_only
chr15:877112,ERV25_ERG5,Trifluoperazine,1.063663438,ADE17_PGM2(Trifluoperazine);ADE17_PGM2(noDrug);ERV25_ERG5(Trifluoperazine),,,piQTL_only
chr15:887134,ADE17_PGM2,Trifluoperazine,0.584102813,ADE17_PGM2(Trifluoperazine),YEL023C;ATG34,,eQTL_only
chr15:880049,ERG11_ERV25,noDrug,0.421775136,ERG11_ERV25(noDrug),,URA1;RNR4; CRT3,pQTL_only
chr15:887279,FMP45_MEP1,Metformin,0.470625812,FMP45_MEP1(Metformin),,,piQTL_only
chr16:56655,HUG1_ADE17,5-FC,2.119711097,HUG1_ADE17(5-FC),,,piQTL_only
chr1:68621,SSH1_PIS1,5-FC,0.750117584,SSH1_PIS1(5-FC);SSH1_PIS1(Metformin);SSH1_PIS1(Trifluoperazine);SSH1_PIS1(noDrug),,,piQTL_only
chr1:68621,SSH1_PIS1,Metformin,0.596248308,SSH1_PIS1(5-FC);SSH1_PIS1(Metformin);SSH1_PIS1(Trifluoperazine);SSH1_PIS1(noDrug),,,piQTL_only
chr1:68621,SSH1_PIS1,Trifluoperazine,0.695319223,SSH1_PIS1(5-FC);SSH1_PIS1(Metformin);SSH1_PIS1(Trifluoperazine);SSH1_PIS1(noDrug),,,piQTL_only
chr1:68621,SSH1_PIS1,noDrug,0.669136259,SSH1_PIS1(5-FC);SSH1_PIS1(Metformin);SSH1_PIS1(Trifluoperazine);SSH1_PIS1(noDrug),,,piQTL_only
chr16:156560,SRO9_SGN1,Metformin,0.24022453,SRO9_SGN1(Metformin),,,piQTL_only
chr16:228836,HNM1_MID2,Metformin,0.2530019,HNM1_MID2(Metformin),,,piQTL_only
chr16:225111,SNA4_VAC8,Metformin,0.316513017,SNA4_VAC8(Metformin),,,piQTL_only
chr16:246835,ERG11_HYR1,5-FC,0.539438787,ERG11_HYR1(5-FC);GTR1_SLM4(Trifluoperazine),,RRB1;VMA13; CLS11,pQTL_only
chr16:246835,GTR1_SLM4,Trifluoperazine,0.812956582,ERG11_HYR1(5-FC);GTR1_SLM4(Trifluoperazine),,RRB1;VMA13; CLS11,pQTL_only
chr16:388383,MID2_TPO2,5-FC,0.60472225,MID2_TPO2(5-FC);MID2_WSC2(5-FC),,,piQTL_only
chr16:388383,MID2_WSC2,5-FC,0.567243355,MID2_TPO2(5-FC);MID2_WSC2(5-FC),,,piQTL_only
chr16:385700,MID2_WSC2,Trifluoperazine,0.574505448,MID2_WSC2(Trifluoperazine),,,piQTL_only
chr16:591786,ALO1_HYR1,Fluconazole,0.656108772,ALO1_HYR1(Fluconazole),,,piQTL_only
chr16:585943,ERV25_PIS1,5-FC,0.597756086,ERV25_PIS1(5-FC),,,piQTL_only
chr16:587778,FMP45_HNM1,noDrug,0.560261362,FMP45_HNM1(noDrug);FMP45_MID2(Trifluoperazine),,COX13,pQTL_only
chr16:586993,FMP45_MID2,5-FC,0.622866881,FMP45_MID2(5-FC);HNM1_RBD2(noDrug),,ABF2; HIM1;ACH1;AIM2;BMH1;BMH2;CDC48;LIA1; MMD1;TEF4; EFC1;UGA1;GLT1;GRE3;SSA1;HSP78;MET3;RAS2;MES1;THS1;ZRT1,pQTL_only
chr16:587778,FMP45_MID2,Trifluoperazine,0.564919902,FMP45_HNM1(noDrug);FMP45_MID2(Trifluoperazine),,COX13,pQTL_only
chr16:587395,FMP45_MID2,noDrug,0.603558312,FMP45_MID2(noDrug);HNM1_RBD2(Trifluoperazine),,ACT1;MVD1;UTH1,pQTL_only
chr16:587395,HNM1_RBD2,Trifluoperazine,0.518593816,FMP45_MID2(noDrug);HNM1_RBD2(Trifluoperazine),,ACT1;MVD1;UTH1,pQTL_only
chr16:586993,HNM1_RBD2,noDrug,0.497009709,FMP45_MID2(5-FC);HNM1_RBD2(noDrug),,ABF2; HIM1;ACH1;AIM2;BMH1;BMH2;CDC48;LIA1; MMD1;TEF4; EFC1;UGA1;GLT1;GRE3;SSA1;HSP78;MET3;RAS2;MES1;THS1;ZRT1,pQTL_only
chr16:622910,HNM1_RBD2,Fluconazole,0.477433829,HNM1_RBD2(Fluconazole),,,piQTL_only
chr3:1933,MID2_WSC2,Fluconazole,0.690455762,MID2_WSC2(Fluconazole),,,piQTL_only
chr16:786427,ERG11_ORM2,5-FC,1.835347024,ERG11_ORM2(5-FC),,DYS1;DPH5;END3;LYS9; LYS13;PUP3;RNR4; CRT3;PET123,pQTL_only
chr16:836372,ADE17_GIS2,Fluconazole,0.44568902,ADE17_GIS2(Fluconazole);ALO1_ADE17(5-FC);ALO1_ADE17(Trifluoperazine);ALO1_ADE17(noDrug);ERG11_ACF2(5-FC);ERG11_ACF2(noDrug);ERG11_ORM2(5-FC);ERG11_PIS1(noDrug);ERG27_ACF2(noDrug);ERV25_UIP4(5-FC);ERV25_UIP4(Trifluoperazine);HNM1_TPO2(5-FC);HUG1_ALO1(5-FC);HUG1_ALO1(noDrug);HUG1_PGM2(Trifluoperazine);HUG1_PGM2(noDrug);PLM2_HNM1(5-FC);PLM2_HNM1(noDrug);PMC1_CTR2(5-FC);PMC1_CTR2(noDrug);PMC1_GTR2(Trifluoperazine);PMC1_GTR2(noDrug);SRO9_DHH1(noDrug);SRO9_GIS2(noDrug);TPO1_TPO2(noDrug),,,piQTL_only
chr16:836372,ALO1_ADE17,5-FC,0.714236331,ADE17_GIS2(Fluconazole);ALO1_ADE17(5-FC);ALO1_ADE17(Trifluoperazine);ALO1_ADE17(noDrug);ERG11_ACF2(5-FC);ERG11_ACF2(noDrug);ERG11_ORM2(5-FC);ERG11_PIS1(noDrug);ERG27_ACF2(noDrug);ERV25_UIP4(5-FC);ERV25_UIP4(Trifluoperazine);HNM1_TPO2(5-FC);HUG1_ALO1(5-FC);HUG1_ALO1(noDrug);HUG1_PGM2(Trifluoperazine);HUG1_PGM2(noDrug);PLM2_HNM1(5-FC);PLM2_HNM1(noDrug);PMC1_CTR2(5-FC);PMC1_CTR2(noDrug);PMC1_GTR2(Trifluoperazine);PMC1_GTR2(noDrug);SRO9_DHH1(noDrug);SRO9_GIS2(noDrug);TPO1_TPO2(noDrug),,,piQTL_only
chr16:831753,ALO1_ADE17,Metformin,0.549320546,ALO1_ADE17(Metformin);ERV25_UIP4(Metformin);ERV25_UIP4(noDrug);HNM1_ERG11(noDrug);HNM1_MID2(noDrug);HUG1_ADE17(Metformin);HUG1_ADE17(noDrug);RET2_EMP70(Trifluoperazine),,,piQTL_only
chr16:836372,ALO1_ADE17,Trifluoperazine,0.640201281,ADE17_GIS2(Fluconazole);ALO1_ADE17(5-FC);ALO1_ADE17(Trifluoperazine);ALO1_ADE17(noDrug);ERG11_ACF2(5-FC);ERG11_ACF2(noDrug);ERG11_ORM2(5-FC);ERG11_PIS1(noDrug);ERG27_ACF2(noDrug);ERV25_UIP4(5-FC);ERV25_UIP4(Trifluoperazine);HNM1_TPO2(5-FC);HUG1_ALO1(5-FC);HUG1_ALO1(noDrug);HUG1_PGM2(Trifluoperazine);HUG1_PGM2(noDrug);PLM2_HNM1(5-FC);PLM2_HNM1(noDrug);PMC1_CTR2(5-FC);PMC1_CTR2(noDrug);PMC1_GTR2(Trifluoperazine);PMC1_GTR2(noDrug);SRO9_DHH1(noDrug);SRO9_GIS2(noDrug);TPO1_TPO2(noDrug),,,piQTL_only
chr16:836372,ALO1_ADE17,noDrug,0.744102108,ADE17_GIS2(Fluconazole);ALO1_ADE17(5-FC);ALO1_ADE17(Trifluoperazine);ALO1_ADE17(noDrug);ERG11_ACF2(5-FC);ERG11_ACF2(noDrug);ERG11_ORM2(5-FC);ERG11_PIS1(noDrug);ERG27_ACF2(noDrug);ERV25_UIP4(5-FC);ERV25_UIP4(Trifluoperazine);HNM1_TPO2(5-FC);HUG1_ALO1(5-FC);HUG1_ALO1(noDrug);HUG1_PGM2(Trifluoperazine);HUG1_PGM2(noDrug);PLM2_HNM1(5-FC);PLM2_HNM1(noDrug);PMC1_CTR2(5-FC);PMC1_CTR2(noDrug);PMC1_GTR2(Trifluoperazine);PMC1_GTR2(noDrug);SRO9_DHH1(noDrug);SRO9_GIS2(noDrug);TPO1_TPO2(noDrug),,,piQTL_only
chr16:835414,ALO1_HYR1,noDrug,0.569897102,ALO1_HYR1(noDrug);ERG11_ORM2(Trifluoperazine),,,piQTL_only
chr16:823324,ALO1_UIP4,5-FC,0.68325472,ALO1_UIP4(5-FC);ALO1_UIP4(Metformin);ALO1_UIP4(noDrug);DHH1_LSM3(noDrug);ERV25_ERG5(Trifluoperazine);MID2_RSN1(5-FC);MID2_TPO4(5-FC);RET2_SNA3(noDrug);SRO9_DHH1(Metformin);SRO9_DHH1(Trifluoperazine);TPO1_MID2(Trifluoperazine);TPO1_TCB2(5-FC);TPO1_TCB2(noDrug);TPO1_TPO2(Metformin);TPO1_TPO2(Trifluoperazine),YPR147C,,eQTL_only
chr16:823324,ALO1_UIP4,Metformin,0.525142938,ALO1_UIP4(5-FC);ALO1_UIP4(Metformin);ALO1_UIP4(noDrug);DHH1_LSM3(noDrug);ERV25_ERG5(Trifluoperazine);MID2_RSN1(5-FC);MID2_TPO4(5-FC);RET2_SNA3(noDrug);SRO9_DHH1(Metformin);SRO9_DHH1(Trifluoperazine);TPO1_MID2(Trifluoperazine);TPO1_TCB2(5-FC);TPO1_TCB2(noDrug);TPO1_TPO2(Metformin);TPO1_TPO2(Trifluoperazine),YPR147C,,eQTL_only
chr16:823324,ALO1_UIP4,noDrug,0.651432383,ALO1_UIP4(5-FC);ALO1_UIP4(Metformin);ALO1_UIP4(noDrug);DHH1_LSM3(noDrug);ERV25_ERG5(Trifluoperazine);MID2_RSN1(5-FC);MID2_TPO4(5-FC);RET2_SNA3(noDrug);SRO9_DHH1(Metformin);SRO9_DHH1(Trifluoperazine);TPO1_MID2(Trifluoperazine);TPO1_TCB2(5-FC);TPO1_TCB2(noDrug);TPO1_TPO2(Metformin);TPO1_TPO2(Trifluoperazine),YPR147C,,eQTL_only
chr16:823324,DHH1_LSM3,noDrug,0.610518866,ALO1_UIP4(5-FC);ALO1_UIP4(Metformin);ALO1_UIP4(noDrug);DHH1_LSM3(noDrug);ERV25_ERG5(Trifluoperazine);MID2_RSN1(5-FC);MID2_TPO4(5-FC);RET2_SNA3(noDrug);SRO9_DHH1(Metformin);SRO9_DHH1(Trifluoperazine);TPO1_MID2(Trifluoperazine);TPO1_TCB2(5-FC);TPO1_TCB2(noDrug);TPO1_TPO2(Metformin);TPO1_TPO2(Trifluoperazine),YPR147C,,eQTL_only
chr16:836372,ERG11_ACF2,5-FC,0.598399617,ADE17_GIS2(Fluconazole);ALO1_ADE17(5-FC);ALO1_ADE17(Trifluoperazine);ALO1_ADE17(noDrug);ERG11_ACF2(5-FC);ERG11_ACF2(noDrug);ERG11_ORM2(5-FC);ERG11_PIS1(noDrug);ERG27_ACF2(noDrug);ERV25_UIP4(5-FC);ERV25_UIP4(Trifluoperazine);HNM1_TPO2(5-FC);HUG1_ALO1(5-FC);HUG1_ALO1(noDrug);HUG1_PGM2(Trifluoperazine);HUG1_PGM2(noDrug);PLM2_HNM1(5-FC);PLM2_HNM1(noDrug);PMC1_CTR2(5-FC);PMC1_CTR2(noDrug);PMC1_GTR2(Trifluoperazine);PMC1_GTR2(noDrug);SRO9_DHH1(noDrug);SRO9_GIS2(noDrug);TPO1_TPO2(noDrug),,,piQTL_only
chr16:836372,ERG11_ACF2,noDrug,0.613608386,ADE17_GIS2(Fluconazole);ALO1_ADE17(5-FC);ALO1_ADE17(Trifluoperazine);ALO1_ADE17(noDrug);ERG11_ACF2(5-FC);ERG11_ACF2(noDrug);ERG11_ORM2(5-FC);ERG11_PIS1(noDrug);ERG27_ACF2(noDrug);ERV25_UIP4(5-FC);ERV25_UIP4(Trifluoperazine);HNM1_TPO2(5-FC);HUG1_ALO1(5-FC);HUG1_ALO1(noDrug);HUG1_PGM2(Trifluoperazine);HUG1_PGM2(noDrug);PLM2_HNM1(5-FC);PLM2_HNM1(noDrug);PMC1_CTR2(5-FC);PMC1_CTR2(noDrug);PMC1_GTR2(Trifluoperazine);PMC1_GTR2(noDrug);SRO9_DHH1(noDrug);SRO9_GIS2(noDrug);TPO1_TPO2(noDrug),,,piQTL_only
chr16:827031,ERG11_ERG5,Fluconazole,0.450814284,ERG11_ERG5(Fluconazole);FMP45_HNM1(5-FC);FMP45_MEP1(5-FC);HNM1_ERG11(5-FC);HNM1_ERG11(Trifluoperazine);HNM1_MID2(Trifluoperazine);HNM1_TPO4(5-FC);HNM1_TPO4(noDrug);HUG1_ADE17(5-FC);HUG1_PGM2(5-FC);MID2_RSN1(noDrug);MID2_TPO2(noDrug);PLM2_HNM1(Metformin);PMC1_GTR2(5-FC);RET2_SNA3(5-FC);SRO9_DHH1(5-FC);TPO1_MID2(5-FC);TPO1_MID2(noDrug),,,piQTL_only
chr16:825433,ERG11_MID2,Trifluoperazine,0.49782393,ERG11_MID2(Trifluoperazine);FMP45_MID2(5-FC);HUG1_ALO1(Metformin);HUG1_PGM2(Metformin);MID2_PIN2(Metformin);RET2_EMP47(Trifluoperazine),,,piQTL_only
chr16:836372,ERG11_ORM2,5-FC,0.549697844,ADE17_GIS2(Fluconazole);ALO1_ADE17(5-FC);ALO1_ADE17(Trifluoperazine);ALO1_ADE17(noDrug);ERG11_ACF2(5-FC);ERG11_ACF2(noDrug);ERG11_ORM2(5-FC);ERG11_PIS1(noDrug);ERG27_ACF2(noDrug);ERV25_UIP4(5-FC);ERV25_UIP4(Trifluoperazine);HNM1_TPO2(5-FC);HUG1_ALO1(5-FC);HUG1_ALO1(noDrug);HUG1_PGM2(Trifluoperazine);HUG1_PGM2(noDrug);PLM2_HNM1(5-FC);PLM2_HNM1(noDrug);PMC1_CTR2(5-FC);PMC1_CTR2(noDrug);PMC1_GTR2(Trifluoperazine);PMC1_GTR2(noDrug);SRO9_DHH1(noDrug);SRO9_GIS2(noDrug);TPO1_TPO2(noDrug),,,piQTL_only
chr16:835414,ERG11_ORM2,Trifluoperazine,0.546242742,ALO1_HYR1(noDrug);ERG11_ORM2(Trifluoperazine),,,piQTL_only
chr16:836372,ERG11_PIS1,noDrug,0.538159074,ADE17_GIS2(Fluconazole);ALO1_ADE17(5-FC);ALO1_ADE17(Trifluoperazine);ALO1_ADE17(noDrug);ERG11_ACF2(5-FC);ERG11_ACF2(noDrug);ERG11_ORM2(5-FC);ERG11_PIS1(noDrug);ERG27_ACF2(noDrug);ERV25_UIP4(5-FC);ERV25_UIP4(Trifluoperazine);HNM1_TPO2(5-FC);HUG1_ALO1(5-FC);HUG1_ALO1(noDrug);HUG1_PGM2(Trifluoperazine);HUG1_PGM2(noDrug);PLM2_HNM1(5-FC);PLM2_HNM1(noDrug);PMC1_CTR2(5-FC);PMC1_CTR2(noDrug);PMC1_GTR2(Trifluoperazine);PMC1_GTR2(noDrug);SRO9_DHH1(noDrug);SRO9_GIS2(noDrug);TPO1_TPO2(noDrug),,,piQTL_only
chr16:836372,ERG27_ACF2,noDrug,0.580693719,ADE17_GIS2(Fluconazole);ALO1_ADE17(5-FC);ALO1_ADE17(Trifluoperazine);ALO1_ADE17(noDrug);ERG11_ACF2(5-FC);ERG11_ACF2(noDrug);ERG11_ORM2(5-FC);ERG11_PIS1(noDrug);ERG27_ACF2(noDrug);ERV25_UIP4(5-FC);ERV25_UIP4(Trifluoperazine);HNM1_TPO2(5-FC);HUG1_ALO1(5-FC);HUG1_ALO1(noDrug);HUG1_PGM2(Trifluoperazine);HUG1_PGM2(noDrug);PLM2_HNM1(5-FC);PLM2_HNM1(noDrug);PMC1_CTR2(5-FC);PMC1_CTR2(noDrug);PMC1_GTR2(Trifluoperazine);PMC1_GTR2(noDrug);SRO9_DHH1(noDrug);SRO9_GIS2(noDrug);TPO1_TPO2(noDrug),,,piQTL_only
chr16:823324,ERV25_ERG5,Trifluoperazine,0.534846327,ALO1_UIP4(5-FC);ALO1_UIP4(Metformin);ALO1_UIP4(noDrug);DHH1_LSM3(noDrug);ERV25_ERG5(Trifluoperazine);MID2_RSN1(5-FC);MID2_TPO4(5-FC);RET2_SNA3(noDrug);SRO9_DHH1(Metformin);SRO9_DHH1(Trifluoperazine);TPO1_MID2(Trifluoperazine);TPO1_TCB2(5-FC);TPO1_TCB2(noDrug);TPO1_TPO2(Metformin);TPO1_TPO2(Trifluoperazine),YPR147C,,eQTL_only
chr16:836372,ERV25_UIP4,5-FC,0.730804262,ADE17_GIS2(Fluconazole);ALO1_ADE17(5-FC);ALO1_ADE17(Trifluoperazine);ALO1_ADE17(noDrug);ERG11_ACF2(5-FC);ERG11_ACF2(noDrug);ERG11_ORM2(5-FC);ERG11_PIS1(noDrug);ERG27_ACF2(noDrug);ERV25_UIP4(5-FC);ERV25_UIP4(Trifluoperazine);HNM1_TPO2(5-FC);HUG1_ALO1(5-FC);HUG1_ALO1(noDrug);HUG1_PGM2(Trifluoperazine);HUG1_PGM2(noDrug);PLM2_HNM1(5-FC);PLM2_HNM1(noDrug);PMC1_CTR2(5-FC);PMC1_CTR2(noDrug);PMC1_GTR2(Trifluoperazine);PMC1_GTR2(noDrug);SRO9_DHH1(noDrug);SRO9_GIS2(noDrug);TPO1_TPO2(noDrug),,,piQTL_only
chr16:831753,ERV25_UIP4,Metformin,0.457104244,ALO1_ADE17(Metformin);ERV25_UIP4(Metformin);ERV25_UIP4(noDrug);HNM1_ERG11(noDrug);HNM1_MID2(noDrug);HUG1_ADE17(Metformin);HUG1_ADE17(noDrug);RET2_EMP70(Trifluoperazine),,,piQTL_only
chr16:836372,ERV25_UIP4,Trifluoperazine,0.593848953,ADE17_GIS2(Fluconazole);ALO1_ADE17(5-FC);ALO1_ADE17(Trifluoperazine);ALO1_ADE17(noDrug);ERG11_ACF2(5-FC);ERG11_ACF2(noDrug);ERG11_ORM2(5-FC);ERG11_PIS1(noDrug);ERG27_ACF2(noDrug);ERV25_UIP4(5-FC);ERV25_UIP4(Trifluoperazine);HNM1_TPO2(5-FC);HUG1_ALO1(5-FC);HUG1_ALO1(noDrug);HUG1_PGM2(Trifluoperazine);HUG1_PGM2(noDrug);PLM2_HNM1(5-FC);PLM2_HNM1(noDrug);PMC1_CTR2(5-FC);PMC1_CTR2(noDrug);PMC1_GTR2(Trifluoperazine);PMC1_GTR2(noDrug);SRO9_DHH1(noDrug);SRO9_GIS2(noDrug);TPO1_TPO2(noDrug),,,piQTL_only
chr16:831753,ERV25_UIP4,noDrug,0.66506689,ALO1_ADE17(Metformin);ERV25_UIP4(Metformin);ERV25_UIP4(noDrug);HNM1_ERG11(noDrug);HNM1_MID2(noDrug);HUG1_ADE17(Metformin);HUG1_ADE17(noDrug);RET2_EMP70(Trifluoperazine),,,piQTL_only
chr16:827031,FMP45_HNM1,5-FC,0.565235371,ERG11_ERG5(Fluconazole);FMP45_HNM1(5-FC);FMP45_MEP1(5-FC);HNM1_ERG11(5-FC);HNM1_ERG11(Trifluoperazine);HNM1_MID2(Trifluoperazine);HNM1_TPO4(5-FC);HNM1_TPO4(noDrug);HUG1_ADE17(5-FC);HUG1_PGM2(5-FC);MID2_RSN1(noDrug);MID2_TPO2(noDrug);PLM2_HNM1(Metformin);PMC1_GTR2(5-FC);RET2_SNA3(5-FC);SRO9_DHH1(5-FC);TPO1_MID2(5-FC);TPO1_MID2(noDrug),,,piQTL_only
chr16:827031,FMP45_MEP1,5-FC,0.702461738,ERG11_ERG5(Fluconazole);FMP45_HNM1(5-FC);FMP45_MEP1(5-FC);HNM1_ERG11(5-FC);HNM1_ERG11(Trifluoperazine);HNM1_MID2(Trifluoperazine);HNM1_TPO4(5-FC);HNM1_TPO4(noDrug);HUG1_ADE17(5-FC);HUG1_PGM2(5-FC);MID2_RSN1(noDrug);MID2_TPO2(noDrug);PLM2_HNM1(Metformin);PMC1_GTR2(5-FC);RET2_SNA3(5-FC);SRO9_DHH1(5-FC);TPO1_MID2(5-FC);TPO1_MID2(noDrug),,,piQTL_only
chr16:825433,FMP45_MID2,5-FC,0.598313448,ERG11_MID2(Trifluoperazine);FMP45_MID2(5-FC);HUG1_ALO1(Metformin);HUG1_PGM2(Metformin);MID2_PIN2(Metformin);RET2_EMP47(Trifluoperazine),,,piQTL_only
chr16:827031,HNM1_ERG11,5-FC,0.648962032,ERG11_ERG5(Fluconazole);FMP45_HNM1(5-FC);FMP45_MEP1(5-FC);HNM1_ERG11(5-FC);HNM1_ERG11(Trifluoperazine);HNM1_MID2(Trifluoperazine);HNM1_TPO4(5-FC);HNM1_TPO4(noDrug);HUG1_ADE17(5-FC);HUG1_PGM2(5-FC);MID2_RSN1(noDrug);MID2_TPO2(noDrug);PLM2_HNM1(Metformin);PMC1_GTR2(5-FC);RET2_SNA3(5-FC);SRO9_DHH1(5-FC);TPO1_MID2(5-FC);TPO1_MID2(noDrug),,,piQTL_only
chr16:827031,HNM1_ERG11,Trifluoperazine,0.579581847,ERG11_ERG5(Fluconazole);FMP45_HNM1(5-FC);FMP45_MEP1(5-FC);HNM1_ERG11(5-FC);HNM1_ERG11(Trifluoperazine);HNM1_MID2(Trifluoperazine);HNM1_TPO4(5-FC);HNM1_TPO4(noDrug);HUG1_ADE17(5-FC);HUG1_PGM2(5-FC);MID2_RSN1(noDrug);MID2_TPO2(noDrug);PLM2_HNM1(Metformin);PMC1_GTR2(5-FC);RET2_SNA3(5-FC);SRO9_DHH1(5-FC);TPO1_MID2(5-FC);TPO1_MID2(noDrug),,,piQTL_only
chr16:831753,HNM1_ERG11,noDrug,0.633889466,ALO1_ADE17(Metformin);ERV25_UIP4(Metformin);ERV25_UIP4(noDrug);HNM1_ERG11(noDrug);HNM1_MID2(noDrug);HUG1_ADE17(Metformin);HUG1_ADE17(noDrug);RET2_EMP70(Trifluoperazine),,,piQTL_only
chr16:827031,HNM1_MID2,Trifluoperazine,0.57024806,ERG11_ERG5(Fluconazole);FMP45_HNM1(5-FC);FMP45_MEP1(5-FC);HNM1_ERG11(5-FC);HNM1_ERG11(Trifluoperazine);HNM1_MID2(Trifluoperazine);HNM1_TPO4(5-FC);HNM1_TPO4(noDrug);HUG1_ADE17(5-FC);HUG1_PGM2(5-FC);MID2_RSN1(noDrug);MID2_TPO2(noDrug);PLM2_HNM1(Metformin);PMC1_GTR2(5-FC);RET2_SNA3(5-FC);SRO9_DHH1(5-FC);TPO1_MID2(5-FC);TPO1_MID2(noDrug),,,piQTL_only
chr16:831753,HNM1_MID2,noDrug,0.612991379,ALO1_ADE17(Metformin);ERV25_UIP4(Metformin);ERV25_UIP4(noDrug);HNM1_ERG11(noDrug);HNM1_MID2(noDrug);HUG1_ADE17(Metformin);HUG1_ADE17(noDrug);RET2_EMP70(Trifluoperazine),,,piQTL_only
chr16:836372,HNM1_TPO2,5-FC,0.580181216,ADE17_GIS2(Fluconazole);ALO1_ADE17(5-FC);ALO1_ADE17(Trifluoperazine);ALO1_ADE17(noDrug);ERG11_ACF2(5-FC);ERG11_ACF2(noDrug);ERG11_ORM2(5-FC);ERG11_PIS1(noDrug);ERG27_ACF2(noDrug);ERV25_UIP4(5-FC);ERV25_UIP4(Trifluoperazine);HNM1_TPO2(5-FC);HUG1_ALO1(5-FC);HUG1_ALO1(noDrug);HUG1_PGM2(Trifluoperazine);HUG1_PGM2(noDrug);PLM2_HNM1(5-FC);PLM2_HNM1(noDrug);PMC1_CTR2(5-FC);PMC1_CTR2(noDrug);PMC1_GTR2(Trifluoperazine);PMC1_GTR2(noDrug);SRO9_DHH1(noDrug);SRO9_GIS2(noDrug);TPO1_TPO2(noDrug),,,piQTL_only
chr16:827031,HNM1_TPO4,5-FC,0.580220473,ERG11_ERG5(Fluconazole);FMP45_HNM1(5-FC);FMP45_MEP1(5-FC);HNM1_ERG11(5-FC);HNM1_ERG11(Trifluoperazine);HNM1_MID2(Trifluoperazine);HNM1_TPO4(5-FC);HNM1_TPO4(noDrug);HUG1_ADE17(5-FC);HUG1_PGM2(5-FC);MID2_RSN1(noDrug);MID2_TPO2(noDrug);PLM2_HNM1(Metformin);PMC1_GTR2(5-FC);RET2_SNA3(5-FC);SRO9_DHH1(5-FC);TPO1_MID2(5-FC);TPO1_MID2(noDrug),,,piQTL_only
chr16:828223,HNM1_TPO4,Metformin,0.327571582,HNM1_TPO4(Metformin),,,piQTL_only
chr16:827031,HNM1_TPO4,noDrug,0.543667534,ERG11_ERG5(Fluconazole);FMP45_HNM1(5-FC);FMP45_MEP1(5-FC);HNM1_ERG11(5-FC);HNM1_ERG11(Trifluoperazine);HNM1_MID2(Trifluoperazine);HNM1_TPO4(5-FC);HNM1_TPO4(noDrug);HUG1_ADE17(5-FC);HUG1_PGM2(5-FC);MID2_RSN1(noDrug);MID2_TPO2(noDrug);PLM2_HNM1(Metformin);PMC1_GTR2(5-FC);RET2_SNA3(5-FC);SRO9_DHH1(5-FC);TPO1_MID2(5-FC);TPO1_MID2(noDrug),,,piQTL_only
chr16:827031,HUG1_ADE17,5-FC,0.62512873,ERG11_ERG5(Fluconazole);FMP45_HNM1(5-FC);FMP45_MEP1(5-FC);HNM1_ERG11(5-FC);HNM1_ERG11(Trifluoperazine);HNM1_MID2(Trifluoperazine);HNM1_TPO4(5-FC);HNM1_TPO4(noDrug);HUG1_ADE17(5-FC);HUG1_PGM2(5-FC);MID2_RSN1(noDrug);MID2_TPO2(noDrug);PLM2_HNM1(Metformin);PMC1_GTR2(5-FC);RET2_SNA3(5-FC);SRO9_DHH1(5-FC);TPO1_MID2(5-FC);TPO1_MID2(noDrug),,,piQTL_only
chr16:831753,HUG1_ADE17,Metformin,0.609094075,ALO1_ADE17(Metformin);ERV25_UIP4(Metformin);ERV25_UIP4(noDrug);HNM1_ERG11(noDrug);HNM1_MID2(noDrug);HUG1_ADE17(Metformin);HUG1_ADE17(noDrug);RET2_EMP70(Trifluoperazine),,,piQTL_only
chr16:831753,HUG1_ADE17,noDrug,0.602786951,ALO1_ADE17(Metformin);ERV25_UIP4(Metformin);ERV25_UIP4(noDrug);HNM1_ERG11(noDrug);HNM1_MID2(noDrug);HUG1_ADE17(Metformin);HUG1_ADE17(noDrug);RET2_EMP70(Trifluoperazine),,,piQTL_only
chr16:836372,HUG1_ALO1,5-FC,0.765805094,ADE17_GIS2(Fluconazole);ALO1_ADE17(5-FC);ALO1_ADE17(Trifluoperazine);ALO1_ADE17(noDrug);ERG11_ACF2(5-FC);ERG11_ACF2(noDrug);ERG11_ORM2(5-FC);ERG11_PIS1(noDrug);ERG27_ACF2(noDrug);ERV25_UIP4(5-FC);ERV25_UIP4(Trifluoperazine);HNM1_TPO2(5-FC);HUG1_ALO1(5-FC);HUG1_ALO1(noDrug);HUG1_PGM2(Trifluoperazine);HUG1_PGM2(noDrug);PLM2_HNM1(5-FC);PLM2_HNM1(noDrug);PMC1_CTR2(5-FC);PMC1_CTR2(noDrug);PMC1_GTR2(Trifluoperazine);PMC1_GTR2(noDrug);SRO9_DHH1(noDrug);SRO9_GIS2(noDrug);TPO1_TPO2(noDrug),,,piQTL_only
chr16:825433,HUG1_ALO1,Metformin,0.592381829,ERG11_MID2(Trifluoperazine);FMP45_MID2(5-FC);HUG1_ALO1(Metformin);HUG1_PGM2(Metformin);MID2_PIN2(Metformin);RET2_EMP47(Trifluoperazine),,,piQTL_only
chr16:836372,HUG1_ALO1,noDrug,0.666322331,ADE17_GIS2(Fluconazole);ALO1_ADE17(5-FC);ALO1_ADE17(Trifluoperazine);ALO1_ADE17(noDrug);ERG11_ACF2(5-FC);ERG11_ACF2(noDrug);ERG11_ORM2(5-FC);ERG11_PIS1(noDrug);ERG27_ACF2(noDrug);ERV25_UIP4(5-FC);ERV25_UIP4(Trifluoperazine);HNM1_TPO2(5-FC);HUG1_ALO1(5-FC);HUG1_ALO1(noDrug);HUG1_PGM2(Trifluoperazine);HUG1_PGM2(noDrug);PLM2_HNM1(5-FC);PLM2_HNM1(noDrug);PMC1_CTR2(5-FC);PMC1_CTR2(noDrug);PMC1_GTR2(Trifluoperazine);PMC1_GTR2(noDrug);SRO9_DHH1(noDrug);SRO9_GIS2(noDrug);TPO1_TPO2(noDrug),,,piQTL_only
chr16:827031,HUG1_PGM2,5-FC,0.749113322,ERG11_ERG5(Fluconazole);FMP45_HNM1(5-FC);FMP45_MEP1(5-FC);HNM1_ERG11(5-FC);HNM1_ERG11(Trifluoperazine);HNM1_MID2(Trifluoperazine);HNM1_TPO4(5-FC);HNM1_TPO4(noDrug);HUG1_ADE17(5-FC);HUG1_PGM2(5-FC);MID2_RSN1(noDrug);MID2_TPO2(noDrug);PLM2_HNM1(Metformin);PMC1_GTR2(5-FC);RET2_SNA3(5-FC);SRO9_DHH1(5-FC);TPO1_MID2(5-FC);TPO1_MID2(noDrug),,,piQTL_only
chr16:825433,HUG1_PGM2,Metformin,0.523797516,ERG11_MID2(Trifluoperazine);FMP45_MID2(5-FC);HUG1_ALO1(Metformin);HUG1_PGM2(Metformin);MID2_PIN2(Metformin);RET2_EMP47(Trifluoperazine),,,piQTL_only
chr16:836372,HUG1_PGM2,Trifluoperazine,0.658353624,ADE17_GIS2(Fluconazole);ALO1_ADE17(5-FC);ALO1_ADE17(Trifluoperazine);ALO1_ADE17(noDrug);ERG11_ACF2(5-FC);ERG11_ACF2(noDrug);ERG11_ORM2(5-FC);ERG11_PIS1(noDrug);ERG27_ACF2(noDrug);ERV25_UIP4(5-FC);ERV25_UIP4(Trifluoperazine);HNM1_TPO2(5-FC);HUG1_ALO1(5-FC);HUG1_ALO1(noDrug);HUG1_PGM2(Trifluoperazine);HUG1_PGM2(noDrug);PLM2_HNM1(5-FC);PLM2_HNM1(noDrug);PMC1_CTR2(5-FC);PMC1_CTR2(noDrug);PMC1_GTR2(Trifluoperazine);PMC1_GTR2(noDrug);SRO9_DHH1(noDrug);SRO9_GIS2(noDrug);TPO1_TPO2(noDrug),,,piQTL_only
chr16:836372,HUG1_PGM2,noDrug,0.732899937,ADE17_GIS2(Fluconazole);ALO1_ADE17(5-FC);ALO1_ADE17(Trifluoperazine);ALO1_ADE17(noDrug);ERG11_ACF2(5-FC);ERG11_ACF2(noDrug);ERG11_ORM2(5-FC);ERG11_PIS1(noDrug);ERG27_ACF2(noDrug);ERV25_UIP4(5-FC);ERV25_UIP4(Trifluoperazine);HNM1_TPO2(5-FC);HUG1_ALO1(5-FC);HUG1_ALO1(noDrug);HUG1_PGM2(Trifluoperazine);HUG1_PGM2(noDrug);PLM2_HNM1(5-FC);PLM2_HNM1(noDrug);PMC1_CTR2(5-FC);PMC1_CTR2(noDrug);PMC1_GTR2(Trifluoperazine);PMC1_GTR2(noDrug);SRO9_DHH1(noDrug);SRO9_GIS2(noDrug);TPO1_TPO2(noDrug),,,piQTL_only
chr16:823418,MID2_PIN2,5-FC,0.529128774,MID2_PIN2(5-FC);PMC1_CTR2(Metformin);PMC1_GTR2(Metformin);SSH1_ERV25(5-FC);SSH1_ERV25(Trifluoperazine);SSH1_ERV25(noDrug),,,piQTL_only
chr16:825433,MID2_PIN2,Metformin,0.477990194,ERG11_MID2(Trifluoperazine);FMP45_MID2(5-FC);HUG1_ALO1(Metformin);HUG1_PGM2(Metformin);MID2_PIN2(Metformin);RET2_EMP47(Trifluoperazine),,,piQTL_only
chr16:823324,MID2_RSN1,5-FC,0.575295995,ALO1_UIP4(5-FC);ALO1_UIP4(Metformin);ALO1_UIP4(noDrug);DHH1_LSM3(noDrug);ERV25_ERG5(Trifluoperazine);MID2_RSN1(5-FC);MID2_TPO4(5-FC);RET2_SNA3(noDrug);SRO9_DHH1(Metformin);SRO9_DHH1(Trifluoperazine);TPO1_MID2(Trifluoperazine);TPO1_TCB2(5-FC);TPO1_TCB2(noDrug);TPO1_TPO2(Metformin);TPO1_TPO2(Trifluoperazine),YPR147C,,eQTL_only
chr16:827031,MID2_RSN1,noDrug,0.501491906,ERG11_ERG5(Fluconazole);FMP45_HNM1(5-FC);FMP45_MEP1(5-FC);HNM1_ERG11(5-FC);HNM1_ERG11(Trifluoperazine);HNM1_MID2(Trifluoperazine);HNM1_TPO4(5-FC);HNM1_TPO4(noDrug);HUG1_ADE17(5-FC);HUG1_PGM2(5-FC);MID2_RSN1(noDrug);MID2_TPO2(noDrug);PLM2_HNM1(Metformin);PMC1_GTR2(5-FC);RET2_SNA3(5-FC);SRO9_DHH1(5-FC);TPO1_MID2(5-FC);TPO1_MID2(noDrug),,,piQTL_only
chr16:827031,MID2_TPO2,noDrug,0.486269745,ERG11_ERG5(Fluconazole);FMP45_HNM1(5-FC);FMP45_MEP1(5-FC);HNM1_ERG11(5-FC);HNM1_ERG11(Trifluoperazine);HNM1_MID2(Trifluoperazine);HNM1_TPO4(5-FC);HNM1_TPO4(noDrug);HUG1_ADE17(5-FC);HUG1_PGM2(5-FC);MID2_RSN1(noDrug);MID2_TPO2(noDrug);PLM2_HNM1(Metformin);PMC1_GTR2(5-FC);RET2_SNA3(5-FC);SRO9_DHH1(5-FC);TPO1_MID2(5-FC);TPO1_MID2(noDrug),,,piQTL_only
chr16:823324,MID2_TPO4,5-FC,0.59846258,ALO1_UIP4(5-FC);ALO1_UIP4(Metformin);ALO1_UIP4(noDrug);DHH1_LSM3(noDrug);ERV25_ERG5(Trifluoperazine);MID2_RSN1(5-FC);MID2_TPO4(5-FC);RET2_SNA3(noDrug);SRO9_DHH1(Metformin);SRO9_DHH1(Trifluoperazine);TPO1_MID2(Trifluoperazine);TPO1_TCB2(5-FC);TPO1_TCB2(noDrug);TPO1_TPO2(Metformin);TPO1_TPO2(Trifluoperazine),YPR147C,,eQTL_only
chr16:836372,PLM2_HNM1,5-FC,0.763202472,ADE17_GIS2(Fluconazole);ALO1_ADE17(5-FC);ALO1_ADE17(Trifluoperazine);ALO1_ADE17(noDrug);ERG11_ACF2(5-FC);ERG11_ACF2(noDrug);ERG11_ORM2(5-FC);ERG11_PIS1(noDrug);ERG27_ACF2(noDrug);ERV25_UIP4(5-FC);ERV25_UIP4(Trifluoperazine);HNM1_TPO2(5-FC);HUG1_ALO1(5-FC);HUG1_ALO1(noDrug);HUG1_PGM2(Trifluoperazine);HUG1_PGM2(noDrug);PLM2_HNM1(5-FC);PLM2_HNM1(noDrug);PMC1_CTR2(5-FC);PMC1_CTR2(noDrug);PMC1_GTR2(Trifluoperazine);PMC1_GTR2(noDrug);SRO9_DHH1(noDrug);SRO9_GIS2(noDrug);TPO1_TPO2(noDrug),,,piQTL_only
chr16:827031,PLM2_HNM1,Metformin,0.514074257,ERG11_ERG5(Fluconazole);FMP45_HNM1(5-FC);FMP45_MEP1(5-FC);HNM1_ERG11(5-FC);HNM1_ERG11(Trifluoperazine);HNM1_MID2(Trifluoperazine);HNM1_TPO4(5-FC);HNM1_TPO4(noDrug);HUG1_ADE17(5-FC);HUG1_PGM2(5-FC);MID2_RSN1(noDrug);MID2_TPO2(noDrug);PLM2_HNM1(Metformin);PMC1_GTR2(5-FC);RET2_SNA3(5-FC);SRO9_DHH1(5-FC);TPO1_MID2(5-FC);TPO1_MID2(noDrug),,,piQTL_only
chr16:836372,PLM2_HNM1,noDrug,0.681688305,ADE17_GIS2(Fluconazole);ALO1_ADE17(5-FC);ALO1_ADE17(Trifluoperazine);ALO1_ADE17(noDrug);ERG11_ACF2(5-FC);ERG11_ACF2(noDrug);ERG11_ORM2(5-FC);ERG11_PIS1(noDrug);ERG27_ACF2(noDrug);ERV25_UIP4(5-FC);ERV25_UIP4(Trifluoperazine);HNM1_TPO2(5-FC);HUG1_ALO1(5-FC);HUG1_ALO1(noDrug);HUG1_PGM2(Trifluoperazine);HUG1_PGM2(noDrug);PLM2_HNM1(5-FC);PLM2_HNM1(noDrug);PMC1_CTR2(5-FC);PMC1_CTR2(noDrug);PMC1_GTR2(Trifluoperazine);PMC1_GTR2(noDrug);SRO9_DHH1(noDrug);SRO9_GIS2(noDrug);TPO1_TPO2(noDrug),,,piQTL_only
chr16:836372,PMC1_CTR2,5-FC,0.733465402,ADE17_GIS2(Fluconazole);ALO1_ADE17(5-FC);ALO1_ADE17(Trifluoperazine);ALO1_ADE17(noDrug);ERG11_ACF2(5-FC);ERG11_ACF2(noDrug);ERG11_ORM2(5-FC);ERG11_PIS1(noDrug);ERG27_ACF2(noDrug);ERV25_UIP4(5-FC);ERV25_UIP4(Trifluoperazine);HNM1_TPO2(5-FC);HUG1_ALO1(5-FC);HUG1_ALO1(noDrug);HUG1_PGM2(Trifluoperazine);HUG1_PGM2(noDrug);PLM2_HNM1(5-FC);PLM2_HNM1(noDrug);PMC1_CTR2(5-FC);PMC1_CTR2(noDrug);PMC1_GTR2(Trifluoperazine);PMC1_GTR2(noDrug);SRO9_DHH1(noDrug);SRO9_GIS2(noDrug);TPO1_TPO2(noDrug),,,piQTL_only
chr16:823418,PMC1_CTR2,Metformin,0.57970934,MID2_PIN2(5-FC);PMC1_CTR2(Metformin);PMC1_GTR2(Metformin);SSH1_ERV25(5-FC);SSH1_ERV25(Trifluoperazine);SSH1_ERV25(noDrug),,,piQTL_only
chr16:836372,PMC1_CTR2,noDrug,0.614421289,ADE17_GIS2(Fluconazole);ALO1_ADE17(5-FC);ALO1_ADE17(Trifluoperazine);ALO1_ADE17(noDrug);ERG11_ACF2(5-FC);ERG11_ACF2(noDrug);ERG11_ORM2(5-FC);ERG11_PIS1(noDrug);ERG27_ACF2(noDrug);ERV25_UIP4(5-FC);ERV25_UIP4(Trifluoperazine);HNM1_TPO2(5-FC);HUG1_ALO1(5-FC);HUG1_ALO1(noDrug);HUG1_PGM2(Trifluoperazine);HUG1_PGM2(noDrug);PLM2_HNM1(5-FC);PLM2_HNM1(noDrug);PMC1_CTR2(5-FC);PMC1_CTR2(noDrug);PMC1_GTR2(Trifluoperazine);PMC1_GTR2(noDrug);SRO9_DHH1(noDrug);SRO9_GIS2(noDrug);TPO1_TPO2(noDrug),,,piQTL_only
chr16:827031,PMC1_GTR2,5-FC,0.691219366,ERG11_ERG5(Fluconazole);FMP45_HNM1(5-FC);FMP45_MEP1(5-FC);HNM1_ERG11(5-FC);HNM1_ERG11(Trifluoperazine);HNM1_MID2(Trifluoperazine);HNM1_TPO4(5-FC);HNM1_TPO4(noDrug);HUG1_ADE17(5-FC);HUG1_PGM2(5-FC);MID2_RSN1(noDrug);MID2_TPO2(noDrug);PLM2_HNM1(Metformin);PMC1_GTR2(5-FC);RET2_SNA3(5-FC);SRO9_DHH1(5-FC);TPO1_MID2(5-FC);TPO1_MID2(noDrug),,,piQTL_only
chr16:823418,PMC1_GTR2,Metformin,0.556821248,MID2_PIN2(5-FC);PMC1_CTR2(Metformin);PMC1_GTR2(Metformin);SSH1_ERV25(5-FC);SSH1_ERV25(Trifluoperazine);SSH1_ERV25(noDrug),,,piQTL_only
chr16:836372,PMC1_GTR2,Trifluoperazine,0.705559683,ADE17_GIS2(Fluconazole);ALO1_ADE17(5-FC);ALO1_ADE17(Trifluoperazine);ALO1_ADE17(noDrug);ERG11_ACF2(5-FC);ERG11_ACF2(noDrug);ERG11_ORM2(5-FC);ERG11_PIS1(noDrug);ERG27_ACF2(noDrug);ERV25_UIP4(5-FC);ERV25_UIP4(Trifluoperazine);HNM1_TPO2(5-FC);HUG1_ALO1(5-FC);HUG1_ALO1(noDrug);HUG1_PGM2(Trifluoperazine);HUG1_PGM2(noDrug);PLM2_HNM1(5-FC);PLM2_HNM1(noDrug);PMC1_CTR2(5-FC);PMC1_CTR2(noDrug);PMC1_GTR2(Trifluoperazine);PMC1_GTR2(noDrug);SRO9_DHH1(noDrug);SRO9_GIS2(noDrug);TPO1_TPO2(noDrug),,,piQTL_only
chr16:836372,PMC1_GTR2,noDrug,0.647725688,ADE17_GIS2(Fluconazole);ALO1_ADE17(5-FC);ALO1_ADE17(Trifluoperazine);ALO1_ADE17(noDrug);ERG11_ACF2(5-FC);ERG11_ACF2(noDrug);ERG11_ORM2(5-FC);ERG11_PIS1(noDrug);ERG27_ACF2(noDrug);ERV25_UIP4(5-FC);ERV25_UIP4(Trifluoperazine);HNM1_TPO2(5-FC);HUG1_ALO1(5-FC);HUG1_ALO1(noDrug);HUG1_PGM2(Trifluoperazine);HUG1_PGM2(noDrug);PLM2_HNM1(5-FC);PLM2_HNM1(noDrug);PMC1_CTR2(5-FC);PMC1_CTR2(noDrug);PMC1_GTR2(Trifluoperazine);PMC1_GTR2(noDrug);SRO9_DHH1(noDrug);SRO9_GIS2(noDrug);TPO1_TPO2(noDrug),,,piQTL_only
chr16:825433,RET2_EMP47,Trifluoperazine,0.438797032,ERG11_MID2(Trifluoperazine);FMP45_MID2(5-FC);HUG1_ALO1(Metformin);HUG1_PGM2(Metformin);MID2_PIN2(Metformin);RET2_EMP47(Trifluoperazine),,,piQTL_only
chr16:833135,RET2_EMP70,5-FC,0.404220246,RET2_EMP70(5-FC),,,piQTL_only
chr16:831753,RET2_EMP70,Trifluoperazine,0.434159949,ALO1_ADE17(Metformin);ERV25_UIP4(Metformin);ERV25_UIP4(noDrug);HNM1_ERG11(noDrug);HNM1_MID2(noDrug);HUG1_ADE17(Metformin);HUG1_ADE17(noDrug);RET2_EMP70(Trifluoperazine),,,piQTL_only
chr16:827031,RET2_SNA3,5-FC,0.448674196,ERG11_ERG5(Fluconazole);FMP45_HNM1(5-FC);FMP45_MEP1(5-FC);HNM1_ERG11(5-FC);HNM1_ERG11(Trifluoperazine);HNM1_MID2(Trifluoperazine);HNM1_TPO4(5-FC);HNM1_TPO4(noDrug);HUG1_ADE17(5-FC);HUG1_PGM2(5-FC);MID2_RSN1(noDrug);MID2_TPO2(noDrug);PLM2_HNM1(Metformin);PMC1_GTR2(5-FC);RET2_SNA3(5-FC);SRO9_DHH1(5-FC);TPO1_MID2(5-FC);TPO1_MID2(noDrug),,,piQTL_only
chr16:823324,RET2_SNA3,noDrug,0.392602904,ALO1_UIP4(5-FC);ALO1_UIP4(Metformin);ALO1_UIP4(noDrug);DHH1_LSM3(noDrug);ERV25_ERG5(Trifluoperazine);MID2_RSN1(5-FC);MID2_TPO4(5-FC);RET2_SNA3(noDrug);SRO9_DHH1(Metformin);SRO9_DHH1(Trifluoperazine);TPO1_MID2(Trifluoperazine);TPO1_TCB2(5-FC);TPO1_TCB2(noDrug);TPO1_TPO2(Metformin);TPO1_TPO2(Trifluoperazine),YPR147C,,eQTL_only
chr16:835149,SNA4_GTR2,5-FC,0.571590322,SNA4_GTR2(5-FC),,,piQTL_only
chr16:827031,SRO9_DHH1,5-FC,0.61852142,ERG11_ERG5(Fluconazole);FMP45_HNM1(5-FC);FMP45_MEP1(5-FC);HNM1_ERG11(5-FC);HNM1_ERG11(Trifluoperazine);HNM1_MID2(Trifluoperazine);HNM1_TPO4(5-FC);HNM1_TPO4(noDrug);HUG1_ADE17(5-FC);HUG1_PGM2(5-FC);MID2_RSN1(noDrug);MID2_TPO2(noDrug);PLM2_HNM1(Metformin);PMC1_GTR2(5-FC);RET2_SNA3(5-FC);SRO9_DHH1(5-FC);TPO1_MID2(5-FC);TPO1_MID2(noDrug),,,piQTL_only
chr16:823324,SRO9_DHH1,Metformin,0.371189954,ALO1_UIP4(5-FC);ALO1_UIP4(Metformin);ALO1_UIP4(noDrug);DHH1_LSM3(noDrug);ERV25_ERG5(Trifluoperazine);MID2_RSN1(5-FC);MID2_TPO4(5-FC);RET2_SNA3(noDrug);SRO9_DHH1(Metformin);SRO9_DHH1(Trifluoperazine);TPO1_MID2(Trifluoperazine);TPO1_TCB2(5-FC);TPO1_TCB2(noDrug);TPO1_TPO2(Metformin);TPO1_TPO2(Trifluoperazine),YPR147C,,eQTL_only
chr16:823324,SRO9_DHH1,Trifluoperazine,0.577769989,ALO1_UIP4(5-FC);ALO1_UIP4(Metformin);ALO1_UIP4(noDrug);DHH1_LSM3(noDrug);ERV25_ERG5(Trifluoperazine);MID2_RSN1(5-FC);MID2_TPO4(5-FC);RET2_SNA3(noDrug);SRO9_DHH1(Metformin);SRO9_DHH1(Trifluoperazine);TPO1_MID2(Trifluoperazine);TPO1_TCB2(5-FC);TPO1_TCB2(noDrug);TPO1_TPO2(Metformin);TPO1_TPO2(Trifluoperazine),YPR147C,,eQTL_only
chr16:836372,SRO9_DHH1,noDrug,0.620973943,ADE17_GIS2(Fluconazole);ALO1_ADE17(5-FC);ALO1_ADE17(Trifluoperazine);ALO1_ADE17(noDrug);ERG11_ACF2(5-FC);ERG11_ACF2(noDrug);ERG11_ORM2(5-FC);ERG11_PIS1(noDrug);ERG27_ACF2(noDrug);ERV25_UIP4(5-FC);ERV25_UIP4(Trifluoperazine);HNM1_TPO2(5-FC);HUG1_ALO1(5-FC);HUG1_ALO1(noDrug);HUG1_PGM2(Trifluoperazine);HUG1_PGM2(noDrug);PLM2_HNM1(5-FC);PLM2_HNM1(noDrug);PMC1_CTR2(5-FC);PMC1_CTR2(noDrug);PMC1_GTR2(Trifluoperazine);PMC1_GTR2(noDrug);SRO9_DHH1(noDrug);SRO9_GIS2(noDrug);TPO1_TPO2(noDrug),,,piQTL_only
chr16:836372,SRO9_GIS2,noDrug,0.459924934,ADE17_GIS2(Fluconazole);ALO1_ADE17(5-FC);ALO1_ADE17(Trifluoperazine);ALO1_ADE17(noDrug);ERG11_ACF2(5-FC);ERG11_ACF2(noDrug);ERG11_ORM2(5-FC);ERG11_PIS1(noDrug);ERG27_ACF2(noDrug);ERV25_UIP4(5-FC);ERV25_UIP4(Trifluoperazine);HNM1_TPO2(5-FC);HUG1_ALO1(5-FC);HUG1_ALO1(noDrug);HUG1_PGM2(Trifluoperazine);HUG1_PGM2(noDrug);PLM2_HNM1(5-FC);PLM2_HNM1(noDrug);PMC1_CTR2(5-FC);PMC1_CTR2(noDrug);PMC1_GTR2(Trifluoperazine);PMC1_GTR2(noDrug);SRO9_DHH1(noDrug);SRO9_GIS2(noDrug);TPO1_TPO2(noDrug),,,piQTL_only
chr16:823418,SSH1_ERV25,5-FC,0.617345557,MID2_PIN2(5-FC);PMC1_CTR2(Metformin);PMC1_GTR2(Metformin);SSH1_ERV25(5-FC);SSH1_ERV25(Trifluoperazine);SSH1_ERV25(noDrug),,,piQTL_only
chr16:823418,SSH1_ERV25,Trifluoperazine,0.599727496,MID2_PIN2(5-FC);PMC1_CTR2(Metformin);PMC1_GTR2(Metformin);SSH1_ERV25(5-FC);SSH1_ERV25(Trifluoperazine);SSH1_ERV25(noDrug),,,piQTL_only
chr16:823418,SSH1_ERV25,noDrug,0.622189646,MID2_PIN2(5-FC);PMC1_CTR2(Metformin);PMC1_GTR2(Metformin);SSH1_ERV25(5-FC);SSH1_ERV25(Trifluoperazine);SSH1_ERV25(noDrug),,,piQTL_only
chr16:827031,TPO1_MID2,5-FC,0.635287195,ERG11_ERG5(Fluconazole);FMP45_HNM1(5-FC);FMP45_MEP1(5-FC);HNM1_ERG11(5-FC);HNM1_ERG11(Trifluoperazine);HNM1_MID2(Trifluoperazine);HNM1_TPO4(5-FC);HNM1_TPO4(noDrug);HUG1_ADE17(5-FC);HUG1_PGM2(5-FC);MID2_RSN1(noDrug);MID2_TPO2(noDrug);PLM2_HNM1(Metformin);PMC1_GTR2(5-FC);RET2_SNA3(5-FC);SRO9_DHH1(5-FC);TPO1_MID2(5-FC);TPO1_MID2(noDrug),,,piQTL_only
chr16:823324,TPO1_MID2,Trifluoperazine,0.645601573,ALO1_UIP4(5-FC);ALO1_UIP4(Metformin);ALO1_UIP4(noDrug);DHH1_LSM3(noDrug);ERV25_ERG5(Trifluoperazine);MID2_RSN1(5-FC);MID2_TPO4(5-FC);RET2_SNA3(noDrug);SRO9_DHH1(Metformin);SRO9_DHH1(Trifluoperazine);TPO1_MID2(Trifluoperazine);TPO1_TCB2(5-FC);TPO1_TCB2(noDrug);TPO1_TPO2(Metformin);TPO1_TPO2(Trifluoperazine),YPR147C,,eQTL_only
chr16:827031,TPO1_MID2,noDrug,0.624436617,ERG11_ERG5(Fluconazole);FMP45_HNM1(5-FC);FMP45_MEP1(5-FC);HNM1_ERG11(5-FC);HNM1_ERG11(Trifluoperazine);HNM1_MID2(Trifluoperazine);HNM1_TPO4(5-FC);HNM1_TPO4(noDrug);HUG1_ADE17(5-FC);HUG1_PGM2(5-FC);MID2_RSN1(noDrug);MID2_TPO2(noDrug);PLM2_HNM1(Metformin);PMC1_GTR2(5-FC);RET2_SNA3(5-FC);SRO9_DHH1(5-FC);TPO1_MID2(5-FC);TPO1_MID2(noDrug),,,piQTL_only
chr16:823324,TPO1_TCB2,5-FC,0.666465469,ALO1_UIP4(5-FC);ALO1_UIP4(Metformin);ALO1_UIP4(noDrug);DHH1_LSM3(noDrug);ERV25_ERG5(Trifluoperazine);MID2_RSN1(5-FC);MID2_TPO4(5-FC);RET2_SNA3(noDrug);SRO9_DHH1(Metformin);SRO9_DHH1(Trifluoperazine);TPO1_MID2(Trifluoperazine);TPO1_TCB2(5-FC);TPO1_TCB2(noDrug);TPO1_TPO2(Metformin);TPO1_TPO2(Trifluoperazine),YPR147C,,eQTL_only
chr16:823324,TPO1_TCB2,noDrug,0.562329996,ALO1_UIP4(5-FC);ALO1_UIP4(Metformin);ALO1_UIP4(noDrug);DHH1_LSM3(noDrug);ERV25_ERG5(Trifluoperazine);MID2_RSN1(5-FC);MID2_TPO4(5-FC);RET2_SNA3(noDrug);SRO9_DHH1(Metformin);SRO9_DHH1(Trifluoperazine);TPO1_MID2(Trifluoperazine);TPO1_TCB2(5-FC);TPO1_TCB2(noDrug);TPO1_TPO2(Metformin);TPO1_TPO2(Trifluoperazine),YPR147C,,eQTL_only
chr16:834908,TPO1_TPO2,5-FC,0.509225171,TPO1_TPO2(5-FC),,,piQTL_only
chr16:823324,TPO1_TPO2,Metformin,0.427214085,ALO1_UIP4(5-FC);ALO1_UIP4(Metformin);ALO1_UIP4(noDrug);DHH1_LSM3(noDrug);ERV25_ERG5(Trifluoperazine);MID2_RSN1(5-FC);MID2_TPO4(5-FC);RET2_SNA3(noDrug);SRO9_DHH1(Metformin);SRO9_DHH1(Trifluoperazine);TPO1_MID2(Trifluoperazine);TPO1_TCB2(5-FC);TPO1_TCB2(noDrug);TPO1_TPO2(Metformin);TPO1_TPO2(Trifluoperazine),YPR147C,,eQTL_only
chr16:823324,TPO1_TPO2,Trifluoperazine,0.661553212,ALO1_UIP4(5-FC);ALO1_UIP4(Metformin);ALO1_UIP4(noDrug);DHH1_LSM3(noDrug);ERV25_ERG5(Trifluoperazine);MID2_RSN1(5-FC);MID2_TPO4(5-FC);RET2_SNA3(noDrug);SRO9_DHH1(Metformin);SRO9_DHH1(Trifluoperazine);TPO1_MID2(Trifluoperazine);TPO1_TCB2(5-FC);TPO1_TCB2(noDrug);TPO1_TPO2(Metformin);TPO1_TPO2(Trifluoperazine),YPR147C,,eQTL_only
chr16:836372,TPO1_TPO2,noDrug,0.642399685,ADE17_GIS2(Fluconazole);ALO1_ADE17(5-FC);ALO1_ADE17(Trifluoperazine);ALO1_ADE17(noDrug);ERG11_ACF2(5-FC);ERG11_ACF2(noDrug);ERG11_ORM2(5-FC);ERG11_PIS1(noDrug);ERG27_ACF2(noDrug);ERV25_UIP4(5-FC);ERV25_UIP4(Trifluoperazine);HNM1_TPO2(5-FC);HUG1_ALO1(5-FC);HUG1_ALO1(noDrug);HUG1_PGM2(Trifluoperazine);HUG1_PGM2(noDrug);PLM2_HNM1(5-FC);PLM2_HNM1(noDrug);PMC1_CTR2(5-FC);PMC1_CTR2(noDrug);PMC1_GTR2(Trifluoperazine);PMC1_GTR2(noDrug);SRO9_DHH1(noDrug);SRO9_GIS2(noDrug);TPO1_TPO2(noDrug),,,piQTL_only
chr3:3277,MID2_WSC2,Fluconazole,0.615170241,MID2_WSC2(Fluconazole),,,piQTL_only
chr16:839159,ALO1_ADE17,5-FC,0.663732694,ALO1_ADE17(5-FC);ALO1_ADE17(Metformin);ALO1_ADE17(Trifluoperazine);ALO1_ADE17(noDrug);ALO1_HYR1(Fluconazole);ALO1_HYR1(noDrug);ALO1_UIP4(5-FC);ALO1_UIP4(Fluconazole);ALO1_UIP4(Trifluoperazine);ALO1_UIP4(noDrug);ERG11_ACF2(5-FC);ERG11_ACF2(noDrug);ERG11_ERG5(Fluconazole);ERG11_MID2(Trifluoperazine);ERG11_ORM2(5-FC);ERG11_ORM2(Trifluoperazine);ERG11_ORM2(noDrug);ERG11_PIS1(5-FC);ERG11_PIS1(Trifluoperazine);ERG11_PIS1(noDrug);ERG27_ACF2(noDrug);ERV25_UIP4(5-FC);ERV25_UIP4(Trifluoperazine);ERV25_UIP4(noDrug);FMP45_MEP1(5-FC);FMP45_MID2(5-FC);FMP45_MID2(Metformin);HNM1_ERG11(5-FC);HNM1_ERG11(noDrug);HNM1_MID2(noDrug);HNM1_TPO2(5-FC);HNM1_TPO2(Metformin);HNM1_TPO2(Trifluoperazine);HNM1_TPO2(noDrug);HUG1_ADE17(Metformin);HUG1_ALO1(5-FC);HUG1_PGM2(5-FC);HUG1_PGM2(Trifluoperazine);HUG1_PGM2(noDrug);MID2_MAM33(noDrug);MID2_PIN2(Trifluoperazine);PLM2_HNM1(5-FC);PLM2_HNM1(Metformin);PMC1_CTR2(5-FC);PMC1_CTR2(Metformin);PMC1_GTR2(5-FC);PMC1_GTR2(Metformin);PMC1_GTR2(Trifluoperazine);PMC1_GTR2(noDrug);SNA4_GTR2(5-FC);SNA4_GTR2(Trifluoperazine);SNA4_GTR2(noDrug);SRO9_DHH1(5-FC);SRO9_DHH1(Fluconazole);SRO9_DHH1(noDrug);SRO9_GIS2(noDrug);SSH1_ERV25(noDrug);TPO1_MID2(5-FC);TPO1_MID2(Trifluoperazine);TPO1_MID2(noDrug);TPO1_TCB2(noDrug);TPO1_TPO2(Trifluoperazine),,,piQTL_only
chr16:839159,ALO1_ADE17,Metformin,0.516350796,ALO1_ADE17(5-FC);ALO1_ADE17(Metformin);ALO1_ADE17(Trifluoperazine);ALO1_ADE17(noDrug);ALO1_HYR1(Fluconazole);ALO1_HYR1(noDrug);ALO1_UIP4(5-FC);ALO1_UIP4(Fluconazole);ALO1_UIP4(Trifluoperazine);ALO1_UIP4(noDrug);ERG11_ACF2(5-FC);ERG11_ACF2(noDrug);ERG11_ERG5(Fluconazole);ERG11_MID2(Trifluoperazine);ERG11_ORM2(5-FC);ERG11_ORM2(Trifluoperazine);ERG11_ORM2(noDrug);ERG11_PIS1(5-FC);ERG11_PIS1(Trifluoperazine);ERG11_PIS1(noDrug);ERG27_ACF2(noDrug);ERV25_UIP4(5-FC);ERV25_UIP4(Trifluoperazine);ERV25_UIP4(noDrug);FMP45_MEP1(5-FC);FMP45_MID2(5-FC);FMP45_MID2(Metformin);HNM1_ERG11(5-FC);HNM1_ERG11(noDrug);HNM1_MID2(noDrug);HNM1_TPO2(5-FC);HNM1_TPO2(Metformin);HNM1_TPO2(Trifluoperazine);HNM1_TPO2(noDrug);HUG1_ADE17(Metformin);HUG1_ALO1(5-FC);HUG1_PGM2(5-FC);HUG1_PGM2(Trifluoperazine);HUG1_PGM2(noDrug);MID2_MAM33(noDrug);MID2_PIN2(Trifluoperazine);PLM2_HNM1(5-FC);PLM2_HNM1(Metformin);PMC1_CTR2(5-FC);PMC1_CTR2(Metformin);PMC1_GTR2(5-FC);PMC1_GTR2(Metformin);PMC1_GTR2(Trifluoperazine);PMC1_GTR2(noDrug);SNA4_GTR2(5-FC);SNA4_GTR2(Trifluoperazine);SNA4_GTR2(noDrug);SRO9_DHH1(5-FC);SRO9_DHH1(Fluconazole);SRO9_DHH1(noDrug);SRO9_GIS2(noDrug);SSH1_ERV25(noDrug);TPO1_MID2(5-FC);TPO1_MID2(Trifluoperazine);TPO1_MID2(noDrug);TPO1_TCB2(noDrug);TPO1_TPO2(Trifluoperazine),,,piQTL_only
chr16:839159,ALO1_ADE17,Trifluoperazine,0.620483129,ALO1_ADE17(5-FC);ALO1_ADE17(Metformin);ALO1_ADE17(Trifluoperazine);ALO1_ADE17(noDrug);ALO1_HYR1(Fluconazole);ALO1_HYR1(noDrug);ALO1_UIP4(5-FC);ALO1_UIP4(Fluconazole);ALO1_UIP4(Trifluoperazine);ALO1_UIP4(noDrug);ERG11_ACF2(5-FC);ERG11_ACF2(noDrug);ERG11_ERG5(Fluconazole);ERG11_MID2(Trifluoperazine);ERG11_ORM2(5-FC);ERG11_ORM2(Trifluoperazine);ERG11_ORM2(noDrug);ERG11_PIS1(5-FC);ERG11_PIS1(Trifluoperazine);ERG11_PIS1(noDrug);ERG27_ACF2(noDrug);ERV25_UIP4(5-FC);ERV25_UIP4(Trifluoperazine);ERV25_UIP4(noDrug);FMP45_MEP1(5-FC);FMP45_MID2(5-FC);FMP45_MID2(Metformin);HNM1_ERG11(5-FC);HNM1_ERG11(noDrug);HNM1_MID2(noDrug);HNM1_TPO2(5-FC);HNM1_TPO2(Metformin);HNM1_TPO2(Trifluoperazine);HNM1_TPO2(noDrug);HUG1_ADE17(Metformin);HUG1_ALO1(5-FC);HUG1_PGM2(5-FC);HUG1_PGM2(Trifluoperazine);HUG1_PGM2(noDrug);MID2_MAM33(noDrug);MID2_PIN2(Trifluoperazine);PLM2_HNM1(5-FC);PLM2_HNM1(Metformin);PMC1_CTR2(5-FC);PMC1_CTR2(Metformin);PMC1_GTR2(5-FC);PMC1_GTR2(Metformin);PMC1_GTR2(Trifluoperazine);PMC1_GTR2(noDrug);SNA4_GTR2(5-FC);SNA4_GTR2(Trifluoperazine);SNA4_GTR2(noDrug);SRO9_DHH1(5-FC);SRO9_DHH1(Fluconazole);SRO9_DHH1(noDrug);SRO9_GIS2(noDrug);SSH1_ERV25(noDrug);TPO1_MID2(5-FC);TPO1_MID2(Trifluoperazine);TPO1_MID2(noDrug);TPO1_TCB2(noDrug);TPO1_TPO2(Trifluoperazine),,,piQTL_only
chr16:839159,ALO1_ADE17,noDrug,0.72591937,ALO1_ADE17(5-FC);ALO1_ADE17(Metformin);ALO1_ADE17(Trifluoperazine);ALO1_ADE17(noDrug);ALO1_HYR1(Fluconazole);ALO1_HYR1(noDrug);ALO1_UIP4(5-FC);ALO1_UIP4(Fluconazole);ALO1_UIP4(Trifluoperazine);ALO1_UIP4(noDrug);ERG11_ACF2(5-FC);ERG11_ACF2(noDrug);ERG11_ERG5(Fluconazole);ERG11_MID2(Trifluoperazine);ERG11_ORM2(5-FC);ERG11_ORM2(Trifluoperazine);ERG11_ORM2(noDrug);ERG11_PIS1(5-FC);ERG11_PIS1(Trifluoperazine);ERG11_PIS1(noDrug);ERG27_ACF2(noDrug);ERV25_UIP4(5-FC);ERV25_UIP4(Trifluoperazine);ERV25_UIP4(noDrug);FMP45_MEP1(5-FC);FMP45_MID2(5-FC);FMP45_MID2(Metformin);HNM1_ERG11(5-FC);HNM1_ERG11(noDrug);HNM1_MID2(noDrug);HNM1_TPO2(5-FC);HNM1_TPO2(Metformin);HNM1_TPO2(Trifluoperazine);HNM1_TPO2(noDrug);HUG1_ADE17(Metformin);HUG1_ALO1(5-FC);HUG1_PGM2(5-FC);HUG1_PGM2(Trifluoperazine);HUG1_PGM2(noDrug);MID2_MAM33(noDrug);MID2_PIN2(Trifluoperazine);PLM2_HNM1(5-FC);PLM2_HNM1(Metformin);PMC1_CTR2(5-FC);PMC1_CTR2(Metformin);PMC1_GTR2(5-FC);PMC1_GTR2(Metformin);PMC1_GTR2(Trifluoperazine);PMC1_GTR2(noDrug);SNA4_GTR2(5-FC);SNA4_GTR2(Trifluoperazine);SNA4_GTR2(noDrug);SRO9_DHH1(5-FC);SRO9_DHH1(Fluconazole);SRO9_DHH1(noDrug);SRO9_GIS2(noDrug);SSH1_ERV25(noDrug);TPO1_MID2(5-FC);TPO1_MID2(Trifluoperazine);TPO1_MID2(noDrug);TPO1_TCB2(noDrug);TPO1_TPO2(Trifluoperazine),,,piQTL_only
chr16:839159,ALO1_HYR1,Fluconazole,0.629977903,ALO1_ADE17(5-FC);ALO1_ADE17(Metformin);ALO1_ADE17(Trifluoperazine);ALO1_ADE17(noDrug);ALO1_HYR1(Fluconazole);ALO1_HYR1(noDrug);ALO1_UIP4(5-FC);ALO1_UIP4(Fluconazole);ALO1_UIP4(Trifluoperazine);ALO1_UIP4(noDrug);ERG11_ACF2(5-FC);ERG11_ACF2(noDrug);ERG11_ERG5(Fluconazole);ERG11_MID2(Trifluoperazine);ERG11_ORM2(5-FC);ERG11_ORM2(Trifluoperazine);ERG11_ORM2(noDrug);ERG11_PIS1(5-FC);ERG11_PIS1(Trifluoperazine);ERG11_PIS1(noDrug);ERG27_ACF2(noDrug);ERV25_UIP4(5-FC);ERV25_UIP4(Trifluoperazine);ERV25_UIP4(noDrug);FMP45_MEP1(5-FC);FMP45_MID2(5-FC);FMP45_MID2(Metformin);HNM1_ERG11(5-FC);HNM1_ERG11(noDrug);HNM1_MID2(noDrug);HNM1_TPO2(5-FC);HNM1_TPO2(Metformin);HNM1_TPO2(Trifluoperazine);HNM1_TPO2(noDrug);HUG1_ADE17(Metformin);HUG1_ALO1(5-FC);HUG1_PGM2(5-FC);HUG1_PGM2(Trifluoperazine);HUG1_PGM2(noDrug);MID2_MAM33(noDrug);MID2_PIN2(Trifluoperazine);PLM2_HNM1(5-FC);PLM2_HNM1(Metformin);PMC1_CTR2(5-FC);PMC1_CTR2(Metformin);PMC1_GTR2(5-FC);PMC1_GTR2(Metformin);PMC1_GTR2(Trifluoperazine);PMC1_GTR2(noDrug);SNA4_GTR2(5-FC);SNA4_GTR2(Trifluoperazine);SNA4_GTR2(noDrug);SRO9_DHH1(5-FC);SRO9_DHH1(Fluconazole);SRO9_DHH1(noDrug);SRO9_GIS2(noDrug);SSH1_ERV25(noDrug);TPO1_MID2(5-FC);TPO1_MID2(Trifluoperazine);TPO1_MID2(noDrug);TPO1_TCB2(noDrug);TPO1_TPO2(Trifluoperazine),,,piQTL_only
chr16:839159,ALO1_HYR1,noDrug,0.623881887,ALO1_ADE17(5-FC);ALO1_ADE17(Metformin);ALO1_ADE17(Trifluoperazine);ALO1_ADE17(noDrug);ALO1_HYR1(Fluconazole);ALO1_HYR1(noDrug);ALO1_UIP4(5-FC);ALO1_UIP4(Fluconazole);ALO1_UIP4(Trifluoperazine);ALO1_UIP4(noDrug);ERG11_ACF2(5-FC);ERG11_ACF2(noDrug);ERG11_ERG5(Fluconazole);ERG11_MID2(Trifluoperazine);ERG11_ORM2(5-FC);ERG11_ORM2(Trifluoperazine);ERG11_ORM2(noDrug);ERG11_PIS1(5-FC);ERG11_PIS1(Trifluoperazine);ERG11_PIS1(noDrug);ERG27_ACF2(noDrug);ERV25_UIP4(5-FC);ERV25_UIP4(Trifluoperazine);ERV25_UIP4(noDrug);FMP45_MEP1(5-FC);FMP45_MID2(5-FC);FMP45_MID2(Metformin);HNM1_ERG11(5-FC);HNM1_ERG11(noDrug);HNM1_MID2(noDrug);HNM1_TPO2(5-FC);HNM1_TPO2(Metformin);HNM1_TPO2(Trifluoperazine);HNM1_TPO2(noDrug);HUG1_ADE17(Metformin);HUG1_ALO1(5-FC);HUG1_PGM2(5-FC);HUG1_PGM2(Trifluoperazine);HUG1_PGM2(noDrug);MID2_MAM33(noDrug);MID2_PIN2(Trifluoperazine);PLM2_HNM1(5-FC);PLM2_HNM1(Metformin);PMC1_CTR2(5-FC);PMC1_CTR2(Metformin);PMC1_GTR2(5-FC);PMC1_GTR2(Metformin);PMC1_GTR2(Trifluoperazine);PMC1_GTR2(noDrug);SNA4_GTR2(5-FC);SNA4_GTR2(Trifluoperazine);SNA4_GTR2(noDrug);SRO9_DHH1(5-FC);SRO9_DHH1(Fluconazole);SRO9_DHH1(noDrug);SRO9_GIS2(noDrug);SSH1_ERV25(noDrug);TPO1_MID2(5-FC);TPO1_MID2(Trifluoperazine);TPO1_MID2(noDrug);TPO1_TCB2(noDrug);TPO1_TPO2(Trifluoperazine),,,piQTL_only
chr16:839159,ALO1_UIP4,5-FC,0.679810481,ALO1_ADE17(5-FC);ALO1_ADE17(Metformin);ALO1_ADE17(Trifluoperazine);ALO1_ADE17(noDrug);ALO1_HYR1(Fluconazole);ALO1_HYR1(noDrug);ALO1_UIP4(5-FC);ALO1_UIP4(Fluconazole);ALO1_UIP4(Trifluoperazine);ALO1_UIP4(noDrug);ERG11_ACF2(5-FC);ERG11_ACF2(noDrug);ERG11_ERG5(Fluconazole);ERG11_MID2(Trifluoperazine);ERG11_ORM2(5-FC);ERG11_ORM2(Trifluoperazine);ERG11_ORM2(noDrug);ERG11_PIS1(5-FC);ERG11_PIS1(Trifluoperazine);ERG11_PIS1(noDrug);ERG27_ACF2(noDrug);ERV25_UIP4(5-FC);ERV25_UIP4(Trifluoperazine);ERV25_UIP4(noDrug);FMP45_MEP1(5-FC);FMP45_MID2(5-FC);FMP45_MID2(Metformin);HNM1_ERG11(5-FC);HNM1_ERG11(noDrug);HNM1_MID2(noDrug);HNM1_TPO2(5-FC);HNM1_TPO2(Metformin);HNM1_TPO2(Trifluoperazine);HNM1_TPO2(noDrug);HUG1_ADE17(Metformin);HUG1_ALO1(5-FC);HUG1_PGM2(5-FC);HUG1_PGM2(Trifluoperazine);HUG1_PGM2(noDrug);MID2_MAM33(noDrug);MID2_PIN2(Trifluoperazine);PLM2_HNM1(5-FC);PLM2_HNM1(Metformin);PMC1_CTR2(5-FC);PMC1_CTR2(Metformin);PMC1_GTR2(5-FC);PMC1_GTR2(Metformin);PMC1_GTR2(Trifluoperazine);PMC1_GTR2(noDrug);SNA4_GTR2(5-FC);SNA4_GTR2(Trifluoperazine);SNA4_GTR2(noDrug);SRO9_DHH1(5-FC);SRO9_DHH1(Fluconazole);SRO9_DHH1(noDrug);SRO9_GIS2(noDrug);SSH1_ERV25(noDrug);TPO1_MID2(5-FC);TPO1_MID2(Trifluoperazine);TPO1_MID2(noDrug);TPO1_TCB2(noDrug);TPO1_TPO2(Trifluoperazine),,,piQTL_only
chr16:839159,ALO1_UIP4,Fluconazole,0.574406482,ALO1_ADE17(5-FC);ALO1_ADE17(Metformin);ALO1_ADE17(Trifluoperazine);ALO1_ADE17(noDrug);ALO1_HYR1(Fluconazole);ALO1_HYR1(noDrug);ALO1_UIP4(5-FC);ALO1_UIP4(Fluconazole);ALO1_UIP4(Trifluoperazine);ALO1_UIP4(noDrug);ERG11_ACF2(5-FC);ERG11_ACF2(noDrug);ERG11_ERG5(Fluconazole);ERG11_MID2(Trifluoperazine);ERG11_ORM2(5-FC);ERG11_ORM2(Trifluoperazine);ERG11_ORM2(noDrug);ERG11_PIS1(5-FC);ERG11_PIS1(Trifluoperazine);ERG11_PIS1(noDrug);ERG27_ACF2(noDrug);ERV25_UIP4(5-FC);ERV25_UIP4(Trifluoperazine);ERV25_UIP4(noDrug);FMP45_MEP1(5-FC);FMP45_MID2(5-FC);FMP45_MID2(Metformin);HNM1_ERG11(5-FC);HNM1_ERG11(noDrug);HNM1_MID2(noDrug);HNM1_TPO2(5-FC);HNM1_TPO2(Metformin);HNM1_TPO2(Trifluoperazine);HNM1_TPO2(noDrug);HUG1_ADE17(Metformin);HUG1_ALO1(5-FC);HUG1_PGM2(5-FC);HUG1_PGM2(Trifluoperazine);HUG1_PGM2(noDrug);MID2_MAM33(noDrug);MID2_PIN2(Trifluoperazine);PLM2_HNM1(5-FC);PLM2_HNM1(Metformin);PMC1_CTR2(5-FC);PMC1_CTR2(Metformin);PMC1_GTR2(5-FC);PMC1_GTR2(Metformin);PMC1_GTR2(Trifluoperazine);PMC1_GTR2(noDrug);SNA4_GTR2(5-FC);SNA4_GTR2(Trifluoperazine);SNA4_GTR2(noDrug);SRO9_DHH1(5-FC);SRO9_DHH1(Fluconazole);SRO9_DHH1(noDrug);SRO9_GIS2(noDrug);SSH1_ERV25(noDrug);TPO1_MID2(5-FC);TPO1_MID2(Trifluoperazine);TPO1_MID2(noDrug);TPO1_TCB2(noDrug);TPO1_TPO2(Trifluoperazine),,,piQTL_only
chr16:839159,ALO1_UIP4,Trifluoperazine,0.580768704,ALO1_ADE17(5-FC);ALO1_ADE17(Metformin);ALO1_ADE17(Trifluoperazine);ALO1_ADE17(noDrug);ALO1_HYR1(Fluconazole);ALO1_HYR1(noDrug);ALO1_UIP4(5-FC);ALO1_UIP4(Fluconazole);ALO1_UIP4(Trifluoperazine);ALO1_UIP4(noDrug);ERG11_ACF2(5-FC);ERG11_ACF2(noDrug);ERG11_ERG5(Fluconazole);ERG11_MID2(Trifluoperazine);ERG11_ORM2(5-FC);ERG11_ORM2(Trifluoperazine);ERG11_ORM2(noDrug);ERG11_PIS1(5-FC);ERG11_PIS1(Trifluoperazine);ERG11_PIS1(noDrug);ERG27_ACF2(noDrug);ERV25_UIP4(5-FC);ERV25_UIP4(Trifluoperazine);ERV25_UIP4(noDrug);FMP45_MEP1(5-FC);FMP45_MID2(5-FC);FMP45_MID2(Metformin);HNM1_ERG11(5-FC);HNM1_ERG11(noDrug);HNM1_MID2(noDrug);HNM1_TPO2(5-FC);HNM1_TPO2(Metformin);HNM1_TPO2(Trifluoperazine);HNM1_TPO2(noDrug);HUG1_ADE17(Metformin);HUG1_ALO1(5-FC);HUG1_PGM2(5-FC);HUG1_PGM2(Trifluoperazine);HUG1_PGM2(noDrug);MID2_MAM33(noDrug);MID2_PIN2(Trifluoperazine);PLM2_HNM1(5-FC);PLM2_HNM1(Metformin);PMC1_CTR2(5-FC);PMC1_CTR2(Metformin);PMC1_GTR2(5-FC);PMC1_GTR2(Metformin);PMC1_GTR2(Trifluoperazine);PMC1_GTR2(noDrug);SNA4_GTR2(5-FC);SNA4_GTR2(Trifluoperazine);SNA4_GTR2(noDrug);SRO9_DHH1(5-FC);SRO9_DHH1(Fluconazole);SRO9_DHH1(noDrug);SRO9_GIS2(noDrug);SSH1_ERV25(noDrug);TPO1_MID2(5-FC);TPO1_MID2(Trifluoperazine);TPO1_MID2(noDrug);TPO1_TCB2(noDrug);TPO1_TPO2(Trifluoperazine),,,piQTL_only
chr16:839159,ALO1_UIP4,noDrug,0.651286605,ALO1_ADE17(5-FC);ALO1_ADE17(Metformin);ALO1_ADE17(Trifluoperazine);ALO1_ADE17(noDrug);ALO1_HYR1(Fluconazole);ALO1_HYR1(noDrug);ALO1_UIP4(5-FC);ALO1_UIP4(Fluconazole);ALO1_UIP4(Trifluoperazine);ALO1_UIP4(noDrug);ERG11_ACF2(5-FC);ERG11_ACF2(noDrug);ERG11_ERG5(Fluconazole);ERG11_MID2(Trifluoperazine);ERG11_ORM2(5-FC);ERG11_ORM2(Trifluoperazine);ERG11_ORM2(noDrug);ERG11_PIS1(5-FC);ERG11_PIS1(Trifluoperazine);ERG11_PIS1(noDrug);ERG27_ACF2(noDrug);ERV25_UIP4(5-FC);ERV25_UIP4(Trifluoperazine);ERV25_UIP4(noDrug);FMP45_MEP1(5-FC);FMP45_MID2(5-FC);FMP45_MID2(Metformin);HNM1_ERG11(5-FC);HNM1_ERG11(noDrug);HNM1_MID2(noDrug);HNM1_TPO2(5-FC);HNM1_TPO2(Metformin);HNM1_TPO2(Trifluoperazine);HNM1_TPO2(noDrug);HUG1_ADE17(Metformin);HUG1_ALO1(5-FC);HUG1_PGM2(5-FC);HUG1_PGM2(Trifluoperazine);HUG1_PGM2(noDrug);MID2_MAM33(noDrug);MID2_PIN2(Trifluoperazine);PLM2_HNM1(5-FC);PLM2_HNM1(Metformin);PMC1_CTR2(5-FC);PMC1_CTR2(Metformin);PMC1_GTR2(5-FC);PMC1_GTR2(Metformin);PMC1_GTR2(Trifluoperazine);PMC1_GTR2(noDrug);SNA4_GTR2(5-FC);SNA4_GTR2(Trifluoperazine);SNA4_GTR2(noDrug);SRO9_DHH1(5-FC);SRO9_DHH1(Fluconazole);SRO9_DHH1(noDrug);SRO9_GIS2(noDrug);SSH1_ERV25(noDrug);TPO1_MID2(5-FC);TPO1_MID2(Trifluoperazine);TPO1_MID2(noDrug);TPO1_TCB2(noDrug);TPO1_TPO2(Trifluoperazine),,,piQTL_only
chr16:839159,ERG11_ACF2,5-FC,0.597531359,ALO1_ADE17(5-FC);ALO1_ADE17(Metformin);ALO1_ADE17(Trifluoperazine);ALO1_ADE17(noDrug);ALO1_HYR1(Fluconazole);ALO1_HYR1(noDrug);ALO1_UIP4(5-FC);ALO1_UIP4(Fluconazole);ALO1_UIP4(Trifluoperazine);ALO1_UIP4(noDrug);ERG11_ACF2(5-FC);ERG11_ACF2(noDrug);ERG11_ERG5(Fluconazole);ERG11_MID2(Trifluoperazine);ERG11_ORM2(5-FC);ERG11_ORM2(Trifluoperazine);ERG11_ORM2(noDrug);ERG11_PIS1(5-FC);ERG11_PIS1(Trifluoperazine);ERG11_PIS1(noDrug);ERG27_ACF2(noDrug);ERV25_UIP4(5-FC);ERV25_UIP4(Trifluoperazine);ERV25_UIP4(noDrug);FMP45_MEP1(5-FC);FMP45_MID2(5-FC);FMP45_MID2(Metformin);HNM1_ERG11(5-FC);HNM1_ERG11(noDrug);HNM1_MID2(noDrug);HNM1_TPO2(5-FC);HNM1_TPO2(Metformin);HNM1_TPO2(Trifluoperazine);HNM1_TPO2(noDrug);HUG1_ADE17(Metformin);HUG1_ALO1(5-FC);HUG1_PGM2(5-FC);HUG1_PGM2(Trifluoperazine);HUG1_PGM2(noDrug);MID2_MAM33(noDrug);MID2_PIN2(Trifluoperazine);PLM2_HNM1(5-FC);PLM2_HNM1(Metformin);PMC1_CTR2(5-FC);PMC1_CTR2(Metformin);PMC1_GTR2(5-FC);PMC1_GTR2(Metformin);PMC1_GTR2(Trifluoperazine);PMC1_GTR2(noDrug);SNA4_GTR2(5-FC);SNA4_GTR2(Trifluoperazine);SNA4_GTR2(noDrug);SRO9_DHH1(5-FC);SRO9_DHH1(Fluconazole);SRO9_DHH1(noDrug);SRO9_GIS2(noDrug);SSH1_ERV25(noDrug);TPO1_MID2(5-FC);TPO1_MID2(Trifluoperazine);TPO1_MID2(noDrug);TPO1_TCB2(noDrug);TPO1_TPO2(Trifluoperazine),,,piQTL_only
chr16:839159,ERG11_ACF2,noDrug,0.57531933,ALO1_ADE17(5-FC);ALO1_ADE17(Metformin);ALO1_ADE17(Trifluoperazine);ALO1_ADE17(noDrug);ALO1_HYR1(Fluconazole);ALO1_HYR1(noDrug);ALO1_UIP4(5-FC);ALO1_UIP4(Fluconazole);ALO1_UIP4(Trifluoperazine);ALO1_UIP4(noDrug);ERG11_ACF2(5-FC);ERG11_ACF2(noDrug);ERG11_ERG5(Fluconazole);ERG11_MID2(Trifluoperazine);ERG11_ORM2(5-FC);ERG11_ORM2(Trifluoperazine);ERG11_ORM2(noDrug);ERG11_PIS1(5-FC);ERG11_PIS1(Trifluoperazine);ERG11_PIS1(noDrug);ERG27_ACF2(noDrug);ERV25_UIP4(5-FC);ERV25_UIP4(Trifluoperazine);ERV25_UIP4(noDrug);FMP45_MEP1(5-FC);FMP45_MID2(5-FC);FMP45_MID2(Metformin);HNM1_ERG11(5-FC);HNM1_ERG11(noDrug);HNM1_MID2(noDrug);HNM1_TPO2(5-FC);HNM1_TPO2(Metformin);HNM1_TPO2(Trifluoperazine);HNM1_TPO2(noDrug);HUG1_ADE17(Metformin);HUG1_ALO1(5-FC);HUG1_PGM2(5-FC);HUG1_PGM2(Trifluoperazine);HUG1_PGM2(noDrug);MID2_MAM33(noDrug);MID2_PIN2(Trifluoperazine);PLM2_HNM1(5-FC);PLM2_HNM1(Metformin);PMC1_CTR2(5-FC);PMC1_CTR2(Metformin);PMC1_GTR2(5-FC);PMC1_GTR2(Metformin);PMC1_GTR2(Trifluoperazine);PMC1_GTR2(noDrug);SNA4_GTR2(5-FC);SNA4_GTR2(Trifluoperazine);SNA4_GTR2(noDrug);SRO9_DHH1(5-FC);SRO9_DHH1(Fluconazole);SRO9_DHH1(noDrug);SRO9_GIS2(noDrug);SSH1_ERV25(noDrug);TPO1_MID2(5-FC);TPO1_MID2(Trifluoperazine);TPO1_MID2(noDrug);TPO1_TCB2(noDrug);TPO1_TPO2(Trifluoperazine),,,piQTL_only
chr16:839159,ERG11_ERG5,Fluconazole,0.470481797,ALO1_ADE17(5-FC);ALO1_ADE17(Metformin);ALO1_ADE17(Trifluoperazine);ALO1_ADE17(noDrug);ALO1_HYR1(Fluconazole);ALO1_HYR1(noDrug);ALO1_UIP4(5-FC);ALO1_UIP4(Fluconazole);ALO1_UIP4(Trifluoperazine);ALO1_UIP4(noDrug);ERG11_ACF2(5-FC);ERG11_ACF2(noDrug);ERG11_ERG5(Fluconazole);ERG11_MID2(Trifluoperazine);ERG11_ORM2(5-FC);ERG11_ORM2(Trifluoperazine);ERG11_ORM2(noDrug);ERG11_PIS1(5-FC);ERG11_PIS1(Trifluoperazine);ERG11_PIS1(noDrug);ERG27_ACF2(noDrug);ERV25_UIP4(5-FC);ERV25_UIP4(Trifluoperazine);ERV25_UIP4(noDrug);FMP45_MEP1(5-FC);FMP45_MID2(5-FC);FMP45_MID2(Metformin);HNM1_ERG11(5-FC);HNM1_ERG11(noDrug);HNM1_MID2(noDrug);HNM1_TPO2(5-FC);HNM1_TPO2(Metformin);HNM1_TPO2(Trifluoperazine);HNM1_TPO2(noDrug);HUG1_ADE17(Metformin);HUG1_ALO1(5-FC);HUG1_PGM2(5-FC);HUG1_PGM2(Trifluoperazine);HUG1_PGM2(noDrug);MID2_MAM33(noDrug);MID2_PIN2(Trifluoperazine);PLM2_HNM1(5-FC);PLM2_HNM1(Metformin);PMC1_CTR2(5-FC);PMC1_CTR2(Metformin);PMC1_GTR2(5-FC);PMC1_GTR2(Metformin);PMC1_GTR2(Trifluoperazine);PMC1_GTR2(noDrug);SNA4_GTR2(5-FC);SNA4_GTR2(Trifluoperazine);SNA4_GTR2(noDrug);SRO9_DHH1(5-FC);SRO9_DHH1(Fluconazole);SRO9_DHH1(noDrug);SRO9_GIS2(noDrug);SSH1_ERV25(noDrug);TPO1_MID2(5-FC);TPO1_MID2(Trifluoperazine);TPO1_MID2(noDrug);TPO1_TCB2(noDrug);TPO1_TPO2(Trifluoperazine),,,piQTL_only
chr16:839159,ERG11_MID2,Trifluoperazine,0.481335028,ALO1_ADE17(5-FC);ALO1_ADE17(Metformin);ALO1_ADE17(Trifluoperazine);ALO1_ADE17(noDrug);ALO1_HYR1(Fluconazole);ALO1_HYR1(noDrug);ALO1_UIP4(5-FC);ALO1_UIP4(Fluconazole);ALO1_UIP4(Trifluoperazine);ALO1_UIP4(noDrug);ERG11_ACF2(5-FC);ERG11_ACF2(noDrug);ERG11_ERG5(Fluconazole);ERG11_MID2(Trifluoperazine);ERG11_ORM2(5-FC);ERG11_ORM2(Trifluoperazine);ERG11_ORM2(noDrug);ERG11_PIS1(5-FC);ERG11_PIS1(Trifluoperazine);ERG11_PIS1(noDrug);ERG27_ACF2(noDrug);ERV25_UIP4(5-FC);ERV25_UIP4(Trifluoperazine);ERV25_UIP4(noDrug);FMP45_MEP1(5-FC);FMP45_MID2(5-FC);FMP45_MID2(Metformin);HNM1_ERG11(5-FC);HNM1_ERG11(noDrug);HNM1_MID2(noDrug);HNM1_TPO2(5-FC);HNM1_TPO2(Metformin);HNM1_TPO2(Trifluoperazine);HNM1_TPO2(noDrug);HUG1_ADE17(Metformin);HUG1_ALO1(5-FC);HUG1_PGM2(5-FC);HUG1_PGM2(Trifluoperazine);HUG1_PGM2(noDrug);MID2_MAM33(noDrug);MID2_PIN2(Trifluoperazine);PLM2_HNM1(5-FC);PLM2_HNM1(Metformin);PMC1_CTR2(5-FC);PMC1_CTR2(Metformin);PMC1_GTR2(5-FC);PMC1_GTR2(Metformin);PMC1_GTR2(Trifluoperazine);PMC1_GTR2(noDrug);SNA4_GTR2(5-FC);SNA4_GTR2(Trifluoperazine);SNA4_GTR2(noDrug);SRO9_DHH1(5-FC);SRO9_DHH1(Fluconazole);SRO9_DHH1(noDrug);SRO9_GIS2(noDrug);SSH1_ERV25(noDrug);TPO1_MID2(5-FC);TPO1_MID2(Trifluoperazine);TPO1_MID2(noDrug);TPO1_TCB2(noDrug);TPO1_TPO2(Trifluoperazine),,,piQTL_only
chr16:839159,ERG11_ORM2,5-FC,0.606341027,ALO1_ADE17(5-FC);ALO1_ADE17(Metformin);ALO1_ADE17(Trifluoperazine);ALO1_ADE17(noDrug);ALO1_HYR1(Fluconazole);ALO1_HYR1(noDrug);ALO1_UIP4(5-FC);ALO1_UIP4(Fluconazole);ALO1_UIP4(Trifluoperazine);ALO1_UIP4(noDrug);ERG11_ACF2(5-FC);ERG11_ACF2(noDrug);ERG11_ERG5(Fluconazole);ERG11_MID2(Trifluoperazine);ERG11_ORM2(5-FC);ERG11_ORM2(Trifluoperazine);ERG11_ORM2(noDrug);ERG11_PIS1(5-FC);ERG11_PIS1(Trifluoperazine);ERG11_PIS1(noDrug);ERG27_ACF2(noDrug);ERV25_UIP4(5-FC);ERV25_UIP4(Trifluoperazine);ERV25_UIP4(noDrug);FMP45_MEP1(5-FC);FMP45_MID2(5-FC);FMP45_MID2(Metformin);HNM1_ERG11(5-FC);HNM1_ERG11(noDrug);HNM1_MID2(noDrug);HNM1_TPO2(5-FC);HNM1_TPO2(Metformin);HNM1_TPO2(Trifluoperazine);HNM1_TPO2(noDrug);HUG1_ADE17(Metformin);HUG1_ALO1(5-FC);HUG1_PGM2(5-FC);HUG1_PGM2(Trifluoperazine);HUG1_PGM2(noDrug);MID2_MAM33(noDrug);MID2_PIN2(Trifluoperazine);PLM2_HNM1(5-FC);PLM2_HNM1(Metformin);PMC1_CTR2(5-FC);PMC1_CTR2(Metformin);PMC1_GTR2(5-FC);PMC1_GTR2(Metformin);PMC1_GTR2(Trifluoperazine);PMC1_GTR2(noDrug);SNA4_GTR2(5-FC);SNA4_GTR2(Trifluoperazine);SNA4_GTR2(noDrug);SRO9_DHH1(5-FC);SRO9_DHH1(Fluconazole);SRO9_DHH1(noDrug);SRO9_GIS2(noDrug);SSH1_ERV25(noDrug);TPO1_MID2(5-FC);TPO1_MID2(Trifluoperazine);TPO1_MID2(noDrug);TPO1_TCB2(noDrug);TPO1_TPO2(Trifluoperazine),,,piQTL_only
chr16:839159,ERG11_ORM2,Trifluoperazine,0.531551774,ALO1_ADE17(5-FC);ALO1_ADE17(Metformin);ALO1_ADE17(Trifluoperazine);ALO1_ADE17(noDrug);ALO1_HYR1(Fluconazole);ALO1_HYR1(noDrug);ALO1_UIP4(5-FC);ALO1_UIP4(Fluconazole);ALO1_UIP4(Trifluoperazine);ALO1_UIP4(noDrug);ERG11_ACF2(5-FC);ERG11_ACF2(noDrug);ERG11_ERG5(Fluconazole);ERG11_MID2(Trifluoperazine);ERG11_ORM2(5-FC);ERG11_ORM2(Trifluoperazine);ERG11_ORM2(noDrug);ERG11_PIS1(5-FC);ERG11_PIS1(Trifluoperazine);ERG11_PIS1(noDrug);ERG27_ACF2(noDrug);ERV25_UIP4(5-FC);ERV25_UIP4(Trifluoperazine);ERV25_UIP4(noDrug);FMP45_MEP1(5-FC);FMP45_MID2(5-FC);FMP45_MID2(Metformin);HNM1_ERG11(5-FC);HNM1_ERG11(noDrug);HNM1_MID2(noDrug);HNM1_TPO2(5-FC);HNM1_TPO2(Metformin);HNM1_TPO2(Trifluoperazine);HNM1_TPO2(noDrug);HUG1_ADE17(Metformin);HUG1_ALO1(5-FC);HUG1_PGM2(5-FC);HUG1_PGM2(Trifluoperazine);HUG1_PGM2(noDrug);MID2_MAM33(noDrug);MID2_PIN2(Trifluoperazine);PLM2_HNM1(5-FC);PLM2_HNM1(Metformin);PMC1_CTR2(5-FC);PMC1_CTR2(Metformin);PMC1_GTR2(5-FC);PMC1_GTR2(Metformin);PMC1_GTR2(Trifluoperazine);PMC1_GTR2(noDrug);SNA4_GTR2(5-FC);SNA4_GTR2(Trifluoperazine);SNA4_GTR2(noDrug);SRO9_DHH1(5-FC);SRO9_DHH1(Fluconazole);SRO9_DHH1(noDrug);SRO9_GIS2(noDrug);SSH1_ERV25(noDrug);TPO1_MID2(5-FC);TPO1_MID2(Trifluoperazine);TPO1_MID2(noDrug);TPO1_TCB2(noDrug);TPO1_TPO2(Trifluoperazine),,,piQTL_only
chr16:839159,ERG11_ORM2,noDrug,0.584168099,ALO1_ADE17(5-FC);ALO1_ADE17(Metformin);ALO1_ADE17(Trifluoperazine);ALO1_ADE17(noDrug);ALO1_HYR1(Fluconazole);ALO1_HYR1(noDrug);ALO1_UIP4(5-FC);ALO1_UIP4(Fluconazole);ALO1_UIP4(Trifluoperazine);ALO1_UIP4(noDrug);ERG11_ACF2(5-FC);ERG11_ACF2(noDrug);ERG11_ERG5(Fluconazole);ERG11_MID2(Trifluoperazine);ERG11_ORM2(5-FC);ERG11_ORM2(Trifluoperazine);ERG11_ORM2(noDrug);ERG11_PIS1(5-FC);ERG11_PIS1(Trifluoperazine);ERG11_PIS1(noDrug);ERG27_ACF2(noDrug);ERV25_UIP4(5-FC);ERV25_UIP4(Trifluoperazine);ERV25_UIP4(noDrug);FMP45_MEP1(5-FC);FMP45_MID2(5-FC);FMP45_MID2(Metformin);HNM1_ERG11(5-FC);HNM1_ERG11(noDrug);HNM1_MID2(noDrug);HNM1_TPO2(5-FC);HNM1_TPO2(Metformin);HNM1_TPO2(Trifluoperazine);HNM1_TPO2(noDrug);HUG1_ADE17(Metformin);HUG1_ALO1(5-FC);HUG1_PGM2(5-FC);HUG1_PGM2(Trifluoperazine);HUG1_PGM2(noDrug);MID2_MAM33(noDrug);MID2_PIN2(Trifluoperazine);PLM2_HNM1(5-FC);PLM2_HNM1(Metformin);PMC1_CTR2(5-FC);PMC1_CTR2(Metformin);PMC1_GTR2(5-FC);PMC1_GTR2(Metformin);PMC1_GTR2(Trifluoperazine);PMC1_GTR2(noDrug);SNA4_GTR2(5-FC);SNA4_GTR2(Trifluoperazine);SNA4_GTR2(noDrug);SRO9_DHH1(5-FC);SRO9_DHH1(Fluconazole);SRO9_DHH1(noDrug);SRO9_GIS2(noDrug);SSH1_ERV25(noDrug);TPO1_MID2(5-FC);TPO1_MID2(Trifluoperazine);TPO1_MID2(noDrug);TPO1_TCB2(noDrug);TPO1_TPO2(Trifluoperazine),,,piQTL_only
chr16:839159,ERG11_PIS1,5-FC,0.545530723,ALO1_ADE17(5-FC);ALO1_ADE17(Metformin);ALO1_ADE17(Trifluoperazine);ALO1_ADE17(noDrug);ALO1_HYR1(Fluconazole);ALO1_HYR1(noDrug);ALO1_UIP4(5-FC);ALO1_UIP4(Fluconazole);ALO1_UIP4(Trifluoperazine);ALO1_UIP4(noDrug);ERG11_ACF2(5-FC);ERG11_ACF2(noDrug);ERG11_ERG5(Fluconazole);ERG11_MID2(Trifluoperazine);ERG11_ORM2(5-FC);ERG11_ORM2(Trifluoperazine);ERG11_ORM2(noDrug);ERG11_PIS1(5-FC);ERG11_PIS1(Trifluoperazine);ERG11_PIS1(noDrug);ERG27_ACF2(noDrug);ERV25_UIP4(5-FC);ERV25_UIP4(Trifluoperazine);ERV25_UIP4(noDrug);FMP45_MEP1(5-FC);FMP45_MID2(5-FC);FMP45_MID2(Metformin);HNM1_ERG11(5-FC);HNM1_ERG11(noDrug);HNM1_MID2(noDrug);HNM1_TPO2(5-FC);HNM1_TPO2(Metformin);HNM1_TPO2(Trifluoperazine);HNM1_TPO2(noDrug);HUG1_ADE17(Metformin);HUG1_ALO1(5-FC);HUG1_PGM2(5-FC);HUG1_PGM2(Trifluoperazine);HUG1_PGM2(noDrug);MID2_MAM33(noDrug);MID2_PIN2(Trifluoperazine);PLM2_HNM1(5-FC);PLM2_HNM1(Metformin);PMC1_CTR2(5-FC);PMC1_CTR2(Metformin);PMC1_GTR2(5-FC);PMC1_GTR2(Metformin);PMC1_GTR2(Trifluoperazine);PMC1_GTR2(noDrug);SNA4_GTR2(5-FC);SNA4_GTR2(Trifluoperazine);SNA4_GTR2(noDrug);SRO9_DHH1(5-FC);SRO9_DHH1(Fluconazole);SRO9_DHH1(noDrug);SRO9_GIS2(noDrug);SSH1_ERV25(noDrug);TPO1_MID2(5-FC);TPO1_MID2(Trifluoperazine);TPO1_MID2(noDrug);TPO1_TCB2(noDrug);TPO1_TPO2(Trifluoperazine),,,piQTL_only
chr16:839159,ERG11_PIS1,Trifluoperazine,0.503126814,ALO1_ADE17(5-FC);ALO1_ADE17(Metformin);ALO1_ADE17(Trifluoperazine);ALO1_ADE17(noDrug);ALO1_HYR1(Fluconazole);ALO1_HYR1(noDrug);ALO1_UIP4(5-FC);ALO1_UIP4(Fluconazole);ALO1_UIP4(Trifluoperazine);ALO1_UIP4(noDrug);ERG11_ACF2(5-FC);ERG11_ACF2(noDrug);ERG11_ERG5(Fluconazole);ERG11_MID2(Trifluoperazine);ERG11_ORM2(5-FC);ERG11_ORM2(Trifluoperazine);ERG11_ORM2(noDrug);ERG11_PIS1(5-FC);ERG11_PIS1(Trifluoperazine);ERG11_PIS1(noDrug);ERG27_ACF2(noDrug);ERV25_UIP4(5-FC);ERV25_UIP4(Trifluoperazine);ERV25_UIP4(noDrug);FMP45_MEP1(5-FC);FMP45_MID2(5-FC);FMP45_MID2(Metformin);HNM1_ERG11(5-FC);HNM1_ERG11(noDrug);HNM1_MID2(noDrug);HNM1_TPO2(5-FC);HNM1_TPO2(Metformin);HNM1_TPO2(Trifluoperazine);HNM1_TPO2(noDrug);HUG1_ADE17(Metformin);HUG1_ALO1(5-FC);HUG1_PGM2(5-FC);HUG1_PGM2(Trifluoperazine);HUG1_PGM2(noDrug);MID2_MAM33(noDrug);MID2_PIN2(Trifluoperazine);PLM2_HNM1(5-FC);PLM2_HNM1(Metformin);PMC1_CTR2(5-FC);PMC1_CTR2(Metformin);PMC1_GTR2(5-FC);PMC1_GTR2(Metformin);PMC1_GTR2(Trifluoperazine);PMC1_GTR2(noDrug);SNA4_GTR2(5-FC);SNA4_GTR2(Trifluoperazine);SNA4_GTR2(noDrug);SRO9_DHH1(5-FC);SRO9_DHH1(Fluconazole);SRO9_DHH1(noDrug);SRO9_GIS2(noDrug);SSH1_ERV25(noDrug);TPO1_MID2(5-FC);TPO1_MID2(Trifluoperazine);TPO1_MID2(noDrug);TPO1_TCB2(noDrug);TPO1_TPO2(Trifluoperazine),,,piQTL_only
chr16:839159,ERG11_PIS1,noDrug,0.551067804,ALO1_ADE17(5-FC);ALO1_ADE17(Metformin);ALO1_ADE17(Trifluoperazine);ALO1_ADE17(noDrug);ALO1_HYR1(Fluconazole);ALO1_HYR1(noDrug);ALO1_UIP4(5-FC);ALO1_UIP4(Fluconazole);ALO1_UIP4(Trifluoperazine);ALO1_UIP4(noDrug);ERG11_ACF2(5-FC);ERG11_ACF2(noDrug);ERG11_ERG5(Fluconazole);ERG11_MID2(Trifluoperazine);ERG11_ORM2(5-FC);ERG11_ORM2(Trifluoperazine);ERG11_ORM2(noDrug);ERG11_PIS1(5-FC);ERG11_PIS1(Trifluoperazine);ERG11_PIS1(noDrug);ERG27_ACF2(noDrug);ERV25_UIP4(5-FC);ERV25_UIP4(Trifluoperazine);ERV25_UIP4(noDrug);FMP45_MEP1(5-FC);FMP45_MID2(5-FC);FMP45_MID2(Metformin);HNM1_ERG11(5-FC);HNM1_ERG11(noDrug);HNM1_MID2(noDrug);HNM1_TPO2(5-FC);HNM1_TPO2(Metformin);HNM1_TPO2(Trifluoperazine);HNM1_TPO2(noDrug);HUG1_ADE17(Metformin);HUG1_ALO1(5-FC);HUG1_PGM2(5-FC);HUG1_PGM2(Trifluoperazine);HUG1_PGM2(noDrug);MID2_MAM33(noDrug);MID2_PIN2(Trifluoperazine);PLM2_HNM1(5-FC);PLM2_HNM1(Metformin);PMC1_CTR2(5-FC);PMC1_CTR2(Metformin);PMC1_GTR2(5-FC);PMC1_GTR2(Metformin);PMC1_GTR2(Trifluoperazine);PMC1_GTR2(noDrug);SNA4_GTR2(5-FC);SNA4_GTR2(Trifluoperazine);SNA4_GTR2(noDrug);SRO9_DHH1(5-FC);SRO9_DHH1(Fluconazole);SRO9_DHH1(noDrug);SRO9_GIS2(noDrug);SSH1_ERV25(noDrug);TPO1_MID2(5-FC);TPO1_MID2(Trifluoperazine);TPO1_MID2(noDrug);TPO1_TCB2(noDrug);TPO1_TPO2(Trifluoperazine),,,piQTL_only
chr16:839159,ERG27_ACF2,noDrug,0.629021634,ALO1_ADE17(5-FC);ALO1_ADE17(Metformin);ALO1_ADE17(Trifluoperazine);ALO1_ADE17(noDrug);ALO1_HYR1(Fluconazole);ALO1_HYR1(noDrug);ALO1_UIP4(5-FC);ALO1_UIP4(Fluconazole);ALO1_UIP4(Trifluoperazine);ALO1_UIP4(noDrug);ERG11_ACF2(5-FC);ERG11_ACF2(noDrug);ERG11_ERG5(Fluconazole);ERG11_MID2(Trifluoperazine);ERG11_ORM2(5-FC);ERG11_ORM2(Trifluoperazine);ERG11_ORM2(noDrug);ERG11_PIS1(5-FC);ERG11_PIS1(Trifluoperazine);ERG11_PIS1(noDrug);ERG27_ACF2(noDrug);ERV25_UIP4(5-FC);ERV25_UIP4(Trifluoperazine);ERV25_UIP4(noDrug);FMP45_MEP1(5-FC);FMP45_MID2(5-FC);FMP45_MID2(Metformin);HNM1_ERG11(5-FC);HNM1_ERG11(noDrug);HNM1_MID2(noDrug);HNM1_TPO2(5-FC);HNM1_TPO2(Metformin);HNM1_TPO2(Trifluoperazine);HNM1_TPO2(noDrug);HUG1_ADE17(Metformin);HUG1_ALO1(5-FC);HUG1_PGM2(5-FC);HUG1_PGM2(Trifluoperazine);HUG1_PGM2(noDrug);MID2_MAM33(noDrug);MID2_PIN2(Trifluoperazine);PLM2_HNM1(5-FC);PLM2_HNM1(Metformin);PMC1_CTR2(5-FC);PMC1_CTR2(Metformin);PMC1_GTR2(5-FC);PMC1_GTR2(Metformin);PMC1_GTR2(Trifluoperazine);PMC1_GTR2(noDrug);SNA4_GTR2(5-FC);SNA4_GTR2(Trifluoperazine);SNA4_GTR2(noDrug);SRO9_DHH1(5-FC);SRO9_DHH1(Fluconazole);SRO9_DHH1(noDrug);SRO9_GIS2(noDrug);SSH1_ERV25(noDrug);TPO1_MID2(5-FC);TPO1_MID2(Trifluoperazine);TPO1_MID2(noDrug);TPO1_TCB2(noDrug);TPO1_TPO2(Trifluoperazine),,,piQTL_only
chr16:839159,ERV25_UIP4,5-FC,0.768545386,ALO1_ADE17(5-FC);ALO1_ADE17(Metformin);ALO1_ADE17(Trifluoperazine);ALO1_ADE17(noDrug);ALO1_HYR1(Fluconazole);ALO1_HYR1(noDrug);ALO1_UIP4(5-FC);ALO1_UIP4(Fluconazole);ALO1_UIP4(Trifluoperazine);ALO1_UIP4(noDrug);ERG11_ACF2(5-FC);ERG11_ACF2(noDrug);ERG11_ERG5(Fluconazole);ERG11_MID2(Trifluoperazine);ERG11_ORM2(5-FC);ERG11_ORM2(Trifluoperazine);ERG11_ORM2(noDrug);ERG11_PIS1(5-FC);ERG11_PIS1(Trifluoperazine);ERG11_PIS1(noDrug);ERG27_ACF2(noDrug);ERV25_UIP4(5-FC);ERV25_UIP4(Trifluoperazine);ERV25_UIP4(noDrug);FMP45_MEP1(5-FC);FMP45_MID2(5-FC);FMP45_MID2(Metformin);HNM1_ERG11(5-FC);HNM1_ERG11(noDrug);HNM1_MID2(noDrug);HNM1_TPO2(5-FC);HNM1_TPO2(Metformin);HNM1_TPO2(Trifluoperazine);HNM1_TPO2(noDrug);HUG1_ADE17(Metformin);HUG1_ALO1(5-FC);HUG1_PGM2(5-FC);HUG1_PGM2(Trifluoperazine);HUG1_PGM2(noDrug);MID2_MAM33(noDrug);MID2_PIN2(Trifluoperazine);PLM2_HNM1(5-FC);PLM2_HNM1(Metformin);PMC1_CTR2(5-FC);PMC1_CTR2(Metformin);PMC1_GTR2(5-FC);PMC1_GTR2(Metformin);PMC1_GTR2(Trifluoperazine);PMC1_GTR2(noDrug);SNA4_GTR2(5-FC);SNA4_GTR2(Trifluoperazine);SNA4_GTR2(noDrug);SRO9_DHH1(5-FC);SRO9_DHH1(Fluconazole);SRO9_DHH1(noDrug);SRO9_GIS2(noDrug);SSH1_ERV25(noDrug);TPO1_MID2(5-FC);TPO1_MID2(Trifluoperazine);TPO1_MID2(noDrug);TPO1_TCB2(noDrug);TPO1_TPO2(Trifluoperazine),,,piQTL_only
chr16:839159,ERV25_UIP4,Trifluoperazine,0.608896816,ALO1_ADE17(5-FC);ALO1_ADE17(Metformin);ALO1_ADE17(Trifluoperazine);ALO1_ADE17(noDrug);ALO1_HYR1(Fluconazole);ALO1_HYR1(noDrug);ALO1_UIP4(5-FC);ALO1_UIP4(Fluconazole);ALO1_UIP4(Trifluoperazine);ALO1_UIP4(noDrug);ERG11_ACF2(5-FC);ERG11_ACF2(noDrug);ERG11_ERG5(Fluconazole);ERG11_MID2(Trifluoperazine);ERG11_ORM2(5-FC);ERG11_ORM2(Trifluoperazine);ERG11_ORM2(noDrug);ERG11_PIS1(5-FC);ERG11_PIS1(Trifluoperazine);ERG11_PIS1(noDrug);ERG27_ACF2(noDrug);ERV25_UIP4(5-FC);ERV25_UIP4(Trifluoperazine);ERV25_UIP4(noDrug);FMP45_MEP1(5-FC);FMP45_MID2(5-FC);FMP45_MID2(Metformin);HNM1_ERG11(5-FC);HNM1_ERG11(noDrug);HNM1_MID2(noDrug);HNM1_TPO2(5-FC);HNM1_TPO2(Metformin);HNM1_TPO2(Trifluoperazine);HNM1_TPO2(noDrug);HUG1_ADE17(Metformin);HUG1_ALO1(5-FC);HUG1_PGM2(5-FC);HUG1_PGM2(Trifluoperazine);HUG1_PGM2(noDrug);MID2_MAM33(noDrug);MID2_PIN2(Trifluoperazine);PLM2_HNM1(5-FC);PLM2_HNM1(Metformin);PMC1_CTR2(5-FC);PMC1_CTR2(Metformin);PMC1_GTR2(5-FC);PMC1_GTR2(Metformin);PMC1_GTR2(Trifluoperazine);PMC1_GTR2(noDrug);SNA4_GTR2(5-FC);SNA4_GTR2(Trifluoperazine);SNA4_GTR2(noDrug);SRO9_DHH1(5-FC);SRO9_DHH1(Fluconazole);SRO9_DHH1(noDrug);SRO9_GIS2(noDrug);SSH1_ERV25(noDrug);TPO1_MID2(5-FC);TPO1_MID2(Trifluoperazine);TPO1_MID2(noDrug);TPO1_TCB2(noDrug);TPO1_TPO2(Trifluoperazine),,,piQTL_only
chr16:839159,ERV25_UIP4,noDrug,0.675885143,ALO1_ADE17(5-FC);ALO1_ADE17(Metformin);ALO1_ADE17(Trifluoperazine);ALO1_ADE17(noDrug);ALO1_HYR1(Fluconazole);ALO1_HYR1(noDrug);ALO1_UIP4(5-FC);ALO1_UIP4(Fluconazole);ALO1_UIP4(Trifluoperazine);ALO1_UIP4(noDrug);ERG11_ACF2(5-FC);ERG11_ACF2(noDrug);ERG11_ERG5(Fluconazole);ERG11_MID2(Trifluoperazine);ERG11_ORM2(5-FC);ERG11_ORM2(Trifluoperazine);ERG11_ORM2(noDrug);ERG11_PIS1(5-FC);ERG11_PIS1(Trifluoperazine);ERG11_PIS1(noDrug);ERG27_ACF2(noDrug);ERV25_UIP4(5-FC);ERV25_UIP4(Trifluoperazine);ERV25_UIP4(noDrug);FMP45_MEP1(5-FC);FMP45_MID2(5-FC);FMP45_MID2(Metformin);HNM1_ERG11(5-FC);HNM1_ERG11(noDrug);HNM1_MID2(noDrug);HNM1_TPO2(5-FC);HNM1_TPO2(Metformin);HNM1_TPO2(Trifluoperazine);HNM1_TPO2(noDrug);HUG1_ADE17(Metformin);HUG1_ALO1(5-FC);HUG1_PGM2(5-FC);HUG1_PGM2(Trifluoperazine);HUG1_PGM2(noDrug);MID2_MAM33(noDrug);MID2_PIN2(Trifluoperazine);PLM2_HNM1(5-FC);PLM2_HNM1(Metformin);PMC1_CTR2(5-FC);PMC1_CTR2(Metformin);PMC1_GTR2(5-FC);PMC1_GTR2(Metformin);PMC1_GTR2(Trifluoperazine);PMC1_GTR2(noDrug);SNA4_GTR2(5-FC);SNA4_GTR2(Trifluoperazine);SNA4_GTR2(noDrug);SRO9_DHH1(5-FC);SRO9_DHH1(Fluconazole);SRO9_DHH1(noDrug);SRO9_GIS2(noDrug);SSH1_ERV25(noDrug);TPO1_MID2(5-FC);TPO1_MID2(Trifluoperazine);TPO1_MID2(noDrug);TPO1_TCB2(noDrug);TPO1_TPO2(Trifluoperazine),,,piQTL_only
chr16:839159,FMP45_MEP1,5-FC,0.742969905,ALO1_ADE17(5-FC);ALO1_ADE17(Metformin);ALO1_ADE17(Trifluoperazine);ALO1_ADE17(noDrug);ALO1_HYR1(Fluconazole);ALO1_HYR1(noDrug);ALO1_UIP4(5-FC);ALO1_UIP4(Fluconazole);ALO1_UIP4(Trifluoperazine);ALO1_UIP4(noDrug);ERG11_ACF2(5-FC);ERG11_ACF2(noDrug);ERG11_ERG5(Fluconazole);ERG11_MID2(Trifluoperazine);ERG11_ORM2(5-FC);ERG11_ORM2(Trifluoperazine);ERG11_ORM2(noDrug);ERG11_PIS1(5-FC);ERG11_PIS1(Trifluoperazine);ERG11_PIS1(noDrug);ERG27_ACF2(noDrug);ERV25_UIP4(5-FC);ERV25_UIP4(Trifluoperazine);ERV25_UIP4(noDrug);FMP45_MEP1(5-FC);FMP45_MID2(5-FC);FMP45_MID2(Metformin);HNM1_ERG11(5-FC);HNM1_ERG11(noDrug);HNM1_MID2(noDrug);HNM1_TPO2(5-FC);HNM1_TPO2(Metformin);HNM1_TPO2(Trifluoperazine);HNM1_TPO2(noDrug);HUG1_ADE17(Metformin);HUG1_ALO1(5-FC);HUG1_PGM2(5-FC);HUG1_PGM2(Trifluoperazine);HUG1_PGM2(noDrug);MID2_MAM33(noDrug);MID2_PIN2(Trifluoperazine);PLM2_HNM1(5-FC);PLM2_HNM1(Metformin);PMC1_CTR2(5-FC);PMC1_CTR2(Metformin);PMC1_GTR2(5-FC);PMC1_GTR2(Metformin);PMC1_GTR2(Trifluoperazine);PMC1_GTR2(noDrug);SNA4_GTR2(5-FC);SNA4_GTR2(Trifluoperazine);SNA4_GTR2(noDrug);SRO9_DHH1(5-FC);SRO9_DHH1(Fluconazole);SRO9_DHH1(noDrug);SRO9_GIS2(noDrug);SSH1_ERV25(noDrug);TPO1_MID2(5-FC);TPO1_MID2(Trifluoperazine);TPO1_MID2(noDrug);TPO1_TCB2(noDrug);TPO1_TPO2(Trifluoperazine),,,piQTL_only
chr16:839159,FMP45_MID2,5-FC,0.629050452,ALO1_ADE17(5-FC);ALO1_ADE17(Metformin);ALO1_ADE17(Trifluoperazine);ALO1_ADE17(noDrug);ALO1_HYR1(Fluconazole);ALO1_HYR1(noDrug);ALO1_UIP4(5-FC);ALO1_UIP4(Fluconazole);ALO1_UIP4(Trifluoperazine);ALO1_UIP4(noDrug);ERG11_ACF2(5-FC);ERG11_ACF2(noDrug);ERG11_ERG5(Fluconazole);ERG11_MID2(Trifluoperazine);ERG11_ORM2(5-FC);ERG11_ORM2(Trifluoperazine);ERG11_ORM2(noDrug);ERG11_PIS1(5-FC);ERG11_PIS1(Trifluoperazine);ERG11_PIS1(noDrug);ERG27_ACF2(noDrug);ERV25_UIP4(5-FC);ERV25_UIP4(Trifluoperazine);ERV25_UIP4(noDrug);FMP45_MEP1(5-FC);FMP45_MID2(5-FC);FMP45_MID2(Metformin);HNM1_ERG11(5-FC);HNM1_ERG11(noDrug);HNM1_MID2(noDrug);HNM1_TPO2(5-FC);HNM1_TPO2(Metformin);HNM1_TPO2(Trifluoperazine);HNM1_TPO2(noDrug);HUG1_ADE17(Metformin);HUG1_ALO1(5-FC);HUG1_PGM2(5-FC);HUG1_PGM2(Trifluoperazine);HUG1_PGM2(noDrug);MID2_MAM33(noDrug);MID2_PIN2(Trifluoperazine);PLM2_HNM1(5-FC);PLM2_HNM1(Metformin);PMC1_CTR2(5-FC);PMC1_CTR2(Metformin);PMC1_GTR2(5-FC);PMC1_GTR2(Metformin);PMC1_GTR2(Trifluoperazine);PMC1_GTR2(noDrug);SNA4_GTR2(5-FC);SNA4_GTR2(Trifluoperazine);SNA4_GTR2(noDrug);SRO9_DHH1(5-FC);SRO9_DHH1(Fluconazole);SRO9_DHH1(noDrug);SRO9_GIS2(noDrug);SSH1_ERV25(noDrug);TPO1_MID2(5-FC);TPO1_MID2(Trifluoperazine);TPO1_MID2(noDrug);TPO1_TCB2(noDrug);TPO1_TPO2(Trifluoperazine),,,piQTL_only
chr16:839159,FMP45_MID2,Metformin,0.497777804,ALO1_ADE17(5-FC);ALO1_ADE17(Metformin);ALO1_ADE17(Trifluoperazine);ALO1_ADE17(noDrug);ALO1_HYR1(Fluconazole);ALO1_HYR1(noDrug);ALO1_UIP4(5-FC);ALO1_UIP4(Fluconazole);ALO1_UIP4(Trifluoperazine);ALO1_UIP4(noDrug);ERG11_ACF2(5-FC);ERG11_ACF2(noDrug);ERG11_ERG5(Fluconazole);ERG11_MID2(Trifluoperazine);ERG11_ORM2(5-FC);ERG11_ORM2(Trifluoperazine);ERG11_ORM2(noDrug);ERG11_PIS1(5-FC);ERG11_PIS1(Trifluoperazine);ERG11_PIS1(noDrug);ERG27_ACF2(noDrug);ERV25_UIP4(5-FC);ERV25_UIP4(Trifluoperazine);ERV25_UIP4(noDrug);FMP45_MEP1(5-FC);FMP45_MID2(5-FC);FMP45_MID2(Metformin);HNM1_ERG11(5-FC);HNM1_ERG11(noDrug);HNM1_MID2(noDrug);HNM1_TPO2(5-FC);HNM1_TPO2(Metformin);HNM1_TPO2(Trifluoperazine);HNM1_TPO2(noDrug);HUG1_ADE17(Metformin);HUG1_ALO1(5-FC);HUG1_PGM2(5-FC);HUG1_PGM2(Trifluoperazine);HUG1_PGM2(noDrug);MID2_MAM33(noDrug);MID2_PIN2(Trifluoperazine);PLM2_HNM1(5-FC);PLM2_HNM1(Metformin);PMC1_CTR2(5-FC);PMC1_CTR2(Metformin);PMC1_GTR2(5-FC);PMC1_GTR2(Metformin);PMC1_GTR2(Trifluoperazine);PMC1_GTR2(noDrug);SNA4_GTR2(5-FC);SNA4_GTR2(Trifluoperazine);SNA4_GTR2(noDrug);SRO9_DHH1(5-FC);SRO9_DHH1(Fluconazole);SRO9_DHH1(noDrug);SRO9_GIS2(noDrug);SSH1_ERV25(noDrug);TPO1_MID2(5-FC);TPO1_MID2(Trifluoperazine);TPO1_MID2(noDrug);TPO1_TCB2(noDrug);TPO1_TPO2(Trifluoperazine),,,piQTL_only
chr16:839159,HNM1_ERG11,5-FC,0.62888235,ALO1_ADE17(5-FC);ALO1_ADE17(Metformin);ALO1_ADE17(Trifluoperazine);ALO1_ADE17(noDrug);ALO1_HYR1(Fluconazole);ALO1_HYR1(noDrug);ALO1_UIP4(5-FC);ALO1_UIP4(Fluconazole);ALO1_UIP4(Trifluoperazine);ALO1_UIP4(noDrug);ERG11_ACF2(5-FC);ERG11_ACF2(noDrug);ERG11_ERG5(Fluconazole);ERG11_MID2(Trifluoperazine);ERG11_ORM2(5-FC);ERG11_ORM2(Trifluoperazine);ERG11_ORM2(noDrug);ERG11_PIS1(5-FC);ERG11_PIS1(Trifluoperazine);ERG11_PIS1(noDrug);ERG27_ACF2(noDrug);ERV25_UIP4(5-FC);ERV25_UIP4(Trifluoperazine);ERV25_UIP4(noDrug);FMP45_MEP1(5-FC);FMP45_MID2(5-FC);FMP45_MID2(Metformin);HNM1_ERG11(5-FC);HNM1_ERG11(noDrug);HNM1_MID2(noDrug);HNM1_TPO2(5-FC);HNM1_TPO2(Metformin);HNM1_TPO2(Trifluoperazine);HNM1_TPO2(noDrug);HUG1_ADE17(Metformin);HUG1_ALO1(5-FC);HUG1_PGM2(5-FC);HUG1_PGM2(Trifluoperazine);HUG1_PGM2(noDrug);MID2_MAM33(noDrug);MID2_PIN2(Trifluoperazine);PLM2_HNM1(5-FC);PLM2_HNM1(Metformin);PMC1_CTR2(5-FC);PMC1_CTR2(Metformin);PMC1_GTR2(5-FC);PMC1_GTR2(Metformin);PMC1_GTR2(Trifluoperazine);PMC1_GTR2(noDrug);SNA4_GTR2(5-FC);SNA4_GTR2(Trifluoperazine);SNA4_GTR2(noDrug);SRO9_DHH1(5-FC);SRO9_DHH1(Fluconazole);SRO9_DHH1(noDrug);SRO9_GIS2(noDrug);SSH1_ERV25(noDrug);TPO1_MID2(5-FC);TPO1_MID2(Trifluoperazine);TPO1_MID2(noDrug);TPO1_TCB2(noDrug);TPO1_TPO2(Trifluoperazine),,,piQTL_only
chr16:839159,HNM1_ERG11,noDrug,0.638126529,ALO1_ADE17(5-FC);ALO1_ADE17(Metformin);ALO1_ADE17(Trifluoperazine);ALO1_ADE17(noDrug);ALO1_HYR1(Fluconazole);ALO1_HYR1(noDrug);ALO1_UIP4(5-FC);ALO1_UIP4(Fluconazole);ALO1_UIP4(Trifluoperazine);ALO1_UIP4(noDrug);ERG11_ACF2(5-FC);ERG11_ACF2(noDrug);ERG11_ERG5(Fluconazole);ERG11_MID2(Trifluoperazine);ERG11_ORM2(5-FC);ERG11_ORM2(Trifluoperazine);ERG11_ORM2(noDrug);ERG11_PIS1(5-FC);ERG11_PIS1(Trifluoperazine);ERG11_PIS1(noDrug);ERG27_ACF2(noDrug);ERV25_UIP4(5-FC);ERV25_UIP4(Trifluoperazine);ERV25_UIP4(noDrug);FMP45_MEP1(5-FC);FMP45_MID2(5-FC);FMP45_MID2(Metformin);HNM1_ERG11(5-FC);HNM1_ERG11(noDrug);HNM1_MID2(noDrug);HNM1_TPO2(5-FC);HNM1_TPO2(Metformin);HNM1_TPO2(Trifluoperazine);HNM1_TPO2(noDrug);HUG1_ADE17(Metformin);HUG1_ALO1(5-FC);HUG1_PGM2(5-FC);HUG1_PGM2(Trifluoperazine);HUG1_PGM2(noDrug);MID2_MAM33(noDrug);MID2_PIN2(Trifluoperazine);PLM2_HNM1(5-FC);PLM2_HNM1(Metformin);PMC1_CTR2(5-FC);PMC1_CTR2(Metformin);PMC1_GTR2(5-FC);PMC1_GTR2(Metformin);PMC1_GTR2(Trifluoperazine);PMC1_GTR2(noDrug);SNA4_GTR2(5-FC);SNA4_GTR2(Trifluoperazine);SNA4_GTR2(noDrug);SRO9_DHH1(5-FC);SRO9_DHH1(Fluconazole);SRO9_DHH1(noDrug);SRO9_GIS2(noDrug);SSH1_ERV25(noDrug);TPO1_MID2(5-FC);TPO1_MID2(Trifluoperazine);TPO1_MID2(noDrug);TPO1_TCB2(noDrug);TPO1_TPO2(Trifluoperazine),,,piQTL_only
chr16:839159,HNM1_MID2,noDrug,0.5677271,ALO1_ADE17(5-FC);ALO1_ADE17(Metformin);ALO1_ADE17(Trifluoperazine);ALO1_ADE17(noDrug);ALO1_HYR1(Fluconazole);ALO1_HYR1(noDrug);ALO1_UIP4(5-FC);ALO1_UIP4(Fluconazole);ALO1_UIP4(Trifluoperazine);ALO1_UIP4(noDrug);ERG11_ACF2(5-FC);ERG11_ACF2(noDrug);ERG11_ERG5(Fluconazole);ERG11_MID2(Trifluoperazine);ERG11_ORM2(5-FC);ERG11_ORM2(Trifluoperazine);ERG11_ORM2(noDrug);ERG11_PIS1(5-FC);ERG11_PIS1(Trifluoperazine);ERG11_PIS1(noDrug);ERG27_ACF2(noDrug);ERV25_UIP4(5-FC);ERV25_UIP4(Trifluoperazine);ERV25_UIP4(noDrug);FMP45_MEP1(5-FC);FMP45_MID2(5-FC);FMP45_MID2(Metformin);HNM1_ERG11(5-FC);HNM1_ERG11(noDrug);HNM1_MID2(noDrug);HNM1_TPO2(5-FC);HNM1_TPO2(Metformin);HNM1_TPO2(Trifluoperazine);HNM1_TPO2(noDrug);HUG1_ADE17(Metformin);HUG1_ALO1(5-FC);HUG1_PGM2(5-FC);HUG1_PGM2(Trifluoperazine);HUG1_PGM2(noDrug);MID2_MAM33(noDrug);MID2_PIN2(Trifluoperazine);PLM2_HNM1(5-FC);PLM2_HNM1(Metformin);PMC1_CTR2(5-FC);PMC1_CTR2(Metformin);PMC1_GTR2(5-FC);PMC1_GTR2(Metformin);PMC1_GTR2(Trifluoperazine);PMC1_GTR2(noDrug);SNA4_GTR2(5-FC);SNA4_GTR2(Trifluoperazine);SNA4_GTR2(noDrug);SRO9_DHH1(5-FC);SRO9_DHH1(Fluconazole);SRO9_DHH1(noDrug);SRO9_GIS2(noDrug);SSH1_ERV25(noDrug);TPO1_MID2(5-FC);TPO1_MID2(Trifluoperazine);TPO1_MID2(noDrug);TPO1_TCB2(noDrug);TPO1_TPO2(Trifluoperazine),,,piQTL_only
chr16:839159,HNM1_TPO2,5-FC,0.63697255,ALO1_ADE17(5-FC);ALO1_ADE17(Metformin);ALO1_ADE17(Trifluoperazine);ALO1_ADE17(noDrug);ALO1_HYR1(Fluconazole);ALO1_HYR1(noDrug);ALO1_UIP4(5-FC);ALO1_UIP4(Fluconazole);ALO1_UIP4(Trifluoperazine);ALO1_UIP4(noDrug);ERG11_ACF2(5-FC);ERG11_ACF2(noDrug);ERG11_ERG5(Fluconazole);ERG11_MID2(Trifluoperazine);ERG11_ORM2(5-FC);ERG11_ORM2(Trifluoperazine);ERG11_ORM2(noDrug);ERG11_PIS1(5-FC);ERG11_PIS1(Trifluoperazine);ERG11_PIS1(noDrug);ERG27_ACF2(noDrug);ERV25_UIP4(5-FC);ERV25_UIP4(Trifluoperazine);ERV25_UIP4(noDrug);FMP45_MEP1(5-FC);FMP45_MID2(5-FC);FMP45_MID2(Metformin);HNM1_ERG11(5-FC);HNM1_ERG11(noDrug);HNM1_MID2(noDrug);HNM1_TPO2(5-FC);HNM1_TPO2(Metformin);HNM1_TPO2(Trifluoperazine);HNM1_TPO2(noDrug);HUG1_ADE17(Metformin);HUG1_ALO1(5-FC);HUG1_PGM2(5-FC);HUG1_PGM2(Trifluoperazine);HUG1_PGM2(noDrug);MID2_MAM33(noDrug);MID2_PIN2(Trifluoperazine);PLM2_HNM1(5-FC);PLM2_HNM1(Metformin);PMC1_CTR2(5-FC);PMC1_CTR2(Metformin);PMC1_GTR2(5-FC);PMC1_GTR2(Metformin);PMC1_GTR2(Trifluoperazine);PMC1_GTR2(noDrug);SNA4_GTR2(5-FC);SNA4_GTR2(Trifluoperazine);SNA4_GTR2(noDrug);SRO9_DHH1(5-FC);SRO9_DHH1(Fluconazole);SRO9_DHH1(noDrug);SRO9_GIS2(noDrug);SSH1_ERV25(noDrug);TPO1_MID2(5-FC);TPO1_MID2(Trifluoperazine);TPO1_MID2(noDrug);TPO1_TCB2(noDrug);TPO1_TPO2(Trifluoperazine),,,piQTL_only
chr16:839159,HNM1_TPO2,Metformin,0.359339589,ALO1_ADE17(5-FC);ALO1_ADE17(Metformin);ALO1_ADE17(Trifluoperazine);ALO1_ADE17(noDrug);ALO1_HYR1(Fluconazole);ALO1_HYR1(noDrug);ALO1_UIP4(5-FC);ALO1_UIP4(Fluconazole);ALO1_UIP4(Trifluoperazine);ALO1_UIP4(noDrug);ERG11_ACF2(5-FC);ERG11_ACF2(noDrug);ERG11_ERG5(Fluconazole);ERG11_MID2(Trifluoperazine);ERG11_ORM2(5-FC);ERG11_ORM2(Trifluoperazine);ERG11_ORM2(noDrug);ERG11_PIS1(5-FC);ERG11_PIS1(Trifluoperazine);ERG11_PIS1(noDrug);ERG27_ACF2(noDrug);ERV25_UIP4(5-FC);ERV25_UIP4(Trifluoperazine);ERV25_UIP4(noDrug);FMP45_MEP1(5-FC);FMP45_MID2(5-FC);FMP45_MID2(Metformin);HNM1_ERG11(5-FC);HNM1_ERG11(noDrug);HNM1_MID2(noDrug);HNM1_TPO2(5-FC);HNM1_TPO2(Metformin);HNM1_TPO2(Trifluoperazine);HNM1_TPO2(noDrug);HUG1_ADE17(Metformin);HUG1_ALO1(5-FC);HUG1_PGM2(5-FC);HUG1_PGM2(Trifluoperazine);HUG1_PGM2(noDrug);MID2_MAM33(noDrug);MID2_PIN2(Trifluoperazine);PLM2_HNM1(5-FC);PLM2_HNM1(Metformin);PMC1_CTR2(5-FC);PMC1_CTR2(Metformin);PMC1_GTR2(5-FC);PMC1_GTR2(Metformin);PMC1_GTR2(Trifluoperazine);PMC1_GTR2(noDrug);SNA4_GTR2(5-FC);SNA4_GTR2(Trifluoperazine);SNA4_GTR2(noDrug);SRO9_DHH1(5-FC);SRO9_DHH1(Fluconazole);SRO9_DHH1(noDrug);SRO9_GIS2(noDrug);SSH1_ERV25(noDrug);TPO1_MID2(5-FC);TPO1_MID2(Trifluoperazine);TPO1_MID2(noDrug);TPO1_TCB2(noDrug);TPO1_TPO2(Trifluoperazine),,,piQTL_only
chr16:839159,HNM1_TPO2,Trifluoperazine,0.556517059,ALO1_ADE17(5-FC);ALO1_ADE17(Metformin);ALO1_ADE17(Trifluoperazine);ALO1_ADE17(noDrug);ALO1_HYR1(Fluconazole);ALO1_HYR1(noDrug);ALO1_UIP4(5-FC);ALO1_UIP4(Fluconazole);ALO1_UIP4(Trifluoperazine);ALO1_UIP4(noDrug);ERG11_ACF2(5-FC);ERG11_ACF2(noDrug);ERG11_ERG5(Fluconazole);ERG11_MID2(Trifluoperazine);ERG11_ORM2(5-FC);ERG11_ORM2(Trifluoperazine);ERG11_ORM2(noDrug);ERG11_PIS1(5-FC);ERG11_PIS1(Trifluoperazine);ERG11_PIS1(noDrug);ERG27_ACF2(noDrug);ERV25_UIP4(5-FC);ERV25_UIP4(Trifluoperazine);ERV25_UIP4(noDrug);FMP45_MEP1(5-FC);FMP45_MID2(5-FC);FMP45_MID2(Metformin);HNM1_ERG11(5-FC);HNM1_ERG11(noDrug);HNM1_MID2(noDrug);HNM1_TPO2(5-FC);HNM1_TPO2(Metformin);HNM1_TPO2(Trifluoperazine);HNM1_TPO2(noDrug);HUG1_ADE17(Metformin);HUG1_ALO1(5-FC);HUG1_PGM2(5-FC);HUG1_PGM2(Trifluoperazine);HUG1_PGM2(noDrug);MID2_MAM33(noDrug);MID2_PIN2(Trifluoperazine);PLM2_HNM1(5-FC);PLM2_HNM1(Metformin);PMC1_CTR2(5-FC);PMC1_CTR2(Metformin);PMC1_GTR2(5-FC);PMC1_GTR2(Metformin);PMC1_GTR2(Trifluoperazine);PMC1_GTR2(noDrug);SNA4_GTR2(5-FC);SNA4_GTR2(Trifluoperazine);SNA4_GTR2(noDrug);SRO9_DHH1(5-FC);SRO9_DHH1(Fluconazole);SRO9_DHH1(noDrug);SRO9_GIS2(noDrug);SSH1_ERV25(noDrug);TPO1_MID2(5-FC);TPO1_MID2(Trifluoperazine);TPO1_MID2(noDrug);TPO1_TCB2(noDrug);TPO1_TPO2(Trifluoperazine),,,piQTL_only
chr16:839159,HNM1_TPO2,noDrug,0.615896721,ALO1_ADE17(5-FC);ALO1_ADE17(Metformin);ALO1_ADE17(Trifluoperazine);ALO1_ADE17(noDrug);ALO1_HYR1(Fluconazole);ALO1_HYR1(noDrug);ALO1_UIP4(5-FC);ALO1_UIP4(Fluconazole);ALO1_UIP4(Trifluoperazine);ALO1_UIP4(noDrug);ERG11_ACF2(5-FC);ERG11_ACF2(noDrug);ERG11_ERG5(Fluconazole);ERG11_MID2(Trifluoperazine);ERG11_ORM2(5-FC);ERG11_ORM2(Trifluoperazine);ERG11_ORM2(noDrug);ERG11_PIS1(5-FC);ERG11_PIS1(Trifluoperazine);ERG11_PIS1(noDrug);ERG27_ACF2(noDrug);ERV25_UIP4(5-FC);ERV25_UIP4(Trifluoperazine);ERV25_UIP4(noDrug);FMP45_MEP1(5-FC);FMP45_MID2(5-FC);FMP45_MID2(Metformin);HNM1_ERG11(5-FC);HNM1_ERG11(noDrug);HNM1_MID2(noDrug);HNM1_TPO2(5-FC);HNM1_TPO2(Metformin);HNM1_TPO2(Trifluoperazine);HNM1_TPO2(noDrug);HUG1_ADE17(Metformin);HUG1_ALO1(5-FC);HUG1_PGM2(5-FC);HUG1_PGM2(Trifluoperazine);HUG1_PGM2(noDrug);MID2_MAM33(noDrug);MID2_PIN2(Trifluoperazine);PLM2_HNM1(5-FC);PLM2_HNM1(Metformin);PMC1_CTR2(5-FC);PMC1_CTR2(Metformin);PMC1_GTR2(5-FC);PMC1_GTR2(Metformin);PMC1_GTR2(Trifluoperazine);PMC1_GTR2(noDrug);SNA4_GTR2(5-FC);SNA4_GTR2(Trifluoperazine);SNA4_GTR2(noDrug);SRO9_DHH1(5-FC);SRO9_DHH1(Fluconazole);SRO9_DHH1(noDrug);SRO9_GIS2(noDrug);SSH1_ERV25(noDrug);TPO1_MID2(5-FC);TPO1_MID2(Trifluoperazine);TPO1_MID2(noDrug);TPO1_TCB2(noDrug);TPO1_TPO2(Trifluoperazine),,,piQTL_only
chr16:839159,HUG1_ADE17,Metformin,0.50704132,ALO1_ADE17(5-FC);ALO1_ADE17(Metformin);ALO1_ADE17(Trifluoperazine);ALO1_ADE17(noDrug);ALO1_HYR1(Fluconazole);ALO1_HYR1(noDrug);ALO1_UIP4(5-FC);ALO1_UIP4(Fluconazole);ALO1_UIP4(Trifluoperazine);ALO1_UIP4(noDrug);ERG11_ACF2(5-FC);ERG11_ACF2(noDrug);ERG11_ERG5(Fluconazole);ERG11_MID2(Trifluoperazine);ERG11_ORM2(5-FC);ERG11_ORM2(Trifluoperazine);ERG11_ORM2(noDrug);ERG11_PIS1(5-FC);ERG11_PIS1(Trifluoperazine);ERG11_PIS1(noDrug);ERG27_ACF2(noDrug);ERV25_UIP4(5-FC);ERV25_UIP4(Trifluoperazine);ERV25_UIP4(noDrug);FMP45_MEP1(5-FC);FMP45_MID2(5-FC);FMP45_MID2(Metformin);HNM1_ERG11(5-FC);HNM1_ERG11(noDrug);HNM1_MID2(noDrug);HNM1_TPO2(5-FC);HNM1_TPO2(Metformin);HNM1_TPO2(Trifluoperazine);HNM1_TPO2(noDrug);HUG1_ADE17(Metformin);HUG1_ALO1(5-FC);HUG1_PGM2(5-FC);HUG1_PGM2(Trifluoperazine);HUG1_PGM2(noDrug);MID2_MAM33(noDrug);MID2_PIN2(Trifluoperazine);PLM2_HNM1(5-FC);PLM2_HNM1(Metformin);PMC1_CTR2(5-FC);PMC1_CTR2(Metformin);PMC1_GTR2(5-FC);PMC1_GTR2(Metformin);PMC1_GTR2(Trifluoperazine);PMC1_GTR2(noDrug);SNA4_GTR2(5-FC);SNA4_GTR2(Trifluoperazine);SNA4_GTR2(noDrug);SRO9_DHH1(5-FC);SRO9_DHH1(Fluconazole);SRO9_DHH1(noDrug);SRO9_GIS2(noDrug);SSH1_ERV25(noDrug);TPO1_MID2(5-FC);TPO1_MID2(Trifluoperazine);TPO1_MID2(noDrug);TPO1_TCB2(noDrug);TPO1_TPO2(Trifluoperazine),,,piQTL_only
chr16:839159,HUG1_ALO1,5-FC,0.786657575,ALO1_ADE17(5-FC);ALO1_ADE17(Metformin);ALO1_ADE17(Trifluoperazine);ALO1_ADE17(noDrug);ALO1_HYR1(Fluconazole);ALO1_HYR1(noDrug);ALO1_UIP4(5-FC);ALO1_UIP4(Fluconazole);ALO1_UIP4(Trifluoperazine);ALO1_UIP4(noDrug);ERG11_ACF2(5-FC);ERG11_ACF2(noDrug);ERG11_ERG5(Fluconazole);ERG11_MID2(Trifluoperazine);ERG11_ORM2(5-FC);ERG11_ORM2(Trifluoperazine);ERG11_ORM2(noDrug);ERG11_PIS1(5-FC);ERG11_PIS1(Trifluoperazine);ERG11_PIS1(noDrug);ERG27_ACF2(noDrug);ERV25_UIP4(5-FC);ERV25_UIP4(Trifluoperazine);ERV25_UIP4(noDrug);FMP45_MEP1(5-FC);FMP45_MID2(5-FC);FMP45_MID2(Metformin);HNM1_ERG11(5-FC);HNM1_ERG11(noDrug);HNM1_MID2(noDrug);HNM1_TPO2(5-FC);HNM1_TPO2(Metformin);HNM1_TPO2(Trifluoperazine);HNM1_TPO2(noDrug);HUG1_ADE17(Metformin);HUG1_ALO1(5-FC);HUG1_PGM2(5-FC);HUG1_PGM2(Trifluoperazine);HUG1_PGM2(noDrug);MID2_MAM33(noDrug);MID2_PIN2(Trifluoperazine);PLM2_HNM1(5-FC);PLM2_HNM1(Metformin);PMC1_CTR2(5-FC);PMC1_CTR2(Metformin);PMC1_GTR2(5-FC);PMC1_GTR2(Metformin);PMC1_GTR2(Trifluoperazine);PMC1_GTR2(noDrug);SNA4_GTR2(5-FC);SNA4_GTR2(Trifluoperazine);SNA4_GTR2(noDrug);SRO9_DHH1(5-FC);SRO9_DHH1(Fluconazole);SRO9_DHH1(noDrug);SRO9_GIS2(noDrug);SSH1_ERV25(noDrug);TPO1_MID2(5-FC);TPO1_MID2(Trifluoperazine);TPO1_MID2(noDrug);TPO1_TCB2(noDrug);TPO1_TPO2(Trifluoperazine),,,piQTL_only
chr16:840461,HUG1_ALO1,noDrug,0.668527421,HUG1_ALO1(noDrug);MID2_RSN1(noDrug);MID2_TPO2(noDrug);PLM2_HNM1(noDrug),,,piQTL_only
chr16:839159,HUG1_PGM2,5-FC,0.711877932,ALO1_ADE17(5-FC);ALO1_ADE17(Metformin);ALO1_ADE17(Trifluoperazine);ALO1_ADE17(noDrug);ALO1_HYR1(Fluconazole);ALO1_HYR1(noDrug);ALO1_UIP4(5-FC);ALO1_UIP4(Fluconazole);ALO1_UIP4(Trifluoperazine);ALO1_UIP4(noDrug);ERG11_ACF2(5-FC);ERG11_ACF2(noDrug);ERG11_ERG5(Fluconazole);ERG11_MID2(Trifluoperazine);ERG11_ORM2(5-FC);ERG11_ORM2(Trifluoperazine);ERG11_ORM2(noDrug);ERG11_PIS1(5-FC);ERG11_PIS1(Trifluoperazine);ERG11_PIS1(noDrug);ERG27_ACF2(noDrug);ERV25_UIP4(5-FC);ERV25_UIP4(Trifluoperazine);ERV25_UIP4(noDrug);FMP45_MEP1(5-FC);FMP45_MID2(5-FC);FMP45_MID2(Metformin);HNM1_ERG11(5-FC);HNM1_ERG11(noDrug);HNM1_MID2(noDrug);HNM1_TPO2(5-FC);HNM1_TPO2(Metformin);HNM1_TPO2(Trifluoperazine);HNM1_TPO2(noDrug);HUG1_ADE17(Metformin);HUG1_ALO1(5-FC);HUG1_PGM2(5-FC);HUG1_PGM2(Trifluoperazine);HUG1_PGM2(noDrug);MID2_MAM33(noDrug);MID2_PIN2(Trifluoperazine);PLM2_HNM1(5-FC);PLM2_HNM1(Metformin);PMC1_CTR2(5-FC);PMC1_CTR2(Metformin);PMC1_GTR2(5-FC);PMC1_GTR2(Metformin);PMC1_GTR2(Trifluoperazine);PMC1_GTR2(noDrug);SNA4_GTR2(5-FC);SNA4_GTR2(Trifluoperazine);SNA4_GTR2(noDrug);SRO9_DHH1(5-FC);SRO9_DHH1(Fluconazole);SRO9_DHH1(noDrug);SRO9_GIS2(noDrug);SSH1_ERV25(noDrug);TPO1_MID2(5-FC);TPO1_MID2(Trifluoperazine);TPO1_MID2(noDrug);TPO1_TCB2(noDrug);TPO1_TPO2(Trifluoperazine),,,piQTL_only
chr16:839159,HUG1_PGM2,Trifluoperazine,0.629307496,ALO1_ADE17(5-FC);ALO1_ADE17(Metformin);ALO1_ADE17(Trifluoperazine);ALO1_ADE17(noDrug);ALO1_HYR1(Fluconazole);ALO1_HYR1(noDrug);ALO1_UIP4(5-FC);ALO1_UIP4(Fluconazole);ALO1_UIP4(Trifluoperazine);ALO1_UIP4(noDrug);ERG11_ACF2(5-FC);ERG11_ACF2(noDrug);ERG11_ERG5(Fluconazole);ERG11_MID2(Trifluoperazine);ERG11_ORM2(5-FC);ERG11_ORM2(Trifluoperazine);ERG11_ORM2(noDrug);ERG11_PIS1(5-FC);ERG11_PIS1(Trifluoperazine);ERG11_PIS1(noDrug);ERG27_ACF2(noDrug);ERV25_UIP4(5-FC);ERV25_UIP4(Trifluoperazine);ERV25_UIP4(noDrug);FMP45_MEP1(5-FC);FMP45_MID2(5-FC);FMP45_MID2(Metformin);HNM1_ERG11(5-FC);HNM1_ERG11(noDrug);HNM1_MID2(noDrug);HNM1_TPO2(5-FC);HNM1_TPO2(Metformin);HNM1_TPO2(Trifluoperazine);HNM1_TPO2(noDrug);HUG1_ADE17(Metformin);HUG1_ALO1(5-FC);HUG1_PGM2(5-FC);HUG1_PGM2(Trifluoperazine);HUG1_PGM2(noDrug);MID2_MAM33(noDrug);MID2_PIN2(Trifluoperazine);PLM2_HNM1(5-FC);PLM2_HNM1(Metformin);PMC1_CTR2(5-FC);PMC1_CTR2(Metformin);PMC1_GTR2(5-FC);PMC1_GTR2(Metformin);PMC1_GTR2(Trifluoperazine);PMC1_GTR2(noDrug);SNA4_GTR2(5-FC);SNA4_GTR2(Trifluoperazine);SNA4_GTR2(noDrug);SRO9_DHH1(5-FC);SRO9_DHH1(Fluconazole);SRO9_DHH1(noDrug);SRO9_GIS2(noDrug);SSH1_ERV25(noDrug);TPO1_MID2(5-FC);TPO1_MID2(Trifluoperazine);TPO1_MID2(noDrug);TPO1_TCB2(noDrug);TPO1_TPO2(Trifluoperazine),,,piQTL_only
chr16:839159,HUG1_PGM2,noDrug,0.774357789,ALO1_ADE17(5-FC);ALO1_ADE17(Metformin);ALO1_ADE17(Trifluoperazine);ALO1_ADE17(noDrug);ALO1_HYR1(Fluconazole);ALO1_HYR1(noDrug);ALO1_UIP4(5-FC);ALO1_UIP4(Fluconazole);ALO1_UIP4(Trifluoperazine);ALO1_UIP4(noDrug);ERG11_ACF2(5-FC);ERG11_ACF2(noDrug);ERG11_ERG5(Fluconazole);ERG11_MID2(Trifluoperazine);ERG11_ORM2(5-FC);ERG11_ORM2(Trifluoperazine);ERG11_ORM2(noDrug);ERG11_PIS1(5-FC);ERG11_PIS1(Trifluoperazine);ERG11_PIS1(noDrug);ERG27_ACF2(noDrug);ERV25_UIP4(5-FC);ERV25_UIP4(Trifluoperazine);ERV25_UIP4(noDrug);FMP45_MEP1(5-FC);FMP45_MID2(5-FC);FMP45_MID2(Metformin);HNM1_ERG11(5-FC);HNM1_ERG11(noDrug);HNM1_MID2(noDrug);HNM1_TPO2(5-FC);HNM1_TPO2(Metformin);HNM1_TPO2(Trifluoperazine);HNM1_TPO2(noDrug);HUG1_ADE17(Metformin);HUG1_ALO1(5-FC);HUG1_PGM2(5-FC);HUG1_PGM2(Trifluoperazine);HUG1_PGM2(noDrug);MID2_MAM33(noDrug);MID2_PIN2(Trifluoperazine);PLM2_HNM1(5-FC);PLM2_HNM1(Metformin);PMC1_CTR2(5-FC);PMC1_CTR2(Metformin);PMC1_GTR2(5-FC);PMC1_GTR2(Metformin);PMC1_GTR2(Trifluoperazine);PMC1_GTR2(noDrug);SNA4_GTR2(5-FC);SNA4_GTR2(Trifluoperazine);SNA4_GTR2(noDrug);SRO9_DHH1(5-FC);SRO9_DHH1(Fluconazole);SRO9_DHH1(noDrug);SRO9_GIS2(noDrug);SSH1_ERV25(noDrug);TPO1_MID2(5-FC);TPO1_MID2(Trifluoperazine);TPO1_MID2(noDrug);TPO1_TCB2(noDrug);TPO1_TPO2(Trifluoperazine),,,piQTL_only
chr16:839159,MID2_MAM33,noDrug,0.634328541,ALO1_ADE17(5-FC);ALO1_ADE17(Metformin);ALO1_ADE17(Trifluoperazine);ALO1_ADE17(noDrug);ALO1_HYR1(Fluconazole);ALO1_HYR1(noDrug);ALO1_UIP4(5-FC);ALO1_UIP4(Fluconazole);ALO1_UIP4(Trifluoperazine);ALO1_UIP4(noDrug);ERG11_ACF2(5-FC);ERG11_ACF2(noDrug);ERG11_ERG5(Fluconazole);ERG11_MID2(Trifluoperazine);ERG11_ORM2(5-FC);ERG11_ORM2(Trifluoperazine);ERG11_ORM2(noDrug);ERG11_PIS1(5-FC);ERG11_PIS1(Trifluoperazine);ERG11_PIS1(noDrug);ERG27_ACF2(noDrug);ERV25_UIP4(5-FC);ERV25_UIP4(Trifluoperazine);ERV25_UIP4(noDrug);FMP45_MEP1(5-FC);FMP45_MID2(5-FC);FMP45_MID2(Metformin);HNM1_ERG11(5-FC);HNM1_ERG11(noDrug);HNM1_MID2(noDrug);HNM1_TPO2(5-FC);HNM1_TPO2(Metformin);HNM1_TPO2(Trifluoperazine);HNM1_TPO2(noDrug);HUG1_ADE17(Metformin);HUG1_ALO1(5-FC);HUG1_PGM2(5-FC);HUG1_PGM2(Trifluoperazine);HUG1_PGM2(noDrug);MID2_MAM33(noDrug);MID2_PIN2(Trifluoperazine);PLM2_HNM1(5-FC);PLM2_HNM1(Metformin);PMC1_CTR2(5-FC);PMC1_CTR2(Metformin);PMC1_GTR2(5-FC);PMC1_GTR2(Metformin);PMC1_GTR2(Trifluoperazine);PMC1_GTR2(noDrug);SNA4_GTR2(5-FC);SNA4_GTR2(Trifluoperazine);SNA4_GTR2(noDrug);SRO9_DHH1(5-FC);SRO9_DHH1(Fluconazole);SRO9_DHH1(noDrug);SRO9_GIS2(noDrug);SSH1_ERV25(noDrug);TPO1_MID2(5-FC);TPO1_MID2(Trifluoperazine);TPO1_MID2(noDrug);TPO1_TCB2(noDrug);TPO1_TPO2(Trifluoperazine),,,piQTL_only
chr16:839159,MID2_PIN2,Trifluoperazine,0.516405827,ALO1_ADE17(5-FC);ALO1_ADE17(Metformin);ALO1_ADE17(Trifluoperazine);ALO1_ADE17(noDrug);ALO1_HYR1(Fluconazole);ALO1_HYR1(noDrug);ALO1_UIP4(5-FC);ALO1_UIP4(Fluconazole);ALO1_UIP4(Trifluoperazine);ALO1_UIP4(noDrug);ERG11_ACF2(5-FC);ERG11_ACF2(noDrug);ERG11_ERG5(Fluconazole);ERG11_MID2(Trifluoperazine);ERG11_ORM2(5-FC);ERG11_ORM2(Trifluoperazine);ERG11_ORM2(noDrug);ERG11_PIS1(5-FC);ERG11_PIS1(Trifluoperazine);ERG11_PIS1(noDrug);ERG27_ACF2(noDrug);ERV25_UIP4(5-FC);ERV25_UIP4(Trifluoperazine);ERV25_UIP4(noDrug);FMP45_MEP1(5-FC);FMP45_MID2(5-FC);FMP45_MID2(Metformin);HNM1_ERG11(5-FC);HNM1_ERG11(noDrug);HNM1_MID2(noDrug);HNM1_TPO2(5-FC);HNM1_TPO2(Metformin);HNM1_TPO2(Trifluoperazine);HNM1_TPO2(noDrug);HUG1_ADE17(Metformin);HUG1_ALO1(5-FC);HUG1_PGM2(5-FC);HUG1_PGM2(Trifluoperazine);HUG1_PGM2(noDrug);MID2_MAM33(noDrug);MID2_PIN2(Trifluoperazine);PLM2_HNM1(5-FC);PLM2_HNM1(Metformin);PMC1_CTR2(5-FC);PMC1_CTR2(Metformin);PMC1_GTR2(5-FC);PMC1_GTR2(Metformin);PMC1_GTR2(Trifluoperazine);PMC1_GTR2(noDrug);SNA4_GTR2(5-FC);SNA4_GTR2(Trifluoperazine);SNA4_GTR2(noDrug);SRO9_DHH1(5-FC);SRO9_DHH1(Fluconazole);SRO9_DHH1(noDrug);SRO9_GIS2(noDrug);SSH1_ERV25(noDrug);TPO1_MID2(5-FC);TPO1_MID2(Trifluoperazine);TPO1_MID2(noDrug);TPO1_TCB2(noDrug);TPO1_TPO2(Trifluoperazine),,,piQTL_only
chr16:840461,MID2_RSN1,noDrug,0.500045661,HUG1_ALO1(noDrug);MID2_RSN1(noDrug);MID2_TPO2(noDrug);PLM2_HNM1(noDrug),,,piQTL_only
chr16:840461,MID2_TPO2,noDrug,0.517680006,HUG1_ALO1(noDrug);MID2_RSN1(noDrug);MID2_TPO2(noDrug);PLM2_HNM1(noDrug),,,piQTL_only
chr16:839159,PLM2_HNM1,5-FC,0.800454061,ALO1_ADE17(5-FC);ALO1_ADE17(Metformin);ALO1_ADE17(Trifluoperazine);ALO1_ADE17(noDrug);ALO1_HYR1(Fluconazole);ALO1_HYR1(noDrug);ALO1_UIP4(5-FC);ALO1_UIP4(Fluconazole);ALO1_UIP4(Trifluoperazine);ALO1_UIP4(noDrug);ERG11_ACF2(5-FC);ERG11_ACF2(noDrug);ERG11_ERG5(Fluconazole);ERG11_MID2(Trifluoperazine);ERG11_ORM2(5-FC);ERG11_ORM2(Trifluoperazine);ERG11_ORM2(noDrug);ERG11_PIS1(5-FC);ERG11_PIS1(Trifluoperazine);ERG11_PIS1(noDrug);ERG27_ACF2(noDrug);ERV25_UIP4(5-FC);ERV25_UIP4(Trifluoperazine);ERV25_UIP4(noDrug);FMP45_MEP1(5-FC);FMP45_MID2(5-FC);FMP45_MID2(Metformin);HNM1_ERG11(5-FC);HNM1_ERG11(noDrug);HNM1_MID2(noDrug);HNM1_TPO2(5-FC);HNM1_TPO2(Metformin);HNM1_TPO2(Trifluoperazine);HNM1_TPO2(noDrug);HUG1_ADE17(Metformin);HUG1_ALO1(5-FC);HUG1_PGM2(5-FC);HUG1_PGM2(Trifluoperazine);HUG1_PGM2(noDrug);MID2_MAM33(noDrug);MID2_PIN2(Trifluoperazine);PLM2_HNM1(5-FC);PLM2_HNM1(Metformin);PMC1_CTR2(5-FC);PMC1_CTR2(Metformin);PMC1_GTR2(5-FC);PMC1_GTR2(Metformin);PMC1_GTR2(Trifluoperazine);PMC1_GTR2(noDrug);SNA4_GTR2(5-FC);SNA4_GTR2(Trifluoperazine);SNA4_GTR2(noDrug);SRO9_DHH1(5-FC);SRO9_DHH1(Fluconazole);SRO9_DHH1(noDrug);SRO9_GIS2(noDrug);SSH1_ERV25(noDrug);TPO1_MID2(5-FC);TPO1_MID2(Trifluoperazine);TPO1_MID2(noDrug);TPO1_TCB2(noDrug);TPO1_TPO2(Trifluoperazine),,,piQTL_only
chr16:839159,PLM2_HNM1,Metformin,0.512943592,ALO1_ADE17(5-FC);ALO1_ADE17(Metformin);ALO1_ADE17(Trifluoperazine);ALO1_ADE17(noDrug);ALO1_HYR1(Fluconazole);ALO1_HYR1(noDrug);ALO1_UIP4(5-FC);ALO1_UIP4(Fluconazole);ALO1_UIP4(Trifluoperazine);ALO1_UIP4(noDrug);ERG11_ACF2(5-FC);ERG11_ACF2(noDrug);ERG11_ERG5(Fluconazole);ERG11_MID2(Trifluoperazine);ERG11_ORM2(5-FC);ERG11_ORM2(Trifluoperazine);ERG11_ORM2(noDrug);ERG11_PIS1(5-FC);ERG11_PIS1(Trifluoperazine);ERG11_PIS1(noDrug);ERG27_ACF2(noDrug);ERV25_UIP4(5-FC);ERV25_UIP4(Trifluoperazine);ERV25_UIP4(noDrug);FMP45_MEP1(5-FC);FMP45_MID2(5-FC);FMP45_MID2(Metformin);HNM1_ERG11(5-FC);HNM1_ERG11(noDrug);HNM1_MID2(noDrug);HNM1_TPO2(5-FC);HNM1_TPO2(Metformin);HNM1_TPO2(Trifluoperazine);HNM1_TPO2(noDrug);HUG1_ADE17(Metformin);HUG1_ALO1(5-FC);HUG1_PGM2(5-FC);HUG1_PGM2(Trifluoperazine);HUG1_PGM2(noDrug);MID2_MAM33(noDrug);MID2_PIN2(Trifluoperazine);PLM2_HNM1(5-FC);PLM2_HNM1(Metformin);PMC1_CTR2(5-FC);PMC1_CTR2(Metformin);PMC1_GTR2(5-FC);PMC1_GTR2(Metformin);PMC1_GTR2(Trifluoperazine);PMC1_GTR2(noDrug);SNA4_GTR2(5-FC);SNA4_GTR2(Trifluoperazine);SNA4_GTR2(noDrug);SRO9_DHH1(5-FC);SRO9_DHH1(Fluconazole);SRO9_DHH1(noDrug);SRO9_GIS2(noDrug);SSH1_ERV25(noDrug);TPO1_MID2(5-FC);TPO1_MID2(Trifluoperazine);TPO1_MID2(noDrug);TPO1_TCB2(noDrug);TPO1_TPO2(Trifluoperazine),,,piQTL_only
chr16:840461,PLM2_HNM1,noDrug,0.746711394,HUG1_ALO1(noDrug);MID2_RSN1(noDrug);MID2_TPO2(noDrug);PLM2_HNM1(noDrug),,,piQTL_only
chr16:839159,PMC1_CTR2,5-FC,0.737531808,ALO1_ADE17(5-FC);ALO1_ADE17(Metformin);ALO1_ADE17(Trifluoperazine);ALO1_ADE17(noDrug);ALO1_HYR1(Fluconazole);ALO1_HYR1(noDrug);ALO1_UIP4(5-FC);ALO1_UIP4(Fluconazole);ALO1_UIP4(Trifluoperazine);ALO1_UIP4(noDrug);ERG11_ACF2(5-FC);ERG11_ACF2(noDrug);ERG11_ERG5(Fluconazole);ERG11_MID2(Trifluoperazine);ERG11_ORM2(5-FC);ERG11_ORM2(Trifluoperazine);ERG11_ORM2(noDrug);ERG11_PIS1(5-FC);ERG11_PIS1(Trifluoperazine);ERG11_PIS1(noDrug);ERG27_ACF2(noDrug);ERV25_UIP4(5-FC);ERV25_UIP4(Trifluoperazine);ERV25_UIP4(noDrug);FMP45_MEP1(5-FC);FMP45_MID2(5-FC);FMP45_MID2(Metformin);HNM1_ERG11(5-FC);HNM1_ERG11(noDrug);HNM1_MID2(noDrug);HNM1_TPO2(5-FC);HNM1_TPO2(Metformin);HNM1_TPO2(Trifluoperazine);HNM1_TPO2(noDrug);HUG1_ADE17(Metformin);HUG1_ALO1(5-FC);HUG1_PGM2(5-FC);HUG1_PGM2(Trifluoperazine);HUG1_PGM2(noDrug);MID2_MAM33(noDrug);MID2_PIN2(Trifluoperazine);PLM2_HNM1(5-FC);PLM2_HNM1(Metformin);PMC1_CTR2(5-FC);PMC1_CTR2(Metformin);PMC1_GTR2(5-FC);PMC1_GTR2(Metformin);PMC1_GTR2(Trifluoperazine);PMC1_GTR2(noDrug);SNA4_GTR2(5-FC);SNA4_GTR2(Trifluoperazine);SNA4_GTR2(noDrug);SRO9_DHH1(5-FC);SRO9_DHH1(Fluconazole);SRO9_DHH1(noDrug);SRO9_GIS2(noDrug);SSH1_ERV25(noDrug);TPO1_MID2(5-FC);TPO1_MID2(Trifluoperazine);TPO1_MID2(noDrug);TPO1_TCB2(noDrug);TPO1_TPO2(Trifluoperazine),,,piQTL_only
chr16:839159,PMC1_CTR2,Metformin,0.505778855,ALO1_ADE17(5-FC);ALO1_ADE17(Metformin);ALO1_ADE17(Trifluoperazine);ALO1_ADE17(noDrug);ALO1_HYR1(Fluconazole);ALO1_HYR1(noDrug);ALO1_UIP4(5-FC);ALO1_UIP4(Fluconazole);ALO1_UIP4(Trifluoperazine);ALO1_UIP4(noDrug);ERG11_ACF2(5-FC);ERG11_ACF2(noDrug);ERG11_ERG5(Fluconazole);ERG11_MID2(Trifluoperazine);ERG11_ORM2(5-FC);ERG11_ORM2(Trifluoperazine);ERG11_ORM2(noDrug);ERG11_PIS1(5-FC);ERG11_PIS1(Trifluoperazine);ERG11_PIS1(noDrug);ERG27_ACF2(noDrug);ERV25_UIP4(5-FC);ERV25_UIP4(Trifluoperazine);ERV25_UIP4(noDrug);FMP45_MEP1(5-FC);FMP45_MID2(5-FC);FMP45_MID2(Metformin);HNM1_ERG11(5-FC);HNM1_ERG11(noDrug);HNM1_MID2(noDrug);HNM1_TPO2(5-FC);HNM1_TPO2(Metformin);HNM1_TPO2(Trifluoperazine);HNM1_TPO2(noDrug);HUG1_ADE17(Metformin);HUG1_ALO1(5-FC);HUG1_PGM2(5-FC);HUG1_PGM2(Trifluoperazine);HUG1_PGM2(noDrug);MID2_MAM33(noDrug);MID2_PIN2(Trifluoperazine);PLM2_HNM1(5-FC);PLM2_HNM1(Metformin);PMC1_CTR2(5-FC);PMC1_CTR2(Metformin);PMC1_GTR2(5-FC);PMC1_GTR2(Metformin);PMC1_GTR2(Trifluoperazine);PMC1_GTR2(noDrug);SNA4_GTR2(5-FC);SNA4_GTR2(Trifluoperazine);SNA4_GTR2(noDrug);SRO9_DHH1(5-FC);SRO9_DHH1(Fluconazole);SRO9_DHH1(noDrug);SRO9_GIS2(noDrug);SSH1_ERV25(noDrug);TPO1_MID2(5-FC);TPO1_MID2(Trifluoperazine);TPO1_MID2(noDrug);TPO1_TCB2(noDrug);TPO1_TPO2(Trifluoperazine),,,piQTL_only
chr16:839159,PMC1_GTR2,5-FC,0.697205812,ALO1_ADE17(5-FC);ALO1_ADE17(Metformin);ALO1_ADE17(Trifluoperazine);ALO1_ADE17(noDrug);ALO1_HYR1(Fluconazole);ALO1_HYR1(noDrug);ALO1_UIP4(5-FC);ALO1_UIP4(Fluconazole);ALO1_UIP4(Trifluoperazine);ALO1_UIP4(noDrug);ERG11_ACF2(5-FC);ERG11_ACF2(noDrug);ERG11_ERG5(Fluconazole);ERG11_MID2(Trifluoperazine);ERG11_ORM2(5-FC);ERG11_ORM2(Trifluoperazine);ERG11_ORM2(noDrug);ERG11_PIS1(5-FC);ERG11_PIS1(Trifluoperazine);ERG11_PIS1(noDrug);ERG27_ACF2(noDrug);ERV25_UIP4(5-FC);ERV25_UIP4(Trifluoperazine);ERV25_UIP4(noDrug);FMP45_MEP1(5-FC);FMP45_MID2(5-FC);FMP45_MID2(Metformin);HNM1_ERG11(5-FC);HNM1_ERG11(noDrug);HNM1_MID2(noDrug);HNM1_TPO2(5-FC);HNM1_TPO2(Metformin);HNM1_TPO2(Trifluoperazine);HNM1_TPO2(noDrug);HUG1_ADE17(Metformin);HUG1_ALO1(5-FC);HUG1_PGM2(5-FC);HUG1_PGM2(Trifluoperazine);HUG1_PGM2(noDrug);MID2_MAM33(noDrug);MID2_PIN2(Trifluoperazine);PLM2_HNM1(5-FC);PLM2_HNM1(Metformin);PMC1_CTR2(5-FC);PMC1_CTR2(Metformin);PMC1_GTR2(5-FC);PMC1_GTR2(Metformin);PMC1_GTR2(Trifluoperazine);PMC1_GTR2(noDrug);SNA4_GTR2(5-FC);SNA4_GTR2(Trifluoperazine);SNA4_GTR2(noDrug);SRO9_DHH1(5-FC);SRO9_DHH1(Fluconazole);SRO9_DHH1(noDrug);SRO9_GIS2(noDrug);SSH1_ERV25(noDrug);TPO1_MID2(5-FC);TPO1_MID2(Trifluoperazine);TPO1_MID2(noDrug);TPO1_TCB2(noDrug);TPO1_TPO2(Trifluoperazine),,,piQTL_only
chr16:839159,PMC1_GTR2,Metformin,0.524940424,ALO1_ADE17(5-FC);ALO1_ADE17(Metformin);ALO1_ADE17(Trifluoperazine);ALO1_ADE17(noDrug);ALO1_HYR1(Fluconazole);ALO1_HYR1(noDrug);ALO1_UIP4(5-FC);ALO1_UIP4(Fluconazole);ALO1_UIP4(Trifluoperazine);ALO1_UIP4(noDrug);ERG11_ACF2(5-FC);ERG11_ACF2(noDrug);ERG11_ERG5(Fluconazole);ERG11_MID2(Trifluoperazine);ERG11_ORM2(5-FC);ERG11_ORM2(Trifluoperazine);ERG11_ORM2(noDrug);ERG11_PIS1(5-FC);ERG11_PIS1(Trifluoperazine);ERG11_PIS1(noDrug);ERG27_ACF2(noDrug);ERV25_UIP4(5-FC);ERV25_UIP4(Trifluoperazine);ERV25_UIP4(noDrug);FMP45_MEP1(5-FC);FMP45_MID2(5-FC);FMP45_MID2(Metformin);HNM1_ERG11(5-FC);HNM1_ERG11(noDrug);HNM1_MID2(noDrug);HNM1_TPO2(5-FC);HNM1_TPO2(Metformin);HNM1_TPO2(Trifluoperazine);HNM1_TPO2(noDrug);HUG1_ADE17(Metformin);HUG1_ALO1(5-FC);HUG1_PGM2(5-FC);HUG1_PGM2(Trifluoperazine);HUG1_PGM2(noDrug);MID2_MAM33(noDrug);MID2_PIN2(Trifluoperazine);PLM2_HNM1(5-FC);PLM2_HNM1(Metformin);PMC1_CTR2(5-FC);PMC1_CTR2(Metformin);PMC1_GTR2(5-FC);PMC1_GTR2(Metformin);PMC1_GTR2(Trifluoperazine);PMC1_GTR2(noDrug);SNA4_GTR2(5-FC);SNA4_GTR2(Trifluoperazine);SNA4_GTR2(noDrug);SRO9_DHH1(5-FC);SRO9_DHH1(Fluconazole);SRO9_DHH1(noDrug);SRO9_GIS2(noDrug);SSH1_ERV25(noDrug);TPO1_MID2(5-FC);TPO1_MID2(Trifluoperazine);TPO1_MID2(noDrug);TPO1_TCB2(noDrug);TPO1_TPO2(Trifluoperazine),,,piQTL_only
chr16:839159,PMC1_GTR2,Trifluoperazine,0.696732326,ALO1_ADE17(5-FC);ALO1_ADE17(Metformin);ALO1_ADE17(Trifluoperazine);ALO1_ADE17(noDrug);ALO1_HYR1(Fluconazole);ALO1_HYR1(noDrug);ALO1_UIP4(5-FC);ALO1_UIP4(Fluconazole);ALO1_UIP4(Trifluoperazine);ALO1_UIP4(noDrug);ERG11_ACF2(5-FC);ERG11_ACF2(noDrug);ERG11_ERG5(Fluconazole);ERG11_MID2(Trifluoperazine);ERG11_ORM2(5-FC);ERG11_ORM2(Trifluoperazine);ERG11_ORM2(noDrug);ERG11_PIS1(5-FC);ERG11_PIS1(Trifluoperazine);ERG11_PIS1(noDrug);ERG27_ACF2(noDrug);ERV25_UIP4(5-FC);ERV25_UIP4(Trifluoperazine);ERV25_UIP4(noDrug);FMP45_MEP1(5-FC);FMP45_MID2(5-FC);FMP45_MID2(Metformin);HNM1_ERG11(5-FC);HNM1_ERG11(noDrug);HNM1_MID2(noDrug);HNM1_TPO2(5-FC);HNM1_TPO2(Metformin);HNM1_TPO2(Trifluoperazine);HNM1_TPO2(noDrug);HUG1_ADE17(Metformin);HUG1_ALO1(5-FC);HUG1_PGM2(5-FC);HUG1_PGM2(Trifluoperazine);HUG1_PGM2(noDrug);MID2_MAM33(noDrug);MID2_PIN2(Trifluoperazine);PLM2_HNM1(5-FC);PLM2_HNM1(Metformin);PMC1_CTR2(5-FC);PMC1_CTR2(Metformin);PMC1_GTR2(5-FC);PMC1_GTR2(Metformin);PMC1_GTR2(Trifluoperazine);PMC1_GTR2(noDrug);SNA4_GTR2(5-FC);SNA4_GTR2(Trifluoperazine);SNA4_GTR2(noDrug);SRO9_DHH1(5-FC);SRO9_DHH1(Fluconazole);SRO9_DHH1(noDrug);SRO9_GIS2(noDrug);SSH1_ERV25(noDrug);TPO1_MID2(5-FC);TPO1_MID2(Trifluoperazine);TPO1_MID2(noDrug);TPO1_TCB2(noDrug);TPO1_TPO2(Trifluoperazine),,,piQTL_only
chr16:839159,PMC1_GTR2,noDrug,0.661447818,ALO1_ADE17(5-FC);ALO1_ADE17(Metformin);ALO1_ADE17(Trifluoperazine);ALO1_ADE17(noDrug);ALO1_HYR1(Fluconazole);ALO1_HYR1(noDrug);ALO1_UIP4(5-FC);ALO1_UIP4(Fluconazole);ALO1_UIP4(Trifluoperazine);ALO1_UIP4(noDrug);ERG11_ACF2(5-FC);ERG11_ACF2(noDrug);ERG11_ERG5(Fluconazole);ERG11_MID2(Trifluoperazine);ERG11_ORM2(5-FC);ERG11_ORM2(Trifluoperazine);ERG11_ORM2(noDrug);ERG11_PIS1(5-FC);ERG11_PIS1(Trifluoperazine);ERG11_PIS1(noDrug);ERG27_ACF2(noDrug);ERV25_UIP4(5-FC);ERV25_UIP4(Trifluoperazine);ERV25_UIP4(noDrug);FMP45_MEP1(5-FC);FMP45_MID2(5-FC);FMP45_MID2(Metformin);HNM1_ERG11(5-FC);HNM1_ERG11(noDrug);HNM1_MID2(noDrug);HNM1_TPO2(5-FC);HNM1_TPO2(Metformin);HNM1_TPO2(Trifluoperazine);HNM1_TPO2(noDrug);HUG1_ADE17(Metformin);HUG1_ALO1(5-FC);HUG1_PGM2(5-FC);HUG1_PGM2(Trifluoperazine);HUG1_PGM2(noDrug);MID2_MAM33(noDrug);MID2_PIN2(Trifluoperazine);PLM2_HNM1(5-FC);PLM2_HNM1(Metformin);PMC1_CTR2(5-FC);PMC1_CTR2(Metformin);PMC1_GTR2(5-FC);PMC1_GTR2(Metformin);PMC1_GTR2(Trifluoperazine);PMC1_GTR2(noDrug);SNA4_GTR2(5-FC);SNA4_GTR2(Trifluoperazine);SNA4_GTR2(noDrug);SRO9_DHH1(5-FC);SRO9_DHH1(Fluconazole);SRO9_DHH1(noDrug);SRO9_GIS2(noDrug);SSH1_ERV25(noDrug);TPO1_MID2(5-FC);TPO1_MID2(Trifluoperazine);TPO1_MID2(noDrug);TPO1_TCB2(noDrug);TPO1_TPO2(Trifluoperazine),,,piQTL_only
chr16:839159,SNA4_GTR2,5-FC,0.607887428,ALO1_ADE17(5-FC);ALO1_ADE17(Metformin);ALO1_ADE17(Trifluoperazine);ALO1_ADE17(noDrug);ALO1_HYR1(Fluconazole);ALO1_HYR1(noDrug);ALO1_UIP4(5-FC);ALO1_UIP4(Fluconazole);ALO1_UIP4(Trifluoperazine);ALO1_UIP4(noDrug);ERG11_ACF2(5-FC);ERG11_ACF2(noDrug);ERG11_ERG5(Fluconazole);ERG11_MID2(Trifluoperazine);ERG11_ORM2(5-FC);ERG11_ORM2(Trifluoperazine);ERG11_ORM2(noDrug);ERG11_PIS1(5-FC);ERG11_PIS1(Trifluoperazine);ERG11_PIS1(noDrug);ERG27_ACF2(noDrug);ERV25_UIP4(5-FC);ERV25_UIP4(Trifluoperazine);ERV25_UIP4(noDrug);FMP45_MEP1(5-FC);FMP45_MID2(5-FC);FMP45_MID2(Metformin);HNM1_ERG11(5-FC);HNM1_ERG11(noDrug);HNM1_MID2(noDrug);HNM1_TPO2(5-FC);HNM1_TPO2(Metformin);HNM1_TPO2(Trifluoperazine);HNM1_TPO2(noDrug);HUG1_ADE17(Metformin);HUG1_ALO1(5-FC);HUG1_PGM2(5-FC);HUG1_PGM2(Trifluoperazine);HUG1_PGM2(noDrug);MID2_MAM33(noDrug);MID2_PIN2(Trifluoperazine);PLM2_HNM1(5-FC);PLM2_HNM1(Metformin);PMC1_CTR2(5-FC);PMC1_CTR2(Metformin);PMC1_GTR2(5-FC);PMC1_GTR2(Metformin);PMC1_GTR2(Trifluoperazine);PMC1_GTR2(noDrug);SNA4_GTR2(5-FC);SNA4_GTR2(Trifluoperazine);SNA4_GTR2(noDrug);SRO9_DHH1(5-FC);SRO9_DHH1(Fluconazole);SRO9_DHH1(noDrug);SRO9_GIS2(noDrug);SSH1_ERV25(noDrug);TPO1_MID2(5-FC);TPO1_MID2(Trifluoperazine);TPO1_MID2(noDrug);TPO1_TCB2(noDrug);TPO1_TPO2(Trifluoperazine),,,piQTL_only
chr16:839159,SNA4_GTR2,Trifluoperazine,0.532101861,ALO1_ADE17(5-FC);ALO1_ADE17(Metformin);ALO1_ADE17(Trifluoperazine);ALO1_ADE17(noDrug);ALO1_HYR1(Fluconazole);ALO1_HYR1(noDrug);ALO1_UIP4(5-FC);ALO1_UIP4(Fluconazole);ALO1_UIP4(Trifluoperazine);ALO1_UIP4(noDrug);ERG11_ACF2(5-FC);ERG11_ACF2(noDrug);ERG11_ERG5(Fluconazole);ERG11_MID2(Trifluoperazine);ERG11_ORM2(5-FC);ERG11_ORM2(Trifluoperazine);ERG11_ORM2(noDrug);ERG11_PIS1(5-FC);ERG11_PIS1(Trifluoperazine);ERG11_PIS1(noDrug);ERG27_ACF2(noDrug);ERV25_UIP4(5-FC);ERV25_UIP4(Trifluoperazine);ERV25_UIP4(noDrug);FMP45_MEP1(5-FC);FMP45_MID2(5-FC);FMP45_MID2(Metformin);HNM1_ERG11(5-FC);HNM1_ERG11(noDrug);HNM1_MID2(noDrug);HNM1_TPO2(5-FC);HNM1_TPO2(Metformin);HNM1_TPO2(Trifluoperazine);HNM1_TPO2(noDrug);HUG1_ADE17(Metformin);HUG1_ALO1(5-FC);HUG1_PGM2(5-FC);HUG1_PGM2(Trifluoperazine);HUG1_PGM2(noDrug);MID2_MAM33(noDrug);MID2_PIN2(Trifluoperazine);PLM2_HNM1(5-FC);PLM2_HNM1(Metformin);PMC1_CTR2(5-FC);PMC1_CTR2(Metformin);PMC1_GTR2(5-FC);PMC1_GTR2(Metformin);PMC1_GTR2(Trifluoperazine);PMC1_GTR2(noDrug);SNA4_GTR2(5-FC);SNA4_GTR2(Trifluoperazine);SNA4_GTR2(noDrug);SRO9_DHH1(5-FC);SRO9_DHH1(Fluconazole);SRO9_DHH1(noDrug);SRO9_GIS2(noDrug);SSH1_ERV25(noDrug);TPO1_MID2(5-FC);TPO1_MID2(Trifluoperazine);TPO1_MID2(noDrug);TPO1_TCB2(noDrug);TPO1_TPO2(Trifluoperazine),,,piQTL_only
chr16:839159,SNA4_GTR2,noDrug,0.599303383,ALO1_ADE17(5-FC);ALO1_ADE17(Metformin);ALO1_ADE17(Trifluoperazine);ALO1_ADE17(noDrug);ALO1_HYR1(Fluconazole);ALO1_HYR1(noDrug);ALO1_UIP4(5-FC);ALO1_UIP4(Fluconazole);ALO1_UIP4(Trifluoperazine);ALO1_UIP4(noDrug);ERG11_ACF2(5-FC);ERG11_ACF2(noDrug);ERG11_ERG5(Fluconazole);ERG11_MID2(Trifluoperazine);ERG11_ORM2(5-FC);ERG11_ORM2(Trifluoperazine);ERG11_ORM2(noDrug);ERG11_PIS1(5-FC);ERG11_PIS1(Trifluoperazine);ERG11_PIS1(noDrug);ERG27_ACF2(noDrug);ERV25_UIP4(5-FC);ERV25_UIP4(Trifluoperazine);ERV25_UIP4(noDrug);FMP45_MEP1(5-FC);FMP45_MID2(5-FC);FMP45_MID2(Metformin);HNM1_ERG11(5-FC);HNM1_ERG11(noDrug);HNM1_MID2(noDrug);HNM1_TPO2(5-FC);HNM1_TPO2(Metformin);HNM1_TPO2(Trifluoperazine);HNM1_TPO2(noDrug);HUG1_ADE17(Metformin);HUG1_ALO1(5-FC);HUG1_PGM2(5-FC);HUG1_PGM2(Trifluoperazine);HUG1_PGM2(noDrug);MID2_MAM33(noDrug);MID2_PIN2(Trifluoperazine);PLM2_HNM1(5-FC);PLM2_HNM1(Metformin);PMC1_CTR2(5-FC);PMC1_CTR2(Metformin);PMC1_GTR2(5-FC);PMC1_GTR2(Metformin);PMC1_GTR2(Trifluoperazine);PMC1_GTR2(noDrug);SNA4_GTR2(5-FC);SNA4_GTR2(Trifluoperazine);SNA4_GTR2(noDrug);SRO9_DHH1(5-FC);SRO9_DHH1(Fluconazole);SRO9_DHH1(noDrug);SRO9_GIS2(noDrug);SSH1_ERV25(noDrug);TPO1_MID2(5-FC);TPO1_MID2(Trifluoperazine);TPO1_MID2(noDrug);TPO1_TCB2(noDrug);TPO1_TPO2(Trifluoperazine),,,piQTL_only
chr16:839159,SRO9_DHH1,5-FC,0.615281024,ALO1_ADE17(5-FC);ALO1_ADE17(Metformin);ALO1_ADE17(Trifluoperazine);ALO1_ADE17(noDrug);ALO1_HYR1(Fluconazole);ALO1_HYR1(noDrug);ALO1_UIP4(5-FC);ALO1_UIP4(Fluconazole);ALO1_UIP4(Trifluoperazine);ALO1_UIP4(noDrug);ERG11_ACF2(5-FC);ERG11_ACF2(noDrug);ERG11_ERG5(Fluconazole);ERG11_MID2(Trifluoperazine);ERG11_ORM2(5-FC);ERG11_ORM2(Trifluoperazine);ERG11_ORM2(noDrug);ERG11_PIS1(5-FC);ERG11_PIS1(Trifluoperazine);ERG11_PIS1(noDrug);ERG27_ACF2(noDrug);ERV25_UIP4(5-FC);ERV25_UIP4(Trifluoperazine);ERV25_UIP4(noDrug);FMP45_MEP1(5-FC);FMP45_MID2(5-FC);FMP45_MID2(Metformin);HNM1_ERG11(5-FC);HNM1_ERG11(noDrug);HNM1_MID2(noDrug);HNM1_TPO2(5-FC);HNM1_TPO2(Metformin);HNM1_TPO2(Trifluoperazine);HNM1_TPO2(noDrug);HUG1_ADE17(Metformin);HUG1_ALO1(5-FC);HUG1_PGM2(5-FC);HUG1_PGM2(Trifluoperazine);HUG1_PGM2(noDrug);MID2_MAM33(noDrug);MID2_PIN2(Trifluoperazine);PLM2_HNM1(5-FC);PLM2_HNM1(Metformin);PMC1_CTR2(5-FC);PMC1_CTR2(Metformin);PMC1_GTR2(5-FC);PMC1_GTR2(Metformin);PMC1_GTR2(Trifluoperazine);PMC1_GTR2(noDrug);SNA4_GTR2(5-FC);SNA4_GTR2(Trifluoperazine);SNA4_GTR2(noDrug);SRO9_DHH1(5-FC);SRO9_DHH1(Fluconazole);SRO9_DHH1(noDrug);SRO9_GIS2(noDrug);SSH1_ERV25(noDrug);TPO1_MID2(5-FC);TPO1_MID2(Trifluoperazine);TPO1_MID2(noDrug);TPO1_TCB2(noDrug);TPO1_TPO2(Trifluoperazine),,,piQTL_only
chr16:839159,SRO9_DHH1,Fluconazole,0.599364134,ALO1_ADE17(5-FC);ALO1_ADE17(Metformin);ALO1_ADE17(Trifluoperazine);ALO1_ADE17(noDrug);ALO1_HYR1(Fluconazole);ALO1_HYR1(noDrug);ALO1_UIP4(5-FC);ALO1_UIP4(Fluconazole);ALO1_UIP4(Trifluoperazine);ALO1_UIP4(noDrug);ERG11_ACF2(5-FC);ERG11_ACF2(noDrug);ERG11_ERG5(Fluconazole);ERG11_MID2(Trifluoperazine);ERG11_ORM2(5-FC);ERG11_ORM2(Trifluoperazine);ERG11_ORM2(noDrug);ERG11_PIS1(5-FC);ERG11_PIS1(Trifluoperazine);ERG11_PIS1(noDrug);ERG27_ACF2(noDrug);ERV25_UIP4(5-FC);ERV25_UIP4(Trifluoperazine);ERV25_UIP4(noDrug);FMP45_MEP1(5-FC);FMP45_MID2(5-FC);FMP45_MID2(Metformin);HNM1_ERG11(5-FC);HNM1_ERG11(noDrug);HNM1_MID2(noDrug);HNM1_TPO2(5-FC);HNM1_TPO2(Metformin);HNM1_TPO2(Trifluoperazine);HNM1_TPO2(noDrug);HUG1_ADE17(Metformin);HUG1_ALO1(5-FC);HUG1_PGM2(5-FC);HUG1_PGM2(Trifluoperazine);HUG1_PGM2(noDrug);MID2_MAM33(noDrug);MID2_PIN2(Trifluoperazine);PLM2_HNM1(5-FC);PLM2_HNM1(Metformin);PMC1_CTR2(5-FC);PMC1_CTR2(Metformin);PMC1_GTR2(5-FC);PMC1_GTR2(Metformin);PMC1_GTR2(Trifluoperazine);PMC1_GTR2(noDrug);SNA4_GTR2(5-FC);SNA4_GTR2(Trifluoperazine);SNA4_GTR2(noDrug);SRO9_DHH1(5-FC);SRO9_DHH1(Fluconazole);SRO9_DHH1(noDrug);SRO9_GIS2(noDrug);SSH1_ERV25(noDrug);TPO1_MID2(5-FC);TPO1_MID2(Trifluoperazine);TPO1_MID2(noDrug);TPO1_TCB2(noDrug);TPO1_TPO2(Trifluoperazine),,,piQTL_only
chr16:839159,SRO9_DHH1,noDrug,0.647679439,ALO1_ADE17(5-FC);ALO1_ADE17(Metformin);ALO1_ADE17(Trifluoperazine);ALO1_ADE17(noDrug);ALO1_HYR1(Fluconazole);ALO1_HYR1(noDrug);ALO1_UIP4(5-FC);ALO1_UIP4(Fluconazole);ALO1_UIP4(Trifluoperazine);ALO1_UIP4(noDrug);ERG11_ACF2(5-FC);ERG11_ACF2(noDrug);ERG11_ERG5(Fluconazole);ERG11_MID2(Trifluoperazine);ERG11_ORM2(5-FC);ERG11_ORM2(Trifluoperazine);ERG11_ORM2(noDrug);ERG11_PIS1(5-FC);ERG11_PIS1(Trifluoperazine);ERG11_PIS1(noDrug);ERG27_ACF2(noDrug);ERV25_UIP4(5-FC);ERV25_UIP4(Trifluoperazine);ERV25_UIP4(noDrug);FMP45_MEP1(5-FC);FMP45_MID2(5-FC);FMP45_MID2(Metformin);HNM1_ERG11(5-FC);HNM1_ERG11(noDrug);HNM1_MID2(noDrug);HNM1_TPO2(5-FC);HNM1_TPO2(Metformin);HNM1_TPO2(Trifluoperazine);HNM1_TPO2(noDrug);HUG1_ADE17(Metformin);HUG1_ALO1(5-FC);HUG1_PGM2(5-FC);HUG1_PGM2(Trifluoperazine);HUG1_PGM2(noDrug);MID2_MAM33(noDrug);MID2_PIN2(Trifluoperazine);PLM2_HNM1(5-FC);PLM2_HNM1(Metformin);PMC1_CTR2(5-FC);PMC1_CTR2(Metformin);PMC1_GTR2(5-FC);PMC1_GTR2(Metformin);PMC1_GTR2(Trifluoperazine);PMC1_GTR2(noDrug);SNA4_GTR2(5-FC);SNA4_GTR2(Trifluoperazine);SNA4_GTR2(noDrug);SRO9_DHH1(5-FC);SRO9_DHH1(Fluconazole);SRO9_DHH1(noDrug);SRO9_GIS2(noDrug);SSH1_ERV25(noDrug);TPO1_MID2(5-FC);TPO1_MID2(Trifluoperazine);TPO1_MID2(noDrug);TPO1_TCB2(noDrug);TPO1_TPO2(Trifluoperazine),,,piQTL_only
chr16:839159,SRO9_GIS2,noDrug,0.453800695,ALO1_ADE17(5-FC);ALO1_ADE17(Metformin);ALO1_ADE17(Trifluoperazine);ALO1_ADE17(noDrug);ALO1_HYR1(Fluconazole);ALO1_HYR1(noDrug);ALO1_UIP4(5-FC);ALO1_UIP4(Fluconazole);ALO1_UIP4(Trifluoperazine);ALO1_UIP4(noDrug);ERG11_ACF2(5-FC);ERG11_ACF2(noDrug);ERG11_ERG5(Fluconazole);ERG11_MID2(Trifluoperazine);ERG11_ORM2(5-FC);ERG11_ORM2(Trifluoperazine);ERG11_ORM2(noDrug);ERG11_PIS1(5-FC);ERG11_PIS1(Trifluoperazine);ERG11_PIS1(noDrug);ERG27_ACF2(noDrug);ERV25_UIP4(5-FC);ERV25_UIP4(Trifluoperazine);ERV25_UIP4(noDrug);FMP45_MEP1(5-FC);FMP45_MID2(5-FC);FMP45_MID2(Metformin);HNM1_ERG11(5-FC);HNM1_ERG11(noDrug);HNM1_MID2(noDrug);HNM1_TPO2(5-FC);HNM1_TPO2(Metformin);HNM1_TPO2(Trifluoperazine);HNM1_TPO2(noDrug);HUG1_ADE17(Metformin);HUG1_ALO1(5-FC);HUG1_PGM2(5-FC);HUG1_PGM2(Trifluoperazine);HUG1_PGM2(noDrug);MID2_MAM33(noDrug);MID2_PIN2(Trifluoperazine);PLM2_HNM1(5-FC);PLM2_HNM1(Metformin);PMC1_CTR2(5-FC);PMC1_CTR2(Metformin);PMC1_GTR2(5-FC);PMC1_GTR2(Metformin);PMC1_GTR2(Trifluoperazine);PMC1_GTR2(noDrug);SNA4_GTR2(5-FC);SNA4_GTR2(Trifluoperazine);SNA4_GTR2(noDrug);SRO9_DHH1(5-FC);SRO9_DHH1(Fluconazole);SRO9_DHH1(noDrug);SRO9_GIS2(noDrug);SSH1_ERV25(noDrug);TPO1_MID2(5-FC);TPO1_MID2(Trifluoperazine);TPO1_MID2(noDrug);TPO1_TCB2(noDrug);TPO1_TPO2(Trifluoperazine),,,piQTL_only
chr16:839159,SSH1_ERV25,noDrug,0.635611298,ALO1_ADE17(5-FC);ALO1_ADE17(Metformin);ALO1_ADE17(Trifluoperazine);ALO1_ADE17(noDrug);ALO1_HYR1(Fluconazole);ALO1_HYR1(noDrug);ALO1_UIP4(5-FC);ALO1_UIP4(Fluconazole);ALO1_UIP4(Trifluoperazine);ALO1_UIP4(noDrug);ERG11_ACF2(5-FC);ERG11_ACF2(noDrug);ERG11_ERG5(Fluconazole);ERG11_MID2(Trifluoperazine);ERG11_ORM2(5-FC);ERG11_ORM2(Trifluoperazine);ERG11_ORM2(noDrug);ERG11_PIS1(5-FC);ERG11_PIS1(Trifluoperazine);ERG11_PIS1(noDrug);ERG27_ACF2(noDrug);ERV25_UIP4(5-FC);ERV25_UIP4(Trifluoperazine);ERV25_UIP4(noDrug);FMP45_MEP1(5-FC);FMP45_MID2(5-FC);FMP45_MID2(Metformin);HNM1_ERG11(5-FC);HNM1_ERG11(noDrug);HNM1_MID2(noDrug);HNM1_TPO2(5-FC);HNM1_TPO2(Metformin);HNM1_TPO2(Trifluoperazine);HNM1_TPO2(noDrug);HUG1_ADE17(Metformin);HUG1_ALO1(5-FC);HUG1_PGM2(5-FC);HUG1_PGM2(Trifluoperazine);HUG1_PGM2(noDrug);MID2_MAM33(noDrug);MID2_PIN2(Trifluoperazine);PLM2_HNM1(5-FC);PLM2_HNM1(Metformin);PMC1_CTR2(5-FC);PMC1_CTR2(Metformin);PMC1_GTR2(5-FC);PMC1_GTR2(Metformin);PMC1_GTR2(Trifluoperazine);PMC1_GTR2(noDrug);SNA4_GTR2(5-FC);SNA4_GTR2(Trifluoperazine);SNA4_GTR2(noDrug);SRO9_DHH1(5-FC);SRO9_DHH1(Fluconazole);SRO9_DHH1(noDrug);SRO9_GIS2(noDrug);SSH1_ERV25(noDrug);TPO1_MID2(5-FC);TPO1_MID2(Trifluoperazine);TPO1_MID2(noDrug);TPO1_TCB2(noDrug);TPO1_TPO2(Trifluoperazine),,,piQTL_only
chr16:839159,TPO1_MID2,5-FC,0.593205405,ALO1_ADE17(5-FC);ALO1_ADE17(Metformin);ALO1_ADE17(Trifluoperazine);ALO1_ADE17(noDrug);ALO1_HYR1(Fluconazole);ALO1_HYR1(noDrug);ALO1_UIP4(5-FC);ALO1_UIP4(Fluconazole);ALO1_UIP4(Trifluoperazine);ALO1_UIP4(noDrug);ERG11_ACF2(5-FC);ERG11_ACF2(noDrug);ERG11_ERG5(Fluconazole);ERG11_MID2(Trifluoperazine);ERG11_ORM2(5-FC);ERG11_ORM2(Trifluoperazine);ERG11_ORM2(noDrug);ERG11_PIS1(5-FC);ERG11_PIS1(Trifluoperazine);ERG11_PIS1(noDrug);ERG27_ACF2(noDrug);ERV25_UIP4(5-FC);ERV25_UIP4(Trifluoperazine);ERV25_UIP4(noDrug);FMP45_MEP1(5-FC);FMP45_MID2(5-FC);FMP45_MID2(Metformin);HNM1_ERG11(5-FC);HNM1_ERG11(noDrug);HNM1_MID2(noDrug);HNM1_TPO2(5-FC);HNM1_TPO2(Metformin);HNM1_TPO2(Trifluoperazine);HNM1_TPO2(noDrug);HUG1_ADE17(Metformin);HUG1_ALO1(5-FC);HUG1_PGM2(5-FC);HUG1_PGM2(Trifluoperazine);HUG1_PGM2(noDrug);MID2_MAM33(noDrug);MID2_PIN2(Trifluoperazine);PLM2_HNM1(5-FC);PLM2_HNM1(Metformin);PMC1_CTR2(5-FC);PMC1_CTR2(Metformin);PMC1_GTR2(5-FC);PMC1_GTR2(Metformin);PMC1_GTR2(Trifluoperazine);PMC1_GTR2(noDrug);SNA4_GTR2(5-FC);SNA4_GTR2(Trifluoperazine);SNA4_GTR2(noDrug);SRO9_DHH1(5-FC);SRO9_DHH1(Fluconazole);SRO9_DHH1(noDrug);SRO9_GIS2(noDrug);SSH1_ERV25(noDrug);TPO1_MID2(5-FC);TPO1_MID2(Trifluoperazine);TPO1_MID2(noDrug);TPO1_TCB2(noDrug);TPO1_TPO2(Trifluoperazine),,,piQTL_only
chr16:839159,TPO1_MID2,Trifluoperazine,0.577614784,ALO1_ADE17(5-FC);ALO1_ADE17(Metformin);ALO1_ADE17(Trifluoperazine);ALO1_ADE17(noDrug);ALO1_HYR1(Fluconazole);ALO1_HYR1(noDrug);ALO1_UIP4(5-FC);ALO1_UIP4(Fluconazole);ALO1_UIP4(Trifluoperazine);ALO1_UIP4(noDrug);ERG11_ACF2(5-FC);ERG11_ACF2(noDrug);ERG11_ERG5(Fluconazole);ERG11_MID2(Trifluoperazine);ERG11_ORM2(5-FC);ERG11_ORM2(Trifluoperazine);ERG11_ORM2(noDrug);ERG11_PIS1(5-FC);ERG11_PIS1(Trifluoperazine);ERG11_PIS1(noDrug);ERG27_ACF2(noDrug);ERV25_UIP4(5-FC);ERV25_UIP4(Trifluoperazine);ERV25_UIP4(noDrug);FMP45_MEP1(5-FC);FMP45_MID2(5-FC);FMP45_MID2(Metformin);HNM1_ERG11(5-FC);HNM1_ERG11(noDrug);HNM1_MID2(noDrug);HNM1_TPO2(5-FC);HNM1_TPO2(Metformin);HNM1_TPO2(Trifluoperazine);HNM1_TPO2(noDrug);HUG1_ADE17(Metformin);HUG1_ALO1(5-FC);HUG1_PGM2(5-FC);HUG1_PGM2(Trifluoperazine);HUG1_PGM2(noDrug);MID2_MAM33(noDrug);MID2_PIN2(Trifluoperazine);PLM2_HNM1(5-FC);PLM2_HNM1(Metformin);PMC1_CTR2(5-FC);PMC1_CTR2(Metformin);PMC1_GTR2(5-FC);PMC1_GTR2(Metformin);PMC1_GTR2(Trifluoperazine);PMC1_GTR2(noDrug);SNA4_GTR2(5-FC);SNA4_GTR2(Trifluoperazine);SNA4_GTR2(noDrug);SRO9_DHH1(5-FC);SRO9_DHH1(Fluconazole);SRO9_DHH1(noDrug);SRO9_GIS2(noDrug);SSH1_ERV25(noDrug);TPO1_MID2(5-FC);TPO1_MID2(Trifluoperazine);TPO1_MID2(noDrug);TPO1_TCB2(noDrug);TPO1_TPO2(Trifluoperazine),,,piQTL_only
chr16:839159,TPO1_MID2,noDrug,0.5825046,ALO1_ADE17(5-FC);ALO1_ADE17(Metformin);ALO1_ADE17(Trifluoperazine);ALO1_ADE17(noDrug);ALO1_HYR1(Fluconazole);ALO1_HYR1(noDrug);ALO1_UIP4(5-FC);ALO1_UIP4(Fluconazole);ALO1_UIP4(Trifluoperazine);ALO1_UIP4(noDrug);ERG11_ACF2(5-FC);ERG11_ACF2(noDrug);ERG11_ERG5(Fluconazole);ERG11_MID2(Trifluoperazine);ERG11_ORM2(5-FC);ERG11_ORM2(Trifluoperazine);ERG11_ORM2(noDrug);ERG11_PIS1(5-FC);ERG11_PIS1(Trifluoperazine);ERG11_PIS1(noDrug);ERG27_ACF2(noDrug);ERV25_UIP4(5-FC);ERV25_UIP4(Trifluoperazine);ERV25_UIP4(noDrug);FMP45_MEP1(5-FC);FMP45_MID2(5-FC);FMP45_MID2(Metformin);HNM1_ERG11(5-FC);HNM1_ERG11(noDrug);HNM1_MID2(noDrug);HNM1_TPO2(5-FC);HNM1_TPO2(Metformin);HNM1_TPO2(Trifluoperazine);HNM1_TPO2(noDrug);HUG1_ADE17(Metformin);HUG1_ALO1(5-FC);HUG1_PGM2(5-FC);HUG1_PGM2(Trifluoperazine);HUG1_PGM2(noDrug);MID2_MAM33(noDrug);MID2_PIN2(Trifluoperazine);PLM2_HNM1(5-FC);PLM2_HNM1(Metformin);PMC1_CTR2(5-FC);PMC1_CTR2(Metformin);PMC1_GTR2(5-FC);PMC1_GTR2(Metformin);PMC1_GTR2(Trifluoperazine);PMC1_GTR2(noDrug);SNA4_GTR2(5-FC);SNA4_GTR2(Trifluoperazine);SNA4_GTR2(noDrug);SRO9_DHH1(5-FC);SRO9_DHH1(Fluconazole);SRO9_DHH1(noDrug);SRO9_GIS2(noDrug);SSH1_ERV25(noDrug);TPO1_MID2(5-FC);TPO1_MID2(Trifluoperazine);TPO1_MID2(noDrug);TPO1_TCB2(noDrug);TPO1_TPO2(Trifluoperazine),,,piQTL_only
chr16:839159,TPO1_TCB2,noDrug,0.54050099,ALO1_ADE17(5-FC);ALO1_ADE17(Metformin);ALO1_ADE17(Trifluoperazine);ALO1_ADE17(noDrug);ALO1_HYR1(Fluconazole);ALO1_HYR1(noDrug);ALO1_UIP4(5-FC);ALO1_UIP4(Fluconazole);ALO1_UIP4(Trifluoperazine);ALO1_UIP4(noDrug);ERG11_ACF2(5-FC);ERG11_ACF2(noDrug);ERG11_ERG5(Fluconazole);ERG11_MID2(Trifluoperazine);ERG11_ORM2(5-FC);ERG11_ORM2(Trifluoperazine);ERG11_ORM2(noDrug);ERG11_PIS1(5-FC);ERG11_PIS1(Trifluoperazine);ERG11_PIS1(noDrug);ERG27_ACF2(noDrug);ERV25_UIP4(5-FC);ERV25_UIP4(Trifluoperazine);ERV25_UIP4(noDrug);FMP45_MEP1(5-FC);FMP45_MID2(5-FC);FMP45_MID2(Metformin);HNM1_ERG11(5-FC);HNM1_ERG11(noDrug);HNM1_MID2(noDrug);HNM1_TPO2(5-FC);HNM1_TPO2(Metformin);HNM1_TPO2(Trifluoperazine);HNM1_TPO2(noDrug);HUG1_ADE17(Metformin);HUG1_ALO1(5-FC);HUG1_PGM2(5-FC);HUG1_PGM2(Trifluoperazine);HUG1_PGM2(noDrug);MID2_MAM33(noDrug);MID2_PIN2(Trifluoperazine);PLM2_HNM1(5-FC);PLM2_HNM1(Metformin);PMC1_CTR2(5-FC);PMC1_CTR2(Metformin);PMC1_GTR2(5-FC);PMC1_GTR2(Metformin);PMC1_GTR2(Trifluoperazine);PMC1_GTR2(noDrug);SNA4_GTR2(5-FC);SNA4_GTR2(Trifluoperazine);SNA4_GTR2(noDrug);SRO9_DHH1(5-FC);SRO9_DHH1(Fluconazole);SRO9_DHH1(noDrug);SRO9_GIS2(noDrug);SSH1_ERV25(noDrug);TPO1_MID2(5-FC);TPO1_MID2(Trifluoperazine);TPO1_MID2(noDrug);TPO1_TCB2(noDrug);TPO1_TPO2(Trifluoperazine),,,piQTL_only
chr16:839159,TPO1_TPO2,Trifluoperazine,0.589532773,ALO1_ADE17(5-FC);ALO1_ADE17(Metformin);ALO1_ADE17(Trifluoperazine);ALO1_ADE17(noDrug);ALO1_HYR1(Fluconazole);ALO1_HYR1(noDrug);ALO1_UIP4(5-FC);ALO1_UIP4(Fluconazole);ALO1_UIP4(Trifluoperazine);ALO1_UIP4(noDrug);ERG11_ACF2(5-FC);ERG11_ACF2(noDrug);ERG11_ERG5(Fluconazole);ERG11_MID2(Trifluoperazine);ERG11_ORM2(5-FC);ERG11_ORM2(Trifluoperazine);ERG11_ORM2(noDrug);ERG11_PIS1(5-FC);ERG11_PIS1(Trifluoperazine);ERG11_PIS1(noDrug);ERG27_ACF2(noDrug);ERV25_UIP4(5-FC);ERV25_UIP4(Trifluoperazine);ERV25_UIP4(noDrug);FMP45_MEP1(5-FC);FMP45_MID2(5-FC);FMP45_MID2(Metformin);HNM1_ERG11(5-FC);HNM1_ERG11(noDrug);HNM1_MID2(noDrug);HNM1_TPO2(5-FC);HNM1_TPO2(Metformin);HNM1_TPO2(Trifluoperazine);HNM1_TPO2(noDrug);HUG1_ADE17(Metformin);HUG1_ALO1(5-FC);HUG1_PGM2(5-FC);HUG1_PGM2(Trifluoperazine);HUG1_PGM2(noDrug);MID2_MAM33(noDrug);MID2_PIN2(Trifluoperazine);PLM2_HNM1(5-FC);PLM2_HNM1(Metformin);PMC1_CTR2(5-FC);PMC1_CTR2(Metformin);PMC1_GTR2(5-FC);PMC1_GTR2(Metformin);PMC1_GTR2(Trifluoperazine);PMC1_GTR2(noDrug);SNA4_GTR2(5-FC);SNA4_GTR2(Trifluoperazine);SNA4_GTR2(noDrug);SRO9_DHH1(5-FC);SRO9_DHH1(Fluconazole);SRO9_DHH1(noDrug);SRO9_GIS2(noDrug);SSH1_ERV25(noDrug);TPO1_MID2(5-FC);TPO1_MID2(Trifluoperazine);TPO1_MID2(noDrug);TPO1_TCB2(noDrug);TPO1_TPO2(Trifluoperazine),,,piQTL_only
chr16:840653,ADE17_PGM2,Fluconazole,0.645895206,ADE17_PGM2(Fluconazole);ALO1_ADE17(Metformin);ALO1_UIP4(Fluconazole);ERG11_ERG5(Fluconazole);ERV25_UIP4(5-FC);HUG1_ALO1(5-FC);MID2_TPO2(noDrug);PLM2_HNM1(5-FC),,,piQTL_only
chr16:840653,ALO1_ADE17,Metformin,0.794341768,ADE17_PGM2(Fluconazole);ALO1_ADE17(Metformin);ALO1_UIP4(Fluconazole);ERG11_ERG5(Fluconazole);ERV25_UIP4(5-FC);HUG1_ALO1(5-FC);MID2_TPO2(noDrug);PLM2_HNM1(5-FC),,,piQTL_only
chr16:840653,ALO1_UIP4,Fluconazole,0.931055407,ADE17_PGM2(Fluconazole);ALO1_ADE17(Metformin);ALO1_UIP4(Fluconazole);ERG11_ERG5(Fluconazole);ERV25_UIP4(5-FC);HUG1_ALO1(5-FC);MID2_TPO2(noDrug);PLM2_HNM1(5-FC),,,piQTL_only
chr16:840628,ERG11_ACF2,Metformin,1.000995361,ERG11_ACF2(Metformin);ERG11_ORM2(5-FC);FMP45_MID2(Metformin);MID2_RSN1(noDrug);PLM2_HNM1(Metformin);PLM2_HNM1(noDrug);PMC1_CTR2(5-FC);SRO9_DHH1(noDrug),,,piQTL_only
chr16:840653,ERG11_ERG5,Fluconazole,0.635726349,ADE17_PGM2(Fluconazole);ALO1_ADE17(Metformin);ALO1_UIP4(Fluconazole);ERG11_ERG5(Fluconazole);ERV25_UIP4(5-FC);HUG1_ALO1(5-FC);MID2_TPO2(noDrug);PLM2_HNM1(5-FC),,,piQTL_only
chr16:840628,ERG11_ORM2,5-FC,0.911267845,ERG11_ACF2(Metformin);ERG11_ORM2(5-FC);FMP45_MID2(Metformin);MID2_RSN1(noDrug);PLM2_HNM1(Metformin);PLM2_HNM1(noDrug);PMC1_CTR2(5-FC);SRO9_DHH1(noDrug),,,piQTL_only
chr16:840653,ERV25_UIP4,5-FC,0.938835779,ADE17_PGM2(Fluconazole);ALO1_ADE17(Metformin);ALO1_UIP4(Fluconazole);ERG11_ERG5(Fluconazole);ERV25_UIP4(5-FC);HUG1_ALO1(5-FC);MID2_TPO2(noDrug);PLM2_HNM1(5-FC),,,piQTL_only
chr16:840628,FMP45_MID2,Metformin,0.988807469,ERG11_ACF2(Metformin);ERG11_ORM2(5-FC);FMP45_MID2(Metformin);MID2_RSN1(noDrug);PLM2_HNM1(Metformin);PLM2_HNM1(noDrug);PMC1_CTR2(5-FC);SRO9_DHH1(noDrug),,,piQTL_only
chr16:840653,HUG1_ALO1,5-FC,1.039640361,ADE17_PGM2(Fluconazole);ALO1_ADE17(Metformin);ALO1_UIP4(Fluconazole);ERG11_ERG5(Fluconazole);ERV25_UIP4(5-FC);HUG1_ALO1(5-FC);MID2_TPO2(noDrug);PLM2_HNM1(5-FC),,,piQTL_only
chr16:840628,MID2_RSN1,noDrug,0.998436769,ERG11_ACF2(Metformin);ERG11_ORM2(5-FC);FMP45_MID2(Metformin);MID2_RSN1(noDrug);PLM2_HNM1(Metformin);PLM2_HNM1(noDrug);PMC1_CTR2(5-FC);SRO9_DHH1(noDrug),,,piQTL_only
chr16:840653,MID2_TPO2,noDrug,0.729418988,ADE17_PGM2(Fluconazole);ALO1_ADE17(Metformin);ALO1_UIP4(Fluconazole);ERG11_ERG5(Fluconazole);ERV25_UIP4(5-FC);HUG1_ALO1(5-FC);MID2_TPO2(noDrug);PLM2_HNM1(5-FC),,,piQTL_only
chr16:840653,PLM2_HNM1,5-FC,1.032166623,ADE17_PGM2(Fluconazole);ALO1_ADE17(Metformin);ALO1_UIP4(Fluconazole);ERG11_ERG5(Fluconazole);ERV25_UIP4(5-FC);HUG1_ALO1(5-FC);MID2_TPO2(noDrug);PLM2_HNM1(5-FC),,,piQTL_only
chr16:840628,PLM2_HNM1,Metformin,1.030689759,ERG11_ACF2(Metformin);ERG11_ORM2(5-FC);FMP45_MID2(Metformin);MID2_RSN1(noDrug);PLM2_HNM1(Metformin);PLM2_HNM1(noDrug);PMC1_CTR2(5-FC);SRO9_DHH1(noDrug),,,piQTL_only
chr16:840628,PLM2_HNM1,noDrug,1.277505178,ERG11_ACF2(Metformin);ERG11_ORM2(5-FC);FMP45_MID2(Metformin);MID2_RSN1(noDrug);PLM2_HNM1(Metformin);PLM2_HNM1(noDrug);PMC1_CTR2(5-FC);SRO9_DHH1(noDrug),,,piQTL_only
chr16:840628,PMC1_CTR2,5-FC,1.263660715,ERG11_ACF2(Metformin);ERG11_ORM2(5-FC);FMP45_MID2(Metformin);MID2_RSN1(noDrug);PLM2_HNM1(Metformin);PLM2_HNM1(noDrug);PMC1_CTR2(5-FC);SRO9_DHH1(noDrug),,,piQTL_only
chr16:840628,SRO9_DHH1,noDrug,1.098545162,ERG11_ACF2(Metformin);ERG11_ORM2(5-FC);FMP45_MID2(Metformin);MID2_RSN1(noDrug);PLM2_HNM1(Metformin);PLM2_HNM1(noDrug);PMC1_CTR2(5-FC);SRO9_DHH1(noDrug),,,piQTL_only
chr16:842949,ADE17_PGM2,Fluconazole,0.462008284,ADE17_PGM2(Fluconazole);ALO1_ADE17(Trifluoperazine);ERG11_ACF2(noDrug);ERG11_ERG5(Fluconazole);ERG11_ORM2(Trifluoperazine);HUG1_PGM2(noDrug);MID2_PIN2(Fluconazole);TPO1_MID2(Trifluoperazine);TPO1_TCB2(Trifluoperazine);TPO1_TCB2(noDrug);TPO1_TPO2(Trifluoperazine);TPO1_TPO2(noDrug),,,piQTL_only
chr16:842949,ALO1_ADE17,Trifluoperazine,0.603890739,ADE17_PGM2(Fluconazole);ALO1_ADE17(Trifluoperazine);ERG11_ACF2(noDrug);ERG11_ERG5(Fluconazole);ERG11_ORM2(Trifluoperazine);HUG1_PGM2(noDrug);MID2_PIN2(Fluconazole);TPO1_MID2(Trifluoperazine);TPO1_TCB2(Trifluoperazine);TPO1_TCB2(noDrug);TPO1_TPO2(Trifluoperazine);TPO1_TPO2(noDrug),,,piQTL_only
chr16:843618,ALO1_ADE17,noDrug,0.665145537,ALO1_ADE17(noDrug),,,piQTL_only
chr16:841684,ALO1_HYR1,noDrug,0.586828911,ALO1_HYR1(noDrug);ERG27_ACF2(noDrug);FMP45_MEP1(5-FC);HUG1_ALO1(5-FC);PLM2_HNM1(5-FC);PLM2_HNM1(noDrug);PMC1_CTR2(5-FC);PMC1_GTR2(Metformin);TPO1_MID2(5-FC);TPO1_TCB2(5-FC),,,piQTL_only
chr16:850422,ERG11_ACF2,5-FC,0.559079149,ERG11_ACF2(5-FC);ERG11_ORM2(5-FC);ERV25_UIP4(5-FC);HNM1_TPO4(noDrug);MID2_MAM33(noDrug);MID2_RSN1(noDrug);MID2_TPO2(noDrug);PMC1_GTR2(5-FC);PMC1_GTR2(Trifluoperazine);PMC1_GTR2(noDrug);SRO9_DHH1(5-FC);SRO9_DHH1(noDrug);TPO1_MID2(noDrug),,,piQTL_only
chr16:842949,ERG11_ACF2,noDrug,0.521706575,ADE17_PGM2(Fluconazole);ALO1_ADE17(Trifluoperazine);ERG11_ACF2(noDrug);ERG11_ERG5(Fluconazole);ERG11_ORM2(Trifluoperazine);HUG1_PGM2(noDrug);MID2_PIN2(Fluconazole);TPO1_MID2(Trifluoperazine);TPO1_TCB2(Trifluoperazine);TPO1_TCB2(noDrug);TPO1_TPO2(Trifluoperazine);TPO1_TPO2(noDrug),,,piQTL_only
chr16:842949,ERG11_ERG5,Fluconazole,0.442645641,ADE17_PGM2(Fluconazole);ALO1_ADE17(Trifluoperazine);ERG11_ACF2(noDrug);ERG11_ERG5(Fluconazole);ERG11_ORM2(Trifluoperazine);HUG1_PGM2(noDrug);MID2_PIN2(Fluconazole);TPO1_MID2(Trifluoperazine);TPO1_TCB2(Trifluoperazine);TPO1_TCB2(noDrug);TPO1_TPO2(Trifluoperazine);TPO1_TPO2(noDrug),,,piQTL_only
chr16:850422,ERG11_ORM2,5-FC,0.543281492,ERG11_ACF2(5-FC);ERG11_ORM2(5-FC);ERV25_UIP4(5-FC);HNM1_TPO4(noDrug);MID2_MAM33(noDrug);MID2_RSN1(noDrug);MID2_TPO2(noDrug);PMC1_GTR2(5-FC);PMC1_GTR2(Trifluoperazine);PMC1_GTR2(noDrug);SRO9_DHH1(5-FC);SRO9_DHH1(noDrug);TPO1_MID2(noDrug),,,piQTL_only
chr16:842949,ERG11_ORM2,Trifluoperazine,0.548704771,ADE17_PGM2(Fluconazole);ALO1_ADE17(Trifluoperazine);ERG11_ACF2(noDrug);ERG11_ERG5(Fluconazole);ERG11_ORM2(Trifluoperazine);HUG1_PGM2(noDrug);MID2_PIN2(Fluconazole);TPO1_MID2(Trifluoperazine);TPO1_TCB2(Trifluoperazine);TPO1_TCB2(noDrug);TPO1_TPO2(Trifluoperazine);TPO1_TPO2(noDrug),,,piQTL_only
chr16:841684,ERG27_ACF2,noDrug,0.601504468,ALO1_HYR1(noDrug);ERG27_ACF2(noDrug);FMP45_MEP1(5-FC);HUG1_ALO1(5-FC);PLM2_HNM1(5-FC);PLM2_HNM1(noDrug);PMC1_CTR2(5-FC);PMC1_GTR2(Metformin);TPO1_MID2(5-FC);TPO1_TCB2(5-FC),,,piQTL_only
chr16:850422,ERV25_UIP4,5-FC,0.675008049,ERG11_ACF2(5-FC);ERG11_ORM2(5-FC);ERV25_UIP4(5-FC);HNM1_TPO4(noDrug);MID2_MAM33(noDrug);MID2_RSN1(noDrug);MID2_TPO2(noDrug);PMC1_GTR2(5-FC);PMC1_GTR2(Trifluoperazine);PMC1_GTR2(noDrug);SRO9_DHH1(5-FC);SRO9_DHH1(noDrug);TPO1_MID2(noDrug),,,piQTL_only
chr16:841684,FMP45_MEP1,5-FC,0.683284924,ALO1_HYR1(noDrug);ERG27_ACF2(noDrug);FMP45_MEP1(5-FC);HUG1_ALO1(5-FC);PLM2_HNM1(5-FC);PLM2_HNM1(noDrug);PMC1_CTR2(5-FC);PMC1_GTR2(Metformin);TPO1_MID2(5-FC);TPO1_TCB2(5-FC),,,piQTL_only
chr16:850422,HNM1_TPO4,noDrug,0.536111465,ERG11_ACF2(5-FC);ERG11_ORM2(5-FC);ERV25_UIP4(5-FC);HNM1_TPO4(noDrug);MID2_MAM33(noDrug);MID2_RSN1(noDrug);MID2_TPO2(noDrug);PMC1_GTR2(5-FC);PMC1_GTR2(Trifluoperazine);PMC1_GTR2(noDrug);SRO9_DHH1(5-FC);SRO9_DHH1(noDrug);TPO1_MID2(noDrug),,,piQTL_only
chr16:841684,HUG1_ALO1,5-FC,0.709829479,ALO1_HYR1(noDrug);ERG27_ACF2(noDrug);FMP45_MEP1(5-FC);HUG1_ALO1(5-FC);PLM2_HNM1(5-FC);PLM2_HNM1(noDrug);PMC1_CTR2(5-FC);PMC1_GTR2(Metformin);TPO1_MID2(5-FC);TPO1_TCB2(5-FC),,,piQTL_only
chr16:842949,HUG1_PGM2,noDrug,0.676226523,ADE17_PGM2(Fluconazole);ALO1_ADE17(Trifluoperazine);ERG11_ACF2(noDrug);ERG11_ERG5(Fluconazole);ERG11_ORM2(Trifluoperazine);HUG1_PGM2(noDrug);MID2_PIN2(Fluconazole);TPO1_MID2(Trifluoperazine);TPO1_TCB2(Trifluoperazine);TPO1_TCB2(noDrug);TPO1_TPO2(Trifluoperazine);TPO1_TPO2(noDrug),,,piQTL_only
chr16:850422,MID2_MAM33,noDrug,0.647842736,ERG11_ACF2(5-FC);ERG11_ORM2(5-FC);ERV25_UIP4(5-FC);HNM1_TPO4(noDrug);MID2_MAM33(noDrug);MID2_RSN1(noDrug);MID2_TPO2(noDrug);PMC1_GTR2(5-FC);PMC1_GTR2(Trifluoperazine);PMC1_GTR2(noDrug);SRO9_DHH1(5-FC);SRO9_DHH1(noDrug);TPO1_MID2(noDrug),,,piQTL_only
chr16:842949,MID2_PIN2,Fluconazole,0.616278127,ADE17_PGM2(Fluconazole);ALO1_ADE17(Trifluoperazine);ERG11_ACF2(noDrug);ERG11_ERG5(Fluconazole);ERG11_ORM2(Trifluoperazine);HUG1_PGM2(noDrug);MID2_PIN2(Fluconazole);TPO1_MID2(Trifluoperazine);TPO1_TCB2(Trifluoperazine);TPO1_TCB2(noDrug);TPO1_TPO2(Trifluoperazine);TPO1_TPO2(noDrug),,,piQTL_only
chr16:850422,MID2_RSN1,noDrug,0.488307239,ERG11_ACF2(5-FC);ERG11_ORM2(5-FC);ERV25_UIP4(5-FC);HNM1_TPO4(noDrug);MID2_MAM33(noDrug);MID2_RSN1(noDrug);MID2_TPO2(noDrug);PMC1_GTR2(5-FC);PMC1_GTR2(Trifluoperazine);PMC1_GTR2(noDrug);SRO9_DHH1(5-FC);SRO9_DHH1(noDrug);TPO1_MID2(noDrug),,,piQTL_only
chr16:850422,MID2_TPO2,noDrug,0.474350063,ERG11_ACF2(5-FC);ERG11_ORM2(5-FC);ERV25_UIP4(5-FC);HNM1_TPO4(noDrug);MID2_MAM33(noDrug);MID2_RSN1(noDrug);MID2_TPO2(noDrug);PMC1_GTR2(5-FC);PMC1_GTR2(Trifluoperazine);PMC1_GTR2(noDrug);SRO9_DHH1(5-FC);SRO9_DHH1(noDrug);TPO1_MID2(noDrug),,,piQTL_only
chr16:841684,PLM2_HNM1,5-FC,0.758868475,ALO1_HYR1(noDrug);ERG27_ACF2(noDrug);FMP45_MEP1(5-FC);HUG1_ALO1(5-FC);PLM2_HNM1(5-FC);PLM2_HNM1(noDrug);PMC1_CTR2(5-FC);PMC1_GTR2(Metformin);TPO1_MID2(5-FC);TPO1_TCB2(5-FC),,,piQTL_only
chr16:841684,PLM2_HNM1,noDrug,0.752927786,ALO1_HYR1(noDrug);ERG27_ACF2(noDrug);FMP45_MEP1(5-FC);HUG1_ALO1(5-FC);PLM2_HNM1(5-FC);PLM2_HNM1(noDrug);PMC1_CTR2(5-FC);PMC1_GTR2(Metformin);TPO1_MID2(5-FC);TPO1_TCB2(5-FC),,,piQTL_only
chr16:841684,PMC1_CTR2,5-FC,0.743641544,ALO1_HYR1(noDrug);ERG27_ACF2(noDrug);FMP45_MEP1(5-FC);HUG1_ALO1(5-FC);PLM2_HNM1(5-FC);PLM2_HNM1(noDrug);PMC1_CTR2(5-FC);PMC1_GTR2(Metformin);TPO1_MID2(5-FC);TPO1_TCB2(5-FC),,,piQTL_only
chr16:850422,PMC1_GTR2,5-FC,0.682218472,ERG11_ACF2(5-FC);ERG11_ORM2(5-FC);ERV25_UIP4(5-FC);HNM1_TPO4(noDrug);MID2_MAM33(noDrug);MID2_RSN1(noDrug);MID2_TPO2(noDrug);PMC1_GTR2(5-FC);PMC1_GTR2(Trifluoperazine);PMC1_GTR2(noDrug);SRO9_DHH1(5-FC);SRO9_DHH1(noDrug);TPO1_MID2(noDrug),,,piQTL_only
chr16:841684,PMC1_GTR2,Metformin,0.502572736,ALO1_HYR1(noDrug);ERG27_ACF2(noDrug);FMP45_MEP1(5-FC);HUG1_ALO1(5-FC);PLM2_HNM1(5-FC);PLM2_HNM1(noDrug);PMC1_CTR2(5-FC);PMC1_GTR2(Metformin);TPO1_MID2(5-FC);TPO1_TCB2(5-FC),,,piQTL_only
chr16:850422,PMC1_GTR2,Trifluoperazine,0.732632448,ERG11_ACF2(5-FC);ERG11_ORM2(5-FC);ERV25_UIP4(5-FC);HNM1_TPO4(noDrug);MID2_MAM33(noDrug);MID2_RSN1(noDrug);MID2_TPO2(noDrug);PMC1_GTR2(5-FC);PMC1_GTR2(Trifluoperazine);PMC1_GTR2(noDrug);SRO9_DHH1(5-FC);SRO9_DHH1(noDrug);TPO1_MID2(noDrug),,,piQTL_only
chr16:850422,PMC1_GTR2,noDrug,0.691786992,ERG11_ACF2(5-FC);ERG11_ORM2(5-FC);ERV25_UIP4(5-FC);HNM1_TPO4(noDrug);MID2_MAM33(noDrug);MID2_RSN1(noDrug);MID2_TPO2(noDrug);PMC1_GTR2(5-FC);PMC1_GTR2(Trifluoperazine);PMC1_GTR2(noDrug);SRO9_DHH1(5-FC);SRO9_DHH1(noDrug);TPO1_MID2(noDrug),,,piQTL_only
chr16:850422,SRO9_DHH1,5-FC,0.565610023,ERG11_ACF2(5-FC);ERG11_ORM2(5-FC);ERV25_UIP4(5-FC);HNM1_TPO4(noDrug);MID2_MAM33(noDrug);MID2_RSN1(noDrug);MID2_TPO2(noDrug);PMC1_GTR2(5-FC);PMC1_GTR2(Trifluoperazine);PMC1_GTR2(noDrug);SRO9_DHH1(5-FC);SRO9_DHH1(noDrug);TPO1_MID2(noDrug),,,piQTL_only
chr16:850422,SRO9_DHH1,noDrug,0.603866118,ERG11_ACF2(5-FC);ERG11_ORM2(5-FC);ERV25_UIP4(5-FC);HNM1_TPO4(noDrug);MID2_MAM33(noDrug);MID2_RSN1(noDrug);MID2_TPO2(noDrug);PMC1_GTR2(5-FC);PMC1_GTR2(Trifluoperazine);PMC1_GTR2(noDrug);SRO9_DHH1(5-FC);SRO9_DHH1(noDrug);TPO1_MID2(noDrug),,,piQTL_only
chr16:841684,TPO1_MID2,5-FC,0.602117975,ALO1_HYR1(noDrug);ERG27_ACF2(noDrug);FMP45_MEP1(5-FC);HUG1_ALO1(5-FC);PLM2_HNM1(5-FC);PLM2_HNM1(noDrug);PMC1_CTR2(5-FC);PMC1_GTR2(Metformin);TPO1_MID2(5-FC);TPO1_TCB2(5-FC),,,piQTL_only
chr16:842949,TPO1_MID2,Trifluoperazine,0.556396355,ADE17_PGM2(Fluconazole);ALO1_ADE17(Trifluoperazine);ERG11_ACF2(noDrug);ERG11_ERG5(Fluconazole);ERG11_ORM2(Trifluoperazine);HUG1_PGM2(noDrug);MID2_PIN2(Fluconazole);TPO1_MID2(Trifluoperazine);TPO1_TCB2(Trifluoperazine);TPO1_TCB2(noDrug);TPO1_TPO2(Trifluoperazine);TPO1_TPO2(noDrug),,,piQTL_only
chr16:850422,TPO1_MID2,noDrug,0.596075046,ERG11_ACF2(5-FC);ERG11_ORM2(5-FC);ERV25_UIP4(5-FC);HNM1_TPO4(noDrug);MID2_MAM33(noDrug);MID2_RSN1(noDrug);MID2_TPO2(noDrug);PMC1_GTR2(5-FC);PMC1_GTR2(Trifluoperazine);PMC1_GTR2(noDrug);SRO9_DHH1(5-FC);SRO9_DHH1(noDrug);TPO1_MID2(noDrug),,,piQTL_only
chr16:841684,TPO1_TCB2,5-FC,0.655428592,ALO1_HYR1(noDrug);ERG27_ACF2(noDrug);FMP45_MEP1(5-FC);HUG1_ALO1(5-FC);PLM2_HNM1(5-FC);PLM2_HNM1(noDrug);PMC1_CTR2(5-FC);PMC1_GTR2(Metformin);TPO1_MID2(5-FC);TPO1_TCB2(5-FC),,,piQTL_only
chr16:842949,TPO1_TCB2,Trifluoperazine,0.389201022,ADE17_PGM2(Fluconazole);ALO1_ADE17(Trifluoperazine);ERG11_ACF2(noDrug);ERG11_ERG5(Fluconazole);ERG11_ORM2(Trifluoperazine);HUG1_PGM2(noDrug);MID2_PIN2(Fluconazole);TPO1_MID2(Trifluoperazine);TPO1_TCB2(Trifluoperazine);TPO1_TCB2(noDrug);TPO1_TPO2(Trifluoperazine);TPO1_TPO2(noDrug),,,piQTL_only
chr16:842949,TPO1_TCB2,noDrug,0.557871461,ADE17_PGM2(Fluconazole);ALO1_ADE17(Trifluoperazine);ERG11_ACF2(noDrug);ERG11_ERG5(Fluconazole);ERG11_ORM2(Trifluoperazine);HUG1_PGM2(noDrug);MID2_PIN2(Fluconazole);TPO1_MID2(Trifluoperazine);TPO1_TCB2(Trifluoperazine);TPO1_TCB2(noDrug);TPO1_TPO2(Trifluoperazine);TPO1_TPO2(noDrug),,,piQTL_only
chr16:842949,TPO1_TPO2,Trifluoperazine,0.613611183,ADE17_PGM2(Fluconazole);ALO1_ADE17(Trifluoperazine);ERG11_ACF2(noDrug);ERG11_ERG5(Fluconazole);ERG11_ORM2(Trifluoperazine);HUG1_PGM2(noDrug);MID2_PIN2(Fluconazole);TPO1_MID2(Trifluoperazine);TPO1_TCB2(Trifluoperazine);TPO1_TCB2(noDrug);TPO1_TPO2(Trifluoperazine);TPO1_TPO2(noDrug),,,piQTL_only
chr16:842949,TPO1_TPO2,noDrug,0.65911489,ADE17_PGM2(Fluconazole);ALO1_ADE17(Trifluoperazine);ERG11_ACF2(noDrug);ERG11_ERG5(Fluconazole);ERG11_ORM2(Trifluoperazine);HUG1_PGM2(noDrug);MID2_PIN2(Fluconazole);TPO1_MID2(Trifluoperazine);TPO1_TCB2(Trifluoperazine);TPO1_TCB2(noDrug);TPO1_TPO2(Trifluoperazine);TPO1_TPO2(noDrug),,,piQTL_only
chr16:858824,ADE17_PGM2,Fluconazole,0.435472055,ADE17_PGM2(Fluconazole);ALO1_UIP4(Trifluoperazine);ALO1_UIP4(noDrug);ERG11_ACF2(5-FC);ERG11_ORM2(5-FC);ERG11_ORM2(Trifluoperazine);ERG11_ORM2(noDrug);ERG27_ACF2(5-FC);ERV25_UIP4(5-FC);ERV25_UIP4(Trifluoperazine);ERV25_UIP4(noDrug);FMP45_MEP1(5-FC);FMP45_MID2(5-FC);HNM1_ERG11(noDrug);HNM1_MID2(noDrug);HUG1_ALO1(5-FC);MID2_MAM33(Trifluoperazine);MID2_MAM33(noDrug);MID2_PIN2(Trifluoperazine);PLM2_HNM1(5-FC);PMC1_CTR2(5-FC);PMC1_CTR2(noDrug);PMC1_GTR2(5-FC);PMC1_GTR2(Fluconazole);PMC1_GTR2(Metformin);PMC1_GTR2(Trifluoperazine);PMC1_GTR2(noDrug);SNA4_GTR2(5-FC);SSH1_ERV25(noDrug);TPO1_MID2(5-FC);TPO1_MID2(Trifluoperazine);TPO1_MID2(noDrug);TPO1_TCB2(5-FC);TPO1_TCB2(Fluconazole);TPO1_TCB2(Trifluoperazine);TPO1_TCB2(noDrug);TPO1_TPO2(5-FC);TPO1_TPO2(Trifluoperazine);TPO1_TPO2(noDrug),,,piQTL_only
chr16:858788,ALO1_ADE17,Metformin,0.528265517,ALO1_ADE17(Metformin);ALO1_ADE17(Trifluoperazine);ALO1_ADE17(noDrug);HUG1_PGM2(noDrug);SSH1_ERV25(Fluconazole),,,piQTL_only
chr16:858788,ALO1_ADE17,Trifluoperazine,0.615787451,ALO1_ADE17(Metformin);ALO1_ADE17(Trifluoperazine);ALO1_ADE17(noDrug);HUG1_PGM2(noDrug);SSH1_ERV25(Fluconazole),,,piQTL_only
chr16:858788,ALO1_ADE17,noDrug,0.709918036,ALO1_ADE17(Metformin);ALO1_ADE17(Trifluoperazine);ALO1_ADE17(noDrug);HUG1_PGM2(noDrug);SSH1_ERV25(Fluconazole),,,piQTL_only
chr16:859747,ALO1_HYR1,5-FC,0.571681977,ALO1_HYR1(5-FC);ALO1_HYR1(noDrug);ERG27_ACF2(noDrug);HNM1_ERG11(5-FC);HNM1_ERG11(Trifluoperazine);HNM1_TPO4(5-FC);HNM1_TPO4(noDrug);HUG1_ALO1(noDrug);MID2_PIN2(Fluconazole);MID2_RSN1(noDrug);MID2_TPO2(Fluconazole);MID2_TPO2(noDrug);PLM2_HNM1(Fluconazole);PLM2_HNM1(Metformin);PLM2_HNM1(noDrug);PMC1_CTR2(Fluconazole);SRO9_DHH1(5-FC);SRO9_DHH1(Fluconazole);SRO9_DHH1(noDrug),,GDH1; URE1,pQTL_only
chr16:859747,ALO1_HYR1,noDrug,0.620089713,ALO1_HYR1(5-FC);ALO1_HYR1(noDrug);ERG27_ACF2(noDrug);HNM1_ERG11(5-FC);HNM1_ERG11(Trifluoperazine);HNM1_TPO4(5-FC);HNM1_TPO4(noDrug);HUG1_ALO1(noDrug);MID2_PIN2(Fluconazole);MID2_RSN1(noDrug);MID2_TPO2(Fluconazole);MID2_TPO2(noDrug);PLM2_HNM1(Fluconazole);PLM2_HNM1(Metformin);PLM2_HNM1(noDrug);PMC1_CTR2(Fluconazole);SRO9_DHH1(5-FC);SRO9_DHH1(Fluconazole);SRO9_DHH1(noDrug),,GDH1; URE1,pQTL_only
chr16:858824,ALO1_UIP4,Trifluoperazine,0.564796447,ADE17_PGM2(Fluconazole);ALO1_UIP4(Trifluoperazine);ALO1_UIP4(noDrug);ERG11_ACF2(5-FC);ERG11_ORM2(5-FC);ERG11_ORM2(Trifluoperazine);ERG11_ORM2(noDrug);ERG27_ACF2(5-FC);ERV25_UIP4(5-FC);ERV25_UIP4(Trifluoperazine);ERV25_UIP4(noDrug);FMP45_MEP1(5-FC);FMP45_MID2(5-FC);HNM1_ERG11(noDrug);HNM1_MID2(noDrug);HUG1_ALO1(5-FC);MID2_MAM33(Trifluoperazine);MID2_MAM33(noDrug);MID2_PIN2(Trifluoperazine);PLM2_HNM1(5-FC);PMC1_CTR2(5-FC);PMC1_CTR2(noDrug);PMC1_GTR2(5-FC);PMC1_GTR2(Fluconazole);PMC1_GTR2(Metformin);PMC1_GTR2(Trifluoperazine);PMC1_GTR2(noDrug);SNA4_GTR2(5-FC);SSH1_ERV25(noDrug);TPO1_MID2(5-FC);TPO1_MID2(Trifluoperazine);TPO1_MID2(noDrug);TPO1_TCB2(5-FC);TPO1_TCB2(Fluconazole);TPO1_TCB2(Trifluoperazine);TPO1_TCB2(noDrug);TPO1_TPO2(5-FC);TPO1_TPO2(Trifluoperazine);TPO1_TPO2(noDrug),,,piQTL_only
chr16:858824,ALO1_UIP4,noDrug,0.602280302,ADE17_PGM2(Fluconazole);ALO1_UIP4(Trifluoperazine);ALO1_UIP4(noDrug);ERG11_ACF2(5-FC);ERG11_ORM2(5-FC);ERG11_ORM2(Trifluoperazine);ERG11_ORM2(noDrug);ERG27_ACF2(5-FC);ERV25_UIP4(5-FC);ERV25_UIP4(Trifluoperazine);ERV25_UIP4(noDrug);FMP45_MEP1(5-FC);FMP45_MID2(5-FC);HNM1_ERG11(noDrug);HNM1_MID2(noDrug);HUG1_ALO1(5-FC);MID2_MAM33(Trifluoperazine);MID2_MAM33(noDrug);MID2_PIN2(Trifluoperazine);PLM2_HNM1(5-FC);PMC1_CTR2(5-FC);PMC1_CTR2(noDrug);PMC1_GTR2(5-FC);PMC1_GTR2(Fluconazole);PMC1_GTR2(Metformin);PMC1_GTR2(Trifluoperazine);PMC1_GTR2(noDrug);SNA4_GTR2(5-FC);SSH1_ERV25(noDrug);TPO1_MID2(5-FC);TPO1_MID2(Trifluoperazine);TPO1_MID2(noDrug);TPO1_TCB2(5-FC);TPO1_TCB2(Fluconazole);TPO1_TCB2(Trifluoperazine);TPO1_TCB2(noDrug);TPO1_TPO2(5-FC);TPO1_TPO2(Trifluoperazine);TPO1_TPO2(noDrug),,,piQTL_only
chr16:858824,ERG11_ACF2,5-FC,0.57794965,ADE17_PGM2(Fluconazole);ALO1_UIP4(Trifluoperazine);ALO1_UIP4(noDrug);ERG11_ACF2(5-FC);ERG11_ORM2(5-FC);ERG11_ORM2(Trifluoperazine);ERG11_ORM2(noDrug);ERG27_ACF2(5-FC);ERV25_UIP4(5-FC);ERV25_UIP4(Trifluoperazine);ERV25_UIP4(noDrug);FMP45_MEP1(5-FC);FMP45_MID2(5-FC);HNM1_ERG11(noDrug);HNM1_MID2(noDrug);HUG1_ALO1(5-FC);MID2_MAM33(Trifluoperazine);MID2_MAM33(noDrug);MID2_PIN2(Trifluoperazine);PLM2_HNM1(5-FC);PMC1_CTR2(5-FC);PMC1_CTR2(noDrug);PMC1_GTR2(5-FC);PMC1_GTR2(Fluconazole);PMC1_GTR2(Metformin);PMC1_GTR2(Trifluoperazine);PMC1_GTR2(noDrug);SNA4_GTR2(5-FC);SSH1_ERV25(noDrug);TPO1_MID2(5-FC);TPO1_MID2(Trifluoperazine);TPO1_MID2(noDrug);TPO1_TCB2(5-FC);TPO1_TCB2(Fluconazole);TPO1_TCB2(Trifluoperazine);TPO1_TCB2(noDrug);TPO1_TPO2(5-FC);TPO1_TPO2(Trifluoperazine);TPO1_TPO2(noDrug),,,piQTL_only
chr16:857866,ERG11_ERG5,Fluconazole,0.425632944,ERG11_ERG5(Fluconazole),,,piQTL_only
chr16:858824,ERG11_ORM2,5-FC,0.566592565,ADE17_PGM2(Fluconazole);ALO1_UIP4(Trifluoperazine);ALO1_UIP4(noDrug);ERG11_ACF2(5-FC);ERG11_ORM2(5-FC);ERG11_ORM2(Trifluoperazine);ERG11_ORM2(noDrug);ERG27_ACF2(5-FC);ERV25_UIP4(5-FC);ERV25_UIP4(Trifluoperazine);ERV25_UIP4(noDrug);FMP45_MEP1(5-FC);FMP45_MID2(5-FC);HNM1_ERG11(noDrug);HNM1_MID2(noDrug);HUG1_ALO1(5-FC);MID2_MAM33(Trifluoperazine);MID2_MAM33(noDrug);MID2_PIN2(Trifluoperazine);PLM2_HNM1(5-FC);PMC1_CTR2(5-FC);PMC1_CTR2(noDrug);PMC1_GTR2(5-FC);PMC1_GTR2(Fluconazole);PMC1_GTR2(Metformin);PMC1_GTR2(Trifluoperazine);PMC1_GTR2(noDrug);SNA4_GTR2(5-FC);SSH1_ERV25(noDrug);TPO1_MID2(5-FC);TPO1_MID2(Trifluoperazine);TPO1_MID2(noDrug);TPO1_TCB2(5-FC);TPO1_TCB2(Fluconazole);TPO1_TCB2(Trifluoperazine);TPO1_TCB2(noDrug);TPO1_TPO2(5-FC);TPO1_TPO2(Trifluoperazine);TPO1_TPO2(noDrug),,,piQTL_only
chr16:858824,ERG11_ORM2,Trifluoperazine,0.539724324,ADE17_PGM2(Fluconazole);ALO1_UIP4(Trifluoperazine);ALO1_UIP4(noDrug);ERG11_ACF2(5-FC);ERG11_ORM2(5-FC);ERG11_ORM2(Trifluoperazine);ERG11_ORM2(noDrug);ERG27_ACF2(5-FC);ERV25_UIP4(5-FC);ERV25_UIP4(Trifluoperazine);ERV25_UIP4(noDrug);FMP45_MEP1(5-FC);FMP45_MID2(5-FC);HNM1_ERG11(noDrug);HNM1_MID2(noDrug);HUG1_ALO1(5-FC);MID2_MAM33(Trifluoperazine);MID2_MAM33(noDrug);MID2_PIN2(Trifluoperazine);PLM2_HNM1(5-FC);PMC1_CTR2(5-FC);PMC1_CTR2(noDrug);PMC1_GTR2(5-FC);PMC1_GTR2(Fluconazole);PMC1_GTR2(Metformin);PMC1_GTR2(Trifluoperazine);PMC1_GTR2(noDrug);SNA4_GTR2(5-FC);SSH1_ERV25(noDrug);TPO1_MID2(5-FC);TPO1_MID2(Trifluoperazine);TPO1_MID2(noDrug);TPO1_TCB2(5-FC);TPO1_TCB2(Fluconazole);TPO1_TCB2(Trifluoperazine);TPO1_TCB2(noDrug);TPO1_TPO2(5-FC);TPO1_TPO2(Trifluoperazine);TPO1_TPO2(noDrug),,,piQTL_only
chr16:858824,ERG11_ORM2,noDrug,0.571165712,ADE17_PGM2(Fluconazole);ALO1_UIP4(Trifluoperazine);ALO1_UIP4(noDrug);ERG11_ACF2(5-FC);ERG11_ORM2(5-FC);ERG11_ORM2(Trifluoperazine);ERG11_ORM2(noDrug);ERG27_ACF2(5-FC);ERV25_UIP4(5-FC);ERV25_UIP4(Trifluoperazine);ERV25_UIP4(noDrug);FMP45_MEP1(5-FC);FMP45_MID2(5-FC);HNM1_ERG11(noDrug);HNM1_MID2(noDrug);HUG1_ALO1(5-FC);MID2_MAM33(Trifluoperazine);MID2_MAM33(noDrug);MID2_PIN2(Trifluoperazine);PLM2_HNM1(5-FC);PMC1_CTR2(5-FC);PMC1_CTR2(noDrug);PMC1_GTR2(5-FC);PMC1_GTR2(Fluconazole);PMC1_GTR2(Metformin);PMC1_GTR2(Trifluoperazine);PMC1_GTR2(noDrug);SNA4_GTR2(5-FC);SSH1_ERV25(noDrug);TPO1_MID2(5-FC);TPO1_MID2(Trifluoperazine);TPO1_MID2(noDrug);TPO1_TCB2(5-FC);TPO1_TCB2(Fluconazole);TPO1_TCB2(Trifluoperazine);TPO1_TCB2(noDrug);TPO1_TPO2(5-FC);TPO1_TPO2(Trifluoperazine);TPO1_TPO2(noDrug),,,piQTL_only
chr16:858824,ERG27_ACF2,5-FC,0.57734552,ADE17_PGM2(Fluconazole);ALO1_UIP4(Trifluoperazine);ALO1_UIP4(noDrug);ERG11_ACF2(5-FC);ERG11_ORM2(5-FC);ERG11_ORM2(Trifluoperazine);ERG11_ORM2(noDrug);ERG27_ACF2(5-FC);ERV25_UIP4(5-FC);ERV25_UIP4(Trifluoperazine);ERV25_UIP4(noDrug);FMP45_MEP1(5-FC);FMP45_MID2(5-FC);HNM1_ERG11(noDrug);HNM1_MID2(noDrug);HUG1_ALO1(5-FC);MID2_MAM33(Trifluoperazine);MID2_MAM33(noDrug);MID2_PIN2(Trifluoperazine);PLM2_HNM1(5-FC);PMC1_CTR2(5-FC);PMC1_CTR2(noDrug);PMC1_GTR2(5-FC);PMC1_GTR2(Fluconazole);PMC1_GTR2(Metformin);PMC1_GTR2(Trifluoperazine);PMC1_GTR2(noDrug);SNA4_GTR2(5-FC);SSH1_ERV25(noDrug);TPO1_MID2(5-FC);TPO1_MID2(Trifluoperazine);TPO1_MID2(noDrug);TPO1_TCB2(5-FC);TPO1_TCB2(Fluconazole);TPO1_TCB2(Trifluoperazine);TPO1_TCB2(noDrug);TPO1_TPO2(5-FC);TPO1_TPO2(Trifluoperazine);TPO1_TPO2(noDrug),,,piQTL_only
chr16:859747,ERG27_ACF2,noDrug,0.631895233,ALO1_HYR1(5-FC);ALO1_HYR1(noDrug);ERG27_ACF2(noDrug);HNM1_ERG11(5-FC);HNM1_ERG11(Trifluoperazine);HNM1_TPO4(5-FC);HNM1_TPO4(noDrug);HUG1_ALO1(noDrug);MID2_PIN2(Fluconazole);MID2_RSN1(noDrug);MID2_TPO2(Fluconazole);MID2_TPO2(noDrug);PLM2_HNM1(Fluconazole);PLM2_HNM1(Metformin);PLM2_HNM1(noDrug);PMC1_CTR2(Fluconazole);SRO9_DHH1(5-FC);SRO9_DHH1(Fluconazole);SRO9_DHH1(noDrug),,GDH1; URE1,pQTL_only
chr16:858824,ERV25_UIP4,5-FC,0.755511415,ADE17_PGM2(Fluconazole);ALO1_UIP4(Trifluoperazine);ALO1_UIP4(noDrug);ERG11_ACF2(5-FC);ERG11_ORM2(5-FC);ERG11_ORM2(Trifluoperazine);ERG11_ORM2(noDrug);ERG27_ACF2(5-FC);ERV25_UIP4(5-FC);ERV25_UIP4(Trifluoperazine);ERV25_UIP4(noDrug);FMP45_MEP1(5-FC);FMP45_MID2(5-FC);HNM1_ERG11(noDrug);HNM1_MID2(noDrug);HUG1_ALO1(5-FC);MID2_MAM33(Trifluoperazine);MID2_MAM33(noDrug);MID2_PIN2(Trifluoperazine);PLM2_HNM1(5-FC);PMC1_CTR2(5-FC);PMC1_CTR2(noDrug);PMC1_GTR2(5-FC);PMC1_GTR2(Fluconazole);PMC1_GTR2(Metformin);PMC1_GTR2(Trifluoperazine);PMC1_GTR2(noDrug);SNA4_GTR2(5-FC);SSH1_ERV25(noDrug);TPO1_MID2(5-FC);TPO1_MID2(Trifluoperazine);TPO1_MID2(noDrug);TPO1_TCB2(5-FC);TPO1_TCB2(Fluconazole);TPO1_TCB2(Trifluoperazine);TPO1_TCB2(noDrug);TPO1_TPO2(5-FC);TPO1_TPO2(Trifluoperazine);TPO1_TPO2(noDrug),,,piQTL_only
chr16:858824,ERV25_UIP4,Trifluoperazine,0.597855781,ADE17_PGM2(Fluconazole);ALO1_UIP4(Trifluoperazine);ALO1_UIP4(noDrug);ERG11_ACF2(5-FC);ERG11_ORM2(5-FC);ERG11_ORM2(Trifluoperazine);ERG11_ORM2(noDrug);ERG27_ACF2(5-FC);ERV25_UIP4(5-FC);ERV25_UIP4(Trifluoperazine);ERV25_UIP4(noDrug);FMP45_MEP1(5-FC);FMP45_MID2(5-FC);HNM1_ERG11(noDrug);HNM1_MID2(noDrug);HUG1_ALO1(5-FC);MID2_MAM33(Trifluoperazine);MID2_MAM33(noDrug);MID2_PIN2(Trifluoperazine);PLM2_HNM1(5-FC);PMC1_CTR2(5-FC);PMC1_CTR2(noDrug);PMC1_GTR2(5-FC);PMC1_GTR2(Fluconazole);PMC1_GTR2(Metformin);PMC1_GTR2(Trifluoperazine);PMC1_GTR2(noDrug);SNA4_GTR2(5-FC);SSH1_ERV25(noDrug);TPO1_MID2(5-FC);TPO1_MID2(Trifluoperazine);TPO1_MID2(noDrug);TPO1_TCB2(5-FC);TPO1_TCB2(Fluconazole);TPO1_TCB2(Trifluoperazine);TPO1_TCB2(noDrug);TPO1_TPO2(5-FC);TPO1_TPO2(Trifluoperazine);TPO1_TPO2(noDrug),,,piQTL_only
chr16:858824,ERV25_UIP4,noDrug,0.656532189,ADE17_PGM2(Fluconazole);ALO1_UIP4(Trifluoperazine);ALO1_UIP4(noDrug);ERG11_ACF2(5-FC);ERG11_ORM2(5-FC);ERG11_ORM2(Trifluoperazine);ERG11_ORM2(noDrug);ERG27_ACF2(5-FC);ERV25_UIP4(5-FC);ERV25_UIP4(Trifluoperazine);ERV25_UIP4(noDrug);FMP45_MEP1(5-FC);FMP45_MID2(5-FC);HNM1_ERG11(noDrug);HNM1_MID2(noDrug);HUG1_ALO1(5-FC);MID2_MAM33(Trifluoperazine);MID2_MAM33(noDrug);MID2_PIN2(Trifluoperazine);PLM2_HNM1(5-FC);PMC1_CTR2(5-FC);PMC1_CTR2(noDrug);PMC1_GTR2(5-FC);PMC1_GTR2(Fluconazole);PMC1_GTR2(Metformin);PMC1_GTR2(Trifluoperazine);PMC1_GTR2(noDrug);SNA4_GTR2(5-FC);SSH1_ERV25(noDrug);TPO1_MID2(5-FC);TPO1_MID2(Trifluoperazine);TPO1_MID2(noDrug);TPO1_TCB2(5-FC);TPO1_TCB2(Fluconazole);TPO1_TCB2(Trifluoperazine);TPO1_TCB2(noDrug);TPO1_TPO2(5-FC);TPO1_TPO2(Trifluoperazine);TPO1_TPO2(noDrug),,,piQTL_only
chr16:858824,FMP45_MEP1,5-FC,0.733608206,ADE17_PGM2(Fluconazole);ALO1_UIP4(Trifluoperazine);ALO1_UIP4(noDrug);ERG11_ACF2(5-FC);ERG11_ORM2(5-FC);ERG11_ORM2(Trifluoperazine);ERG11_ORM2(noDrug);ERG27_ACF2(5-FC);ERV25_UIP4(5-FC);ERV25_UIP4(Trifluoperazine);ERV25_UIP4(noDrug);FMP45_MEP1(5-FC);FMP45_MID2(5-FC);HNM1_ERG11(noDrug);HNM1_MID2(noDrug);HUG1_ALO1(5-FC);MID2_MAM33(Trifluoperazine);MID2_MAM33(noDrug);MID2_PIN2(Trifluoperazine);PLM2_HNM1(5-FC);PMC1_CTR2(5-FC);PMC1_CTR2(noDrug);PMC1_GTR2(5-FC);PMC1_GTR2(Fluconazole);PMC1_GTR2(Metformin);PMC1_GTR2(Trifluoperazine);PMC1_GTR2(noDrug);SNA4_GTR2(5-FC);SSH1_ERV25(noDrug);TPO1_MID2(5-FC);TPO1_MID2(Trifluoperazine);TPO1_MID2(noDrug);TPO1_TCB2(5-FC);TPO1_TCB2(Fluconazole);TPO1_TCB2(Trifluoperazine);TPO1_TCB2(noDrug);TPO1_TPO2(5-FC);TPO1_TPO2(Trifluoperazine);TPO1_TPO2(noDrug),,,piQTL_only
chr16:858824,FMP45_MID2,5-FC,0.593536576,ADE17_PGM2(Fluconazole);ALO1_UIP4(Trifluoperazine);ALO1_UIP4(noDrug);ERG11_ACF2(5-FC);ERG11_ORM2(5-FC);ERG11_ORM2(Trifluoperazine);ERG11_ORM2(noDrug);ERG27_ACF2(5-FC);ERV25_UIP4(5-FC);ERV25_UIP4(Trifluoperazine);ERV25_UIP4(noDrug);FMP45_MEP1(5-FC);FMP45_MID2(5-FC);HNM1_ERG11(noDrug);HNM1_MID2(noDrug);HUG1_ALO1(5-FC);MID2_MAM33(Trifluoperazine);MID2_MAM33(noDrug);MID2_PIN2(Trifluoperazine);PLM2_HNM1(5-FC);PMC1_CTR2(5-FC);PMC1_CTR2(noDrug);PMC1_GTR2(5-FC);PMC1_GTR2(Fluconazole);PMC1_GTR2(Metformin);PMC1_GTR2(Trifluoperazine);PMC1_GTR2(noDrug);SNA4_GTR2(5-FC);SSH1_ERV25(noDrug);TPO1_MID2(5-FC);TPO1_MID2(Trifluoperazine);TPO1_MID2(noDrug);TPO1_TCB2(5-FC);TPO1_TCB2(Fluconazole);TPO1_TCB2(Trifluoperazine);TPO1_TCB2(noDrug);TPO1_TPO2(5-FC);TPO1_TPO2(Trifluoperazine);TPO1_TPO2(noDrug),,,piQTL_only
chr16:859747,HNM1_ERG11,5-FC,0.650872451,ALO1_HYR1(5-FC);ALO1_HYR1(noDrug);ERG27_ACF2(noDrug);HNM1_ERG11(5-FC);HNM1_ERG11(Trifluoperazine);HNM1_TPO4(5-FC);HNM1_TPO4(noDrug);HUG1_ALO1(noDrug);MID2_PIN2(Fluconazole);MID2_RSN1(noDrug);MID2_TPO2(Fluconazole);MID2_TPO2(noDrug);PLM2_HNM1(Fluconazole);PLM2_HNM1(Metformin);PLM2_HNM1(noDrug);PMC1_CTR2(Fluconazole);SRO9_DHH1(5-FC);SRO9_DHH1(Fluconazole);SRO9_DHH1(noDrug),,GDH1; URE1,pQTL_only
chr16:859747,HNM1_ERG11,Trifluoperazine,0.613976184,ALO1_HYR1(5-FC);ALO1_HYR1(noDrug);ERG27_ACF2(noDrug);HNM1_ERG11(5-FC);HNM1_ERG11(Trifluoperazine);HNM1_TPO4(5-FC);HNM1_TPO4(noDrug);HUG1_ALO1(noDrug);MID2_PIN2(Fluconazole);MID2_RSN1(noDrug);MID2_TPO2(Fluconazole);MID2_TPO2(noDrug);PLM2_HNM1(Fluconazole);PLM2_HNM1(Metformin);PLM2_HNM1(noDrug);PMC1_CTR2(Fluconazole);SRO9_DHH1(5-FC);SRO9_DHH1(Fluconazole);SRO9_DHH1(noDrug),,GDH1; URE1,pQTL_only
chr16:858824,HNM1_ERG11,noDrug,0.659066254,ADE17_PGM2(Fluconazole);ALO1_UIP4(Trifluoperazine);ALO1_UIP4(noDrug);ERG11_ACF2(5-FC);ERG11_ORM2(5-FC);ERG11_ORM2(Trifluoperazine);ERG11_ORM2(noDrug);ERG27_ACF2(5-FC);ERV25_UIP4(5-FC);ERV25_UIP4(Trifluoperazine);ERV25_UIP4(noDrug);FMP45_MEP1(5-FC);FMP45_MID2(5-FC);HNM1_ERG11(noDrug);HNM1_MID2(noDrug);HUG1_ALO1(5-FC);MID2_MAM33(Trifluoperazine);MID2_MAM33(noDrug);MID2_PIN2(Trifluoperazine);PLM2_HNM1(5-FC);PMC1_CTR2(5-FC);PMC1_CTR2(noDrug);PMC1_GTR2(5-FC);PMC1_GTR2(Fluconazole);PMC1_GTR2(Metformin);PMC1_GTR2(Trifluoperazine);PMC1_GTR2(noDrug);SNA4_GTR2(5-FC);SSH1_ERV25(noDrug);TPO1_MID2(5-FC);TPO1_MID2(Trifluoperazine);TPO1_MID2(noDrug);TPO1_TCB2(5-FC);TPO1_TCB2(Fluconazole);TPO1_TCB2(Trifluoperazine);TPO1_TCB2(noDrug);TPO1_TPO2(5-FC);TPO1_TPO2(Trifluoperazine);TPO1_TPO2(noDrug),,,piQTL_only
chr16:858824,HNM1_MID2,noDrug,0.579791634,ADE17_PGM2(Fluconazole);ALO1_UIP4(Trifluoperazine);ALO1_UIP4(noDrug);ERG11_ACF2(5-FC);ERG11_ORM2(5-FC);ERG11_ORM2(Trifluoperazine);ERG11_ORM2(noDrug);ERG27_ACF2(5-FC);ERV25_UIP4(5-FC);ERV25_UIP4(Trifluoperazine);ERV25_UIP4(noDrug);FMP45_MEP1(5-FC);FMP45_MID2(5-FC);HNM1_ERG11(noDrug);HNM1_MID2(noDrug);HUG1_ALO1(5-FC);MID2_MAM33(Trifluoperazine);MID2_MAM33(noDrug);MID2_PIN2(Trifluoperazine);PLM2_HNM1(5-FC);PMC1_CTR2(5-FC);PMC1_CTR2(noDrug);PMC1_GTR2(5-FC);PMC1_GTR2(Fluconazole);PMC1_GTR2(Metformin);PMC1_GTR2(Trifluoperazine);PMC1_GTR2(noDrug);SNA4_GTR2(5-FC);SSH1_ERV25(noDrug);TPO1_MID2(5-FC);TPO1_MID2(Trifluoperazine);TPO1_MID2(noDrug);TPO1_TCB2(5-FC);TPO1_TCB2(Fluconazole);TPO1_TCB2(Trifluoperazine);TPO1_TCB2(noDrug);TPO1_TPO2(5-FC);TPO1_TPO2(Trifluoperazine);TPO1_TPO2(noDrug),,,piQTL_only
chr16:859747,HNM1_TPO4,5-FC,0.554005799,ALO1_HYR1(5-FC);ALO1_HYR1(noDrug);ERG27_ACF2(noDrug);HNM1_ERG11(5-FC);HNM1_ERG11(Trifluoperazine);HNM1_TPO4(5-FC);HNM1_TPO4(noDrug);HUG1_ALO1(noDrug);MID2_PIN2(Fluconazole);MID2_RSN1(noDrug);MID2_TPO2(Fluconazole);MID2_TPO2(noDrug);PLM2_HNM1(Fluconazole);PLM2_HNM1(Metformin);PLM2_HNM1(noDrug);PMC1_CTR2(Fluconazole);SRO9_DHH1(5-FC);SRO9_DHH1(Fluconazole);SRO9_DHH1(noDrug),,GDH1; URE1,pQTL_only
chr16:859747,HNM1_TPO4,noDrug,0.594163026,ALO1_HYR1(5-FC);ALO1_HYR1(noDrug);ERG27_ACF2(noDrug);HNM1_ERG11(5-FC);HNM1_ERG11(Trifluoperazine);HNM1_TPO4(5-FC);HNM1_TPO4(noDrug);HUG1_ALO1(noDrug);MID2_PIN2(Fluconazole);MID2_RSN1(noDrug);MID2_TPO2(Fluconazole);MID2_TPO2(noDrug);PLM2_HNM1(Fluconazole);PLM2_HNM1(Metformin);PLM2_HNM1(noDrug);PMC1_CTR2(Fluconazole);SRO9_DHH1(5-FC);SRO9_DHH1(Fluconazole);SRO9_DHH1(noDrug),,GDH1; URE1,pQTL_only
chr16:858824,HUG1_ALO1,5-FC,0.723604089,ADE17_PGM2(Fluconazole);ALO1_UIP4(Trifluoperazine);ALO1_UIP4(noDrug);ERG11_ACF2(5-FC);ERG11_ORM2(5-FC);ERG11_ORM2(Trifluoperazine);ERG11_ORM2(noDrug);ERG27_ACF2(5-FC);ERV25_UIP4(5-FC);ERV25_UIP4(Trifluoperazine);ERV25_UIP4(noDrug);FMP45_MEP1(5-FC);FMP45_MID2(5-FC);HNM1_ERG11(noDrug);HNM1_MID2(noDrug);HUG1_ALO1(5-FC);MID2_MAM33(Trifluoperazine);MID2_MAM33(noDrug);MID2_PIN2(Trifluoperazine);PLM2_HNM1(5-FC);PMC1_CTR2(5-FC);PMC1_CTR2(noDrug);PMC1_GTR2(5-FC);PMC1_GTR2(Fluconazole);PMC1_GTR2(Metformin);PMC1_GTR2(Trifluoperazine);PMC1_GTR2(noDrug);SNA4_GTR2(5-FC);SSH1_ERV25(noDrug);TPO1_MID2(5-FC);TPO1_MID2(Trifluoperazine);TPO1_MID2(noDrug);TPO1_TCB2(5-FC);TPO1_TCB2(Fluconazole);TPO1_TCB2(Trifluoperazine);TPO1_TCB2(noDrug);TPO1_TPO2(5-FC);TPO1_TPO2(Trifluoperazine);TPO1_TPO2(noDrug),,,piQTL_only
chr16:859747,HUG1_ALO1,noDrug,0.696497203,ALO1_HYR1(5-FC);ALO1_HYR1(noDrug);ERG27_ACF2(noDrug);HNM1_ERG11(5-FC);HNM1_ERG11(Trifluoperazine);HNM1_TPO4(5-FC);HNM1_TPO4(noDrug);HUG1_ALO1(noDrug);MID2_PIN2(Fluconazole);MID2_RSN1(noDrug);MID2_TPO2(Fluconazole);MID2_TPO2(noDrug);PLM2_HNM1(Fluconazole);PLM2_HNM1(Metformin);PLM2_HNM1(noDrug);PMC1_CTR2(Fluconazole);SRO9_DHH1(5-FC);SRO9_DHH1(Fluconazole);SRO9_DHH1(noDrug),,GDH1; URE1,pQTL_only
chr16:858788,HUG1_PGM2,noDrug,0.681811535,ALO1_ADE17(Metformin);ALO1_ADE17(Trifluoperazine);ALO1_ADE17(noDrug);HUG1_PGM2(noDrug);SSH1_ERV25(Fluconazole),,,piQTL_only
chr16:858824,MID2_MAM33,Trifluoperazine,0.608543407,ADE17_PGM2(Fluconazole);ALO1_UIP4(Trifluoperazine);ALO1_UIP4(noDrug);ERG11_ACF2(5-FC);ERG11_ORM2(5-FC);ERG11_ORM2(Trifluoperazine);ERG11_ORM2(noDrug);ERG27_ACF2(5-FC);ERV25_UIP4(5-FC);ERV25_UIP4(Trifluoperazine);ERV25_UIP4(noDrug);FMP45_MEP1(5-FC);FMP45_MID2(5-FC);HNM1_ERG11(noDrug);HNM1_MID2(noDrug);HUG1_ALO1(5-FC);MID2_MAM33(Trifluoperazine);MID2_MAM33(noDrug);MID2_PIN2(Trifluoperazine);PLM2_HNM1(5-FC);PMC1_CTR2(5-FC);PMC1_CTR2(noDrug);PMC1_GTR2(5-FC);PMC1_GTR2(Fluconazole);PMC1_GTR2(Metformin);PMC1_GTR2(Trifluoperazine);PMC1_GTR2(noDrug);SNA4_GTR2(5-FC);SSH1_ERV25(noDrug);TPO1_MID2(5-FC);TPO1_MID2(Trifluoperazine);TPO1_MID2(noDrug);TPO1_TCB2(5-FC);TPO1_TCB2(Fluconazole);TPO1_TCB2(Trifluoperazine);TPO1_TCB2(noDrug);TPO1_TPO2(5-FC);TPO1_TPO2(Trifluoperazine);TPO1_TPO2(noDrug),,,piQTL_only
chr16:858824,MID2_MAM33,noDrug,0.703393014,ADE17_PGM2(Fluconazole);ALO1_UIP4(Trifluoperazine);ALO1_UIP4(noDrug);ERG11_ACF2(5-FC);ERG11_ORM2(5-FC);ERG11_ORM2(Trifluoperazine);ERG11_ORM2(noDrug);ERG27_ACF2(5-FC);ERV25_UIP4(5-FC);ERV25_UIP4(Trifluoperazine);ERV25_UIP4(noDrug);FMP45_MEP1(5-FC);FMP45_MID2(5-FC);HNM1_ERG11(noDrug);HNM1_MID2(noDrug);HUG1_ALO1(5-FC);MID2_MAM33(Trifluoperazine);MID2_MAM33(noDrug);MID2_PIN2(Trifluoperazine);PLM2_HNM1(5-FC);PMC1_CTR2(5-FC);PMC1_CTR2(noDrug);PMC1_GTR2(5-FC);PMC1_GTR2(Fluconazole);PMC1_GTR2(Metformin);PMC1_GTR2(Trifluoperazine);PMC1_GTR2(noDrug);SNA4_GTR2(5-FC);SSH1_ERV25(noDrug);TPO1_MID2(5-FC);TPO1_MID2(Trifluoperazine);TPO1_MID2(noDrug);TPO1_TCB2(5-FC);TPO1_TCB2(Fluconazole);TPO1_TCB2(Trifluoperazine);TPO1_TCB2(noDrug);TPO1_TPO2(5-FC);TPO1_TPO2(Trifluoperazine);TPO1_TPO2(noDrug),,,piQTL_only
chr16:859747,MID2_PIN2,Fluconazole,0.647336932,ALO1_HYR1(5-FC);ALO1_HYR1(noDrug);ERG27_ACF2(noDrug);HNM1_ERG11(5-FC);HNM1_ERG11(Trifluoperazine);HNM1_TPO4(5-FC);HNM1_TPO4(noDrug);HUG1_ALO1(noDrug);MID2_PIN2(Fluconazole);MID2_RSN1(noDrug);MID2_TPO2(Fluconazole);MID2_TPO2(noDrug);PLM2_HNM1(Fluconazole);PLM2_HNM1(Metformin);PLM2_HNM1(noDrug);PMC1_CTR2(Fluconazole);SRO9_DHH1(5-FC);SRO9_DHH1(Fluconazole);SRO9_DHH1(noDrug),,GDH1; URE1,pQTL_only
chr16:858824,MID2_PIN2,Trifluoperazine,0.511649288,ADE17_PGM2(Fluconazole);ALO1_UIP4(Trifluoperazine);ALO1_UIP4(noDrug);ERG11_ACF2(5-FC);ERG11_ORM2(5-FC);ERG11_ORM2(Trifluoperazine);ERG11_ORM2(noDrug);ERG27_ACF2(5-FC);ERV25_UIP4(5-FC);ERV25_UIP4(Trifluoperazine);ERV25_UIP4(noDrug);FMP45_MEP1(5-FC);FMP45_MID2(5-FC);HNM1_ERG11(noDrug);HNM1_MID2(noDrug);HUG1_ALO1(5-FC);MID2_MAM33(Trifluoperazine);MID2_MAM33(noDrug);MID2_PIN2(Trifluoperazine);PLM2_HNM1(5-FC);PMC1_CTR2(5-FC);PMC1_CTR2(noDrug);PMC1_GTR2(5-FC);PMC1_GTR2(Fluconazole);PMC1_GTR2(Metformin);PMC1_GTR2(Trifluoperazine);PMC1_GTR2(noDrug);SNA4_GTR2(5-FC);SSH1_ERV25(noDrug);TPO1_MID2(5-FC);TPO1_MID2(Trifluoperazine);TPO1_MID2(noDrug);TPO1_TCB2(5-FC);TPO1_TCB2(Fluconazole);TPO1_TCB2(Trifluoperazine);TPO1_TCB2(noDrug);TPO1_TPO2(5-FC);TPO1_TPO2(Trifluoperazine);TPO1_TPO2(noDrug),,,piQTL_only
chr16:859747,MID2_RSN1,noDrug,0.527952764,ALO1_HYR1(5-FC);ALO1_HYR1(noDrug);ERG27_ACF2(noDrug);HNM1_ERG11(5-FC);HNM1_ERG11(Trifluoperazine);HNM1_TPO4(5-FC);HNM1_TPO4(noDrug);HUG1_ALO1(noDrug);MID2_PIN2(Fluconazole);MID2_RSN1(noDrug);MID2_TPO2(Fluconazole);MID2_TPO2(noDrug);PLM2_HNM1(Fluconazole);PLM2_HNM1(Metformin);PLM2_HNM1(noDrug);PMC1_CTR2(Fluconazole);SRO9_DHH1(5-FC);SRO9_DHH1(Fluconazole);SRO9_DHH1(noDrug),,GDH1; URE1,pQTL_only
chr16:859747,MID2_TPO2,Fluconazole,0.657669408,ALO1_HYR1(5-FC);ALO1_HYR1(noDrug);ERG27_ACF2(noDrug);HNM1_ERG11(5-FC);HNM1_ERG11(Trifluoperazine);HNM1_TPO4(5-FC);HNM1_TPO4(noDrug);HUG1_ALO1(noDrug);MID2_PIN2(Fluconazole);MID2_RSN1(noDrug);MID2_TPO2(Fluconazole);MID2_TPO2(noDrug);PLM2_HNM1(Fluconazole);PLM2_HNM1(Metformin);PLM2_HNM1(noDrug);PMC1_CTR2(Fluconazole);SRO9_DHH1(5-FC);SRO9_DHH1(Fluconazole);SRO9_DHH1(noDrug),,GDH1; URE1,pQTL_only
chr16:859747,MID2_TPO2,noDrug,0.513969263,ALO1_HYR1(5-FC);ALO1_HYR1(noDrug);ERG27_ACF2(noDrug);HNM1_ERG11(5-FC);HNM1_ERG11(Trifluoperazine);HNM1_TPO4(5-FC);HNM1_TPO4(noDrug);HUG1_ALO1(noDrug);MID2_PIN2(Fluconazole);MID2_RSN1(noDrug);MID2_TPO2(Fluconazole);MID2_TPO2(noDrug);PLM2_HNM1(Fluconazole);PLM2_HNM1(Metformin);PLM2_HNM1(noDrug);PMC1_CTR2(Fluconazole);SRO9_DHH1(5-FC);SRO9_DHH1(Fluconazole);SRO9_DHH1(noDrug),,GDH1; URE1,pQTL_only
chr16:858824,PLM2_HNM1,5-FC,0.704384677,ADE17_PGM2(Fluconazole);ALO1_UIP4(Trifluoperazine);ALO1_UIP4(noDrug);ERG11_ACF2(5-FC);ERG11_ORM2(5-FC);ERG11_ORM2(Trifluoperazine);ERG11_ORM2(noDrug);ERG27_ACF2(5-FC);ERV25_UIP4(5-FC);ERV25_UIP4(Trifluoperazine);ERV25_UIP4(noDrug);FMP45_MEP1(5-FC);FMP45_MID2(5-FC);HNM1_ERG11(noDrug);HNM1_MID2(noDrug);HUG1_ALO1(5-FC);MID2_MAM33(Trifluoperazine);MID2_MAM33(noDrug);MID2_PIN2(Trifluoperazine);PLM2_HNM1(5-FC);PMC1_CTR2(5-FC);PMC1_CTR2(noDrug);PMC1_GTR2(5-FC);PMC1_GTR2(Fluconazole);PMC1_GTR2(Metformin);PMC1_GTR2(Trifluoperazine);PMC1_GTR2(noDrug);SNA4_GTR2(5-FC);SSH1_ERV25(noDrug);TPO1_MID2(5-FC);TPO1_MID2(Trifluoperazine);TPO1_MID2(noDrug);TPO1_TCB2(5-FC);TPO1_TCB2(Fluconazole);TPO1_TCB2(Trifluoperazine);TPO1_TCB2(noDrug);TPO1_TPO2(5-FC);TPO1_TPO2(Trifluoperazine);TPO1_TPO2(noDrug),,,piQTL_only
chr16:859747,PLM2_HNM1,Fluconazole,0.599733064,ALO1_HYR1(5-FC);ALO1_HYR1(noDrug);ERG27_ACF2(noDrug);HNM1_ERG11(5-FC);HNM1_ERG11(Trifluoperazine);HNM1_TPO4(5-FC);HNM1_TPO4(noDrug);HUG1_ALO1(noDrug);MID2_PIN2(Fluconazole);MID2_RSN1(noDrug);MID2_TPO2(Fluconazole);MID2_TPO2(noDrug);PLM2_HNM1(Fluconazole);PLM2_HNM1(Metformin);PLM2_HNM1(noDrug);PMC1_CTR2(Fluconazole);SRO9_DHH1(5-FC);SRO9_DHH1(Fluconazole);SRO9_DHH1(noDrug),,GDH1; URE1,pQTL_only
chr16:859747,PLM2_HNM1,Metformin,0.497968179,ALO1_HYR1(5-FC);ALO1_HYR1(noDrug);ERG27_ACF2(noDrug);HNM1_ERG11(5-FC);HNM1_ERG11(Trifluoperazine);HNM1_TPO4(5-FC);HNM1_TPO4(noDrug);HUG1_ALO1(noDrug);MID2_PIN2(Fluconazole);MID2_RSN1(noDrug);MID2_TPO2(Fluconazole);MID2_TPO2(noDrug);PLM2_HNM1(Fluconazole);PLM2_HNM1(Metformin);PLM2_HNM1(noDrug);PMC1_CTR2(Fluconazole);SRO9_DHH1(5-FC);SRO9_DHH1(Fluconazole);SRO9_DHH1(noDrug),,GDH1; URE1,pQTL_only
chr16:859747,PLM2_HNM1,noDrug,0.756743859,ALO1_HYR1(5-FC);ALO1_HYR1(noDrug);ERG27_ACF2(noDrug);HNM1_ERG11(5-FC);HNM1_ERG11(Trifluoperazine);HNM1_TPO4(5-FC);HNM1_TPO4(noDrug);HUG1_ALO1(noDrug);MID2_PIN2(Fluconazole);MID2_RSN1(noDrug);MID2_TPO2(Fluconazole);MID2_TPO2(noDrug);PLM2_HNM1(Fluconazole);PLM2_HNM1(Metformin);PLM2_HNM1(noDrug);PMC1_CTR2(Fluconazole);SRO9_DHH1(5-FC);SRO9_DHH1(Fluconazole);SRO9_DHH1(noDrug),,GDH1; URE1,pQTL_only
chr16:858824,PMC1_CTR2,5-FC,0.785257889,ADE17_PGM2(Fluconazole);ALO1_UIP4(Trifluoperazine);ALO1_UIP4(noDrug);ERG11_ACF2(5-FC);ERG11_ORM2(5-FC);ERG11_ORM2(Trifluoperazine);ERG11_ORM2(noDrug);ERG27_ACF2(5-FC);ERV25_UIP4(5-FC);ERV25_UIP4(Trifluoperazine);ERV25_UIP4(noDrug);FMP45_MEP1(5-FC);FMP45_MID2(5-FC);HNM1_ERG11(noDrug);HNM1_MID2(noDrug);HUG1_ALO1(5-FC);MID2_MAM33(Trifluoperazine);MID2_MAM33(noDrug);MID2_PIN2(Trifluoperazine);PLM2_HNM1(5-FC);PMC1_CTR2(5-FC);PMC1_CTR2(noDrug);PMC1_GTR2(5-FC);PMC1_GTR2(Fluconazole);PMC1_GTR2(Metformin);PMC1_GTR2(Trifluoperazine);PMC1_GTR2(noDrug);SNA4_GTR2(5-FC);SSH1_ERV25(noDrug);TPO1_MID2(5-FC);TPO1_MID2(Trifluoperazine);TPO1_MID2(noDrug);TPO1_TCB2(5-FC);TPO1_TCB2(Fluconazole);TPO1_TCB2(Trifluoperazine);TPO1_TCB2(noDrug);TPO1_TPO2(5-FC);TPO1_TPO2(Trifluoperazine);TPO1_TPO2(noDrug),,,piQTL_only
chr16:859747,PMC1_CTR2,Fluconazole,0.602181,ALO1_HYR1(5-FC);ALO1_HYR1(noDrug);ERG27_ACF2(noDrug);HNM1_ERG11(5-FC);HNM1_ERG11(Trifluoperazine);HNM1_TPO4(5-FC);HNM1_TPO4(noDrug);HUG1_ALO1(noDrug);MID2_PIN2(Fluconazole);MID2_RSN1(noDrug);MID2_TPO2(Fluconazole);MID2_TPO2(noDrug);PLM2_HNM1(Fluconazole);PLM2_HNM1(Metformin);PLM2_HNM1(noDrug);PMC1_CTR2(Fluconazole);SRO9_DHH1(5-FC);SRO9_DHH1(Fluconazole);SRO9_DHH1(noDrug),,GDH1; URE1,pQTL_only
chr16:858824,PMC1_CTR2,noDrug,0.662390707,ADE17_PGM2(Fluconazole);ALO1_UIP4(Trifluoperazine);ALO1_UIP4(noDrug);ERG11_ACF2(5-FC);ERG11_ORM2(5-FC);ERG11_ORM2(Trifluoperazine);ERG11_ORM2(noDrug);ERG27_ACF2(5-FC);ERV25_UIP4(5-FC);ERV25_UIP4(Trifluoperazine);ERV25_UIP4(noDrug);FMP45_MEP1(5-FC);FMP45_MID2(5-FC);HNM1_ERG11(noDrug);HNM1_MID2(noDrug);HUG1_ALO1(5-FC);MID2_MAM33(Trifluoperazine);MID2_MAM33(noDrug);MID2_PIN2(Trifluoperazine);PLM2_HNM1(5-FC);PMC1_CTR2(5-FC);PMC1_CTR2(noDrug);PMC1_GTR2(5-FC);PMC1_GTR2(Fluconazole);PMC1_GTR2(Metformin);PMC1_GTR2(Trifluoperazine);PMC1_GTR2(noDrug);SNA4_GTR2(5-FC);SSH1_ERV25(noDrug);TPO1_MID2(5-FC);TPO1_MID2(Trifluoperazine);TPO1_MID2(noDrug);TPO1_TCB2(5-FC);TPO1_TCB2(Fluconazole);TPO1_TCB2(Trifluoperazine);TPO1_TCB2(noDrug);TPO1_TPO2(5-FC);TPO1_TPO2(Trifluoperazine);TPO1_TPO2(noDrug),,,piQTL_only
chr16:858824,PMC1_GTR2,5-FC,0.775841153,ADE17_PGM2(Fluconazole);ALO1_UIP4(Trifluoperazine);ALO1_UIP4(noDrug);ERG11_ACF2(5-FC);ERG11_ORM2(5-FC);ERG11_ORM2(Trifluoperazine);ERG11_ORM2(noDrug);ERG27_ACF2(5-FC);ERV25_UIP4(5-FC);ERV25_UIP4(Trifluoperazine);ERV25_UIP4(noDrug);FMP45_MEP1(5-FC);FMP45_MID2(5-FC);HNM1_ERG11(noDrug);HNM1_MID2(noDrug);HUG1_ALO1(5-FC);MID2_MAM33(Trifluoperazine);MID2_MAM33(noDrug);MID2_PIN2(Trifluoperazine);PLM2_HNM1(5-FC);PMC1_CTR2(5-FC);PMC1_CTR2(noDrug);PMC1_GTR2(5-FC);PMC1_GTR2(Fluconazole);PMC1_GTR2(Metformin);PMC1_GTR2(Trifluoperazine);PMC1_GTR2(noDrug);SNA4_GTR2(5-FC);SSH1_ERV25(noDrug);TPO1_MID2(5-FC);TPO1_MID2(Trifluoperazine);TPO1_MID2(noDrug);TPO1_TCB2(5-FC);TPO1_TCB2(Fluconazole);TPO1_TCB2(Trifluoperazine);TPO1_TCB2(noDrug);TPO1_TPO2(5-FC);TPO1_TPO2(Trifluoperazine);TPO1_TPO2(noDrug),,,piQTL_only
chr16:858824,PMC1_GTR2,Fluconazole,0.715060675,ADE17_PGM2(Fluconazole);ALO1_UIP4(Trifluoperazine);ALO1_UIP4(noDrug);ERG11_ACF2(5-FC);ERG11_ORM2(5-FC);ERG11_ORM2(Trifluoperazine);ERG11_ORM2(noDrug);ERG27_ACF2(5-FC);ERV25_UIP4(5-FC);ERV25_UIP4(Trifluoperazine);ERV25_UIP4(noDrug);FMP45_MEP1(5-FC);FMP45_MID2(5-FC);HNM1_ERG11(noDrug);HNM1_MID2(noDrug);HUG1_ALO1(5-FC);MID2_MAM33(Trifluoperazine);MID2_MAM33(noDrug);MID2_PIN2(Trifluoperazine);PLM2_HNM1(5-FC);PMC1_CTR2(5-FC);PMC1_CTR2(noDrug);PMC1_GTR2(5-FC);PMC1_GTR2(Fluconazole);PMC1_GTR2(Metformin);PMC1_GTR2(Trifluoperazine);PMC1_GTR2(noDrug);SNA4_GTR2(5-FC);SSH1_ERV25(noDrug);TPO1_MID2(5-FC);TPO1_MID2(Trifluoperazine);TPO1_MID2(noDrug);TPO1_TCB2(5-FC);TPO1_TCB2(Fluconazole);TPO1_TCB2(Trifluoperazine);TPO1_TCB2(noDrug);TPO1_TPO2(5-FC);TPO1_TPO2(Trifluoperazine);TPO1_TPO2(noDrug),,,piQTL_only
chr16:858824,PMC1_GTR2,Metformin,0.506933477,ADE17_PGM2(Fluconazole);ALO1_UIP4(Trifluoperazine);ALO1_UIP4(noDrug);ERG11_ACF2(5-FC);ERG11_ORM2(5-FC);ERG11_ORM2(Trifluoperazine);ERG11_ORM2(noDrug);ERG27_ACF2(5-FC);ERV25_UIP4(5-FC);ERV25_UIP4(Trifluoperazine);ERV25_UIP4(noDrug);FMP45_MEP1(5-FC);FMP45_MID2(5-FC);HNM1_ERG11(noDrug);HNM1_MID2(noDrug);HUG1_ALO1(5-FC);MID2_MAM33(Trifluoperazine);MID2_MAM33(noDrug);MID2_PIN2(Trifluoperazine);PLM2_HNM1(5-FC);PMC1_CTR2(5-FC);PMC1_CTR2(noDrug);PMC1_GTR2(5-FC);PMC1_GTR2(Fluconazole);PMC1_GTR2(Metformin);PMC1_GTR2(Trifluoperazine);PMC1_GTR2(noDrug);SNA4_GTR2(5-FC);SSH1_ERV25(noDrug);TPO1_MID2(5-FC);TPO1_MID2(Trifluoperazine);TPO1_MID2(noDrug);TPO1_TCB2(5-FC);TPO1_TCB2(Fluconazole);TPO1_TCB2(Trifluoperazine);TPO1_TCB2(noDrug);TPO1_TPO2(5-FC);TPO1_TPO2(Trifluoperazine);TPO1_TPO2(noDrug),,,piQTL_only
chr16:858824,PMC1_GTR2,Trifluoperazine,0.792951389,ADE17_PGM2(Fluconazole);ALO1_UIP4(Trifluoperazine);ALO1_UIP4(noDrug);ERG11_ACF2(5-FC);ERG11_ORM2(5-FC);ERG11_ORM2(Trifluoperazine);ERG11_ORM2(noDrug);ERG27_ACF2(5-FC);ERV25_UIP4(5-FC);ERV25_UIP4(Trifluoperazine);ERV25_UIP4(noDrug);FMP45_MEP1(5-FC);FMP45_MID2(5-FC);HNM1_ERG11(noDrug);HNM1_MID2(noDrug);HUG1_ALO1(5-FC);MID2_MAM33(Trifluoperazine);MID2_MAM33(noDrug);MID2_PIN2(Trifluoperazine);PLM2_HNM1(5-FC);PMC1_CTR2(5-FC);PMC1_CTR2(noDrug);PMC1_GTR2(5-FC);PMC1_GTR2(Fluconazole);PMC1_GTR2(Metformin);PMC1_GTR2(Trifluoperazine);PMC1_GTR2(noDrug);SNA4_GTR2(5-FC);SSH1_ERV25(noDrug);TPO1_MID2(5-FC);TPO1_MID2(Trifluoperazine);TPO1_MID2(noDrug);TPO1_TCB2(5-FC);TPO1_TCB2(Fluconazole);TPO1_TCB2(Trifluoperazine);TPO1_TCB2(noDrug);TPO1_TPO2(5-FC);TPO1_TPO2(Trifluoperazine);TPO1_TPO2(noDrug),,,piQTL_only
chr16:858824,PMC1_GTR2,noDrug,0.735850751,ADE17_PGM2(Fluconazole);ALO1_UIP4(Trifluoperazine);ALO1_UIP4(noDrug);ERG11_ACF2(5-FC);ERG11_ORM2(5-FC);ERG11_ORM2(Trifluoperazine);ERG11_ORM2(noDrug);ERG27_ACF2(5-FC);ERV25_UIP4(5-FC);ERV25_UIP4(Trifluoperazine);ERV25_UIP4(noDrug);FMP45_MEP1(5-FC);FMP45_MID2(5-FC);HNM1_ERG11(noDrug);HNM1_MID2(noDrug);HUG1_ALO1(5-FC);MID2_MAM33(Trifluoperazine);MID2_MAM33(noDrug);MID2_PIN2(Trifluoperazine);PLM2_HNM1(5-FC);PMC1_CTR2(5-FC);PMC1_CTR2(noDrug);PMC1_GTR2(5-FC);PMC1_GTR2(Fluconazole);PMC1_GTR2(Metformin);PMC1_GTR2(Trifluoperazine);PMC1_GTR2(noDrug);SNA4_GTR2(5-FC);SSH1_ERV25(noDrug);TPO1_MID2(5-FC);TPO1_MID2(Trifluoperazine);TPO1_MID2(noDrug);TPO1_TCB2(5-FC);TPO1_TCB2(Fluconazole);TPO1_TCB2(Trifluoperazine);TPO1_TCB2(noDrug);TPO1_TPO2(5-FC);TPO1_TPO2(Trifluoperazine);TPO1_TPO2(noDrug),,,piQTL_only
chr16:858824,SNA4_GTR2,5-FC,0.510034512,ADE17_PGM2(Fluconazole);ALO1_UIP4(Trifluoperazine);ALO1_UIP4(noDrug);ERG11_ACF2(5-FC);ERG11_ORM2(5-FC);ERG11_ORM2(Trifluoperazine);ERG11_ORM2(noDrug);ERG27_ACF2(5-FC);ERV25_UIP4(5-FC);ERV25_UIP4(Trifluoperazine);ERV25_UIP4(noDrug);FMP45_MEP1(5-FC);FMP45_MID2(5-FC);HNM1_ERG11(noDrug);HNM1_MID2(noDrug);HUG1_ALO1(5-FC);MID2_MAM33(Trifluoperazine);MID2_MAM33(noDrug);MID2_PIN2(Trifluoperazine);PLM2_HNM1(5-FC);PMC1_CTR2(5-FC);PMC1_CTR2(noDrug);PMC1_GTR2(5-FC);PMC1_GTR2(Fluconazole);PMC1_GTR2(Metformin);PMC1_GTR2(Trifluoperazine);PMC1_GTR2(noDrug);SNA4_GTR2(5-FC);SSH1_ERV25(noDrug);TPO1_MID2(5-FC);TPO1_MID2(Trifluoperazine);TPO1_MID2(noDrug);TPO1_TCB2(5-FC);TPO1_TCB2(Fluconazole);TPO1_TCB2(Trifluoperazine);TPO1_TCB2(noDrug);TPO1_TPO2(5-FC);TPO1_TPO2(Trifluoperazine);TPO1_TPO2(noDrug),,,piQTL_only
chr16:859747,SRO9_DHH1,5-FC,0.611387033,ALO1_HYR1(5-FC);ALO1_HYR1(noDrug);ERG27_ACF2(noDrug);HNM1_ERG11(5-FC);HNM1_ERG11(Trifluoperazine);HNM1_TPO4(5-FC);HNM1_TPO4(noDrug);HUG1_ALO1(noDrug);MID2_PIN2(Fluconazole);MID2_RSN1(noDrug);MID2_TPO2(Fluconazole);MID2_TPO2(noDrug);PLM2_HNM1(Fluconazole);PLM2_HNM1(Metformin);PLM2_HNM1(noDrug);PMC1_CTR2(Fluconazole);SRO9_DHH1(5-FC);SRO9_DHH1(Fluconazole);SRO9_DHH1(noDrug),,GDH1; URE1,pQTL_only
chr16:859747,SRO9_DHH1,Fluconazole,0.631791953,ALO1_HYR1(5-FC);ALO1_HYR1(noDrug);ERG27_ACF2(noDrug);HNM1_ERG11(5-FC);HNM1_ERG11(Trifluoperazine);HNM1_TPO4(5-FC);HNM1_TPO4(noDrug);HUG1_ALO1(noDrug);MID2_PIN2(Fluconazole);MID2_RSN1(noDrug);MID2_TPO2(Fluconazole);MID2_TPO2(noDrug);PLM2_HNM1(Fluconazole);PLM2_HNM1(Metformin);PLM2_HNM1(noDrug);PMC1_CTR2(Fluconazole);SRO9_DHH1(5-FC);SRO9_DHH1(Fluconazole);SRO9_DHH1(noDrug),,GDH1; URE1,pQTL_only
chr16:859747,SRO9_DHH1,noDrug,0.619440551,ALO1_HYR1(5-FC);ALO1_HYR1(noDrug);ERG27_ACF2(noDrug);HNM1_ERG11(5-FC);HNM1_ERG11(Trifluoperazine);HNM1_TPO4(5-FC);HNM1_TPO4(noDrug);HUG1_ALO1(noDrug);MID2_PIN2(Fluconazole);MID2_RSN1(noDrug);MID2_TPO2(Fluconazole);MID2_TPO2(noDrug);PLM2_HNM1(Fluconazole);PLM2_HNM1(Metformin);PLM2_HNM1(noDrug);PMC1_CTR2(Fluconazole);SRO9_DHH1(5-FC);SRO9_DHH1(Fluconazole);SRO9_DHH1(noDrug),,GDH1; URE1,pQTL_only
chr16:858788,SSH1_ERV25,Fluconazole,0.642606292,ALO1_ADE17(Metformin);ALO1_ADE17(Trifluoperazine);ALO1_ADE17(noDrug);HUG1_PGM2(noDrug);SSH1_ERV25(Fluconazole),,,piQTL_only
chr16:858824,SSH1_ERV25,noDrug,0.634523853,ADE17_PGM2(Fluconazole);ALO1_UIP4(Trifluoperazine);ALO1_UIP4(noDrug);ERG11_ACF2(5-FC);ERG11_ORM2(5-FC);ERG11_ORM2(Trifluoperazine);ERG11_ORM2(noDrug);ERG27_ACF2(5-FC);ERV25_UIP4(5-FC);ERV25_UIP4(Trifluoperazine);ERV25_UIP4(noDrug);FMP45_MEP1(5-FC);FMP45_MID2(5-FC);HNM1_ERG11(noDrug);HNM1_MID2(noDrug);HUG1_ALO1(5-FC);MID2_MAM33(Trifluoperazine);MID2_MAM33(noDrug);MID2_PIN2(Trifluoperazine);PLM2_HNM1(5-FC);PMC1_CTR2(5-FC);PMC1_CTR2(noDrug);PMC1_GTR2(5-FC);PMC1_GTR2(Fluconazole);PMC1_GTR2(Metformin);PMC1_GTR2(Trifluoperazine);PMC1_GTR2(noDrug);SNA4_GTR2(5-FC);SSH1_ERV25(noDrug);TPO1_MID2(5-FC);TPO1_MID2(Trifluoperazine);TPO1_MID2(noDrug);TPO1_TCB2(5-FC);TPO1_TCB2(Fluconazole);TPO1_TCB2(Trifluoperazine);TPO1_TCB2(noDrug);TPO1_TPO2(5-FC);TPO1_TPO2(Trifluoperazine);TPO1_TPO2(noDrug),,,piQTL_only
chr16:858824,TPO1_MID2,5-FC,0.613146285,ADE17_PGM2(Fluconazole);ALO1_UIP4(Trifluoperazine);ALO1_UIP4(noDrug);ERG11_ACF2(5-FC);ERG11_ORM2(5-FC);ERG11_ORM2(Trifluoperazine);ERG11_ORM2(noDrug);ERG27_ACF2(5-FC);ERV25_UIP4(5-FC);ERV25_UIP4(Trifluoperazine);ERV25_UIP4(noDrug);FMP45_MEP1(5-FC);FMP45_MID2(5-FC);HNM1_ERG11(noDrug);HNM1_MID2(noDrug);HUG1_ALO1(5-FC);MID2_MAM33(Trifluoperazine);MID2_MAM33(noDrug);MID2_PIN2(Trifluoperazine);PLM2_HNM1(5-FC);PMC1_CTR2(5-FC);PMC1_CTR2(noDrug);PMC1_GTR2(5-FC);PMC1_GTR2(Fluconazole);PMC1_GTR2(Metformin);PMC1_GTR2(Trifluoperazine);PMC1_GTR2(noDrug);SNA4_GTR2(5-FC);SSH1_ERV25(noDrug);TPO1_MID2(5-FC);TPO1_MID2(Trifluoperazine);TPO1_MID2(noDrug);TPO1_TCB2(5-FC);TPO1_TCB2(Fluconazole);TPO1_TCB2(Trifluoperazine);TPO1_TCB2(noDrug);TPO1_TPO2(5-FC);TPO1_TPO2(Trifluoperazine);TPO1_TPO2(noDrug),,,piQTL_only
chr16:858824,TPO1_MID2,Trifluoperazine,0.608657156,ADE17_PGM2(Fluconazole);ALO1_UIP4(Trifluoperazine);ALO1_UIP4(noDrug);ERG11_ACF2(5-FC);ERG11_ORM2(5-FC);ERG11_ORM2(Trifluoperazine);ERG11_ORM2(noDrug);ERG27_ACF2(5-FC);ERV25_UIP4(5-FC);ERV25_UIP4(Trifluoperazine);ERV25_UIP4(noDrug);FMP45_MEP1(5-FC);FMP45_MID2(5-FC);HNM1_ERG11(noDrug);HNM1_MID2(noDrug);HUG1_ALO1(5-FC);MID2_MAM33(Trifluoperazine);MID2_MAM33(noDrug);MID2_PIN2(Trifluoperazine);PLM2_HNM1(5-FC);PMC1_CTR2(5-FC);PMC1_CTR2(noDrug);PMC1_GTR2(5-FC);PMC1_GTR2(Fluconazole);PMC1_GTR2(Metformin);PMC1_GTR2(Trifluoperazine);PMC1_GTR2(noDrug);SNA4_GTR2(5-FC);SSH1_ERV25(noDrug);TPO1_MID2(5-FC);TPO1_MID2(Trifluoperazine);TPO1_MID2(noDrug);TPO1_TCB2(5-FC);TPO1_TCB2(Fluconazole);TPO1_TCB2(Trifluoperazine);TPO1_TCB2(noDrug);TPO1_TPO2(5-FC);TPO1_TPO2(Trifluoperazine);TPO1_TPO2(noDrug),,,piQTL_only
chr16:858824,TPO1_MID2,noDrug,0.624762791,ADE17_PGM2(Fluconazole);ALO1_UIP4(Trifluoperazine);ALO1_UIP4(noDrug);ERG11_ACF2(5-FC);ERG11_ORM2(5-FC);ERG11_ORM2(Trifluoperazine);ERG11_ORM2(noDrug);ERG27_ACF2(5-FC);ERV25_UIP4(5-FC);ERV25_UIP4(Trifluoperazine);ERV25_UIP4(noDrug);FMP45_MEP1(5-FC);FMP45_MID2(5-FC);HNM1_ERG11(noDrug);HNM1_MID2(noDrug);HUG1_ALO1(5-FC);MID2_MAM33(Trifluoperazine);MID2_MAM33(noDrug);MID2_PIN2(Trifluoperazine);PLM2_HNM1(5-FC);PMC1_CTR2(5-FC);PMC1_CTR2(noDrug);PMC1_GTR2(5-FC);PMC1_GTR2(Fluconazole);PMC1_GTR2(Metformin);PMC1_GTR2(Trifluoperazine);PMC1_GTR2(noDrug);SNA4_GTR2(5-FC);SSH1_ERV25(noDrug);TPO1_MID2(5-FC);TPO1_MID2(Trifluoperazine);TPO1_MID2(noDrug);TPO1_TCB2(5-FC);TPO1_TCB2(Fluconazole);TPO1_TCB2(Trifluoperazine);TPO1_TCB2(noDrug);TPO1_TPO2(5-FC);TPO1_TPO2(Trifluoperazine);TPO1_TPO2(noDrug),,,piQTL_only
chr16:858824,TPO1_TCB2,5-FC,0.691221067,ADE17_PGM2(Fluconazole);ALO1_UIP4(Trifluoperazine);ALO1_UIP4(noDrug);ERG11_ACF2(5-FC);ERG11_ORM2(5-FC);ERG11_ORM2(Trifluoperazine);ERG11_ORM2(noDrug);ERG27_ACF2(5-FC);ERV25_UIP4(5-FC);ERV25_UIP4(Trifluoperazine);ERV25_UIP4(noDrug);FMP45_MEP1(5-FC);FMP45_MID2(5-FC);HNM1_ERG11(noDrug);HNM1_MID2(noDrug);HUG1_ALO1(5-FC);MID2_MAM33(Trifluoperazine);MID2_MAM33(noDrug);MID2_PIN2(Trifluoperazine);PLM2_HNM1(5-FC);PMC1_CTR2(5-FC);PMC1_CTR2(noDrug);PMC1_GTR2(5-FC);PMC1_GTR2(Fluconazole);PMC1_GTR2(Metformin);PMC1_GTR2(Trifluoperazine);PMC1_GTR2(noDrug);SNA4_GTR2(5-FC);SSH1_ERV25(noDrug);TPO1_MID2(5-FC);TPO1_MID2(Trifluoperazine);TPO1_MID2(noDrug);TPO1_TCB2(5-FC);TPO1_TCB2(Fluconazole);TPO1_TCB2(Trifluoperazine);TPO1_TCB2(noDrug);TPO1_TPO2(5-FC);TPO1_TPO2(Trifluoperazine);TPO1_TPO2(noDrug),,,piQTL_only
chr16:858824,TPO1_TCB2,Fluconazole,0.638358161,ADE17_PGM2(Fluconazole);ALO1_UIP4(Trifluoperazine);ALO1_UIP4(noDrug);ERG11_ACF2(5-FC);ERG11_ORM2(5-FC);ERG11_ORM2(Trifluoperazine);ERG11_ORM2(noDrug);ERG27_ACF2(5-FC);ERV25_UIP4(5-FC);ERV25_UIP4(Trifluoperazine);ERV25_UIP4(noDrug);FMP45_MEP1(5-FC);FMP45_MID2(5-FC);HNM1_ERG11(noDrug);HNM1_MID2(noDrug);HUG1_ALO1(5-FC);MID2_MAM33(Trifluoperazine);MID2_MAM33(noDrug);MID2_PIN2(Trifluoperazine);PLM2_HNM1(5-FC);PMC1_CTR2(5-FC);PMC1_CTR2(noDrug);PMC1_GTR2(5-FC);PMC1_GTR2(Fluconazole);PMC1_GTR2(Metformin);PMC1_GTR2(Trifluoperazine);PMC1_GTR2(noDrug);SNA4_GTR2(5-FC);SSH1_ERV25(noDrug);TPO1_MID2(5-FC);TPO1_MID2(Trifluoperazine);TPO1_MID2(noDrug);TPO1_TCB2(5-FC);TPO1_TCB2(Fluconazole);TPO1_TCB2(Trifluoperazine);TPO1_TCB2(noDrug);TPO1_TPO2(5-FC);TPO1_TPO2(Trifluoperazine);TPO1_TPO2(noDrug),,,piQTL_only
chr16:858824,TPO1_TCB2,Trifluoperazine,0.396989332,ADE17_PGM2(Fluconazole);ALO1_UIP4(Trifluoperazine);ALO1_UIP4(noDrug);ERG11_ACF2(5-FC);ERG11_ORM2(5-FC);ERG11_ORM2(Trifluoperazine);ERG11_ORM2(noDrug);ERG27_ACF2(5-FC);ERV25_UIP4(5-FC);ERV25_UIP4(Trifluoperazine);ERV25_UIP4(noDrug);FMP45_MEP1(5-FC);FMP45_MID2(5-FC);HNM1_ERG11(noDrug);HNM1_MID2(noDrug);HUG1_ALO1(5-FC);MID2_MAM33(Trifluoperazine);MID2_MAM33(noDrug);MID2_PIN2(Trifluoperazine);PLM2_HNM1(5-FC);PMC1_CTR2(5-FC);PMC1_CTR2(noDrug);PMC1_GTR2(5-FC);PMC1_GTR2(Fluconazole);PMC1_GTR2(Metformin);PMC1_GTR2(Trifluoperazine);PMC1_GTR2(noDrug);SNA4_GTR2(5-FC);SSH1_ERV25(noDrug);TPO1_MID2(5-FC);TPO1_MID2(Trifluoperazine);TPO1_MID2(noDrug);TPO1_TCB2(5-FC);TPO1_TCB2(Fluconazole);TPO1_TCB2(Trifluoperazine);TPO1_TCB2(noDrug);TPO1_TPO2(5-FC);TPO1_TPO2(Trifluoperazine);TPO1_TPO2(noDrug),,,piQTL_only
chr16:858824,TPO1_TCB2,noDrug,0.57696478,ADE17_PGM2(Fluconazole);ALO1_UIP4(Trifluoperazine);ALO1_UIP4(noDrug);ERG11_ACF2(5-FC);ERG11_ORM2(5-FC);ERG11_ORM2(Trifluoperazine);ERG11_ORM2(noDrug);ERG27_ACF2(5-FC);ERV25_UIP4(5-FC);ERV25_UIP4(Trifluoperazine);ERV25_UIP4(noDrug);FMP45_MEP1(5-FC);FMP45_MID2(5-FC);HNM1_ERG11(noDrug);HNM1_MID2(noDrug);HUG1_ALO1(5-FC);MID2_MAM33(Trifluoperazine);MID2_MAM33(noDrug);MID2_PIN2(Trifluoperazine);PLM2_HNM1(5-FC);PMC1_CTR2(5-FC);PMC1_CTR2(noDrug);PMC1_GTR2(5-FC);PMC1_GTR2(Fluconazole);PMC1_GTR2(Metformin);PMC1_GTR2(Trifluoperazine);PMC1_GTR2(noDrug);SNA4_GTR2(5-FC);SSH1_ERV25(noDrug);TPO1_MID2(5-FC);TPO1_MID2(Trifluoperazine);TPO1_MID2(noDrug);TPO1_TCB2(5-FC);TPO1_TCB2(Fluconazole);TPO1_TCB2(Trifluoperazine);TPO1_TCB2(noDrug);TPO1_TPO2(5-FC);TPO1_TPO2(Trifluoperazine);TPO1_TPO2(noDrug),,,piQTL_only
chr16:858824,TPO1_TPO2,5-FC,0.485215571,ADE17_PGM2(Fluconazole);ALO1_UIP4(Trifluoperazine);ALO1_UIP4(noDrug);ERG11_ACF2(5-FC);ERG11_ORM2(5-FC);ERG11_ORM2(Trifluoperazine);ERG11_ORM2(noDrug);ERG27_ACF2(5-FC);ERV25_UIP4(5-FC);ERV25_UIP4(Trifluoperazine);ERV25_UIP4(noDrug);FMP45_MEP1(5-FC);FMP45_MID2(5-FC);HNM1_ERG11(noDrug);HNM1_MID2(noDrug);HUG1_ALO1(5-FC);MID2_MAM33(Trifluoperazine);MID2_MAM33(noDrug);MID2_PIN2(Trifluoperazine);PLM2_HNM1(5-FC);PMC1_CTR2(5-FC);PMC1_CTR2(noDrug);PMC1_GTR2(5-FC);PMC1_GTR2(Fluconazole);PMC1_GTR2(Metformin);PMC1_GTR2(Trifluoperazine);PMC1_GTR2(noDrug);SNA4_GTR2(5-FC);SSH1_ERV25(noDrug);TPO1_MID2(5-FC);TPO1_MID2(Trifluoperazine);TPO1_MID2(noDrug);TPO1_TCB2(5-FC);TPO1_TCB2(Fluconazole);TPO1_TCB2(Trifluoperazine);TPO1_TCB2(noDrug);TPO1_TPO2(5-FC);TPO1_TPO2(Trifluoperazine);TPO1_TPO2(noDrug),,,piQTL_only
chr16:858824,TPO1_TPO2,Trifluoperazine,0.633761834,ADE17_PGM2(Fluconazole);ALO1_UIP4(Trifluoperazine);ALO1_UIP4(noDrug);ERG11_ACF2(5-FC);ERG11_ORM2(5-FC);ERG11_ORM2(Trifluoperazine);ERG11_ORM2(noDrug);ERG27_ACF2(5-FC);ERV25_UIP4(5-FC);ERV25_UIP4(Trifluoperazine);ERV25_UIP4(noDrug);FMP45_MEP1(5-FC);FMP45_MID2(5-FC);HNM1_ERG11(noDrug);HNM1_MID2(noDrug);HUG1_ALO1(5-FC);MID2_MAM33(Trifluoperazine);MID2_MAM33(noDrug);MID2_PIN2(Trifluoperazine);PLM2_HNM1(5-FC);PMC1_CTR2(5-FC);PMC1_CTR2(noDrug);PMC1_GTR2(5-FC);PMC1_GTR2(Fluconazole);PMC1_GTR2(Metformin);PMC1_GTR2(Trifluoperazine);PMC1_GTR2(noDrug);SNA4_GTR2(5-FC);SSH1_ERV25(noDrug);TPO1_MID2(5-FC);TPO1_MID2(Trifluoperazine);TPO1_MID2(noDrug);TPO1_TCB2(5-FC);TPO1_TCB2(Fluconazole);TPO1_TCB2(Trifluoperazine);TPO1_TCB2(noDrug);TPO1_TPO2(5-FC);TPO1_TPO2(Trifluoperazine);TPO1_TPO2(noDrug),,,piQTL_only
chr16:858824,TPO1_TPO2,noDrug,0.674516237,ADE17_PGM2(Fluconazole);ALO1_UIP4(Trifluoperazine);ALO1_UIP4(noDrug);ERG11_ACF2(5-FC);ERG11_ORM2(5-FC);ERG11_ORM2(Trifluoperazine);ERG11_ORM2(noDrug);ERG27_ACF2(5-FC);ERV25_UIP4(5-FC);ERV25_UIP4(Trifluoperazine);ERV25_UIP4(noDrug);FMP45_MEP1(5-FC);FMP45_MID2(5-FC);HNM1_ERG11(noDrug);HNM1_MID2(noDrug);HUG1_ALO1(5-FC);MID2_MAM33(Trifluoperazine);MID2_MAM33(noDrug);MID2_PIN2(Trifluoperazine);PLM2_HNM1(5-FC);PMC1_CTR2(5-FC);PMC1_CTR2(noDrug);PMC1_GTR2(5-FC);PMC1_GTR2(Fluconazole);PMC1_GTR2(Metformin);PMC1_GTR2(Trifluoperazine);PMC1_GTR2(noDrug);SNA4_GTR2(5-FC);SSH1_ERV25(noDrug);TPO1_MID2(5-FC);TPO1_MID2(Trifluoperazine);TPO1_MID2(noDrug);TPO1_TCB2(5-FC);TPO1_TCB2(Fluconazole);TPO1_TCB2(Trifluoperazine);TPO1_TCB2(noDrug);TPO1_TPO2(5-FC);TPO1_TPO2(Trifluoperazine);TPO1_TPO2(noDrug),,,piQTL_only
chr16:860239,ALO1_UIP4,noDrug,1.217008384,ALO1_UIP4(noDrug);ERG11_ACF2(5-FC);ERG11_ORM2(5-FC);ERG11_ORM2(Trifluoperazine);ERG11_ORM2(noDrug);ERG27_ACF2(5-FC);ERG27_ACF2(noDrug);ERV25_UIP4(5-FC);FMP45_MEP1(5-FC);FMP45_MID2(5-FC);HNM1_ERG11(5-FC);HNM1_ERG11(Trifluoperazine);HNM1_ERG11(noDrug);HNM1_TPO4(noDrug);HUG1_ALO1(5-FC);HUG1_ALO1(noDrug);MID2_MAM33(noDrug);MID2_RSN1(noDrug);MID2_TPO2(noDrug);PLM2_HNM1(5-FC);PLM2_HNM1(Fluconazole);PLM2_HNM1(Metformin);PLM2_HNM1(noDrug);PMC1_CTR2(5-FC);PMC1_CTR2(noDrug);PMC1_GTR2(5-FC);PMC1_GTR2(Trifluoperazine);PMC1_GTR2(noDrug);SRO9_DHH1(5-FC);SRO9_DHH1(noDrug);TPO1_MID2(5-FC);TPO1_MID2(Trifluoperazine);TPO1_MID2(noDrug);TPO1_TCB2(5-FC);TPO1_TCB2(Fluconazole);TPO1_TCB2(Trifluoperazine);TPO1_TCB2(noDrug);TPO1_TPO2(5-FC);TPO1_TPO2(Trifluoperazine);TPO1_TPO2(noDrug),,,piQTL_only
chr16:860239,ERG11_ACF2,5-FC,1.201058569,ALO1_UIP4(noDrug);ERG11_ACF2(5-FC);ERG11_ORM2(5-FC);ERG11_ORM2(Trifluoperazine);ERG11_ORM2(noDrug);ERG27_ACF2(5-FC);ERG27_ACF2(noDrug);ERV25_UIP4(5-FC);FMP45_MEP1(5-FC);FMP45_MID2(5-FC);HNM1_ERG11(5-FC);HNM1_ERG11(Trifluoperazine);HNM1_ERG11(noDrug);HNM1_TPO4(noDrug);HUG1_ALO1(5-FC);HUG1_ALO1(noDrug);MID2_MAM33(noDrug);MID2_RSN1(noDrug);MID2_TPO2(noDrug);PLM2_HNM1(5-FC);PLM2_HNM1(Fluconazole);PLM2_HNM1(Metformin);PLM2_HNM1(noDrug);PMC1_CTR2(5-FC);PMC1_CTR2(noDrug);PMC1_GTR2(5-FC);PMC1_GTR2(Trifluoperazine);PMC1_GTR2(noDrug);SRO9_DHH1(5-FC);SRO9_DHH1(noDrug);TPO1_MID2(5-FC);TPO1_MID2(Trifluoperazine);TPO1_MID2(noDrug);TPO1_TCB2(5-FC);TPO1_TCB2(Fluconazole);TPO1_TCB2(Trifluoperazine);TPO1_TCB2(noDrug);TPO1_TPO2(5-FC);TPO1_TPO2(Trifluoperazine);TPO1_TPO2(noDrug),,,piQTL_only
chr16:860239,ERG11_ORM2,5-FC,1.104338848,ALO1_UIP4(noDrug);ERG11_ACF2(5-FC);ERG11_ORM2(5-FC);ERG11_ORM2(Trifluoperazine);ERG11_ORM2(noDrug);ERG27_ACF2(5-FC);ERG27_ACF2(noDrug);ERV25_UIP4(5-FC);FMP45_MEP1(5-FC);FMP45_MID2(5-FC);HNM1_ERG11(5-FC);HNM1_ERG11(Trifluoperazine);HNM1_ERG11(noDrug);HNM1_TPO4(noDrug);HUG1_ALO1(5-FC);HUG1_ALO1(noDrug);MID2_MAM33(noDrug);MID2_RSN1(noDrug);MID2_TPO2(noDrug);PLM2_HNM1(5-FC);PLM2_HNM1(Fluconazole);PLM2_HNM1(Metformin);PLM2_HNM1(noDrug);PMC1_CTR2(5-FC);PMC1_CTR2(noDrug);PMC1_GTR2(5-FC);PMC1_GTR2(Trifluoperazine);PMC1_GTR2(noDrug);SRO9_DHH1(5-FC);SRO9_DHH1(noDrug);TPO1_MID2(5-FC);TPO1_MID2(Trifluoperazine);TPO1_MID2(noDrug);TPO1_TCB2(5-FC);TPO1_TCB2(Fluconazole);TPO1_TCB2(Trifluoperazine);TPO1_TCB2(noDrug);TPO1_TPO2(5-FC);TPO1_TPO2(Trifluoperazine);TPO1_TPO2(noDrug),,,piQTL_only
chr16:860239,ERG11_ORM2,Trifluoperazine,1.02969757,ALO1_UIP4(noDrug);ERG11_ACF2(5-FC);ERG11_ORM2(5-FC);ERG11_ORM2(Trifluoperazine);ERG11_ORM2(noDrug);ERG27_ACF2(5-FC);ERG27_ACF2(noDrug);ERV25_UIP4(5-FC);FMP45_MEP1(5-FC);FMP45_MID2(5-FC);HNM1_ERG11(5-FC);HNM1_ERG11(Trifluoperazine);HNM1_ERG11(noDrug);HNM1_TPO4(noDrug);HUG1_ALO1(5-FC);HUG1_ALO1(noDrug);MID2_MAM33(noDrug);MID2_RSN1(noDrug);MID2_TPO2(noDrug);PLM2_HNM1(5-FC);PLM2_HNM1(Fluconazole);PLM2_HNM1(Metformin);PLM2_HNM1(noDrug);PMC1_CTR2(5-FC);PMC1_CTR2(noDrug);PMC1_GTR2(5-FC);PMC1_GTR2(Trifluoperazine);PMC1_GTR2(noDrug);SRO9_DHH1(5-FC);SRO9_DHH1(noDrug);TPO1_MID2(5-FC);TPO1_MID2(Trifluoperazine);TPO1_MID2(noDrug);TPO1_TCB2(5-FC);TPO1_TCB2(Fluconazole);TPO1_TCB2(Trifluoperazine);TPO1_TCB2(noDrug);TPO1_TPO2(5-FC);TPO1_TPO2(Trifluoperazine);TPO1_TPO2(noDrug),,,piQTL_only
chr16:860239,ERG11_ORM2,noDrug,1.149824416,ALO1_UIP4(noDrug);ERG11_ACF2(5-FC);ERG11_ORM2(5-FC);ERG11_ORM2(Trifluoperazine);ERG11_ORM2(noDrug);ERG27_ACF2(5-FC);ERG27_ACF2(noDrug);ERV25_UIP4(5-FC);FMP45_MEP1(5-FC);FMP45_MID2(5-FC);HNM1_ERG11(5-FC);HNM1_ERG11(Trifluoperazine);HNM1_ERG11(noDrug);HNM1_TPO4(noDrug);HUG1_ALO1(5-FC);HUG1_ALO1(noDrug);MID2_MAM33(noDrug);MID2_RSN1(noDrug);MID2_TPO2(noDrug);PLM2_HNM1(5-FC);PLM2_HNM1(Fluconazole);PLM2_HNM1(Metformin);PLM2_HNM1(noDrug);PMC1_CTR2(5-FC);PMC1_CTR2(noDrug);PMC1_GTR2(5-FC);PMC1_GTR2(Trifluoperazine);PMC1_GTR2(noDrug);SRO9_DHH1(5-FC);SRO9_DHH1(noDrug);TPO1_MID2(5-FC);TPO1_MID2(Trifluoperazine);TPO1_MID2(noDrug);TPO1_TCB2(5-FC);TPO1_TCB2(Fluconazole);TPO1_TCB2(Trifluoperazine);TPO1_TCB2(noDrug);TPO1_TPO2(5-FC);TPO1_TPO2(Trifluoperazine);TPO1_TPO2(noDrug),,,piQTL_only
chr16:860239,ERG27_ACF2,5-FC,1.120965276,ALO1_UIP4(noDrug);ERG11_ACF2(5-FC);ERG11_ORM2(5-FC);ERG11_ORM2(Trifluoperazine);ERG11_ORM2(noDrug);ERG27_ACF2(5-FC);ERG27_ACF2(noDrug);ERV25_UIP4(5-FC);FMP45_MEP1(5-FC);FMP45_MID2(5-FC);HNM1_ERG11(5-FC);HNM1_ERG11(Trifluoperazine);HNM1_ERG11(noDrug);HNM1_TPO4(noDrug);HUG1_ALO1(5-FC);HUG1_ALO1(noDrug);MID2_MAM33(noDrug);MID2_RSN1(noDrug);MID2_TPO2(noDrug);PLM2_HNM1(5-FC);PLM2_HNM1(Fluconazole);PLM2_HNM1(Metformin);PLM2_HNM1(noDrug);PMC1_CTR2(5-FC);PMC1_CTR2(noDrug);PMC1_GTR2(5-FC);PMC1_GTR2(Trifluoperazine);PMC1_GTR2(noDrug);SRO9_DHH1(5-FC);SRO9_DHH1(noDrug);TPO1_MID2(5-FC);TPO1_MID2(Trifluoperazine);TPO1_MID2(noDrug);TPO1_TCB2(5-FC);TPO1_TCB2(Fluconazole);TPO1_TCB2(Trifluoperazine);TPO1_TCB2(noDrug);TPO1_TPO2(5-FC);TPO1_TPO2(Trifluoperazine);TPO1_TPO2(noDrug),,,piQTL_only
chr16:860239,ERG27_ACF2,noDrug,1.170546478,ALO1_UIP4(noDrug);ERG11_ACF2(5-FC);ERG11_ORM2(5-FC);ERG11_ORM2(Trifluoperazine);ERG11_ORM2(noDrug);ERG27_ACF2(5-FC);ERG27_ACF2(noDrug);ERV25_UIP4(5-FC);FMP45_MEP1(5-FC);FMP45_MID2(5-FC);HNM1_ERG11(5-FC);HNM1_ERG11(Trifluoperazine);HNM1_ERG11(noDrug);HNM1_TPO4(noDrug);HUG1_ALO1(5-FC);HUG1_ALO1(noDrug);MID2_MAM33(noDrug);MID2_RSN1(noDrug);MID2_TPO2(noDrug);PLM2_HNM1(5-FC);PLM2_HNM1(Fluconazole);PLM2_HNM1(Metformin);PLM2_HNM1(noDrug);PMC1_CTR2(5-FC);PMC1_CTR2(noDrug);PMC1_GTR2(5-FC);PMC1_GTR2(Trifluoperazine);PMC1_GTR2(noDrug);SRO9_DHH1(5-FC);SRO9_DHH1(noDrug);TPO1_MID2(5-FC);TPO1_MID2(Trifluoperazine);TPO1_MID2(noDrug);TPO1_TCB2(5-FC);TPO1_TCB2(Fluconazole);TPO1_TCB2(Trifluoperazine);TPO1_TCB2(noDrug);TPO1_TPO2(5-FC);TPO1_TPO2(Trifluoperazine);TPO1_TPO2(noDrug),,,piQTL_only
chr16:860239,ERV25_UIP4,5-FC,1.448746744,ALO1_UIP4(noDrug);ERG11_ACF2(5-FC);ERG11_ORM2(5-FC);ERG11_ORM2(Trifluoperazine);ERG11_ORM2(noDrug);ERG27_ACF2(5-FC);ERG27_ACF2(noDrug);ERV25_UIP4(5-FC);FMP45_MEP1(5-FC);FMP45_MID2(5-FC);HNM1_ERG11(5-FC);HNM1_ERG11(Trifluoperazine);HNM1_ERG11(noDrug);HNM1_TPO4(noDrug);HUG1_ALO1(5-FC);HUG1_ALO1(noDrug);MID2_MAM33(noDrug);MID2_RSN1(noDrug);MID2_TPO2(noDrug);PLM2_HNM1(5-FC);PLM2_HNM1(Fluconazole);PLM2_HNM1(Metformin);PLM2_HNM1(noDrug);PMC1_CTR2(5-FC);PMC1_CTR2(noDrug);PMC1_GTR2(5-FC);PMC1_GTR2(Trifluoperazine);PMC1_GTR2(noDrug);SRO9_DHH1(5-FC);SRO9_DHH1(noDrug);TPO1_MID2(5-FC);TPO1_MID2(Trifluoperazine);TPO1_MID2(noDrug);TPO1_TCB2(5-FC);TPO1_TCB2(Fluconazole);TPO1_TCB2(Trifluoperazine);TPO1_TCB2(noDrug);TPO1_TPO2(5-FC);TPO1_TPO2(Trifluoperazine);TPO1_TPO2(noDrug),,,piQTL_only
chr16:860239,FMP45_MEP1,5-FC,1.34670502,ALO1_UIP4(noDrug);ERG11_ACF2(5-FC);ERG11_ORM2(5-FC);ERG11_ORM2(Trifluoperazine);ERG11_ORM2(noDrug);ERG27_ACF2(5-FC);ERG27_ACF2(noDrug);ERV25_UIP4(5-FC);FMP45_MEP1(5-FC);FMP45_MID2(5-FC);HNM1_ERG11(5-FC);HNM1_ERG11(Trifluoperazine);HNM1_ERG11(noDrug);HNM1_TPO4(noDrug);HUG1_ALO1(5-FC);HUG1_ALO1(noDrug);MID2_MAM33(noDrug);MID2_RSN1(noDrug);MID2_TPO2(noDrug);PLM2_HNM1(5-FC);PLM2_HNM1(Fluconazole);PLM2_HNM1(Metformin);PLM2_HNM1(noDrug);PMC1_CTR2(5-FC);PMC1_CTR2(noDrug);PMC1_GTR2(5-FC);PMC1_GTR2(Trifluoperazine);PMC1_GTR2(noDrug);SRO9_DHH1(5-FC);SRO9_DHH1(noDrug);TPO1_MID2(5-FC);TPO1_MID2(Trifluoperazine);TPO1_MID2(noDrug);TPO1_TCB2(5-FC);TPO1_TCB2(Fluconazole);TPO1_TCB2(Trifluoperazine);TPO1_TCB2(noDrug);TPO1_TPO2(5-FC);TPO1_TPO2(Trifluoperazine);TPO1_TPO2(noDrug),,,piQTL_only
chr16:860239,FMP45_MID2,5-FC,1.193263084,ALO1_UIP4(noDrug);ERG11_ACF2(5-FC);ERG11_ORM2(5-FC);ERG11_ORM2(Trifluoperazine);ERG11_ORM2(noDrug);ERG27_ACF2(5-FC);ERG27_ACF2(noDrug);ERV25_UIP4(5-FC);FMP45_MEP1(5-FC);FMP45_MID2(5-FC);HNM1_ERG11(5-FC);HNM1_ERG11(Trifluoperazine);HNM1_ERG11(noDrug);HNM1_TPO4(noDrug);HUG1_ALO1(5-FC);HUG1_ALO1(noDrug);MID2_MAM33(noDrug);MID2_RSN1(noDrug);MID2_TPO2(noDrug);PLM2_HNM1(5-FC);PLM2_HNM1(Fluconazole);PLM2_HNM1(Metformin);PLM2_HNM1(noDrug);PMC1_CTR2(5-FC);PMC1_CTR2(noDrug);PMC1_GTR2(5-FC);PMC1_GTR2(Trifluoperazine);PMC1_GTR2(noDrug);SRO9_DHH1(5-FC);SRO9_DHH1(noDrug);TPO1_MID2(5-FC);TPO1_MID2(Trifluoperazine);TPO1_MID2(noDrug);TPO1_TCB2(5-FC);TPO1_TCB2(Fluconazole);TPO1_TCB2(Trifluoperazine);TPO1_TCB2(noDrug);TPO1_TPO2(5-FC);TPO1_TPO2(Trifluoperazine);TPO1_TPO2(noDrug),,,piQTL_only
chr16:860239,HNM1_ERG11,5-FC,1.282659375,ALO1_UIP4(noDrug);ERG11_ACF2(5-FC);ERG11_ORM2(5-FC);ERG11_ORM2(Trifluoperazine);ERG11_ORM2(noDrug);ERG27_ACF2(5-FC);ERG27_ACF2(noDrug);ERV25_UIP4(5-FC);FMP45_MEP1(5-FC);FMP45_MID2(5-FC);HNM1_ERG11(5-FC);HNM1_ERG11(Trifluoperazine);HNM1_ERG11(noDrug);HNM1_TPO4(noDrug);HUG1_ALO1(5-FC);HUG1_ALO1(noDrug);MID2_MAM33(noDrug);MID2_RSN1(noDrug);MID2_TPO2(noDrug);PLM2_HNM1(5-FC);PLM2_HNM1(Fluconazole);PLM2_HNM1(Metformin);PLM2_HNM1(noDrug);PMC1_CTR2(5-FC);PMC1_CTR2(noDrug);PMC1_GTR2(5-FC);PMC1_GTR2(Trifluoperazine);PMC1_GTR2(noDrug);SRO9_DHH1(5-FC);SRO9_DHH1(noDrug);TPO1_MID2(5-FC);TPO1_MID2(Trifluoperazine);TPO1_MID2(noDrug);TPO1_TCB2(5-FC);TPO1_TCB2(Fluconazole);TPO1_TCB2(Trifluoperazine);TPO1_TCB2(noDrug);TPO1_TPO2(5-FC);TPO1_TPO2(Trifluoperazine);TPO1_TPO2(noDrug),,,piQTL_only
chr16:860239,HNM1_ERG11,Trifluoperazine,1.206194788,ALO1_UIP4(noDrug);ERG11_ACF2(5-FC);ERG11_ORM2(5-FC);ERG11_ORM2(Trifluoperazine);ERG11_ORM2(noDrug);ERG27_ACF2(5-FC);ERG27_ACF2(noDrug);ERV25_UIP4(5-FC);FMP45_MEP1(5-FC);FMP45_MID2(5-FC);HNM1_ERG11(5-FC);HNM1_ERG11(Trifluoperazine);HNM1_ERG11(noDrug);HNM1_TPO4(noDrug);HUG1_ALO1(5-FC);HUG1_ALO1(noDrug);MID2_MAM33(noDrug);MID2_RSN1(noDrug);MID2_TPO2(noDrug);PLM2_HNM1(5-FC);PLM2_HNM1(Fluconazole);PLM2_HNM1(Metformin);PLM2_HNM1(noDrug);PMC1_CTR2(5-FC);PMC1_CTR2(noDrug);PMC1_GTR2(5-FC);PMC1_GTR2(Trifluoperazine);PMC1_GTR2(noDrug);SRO9_DHH1(5-FC);SRO9_DHH1(noDrug);TPO1_MID2(5-FC);TPO1_MID2(Trifluoperazine);TPO1_MID2(noDrug);TPO1_TCB2(5-FC);TPO1_TCB2(Fluconazole);TPO1_TCB2(Trifluoperazine);TPO1_TCB2(noDrug);TPO1_TPO2(5-FC);TPO1_TPO2(Trifluoperazine);TPO1_TPO2(noDrug),,,piQTL_only
chr16:860239,HNM1_ERG11,noDrug,1.236206632,ALO1_UIP4(noDrug);ERG11_ACF2(5-FC);ERG11_ORM2(5-FC);ERG11_ORM2(Trifluoperazine);ERG11_ORM2(noDrug);ERG27_ACF2(5-FC);ERG27_ACF2(noDrug);ERV25_UIP4(5-FC);FMP45_MEP1(5-FC);FMP45_MID2(5-FC);HNM1_ERG11(5-FC);HNM1_ERG11(Trifluoperazine);HNM1_ERG11(noDrug);HNM1_TPO4(noDrug);HUG1_ALO1(5-FC);HUG1_ALO1(noDrug);MID2_MAM33(noDrug);MID2_RSN1(noDrug);MID2_TPO2(noDrug);PLM2_HNM1(5-FC);PLM2_HNM1(Fluconazole);PLM2_HNM1(Metformin);PLM2_HNM1(noDrug);PMC1_CTR2(5-FC);PMC1_CTR2(noDrug);PMC1_GTR2(5-FC);PMC1_GTR2(Trifluoperazine);PMC1_GTR2(noDrug);SRO9_DHH1(5-FC);SRO9_DHH1(noDrug);TPO1_MID2(5-FC);TPO1_MID2(Trifluoperazine);TPO1_MID2(noDrug);TPO1_TCB2(5-FC);TPO1_TCB2(Fluconazole);TPO1_TCB2(Trifluoperazine);TPO1_TCB2(noDrug);TPO1_TPO2(5-FC);TPO1_TPO2(Trifluoperazine);TPO1_TPO2(noDrug),,,piQTL_only
chr16:860239,HNM1_TPO4,noDrug,1.104385309,ALO1_UIP4(noDrug);ERG11_ACF2(5-FC);ERG11_ORM2(5-FC);ERG11_ORM2(Trifluoperazine);ERG11_ORM2(noDrug);ERG27_ACF2(5-FC);ERG27_ACF2(noDrug);ERV25_UIP4(5-FC);FMP45_MEP1(5-FC);FMP45_MID2(5-FC);HNM1_ERG11(5-FC);HNM1_ERG11(Trifluoperazine);HNM1_ERG11(noDrug);HNM1_TPO4(noDrug);HUG1_ALO1(5-FC);HUG1_ALO1(noDrug);MID2_MAM33(noDrug);MID2_RSN1(noDrug);MID2_TPO2(noDrug);PLM2_HNM1(5-FC);PLM2_HNM1(Fluconazole);PLM2_HNM1(Metformin);PLM2_HNM1(noDrug);PMC1_CTR2(5-FC);PMC1_CTR2(noDrug);PMC1_GTR2(5-FC);PMC1_GTR2(Trifluoperazine);PMC1_GTR2(noDrug);SRO9_DHH1(5-FC);SRO9_DHH1(noDrug);TPO1_MID2(5-FC);TPO1_MID2(Trifluoperazine);TPO1_MID2(noDrug);TPO1_TCB2(5-FC);TPO1_TCB2(Fluconazole);TPO1_TCB2(Trifluoperazine);TPO1_TCB2(noDrug);TPO1_TPO2(5-FC);TPO1_TPO2(Trifluoperazine);TPO1_TPO2(noDrug),,,piQTL_only
chr16:860239,HUG1_ALO1,5-FC,1.491536582,ALO1_UIP4(noDrug);ERG11_ACF2(5-FC);ERG11_ORM2(5-FC);ERG11_ORM2(Trifluoperazine);ERG11_ORM2(noDrug);ERG27_ACF2(5-FC);ERG27_ACF2(noDrug);ERV25_UIP4(5-FC);FMP45_MEP1(5-FC);FMP45_MID2(5-FC);HNM1_ERG11(5-FC);HNM1_ERG11(Trifluoperazine);HNM1_ERG11(noDrug);HNM1_TPO4(noDrug);HUG1_ALO1(5-FC);HUG1_ALO1(noDrug);MID2_MAM33(noDrug);MID2_RSN1(noDrug);MID2_TPO2(noDrug);PLM2_HNM1(5-FC);PLM2_HNM1(Fluconazole);PLM2_HNM1(Metformin);PLM2_HNM1(noDrug);PMC1_CTR2(5-FC);PMC1_CTR2(noDrug);PMC1_GTR2(5-FC);PMC1_GTR2(Trifluoperazine);PMC1_GTR2(noDrug);SRO9_DHH1(5-FC);SRO9_DHH1(noDrug);TPO1_MID2(5-FC);TPO1_MID2(Trifluoperazine);TPO1_MID2(noDrug);TPO1_TCB2(5-FC);TPO1_TCB2(Fluconazole);TPO1_TCB2(Trifluoperazine);TPO1_TCB2(noDrug);TPO1_TPO2(5-FC);TPO1_TPO2(Trifluoperazine);TPO1_TPO2(noDrug),,,piQTL_only
chr16:860239,HUG1_ALO1,noDrug,1.37137394,ALO1_UIP4(noDrug);ERG11_ACF2(5-FC);ERG11_ORM2(5-FC);ERG11_ORM2(Trifluoperazine);ERG11_ORM2(noDrug);ERG27_ACF2(5-FC);ERG27_ACF2(noDrug);ERV25_UIP4(5-FC);FMP45_MEP1(5-FC);FMP45_MID2(5-FC);HNM1_ERG11(5-FC);HNM1_ERG11(Trifluoperazine);HNM1_ERG11(noDrug);HNM1_TPO4(noDrug);HUG1_ALO1(5-FC);HUG1_ALO1(noDrug);MID2_MAM33(noDrug);MID2_RSN1(noDrug);MID2_TPO2(noDrug);PLM2_HNM1(5-FC);PLM2_HNM1(Fluconazole);PLM2_HNM1(Metformin);PLM2_HNM1(noDrug);PMC1_CTR2(5-FC);PMC1_CTR2(noDrug);PMC1_GTR2(5-FC);PMC1_GTR2(Trifluoperazine);PMC1_GTR2(noDrug);SRO9_DHH1(5-FC);SRO9_DHH1(noDrug);TPO1_MID2(5-FC);TPO1_MID2(Trifluoperazine);TPO1_MID2(noDrug);TPO1_TCB2(5-FC);TPO1_TCB2(Fluconazole);TPO1_TCB2(Trifluoperazine);TPO1_TCB2(noDrug);TPO1_TPO2(5-FC);TPO1_TPO2(Trifluoperazine);TPO1_TPO2(noDrug),,,piQTL_only
chr16:860239,MID2_MAM33,noDrug,1.301766085,ALO1_UIP4(noDrug);ERG11_ACF2(5-FC);ERG11_ORM2(5-FC);ERG11_ORM2(Trifluoperazine);ERG11_ORM2(noDrug);ERG27_ACF2(5-FC);ERG27_ACF2(noDrug);ERV25_UIP4(5-FC);FMP45_MEP1(5-FC);FMP45_MID2(5-FC);HNM1_ERG11(5-FC);HNM1_ERG11(Trifluoperazine);HNM1_ERG11(noDrug);HNM1_TPO4(noDrug);HUG1_ALO1(5-FC);HUG1_ALO1(noDrug);MID2_MAM33(noDrug);MID2_RSN1(noDrug);MID2_TPO2(noDrug);PLM2_HNM1(5-FC);PLM2_HNM1(Fluconazole);PLM2_HNM1(Metformin);PLM2_HNM1(noDrug);PMC1_CTR2(5-FC);PMC1_CTR2(noDrug);PMC1_GTR2(5-FC);PMC1_GTR2(Trifluoperazine);PMC1_GTR2(noDrug);SRO9_DHH1(5-FC);SRO9_DHH1(noDrug);TPO1_MID2(5-FC);TPO1_MID2(Trifluoperazine);TPO1_MID2(noDrug);TPO1_TCB2(5-FC);TPO1_TCB2(Fluconazole);TPO1_TCB2(Trifluoperazine);TPO1_TCB2(noDrug);TPO1_TPO2(5-FC);TPO1_TPO2(Trifluoperazine);TPO1_TPO2(noDrug),,,piQTL_only
chr16:860239,MID2_RSN1,noDrug,1.09543873,ALO1_UIP4(noDrug);ERG11_ACF2(5-FC);ERG11_ORM2(5-FC);ERG11_ORM2(Trifluoperazine);ERG11_ORM2(noDrug);ERG27_ACF2(5-FC);ERG27_ACF2(noDrug);ERV25_UIP4(5-FC);FMP45_MEP1(5-FC);FMP45_MID2(5-FC);HNM1_ERG11(5-FC);HNM1_ERG11(Trifluoperazine);HNM1_ERG11(noDrug);HNM1_TPO4(noDrug);HUG1_ALO1(5-FC);HUG1_ALO1(noDrug);MID2_MAM33(noDrug);MID2_RSN1(noDrug);MID2_TPO2(noDrug);PLM2_HNM1(5-FC);PLM2_HNM1(Fluconazole);PLM2_HNM1(Metformin);PLM2_HNM1(noDrug);PMC1_CTR2(5-FC);PMC1_CTR2(noDrug);PMC1_GTR2(5-FC);PMC1_GTR2(Trifluoperazine);PMC1_GTR2(noDrug);SRO9_DHH1(5-FC);SRO9_DHH1(noDrug);TPO1_MID2(5-FC);TPO1_MID2(Trifluoperazine);TPO1_MID2(noDrug);TPO1_TCB2(5-FC);TPO1_TCB2(Fluconazole);TPO1_TCB2(Trifluoperazine);TPO1_TCB2(noDrug);TPO1_TPO2(5-FC);TPO1_TPO2(Trifluoperazine);TPO1_TPO2(noDrug),,,piQTL_only
chr16:860239,MID2_TPO2,noDrug,1.093694608,ALO1_UIP4(noDrug);ERG11_ACF2(5-FC);ERG11_ORM2(5-FC);ERG11_ORM2(Trifluoperazine);ERG11_ORM2(noDrug);ERG27_ACF2(5-FC);ERG27_ACF2(noDrug);ERV25_UIP4(5-FC);FMP45_MEP1(5-FC);FMP45_MID2(5-FC);HNM1_ERG11(5-FC);HNM1_ERG11(Trifluoperazine);HNM1_ERG11(noDrug);HNM1_TPO4(noDrug);HUG1_ALO1(5-FC);HUG1_ALO1(noDrug);MID2_MAM33(noDrug);MID2_RSN1(noDrug);MID2_TPO2(noDrug);PLM2_HNM1(5-FC);PLM2_HNM1(Fluconazole);PLM2_HNM1(Metformin);PLM2_HNM1(noDrug);PMC1_CTR2(5-FC);PMC1_CTR2(noDrug);PMC1_GTR2(5-FC);PMC1_GTR2(Trifluoperazine);PMC1_GTR2(noDrug);SRO9_DHH1(5-FC);SRO9_DHH1(noDrug);TPO1_MID2(5-FC);TPO1_MID2(Trifluoperazine);TPO1_MID2(noDrug);TPO1_TCB2(5-FC);TPO1_TCB2(Fluconazole);TPO1_TCB2(Trifluoperazine);TPO1_TCB2(noDrug);TPO1_TPO2(5-FC);TPO1_TPO2(Trifluoperazine);TPO1_TPO2(noDrug),,,piQTL_only
chr16:860239,PLM2_HNM1,5-FC,1.491026657,ALO1_UIP4(noDrug);ERG11_ACF2(5-FC);ERG11_ORM2(5-FC);ERG11_ORM2(Trifluoperazine);ERG11_ORM2(noDrug);ERG27_ACF2(5-FC);ERG27_ACF2(noDrug);ERV25_UIP4(5-FC);FMP45_MEP1(5-FC);FMP45_MID2(5-FC);HNM1_ERG11(5-FC);HNM1_ERG11(Trifluoperazine);HNM1_ERG11(noDrug);HNM1_TPO4(noDrug);HUG1_ALO1(5-FC);HUG1_ALO1(noDrug);MID2_MAM33(noDrug);MID2_RSN1(noDrug);MID2_TPO2(noDrug);PLM2_HNM1(5-FC);PLM2_HNM1(Fluconazole);PLM2_HNM1(Metformin);PLM2_HNM1(noDrug);PMC1_CTR2(5-FC);PMC1_CTR2(noDrug);PMC1_GTR2(5-FC);PMC1_GTR2(Trifluoperazine);PMC1_GTR2(noDrug);SRO9_DHH1(5-FC);SRO9_DHH1(noDrug);TPO1_MID2(5-FC);TPO1_MID2(Trifluoperazine);TPO1_MID2(noDrug);TPO1_TCB2(5-FC);TPO1_TCB2(Fluconazole);TPO1_TCB2(Trifluoperazine);TPO1_TCB2(noDrug);TPO1_TPO2(5-FC);TPO1_TPO2(Trifluoperazine);TPO1_TPO2(noDrug),,,piQTL_only
chr16:860239,PLM2_HNM1,Fluconazole,1.107797889,ALO1_UIP4(noDrug);ERG11_ACF2(5-FC);ERG11_ORM2(5-FC);ERG11_ORM2(Trifluoperazine);ERG11_ORM2(noDrug);ERG27_ACF2(5-FC);ERG27_ACF2(noDrug);ERV25_UIP4(5-FC);FMP45_MEP1(5-FC);FMP45_MID2(5-FC);HNM1_ERG11(5-FC);HNM1_ERG11(Trifluoperazine);HNM1_ERG11(noDrug);HNM1_TPO4(noDrug);HUG1_ALO1(5-FC);HUG1_ALO1(noDrug);MID2_MAM33(noDrug);MID2_RSN1(noDrug);MID2_TPO2(noDrug);PLM2_HNM1(5-FC);PLM2_HNM1(Fluconazole);PLM2_HNM1(Metformin);PLM2_HNM1(noDrug);PMC1_CTR2(5-FC);PMC1_CTR2(noDrug);PMC1_GTR2(5-FC);PMC1_GTR2(Trifluoperazine);PMC1_GTR2(noDrug);SRO9_DHH1(5-FC);SRO9_DHH1(noDrug);TPO1_MID2(5-FC);TPO1_MID2(Trifluoperazine);TPO1_MID2(noDrug);TPO1_TCB2(5-FC);TPO1_TCB2(Fluconazole);TPO1_TCB2(Trifluoperazine);TPO1_TCB2(noDrug);TPO1_TPO2(5-FC);TPO1_TPO2(Trifluoperazine);TPO1_TPO2(noDrug),,,piQTL_only
chr16:860239,PLM2_HNM1,Metformin,1.01036056,ALO1_UIP4(noDrug);ERG11_ACF2(5-FC);ERG11_ORM2(5-FC);ERG11_ORM2(Trifluoperazine);ERG11_ORM2(noDrug);ERG27_ACF2(5-FC);ERG27_ACF2(noDrug);ERV25_UIP4(5-FC);FMP45_MEP1(5-FC);FMP45_MID2(5-FC);HNM1_ERG11(5-FC);HNM1_ERG11(Trifluoperazine);HNM1_ERG11(noDrug);HNM1_TPO4(noDrug);HUG1_ALO1(5-FC);HUG1_ALO1(noDrug);MID2_MAM33(noDrug);MID2_RSN1(noDrug);MID2_TPO2(noDrug);PLM2_HNM1(5-FC);PLM2_HNM1(Fluconazole);PLM2_HNM1(Metformin);PLM2_HNM1(noDrug);PMC1_CTR2(5-FC);PMC1_CTR2(noDrug);PMC1_GTR2(5-FC);PMC1_GTR2(Trifluoperazine);PMC1_GTR2(noDrug);SRO9_DHH1(5-FC);SRO9_DHH1(noDrug);TPO1_MID2(5-FC);TPO1_MID2(Trifluoperazine);TPO1_MID2(noDrug);TPO1_TCB2(5-FC);TPO1_TCB2(Fluconazole);TPO1_TCB2(Trifluoperazine);TPO1_TCB2(noDrug);TPO1_TPO2(5-FC);TPO1_TPO2(Trifluoperazine);TPO1_TPO2(noDrug),,,piQTL_only
chr16:860239,PLM2_HNM1,noDrug,1.548296754,ALO1_UIP4(noDrug);ERG11_ACF2(5-FC);ERG11_ORM2(5-FC);ERG11_ORM2(Trifluoperazine);ERG11_ORM2(noDrug);ERG27_ACF2(5-FC);ERG27_ACF2(noDrug);ERV25_UIP4(5-FC);FMP45_MEP1(5-FC);FMP45_MID2(5-FC);HNM1_ERG11(5-FC);HNM1_ERG11(Trifluoperazine);HNM1_ERG11(noDrug);HNM1_TPO4(noDrug);HUG1_ALO1(5-FC);HUG1_ALO1(noDrug);MID2_MAM33(noDrug);MID2_RSN1(noDrug);MID2_TPO2(noDrug);PLM2_HNM1(5-FC);PLM2_HNM1(Fluconazole);PLM2_HNM1(Metformin);PLM2_HNM1(noDrug);PMC1_CTR2(5-FC);PMC1_CTR2(noDrug);PMC1_GTR2(5-FC);PMC1_GTR2(Trifluoperazine);PMC1_GTR2(noDrug);SRO9_DHH1(5-FC);SRO9_DHH1(noDrug);TPO1_MID2(5-FC);TPO1_MID2(Trifluoperazine);TPO1_MID2(noDrug);TPO1_TCB2(5-FC);TPO1_TCB2(Fluconazole);TPO1_TCB2(Trifluoperazine);TPO1_TCB2(noDrug);TPO1_TPO2(5-FC);TPO1_TPO2(Trifluoperazine);TPO1_TPO2(noDrug),,,piQTL_only
chr16:860239,PMC1_CTR2,5-FC,1.564113929,ALO1_UIP4(noDrug);ERG11_ACF2(5-FC);ERG11_ORM2(5-FC);ERG11_ORM2(Trifluoperazine);ERG11_ORM2(noDrug);ERG27_ACF2(5-FC);ERG27_ACF2(noDrug);ERV25_UIP4(5-FC);FMP45_MEP1(5-FC);FMP45_MID2(5-FC);HNM1_ERG11(5-FC);HNM1_ERG11(Trifluoperazine);HNM1_ERG11(noDrug);HNM1_TPO4(noDrug);HUG1_ALO1(5-FC);HUG1_ALO1(noDrug);MID2_MAM33(noDrug);MID2_RSN1(noDrug);MID2_TPO2(noDrug);PLM2_HNM1(5-FC);PLM2_HNM1(Fluconazole);PLM2_HNM1(Metformin);PLM2_HNM1(noDrug);PMC1_CTR2(5-FC);PMC1_CTR2(noDrug);PMC1_GTR2(5-FC);PMC1_GTR2(Trifluoperazine);PMC1_GTR2(noDrug);SRO9_DHH1(5-FC);SRO9_DHH1(noDrug);TPO1_MID2(5-FC);TPO1_MID2(Trifluoperazine);TPO1_MID2(noDrug);TPO1_TCB2(5-FC);TPO1_TCB2(Fluconazole);TPO1_TCB2(Trifluoperazine);TPO1_TCB2(noDrug);TPO1_TPO2(5-FC);TPO1_TPO2(Trifluoperazine);TPO1_TPO2(noDrug),,,piQTL_only
chr16:860239,PMC1_CTR2,noDrug,1.240927443,ALO1_UIP4(noDrug);ERG11_ACF2(5-FC);ERG11_ORM2(5-FC);ERG11_ORM2(Trifluoperazine);ERG11_ORM2(noDrug);ERG27_ACF2(5-FC);ERG27_ACF2(noDrug);ERV25_UIP4(5-FC);FMP45_MEP1(5-FC);FMP45_MID2(5-FC);HNM1_ERG11(5-FC);HNM1_ERG11(Trifluoperazine);HNM1_ERG11(noDrug);HNM1_TPO4(noDrug);HUG1_ALO1(5-FC);HUG1_ALO1(noDrug);MID2_MAM33(noDrug);MID2_RSN1(noDrug);MID2_TPO2(noDrug);PLM2_HNM1(5-FC);PLM2_HNM1(Fluconazole);PLM2_HNM1(Metformin);PLM2_HNM1(noDrug);PMC1_CTR2(5-FC);PMC1_CTR2(noDrug);PMC1_GTR2(5-FC);PMC1_GTR2(Trifluoperazine);PMC1_GTR2(noDrug);SRO9_DHH1(5-FC);SRO9_DHH1(noDrug);TPO1_MID2(5-FC);TPO1_MID2(Trifluoperazine);TPO1_MID2(noDrug);TPO1_TCB2(5-FC);TPO1_TCB2(Fluconazole);TPO1_TCB2(Trifluoperazine);TPO1_TCB2(noDrug);TPO1_TPO2(5-FC);TPO1_TPO2(Trifluoperazine);TPO1_TPO2(noDrug),,,piQTL_only
chr16:860239,PMC1_GTR2,5-FC,1.432144226,ALO1_UIP4(noDrug);ERG11_ACF2(5-FC);ERG11_ORM2(5-FC);ERG11_ORM2(Trifluoperazine);ERG11_ORM2(noDrug);ERG27_ACF2(5-FC);ERG27_ACF2(noDrug);ERV25_UIP4(5-FC);FMP45_MEP1(5-FC);FMP45_MID2(5-FC);HNM1_ERG11(5-FC);HNM1_ERG11(Trifluoperazine);HNM1_ERG11(noDrug);HNM1_TPO4(noDrug);HUG1_ALO1(5-FC);HUG1_ALO1(noDrug);MID2_MAM33(noDrug);MID2_RSN1(noDrug);MID2_TPO2(noDrug);PLM2_HNM1(5-FC);PLM2_HNM1(Fluconazole);PLM2_HNM1(Metformin);PLM2_HNM1(noDrug);PMC1_CTR2(5-FC);PMC1_CTR2(noDrug);PMC1_GTR2(5-FC);PMC1_GTR2(Trifluoperazine);PMC1_GTR2(noDrug);SRO9_DHH1(5-FC);SRO9_DHH1(noDrug);TPO1_MID2(5-FC);TPO1_MID2(Trifluoperazine);TPO1_MID2(noDrug);TPO1_TCB2(5-FC);TPO1_TCB2(Fluconazole);TPO1_TCB2(Trifluoperazine);TPO1_TCB2(noDrug);TPO1_TPO2(5-FC);TPO1_TPO2(Trifluoperazine);TPO1_TPO2(noDrug),,,piQTL_only
chr16:860239,PMC1_GTR2,Trifluoperazine,1.474140274,ALO1_UIP4(noDrug);ERG11_ACF2(5-FC);ERG11_ORM2(5-FC);ERG11_ORM2(Trifluoperazine);ERG11_ORM2(noDrug);ERG27_ACF2(5-FC);ERG27_ACF2(noDrug);ERV25_UIP4(5-FC);FMP45_MEP1(5-FC);FMP45_MID2(5-FC);HNM1_ERG11(5-FC);HNM1_ERG11(Trifluoperazine);HNM1_ERG11(noDrug);HNM1_TPO4(noDrug);HUG1_ALO1(5-FC);HUG1_ALO1(noDrug);MID2_MAM33(noDrug);MID2_RSN1(noDrug);MID2_TPO2(noDrug);PLM2_HNM1(5-FC);PLM2_HNM1(Fluconazole);PLM2_HNM1(Metformin);PLM2_HNM1(noDrug);PMC1_CTR2(5-FC);PMC1_CTR2(noDrug);PMC1_GTR2(5-FC);PMC1_GTR2(Trifluoperazine);PMC1_GTR2(noDrug);SRO9_DHH1(5-FC);SRO9_DHH1(noDrug);TPO1_MID2(5-FC);TPO1_MID2(Trifluoperazine);TPO1_MID2(noDrug);TPO1_TCB2(5-FC);TPO1_TCB2(Fluconazole);TPO1_TCB2(Trifluoperazine);TPO1_TCB2(noDrug);TPO1_TPO2(5-FC);TPO1_TPO2(Trifluoperazine);TPO1_TPO2(noDrug),,,piQTL_only
chr16:860239,PMC1_GTR2,noDrug,1.395208756,ALO1_UIP4(noDrug);ERG11_ACF2(5-FC);ERG11_ORM2(5-FC);ERG11_ORM2(Trifluoperazine);ERG11_ORM2(noDrug);ERG27_ACF2(5-FC);ERG27_ACF2(noDrug);ERV25_UIP4(5-FC);FMP45_MEP1(5-FC);FMP45_MID2(5-FC);HNM1_ERG11(5-FC);HNM1_ERG11(Trifluoperazine);HNM1_ERG11(noDrug);HNM1_TPO4(noDrug);HUG1_ALO1(5-FC);HUG1_ALO1(noDrug);MID2_MAM33(noDrug);MID2_RSN1(noDrug);MID2_TPO2(noDrug);PLM2_HNM1(5-FC);PLM2_HNM1(Fluconazole);PLM2_HNM1(Metformin);PLM2_HNM1(noDrug);PMC1_CTR2(5-FC);PMC1_CTR2(noDrug);PMC1_GTR2(5-FC);PMC1_GTR2(Trifluoperazine);PMC1_GTR2(noDrug);SRO9_DHH1(5-FC);SRO9_DHH1(noDrug);TPO1_MID2(5-FC);TPO1_MID2(Trifluoperazine);TPO1_MID2(noDrug);TPO1_TCB2(5-FC);TPO1_TCB2(Fluconazole);TPO1_TCB2(Trifluoperazine);TPO1_TCB2(noDrug);TPO1_TPO2(5-FC);TPO1_TPO2(Trifluoperazine);TPO1_TPO2(noDrug),,,piQTL_only
chr16:860239,SRO9_DHH1,5-FC,1.24470489,ALO1_UIP4(noDrug);ERG11_ACF2(5-FC);ERG11_ORM2(5-FC);ERG11_ORM2(Trifluoperazine);ERG11_ORM2(noDrug);ERG27_ACF2(5-FC);ERG27_ACF2(noDrug);ERV25_UIP4(5-FC);FMP45_MEP1(5-FC);FMP45_MID2(5-FC);HNM1_ERG11(5-FC);HNM1_ERG11(Trifluoperazine);HNM1_ERG11(noDrug);HNM1_TPO4(noDrug);HUG1_ALO1(5-FC);HUG1_ALO1(noDrug);MID2_MAM33(noDrug);MID2_RSN1(noDrug);MID2_TPO2(noDrug);PLM2_HNM1(5-FC);PLM2_HNM1(Fluconazole);PLM2_HNM1(Metformin);PLM2_HNM1(noDrug);PMC1_CTR2(5-FC);PMC1_CTR2(noDrug);PMC1_GTR2(5-FC);PMC1_GTR2(Trifluoperazine);PMC1_GTR2(noDrug);SRO9_DHH1(5-FC);SRO9_DHH1(noDrug);TPO1_MID2(5-FC);TPO1_MID2(Trifluoperazine);TPO1_MID2(noDrug);TPO1_TCB2(5-FC);TPO1_TCB2(Fluconazole);TPO1_TCB2(Trifluoperazine);TPO1_TCB2(noDrug);TPO1_TPO2(5-FC);TPO1_TPO2(Trifluoperazine);TPO1_TPO2(noDrug),,,piQTL_only
chr16:860239,SRO9_DHH1,noDrug,1.235293665,ALO1_UIP4(noDrug);ERG11_ACF2(5-FC);ERG11_ORM2(5-FC);ERG11_ORM2(Trifluoperazine);ERG11_ORM2(noDrug);ERG27_ACF2(5-FC);ERG27_ACF2(noDrug);ERV25_UIP4(5-FC);FMP45_MEP1(5-FC);FMP45_MID2(5-FC);HNM1_ERG11(5-FC);HNM1_ERG11(Trifluoperazine);HNM1_ERG11(noDrug);HNM1_TPO4(noDrug);HUG1_ALO1(5-FC);HUG1_ALO1(noDrug);MID2_MAM33(noDrug);MID2_RSN1(noDrug);MID2_TPO2(noDrug);PLM2_HNM1(5-FC);PLM2_HNM1(Fluconazole);PLM2_HNM1(Metformin);PLM2_HNM1(noDrug);PMC1_CTR2(5-FC);PMC1_CTR2(noDrug);PMC1_GTR2(5-FC);PMC1_GTR2(Trifluoperazine);PMC1_GTR2(noDrug);SRO9_DHH1(5-FC);SRO9_DHH1(noDrug);TPO1_MID2(5-FC);TPO1_MID2(Trifluoperazine);TPO1_MID2(noDrug);TPO1_TCB2(5-FC);TPO1_TCB2(Fluconazole);TPO1_TCB2(Trifluoperazine);TPO1_TCB2(noDrug);TPO1_TPO2(5-FC);TPO1_TPO2(Trifluoperazine);TPO1_TPO2(noDrug),,,piQTL_only
chr16:860239,TPO1_MID2,5-FC,1.259463466,ALO1_UIP4(noDrug);ERG11_ACF2(5-FC);ERG11_ORM2(5-FC);ERG11_ORM2(Trifluoperazine);ERG11_ORM2(noDrug);ERG27_ACF2(5-FC);ERG27_ACF2(noDrug);ERV25_UIP4(5-FC);FMP45_MEP1(5-FC);FMP45_MID2(5-FC);HNM1_ERG11(5-FC);HNM1_ERG11(Trifluoperazine);HNM1_ERG11(noDrug);HNM1_TPO4(noDrug);HUG1_ALO1(5-FC);HUG1_ALO1(noDrug);MID2_MAM33(noDrug);MID2_RSN1(noDrug);MID2_TPO2(noDrug);PLM2_HNM1(5-FC);PLM2_HNM1(Fluconazole);PLM2_HNM1(Metformin);PLM2_HNM1(noDrug);PMC1_CTR2(5-FC);PMC1_CTR2(noDrug);PMC1_GTR2(5-FC);PMC1_GTR2(Trifluoperazine);PMC1_GTR2(noDrug);SRO9_DHH1(5-FC);SRO9_DHH1(noDrug);TPO1_MID2(5-FC);TPO1_MID2(Trifluoperazine);TPO1_MID2(noDrug);TPO1_TCB2(5-FC);TPO1_TCB2(Fluconazole);TPO1_TCB2(Trifluoperazine);TPO1_TCB2(noDrug);TPO1_TPO2(5-FC);TPO1_TPO2(Trifluoperazine);TPO1_TPO2(noDrug),,,piQTL_only
chr16:860239,TPO1_MID2,Trifluoperazine,1.214583448,ALO1_UIP4(noDrug);ERG11_ACF2(5-FC);ERG11_ORM2(5-FC);ERG11_ORM2(Trifluoperazine);ERG11_ORM2(noDrug);ERG27_ACF2(5-FC);ERG27_ACF2(noDrug);ERV25_UIP4(5-FC);FMP45_MEP1(5-FC);FMP45_MID2(5-FC);HNM1_ERG11(5-FC);HNM1_ERG11(Trifluoperazine);HNM1_ERG11(noDrug);HNM1_TPO4(noDrug);HUG1_ALO1(5-FC);HUG1_ALO1(noDrug);MID2_MAM33(noDrug);MID2_RSN1(noDrug);MID2_TPO2(noDrug);PLM2_HNM1(5-FC);PLM2_HNM1(Fluconazole);PLM2_HNM1(Metformin);PLM2_HNM1(noDrug);PMC1_CTR2(5-FC);PMC1_CTR2(noDrug);PMC1_GTR2(5-FC);PMC1_GTR2(Trifluoperazine);PMC1_GTR2(noDrug);SRO9_DHH1(5-FC);SRO9_DHH1(noDrug);TPO1_MID2(5-FC);TPO1_MID2(Trifluoperazine);TPO1_MID2(noDrug);TPO1_TCB2(5-FC);TPO1_TCB2(Fluconazole);TPO1_TCB2(Trifluoperazine);TPO1_TCB2(noDrug);TPO1_TPO2(5-FC);TPO1_TPO2(Trifluoperazine);TPO1_TPO2(noDrug),,,piQTL_only
chr16:860239,TPO1_MID2,noDrug,1.289810944,ALO1_UIP4(noDrug);ERG11_ACF2(5-FC);ERG11_ORM2(5-FC);ERG11_ORM2(Trifluoperazine);ERG11_ORM2(noDrug);ERG27_ACF2(5-FC);ERG27_ACF2(noDrug);ERV25_UIP4(5-FC);FMP45_MEP1(5-FC);FMP45_MID2(5-FC);HNM1_ERG11(5-FC);HNM1_ERG11(Trifluoperazine);HNM1_ERG11(noDrug);HNM1_TPO4(noDrug);HUG1_ALO1(5-FC);HUG1_ALO1(noDrug);MID2_MAM33(noDrug);MID2_RSN1(noDrug);MID2_TPO2(noDrug);PLM2_HNM1(5-FC);PLM2_HNM1(Fluconazole);PLM2_HNM1(Metformin);PLM2_HNM1(noDrug);PMC1_CTR2(5-FC);PMC1_CTR2(noDrug);PMC1_GTR2(5-FC);PMC1_GTR2(Trifluoperazine);PMC1_GTR2(noDrug);SRO9_DHH1(5-FC);SRO9_DHH1(noDrug);TPO1_MID2(5-FC);TPO1_MID2(Trifluoperazine);TPO1_MID2(noDrug);TPO1_TCB2(5-FC);TPO1_TCB2(Fluconazole);TPO1_TCB2(Trifluoperazine);TPO1_TCB2(noDrug);TPO1_TPO2(5-FC);TPO1_TPO2(Trifluoperazine);TPO1_TPO2(noDrug),,,piQTL_only
chr16:860239,TPO1_TCB2,5-FC,1.376414887,ALO1_UIP4(noDrug);ERG11_ACF2(5-FC);ERG11_ORM2(5-FC);ERG11_ORM2(Trifluoperazine);ERG11_ORM2(noDrug);ERG27_ACF2(5-FC);ERG27_ACF2(noDrug);ERV25_UIP4(5-FC);FMP45_MEP1(5-FC);FMP45_MID2(5-FC);HNM1_ERG11(5-FC);HNM1_ERG11(Trifluoperazine);HNM1_ERG11(noDrug);HNM1_TPO4(noDrug);HUG1_ALO1(5-FC);HUG1_ALO1(noDrug);MID2_MAM33(noDrug);MID2_RSN1(noDrug);MID2_TPO2(noDrug);PLM2_HNM1(5-FC);PLM2_HNM1(Fluconazole);PLM2_HNM1(Metformin);PLM2_HNM1(noDrug);PMC1_CTR2(5-FC);PMC1_CTR2(noDrug);PMC1_GTR2(5-FC);PMC1_GTR2(Trifluoperazine);PMC1_GTR2(noDrug);SRO9_DHH1(5-FC);SRO9_DHH1(noDrug);TPO1_MID2(5-FC);TPO1_MID2(Trifluoperazine);TPO1_MID2(noDrug);TPO1_TCB2(5-FC);TPO1_TCB2(Fluconazole);TPO1_TCB2(Trifluoperazine);TPO1_TCB2(noDrug);TPO1_TPO2(5-FC);TPO1_TPO2(Trifluoperazine);TPO1_TPO2(noDrug),,,piQTL_only
chr16:860239,TPO1_TCB2,Fluconazole,1.310326227,ALO1_UIP4(noDrug);ERG11_ACF2(5-FC);ERG11_ORM2(5-FC);ERG11_ORM2(Trifluoperazine);ERG11_ORM2(noDrug);ERG27_ACF2(5-FC);ERG27_ACF2(noDrug);ERV25_UIP4(5-FC);FMP45_MEP1(5-FC);FMP45_MID2(5-FC);HNM1_ERG11(5-FC);HNM1_ERG11(Trifluoperazine);HNM1_ERG11(noDrug);HNM1_TPO4(noDrug);HUG1_ALO1(5-FC);HUG1_ALO1(noDrug);MID2_MAM33(noDrug);MID2_RSN1(noDrug);MID2_TPO2(noDrug);PLM2_HNM1(5-FC);PLM2_HNM1(Fluconazole);PLM2_HNM1(Metformin);PLM2_HNM1(noDrug);PMC1_CTR2(5-FC);PMC1_CTR2(noDrug);PMC1_GTR2(5-FC);PMC1_GTR2(Trifluoperazine);PMC1_GTR2(noDrug);SRO9_DHH1(5-FC);SRO9_DHH1(noDrug);TPO1_MID2(5-FC);TPO1_MID2(Trifluoperazine);TPO1_MID2(noDrug);TPO1_TCB2(5-FC);TPO1_TCB2(Fluconazole);TPO1_TCB2(Trifluoperazine);TPO1_TCB2(noDrug);TPO1_TPO2(5-FC);TPO1_TPO2(Trifluoperazine);TPO1_TPO2(noDrug),,,piQTL_only
chr16:860239,TPO1_TCB2,Trifluoperazine,0.808166751,ALO1_UIP4(noDrug);ERG11_ACF2(5-FC);ERG11_ORM2(5-FC);ERG11_ORM2(Trifluoperazine);ERG11_ORM2(noDrug);ERG27_ACF2(5-FC);ERG27_ACF2(noDrug);ERV25_UIP4(5-FC);FMP45_MEP1(5-FC);FMP45_MID2(5-FC);HNM1_ERG11(5-FC);HNM1_ERG11(Trifluoperazine);HNM1_ERG11(noDrug);HNM1_TPO4(noDrug);HUG1_ALO1(5-FC);HUG1_ALO1(noDrug);MID2_MAM33(noDrug);MID2_RSN1(noDrug);MID2_TPO2(noDrug);PLM2_HNM1(5-FC);PLM2_HNM1(Fluconazole);PLM2_HNM1(Metformin);PLM2_HNM1(noDrug);PMC1_CTR2(5-FC);PMC1_CTR2(noDrug);PMC1_GTR2(5-FC);PMC1_GTR2(Trifluoperazine);PMC1_GTR2(noDrug);SRO9_DHH1(5-FC);SRO9_DHH1(noDrug);TPO1_MID2(5-FC);TPO1_MID2(Trifluoperazine);TPO1_MID2(noDrug);TPO1_TCB2(5-FC);TPO1_TCB2(Fluconazole);TPO1_TCB2(Trifluoperazine);TPO1_TCB2(noDrug);TPO1_TPO2(5-FC);TPO1_TPO2(Trifluoperazine);TPO1_TPO2(noDrug),,,piQTL_only
chr16:860239,TPO1_TCB2,noDrug,1.08977166,ALO1_UIP4(noDrug);ERG11_ACF2(5-FC);ERG11_ORM2(5-FC);ERG11_ORM2(Trifluoperazine);ERG11_ORM2(noDrug);ERG27_ACF2(5-FC);ERG27_ACF2(noDrug);ERV25_UIP4(5-FC);FMP45_MEP1(5-FC);FMP45_MID2(5-FC);HNM1_ERG11(5-FC);HNM1_ERG11(Trifluoperazine);HNM1_ERG11(noDrug);HNM1_TPO4(noDrug);HUG1_ALO1(5-FC);HUG1_ALO1(noDrug);MID2_MAM33(noDrug);MID2_RSN1(noDrug);MID2_TPO2(noDrug);PLM2_HNM1(5-FC);PLM2_HNM1(Fluconazole);PLM2_HNM1(Metformin);PLM2_HNM1(noDrug);PMC1_CTR2(5-FC);PMC1_CTR2(noDrug);PMC1_GTR2(5-FC);PMC1_GTR2(Trifluoperazine);PMC1_GTR2(noDrug);SRO9_DHH1(5-FC);SRO9_DHH1(noDrug);TPO1_MID2(5-FC);TPO1_MID2(Trifluoperazine);TPO1_MID2(noDrug);TPO1_TCB2(5-FC);TPO1_TCB2(Fluconazole);TPO1_TCB2(Trifluoperazine);TPO1_TCB2(noDrug);TPO1_TPO2(5-FC);TPO1_TPO2(Trifluoperazine);TPO1_TPO2(noDrug),,,piQTL_only
chr16:860239,TPO1_TPO2,5-FC,1.044814359,ALO1_UIP4(noDrug);ERG11_ACF2(5-FC);ERG11_ORM2(5-FC);ERG11_ORM2(Trifluoperazine);ERG11_ORM2(noDrug);ERG27_ACF2(5-FC);ERG27_ACF2(noDrug);ERV25_UIP4(5-FC);FMP45_MEP1(5-FC);FMP45_MID2(5-FC);HNM1_ERG11(5-FC);HNM1_ERG11(Trifluoperazine);HNM1_ERG11(noDrug);HNM1_TPO4(noDrug);HUG1_ALO1(5-FC);HUG1_ALO1(noDrug);MID2_MAM33(noDrug);MID2_RSN1(noDrug);MID2_TPO2(noDrug);PLM2_HNM1(5-FC);PLM2_HNM1(Fluconazole);PLM2_HNM1(Metformin);PLM2_HNM1(noDrug);PMC1_CTR2(5-FC);PMC1_CTR2(noDrug);PMC1_GTR2(5-FC);PMC1_GTR2(Trifluoperazine);PMC1_GTR2(noDrug);SRO9_DHH1(5-FC);SRO9_DHH1(noDrug);TPO1_MID2(5-FC);TPO1_MID2(Trifluoperazine);TPO1_MID2(noDrug);TPO1_TCB2(5-FC);TPO1_TCB2(Fluconazole);TPO1_TCB2(Trifluoperazine);TPO1_TCB2(noDrug);TPO1_TPO2(5-FC);TPO1_TPO2(Trifluoperazine);TPO1_TPO2(noDrug),,,piQTL_only
chr16:860239,TPO1_TPO2,Trifluoperazine,1.338524059,ALO1_UIP4(noDrug);ERG11_ACF2(5-FC);ERG11_ORM2(5-FC);ERG11_ORM2(Trifluoperazine);ERG11_ORM2(noDrug);ERG27_ACF2(5-FC);ERG27_ACF2(noDrug);ERV25_UIP4(5-FC);FMP45_MEP1(5-FC);FMP45_MID2(5-FC);HNM1_ERG11(5-FC);HNM1_ERG11(Trifluoperazine);HNM1_ERG11(noDrug);HNM1_TPO4(noDrug);HUG1_ALO1(5-FC);HUG1_ALO1(noDrug);MID2_MAM33(noDrug);MID2_RSN1(noDrug);MID2_TPO2(noDrug);PLM2_HNM1(5-FC);PLM2_HNM1(Fluconazole);PLM2_HNM1(Metformin);PLM2_HNM1(noDrug);PMC1_CTR2(5-FC);PMC1_CTR2(noDrug);PMC1_GTR2(5-FC);PMC1_GTR2(Trifluoperazine);PMC1_GTR2(noDrug);SRO9_DHH1(5-FC);SRO9_DHH1(noDrug);TPO1_MID2(5-FC);TPO1_MID2(Trifluoperazine);TPO1_MID2(noDrug);TPO1_TCB2(5-FC);TPO1_TCB2(Fluconazole);TPO1_TCB2(Trifluoperazine);TPO1_TCB2(noDrug);TPO1_TPO2(5-FC);TPO1_TPO2(Trifluoperazine);TPO1_TPO2(noDrug),,,piQTL_only
chr16:860239,TPO1_TPO2,noDrug,1.470430794,ALO1_UIP4(noDrug);ERG11_ACF2(5-FC);ERG11_ORM2(5-FC);ERG11_ORM2(Trifluoperazine);ERG11_ORM2(noDrug);ERG27_ACF2(5-FC);ERG27_ACF2(noDrug);ERV25_UIP4(5-FC);FMP45_MEP1(5-FC);FMP45_MID2(5-FC);HNM1_ERG11(5-FC);HNM1_ERG11(Trifluoperazine);HNM1_ERG11(noDrug);HNM1_TPO4(noDrug);HUG1_ALO1(5-FC);HUG1_ALO1(noDrug);MID2_MAM33(noDrug);MID2_RSN1(noDrug);MID2_TPO2(noDrug);PLM2_HNM1(5-FC);PLM2_HNM1(Fluconazole);PLM2_HNM1(Metformin);PLM2_HNM1(noDrug);PMC1_CTR2(5-FC);PMC1_CTR2(noDrug);PMC1_GTR2(5-FC);PMC1_GTR2(Trifluoperazine);PMC1_GTR2(noDrug);SRO9_DHH1(5-FC);SRO9_DHH1(noDrug);TPO1_MID2(5-FC);TPO1_MID2(Trifluoperazine);TPO1_MID2(noDrug);TPO1_TCB2(5-FC);TPO1_TCB2(Fluconazole);TPO1_TCB2(Trifluoperazine);TPO1_TCB2(noDrug);TPO1_TPO2(5-FC);TPO1_TPO2(Trifluoperazine);TPO1_TPO2(noDrug),,,piQTL_only
chr16:867326,ALO1_ADE17,5-FC,0.628069781,ALO1_ADE17(5-FC);ALO1_ADE17(Metformin);ALO1_ADE17(Trifluoperazine);ALO1_ADE17(noDrug);ALO1_HYR1(5-FC);ALO1_HYR1(Fluconazole);ALO1_HYR1(noDrug);ALO1_UIP4(5-FC);ERG11_ACF2(5-FC);ERG11_ACF2(noDrug);ERG11_ORM2(5-FC);ERG27_ACF2(5-FC);ERG27_ACF2(Trifluoperazine);ERG27_ACF2(noDrug);ERV25_UIP4(5-FC);ERV25_UIP4(noDrug);FMP45_MEP1(5-FC);HNM1_ERG11(noDrug);HNM1_TPO4(5-FC);HNM1_TPO4(noDrug);HUG1_ADE17(5-FC);HUG1_ALO1(5-FC);HUG1_ALO1(Trifluoperazine);HUG1_ALO1(noDrug);MID2_MAM33(noDrug);MID2_PIN2(Fluconazole);MID2_RSN1(noDrug);MID2_TPO2(noDrug);MID2_TPO4(Fluconazole);PLM2_HNM1(5-FC);PMC1_CTR2(5-FC);PMC1_CTR2(Fluconazole);PMC1_CTR2(Metformin);PMC1_CTR2(Trifluoperazine);PMC1_CTR2(noDrug);PMC1_GTR2(5-FC);PMC1_GTR2(Metformin);PMC1_GTR2(Trifluoperazine);PMC1_GTR2(noDrug);SNA4_GTR2(Trifluoperazine);SRO9_DHH1(noDrug);SRO9_GIS2(noDrug);TPO1_MID2(Trifluoperazine);TPO1_MID2(noDrug);TPO1_TCB2(5-FC);TPO1_TCB2(noDrug);TPO1_TPO2(Trifluoperazine),,,piQTL_only
chr16:867326,ALO1_ADE17,Metformin,0.542141429,ALO1_ADE17(5-FC);ALO1_ADE17(Metformin);ALO1_ADE17(Trifluoperazine);ALO1_ADE17(noDrug);ALO1_HYR1(5-FC);ALO1_HYR1(Fluconazole);ALO1_HYR1(noDrug);ALO1_UIP4(5-FC);ERG11_ACF2(5-FC);ERG11_ACF2(noDrug);ERG11_ORM2(5-FC);ERG27_ACF2(5-FC);ERG27_ACF2(Trifluoperazine);ERG27_ACF2(noDrug);ERV25_UIP4(5-FC);ERV25_UIP4(noDrug);FMP45_MEP1(5-FC);HNM1_ERG11(noDrug);HNM1_TPO4(5-FC);HNM1_TPO4(noDrug);HUG1_ADE17(5-FC);HUG1_ALO1(5-FC);HUG1_ALO1(Trifluoperazine);HUG1_ALO1(noDrug);MID2_MAM33(noDrug);MID2_PIN2(Fluconazole);MID2_RSN1(noDrug);MID2_TPO2(noDrug);MID2_TPO4(Fluconazole);PLM2_HNM1(5-FC);PMC1_CTR2(5-FC);PMC1_CTR2(Fluconazole);PMC1_CTR2(Metformin);PMC1_CTR2(Trifluoperazine);PMC1_CTR2(noDrug);PMC1_GTR2(5-FC);PMC1_GTR2(Metformin);PMC1_GTR2(Trifluoperazine);PMC1_GTR2(noDrug);SNA4_GTR2(Trifluoperazine);SRO9_DHH1(noDrug);SRO9_GIS2(noDrug);TPO1_MID2(Trifluoperazine);TPO1_MID2(noDrug);TPO1_TCB2(5-FC);TPO1_TCB2(noDrug);TPO1_TPO2(Trifluoperazine),,,piQTL_only
chr16:867326,ALO1_ADE17,Trifluoperazine,0.644210349,ALO1_ADE17(5-FC);ALO1_ADE17(Metformin);ALO1_ADE17(Trifluoperazine);ALO1_ADE17(noDrug);ALO1_HYR1(5-FC);ALO1_HYR1(Fluconazole);ALO1_HYR1(noDrug);ALO1_UIP4(5-FC);ERG11_ACF2(5-FC);ERG11_ACF2(noDrug);ERG11_ORM2(5-FC);ERG27_ACF2(5-FC);ERG27_ACF2(Trifluoperazine);ERG27_ACF2(noDrug);ERV25_UIP4(5-FC);ERV25_UIP4(noDrug);FMP45_MEP1(5-FC);HNM1_ERG11(noDrug);HNM1_TPO4(5-FC);HNM1_TPO4(noDrug);HUG1_ADE17(5-FC);HUG1_ALO1(5-FC);HUG1_ALO1(Trifluoperazine);HUG1_ALO1(noDrug);MID2_MAM33(noDrug);MID2_PIN2(Fluconazole);MID2_RSN1(noDrug);MID2_TPO2(noDrug);MID2_TPO4(Fluconazole);PLM2_HNM1(5-FC);PMC1_CTR2(5-FC);PMC1_CTR2(Fluconazole);PMC1_CTR2(Metformin);PMC1_CTR2(Trifluoperazine);PMC1_CTR2(noDrug);PMC1_GTR2(5-FC);PMC1_GTR2(Metformin);PMC1_GTR2(Trifluoperazine);PMC1_GTR2(noDrug);SNA4_GTR2(Trifluoperazine);SRO9_DHH1(noDrug);SRO9_GIS2(noDrug);TPO1_MID2(Trifluoperazine);TPO1_MID2(noDrug);TPO1_TCB2(5-FC);TPO1_TCB2(noDrug);TPO1_TPO2(Trifluoperazine),,,piQTL_only
chr16:867326,ALO1_ADE17,noDrug,0.732559504,ALO1_ADE17(5-FC);ALO1_ADE17(Metformin);ALO1_ADE17(Trifluoperazine);ALO1_ADE17(noDrug);ALO1_HYR1(5-FC);ALO1_HYR1(Fluconazole);ALO1_HYR1(noDrug);ALO1_UIP4(5-FC);ERG11_ACF2(5-FC);ERG11_ACF2(noDrug);ERG11_ORM2(5-FC);ERG27_ACF2(5-FC);ERG27_ACF2(Trifluoperazine);ERG27_ACF2(noDrug);ERV25_UIP4(5-FC);ERV25_UIP4(noDrug);FMP45_MEP1(5-FC);HNM1_ERG11(noDrug);HNM1_TPO4(5-FC);HNM1_TPO4(noDrug);HUG1_ADE17(5-FC);HUG1_ALO1(5-FC);HUG1_ALO1(Trifluoperazine);HUG1_ALO1(noDrug);MID2_MAM33(noDrug);MID2_PIN2(Fluconazole);MID2_RSN1(noDrug);MID2_TPO2(noDrug);MID2_TPO4(Fluconazole);PLM2_HNM1(5-FC);PMC1_CTR2(5-FC);PMC1_CTR2(Fluconazole);PMC1_CTR2(Metformin);PMC1_CTR2(Trifluoperazine);PMC1_CTR2(noDrug);PMC1_GTR2(5-FC);PMC1_GTR2(Metformin);PMC1_GTR2(Trifluoperazine);PMC1_GTR2(noDrug);SNA4_GTR2(Trifluoperazine);SRO9_DHH1(noDrug);SRO9_GIS2(noDrug);TPO1_MID2(Trifluoperazine);TPO1_MID2(noDrug);TPO1_TCB2(5-FC);TPO1_TCB2(noDrug);TPO1_TPO2(Trifluoperazine),,,piQTL_only
chr16:867326,ALO1_HYR1,5-FC,0.554589201,ALO1_ADE17(5-FC);ALO1_ADE17(Metformin);ALO1_ADE17(Trifluoperazine);ALO1_ADE17(noDrug);ALO1_HYR1(5-FC);ALO1_HYR1(Fluconazole);ALO1_HYR1(noDrug);ALO1_UIP4(5-FC);ERG11_ACF2(5-FC);ERG11_ACF2(noDrug);ERG11_ORM2(5-FC);ERG27_ACF2(5-FC);ERG27_ACF2(Trifluoperazine);ERG27_ACF2(noDrug);ERV25_UIP4(5-FC);ERV25_UIP4(noDrug);FMP45_MEP1(5-FC);HNM1_ERG11(noDrug);HNM1_TPO4(5-FC);HNM1_TPO4(noDrug);HUG1_ADE17(5-FC);HUG1_ALO1(5-FC);HUG1_ALO1(Trifluoperazine);HUG1_ALO1(noDrug);MID2_MAM33(noDrug);MID2_PIN2(Fluconazole);MID2_RSN1(noDrug);MID2_TPO2(noDrug);MID2_TPO4(Fluconazole);PLM2_HNM1(5-FC);PMC1_CTR2(5-FC);PMC1_CTR2(Fluconazole);PMC1_CTR2(Metformin);PMC1_CTR2(Trifluoperazine);PMC1_CTR2(noDrug);PMC1_GTR2(5-FC);PMC1_GTR2(Metformin);PMC1_GTR2(Trifluoperazine);PMC1_GTR2(noDrug);SNA4_GTR2(Trifluoperazine);SRO9_DHH1(noDrug);SRO9_GIS2(noDrug);TPO1_MID2(Trifluoperazine);TPO1_MID2(noDrug);TPO1_TCB2(5-FC);TPO1_TCB2(noDrug);TPO1_TPO2(Trifluoperazine),,,piQTL_only
chr16:867326,ALO1_HYR1,Fluconazole,0.611644231,ALO1_ADE17(5-FC);ALO1_ADE17(Metformin);ALO1_ADE17(Trifluoperazine);ALO1_ADE17(noDrug);ALO1_HYR1(5-FC);ALO1_HYR1(Fluconazole);ALO1_HYR1(noDrug);ALO1_UIP4(5-FC);ERG11_ACF2(5-FC);ERG11_ACF2(noDrug);ERG11_ORM2(5-FC);ERG27_ACF2(5-FC);ERG27_ACF2(Trifluoperazine);ERG27_ACF2(noDrug);ERV25_UIP4(5-FC);ERV25_UIP4(noDrug);FMP45_MEP1(5-FC);HNM1_ERG11(noDrug);HNM1_TPO4(5-FC);HNM1_TPO4(noDrug);HUG1_ADE17(5-FC);HUG1_ALO1(5-FC);HUG1_ALO1(Trifluoperazine);HUG1_ALO1(noDrug);MID2_MAM33(noDrug);MID2_PIN2(Fluconazole);MID2_RSN1(noDrug);MID2_TPO2(noDrug);MID2_TPO4(Fluconazole);PLM2_HNM1(5-FC);PMC1_CTR2(5-FC);PMC1_CTR2(Fluconazole);PMC1_CTR2(Metformin);PMC1_CTR2(Trifluoperazine);PMC1_CTR2(noDrug);PMC1_GTR2(5-FC);PMC1_GTR2(Metformin);PMC1_GTR2(Trifluoperazine);PMC1_GTR2(noDrug);SNA4_GTR2(Trifluoperazine);SRO9_DHH1(noDrug);SRO9_GIS2(noDrug);TPO1_MID2(Trifluoperazine);TPO1_MID2(noDrug);TPO1_TCB2(5-FC);TPO1_TCB2(noDrug);TPO1_TPO2(Trifluoperazine),,,piQTL_only
chr16:867326,ALO1_HYR1,noDrug,0.618596348,ALO1_ADE17(5-FC);ALO1_ADE17(Metformin);ALO1_ADE17(Trifluoperazine);ALO1_ADE17(noDrug);ALO1_HYR1(5-FC);ALO1_HYR1(Fluconazole);ALO1_HYR1(noDrug);ALO1_UIP4(5-FC);ERG11_ACF2(5-FC);ERG11_ACF2(noDrug);ERG11_ORM2(5-FC);ERG27_ACF2(5-FC);ERG27_ACF2(Trifluoperazine);ERG27_ACF2(noDrug);ERV25_UIP4(5-FC);ERV25_UIP4(noDrug);FMP45_MEP1(5-FC);HNM1_ERG11(noDrug);HNM1_TPO4(5-FC);HNM1_TPO4(noDrug);HUG1_ADE17(5-FC);HUG1_ALO1(5-FC);HUG1_ALO1(Trifluoperazine);HUG1_ALO1(noDrug);MID2_MAM33(noDrug);MID2_PIN2(Fluconazole);MID2_RSN1(noDrug);MID2_TPO2(noDrug);MID2_TPO4(Fluconazole);PLM2_HNM1(5-FC);PMC1_CTR2(5-FC);PMC1_CTR2(Fluconazole);PMC1_CTR2(Metformin);PMC1_CTR2(Trifluoperazine);PMC1_CTR2(noDrug);PMC1_GTR2(5-FC);PMC1_GTR2(Metformin);PMC1_GTR2(Trifluoperazine);PMC1_GTR2(noDrug);SNA4_GTR2(Trifluoperazine);SRO9_DHH1(noDrug);SRO9_GIS2(noDrug);TPO1_MID2(Trifluoperazine);TPO1_MID2(noDrug);TPO1_TCB2(5-FC);TPO1_TCB2(noDrug);TPO1_TPO2(Trifluoperazine),,,piQTL_only
chr16:867326,ALO1_UIP4,5-FC,0.63979367,ALO1_ADE17(5-FC);ALO1_ADE17(Metformin);ALO1_ADE17(Trifluoperazine);ALO1_ADE17(noDrug);ALO1_HYR1(5-FC);ALO1_HYR1(Fluconazole);ALO1_HYR1(noDrug);ALO1_UIP4(5-FC);ERG11_ACF2(5-FC);ERG11_ACF2(noDrug);ERG11_ORM2(5-FC);ERG27_ACF2(5-FC);ERG27_ACF2(Trifluoperazine);ERG27_ACF2(noDrug);ERV25_UIP4(5-FC);ERV25_UIP4(noDrug);FMP45_MEP1(5-FC);HNM1_ERG11(noDrug);HNM1_TPO4(5-FC);HNM1_TPO4(noDrug);HUG1_ADE17(5-FC);HUG1_ALO1(5-FC);HUG1_ALO1(Trifluoperazine);HUG1_ALO1(noDrug);MID2_MAM33(noDrug);MID2_PIN2(Fluconazole);MID2_RSN1(noDrug);MID2_TPO2(noDrug);MID2_TPO4(Fluconazole);PLM2_HNM1(5-FC);PMC1_CTR2(5-FC);PMC1_CTR2(Fluconazole);PMC1_CTR2(Metformin);PMC1_CTR2(Trifluoperazine);PMC1_CTR2(noDrug);PMC1_GTR2(5-FC);PMC1_GTR2(Metformin);PMC1_GTR2(Trifluoperazine);PMC1_GTR2(noDrug);SNA4_GTR2(Trifluoperazine);SRO9_DHH1(noDrug);SRO9_GIS2(noDrug);TPO1_MID2(Trifluoperazine);TPO1_MID2(noDrug);TPO1_TCB2(5-FC);TPO1_TCB2(noDrug);TPO1_TPO2(Trifluoperazine),,,piQTL_only
chr16:863978,ALO1_UIP4,Fluconazole,0.578813596,ALO1_UIP4(Fluconazole);FMP45_MID2(Metformin);HUG1_PGM2(noDrug),,,piQTL_only
chr16:867326,ERG11_ACF2,5-FC,0.625071678,ALO1_ADE17(5-FC);ALO1_ADE17(Metformin);ALO1_ADE17(Trifluoperazine);ALO1_ADE17(noDrug);ALO1_HYR1(5-FC);ALO1_HYR1(Fluconazole);ALO1_HYR1(noDrug);ALO1_UIP4(5-FC);ERG11_ACF2(5-FC);ERG11_ACF2(noDrug);ERG11_ORM2(5-FC);ERG27_ACF2(5-FC);ERG27_ACF2(Trifluoperazine);ERG27_ACF2(noDrug);ERV25_UIP4(5-FC);ERV25_UIP4(noDrug);FMP45_MEP1(5-FC);HNM1_ERG11(noDrug);HNM1_TPO4(5-FC);HNM1_TPO4(noDrug);HUG1_ADE17(5-FC);HUG1_ALO1(5-FC);HUG1_ALO1(Trifluoperazine);HUG1_ALO1(noDrug);MID2_MAM33(noDrug);MID2_PIN2(Fluconazole);MID2_RSN1(noDrug);MID2_TPO2(noDrug);MID2_TPO4(Fluconazole);PLM2_HNM1(5-FC);PMC1_CTR2(5-FC);PMC1_CTR2(Fluconazole);PMC1_CTR2(Metformin);PMC1_CTR2(Trifluoperazine);PMC1_CTR2(noDrug);PMC1_GTR2(5-FC);PMC1_GTR2(Metformin);PMC1_GTR2(Trifluoperazine);PMC1_GTR2(noDrug);SNA4_GTR2(Trifluoperazine);SRO9_DHH1(noDrug);SRO9_GIS2(noDrug);TPO1_MID2(Trifluoperazine);TPO1_MID2(noDrug);TPO1_TCB2(5-FC);TPO1_TCB2(noDrug);TPO1_TPO2(Trifluoperazine),,,piQTL_only
chr16:867326,ERG11_ACF2,noDrug,0.542345292,ALO1_ADE17(5-FC);ALO1_ADE17(Metformin);ALO1_ADE17(Trifluoperazine);ALO1_ADE17(noDrug);ALO1_HYR1(5-FC);ALO1_HYR1(Fluconazole);ALO1_HYR1(noDrug);ALO1_UIP4(5-FC);ERG11_ACF2(5-FC);ERG11_ACF2(noDrug);ERG11_ORM2(5-FC);ERG27_ACF2(5-FC);ERG27_ACF2(Trifluoperazine);ERG27_ACF2(noDrug);ERV25_UIP4(5-FC);ERV25_UIP4(noDrug);FMP45_MEP1(5-FC);HNM1_ERG11(noDrug);HNM1_TPO4(5-FC);HNM1_TPO4(noDrug);HUG1_ADE17(5-FC);HUG1_ALO1(5-FC);HUG1_ALO1(Trifluoperazine);HUG1_ALO1(noDrug);MID2_MAM33(noDrug);MID2_PIN2(Fluconazole);MID2_RSN1(noDrug);MID2_TPO2(noDrug);MID2_TPO4(Fluconazole);PLM2_HNM1(5-FC);PMC1_CTR2(5-FC);PMC1_CTR2(Fluconazole);PMC1_CTR2(Metformin);PMC1_CTR2(Trifluoperazine);PMC1_CTR2(noDrug);PMC1_GTR2(5-FC);PMC1_GTR2(Metformin);PMC1_GTR2(Trifluoperazine);PMC1_GTR2(noDrug);SNA4_GTR2(Trifluoperazine);SRO9_DHH1(noDrug);SRO9_GIS2(noDrug);TPO1_MID2(Trifluoperazine);TPO1_MID2(noDrug);TPO1_TCB2(5-FC);TPO1_TCB2(noDrug);TPO1_TPO2(Trifluoperazine),,,piQTL_only
chr16:867326,ERG11_ORM2,5-FC,0.531906882,ALO1_ADE17(5-FC);ALO1_ADE17(Metformin);ALO1_ADE17(Trifluoperazine);ALO1_ADE17(noDrug);ALO1_HYR1(5-FC);ALO1_HYR1(Fluconazole);ALO1_HYR1(noDrug);ALO1_UIP4(5-FC);ERG11_ACF2(5-FC);ERG11_ACF2(noDrug);ERG11_ORM2(5-FC);ERG27_ACF2(5-FC);ERG27_ACF2(Trifluoperazine);ERG27_ACF2(noDrug);ERV25_UIP4(5-FC);ERV25_UIP4(noDrug);FMP45_MEP1(5-FC);HNM1_ERG11(noDrug);HNM1_TPO4(5-FC);HNM1_TPO4(noDrug);HUG1_ADE17(5-FC);HUG1_ALO1(5-FC);HUG1_ALO1(Trifluoperazine);HUG1_ALO1(noDrug);MID2_MAM33(noDrug);MID2_PIN2(Fluconazole);MID2_RSN1(noDrug);MID2_TPO2(noDrug);MID2_TPO4(Fluconazole);PLM2_HNM1(5-FC);PMC1_CTR2(5-FC);PMC1_CTR2(Fluconazole);PMC1_CTR2(Metformin);PMC1_CTR2(Trifluoperazine);PMC1_CTR2(noDrug);PMC1_GTR2(5-FC);PMC1_GTR2(Metformin);PMC1_GTR2(Trifluoperazine);PMC1_GTR2(noDrug);SNA4_GTR2(Trifluoperazine);SRO9_DHH1(noDrug);SRO9_GIS2(noDrug);TPO1_MID2(Trifluoperazine);TPO1_MID2(noDrug);TPO1_TCB2(5-FC);TPO1_TCB2(noDrug);TPO1_TPO2(Trifluoperazine),,,piQTL_only
chr16:867326,ERG27_ACF2,5-FC,0.657107978,ALO1_ADE17(5-FC);ALO1_ADE17(Metformin);ALO1_ADE17(Trifluoperazine);ALO1_ADE17(noDrug);ALO1_HYR1(5-FC);ALO1_HYR1(Fluconazole);ALO1_HYR1(noDrug);ALO1_UIP4(5-FC);ERG11_ACF2(5-FC);ERG11_ACF2(noDrug);ERG11_ORM2(5-FC);ERG27_ACF2(5-FC);ERG27_ACF2(Trifluoperazine);ERG27_ACF2(noDrug);ERV25_UIP4(5-FC);ERV25_UIP4(noDrug);FMP45_MEP1(5-FC);HNM1_ERG11(noDrug);HNM1_TPO4(5-FC);HNM1_TPO4(noDrug);HUG1_ADE17(5-FC);HUG1_ALO1(5-FC);HUG1_ALO1(Trifluoperazine);HUG1_ALO1(noDrug);MID2_MAM33(noDrug);MID2_PIN2(Fluconazole);MID2_RSN1(noDrug);MID2_TPO2(noDrug);MID2_TPO4(Fluconazole);PLM2_HNM1(5-FC);PMC1_CTR2(5-FC);PMC1_CTR2(Fluconazole);PMC1_CTR2(Metformin);PMC1_CTR2(Trifluoperazine);PMC1_CTR2(noDrug);PMC1_GTR2(5-FC);PMC1_GTR2(Metformin);PMC1_GTR2(Trifluoperazine);PMC1_GTR2(noDrug);SNA4_GTR2(Trifluoperazine);SRO9_DHH1(noDrug);SRO9_GIS2(noDrug);TPO1_MID2(Trifluoperazine);TPO1_MID2(noDrug);TPO1_TCB2(5-FC);TPO1_TCB2(noDrug);TPO1_TPO2(Trifluoperazine),,,piQTL_only
chr16:867326,ERG27_ACF2,Trifluoperazine,0.584246125,ALO1_ADE17(5-FC);ALO1_ADE17(Metformin);ALO1_ADE17(Trifluoperazine);ALO1_ADE17(noDrug);ALO1_HYR1(5-FC);ALO1_HYR1(Fluconazole);ALO1_HYR1(noDrug);ALO1_UIP4(5-FC);ERG11_ACF2(5-FC);ERG11_ACF2(noDrug);ERG11_ORM2(5-FC);ERG27_ACF2(5-FC);ERG27_ACF2(Trifluoperazine);ERG27_ACF2(noDrug);ERV25_UIP4(5-FC);ERV25_UIP4(noDrug);FMP45_MEP1(5-FC);HNM1_ERG11(noDrug);HNM1_TPO4(5-FC);HNM1_TPO4(noDrug);HUG1_ADE17(5-FC);HUG1_ALO1(5-FC);HUG1_ALO1(Trifluoperazine);HUG1_ALO1(noDrug);MID2_MAM33(noDrug);MID2_PIN2(Fluconazole);MID2_RSN1(noDrug);MID2_TPO2(noDrug);MID2_TPO4(Fluconazole);PLM2_HNM1(5-FC);PMC1_CTR2(5-FC);PMC1_CTR2(Fluconazole);PMC1_CTR2(Metformin);PMC1_CTR2(Trifluoperazine);PMC1_CTR2(noDrug);PMC1_GTR2(5-FC);PMC1_GTR2(Metformin);PMC1_GTR2(Trifluoperazine);PMC1_GTR2(noDrug);SNA4_GTR2(Trifluoperazine);SRO9_DHH1(noDrug);SRO9_GIS2(noDrug);TPO1_MID2(Trifluoperazine);TPO1_MID2(noDrug);TPO1_TCB2(5-FC);TPO1_TCB2(noDrug);TPO1_TPO2(Trifluoperazine),,,piQTL_only
chr16:867326,ERG27_ACF2,noDrug,0.706760756,ALO1_ADE17(5-FC);ALO1_ADE17(Metformin);ALO1_ADE17(Trifluoperazine);ALO1_ADE17(noDrug);ALO1_HYR1(5-FC);ALO1_HYR1(Fluconazole);ALO1_HYR1(noDrug);ALO1_UIP4(5-FC);ERG11_ACF2(5-FC);ERG11_ACF2(noDrug);ERG11_ORM2(5-FC);ERG27_ACF2(5-FC);ERG27_ACF2(Trifluoperazine);ERG27_ACF2(noDrug);ERV25_UIP4(5-FC);ERV25_UIP4(noDrug);FMP45_MEP1(5-FC);HNM1_ERG11(noDrug);HNM1_TPO4(5-FC);HNM1_TPO4(noDrug);HUG1_ADE17(5-FC);HUG1_ALO1(5-FC);HUG1_ALO1(Trifluoperazine);HUG1_ALO1(noDrug);MID2_MAM33(noDrug);MID2_PIN2(Fluconazole);MID2_RSN1(noDrug);MID2_TPO2(noDrug);MID2_TPO4(Fluconazole);PLM2_HNM1(5-FC);PMC1_CTR2(5-FC);PMC1_CTR2(Fluconazole);PMC1_CTR2(Metformin);PMC1_CTR2(Trifluoperazine);PMC1_CTR2(noDrug);PMC1_GTR2(5-FC);PMC1_GTR2(Metformin);PMC1_GTR2(Trifluoperazine);PMC1_GTR2(noDrug);SNA4_GTR2(Trifluoperazine);SRO9_DHH1(noDrug);SRO9_GIS2(noDrug);TPO1_MID2(Trifluoperazine);TPO1_MID2(noDrug);TPO1_TCB2(5-FC);TPO1_TCB2(noDrug);TPO1_TPO2(Trifluoperazine),,,piQTL_only
chr16:867326,ERV25_UIP4,5-FC,0.773100993,ALO1_ADE17(5-FC);ALO1_ADE17(Metformin);ALO1_ADE17(Trifluoperazine);ALO1_ADE17(noDrug);ALO1_HYR1(5-FC);ALO1_HYR1(Fluconazole);ALO1_HYR1(noDrug);ALO1_UIP4(5-FC);ERG11_ACF2(5-FC);ERG11_ACF2(noDrug);ERG11_ORM2(5-FC);ERG27_ACF2(5-FC);ERG27_ACF2(Trifluoperazine);ERG27_ACF2(noDrug);ERV25_UIP4(5-FC);ERV25_UIP4(noDrug);FMP45_MEP1(5-FC);HNM1_ERG11(noDrug);HNM1_TPO4(5-FC);HNM1_TPO4(noDrug);HUG1_ADE17(5-FC);HUG1_ALO1(5-FC);HUG1_ALO1(Trifluoperazine);HUG1_ALO1(noDrug);MID2_MAM33(noDrug);MID2_PIN2(Fluconazole);MID2_RSN1(noDrug);MID2_TPO2(noDrug);MID2_TPO4(Fluconazole);PLM2_HNM1(5-FC);PMC1_CTR2(5-FC);PMC1_CTR2(Fluconazole);PMC1_CTR2(Metformin);PMC1_CTR2(Trifluoperazine);PMC1_CTR2(noDrug);PMC1_GTR2(5-FC);PMC1_GTR2(Metformin);PMC1_GTR2(Trifluoperazine);PMC1_GTR2(noDrug);SNA4_GTR2(Trifluoperazine);SRO9_DHH1(noDrug);SRO9_GIS2(noDrug);TPO1_MID2(Trifluoperazine);TPO1_MID2(noDrug);TPO1_TCB2(5-FC);TPO1_TCB2(noDrug);TPO1_TPO2(Trifluoperazine),,,piQTL_only
chr16:867326,ERV25_UIP4,noDrug,0.67502376,ALO1_ADE17(5-FC);ALO1_ADE17(Metformin);ALO1_ADE17(Trifluoperazine);ALO1_ADE17(noDrug);ALO1_HYR1(5-FC);ALO1_HYR1(Fluconazole);ALO1_HYR1(noDrug);ALO1_UIP4(5-FC);ERG11_ACF2(5-FC);ERG11_ACF2(noDrug);ERG11_ORM2(5-FC);ERG27_ACF2(5-FC);ERG27_ACF2(Trifluoperazine);ERG27_ACF2(noDrug);ERV25_UIP4(5-FC);ERV25_UIP4(noDrug);FMP45_MEP1(5-FC);HNM1_ERG11(noDrug);HNM1_TPO4(5-FC);HNM1_TPO4(noDrug);HUG1_ADE17(5-FC);HUG1_ALO1(5-FC);HUG1_ALO1(Trifluoperazine);HUG1_ALO1(noDrug);MID2_MAM33(noDrug);MID2_PIN2(Fluconazole);MID2_RSN1(noDrug);MID2_TPO2(noDrug);MID2_TPO4(Fluconazole);PLM2_HNM1(5-FC);PMC1_CTR2(5-FC);PMC1_CTR2(Fluconazole);PMC1_CTR2(Metformin);PMC1_CTR2(Trifluoperazine);PMC1_CTR2(noDrug);PMC1_GTR2(5-FC);PMC1_GTR2(Metformin);PMC1_GTR2(Trifluoperazine);PMC1_GTR2(noDrug);SNA4_GTR2(Trifluoperazine);SRO9_DHH1(noDrug);SRO9_GIS2(noDrug);TPO1_MID2(Trifluoperazine);TPO1_MID2(noDrug);TPO1_TCB2(5-FC);TPO1_TCB2(noDrug);TPO1_TPO2(Trifluoperazine),,,piQTL_only
chr16:867326,FMP45_MEP1,5-FC,0.687550855,ALO1_ADE17(5-FC);ALO1_ADE17(Metformin);ALO1_ADE17(Trifluoperazine);ALO1_ADE17(noDrug);ALO1_HYR1(5-FC);ALO1_HYR1(Fluconazole);ALO1_HYR1(noDrug);ALO1_UIP4(5-FC);ERG11_ACF2(5-FC);ERG11_ACF2(noDrug);ERG11_ORM2(5-FC);ERG27_ACF2(5-FC);ERG27_ACF2(Trifluoperazine);ERG27_ACF2(noDrug);ERV25_UIP4(5-FC);ERV25_UIP4(noDrug);FMP45_MEP1(5-FC);HNM1_ERG11(noDrug);HNM1_TPO4(5-FC);HNM1_TPO4(noDrug);HUG1_ADE17(5-FC);HUG1_ALO1(5-FC);HUG1_ALO1(Trifluoperazine);HUG1_ALO1(noDrug);MID2_MAM33(noDrug);MID2_PIN2(Fluconazole);MID2_RSN1(noDrug);MID2_TPO2(noDrug);MID2_TPO4(Fluconazole);PLM2_HNM1(5-FC);PMC1_CTR2(5-FC);PMC1_CTR2(Fluconazole);PMC1_CTR2(Metformin);PMC1_CTR2(Trifluoperazine);PMC1_CTR2(noDrug);PMC1_GTR2(5-FC);PMC1_GTR2(Metformin);PMC1_GTR2(Trifluoperazine);PMC1_GTR2(noDrug);SNA4_GTR2(Trifluoperazine);SRO9_DHH1(noDrug);SRO9_GIS2(noDrug);TPO1_MID2(Trifluoperazine);TPO1_MID2(noDrug);TPO1_TCB2(5-FC);TPO1_TCB2(noDrug);TPO1_TPO2(Trifluoperazine),,,piQTL_only
chr16:863978,FMP45_MID2,Metformin,0.477117581,ALO1_UIP4(Fluconazole);FMP45_MID2(Metformin);HUG1_PGM2(noDrug),,,piQTL_only
chr16:867326,HNM1_ERG11,noDrug,0.625980713,ALO1_ADE17(5-FC);ALO1_ADE17(Metformin);ALO1_ADE17(Trifluoperazine);ALO1_ADE17(noDrug);ALO1_HYR1(5-FC);ALO1_HYR1(Fluconazole);ALO1_HYR1(noDrug);ALO1_UIP4(5-FC);ERG11_ACF2(5-FC);ERG11_ACF2(noDrug);ERG11_ORM2(5-FC);ERG27_ACF2(5-FC);ERG27_ACF2(Trifluoperazine);ERG27_ACF2(noDrug);ERV25_UIP4(5-FC);ERV25_UIP4(noDrug);FMP45_MEP1(5-FC);HNM1_ERG11(noDrug);HNM1_TPO4(5-FC);HNM1_TPO4(noDrug);HUG1_ADE17(5-FC);HUG1_ALO1(5-FC);HUG1_ALO1(Trifluoperazine);HUG1_ALO1(noDrug);MID2_MAM33(noDrug);MID2_PIN2(Fluconazole);MID2_RSN1(noDrug);MID2_TPO2(noDrug);MID2_TPO4(Fluconazole);PLM2_HNM1(5-FC);PMC1_CTR2(5-FC);PMC1_CTR2(Fluconazole);PMC1_CTR2(Metformin);PMC1_CTR2(Trifluoperazine);PMC1_CTR2(noDrug);PMC1_GTR2(5-FC);PMC1_GTR2(Metformin);PMC1_GTR2(Trifluoperazine);PMC1_GTR2(noDrug);SNA4_GTR2(Trifluoperazine);SRO9_DHH1(noDrug);SRO9_GIS2(noDrug);TPO1_MID2(Trifluoperazine);TPO1_MID2(noDrug);TPO1_TCB2(5-FC);TPO1_TCB2(noDrug);TPO1_TPO2(Trifluoperazine),,,piQTL_only
chr16:867326,HNM1_TPO4,5-FC,0.556552594,ALO1_ADE17(5-FC);ALO1_ADE17(Metformin);ALO1_ADE17(Trifluoperazine);ALO1_ADE17(noDrug);ALO1_HYR1(5-FC);ALO1_HYR1(Fluconazole);ALO1_HYR1(noDrug);ALO1_UIP4(5-FC);ERG11_ACF2(5-FC);ERG11_ACF2(noDrug);ERG11_ORM2(5-FC);ERG27_ACF2(5-FC);ERG27_ACF2(Trifluoperazine);ERG27_ACF2(noDrug);ERV25_UIP4(5-FC);ERV25_UIP4(noDrug);FMP45_MEP1(5-FC);HNM1_ERG11(noDrug);HNM1_TPO4(5-FC);HNM1_TPO4(noDrug);HUG1_ADE17(5-FC);HUG1_ALO1(5-FC);HUG1_ALO1(Trifluoperazine);HUG1_ALO1(noDrug);MID2_MAM33(noDrug);MID2_PIN2(Fluconazole);MID2_RSN1(noDrug);MID2_TPO2(noDrug);MID2_TPO4(Fluconazole);PLM2_HNM1(5-FC);PMC1_CTR2(5-FC);PMC1_CTR2(Fluconazole);PMC1_CTR2(Metformin);PMC1_CTR2(Trifluoperazine);PMC1_CTR2(noDrug);PMC1_GTR2(5-FC);PMC1_GTR2(Metformin);PMC1_GTR2(Trifluoperazine);PMC1_GTR2(noDrug);SNA4_GTR2(Trifluoperazine);SRO9_DHH1(noDrug);SRO9_GIS2(noDrug);TPO1_MID2(Trifluoperazine);TPO1_MID2(noDrug);TPO1_TCB2(5-FC);TPO1_TCB2(noDrug);TPO1_TPO2(Trifluoperazine),,,piQTL_only
chr16:867326,HNM1_TPO4,noDrug,0.544899861,ALO1_ADE17(5-FC);ALO1_ADE17(Metformin);ALO1_ADE17(Trifluoperazine);ALO1_ADE17(noDrug);ALO1_HYR1(5-FC);ALO1_HYR1(Fluconazole);ALO1_HYR1(noDrug);ALO1_UIP4(5-FC);ERG11_ACF2(5-FC);ERG11_ACF2(noDrug);ERG11_ORM2(5-FC);ERG27_ACF2(5-FC);ERG27_ACF2(Trifluoperazine);ERG27_ACF2(noDrug);ERV25_UIP4(5-FC);ERV25_UIP4(noDrug);FMP45_MEP1(5-FC);HNM1_ERG11(noDrug);HNM1_TPO4(5-FC);HNM1_TPO4(noDrug);HUG1_ADE17(5-FC);HUG1_ALO1(5-FC);HUG1_ALO1(Trifluoperazine);HUG1_ALO1(noDrug);MID2_MAM33(noDrug);MID2_PIN2(Fluconazole);MID2_RSN1(noDrug);MID2_TPO2(noDrug);MID2_TPO4(Fluconazole);PLM2_HNM1(5-FC);PMC1_CTR2(5-FC);PMC1_CTR2(Fluconazole);PMC1_CTR2(Metformin);PMC1_CTR2(Trifluoperazine);PMC1_CTR2(noDrug);PMC1_GTR2(5-FC);PMC1_GTR2(Metformin);PMC1_GTR2(Trifluoperazine);PMC1_GTR2(noDrug);SNA4_GTR2(Trifluoperazine);SRO9_DHH1(noDrug);SRO9_GIS2(noDrug);TPO1_MID2(Trifluoperazine);TPO1_MID2(noDrug);TPO1_TCB2(5-FC);TPO1_TCB2(noDrug);TPO1_TPO2(Trifluoperazine),,,piQTL_only
chr16:867326,HUG1_ADE17,5-FC,0.583995728,ALO1_ADE17(5-FC);ALO1_ADE17(Metformin);ALO1_ADE17(Trifluoperazine);ALO1_ADE17(noDrug);ALO1_HYR1(5-FC);ALO1_HYR1(Fluconazole);ALO1_HYR1(noDrug);ALO1_UIP4(5-FC);ERG11_ACF2(5-FC);ERG11_ACF2(noDrug);ERG11_ORM2(5-FC);ERG27_ACF2(5-FC);ERG27_ACF2(Trifluoperazine);ERG27_ACF2(noDrug);ERV25_UIP4(5-FC);ERV25_UIP4(noDrug);FMP45_MEP1(5-FC);HNM1_ERG11(noDrug);HNM1_TPO4(5-FC);HNM1_TPO4(noDrug);HUG1_ADE17(5-FC);HUG1_ALO1(5-FC);HUG1_ALO1(Trifluoperazine);HUG1_ALO1(noDrug);MID2_MAM33(noDrug);MID2_PIN2(Fluconazole);MID2_RSN1(noDrug);MID2_TPO2(noDrug);MID2_TPO4(Fluconazole);PLM2_HNM1(5-FC);PMC1_CTR2(5-FC);PMC1_CTR2(Fluconazole);PMC1_CTR2(Metformin);PMC1_CTR2(Trifluoperazine);PMC1_CTR2(noDrug);PMC1_GTR2(5-FC);PMC1_GTR2(Metformin);PMC1_GTR2(Trifluoperazine);PMC1_GTR2(noDrug);SNA4_GTR2(Trifluoperazine);SRO9_DHH1(noDrug);SRO9_GIS2(noDrug);TPO1_MID2(Trifluoperazine);TPO1_MID2(noDrug);TPO1_TCB2(5-FC);TPO1_TCB2(noDrug);TPO1_TPO2(Trifluoperazine),,,piQTL_only
chr16:867326,HUG1_ALO1,5-FC,0.797514998,ALO1_ADE17(5-FC);ALO1_ADE17(Metformin);ALO1_ADE17(Trifluoperazine);ALO1_ADE17(noDrug);ALO1_HYR1(5-FC);ALO1_HYR1(Fluconazole);ALO1_HYR1(noDrug);ALO1_UIP4(5-FC);ERG11_ACF2(5-FC);ERG11_ACF2(noDrug);ERG11_ORM2(5-FC);ERG27_ACF2(5-FC);ERG27_ACF2(Trifluoperazine);ERG27_ACF2(noDrug);ERV25_UIP4(5-FC);ERV25_UIP4(noDrug);FMP45_MEP1(5-FC);HNM1_ERG11(noDrug);HNM1_TPO4(5-FC);HNM1_TPO4(noDrug);HUG1_ADE17(5-FC);HUG1_ALO1(5-FC);HUG1_ALO1(Trifluoperazine);HUG1_ALO1(noDrug);MID2_MAM33(noDrug);MID2_PIN2(Fluconazole);MID2_RSN1(noDrug);MID2_TPO2(noDrug);MID2_TPO4(Fluconazole);PLM2_HNM1(5-FC);PMC1_CTR2(5-FC);PMC1_CTR2(Fluconazole);PMC1_CTR2(Metformin);PMC1_CTR2(Trifluoperazine);PMC1_CTR2(noDrug);PMC1_GTR2(5-FC);PMC1_GTR2(Metformin);PMC1_GTR2(Trifluoperazine);PMC1_GTR2(noDrug);SNA4_GTR2(Trifluoperazine);SRO9_DHH1(noDrug);SRO9_GIS2(noDrug);TPO1_MID2(Trifluoperazine);TPO1_MID2(noDrug);TPO1_TCB2(5-FC);TPO1_TCB2(noDrug);TPO1_TPO2(Trifluoperazine),,,piQTL_only
chr16:867326,HUG1_ALO1,Trifluoperazine,0.622174001,ALO1_ADE17(5-FC);ALO1_ADE17(Metformin);ALO1_ADE17(Trifluoperazine);ALO1_ADE17(noDrug);ALO1_HYR1(5-FC);ALO1_HYR1(Fluconazole);ALO1_HYR1(noDrug);ALO1_UIP4(5-FC);ERG11_ACF2(5-FC);ERG11_ACF2(noDrug);ERG11_ORM2(5-FC);ERG27_ACF2(5-FC);ERG27_ACF2(Trifluoperazine);ERG27_ACF2(noDrug);ERV25_UIP4(5-FC);ERV25_UIP4(noDrug);FMP45_MEP1(5-FC);HNM1_ERG11(noDrug);HNM1_TPO4(5-FC);HNM1_TPO4(noDrug);HUG1_ADE17(5-FC);HUG1_ALO1(5-FC);HUG1_ALO1(Trifluoperazine);HUG1_ALO1(noDrug);MID2_MAM33(noDrug);MID2_PIN2(Fluconazole);MID2_RSN1(noDrug);MID2_TPO2(noDrug);MID2_TPO4(Fluconazole);PLM2_HNM1(5-FC);PMC1_CTR2(5-FC);PMC1_CTR2(Fluconazole);PMC1_CTR2(Metformin);PMC1_CTR2(Trifluoperazine);PMC1_CTR2(noDrug);PMC1_GTR2(5-FC);PMC1_GTR2(Metformin);PMC1_GTR2(Trifluoperazine);PMC1_GTR2(noDrug);SNA4_GTR2(Trifluoperazine);SRO9_DHH1(noDrug);SRO9_GIS2(noDrug);TPO1_MID2(Trifluoperazine);TPO1_MID2(noDrug);TPO1_TCB2(5-FC);TPO1_TCB2(noDrug);TPO1_TPO2(Trifluoperazine),,,piQTL_only
chr16:867326,HUG1_ALO1,noDrug,0.757975724,ALO1_ADE17(5-FC);ALO1_ADE17(Metformin);ALO1_ADE17(Trifluoperazine);ALO1_ADE17(noDrug);ALO1_HYR1(5-FC);ALO1_HYR1(Fluconazole);ALO1_HYR1(noDrug);ALO1_UIP4(5-FC);ERG11_ACF2(5-FC);ERG11_ACF2(noDrug);ERG11_ORM2(5-FC);ERG27_ACF2(5-FC);ERG27_ACF2(Trifluoperazine);ERG27_ACF2(noDrug);ERV25_UIP4(5-FC);ERV25_UIP4(noDrug);FMP45_MEP1(5-FC);HNM1_ERG11(noDrug);HNM1_TPO4(5-FC);HNM1_TPO4(noDrug);HUG1_ADE17(5-FC);HUG1_ALO1(5-FC);HUG1_ALO1(Trifluoperazine);HUG1_ALO1(noDrug);MID2_MAM33(noDrug);MID2_PIN2(Fluconazole);MID2_RSN1(noDrug);MID2_TPO2(noDrug);MID2_TPO4(Fluconazole);PLM2_HNM1(5-FC);PMC1_CTR2(5-FC);PMC1_CTR2(Fluconazole);PMC1_CTR2(Metformin);PMC1_CTR2(Trifluoperazine);PMC1_CTR2(noDrug);PMC1_GTR2(5-FC);PMC1_GTR2(Metformin);PMC1_GTR2(Trifluoperazine);PMC1_GTR2(noDrug);SNA4_GTR2(Trifluoperazine);SRO9_DHH1(noDrug);SRO9_GIS2(noDrug);TPO1_MID2(Trifluoperazine);TPO1_MID2(noDrug);TPO1_TCB2(5-FC);TPO1_TCB2(noDrug);TPO1_TPO2(Trifluoperazine),,,piQTL_only
chr16:862181,HUG1_PGM2,5-FC,0.672229192,HUG1_PGM2(5-FC);TPO1_MID2(5-FC);TPO1_TPO2(5-FC);TPO1_TPO2(noDrug),,,piQTL_only
chr16:863978,HUG1_PGM2,noDrug,0.763861767,ALO1_UIP4(Fluconazole);FMP45_MID2(Metformin);HUG1_PGM2(noDrug),,,piQTL_only
chr16:867326,MID2_MAM33,noDrug,0.669965433,ALO1_ADE17(5-FC);ALO1_ADE17(Metformin);ALO1_ADE17(Trifluoperazine);ALO1_ADE17(noDrug);ALO1_HYR1(5-FC);ALO1_HYR1(Fluconazole);ALO1_HYR1(noDrug);ALO1_UIP4(5-FC);ERG11_ACF2(5-FC);ERG11_ACF2(noDrug);ERG11_ORM2(5-FC);ERG27_ACF2(5-FC);ERG27_ACF2(Trifluoperazine);ERG27_ACF2(noDrug);ERV25_UIP4(5-FC);ERV25_UIP4(noDrug);FMP45_MEP1(5-FC);HNM1_ERG11(noDrug);HNM1_TPO4(5-FC);HNM1_TPO4(noDrug);HUG1_ADE17(5-FC);HUG1_ALO1(5-FC);HUG1_ALO1(Trifluoperazine);HUG1_ALO1(noDrug);MID2_MAM33(noDrug);MID2_PIN2(Fluconazole);MID2_RSN1(noDrug);MID2_TPO2(noDrug);MID2_TPO4(Fluconazole);PLM2_HNM1(5-FC);PMC1_CTR2(5-FC);PMC1_CTR2(Fluconazole);PMC1_CTR2(Metformin);PMC1_CTR2(Trifluoperazine);PMC1_CTR2(noDrug);PMC1_GTR2(5-FC);PMC1_GTR2(Metformin);PMC1_GTR2(Trifluoperazine);PMC1_GTR2(noDrug);SNA4_GTR2(Trifluoperazine);SRO9_DHH1(noDrug);SRO9_GIS2(noDrug);TPO1_MID2(Trifluoperazine);TPO1_MID2(noDrug);TPO1_TCB2(5-FC);TPO1_TCB2(noDrug);TPO1_TPO2(Trifluoperazine),,,piQTL_only
chr16:867326,MID2_PIN2,Fluconazole,0.600733104,ALO1_ADE17(5-FC);ALO1_ADE17(Metformin);ALO1_ADE17(Trifluoperazine);ALO1_ADE17(noDrug);ALO1_HYR1(5-FC);ALO1_HYR1(Fluconazole);ALO1_HYR1(noDrug);ALO1_UIP4(5-FC);ERG11_ACF2(5-FC);ERG11_ACF2(noDrug);ERG11_ORM2(5-FC);ERG27_ACF2(5-FC);ERG27_ACF2(Trifluoperazine);ERG27_ACF2(noDrug);ERV25_UIP4(5-FC);ERV25_UIP4(noDrug);FMP45_MEP1(5-FC);HNM1_ERG11(noDrug);HNM1_TPO4(5-FC);HNM1_TPO4(noDrug);HUG1_ADE17(5-FC);HUG1_ALO1(5-FC);HUG1_ALO1(Trifluoperazine);HUG1_ALO1(noDrug);MID2_MAM33(noDrug);MID2_PIN2(Fluconazole);MID2_RSN1(noDrug);MID2_TPO2(noDrug);MID2_TPO4(Fluconazole);PLM2_HNM1(5-FC);PMC1_CTR2(5-FC);PMC1_CTR2(Fluconazole);PMC1_CTR2(Metformin);PMC1_CTR2(Trifluoperazine);PMC1_CTR2(noDrug);PMC1_GTR2(5-FC);PMC1_GTR2(Metformin);PMC1_GTR2(Trifluoperazine);PMC1_GTR2(noDrug);SNA4_GTR2(Trifluoperazine);SRO9_DHH1(noDrug);SRO9_GIS2(noDrug);TPO1_MID2(Trifluoperazine);TPO1_MID2(noDrug);TPO1_TCB2(5-FC);TPO1_TCB2(noDrug);TPO1_TPO2(Trifluoperazine),,,piQTL_only
chr16:867326,MID2_RSN1,noDrug,0.570890123,ALO1_ADE17(5-FC);ALO1_ADE17(Metformin);ALO1_ADE17(Trifluoperazine);ALO1_ADE17(noDrug);ALO1_HYR1(5-FC);ALO1_HYR1(Fluconazole);ALO1_HYR1(noDrug);ALO1_UIP4(5-FC);ERG11_ACF2(5-FC);ERG11_ACF2(noDrug);ERG11_ORM2(5-FC);ERG27_ACF2(5-FC);ERG27_ACF2(Trifluoperazine);ERG27_ACF2(noDrug);ERV25_UIP4(5-FC);ERV25_UIP4(noDrug);FMP45_MEP1(5-FC);HNM1_ERG11(noDrug);HNM1_TPO4(5-FC);HNM1_TPO4(noDrug);HUG1_ADE17(5-FC);HUG1_ALO1(5-FC);HUG1_ALO1(Trifluoperazine);HUG1_ALO1(noDrug);MID2_MAM33(noDrug);MID2_PIN2(Fluconazole);MID2_RSN1(noDrug);MID2_TPO2(noDrug);MID2_TPO4(Fluconazole);PLM2_HNM1(5-FC);PMC1_CTR2(5-FC);PMC1_CTR2(Fluconazole);PMC1_CTR2(Metformin);PMC1_CTR2(Trifluoperazine);PMC1_CTR2(noDrug);PMC1_GTR2(5-FC);PMC1_GTR2(Metformin);PMC1_GTR2(Trifluoperazine);PMC1_GTR2(noDrug);SNA4_GTR2(Trifluoperazine);SRO9_DHH1(noDrug);SRO9_GIS2(noDrug);TPO1_MID2(Trifluoperazine);TPO1_MID2(noDrug);TPO1_TCB2(5-FC);TPO1_TCB2(noDrug);TPO1_TPO2(Trifluoperazine),,,piQTL_only
chr16:867326,MID2_TPO2,noDrug,0.559659018,ALO1_ADE17(5-FC);ALO1_ADE17(Metformin);ALO1_ADE17(Trifluoperazine);ALO1_ADE17(noDrug);ALO1_HYR1(5-FC);ALO1_HYR1(Fluconazole);ALO1_HYR1(noDrug);ALO1_UIP4(5-FC);ERG11_ACF2(5-FC);ERG11_ACF2(noDrug);ERG11_ORM2(5-FC);ERG27_ACF2(5-FC);ERG27_ACF2(Trifluoperazine);ERG27_ACF2(noDrug);ERV25_UIP4(5-FC);ERV25_UIP4(noDrug);FMP45_MEP1(5-FC);HNM1_ERG11(noDrug);HNM1_TPO4(5-FC);HNM1_TPO4(noDrug);HUG1_ADE17(5-FC);HUG1_ALO1(5-FC);HUG1_ALO1(Trifluoperazine);HUG1_ALO1(noDrug);MID2_MAM33(noDrug);MID2_PIN2(Fluconazole);MID2_RSN1(noDrug);MID2_TPO2(noDrug);MID2_TPO4(Fluconazole);PLM2_HNM1(5-FC);PMC1_CTR2(5-FC);PMC1_CTR2(Fluconazole);PMC1_CTR2(Metformin);PMC1_CTR2(Trifluoperazine);PMC1_CTR2(noDrug);PMC1_GTR2(5-FC);PMC1_GTR2(Metformin);PMC1_GTR2(Trifluoperazine);PMC1_GTR2(noDrug);SNA4_GTR2(Trifluoperazine);SRO9_DHH1(noDrug);SRO9_GIS2(noDrug);TPO1_MID2(Trifluoperazine);TPO1_MID2(noDrug);TPO1_TCB2(5-FC);TPO1_TCB2(noDrug);TPO1_TPO2(Trifluoperazine),,,piQTL_only
chr16:867326,MID2_TPO4,Fluconazole,0.617254093,ALO1_ADE17(5-FC);ALO1_ADE17(Metformin);ALO1_ADE17(Trifluoperazine);ALO1_ADE17(noDrug);ALO1_HYR1(5-FC);ALO1_HYR1(Fluconazole);ALO1_HYR1(noDrug);ALO1_UIP4(5-FC);ERG11_ACF2(5-FC);ERG11_ACF2(noDrug);ERG11_ORM2(5-FC);ERG27_ACF2(5-FC);ERG27_ACF2(Trifluoperazine);ERG27_ACF2(noDrug);ERV25_UIP4(5-FC);ERV25_UIP4(noDrug);FMP45_MEP1(5-FC);HNM1_ERG11(noDrug);HNM1_TPO4(5-FC);HNM1_TPO4(noDrug);HUG1_ADE17(5-FC);HUG1_ALO1(5-FC);HUG1_ALO1(Trifluoperazine);HUG1_ALO1(noDrug);MID2_MAM33(noDrug);MID2_PIN2(Fluconazole);MID2_RSN1(noDrug);MID2_TPO2(noDrug);MID2_TPO4(Fluconazole);PLM2_HNM1(5-FC);PMC1_CTR2(5-FC);PMC1_CTR2(Fluconazole);PMC1_CTR2(Metformin);PMC1_CTR2(Trifluoperazine);PMC1_CTR2(noDrug);PMC1_GTR2(5-FC);PMC1_GTR2(Metformin);PMC1_GTR2(Trifluoperazine);PMC1_GTR2(noDrug);SNA4_GTR2(Trifluoperazine);SRO9_DHH1(noDrug);SRO9_GIS2(noDrug);TPO1_MID2(Trifluoperazine);TPO1_MID2(noDrug);TPO1_TCB2(5-FC);TPO1_TCB2(noDrug);TPO1_TPO2(Trifluoperazine),,,piQTL_only
chr16:867326,PLM2_HNM1,5-FC,0.65860502,ALO1_ADE17(5-FC);ALO1_ADE17(Metformin);ALO1_ADE17(Trifluoperazine);ALO1_ADE17(noDrug);ALO1_HYR1(5-FC);ALO1_HYR1(Fluconazole);ALO1_HYR1(noDrug);ALO1_UIP4(5-FC);ERG11_ACF2(5-FC);ERG11_ACF2(noDrug);ERG11_ORM2(5-FC);ERG27_ACF2(5-FC);ERG27_ACF2(Trifluoperazine);ERG27_ACF2(noDrug);ERV25_UIP4(5-FC);ERV25_UIP4(noDrug);FMP45_MEP1(5-FC);HNM1_ERG11(noDrug);HNM1_TPO4(5-FC);HNM1_TPO4(noDrug);HUG1_ADE17(5-FC);HUG1_ALO1(5-FC);HUG1_ALO1(Trifluoperazine);HUG1_ALO1(noDrug);MID2_MAM33(noDrug);MID2_PIN2(Fluconazole);MID2_RSN1(noDrug);MID2_TPO2(noDrug);MID2_TPO4(Fluconazole);PLM2_HNM1(5-FC);PMC1_CTR2(5-FC);PMC1_CTR2(Fluconazole);PMC1_CTR2(Metformin);PMC1_CTR2(Trifluoperazine);PMC1_CTR2(noDrug);PMC1_GTR2(5-FC);PMC1_GTR2(Metformin);PMC1_GTR2(Trifluoperazine);PMC1_GTR2(noDrug);SNA4_GTR2(Trifluoperazine);SRO9_DHH1(noDrug);SRO9_GIS2(noDrug);TPO1_MID2(Trifluoperazine);TPO1_MID2(noDrug);TPO1_TCB2(5-FC);TPO1_TCB2(noDrug);TPO1_TPO2(Trifluoperazine),,,piQTL_only
chr16:864283,PLM2_HNM1,Fluconazole,0.594048655,PLM2_HNM1(Fluconazole),,,piQTL_only
chr16:863372,PLM2_HNM1,noDrug,0.710540793,PLM2_HNM1(noDrug),,,piQTL_only
chr16:867326,PMC1_CTR2,5-FC,0.81685075,ALO1_ADE17(5-FC);ALO1_ADE17(Metformin);ALO1_ADE17(Trifluoperazine);ALO1_ADE17(noDrug);ALO1_HYR1(5-FC);ALO1_HYR1(Fluconazole);ALO1_HYR1(noDrug);ALO1_UIP4(5-FC);ERG11_ACF2(5-FC);ERG11_ACF2(noDrug);ERG11_ORM2(5-FC);ERG27_ACF2(5-FC);ERG27_ACF2(Trifluoperazine);ERG27_ACF2(noDrug);ERV25_UIP4(5-FC);ERV25_UIP4(noDrug);FMP45_MEP1(5-FC);HNM1_ERG11(noDrug);HNM1_TPO4(5-FC);HNM1_TPO4(noDrug);HUG1_ADE17(5-FC);HUG1_ALO1(5-FC);HUG1_ALO1(Trifluoperazine);HUG1_ALO1(noDrug);MID2_MAM33(noDrug);MID2_PIN2(Fluconazole);MID2_RSN1(noDrug);MID2_TPO2(noDrug);MID2_TPO4(Fluconazole);PLM2_HNM1(5-FC);PMC1_CTR2(5-FC);PMC1_CTR2(Fluconazole);PMC1_CTR2(Metformin);PMC1_CTR2(Trifluoperazine);PMC1_CTR2(noDrug);PMC1_GTR2(5-FC);PMC1_GTR2(Metformin);PMC1_GTR2(Trifluoperazine);PMC1_GTR2(noDrug);SNA4_GTR2(Trifluoperazine);SRO9_DHH1(noDrug);SRO9_GIS2(noDrug);TPO1_MID2(Trifluoperazine);TPO1_MID2(noDrug);TPO1_TCB2(5-FC);TPO1_TCB2(noDrug);TPO1_TPO2(Trifluoperazine),,,piQTL_only
chr16:867326,PMC1_CTR2,Fluconazole,0.656168009,ALO1_ADE17(5-FC);ALO1_ADE17(Metformin);ALO1_ADE17(Trifluoperazine);ALO1_ADE17(noDrug);ALO1_HYR1(5-FC);ALO1_HYR1(Fluconazole);ALO1_HYR1(noDrug);ALO1_UIP4(5-FC);ERG11_ACF2(5-FC);ERG11_ACF2(noDrug);ERG11_ORM2(5-FC);ERG27_ACF2(5-FC);ERG27_ACF2(Trifluoperazine);ERG27_ACF2(noDrug);ERV25_UIP4(5-FC);ERV25_UIP4(noDrug);FMP45_MEP1(5-FC);HNM1_ERG11(noDrug);HNM1_TPO4(5-FC);HNM1_TPO4(noDrug);HUG1_ADE17(5-FC);HUG1_ALO1(5-FC);HUG1_ALO1(Trifluoperazine);HUG1_ALO1(noDrug);MID2_MAM33(noDrug);MID2_PIN2(Fluconazole);MID2_RSN1(noDrug);MID2_TPO2(noDrug);MID2_TPO4(Fluconazole);PLM2_HNM1(5-FC);PMC1_CTR2(5-FC);PMC1_CTR2(Fluconazole);PMC1_CTR2(Metformin);PMC1_CTR2(Trifluoperazine);PMC1_CTR2(noDrug);PMC1_GTR2(5-FC);PMC1_GTR2(Metformin);PMC1_GTR2(Trifluoperazine);PMC1_GTR2(noDrug);SNA4_GTR2(Trifluoperazine);SRO9_DHH1(noDrug);SRO9_GIS2(noDrug);TPO1_MID2(Trifluoperazine);TPO1_MID2(noDrug);TPO1_TCB2(5-FC);TPO1_TCB2(noDrug);TPO1_TPO2(Trifluoperazine),,,piQTL_only
chr16:867326,PMC1_CTR2,Metformin,0.500953258,ALO1_ADE17(5-FC);ALO1_ADE17(Metformin);ALO1_ADE17(Trifluoperazine);ALO1_ADE17(noDrug);ALO1_HYR1(5-FC);ALO1_HYR1(Fluconazole);ALO1_HYR1(noDrug);ALO1_UIP4(5-FC);ERG11_ACF2(5-FC);ERG11_ACF2(noDrug);ERG11_ORM2(5-FC);ERG27_ACF2(5-FC);ERG27_ACF2(Trifluoperazine);ERG27_ACF2(noDrug);ERV25_UIP4(5-FC);ERV25_UIP4(noDrug);FMP45_MEP1(5-FC);HNM1_ERG11(noDrug);HNM1_TPO4(5-FC);HNM1_TPO4(noDrug);HUG1_ADE17(5-FC);HUG1_ALO1(5-FC);HUG1_ALO1(Trifluoperazine);HUG1_ALO1(noDrug);MID2_MAM33(noDrug);MID2_PIN2(Fluconazole);MID2_RSN1(noDrug);MID2_TPO2(noDrug);MID2_TPO4(Fluconazole);PLM2_HNM1(5-FC);PMC1_CTR2(5-FC);PMC1_CTR2(Fluconazole);PMC1_CTR2(Metformin);PMC1_CTR2(Trifluoperazine);PMC1_CTR2(noDrug);PMC1_GTR2(5-FC);PMC1_GTR2(Metformin);PMC1_GTR2(Trifluoperazine);PMC1_GTR2(noDrug);SNA4_GTR2(Trifluoperazine);SRO9_DHH1(noDrug);SRO9_GIS2(noDrug);TPO1_MID2(Trifluoperazine);TPO1_MID2(noDrug);TPO1_TCB2(5-FC);TPO1_TCB2(noDrug);TPO1_TPO2(Trifluoperazine),,,piQTL_only
chr16:867326,PMC1_CTR2,Trifluoperazine,0.619057735,ALO1_ADE17(5-FC);ALO1_ADE17(Metformin);ALO1_ADE17(Trifluoperazine);ALO1_ADE17(noDrug);ALO1_HYR1(5-FC);ALO1_HYR1(Fluconazole);ALO1_HYR1(noDrug);ALO1_UIP4(5-FC);ERG11_ACF2(5-FC);ERG11_ACF2(noDrug);ERG11_ORM2(5-FC);ERG27_ACF2(5-FC);ERG27_ACF2(Trifluoperazine);ERG27_ACF2(noDrug);ERV25_UIP4(5-FC);ERV25_UIP4(noDrug);FMP45_MEP1(5-FC);HNM1_ERG11(noDrug);HNM1_TPO4(5-FC);HNM1_TPO4(noDrug);HUG1_ADE17(5-FC);HUG1_ALO1(5-FC);HUG1_ALO1(Trifluoperazine);HUG1_ALO1(noDrug);MID2_MAM33(noDrug);MID2_PIN2(Fluconazole);MID2_RSN1(noDrug);MID2_TPO2(noDrug);MID2_TPO4(Fluconazole);PLM2_HNM1(5-FC);PMC1_CTR2(5-FC);PMC1_CTR2(Fluconazole);PMC1_CTR2(Metformin);PMC1_CTR2(Trifluoperazine);PMC1_CTR2(noDrug);PMC1_GTR2(5-FC);PMC1_GTR2(Metformin);PMC1_GTR2(Trifluoperazine);PMC1_GTR2(noDrug);SNA4_GTR2(Trifluoperazine);SRO9_DHH1(noDrug);SRO9_GIS2(noDrug);TPO1_MID2(Trifluoperazine);TPO1_MID2(noDrug);TPO1_TCB2(5-FC);TPO1_TCB2(noDrug);TPO1_TPO2(Trifluoperazine),,,piQTL_only
chr16:867326,PMC1_CTR2,noDrug,0.700219253,ALO1_ADE17(5-FC);ALO1_ADE17(Metformin);ALO1_ADE17(Trifluoperazine);ALO1_ADE17(noDrug);ALO1_HYR1(5-FC);ALO1_HYR1(Fluconazole);ALO1_HYR1(noDrug);ALO1_UIP4(5-FC);ERG11_ACF2(5-FC);ERG11_ACF2(noDrug);ERG11_ORM2(5-FC);ERG27_ACF2(5-FC);ERG27_ACF2(Trifluoperazine);ERG27_ACF2(noDrug);ERV25_UIP4(5-FC);ERV25_UIP4(noDrug);FMP45_MEP1(5-FC);HNM1_ERG11(noDrug);HNM1_TPO4(5-FC);HNM1_TPO4(noDrug);HUG1_ADE17(5-FC);HUG1_ALO1(5-FC);HUG1_ALO1(Trifluoperazine);HUG1_ALO1(noDrug);MID2_MAM33(noDrug);MID2_PIN2(Fluconazole);MID2_RSN1(noDrug);MID2_TPO2(noDrug);MID2_TPO4(Fluconazole);PLM2_HNM1(5-FC);PMC1_CTR2(5-FC);PMC1_CTR2(Fluconazole);PMC1_CTR2(Metformin);PMC1_CTR2(Trifluoperazine);PMC1_CTR2(noDrug);PMC1_GTR2(5-FC);PMC1_GTR2(Metformin);PMC1_GTR2(Trifluoperazine);PMC1_GTR2(noDrug);SNA4_GTR2(Trifluoperazine);SRO9_DHH1(noDrug);SRO9_GIS2(noDrug);TPO1_MID2(Trifluoperazine);TPO1_MID2(noDrug);TPO1_TCB2(5-FC);TPO1_TCB2(noDrug);TPO1_TPO2(Trifluoperazine),,,piQTL_only
chr16:867326,PMC1_GTR2,5-FC,0.784412908,ALO1_ADE17(5-FC);ALO1_ADE17(Metformin);ALO1_ADE17(Trifluoperazine);ALO1_ADE17(noDrug);ALO1_HYR1(5-FC);ALO1_HYR1(Fluconazole);ALO1_HYR1(noDrug);ALO1_UIP4(5-FC);ERG11_ACF2(5-FC);ERG11_ACF2(noDrug);ERG11_ORM2(5-FC);ERG27_ACF2(5-FC);ERG27_ACF2(Trifluoperazine);ERG27_ACF2(noDrug);ERV25_UIP4(5-FC);ERV25_UIP4(noDrug);FMP45_MEP1(5-FC);HNM1_ERG11(noDrug);HNM1_TPO4(5-FC);HNM1_TPO4(noDrug);HUG1_ADE17(5-FC);HUG1_ALO1(5-FC);HUG1_ALO1(Trifluoperazine);HUG1_ALO1(noDrug);MID2_MAM33(noDrug);MID2_PIN2(Fluconazole);MID2_RSN1(noDrug);MID2_TPO2(noDrug);MID2_TPO4(Fluconazole);PLM2_HNM1(5-FC);PMC1_CTR2(5-FC);PMC1_CTR2(Fluconazole);PMC1_CTR2(Metformin);PMC1_CTR2(Trifluoperazine);PMC1_CTR2(noDrug);PMC1_GTR2(5-FC);PMC1_GTR2(Metformin);PMC1_GTR2(Trifluoperazine);PMC1_GTR2(noDrug);SNA4_GTR2(Trifluoperazine);SRO9_DHH1(noDrug);SRO9_GIS2(noDrug);TPO1_MID2(Trifluoperazine);TPO1_MID2(noDrug);TPO1_TCB2(5-FC);TPO1_TCB2(noDrug);TPO1_TPO2(Trifluoperazine),,,piQTL_only
chr16:867326,PMC1_GTR2,Metformin,0.542054038,ALO1_ADE17(5-FC);ALO1_ADE17(Metformin);ALO1_ADE17(Trifluoperazine);ALO1_ADE17(noDrug);ALO1_HYR1(5-FC);ALO1_HYR1(Fluconazole);ALO1_HYR1(noDrug);ALO1_UIP4(5-FC);ERG11_ACF2(5-FC);ERG11_ACF2(noDrug);ERG11_ORM2(5-FC);ERG27_ACF2(5-FC);ERG27_ACF2(Trifluoperazine);ERG27_ACF2(noDrug);ERV25_UIP4(5-FC);ERV25_UIP4(noDrug);FMP45_MEP1(5-FC);HNM1_ERG11(noDrug);HNM1_TPO4(5-FC);HNM1_TPO4(noDrug);HUG1_ADE17(5-FC);HUG1_ALO1(5-FC);HUG1_ALO1(Trifluoperazine);HUG1_ALO1(noDrug);MID2_MAM33(noDrug);MID2_PIN2(Fluconazole);MID2_RSN1(noDrug);MID2_TPO2(noDrug);MID2_TPO4(Fluconazole);PLM2_HNM1(5-FC);PMC1_CTR2(5-FC);PMC1_CTR2(Fluconazole);PMC1_CTR2(Metformin);PMC1_CTR2(Trifluoperazine);PMC1_CTR2(noDrug);PMC1_GTR2(5-FC);PMC1_GTR2(Metformin);PMC1_GTR2(Trifluoperazine);PMC1_GTR2(noDrug);SNA4_GTR2(Trifluoperazine);SRO9_DHH1(noDrug);SRO9_GIS2(noDrug);TPO1_MID2(Trifluoperazine);TPO1_MID2(noDrug);TPO1_TCB2(5-FC);TPO1_TCB2(noDrug);TPO1_TPO2(Trifluoperazine),,,piQTL_only
chr16:867326,PMC1_GTR2,Trifluoperazine,0.836674914,ALO1_ADE17(5-FC);ALO1_ADE17(Metformin);ALO1_ADE17(Trifluoperazine);ALO1_ADE17(noDrug);ALO1_HYR1(5-FC);ALO1_HYR1(Fluconazole);ALO1_HYR1(noDrug);ALO1_UIP4(5-FC);ERG11_ACF2(5-FC);ERG11_ACF2(noDrug);ERG11_ORM2(5-FC);ERG27_ACF2(5-FC);ERG27_ACF2(Trifluoperazine);ERG27_ACF2(noDrug);ERV25_UIP4(5-FC);ERV25_UIP4(noDrug);FMP45_MEP1(5-FC);HNM1_ERG11(noDrug);HNM1_TPO4(5-FC);HNM1_TPO4(noDrug);HUG1_ADE17(5-FC);HUG1_ALO1(5-FC);HUG1_ALO1(Trifluoperazine);HUG1_ALO1(noDrug);MID2_MAM33(noDrug);MID2_PIN2(Fluconazole);MID2_RSN1(noDrug);MID2_TPO2(noDrug);MID2_TPO4(Fluconazole);PLM2_HNM1(5-FC);PMC1_CTR2(5-FC);PMC1_CTR2(Fluconazole);PMC1_CTR2(Metformin);PMC1_CTR2(Trifluoperazine);PMC1_CTR2(noDrug);PMC1_GTR2(5-FC);PMC1_GTR2(Metformin);PMC1_GTR2(Trifluoperazine);PMC1_GTR2(noDrug);SNA4_GTR2(Trifluoperazine);SRO9_DHH1(noDrug);SRO9_GIS2(noDrug);TPO1_MID2(Trifluoperazine);TPO1_MID2(noDrug);TPO1_TCB2(5-FC);TPO1_TCB2(noDrug);TPO1_TPO2(Trifluoperazine),,,piQTL_only
chr16:867326,PMC1_GTR2,noDrug,0.790985267,ALO1_ADE17(5-FC);ALO1_ADE17(Metformin);ALO1_ADE17(Trifluoperazine);ALO1_ADE17(noDrug);ALO1_HYR1(5-FC);ALO1_HYR1(Fluconazole);ALO1_HYR1(noDrug);ALO1_UIP4(5-FC);ERG11_ACF2(5-FC);ERG11_ACF2(noDrug);ERG11_ORM2(5-FC);ERG27_ACF2(5-FC);ERG27_ACF2(Trifluoperazine);ERG27_ACF2(noDrug);ERV25_UIP4(5-FC);ERV25_UIP4(noDrug);FMP45_MEP1(5-FC);HNM1_ERG11(noDrug);HNM1_TPO4(5-FC);HNM1_TPO4(noDrug);HUG1_ADE17(5-FC);HUG1_ALO1(5-FC);HUG1_ALO1(Trifluoperazine);HUG1_ALO1(noDrug);MID2_MAM33(noDrug);MID2_PIN2(Fluconazole);MID2_RSN1(noDrug);MID2_TPO2(noDrug);MID2_TPO4(Fluconazole);PLM2_HNM1(5-FC);PMC1_CTR2(5-FC);PMC1_CTR2(Fluconazole);PMC1_CTR2(Metformin);PMC1_CTR2(Trifluoperazine);PMC1_CTR2(noDrug);PMC1_GTR2(5-FC);PMC1_GTR2(Metformin);PMC1_GTR2(Trifluoperazine);PMC1_GTR2(noDrug);SNA4_GTR2(Trifluoperazine);SRO9_DHH1(noDrug);SRO9_GIS2(noDrug);TPO1_MID2(Trifluoperazine);TPO1_MID2(noDrug);TPO1_TCB2(5-FC);TPO1_TCB2(noDrug);TPO1_TPO2(Trifluoperazine),,,piQTL_only
chr16:867326,SNA4_GTR2,Trifluoperazine,0.525681261,ALO1_ADE17(5-FC);ALO1_ADE17(Metformin);ALO1_ADE17(Trifluoperazine);ALO1_ADE17(noDrug);ALO1_HYR1(5-FC);ALO1_HYR1(Fluconazole);ALO1_HYR1(noDrug);ALO1_UIP4(5-FC);ERG11_ACF2(5-FC);ERG11_ACF2(noDrug);ERG11_ORM2(5-FC);ERG27_ACF2(5-FC);ERG27_ACF2(Trifluoperazine);ERG27_ACF2(noDrug);ERV25_UIP4(5-FC);ERV25_UIP4(noDrug);FMP45_MEP1(5-FC);HNM1_ERG11(noDrug);HNM1_TPO4(5-FC);HNM1_TPO4(noDrug);HUG1_ADE17(5-FC);HUG1_ALO1(5-FC);HUG1_ALO1(Trifluoperazine);HUG1_ALO1(noDrug);MID2_MAM33(noDrug);MID2_PIN2(Fluconazole);MID2_RSN1(noDrug);MID2_TPO2(noDrug);MID2_TPO4(Fluconazole);PLM2_HNM1(5-FC);PMC1_CTR2(5-FC);PMC1_CTR2(Fluconazole);PMC1_CTR2(Metformin);PMC1_CTR2(Trifluoperazine);PMC1_CTR2(noDrug);PMC1_GTR2(5-FC);PMC1_GTR2(Metformin);PMC1_GTR2(Trifluoperazine);PMC1_GTR2(noDrug);SNA4_GTR2(Trifluoperazine);SRO9_DHH1(noDrug);SRO9_GIS2(noDrug);TPO1_MID2(Trifluoperazine);TPO1_MID2(noDrug);TPO1_TCB2(5-FC);TPO1_TCB2(noDrug);TPO1_TPO2(Trifluoperazine),,,piQTL_only
chr16:867326,SRO9_DHH1,noDrug,0.5729583,ALO1_ADE17(5-FC);ALO1_ADE17(Metformin);ALO1_ADE17(Trifluoperazine);ALO1_ADE17(noDrug);ALO1_HYR1(5-FC);ALO1_HYR1(Fluconazole);ALO1_HYR1(noDrug);ALO1_UIP4(5-FC);ERG11_ACF2(5-FC);ERG11_ACF2(noDrug);ERG11_ORM2(5-FC);ERG27_ACF2(5-FC);ERG27_ACF2(Trifluoperazine);ERG27_ACF2(noDrug);ERV25_UIP4(5-FC);ERV25_UIP4(noDrug);FMP45_MEP1(5-FC);HNM1_ERG11(noDrug);HNM1_TPO4(5-FC);HNM1_TPO4(noDrug);HUG1_ADE17(5-FC);HUG1_ALO1(5-FC);HUG1_ALO1(Trifluoperazine);HUG1_ALO1(noDrug);MID2_MAM33(noDrug);MID2_PIN2(Fluconazole);MID2_RSN1(noDrug);MID2_TPO2(noDrug);MID2_TPO4(Fluconazole);PLM2_HNM1(5-FC);PMC1_CTR2(5-FC);PMC1_CTR2(Fluconazole);PMC1_CTR2(Metformin);PMC1_CTR2(Trifluoperazine);PMC1_CTR2(noDrug);PMC1_GTR2(5-FC);PMC1_GTR2(Metformin);PMC1_GTR2(Trifluoperazine);PMC1_GTR2(noDrug);SNA4_GTR2(Trifluoperazine);SRO9_DHH1(noDrug);SRO9_GIS2(noDrug);TPO1_MID2(Trifluoperazine);TPO1_MID2(noDrug);TPO1_TCB2(5-FC);TPO1_TCB2(noDrug);TPO1_TPO2(Trifluoperazine),,,piQTL_only
chr16:867326,SRO9_GIS2,noDrug,0.474055177,ALO1_ADE17(5-FC);ALO1_ADE17(Metformin);ALO1_ADE17(Trifluoperazine);ALO1_ADE17(noDrug);ALO1_HYR1(5-FC);ALO1_HYR1(Fluconazole);ALO1_HYR1(noDrug);ALO1_UIP4(5-FC);ERG11_ACF2(5-FC);ERG11_ACF2(noDrug);ERG11_ORM2(5-FC);ERG27_ACF2(5-FC);ERG27_ACF2(Trifluoperazine);ERG27_ACF2(noDrug);ERV25_UIP4(5-FC);ERV25_UIP4(noDrug);FMP45_MEP1(5-FC);HNM1_ERG11(noDrug);HNM1_TPO4(5-FC);HNM1_TPO4(noDrug);HUG1_ADE17(5-FC);HUG1_ALO1(5-FC);HUG1_ALO1(Trifluoperazine);HUG1_ALO1(noDrug);MID2_MAM33(noDrug);MID2_PIN2(Fluconazole);MID2_RSN1(noDrug);MID2_TPO2(noDrug);MID2_TPO4(Fluconazole);PLM2_HNM1(5-FC);PMC1_CTR2(5-FC);PMC1_CTR2(Fluconazole);PMC1_CTR2(Metformin);PMC1_CTR2(Trifluoperazine);PMC1_CTR2(noDrug);PMC1_GTR2(5-FC);PMC1_GTR2(Metformin);PMC1_GTR2(Trifluoperazine);PMC1_GTR2(noDrug);SNA4_GTR2(Trifluoperazine);SRO9_DHH1(noDrug);SRO9_GIS2(noDrug);TPO1_MID2(Trifluoperazine);TPO1_MID2(noDrug);TPO1_TCB2(5-FC);TPO1_TCB2(noDrug);TPO1_TPO2(Trifluoperazine),,,piQTL_only
chr16:862181,TPO1_MID2,5-FC,0.592470373,HUG1_PGM2(5-FC);TPO1_MID2(5-FC);TPO1_TPO2(5-FC);TPO1_TPO2(noDrug),,,piQTL_only
chr16:867326,TPO1_MID2,Trifluoperazine,0.558630067,ALO1_ADE17(5-FC);ALO1_ADE17(Metformin);ALO1_ADE17(Trifluoperazine);ALO1_ADE17(noDrug);ALO1_HYR1(5-FC);ALO1_HYR1(Fluconazole);ALO1_HYR1(noDrug);ALO1_UIP4(5-FC);ERG11_ACF2(5-FC);ERG11_ACF2(noDrug);ERG11_ORM2(5-FC);ERG27_ACF2(5-FC);ERG27_ACF2(Trifluoperazine);ERG27_ACF2(noDrug);ERV25_UIP4(5-FC);ERV25_UIP4(noDrug);FMP45_MEP1(5-FC);HNM1_ERG11(noDrug);HNM1_TPO4(5-FC);HNM1_TPO4(noDrug);HUG1_ADE17(5-FC);HUG1_ALO1(5-FC);HUG1_ALO1(Trifluoperazine);HUG1_ALO1(noDrug);MID2_MAM33(noDrug);MID2_PIN2(Fluconazole);MID2_RSN1(noDrug);MID2_TPO2(noDrug);MID2_TPO4(Fluconazole);PLM2_HNM1(5-FC);PMC1_CTR2(5-FC);PMC1_CTR2(Fluconazole);PMC1_CTR2(Metformin);PMC1_CTR2(Trifluoperazine);PMC1_CTR2(noDrug);PMC1_GTR2(5-FC);PMC1_GTR2(Metformin);PMC1_GTR2(Trifluoperazine);PMC1_GTR2(noDrug);SNA4_GTR2(Trifluoperazine);SRO9_DHH1(noDrug);SRO9_GIS2(noDrug);TPO1_MID2(Trifluoperazine);TPO1_MID2(noDrug);TPO1_TCB2(5-FC);TPO1_TCB2(noDrug);TPO1_TPO2(Trifluoperazine),,,piQTL_only
chr16:867326,TPO1_MID2,noDrug,0.608188199,ALO1_ADE17(5-FC);ALO1_ADE17(Metformin);ALO1_ADE17(Trifluoperazine);ALO1_ADE17(noDrug);ALO1_HYR1(5-FC);ALO1_HYR1(Fluconazole);ALO1_HYR1(noDrug);ALO1_UIP4(5-FC);ERG11_ACF2(5-FC);ERG11_ACF2(noDrug);ERG11_ORM2(5-FC);ERG27_ACF2(5-FC);ERG27_ACF2(Trifluoperazine);ERG27_ACF2(noDrug);ERV25_UIP4(5-FC);ERV25_UIP4(noDrug);FMP45_MEP1(5-FC);HNM1_ERG11(noDrug);HNM1_TPO4(5-FC);HNM1_TPO4(noDrug);HUG1_ADE17(5-FC);HUG1_ALO1(5-FC);HUG1_ALO1(Trifluoperazine);HUG1_ALO1(noDrug);MID2_MAM33(noDrug);MID2_PIN2(Fluconazole);MID2_RSN1(noDrug);MID2_TPO2(noDrug);MID2_TPO4(Fluconazole);PLM2_HNM1(5-FC);PMC1_CTR2(5-FC);PMC1_CTR2(Fluconazole);PMC1_CTR2(Metformin);PMC1_CTR2(Trifluoperazine);PMC1_CTR2(noDrug);PMC1_GTR2(5-FC);PMC1_GTR2(Metformin);PMC1_GTR2(Trifluoperazine);PMC1_GTR2(noDrug);SNA4_GTR2(Trifluoperazine);SRO9_DHH1(noDrug);SRO9_GIS2(noDrug);TPO1_MID2(Trifluoperazine);TPO1_MID2(noDrug);TPO1_TCB2(5-FC);TPO1_TCB2(noDrug);TPO1_TPO2(Trifluoperazine),,,piQTL_only
chr16:867326,TPO1_TCB2,5-FC,0.624412506,ALO1_ADE17(5-FC);ALO1_ADE17(Metformin);ALO1_ADE17(Trifluoperazine);ALO1_ADE17(noDrug);ALO1_HYR1(5-FC);ALO1_HYR1(Fluconazole);ALO1_HYR1(noDrug);ALO1_UIP4(5-FC);ERG11_ACF2(5-FC);ERG11_ACF2(noDrug);ERG11_ORM2(5-FC);ERG27_ACF2(5-FC);ERG27_ACF2(Trifluoperazine);ERG27_ACF2(noDrug);ERV25_UIP4(5-FC);ERV25_UIP4(noDrug);FMP45_MEP1(5-FC);HNM1_ERG11(noDrug);HNM1_TPO4(5-FC);HNM1_TPO4(noDrug);HUG1_ADE17(5-FC);HUG1_ALO1(5-FC);HUG1_ALO1(Trifluoperazine);HUG1_ALO1(noDrug);MID2_MAM33(noDrug);MID2_PIN2(Fluconazole);MID2_RSN1(noDrug);MID2_TPO2(noDrug);MID2_TPO4(Fluconazole);PLM2_HNM1(5-FC);PMC1_CTR2(5-FC);PMC1_CTR2(Fluconazole);PMC1_CTR2(Metformin);PMC1_CTR2(Trifluoperazine);PMC1_CTR2(noDrug);PMC1_GTR2(5-FC);PMC1_GTR2(Metformin);PMC1_GTR2(Trifluoperazine);PMC1_GTR2(noDrug);SNA4_GTR2(Trifluoperazine);SRO9_DHH1(noDrug);SRO9_GIS2(noDrug);TPO1_MID2(Trifluoperazine);TPO1_MID2(noDrug);TPO1_TCB2(5-FC);TPO1_TCB2(noDrug);TPO1_TPO2(Trifluoperazine),,,piQTL_only
chr16:867326,TPO1_TCB2,noDrug,0.550951427,ALO1_ADE17(5-FC);ALO1_ADE17(Metformin);ALO1_ADE17(Trifluoperazine);ALO1_ADE17(noDrug);ALO1_HYR1(5-FC);ALO1_HYR1(Fluconazole);ALO1_HYR1(noDrug);ALO1_UIP4(5-FC);ERG11_ACF2(5-FC);ERG11_ACF2(noDrug);ERG11_ORM2(5-FC);ERG27_ACF2(5-FC);ERG27_ACF2(Trifluoperazine);ERG27_ACF2(noDrug);ERV25_UIP4(5-FC);ERV25_UIP4(noDrug);FMP45_MEP1(5-FC);HNM1_ERG11(noDrug);HNM1_TPO4(5-FC);HNM1_TPO4(noDrug);HUG1_ADE17(5-FC);HUG1_ALO1(5-FC);HUG1_ALO1(Trifluoperazine);HUG1_ALO1(noDrug);MID2_MAM33(noDrug);MID2_PIN2(Fluconazole);MID2_RSN1(noDrug);MID2_TPO2(noDrug);MID2_TPO4(Fluconazole);PLM2_HNM1(5-FC);PMC1_CTR2(5-FC);PMC1_CTR2(Fluconazole);PMC1_CTR2(Metformin);PMC1_CTR2(Trifluoperazine);PMC1_CTR2(noDrug);PMC1_GTR2(5-FC);PMC1_GTR2(Metformin);PMC1_GTR2(Trifluoperazine);PMC1_GTR2(noDrug);SNA4_GTR2(Trifluoperazine);SRO9_DHH1(noDrug);SRO9_GIS2(noDrug);TPO1_MID2(Trifluoperazine);TPO1_MID2(noDrug);TPO1_TCB2(5-FC);TPO1_TCB2(noDrug);TPO1_TPO2(Trifluoperazine),,,piQTL_only
chr16:862181,TPO1_TPO2,5-FC,0.499536139,HUG1_PGM2(5-FC);TPO1_MID2(5-FC);TPO1_TPO2(5-FC);TPO1_TPO2(noDrug),,,piQTL_only
chr16:867326,TPO1_TPO2,Trifluoperazine,0.608016981,ALO1_ADE17(5-FC);ALO1_ADE17(Metformin);ALO1_ADE17(Trifluoperazine);ALO1_ADE17(noDrug);ALO1_HYR1(5-FC);ALO1_HYR1(Fluconazole);ALO1_HYR1(noDrug);ALO1_UIP4(5-FC);ERG11_ACF2(5-FC);ERG11_ACF2(noDrug);ERG11_ORM2(5-FC);ERG27_ACF2(5-FC);ERG27_ACF2(Trifluoperazine);ERG27_ACF2(noDrug);ERV25_UIP4(5-FC);ERV25_UIP4(noDrug);FMP45_MEP1(5-FC);HNM1_ERG11(noDrug);HNM1_TPO4(5-FC);HNM1_TPO4(noDrug);HUG1_ADE17(5-FC);HUG1_ALO1(5-FC);HUG1_ALO1(Trifluoperazine);HUG1_ALO1(noDrug);MID2_MAM33(noDrug);MID2_PIN2(Fluconazole);MID2_RSN1(noDrug);MID2_TPO2(noDrug);MID2_TPO4(Fluconazole);PLM2_HNM1(5-FC);PMC1_CTR2(5-FC);PMC1_CTR2(Fluconazole);PMC1_CTR2(Metformin);PMC1_CTR2(Trifluoperazine);PMC1_CTR2(noDrug);PMC1_GTR2(5-FC);PMC1_GTR2(Metformin);PMC1_GTR2(Trifluoperazine);PMC1_GTR2(noDrug);SNA4_GTR2(Trifluoperazine);SRO9_DHH1(noDrug);SRO9_GIS2(noDrug);TPO1_MID2(Trifluoperazine);TPO1_MID2(noDrug);TPO1_TCB2(5-FC);TPO1_TCB2(noDrug);TPO1_TPO2(Trifluoperazine),,,piQTL_only
chr16:862181,TPO1_TPO2,noDrug,0.686974438,HUG1_PGM2(5-FC);TPO1_MID2(5-FC);TPO1_TPO2(5-FC);TPO1_TPO2(noDrug),,,piQTL_only
chr16:869725,ALO1_ADE17,5-FC,0.648069467,ALO1_ADE17(5-FC);ALO1_ADE17(Metformin);ALO1_ADE17(Trifluoperazine);ALO1_ADE17(noDrug);FMP45_HNM1(Fluconazole);MID2_TPO2(noDrug);PMC1_CTR2(5-FC);SRO9_GIS2(noDrug),,,piQTL_only
chr16:869725,ALO1_ADE17,Metformin,0.584328853,ALO1_ADE17(5-FC);ALO1_ADE17(Metformin);ALO1_ADE17(Trifluoperazine);ALO1_ADE17(noDrug);FMP45_HNM1(Fluconazole);MID2_TPO2(noDrug);PMC1_CTR2(5-FC);SRO9_GIS2(noDrug),,,piQTL_only
chr16:869725,ALO1_ADE17,Trifluoperazine,0.659480694,ALO1_ADE17(5-FC);ALO1_ADE17(Metformin);ALO1_ADE17(Trifluoperazine);ALO1_ADE17(noDrug);FMP45_HNM1(Fluconazole);MID2_TPO2(noDrug);PMC1_CTR2(5-FC);SRO9_GIS2(noDrug),,,piQTL_only
chr16:869725,ALO1_ADE17,noDrug,0.764341729,ALO1_ADE17(5-FC);ALO1_ADE17(Metformin);ALO1_ADE17(Trifluoperazine);ALO1_ADE17(noDrug);FMP45_HNM1(Fluconazole);MID2_TPO2(noDrug);PMC1_CTR2(5-FC);SRO9_GIS2(noDrug),,,piQTL_only
chr16:873246,ALO1_HYR1,5-FC,0.554170283,ALO1_HYR1(5-FC);ALO1_HYR1(noDrug),,,piQTL_only
chr16:873367,ALO1_HYR1,Fluconazole,0.631393877,ALO1_HYR1(Fluconazole);ALO1_UIP4(Fluconazole);ERG11_ACF2(5-FC);ERG11_ACF2(noDrug);FMP45_MID2(Fluconazole);HNM1_TPO4(5-FC);HUG1_ALO1(5-FC);HUG1_ALO1(Trifluoperazine);HUG1_ALO1(noDrug);MID2_RSN1(noDrug);PLM2_HNM1(5-FC);PLM2_HNM1(Fluconazole);PMC1_CTR2(Fluconazole);PMC1_GTR2(5-FC);PMC1_GTR2(Metformin);PMC1_GTR2(Trifluoperazine);PMC1_GTR2(noDrug);SNA4_GTR2(Trifluoperazine);TPO1_MID2(5-FC);TPO1_MID2(noDrug);TPO1_TPO2(Trifluoperazine);TPO1_TPO2(noDrug),,,piQTL_only
chr16:873246,ALO1_HYR1,noDrug,0.600224926,ALO1_HYR1(5-FC);ALO1_HYR1(noDrug),,,piQTL_only
chr16:873367,ALO1_UIP4,Fluconazole,0.61415972,ALO1_HYR1(Fluconazole);ALO1_UIP4(Fluconazole);ERG11_ACF2(5-FC);ERG11_ACF2(noDrug);FMP45_MID2(Fluconazole);HNM1_TPO4(5-FC);HUG1_ALO1(5-FC);HUG1_ALO1(Trifluoperazine);HUG1_ALO1(noDrug);MID2_RSN1(noDrug);PLM2_HNM1(5-FC);PLM2_HNM1(Fluconazole);PMC1_CTR2(Fluconazole);PMC1_GTR2(5-FC);PMC1_GTR2(Metformin);PMC1_GTR2(Trifluoperazine);PMC1_GTR2(noDrug);SNA4_GTR2(Trifluoperazine);TPO1_MID2(5-FC);TPO1_MID2(noDrug);TPO1_TPO2(Trifluoperazine);TPO1_TPO2(noDrug),,,piQTL_only
chr16:873212,ALO1_UIP4,noDrug,0.622673763,ALO1_UIP4(noDrug);ERG11_ORM2(Trifluoperazine);ERG27_ACF2(5-FC);ERG27_ACF2(Trifluoperazine);ERG27_ACF2(noDrug);ERV25_UIP4(5-FC);ERV25_UIP4(Metformin);ERV25_UIP4(noDrug);FMP45_MEP1(5-FC);HNM1_ERG11(noDrug);HUG1_ADE17(5-FC);HUG1_ADE17(noDrug);HUG1_PGM2(noDrug);PLM2_HNM1(noDrug);PMC1_CTR2(Metformin);PMC1_CTR2(Trifluoperazine);PMC1_CTR2(noDrug);TPO1_TCB2(5-FC);TPO1_TCB2(noDrug),,,piQTL_only
chr16:873367,ERG11_ACF2,5-FC,0.639489074,ALO1_HYR1(Fluconazole);ALO1_UIP4(Fluconazole);ERG11_ACF2(5-FC);ERG11_ACF2(noDrug);FMP45_MID2(Fluconazole);HNM1_TPO4(5-FC);HUG1_ALO1(5-FC);HUG1_ALO1(Trifluoperazine);HUG1_ALO1(noDrug);MID2_RSN1(noDrug);PLM2_HNM1(5-FC);PLM2_HNM1(Fluconazole);PMC1_CTR2(Fluconazole);PMC1_GTR2(5-FC);PMC1_GTR2(Metformin);PMC1_GTR2(Trifluoperazine);PMC1_GTR2(noDrug);SNA4_GTR2(Trifluoperazine);TPO1_MID2(5-FC);TPO1_MID2(noDrug);TPO1_TPO2(Trifluoperazine);TPO1_TPO2(noDrug),,,piQTL_only
chr16:873367,ERG11_ACF2,noDrug,0.565271051,ALO1_HYR1(Fluconazole);ALO1_UIP4(Fluconazole);ERG11_ACF2(5-FC);ERG11_ACF2(noDrug);FMP45_MID2(Fluconazole);HNM1_TPO4(5-FC);HUG1_ALO1(5-FC);HUG1_ALO1(Trifluoperazine);HUG1_ALO1(noDrug);MID2_RSN1(noDrug);PLM2_HNM1(5-FC);PLM2_HNM1(Fluconazole);PMC1_CTR2(Fluconazole);PMC1_GTR2(5-FC);PMC1_GTR2(Metformin);PMC1_GTR2(Trifluoperazine);PMC1_GTR2(noDrug);SNA4_GTR2(Trifluoperazine);TPO1_MID2(5-FC);TPO1_MID2(noDrug);TPO1_TPO2(Trifluoperazine);TPO1_TPO2(noDrug),,,piQTL_only
chr16:870388,ERG11_ORM2,5-FC,0.552203506,ERG11_ORM2(5-FC),,,piQTL_only
chr16:873212,ERG11_ORM2,Trifluoperazine,0.456490365,ALO1_UIP4(noDrug);ERG11_ORM2(Trifluoperazine);ERG27_ACF2(5-FC);ERG27_ACF2(Trifluoperazine);ERG27_ACF2(noDrug);ERV25_UIP4(5-FC);ERV25_UIP4(Metformin);ERV25_UIP4(noDrug);FMP45_MEP1(5-FC);HNM1_ERG11(noDrug);HUG1_ADE17(5-FC);HUG1_ADE17(noDrug);HUG1_PGM2(noDrug);PLM2_HNM1(noDrug);PMC1_CTR2(Metformin);PMC1_CTR2(Trifluoperazine);PMC1_CTR2(noDrug);TPO1_TCB2(5-FC);TPO1_TCB2(noDrug),,,piQTL_only
chr16:873212,ERG27_ACF2,5-FC,0.653595936,ALO1_UIP4(noDrug);ERG11_ORM2(Trifluoperazine);ERG27_ACF2(5-FC);ERG27_ACF2(Trifluoperazine);ERG27_ACF2(noDrug);ERV25_UIP4(5-FC);ERV25_UIP4(Metformin);ERV25_UIP4(noDrug);FMP45_MEP1(5-FC);HNM1_ERG11(noDrug);HUG1_ADE17(5-FC);HUG1_ADE17(noDrug);HUG1_PGM2(noDrug);PLM2_HNM1(noDrug);PMC1_CTR2(Metformin);PMC1_CTR2(Trifluoperazine);PMC1_CTR2(noDrug);TPO1_TCB2(5-FC);TPO1_TCB2(noDrug),,,piQTL_only
chr16:873212,ERG27_ACF2,Trifluoperazine,0.54846448,ALO1_UIP4(noDrug);ERG11_ORM2(Trifluoperazine);ERG27_ACF2(5-FC);ERG27_ACF2(Trifluoperazine);ERG27_ACF2(noDrug);ERV25_UIP4(5-FC);ERV25_UIP4(Metformin);ERV25_UIP4(noDrug);FMP45_MEP1(5-FC);HNM1_ERG11(noDrug);HUG1_ADE17(5-FC);HUG1_ADE17(noDrug);HUG1_PGM2(noDrug);PLM2_HNM1(noDrug);PMC1_CTR2(Metformin);PMC1_CTR2(Trifluoperazine);PMC1_CTR2(noDrug);TPO1_TCB2(5-FC);TPO1_TCB2(noDrug),,,piQTL_only
chr16:873212,ERG27_ACF2,noDrug,0.660628711,ALO1_UIP4(noDrug);ERG11_ORM2(Trifluoperazine);ERG27_ACF2(5-FC);ERG27_ACF2(Trifluoperazine);ERG27_ACF2(noDrug);ERV25_UIP4(5-FC);ERV25_UIP4(Metformin);ERV25_UIP4(noDrug);FMP45_MEP1(5-FC);HNM1_ERG11(noDrug);HUG1_ADE17(5-FC);HUG1_ADE17(noDrug);HUG1_PGM2(noDrug);PLM2_HNM1(noDrug);PMC1_CTR2(Metformin);PMC1_CTR2(Trifluoperazine);PMC1_CTR2(noDrug);TPO1_TCB2(5-FC);TPO1_TCB2(noDrug),,,piQTL_only
chr16:873212,ERV25_UIP4,5-FC,0.768063883,ALO1_UIP4(noDrug);ERG11_ORM2(Trifluoperazine);ERG27_ACF2(5-FC);ERG27_ACF2(Trifluoperazine);ERG27_ACF2(noDrug);ERV25_UIP4(5-FC);ERV25_UIP4(Metformin);ERV25_UIP4(noDrug);FMP45_MEP1(5-FC);HNM1_ERG11(noDrug);HUG1_ADE17(5-FC);HUG1_ADE17(noDrug);HUG1_PGM2(noDrug);PLM2_HNM1(noDrug);PMC1_CTR2(Metformin);PMC1_CTR2(Trifluoperazine);PMC1_CTR2(noDrug);TPO1_TCB2(5-FC);TPO1_TCB2(noDrug),,,piQTL_only
chr16:873212,ERV25_UIP4,Metformin,0.484504088,ALO1_UIP4(noDrug);ERG11_ORM2(Trifluoperazine);ERG27_ACF2(5-FC);ERG27_ACF2(Trifluoperazine);ERG27_ACF2(noDrug);ERV25_UIP4(5-FC);ERV25_UIP4(Metformin);ERV25_UIP4(noDrug);FMP45_MEP1(5-FC);HNM1_ERG11(noDrug);HUG1_ADE17(5-FC);HUG1_ADE17(noDrug);HUG1_PGM2(noDrug);PLM2_HNM1(noDrug);PMC1_CTR2(Metformin);PMC1_CTR2(Trifluoperazine);PMC1_CTR2(noDrug);TPO1_TCB2(5-FC);TPO1_TCB2(noDrug),,,piQTL_only
chr16:873212,ERV25_UIP4,noDrug,0.682783512,ALO1_UIP4(noDrug);ERG11_ORM2(Trifluoperazine);ERG27_ACF2(5-FC);ERG27_ACF2(Trifluoperazine);ERG27_ACF2(noDrug);ERV25_UIP4(5-FC);ERV25_UIP4(Metformin);ERV25_UIP4(noDrug);FMP45_MEP1(5-FC);HNM1_ERG11(noDrug);HUG1_ADE17(5-FC);HUG1_ADE17(noDrug);HUG1_PGM2(noDrug);PLM2_HNM1(noDrug);PMC1_CTR2(Metformin);PMC1_CTR2(Trifluoperazine);PMC1_CTR2(noDrug);TPO1_TCB2(5-FC);TPO1_TCB2(noDrug),,,piQTL_only
chr16:869725,FMP45_HNM1,Fluconazole,0.567020495,ALO1_ADE17(5-FC);ALO1_ADE17(Metformin);ALO1_ADE17(Trifluoperazine);ALO1_ADE17(noDrug);FMP45_HNM1(Fluconazole);MID2_TPO2(noDrug);PMC1_CTR2(5-FC);SRO9_GIS2(noDrug),,,piQTL_only
chr16:873212,FMP45_MEP1,5-FC,0.678483375,ALO1_UIP4(noDrug);ERG11_ORM2(Trifluoperazine);ERG27_ACF2(5-FC);ERG27_ACF2(Trifluoperazine);ERG27_ACF2(noDrug);ERV25_UIP4(5-FC);ERV25_UIP4(Metformin);ERV25_UIP4(noDrug);FMP45_MEP1(5-FC);HNM1_ERG11(noDrug);HUG1_ADE17(5-FC);HUG1_ADE17(noDrug);HUG1_PGM2(noDrug);PLM2_HNM1(noDrug);PMC1_CTR2(Metformin);PMC1_CTR2(Trifluoperazine);PMC1_CTR2(noDrug);TPO1_TCB2(5-FC);TPO1_TCB2(noDrug),,,piQTL_only
chr16:873367,FMP45_MID2,Fluconazole,0.602018416,ALO1_HYR1(Fluconazole);ALO1_UIP4(Fluconazole);ERG11_ACF2(5-FC);ERG11_ACF2(noDrug);FMP45_MID2(Fluconazole);HNM1_TPO4(5-FC);HUG1_ALO1(5-FC);HUG1_ALO1(Trifluoperazine);HUG1_ALO1(noDrug);MID2_RSN1(noDrug);PLM2_HNM1(5-FC);PLM2_HNM1(Fluconazole);PMC1_CTR2(Fluconazole);PMC1_GTR2(5-FC);PMC1_GTR2(Metformin);PMC1_GTR2(Trifluoperazine);PMC1_GTR2(noDrug);SNA4_GTR2(Trifluoperazine);TPO1_MID2(5-FC);TPO1_MID2(noDrug);TPO1_TPO2(Trifluoperazine);TPO1_TPO2(noDrug),,,piQTL_only
chr16:873212,HNM1_ERG11,noDrug,0.657207683,ALO1_UIP4(noDrug);ERG11_ORM2(Trifluoperazine);ERG27_ACF2(5-FC);ERG27_ACF2(Trifluoperazine);ERG27_ACF2(noDrug);ERV25_UIP4(5-FC);ERV25_UIP4(Metformin);ERV25_UIP4(noDrug);FMP45_MEP1(5-FC);HNM1_ERG11(noDrug);HUG1_ADE17(5-FC);HUG1_ADE17(noDrug);HUG1_PGM2(noDrug);PLM2_HNM1(noDrug);PMC1_CTR2(Metformin);PMC1_CTR2(Trifluoperazine);PMC1_CTR2(noDrug);TPO1_TCB2(5-FC);TPO1_TCB2(noDrug),,,piQTL_only
chr16:873367,HNM1_TPO4,5-FC,0.554391388,ALO1_HYR1(Fluconazole);ALO1_UIP4(Fluconazole);ERG11_ACF2(5-FC);ERG11_ACF2(noDrug);FMP45_MID2(Fluconazole);HNM1_TPO4(5-FC);HUG1_ALO1(5-FC);HUG1_ALO1(Trifluoperazine);HUG1_ALO1(noDrug);MID2_RSN1(noDrug);PLM2_HNM1(5-FC);PLM2_HNM1(Fluconazole);PMC1_CTR2(Fluconazole);PMC1_GTR2(5-FC);PMC1_GTR2(Metformin);PMC1_GTR2(Trifluoperazine);PMC1_GTR2(noDrug);SNA4_GTR2(Trifluoperazine);TPO1_MID2(5-FC);TPO1_MID2(noDrug);TPO1_TPO2(Trifluoperazine);TPO1_TPO2(noDrug),,,piQTL_only
chr16:873212,HUG1_ADE17,5-FC,0.580454644,ALO1_UIP4(noDrug);ERG11_ORM2(Trifluoperazine);ERG27_ACF2(5-FC);ERG27_ACF2(Trifluoperazine);ERG27_ACF2(noDrug);ERV25_UIP4(5-FC);ERV25_UIP4(Metformin);ERV25_UIP4(noDrug);FMP45_MEP1(5-FC);HNM1_ERG11(noDrug);HUG1_ADE17(5-FC);HUG1_ADE17(noDrug);HUG1_PGM2(noDrug);PLM2_HNM1(noDrug);PMC1_CTR2(Metformin);PMC1_CTR2(Trifluoperazine);PMC1_CTR2(noDrug);TPO1_TCB2(5-FC);TPO1_TCB2(noDrug),,,piQTL_only
chr16:873212,HUG1_ADE17,noDrug,0.585692785,ALO1_UIP4(noDrug);ERG11_ORM2(Trifluoperazine);ERG27_ACF2(5-FC);ERG27_ACF2(Trifluoperazine);ERG27_ACF2(noDrug);ERV25_UIP4(5-FC);ERV25_UIP4(Metformin);ERV25_UIP4(noDrug);FMP45_MEP1(5-FC);HNM1_ERG11(noDrug);HUG1_ADE17(5-FC);HUG1_ADE17(noDrug);HUG1_PGM2(noDrug);PLM2_HNM1(noDrug);PMC1_CTR2(Metformin);PMC1_CTR2(Trifluoperazine);PMC1_CTR2(noDrug);TPO1_TCB2(5-FC);TPO1_TCB2(noDrug),,,piQTL_only
chr16:873367,HUG1_ALO1,5-FC,0.746495578,ALO1_HYR1(Fluconazole);ALO1_UIP4(Fluconazole);ERG11_ACF2(5-FC);ERG11_ACF2(noDrug);FMP45_MID2(Fluconazole);HNM1_TPO4(5-FC);HUG1_ALO1(5-FC);HUG1_ALO1(Trifluoperazine);HUG1_ALO1(noDrug);MID2_RSN1(noDrug);PLM2_HNM1(5-FC);PLM2_HNM1(Fluconazole);PMC1_CTR2(Fluconazole);PMC1_GTR2(5-FC);PMC1_GTR2(Metformin);PMC1_GTR2(Trifluoperazine);PMC1_GTR2(noDrug);SNA4_GTR2(Trifluoperazine);TPO1_MID2(5-FC);TPO1_MID2(noDrug);TPO1_TPO2(Trifluoperazine);TPO1_TPO2(noDrug),,,piQTL_only
chr16:873367,HUG1_ALO1,Trifluoperazine,0.573292362,ALO1_HYR1(Fluconazole);ALO1_UIP4(Fluconazole);ERG11_ACF2(5-FC);ERG11_ACF2(noDrug);FMP45_MID2(Fluconazole);HNM1_TPO4(5-FC);HUG1_ALO1(5-FC);HUG1_ALO1(Trifluoperazine);HUG1_ALO1(noDrug);MID2_RSN1(noDrug);PLM2_HNM1(5-FC);PLM2_HNM1(Fluconazole);PMC1_CTR2(Fluconazole);PMC1_GTR2(5-FC);PMC1_GTR2(Metformin);PMC1_GTR2(Trifluoperazine);PMC1_GTR2(noDrug);SNA4_GTR2(Trifluoperazine);TPO1_MID2(5-FC);TPO1_MID2(noDrug);TPO1_TPO2(Trifluoperazine);TPO1_TPO2(noDrug),,,piQTL_only
chr16:873367,HUG1_ALO1,noDrug,0.720560071,ALO1_HYR1(Fluconazole);ALO1_UIP4(Fluconazole);ERG11_ACF2(5-FC);ERG11_ACF2(noDrug);FMP45_MID2(Fluconazole);HNM1_TPO4(5-FC);HUG1_ALO1(5-FC);HUG1_ALO1(Trifluoperazine);HUG1_ALO1(noDrug);MID2_RSN1(noDrug);PLM2_HNM1(5-FC);PLM2_HNM1(Fluconazole);PMC1_CTR2(Fluconazole);PMC1_GTR2(5-FC);PMC1_GTR2(Metformin);PMC1_GTR2(Trifluoperazine);PMC1_GTR2(noDrug);SNA4_GTR2(Trifluoperazine);TPO1_MID2(5-FC);TPO1_MID2(noDrug);TPO1_TPO2(Trifluoperazine);TPO1_TPO2(noDrug),,,piQTL_only
chr16:873212,HUG1_PGM2,noDrug,0.753117599,ALO1_UIP4(noDrug);ERG11_ORM2(Trifluoperazine);ERG27_ACF2(5-FC);ERG27_ACF2(Trifluoperazine);ERG27_ACF2(noDrug);ERV25_UIP4(5-FC);ERV25_UIP4(Metformin);ERV25_UIP4(noDrug);FMP45_MEP1(5-FC);HNM1_ERG11(noDrug);HUG1_ADE17(5-FC);HUG1_ADE17(noDrug);HUG1_PGM2(noDrug);PLM2_HNM1(noDrug);PMC1_CTR2(Metformin);PMC1_CTR2(Trifluoperazine);PMC1_CTR2(noDrug);TPO1_TCB2(5-FC);TPO1_TCB2(noDrug),,,piQTL_only
chr16:873367,MID2_RSN1,noDrug,0.543494824,ALO1_HYR1(Fluconazole);ALO1_UIP4(Fluconazole);ERG11_ACF2(5-FC);ERG11_ACF2(noDrug);FMP45_MID2(Fluconazole);HNM1_TPO4(5-FC);HUG1_ALO1(5-FC);HUG1_ALO1(Trifluoperazine);HUG1_ALO1(noDrug);MID2_RSN1(noDrug);PLM2_HNM1(5-FC);PLM2_HNM1(Fluconazole);PMC1_CTR2(Fluconazole);PMC1_GTR2(5-FC);PMC1_GTR2(Metformin);PMC1_GTR2(Trifluoperazine);PMC1_GTR2(noDrug);SNA4_GTR2(Trifluoperazine);TPO1_MID2(5-FC);TPO1_MID2(noDrug);TPO1_TPO2(Trifluoperazine);TPO1_TPO2(noDrug),,,piQTL_only
chr16:869725,MID2_TPO2,noDrug,0.525573544,ALO1_ADE17(5-FC);ALO1_ADE17(Metformin);ALO1_ADE17(Trifluoperazine);ALO1_ADE17(noDrug);FMP45_HNM1(Fluconazole);MID2_TPO2(noDrug);PMC1_CTR2(5-FC);SRO9_GIS2(noDrug),,,piQTL_only
chr16:873367,PLM2_HNM1,5-FC,0.630312537,ALO1_HYR1(Fluconazole);ALO1_UIP4(Fluconazole);ERG11_ACF2(5-FC);ERG11_ACF2(noDrug);FMP45_MID2(Fluconazole);HNM1_TPO4(5-FC);HUG1_ALO1(5-FC);HUG1_ALO1(Trifluoperazine);HUG1_ALO1(noDrug);MID2_RSN1(noDrug);PLM2_HNM1(5-FC);PLM2_HNM1(Fluconazole);PMC1_CTR2(Fluconazole);PMC1_GTR2(5-FC);PMC1_GTR2(Metformin);PMC1_GTR2(Trifluoperazine);PMC1_GTR2(noDrug);SNA4_GTR2(Trifluoperazine);TPO1_MID2(5-FC);TPO1_MID2(noDrug);TPO1_TPO2(Trifluoperazine);TPO1_TPO2(noDrug),,,piQTL_only
chr16:873367,PLM2_HNM1,Fluconazole,0.595898281,ALO1_HYR1(Fluconazole);ALO1_UIP4(Fluconazole);ERG11_ACF2(5-FC);ERG11_ACF2(noDrug);FMP45_MID2(Fluconazole);HNM1_TPO4(5-FC);HUG1_ALO1(5-FC);HUG1_ALO1(Trifluoperazine);HUG1_ALO1(noDrug);MID2_RSN1(noDrug);PLM2_HNM1(5-FC);PLM2_HNM1(Fluconazole);PMC1_CTR2(Fluconazole);PMC1_GTR2(5-FC);PMC1_GTR2(Metformin);PMC1_GTR2(Trifluoperazine);PMC1_GTR2(noDrug);SNA4_GTR2(Trifluoperazine);TPO1_MID2(5-FC);TPO1_MID2(noDrug);TPO1_TPO2(Trifluoperazine);TPO1_TPO2(noDrug),,,piQTL_only
chr16:873212,PLM2_HNM1,noDrug,0.690294845,ALO1_UIP4(noDrug);ERG11_ORM2(Trifluoperazine);ERG27_ACF2(5-FC);ERG27_ACF2(Trifluoperazine);ERG27_ACF2(noDrug);ERV25_UIP4(5-FC);ERV25_UIP4(Metformin);ERV25_UIP4(noDrug);FMP45_MEP1(5-FC);HNM1_ERG11(noDrug);HUG1_ADE17(5-FC);HUG1_ADE17(noDrug);HUG1_PGM2(noDrug);PLM2_HNM1(noDrug);PMC1_CTR2(Metformin);PMC1_CTR2(Trifluoperazine);PMC1_CTR2(noDrug);TPO1_TCB2(5-FC);TPO1_TCB2(noDrug),,,piQTL_only
chr16:869725,PMC1_CTR2,5-FC,0.77132116,ALO1_ADE17(5-FC);ALO1_ADE17(Metformin);ALO1_ADE17(Trifluoperazine);ALO1_ADE17(noDrug);FMP45_HNM1(Fluconazole);MID2_TPO2(noDrug);PMC1_CTR2(5-FC);SRO9_GIS2(noDrug),,,piQTL_only
chr16:873367,PMC1_CTR2,Fluconazole,0.652611009,ALO1_HYR1(Fluconazole);ALO1_UIP4(Fluconazole);ERG11_ACF2(5-FC);ERG11_ACF2(noDrug);FMP45_MID2(Fluconazole);HNM1_TPO4(5-FC);HUG1_ALO1(5-FC);HUG1_ALO1(Trifluoperazine);HUG1_ALO1(noDrug);MID2_RSN1(noDrug);PLM2_HNM1(5-FC);PLM2_HNM1(Fluconazole);PMC1_CTR2(Fluconazole);PMC1_GTR2(5-FC);PMC1_GTR2(Metformin);PMC1_GTR2(Trifluoperazine);PMC1_GTR2(noDrug);SNA4_GTR2(Trifluoperazine);TPO1_MID2(5-FC);TPO1_MID2(noDrug);TPO1_TPO2(Trifluoperazine);TPO1_TPO2(noDrug),,,piQTL_only
chr16:873212,PMC1_CTR2,Metformin,0.486198897,ALO1_UIP4(noDrug);ERG11_ORM2(Trifluoperazine);ERG27_ACF2(5-FC);ERG27_ACF2(Trifluoperazine);ERG27_ACF2(noDrug);ERV25_UIP4(5-FC);ERV25_UIP4(Metformin);ERV25_UIP4(noDrug);FMP45_MEP1(5-FC);HNM1_ERG11(noDrug);HUG1_ADE17(5-FC);HUG1_ADE17(noDrug);HUG1_PGM2(noDrug);PLM2_HNM1(noDrug);PMC1_CTR2(Metformin);PMC1_CTR2(Trifluoperazine);PMC1_CTR2(noDrug);TPO1_TCB2(5-FC);TPO1_TCB2(noDrug),,,piQTL_only
chr16:873212,PMC1_CTR2,Trifluoperazine,0.60779557,ALO1_UIP4(noDrug);ERG11_ORM2(Trifluoperazine);ERG27_ACF2(5-FC);ERG27_ACF2(Trifluoperazine);ERG27_ACF2(noDrug);ERV25_UIP4(5-FC);ERV25_UIP4(Metformin);ERV25_UIP4(noDrug);FMP45_MEP1(5-FC);HNM1_ERG11(noDrug);HUG1_ADE17(5-FC);HUG1_ADE17(noDrug);HUG1_PGM2(noDrug);PLM2_HNM1(noDrug);PMC1_CTR2(Metformin);PMC1_CTR2(Trifluoperazine);PMC1_CTR2(noDrug);TPO1_TCB2(5-FC);TPO1_TCB2(noDrug),,,piQTL_only
chr16:873212,PMC1_CTR2,noDrug,0.694019308,ALO1_UIP4(noDrug);ERG11_ORM2(Trifluoperazine);ERG27_ACF2(5-FC);ERG27_ACF2(Trifluoperazine);ERG27_ACF2(noDrug);ERV25_UIP4(5-FC);ERV25_UIP4(Metformin);ERV25_UIP4(noDrug);FMP45_MEP1(5-FC);HNM1_ERG11(noDrug);HUG1_ADE17(5-FC);HUG1_ADE17(noDrug);HUG1_PGM2(noDrug);PLM2_HNM1(noDrug);PMC1_CTR2(Metformin);PMC1_CTR2(Trifluoperazine);PMC1_CTR2(noDrug);TPO1_TCB2(5-FC);TPO1_TCB2(noDrug),,,piQTL_only
chr16:873367,PMC1_GTR2,5-FC,0.757740262,ALO1_HYR1(Fluconazole);ALO1_UIP4(Fluconazole);ERG11_ACF2(5-FC);ERG11_ACF2(noDrug);FMP45_MID2(Fluconazole);HNM1_TPO4(5-FC);HUG1_ALO1(5-FC);HUG1_ALO1(Trifluoperazine);HUG1_ALO1(noDrug);MID2_RSN1(noDrug);PLM2_HNM1(5-FC);PLM2_HNM1(Fluconazole);PMC1_CTR2(Fluconazole);PMC1_GTR2(5-FC);PMC1_GTR2(Metformin);PMC1_GTR2(Trifluoperazine);PMC1_GTR2(noDrug);SNA4_GTR2(Trifluoperazine);TPO1_MID2(5-FC);TPO1_MID2(noDrug);TPO1_TPO2(Trifluoperazine);TPO1_TPO2(noDrug),,,piQTL_only
chr16:873367,PMC1_GTR2,Metformin,0.542476613,ALO1_HYR1(Fluconazole);ALO1_UIP4(Fluconazole);ERG11_ACF2(5-FC);ERG11_ACF2(noDrug);FMP45_MID2(Fluconazole);HNM1_TPO4(5-FC);HUG1_ALO1(5-FC);HUG1_ALO1(Trifluoperazine);HUG1_ALO1(noDrug);MID2_RSN1(noDrug);PLM2_HNM1(5-FC);PLM2_HNM1(Fluconazole);PMC1_CTR2(Fluconazole);PMC1_GTR2(5-FC);PMC1_GTR2(Metformin);PMC1_GTR2(Trifluoperazine);PMC1_GTR2(noDrug);SNA4_GTR2(Trifluoperazine);TPO1_MID2(5-FC);TPO1_MID2(noDrug);TPO1_TPO2(Trifluoperazine);TPO1_TPO2(noDrug),,,piQTL_only
chr16:873367,PMC1_GTR2,Trifluoperazine,0.78620041,ALO1_HYR1(Fluconazole);ALO1_UIP4(Fluconazole);ERG11_ACF2(5-FC);ERG11_ACF2(noDrug);FMP45_MID2(Fluconazole);HNM1_TPO4(5-FC);HUG1_ALO1(5-FC);HUG1_ALO1(Trifluoperazine);HUG1_ALO1(noDrug);MID2_RSN1(noDrug);PLM2_HNM1(5-FC);PLM2_HNM1(Fluconazole);PMC1_CTR2(Fluconazole);PMC1_GTR2(5-FC);PMC1_GTR2(Metformin);PMC1_GTR2(Trifluoperazine);PMC1_GTR2(noDrug);SNA4_GTR2(Trifluoperazine);TPO1_MID2(5-FC);TPO1_MID2(noDrug);TPO1_TPO2(Trifluoperazine);TPO1_TPO2(noDrug),,,piQTL_only
chr16:873367,PMC1_GTR2,noDrug,0.737724084,ALO1_HYR1(Fluconazole);ALO1_UIP4(Fluconazole);ERG11_ACF2(5-FC);ERG11_ACF2(noDrug);FMP45_MID2(Fluconazole);HNM1_TPO4(5-FC);HUG1_ALO1(5-FC);HUG1_ALO1(Trifluoperazine);HUG1_ALO1(noDrug);MID2_RSN1(noDrug);PLM2_HNM1(5-FC);PLM2_HNM1(Fluconazole);PMC1_CTR2(Fluconazole);PMC1_GTR2(5-FC);PMC1_GTR2(Metformin);PMC1_GTR2(Trifluoperazine);PMC1_GTR2(noDrug);SNA4_GTR2(Trifluoperazine);TPO1_MID2(5-FC);TPO1_MID2(noDrug);TPO1_TPO2(Trifluoperazine);TPO1_TPO2(noDrug),,,piQTL_only
chr16:873367,SNA4_GTR2,Trifluoperazine,0.531353717,ALO1_HYR1(Fluconazole);ALO1_UIP4(Fluconazole);ERG11_ACF2(5-FC);ERG11_ACF2(noDrug);FMP45_MID2(Fluconazole);HNM1_TPO4(5-FC);HUG1_ALO1(5-FC);HUG1_ALO1(Trifluoperazine);HUG1_ALO1(noDrug);MID2_RSN1(noDrug);PLM2_HNM1(5-FC);PLM2_HNM1(Fluconazole);PMC1_CTR2(Fluconazole);PMC1_GTR2(5-FC);PMC1_GTR2(Metformin);PMC1_GTR2(Trifluoperazine);PMC1_GTR2(noDrug);SNA4_GTR2(Trifluoperazine);TPO1_MID2(5-FC);TPO1_MID2(noDrug);TPO1_TPO2(Trifluoperazine);TPO1_TPO2(noDrug),,,piQTL_only
chr16:869725,SRO9_GIS2,noDrug,0.468390779,ALO1_ADE17(5-FC);ALO1_ADE17(Metformin);ALO1_ADE17(Trifluoperazine);ALO1_ADE17(noDrug);FMP45_HNM1(Fluconazole);MID2_TPO2(noDrug);PMC1_CTR2(5-FC);SRO9_GIS2(noDrug),,,piQTL_only
chr16:873367,TPO1_MID2,5-FC,0.588641821,ALO1_HYR1(Fluconazole);ALO1_UIP4(Fluconazole);ERG11_ACF2(5-FC);ERG11_ACF2(noDrug);FMP45_MID2(Fluconazole);HNM1_TPO4(5-FC);HUG1_ALO1(5-FC);HUG1_ALO1(Trifluoperazine);HUG1_ALO1(noDrug);MID2_RSN1(noDrug);PLM2_HNM1(5-FC);PLM2_HNM1(Fluconazole);PMC1_CTR2(Fluconazole);PMC1_GTR2(5-FC);PMC1_GTR2(Metformin);PMC1_GTR2(Trifluoperazine);PMC1_GTR2(noDrug);SNA4_GTR2(Trifluoperazine);TPO1_MID2(5-FC);TPO1_MID2(noDrug);TPO1_TPO2(Trifluoperazine);TPO1_TPO2(noDrug),,,piQTL_only
chr16:873367,TPO1_MID2,noDrug,0.610965825,ALO1_HYR1(Fluconazole);ALO1_UIP4(Fluconazole);ERG11_ACF2(5-FC);ERG11_ACF2(noDrug);FMP45_MID2(Fluconazole);HNM1_TPO4(5-FC);HUG1_ALO1(5-FC);HUG1_ALO1(Trifluoperazine);HUG1_ALO1(noDrug);MID2_RSN1(noDrug);PLM2_HNM1(5-FC);PLM2_HNM1(Fluconazole);PMC1_CTR2(Fluconazole);PMC1_GTR2(5-FC);PMC1_GTR2(Metformin);PMC1_GTR2(Trifluoperazine);PMC1_GTR2(noDrug);SNA4_GTR2(Trifluoperazine);TPO1_MID2(5-FC);TPO1_MID2(noDrug);TPO1_TPO2(Trifluoperazine);TPO1_TPO2(noDrug),,,piQTL_only
chr16:873212,TPO1_TCB2,5-FC,0.611518096,ALO1_UIP4(noDrug);ERG11_ORM2(Trifluoperazine);ERG27_ACF2(5-FC);ERG27_ACF2(Trifluoperazine);ERG27_ACF2(noDrug);ERV25_UIP4(5-FC);ERV25_UIP4(Metformin);ERV25_UIP4(noDrug);FMP45_MEP1(5-FC);HNM1_ERG11(noDrug);HUG1_ADE17(5-FC);HUG1_ADE17(noDrug);HUG1_PGM2(noDrug);PLM2_HNM1(noDrug);PMC1_CTR2(Metformin);PMC1_CTR2(Trifluoperazine);PMC1_CTR2(noDrug);TPO1_TCB2(5-FC);TPO1_TCB2(noDrug),,,piQTL_only
chr16:873212,TPO1_TCB2,noDrug,0.536134255,ALO1_UIP4(noDrug);ERG11_ORM2(Trifluoperazine);ERG27_ACF2(5-FC);ERG27_ACF2(Trifluoperazine);ERG27_ACF2(noDrug);ERV25_UIP4(5-FC);ERV25_UIP4(Metformin);ERV25_UIP4(noDrug);FMP45_MEP1(5-FC);HNM1_ERG11(noDrug);HUG1_ADE17(5-FC);HUG1_ADE17(noDrug);HUG1_PGM2(noDrug);PLM2_HNM1(noDrug);PMC1_CTR2(Metformin);PMC1_CTR2(Trifluoperazine);PMC1_CTR2(noDrug);TPO1_TCB2(5-FC);TPO1_TCB2(noDrug),,,piQTL_only
chr16:873367,TPO1_TPO2,Trifluoperazine,0.613964737,ALO1_HYR1(Fluconazole);ALO1_UIP4(Fluconazole);ERG11_ACF2(5-FC);ERG11_ACF2(noDrug);FMP45_MID2(Fluconazole);HNM1_TPO4(5-FC);HUG1_ALO1(5-FC);HUG1_ALO1(Trifluoperazine);HUG1_ALO1(noDrug);MID2_RSN1(noDrug);PLM2_HNM1(5-FC);PLM2_HNM1(Fluconazole);PMC1_CTR2(Fluconazole);PMC1_GTR2(5-FC);PMC1_GTR2(Metformin);PMC1_GTR2(Trifluoperazine);PMC1_GTR2(noDrug);SNA4_GTR2(Trifluoperazine);TPO1_MID2(5-FC);TPO1_MID2(noDrug);TPO1_TPO2(Trifluoperazine);TPO1_TPO2(noDrug),,,piQTL_only
chr16:873367,TPO1_TPO2,noDrug,0.674409603,ALO1_HYR1(Fluconazole);ALO1_UIP4(Fluconazole);ERG11_ACF2(5-FC);ERG11_ACF2(noDrug);FMP45_MID2(Fluconazole);HNM1_TPO4(5-FC);HUG1_ALO1(5-FC);HUG1_ALO1(Trifluoperazine);HUG1_ALO1(noDrug);MID2_RSN1(noDrug);PLM2_HNM1(5-FC);PLM2_HNM1(Fluconazole);PMC1_CTR2(Fluconazole);PMC1_GTR2(5-FC);PMC1_GTR2(Metformin);PMC1_GTR2(Trifluoperazine);PMC1_GTR2(noDrug);SNA4_GTR2(Trifluoperazine);TPO1_MID2(5-FC);TPO1_MID2(noDrug);TPO1_TPO2(Trifluoperazine);TPO1_TPO2(noDrug),,,piQTL_only
chr3:3939,MID2_WSC2,Fluconazole,0.644705807,MID2_WSC2(Fluconazole),,,piQTL_only
chr16:879475,ERV25_UIP4,5-FC,0.655183949,ERV25_UIP4(5-FC);ERV25_UIP4(noDrug);PMC1_CTR2(5-FC);PMC1_GTR2(5-FC);PMC1_GTR2(Trifluoperazine);PMC1_GTR2(noDrug),,,piQTL_only
chr16:879475,ERV25_UIP4,noDrug,0.64373629,ERV25_UIP4(5-FC);ERV25_UIP4(noDrug);PMC1_CTR2(5-FC);PMC1_GTR2(5-FC);PMC1_GTR2(Trifluoperazine);PMC1_GTR2(noDrug),,,piQTL_only
chr16:879475,PMC1_CTR2,5-FC,0.697803603,ERV25_UIP4(5-FC);ERV25_UIP4(noDrug);PMC1_CTR2(5-FC);PMC1_GTR2(5-FC);PMC1_GTR2(Trifluoperazine);PMC1_GTR2(noDrug),,,piQTL_only
chr16:879475,PMC1_GTR2,5-FC,0.643521392,ERV25_UIP4(5-FC);ERV25_UIP4(noDrug);PMC1_CTR2(5-FC);PMC1_GTR2(5-FC);PMC1_GTR2(Trifluoperazine);PMC1_GTR2(noDrug),,,piQTL_only
chr16:879475,PMC1_GTR2,Trifluoperazine,0.66124495,ERV25_UIP4(5-FC);ERV25_UIP4(noDrug);PMC1_CTR2(5-FC);PMC1_GTR2(5-FC);PMC1_GTR2(Trifluoperazine);PMC1_GTR2(noDrug),,,piQTL_only
chr16:879475,PMC1_GTR2,noDrug,0.620458239,ERV25_UIP4(5-FC);ERV25_UIP4(noDrug);PMC1_CTR2(5-FC);PMC1_GTR2(5-FC);PMC1_GTR2(Trifluoperazine);PMC1_GTR2(noDrug),,,piQTL_only
chr3:6078,MID2_WSC2,Fluconazole,1.142425591,MID2_WSC2(Fluconazole),,,piQTL_only
chr3:7958,MID2_WSC2,Fluconazole,0.832076372,MID2_WSC2(Fluconazole),,THI20,pQTL_only
chr3:9047,MID2_WSC2,Fluconazole,1.163535385,MID2_WSC2(Fluconazole),,,piQTL_only
chr3:16356,MID2_WSC2,Fluconazole,0.636290695,MID2_WSC2(Fluconazole),,,piQTL_only
chr3:21337,MID2_WSC2,Trifluoperazine,0.58416595,MID2_WSC2(Trifluoperazine);PLM2_HNM1(noDrug),,,piQTL_only
chr3:21337,PLM2_HNM1,noDrug,0.567451907,MID2_WSC2(Trifluoperazine);PLM2_HNM1(noDrug),,,piQTL_only
chr3:25563,MID2_WSC2,Trifluoperazine,0.604538052,MID2_WSC2(Trifluoperazine),,PRD1,pQTL_only
chr3:64656,MID2_TPO2,Fluconazole,0.677333895,MID2_TPO2(Fluconazole),,,piQTL_only
chr3:75503,TPO1_TPO2,Fluconazole,0.678849992,TPO1_TPO2(Fluconazole),,,piQTL_only
chr3:78480,HNM1_TPO2,Fluconazole,0.680553827,HNM1_TPO2(Fluconazole);RET2_EMP47(Fluconazole);RET2_EMP70(Fluconazole);TPO1_TCB2(Fluconazole),,,piQTL_only
chr3:78480,RET2_EMP47,Fluconazole,0.507203036,HNM1_TPO2(Fluconazole);RET2_EMP47(Fluconazole);RET2_EMP70(Fluconazole);TPO1_TCB2(Fluconazole),,,piQTL_only
chr3:78480,RET2_EMP70,Fluconazole,0.513033366,HNM1_TPO2(Fluconazole);RET2_EMP47(Fluconazole);RET2_EMP70(Fluconazole);TPO1_TCB2(Fluconazole),,,piQTL_only
chr3:78480,TPO1_TCB2,Fluconazole,0.703042349,HNM1_TPO2(Fluconazole);RET2_EMP47(Fluconazole);RET2_EMP70(Fluconazole);TPO1_TCB2(Fluconazole),,,piQTL_only
chr1:106800,ADE17_PGM2,Metformin,0.413688959,ADE17_PGM2(Metformin),,,piQTL_only
chr3:197297,ADE17_HYR1,5-FC,0.573153332,ADE17_HYR1(5-FC),,APA1; DTP;MRN1; PTR69;RNR4; CRT3;SCW10;SCW4;SIM1; PBP3,pQTL_only
chr3:198615,ADE17_PGM2,Metformin,0.536330161,ADE17_PGM2(Metformin);ADE17_PGM2(Trifluoperazine);ADE17_PGM2(noDrug),,ATP15;YJL171C; J0512,pQTL_only
chr3:198615,ADE17_PGM2,Trifluoperazine,0.649302827,ADE17_PGM2(Metformin);ADE17_PGM2(Trifluoperazine);ADE17_PGM2(noDrug),,ATP15;YJL171C; J0512,pQTL_only
chr3:198615,ADE17_PGM2,noDrug,0.504355343,ADE17_PGM2(Metformin);ADE17_PGM2(Trifluoperazine);ADE17_PGM2(noDrug),,ATP15;YJL171C; J0512,pQTL_only
chr3:204854,ADE17_PGM2,5-FC,0.512281313,ADE17_PGM2(5-FC);ADE17_PGM2(noDrug),,MBF1; SUF13;TRX1; TRX2,pQTL_only
chr3:203261,ADE17_PGM2,Metformin,0.563615368,ADE17_PGM2(Metformin),,CHC1;COX4;CWP1;EFB1; TEF5;CBR1;YDL130W,pQTL_only
chr3:204897,ADE17_PGM2,Trifluoperazine,0.695476542,ADE17_PGM2(Trifluoperazine),CHA1;TMA20;IXR1;RIC1;PEX9;ALF1;TGL5;VAR1,CKS1,both_eQTL_pQTL
chr3:204854,ADE17_PGM2,noDrug,0.583791104,ADE17_PGM2(5-FC);ADE17_PGM2(noDrug),,MBF1; SUF13;TRX1; TRX2,pQTL_only
chr3:208234,ADE17_PGM2,5-FC,0.551042652,ADE17_PGM2(5-FC);ADE17_PGM2(Trifluoperazine);ADE17_PGM2(noDrug),,,piQTL_only
chr3:207966,ADE17_PGM2,Metformin,0.528173743,ADE17_PGM2(Metformin),,,piQTL_only
chr3:208234,ADE17_PGM2,Trifluoperazine,0.603807802,ADE17_PGM2(5-FC);ADE17_PGM2(Trifluoperazine);ADE17_PGM2(noDrug),,,piQTL_only
chr3:208234,ADE17_PGM2,noDrug,0.568276373,ADE17_PGM2(5-FC);ADE17_PGM2(Trifluoperazine);ADE17_PGM2(noDrug),,,piQTL_only
chr3:247158,RET2_EMP70,Metformin,0.420132496,RET2_EMP70(Metformin),,MAM33,pQTL_only
chr3:251255,ERG11_MID2,Metformin,0.313735218,ERG11_MID2(Metformin),,"ARG5,6",pQTL_only
chr3:292662,HUG1_ADE17,Trifluoperazine,1.558998315,HUG1_ADE17(Trifluoperazine),,RPL16A;RPS15; RPS21;THR4;TKL2,pQTL_only
chr3:292718,GTR1_SLM4,Trifluoperazine,1.19954004,GTR1_SLM4(Trifluoperazine),,"ARG5,6;ARG1",pQTL_only
chr4:232306,ERV25_RBD2,Metformin,1.19347931,ERV25_RBD2(Metformin);HNM1_MAM33(Fluconazole);SSH1_ERG11(Fluconazole),,,piQTL_only
chr4:232306,HNM1_MAM33,Fluconazole,1.072682743,ERV25_RBD2(Metformin);HNM1_MAM33(Fluconazole);SSH1_ERG11(Fluconazole),,,piQTL_only
chr4:232306,SSH1_ERG11,Fluconazole,1.186169747,ERV25_RBD2(Metformin);HNM1_MAM33(Fluconazole);SSH1_ERG11(Fluconazole),,,piQTL_only
chr4:520430,ALO1_HYR1,Fluconazole,1.401887527,ALO1_HYR1(Fluconazole);ALO1_UIP4(Fluconazole);ERG11_HYR1(Fluconazole);ERV25_UIP4(Fluconazole);GTR1_SLM4(Fluconazole);MID2_TPO2(Fluconazole);MID2_TPO4(Fluconazole);TPO1_TPO2(Fluconazole),,ABP1;ADH4; ZRG5;ADH6;APE3;ASN2;BAT1;BGL2; SCW9;BMH2;CNB1;PEP4;CPS1; CPS;LPD1; DHLP1;DOA1;DUT1;NOP1; LOT3;FPR1;FPR2; FKB2;PGI1;GAP1;RDI1;GNA1; PAT1;GLR1;GVP36;HRI1;HSP60; MIF4;SUI2; TIF211;ADK1;KES1; OSH4;LEO1;LSB5;LSP1;MBF1; SUF13;MET3;EGD2;EGD1;NAP1;YDR432W;NPT1;NTF2;PAA1;GPH1;PIL1;PUP2; DOA5;URA5; PYR5;RAD23;RAS2;RFA3;RIB3;RPL14B;RPL24B; RPL30B;RPL37A; RPL35A;RPL6A;RPL8A;RPS2;RPS29A;RPS29B;RPS7A; RPS30;SAR1;SBA1;SCW4;SEC13; ANU3;SFM1;SBP1;STE24; AFC1;GRS1;THR4;TMA17;TRP2;UBC1;SHP1; UBX1;VMA4; VAT5;VPS74;WTM1;WWM1;YHR020W;YKL033W-A;YLR257W;YMR226C; YM9959.08C,pQTL_only
chr4:520430,ALO1_UIP4,Fluconazole,1.173047184,ALO1_HYR1(Fluconazole);ALO1_UIP4(Fluconazole);ERG11_HYR1(Fluconazole);ERV25_UIP4(Fluconazole);GTR1_SLM4(Fluconazole);MID2_TPO2(Fluconazole);MID2_TPO4(Fluconazole);TPO1_TPO2(Fluconazole),,ABP1;ADH4; ZRG5;ADH6;APE3;ASN2;BAT1;BGL2; SCW9;BMH2;CNB1;PEP4;CPS1; CPS;LPD1; DHLP1;DOA1;DUT1;NOP1; LOT3;FPR1;FPR2; FKB2;PGI1;GAP1;RDI1;GNA1; PAT1;GLR1;GVP36;HRI1;HSP60; MIF4;SUI2; TIF211;ADK1;KES1; OSH4;LEO1;LSB5;LSP1;MBF1; SUF13;MET3;EGD2;EGD1;NAP1;YDR432W;NPT1;NTF2;PAA1;GPH1;PIL1;PUP2; DOA5;URA5; PYR5;RAD23;RAS2;RFA3;RIB3;RPL14B;RPL24B; RPL30B;RPL37A; RPL35A;RPL6A;RPL8A;RPS2;RPS29A;RPS29B;RPS7A; RPS30;SAR1;SBA1;SCW4;SEC13; ANU3;SFM1;SBP1;STE24; AFC1;GRS1;THR4;TMA17;TRP2;UBC1;SHP1; UBX1;VMA4; VAT5;VPS74;WTM1;WWM1;YHR020W;YKL033W-A;YLR257W;YMR226C; YM9959.08C,pQTL_only
chr4:520430,ERG11_HYR1,Fluconazole,0.938947975,ALO1_HYR1(Fluconazole);ALO1_UIP4(Fluconazole);ERG11_HYR1(Fluconazole);ERV25_UIP4(Fluconazole);GTR1_SLM4(Fluconazole);MID2_TPO2(Fluconazole);MID2_TPO4(Fluconazole);TPO1_TPO2(Fluconazole),,ABP1;ADH4; ZRG5;ADH6;APE3;ASN2;BAT1;BGL2; SCW9;BMH2;CNB1;PEP4;CPS1; CPS;LPD1; DHLP1;DOA1;DUT1;NOP1; LOT3;FPR1;FPR2; FKB2;PGI1;GAP1;RDI1;GNA1; PAT1;GLR1;GVP36;HRI1;HSP60; MIF4;SUI2; TIF211;ADK1;KES1; OSH4;LEO1;LSB5;LSP1;MBF1; SUF13;MET3;EGD2;EGD1;NAP1;YDR432W;NPT1;NTF2;PAA1;GPH1;PIL1;PUP2; DOA5;URA5; PYR5;RAD23;RAS2;RFA3;RIB3;RPL14B;RPL24B; RPL30B;RPL37A; RPL35A;RPL6A;RPL8A;RPS2;RPS29A;RPS29B;RPS7A; RPS30;SAR1;SBA1;SCW4;SEC13; ANU3;SFM1;SBP1;STE24; AFC1;GRS1;THR4;TMA17;TRP2;UBC1;SHP1; UBX1;VMA4; VAT5;VPS74;WTM1;WWM1;YHR020W;YKL033W-A;YLR257W;YMR226C; YM9959.08C,pQTL_only
chr4:520430,ERV25_UIP4,Fluconazole,1.139619507,ALO1_HYR1(Fluconazole);ALO1_UIP4(Fluconazole);ERG11_HYR1(Fluconazole);ERV25_UIP4(Fluconazole);GTR1_SLM4(Fluconazole);MID2_TPO2(Fluconazole);MID2_TPO4(Fluconazole);TPO1_TPO2(Fluconazole),,ABP1;ADH4; ZRG5;ADH6;APE3;ASN2;BAT1;BGL2; SCW9;BMH2;CNB1;PEP4;CPS1; CPS;LPD1; DHLP1;DOA1;DUT1;NOP1; LOT3;FPR1;FPR2; FKB2;PGI1;GAP1;RDI1;GNA1; PAT1;GLR1;GVP36;HRI1;HSP60; MIF4;SUI2; TIF211;ADK1;KES1; OSH4;LEO1;LSB5;LSP1;MBF1; SUF13;MET3;EGD2;EGD1;NAP1;YDR432W;NPT1;NTF2;PAA1;GPH1;PIL1;PUP2; DOA5;URA5; PYR5;RAD23;RAS2;RFA3;RIB3;RPL14B;RPL24B; RPL30B;RPL37A; RPL35A;RPL6A;RPL8A;RPS2;RPS29A;RPS29B;RPS7A; RPS30;SAR1;SBA1;SCW4;SEC13; ANU3;SFM1;SBP1;STE24; AFC1;GRS1;THR4;TMA17;TRP2;UBC1;SHP1; UBX1;VMA4; VAT5;VPS74;WTM1;WWM1;YHR020W;YKL033W-A;YLR257W;YMR226C; YM9959.08C,pQTL_only
chr4:520430,GTR1_SLM4,Fluconazole,0.998524915,ALO1_HYR1(Fluconazole);ALO1_UIP4(Fluconazole);ERG11_HYR1(Fluconazole);ERV25_UIP4(Fluconazole);GTR1_SLM4(Fluconazole);MID2_TPO2(Fluconazole);MID2_TPO4(Fluconazole);TPO1_TPO2(Fluconazole),,ABP1;ADH4; ZRG5;ADH6;APE3;ASN2;BAT1;BGL2; SCW9;BMH2;CNB1;PEP4;CPS1; CPS;LPD1; DHLP1;DOA1;DUT1;NOP1; LOT3;FPR1;FPR2; FKB2;PGI1;GAP1;RDI1;GNA1; PAT1;GLR1;GVP36;HRI1;HSP60; MIF4;SUI2; TIF211;ADK1;KES1; OSH4;LEO1;LSB5;LSP1;MBF1; SUF13;MET3;EGD2;EGD1;NAP1;YDR432W;NPT1;NTF2;PAA1;GPH1;PIL1;PUP2; DOA5;URA5; PYR5;RAD23;RAS2;RFA3;RIB3;RPL14B;RPL24B; RPL30B;RPL37A; RPL35A;RPL6A;RPL8A;RPS2;RPS29A;RPS29B;RPS7A; RPS30;SAR1;SBA1;SCW4;SEC13; ANU3;SFM1;SBP1;STE24; AFC1;GRS1;THR4;TMA17;TRP2;UBC1;SHP1; UBX1;VMA4; VAT5;VPS74;WTM1;WWM1;YHR020W;YKL033W-A;YLR257W;YMR226C; YM9959.08C,pQTL_only
chr4:520430,MID2_TPO2,Fluconazole,1.297480072,ALO1_HYR1(Fluconazole);ALO1_UIP4(Fluconazole);ERG11_HYR1(Fluconazole);ERV25_UIP4(Fluconazole);GTR1_SLM4(Fluconazole);MID2_TPO2(Fluconazole);MID2_TPO4(Fluconazole);TPO1_TPO2(Fluconazole),,ABP1;ADH4; ZRG5;ADH6;APE3;ASN2;BAT1;BGL2; SCW9;BMH2;CNB1;PEP4;CPS1; CPS;LPD1; DHLP1;DOA1;DUT1;NOP1; LOT3;FPR1;FPR2; FKB2;PGI1;GAP1;RDI1;GNA1; PAT1;GLR1;GVP36;HRI1;HSP60; MIF4;SUI2; TIF211;ADK1;KES1; OSH4;LEO1;LSB5;LSP1;MBF1; SUF13;MET3;EGD2;EGD1;NAP1;YDR432W;NPT1;NTF2;PAA1;GPH1;PIL1;PUP2; DOA5;URA5; PYR5;RAD23;RAS2;RFA3;RIB3;RPL14B;RPL24B; RPL30B;RPL37A; RPL35A;RPL6A;RPL8A;RPS2;RPS29A;RPS29B;RPS7A; RPS30;SAR1;SBA1;SCW4;SEC13; ANU3;SFM1;SBP1;STE24; AFC1;GRS1;THR4;TMA17;TRP2;UBC1;SHP1; UBX1;VMA4; VAT5;VPS74;WTM1;WWM1;YHR020W;YKL033W-A;YLR257W;YMR226C; YM9959.08C,pQTL_only
chr4:520430,MID2_TPO4,Fluconazole,1.327754961,ALO1_HYR1(Fluconazole);ALO1_UIP4(Fluconazole);ERG11_HYR1(Fluconazole);ERV25_UIP4(Fluconazole);GTR1_SLM4(Fluconazole);MID2_TPO2(Fluconazole);MID2_TPO4(Fluconazole);TPO1_TPO2(Fluconazole),,ABP1;ADH4; ZRG5;ADH6;APE3;ASN2;BAT1;BGL2; SCW9;BMH2;CNB1;PEP4;CPS1; CPS;LPD1; DHLP1;DOA1;DUT1;NOP1; LOT3;FPR1;FPR2; FKB2;PGI1;GAP1;RDI1;GNA1; PAT1;GLR1;GVP36;HRI1;HSP60; MIF4;SUI2; TIF211;ADK1;KES1; OSH4;LEO1;LSB5;LSP1;MBF1; SUF13;MET3;EGD2;EGD1;NAP1;YDR432W;NPT1;NTF2;PAA1;GPH1;PIL1;PUP2; DOA5;URA5; PYR5;RAD23;RAS2;RFA3;RIB3;RPL14B;RPL24B; RPL30B;RPL37A; RPL35A;RPL6A;RPL8A;RPS2;RPS29A;RPS29B;RPS7A; RPS30;SAR1;SBA1;SCW4;SEC13; ANU3;SFM1;SBP1;STE24; AFC1;GRS1;THR4;TMA17;TRP2;UBC1;SHP1; UBX1;VMA4; VAT5;VPS74;WTM1;WWM1;YHR020W;YKL033W-A;YLR257W;YMR226C; YM9959.08C,pQTL_only
chr4:520430,TPO1_TPO2,Fluconazole,1.245094565,ALO1_HYR1(Fluconazole);ALO1_UIP4(Fluconazole);ERG11_HYR1(Fluconazole);ERV25_UIP4(Fluconazole);GTR1_SLM4(Fluconazole);MID2_TPO2(Fluconazole);MID2_TPO4(Fluconazole);TPO1_TPO2(Fluconazole),,ABP1;ADH4; ZRG5;ADH6;APE3;ASN2;BAT1;BGL2; SCW9;BMH2;CNB1;PEP4;CPS1; CPS;LPD1; DHLP1;DOA1;DUT1;NOP1; LOT3;FPR1;FPR2; FKB2;PGI1;GAP1;RDI1;GNA1; PAT1;GLR1;GVP36;HRI1;HSP60; MIF4;SUI2; TIF211;ADK1;KES1; OSH4;LEO1;LSB5;LSP1;MBF1; SUF13;MET3;EGD2;EGD1;NAP1;YDR432W;NPT1;NTF2;PAA1;GPH1;PIL1;PUP2; DOA5;URA5; PYR5;RAD23;RAS2;RFA3;RIB3;RPL14B;RPL24B; RPL30B;RPL37A; RPL35A;RPL6A;RPL8A;RPS2;RPS29A;RPS29B;RPS7A; RPS30;SAR1;SBA1;SCW4;SEC13; ANU3;SFM1;SBP1;STE24; AFC1;GRS1;THR4;TMA17;TRP2;UBC1;SHP1; UBX1;VMA4; VAT5;VPS74;WTM1;WWM1;YHR020W;YKL033W-A;YLR257W;YMR226C; YM9959.08C,pQTL_only
chr4:551365,FMP45_MID2,Fluconazole,0.578882249,FMP45_MID2(Fluconazole),,,piQTL_only
chr4:605918,PMC1_CTR2,5-FC,0.629315526,PMC1_CTR2(5-FC);PMC1_GTR2(5-FC),,YPS1; YAP3,pQTL_only
chr4:605918,PMC1_GTR2,5-FC,0.613009769,PMC1_CTR2(5-FC);PMC1_GTR2(5-FC),,YPS1; YAP3,pQTL_only
chr4:698339,ERG11_ORM2,Fluconazole,0.513286045,ERG11_ORM2(Fluconazole),,,piQTL_only
chr1:1491,ERV25_PIS1,Fluconazole,0.73581029,ERV25_PIS1(Fluconazole),,,piQTL_only
chr4:877779,MID2_WSC2,noDrug,2.500593194,MID2_WSC2(noDrug),,,piQTL_only
chr4:957589,ADE17_GIS2,noDrug,0.511965796,ADE17_GIS2(noDrug),,ATP2;ATP17;COX12;GOR1;GPD2; GPD3;NDE1; NDH1;QCR2,pQTL_only
chr4:956734,ADE17_HYR1,Metformin,0.481486897,ADE17_HYR1(Metformin);RET2_EMP47(5-FC);RET2_EMP47(noDrug);SSH1_ERG11(Metformin),TCB2;MOD5;YDR338C;YMR265C;YPL245W,ATP7,both_eQTL_pQTL
chr4:956734,RET2_EMP47,5-FC,0.421531101,ADE17_HYR1(Metformin);RET2_EMP47(5-FC);RET2_EMP47(noDrug);SSH1_ERG11(Metformin),TCB2;MOD5;YDR338C;YMR265C;YPL245W,ATP7,both_eQTL_pQTL
chr4:956734,RET2_EMP47,noDrug,0.472752006,ADE17_HYR1(Metformin);RET2_EMP47(5-FC);RET2_EMP47(noDrug);SSH1_ERG11(Metformin),TCB2;MOD5;YDR338C;YMR265C;YPL245W,ATP7,both_eQTL_pQTL
chr4:956734,SSH1_ERG11,Metformin,0.355612791,ADE17_HYR1(Metformin);RET2_EMP47(5-FC);RET2_EMP47(noDrug);SSH1_ERG11(Metformin),TCB2;MOD5;YDR338C;YMR265C;YPL245W,ATP7,both_eQTL_pQTL
chr4:979983,HNM1_TPO4,Metformin,0.329049278,HNM1_TPO4(Metformin);RET2_SNA3(Metformin),YDR261C-D;YDR262W;YGR027W-A;BUD9;ECL1;IME1;LAC1;MIH1;GAT2;YOR343W-B;SUR2,,eQTL_only
chr4:979983,RET2_SNA3,Metformin,0.408856395,HNM1_TPO4(Metformin);RET2_SNA3(Metformin),YDR261C-D;YDR262W;YGR027W-A;BUD9;ECL1;IME1;LAC1;MIH1;GAT2;YOR343W-B;SUR2,,eQTL_only
chr4:1306509,PLM2_SNA3,Metformin,0.459640962,PLM2_SNA3(Metformin),,,piQTL_only
chr4:1305853,RET2_SNA3,Metformin,0.409414567,RET2_SNA3(Metformin),,,piQTL_only
chr4:1311626,ALO1_ADE17,Fluconazole,0.670601324,ALO1_ADE17(Fluconazole);ALO1_ADE17(Metformin);RET2_EMP47(5-FC),,,piQTL_only
chr4:1311626,ALO1_ADE17,Metformin,0.524813304,ALO1_ADE17(Fluconazole);ALO1_ADE17(Metformin);RET2_EMP47(5-FC),,,piQTL_only
chr4:1316036,ALO1_HYR1,Metformin,0.481206138,ALO1_HYR1(Metformin);PLM2_SNA3(Metformin),,,piQTL_only
chr4:1316036,PLM2_SNA3,Metformin,0.465482684,ALO1_HYR1(Metformin);PLM2_SNA3(Metformin),,,piQTL_only
chr4:1311626,RET2_EMP47,5-FC,0.449072587,ALO1_ADE17(Fluconazole);ALO1_ADE17(Metformin);RET2_EMP47(5-FC),,,piQTL_only
chr4:1521818,RET2_SNA3,noDrug,0.623420643,RET2_SNA3(noDrug),,ATP17;MET3,pQTL_only
chr5:38200,FMP45_HNM1,noDrug,0.553877852,FMP45_HNM1(noDrug),,,piQTL_only
chr5:33720,RET2_EMP70,noDrug,0.447673328,RET2_EMP70(noDrug),,,piQTL_only
chr5:39894,MID2_WSC2,Fluconazole,0.687928808,MID2_WSC2(Fluconazole),,,piQTL_only
chr5:44304,ALO1_ADE17,5-FC,0.618766116,ALO1_ADE17(5-FC);RET2_EMP70(noDrug),,,piQTL_only
chr5:44304,RET2_EMP70,noDrug,0.457654845,ALO1_ADE17(5-FC);RET2_EMP70(noDrug),,,piQTL_only
chr5:90716,HNM1_TPO2,Metformin,0.452344551,HNM1_TPO2(Metformin),,,piQTL_only
chr5:98040,HNM1_RBD2,Fluconazole,0.690544453,HNM1_RBD2(Fluconazole),,TCB3,pQTL_only
chr5:216840,SSH1_ERG11,Metformin,0.369116866,SSH1_ERG11(Metformin),,,piQTL_only
chr5:223004,ERG11_TPO4,Metformin,0.293616826,ERG11_TPO4(Metformin),,,piQTL_only
chr5:225231,ERG11_TPO4,Metformin,0.301939886,ERG11_TPO4(Metformin),,,piQTL_only
chr5:225569,ERG11_TPO4,Metformin,0.315866743,ERG11_TPO4(Metformin),,,piQTL_only
chr5:225774,SNA4_VAC8,noDrug,0.87952738,SNA4_VAC8(noDrug),,ARG8,pQTL_only
chr5:227110,ERG11_TPO4,Metformin,0.303328757,ERG11_TPO4(Metformin),,,piQTL_only
chr5:249350,FMP45_HNM1,Fluconazole,0.609957307,FMP45_HNM1(Fluconazole);MID2_TPO4(Fluconazole);SSH1_ORM2(Fluconazole),,,piQTL_only
chr5:249350,MID2_TPO4,Fluconazole,0.707676698,FMP45_HNM1(Fluconazole);MID2_TPO4(Fluconazole);SSH1_ORM2(Fluconazole),,,piQTL_only
chr5:249350,SSH1_ORM2,Fluconazole,0.59107344,FMP45_HNM1(Fluconazole);MID2_TPO4(Fluconazole);SSH1_ORM2(Fluconazole),,,piQTL_only
chr5:249522,MID2_TPO4,Fluconazole,1.275898538,MID2_TPO4(Fluconazole);RET2_EMP70(Fluconazole),,CPS1; CPS,pQTL_only
chr5:249522,RET2_EMP70,Fluconazole,0.787907788,MID2_TPO4(Fluconazole);RET2_EMP70(Fluconazole),,CPS1; CPS,pQTL_only
chr5:251602,FMP45_HNM1,Fluconazole,0.618923753,FMP45_HNM1(Fluconazole),,,piQTL_only
chr5:251756,MID2_TPO4,Fluconazole,0.664621129,MID2_TPO4(Fluconazole);SSH1_ORM2(Fluconazole),,HBN1,pQTL_only
chr5:251756,SSH1_ORM2,Fluconazole,0.570275808,MID2_TPO4(Fluconazole);SSH1_ORM2(Fluconazole),,HBN1,pQTL_only
chr5:268236,DHH1_LSM3,Fluconazole,0.634640571,DHH1_LSM3(Fluconazole);ERV25_ORM2(Fluconazole);FMP45_HNM1(Fluconazole);HNM1_ERG11(Fluconazole),,,piQTL_only
chr5:268236,ERV25_ORM2,Fluconazole,0.609949003,DHH1_LSM3(Fluconazole);ERV25_ORM2(Fluconazole);FMP45_HNM1(Fluconazole);HNM1_ERG11(Fluconazole),,,piQTL_only
chr5:268236,FMP45_HNM1,Fluconazole,0.596709926,DHH1_LSM3(Fluconazole);ERV25_ORM2(Fluconazole);FMP45_HNM1(Fluconazole);HNM1_ERG11(Fluconazole),,,piQTL_only
chr5:268236,HNM1_ERG11,Fluconazole,0.621613236,DHH1_LSM3(Fluconazole);ERV25_ORM2(Fluconazole);FMP45_HNM1(Fluconazole);HNM1_ERG11(Fluconazole),,,piQTL_only
chr5:274156,DHH1_LSM3,Fluconazole,0.613770124,DHH1_LSM3(Fluconazole);FMP45_HNM1(Fluconazole);HNM1_ERG11(Fluconazole);PMC1_GTR2(Fluconazole);SRO9_DHH1(Fluconazole);SSH1_ERV25(Fluconazole);TPO1_MID2(Fluconazole);TPO1_TPO2(Fluconazole),,,piQTL_only
chr5:271971,ERG11_ACF2,Fluconazole,0.481753934,ERG11_ACF2(Fluconazole),,,piQTL_only
chr5:274156,FMP45_HNM1,Fluconazole,0.628555866,DHH1_LSM3(Fluconazole);FMP45_HNM1(Fluconazole);HNM1_ERG11(Fluconazole);PMC1_GTR2(Fluconazole);SRO9_DHH1(Fluconazole);SSH1_ERV25(Fluconazole);TPO1_MID2(Fluconazole);TPO1_TPO2(Fluconazole),,,piQTL_only
chr5:274156,HNM1_ERG11,Fluconazole,0.656326595,DHH1_LSM3(Fluconazole);FMP45_HNM1(Fluconazole);HNM1_ERG11(Fluconazole);PMC1_GTR2(Fluconazole);SRO9_DHH1(Fluconazole);SSH1_ERV25(Fluconazole);TPO1_MID2(Fluconazole);TPO1_TPO2(Fluconazole),,,piQTL_only
chr5:274156,PMC1_GTR2,Fluconazole,0.788669057,DHH1_LSM3(Fluconazole);FMP45_HNM1(Fluconazole);HNM1_ERG11(Fluconazole);PMC1_GTR2(Fluconazole);SRO9_DHH1(Fluconazole);SSH1_ERV25(Fluconazole);TPO1_MID2(Fluconazole);TPO1_TPO2(Fluconazole),,,piQTL_only
chr5:274156,SRO9_DHH1,Fluconazole,0.662655809,DHH1_LSM3(Fluconazole);FMP45_HNM1(Fluconazole);HNM1_ERG11(Fluconazole);PMC1_GTR2(Fluconazole);SRO9_DHH1(Fluconazole);SSH1_ERV25(Fluconazole);TPO1_MID2(Fluconazole);TPO1_TPO2(Fluconazole),,,piQTL_only
chr5:274156,SSH1_ERV25,Fluconazole,0.699890212,DHH1_LSM3(Fluconazole);FMP45_HNM1(Fluconazole);HNM1_ERG11(Fluconazole);PMC1_GTR2(Fluconazole);SRO9_DHH1(Fluconazole);SSH1_ERV25(Fluconazole);TPO1_MID2(Fluconazole);TPO1_TPO2(Fluconazole),,,piQTL_only
chr5:274156,TPO1_MID2,Fluconazole,0.62246894,DHH1_LSM3(Fluconazole);FMP45_HNM1(Fluconazole);HNM1_ERG11(Fluconazole);PMC1_GTR2(Fluconazole);SRO9_DHH1(Fluconazole);SSH1_ERV25(Fluconazole);TPO1_MID2(Fluconazole);TPO1_TPO2(Fluconazole),,,piQTL_only
chr5:274156,TPO1_TPO2,Fluconazole,0.644181026,DHH1_LSM3(Fluconazole);FMP45_HNM1(Fluconazole);HNM1_ERG11(Fluconazole);PMC1_GTR2(Fluconazole);SRO9_DHH1(Fluconazole);SSH1_ERV25(Fluconazole);TPO1_MID2(Fluconazole);TPO1_TPO2(Fluconazole),,,piQTL_only
chr5:285154,DHH1_LSM3,Fluconazole,0.626616959,DHH1_LSM3(Fluconazole);ERV25_ORM2(Fluconazole);SNA4_VAC8(Fluconazole),,,piQTL_only
chr5:274280,ERG11_ACF2,Fluconazole,0.49249057,ERG11_ACF2(Fluconazole),,,piQTL_only
chr5:283807,ERG11_ERV25,Metformin,0.287433384,ERG11_ERV25(Metformin);HNM1_ERG11(Fluconazole),,,piQTL_only
chr5:285154,ERV25_ORM2,Fluconazole,0.607394269,DHH1_LSM3(Fluconazole);ERV25_ORM2(Fluconazole);SNA4_VAC8(Fluconazole),,,piQTL_only
chr5:279640,FMP45_HNM1,Fluconazole,0.62284695,FMP45_HNM1(Fluconazole);RET2_EMP70(Fluconazole);SSH1_ORM2(Fluconazole);SSH1_PIS1(Fluconazole),,,piQTL_only
chr5:279872,GTR1_SLM4,Fluconazole,0.505610801,GTR1_SLM4(Fluconazole);PLM2_HNM1(Fluconazole),,,piQTL_only
chr5:283807,HNM1_ERG11,Fluconazole,0.62755618,ERG11_ERV25(Metformin);HNM1_ERG11(Fluconazole),,,piQTL_only
chr5:274601,HNM1_MID2,Fluconazole,0.517396041,HNM1_MID2(Fluconazole),,,piQTL_only
chr5:284696,HUG1_ALO1,Fluconazole,0.691860593,HUG1_ALO1(Fluconazole);HUG1_PGM2(Fluconazole);RET2_EMP47(Fluconazole);SSH1_ERV25(Fluconazole),,,piQTL_only
chr5:284696,HUG1_PGM2,Fluconazole,0.631012808,HUG1_ALO1(Fluconazole);HUG1_PGM2(Fluconazole);RET2_EMP47(Fluconazole);SSH1_ERV25(Fluconazole),,,piQTL_only
chr5:279872,PLM2_HNM1,Fluconazole,0.588050773,GTR1_SLM4(Fluconazole);PLM2_HNM1(Fluconazole),,,piQTL_only
chr5:284696,RET2_EMP47,Fluconazole,0.4162044,HUG1_ALO1(Fluconazole);HUG1_PGM2(Fluconazole);RET2_EMP47(Fluconazole);SSH1_ERV25(Fluconazole),,,piQTL_only
chr5:279640,RET2_EMP70,Fluconazole,0.410349966,FMP45_HNM1(Fluconazole);RET2_EMP70(Fluconazole);SSH1_ORM2(Fluconazole);SSH1_PIS1(Fluconazole),,,piQTL_only
chr5:285154,SNA4_VAC8,Fluconazole,0.532714753,DHH1_LSM3(Fluconazole);ERV25_ORM2(Fluconazole);SNA4_VAC8(Fluconazole),,,piQTL_only
chr5:284696,SSH1_ERV25,Fluconazole,0.650378982,HUG1_ALO1(Fluconazole);HUG1_PGM2(Fluconazole);RET2_EMP47(Fluconazole);SSH1_ERV25(Fluconazole),,,piQTL_only
chr5:279640,SSH1_ORM2,Fluconazole,0.590850364,FMP45_HNM1(Fluconazole);RET2_EMP70(Fluconazole);SSH1_ORM2(Fluconazole);SSH1_PIS1(Fluconazole),,,piQTL_only
chr5:279640,SSH1_PIS1,Fluconazole,0.560346154,FMP45_HNM1(Fluconazole);RET2_EMP70(Fluconazole);SSH1_ORM2(Fluconazole);SSH1_PIS1(Fluconazole),,,piQTL_only
chr5:290040,DHH1_LSM3,Fluconazole,1.458055304,DHH1_LSM3(Fluconazole);ERV25_ORM2(Fluconazole);HNM1_ERG11(Fluconazole);SNA4_VAC8(Fluconazole),,GOR1,pQTL_only
chr5:290040,ERV25_ORM2,Fluconazole,1.282666453,DHH1_LSM3(Fluconazole);ERV25_ORM2(Fluconazole);HNM1_ERG11(Fluconazole);SNA4_VAC8(Fluconazole),,GOR1,pQTL_only
chr5:290040,HNM1_ERG11,Fluconazole,1.349199503,DHH1_LSM3(Fluconazole);ERV25_ORM2(Fluconazole);HNM1_ERG11(Fluconazole);SNA4_VAC8(Fluconazole),,GOR1,pQTL_only
chr5:290040,SNA4_VAC8,Fluconazole,1.109562707,DHH1_LSM3(Fluconazole);ERV25_ORM2(Fluconazole);HNM1_ERG11(Fluconazole);SNA4_VAC8(Fluconazole),,GOR1,pQTL_only
chr2:74739,MID2_MAM33,Fluconazole,0.604885235,MID2_MAM33(Fluconazole),,,piQTL_only
chr5:293310,ERG11_ERV25,Metformin,0.27300292,ERG11_ERV25(Metformin),,,piQTL_only
chr5:290932,HNM1_ERG11,Fluconazole,0.585633709,HNM1_ERG11(Fluconazole);RET2_EMP47(Fluconazole),,,piQTL_only
chr5:290932,RET2_EMP47,Fluconazole,0.414933342,HNM1_ERG11(Fluconazole);RET2_EMP47(Fluconazole),,,piQTL_only
chr2:83845,MID2_MAM33,Fluconazole,0.643719537,MID2_MAM33(Fluconazole),,,piQTL_only
chr5:465043,HUG1_ALO1,Fluconazole,0.675177915,HUG1_ALO1(Fluconazole),,,piQTL_only
chr5:561193,RET2_SNA3,Fluconazole,0.395742447,RET2_SNA3(Fluconazole);SNA4_GTR2(Fluconazole),,PYC1; PYV,pQTL_only
chr5:561193,SNA4_GTR2,Fluconazole,0.571364885,RET2_SNA3(Fluconazole);SNA4_GTR2(Fluconazole),,PYC1; PYV,pQTL_only
chr5:561379,RET2_SNA3,Fluconazole,0.412939934,RET2_SNA3(Fluconazole),,,piQTL_only
chr5:561292,SNA4_GTR2,Fluconazole,0.691059436,SNA4_GTR2(Fluconazole),,,piQTL_only
chr2:87391,MID2_MAM33,Fluconazole,0.627898552,MID2_MAM33(Fluconazole),,,piQTL_only
chr2:87562,SSH1_ORM2,Metformin,0.458106992,SSH1_ORM2(Metformin),,,piQTL_only
chr5:563565,SNA4_GTR2,Fluconazole,0.608211651,SNA4_GTR2(Fluconazole),,YNL247W; N0885,pQTL_only
chr2:88125,MID2_MAM33,Fluconazole,0.682071063,MID2_MAM33(Fluconazole),,,piQTL_only
chr5:565800,RET2_SNA3,Metformin,0.684944567,RET2_SNA3(Metformin),,LAT1,pQTL_only
chr2:95085,SSH1_ORM2,noDrug,0.594273968,SSH1_ORM2(noDrug);TPO1_TPO2(noDrug),,,piQTL_only
chr2:95085,TPO1_TPO2,noDrug,0.634672741,SSH1_ORM2(noDrug);TPO1_TPO2(noDrug),,,piQTL_only
chr2:111645,HNM1_TPO2,Trifluoperazine,0.548474918,HNM1_TPO2(Trifluoperazine);PLM2_HNM1(Metformin);SSH1_ERV25(Trifluoperazine),,,piQTL_only
chr2:111645,PLM2_HNM1,Metformin,0.533922989,HNM1_TPO2(Trifluoperazine);PLM2_HNM1(Metformin);SSH1_ERV25(Trifluoperazine),,,piQTL_only
chr2:116024,SSH1_ERG11,Trifluoperazine,0.616502076,SSH1_ERG11(Trifluoperazine);SSH1_ERV25(5-FC);SSH1_ERV25(Metformin),,,piQTL_only
chr2:111999,SSH1_ERG11,noDrug,0.597021897,SSH1_ERG11(noDrug),,,piQTL_only
chr2:116024,SSH1_ERV25,5-FC,0.617204919,SSH1_ERG11(Trifluoperazine);SSH1_ERV25(5-FC);SSH1_ERV25(Metformin),,,piQTL_only
chr2:116024,SSH1_ERV25,Metformin,0.41495287,SSH1_ERG11(Trifluoperazine);SSH1_ERV25(5-FC);SSH1_ERV25(Metformin),,,piQTL_only
chr2:111645,SSH1_ERV25,Trifluoperazine,0.646116492,HNM1_TPO2(Trifluoperazine);PLM2_HNM1(Metformin);SSH1_ERV25(Trifluoperazine),,,piQTL_only
chr6:167610,ADE17_HYR1,Fluconazole,0.53733216,ADE17_HYR1(Fluconazole),,,piQTL_only
chr6:179311,ERG11_ACF2,Fluconazole,0.596117426,ERG11_ACF2(Fluconazole);SSH1_ORM2(Fluconazole),,,piQTL_only
chr6:179311,SSH1_ORM2,Fluconazole,0.677483633,ERG11_ACF2(Fluconazole);SSH1_ORM2(Fluconazole),,,piQTL_only
chr6:175273,SSH1_PIS1,Fluconazole,0.553911035,SSH1_PIS1(Fluconazole),,,piQTL_only
chr6:180643,SSH1_ORM2,Fluconazole,0.601484345,SSH1_ORM2(Fluconazole),,,piQTL_only
chr6:245506,ERG11_ERV25,Fluconazole,0.50021191,ERG11_ERV25(Fluconazole),,,piQTL_only
chr6:245636,HNM1_TPO1,Fluconazole,0.589486337,HNM1_TPO1(Fluconazole),,THR4,pQTL_only
chr6:268613,ERG11_ORM2,Fluconazole,0.503526013,ERG11_ORM2(Fluconazole),,,piQTL_only
chr7:17702,ERG11_ERV25,noDrug,0.710971404,ERG11_ERV25(noDrug);ERV25_EMP47(noDrug);MID2_PIN2(5-FC);RET2_EMP47(5-FC);RET2_EMP47(Metformin),,,piQTL_only
chr7:17702,ERV25_EMP47,noDrug,0.808970044,ERG11_ERV25(noDrug);ERV25_EMP47(noDrug);MID2_PIN2(5-FC);RET2_EMP47(5-FC);RET2_EMP47(Metformin),,,piQTL_only
chr7:17702,MID2_PIN2,5-FC,0.736971682,ERG11_ERV25(noDrug);ERV25_EMP47(noDrug);MID2_PIN2(5-FC);RET2_EMP47(5-FC);RET2_EMP47(Metformin),,,piQTL_only
chr7:17702,RET2_EMP47,5-FC,0.572317527,ERG11_ERV25(noDrug);ERV25_EMP47(noDrug);MID2_PIN2(5-FC);RET2_EMP47(5-FC);RET2_EMP47(Metformin),,,piQTL_only
chr7:17702,RET2_EMP47,Metformin,0.434819058,ERG11_ERV25(noDrug);ERV25_EMP47(noDrug);MID2_PIN2(5-FC);RET2_EMP47(5-FC);RET2_EMP47(Metformin),,,piQTL_only
chr7:45353,TPO1_TPO2,Fluconazole,2.324806292,TPO1_TPO2(Fluconazole),,LPD1; DHLP1,pQTL_only
chr7:92844,ERG11_HYR1,Fluconazole,0.44817073,ERG11_HYR1(Fluconazole),,,piQTL_only
chr7:307209,MID2_TPO2,Fluconazole,1.428176157,MID2_TPO2(Fluconazole),,,piQTL_only
chr7:307221,PLM2_SNA3,Trifluoperazine,1.383712148,PLM2_SNA3(Trifluoperazine),,,piQTL_only
chr2:166404,SNA4_GTR2,noDrug,1.543480348,SNA4_GTR2(noDrug),,,piQTL_only
chr7:326269,ERG11_ERV25,noDrug,0.915622524,ERG11_ERV25(noDrug),,,piQTL_only
chr7:408316,ERG11_ORM2,Metformin,0.280660866,ERG11_ORM2(Metformin),,IDP1,pQTL_only
chr7:412555,ERG11_ORM2,Metformin,0.29539375,ERG11_ORM2(Metformin),,ERG1;RPS1B,pQTL_only
chr7:412717,ERG11_ORM2,Metformin,0.29192578,ERG11_ORM2(Metformin),,,piQTL_only
chr7:417241,ERG11_ORM2,Metformin,0.326621323,ERG11_ORM2(Metformin),,TAL1,pQTL_only
chr7:458896,SSH1_ERG11,Fluconazole,0.601333678,SSH1_ERG11(Fluconazole),AAP1;YGK3;GSC2;SPS100;CLB1,,eQTL_only
chr7:467332,ERG11_MID2,Fluconazole,0.463345741,ERG11_MID2(Fluconazole);ERG11_TPO4(Fluconazole);ERV25_ERG5(Fluconazole),,,piQTL_only
chr7:467332,ERG11_TPO4,Fluconazole,0.524393155,ERG11_MID2(Fluconazole);ERG11_TPO4(Fluconazole);ERV25_ERG5(Fluconazole),,,piQTL_only
chr7:467332,ERV25_ERG5,Fluconazole,0.656968361,ERG11_MID2(Fluconazole);ERG11_TPO4(Fluconazole);ERV25_ERG5(Fluconazole),,,piQTL_only
chr7:467497,ERV25_ORM2,Fluconazole,0.626351423,ERV25_ORM2(Fluconazole),,,piQTL_only
chr7:462915,SSH1_ERG11,Fluconazole,0.723393233,SSH1_ERG11(Fluconazole),GRS1;CKB1;YGR035C;EST3;NAT3;IPT1;GPA2;TUB1,,eQTL_only
chr7:469647,ERG11_HYR1,Fluconazole,0.462088778,ERG11_HYR1(Fluconazole);ERG11_MID2(Fluconazole);ERV25_ORM2(Fluconazole),,,piQTL_only
chr7:469647,ERG11_MID2,Fluconazole,0.472782738,ERG11_HYR1(Fluconazole);ERG11_MID2(Fluconazole);ERV25_ORM2(Fluconazole),,,piQTL_only
chr7:469734,ERG11_TPO4,Fluconazole,0.503229554,ERG11_TPO4(Fluconazole);ERV25_ERG5(Fluconazole);SSH1_ERG11(Fluconazole),,,piQTL_only
chr7:469734,ERV25_ERG5,Fluconazole,0.628885864,ERG11_TPO4(Fluconazole);ERV25_ERG5(Fluconazole);SSH1_ERG11(Fluconazole),,,piQTL_only
chr7:469647,ERV25_ORM2,Fluconazole,0.604755037,ERG11_HYR1(Fluconazole);ERG11_MID2(Fluconazole);ERV25_ORM2(Fluconazole),,,piQTL_only
chr7:469734,SSH1_ERG11,Fluconazole,0.69141353,ERG11_TPO4(Fluconazole);ERV25_ERG5(Fluconazole);SSH1_ERG11(Fluconazole),,,piQTL_only
chr2:191128,SRO9_DHH1,Trifluoperazine,0.663812464,SRO9_DHH1(Trifluoperazine),,,piQTL_only
chr2:191124,SSH1_ERG11,Trifluoperazine,0.736553316,SSH1_ERG11(Trifluoperazine);SSH1_ERV25(Trifluoperazine);SSH1_ERV25(noDrug),,,piQTL_only
chr2:191124,SSH1_ERV25,Trifluoperazine,0.797191455,SSH1_ERG11(Trifluoperazine);SSH1_ERV25(Trifluoperazine);SSH1_ERV25(noDrug),,,piQTL_only
chr2:191124,SSH1_ERV25,noDrug,0.882280288,SSH1_ERG11(Trifluoperazine);SSH1_ERV25(Trifluoperazine);SSH1_ERV25(noDrug),,,piQTL_only
chr7:739112,ERG27_ACF2,5-FC,0.569133029,ERG27_ACF2(5-FC);ERG27_ACF2(Metformin);ERG27_ACF2(Trifluoperazine);ERV25_EMP47(Metformin);ERV25_EMP47(Trifluoperazine);HUG1_ALO1(Metformin);HUG1_PGM2(5-FC);HUG1_PGM2(Fluconazole);HUG1_PGM2(Metformin);MID2_TPO2(Metformin);TPO1_MID2(Metformin);TPO1_TPO2(Fluconazole),,,piQTL_only
chr7:739112,ERG27_ACF2,Metformin,0.532433888,ERG27_ACF2(5-FC);ERG27_ACF2(Metformin);ERG27_ACF2(Trifluoperazine);ERV25_EMP47(Metformin);ERV25_EMP47(Trifluoperazine);HUG1_ALO1(Metformin);HUG1_PGM2(5-FC);HUG1_PGM2(Fluconazole);HUG1_PGM2(Metformin);MID2_TPO2(Metformin);TPO1_MID2(Metformin);TPO1_TPO2(Fluconazole),,,piQTL_only
chr7:739112,ERG27_ACF2,Trifluoperazine,0.590071436,ERG27_ACF2(5-FC);ERG27_ACF2(Metformin);ERG27_ACF2(Trifluoperazine);ERV25_EMP47(Metformin);ERV25_EMP47(Trifluoperazine);HUG1_ALO1(Metformin);HUG1_PGM2(5-FC);HUG1_PGM2(Fluconazole);HUG1_PGM2(Metformin);MID2_TPO2(Metformin);TPO1_MID2(Metformin);TPO1_TPO2(Fluconazole),,,piQTL_only
chr7:739112,ERV25_EMP47,Metformin,0.475720799,ERG27_ACF2(5-FC);ERG27_ACF2(Metformin);ERG27_ACF2(Trifluoperazine);ERV25_EMP47(Metformin);ERV25_EMP47(Trifluoperazine);HUG1_ALO1(Metformin);HUG1_PGM2(5-FC);HUG1_PGM2(Fluconazole);HUG1_PGM2(Metformin);MID2_TPO2(Metformin);TPO1_MID2(Metformin);TPO1_TPO2(Fluconazole),,,piQTL_only
chr7:739112,ERV25_EMP47,Trifluoperazine,0.661608785,ERG27_ACF2(5-FC);ERG27_ACF2(Metformin);ERG27_ACF2(Trifluoperazine);ERV25_EMP47(Metformin);ERV25_EMP47(Trifluoperazine);HUG1_ALO1(Metformin);HUG1_PGM2(5-FC);HUG1_PGM2(Fluconazole);HUG1_PGM2(Metformin);MID2_TPO2(Metformin);TPO1_MID2(Metformin);TPO1_TPO2(Fluconazole),,,piQTL_only
chr7:739245,HNM1_TPO2,Metformin,0.349802474,HNM1_TPO2(Metformin),,,piQTL_only
chr7:739112,HUG1_ALO1,Metformin,0.605295151,ERG27_ACF2(5-FC);ERG27_ACF2(Metformin);ERG27_ACF2(Trifluoperazine);ERV25_EMP47(Metformin);ERV25_EMP47(Trifluoperazine);HUG1_ALO1(Metformin);HUG1_PGM2(5-FC);HUG1_PGM2(Fluconazole);HUG1_PGM2(Metformin);MID2_TPO2(Metformin);TPO1_MID2(Metformin);TPO1_TPO2(Fluconazole),,,piQTL_only
chr7:739112,HUG1_PGM2,5-FC,0.7202409,ERG27_ACF2(5-FC);ERG27_ACF2(Metformin);ERG27_ACF2(Trifluoperazine);ERV25_EMP47(Metformin);ERV25_EMP47(Trifluoperazine);HUG1_ALO1(Metformin);HUG1_PGM2(5-FC);HUG1_PGM2(Fluconazole);HUG1_PGM2(Metformin);MID2_TPO2(Metformin);TPO1_MID2(Metformin);TPO1_TPO2(Fluconazole),,,piQTL_only
chr7:739112,HUG1_PGM2,Fluconazole,0.688490591,ERG27_ACF2(5-FC);ERG27_ACF2(Metformin);ERG27_ACF2(Trifluoperazine);ERV25_EMP47(Metformin);ERV25_EMP47(Trifluoperazine);HUG1_ALO1(Metformin);HUG1_PGM2(5-FC);HUG1_PGM2(Fluconazole);HUG1_PGM2(Metformin);MID2_TPO2(Metformin);TPO1_MID2(Metformin);TPO1_TPO2(Fluconazole),,,piQTL_only
chr7:739112,HUG1_PGM2,Metformin,0.51232146,ERG27_ACF2(5-FC);ERG27_ACF2(Metformin);ERG27_ACF2(Trifluoperazine);ERV25_EMP47(Metformin);ERV25_EMP47(Trifluoperazine);HUG1_ALO1(Metformin);HUG1_PGM2(5-FC);HUG1_PGM2(Fluconazole);HUG1_PGM2(Metformin);MID2_TPO2(Metformin);TPO1_MID2(Metformin);TPO1_TPO2(Fluconazole),,,piQTL_only
chr7:739354,MID2_MAM33,Fluconazole,0.634644151,MID2_MAM33(Fluconazole),,,piQTL_only
chr7:739112,MID2_TPO2,Metformin,0.465612617,ERG27_ACF2(5-FC);ERG27_ACF2(Metformin);ERG27_ACF2(Trifluoperazine);ERV25_EMP47(Metformin);ERV25_EMP47(Trifluoperazine);HUG1_ALO1(Metformin);HUG1_PGM2(5-FC);HUG1_PGM2(Fluconazole);HUG1_PGM2(Metformin);MID2_TPO2(Metformin);TPO1_MID2(Metformin);TPO1_TPO2(Fluconazole),,,piQTL_only
chr7:739112,TPO1_MID2,Metformin,0.366524045,ERG27_ACF2(5-FC);ERG27_ACF2(Metformin);ERG27_ACF2(Trifluoperazine);ERV25_EMP47(Metformin);ERV25_EMP47(Trifluoperazine);HUG1_ALO1(Metformin);HUG1_PGM2(5-FC);HUG1_PGM2(Fluconazole);HUG1_PGM2(Metformin);MID2_TPO2(Metformin);TPO1_MID2(Metformin);TPO1_TPO2(Fluconazole),,,piQTL_only
chr7:739112,TPO1_TPO2,Fluconazole,0.629741725,ERG27_ACF2(5-FC);ERG27_ACF2(Metformin);ERG27_ACF2(Trifluoperazine);ERV25_EMP47(Metformin);ERV25_EMP47(Trifluoperazine);HUG1_ALO1(Metformin);HUG1_PGM2(5-FC);HUG1_PGM2(Fluconazole);HUG1_PGM2(Metformin);MID2_TPO2(Metformin);TPO1_MID2(Metformin);TPO1_TPO2(Fluconazole),,,piQTL_only
chr7:753356,ERG11_ORM2,Metformin,0.28109405,ERG11_ORM2(Metformin),,,piQTL_only
chr7:754860,HNM1_TPO2,Metformin,0.350230521,HNM1_TPO2(Metformin);MID2_TPO2(Metformin),,,piQTL_only
chr7:754860,MID2_TPO2,Metformin,0.447594846,HNM1_TPO2(Metformin);MID2_TPO2(Metformin),,,piQTL_only
chr7:779852,MID2_TPO2,Metformin,0.459654607,MID2_TPO2(Metformin),SYN8,,eQTL_only
chr7:785665,MID2_TPO2,Metformin,0.439697797,MID2_TPO2(Metformin),,,piQTL_only
chr7:798650,MID2_TPO2,Metformin,0.411931383,MID2_TPO2(Metformin),,,piQTL_only
chr7:876941,ADE17_GIS2,Metformin,0.789097954,ADE17_GIS2(Metformin),,"ACO1; GLU1;ACO2;AHP1;ARA1;ARO4;SEC26;FAS1;FAS2;GCV2; GSD2;LYS20;IMD4;INO1;LEU1;MAP1;ADE5,7;RPL24A;RPL25;RPN2; SEN3;SAH1;SDH2;YPL225W",pQTL_only
chr7:885849,HNM1_TPO2,Metformin,0.408490585,HNM1_TPO2(Metformin),,YPS1; YAP3,pQTL_only
