protein_id_ensemble,gene_id_ensemble,gene_symbol,QTL_type,percent_variance,p_val,significant_eQTL,Significant_eQTL_rep,Significant_pQTL
ENSMUSP00000115512,ENSMUSG00000033845,Mrpl15,LOCAL,21.52,0.001,1,0,0
ENSMUSP00000116627,ENSMUSG00000025911,Adhfe1,LOCAL,33.26,0,1,1,1
ENSMUSP00000027050,ENSMUSG00000025917,Cops5,LOCAL,22.66,0,1,0,0
ENSMUSP00000085986,ENSMUSG00000067851,Arfgef1,LOCAL,20.07,0.003,1,1,1
ENSMUSP00000027068,ENSMUSG00000025935,Tram1,LOCAL,23.24,0,1,1,0
ENSMUSP00000027071,ENSMUSG00000025937,Lactb2,LOCAL,32.8,0,1,1,1
ENSMUSP00000021714,ENSMUSG00000021286,Zfyve21,DISTANT,19.21,0.006,1,0,0
ENSMUSP00000134844,ENSMUSG00000022361,Zhx1,DISTANT,17.24,0.041,1,0,0
ENSMUSP00000037929,ENSMUSG00000035559,Mpv17l2,DISTANT,18.24,0.017,1,0,0
ENSMUSP00000134764,ENSMUSG00000032570,Atp2c1,DISTANT,16.68,0.064,1,0,0
ENSMUSP00000065337,ENSMUSG00000052456,Asna1,DISTANT,16.88,0.054,1,0,0
ENSMUSP00000058279,ENSMUSG00000051671,Coa6,DISTANT,16.67,0.064,1,0,0
ENSMUSP00000032909,ENSMUSG00000030671,Pde3b,DISTANT,17.18,0.043,1,0,0
ENSMUSP00000089421,ENSMUSG00000059336,Slc14a1,DISTANT,16.82,0.057,1,0,0
ENSMUSP00000097903,ENSMUSG00000006471,Ndor1,DISTANT,16.5,0.075,1,0,0
ENSMUSP00000133992,ENSMUSG00000069539,Scyl2,DISTANT,16.53,0.074,1,0,0
ENSMUSP00000044078,ENSMUSG00000036833,Pnpla7,DISTANT,19.27,0.005,1,0,0
ENSMUSP00000032196,ENSMUSG00000030105,Arl8b,DISTANT,16.18,0.095,1,0,0
ENSMUSP00000135483,ENSMUSG00000025940,Tmem70,LOCAL,20.77,0.001,1,0,0
ENSMUSP00000057375,ENSMUSG00000022200,Golph3,DISTANT,16.96,0.05,1,0,0
ENSMUSP00000071569,ENSMUSG00000058006,Mdn1,DISTANT,17.36,0.038,1,0,0
ENSMUSP00000048817,ENSMUSG00000032932,Hspa13,DISTANT,16.2,0.094,1,0,0
ENSMUSP00000047992,ENSMUSG00000041779,Tram2,LOCAL,51.7,0,1,1,1
ENSMUSP00000027067,ENSMUSG00000025934,Gsta3,LOCAL,24.38,0,1,0,1
ENSMUSP00000056345,ENSMUSG00000020376,Rnf130,DISTANT,20.61,0.002,1,0,0
ENSMUSP00000023071,ENSMUSG00000022437,Samm50,DISTANT,16.59,0.069,1,0,0
ENSMUSP00000008966,ENSMUSG00000008822,Acyp1,DISTANT,21.69,0.001,1,0,0
ENSMUSP00000092672,ENSMUSG00000073725,Lmbrd1,LOCAL,23.3,0,1,1,0
ENSMUSP00000085625,ENSMUSG00000004768,Rab23,LOCAL,39.19,0,1,1,1
ENSMUSP00000042009,ENSMUSG00000042215,Bag2,LOCAL,38.11,0,1,1,0
ENSMUSP00000027303,ENSMUSG00000026127,Imp4,LOCAL,17.09,0.045,1,1,0
ENSMUSP00000138308,ENSMUSG00000026131,Dst,LOCAL,19.41,0.005,1,0,0
ENSMUSP00000042918,ENSMUSG00000042111,Ccdc115,LOCAL,46.05,0,1,1,0
ENSMUSP00000117200,ENSMUSG00000001143,Lman2l,LOCAL,20.94,0.001,1,1,0
ENSMUSP00000001166,ENSMUSG00000001138,Cnnm3,LOCAL,16.26,0.091,1,0,0
ENSMUSP00000060858,ENSMUSG00000049553,Polr1a,DISTANT,16.83,0.056,1,0,0
ENSMUSP00000047326,ENSMUSG00000037351,Actr1b,LOCAL,37.86,0,1,1,0
ENSMUSP00000050388,ENSMUSG00000048234,Rnf149,LOCAL,31.75,0,1,1,0
ENSMUSP00000027252,ENSMUSG00000026083,Eif5b,LOCAL,17.82,0.024,1,0,0
ENSMUSP00000137631,ENSMUSG00000073702,Rpl31,LOCAL,44.41,0,1,1,0
ENSMUSP00000027247,ENSMUSG00000026078,Pdcl3,LOCAL,28.33,0,1,0,1
ENSMUSP00000125638,ENSMUSG00000003135,Cnot11,LOCAL,77.6,0,1,1,0
ENSMUSP00000049967,ENSMUSG00000003134,Tbc1d8,LOCAL,33.44,0,1,1,0
ENSMUSP00000039583,ENSMUSG00000041750,Cd1d2,DISTANT,17.81,0.025,1,0,0
ENSMUSP00000105112,ENSMUSG00000027652,Ralgapb,DISTANT,19.02,0.007,1,0,0
ENSMUSP00000105358,ENSMUSG00000052926,Rnaseh2a,DISTANT,16.12,0.099,1,0,0
ENSMUSP00000056855,ENSMUSG00000060679,Mrps9,LOCAL,29.1,0,1,1,0
ENSMUSP00000019516,ENSMUSG00000075590,Nrbp2,DISTANT,16.5,0.076,1,0,0
ENSMUSP00000119939,ENSMUSG00000057363,Uxs1,LOCAL,22.87,0,1,1,0
ENSMUSP00000022842,ENSMUSG00000022234,Cct5,DISTANT,16.2,0.094,1,0,0
ENSMUSP00000032078,ENSMUSG00000030007,Cct7,DISTANT,17.2,0.043,1,0,0
ENSMUSP00000038938,ENSMUSG00000033323,Ctdp1,DISTANT,16.89,0.054,1,0,0
ENSMUSP00000083620,ENSMUSG00000026042,Col5a2,LOCAL,39,0,1,1,0
ENSMUSP00000027214,ENSMUSG00000026048,Ercc5,LOCAL,59.38,0,1,1,1
ENSMUSP00000054421,ENSMUSG00000043424,Eif3j2,DISTANT,16.23,0.093,1,0,0
ENSMUSP00000055694,ENSMUSG00000045954,Sdpr,LOCAL,32.92,0,1,1,0
ENSMUSP00000125427,ENSMUSG00000048495,Tyw5,LOCAL,16.97,0.05,1,0,0
ENSMUSP00000027271,ENSMUSG00000026102,Inpp1,LOCAL,37.94,0,1,1,1
ENSMUSP00000066696,ENSMUSG00000002881,Nab1,LOCAL,18.16,0.019,1,1,0
ENSMUSP00000040447,ENSMUSG00000018417,Myo1b,LOCAL,20.3,0.002,1,1,1
ENSMUSP00000045606,ENSMUSG00000041426,Hibch,LOCAL,53.97,0,1,1,1
ENSMUSP00000095346,ENSMUSG00000073678,Pgap1,LOCAL,16.12,0.1,1,1,1
ENSMUSP00000039420,ENSMUSG00000041303,Gtf3c3,LOCAL,40.01,0,1,1,0
ENSMUSP00000049770,ENSMUSG00000046994,Mars2,LOCAL,31.89,0,1,1,0
ENSMUSP00000027185,ENSMUSG00000026027,Stradb,LOCAL,38.65,0,1,1,0
ENSMUSP00000040240,ENSMUSG00000038323,1700066M21Rik,LOCAL,33.52,0,1,1,1
ENSMUSP00000051935,ENSMUSG00000051223,Bzw1,LOCAL,21.56,0.001,1,0,0
ENSMUSP00000049391,ENSMUSG00000064294,Aox3,LOCAL,29.73,0,1,1,0
ENSMUSP00000027265,ENSMUSG00000026096,Osgepl1,LOCAL,16.3,0.087,1,0,1
ENSMUSP00000001027,ENSMUSG00000063558,Aox1,LOCAL,70.79,0,1,1,1
ENSMUSP00000087608,ENSMUSG00000021900,Btd,DISTANT,17.46,0.034,1,0,0
ENSMUSP00000084799,ENSMUSG00000026036,Nif3l1,LOCAL,17.68,0.028,1,0,1
ENSMUSP00000109482,ENSMUSG00000034744,Nagk,DISTANT,17.24,0.041,1,0,0
ENSMUSP00000027193,ENSMUSG00000026032,Ndufb3,LOCAL,21.89,0,1,0,0
ENSMUSP00000027189,ENSMUSG00000026029,Casp8,LOCAL,76.91,0,1,1,1
ENSMUSP00000027178,ENSMUSG00000026024,Als2,LOCAL,56.91,0,1,1,1
ENSMUSP00000127034,ENSMUSG00000059796,Eif4a1,DISTANT,35.61,0,1,1,0
ENSMUSP00000050823,ENSMUSG00000049439,Cyp20a1,LOCAL,28.62,0,1,1,1
ENSMUSP00000058936,ENSMUSG00000038298,Pdzk1,DISTANT,16.16,0.096,1,0,0
ENSMUSP00000027168,ENSMUSG00000026014,Raph1,LOCAL,18.39,0.015,1,1,1
ENSMUSP00000040126,ENSMUSG00000042099,Kank3,DISTANT,17.05,0.047,1,0,0
ENSMUSP00000116492,ENSMUSG00000025967,Eef1b2,LOCAL,22.97,0,1,0,0
ENSMUSP00000084633,ENSMUSG00000025964,Adam23,LOCAL,17.21,0.043,1,1,0
ENSMUSP00000095316,ENSMUSG00000025950,Idh1,LOCAL,16.25,0.092,1,0,1
ENSMUSP00000109713,ENSMUSG00000025956,Mettl21a,LOCAL,34.76,0,1,1,1
ENSMUSP00000054499,ENSMUSG00000026193,Fn1,LOCAL,24.61,0,1,0,0
ENSMUSP00000124305,ENSMUSG00000064373,Sepp1,DISTANT,17.64,0.029,1,0,0
ENSMUSP00000027384,ENSMUSG00000026192,Atic,LOCAL,47.6,0,1,1,1
ENSMUSP00000058919,ENSMUSG00000046330,Rpl37a,LOCAL,20.41,0.002,1,1,0
ENSMUSP00000041878,ENSMUSG00000039395,Mreg,LOCAL,19.93,0.003,1,1,0
ENSMUSP00000027381,ENSMUSG00000026189,Pecr,LOCAL,27.88,0,1,1,1
ENSMUSP00000047589,ENSMUSG00000039354,Smarcal1,LOCAL,29.69,0,1,1,0
ENSMUSP00000084466,ENSMUSG00000026174,Rqcd1,LOCAL,26.49,0,1,1,0
ENSMUSP00000099790,ENSMUSG00000028552,Eps15,DISTANT,16.21,0.094,1,0,0
ENSMUSP00000047449,ENSMUSG00000033124,Atg9a,LOCAL,19.44,0.005,1,1,0
ENSMUSP00000027370,ENSMUSG00000026179,Pnkd,LOCAL,33.8,0,1,1,1
ENSMUSP00000109436,ENSMUSG00000026179,Pnkd,LOCAL,33.8,0,1,1,1
ENSMUSP00000109451,ENSMUSG00000006304,Arpc2,LOCAL,29.34,0,1,1,0
ENSMUSP00000124552,ENSMUSG00000026197,Zfand2b,LOCAL,16.54,0.073,1,1,0
ENSMUSP00000095300,ENSMUSG00000049339,Fam134a,LOCAL,21.74,0.001,1,1,0
ENSMUSP00000136285,ENSMUSG00000026200,Glb1l,LOCAL,20.45,0.002,1,0,1
ENSMUSP00000035564,ENSMUSG00000033021,Gmppa,LOCAL,42.89,0,1,1,1
ENSMUSP00000027367,ENSMUSG00000026176,Ctdsp1,LOCAL,18.31,0.016,1,1,0
ENSMUSP00000045291,ENSMUSG00000032883,Acsl3,LOCAL,21.91,0,1,1,0
ENSMUSP00000132488,ENSMUSG00000090486,BC035947,LOCAL,17.25,0.041,1,1,0
ENSMUSP00000109140,ENSMUSG00000073643,Wdfy1,LOCAL,80.1,0,1,1,1
ENSMUSP00000027467,ENSMUSG00000026249,Serpine2,LOCAL,44.38,0,1,1,1
ENSMUSP00000027464,ENSMUSG00000026248,Mrpl44,LOCAL,22.68,0,1,1,1
ENSMUSP00000063795,ENSMUSG00000055980,Irs1,LOCAL,18.8,0.009,1,0,0
ENSMUSP00000027421,ENSMUSG00000026219,Trip12,LOCAL,28.37,0,1,1,0
ENSMUSP00000131459,ENSMUSG00000026227,2810459M11Rik,LOCAL,42.34,0,1,1,0
ENSMUSP00000020190,ENSMUSG00000020010,Vnn3,DISTANT,17.18,0.043,1,0,0
ENSMUSP00000132673,ENSMUSG00000053333,Dis3l2,LOCAL,33.5,0,1,1,1
ENSMUSP00000044188,ENSMUSG00000026238,Ptma,LOCAL,23.37,0,1,1,0
ENSMUSP00000108858,ENSMUSG00000026254,Eif4e2,LOCAL,25.82,0,1,0,0
ENSMUSP00000108987,ENSMUSG00000036707,Cab39,LOCAL,19.91,0.003,1,1,1
ENSMUSP00000072803,ENSMUSG00000089960,Ugt1a1,LOCAL,32.23,0,1,1,0
ENSMUSP00000027512,ENSMUSG00000026289,Atg16l1,LOCAL,18.1,0.02,1,1,1
ENSMUSP00000073444,ENSMUSG00000090175,Ugt1a9,LOCAL,41.31,0,1,1,1
ENSMUSP00000108767,ENSMUSG00000090165,Ugt1a10,LOCAL,63.44,0,1,1,1
ENSMUSP00000108759,ENSMUSG00000054545,Ugt1a6a,LOCAL,35.37,0,1,1,0
ENSMUSP00000095263,ENSMUSG00000089943,Ugt1a5,LOCAL,35.26,0,1,1,0
ENSMUSP00000038533,ENSMUSG00000005501,Usp40,LOCAL,28.02,0,1,1,0
ENSMUSP00000027518,ENSMUSG00000026295,Spp2,LOCAL,38.12,0,1,1,0
ENSMUSP00000108763,ENSMUSG00000090145,Ugt1a6b,LOCAL,31.21,0,1,1,1
ENSMUSP00000027534,ENSMUSG00000026309,Ilkap,LOCAL,16.47,0.077,1,1,0
ENSMUSP00000027529,ENSMUSG00000026304,Rab17,LOCAL,25.72,0,1,1,1
ENSMUSP00000095254,ENSMUSG00000026305,Lrrfip1,LOCAL,46.35,0,1,1,0
ENSMUSP00000035884,ENSMUSG00000034432,Cops8,LOCAL,20.9,0.001,1,1,0
ENSMUSP00000027532,ENSMUSG00000026307,Scly,LOCAL,47.99,0,1,1,1
ENSMUSP00000054303,ENSMUSG00000034343,Ube2f,LOCAL,28.59,0,1,1,0
ENSMUSP00000113835,ENSMUSG00000022974,Paxbp1,DISTANT,16.94,0.051,1,0,0
ENSMUSP00000025541,ENSMUSG00000024639,Gnaq,DISTANT,17.66,0.029,1,0,0
ENSMUSP00000027491,ENSMUSG00000026272,Agxt,LOCAL,24.02,0,1,1,1
ENSMUSP00000057690,ENSMUSG00000047067,Dusp28,LOCAL,35.24,0,1,1,1
ENSMUSP00000095235,ENSMUSG00000073609,D2hgdh,LOCAL,52.79,0,1,1,1
ENSMUSP00000068487,ENSMUSG00000056429,Tgoln1,DISTANT,17.23,0.042,1,0,0
ENSMUSP00000103536,ENSMUSG00000018428,Akap1,DISTANT,16.33,0.085,1,0,0
ENSMUSP00000112725,ENSMUSG00000034066,Farp2,LOCAL,23.59,0,1,0,0
ENSMUSP00000113790,ENSMUSG00000034066,Farp2,LOCAL,23.59,0,1,0,0
ENSMUSP00000058368,ENSMUSG00000045128,Rpl18a,DISTANT,28.63,0,1,1,0
ENSMUSP00000108356,ENSMUSG00000009907,Vps4b,LOCAL,29.14,0,1,0,0
ENSMUSP00000108326,ENSMUSG00000026315,Serpinb8,LOCAL,64.53,0,1,1,1
ENSMUSP00000010049,ENSMUSG00000009905,Kdsr,LOCAL,58.62,0,1,1,1
ENSMUSP00000003818,ENSMUSG00000003721,Insig2,LOCAL,23.28,0,1,1,0
ENSMUSP00000027626,ENSMUSG00000026377,Mki67ip,LOCAL,38.05,0,1,1,1
ENSMUSP00000108260,ENSMUSG00000026389,Steap3,LOCAL,52.72,0,1,1,1
ENSMUSP00000042416,ENSMUSG00000036975,Tmem177,LOCAL,16.8,0.058,1,0,1
ENSMUSP00000043442,ENSMUSG00000026339,Ccdc93,LOCAL,45.91,0,1,1,1
ENSMUSP00000027581,ENSMUSG00000026343,Gpr39,LOCAL,31.27,0,1,1,0
ENSMUSP00000027601,ENSMUSG00000026355,Mcm6,LOCAL,23.32,0,1,1,0
ENSMUSP00000030787,ENSMUSG00000028945,Rheb,DISTANT,16.66,0.066,1,0,0
ENSMUSP00000048482,ENSMUSG00000026348,Acmsd,LOCAL,20.34,0.002,1,1,0
ENSMUSP00000110087,ENSMUSG00000071533,Pcnp,DISTANT,16.49,0.076,1,0,0
ENSMUSP00000027675,ENSMUSG00000026417,Pigr,LOCAL,27.69,0,1,1,0
ENSMUSP00000108065,ENSMUSG00000026427,Eif2d,LOCAL,19.95,0.003,1,0,0
ENSMUSP00000108012,ENSMUSG00000042251,Pm20d1,LOCAL,81.92,0,1,1,1
ENSMUSP00000073072,ENSMUSG00000004552,Ctse,LOCAL,59.65,0,1,1,1
ENSMUSP00000054126,ENSMUSG00000042349,Ikbke,LOCAL,27.53,0,1,1,1
ENSMUSP00000027700,ENSMUSG00000026439,Rbbp5,LOCAL,21.15,0.001,1,0,0
ENSMUSP00000114272,ENSMUSG00000070644,Etnk2,LOCAL,17.58,0.031,1,1,0
ENSMUSP00000097561,ENSMUSG00000051747,Ttn,DISTANT,17.45,0.035,1,0,0
ENSMUSP00000076564,ENSMUSG00000041926,Rnpep,LOCAL,37.14,0,1,1,1
ENSMUSP00000027726,ENSMUSG00000026456,Cyb5r1,LOCAL,45.75,0,1,1,1
ENSMUSP00000119242,ENSMUSG00000026463,Atp2b4,LOCAL,25.35,0,1,1,1
ENSMUSP00000061893,ENSMUSG00000018381,Abi3,DISTANT,16.46,0.078,1,0,0
ENSMUSP00000038335,ENSMUSG00000042229,Rabif,LOCAL,16.45,0.078,1,0,0
ENSMUSP00000036093,ENSMUSG00000041879,Ipo9,LOCAL,55.43,0,1,1,0
ENSMUSP00000095169,ENSMUSG00000026421,Csrp1,LOCAL,17.46,0.034,1,0,0
ENSMUSP00000031002,ENSMUSG00000029119,Man2b2,DISTANT,17.38,0.037,1,0,0
ENSMUSP00000041920,ENSMUSG00000041570,Camsap2,LOCAL,17.17,0.043,1,1,0
ENSMUSP00000027642,ENSMUSG00000026393,Nek7,LOCAL,25.93,0,1,1,0
ENSMUSP00000125623,ENSMUSG00000018199,Trove2,LOCAL,26.63,0,1,1,0
ENSMUSP00000027612,ENSMUSG00000070594,Gm4788,LOCAL,77.94,0,1,1,0
ENSMUSP00000027615,ENSMUSG00000026368,F13b,LOCAL,17.06,0.046,1,0,0
ENSMUSP00000023965,ENSMUSG00000057037,Cfhr1,LOCAL,82.21,0,1,1,1
ENSMUSP00000001002,ENSMUSG00000000976,Heatr6,DISTANT,16.29,0.087,1,0,0
ENSMUSP00000115822,ENSMUSG00000026483,Fam129a,LOCAL,16.2,0.094,1,0,0
ENSMUSP00000107544,ENSMUSG00000006010,BC003331,LOCAL,23.24,0,1,0,0
ENSMUSP00000125677,ENSMUSG00000006014,Prg4,LOCAL,26.3,0,1,0,0
ENSMUSP00000068309,ENSMUSG00000053286,Trmt1l,LOCAL,16.68,0.063,1,0,1
ENSMUSP00000021380,ENSMUSG00000020993,Trappc6b,DISTANT,17.29,0.04,1,0,0
ENSMUSP00000076933,ENSMUSG00000008475,Arpc5,LOCAL,38.94,0,1,1,0
ENSMUSP00000023856,ENSMUSG00000023094,Msrb2,DISTANT,16.63,0.067,1,0,0
ENSMUSP00000027752,ENSMUSG00000026478,Lamc1,LOCAL,17.31,0.04,1,0,0
ENSMUSP00000037454,ENSMUSG00000042684,Npl,LOCAL,31.02,0,1,1,1
ENSMUSP00000123122,ENSMUSG00000032480,Dhx30,DISTANT,17.51,0.033,1,0,0
ENSMUSP00000080685,ENSMUSG00000038024,Dennd4c,DISTANT,17.2,0.043,1,0,0
ENSMUSP00000025421,ENSMUSG00000079614,Seh1l,DISTANT,18.6,0.012,1,0,0
ENSMUSP00000035658,ENSMUSG00000033684,Qsox1,LOCAL,26.73,0,1,0,0
ENSMUSP00000133815,ENSMUSG00000090877,Hspa1b,DISTANT,16.46,0.078,1,0,0
ENSMUSP00000083300,ENSMUSG00000026589,Sec16b,LOCAL,27,0,1,0,1
ENSMUSP00000107387,ENSMUSG00000050565,Tor1aip2,LOCAL,49.13,0,1,1,1
ENSMUSP00000095134,ENSMUSG00000026466,Tor1aip1,LOCAL,26.03,0,1,1,0
ENSMUSP00000112534,ENSMUSG00000033557,Fam20b,LOCAL,69.89,0,1,1,0
ENSMUSP00000044945,ENSMUSG00000033488,BC026585,LOCAL,50.34,0,1,1,1
ENSMUSP00000070868,ENSMUSG00000056220,Pla2g4a,LOCAL,19.11,0.007,1,0,0
ENSMUSP00000063872,ENSMUSG00000026594,Ralgps2,LOCAL,20.07,0.003,1,1,0
ENSMUSP00000114964,ENSMUSG00000070565,Rasal2,LOCAL,20.31,0.002,1,1,0
ENSMUSP00000028014,ENSMUSG00000026692,Fmo4,LOCAL,29.15,0,1,1,1
ENSMUSP00000107285,ENSMUSG00000058267,Mrps14,LOCAL,41.12,0,1,1,0
ENSMUSP00000068971,ENSMUSG00000026715,Serpinc1,LOCAL,24.9,0,1,1,0
ENSMUSP00000041851,ENSMUSG00000026709,Dars2,LOCAL,40.92,0,1,1,1
ENSMUSP00000112081,ENSMUSG00000027642,Rpn2,DISTANT,16.31,0.086,1,0,0
ENSMUSP00000037259,ENSMUSG00000040181,Fmo1,LOCAL,33.68,0,1,1,1
ENSMUSP00000107135,ENSMUSG00000040170,Fmo2,LOCAL,28.23,0,1,1,1
ENSMUSP00000083192,ENSMUSG00000026575,Nme7,LOCAL,42.65,0,1,1,0
ENSMUSP00000083204,ENSMUSG00000026579,F5,LOCAL,16.84,0.056,1,0,0
ENSMUSP00000037514,ENSMUSG00000040843,Tiprl,LOCAL,39.88,0,1,1,1
ENSMUSP00000027856,ENSMUSG00000026571,Dcaf6,LOCAL,21.87,0,1,1,0
ENSMUSP00000043537,ENSMUSG00000040848,Sft2d2,LOCAL,24.01,0,1,1,0
ENSMUSP00000027853,ENSMUSG00000026568,Mpc2,LOCAL,20.78,0.001,1,1,0
ENSMUSP00000107060,ENSMUSG00000040713,Creg1,LOCAL,25.32,0,1,1,0
ENSMUSP00000095081,ENSMUSG00000052428,Tmco1,LOCAL,30.93,0,1,1,0
ENSMUSP00000028004,ENSMUSG00000026687,Aldh9a1,LOCAL,31.03,0,1,1,0
ENSMUSP00000028005,ENSMUSG00000026688,Mgst3,LOCAL,42.55,0,1,1,1
ENSMUSP00000103982,ENSMUSG00000047213,Ythdf3,DISTANT,16.51,0.075,1,0,0
ENSMUSP00000027839,ENSMUSG00000026558,Uck2,LOCAL,37.36,0,1,1,0
ENSMUSP00000137123,ENSMUSG00000030592,Ryr1,DISTANT,18.21,0.018,1,0,0
ENSMUSP00000069554,ENSMUSG00000053110,Yap1,DISTANT,20.33,0.002,1,0,0
ENSMUSP00000005548,ENSMUSG00000005413,Hmox1,DISTANT,16.21,0.093,1,0,0
ENSMUSP00000027970,ENSMUSG00000026659,Dusp12,LOCAL,62.75,0,1,1,1
ENSMUSP00000003550,ENSMUSG00000003458,Ncstn,LOCAL,41.28,0,1,1,0
ENSMUSP00000106964,ENSMUSG00000038370,Pcp4l1,LOCAL,46.63,0,1,1,1
ENSMUSP00000072863,ENSMUSG00000062729,Ppox,LOCAL,24.53,0,1,1,1
ENSMUSP00000079882,ENSMUSG00000026656,Fcgr2b,LOCAL,20.56,0.002,1,0,0
ENSMUSP00000118179,ENSMUSG00000026553,Copa,LOCAL,34.7,0,1,0,0
ENSMUSP00000132771,ENSMUSG00000091166,Tstd1,LOCAL,26.26,0,1,1,1
ENSMUSP00000106920,ENSMUSG00000013997,Nit1,LOCAL,23.41,0,1,1,0
ENSMUSP00000041907,ENSMUSG00000038235,F11r,LOCAL,42.77,0,1,1,0
ENSMUSP00000075289,ENSMUSG00000003464,Pex19,LOCAL,37.81,0,1,1,1
ENSMUSP00000009340,ENSMUSG00000026536,Mnda,LOCAL,34.45,0,1,1,0
ENSMUSP00000073778,ENSMUSG00000026554,Dcaf8,LOCAL,20.45,0.002,1,0,1
ENSMUSP00000092502,ENSMUSG00000044533,Rps2,DISTANT,19.05,0.007,1,0,0
ENSMUSP00000027826,ENSMUSG00000026544,Dusp23,LOCAL,65.45,0,1,1,1
ENSMUSP00000027824,ENSMUSG00000026542,Apcs,LOCAL,31.92,0,1,1,1
ENSMUSP00000000266,ENSMUSG00000026535,Ifi202b,LOCAL,51.4,0,1,1,1
ENSMUSP00000044665,ENSMUSG00000037942,Crp,LOCAL,23.87,0,1,1,0
ENSMUSP00000106841,ENSMUSG00000090272,Mndal,LOCAL,78.52,0,1,1,1
ENSMUSP00000106845,ENSMUSG00000073489,Ifi204,LOCAL,44.4,0,1,1,1
ENSMUSP00000038914,ENSMUSG00000039783,Kmo,LOCAL,32.95,0,1,1,1
ENSMUSP00000027769,ENSMUSG00000026492,Tfb2m,LOCAL,25.4,0,1,1,0
ENSMUSP00000016105,ENSMUSG00000015961,Adss,LOCAL,32.44,0,1,1,1
ENSMUSP00000094528,ENSMUSG00000032624,Eml4,DISTANT,16.31,0.086,1,0,0
ENSMUSP00000048519,ENSMUSG00000038633,Degs1,LOCAL,31.41,0,1,1,0
ENSMUSP00000027797,ENSMUSG00000026516,Nvl,LOCAL,28.75,0,1,1,1
ENSMUSP00000037890,ENSMUSG00000038806,Sde2,LOCAL,23.94,0,1,1,0
ENSMUSP00000047551,ENSMUSG00000038776,Ephx1,LOCAL,23.17,0,1,1,1
ENSMUSP00000027792,ENSMUSG00000026511,Srp9,LOCAL,80.89,0,1,1,0
ENSMUSP00000068895,ENSMUSG00000026509,Capn2,LOCAL,25.12,0,1,1,0
ENSMUSP00000078878,ENSMUSG00000032939,Nup93,DISTANT,17.29,0.04,1,0,0
ENSMUSP00000064801,ENSMUSG00000056050,Mia3,LOCAL,19.28,0.005,1,0,1
ENSMUSP00000104786,ENSMUSG00000056050,Mia3,LOCAL,19.28,0.005,1,0,0
ENSMUSP00000027780,ENSMUSG00000026499,Acbd3,LOCAL,16.4,0.081,1,0,0
ENSMUSP00000035804,ENSMUSG00000026621,01-Mar,LOCAL,22.85,0,1,0,1
ENSMUSP00000066715,ENSMUSG00000073481,02-Mar,LOCAL,38.45,0,1,1,0
ENSMUSP00000023803,ENSMUSG00000023043,Krt18,DISTANT,17.58,0.031,1,0,0
ENSMUSP00000034361,ENSMUSG00000031889,D230025D16Rik,DISTANT,17.16,0.044,1,0,0
ENSMUSP00000048229,ENSMUSG00000039246,Lyplal1,LOCAL,62.78,0,1,1,1
ENSMUSP00000027916,ENSMUSG00000026617,Bpnt1,LOCAL,16.15,0.097,1,0,0
ENSMUSP00000072481,ENSMUSG00000008305,Tle1,DISTANT,17.5,0.033,1,0,0
ENSMUSP00000117686,ENSMUSG00000066406,Akap13,DISTANT,17.47,0.034,1,0,0
ENSMUSP00000104351,ENSMUSG00000001036,Epn2,DISTANT,16.82,0.056,1,0,0
ENSMUSP00000027897,ENSMUSG00000026603,Smyd2,LOCAL,32.08,0,1,1,0
ENSMUSP00000027947,ENSMUSG00000026634,Angel2,LOCAL,65.48,0,1,1,0
ENSMUSP00000061769,ENSMUSG00000089872,Rps6kc1,LOCAL,19.5,0.005,1,1,0
ENSMUSP00000112137,ENSMUSG00000019256,Ahr,DISTANT,16.17,0.096,1,0,0
ENSMUSP00000036277,ENSMUSG00000037461,Ints7,LOCAL,22.49,0,1,1,0
ENSMUSP00000004508,ENSMUSG00000004394,Tmed4,DISTANT,18.3,0.017,1,0,0
ENSMUSP00000125620,ENSMUSG00000016194,Hsd11b1,LOCAL,37.66,0,1,1,1
ENSMUSP00000067786,ENSMUSG00000024241,Sos1,DISTANT,16.7,0.063,1,0,0
ENSMUSP00000074902,ENSMUSG00000016481,Cr1l,LOCAL,17.6,0.031,1,0,0
ENSMUSP00000070596,ENSMUSG00000052033,Pfdn4,DISTANT,16.76,0.06,1,0,0
ENSMUSP00000049243,ENSMUSG00000034127,Tspan8,DISTANT,16.34,0.085,1,0,0
ENSMUSP00000136233,ENSMUSG00000025817,Nudt5,LOCAL,21.93,0,1,1,1
ENSMUSP00000027975,ENSMUSG00000026664,Phyh,LOCAL,49.45,0,1,1,1
ENSMUSP00000027986,ENSMUSG00000026672,Optn,LOCAL,18.62,0.012,1,1,1
ENSMUSP00000043033,ENSMUSG00000039128,Cdc123,LOCAL,22.97,0,1,0,1
ENSMUSP00000116495,ENSMUSG00000039449,Prpf18,LOCAL,20.86,0.001,1,0,0
ENSMUSP00000110705,ENSMUSG00000026655,Fam107b,LOCAL,22.32,0,1,1,1
ENSMUSP00000129194,ENSMUSG00000025815,Dhtkd1,LOCAL,69.25,0,1,1,1
ENSMUSP00000097996,ENSMUSG00000002107,Celf2,LOCAL,26.55,0,1,1,0
ENSMUSP00000037371,ENSMUSG00000039063,Echdc3,LOCAL,54.78,0,1,1,1
ENSMUSP00000100046,ENSMUSG00000025816,Sec61a2,LOCAL,16.87,0.055,1,1,0
ENSMUSP00000046530,ENSMUSG00000037254,Itih2,LOCAL,26.65,0,1,0,0
ENSMUSP00000043614,ENSMUSG00000037262,Kin,LOCAL,50.98,0,1,1,0
ENSMUSP00000117009,ENSMUSG00000026730,Pter,LOCAL,40.91,0,1,1,1
ENSMUSP00000017562,ENSMUSG00000017418,Arl5b,LOCAL,32.92,0,1,1,0
ENSMUSP00000100025,ENSMUSG00000026718,Stam,LOCAL,16.75,0.06,1,0,0
ENSMUSP00000088980,ENSMUSG00000026740,Dnajc1,LOCAL,40.16,0,1,1,0
ENSMUSP00000049882,ENSMUSG00000051154,Commd3,LOCAL,20.84,0.001,1,0,0
ENSMUSP00000047865,ENSMUSG00000037993,Dhx38,DISTANT,16.42,0.08,1,0,0
ENSMUSP00000023856,ENSMUSG00000023094,Msrb2,LOCAL,27.85,0,1,1,1
ENSMUSP00000066170,ENSMUSG00000036617,Etl4,LOCAL,27.45,0,1,1,1
ENSMUSP00000052452,ENSMUSG00000048550,Thnsl1,LOCAL,29.92,0,1,1,1
ENSMUSP00000062747,ENSMUSG00000026986,Hnmt,LOCAL,22.48,0,1,1,1
ENSMUSP00000044078,ENSMUSG00000036833,Pnpla7,LOCAL,16.47,0.077,1,0,0
ENSMUSP00000057731,ENSMUSG00000013465,Nelfb,LOCAL,21.75,0.001,1,0,0
ENSMUSP00000043561,ENSMUSG00000036850,Mrpl41,LOCAL,28,0,1,1,0
ENSMUSP00000041855,ENSMUSG00000015083,C8g,LOCAL,25.07,0,1,1,0
ENSMUSP00000099983,ENSMUSG00000026944,Abca2,LOCAL,27.8,0,1,1,0
ENSMUSP00000028307,ENSMUSG00000026938,Fcna,LOCAL,18.68,0.011,1,1,0
ENSMUSP00000028351,ENSMUSG00000026975,Dph7,LOCAL,20.63,0.002,1,1,1
ENSMUSP00000099989,ENSMUSG00000026956,Uap1l1,LOCAL,20.47,0.002,1,0,1
ENSMUSP00000093965,ENSMUSG00000071650,Ganab,DISTANT,17.07,0.046,1,0,0
ENSMUSP00000037417,ENSMUSG00000036504,Phpt1,LOCAL,19.29,0.005,1,0,1
ENSMUSP00000028332,ENSMUSG00000026958,Dpp7,LOCAL,53.85,0,1,1,1
ENSMUSP00000097100,ENSMUSG00000035697,Hmha1,DISTANT,16.13,0.099,1,0,0
ENSMUSP00000021329,ENSMUSG00000020946,Gosr2,DISTANT,17.55,0.032,1,0,0
ENSMUSP00000023818,ENSMUSG00000023055,Calcoco1,DISTANT,18.35,0.016,1,0,0
ENSMUSP00000028295,ENSMUSG00000075467,Dnlz,LOCAL,23.57,0,1,1,1
ENSMUSP00000109716,ENSMUSG00000026924,Sec16a,LOCAL,18.32,0.016,1,0,0
ENSMUSP00000121179,ENSMUSG00000026924,Sec16a,LOCAL,18.32,0.016,1,0,0
ENSMUSP00000070815,ENSMUSG00000052406,Rexo4,LOCAL,47.5,0,1,1,1
ENSMUSP00000099950,ENSMUSG00000009614,Sardh,LOCAL,25.22,0,1,0,0
ENSMUSP00000062782,ENSMUSG00000009621,Vav2,LOCAL,19.25,0.005,1,1,1
ENSMUSP00000109639,ENSMUSG00000015488,Cacfd1,LOCAL,37.82,0,1,1,0
ENSMUSP00000036725,ENSMUSG00000035772,Mrps2,LOCAL,16.14,0.097,1,0,0
ENSMUSP00000042265,ENSMUSG00000035666,Gtf3c4,LOCAL,23.95,0,1,1,0
ENSMUSP00000020637,ENSMUSG00000020368,Canx,DISTANT,16.94,0.051,1,0,0
ENSMUSP00000039966,ENSMUSG00000038604,Fam65a,DISTANT,18.4,0.015,1,0,0
ENSMUSP00000113771,ENSMUSG00000040940,Arhgef1,DISTANT,16.35,0.084,1,0,0
ENSMUSP00000097793,ENSMUSG00000039660,D2Wsu81e,LOCAL,21.18,0.001,1,1,0
ENSMUSP00000028205,ENSMUSG00000026851,BC005624,LOCAL,16.23,0.093,1,0,0
ENSMUSP00000053962,ENSMUSG00000026822,Lcn2,LOCAL,18.09,0.021,1,1,0
ENSMUSP00000028137,ENSMUSG00000026798,Coq4,LOCAL,49.27,0,1,1,1
ENSMUSP00000092703,ENSMUSG00000039844,Rapgef1,LOCAL,29.63,0,1,0,0
ENSMUSP00000077127,ENSMUSG00000026858,Fam73b,LOCAL,37.55,0,1,1,1
ENSMUSP00000048426,ENSMUSG00000039678,Tbc1d13,LOCAL,25.1,0,1,1,0
ENSMUSP00000097788,ENSMUSG00000026860,Sh3glb2,LOCAL,38.86,0,1,1,0
ENSMUSP00000046837,ENSMUSG00000039515,Ppp2r4,LOCAL,34.38,0,1,1,1
ENSMUSP00000046441,ENSMUSG00000039686,Zer1,LOCAL,16.49,0.076,1,1,1
ENSMUSP00000038612,ENSMUSG00000039648,Ccbl1,LOCAL,21.65,0.001,1,1,1
ENSMUSP00000114557,ENSMUSG00000054766,Set,LOCAL,49.8,0,1,1,0
ENSMUSP00000123994,ENSMUSG00000024797,Vps51,DISTANT,16.3,0.087,1,0,0
ENSMUSP00000028199,ENSMUSG00000026848,Tor1b,LOCAL,16.92,0.052,1,0,0
ENSMUSP00000056739,ENSMUSG00000000194,Gpr107,LOCAL,44.69,0,1,1,1
ENSMUSP00000109188,ENSMUSG00000075415,Fnbp1,LOCAL,18.02,0.022,1,1,0
ENSMUSP00000028148,ENSMUSG00000009566,Fpgs,LOCAL,26.13,0,1,0,1
ENSMUSP00000116434,ENSMUSG00000009566,Fpgs,LOCAL,26.13,0,1,0,1
ENSMUSP00000002625,ENSMUSG00000002550,Uck1,LOCAL,22.82,0,1,1,1
ENSMUSP00000035734,ENSMUSG00000039262,Prrc2b,LOCAL,16.21,0.094,1,0,0
ENSMUSP00000052440,ENSMUSG00000026797,Stxbp1,LOCAL,37.49,0,1,1,1
ENSMUSP00000028135,ENSMUSG00000026796,Fam129b,LOCAL,52.09,0,1,1,0
ENSMUSP00000108825,ENSMUSG00000026792,Lrsam1,LOCAL,51.2,0,1,1,1
ENSMUSP00000037754,ENSMUSG00000035875,AI182371,LOCAL,18.68,0.011,1,1,1
ENSMUSP00000026243,ENSMUSG00000025220,Mgea5,DISTANT,16.8,0.058,1,0,0
ENSMUSP00000059977,ENSMUSG00000047250,Ptgs1,LOCAL,19.85,0.003,1,1,0
ENSMUSP00000028225,ENSMUSG00000026869,Psmd5,LOCAL,25.84,0,1,1,0
ENSMUSP00000049723,ENSMUSG00000026749,Nek6,LOCAL,17.67,0.029,1,0,1
ENSMUSP00000040134,ENSMUSG00000006423,C330007P06Rik,DISTANT,19.77,0.004,1,0,0
ENSMUSP00000108691,ENSMUSG00000026870,Cutal,LOCAL,17.05,0.047,1,0,1
ENSMUSP00000121042,ENSMUSG00000074247,Dda1,DISTANT,16.3,0.086,1,0,0
ENSMUSP00000028233,ENSMUSG00000026874,Hc,LOCAL,61.6,0,1,1,1
ENSMUSP00000028239,ENSMUSG00000026879,Gsn,LOCAL,62.82,0,1,1,0
ENSMUSP00000028241,ENSMUSG00000026880,Stom,LOCAL,38.31,0,1,1,1
ENSMUSP00000065352,ENSMUSG00000026895,Ndufa8,LOCAL,16.27,0.089,1,1,0
ENSMUSP00000028250,ENSMUSG00000026887,Mrrf,LOCAL,39.93,0,1,1,1
ENSMUSP00000099864,ENSMUSG00000026867,Gapvd1,LOCAL,17.72,0.027,1,1,0
ENSMUSP00000001027,ENSMUSG00000063558,Aox1,DISTANT,18.81,0.009,1,0,0
ENSMUSP00000099820,ENSMUSG00000055371,Stam2,LOCAL,18.87,0.009,1,0,0
ENSMUSP00000038763,ENSMUSG00000041650,Pcca,DISTANT,18.33,0.016,1,0,0
ENSMUSP00000002403,ENSMUSG00000002332,Dhrs1,DISTANT,16.51,0.075,1,0,0
ENSMUSP00000022148,ENSMUSG00000021646,Mccc2,DISTANT,19.12,0.007,1,0,0
ENSMUSP00000103703,ENSMUSG00000028433,Ubap2,DISTANT,18.68,0.011,1,0,0
ENSMUSP00000041756,ENSMUSG00000036093,Arl5a,LOCAL,46.6,0,1,1,0
ENSMUSP00000088472,ENSMUSG00000036053,Fmnl2,LOCAL,40.49,0,1,1,1
ENSMUSP00000112908,ENSMUSG00000031969,Acad8,DISTANT,19.42,0.005,1,0,0
ENSMUSP00000044769,ENSMUSG00000038160,Atg5,DISTANT,16.93,0.052,1,0,0
ENSMUSP00000032808,ENSMUSG00000030587,2200002D01Rik,DISTANT,18.22,0.018,1,0,0
ENSMUSP00000073975,ENSMUSG00000024975,Pdcd4,DISTANT,16.14,0.097,1,0,0
ENSMUSP00000130992,ENSMUSG00000026827,Gpd2,LOCAL,32.57,0,1,1,1
ENSMUSP00000001566,ENSMUSG00000001525,Tubb5,DISTANT,18.02,0.022,1,0,0
ENSMUSP00000108187,ENSMUSG00000035168,Tanc1,LOCAL,19.09,0.007,1,0,0
ENSMUSP00000095197,ENSMUSG00000024493,Lars,DISTANT,18.35,0.016,1,0,0
ENSMUSP00000028257,ENSMUSG00000026893,Gca,LOCAL,34.06,0,1,1,1
ENSMUSP00000028259,ENSMUSG00000026896,Ifih1,LOCAL,18.28,0.017,1,0,0
ENSMUSP00000099776,ENSMUSG00000027030,Stk39,LOCAL,21.82,0,1,1,0
ENSMUSP00000028426,ENSMUSG00000027035,Cers6,LOCAL,36.34,0,1,1,1
ENSMUSP00000036923,ENSMUSG00000034738,Nostrin,LOCAL,23.24,0,1,1,0
ENSMUSP00000099771,ENSMUSG00000027048,Abcb11,LOCAL,24.64,0,1,1,1
ENSMUSP00000072896,ENSMUSG00000027086,Fastkd1,LOCAL,25.98,0,1,1,0
ENSMUSP00000006669,ENSMUSG00000006494,Pdk1,LOCAL,21.61,0.001,1,1,0
ENSMUSP00000112739,ENSMUSG00000019539,Rcn3,DISTANT,16.94,0.052,1,0,0
ENSMUSP00000048190,ENSMUSG00000041921,Metap1d,LOCAL,69.05,0,1,1,1
ENSMUSP00000122103,ENSMUSG00000027010,Slc25a12,LOCAL,26.97,0,1,1,1
ENSMUSP00000107770,ENSMUSG00000027012,Dync1i2,LOCAL,17.17,0.043,1,0,0
ENSMUSP00000107729,ENSMUSG00000027111,Itga6,LOCAL,24.1,0,1,1,0
ENSMUSP00000047410,ENSMUSG00000040158,Tax1bp3,DISTANT,23.07,0,1,0,0
ENSMUSP00000075788,ENSMUSG00000041762,Gpr155,LOCAL,30.21,0,1,1,0
ENSMUSP00000049834,ENSMUSG00000041777,Cir1,LOCAL,47.07,0,1,1,0
ENSMUSP00000088320,ENSMUSG00000008226,Scrn3,LOCAL,42.59,0,1,1,1
ENSMUSP00000031190,ENSMUSG00000029265,Dr1,DISTANT,17.56,0.031,1,0,0
ENSMUSP00000135457,ENSMUSG00000042410,Agps,LOCAL,18.23,0.017,1,1,1
ENSMUSP00000002809,ENSMUSG00000002732,Fkbp7,LOCAL,18.04,0.021,1,1,0
ENSMUSP00000052945,ENSMUSG00000044033,Ccdc141,LOCAL,31.72,0,1,1,1
ENSMUSP00000109104,ENSMUSG00000032946,Rasgrp2,DISTANT,16.21,0.093,1,0,0
ENSMUSP00000099702,ENSMUSG00000027078,Ube2l6,LOCAL,58.91,0,1,1,1
ENSMUSP00000080301,ENSMUSG00000027091,Zc3h15,LOCAL,25.84,0,1,1,0
ENSMUSP00000064947,ENSMUSG00000027014,Cwc22,LOCAL,75.18,0,1,1,1
ENSMUSP00000028392,ENSMUSG00000027006,Dnajc10,LOCAL,46.14,0,1,1,1
ENSMUSP00000048198,ENSMUSG00000034075,Zdhhc5,LOCAL,21.86,0,1,0,0
ENSMUSP00000003860,ENSMUSG00000003762,Adck4,DISTANT,16.61,0.068,1,0,0
ENSMUSP00000107232,ENSMUSG00000033955,Tnks1bp1,LOCAL,25.61,0,1,1,1
ENSMUSP00000072732,ENSMUSG00000015149,Sirt2,DISTANT,16.49,0.076,1,0,0
ENSMUSP00000028499,ENSMUSG00000027087,Itgav,LOCAL,36.26,0,1,1,0
ENSMUSP00000044502,ENSMUSG00000040659,Efhd2,DISTANT,18.77,0.01,1,0,0
ENSMUSP00000073875,ENSMUSG00000059588,Calcrl,LOCAL,24.35,0,1,1,0
ENSMUSP00000108767,ENSMUSG00000090165,Ugt1a10,DISTANT,17.68,0.028,1,0,0
ENSMUSP00000076971,ENSMUSG00000027067,Ssrp1,LOCAL,22.44,0,1,1,1
ENSMUSP00000002172,ENSMUSG00000002103,Acp2,LOCAL,19.23,0.006,1,1,0
ENSMUSP00000005647,ENSMUSG00000005510,Ndufs3,LOCAL,19.57,0.005,1,0,0
ENSMUSP00000121851,ENSMUSG00000027282,Mtch2,LOCAL,19.82,0.003,1,1,0
ENSMUSP00000000505,ENSMUSG00000029730,Mcm7,DISTANT,19.01,0.007,1,0,0
ENSMUSP00000013759,ENSMUSG00000008200,Fnbp4,LOCAL,17.16,0.044,1,0,0
ENSMUSP00000106988,ENSMUSG00000002108,Nr1h3,LOCAL,23.97,0,1,1,0
ENSMUSP00000002809,ENSMUSG00000002732,Fkbp7,DISTANT,18.16,0.019,1,0,0
ENSMUSP00000106961,ENSMUSG00000027247,Arhgap1,LOCAL,16.32,0.086,1,1,0
ENSMUSP00000004949,ENSMUSG00000027164,Traf6,LOCAL,20.34,0.002,1,1,0
ENSMUSP00000132065,ENSMUSG00000062038,Gm10108,DISTANT,26.66,0,1,1,0
ENSMUSP00000038721,ENSMUSG00000040174,Alkbh3,LOCAL,24.88,0,1,1,1
ENSMUSP00000027173,ENSMUSG00000026019,Wdr12,DISTANT,17.45,0.034,1,0,0
ENSMUSP00000019354,ENSMUSG00000019210,Atp6v1e1,DISTANT,16.32,0.086,1,0,0
ENSMUSP00000063461,ENSMUSG00000049922,Slc35c1,LOCAL,19.47,0.005,1,1,0
ENSMUSP00000097287,ENSMUSG00000027215,Cd82,LOCAL,20.83,0.001,1,1,0
ENSMUSP00000028619,ENSMUSG00000027195,Hsd17b12,LOCAL,46.76,0,1,1,0
ENSMUSP00000079100,ENSMUSG00000005089,Slc1a2,LOCAL,21.13,0.001,1,0,1
ENSMUSP00000028584,ENSMUSG00000027163,Commd9,LOCAL,27.32,0,1,0,0
ENSMUSP00000075566,ENSMUSG00000032724,Abtb2,LOCAL,19.98,0.003,1,0,1
ENSMUSP00000028608,ENSMUSG00000027185,Nat10,LOCAL,23.12,0,1,0,0
ENSMUSP00000011058,ENSMUSG00000010914,Pdhx,LOCAL,20.22,0.002,1,1,0
ENSMUSP00000063340,ENSMUSG00000055312,0610012H03Rik,LOCAL,59.59,0,1,1,1
ENSMUSP00000128961,ENSMUSG00000033335,Dnm2,DISTANT,16.59,0.069,1,0,0
ENSMUSP00000080337,ENSMUSG00000057234,Mettl15,LOCAL,17.35,0.038,1,1,0
ENSMUSP00000028583,ENSMUSG00000027162,Lin7c,LOCAL,17.09,0.045,1,0,0
ENSMUSP00000046302,ENSMUSG00000041660,Bbox1,LOCAL,18.43,0.015,1,0,1
ENSMUSP00000003705,ENSMUSG00000003604,Aven,LOCAL,16.43,0.079,1,0,0
ENSMUSP00000020608,ENSMUSG00000020349,Ppp2ca,DISTANT,17.04,0.048,1,0,0
ENSMUSP00000099602,ENSMUSG00000040383,Aqr,LOCAL,27,0,1,0,0
ENSMUSP00000028807,ENSMUSG00000027332,Ivd,LOCAL,28.34,0,1,1,1
ENSMUSP00000126850,ENSMUSG00000058799,Nap1l1,DISTANT,18.65,0.011,1,0,0
ENSMUSP00000005233,ENSMUSG00000005102,Eif2ak4,LOCAL,18.9,0.008,1,1,0
ENSMUSP00000087500,ENSMUSG00000033808,Tmem87a,LOCAL,18.94,0.008,1,1,0
ENSMUSP00000023820,ENSMUSG00000023057,Fabp2,DISTANT,16.35,0.084,1,0,0
ENSMUSP00000092283,ENSMUSG00000070730,Rmdn3,LOCAL,25.03,0,1,0,1
ENSMUSP00000080159,ENSMUSG00000035929,H2-Q4,DISTANT,25.64,0,1,0,0
ENSMUSP00000014221,ENSMUSG00000014077,Chp1,LOCAL,51.32,0,1,1,0
ENSMUSP00000106420,ENSMUSG00000034032,Rpap1,LOCAL,19.36,0.005,1,1,1
ENSMUSP00000028728,ENSMUSG00000027272,Ubr1,LOCAL,18.34,0.016,1,0,1
ENSMUSP00000004381,ENSMUSG00000004270,Lpcat3,DISTANT,17.42,0.035,1,0,0
ENSMUSP00000099534,ENSMUSG00000060802,B2m,LOCAL,16.73,0.062,1,1,0
ENSMUSP00000060730,ENSMUSG00000057147,Dph6,LOCAL,31.03,0,1,1,0
ENSMUSP00000028755,ENSMUSG00000027293,Ehd4,LOCAL,24.28,0,1,1,1
ENSMUSP00000116898,ENSMUSG00000062646,Ganc,LOCAL,49.01,0,1,1,1
ENSMUSP00000037543,ENSMUSG00000033396,Spg11,LOCAL,37.59,0,1,1,0
ENSMUSP00000005953,ENSMUSG00000005803,Sqrdl,LOCAL,26.56,0,1,1,0
ENSMUSP00000028702,ENSMUSG00000027259,Adal,LOCAL,33.76,0,1,1,1
ENSMUSP00000049548,ENSMUSG00000048222,Mfap1b,LOCAL,28.33,0,1,1,0
ENSMUSP00000054421,ENSMUSG00000043424,Eif3j2,DISTANT,30.89,0,1,0,0
ENSMUSP00000106180,ENSMUSG00000027227,Sord,LOCAL,39.53,0,1,1,1
ENSMUSP00000028624,ENSMUSG00000027199,Gatm,LOCAL,33.59,0,1,1,1
ENSMUSP00000099559,ENSMUSG00000027291,Vps39,LOCAL,28.36,0,1,0,0
ENSMUSP00000005954,ENSMUSG00000005804,Bloc1s6,LOCAL,48.64,0,1,1,0
ENSMUSP00000080767,ENSMUSG00000027203,Dut,LOCAL,21.01,0.001,1,1,1
ENSMUSP00000123088,ENSMUSG00000027201,Myef2,LOCAL,23.14,0,1,1,1
ENSMUSP00000055743,ENSMUSG00000044986,Tst,DISTANT,18.82,0.009,1,0,0
ENSMUSP00000028844,ENSMUSG00000027366,Sppl2a,LOCAL,28.6,0,1,0,0
ENSMUSP00000087208,ENSMUSG00000068394,Cep152,LOCAL,58.61,0,1,1,0
ENSMUSP00000092186,ENSMUSG00000027207,Galk2,LOCAL,44.01,0,1,1,1
ENSMUSP00000002063,ENSMUSG00000001998,Ap4e1,LOCAL,30.64,0,1,1,0
ENSMUSP00000064158,ENSMUSG00000053604,Rpia,DISTANT,28.08,0,1,1,0
ENSMUSP00000003759,ENSMUSG00000003662,Ciao1,LOCAL,18.06,0.021,1,1,0
ENSMUSP00000014505,ENSMUSG00000014361,Mertk,LOCAL,18.51,0.013,1,0,1
ENSMUSP00000099494,ENSMUSG00000027395,Polr1b,LOCAL,36.96,0,1,1,0
ENSMUSP00000028892,ENSMUSG00000027406,Idh3b,LOCAL,25.23,0,1,1,0
ENSMUSP00000105891,ENSMUSG00000079043,Fastkd5,LOCAL,17.83,0.024,1,1,1
ENSMUSP00000038339,ENSMUSG00000037523,Mavs,LOCAL,19.5,0.005,1,0,0
ENSMUSP00000105793,ENSMUSG00000027341,Tmem230,LOCAL,44.35,0,1,1,0
ENSMUSP00000117256,ENSMUSG00000025451,Paip1,DISTANT,18.55,0.013,1,0,0
ENSMUSP00000099470,ENSMUSG00000058793,Cds2,LOCAL,18.11,0.02,1,1,1
ENSMUSP00000078138,ENSMUSG00000091705,H2-Q2,DISTANT,19.78,0.004,1,0,0
ENSMUSP00000044687,ENSMUSG00000037376,Trmt6,LOCAL,56.06,0,1,1,1
ENSMUSP00000088833,ENSMUSG00000079037,Prnp,LOCAL,18.12,0.02,1,1,0
ENSMUSP00000035325,ENSMUSG00000027384,Ndufaf5,LOCAL,48.26,0,1,1,0
ENSMUSP00000042551,ENSMUSG00000038844,Kif16b,LOCAL,16.63,0.067,1,1,0
ENSMUSP00000099461,ENSMUSG00000015932,Dstn,LOCAL,20.37,0.002,1,1,0
ENSMUSP00000028915,ENSMUSG00000027428,Rbbp9,LOCAL,48,0,1,1,1
ENSMUSP00000098352,ENSMUSG00000040242,Fgfr1op2,DISTANT,18.26,0.017,1,0,0
ENSMUSP00000020208,ENSMUSG00000020021,Fgd6,DISTANT,17.29,0.04,1,0,0
ENSMUSP00000105627,ENSMUSG00000002728,Naa20,LOCAL,19.35,0.005,1,1,0
ENSMUSP00000105613,ENSMUSG00000037110,Ralgapa2,LOCAL,23.02,0,1,1,0
ENSMUSP00000001818,ENSMUSG00000001767,Crnkl1,LOCAL,24.78,0,1,1,0
ENSMUSP00000028928,ENSMUSG00000027439,Gzf1,LOCAL,31.45,0,1,1,0
ENSMUSP00000028938,ENSMUSG00000027447,Cst3,LOCAL,64.4,0,1,1,1
ENSMUSP00000040840,ENSMUSG00000033096,Apmap,LOCAL,40.57,0,1,1,1
ENSMUSP00000094869,ENSMUSG00000043346,Gm6741,DISTANT,40.79,0,1,1,0
ENSMUSP00000041184,ENSMUSG00000032869,Psmf1,LOCAL,62.81,0,1,1,1
ENSMUSP00000007803,ENSMUSG00000007659,Bcl2l1,LOCAL,24.04,0,1,1,1
ENSMUSP00000053122,ENSMUSG00000046020,Pofut1,LOCAL,20.83,0.001,1,1,1
ENSMUSP00000086422,ENSMUSG00000068040,Tm9sf4,LOCAL,17.76,0.025,1,1,0
ENSMUSP00000125623,ENSMUSG00000018199,Trove2,DISTANT,17.58,0.031,1,0,0
ENSMUSP00000071752,ENSMUSG00000056941,Commd7,LOCAL,17.3,0.04,1,1,0
ENSMUSP00000136493,ENSMUSG00000093904,Tomm20,DISTANT,39.04,0,1,1,0
ENSMUSP00000096829,ENSMUSG00000074698,Csnk2a1,LOCAL,21.01,0.001,1,0,0
ENSMUSP00000000896,ENSMUSG00000000876,Pxmp4,LOCAL,31.55,0,1,0,0
ENSMUSP00000105350,ENSMUSG00000027488,Snta1,LOCAL,27.73,0,1,1,0
ENSMUSP00000061851,ENSMUSG00000027597,Ahcy,LOCAL,78.67,0,1,1,0
ENSMUSP00000112090,ENSMUSG00000027593,Raly,LOCAL,20.5,0.002,1,1,0
ENSMUSP00000126236,ENSMUSG00000038383,Pigu,LOCAL,39.15,0,1,1,1
ENSMUSP00000090672,ENSMUSG00000074652,Myh7b,LOCAL,54.79,0,1,1,0
ENSMUSP00000105264,ENSMUSG00000005882,Uqcc1,LOCAL,29.72,0,1,1,0
ENSMUSP00000099426,ENSMUSG00000027624,Epb4.1l1,LOCAL,19.91,0.003,1,0,0
ENSMUSP00000029128,ENSMUSG00000027602,Map1lc3a,LOCAL,20.41,0.002,1,1,0
ENSMUSP00000029147,ENSMUSG00000027618,Nfs1,LOCAL,23.41,0,1,0,0
ENSMUSP00000105082,ENSMUSG00000027412,Lpin3,LOCAL,18.56,0.013,1,1,0
ENSMUSP00000029142,ENSMUSG00000027613,Eif6,LOCAL,19.99,0.003,1,1,0
ENSMUSP00000041202,ENSMUSG00000038312,Edem2,LOCAL,17.04,0.047,1,0,0
ENSMUSP00000112081,ENSMUSG00000027642,Rpn2,LOCAL,46.25,0,1,1,0
ENSMUSP00000079965,ENSMUSG00000063019,Manbal,LOCAL,30.67,0,1,1,1
ENSMUSP00000072144,ENSMUSG00000027634,Ndrg3,LOCAL,40.91,0,1,1,1
ENSMUSP00000029178,ENSMUSG00000027649,Ctnnbl1,LOCAL,27.32,0,1,1,0
ENSMUSP00000113718,ENSMUSG00000012519,Mlkl,DISTANT,16.13,0.099,1,0,0
ENSMUSP00000099945,ENSMUSG00000020120,Plek,DISTANT,16.13,0.098,1,0,0
ENSMUSP00000095169,ENSMUSG00000026421,Csrp1,DISTANT,20.19,0.002,1,0,0
ENSMUSP00000015484,ENSMUSG00000015340,Cybb,DISTANT,16.24,0.092,1,0,0
ENSMUSP00000105236,ENSMUSG00000074643,Cpne1,LOCAL,18.09,0.02,1,0,1
ENSMUSP00000099404,ENSMUSG00000016933,Plcg1,LOCAL,38.53,0,1,1,1
ENSMUSP00000038924,ENSMUSG00000039048,Foxred1,DISTANT,16.83,0.056,1,0,0
ENSMUSP00000115772,ENSMUSG00000062169,Cnih4,DISTANT,20.15,0.002,1,0,0
ENSMUSP00000099400,ENSMUSG00000035877,Zhx3,LOCAL,38.92,0,1,1,0
ENSMUSP00000002790,ENSMUSG00000002718,Cse1l,LOCAL,17.22,0.042,1,0,0
ENSMUSP00000063839,ENSMUSG00000054693,Adam10,DISTANT,16.84,0.056,1,0,0
ENSMUSP00000018470,ENSMUSG00000018326,Ywhab,LOCAL,18.69,0.011,1,0,0
ENSMUSP00000060225,ENSMUSG00000032733,Snx33,DISTANT,17.55,0.032,1,0,0
ENSMUSP00000099383,ENSMUSG00000017307,Acot8,LOCAL,21.44,0.001,1,0,0
ENSMUSP00000017851,ENSMUSG00000017707,Serinc3,LOCAL,59.22,0,1,1,0
ENSMUSP00000017841,ENSMUSG00000017697,Ada,LOCAL,26.27,0,1,1,1
ENSMUSP00000105010,ENSMUSG00000018322,Tomm34,LOCAL,25.04,0,1,1,1
ENSMUSP00000017153,ENSMUSG00000017009,Sdc4,LOCAL,28.99,0,1,0,0
ENSMUSP00000099390,ENSMUSG00000017721,Pigt,LOCAL,29.25,0,1,1,1
ENSMUSP00000099382,ENSMUSG00000017760,Ctsa,LOCAL,22.75,0,1,1,0
ENSMUSP00000104830,ENSMUSG00000078923,Ube2v1,LOCAL,19,0.007,1,0,0
ENSMUSP00000045141,ENSMUSG00000039725,2810408M09Rik,LOCAL,31.71,0,1,1,0
ENSMUSP00000064255,ENSMUSG00000054385,Ceacam2,DISTANT,16.38,0.083,1,0,0
ENSMUSP00000096677,ENSMUSG00000074582,Arfgef2,LOCAL,19.58,0.004,1,1,0
ENSMUSP00000104858,ENSMUSG00000039536,Stau1,LOCAL,23.78,0,1,0,0
ENSMUSP00000018113,ENSMUSG00000017969,Ptgis,LOCAL,22.85,0,1,1,0
ENSMUSP00000104837,ENSMUSG00000006418,Rnf114,LOCAL,28.54,0,1,1,1
ENSMUSP00000044185,ENSMUSG00000039463,Slc9a8,LOCAL,25.2,0,1,0,0
ENSMUSP00000104804,ENSMUSG00000027546,Atp9a,LOCAL,41.17,0,1,1,1
ENSMUSP00000060912,ENSMUSG00000034450,Gulo,DISTANT,16.25,0.091,1,0,0
ENSMUSP00000053616,ENSMUSG00000035824,Tk2,DISTANT,17.69,0.028,1,0,0
ENSMUSP00000064153,ENSMUSG00000052395,Rft1,DISTANT,16.59,0.07,1,0,0
ENSMUSP00000070596,ENSMUSG00000052033,Pfdn4,LOCAL,22.76,0,1,1,0
ENSMUSP00000112076,ENSMUSG00000027498,Cstf1,LOCAL,34.49,0,1,1,0
ENSMUSP00000028995,ENSMUSG00000027495,Fam210b,LOCAL,26.06,0,1,1,1
ENSMUSP00000029005,ENSMUSG00000027502,Rtfdc1,LOCAL,48.2,0,1,1,1
ENSMUSP00000029013,ENSMUSG00000027509,Rae1,LOCAL,29.94,0,1,1,0
ENSMUSP00000029024,ENSMUSG00000027519,Rab22a,LOCAL,30.86,0,1,1,1
ENSMUSP00000016400,ENSMUSG00000016256,Ctsz,LOCAL,27.03,0,1,1,1
ENSMUSP00000031377,ENSMUSG00000029426,Scarb2,DISTANT,21.76,0.001,1,0,0
ENSMUSP00000043618,ENSMUSG00000040446,Rprd1a,DISTANT,16.49,0.076,1,0,0
ENSMUSP00000118917,ENSMUSG00000039117,Taf4a,LOCAL,19.78,0.004,1,0,0
ENSMUSP00000096592,ENSMUSG00000074516,Gm10709,DISTANT,18.81,0.009,1,0,0
ENSMUSP00000001416,ENSMUSG00000001380,Hars,DISTANT,16.2,0.094,1,0,0
ENSMUSP00000044827,ENSMUSG00000040463,Mybbp1a,DISTANT,19.11,0.007,1,0,0
ENSMUSP00000015791,ENSMUSG00000015647,Lama5,LOCAL,44.92,0,1,1,0
ENSMUSP00000108300,ENSMUSG00000024044,Epb4.1l3,DISTANT,16.75,0.06,1,0,0
ENSMUSP00000046538,ENSMUSG00000039050,Osbpl2,LOCAL,23.75,0,1,0,0
ENSMUSP00000084794,ENSMUSG00000038914,Dido1,LOCAL,47.43,0,1,1,0
ENSMUSP00000036924,ENSMUSG00000033712,Ccar2,DISTANT,19.87,0.003,1,0,0
ENSMUSP00000029090,ENSMUSG00000027573,Gid8,LOCAL,45.79,0,1,1,0
ENSMUSP00000003017,ENSMUSG00000029925,Tbxas1,DISTANT,16.48,0.076,1,0,0
ENSMUSP00000043519,ENSMUSG00000039356,Exosc2,DISTANT,17.09,0.045,1,0,0
ENSMUSP00000026173,ENSMUSG00000025173,Wdr45b,DISTANT,17.6,0.031,1,0,0
ENSMUSP00000027444,ENSMUSG00000026239,Pde6d,DISTANT,16.82,0.056,1,0,0
ENSMUSP00000112830,ENSMUSG00000027506,Tpd52,LOCAL,43.58,0,1,1,1
ENSMUSP00000077808,ENSMUSG00000058921,Slc10a5,LOCAL,48.17,0,1,1,1
ENSMUSP00000037459,ENSMUSG00000039795,Zfand1,LOCAL,49.62,0,1,1,0
ENSMUSP00000068174,ENSMUSG00000027531,Impa1,LOCAL,44.17,0,1,1,1
ENSMUSP00000029041,ENSMUSG00000062515,Fabp4,LOCAL,36.58,0,1,1,1
ENSMUSP00000112688,ENSMUSG00000047735,Samd9l,DISTANT,18.54,0.013,1,0,0
ENSMUSP00000029078,ENSMUSG00000027562,Car2,LOCAL,35.84,0,1,1,0
ENSMUSP00000029076,ENSMUSG00000027559,Car3,LOCAL,24.7,0,1,1,1
ENSMUSP00000137926,ENSMUSG00000027556,Car1,LOCAL,46.55,0,1,1,1
ENSMUSP00000027581,ENSMUSG00000026343,Gpr39,DISTANT,16.25,0.091,1,0,0
ENSMUSP00000037487,ENSMUSG00000039519,Cyp7b1,LOCAL,37.74,0,1,1,1
ENSMUSP00000002502,ENSMUSG00000002428,Hltf,LOCAL,16.88,0.054,1,0,1
ENSMUSP00000034204,ENSMUSG00000031754,Nudt21,DISTANT,27.26,0,1,1,0
ENSMUSP00000103884,ENSMUSG00000037643,Prkci,LOCAL,17.84,0.024,1,1,0
ENSMUSP00000029214,ENSMUSG00000027671,Actl6a,LOCAL,19.08,0.007,1,0,0
ENSMUSP00000048078,ENSMUSG00000037531,Mrpl47,LOCAL,19.07,0.007,1,0,1
ENSMUSP00000001620,ENSMUSG00000027680,Fxr1,LOCAL,16.63,0.067,1,0,0
ENSMUSP00000026062,ENSMUSG00000025076,Casp7,DISTANT,16.37,0.083,1,0,0
ENSMUSP00000103830,ENSMUSG00000027679,Dnajc19,LOCAL,30.18,0,1,0,1
ENSMUSP00000029266,ENSMUSG00000027712,Anxa5,LOCAL,24.72,0,1,1,0
ENSMUSP00000011492,ENSMUSG00000027710,Acad9,LOCAL,16.94,0.052,1,0,1
ENSMUSP00000029269,ENSMUSG00000027714,Exosc9,LOCAL,20.71,0.001,1,1,1
ENSMUSP00000103817,ENSMUSG00000027708,Dcun1d1,LOCAL,17.46,0.034,1,1,0
ENSMUSP00000029259,ENSMUSG00000027709,Mccc1,LOCAL,25.29,0,1,1,1
ENSMUSP00000029257,ENSMUSG00000037400,Atp11b,LOCAL,16.51,0.075,1,1,0
ENSMUSP00000096733,ENSMUSG00000050174,Nudt6,LOCAL,36.03,0,1,1,1
ENSMUSP00000103712,ENSMUSG00000037818,3110057O12Rik,LOCAL,37.71,0,1,1,1
ENSMUSP00000108075,ENSMUSG00000040990,Sh3kbp1,DISTANT,17.52,0.032,1,0,0
ENSMUSP00000037127,ENSMUSG00000037814,Larp1b,LOCAL,31.19,0,1,1,0
ENSMUSP00000119049,ENSMUSG00000025766,D3Ertd751e,LOCAL,29.43,0,1,1,1
ENSMUSP00000083300,ENSMUSG00000026589,Sec16b,DISTANT,16.7,0.063,1,0,0
ENSMUSP00000103703,ENSMUSG00000028433,Ubap2,DISTANT,17.18,0.043,1,0,0
ENSMUSP00000073175,ENSMUSG00000060938,Rpl26,DISTANT,16.28,0.089,1,0,0
ENSMUSP00000059382,ENSMUSG00000031885,Cbfb,DISTANT,16.23,0.093,1,0,0
ENSMUSP00000005003,ENSMUSG00000004880,Lbr,DISTANT,18.67,0.011,1,0,0
ENSMUSP00000023849,ENSMUSG00000023087,Ccrn4l,LOCAL,25.46,0,1,1,0
ENSMUSP00000030547,ENSMUSG00000028763,Hspg2,DISTANT,16.84,0.056,1,0,0
ENSMUSP00000034945,ENSMUSG00000032381,Fam96a,DISTANT,20.8,0.001,1,0,0
ENSMUSP00000039604,ENSMUSG00000041241,Mul1,DISTANT,16.64,0.067,1,0,0
ENSMUSP00000110241,ENSMUSG00000036591,Arhgap21,DISTANT,16.8,0.058,1,0,0
ENSMUSP00000112635,ENSMUSG00000076437,2700094K13Rik,DISTANT,17.32,0.039,1,0,0
ENSMUSP00000032736,ENSMUSG00000030522,Mtmr10,DISTANT,19.23,0.006,1,0,0
ENSMUSP00000108987,ENSMUSG00000036707,Cab39,DISTANT,17.74,0.026,1,0,0
ENSMUSP00000055295,ENSMUSG00000042997,Nhlrc3,LOCAL,60.6,0,1,1,0
ENSMUSP00000035879,ENSMUSG00000036632,Alg5,LOCAL,29.77,0,1,1,1
ENSMUSP00000103619,ENSMUSG00000027750,Postn,LOCAL,22.89,0,1,1,0
ENSMUSP00000042367,ENSMUSG00000036580,Spg20,LOCAL,20.71,0.001,1,1,1
ENSMUSP00000029377,ENSMUSG00000027801,Tm4sf4,LOCAL,36.63,0,1,1,1
ENSMUSP00000124819,ENSMUSG00000036513,Commd2,LOCAL,55.09,0,1,1,1
ENSMUSP00000103557,ENSMUSG00000075700,Selt,LOCAL,16.78,0.059,1,0,0
ENSMUSP00000068890,ENSMUSG00000027805,Pfn2,LOCAL,61.56,0,1,1,1
ENSMUSP00000049331,ENSMUSG00000036503,Rnf13,LOCAL,48.11,0,1,1,0
ENSMUSP00000029387,ENSMUSG00000027810,Eif2a,LOCAL,20.55,0.002,1,0,1
ENSMUSP00000018315,ENSMUSG00000018171,Vmp1,DISTANT,17.13,0.045,1,0,0
ENSMUSP00000029325,ENSMUSG00000027761,Aadac,LOCAL,56.95,0,1,1,1
ENSMUSP00000096686,ENSMUSG00000027763,Mbnl1,LOCAL,19.75,0.004,1,1,0
ENSMUSP00000058114,ENSMUSG00000048581,E130311K13Rik,LOCAL,48.45,0,1,1,1
ENSMUSP00000047693,ENSMUSG00000036834,Plch1,LOCAL,63.57,0,1,1,0
ENSMUSP00000029400,ENSMUSG00000027820,Mme,LOCAL,52.18,0,1,1,1
ENSMUSP00000029414,ENSMUSG00000027828,Ssr3,LOCAL,29.21,0,1,0,0
ENSMUSP00000076503,ENSMUSG00000027774,Gfm1,LOCAL,30.07,0,1,1,1
ENSMUSP00000029344,ENSMUSG00000027775,Mfsd1,LOCAL,40.56,0,1,1,0
ENSMUSP00000056728,ENSMUSG00000049404,Rarres1,LOCAL,37.62,0,1,1,1
ENSMUSP00000102015,ENSMUSG00000030727,Rabep2,DISTANT,16.54,0.073,1,0,0
ENSMUSP00000112394,ENSMUSG00000030452,Nipa2,DISTANT,16.97,0.05,1,0,0
ENSMUSP00000029355,ENSMUSG00000027784,Ppm1l,LOCAL,19.7,0.004,1,0,0
ENSMUSP00000133245,ENSMUSG00000021500,Ddx46,DISTANT,18.12,0.02,1,0,0
ENSMUSP00000102991,ENSMUSG00000030533,Unc45a,DISTANT,16.32,0.086,1,0,0
ENSMUSP00000090155,ENSMUSG00000020097,Sgpl1,DISTANT,16.66,0.066,1,0,0
ENSMUSP00000029367,ENSMUSG00000027792,Bche,LOCAL,33.61,0,1,1,1
ENSMUSP00000114006,ENSMUSG00000034109,Golim4,LOCAL,26.01,0,1,0,1
ENSMUSP00000019422,ENSMUSG00000019278,Dpep1,DISTANT,16.79,0.058,1,0,0
ENSMUSP00000096588,ENSMUSG00000074513,Arfip1,LOCAL,21.28,0.001,1,1,0
ENSMUSP00000122964,ENSMUSG00000074513,Arfip1,LOCAL,21.28,0.001,1,1,0
ENSMUSP00000103320,ENSMUSG00000027993,Trim2,LOCAL,36.14,0,1,1,1
ENSMUSP00000103261,ENSMUSG00000028080,Lrba,LOCAL,23.97,0,1,0,0
ENSMUSP00000119949,ENSMUSG00000028085,Pet112,LOCAL,38.65,0,1,1,0
ENSMUSP00000138320,ENSMUSG00000028082,Sh3d19,LOCAL,18.85,0.009,1,0,1
ENSMUSP00000102893,ENSMUSG00000068876,Cgn,LOCAL,20.34,0.002,1,0,1
ENSMUSP00000102894,ENSMUSG00000068876,Cgn,LOCAL,20.34,0.002,1,0,0
ENSMUSP00000039583,ENSMUSG00000041750,Cd1d2,LOCAL,61.67,0,1,1,1
ENSMUSP00000029708,ENSMUSG00000028070,Apoa1bp,LOCAL,17.7,0.027,1,0,0
ENSMUSP00000128887,ENSMUSG00000028064,Sema4a,LOCAL,53.56,0,1,1,1
ENSMUSP00000076589,ENSMUSG00000028048,Gba,LOCAL,47.64,0,1,1,0
ENSMUSP00000029699,ENSMUSG00000028063,Lmna,LOCAL,27.37,0,1,1,0
ENSMUSP00000008748,ENSMUSG00000008604,Ubqln4,LOCAL,43.26,0,1,1,0
ENSMUSP00000035417,ENSMUSG00000041237,Pklr,LOCAL,20.38,0.002,1,0,1
ENSMUSP00000029549,ENSMUSG00000027940,Tpm3,LOCAL,70.86,0,1,1,0
ENSMUSP00000113578,ENSMUSG00000027940,Tpm3,LOCAL,70.86,0,1,1,0
ENSMUSP00000070588,ENSMUSG00000027935,Rab13,LOCAL,45.33,0,1,1,1
ENSMUSP00000058237,ENSMUSG00000044080,S100a1,LOCAL,35.56,0,1,1,1
ENSMUSP00000001042,ENSMUSG00000001016,Ilf2,LOCAL,18.26,0.017,1,0,0
ENSMUSP00000102966,ENSMUSG00000001017,Chtop,LOCAL,31.14,0,1,1,0
ENSMUSP00000122090,ENSMUSG00000001018,Snapin,LOCAL,21.79,0,1,0,0
ENSMUSP00000029540,ENSMUSG00000027931,Npr1,LOCAL,20.9,0.001,1,0,0
ENSMUSP00000026987,ENSMUSG00000025869,Nop16,DISTANT,16.92,0.052,1,0,0
ENSMUSP00000047737,ENSMUSG00000042312,S100a13,LOCAL,46.48,0,1,1,1
ENSMUSP00000088358,ENSMUSG00000068877,Selenbp2,LOCAL,26.68,0,1,1,0
ENSMUSP00000029786,ENSMUSG00000028140,Mrpl9,LOCAL,35.44,0,1,1,0
ENSMUSP00000066990,ENSMUSG00000054312,Mrps21,LOCAL,20.69,0.001,1,1,0
ENSMUSP00000102789,ENSMUSG00000015697,Setdb1,LOCAL,56.54,0,1,1,0
ENSMUSP00000015855,ENSMUSG00000015711,Prune,LOCAL,27.13,0,1,1,0
ENSMUSP00000134799,ENSMUSG00000046519,Golph3l,LOCAL,22.91,0,1,1,0
ENSMUSP00000094513,ENSMUSG00000071660,Ttc9c,DISTANT,16.83,0.056,1,0,0
ENSMUSP00000015858,ENSMUSG00000015714,Cers2,LOCAL,42.52,0,1,1,1
ENSMUSP00000029752,ENSMUSG00000028107,Tars2,LOCAL,20.39,0.002,1,0,1
ENSMUSP00000029738,ENSMUSG00000028096,Gpr89,LOCAL,34.59,0,1,0,0
ENSMUSP00000045888,ENSMUSG00000036376,Abt1,DISTANT,16.42,0.081,1,0,0
ENSMUSP00000089300,ENSMUSG00000091383,Hist1h2al,DISTANT,59.36,0,1,1,0
ENSMUSP00000027357,ENSMUSG00000026171,Rnf25,DISTANT,17.58,0.031,1,0,0
ENSMUSP00000058936,ENSMUSG00000038298,Pdzk1,LOCAL,31.08,0,1,1,1
ENSMUSP00000051799,ENSMUSG00000038619,Ensa,LOCAL,20.12,0.003,1,0,0
ENSMUSP00000015877,ENSMUSG00000015733,Capza2,DISTANT,16.85,0.055,1,0,0
ENSMUSP00000029464,ENSMUSG00000027870,Hao2,LOCAL,19.51,0.005,1,0,0
ENSMUSP00000060613,ENSMUSG00000033285,Wdr3,LOCAL,25.97,0,1,0,0
ENSMUSP00000088246,ENSMUSG00000062410,Hsd3b3,LOCAL,34.11,0,1,1,1
ENSMUSP00000107458,ENSMUSG00000079262,Slco1a6,DISTANT,65.3,0,1,1,0
ENSMUSP00000099755,ENSMUSG00000027864,Ptgfrn,LOCAL,20.42,0.002,1,1,0
ENSMUSP00000088263,ENSMUSG00000028093,Acp6,LOCAL,17.68,0.028,1,1,1
ENSMUSP00000019118,ENSMUSG00000018974,Sart3,DISTANT,16.33,0.085,1,0,0
ENSMUSP00000008907,ENSMUSG00000008763,Man1a2,LOCAL,17.27,0.04,1,1,0
ENSMUSP00000124548,ENSMUSG00000041528,Rnf123,DISTANT,16.94,0.052,1,0,0
ENSMUSP00000039657,ENSMUSG00000033161,Atp1a1,LOCAL,26.45,0,1,1,0
ENSMUSP00000029445,ENSMUSG00000027852,Nras,LOCAL,25.7,0,1,1,0
ENSMUSP00000005830,ENSMUSG00000005687,Bcas2,LOCAL,30.48,0,1,1,0
ENSMUSP00000029447,ENSMUSG00000027854,Sike1,LOCAL,32.54,0,1,1,1
ENSMUSP00000029147,ENSMUSG00000027618,Nfs1,DISTANT,17.35,0.038,1,0,0
ENSMUSP00000027157,ENSMUSG00000026005,Rpe,DISTANT,16.26,0.09,1,0,0
ENSMUSP00000075904,ENSMUSG00000032952,Ap4b1,LOCAL,28.9,0,1,1,0
ENSMUSP00000102381,ENSMUSG00000070372,Capza1,LOCAL,44.39,0,1,1,0
ENSMUSP00000002303,ENSMUSG00000002233,Rhoc,LOCAL,60.53,0,1,1,1
ENSMUSP00000002297,ENSMUSG00000002227,Mov10,LOCAL,25.46,0,1,1,1
ENSMUSP00000023524,ENSMUSG00000022827,Rabl3,DISTANT,16.6,0.068,1,0,0
ENSMUSP00000113069,ENSMUSG00000027900,Dram2,LOCAL,47.07,0,1,1,1
ENSMUSP00000053923,ENSMUSG00000040809,Chi3l3,LOCAL,31.94,0,1,1,1
ENSMUSP00000113022,ENSMUSG00000000563,Atp5f1,LOCAL,23.09,0,1,0,0
ENSMUSP00000010278,ENSMUSG00000000561,Wdr77,LOCAL,30.03,0,1,1,0
ENSMUSP00000088176,ENSMUSG00000027905,Ddx20,LOCAL,20.89,0.001,1,1,0
ENSMUSP00000029508,ENSMUSG00000027901,Dennd2d,LOCAL,17.9,0.023,1,1,0
ENSMUSP00000076751,ENSMUSG00000062127,Cttnbp2nl,LOCAL,19.75,0.004,1,0,0
ENSMUSP00000087756,ENSMUSG00000018830,Myh11,DISTANT,16.5,0.076,1,0,0
ENSMUSP00000004137,ENSMUSG00000004035,Gstm7,LOCAL,76.32,0,1,1,1
ENSMUSP00000004134,ENSMUSG00000004032,Gstm5,LOCAL,49.04,0,1,1,1
ENSMUSP00000102289,ENSMUSG00000004038,Gstm3,LOCAL,51.64,0,1,1,1
ENSMUSP00000029489,ENSMUSG00000027890,Gstm4,LOCAL,35.75,0,1,1,1
ENSMUSP00000012348,ENSMUSG00000040562,Gstm2,LOCAL,44.39,0,1,1,1
ENSMUSP00000102296,ENSMUSG00000068762,Gstm6,LOCAL,36.2,0,1,1,1
ENSMUSP00000077946,ENSMUSG00000027889,Ampd2,LOCAL,27.56,0,1,0,1
ENSMUSP00000102220,ENSMUSG00000027884,Clcc1,LOCAL,23.37,0,1,1,1
ENSMUSP00000088035,ENSMUSG00000068732,Tmem167b,LOCAL,33.68,0,1,1,0
ENSMUSP00000088174,ENSMUSG00000068798,Rap1a,LOCAL,19.44,0.005,1,0,0
ENSMUSP00000043730,ENSMUSG00000033554,Dph5,LOCAL,47.51,0,1,1,1
ENSMUSP00000127284,ENSMUSG00000027957,Slc35a3,LOCAL,22.33,0,1,1,1
ENSMUSP00000029569,ENSMUSG00000027957,Slc35a3,LOCAL,22.33,0,1,1,0
ENSMUSP00000000348,ENSMUSG00000000339,Rtca,LOCAL,32.92,0,1,1,1
ENSMUSP00000124149,ENSMUSG00000033400,Agl,LOCAL,18.89,0.008,1,1,1
ENSMUSP00000029575,ENSMUSG00000027963,Extl2,LOCAL,18.33,0.016,1,1,0
ENSMUSP00000039487,ENSMUSG00000033386,Frrs1,LOCAL,59.88,0,1,1,0
ENSMUSP00000018744,ENSMUSG00000020534,Shmt1,DISTANT,17.59,0.031,1,0,0
ENSMUSP00000125553,ENSMUSG00000019883,Echdc1,DISTANT,17.33,0.038,1,0,0
ENSMUSP00000114896,ENSMUSG00000024457,Trim26,DISTANT,16.53,0.074,1,0,0
ENSMUSP00000029639,ENSMUSG00000028007,Snx7,LOCAL,50.88,0,1,1,1
ENSMUSP00000031288,ENSMUSG00000029345,Tfip11,DISTANT,17.64,0.029,1,0,0
ENSMUSP00000039429,ENSMUSG00000033308,Dpyd,LOCAL,44.67,0,1,1,1
ENSMUSP00000010267,ENSMUSG00000010122,Slc47a1,DISTANT,17.91,0.023,1,0,0
ENSMUSP00000040840,ENSMUSG00000033096,Apmap,DISTANT,16.2,0.094,1,0,0
ENSMUSP00000061991,ENSMUSG00000034055,Phka1,DISTANT,16.73,0.062,1,0,0
ENSMUSP00000022462,ENSMUSG00000021906,Oxnad1,DISTANT,16.76,0.06,1,0,0
ENSMUSP00000099542,ENSMUSG00000078515,Ddi2,DISTANT,16.19,0.094,1,0,0
ENSMUSP00000138257,ENSMUSG00000045659,Plekha7,DISTANT,17.96,0.022,1,0,0
ENSMUSP00000038387,ENSMUSG00000039887,Alg14,LOCAL,49.36,0,1,1,1
ENSMUSP00000029770,ENSMUSG00000028127,Abcd3,LOCAL,27.83,0,1,0,0
ENSMUSP00000029769,ENSMUSG00000028124,Gclm,LOCAL,43.18,0,1,1,1
ENSMUSP00000124439,ENSMUSG00000039735,Fnbp1l,LOCAL,22.4,0,1,0,1
ENSMUSP00000044624,ENSMUSG00000039831,Arhgap29,LOCAL,24.16,0,1,0,0
ENSMUSP00000033776,ENSMUSG00000031403,Dkc1,DISTANT,16.21,0.094,1,0,0
ENSMUSP00000122249,ENSMUSG00000006191,Cdkal1,DISTANT,16.64,0.067,1,0,0
ENSMUSP00000029588,ENSMUSG00000027968,Larp7,LOCAL,21.52,0.001,1,1,0
ENSMUSP00000059669,ENSMUSG00000074238,Ap1ar,LOCAL,33.54,0,1,1,1
ENSMUSP00000127700,ENSMUSG00000046688,Tifa,LOCAL,22.25,0,1,1,1
ENSMUSP00000029490,ENSMUSG00000027893,Ahcyl1,DISTANT,17.74,0.026,1,0,0
ENSMUSP00000024932,ENSMUSG00000024121,Atp6v0c,DISTANT,17.3,0.04,1,0,0
ENSMUSP00000043286,ENSMUSG00000036257,Pnpla8,DISTANT,16.59,0.069,1,0,0
ENSMUSP00000029658,ENSMUSG00000028024,Enpep,LOCAL,53.97,0,1,1,1
ENSMUSP00000112130,ENSMUSG00000017765,Slc12a4,DISTANT,18.67,0.011,1,0,0
ENSMUSP00000001079,ENSMUSG00000001052,Sec24b,LOCAL,34.25,0,1,0,1
ENSMUSP00000077074,ENSMUSG00000058952,Cfi,LOCAL,25.2,0,1,1,1
ENSMUSP00000129120,ENSMUSG00000019232,Etnppl,LOCAL,27,0,1,1,1
ENSMUSP00000029610,ENSMUSG00000027984,Hadh,LOCAL,16.28,0.089,1,0,0
ENSMUSP00000101944,ENSMUSG00000027983,Cyp2u1,LOCAL,33.33,0,1,1,1
ENSMUSP00000029666,ENSMUSG00000028032,Papss1,LOCAL,23.01,0,1,0,1
ENSMUSP00000029644,ENSMUSG00000028013,Ppa2,LOCAL,31.83,0,1,1,1
ENSMUSP00000129205,ENSMUSG00000028030,Tbck,LOCAL,46.73,0,1,1,0
ENSMUSP00000126832,ENSMUSG00000091721,Gm5549,LOCAL,30.97,0,1,1,1
ENSMUSP00000029815,ENSMUSG00000028165,Cisd2,LOCAL,29.72,0,1,1,0
ENSMUSP00000029814,ENSMUSG00000028164,Manba,LOCAL,80.21,0,1,1,1
ENSMUSP00000112683,ENSMUSG00000028167,Bdh2,LOCAL,39.51,0,1,1,1
ENSMUSP00000000349,ENSMUSG00000000340,Dbt,DISTANT,16.12,0.1,1,0,0
ENSMUSP00000096549,ENSMUSG00000040028,Elavl1,DISTANT,18.63,0.012,1,0,0
ENSMUSP00000004232,ENSMUSG00000074207,Adh1,LOCAL,19.53,0.005,1,1,1
ENSMUSP00000013458,ENSMUSG00000037797,Adh4,LOCAL,59.14,0,1,1,1
ENSMUSP00000087641,ENSMUSG00000074212,Dnajb14,LOCAL,25.21,0,1,1,0
ENSMUSP00000029938,ENSMUSG00000028271,Gtf2b,LOCAL,24.88,0,1,0,0
ENSMUSP00000101825,ENSMUSG00000040213,Ccbl2,LOCAL,19.91,0.003,1,1,0
ENSMUSP00000029941,ENSMUSG00000028273,Pdlim5,LOCAL,24.36,0,1,0,0
ENSMUSP00000101829,ENSMUSG00000028268,Gbp3,LOCAL,18.61,0.012,1,0,0
ENSMUSP00000029936,ENSMUSG00000028269,Gbp2b,LOCAL,20.42,0.002,1,1,1
ENSMUSP00000034904,ENSMUSG00000032349,Elovl5,DISTANT,16.57,0.07,1,0,0
ENSMUSP00000129800,ENSMUSG00000037062,Sh3glb1,LOCAL,30.89,0,1,0,0
ENSMUSP00000054526,ENSMUSG00000056025,Clca1,LOCAL,26.58,0,1,1,1
ENSMUSP00000043066,ENSMUSG00000040151,Hs2st1,LOCAL,33.19,0,1,1,0
ENSMUSP00000133124,ENSMUSG00000029028,Lrrc47,DISTANT,18.01,0.022,1,0,0
ENSMUSP00000078636,ENSMUSG00000073842,Mup7,DISTANT,18.06,0.021,1,0,0
ENSMUSP00000115582,ENSMUSG00000073842,Mup7,DISTANT,18.06,0.021,1,0,0
ENSMUSP00000059167,ENSMUSG00000028189,Ctbs,LOCAL,33.38,0,1,1,1
ENSMUSP00000029837,ENSMUSG00000028186,Uox,LOCAL,41.91,0,1,1,1
ENSMUSP00000111229,ENSMUSG00000024431,Nr3c1,DISTANT,18.45,0.014,1,0,0
ENSMUSP00000015829,ENSMUSG00000030861,Acadsb,DISTANT,16.48,0.077,1,0,0
ENSMUSP00000036149,ENSMUSG00000038302,Lace1,DISTANT,16.41,0.081,1,0,0
ENSMUSP00000128803,ENSMUSG00000090841,Myl6,DISTANT,17.79,0.025,1,0,0
ENSMUSP00000003907,ENSMUSG00000003809,Gcdh,DISTANT,17.52,0.033,1,0,0
ENSMUSP00000072509,ENSMUSG00000040560,Wdr7,DISTANT,16.81,0.057,1,0,0
ENSMUSP00000130492,ENSMUSG00000010376,Nedd8,DISTANT,16.35,0.084,1,0,0
ENSMUSP00000101734,ENSMUSG00000028184,Lphn2,LOCAL,18.98,0.007,1,0,0
ENSMUSP00000047376,ENSMUSG00000044005,Gls2,DISTANT,16.4,0.081,1,0,0
ENSMUSP00000099950,ENSMUSG00000009614,Sardh,DISTANT,16.49,0.076,1,0,0
ENSMUSP00000071231,ENSMUSG00000021069,Pygl,DISTANT,17.04,0.048,1,0,0
ENSMUSP00000123189,ENSMUSG00000068663,Clec16a,DISTANT,17.32,0.039,1,0,0
ENSMUSP00000040307,ENSMUSG00000028284,Map3k7,DISTANT,16.64,0.067,1,0,0
ENSMUSP00000046540,ENSMUSG00000034826,Nup54,DISTANT,16.17,0.096,1,0,0
ENSMUSP00000099650,ENSMUSG00000003731,Kpna6,DISTANT,16.62,0.067,1,0,0
ENSMUSP00000026507,ENSMUSG00000025437,Usp33,LOCAL,49.05,0,1,1,0
ENSMUSP00000123772,ENSMUSG00000039047,Pigk,LOCAL,40.97,0,1,0,0
ENSMUSP00000029850,ENSMUSG00000028199,Cryz,LOCAL,23.22,0,1,1,0
ENSMUSP00000069456,ENSMUSG00000055546,Timd4,DISTANT,17.37,0.037,1,0,0
ENSMUSP00000113672,ENSMUSG00000028179,Cth,LOCAL,17.48,0.034,1,0,0
ENSMUSP00000071658,ENSMUSG00000063171,Rps4y2,DISTANT,17.13,0.045,1,0,0
ENSMUSP00000029891,ENSMUSG00000028232,Tmem68,LOCAL,53.76,0,1,1,0
ENSMUSP00000100075,ENSMUSG00000042228,Lyn,LOCAL,20.48,0.002,1,0,0
ENSMUSP00000082013,ENSMUSG00000066324,Impad1,LOCAL,61.62,0,1,1,1
ENSMUSP00000077273,ENSMUSG00000028207,Asph,LOCAL,25.67,0,1,1,1
ENSMUSP00000057543,ENSMUSG00000032562,Gnai2,DISTANT,26.45,0,1,0,0
ENSMUSP00000062039,ENSMUSG00000050323,Ndufaf6,LOCAL,40.23,0,1,1,1
ENSMUSP00000038418,ENSMUSG00000040738,Ints8,LOCAL,30.9,0,1,0,0
ENSMUSP00000025488,ENSMUSG00000024592,C330018D20Rik,DISTANT,16.68,0.064,1,0,0
ENSMUSP00000103966,ENSMUSG00000059482,2610301B20Rik,LOCAL,29.97,0,1,1,0
ENSMUSP00000053555,ENSMUSG00000046667,Rbm12b1,LOCAL,38.53,0,1,1,0
ENSMUSP00000026173,ENSMUSG00000025173,Wdr45b,DISTANT,16.18,0.095,1,0,0
ENSMUSP00000113553,ENSMUSG00000040550,Otud6b,LOCAL,37.71,0,1,1,0
ENSMUSP00000038165,ENSMUSG00000040536,Necab1,LOCAL,21.5,0.001,1,1,0
ENSMUSP00000029877,ENSMUSG00000028223,Decr1,LOCAL,18.79,0.009,1,0,1
ENSMUSP00000029888,ENSMUSG00000028229,Rmdn1,LOCAL,34.67,0,1,1,1
ENSMUSP00000029879,ENSMUSG00000028224,Nbn,LOCAL,18.7,0.011,1,0,0
ENSMUSP00000095845,ENSMUSG00000073988,Ttpa,LOCAL,18.37,0.016,1,1,0
ENSMUSP00000095843,ENSMUSG00000073987,Ggh,LOCAL,47.02,0,1,1,0
ENSMUSP00000043618,ENSMUSG00000040446,Rprd1a,DISTANT,19.32,0.005,1,0,0
ENSMUSP00000029909,ENSMUSG00000028247,Coq3,LOCAL,27.43,0,1,1,0
ENSMUSP00000029885,ENSMUSG00000028228,Cpne3,LOCAL,17.18,0.043,1,0,0
ENSMUSP00000029915,ENSMUSG00000028251,Tstd3,LOCAL,16.59,0.069,1,0,0
ENSMUSP00000034803,ENSMUSG00000032264,Zw10,DISTANT,17.89,0.023,1,0,0
ENSMUSP00000029925,ENSMUSG00000028261,Ndufaf4,LOCAL,27.32,0,1,1,0
ENSMUSP00000061451,ENSMUSG00000045854,Lyrm2,LOCAL,48.36,0,1,1,0
ENSMUSP00000029970,ENSMUSG00000028293,Slc35a1,LOCAL,52.19,0,1,1,1
ENSMUSP00000046584,ENSMUSG00000038910,Plcl2,DISTANT,18.71,0.011,1,0,1
ENSMUSP00000100040,ENSMUSG00000073910,Mob3b,LOCAL,63.5,0,1,1,0
ENSMUSP00000029968,ENSMUSG00000028292,Rars2,LOCAL,46.99,0,1,1,1
ENSMUSP00000030121,ENSMUSG00000028413,B4galt1,LOCAL,19.98,0.003,1,0,0
ENSMUSP00000046027,ENSMUSG00000057963,Itpk1,DISTANT,16.2,0.094,1,0,0
ENSMUSP00000103724,ENSMUSG00000028416,Bag1,LOCAL,32.55,0,1,1,1
ENSMUSP00000059038,ENSMUSG00000046312,AI464131,LOCAL,41.59,0,1,1,1
ENSMUSP00000095713,ENSMUSG00000028454,Pigo,LOCAL,27.12,0,1,1,0
ENSMUSP00000030154,ENSMUSG00000028443,Nudt2,LOCAL,24.23,0,1,1,1
ENSMUSP00000030128,ENSMUSG00000028419,Chmp5,LOCAL,26.12,0,1,1,0
ENSMUSP00000042433,ENSMUSG00000040296,Ddx58,LOCAL,19.72,0.004,1,1,0
ENSMUSP00000030169,ENSMUSG00000028455,Stoml2,LOCAL,25.2,0,1,0,1
ENSMUSP00000027168,ENSMUSG00000026014,Raph1,DISTANT,16.56,0.072,1,0,0
ENSMUSP00000030184,ENSMUSG00000028464,Tpm2,LOCAL,46.3,0,1,1,0
ENSMUSP00000103518,ENSMUSG00000028468,Rgp1,LOCAL,49.36,0,1,1,0
ENSMUSP00000030189,ENSMUSG00000028467,Gba2,LOCAL,46.53,0,1,1,1
ENSMUSP00000030192,ENSMUSG00000028470,Hint2,LOCAL,34.67,0,1,1,1
ENSMUSP00000123181,ENSMUSG00000074884,Serf2,DISTANT,18.32,0.016,1,1,0
ENSMUSP00000030164,ENSMUSG00000028452,Vcp,LOCAL,19.9,0.003,1,0,0
ENSMUSP00000092702,ENSMUSG00000070985,Acnat1,LOCAL,18.5,0.014,1,0,1
ENSMUSP00000072643,ENSMUSG00000028437,Ubap1,LOCAL,21.19,0.001,1,1,0
ENSMUSP00000030011,ENSMUSG00000028327,1300002K09Rik,LOCAL,23.01,0,1,1,1
ENSMUSP00000099993,ENSMUSG00000035517,Tdrd7,LOCAL,45.44,0,1,1,1
ENSMUSP00000041260,ENSMUSG00000035561,Aldh1b1,LOCAL,27.28,0,1,1,1
ENSMUSP00000038719,ENSMUSG00000039853,Trim14,LOCAL,23.32,0,1,1,1
ENSMUSP00000047218,ENSMUSG00000035637,Grhpr,LOCAL,16.34,0.085,1,0,1
ENSMUSP00000030018,ENSMUSG00000028334,Nans,LOCAL,23.9,0,1,0,1
ENSMUSP00000002839,ENSMUSG00000059409,Ppp2r5d,DISTANT,16.41,0.081,1,0,0
ENSMUSP00000033008,ENSMUSG00000030751,Psma1,DISTANT,16.14,0.098,1,0,0
ENSMUSP00000062476,ENSMUSG00000044018,Mrpl50,LOCAL,25.23,0,1,1,0
ENSMUSP00000029989,ENSMUSG00000028309,Rnf20,LOCAL,26.31,0,1,0,0
ENSMUSP00000109110,ENSMUSG00000026843,Fubp3,DISTANT,16.97,0.05,1,0,0
ENSMUSP00000015391,ENSMUSG00000015247,Nipsnap3b,LOCAL,21.17,0.001,1,0,1
ENSMUSP00000103274,ENSMUSG00000028412,Slc44a1,LOCAL,46.27,0,1,1,0
ENSMUSP00000030127,ENSMUSG00000028420,Tmem38b,LOCAL,55.11,0,1,1,1
ENSMUSP00000030134,ENSMUSG00000028426,Rad23b,LOCAL,19.7,0.004,1,0,1
ENSMUSP00000092687,ENSMUSG00000028434,Epb4.1l4b,LOCAL,54.34,0,1,1,1
ENSMUSP00000030140,ENSMUSG00000028431,Ikbkap,LOCAL,27.56,0,1,1,1
ENSMUSP00000075063,ENSMUSG00000038764,Ptpn3,LOCAL,44.13,0,1,1,1
ENSMUSP00000067421,ENSMUSG00000055296,Tmem245,LOCAL,23.55,0,1,0,0
ENSMUSP00000092680,ENSMUSG00000070972,Dnajc25,LOCAL,28.37,0,1,0,0
ENSMUSP00000030069,ENSMUSG00000028378,Ptgr1,LOCAL,41.8,0,1,1,1
ENSMUSP00000030078,ENSMUSG00000028383,Hsdl2,LOCAL,26.33,0,1,1,1
ENSMUSP00000075290,ENSMUSG00000056820,Tsnax,DISTANT,16.48,0.077,1,0,0
ENSMUSP00000073667,ENSMUSG00000078672,Mup20,LOCAL,38.79,0,1,1,0
ENSMUSP00000072466,ENSMUSG00000089873,Mup13,LOCAL,31.48,0,1,1,1
ENSMUSP00000103096,ENSMUSG00000066154,Mup3,LOCAL,35.57,0,1,1,1
ENSMUSP00000030080,ENSMUSG00000028385,Snx30,LOCAL,24.41,0,1,1,1
ENSMUSP00000036337,ENSMUSG00000038422,Hdhd3,LOCAL,54.6,0,1,1,1
ENSMUSP00000103068,ENSMUSG00000028393,Alad,LOCAL,72.82,0,1,1,1
ENSMUSP00000081572,ENSMUSG00000066148,Prpf4,LOCAL,18.23,0.017,1,0,0
ENSMUSP00000081575,ENSMUSG00000066151,Fkbp15,LOCAL,48.82,0,1,1,1
ENSMUSP00000027444,ENSMUSG00000026239,Pde6d,DISTANT,17.01,0.048,1,0,0
ENSMUSP00000034079,ENSMUSG00000031657,Heatr3,DISTANT,16.2,0.094,1,0,0
ENSMUSP00000030044,ENSMUSG00000039196,Orm1,LOCAL,46.28,0,1,1,1
ENSMUSP00000030056,ENSMUSG00000028364,Tnc,LOCAL,41.42,0,1,1,1
ENSMUSP00000138326,ENSMUSG00000069601,Ank3,DISTANT,18.23,0.017,1,0,0
ENSMUSP00000033012,ENSMUSG00000030754,Copb1,DISTANT,16.39,0.082,1,0,0
ENSMUSP00000030103,ENSMUSG00000028398,Tmem261,LOCAL,26.84,0,1,0,1
ENSMUSP00000102910,ENSMUSG00000028399,Ptprd,LOCAL,21.94,0,1,1,0
ENSMUSP00000121203,ENSMUSG00000007891,Ctsd,DISTANT,17.22,0.042,1,0,0
ENSMUSP00000099894,ENSMUSG00000028402,Mpdz,LOCAL,46.01,0,1,1,1
ENSMUSP00000030207,ENSMUSG00000028484,Psip1,LOCAL,22.02,0,1,1,0
ENSMUSP00000080685,ENSMUSG00000038024,Dennd4c,LOCAL,23.54,0,1,0,0
ENSMUSP00000099878,ENSMUSG00000028495,Rps6,LOCAL,24.38,0,1,1,0
ENSMUSP00000004786,ENSMUSG00000004667,Polr2e,DISTANT,16.12,0.099,1,0,0
ENSMUSP00000073618,ENSMUSG00000056917,Sipa1,DISTANT,18.37,0.016,1,0,0
ENSMUSP00000072389,ENSMUSG00000023170,Gps2,DISTANT,16.4,0.081,1,0,0
ENSMUSP00000045998,ENSMUSG00000039000,Ube3c,DISTANT,19.09,0.007,1,0,0
ENSMUSP00000045490,ENSMUSG00000037646,Vps13b,DISTANT,17.17,0.043,1,0,0
ENSMUSP00000032891,ENSMUSG00000030655,Smg1,DISTANT,19.21,0.006,1,0,0
ENSMUSP00000095602,ENSMUSG00000038368,Focad,LOCAL,16.91,0.053,1,0,1
ENSMUSP00000092602,ENSMUSG00000070923,Klhl9,LOCAL,50.18,0,1,1,0
ENSMUSP00000061092,ENSMUSG00000062937,Mtap,LOCAL,61.28,0,1,1,1
ENSMUSP00000066621,ENSMUSG00000031068,Glrx3,DISTANT,18.25,0.017,1,0,0
ENSMUSP00000078216,ENSMUSG00000028573,Fggy,LOCAL,34.76,0,1,1,1
ENSMUSP00000030306,ENSMUSG00000028572,Hook1,LOCAL,29.38,0,1,1,0
ENSMUSP00000030299,ENSMUSG00000052520,Cyp2j5,LOCAL,54.1,0,1,1,1
ENSMUSP00000030303,ENSMUSG00000052914,Cyp2j6,LOCAL,64.25,0,1,1,1
ENSMUSP00000106046,ENSMUSG00000027363,Usp8,DISTANT,17.96,0.022,1,0,0
ENSMUSP00000040005,ENSMUSG00000036733,Rbm42,DISTANT,16.88,0.054,1,0,0
ENSMUSP00000089948,ENSMUSG00000035478,Mbd3,DISTANT,16.68,0.064,1,0,0
ENSMUSP00000049176,ENSMUSG00000061859,Inadl,LOCAL,20.26,0.002,1,1,0
ENSMUSP00000074899,ENSMUSG00000028565,Nfia,LOCAL,22.63,0,1,0,0
ENSMUSP00000061227,ENSMUSG00000025791,Pgm2,LOCAL,33.14,0,1,1,1
ENSMUSP00000122623,ENSMUSG00000004996,Mri1,DISTANT,16.12,0.1,1,0,0
ENSMUSP00000095574,ENSMUSG00000073792,Alg6,LOCAL,19.2,0.006,1,0,1
ENSMUSP00000023217,ENSMUSG00000022557,Bop1,DISTANT,16.19,0.094,1,0,0
ENSMUSP00000099842,ENSMUSG00000028530,Jak1,LOCAL,26.33,0,1,1,0
ENSMUSP00000030361,ENSMUSG00000028618,Tmem59,LOCAL,19.29,0.005,1,0,0
ENSMUSP00000005669,ENSMUSG00000040583,Cyp2b13,DISTANT,17.87,0.024,1,0,0
ENSMUSP00000033723,ENSMUSG00000031357,Syap1,DISTANT,16.54,0.073,1,0,0
ENSMUSP00000030247,ENSMUSG00000028522,Mier1,LOCAL,17.49,0.033,1,0,0
ENSMUSP00000058391,ENSMUSG00000050029,Rap2c,DISTANT,16.32,0.086,1,0,0
ENSMUSP00000129100,ENSMUSG00000022562,Oplah,DISTANT,16.99,0.049,1,0,0
ENSMUSP00000030320,ENSMUSG00000028582,Cc2d1b,LOCAL,16.34,0.085,1,0,0
ENSMUSP00000138926,ENSMUSG00000028521,Slc35d1,LOCAL,17.2,0.043,1,1,0
ENSMUSP00000031663,ENSMUSG00000029656,C8b,LOCAL,41.28,0,1,1,1
ENSMUSP00000065719,ENSMUSG00000028517,Ppap2b,LOCAL,17.32,0.039,1,0,0
ENSMUSP00000102415,ENSMUSG00000078612,1700024P16Rik,LOCAL,47.73,0,1,1,0
ENSMUSP00000081007,ENSMUSG00000034785,Dio1,LOCAL,29.24,0,1,1,1
ENSMUSP00000102268,ENSMUSG00000034557,Zfyve9,LOCAL,20.79,0.001,1,1,0
ENSMUSP00000030365,ENSMUSG00000028622,Mrpl37,LOCAL,25.61,0,1,1,0
ENSMUSP00000099823,ENSMUSG00000034853,Acot11,LOCAL,67.74,0,1,1,1
ENSMUSP00000102384,ENSMUSG00000025413,Ttc4,LOCAL,63.53,0,1,1,1
ENSMUSP00000075113,ENSMUSG00000057375,Yipf1,LOCAL,52.89,0,1,1,1
ENSMUSP00000120365,ENSMUSG00000028614,Ndc1,LOCAL,33.07,0,1,1,0
ENSMUSP00000118617,ENSMUSG00000063172,Hspb11,LOCAL,44.55,0,1,1,0
ENSMUSP00000006749,ENSMUSG00000006574,Slc4a1,DISTANT,17.44,0.035,1,0,0
ENSMUSP00000043844,ENSMUSG00000034636,Zyg11b,LOCAL,36.15,0,1,1,0
ENSMUSP00000114234,ENSMUSG00000028608,0610037L13Rik,LOCAL,46.95,0,1,1,0
ENSMUSP00000030345,ENSMUSG00000028607,Cpt2,LOCAL,28.5,0,1,1,1
ENSMUSP00000030332,ENSMUSG00000028597,Gpx7,LOCAL,35.81,0,1,1,1
ENSMUSP00000095538,ENSMUSG00000034610,Zcchc11,LOCAL,17.77,0.025,1,0,0
ENSMUSP00000044639,ENSMUSG00000025733,Rhot2,DISTANT,17.88,0.024,1,0,0
ENSMUSP00000072636,ENSMUSG00000062110,Scfd2,DISTANT,17.68,0.028,1,0,0
ENSMUSP00000068328,ENSMUSG00000053510,Nrd1,LOCAL,44.5,0,1,1,1
ENSMUSP00000030296,ENSMUSG00000028567,Txndc12,LOCAL,23.36,0,1,1,1
ENSMUSP00000066334,ENSMUSG00000028555,Ttc39a,LOCAL,61.43,0,1,1,1
ENSMUSP00000099790,ENSMUSG00000028552,Eps15,LOCAL,23.51,0,1,1,1
ENSMUSP00000095534,ENSMUSG00000028551,Cdkn2c,LOCAL,24.62,0,1,1,1
ENSMUSP00000030461,ENSMUSG00000028696,Ipp,LOCAL,20.68,0.001,1,0,0
ENSMUSP00000026572,ENSMUSG00000025499,Hras,DISTANT,18.91,0.008,1,0,0
ENSMUSP00000117129,ENSMUSG00000028712,Cyp4a31,LOCAL,36.43,0,1,1,0
ENSMUSP00000030487,ENSMUSG00000028715,Cyp4a14,LOCAL,31.32,0,1,1,1
ENSMUSP00000092487,ENSMUSG00000078597,Cyp4a12b,LOCAL,48.3,0,1,1,1
ENSMUSP00000030491,ENSMUSG00000028719,Cmpk1,LOCAL,18.79,0.009,1,1,0
ENSMUSP00000081369,ENSMUSG00000063929,Cyp4a32,LOCAL,55.7,0,1,1,1
ENSMUSP00000135831,ENSMUSG00000028710,Atpaf1,LOCAL,51.92,0,1,1,1
ENSMUSP00000099768,ENSMUSG00000028713,Cyp4b1,LOCAL,19.99,0.003,1,1,1
ENSMUSP00000061523,ENSMUSG00000048772,Tmem53,LOCAL,29.13,0,1,1,1
ENSMUSP00000099757,ENSMUSG00000047675,Rps8,LOCAL,37.15,0,1,1,0
ENSMUSP00000030455,ENSMUSG00000028692,Akr1a1,LOCAL,19.85,0.003,1,0,0
ENSMUSP00000041543,ENSMUSG00000034171,Faah,LOCAL,26.28,0,1,1,1
ENSMUSP00000102056,ENSMUSG00000028683,Eif2b3,LOCAL,26.22,0,1,1,1
ENSMUSP00000051922,ENSMUSG00000046861,Hectd3,LOCAL,22.45,0,1,1,0
ENSMUSP00000030475,ENSMUSG00000028706,Nsun4,LOCAL,22.14,0,1,0,1
ENSMUSP00000030451,ENSMUSG00000028688,Toe1,LOCAL,49.01,0,1,1,1
ENSMUSP00000030263,ENSMUSG00000028538,St3gal3,LOCAL,25.99,0,1,0,0
ENSMUSP00000030265,ENSMUSG00000028540,Dph2,LOCAL,37.09,0,1,1,0
ENSMUSP00000030446,ENSMUSG00000028684,Urod,LOCAL,19.16,0.006,1,0,0
ENSMUSP00000117899,ENSMUSG00000021224,Numb,DISTANT,17.46,0.034,1,0,0
ENSMUSP00000006562,ENSMUSG00000006395,Hyi,LOCAL,18.69,0.011,1,1,1
ENSMUSP00000115729,ENSMUSG00000078584,AU022252,LOCAL,41.18,0,1,1,1
ENSMUSP00000101925,ENSMUSG00000060288,Ppih,LOCAL,29.69,0,1,1,1
ENSMUSP00000019229,ENSMUSG00000006392,Med8,LOCAL,18.23,0.017,1,0,0
ENSMUSP00000035800,ENSMUSG00000032870,Smap2,LOCAL,23.12,0,1,1,1
ENSMUSP00000032260,ENSMUSG00000030157,Clec2d,DISTANT,17.21,0.043,1,0,0
ENSMUSP00000042796,ENSMUSG00000033423,Eri3,LOCAL,22.65,0,1,1,1
ENSMUSP00000030404,ENSMUSG00000028651,Ppie,LOCAL,48.97,0,1,1,0
ENSMUSP00000030412,ENSMUSG00000028657,Ppt1,LOCAL,48.08,0,1,1,0
ENSMUSP00000101862,ENSMUSG00000028656,Cap1,LOCAL,27.78,0,1,1,0
ENSMUSP00000101813,ENSMUSG00000028648,Ndufs5,LOCAL,22.3,0,1,1,0
ENSMUSP00000101850,ENSMUSG00000011257,Pabpc4,LOCAL,25.35,0,1,1,1
ENSMUSP00000030385,ENSMUSG00000028636,Ppcs,LOCAL,21.07,0.001,1,0,1
ENSMUSP00000053900,ENSMUSG00000043207,Zmpste24,LOCAL,26.09,0,1,0,1
ENSMUSP00000030684,ENSMUSG00000028869,Gnl2,LOCAL,41.76,0,1,1,0
ENSMUSP00000122288,ENSMUSG00000028863,Meaf6,LOCAL,32.02,0,1,1,0
ENSMUSP00000092375,ENSMUSG00000028894,Inpp5b,LOCAL,44.65,0,1,0,1
ENSMUSP00000099688,ENSMUSG00000028889,Yrdc,LOCAL,17.77,0.025,1,1,0
ENSMUSP00000101805,ENSMUSG00000032643,Fhl3,LOCAL,18.43,0.015,1,1,0
ENSMUSP00000031334,ENSMUSG00000029388,Eif2b1,DISTANT,16.4,0.081,1,0,0
ENSMUSP00000025181,ENSMUSG00000061232,H2-K1,DISTANT,16.42,0.081,1,0,0
ENSMUSP00000030675,ENSMUSG00000028861,Mrps15,LOCAL,17.04,0.047,1,1,0
ENSMUSP00000099668,ENSMUSG00000028830,AU040320,LOCAL,49.23,0,1,1,0
ENSMUSP00000131941,ENSMUSG00000042380,Smim12,LOCAL,28.7,0,1,1,1
ENSMUSP00000101669,ENSMUSG00000028811,Yars,LOCAL,16.16,0.096,1,0,1
ENSMUSP00000062395,ENSMUSG00000050390,C77080,LOCAL,29.57,0,1,1,0
ENSMUSP00000120925,ENSMUSG00000057572,Zbtb8os,LOCAL,29.11,0,1,1,1
ENSMUSP00000099657,ENSMUSG00000028800,Hdac1,LOCAL,19.95,0.003,1,1,0
ENSMUSP00000133099,ENSMUSG00000054428,Atpif1,LOCAL,31.24,0,1,1,0
ENSMUSP00000112638,ENSMUSG00000028779,Pef1,LOCAL,21.71,0.001,1,1,0
ENSMUSP00000080601,ENSMUSG00000049502,Dtx3l,DISTANT,16.35,0.084,1,0,0
ENSMUSP00000081271,ENSMUSG00000028896,Rcc1,LOCAL,28.92,0,1,1,1
ENSMUSP00000099628,ENSMUSG00000066043,Phactr4,LOCAL,22.65,0,1,0,0
ENSMUSP00000030742,ENSMUSG00000028910,Mecr,LOCAL,23.26,0,1,0,1
ENSMUSP00000081263,ENSMUSG00000028868,Wasf2,LOCAL,17.68,0.028,1,0,0
ENSMUSP00000030665,ENSMUSG00000028851,Nudc,LOCAL,26.02,0,1,1,1
ENSMUSP00000095498,ENSMUSG00000041530,Ago1,LOCAL,16.63,0.067,1,0,0
ENSMUSP00000030661,ENSMUSG00000028848,Gpn2,LOCAL,16.88,0.054,1,0,0
ENSMUSP00000040647,ENSMUSG00000037622,Wdtc1,LOCAL,30.4,0,1,1,0
ENSMUSP00000030669,ENSMUSG00000028854,Slc9a1,LOCAL,18.81,0.009,1,1,0
ENSMUSP00000101514,ENSMUSG00000003644,Rps6ka1,LOCAL,33.85,0,1,1,1
ENSMUSP00000099609,ENSMUSG00000046671,Mtfr1l,LOCAL,44.28,0,1,1,0
ENSMUSP00000041453,ENSMUSG00000037242,Clic4,LOCAL,21.46,0.001,1,1,0
ENSMUSP00000099592,ENSMUSG00000001604,Tcea3,LOCAL,46.51,0,1,1,1
ENSMUSP00000030432,ENSMUSG00000028672,Hmgcl,LOCAL,22.07,0,1,1,0
ENSMUSP00000029444,ENSMUSG00000033014,Trim33,DISTANT,16.66,0.066,1,0,0
ENSMUSP00000030434,ENSMUSG00000028673,Fuca1,LOCAL,30.16,0,1,1,1
ENSMUSP00000048469,ENSMUSG00000037805,Rpl10a,DISTANT,16.77,0.06,1,0,0
ENSMUSP00000130758,ENSMUSG00000001089,Luzp1,LOCAL,23.2,0,1,1,0
ENSMUSP00000030547,ENSMUSG00000028763,Hspg2,LOCAL,34.6,0,1,1,0
ENSMUSP00000030551,ENSMUSG00000028766,Alpl,LOCAL,17.33,0.039,1,0,0
ENSMUSP00000081233,ENSMUSG00000028760,Eif4g3,LOCAL,53.86,0,1,1,1
ENSMUSP00000022063,ENSMUSG00000021578,Ccdc127,DISTANT,16.21,0.094,1,0,0
ENSMUSP00000099576,ENSMUSG00000057530,Ece1,LOCAL,48.66,0,1,1,0
ENSMUSP00000039604,ENSMUSG00000041241,Mul1,LOCAL,45.65,0,1,1,0
ENSMUSP00000101453,ENSMUSG00000028759,Hp1bp3,LOCAL,31.82,0,1,1,0
ENSMUSP00000099561,ENSMUSG00000028741,Mrto4,LOCAL,22.72,0,1,0,0
ENSMUSP00000073459,ENSMUSG00000028743,Akr7a5,LOCAL,37.71,0,1,1,1
ENSMUSP00000049034,ENSMUSG00000078517,Emc1,LOCAL,34.42,0,1,1,0
ENSMUSP00000043821,ENSMUSG00000028737,Aldh4a1,LOCAL,26.63,0,1,0,1
ENSMUSP00000038011,ENSMUSG00000028745,Capzb,LOCAL,23.03,0,1,0,0
ENSMUSP00000100648,ENSMUSG00000078234,Klhdc7a,LOCAL,33.69,0,1,1,1
ENSMUSP00000019422,ENSMUSG00000019278,Dpep1,DISTANT,16.93,0.052,1,0,0
ENSMUSP00000101406,ENSMUSG00000051435,Fhad1,LOCAL,19.75,0.004,1,1,0
ENSMUSP00000120973,ENSMUSG00000043085,Tmem82,LOCAL,31.96,0,1,1,1
ENSMUSP00000048714,ENSMUSG00000040697,Dnajc16,LOCAL,20.96,0.001,1,0,0
ENSMUSP00000040853,ENSMUSG00000040706,Agmat,LOCAL,50.05,0,1,1,1
ENSMUSP00000042919,ENSMUSG00000040616,Tmem51,LOCAL,40.3,0,1,1,1
ENSMUSP00000122552,ENSMUSG00000066026,Dhrs3,LOCAL,19.65,0.004,1,1,0
ENSMUSP00000089459,ENSMUSG00000045410,Akr1e1,DISTANT,71.63,0,1,1,1
ENSMUSP00000101331,ENSMUSG00000055401,Fbxo6,LOCAL,24.02,0,1,1,1
ENSMUSP00000019199,ENSMUSG00000019055,Plod1,LOCAL,28.24,0,1,1,0
ENSMUSP00000049729,ENSMUSG00000028979,Masp2,LOCAL,30.61,0,1,1,1
ENSMUSP00000099506,ENSMUSG00000028975,Pex14,LOCAL,18.82,0.009,1,0,1
ENSMUSP00000099505,ENSMUSG00000028974,Dffa,LOCAL,48.34,0,1,1,1
ENSMUSP00000030845,ENSMUSG00000028992,Nmnat1,LOCAL,23.06,0,1,0,0
ENSMUSP00000101312,ENSMUSG00000044700,Tmem201,LOCAL,35.19,0,1,1,0
ENSMUSP00000030842,ENSMUSG00000028990,Lzic,LOCAL,31.27,0,1,1,1
ENSMUSP00000030805,ENSMUSG00000028964,Park7,LOCAL,23.8,0,1,1,1
ENSMUSP00000030893,ENSMUSG00000029027,Dffb,LOCAL,23.81,0,1,0,0
ENSMUSP00000046837,ENSMUSG00000039515,Ppp2r4,DISTANT,16.93,0.052,1,0,0
ENSMUSP00000065409,ENSMUSG00000026411,Tmem9,DISTANT,25.5,0,1,1,0
ENSMUSP00000051163,ENSMUSG00000038244,Mical2,DISTANT,16.4,0.081,1,0,0
ENSMUSP00000099480,ENSMUSG00000028936,Rpl22,LOCAL,20.56,0.002,1,0,0
ENSMUSP00000054638,ENSMUSG00000047613,A430005L14Rik,LOCAL,51.13,0,1,1,1
ENSMUSP00000133124,ENSMUSG00000029028,Lrrc47,LOCAL,17.62,0.03,1,0,1
ENSMUSP00000030898,ENSMUSG00000029032,Arhgef16,LOCAL,61.51,0,1,1,1
ENSMUSP00000030896,ENSMUSG00000029030,Tprgl,LOCAL,19.66,0.004,1,1,0
ENSMUSP00000030931,ENSMUSG00000029056,Pank4,LOCAL,18.85,0.009,1,0,1
ENSMUSP00000030935,ENSMUSG00000029059,Fam213b,LOCAL,75.23,0,1,1,1
ENSMUSP00000030905,ENSMUSG00000029038,Ssu72,LOCAL,30.96,0,1,0,0
ENSMUSP00000101238,ENSMUSG00000029063,Nadk,LOCAL,43.28,0,1,1,1
ENSMUSP00000101223,ENSMUSG00000029062,Cdk11b,LOCAL,23.04,0,1,0,0
ENSMUSP00000030903,ENSMUSG00000029036,Atad3a,LOCAL,25.18,0,1,1,1
ENSMUSP00000030942,ENSMUSG00000029066,Mrpl20,LOCAL,41.98,0,1,0,0
ENSMUSP00000095344,ENSMUSG00000051557,Pusl1,LOCAL,40.94,0,1,1,1
ENSMUSP00000112656,ENSMUSG00000029034,Cpsf3l,LOCAL,35.08,0,1,1,0
ENSMUSP00000030950,ENSMUSG00000029073,Gltpd1,LOCAL,72.92,0,1,1,1
ENSMUSP00000030948,ENSMUSG00000029071,Dvl1,LOCAL,24.83,0,1,1,0
ENSMUSP00000101204,ENSMUSG00000029076,Sdf4,LOCAL,27.46,0,1,1,0
ENSMUSP00000137931,ENSMUSG00000041936,Agrn,LOCAL,22.99,0,1,0,0
ENSMUSP00000137253,ENSMUSG00000095567,Noc2l,LOCAL,63.78,0,1,1,0
ENSMUSP00000046129,ENSMUSG00000040407,Akap9,LOCAL,23.95,0,1,0,0
ENSMUSP00000067611,ENSMUSG00000054099,Slc25a40,LOCAL,23.02,0,1,1,1
ENSMUSP00000111101,ENSMUSG00000040464,Gtpbp10,LOCAL,30.53,0,1,1,0
ENSMUSP00000009058,ENSMUSG00000028970,Abcb1b,LOCAL,51.87,0,1,1,0
ENSMUSP00000086165,ENSMUSG00000003161,Sri,LOCAL,16.46,0.078,1,1,0
ENSMUSP00000132065,ENSMUSG00000062038,Gm10108,LOCAL,33.8,0,1,1,0
ENSMUSP00000092687,ENSMUSG00000028434,Epb4.1l4b,DISTANT,17.28,0.04,1,0,0
ENSMUSP00000099859,ENSMUSG00000041231,Ublcp1,DISTANT,17.24,0.041,1,0,0
ENSMUSP00000033163,ENSMUSG00000030876,Mettl9,DISTANT,16.69,0.063,1,0,0
ENSMUSP00000113801,ENSMUSG00000057541,Pus7,LOCAL,28.39,0,1,1,1
ENSMUSP00000030882,ENSMUSG00000029017,Pmpcb,LOCAL,52.3,0,1,1,0
ENSMUSP00000110729,ENSMUSG00000028973,Abcb8,LOCAL,16.25,0.092,1,1,0
ENSMUSP00000078654,ENSMUSG00000062328,Rpl17,DISTANT,19.71,0.004,1,0,0
ENSMUSP00000030769,ENSMUSG00000028932,Psmc2,LOCAL,17.85,0.024,1,1,0
ENSMUSP00000085734,ENSMUSG00000062604,Srpk2,LOCAL,23.65,0,1,1,0
ENSMUSP00000030852,ENSMUSG00000028999,Rint1,LOCAL,68.81,0,1,1,1
ENSMUSP00000120269,ENSMUSG00000038525,Armc10,LOCAL,32.75,0,1,1,1
ENSMUSP00000030834,ENSMUSG00000028978,Nos3,LOCAL,55.78,0,1,1,1
ENSMUSP00000024123,ENSMUSG00000023353,Agap3,LOCAL,21.3,0.001,1,1,1
ENSMUSP00000062766,ENSMUSG00000048439,Nupl2,LOCAL,20.45,0.002,1,1,0
ENSMUSP00000035860,ENSMUSG00000038135,Crygn,LOCAL,26.39,0,1,1,0
ENSMUSP00000030784,ENSMUSG00000028944,Prkag2,LOCAL,16.27,0.09,1,1,0
ENSMUSP00000008733,ENSMUSG00000029131,Dnajb6,LOCAL,19.95,0.003,1,1,0
ENSMUSP00000055208,ENSMUSG00000035762,Tmem161b,DISTANT,16.74,0.061,1,0,0
ENSMUSP00000038063,ENSMUSG00000034926,Dhcr24,DISTANT,16.55,0.073,1,0,0
ENSMUSP00000007251,ENSMUSG00000007036,Abhd16a,DISTANT,16.2,0.094,1,0,0
ENSMUSP00000046027,ENSMUSG00000057963,Itpk1,DISTANT,16.15,0.097,1,0,0
ENSMUSP00000031018,ENSMUSG00000029136,Rbks,LOCAL,22.46,0,1,1,1
ENSMUSP00000037484,ENSMUSG00000038828,Tmem214,LOCAL,28.48,0,1,1,0
ENSMUSP00000076217,ENSMUSG00000064037,Gpn1,LOCAL,31.02,0,1,1,0
ENSMUSP00000115292,ENSMUSG00000090262,Mpv17,LOCAL,50.78,0,1,1,1
ENSMUSP00000031024,ENSMUSG00000029142,Mrpl33,LOCAL,53.23,0,1,1,0
ENSMUSP00000110179,ENSMUSG00000029141,Slc4a1ap,LOCAL,32.33,0,1,1,1
ENSMUSP00000079434,ENSMUSG00000052139,Bre,LOCAL,17.67,0.028,1,1,0
ENSMUSP00000058680,ENSMUSG00000029175,Slc35f6,LOCAL,29.32,0,1,1,0
ENSMUSP00000058936,ENSMUSG00000038298,Pdzk1,DISTANT,17.19,0.043,1,0,0
ENSMUSP00000065721,ENSMUSG00000051864,Tbc1d22a,DISTANT,17.19,0.043,1,0,0
ENSMUSP00000110093,ENSMUSG00000079562,Maea,LOCAL,24.38,0,1,0,0
ENSMUSP00000051438,ENSMUSG00000023452,Pisd,LOCAL,35.43,0,1,1,1
ENSMUSP00000015100,ENSMUSG00000014956,Ppp1cb,LOCAL,21.01,0.001,1,0,0
ENSMUSP00000031002,ENSMUSG00000029119,Man2b2,LOCAL,18.85,0.009,1,1,1
ENSMUSP00000078945,ENSMUSG00000029104,Htt,LOCAL,35.29,0,1,1,1
ENSMUSP00000070890,ENSMUSG00000054520,Sh3bp2,LOCAL,53.77,0,1,1,0
ENSMUSP00000019439,ENSMUSG00000019295,Tmem129,LOCAL,32.47,0,1,1,0
ENSMUSP00000030985,ENSMUSG00000029102,Hgfac,LOCAL,20.92,0.001,1,1,0
ENSMUSP00000038382,ENSMUSG00000036693,Nop14,LOCAL,23.69,0,1,0,0
ENSMUSP00000072154,ENSMUSG00000014932,Yes1,LOCAL,17.28,0.04,1,0,0
ENSMUSP00000063412,ENSMUSG00000029098,Acox3,LOCAL,43.01,0,1,1,1
ENSMUSP00000030986,ENSMUSG00000029103,Lrpap1,LOCAL,28.56,0,1,1,0
ENSMUSP00000112998,ENSMUSG00000031453,Rasa3,DISTANT,17.29,0.04,1,0,0
ENSMUSP00000048053,ENSMUSG00000039474,Wfs1,LOCAL,22.45,0,1,0,1
ENSMUSP00000063352,ENSMUSG00000005107,Slc2a9,LOCAL,39.38,0,1,1,1
ENSMUSP00000058618,ENSMUSG00000061755,Bod1l,LOCAL,20.15,0.002,1,1,0
ENSMUSP00000125857,ENSMUSG00000039782,Cpeb2,LOCAL,19.88,0.003,1,0,0
ENSMUSP00000030964,ENSMUSG00000029084,Cd38,LOCAL,51.45,0,1,1,0
ENSMUSP00000062110,ENSMUSG00000046985,Tapt1,LOCAL,42.84,0,1,1,1
ENSMUSP00000015950,ENSMUSG00000015806,Qdpr,LOCAL,24.32,0,1,1,0
ENSMUSP00000040222,ENSMUSG00000039682,Lap3,LOCAL,21.83,0,1,1,1
ENSMUSP00000031072,ENSMUSG00000029176,Anapc4,LOCAL,19.19,0.006,1,1,0
ENSMUSP00000092380,ENSMUSG00000029188,Slc34a2,LOCAL,41.36,0,1,1,1
ENSMUSP00000031081,ENSMUSG00000029186,Pi4k2b,LOCAL,44.69,0,1,1,0
ENSMUSP00000000594,ENSMUSG00000000581,C1d,DISTANT,16.39,0.082,1,0,0
ENSMUSP00000030948,ENSMUSG00000029071,Dvl1,DISTANT,19.95,0.003,1,0,0
ENSMUSP00000005431,ENSMUSG00000005299,Letm1,DISTANT,17.27,0.04,1,0,0
ENSMUSP00000031080,ENSMUSG00000029185,Fam114a1,LOCAL,19.5,0.005,1,1,0
ENSMUSP00000109367,ENSMUSG00000037795,N4bp2,LOCAL,16.59,0.069,1,0,1
ENSMUSP00000031092,ENSMUSG00000029191,Rfc1,LOCAL,25.13,0,1,1,0
ENSMUSP00000031101,ENSMUSG00000029199,Lias,LOCAL,32.81,0,1,1,1
ENSMUSP00000027781,ENSMUSG00000026500,Cox20,DISTANT,16.45,0.078,1,0,0
ENSMUSP00000124047,ENSMUSG00000029221,Slc30a9,LOCAL,35.13,0,1,1,0
ENSMUSP00000084480,ENSMUSG00000029208,Guf1,LOCAL,28.65,0,1,1,1
ENSMUSP00000121014,ENSMUSG00000029209,Gnpda2,LOCAL,19.75,0.004,1,1,1
ENSMUSP00000013693,ENSMUSG00000029213,Commd8,LOCAL,49.7,0,1,1,1
ENSMUSP00000084462,ENSMUSG00000067219,Nipal1,LOCAL,16.73,0.062,1,0,0
ENSMUSP00000071836,ENSMUSG00000029217,Tec,LOCAL,41.92,0,1,1,1
ENSMUSP00000084467,ENSMUSG00000072889,Nfxl1,LOCAL,45.6,0,1,1,0
ENSMUSP00000031038,ENSMUSG00000029152,Ociad1,LOCAL,28.39,0,1,0,1
ENSMUSP00000084445,ENSMUSG00000029153,Ociad2,LOCAL,28.94,0,1,1,1
ENSMUSP00000084794,ENSMUSG00000038914,Dido1,DISTANT,16.98,0.049,1,0,0
ENSMUSP00000078469,ENSMUSG00000052488,Cherp,DISTANT,17.11,0.045,1,0,0
ENSMUSP00000072636,ENSMUSG00000062110,Scfd2,LOCAL,24.44,0,1,0,0
ENSMUSP00000098687,ENSMUSG00000070733,Fryl,LOCAL,19.32,0.005,1,0,0
ENSMUSP00000031143,ENSMUSG00000029233,Srd5a3,LOCAL,45.09,0,1,1,1
ENSMUSP00000084373,ENSMUSG00000036435,Exoc1,LOCAL,21.83,0,1,1,0
ENSMUSP00000045948,ENSMUSG00000036285,Noa1,LOCAL,26.73,0,1,1,0
ENSMUSP00000031160,ENSMUSG00000029247,Paics,LOCAL,25.23,0,1,0,1
ENSMUSP00000031167,ENSMUSG00000029250,Polr2b,LOCAL,19.48,0.005,1,0,0
ENSMUSP00000066736,ENSMUSG00000052296,Ppp6r1,DISTANT,16.57,0.07,1,0,0
ENSMUSP00000034756,ENSMUSG00000032231,Anxa2,DISTANT,18.49,0.014,1,0,0
ENSMUSP00000108940,ENSMUSG00000029273,Sult1d1,LOCAL,39.15,0,1,1,1
ENSMUSP00000078740,ENSMUSG00000029268,Ugt2a1,LOCAL,35.01,0,1,1,0
ENSMUSP00000031199,ENSMUSG00000029269,Sult1b1,LOCAL,36.48,0,1,1,1
ENSMUSP00000044144,ENSMUSG00000035505,Cox18,LOCAL,59.61,0,1,1,1
ENSMUSP00000108804,ENSMUSG00000029369,Afm,LOCAL,35.65,0,1,1,1
ENSMUSP00000031317,ENSMUSG00000029370,Rassf6,LOCAL,31.65,0,1,1,0
ENSMUSP00000077972,ENSMUSG00000044221,Grsf1,LOCAL,28.58,0,1,1,1
ENSMUSP00000047449,ENSMUSG00000033124,Atg9a,DISTANT,18.52,0.013,1,0,0
ENSMUSP00000031345,ENSMUSG00000029397,Rchy1,LOCAL,33.11,0,1,1,0
ENSMUSP00000108726,ENSMUSG00000029413,Naaa,LOCAL,23.75,0,1,1,0
ENSMUSP00000031377,ENSMUSG00000029426,Scarb2,LOCAL,17.9,0.023,1,0,0
ENSMUSP00000055267,ENSMUSG00000045314,Sowahb,LOCAL,24.8,0,1,1,0
ENSMUSP00000074293,ENSMUSG00000058013,11-Sep,LOCAL,37.72,0,1,1,1
ENSMUSP00000046540,ENSMUSG00000034826,Nup54,LOCAL,20.58,0.002,1,0,0
ENSMUSP00000054322,ENSMUSG00000047963,Stbd1,LOCAL,20.15,0.002,1,0,0
ENSMUSP00000037970,ENSMUSG00000034663,Bmp2k,LOCAL,21.81,0,1,1,0
ENSMUSP00000037046,ENSMUSG00000029486,Mrpl1,LOCAL,17.27,0.04,1,1,0
ENSMUSP00000031447,ENSMUSG00000029484,Anxa3,LOCAL,18.59,0.012,1,1,0
ENSMUSP00000013759,ENSMUSG00000008200,Fnbp4,DISTANT,17.22,0.042,1,0,0
ENSMUSP00000031250,ENSMUSG00000029310,Nudt9,LOCAL,19.26,0.005,1,1,1
ENSMUSP00000092138,ENSMUSG00000057315,Arhgap24,LOCAL,43.54,0,1,1,0
ENSMUSP00000108508,ENSMUSG00000029314,Agpat9,LOCAL,48.31,0,1,1,1
ENSMUSP00000052607,ENSMUSG00000043940,Wdfy3,LOCAL,31.64,0,1,1,1
ENSMUSP00000036705,ENSMUSG00000062234,Gak,LOCAL,25.04,0,1,0,0
ENSMUSP00000051222,ENSMUSG00000050856,Atp5k,LOCAL,16.16,0.096,1,0,0
ENSMUSP00000031251,ENSMUSG00000029311,Hsd17b11,LOCAL,44.55,0,1,1,1
ENSMUSP00000084041,ENSMUSG00000034462,Pkd2,LOCAL,75.89,0,1,1,1
ENSMUSP00000098520,ENSMUSG00000092021,Gbp11,LOCAL,56.22,0,1,1,1
ENSMUSP00000098521,ENSMUSG00000029298,Gbp9,LOCAL,31.93,0,1,1,1
ENSMUSP00000108422,ENSMUSG00000034528,Hsd17b13,LOCAL,27.48,0,1,1,1
ENSMUSP00000036983,ENSMUSG00000038526,Car14,DISTANT,17.14,0.045,1,0,0
ENSMUSP00000080854,ENSMUSG00000058558,Rpl5,LOCAL,58.57,0,1,1,0
ENSMUSP00000071577,ENSMUSG00000033540,Idua,LOCAL,33.15,0,1,1,1
ENSMUSP00000108261,ENSMUSG00000011831,Evi5,LOCAL,45.28,0,1,1,1
ENSMUSP00000114845,ENSMUSG00000011831,Evi5,LOCAL,45.28,0,1,1,1
ENSMUSP00000031189,ENSMUSG00000029263,Pigg,LOCAL,28.32,0,1,1,0
ENSMUSP00000033775,ENSMUSG00000031402,Mpp1,DISTANT,18.12,0.02,1,0,0
ENSMUSP00000031478,ENSMUSG00000029504,Ddx51,LOCAL,29.6,0,1,1,0
ENSMUSP00000031483,ENSMUSG00000029507,Pus1,LOCAL,34.81,0,1,1,1
ENSMUSP00000062811,ENSMUSG00000043510,Hscb,LOCAL,24.41,0,1,1,1
ENSMUSP00000031472,ENSMUSG00000029499,Pxmp2,LOCAL,19.11,0.007,1,0,0
ENSMUSP00000049038,ENSMUSG00000029505,Ep400,LOCAL,16.37,0.083,1,0,0
ENSMUSP00000046506,ENSMUSG00000041841,Rpl37,DISTANT,30.18,0,1,1,0
ENSMUSP00000073652,ENSMUSG00000029577,Ube3b,LOCAL,32.64,0,1,1,0
ENSMUSP00000012028,ENSMUSG00000011884,Gltp,LOCAL,27.81,0,1,1,1
ENSMUSP00000099638,ENSMUSG00000041870,Ankrd13a,LOCAL,27.44,0,1,0,0
ENSMUSP00000031474,ENSMUSG00000029501,Ankle2,LOCAL,17.13,0.045,1,0,1
ENSMUSP00000115090,ENSMUSG00000029536,Gatc,LOCAL,28.01,0,1,1,0
ENSMUSP00000048001,ENSMUSG00000041733,Coq5,LOCAL,45.44,0,1,1,0
ENSMUSP00000031538,ENSMUSG00000029559,2210016L21Rik,LOCAL,45.68,0,1,1,1
ENSMUSP00000107698,ENSMUSG00000029524,Sirt4,LOCAL,32.57,0,1,1,1
ENSMUSP00000031524,ENSMUSG00000029545,Acads,LOCAL,22.12,0,1,0,1
ENSMUSP00000069624,ENSMUSG00000029528,Pxn,LOCAL,44.07,0,1,1,0
ENSMUSP00000069432,ENSMUSG00000041638,Gcn1l1,LOCAL,32.85,0,1,1,0
ENSMUSP00000115802,ENSMUSG00000029516,Cit,LOCAL,32.83,0,1,1,0
ENSMUSP00000107630,ENSMUSG00000029513,Prkab1,LOCAL,24.4,0,1,0,1
ENSMUSP00000083662,ENSMUSG00000066900,Suds3,LOCAL,30.57,0,1,0,0
ENSMUSP00000048425,ENSMUSG00000032959,Pebp1,LOCAL,71.43,0,1,1,1
ENSMUSP00000084661,ENSMUSG00000033327,Tnxb,DISTANT,16.3,0.087,1,0,0
ENSMUSP00000051222,ENSMUSG00000050856,Atp5k,DISTANT,19.41,0.005,1,0,0
ENSMUSP00000063872,ENSMUSG00000026594,Ralgps2,DISTANT,17.42,0.035,1,0,0
ENSMUSP00000048345,ENSMUSG00000042744,Gm15800,LOCAL,19.18,0.006,1,0,1
ENSMUSP00000031590,ENSMUSG00000029594,Rbm19,LOCAL,21.6,0.001,1,1,0
ENSMUSP00000031398,ENSMUSG00000029445,Hpd,LOCAL,16.48,0.077,1,0,0
ENSMUSP00000047475,ENSMUSG00000042726,Trafd1,LOCAL,31.2,0,1,1,1
ENSMUSP00000117347,ENSMUSG00000029616,Erp29,LOCAL,17.63,0.03,1,0,1
ENSMUSP00000031414,ENSMUSG00000029458,Brap,LOCAL,43.36,0,1,1,1
ENSMUSP00000031412,ENSMUSG00000029456,Acad10,LOCAL,58.79,0,1,1,1
ENSMUSP00000046497,ENSMUSG00000042647,Acad12,LOCAL,72.86,0,1,1,1
ENSMUSP00000031351,ENSMUSG00000029404,Arl6ip4,LOCAL,24.03,0,1,1,0
ENSMUSP00000031334,ENSMUSG00000029388,Eif2b1,LOCAL,24.16,0,1,0,0
ENSMUSP00000113928,ENSMUSG00000029466,Anapc7,LOCAL,35.5,0,1,1,0
ENSMUSP00000083393,ENSMUSG00000029472,Anapc5,LOCAL,34.86,0,1,1,0
ENSMUSP00000031429,ENSMUSG00000029470,P2rx4,LOCAL,40.59,0,1,1,1
ENSMUSP00000031435,ENSMUSG00000029475,Kdm2b,LOCAL,62.87,0,1,1,0
ENSMUSP00000124740,ENSMUSG00000029406,Pitpnm2,LOCAL,18.97,0.007,1,0,1
ENSMUSP00000098295,ENSMUSG00000029440,Psmd9,LOCAL,52.63,0,1,1,1
ENSMUSP00000031376,ENSMUSG00000029427,Zcchc8,LOCAL,19.49,0.005,1,0,1
ENSMUSP00000031388,ENSMUSG00000029434,Vps33a,LOCAL,59.76,0,1,1,0
ENSMUSP00000115045,ENSMUSG00000029433,Diablo,LOCAL,51.4,0,1,1,1
ENSMUSP00000042188,ENSMUSG00000032741,Tpcn1,LOCAL,17.33,0.039,1,0,1
ENSMUSP00000066808,ENSMUSG00000038095,Sbno1,LOCAL,22.43,0,1,1,0
ENSMUSP00000076594,ENSMUSG00000047635,2810006K23Rik,LOCAL,21.13,0.001,1,1,1
ENSMUSP00000107192,ENSMUSG00000049550,Clip1,LOCAL,23.07,0,1,1,1
ENSMUSP00000122064,ENSMUSG00000049550,Clip1,LOCAL,23.07,0,1,1,0
ENSMUSP00000083242,ENSMUSG00000037936,Scarb1,LOCAL,27.31,0,1,1,0
ENSMUSP00000000939,ENSMUSG00000000915,Hip1r,LOCAL,17.49,0.033,1,1,1
ENSMUSP00000037609,ENSMUSG00000037905,Bri3bp,LOCAL,41.3,0,1,1,1
ENSMUSP00000131734,ENSMUSG00000029480,Dhx37,LOCAL,29.69,0,1,1,0
ENSMUSP00000099584,ENSMUSG00000029465,Arpc3,LOCAL,16.66,0.066,1,0,0
ENSMUSP00000054834,ENSMUSG00000029390,Tmed2,LOCAL,17.38,0.037,1,0,0
ENSMUSP00000051366,ENSMUSG00000042642,Flad1,DISTANT,19.41,0.005,1,0,0
ENSMUSP00000073601,ENSMUSG00000066735,Vkorc1l1,LOCAL,20.24,0.002,1,1,0
ENSMUSP00000037173,ENSMUSG00000056310,Tyw1,LOCAL,16.2,0.094,1,0,0
ENSMUSP00000103940,ENSMUSG00000037563,Rps16,DISTANT,46.82,0,1,1,0
ENSMUSP00000031367,ENSMUSG00000029416,Slc15a4,LOCAL,28.45,0,1,1,0
ENSMUSP00000112779,ENSMUSG00000034211,Mrps17,LOCAL,50.13,0,1,1,0
ENSMUSP00000083211,ENSMUSG00000029432,Gbas,LOCAL,26.04,0,1,1,1
ENSMUSP00000114103,ENSMUSG00000025340,Rabgef1,LOCAL,17.31,0.04,1,0,0
ENSMUSP00000126036,ENSMUSG00000025538,Sumf2,LOCAL,45.95,0,1,1,1
ENSMUSP00000031399,ENSMUSG00000029446,Psph,LOCAL,53.84,0,1,1,1
ENSMUSP00000026613,ENSMUSG00000025534,Gusb,LOCAL,28.44,0,1,1,1
ENSMUSP00000112571,ENSMUSG00000034118,Tpst1,LOCAL,42.07,0,1,1,1
ENSMUSP00000031402,ENSMUSG00000029447,Cct6a,LOCAL,61.99,0,1,1,1
ENSMUSP00000028995,ENSMUSG00000027495,Fam210b,DISTANT,16.82,0.056,1,0,0
ENSMUSP00000075581,ENSMUSG00000061979,Wbscr16,LOCAL,25.41,0,1,0,0
ENSMUSP00000023867,ENSMUSG00000023104,Rfc2,LOCAL,36.17,0,1,1,0
ENSMUSP00000138121,ENSMUSG00000015950,Ncf1,LOCAL,16.57,0.07,1,1,0
ENSMUSP00000015138,ENSMUSG00000029675,Eln,LOCAL,20.65,0.001,1,0,0
ENSMUSP00000019986,ENSMUSG00000019841,Rev3l,DISTANT,17.5,0.033,1,0,0
ENSMUSP00000049625,ENSMUSG00000060261,Gtf2i,LOCAL,18.59,0.012,1,1,0
ENSMUSP00000039080,ENSMUSG00000040557,Wbscr27,LOCAL,60.39,0,1,1,1
ENSMUSP00000106847,ENSMUSG00000040532,Abhd11,LOCAL,16.65,0.066,1,0,1
ENSMUSP00000115011,ENSMUSG00000005374,Tbl2,LOCAL,47.64,0,1,1,1
ENSMUSP00000005507,ENSMUSG00000005373,Mlxipl,LOCAL,16.82,0.057,1,0,0
ENSMUSP00000083146,ENSMUSG00000005378,Wbscr22,LOCAL,28.09,0,1,0,0
ENSMUSP00000095025,ENSMUSG00000062078,Qk,DISTANT,20.4,0.002,1,0,0
ENSMUSP00000045252,ENSMUSG00000039886,Tmem120a,LOCAL,20.2,0.002,1,1,1
ENSMUSP00000084466,ENSMUSG00000026174,Rqcd1,DISTANT,16.47,0.077,1,0,0
ENSMUSP00000004968,ENSMUSG00000004846,Plod3,LOCAL,25.98,0,1,1,1
ENSMUSP00000043123,ENSMUSG00000037364,Srrt,LOCAL,26.9,0,1,0,0
ENSMUSP00000051622,ENSMUSG00000029710,Ephb4,LOCAL,38.2,0,1,1,0
ENSMUSP00000031741,ENSMUSG00000029727,Cyp3a13,LOCAL,74.17,0,1,1,1
ENSMUSP00000038559,ENSMUSG00000037053,Azgp1,LOCAL,30.55,0,1,1,0
ENSMUSP00000019638,ENSMUSG00000019494,Cops6,LOCAL,36.01,0,1,1,0
ENSMUSP00000031729,ENSMUSG00000029716,Tfr2,LOCAL,18.16,0.019,1,1,0
ENSMUSP00000038106,ENSMUSG00000037344,Slc12a9,LOCAL,25.95,0,1,1,0
ENSMUSP00000056655,ENSMUSG00000036817,Sun1,LOCAL,24.02,0,1,1,0
ENSMUSP00000062046,ENSMUSG00000045438,Cox19,LOCAL,39.89,0,1,1,0
ENSMUSP00000098076,ENSMUSG00000056076,Eif3b,LOCAL,17,0.049,1,0,0
ENSMUSP00000031536,ENSMUSG00000029557,Ftsj2,LOCAL,21.2,0.001,1,1,0
ENSMUSP00000071778,ENSMUSG00000036639,Nudt1,LOCAL,29.17,0,1,1,1
ENSMUSP00000042509,ENSMUSG00000032512,Wdr48,DISTANT,16.37,0.083,1,0,0
ENSMUSP00000031736,ENSMUSG00000029722,Agfg2,LOCAL,16.52,0.074,1,0,0
ENSMUSP00000063999,ENSMUSG00000036333,Kidins220,DISTANT,17.75,0.025,1,0,0
ENSMUSP00000041863,ENSMUSG00000039623,Ap5z1,LOCAL,17.88,0.024,1,1,0
ENSMUSP00000119765,ENSMUSG00000039206,Daglb,LOCAL,41.91,0,1,1,0
ENSMUSP00000079380,ENSMUSG00000001847,Rac1,LOCAL,22.47,0,1,0,0
ENSMUSP00000042544,ENSMUSG00000045482,Trrap,LOCAL,19.4,0.005,1,0,0
ENSMUSP00000039726,ENSMUSG00000038690,Atp5j2,LOCAL,18.32,0.016,1,0,0
ENSMUSP00000065585,ENSMUSG00000029630,Cyp3a25,LOCAL,63.02,0,1,1,1
ENSMUSP00000124966,ENSMUSG00000029625,Cpsf4,LOCAL,45.83,0,1,1,0
ENSMUSP00000098029,ENSMUSG00000038780,Smurf1,LOCAL,43.12,0,1,1,0
ENSMUSP00000075234,ENSMUSG00000075552,Cyp3a41b,LOCAL,20.62,0.002,1,0,1
ENSMUSP00000041652,ENSMUSG00000041453,Rpl21,LOCAL,67.4,0,1,1,0
ENSMUSP00000063398,ENSMUSG00000016510,Mtif3,LOCAL,30.1,0,1,1,0
ENSMUSP00000058355,ENSMUSG00000029642,Polr1d,LOCAL,31.86,0,1,1,0
ENSMUSP00000098000,ENSMUSG00000075543,Urad,LOCAL,53.49,0,1,1,1
ENSMUSP00000031628,ENSMUSG00000029624,Ptcd1,LOCAL,16.43,0.08,1,0,0
ENSMUSP00000113157,ENSMUSG00000009575,Cbx5,DISTANT,19.32,0.005,1,0,0
ENSMUSP00000111639,ENSMUSG00000084128,Esrp2,DISTANT,18.13,0.02,1,0,0
ENSMUSP00000042177,ENSMUSG00000032702,Kank1,DISTANT,16.29,0.088,1,0,0
ENSMUSP00000138326,ENSMUSG00000069601,Ank3,DISTANT,16.23,0.093,1,0,0
ENSMUSP00000027438,ENSMUSG00000026234,Ncl,DISTANT,16.25,0.091,1,0,0
ENSMUSP00000082682,ENSMUSG00000066551,Hmgb1,LOCAL,64.18,0,1,1,0
ENSMUSP00000071130,ENSMUSG00000060063,Alox5ap,LOCAL,38.97,0,1,1,1
ENSMUSP00000016279,ENSMUSG00000041132,N4bp2l1,LOCAL,21.7,0.001,1,0,0
ENSMUSP00000041985,ENSMUSG00000040548,Tex2,DISTANT,18.41,0.015,1,0,0
ENSMUSP00000033923,ENSMUSG00000031523,Dlc1,DISTANT,16.45,0.078,1,0,0
ENSMUSP00000016569,ENSMUSG00000034021,Pds5b,LOCAL,26.53,0,1,0,0
ENSMUSP00000003720,ENSMUSG00000003623,Crot,DISTANT,16.4,0.081,1,0,0
ENSMUSP00000117690,ENSMUSG00000000827,Tpd52l2,DISTANT,16.29,0.088,1,0,0
ENSMUSP00000002663,ENSMUSG00000002588,Pon1,LOCAL,19.45,0.005,1,1,0
ENSMUSP00000062670,ENSMUSG00000032667,Pon2,LOCAL,67.02,0,1,1,1
ENSMUSP00000031773,ENSMUSG00000029759,Pon3,LOCAL,47.49,0,1,1,1
ENSMUSP00000111204,ENSMUSG00000029752,Asns,LOCAL,23.36,0,1,1,0
ENSMUSP00000039301,ENSMUSG00000042447,Mios,LOCAL,24.13,0,1,1,1
ENSMUSP00000012627,ENSMUSG00000012483,Rpa3,LOCAL,30.4,0,1,1,0
ENSMUSP00000031637,ENSMUSG00000029632,Ndufa4,LOCAL,21.84,0,1,0,0
ENSMUSP00000023813,ENSMUSG00000023051,Tarbp2,DISTANT,16.32,0.086,1,0,0
ENSMUSP00000047845,ENSMUSG00000042462,Dctpp1,DISTANT,16.2,0.094,1,0,0
ENSMUSP00000067109,ENSMUSG00000040455,Usp45,DISTANT,16.53,0.074,1,0,0
ENSMUSP00000025482,ENSMUSG00000039529,Atp8b1,DISTANT,17.86,0.024,1,0,0
ENSMUSP00000031554,ENSMUSG00000029569,Tmem168,LOCAL,20.43,0.002,1,0,1
ENSMUSP00000022060,ENSMUSG00000021576,Pdcd6,DISTANT,17.12,0.045,1,0,0
ENSMUSP00000027797,ENSMUSG00000026516,Nvl,DISTANT,16.94,0.051,1,0,0
ENSMUSP00000079324,ENSMUSG00000009376,Met,LOCAL,24.53,0,1,1,1
ENSMUSP00000111077,ENSMUSG00000029534,St7,LOCAL,65.41,0,1,1,0
ENSMUSP00000015877,ENSMUSG00000015733,Capza2,LOCAL,30.52,0,1,0,0
ENSMUSP00000126374,ENSMUSG00000042396,Rbm7,DISTANT,17.69,0.028,1,0,0
ENSMUSP00000127709,ENSMUSG00000029672,Fam3c,LOCAL,16.88,0.054,1,0,0
ENSMUSP00000031707,ENSMUSG00000029695,Aass,LOCAL,19.33,0.005,1,1,0
ENSMUSP00000031695,ENSMUSG00000029684,Wasl,LOCAL,18.32,0.016,1,0,0
ENSMUSP00000023851,ENSMUSG00000023089,Ndufa5,LOCAL,17.37,0.037,1,0,0
ENSMUSP00000087997,ENSMUSG00000029708,Gcc1,LOCAL,28.7,0,1,1,0
ENSMUSP00000031779,ENSMUSG00000029767,Calu,LOCAL,17.84,0.024,1,1,0
ENSMUSP00000087967,ENSMUSG00000029767,Calu,LOCAL,17.84,0.024,1,1,0
ENSMUSP00000020717,ENSMUSG00000020440,Arf5,LOCAL,29.94,0,1,1,0
ENSMUSP00000007993,ENSMUSG00000029701,Rbm28,LOCAL,36.99,0,1,1,0
ENSMUSP00000055254,ENSMUSG00000029823,Luc7l2,LOCAL,16.76,0.06,1,0,0
ENSMUSP00000100058,ENSMUSG00000039159,Ube2h,LOCAL,21.09,0.001,1,0,0
ENSMUSP00000038368,ENSMUSG00000025607,Copg2,LOCAL,19.77,0.004,1,0,0
ENSMUSP00000046324,ENSMUSG00000033318,Gstt2,DISTANT,17.04,0.047,1,0,0
ENSMUSP00000012679,ENSMUSG00000012535,Tnpo3,LOCAL,17.4,0.036,1,0,0
ENSMUSP00000031866,ENSMUSG00000029840,Mtpn,LOCAL,16.34,0.085,1,0,0
ENSMUSP00000100045,ENSMUSG00000001642,Akr1b3,LOCAL,27.46,0,1,1,1
ENSMUSP00000022317,ENSMUSG00000021792,Fam213a,DISTANT,16.77,0.059,1,0,0
ENSMUSP00000051965,ENSMUSG00000029763,Exoc4,LOCAL,24.87,0,1,1,0
ENSMUSP00000040244,ENSMUSG00000029762,Akr1b8,LOCAL,28.17,0,1,1,0
ENSMUSP00000110679,ENSMUSG00000029761,Cald1,LOCAL,28.82,0,1,1,1
ENSMUSP00000110673,ENSMUSG00000029761,Cald1,LOCAL,28.82,0,1,1,0
ENSMUSP00000019833,ENSMUSG00000019689,1110001J03Rik,LOCAL,17.95,0.023,1,0,0
ENSMUSP00000007449,ENSMUSG00000052131,Akr1b7,LOCAL,24.2,0,1,1,0
ENSMUSP00000135930,ENSMUSG00000006676,Usp19,DISTANT,16.56,0.071,1,0,0
ENSMUSP00000062996,ENSMUSG00000021218,Gdi2,DISTANT,16.46,0.078,1,0,0
ENSMUSP00000031978,ENSMUSG00000029918,Mrps33,LOCAL,18.95,0.008,1,1,0
ENSMUSP00000031977,ENSMUSG00000029916,Agk,LOCAL,28.47,0,1,1,1
ENSMUSP00000079974,ENSMUSG00000058486,Wdr91,LOCAL,16.96,0.05,1,1,1
ENSMUSP00000031897,ENSMUSG00000029864,Gstk1,LOCAL,64.35,0,1,1,1
ENSMUSP00000070427,ENSMUSG00000029860,Zyx,LOCAL,32.83,0,1,1,0
ENSMUSP00000065631,ENSMUSG00000029735,Tpk1,LOCAL,43.58,0,1,1,0
ENSMUSP00000118918,ENSMUSG00000002416,Ndufb2,LOCAL,17.26,0.041,1,1,0
ENSMUSP00000031879,ENSMUSG00000029851,Fam115c,LOCAL,63.91,0,1,1,1
ENSMUSP00000076521,ENSMUSG00000025823,Pdia4,LOCAL,18.45,0.014,1,1,1
ENSMUSP00000087524,ENSMUSG00000054435,Gimap4,LOCAL,27.01,0,1,0,1
ENSMUSP00000009425,ENSMUSG00000009281,Rarres2,LOCAL,37.25,0,1,1,1
ENSMUSP00000050330,ENSMUSG00000051124,Gimap9,LOCAL,37.66,0,1,1,0
ENSMUSP00000110112,ENSMUSG00000029822,Osbpl3,LOCAL,25.35,0,1,1,0
ENSMUSP00000077350,ENSMUSG00000064262,Gimap8,LOCAL,22.81,0,1,1,0
ENSMUSP00000130522,ENSMUSG00000029821,Dfna5,LOCAL,18.74,0.01,1,0,1
ENSMUSP00000077342,ENSMUSG00000059182,Skap2,LOCAL,20.83,0.001,1,1,0
ENSMUSP00000079548,ENSMUSG00000004535,Tax1bp1,LOCAL,27.7,0,1,0,0
ENSMUSP00000035908,ENSMUSG00000004633,Chn2,LOCAL,17.09,0.045,1,1,0
ENSMUSP00000120154,ENSMUSG00000002797,Ggct,LOCAL,39.66,0,1,1,1
ENSMUSP00000003569,ENSMUSG00000003477,Inmt,LOCAL,44.92,0,1,1,1
ENSMUSP00000120240,ENSMUSG00000086040,Wipf3,LOCAL,32.56,0,1,1,1
ENSMUSP00000003572,ENSMUSG00000029777,Gars,LOCAL,18.71,0.01,1,0,1
ENSMUSP00000031793,ENSMUSG00000029780,Nt5c3,LOCAL,37.41,0,1,1,1
ENSMUSP00000055747,ENSMUSG00000038058,Nod1,LOCAL,29.32,0,1,0,0
ENSMUSP00000041395,ENSMUSG00000037826,Ppm1k,LOCAL,16.53,0.074,1,1,0
ENSMUSP00000031795,ENSMUSG00000029781,Fkbp9,LOCAL,35.08,0,1,1,1
ENSMUSP00000072723,ENSMUSG00000062190,Lancl2,LOCAL,25.87,0,1,1,1
ENSMUSP00000068487,ENSMUSG00000056429,Tgoln1,LOCAL,16.82,0.056,1,0,1
ENSMUSP00000046557,ENSMUSG00000036402,Gng12,LOCAL,23.43,0,1,1,0
ENSMUSP00000068568,ENSMUSG00000056666,Retsat,LOCAL,20.56,0.002,1,1,1
ENSMUSP00000031736,ENSMUSG00000029722,Agfg2,DISTANT,16.18,0.095,1,0,0
ENSMUSP00000124423,ENSMUSG00000054474,Thnsl2,LOCAL,51.29,0,1,1,1
ENSMUSP00000066128,ENSMUSG00000055850,Rnf181,LOCAL,65.68,0,1,1,1
ENSMUSP00000066493,ENSMUSG00000052962,Mrpl35,LOCAL,23.9,0,1,1,0
ENSMUSP00000098843,ENSMUSG00000073002,Vamp5,LOCAL,21.04,0.001,1,1,1
ENSMUSP00000109815,ENSMUSG00000053119,Chmp3,LOCAL,49.65,0,1,1,1
ENSMUSP00000060858,ENSMUSG00000049553,Polr1a,LOCAL,26.86,0,1,1,0
ENSMUSP00000002292,ENSMUSG00000002222,Rmnd5a,LOCAL,32.17,0,1,1,0
ENSMUSP00000112304,ENSMUSG00000029910,Mad2l1,LOCAL,16.87,0.055,1,0,0
ENSMUSP00000070109,ENSMUSG00000053460,Ggcx,LOCAL,28.85,0,1,1,1
ENSMUSP00000063389,ENSMUSG00000056737,Capg,LOCAL,23.06,0,1,1,1
ENSMUSP00000064515,ENSMUSG00000056305,Usp39,LOCAL,18.85,0.009,1,1,0
ENSMUSP00000087118,ENSMUSG00000053907,Mat2a,LOCAL,17.28,0.04,1,1,0
ENSMUSP00000065113,ENSMUSG00000052738,Suclg1,LOCAL,17.92,0.023,1,0,1
ENSMUSP00000030069,ENSMUSG00000028378,Ptgr1,DISTANT,17.91,0.023,1,0,0
ENSMUSP00000067786,ENSMUSG00000024241,Sos1,DISTANT,16.49,0.076,1,0,0
ENSMUSP00000049749,ENSMUSG00000045455,Gm9797,DISTANT,16.82,0.056,1,0,0
ENSMUSP00000014698,ENSMUSG00000014554,Dguok,LOCAL,33.05,0,1,1,0
ENSMUSP00000109571,ENSMUSG00000030037,Mrpl53,LOCAL,35.27,0,1,1,0
ENSMUSP00000037422,ENSMUSG00000035104,Eva1a,LOCAL,33.39,0,1,1,0
ENSMUSP00000118348,ENSMUSG00000045160,Bola3,LOCAL,19.17,0.006,1,0,0
ENSMUSP00000087073,ENSMUSG00000068329,Htra2,LOCAL,26.14,0,1,1,1
ENSMUSP00000032114,ENSMUSG00000030036,Mogs,LOCAL,18.09,0.02,1,0,1
ENSMUSP00000109482,ENSMUSG00000034744,Nagk,LOCAL,70.39,0,1,1,1
ENSMUSP00000093426,ENSMUSG00000071337,Tia1,LOCAL,17.2,0.043,1,0,0
ENSMUSP00000048111,ENSMUSG00000033735,Spr,LOCAL,19.53,0.005,1,0,1
ENSMUSP00000123947,ENSMUSG00000089694,Gm4477,LOCAL,28.78,0,1,1,1
ENSMUSP00000109305,ENSMUSG00000029994,Anxa4,LOCAL,36.19,0,1,1,1
ENSMUSP00000124488,ENSMUSG00000057103,Cml1,LOCAL,28.31,0,1,1,1
ENSMUSP00000071426,ENSMUSG00000057497,Fam136a,LOCAL,17.38,0.037,1,0,0
ENSMUSP00000044587,ENSMUSG00000033634,Cml2,LOCAL,21.78,0.001,1,1,1
ENSMUSP00000087022,ENSMUSG00000033788,Dysf,LOCAL,47.85,0,1,1,1
ENSMUSP00000086923,ENSMUSG00000030056,Isy1,LOCAL,27.33,0,1,1,0
ENSMUSP00000032073,ENSMUSG00000030004,Nat8,LOCAL,43.31,0,1,1,1
ENSMUSP00000032074,ENSMUSG00000079494,Cml5,LOCAL,25.13,0,1,1,1
ENSMUSP00000032168,ENSMUSG00000030082,Sec61a1,LOCAL,18.34,0.016,1,0,0
ENSMUSP00000113637,ENSMUSG00000029993,Nfu1,LOCAL,28.31,0,1,1,0
ENSMUSP00000109382,ENSMUSG00000054226,Tprkb,LOCAL,19.33,0.005,1,1,0
ENSMUSP00000131207,ENSMUSG00000033216,Eefsec,LOCAL,19.88,0.003,1,0,1
ENSMUSP00000027626,ENSMUSG00000026377,Mki67ip,DISTANT,16.58,0.07,1,0,0
ENSMUSP00000032065,ENSMUSG00000029998,Pcyox1,LOCAL,17.99,0.022,1,0,0
ENSMUSP00000109215,ENSMUSG00000033174,Mgll,LOCAL,18.23,0.017,1,0,0
ENSMUSP00000098712,ENSMUSG00000034312,Iqsec1,LOCAL,24.8,0,1,0,0
ENSMUSP00000014694,ENSMUSG00000014550,Zfyve20,LOCAL,28.47,0,1,1,0
ENSMUSP00000043828,ENSMUSG00000034245,Hdac11,LOCAL,17.38,0.037,1,1,0
ENSMUSP00000032179,ENSMUSG00000030091,Nup210,LOCAL,32.45,0,1,1,1
ENSMUSP00000114402,ENSMUSG00000014551,Mrps25,LOCAL,30.47,0,1,1,0
ENSMUSP00000129448,ENSMUSG00000024096,Ralbp1,DISTANT,16.12,0.1,1,0,0
ENSMUSP00000056485,ENSMUSG00000001472,Tcf25,DISTANT,16.19,0.095,1,0,0
ENSMUSP00000058028,ENSMUSG00000045100,Slc25a26,LOCAL,32.07,0,1,1,1
ENSMUSP00000086730,ENSMUSG00000045095,Magi1,LOCAL,23.12,0,1,0,1
ENSMUSP00000061610,ENSMUSG00000035245,Eogt,LOCAL,25.63,0,1,1,1
ENSMUSP00000093325,ENSMUSG00000030059,Tmf1,LOCAL,38.47,0,1,1,0
ENSMUSP00000078774,ENSMUSG00000061838,Suclg2,LOCAL,46.16,0,1,1,1
ENSMUSP00000041503,ENSMUSG00000035199,Arl6ip5,LOCAL,22.36,0,1,1,0
ENSMUSP00000084257,ENSMUSG00000067150,Xpo5,DISTANT,17.8,0.025,1,0,0
ENSMUSP00000032191,ENSMUSG00000030101,Sumf1,LOCAL,19.9,0.003,1,0,0
ENSMUSP00000032196,ENSMUSG00000030105,Arl8b,LOCAL,28.17,0,1,1,0
ENSMUSP00000086565,ENSMUSG00000030104,Edem1,LOCAL,24.22,0,1,0,0
ENSMUSP00000108715,ENSMUSG00000051169,Rpusd3,LOCAL,28.54,0,1,1,1
ENSMUSP00000032398,ENSMUSG00000030264,Thumpd3,LOCAL,21.74,0.001,1,1,0
ENSMUSP00000032409,ENSMUSG00000030272,Camk1,LOCAL,40.3,0,1,1,1
ENSMUSP00000098631,ENSMUSG00000051256,Jagn1,LOCAL,34,0,1,1,0
ENSMUSP00000041644,ENSMUSG00000033940,Brk1,LOCAL,18.06,0.021,1,1,0
ENSMUSP00000104270,ENSMUSG00000035585,Tsen34,DISTANT,16.21,0.094,1,0,0
ENSMUSP00000032457,ENSMUSG00000030314,Atg7,LOCAL,45.99,0,1,1,1
ENSMUSP00000103443,ENSMUSG00000003423,Pih1d1,DISTANT,19.46,0.005,1,0,0
ENSMUSP00000015622,ENSMUSG00000015478,Rnf5,DISTANT,16.78,0.059,1,0,0
ENSMUSP00000080224,ENSMUSG00000054612,Mgmt,DISTANT,16.37,0.083,1,0,0
ENSMUSP00000032376,ENSMUSG00000057604,Lmcd1,LOCAL,18.21,0.018,1,0,0
ENSMUSP00000038983,ENSMUSG00000024104,Fam21,LOCAL,40.89,0,1,1,0
ENSMUSP00000064594,ENSMUSG00000029775,Klhdc10,DISTANT,17.69,0.028,1,0,0
ENSMUSP00000034697,ENSMUSG00000057193,Slc44a2,DISTANT,17.67,0.028,1,0,0
ENSMUSP00000108487,ENSMUSG00000061353,Cxcl12,LOCAL,32.72,0,1,1,1
ENSMUSP00000032272,ENSMUSG00000030168,Adipor2,LOCAL,23.26,0,1,1,0
ENSMUSP00000085921,ENSMUSG00000067825,Pex26,LOCAL,16.82,0.056,1,1,0
ENSMUSP00000125731,ENSMUSG00000004446,Bid,LOCAL,68,0,1,1,1
ENSMUSP00000019354,ENSMUSG00000019210,Atp6v1e1,LOCAL,19.16,0.006,1,0,0
ENSMUSP00000066779,ENSMUSG00000030108,Slc6a13,LOCAL,23.07,0,1,1,0
ENSMUSP00000032233,ENSMUSG00000030137,Tuba8,LOCAL,31.26,0,1,1,0
ENSMUSP00000007602,ENSMUSG00000007458,M6pr,LOCAL,17.17,0.044,1,1,0
ENSMUSP00000080469,ENSMUSG00000030131,Mug2,LOCAL,76.84,0,1,1,1
ENSMUSP00000042883,ENSMUSG00000038527,C1rl,LOCAL,17.56,0.032,1,0,0
ENSMUSP00000063707,ENSMUSG00000055172,C1ra,LOCAL,36.97,0,1,1,0
ENSMUSP00000079398,ENSMUSG00000005069,Pex5,LOCAL,24.97,0,1,1,1
ENSMUSP00000125531,ENSMUSG00000038521,C1s,LOCAL,19.89,0.003,1,0,1
ENSMUSP00000032485,ENSMUSG00000030335,Mrpl51,LOCAL,16.38,0.082,1,0,0
ENSMUSP00000113942,ENSMUSG00000057666,Gapdh,LOCAL,32.39,0,1,1,0
ENSMUSP00000108058,ENSMUSG00000030127,Cops7a,LOCAL,23.77,0,1,0,0
ENSMUSP00000046536,ENSMUSG00000036291,Ap5m1,DISTANT,17.23,0.042,1,0,0
ENSMUSP00000004379,ENSMUSG00000004268,Emg1,LOCAL,20.03,0.003,1,1,0
ENSMUSP00000032492,ENSMUSG00000030342,Cd9,LOCAL,17.23,0.042,1,1,0
ENSMUSP00000048643,ENSMUSG00000038028,9630033F20Rik,LOCAL,45.56,0,1,1,1
ENSMUSP00000107796,ENSMUSG00000030352,Tspan9,LOCAL,41.49,0,1,1,1
ENSMUSP00000001559,ENSMUSG00000001518,Itfg2,LOCAL,29.56,0,1,1,1
ENSMUSP00000032260,ENSMUSG00000030157,Clec2d,LOCAL,22.73,0,1,1,1
ENSMUSP00000032264,ENSMUSG00000030161,Gabarapl1,LOCAL,17.11,0.045,1,0,0
ENSMUSP00000032510,ENSMUSG00000030359,Pzp,LOCAL,20.32,0.002,1,1,0
ENSMUSP00000032326,ENSMUSG00000030204,Ddx47,LOCAL,40.98,0,1,1,1
ENSMUSP00000054913,ENSMUSG00000042992,Loh12cr1,LOCAL,25.87,0,1,1,1
ENSMUSP00000079818,ENSMUSG00000030199,Etv6,LOCAL,19.59,0.004,1,0,0
ENSMUSP00000042232,ENSMUSG00000042770,Hebp1,LOCAL,17.38,0.037,1,0,1
ENSMUSP00000032344,ENSMUSG00000030220,Arhgdib,LOCAL,19.63,0.004,1,1,1
ENSMUSP00000032336,ENSMUSG00000030214,Plbd1,LOCAL,37.09,0,1,1,1
ENSMUSP00000117947,ENSMUSG00000030512,Snrpa1,DISTANT,16.42,0.081,1,0,0
ENSMUSP00000112213,ENSMUSG00000030216,Wbp11,LOCAL,17.89,0.024,1,0,0
ENSMUSP00000084959,ENSMUSG00000030225,Dera,LOCAL,55.94,0,1,1,0
ENSMUSP00000068267,ENSMUSG00000030224,Strap,LOCAL,19.09,0.007,1,0,0
ENSMUSP00000008684,ENSMUSG00000008540,Mgst1,LOCAL,18.65,0.011,1,1,0
ENSMUSP00000034051,ENSMUSG00000031634,Ufsp2,DISTANT,18.81,0.009,1,0,0
ENSMUSP00000107499,ENSMUSG00000030228,Pik3c2g,LOCAL,32.5,0,1,1,1
ENSMUSP00000128400,ENSMUSG00000090553,Snrpe,DISTANT,17.35,0.038,1,0,0
ENSMUSP00000036394,ENSMUSG00000041671,Pyroxd1,LOCAL,19.19,0.006,1,0,0
ENSMUSP00000117596,ENSMUSG00000054823,Whsc1l1,DISTANT,17.18,0.043,1,0,0
ENSMUSP00000088298,ENSMUSG00000059005,Hnrnpa3,DISTANT,17.23,0.042,1,0,0
ENSMUSP00000036739,ENSMUSG00000036292,Gramd1c,DISTANT,16.39,0.082,1,0,0
ENSMUSP00000037022,ENSMUSG00000041698,Slco1a1,LOCAL,48.26,0,1,1,1
ENSMUSP00000032373,ENSMUSG00000030246,Ldhb,LOCAL,53.24,0,1,1,1
ENSMUSP00000032364,ENSMUSG00000030237,Slco1a4,LOCAL,22.21,0,1,0,1
ENSMUSP00000032419,ENSMUSG00000030282,Cmas,LOCAL,49.56,0,1,1,1
ENSMUSP00000032413,ENSMUSG00000030275,Etnk1,LOCAL,16.43,0.079,1,0,0
ENSMUSP00000086422,ENSMUSG00000068040,Tm9sf4,DISTANT,16.81,0.057,1,0,0
ENSMUSP00000107354,ENSMUSG00000040370,Lyrm5,LOCAL,23.52,0,1,1,1
ENSMUSP00000079180,ENSMUSG00000009927,Rps25,DISTANT,46.79,0,1,1,0
ENSMUSP00000107333,ENSMUSG00000030259,Rassf8,LOCAL,30.97,0,1,1,0
ENSMUSP00000045650,ENSMUSG00000040234,Tm7sf3,LOCAL,78.93,0,1,1,1
ENSMUSP00000001675,ENSMUSG00000001630,Stk38l,LOCAL,25.02,0,1,1,1
ENSMUSP00000049584,ENSMUSG00000030287,Itpr2,LOCAL,55.32,0,1,1,0
ENSMUSP00000016631,ENSMUSG00000016487,Ppfibp1,LOCAL,22.73,0,1,1,1
ENSMUSP00000071658,ENSMUSG00000063171,Rps4y2,LOCAL,17.92,0.023,1,1,0
ENSMUSP00000046759,ENSMUSG00000040029,Ipo8,LOCAL,19.7,0.004,1,1,0
ENSMUSP00000131318,ENSMUSG00000068566,Myadm,LOCAL,24.38,0,1,1,0
ENSMUSP00000006496,ENSMUSG00000006333,Rps9,LOCAL,46.1,0,1,1,0
ENSMUSP00000037107,ENSMUSG00000035596,Mboat7,LOCAL,29.83,0,1,1,1
ENSMUSP00000112428,ENSMUSG00000035545,Leng8,LOCAL,19.65,0.004,1,0,0
ENSMUSP00000078886,ENSMUSG00000063802,Hspbp1,LOCAL,17.29,0.04,1,0,0
ENSMUSP00000066859,ENSMUSG00000052605,Isoc2b,LOCAL,80.71,0,1,1,1
ENSMUSP00000005705,ENSMUSG00000005566,Trim28,LOCAL,17.4,0.036,1,0,0
ENSMUSP00000131514,ENSMUSG00000086784,Isoc2a,LOCAL,68.44,0,1,1,1
ENSMUSP00000032597,ENSMUSG00000030432,Rpl28,LOCAL,62.79,0,1,1,0
ENSMUSP00000008579,ENSMUSG00000008435,Rdh13,LOCAL,20.73,0.001,1,0,1
ENSMUSP00000092468,ENSMUSG00000046792,Zfp787,LOCAL,19.24,0.006,1,1,0
ENSMUSP00000005714,ENSMUSG00000005575,Ube2m,LOCAL,16.69,0.063,1,0,0
ENSMUSP00000000619,ENSMUSG00000000605,Clcn4-2,LOCAL,67.35,0,1,1,0
ENSMUSP00000075884,ENSMUSG00000070810,Sult2a6,LOCAL,51.95,0,1,1,0
ENSMUSP00000083317,ENSMUSG00000070811,Sult2a2,LOCAL,30.92,0,1,1,0
ENSMUSP00000038943,ENSMUSG00000041571,Sepw1,LOCAL,69.25,0,1,1,0
ENSMUSP00000092409,ENSMUSG00000052833,Sae1,LOCAL,75.3,0,1,1,0
ENSMUSP00000019302,ENSMUSG00000019158,Tmem160,LOCAL,20.32,0.002,1,0,0
ENSMUSP00000032539,ENSMUSG00000030382,Slc27a5,LOCAL,32.08,0,1,1,1
ENSMUSP00000006181,ENSMUSG00000006024,Napa,LOCAL,29.03,0,1,0,0
ENSMUSP00000131192,ENSMUSG00000041187,Prkd2,LOCAL,25.03,0,1,1,0
ENSMUSP00000019220,ENSMUSG00000030374,Strn4,LOCAL,20.18,0.002,1,1,0
ENSMUSP00000104162,ENSMUSG00000078798,Sult2a1,LOCAL,22.74,0,1,1,0
ENSMUSP00000003183,ENSMUSG00000003099,Ppp5c,LOCAL,30.14,0,1,1,1
ENSMUSP00000024887,ENSMUSG00000024082,Ndufaf7,DISTANT,17.23,0.042,1,0,0
ENSMUSP00000032566,ENSMUSG00000030407,Qpctl,LOCAL,50.83,0,1,1,1
ENSMUSP00000023882,ENSMUSG00000023118,Sympk,LOCAL,50.55,0,1,1,0
ENSMUSP00000003074,ENSMUSG00000002992,Apoc2,LOCAL,35.76,0,1,1,0
ENSMUSP00000076624,ENSMUSG00000057667,Bloc1s3,LOCAL,20.4,0.002,1,1,0
ENSMUSP00000054380,ENSMUSG00000030400,Ercc2,LOCAL,48.63,0,1,1,0
ENSMUSP00000060233,ENSMUSG00000051403,Ppp1r37,LOCAL,20.92,0.001,1,1,0
ENSMUSP00000037654,ENSMUSG00000040811,Eml2,LOCAL,17.17,0.043,1,0,0
ENSMUSP00000051293,ENSMUSG00000002981,Clptm1,LOCAL,20.09,0.003,1,0,1
ENSMUSP00000070995,ENSMUSG00000051768,Xrcc1,LOCAL,34.74,0,1,1,1
ENSMUSP00000036699,ENSMUSG00000041037,Irgq,LOCAL,17.12,0.045,1,0,1
ENSMUSP00000025236,ENSMUSG00000024378,Stard4,DISTANT,16.87,0.054,1,0,0
ENSMUSP00000003207,ENSMUSG00000003123,Lipe,LOCAL,19.8,0.003,1,1,1
ENSMUSP00000113771,ENSMUSG00000040940,Arhgef1,LOCAL,23.81,0,1,0,0
ENSMUSP00000076227,ENSMUSG00000003380,Rabac1,LOCAL,22.3,0,1,1,0
ENSMUSP00000104048,ENSMUSG00000005447,Pafah1b3,LOCAL,48.64,0,1,1,1
ENSMUSP00000064255,ENSMUSG00000054385,Ceacam2,LOCAL,83.92,0,1,1,1
ENSMUSP00000096266,ENSMUSG00000074272,Ceacam1,LOCAL,56.39,0,1,1,1
ENSMUSP00000072264,ENSMUSG00000030483,Cyp2b10,LOCAL,39.72,0,1,1,1
ENSMUSP00000076563,ENSMUSG00000057229,Atp5sl,LOCAL,57.96,0,1,1,0
ENSMUSP00000104067,ENSMUSG00000040952,Rps19,LOCAL,17.42,0.035,1,0,0
ENSMUSP00000080846,ENSMUSG00000040660,Cyp2b9,LOCAL,35.4,0,1,1,1
ENSMUSP00000113678,ENSMUSG00000061479,Snrpa,LOCAL,21.63,0.001,1,0,0
ENSMUSP00000096254,ENSMUSG00000074254,Cyp2a4,LOCAL,27.85,0,1,1,1
ENSMUSP00000128030,ENSMUSG00000091867,Cyp2a22,LOCAL,24.16,0,1,0,0
ENSMUSP00000074990,ENSMUSG00000060407,Cyp2a12,LOCAL,55.03,0,1,1,1
ENSMUSP00000003100,ENSMUSG00000052974,Cyp2f2,LOCAL,21.61,0.001,1,1,0
ENSMUSP00000003860,ENSMUSG00000003762,Adck4,LOCAL,31.77,0,1,0,1
ENSMUSP00000113820,ENSMUSG00000003363,Pld3,LOCAL,29.58,0,1,1,1
ENSMUSP00000103981,ENSMUSG00000004056,Akt2,LOCAL,29.85,0,1,0,0
ENSMUSP00000108734,ENSMUSG00000079427,Gm2382,DISTANT,16.47,0.077,1,0,0
ENSMUSP00000043092,ENSMUSG00000040466,Blvrb,LOCAL,24.06,0,1,1,1
ENSMUSP00000034049,ENSMUSG00000031633,Slc25a4,DISTANT,16.43,0.079,1,0,0
ENSMUSP00000114271,ENSMUSG00000047730,Fcgbp,LOCAL,67.7,0,1,1,0
ENSMUSP00000037613,ENSMUSG00000046865,Fbl,LOCAL,35.71,0,1,1,0
ENSMUSP00000066092,ENSMUSG00000053898,Ech1,LOCAL,34.22,0,1,1,1
ENSMUSP00000096204,ENSMUSG00000074227,Spint2,LOCAL,29.71,0,1,1,0
ENSMUSP00000032808,ENSMUSG00000030587,2200002D01Rik,LOCAL,48.58,0,1,1,1
ENSMUSP00000035642,ENSMUSG00000037166,Ppp1r14a,LOCAL,37.45,0,1,1,1
ENSMUSP00000003529,ENSMUSG00000003437,Paf1,LOCAL,30.95,0,1,1,0
ENSMUSP00000103873,ENSMUSG00000030588,Yif1b,LOCAL,28.42,0,1,0,0
ENSMUSP00000132443,ENSMUSG00000045948,Mrps12,LOCAL,27.96,0,1,1,0
ENSMUSP00000103927,ENSMUSG00000060791,Gmfg,LOCAL,19.55,0.005,1,0,1
ENSMUSP00000096185,ENSMUSG00000074211,Sdhaf1,LOCAL,22.96,0,1,1,0
ENSMUSP00000006254,ENSMUSG00000006095,Tbcb,LOCAL,20.09,0.003,1,0,1
ENSMUSP00000001845,ENSMUSG00000001794,Capns1,LOCAL,47.6,0,1,1,0
ENSMUSP00000001279,ENSMUSG00000001247,Lsr,LOCAL,17.94,0.023,1,1,0
ENSMUSP00000041149,ENSMUSG00000033307,Mif,DISTANT,37.45,0,1,1,0
ENSMUSP00000062214,ENSMUSG00000036892,Prodh2,LOCAL,48.53,0,1,1,1
ENSMUSP00000003527,ENSMUSG00000003435,Supt5,LOCAL,21.06,0.001,1,0,0
ENSMUSP00000132435,ENSMUSG00000028270,Gbp2,DISTANT,16.27,0.09,1,0,0
ENSMUSP00000006478,ENSMUSG00000006315,Tmem147,LOCAL,63.76,0,1,1,1
ENSMUSP00000075150,ENSMUSG00000036751,Cox6b1,LOCAL,22.96,0,1,0,0
ENSMUSP00000026262,ENSMUSG00000025232,Hexa,DISTANT,16.86,0.055,1,1,0
ENSMUSP00000049355,ENSMUSG00000036427,Gpi1,LOCAL,20.65,0.001,1,0,1
ENSMUSP00000133499,ENSMUSG00000096727,Psmb9,DISTANT,18.15,0.019,1,0,0
ENSMUSP00000112520,ENSMUSG00000032285,Dnaja4,DISTANT,17.89,0.023,1,0,0
ENSMUSP00000075683,ENSMUSG00000063931,Pepd,LOCAL,39.14,0,1,1,0
ENSMUSP00000120976,ENSMUSG00000025745,Hadha,DISTANT,16.35,0.084,1,0,0
ENSMUSP00000047778,ENSMUSG00000034875,Nudt19,LOCAL,65.11,0,1,1,1
ENSMUSP00000054747,ENSMUSG00000043671,Dpy19l3,LOCAL,34.98,0,1,1,0
ENSMUSP00000041751,ENSMUSG00000034867,Ankrd27,LOCAL,43.26,0,1,1,0
ENSMUSP00000096113,ENSMUSG00000074170,Plekhf1,LOCAL,16.64,0.067,1,1,0
ENSMUSP00000095953,ENSMUSG00000032485,Scap,DISTANT,16.95,0.051,1,0,0
ENSMUSP00000034339,ENSMUSG00000031871,Cdh5,DISTANT,17.67,0.028,1,0,0
ENSMUSP00000130271,ENSMUSG00000054676,1600014C10Rik,LOCAL,38.95,0,1,1,1
ENSMUSP00000109257,ENSMUSG00000079480,Pin4,DISTANT,40.65,0,1,1,0
ENSMUSP00000004729,ENSMUSG00000004610,Etfb,LOCAL,23.22,0,1,1,1
ENSMUSP00000039776,ENSMUSG00000038644,Pold1,LOCAL,19.92,0.003,1,1,0
ENSMUSP00000025276,ENSMUSG00000024410,3110002H16Rik,DISTANT,18.73,0.01,1,0,0
ENSMUSP00000024078,ENSMUSG00000023307,05-Mar,DISTANT,16.34,0.084,1,0,0
ENSMUSP00000115722,ENSMUSG00000074129,Rpl13a,LOCAL,19.27,0.005,1,0,0
ENSMUSP00000103461,ENSMUSG00000003421,Nosip,LOCAL,26.89,0,1,1,0
ENSMUSP00000074160,ENSMUSG00000063511,Snrnp70,LOCAL,20.42,0.002,1,0,0
ENSMUSP00000003049,ENSMUSG00000002968,Med25,LOCAL,19.55,0.005,1,1,0
ENSMUSP00000103508,ENSMUSG00000002963,Pnkp,LOCAL,34.76,0,1,1,1
ENSMUSP00000011526,ENSMUSG00000011382,Dhdh,LOCAL,60.55,0,1,1,1
ENSMUSP00000033096,ENSMUSG00000030824,Nucb1,LOCAL,26.53,0,1,1,0
ENSMUSP00000103443,ENSMUSG00000003423,Pih1d1,LOCAL,25.92,0,1,1,0
ENSMUSP00000007977,ENSMUSG00000007833,Aldh16a1,LOCAL,38.11,0,1,1,0
ENSMUSP00000003284,ENSMUSG00000003184,Irf3,LOCAL,17.73,0.027,1,0,0
ENSMUSP00000103366,ENSMUSG00000057342,Sphk2,LOCAL,22.51,0,1,1,1
ENSMUSP00000112739,ENSMUSG00000019539,Rcn3,LOCAL,28.64,0,1,1,0
ENSMUSP00000114117,ENSMUSG00000038406,Scaf1,LOCAL,21.93,0,1,0,0
ENSMUSP00000003521,ENSMUSG00000003429,Rps11,LOCAL,39.08,0,1,1,0
ENSMUSP00000070405,ENSMUSG00000002781,Tmem143,LOCAL,34.67,0,1,1,1
ENSMUSP00000002850,ENSMUSG00000030834,Abcc6,LOCAL,52.4,0,1,1,1
ENSMUSP00000103473,ENSMUSG00000052429,Prmt1,LOCAL,26.08,0,1,1,1
ENSMUSP00000127842,ENSMUSG00000060279,Ap2a1,LOCAL,19.99,0.003,1,0,0
ENSMUSP00000033121,ENSMUSG00000030835,Nomo1,LOCAL,17.37,0.037,1,0,0
ENSMUSP00000101095,ENSMUSG00000020085,Aifm2,DISTANT,17.93,0.023,1,0,0
ENSMUSP00000103281,ENSMUSG00000014418,Hps5,LOCAL,37.61,0,1,1,0
ENSMUSP00000120658,ENSMUSG00000006763,Saal1,LOCAL,45.66,0,1,1,1
ENSMUSP00000036386,ENSMUSG00000063229,Ldha,LOCAL,22.24,0,1,1,1
ENSMUSP00000091964,ENSMUSG00000043262,Uevld,LOCAL,49.06,0,1,1,1
ENSMUSP00000031978,ENSMUSG00000029918,Mrps33,DISTANT,24.95,0,1,0,0
ENSMUSP00000006952,ENSMUSG00000040017,Saa4,LOCAL,17.46,0.034,1,1,1
ENSMUSP00000139309,ENSMUSG00000052512,Nav2,LOCAL,30.38,0,1,1,1
ENSMUSP00000082374,ENSMUSG00000039745,Htatip2,LOCAL,46.47,0,1,1,0
ENSMUSP00000056345,ENSMUSG00000020376,Rnf130,DISTANT,16.82,0.057,1,0,0
ENSMUSP00000053514,ENSMUSG00000030498,Gas2,LOCAL,30.37,0,1,1,1
ENSMUSP00000053742,ENSMUSG00000030513,Pcsk6,LOCAL,21.54,0.001,1,1,0
ENSMUSP00000047855,ENSMUSG00000033429,Mcee,LOCAL,17.06,0.046,1,0,0
ENSMUSP00000107060,ENSMUSG00000040713,Creg1,DISTANT,16.51,0.075,1,0,0
ENSMUSP00000117947,ENSMUSG00000030512,Snrpa1,LOCAL,17.25,0.041,1,0,0
ENSMUSP00000038166,ENSMUSG00000034064,Poglut1,DISTANT,16.68,0.064,1,0,0
ENSMUSP00000032735,ENSMUSG00000030521,Mphosph10,LOCAL,42.47,0,1,1,0
ENSMUSP00000008573,ENSMUSG00000008429,Herpud2,DISTANT,16.57,0.07,1,0,0
ENSMUSP00000048833,ENSMUSG00000040731,Eif4h,DISTANT,17.21,0.043,1,0,0
ENSMUSP00000032768,ENSMUSG00000030551,Nr2f2,LOCAL,32.8,0,1,0,0
ENSMUSP00000078302,ENSMUSG00000032776,Mctp2,LOCAL,24.01,0,1,1,0
ENSMUSP00000123088,ENSMUSG00000027201,Myef2,DISTANT,17.03,0.048,1,0,0
ENSMUSP00000103015,ENSMUSG00000039062,Anpep,LOCAL,21.96,0,1,1,0
ENSMUSP00000123728,ENSMUSG00000038174,Fam126b,DISTANT,16.66,0.065,1,0,0
ENSMUSP00000032840,ENSMUSG00000030611,Mrps11,LOCAL,38.79,0,1,1,1
ENSMUSP00000038361,ENSMUSG00000039202,Abhd2,LOCAL,54.07,0,1,1,1
ENSMUSP00000102991,ENSMUSG00000030533,Unc45a,LOCAL,43.28,0,1,1,1
ENSMUSP00000049440,ENSMUSG00000039043,2610034B18Rik,LOCAL,20.43,0.002,1,0,1
ENSMUSP00000075082,ENSMUSG00000063801,Ap3s2,LOCAL,17.05,0.047,1,0,0
ENSMUSP00000061808,ENSMUSG00000050973,Gdpgp1,LOCAL,34.34,0,1,1,1
ENSMUSP00000108126,ENSMUSG00000002017,Fam98a,DISTANT,17.79,0.025,1,0,0
ENSMUSP00000095949,ENSMUSG00000038886,Man2a2,LOCAL,49.57,0,1,1,0
ENSMUSP00000026816,ENSMUSG00000025722,Wdr73,LOCAL,35.64,0,1,1,1
ENSMUSP00000026672,ENSMUSG00000025584,Pde8a,LOCAL,35.01,0,1,1,0
ENSMUSP00000032747,ENSMUSG00000030532,Hddc3,LOCAL,51.09,0,1,1,1
ENSMUSP00000102926,ENSMUSG00000025104,Hdgfrp3,LOCAL,28.57,0,1,1,1
ENSMUSP00000133647,ENSMUSG00000074826,Gm10767,DISTANT,27.81,0,1,1,1
ENSMUSP00000026092,ENSMUSG00000025102,3110040N11Rik,LOCAL,30,0,1,1,1
ENSMUSP00000042342,ENSMUSG00000036752,Tubb4b,DISTANT,16.48,0.076,1,0,0
ENSMUSP00000046046,ENSMUSG00000038563,Eftud1,LOCAL,20.83,0.001,1,1,1
ENSMUSP00000074872,ENSMUSG00000046027,Stard5,LOCAL,16.28,0.089,1,1,1
ENSMUSP00000091768,ENSMUSG00000038503,Mesdc2,LOCAL,43.96,0,1,1,1
ENSMUSP00000032865,ENSMUSG00000030630,Fah,LOCAL,30.36,0,1,1,1
ENSMUSP00000102853,ENSMUSG00000030619,Eed,LOCAL,23.05,0,1,0,0
ENSMUSP00000048377,ENSMUSG00000041438,Cirh1a,DISTANT,16.5,0.076,1,0,0
ENSMUSP00000032779,ENSMUSG00000030560,Ctsc,LOCAL,18.79,0.009,1,0,1
ENSMUSP00000071843,ENSMUSG00000060550,H2-Q7,DISTANT,16.26,0.09,1,0,0
ENSMUSP00000044937,ENSMUSG00000018995,Nars2,LOCAL,20.29,0.002,1,0,1
ENSMUSP00000032879,ENSMUSG00000030643,Rab30,LOCAL,25.53,0,1,1,1
ENSMUSP00000075429,ENSMUSG00000061119,Prcp,LOCAL,40.02,0,1,1,1
ENSMUSP00000032842,ENSMUSG00000030613,Ccdc90b,LOCAL,30.43,0,1,1,0
ENSMUSP00000032843,ENSMUSG00000030614,Tmem126b,LOCAL,19.01,0.007,1,1,0
ENSMUSP00000115672,ENSMUSG00000035642,Aamdc,LOCAL,46.51,0,1,1,1
ENSMUSP00000026506,ENSMUSG00000025439,Clns1a,LOCAL,35.48,0,1,1,1
ENSMUSP00000026126,ENSMUSG00000025133,Ints4,LOCAL,28.27,0,1,0,0
ENSMUSP00000082054,ENSMUSG00000042797,Aqp11,LOCAL,60.97,0,1,1,1
ENSMUSP00000102745,ENSMUSG00000030761,Myo7a,LOCAL,18.17,0.019,1,1,0
ENSMUSP00000033185,ENSMUSG00000030895,Hpx,LOCAL,24.79,0,1,1,1
ENSMUSP00000048183,ENSMUSG00000035547,Capn5,LOCAL,40.72,0,1,1,1
ENSMUSP00000001884,ENSMUSG00000001829,Clpb,LOCAL,16.77,0.059,1,0,0
ENSMUSP00000095901,ENSMUSG00000035704,Alg8,LOCAL,19.04,0.007,1,1,1
ENSMUSP00000032985,ENSMUSG00000030737,Slco2b1,LOCAL,17.12,0.045,1,1,0
ENSMUSP00000045297,ENSMUSG00000035354,Uvrag,LOCAL,33.15,0,1,1,0
ENSMUSP00000095850,ENSMUSG00000030691,Fchsd2,LOCAL,19.28,0.005,1,0,1
ENSMUSP00000033131,ENSMUSG00000030842,Lamtor1,LOCAL,24.75,0,1,0,0
ENSMUSP00000042187,ENSMUSG00000037049,Smpd1,LOCAL,57.7,0,1,1,1
ENSMUSP00000102462,ENSMUSG00000056144,Trim34a,LOCAL,39.2,0,1,1,1
ENSMUSP00000132883,ENSMUSG00000032737,Inppl1,LOCAL,38.49,0,1,1,1
ENSMUSP00000033289,ENSMUSG00000030987,Stim1,LOCAL,26.13,0,1,1,1
ENSMUSP00000050084,ENSMUSG00000060441,Trim5,LOCAL,88,0,1,1,1
ENSMUSP00000065008,ENSMUSG00000066258,Trim12a,LOCAL,74.07,0,1,1,1
ENSMUSP00000032967,ENSMUSG00000030725,Lipt2,LOCAL,31.31,0,1,1,0
ENSMUSP00000033182,ENSMUSG00000030890,Ilk,LOCAL,21.25,0.001,1,1,0
ENSMUSP00000091692,ENSMUSG00000032725,Folr2,LOCAL,46.01,0,1,1,1
ENSMUSP00000103830,ENSMUSG00000027679,Dnajc19,DISTANT,33.48,0,1,1,0
ENSMUSP00000102377,ENSMUSG00000078606,Gm4070,LOCAL,16.29,0.088,1,1,1
ENSMUSP00000033184,ENSMUSG00000030894,Tpp1,LOCAL,58,0,1,1,1
ENSMUSP00000116090,ENSMUSG00000030706,Mrpl48,LOCAL,17.18,0.043,1,0,0
ENSMUSP00000033342,ENSMUSG00000031029,Eif3f,LOCAL,30.25,0,1,1,0
ENSMUSP00000123410,ENSMUSG00000046364,Rpl27a,LOCAL,59.97,0,1,1,0
ENSMUSP00000033325,ENSMUSG00000031015,Swap70,LOCAL,28.09,0,1,1,1
ENSMUSP00000033050,ENSMUSG00000030787,Lyve1,LOCAL,40.28,0,1,1,1
ENSMUSP00000132072,ENSMUSG00000038371,Sbf2,LOCAL,18.1,0.02,1,1,0
ENSMUSP00000005749,ENSMUSG00000005609,Ctr9,LOCAL,24.63,0,1,0,0
ENSMUSP00000134781,ENSMUSG00000030788,Rnf141,LOCAL,27.13,0,1,1,0
ENSMUSP00000102254,ENSMUSG00000030770,Parva,LOCAL,20.93,0.001,1,1,0
ENSMUSP00000112626,ENSMUSG00000045636,Mtus1,DISTANT,17.49,0.033,1,0,0
ENSMUSP00000033008,ENSMUSG00000030751,Psma1,LOCAL,28.2,0,1,1,0
ENSMUSP00000033012,ENSMUSG00000030754,Copb1,LOCAL,44.61,0,1,1,0
ENSMUSP00000021832,ENSMUSG00000021400,Wrnip1,DISTANT,19.19,0.006,1,0,0
ENSMUSP00000126092,ENSMUSG00000030660,Pik3c2a,LOCAL,47.43,0,1,1,1
ENSMUSP00000138257,ENSMUSG00000045659,Plekha7,LOCAL,38.94,0,1,1,0
ENSMUSP00000126294,ENSMUSG00000090862,Rps13,LOCAL,47.41,0,1,1,0
ENSMUSP00000090398,ENSMUSG00000069729,Arid1b,DISTANT,17.15,0.044,1,0,0
ENSMUSP00000004396,ENSMUSG00000004285,Atp6v1f,DISTANT,16.52,0.075,1,0,0
ENSMUSP00000025511,ENSMUSG00000024608,Rps14,DISTANT,17.63,0.03,1,0,0
ENSMUSP00000131489,ENSMUSG00000025794,Rpl14,DISTANT,16.76,0.06,1,0,0
ENSMUSP00000025811,ENSMUSG00000024875,Yif1a,DISTANT,17.04,0.048,1,0,0
ENSMUSP00000046371,ENSMUSG00000033917,Gde1,LOCAL,22.19,0,1,1,0
ENSMUSP00000095695,ENSMUSG00000030652,Coq7,LOCAL,41.33,0,1,1,1
ENSMUSP00000105423,ENSMUSG00000003283,Hck,DISTANT,16.94,0.052,1,0,0
ENSMUSP00000033277,ENSMUSG00000030980,Knop1,LOCAL,35.18,0,1,1,1
ENSMUSP00000048460,ENSMUSG00000036570,Fxyd1,DISTANT,16.43,0.08,1,0,0
ENSMUSP00000036140,ENSMUSG00000033533,Acsm1,LOCAL,18.72,0.01,1,1,1
ENSMUSP00000099480,ENSMUSG00000028936,Rpl22,DISTANT,16.15,0.097,1,0,0
ENSMUSP00000074872,ENSMUSG00000046027,Stard5,DISTANT,16.92,0.052,1,0,0
ENSMUSP00000081697,ENSMUSG00000030945,Acsm2,LOCAL,16.61,0.068,1,1,0
ENSMUSP00000102137,ENSMUSG00000030935,Acsm3,LOCAL,45.07,0,1,1,1
ENSMUSP00000063416,ENSMUSG00000030972,Acsm5,LOCAL,30.7,0,1,1,0
ENSMUSP00000099587,ENSMUSG00000004455,Ppp1cc,DISTANT,35.08,0,1,1,0
ENSMUSP00000033236,ENSMUSG00000030942,Thumpd1,LOCAL,30.96,0,1,1,1
ENSMUSP00000033198,ENSMUSG00000030905,Crym,LOCAL,71.23,0,1,1,1
ENSMUSP00000033160,ENSMUSG00000030872,Gga2,LOCAL,50.92,0,1,1,1
ENSMUSP00000033158,ENSMUSG00000030870,Ubfd1,LOCAL,18.48,0.014,1,0,1
ENSMUSP00000033157,ENSMUSG00000030869,Ndufab1,LOCAL,18.38,0.015,1,0,0
ENSMUSP00000130527,ENSMUSG00000000131,Xpo6,LOCAL,39.68,0,1,1,0
ENSMUSP00000104848,ENSMUSG00000040413,Timd2,DISTANT,16.42,0.081,1,0,0
ENSMUSP00000101981,ENSMUSG00000030711,Sult1a1,LOCAL,21.96,0,1,0,0
ENSMUSP00000033070,ENSMUSG00000030801,Kat8,LOCAL,16.57,0.07,1,0,0
ENSMUSP00000047845,ENSMUSG00000042462,Dctpp1,LOCAL,16.6,0.069,1,1,0
ENSMUSP00000132963,ENSMUSG00000042502,Cd2bp2,LOCAL,19.14,0.007,1,0,0
ENSMUSP00000032912,ENSMUSG00000030674,Qprt,LOCAL,33.41,0,1,1,1
ENSMUSP00000033074,ENSMUSG00000096145,Vkorc1,LOCAL,29.78,0,1,1,0
ENSMUSP00000033056,ENSMUSG00000030793,Pycard,LOCAL,17.62,0.03,1,1,1
ENSMUSP00000095656,ENSMUSG00000073838,Tufm,LOCAL,16.69,0.063,1,0,0
ENSMUSP00000033135,ENSMUSG00000030846,Tial1,LOCAL,23.8,0,1,0,0
ENSMUSP00000033044,ENSMUSG00000030780,BC017158,LOCAL,64.72,0,1,1,1
ENSMUSP00000004428,ENSMUSG00000004317,Clcn5,DISTANT,16.27,0.09,1,0,0
ENSMUSP00000045910,ENSMUSG00000042105,Inpp5f,LOCAL,31.55,0,1,1,1
ENSMUSP00000035610,ENSMUSG00000055319,Sec23ip,LOCAL,54.88,0,1,1,1
ENSMUSP00000070345,ENSMUSG00000030802,Bckdk,LOCAL,16.76,0.06,1,0,1
ENSMUSP00000032992,ENSMUSG00000030738,Eif3c,LOCAL,39.78,0,1,1,0
ENSMUSP00000110680,ENSMUSG00000022817,Itgb5,DISTANT,16.97,0.05,1,0,0
ENSMUSP00000081567,ENSMUSG00000042055,Wdr11,LOCAL,57.26,0,1,1,0
ENSMUSP00000061242,ENSMUSG00000030852,Tacc2,LOCAL,45.19,0,1,1,1
ENSMUSP00000075037,ENSMUSG00000063179,Pstk,LOCAL,23.33,0,1,0,1
ENSMUSP00000091556,ENSMUSG00000030850,Ate1,LOCAL,18.93,0.008,1,0,0
ENSMUSP00000015829,ENSMUSG00000030861,Acadsb,LOCAL,30.45,0,1,1,1
ENSMUSP00000081547,ENSMUSG00000066979,Bub3,LOCAL,36.01,0,1,1,0
ENSMUSP00000023873,ENSMUSG00000023110,Prmt5,DISTANT,16.26,0.091,1,0,0
ENSMUSP00000128531,ENSMUSG00000039952,Dag1,DISTANT,16.34,0.085,1,0,0
ENSMUSP00000101752,ENSMUSG00000030979,Uros,LOCAL,65.38,0,1,1,1
ENSMUSP00000033282,ENSMUSG00000030983,Bccip,LOCAL,51.55,0,1,1,1
ENSMUSP00000033290,ENSMUSG00000030986,Dhx32,LOCAL,35.91,0,1,1,0
ENSMUSP00000075690,ENSMUSG00000044734,Serpinb1a,DISTANT,17.45,0.034,1,0,0
ENSMUSP00000117231,ENSMUSG00000019143,Hars2,DISTANT,18.39,0.015,1,0,0
ENSMUSP00000080224,ENSMUSG00000054612,Mgmt,LOCAL,25.84,0,1,1,1
ENSMUSP00000066621,ENSMUSG00000031068,Glrx3,LOCAL,19.58,0.005,1,0,0
ENSMUSP00000053122,ENSMUSG00000046020,Pofut1,DISTANT,17,0.049,1,0,0
ENSMUSP00000080601,ENSMUSG00000049502,Dtx3l,DISTANT,16.16,0.096,1,0,0
ENSMUSP00000026547,ENSMUSG00000025474,Tubgcp2,LOCAL,20.86,0.001,1,1,0
ENSMUSP00000101704,ENSMUSG00000025477,Inpp5a,LOCAL,27.71,0,1,0,0
ENSMUSP00000026537,ENSMUSG00000025464,Paox,LOCAL,55.92,0,1,1,1
ENSMUSP00000036491,ENSMUSG00000039018,Mtg1,LOCAL,41.03,0,1,1,1
ENSMUSP00000101629,ENSMUSG00000019082,Slc25a22,LOCAL,20.69,0.001,1,1,1
ENSMUSP00000101622,ENSMUSG00000025510,Cd151,LOCAL,33.74,0,1,1,0
ENSMUSP00000026560,ENSMUSG00000025487,Psmd13,LOCAL,17.27,0.04,1,0,0
ENSMUSP00000026565,ENSMUSG00000025492,Ifitm3,LOCAL,19.49,0.005,1,1,0
ENSMUSP00000026558,ENSMUSG00000025485,Ric8,LOCAL,54.4,0,1,1,1
ENSMUSP00000114693,ENSMUSG00000025512,Chid1,LOCAL,43.45,0,1,1,1
ENSMUSP00000071470,ENSMUSG00000060591,Ifitm2,LOCAL,40.4,0,1,1,1
ENSMUSP00000139357,ENSMUSG00000038745,Nlrp6,LOCAL,56.54,0,1,1,1
ENSMUSP00000101665,ENSMUSG00000025481,Urah,LOCAL,16.29,0.087,1,0,1
ENSMUSP00000078372,ENSMUSG00000062031,Athl1,LOCAL,65.66,0,1,1,1
ENSMUSP00000101630,ENSMUSG00000051007,Pddc1,LOCAL,54.23,0,1,1,0
ENSMUSP00000127386,ENSMUSG00000074846,Gm10774,DISTANT,50.03,0,1,1,0
ENSMUSP00000026576,ENSMUSG00000025503,Taldo1,LOCAL,16.9,0.053,1,0,0
ENSMUSP00000095571,ENSMUSG00000025494,Sigirr,LOCAL,16.7,0.063,1,1,0
ENSMUSP00000001950,ENSMUSG00000025139,Tollip,LOCAL,22.05,0,1,0,0
ENSMUSP00000039784,ENSMUSG00000037772,Mrpl23,LOCAL,57.42,0,1,1,0
ENSMUSP00000127292,ENSMUSG00000025497,Cdhr5,LOCAL,16.36,0.084,1,0,0
ENSMUSP00000043768,ENSMUSG00000037706,Cd81,LOCAL,43.63,0,1,1,0
ENSMUSP00000033394,ENSMUSG00000031077,Fadd,LOCAL,23.8,0,1,1,0
ENSMUSP00000125405,ENSMUSG00000004626,Stxbp2,LOCAL,17,0.049,1,1,0
ENSMUSP00000059574,ENSMUSG00000074491,Clec4g,LOCAL,38.93,0,1,1,0
ENSMUSP00000106643,ENSMUSG00000065987,Cd209b,LOCAL,79.51,0,1,1,1
ENSMUSP00000106626,ENSMUSG00000002948,Map2k7,LOCAL,21.44,0.001,1,0,0
ENSMUSP00000023835,ENSMUSG00000023073,Slc10a2,LOCAL,26.65,0,1,1,0
ENSMUSP00000004681,ENSMUSG00000004565,Pnpla6,LOCAL,32.28,0,1,0,1
ENSMUSP00000004686,ENSMUSG00000069633,Pex11g,LOCAL,37.08,0,1,1,1
ENSMUSP00000088837,ENSMUSG00000005534,Insr,LOCAL,47.16,0,1,1,0
ENSMUSP00000093962,ENSMUSG00000071649,B3gat3,DISTANT,17.7,0.027,1,0,0
ENSMUSP00000025707,ENSMUSG00000024792,Zfpl1,DISTANT,18.16,0.019,1,0,0
ENSMUSP00000016681,ENSMUSG00000031095,Cul4b,DISTANT,16.73,0.062,1,0,0
ENSMUSP00000040005,ENSMUSG00000036733,Rbm42,DISTANT,17.31,0.039,1,0,0
ENSMUSP00000039493,ENSMUSG00000040459,Arglu1,LOCAL,19.49,0.005,1,0,0
ENSMUSP00000006293,ENSMUSG00000006134,Crkl,DISTANT,16.16,0.096,1,0,0
ENSMUSP00000112130,ENSMUSG00000017765,Slc12a4,DISTANT,16.47,0.077,1,0,0
ENSMUSP00000033899,ENSMUSG00000031503,Col4a2,LOCAL,17.15,0.045,1,1,0
ENSMUSP00000136363,ENSMUSG00000031505,Carkd,LOCAL,48.68,0,1,1,1
ENSMUSP00000046453,ENSMUSG00000056228,Cars2,LOCAL,49.94,0,1,1,1
ENSMUSP00000088779,ENSMUSG00000031441,Atp11a,LOCAL,45.74,0,1,1,0
ENSMUSP00000000776,ENSMUSG00000000759,Tubgcp3,LOCAL,29.74,0,1,1,1
ENSMUSP00000016680,ENSMUSG00000031446,Cul4a,LOCAL,32.25,0,1,1,1
ENSMUSP00000033822,ENSMUSG00000031445,Proz,LOCAL,32.05,0,1,1,0
ENSMUSP00000033820,ENSMUSG00000031443,F7,LOCAL,28.89,0,1,1,1
ENSMUSP00000112998,ENSMUSG00000031453,Rasa3,LOCAL,41.09,0,1,1,1
ENSMUSP00000130324,ENSMUSG00000038515,Grtp1,LOCAL,36.13,0,1,0,0
ENSMUSP00000033824,ENSMUSG00000031447,Lamp1,LOCAL,29.11,0,1,1,0
ENSMUSP00000022344,ENSMUSG00000021810,Ecd,DISTANT,16.35,0.084,1,0,0
ENSMUSP00000072382,ENSMUSG00000063362,Alg11,LOCAL,33.24,0,1,1,1
ENSMUSP00000006742,ENSMUSG00000006567,Atp7b,LOCAL,45.12,0,1,1,0
ENSMUSP00000033934,ENSMUSG00000031533,Mrps31,LOCAL,36.16,0,1,0,1
ENSMUSP00000033865,ENSMUSG00000031478,Nek3,LOCAL,35.05,0,1,1,1
ENSMUSP00000033866,ENSMUSG00000031479,Vps36,LOCAL,42.59,0,1,0,1
ENSMUSP00000033871,ENSMUSG00000031482,Slc25a15,LOCAL,20.3,0.002,1,0,0
ENSMUSP00000065935,ENSMUSG00000037656,Slc20a2,LOCAL,38.09,0,1,1,1
ENSMUSP00000112935,ENSMUSG00000015341,Golga7,LOCAL,35.11,0,1,1,0
ENSMUSP00000022766,ENSMUSG00000016831,Tox4,DISTANT,16.15,0.097,1,0,0
ENSMUSP00000033938,ENSMUSG00000031536,Polb,LOCAL,36.99,0,1,1,1
ENSMUSP00000113979,ENSMUSG00000031549,Ido2,LOCAL,21.79,0,1,1,1
ENSMUSP00000033878,ENSMUSG00000031488,Rab11fip1,LOCAL,28.81,0,1,0,0
ENSMUSP00000081560,ENSMUSG00000065954,Tacc1,LOCAL,39.85,0,1,1,1
ENSMUSP00000040356,ENSMUSG00000037260,Hgsnat,LOCAL,41.72,0,1,1,1
ENSMUSP00000044725,ENSMUSG00000037316,Bag4,LOCAL,44.41,0,1,1,1
ENSMUSP00000033873,ENSMUSG00000031483,Erlin2,LOCAL,32.67,0,1,1,1
ENSMUSP00000033875,ENSMUSG00000031485,Prosc,LOCAL,23.08,0,1,0,1
ENSMUSP00000070957,ENSMUSG00000031575,Ash2l,LOCAL,38.55,0,1,1,0
ENSMUSP00000082053,ENSMUSG00000017843,Ppp2r5c,DISTANT,16.41,0.081,1,0,0
ENSMUSP00000033983,ENSMUSG00000031578,Mak16,LOCAL,21.62,0.001,1,0,0
ENSMUSP00000074953,ENSMUSG00000042625,Safb2,DISTANT,16.21,0.093,1,0,0
ENSMUSP00000086779,ENSMUSG00000052917,Senp7,DISTANT,17.04,0.047,1,0,0
ENSMUSP00000110314,ENSMUSG00000052459,Atp6v1a,DISTANT,16.52,0.075,1,0,0
ENSMUSP00000035033,ENSMUSG00000032458,Copb2,DISTANT,17.22,0.042,1,0,0
ENSMUSP00000033992,ENSMUSG00000031584,Gsr,LOCAL,19.8,0.004,1,0,1
ENSMUSP00000092992,ENSMUSG00000052906,Ubxn8,LOCAL,33.73,0,1,1,0
ENSMUSP00000093972,ENSMUSG00000071654,AI462493,DISTANT,17.88,0.024,1,0,0
ENSMUSP00000033913,ENSMUSG00000031516,Dctn6,LOCAL,17.43,0.035,1,0,0
ENSMUSP00000033933,ENSMUSG00000031532,Tmem66,LOCAL,57.32,0,1,1,1
ENSMUSP00000112626,ENSMUSG00000045636,Mtus1,LOCAL,22.32,0,1,1,0
ENSMUSP00000039709,ENSMUSG00000031592,Pcm1,LOCAL,23.23,0,1,1,0
ENSMUSP00000033999,ENSMUSG00000031590,Frg1,LOCAL,18.04,0.022,1,0,0
ENSMUSP00000112174,ENSMUSG00000031640,Klkb1,LOCAL,33.15,0,1,1,0
ENSMUSP00000034051,ENSMUSG00000031634,Ufsp2,LOCAL,24.5,0,1,0,1
ENSMUSP00000126556,ENSMUSG00000031639,Tlr3,LOCAL,21.43,0.001,1,0,0
ENSMUSP00000074196,ENSMUSG00000032621,Srek1,DISTANT,16.8,0.058,1,0,0
ENSMUSP00000033965,ENSMUSG00000031561,Tenm3,LOCAL,18.83,0.009,1,1,0
ENSMUSP00000101665,ENSMUSG00000025481,Urah,DISTANT,18.72,0.01,1,0,0
ENSMUSP00000128257,ENSMUSG00000074656,Eif2s2,DISTANT,37.64,0,1,1,0
ENSMUSP00000047562,ENSMUSG00000038102,Trappc11,LOCAL,16.87,0.055,1,0,0
ENSMUSP00000034026,ENSMUSG00000031613,Hpgd,LOCAL,16.36,0.083,1,1,1
ENSMUSP00000033920,ENSMUSG00000031521,Aga,LOCAL,52.54,0,1,1,0
ENSMUSP00000136527,ENSMUSG00000054408,Spcs3,LOCAL,43.85,0,1,1,0
ENSMUSP00000047235,ENSMUSG00000038005,2700029M09Rik,LOCAL,31.54,0,1,1,0
ENSMUSP00000103619,ENSMUSG00000027750,Postn,DISTANT,17.86,0.024,1,0,0
ENSMUSP00000022580,ENSMUSG00000022003,Slc25a30,DISTANT,16.82,0.056,1,0,0
ENSMUSP00000074670,ENSMUSG00000058833,2810428I15Rik,LOCAL,22.61,0,1,1,1
ENSMUSP00000112527,ENSMUSG00000019428,Fkbp8,LOCAL,19.58,0.004,1,0,0
ENSMUSP00000026681,ENSMUSG00000025591,Tma16,LOCAL,23.2,0,1,1,0
ENSMUSP00000026677,ENSMUSG00000025588,Nat1,LOCAL,20.39,0.002,1,1,0
ENSMUSP00000130065,ENSMUSG00000051147,Nat2,LOCAL,30.96,0,1,1,1
ENSMUSP00000070825,ENSMUSG00000053886,Sh2d4a,LOCAL,17.46,0.034,1,0,0
ENSMUSP00000099823,ENSMUSG00000034853,Acot11,DISTANT,17.61,0.03,1,0,0
ENSMUSP00000069908,ENSMUSG00000031864,Ints10,LOCAL,58.12,0,1,1,0
ENSMUSP00000002418,ENSMUSG00000002345,2310045N01Rik,LOCAL,19.73,0.004,1,1,0
ENSMUSP00000129220,ENSMUSG00000004677,Myo9b,LOCAL,23.18,0,1,0,0
ENSMUSP00000112164,ENSMUSG00000036180,Gatad2a,LOCAL,43.64,0,1,1,0
ENSMUSP00000019679,ENSMUSG00000002343,Armc6,LOCAL,32.05,0,1,1,1
ENSMUSP00000105722,ENSMUSG00000031842,Pde4c,LOCAL,57.97,0,1,1,1
ENSMUSP00000105681,ENSMUSG00000002395,Use1,LOCAL,30.88,0,1,1,0
ENSMUSP00000034311,ENSMUSG00000031848,Lsm4,LOCAL,41.85,0,1,1,0
ENSMUSP00000047923,ENSMUSG00000034807,Colgalt1,LOCAL,63.99,0,1,1,1
ENSMUSP00000058368,ENSMUSG00000045128,Rpl18a,LOCAL,28,0,1,1,0
ENSMUSP00000037929,ENSMUSG00000035559,Mpv17l2,LOCAL,24.98,0,1,1,1
ENSMUSP00000034272,ENSMUSG00000031813,Mvb12a,LOCAL,24.54,0,1,1,0
ENSMUSP00000003117,ENSMUSG00000003033,Ap1m1,LOCAL,26.02,0,1,1,0
ENSMUSP00000003121,ENSMUSG00000003037,Rab8a,LOCAL,17.29,0.04,1,1,0
ENSMUSP00000003123,ENSMUSG00000003039,Fam32a,LOCAL,61.55,0,1,1,0
ENSMUSP00000062277,ENSMUSG00000051675,Trim32,DISTANT,16.75,0.06,1,0,0
ENSMUSP00000077891,ENSMUSG00000042870,Tom1,LOCAL,57.3,0,1,1,0
ENSMUSP00000119841,ENSMUSG00000031683,Lsm6,LOCAL,32.16,0,1,1,0
ENSMUSP00000067752,ENSMUSG00000052566,Hook2,LOCAL,28.27,0,1,1,1
ENSMUSP00000039943,ENSMUSG00000038250,Usp38,LOCAL,41.51,0,1,1,0
ENSMUSP00000005616,ENSMUSG00000057672,Pkn1,LOCAL,16.4,0.081,1,1,0
ENSMUSP00000092845,ENSMUSG00000008167,Fbxw9,LOCAL,39.27,0,1,1,0
ENSMUSP00000001974,ENSMUSG00000001909,Trmt1,LOCAL,19.23,0.006,1,1,0
ENSMUSP00000096669,ENSMUSG00000001911,Nfix,LOCAL,19.47,0.005,1,0,0
ENSMUSP00000052287,ENSMUSG00000035151,Elmod2,LOCAL,25.31,0,1,1,0
ENSMUSP00000122623,ENSMUSG00000004996,Mri1,LOCAL,60.25,0,1,1,1
ENSMUSP00000003910,ENSMUSG00000003812,Dnase2a,LOCAL,36.49,0,1,1,0
ENSMUSP00000034121,ENSMUSG00000005142,Man2b1,LOCAL,43.02,0,1,1,0
ENSMUSP00000037783,ENSMUSG00000033751,Gadd45gip1,LOCAL,54.87,0,1,1,0
ENSMUSP00000019577,ENSMUSG00000019433,Gipc1,LOCAL,27.28,0,1,1,1
ENSMUSP00000105356,ENSMUSG00000005161,Prdx2,LOCAL,23.18,0,1,1,0
ENSMUSP00000019382,ENSMUSG00000031708,Tecr,LOCAL,25.28,0,1,1,1
ENSMUSP00000126135,ENSMUSG00000005410,Mcm5,DISTANT,17.19,0.043,1,0,0
ENSMUSP00000050788,ENSMUSG00000036879,Phkb,LOCAL,32.65,0,1,1,0
ENSMUSP00000034079,ENSMUSG00000031657,Heatr3,LOCAL,27.13,0,1,1,0
ENSMUSP00000024739,ENSMUSG00000023944,Hsp90ab1,DISTANT,16.89,0.054,1,0,0
ENSMUSP00000045201,ENSMUSG00000029578,Wipi2,DISTANT,17.59,0.031,1,0,0
ENSMUSP00000112104,ENSMUSG00000021546,Hnrnpk,DISTANT,16.75,0.06,1,0,0
ENSMUSP00000135647,ENSMUSG00000021546,Hnrnpk,DISTANT,16.75,0.06,1,0,0
ENSMUSP00000030427,ENSMUSG00000028668,Tceb3,DISTANT,16.55,0.073,1,0,0
ENSMUSP00000034178,ENSMUSG00000031725,Ces1f,LOCAL,34.53,0,1,1,1
ENSMUSP00000068380,ENSMUSG00000055932,Fto,LOCAL,23.63,0,1,0,0
ENSMUSP00000034173,ENSMUSG00000061959,Ces1e,LOCAL,36.25,0,1,1,1
ENSMUSP00000105210,ENSMUSG00000078964,Ces1b,LOCAL,77.5,0,1,1,1
ENSMUSP00000037555,ENSMUSG00000057074,Ces1g,LOCAL,58.14,0,1,1,1
ENSMUSP00000052258,ENSMUSG00000031751,Amfr,LOCAL,46.87,0,1,1,0
ENSMUSP00000045755,ENSMUSG00000034361,Cpne2,LOCAL,33.58,0,1,1,0
ENSMUSP00000057275,ENSMUSG00000050079,Rspry1,LOCAL,23.16,0,1,0,0
ENSMUSP00000125451,ENSMUSG00000031781,Ciapin1,LOCAL,41.15,0,1,1,1
ENSMUSP00000055919,ENSMUSG00000046707,Csnk2a2,LOCAL,16.74,0.061,1,0,0
ENSMUSP00000037023,ENSMUSG00000036534,Slc38a7,LOCAL,17.3,0.04,1,1,0
ENSMUSP00000034096,ENSMUSG00000031671,Setd6,LOCAL,29.04,0,1,1,1
ENSMUSP00000034159,ENSMUSG00000031723,Txnl4b,LOCAL,20.02,0.003,1,1,0
ENSMUSP00000034339,ENSMUSG00000031871,Cdh5,LOCAL,43.36,0,1,1,0
ENSMUSP00000045480,ENSMUSG00000035770,Dync1li2,LOCAL,22.93,0,1,0,0
ENSMUSP00000132472,ENSMUSG00000063696,Gm8730,LOCAL,19.73,0.004,1,0,0
ENSMUSP00000034355,ENSMUSG00000031886,Ces2e,LOCAL,36.25,0,1,1,1
ENSMUSP00000126773,ENSMUSG00000091813,Ces2h,LOCAL,79.77,0,1,1,1
ENSMUSP00000049315,ENSMUSG00000031877,Ces2g,LOCAL,24.08,0,1,1,1
ENSMUSP00000063005,ENSMUSG00000050097,Ces2b,LOCAL,75.34,0,1,1,1
ENSMUSP00000038638,ENSMUSG00000033313,Fbxl8,LOCAL,33.1,0,1,1,0
ENSMUSP00000125456,ENSMUSG00000031878,Nae1,LOCAL,30.96,0,1,1,0
ENSMUSP00000034346,ENSMUSG00000055730,Ces2a,LOCAL,34.63,0,1,1,1
ENSMUSP00000058567,ENSMUSG00000061825,Ces2c,LOCAL,28.5,0,1,1,0
ENSMUSP00000105000,ENSMUSG00000014791,Elmo3,LOCAL,21.07,0.001,1,1,0
ENSMUSP00000013294,ENSMUSG00000013150,Gfod2,LOCAL,20.82,0.001,1,0,0
ENSMUSP00000034377,ENSMUSG00000031903,Pla2g15,LOCAL,29.46,0,1,1,0
ENSMUSP00000069255,ENSMUSG00000031906,Smpd3,LOCAL,27.17,0,1,1,1
ENSMUSP00000034361,ENSMUSG00000031889,D230025D16Rik,LOCAL,18.21,0.018,1,0,0
ENSMUSP00000118759,ENSMUSG00000031921,Terf2,LOCAL,16.41,0.081,1,0,0
ENSMUSP00000020949,ENSMUSG00000020623,Map2k6,DISTANT,18.18,0.019,1,0,0
ENSMUSP00000060246,ENSMUSG00000058672,Tubb2a,DISTANT,16.26,0.091,1,0,0
ENSMUSP00000131850,ENSMUSG00000071497,Nutf2-ps1,DISTANT,35.61,0,1,1,0
ENSMUSP00000027615,ENSMUSG00000026368,F13b,DISTANT,16.41,0.081,1,0,0
ENSMUSP00000041968,ENSMUSG00000039067,Psmd7,LOCAL,18.28,0.017,1,0,0
ENSMUSP00000037324,ENSMUSG00000041308,Sntb2,LOCAL,44.28,0,1,1,1
ENSMUSP00000043953,ENSMUSG00000041949,Tango6,LOCAL,34.04,0,1,1,1
ENSMUSP00000038232,ENSMUSG00000035237,Lcat,LOCAL,24.05,0,1,0,1
ENSMUSP00000003947,ENSMUSG00000003849,Nqo1,LOCAL,50.22,0,1,1,1
ENSMUSP00000003818,ENSMUSG00000003721,Insig2,DISTANT,17.23,0.042,1,0,0
ENSMUSP00000034164,ENSMUSG00000031729,Ist1,LOCAL,18.27,0.017,1,0,0
ENSMUSP00000034388,ENSMUSG00000031913,Vps4a,LOCAL,17.57,0.031,1,0,1
ENSMUSP00000047898,ENSMUSG00000015023,Ddx19a,LOCAL,28.52,0,1,0,1
ENSMUSP00000115934,ENSMUSG00000031730,Dhodh,LOCAL,39.49,0,1,1,1
ENSMUSP00000037834,ENSMUSG00000037089,Slc35b2,DISTANT,16.22,0.093,1,0,0
ENSMUSP00000115729,ENSMUSG00000078584,AU022252,DISTANT,16.69,0.063,1,0,0
ENSMUSP00000066806,ENSMUSG00000033658,Ddx19b,LOCAL,51.69,0,1,1,0
ENSMUSP00000034428,ENSMUSG00000031950,Gabarapl2,LOCAL,34.63,0,1,1,0
ENSMUSP00000034427,ENSMUSG00000031949,Adat1,LOCAL,64.01,0,1,1,1
ENSMUSP00000105141,ENSMUSG00000094559,Cyp2d34,DISTANT,20.28,0.002,1,0,0
ENSMUSP00000034437,ENSMUSG00000031959,Wdr59,LOCAL,19.52,0.005,1,0,0
ENSMUSP00000026666,ENSMUSG00000025579,Gaa,DISTANT,18.48,0.014,1,0,0
ENSMUSP00000022136,ENSMUSG00000021635,Rad17,DISTANT,16.24,0.092,1,0,0
ENSMUSP00000004756,ENSMUSG00000004637,Wwox,LOCAL,36.83,0,1,1,1
ENSMUSP00000043828,ENSMUSG00000034245,Hdac11,DISTANT,17.23,0.042,1,0,0
ENSMUSP00000074436,ENSMUSG00000031722,Hp,LOCAL,18.45,0.014,1,0,0
ENSMUSP00000137439,ENSMUSG00000046876,Atxn1,DISTANT,18.3,0.017,1,0,0
ENSMUSP00000037131,ENSMUSG00000034424,Gcsh,LOCAL,46.78,0,1,1,1
ENSMUSP00000133782,ENSMUSG00000034308,Sdr42e1,LOCAL,25.55,0,1,1,0
ENSMUSP00000034304,ENSMUSG00000031844,Hsd17b2,LOCAL,41.96,0,1,1,1
ENSMUSP00000074195,ENSMUSG00000060923,Acyp2,DISTANT,16.71,0.063,1,0,0
ENSMUSP00000082816,ENSMUSG00000036986,Pml,DISTANT,16.52,0.075,1,0,0
ENSMUSP00000047326,ENSMUSG00000037351,Actr1b,DISTANT,16.24,0.092,1,0,0
ENSMUSP00000113527,ENSMUSG00000031841,Cdh13,LOCAL,53.01,0,1,1,0
ENSMUSP00000095970,ENSMUSG00000074064,Mlycd,LOCAL,24.6,0,1,1,0
ENSMUSP00000044430,ENSMUSG00000034105,Tldc1,LOCAL,24.42,0,1,1,1
ENSMUSP00000028599,ENSMUSG00000027176,Cstf3,DISTANT,16.59,0.07,1,0,0
ENSMUSP00000043439,ENSMUSG00000040263,Klhdc4,LOCAL,46.57,0,1,1,1
ENSMUSP00000060457,ENSMUSG00000025317,Car5a,LOCAL,42.84,0,1,1,1
ENSMUSP00000034458,ENSMUSG00000089704,Galnt2,LOCAL,29.31,0,1,1,1
ENSMUSP00000006764,ENSMUSG00000006589,Aprt,LOCAL,36.83,0,1,1,1
ENSMUSP00000048084,ENSMUSG00000039509,Nup133,LOCAL,29.27,0,1,1,0
ENSMUSP00000015157,ENSMUSG00000015013,Trappc2l,LOCAL,18.18,0.019,1,1,0
ENSMUSP00000015160,ENSMUSG00000015016,Acsf3,LOCAL,49.69,0,1,1,1
ENSMUSP00000000756,ENSMUSG00000000740,Rpl13,LOCAL,39.76,0,1,1,0
ENSMUSP00000113886,ENSMUSG00000019478,Rab4a,LOCAL,55.39,0,1,1,1
ENSMUSP00000000755,ENSMUSG00000000739,Sult5a1,LOCAL,35.75,0,1,1,1
ENSMUSP00000000759,ENSMUSG00000000743,Chmp1a,LOCAL,26.78,0,1,0,1
ENSMUSP00000009705,ENSMUSG00000026814,Eng,DISTANT,16.83,0.056,1,0,0
ENSMUSP00000001520,ENSMUSG00000031967,Afg3l1,LOCAL,46.46,0,1,1,1
ENSMUSP00000034469,ENSMUSG00000031987,Egln1,LOCAL,24.85,0,1,1,0
ENSMUSP00000056485,ENSMUSG00000001472,Tcf25,LOCAL,28.82,0,1,0,0
ENSMUSP00000112113,ENSMUSG00000049482,Ctu2,LOCAL,31.02,0,1,1,1
ENSMUSP00000075011,ENSMUSG00000031974,Abcb10,LOCAL,30.79,0,1,1,1
ENSMUSP00000034460,ENSMUSG00000031979,Cog2,LOCAL,29.45,0,1,1,0
ENSMUSP00000034457,ENSMUSG00000031976,Urb2,LOCAL,27.47,0,1,1,0
ENSMUSP00000066488,ENSMUSG00000031980,Agt,LOCAL,17.34,0.038,1,0,0
ENSMUSP00000113383,ENSMUSG00000037300,Ttc13,LOCAL,73.9,0,1,1,1
ENSMUSP00000034464,ENSMUSG00000031983,2310022B05Rik,LOCAL,29.89,0,1,1,0
ENSMUSP00000034466,ENSMUSG00000031985,Gnpat,LOCAL,53.57,0,1,1,1
ENSMUSP00000075290,ENSMUSG00000056820,Tsnax,LOCAL,54.45,0,1,1,1
ENSMUSP00000124162,ENSMUSG00000025812,Pard3,LOCAL,25.79,0,1,1,0
ENSMUSP00000124282,ENSMUSG00000025812,Pard3,LOCAL,25.79,0,1,1,0
ENSMUSP00000034313,ENSMUSG00000031851,Ntpcr,LOCAL,24,0,1,0,0
ENSMUSP00000058279,ENSMUSG00000051671,Coa6,LOCAL,44.43,0,1,1,0
ENSMUSP00000048450,ENSMUSG00000033931,Rbm34,LOCAL,46.72,0,1,1,0
ENSMUSP00000086578,ENSMUSG00000068114,Ccdc134,DISTANT,19.47,0.005,1,0,0
ENSMUSP00000046856,ENSMUSG00000033105,Lss,DISTANT,16.38,0.082,1,0,0
ENSMUSP00000030738,ENSMUSG00000028907,Utp11l,DISTANT,17.48,0.034,1,0,0
ENSMUSP00000087457,ENSMUSG00000025809,Itgb1,LOCAL,38.88,0,1,1,0
ENSMUSP00000062476,ENSMUSG00000044018,Mrpl50,DISTANT,17.12,0.045,1,0,0
ENSMUSP00000111398,ENSMUSG00000041624,Gucy1a2,LOCAL,17.89,0.024,1,0,0
ENSMUSP00000027027,ENSMUSG00000025898,Cwf19l2,LOCAL,28.9,0,1,0,0
ENSMUSP00000115906,ENSMUSG00000031918,Mtmr2,LOCAL,28.47,0,1,1,0
ENSMUSP00000004200,ENSMUSG00000004096,Cwc15,LOCAL,28.54,0,1,1,0
ENSMUSP00000034411,ENSMUSG00000031935,Med17,LOCAL,44.73,0,1,1,0
ENSMUSP00000127751,ENSMUSG00000037419,Endod1,LOCAL,27.32,0,1,1,0
ENSMUSP00000034405,ENSMUSG00000031928,Mre11a,LOCAL,23.03,0,1,1,1
ENSMUSP00000111150,ENSMUSG00000010205,Raver1,LOCAL,25.07,0,1,0,0
ENSMUSP00000039688,ENSMUSG00000035047,Kri1,LOCAL,40.43,0,1,1,1
ENSMUSP00000001036,ENSMUSG00000032175,Tyk2,LOCAL,17.47,0.034,1,0,0
ENSMUSP00000034728,ENSMUSG00000032198,Dock6,LOCAL,35.88,0,1,1,0
ENSMUSP00000041878,ENSMUSG00000039395,Mreg,DISTANT,16.35,0.084,1,0,0
ENSMUSP00000131029,ENSMUSG00000003308,Keap1,LOCAL,39.26,0,1,1,1
ENSMUSP00000111008,ENSMUSG00000019066,Rab3d,LOCAL,37.43,0,1,1,1
ENSMUSP00000045384,ENSMUSG00000038884,A230050P20Rik,LOCAL,44.48,0,1,1,1
ENSMUSP00000034697,ENSMUSG00000057193,Slc44a2,LOCAL,25.74,0,1,1,1
ENSMUSP00000130752,ENSMUSG00000043943,Naalad2,LOCAL,24.52,0,1,1,1
ENSMUSP00000004206,ENSMUSG00000070319,Eif3g,LOCAL,19.48,0.005,1,0,0
ENSMUSP00000127128,ENSMUSG00000001348,Acp5,LOCAL,32.8,0,1,1,0
ENSMUSP00000034763,ENSMUSG00000032239,Rp9,LOCAL,47.74,0,1,1,0
ENSMUSP00000137424,ENSMUSG00000066839,Ecsit,LOCAL,39.68,0,1,1,1
ENSMUSP00000137301,ENSMUSG00000040883,Tmem205,LOCAL,22.54,0,1,1,0
ENSMUSP00000004203,ENSMUSG00000004100,Ppan,LOCAL,21.74,0.001,1,0,0
ENSMUSP00000071752,ENSMUSG00000056941,Commd7,DISTANT,16.51,0.075,1,0,0
ENSMUSP00000119986,ENSMUSG00000043067,Dpy19l1,LOCAL,32.6,0,1,1,0
ENSMUSP00000067013,ENSMUSG00000054364,Rhob,DISTANT,16.68,0.064,1,0,0
ENSMUSP00000120414,ENSMUSG00000040025,Ythdf2,DISTANT,16.44,0.079,1,0,0
ENSMUSP00000047083,ENSMUSG00000036611,Eepd1,LOCAL,34.01,0,1,1,1
ENSMUSP00000037614,ENSMUSG00000035443,Thyn1,LOCAL,48.7,0,1,1,1
ENSMUSP00000112908,ENSMUSG00000031969,Acad8,LOCAL,42.97,0,1,1,1
ENSMUSP00000034470,ENSMUSG00000031988,Vps26b,LOCAL,17.53,0.032,1,0,0
ENSMUSP00000019439,ENSMUSG00000019295,Tmem129,DISTANT,16.71,0.063,1,0,0
ENSMUSP00000028106,ENSMUSG00000026768,Itga8,DISTANT,17.41,0.036,1,0,0
ENSMUSP00000031402,ENSMUSG00000029447,Cct6a,DISTANT,19.19,0.006,1,0,0
ENSMUSP00000126377,ENSMUSG00000009681,Bcr,DISTANT,16.74,0.061,1,0,0
ENSMUSP00000072428,ENSMUSG00000031996,Aplp2,LOCAL,40.2,0,1,1,1
ENSMUSP00000029445,ENSMUSG00000027852,Nras,DISTANT,16.81,0.057,1,0,0
ENSMUSP00000083341,ENSMUSG00000042185,Nfrkb,LOCAL,28.96,0,1,1,0
ENSMUSP00000038924,ENSMUSG00000039048,Foxred1,LOCAL,20.92,0.001,1,0,0
ENSMUSP00000048036,ENSMUSG00000035198,Tubg1,DISTANT,16.5,0.076,1,0,0
ENSMUSP00000034539,ENSMUSG00000032040,Dcps,LOCAL,17.71,0.027,1,1,1
ENSMUSP00000034537,ENSMUSG00000032038,St3gal4,LOCAL,20.67,0.001,1,0,1
ENSMUSP00000034543,ENSMUSG00000032044,Rpusd4,LOCAL,16.25,0.091,1,1,0
ENSMUSP00000132270,ENSMUSG00000062762,Ei24,LOCAL,21.45,0.001,1,0,0
ENSMUSP00000002007,ENSMUSG00000001942,Siae,LOCAL,42.7,0,1,1,1
ENSMUSP00000028223,ENSMUSG00000026866,Kynu,DISTANT,17.55,0.032,1,0,0
ENSMUSP00000057354,ENSMUSG00000032018,Sc5d,LOCAL,25.87,0,1,0,1
ENSMUSP00000067882,ENSMUSG00000037287,Tbcel,LOCAL,35.67,0,1,1,1
ENSMUSP00000110489,ENSMUSG00000032011,Thy1,LOCAL,21.02,0.001,1,1,0
ENSMUSP00000076575,ENSMUSG00000032126,Hmbs,LOCAL,47.98,0,1,1,1
ENSMUSP00000034623,ENSMUSG00000032112,Trappc4,LOCAL,44.91,0,1,1,0
ENSMUSP00000112632,ENSMUSG00000059890,Ube4a,LOCAL,29.37,0,1,1,1
ENSMUSP00000079180,ENSMUSG00000009927,Rps25,LOCAL,22.46,0,1,1,0
ENSMUSP00000127531,ENSMUSG00000032109,Nlrx1,LOCAL,31.04,0,1,1,1
ENSMUSP00000128421,ENSMUSG00000032097,Ddx6,LOCAL,43.47,0,1,1,0
ENSMUSP00000034644,ENSMUSG00000032127,Vps11,LOCAL,25.04,0,1,1,0
ENSMUSP00000065233,ENSMUSG00000032120,C2cd2l,LOCAL,17.93,0.023,1,0,0
ENSMUSP00000034650,ENSMUSG00000032135,Mcam,LOCAL,42.94,0,1,1,0
ENSMUSP00000117725,ENSMUSG00000032078,Zfp259,LOCAL,26.56,0,1,0,0
ENSMUSP00000028815,ENSMUSG00000027340,Slc23a2,DISTANT,17.76,0.025,1,0,0
ENSMUSP00000034585,ENSMUSG00000032080,Apoa4,LOCAL,17.02,0.048,1,1,0
ENSMUSP00000121032,ENSMUSG00000034135,Sik3,LOCAL,43.87,0,1,1,1
ENSMUSP00000044290,ENSMUSG00000034908,Sidt2,LOCAL,56.97,0,1,1,1
ENSMUSP00000113126,ENSMUSG00000032081,Apoc3,LOCAL,17.62,0.03,1,0,0
ENSMUSP00000079324,ENSMUSG00000009376,Met,DISTANT,17.55,0.032,1,0,0
ENSMUSP00000014640,ENSMUSG00000014496,Ankrd28,DISTANT,16.84,0.056,1,0,0
ENSMUSP00000034808,ENSMUSG00000032271,Nnmt,LOCAL,38.22,0,1,1,0
ENSMUSP00000126374,ENSMUSG00000042396,Rbm7,LOCAL,17.94,0.023,1,1,0
ENSMUSP00000110195,ENSMUSG00000032076,Cadm1,LOCAL,20.96,0.001,1,1,0
ENSMUSP00000034803,ENSMUSG00000032264,Zw10,LOCAL,16.9,0.053,1,1,0
ENSMUSP00000034566,ENSMUSG00000032064,Dixdc1,LOCAL,28.96,0,1,1,0
ENSMUSP00000034561,ENSMUSG00000032059,Alg9,LOCAL,48.98,0,1,1,1
ENSMUSP00000034570,ENSMUSG00000032067,Pts,LOCAL,21.29,0.001,1,1,0
ENSMUSP00000112727,ENSMUSG00000032066,Bco2,LOCAL,56.95,0,1,1,1
ENSMUSP00000133404,ENSMUSG00000032058,Ppp2r1b,LOCAL,43.71,0,1,1,0
ENSMUSP00000054591,ENSMUSG00000039217,Il18,LOCAL,21.56,0.001,1,1,0
ENSMUSP00000034552,ENSMUSG00000032051,Fdx1,LOCAL,21.48,0.001,1,1,0
ENSMUSP00000039313,ENSMUSG00000034487,Kdelc2,LOCAL,17.64,0.029,1,0,0
ENSMUSP00000113705,ENSMUSG00000041268,Dmxl2,LOCAL,47.95,0,1,1,1
ENSMUSP00000056359,ENSMUSG00000061559,Wdr61,LOCAL,19.76,0.004,1,1,0
ENSMUSP00000039980,ENSMUSG00000035878,Hykk,LOCAL,17.08,0.046,1,0,1
ENSMUSP00000112520,ENSMUSG00000032285,Dnaja4,LOCAL,22.89,0,1,1,0
ENSMUSP00000034848,ENSMUSG00000032301,Psma4,LOCAL,23.15,0,1,1,0
ENSMUSP00000109915,ENSMUSG00000032320,Rcn2,LOCAL,46.37,0,1,1,0
ENSMUSP00000034859,ENSMUSG00000032309,Fbxo22,LOCAL,21.53,0.001,1,1,0
ENSMUSP00000034863,ENSMUSG00000032312,Csk,LOCAL,16.89,0.054,1,0,0
ENSMUSP00000034866,ENSMUSG00000032314,Etfa,LOCAL,18.2,0.018,1,1,0
ENSMUSP00000067200,ENSMUSG00000055334,Snupn,LOCAL,18.79,0.009,1,0,0
ENSMUSP00000038350,ENSMUSG00000040188,Scamp2,LOCAL,31.22,0,1,1,0
ENSMUSP00000035898,ENSMUSG00000040722,Scamp5,LOCAL,31.1,0,1,1,0
ENSMUSP00000034832,ENSMUSG00000032290,Ptpn9,LOCAL,16.56,0.072,1,1,0
ENSMUSP00000026266,ENSMUSG00000025236,Adpgk,LOCAL,16.56,0.072,1,0,1
ENSMUSP00000126019,ENSMUSG00000055720,Ubl7,LOCAL,40.56,0,1,1,0
ENSMUSP00000082816,ENSMUSG00000036986,Pml,LOCAL,35.69,0,1,1,1
ENSMUSP00000082856,ENSMUSG00000063849,Ppcdc,LOCAL,19.14,0.007,1,0,1
ENSMUSP00000113431,ENSMUSG00000005846,Rsl1d1,DISTANT,16.15,0.096,1,0,0
ENSMUSP00000026262,ENSMUSG00000025232,Hexa,LOCAL,24.39,0,1,1,0
ENSMUSP00000081567,ENSMUSG00000042055,Wdr11,DISTANT,16.28,0.089,1,0,0
ENSMUSP00000130123,ENSMUSG00000029064,Gnb1,DISTANT,19.01,0.007,1,0,0
ENSMUSP00000103473,ENSMUSG00000052429,Prmt1,DISTANT,19.71,0.004,1,0,0
ENSMUSP00000059261,ENSMUSG00000051285,Pcmtd1,DISTANT,18.33,0.016,1,0,0
ENSMUSP00000035246,ENSMUSG00000024254,Abcg8,DISTANT,16.12,0.1,1,0,0
ENSMUSP00000030950,ENSMUSG00000029073,Gltpd1,DISTANT,17.79,0.025,1,0,0
ENSMUSP00000062047,ENSMUSG00000034485,Uaca,LOCAL,28.06,0,1,1,0
ENSMUSP00000044955,ENSMUSG00000033629,Ptplad1,LOCAL,33.6,0,1,1,1
ENSMUSP00000082652,ENSMUSG00000032249,Anp32a,LOCAL,21.18,0.001,1,1,0
ENSMUSP00000005066,ENSMUSG00000004936,Map2k1,LOCAL,33.15,0,1,1,1
ENSMUSP00000125049,ENSMUSG00000032280,Tle3,LOCAL,20.85,0.001,1,0,1
ENSMUSP00000034785,ENSMUSG00000032252,Glce,LOCAL,16.5,0.075,1,1,1
ENSMUSP00000041826,ENSMUSG00000041729,Coro2b,LOCAL,28.77,0,1,1,1
ENSMUSP00000063830,ENSMUSG00000032396,Dis3l,LOCAL,47.64,0,1,1,1
ENSMUSP00000015333,ENSMUSG00000015189,Casd1,DISTANT,17.02,0.048,1,0,0
ENSMUSP00000070098,ENSMUSG00000032392,Parp16,LOCAL,25.93,0,1,1,1
ENSMUSP00000034960,ENSMUSG00000032393,Dpp8,LOCAL,48.65,0,1,1,1
ENSMUSP00000034955,ENSMUSG00000032388,Spg21,LOCAL,56,0,1,1,0
ENSMUSP00000034947,ENSMUSG00000032383,Ppib,LOCAL,20.56,0.002,1,1,1
ENSMUSP00000034945,ENSMUSG00000032381,Fam96a,LOCAL,24.55,0,1,1,0
ENSMUSP00000034946,ENSMUSG00000032382,Snx1,LOCAL,18.74,0.01,1,1,1
ENSMUSP00000131076,ENSMUSG00000032387,Rbpms2,LOCAL,24.06,0,1,1,0
ENSMUSP00000112866,ENSMUSG00000032386,Trip4,LOCAL,22.83,0,1,0,0
ENSMUSP00000041857,ENSMUSG00000036943,Rab8b,LOCAL,16.93,0.052,1,1,0
ENSMUSP00000109326,ENSMUSG00000032366,Tpm1,LOCAL,18.84,0.009,1,1,1
ENSMUSP00000109315,ENSMUSG00000032366,Tpm1,LOCAL,18.84,0.009,1,1,0
ENSMUSP00000109335,ENSMUSG00000032366,Tpm1,LOCAL,18.84,0.009,1,1,0
ENSMUSP00000034731,ENSMUSG00000032207,Lipc,LOCAL,19.49,0.005,1,1,1
ENSMUSP00000074063,ENSMUSG00000032204,Aqp9,LOCAL,20.58,0.002,1,0,0
ENSMUSP00000082419,ENSMUSG00000001366,Fbxo9,LOCAL,22.1,0,1,0,0
ENSMUSP00000112479,ENSMUSG00000032232,Cgnl1,LOCAL,46.23,0,1,1,1
ENSMUSP00000111101,ENSMUSG00000040464,Gtpbp10,DISTANT,17.53,0.032,1,0,0
ENSMUSP00000046905,ENSMUSG00000042487,Leo1,LOCAL,42.76,0,1,1,0
ENSMUSP00000126618,ENSMUSG00000007656,Arpp19,LOCAL,19.41,0.005,1,0,0
ENSMUSP00000072087,ENSMUSG00000058587,Tmod3,LOCAL,17.8,0.025,1,1,0
ENSMUSP00000034903,ENSMUSG00000032348,Gsta4,LOCAL,43.22,0,1,1,1
ENSMUSP00000056182,ENSMUSG00000049624,Slc17a5,LOCAL,25.35,0,1,1,1
ENSMUSP00000034896,ENSMUSG00000032342,Mto1,LOCAL,46.34,0,1,1,0
ENSMUSP00000036181,ENSMUSG00000033577,Myo6,LOCAL,32.74,0,1,1,1
ENSMUSP00000108893,ENSMUSG00000033577,Myo6,LOCAL,32.74,0,1,1,1
ENSMUSP00000075501,ENSMUSG00000033577,Myo6,LOCAL,32.74,0,1,1,0
ENSMUSP00000034801,ENSMUSG00000032263,Bckdhb,LOCAL,58.46,0,1,1,1
ENSMUSP00000041145,ENSMUSG00000035941,Ibtk,LOCAL,41.27,0,1,1,0
ENSMUSP00000070871,ENSMUSG00000056131,Pgm3,LOCAL,18.53,0.013,1,1,0
ENSMUSP00000126119,ENSMUSG00000032872,Cyb5r4,LOCAL,57.41,0,1,1,0
ENSMUSP00000034992,ENSMUSG00000032420,Nt5e,LOCAL,36.42,0,1,1,0
ENSMUSP00000119881,ENSMUSG00000066442,Mthfs,LOCAL,77.08,0,1,1,1
ENSMUSP00000108734,ENSMUSG00000079427,Gm2382,LOCAL,44.42,0,1,1,1
ENSMUSP00000045413,ENSMUSG00000037410,Tbc1d2b,LOCAL,43.27,0,1,1,0
ENSMUSP00000125752,ENSMUSG00000027835,Pdcd10,DISTANT,17.04,0.047,1,0,0
ENSMUSP00000034932,ENSMUSG00000032372,Plscr2,LOCAL,45.54,0,1,1,1
ENSMUSP00000082346,ENSMUSG00000062270,Morf4l1,LOCAL,42.89,0,1,1,0
ENSMUSP00000033463,ENSMUSG00000031129,Slc9a9,LOCAL,46.12,0,1,1,1
ENSMUSP00000034983,ENSMUSG00000032412,Atp1b3,LOCAL,36.27,0,1,1,0
ENSMUSP00000078547,ENSMUSG00000064225,Paqr9,LOCAL,19.3,0.005,1,0,1
ENSMUSP00000091317,ENSMUSG00000049493,Pls1,LOCAL,28.92,0,1,1,0
ENSMUSP00000034980,ENSMUSG00000032409,Atr,LOCAL,40.31,0,1,1,0
ENSMUSP00000052856,ENSMUSG00000051234,Rnf7,LOCAL,23.77,0,1,1,0
ENSMUSP00000116205,ENSMUSG00000037286,Stag1,LOCAL,17.75,0.026,1,0,0
ENSMUSP00000035031,ENSMUSG00000032456,Nmnat3,LOCAL,65.01,0,1,1,1
ENSMUSP00000035037,ENSMUSG00000032462,Pik3cb,LOCAL,20.16,0.002,1,0,1
ENSMUSP00000070991,ENSMUSG00000032469,Dbr1,LOCAL,18.24,0.017,1,1,0
ENSMUSP00000035034,ENSMUSG00000032459,Mrps22,LOCAL,22.8,0,1,0,0
ENSMUSP00000043676,ENSMUSG00000041415,Dicer1,DISTANT,18,0.022,1,0,0
ENSMUSP00000035116,ENSMUSG00000032527,Pccb,LOCAL,52.1,0,1,1,0
ENSMUSP00000003705,ENSMUSG00000003604,Aven,DISTANT,18.09,0.02,1,0,0
ENSMUSP00000109571,ENSMUSG00000030037,Mrpl53,DISTANT,17.75,0.026,1,0,0
ENSMUSP00000029699,ENSMUSG00000028063,Lmna,DISTANT,16.29,0.088,1,0,0
ENSMUSP00000032555,ENSMUSG00000002984,Tomm40,DISTANT,16.65,0.066,1,0,0
ENSMUSP00000044497,ENSMUSG00000034880,Mrpl34,DISTANT,16.31,0.086,1,0,0
ENSMUSP00000028308,ENSMUSG00000026939,Tmem141,DISTANT,16.7,0.063,1,0,0
ENSMUSP00000034264,ENSMUSG00000031807,Pgls,DISTANT,16.29,0.088,1,0,0
ENSMUSP00000102381,ENSMUSG00000070372,Capza1,DISTANT,16.79,0.058,1,0,0
ENSMUSP00000035163,ENSMUSG00000033688,1300017J02Rik,LOCAL,47.77,0,1,1,0
ENSMUSP00000127808,ENSMUSG00000090639,Gm20425,LOCAL,44.93,0,1,1,1
ENSMUSP00000044420,ENSMUSG00000032803,Cdv3,LOCAL,42.2,0,1,1,0
ENSMUSP00000108264,ENSMUSG00000032554,Trf,LOCAL,16.31,0.086,1,0,0
ENSMUSP00000035148,ENSMUSG00000032548,Slco2a1,LOCAL,24.85,0,1,1,1
ENSMUSP00000035179,ENSMUSG00000032565,Nudt16,LOCAL,17.06,0.046,1,1,1
ENSMUSP00000035177,ENSMUSG00000032563,Mrpl3,LOCAL,24.16,0,1,0,0
ENSMUSP00000047761,ENSMUSG00000020258,Glyctk,LOCAL,23.66,0,1,0,1
ENSMUSP00000103518,ENSMUSG00000028468,Rgp1,DISTANT,17.73,0.027,1,0,0
ENSMUSP00000043424,ENSMUSG00000090150,Acad11,LOCAL,33.72,0,1,1,0
ENSMUSP00000044654,ENSMUSG00000040813,Tex264,LOCAL,22.67,0,1,1,1
ENSMUSP00000024031,ENSMUSG00000023262,Acy1,LOCAL,21.39,0.001,1,1,1
ENSMUSP00000131146,ENSMUSG00000091345,Col6a5,LOCAL,39.45,0,1,1,0
ENSMUSP00000064513,ENSMUSG00000023249,Parp3,LOCAL,19.23,0.006,1,1,1
ENSMUSP00000038580,ENSMUSG00000041506,Rrp9,LOCAL,16.99,0.049,1,0,0
ENSMUSP00000125765,ENSMUSG00000043719,Col6a6,LOCAL,17.6,0.03,1,1,0
ENSMUSP00000096592,ENSMUSG00000074516,Gm10709,DISTANT,43.39,0,1,1,1
ENSMUSP00000134764,ENSMUSG00000032570,Atp2c1,LOCAL,24.43,0,1,1,0
ENSMUSP00000038755,ENSMUSG00000042073,Abhd14b,LOCAL,33.21,0,1,1,1
ENSMUSP00000131207,ENSMUSG00000033216,Eefsec,DISTANT,17.02,0.048,1,0,0
ENSMUSP00000010192,ENSMUSG00000010048,Ifrd2,LOCAL,46.82,0,1,1,1
ENSMUSP00000091300,ENSMUSG00000079334,Nat6,LOCAL,19.28,0.005,1,1,0
ENSMUSP00000057275,ENSMUSG00000050079,Rspry1,DISTANT,18.47,0.014,1,0,0
ENSMUSP00000124548,ENSMUSG00000041528,Rnf123,LOCAL,21.08,0.001,1,1,0
ENSMUSP00000073832,ENSMUSG00000070283,Ndufaf3,LOCAL,16.57,0.07,1,0,1
ENSMUSP00000005067,ENSMUSG00000004937,Sgta,DISTANT,16.12,0.099,1,0,0
ENSMUSP00000035211,ENSMUSG00000032591,Mst1,LOCAL,37.42,0,1,1,0
ENSMUSP00000135930,ENSMUSG00000006676,Usp19,LOCAL,16.88,0.054,1,1,0
ENSMUSP00000019183,ENSMUSG00000019039,Dalrd3,LOCAL,20.34,0.002,1,1,0
ENSMUSP00000007959,ENSMUSG00000007815,Rhoa,LOCAL,20.91,0.001,1,0,0
ENSMUSP00000070927,ENSMUSG00000066357,Wdr6,LOCAL,16.7,0.063,1,0,0
ENSMUSP00000026743,ENSMUSG00000025651,Uqcrc1,LOCAL,51.54,0,1,1,0
ENSMUSP00000035202,ENSMUSG00000032583,Mon1a,LOCAL,16.84,0.056,1,1,0
ENSMUSP00000071966,ENSMUSG00000053646,Plxnb1,LOCAL,37.02,0,1,1,1
ENSMUSP00000019803,ENSMUSG00000019659,Ccdc12,LOCAL,31.19,0,1,1,0
ENSMUSP00000119531,ENSMUSG00000032478,Nme6,LOCAL,34.72,0,1,1,0
ENSMUSP00000081985,ENSMUSG00000066319,Rtp3,LOCAL,39.41,0,1,1,0
ENSMUSP00000133026,ENSMUSG00000091537,Tma7,LOCAL,22.35,0,1,1,0
ENSMUSP00000069017,ENSMUSG00000054836,Elp6,LOCAL,18.35,0.016,1,0,0
ENSMUSP00000035055,ENSMUSG00000032479,Map4,LOCAL,37.59,0,1,1,1
ENSMUSP00000116313,ENSMUSG00000044791,Setd2,LOCAL,17.33,0.039,1,0,0
ENSMUSP00000099614,ENSMUSG00000020821,Kif1c,DISTANT,16.44,0.079,1,0,0
ENSMUSP00000035078,ENSMUSG00000032497,Lrrfip2,LOCAL,21.92,0,1,0,1
ENSMUSP00000127932,ENSMUSG00000024976,Shoc2,DISTANT,16.76,0.06,1,0,0
ENSMUSP00000104464,ENSMUSG00000069874,Irgm2,DISTANT,16.6,0.069,1,0,0
ENSMUSP00000019224,ENSMUSG00000019080,Mfsd3,DISTANT,17.41,0.036,1,0,0
ENSMUSP00000004949,ENSMUSG00000027164,Traf6,DISTANT,16.6,0.069,1,0,0
ENSMUSP00000035366,ENSMUSG00000032435,Dync1li1,LOCAL,29.36,0,1,1,0
ENSMUSP00000064840,ENSMUSG00000056167,Cnot10,LOCAL,24.44,0,1,1,0
ENSMUSP00000130201,ENSMUSG00000033392,Clasp2,LOCAL,19.77,0.004,1,1,0
ENSMUSP00000055803,ENSMUSG00000045594,Glb1,LOCAL,51.78,0,1,1,1
ENSMUSP00000081575,ENSMUSG00000066151,Fkbp15,DISTANT,16.92,0.052,1,0,0
ENSMUSP00000117509,ENSMUSG00000050627,Gpd1l,LOCAL,61.67,0,1,1,1
ENSMUSP00000023269,ENSMUSG00000098274,RPL24,DISTANT,30.5,0,1,1,0
ENSMUSP00000090897,ENSMUSG00000069919,Hba-a1,DISTANT,18.32,0.016,1,0,0
ENSMUSP00000047904,ENSMUSG00000039163,Cmc1,LOCAL,16.39,0.082,1,1,0
ENSMUSP00000081880,ENSMUSG00000038708,Golga4,LOCAL,27.03,0,1,0,0
ENSMUSP00000042509,ENSMUSG00000032512,Wdr48,LOCAL,16.13,0.098,1,0,0
ENSMUSP00000044227,ENSMUSG00000039115,Itga9,LOCAL,25.47,0,1,0,1
ENSMUSP00000039663,ENSMUSG00000042102,Dmgdh,DISTANT,16.67,0.064,1,0,0
ENSMUSP00000042351,ENSMUSG00000036138,Acaa1a,LOCAL,44.34,0,1,1,1
ENSMUSP00000035099,ENSMUSG00000032513,Gorasp1,LOCAL,34.02,0,1,1,1
ENSMUSP00000042155,ENSMUSG00000036737,Oxsr1,LOCAL,19.03,0.007,1,1,1
ENSMUSP00000098648,ENSMUSG00000036323,Srp72,DISTANT,17.07,0.046,1,0,0
ENSMUSP00000072636,ENSMUSG00000062110,Scfd2,DISTANT,16.99,0.049,1,0,0
ENSMUSP00000007130,ENSMUSG00000006932,Ctnnb1,LOCAL,47.28,0,1,1,0
ENSMUSP00000002839,ENSMUSG00000059409,Ppp2r5d,DISTANT,16.35,0.084,1,0,0
ENSMUSP00000022344,ENSMUSG00000021810,Ecd,DISTANT,18.5,0.014,1,0,0
ENSMUSP00000069914,ENSMUSG00000078922,Tgtp1,DISTANT,18.8,0.009,1,0,0
ENSMUSP00000012028,ENSMUSG00000011884,Gltp,DISTANT,17.28,0.04,1,0,0
ENSMUSP00000095858,ENSMUSG00000025245,Lztfl1,LOCAL,28.94,0,1,1,1
ENSMUSP00000045214,ENSMUSG00000037949,Ano10,LOCAL,65.58,0,1,1,1
ENSMUSP00000015667,ENSMUSG00000038642,Ctss,DISTANT,18.32,0.016,1,0,0
ENSMUSP00000040246,ENSMUSG00000036905,C1qb,DISTANT,16.85,0.055,1,0,0
ENSMUSP00000000299,ENSMUSG00000000290,Itgb2,DISTANT,16.62,0.067,1,0,0
ENSMUSP00000015998,ENSMUSG00000015854,Cd5l,DISTANT,17.48,0.034,1,0,0
ENSMUSP00000031447,ENSMUSG00000029484,Anxa3,DISTANT,16.27,0.09,1,0,0
ENSMUSP00000108075,ENSMUSG00000040990,Sh3kbp1,DISTANT,16.23,0.093,1,0,0
ENSMUSP00000035154,ENSMUSG00000032551,1110059G10Rik,LOCAL,24.72,0,1,0,0
ENSMUSP00000026890,ENSMUSG00000025784,Clec3b,LOCAL,17.02,0.048,1,1,0
ENSMUSP00000090259,ENSMUSG00000069668,Sult3a1,DISTANT,17.71,0.027,1,0,0
ENSMUSP00000014686,ENSMUSG00000014542,Clec4f,DISTANT,17.41,0.036,1,0,0
ENSMUSP00000026269,ENSMUSG00000025239,Limd1,LOCAL,27.16,0,1,1,0
ENSMUSP00000026891,ENSMUSG00000025785,Exosc7,LOCAL,60.37,0,1,1,0
ENSMUSP00000053900,ENSMUSG00000043207,Zmpste24,DISTANT,18.28,0.017,1,0,0
ENSMUSP00000126284,ENSMUSG00000031585,Gtf2e2,DISTANT,16.84,0.056,1,0,0
ENSMUSP00000075011,ENSMUSG00000031974,Abcb10,DISTANT,17.5,0.033,1,0,0
ENSMUSP00000081764,ENSMUSG00000025241,Fyco1,LOCAL,28.14,0,1,1,1
ENSMUSP00000093581,ENSMUSG00000061759,1700052N19Rik,LOCAL,34.23,0,1,1,1
ENSMUSP00000112870,ENSMUSG00000040675,Mthfd1l,LOCAL,23.08,0,1,1,1
ENSMUSP00000043355,ENSMUSG00000019763,Rmnd1,LOCAL,55.38,0,1,1,1
ENSMUSP00000035829,ENSMUSG00000038587,Akap12,LOCAL,30.89,0,1,1,0
ENSMUSP00000015901,ENSMUSG00000015757,Ppil4,LOCAL,33.33,0,1,1,0
ENSMUSP00000030560,ENSMUSG00000028776,Tinagl1,DISTANT,16.23,0.093,1,0,0
ENSMUSP00000027271,ENSMUSG00000026102,Inpp1,DISTANT,18.43,0.015,1,0,0
ENSMUSP00000019974,ENSMUSG00000019832,Rab32,LOCAL,60.1,0,1,1,0
ENSMUSP00000044535,ENSMUSG00000019790,Stxbp5,LOCAL,18.4,0.015,1,0,0
ENSMUSP00000066050,ENSMUSG00000055493,Epm2a,LOCAL,36.63,0,1,1,1
ENSMUSP00000047797,ENSMUSG00000041781,Cpsf2,DISTANT,17.77,0.025,1,0,0
ENSMUSP00000021649,ENSMUSG00000021226,Acot2,DISTANT,17.47,0.034,1,0,0
ENSMUSP00000127498,ENSMUSG00000024942,Capn1,DISTANT,17.33,0.039,1,0,0
ENSMUSP00000119829,ENSMUSG00000019868,Vta1,LOCAL,58.46,0,1,1,1
ENSMUSP00000099541,ENSMUSG00000058546,Rpl23a,DISTANT,22.39,0,1,1,0
ENSMUSP00000020182,ENSMUSG00000020003,Pex7,LOCAL,58,0,1,1,0
ENSMUSP00000111963,ENSMUSG00000019996,Map7,LOCAL,42.64,0,1,1,1
ENSMUSP00000038878,ENSMUSG00000037542,Aldh8a1,LOCAL,28.98,0,1,1,1
ENSMUSP00000020153,ENSMUSG00000019977,Hbs1l,LOCAL,16.7,0.063,1,1,1
ENSMUSP00000055122,ENSMUSG00000019978,Epb4.1l2,LOCAL,18.43,0.015,1,0,0
ENSMUSP00000040599,ENSMUSG00000037440,Vnn1,LOCAL,27.16,0,1,1,0
ENSMUSP00000020190,ENSMUSG00000020010,Vnn3,LOCAL,66.98,0,1,1,1
ENSMUSP00000083973,ENSMUSG00000067038,Rps12-ps3,DISTANT,67.69,0,1,1,0
ENSMUSP00000093460,ENSMUSG00000020000,Moxd1,LOCAL,22.98,0,1,1,0
ENSMUSP00000101159,ENSMUSG00000037370,Enpp1,LOCAL,46.87,0,1,1,1
ENSMUSP00000020169,ENSMUSG00000019989,Enpp3,LOCAL,21,0.001,1,1,0
ENSMUSP00000044834,ENSMUSG00000039031,Arhgap18,LOCAL,36.73,0,1,1,1
ENSMUSP00000125553,ENSMUSG00000019883,Echdc1,LOCAL,41.99,0,1,1,1
ENSMUSP00000033241,ENSMUSG00000030946,Lhpp,DISTANT,21.22,0.001,1,1,0
ENSMUSP00000081544,ENSMUSG00000030934,Oat,DISTANT,18.4,0.015,1,0,0
ENSMUSP00000024596,ENSMUSG00000023829,Slc22a1,DISTANT,17.78,0.025,1,0,0
ENSMUSP00000079100,ENSMUSG00000005089,Slc1a2,DISTANT,21.57,0.001,1,0,0
ENSMUSP00000125552,ENSMUSG00000019791,Hint3,LOCAL,60.7,0,1,1,1
ENSMUSP00000024944,ENSMUSG00000024131,Slc3a1,DISTANT,16.63,0.067,1,0,0
ENSMUSP00000083375,ENSMUSG00000026473,Glul,DISTANT,30.87,0,1,1,1
ENSMUSP00000074436,ENSMUSG00000031722,Hp,DISTANT,16.21,0.094,1,0,0
ENSMUSP00000050398,ENSMUSG00000089917,Uckl1,DISTANT,16.29,0.088,1,0,0
ENSMUSP00000034860,ENSMUSG00000032310,Cyp1a2,DISTANT,17.75,0.026,1,0,0
ENSMUSP00000127159,ENSMUSG00000090298,Gm4794,LOCAL,52.86,0,1,1,1
ENSMUSP00000090259,ENSMUSG00000069668,Sult3a1,LOCAL,46.57,0,1,1,1
ENSMUSP00000029575,ENSMUSG00000027963,Extl2,DISTANT,16.37,0.083,1,0,0
ENSMUSP00000044305,ENSMUSG00000038446,Cdc40,LOCAL,25.49,0,1,1,0
ENSMUSP00000090227,ENSMUSG00000019838,Slc16a10,LOCAL,26.96,0,1,1,1
ENSMUSP00000110595,ENSMUSG00000036932,Aifm1,DISTANT,16.55,0.073,1,0,0
ENSMUSP00000025166,ENSMUSG00000024304,Cdh2,DISTANT,16.4,0.081,1,0,0
ENSMUSP00000019992,ENSMUSG00000019846,Lama4,LOCAL,56.08,0,1,1,0
ENSMUSP00000027103,ENSMUSG00000025962,Fastkd2,DISTANT,17.78,0.025,1,0,0
ENSMUSP00000019986,ENSMUSG00000019841,Rev3l,LOCAL,18.62,0.012,1,1,0
ENSMUSP00000136357,ENSMUSG00000096010,Hist4h4,DISTANT,18.45,0.014,1,1,0
ENSMUSP00000097547,ENSMUSG00000019843,Fyn,LOCAL,18.15,0.019,1,0,0
ENSMUSP00000019977,ENSMUSG00000063428,Ddo,LOCAL,30.09,0,1,1,1
ENSMUSP00000035456,ENSMUSG00000038510,Rpf2,LOCAL,47.83,0,1,1,0
ENSMUSP00000039598,ENSMUSG00000038417,Fig4,LOCAL,34.11,0,1,1,0
ENSMUSP00000036149,ENSMUSG00000038302,Lace1,LOCAL,69.75,0,1,1,1
ENSMUSP00000019937,ENSMUSG00000019802,Sec63,LOCAL,21.96,0,1,0,0
ENSMUSP00000093393,ENSMUSG00000038240,Pdss2,LOCAL,63.6,0,1,1,0
ENSMUSP00000020999,ENSMUSG00000020668,Kif3c,DISTANT,19.62,0.004,1,0,0
ENSMUSP00000060940,ENSMUSG00000019864,Rtn4ip1,LOCAL,45.42,0,1,1,0
ENSMUSP00000020017,ENSMUSG00000019866,Aim1,LOCAL,46.44,0,1,1,1
ENSMUSP00000019932,ENSMUSG00000019797,1700021F05Rik,LOCAL,19.79,0.004,1,1,1
ENSMUSP00000035486,ENSMUSG00000034108,Ccs,DISTANT,16.16,0.096,1,0,0
ENSMUSP00000097444,ENSMUSG00000019849,Prep,LOCAL,52.55,0,1,1,1
ENSMUSP00000066359,ENSMUSG00000022378,Fam49b,DISTANT,16.93,0.052,1,0,0
ENSMUSP00000055267,ENSMUSG00000045314,Sowahb,DISTANT,19.88,0.003,1,0,0
ENSMUSP00000020027,ENSMUSG00000019877,Serinc1,LOCAL,37.45,0,1,1,0
ENSMUSP00000020022,ENSMUSG00000019872,Smpdl3a,LOCAL,29.72,0,1,1,1
ENSMUSP00000020078,ENSMUSG00000019920,Lims1,LOCAL,17.43,0.035,1,1,0
ENSMUSP00000139070,ENSMUSG00000093752,Gm20716,DISTANT,16.49,0.076,1,0,0
ENSMUSP00000020284,ENSMUSG00000020087,Tysnd1,LOCAL,22.86,0,1,1,1
ENSMUSP00000129023,ENSMUSG00000019917,10-Sep,LOCAL,16.89,0.054,1,1,0
ENSMUSP00000126597,ENSMUSG00000020111,Micu1,LOCAL,25.8,0,1,1,0
ENSMUSP00000052351,ENSMUSG00000044475,Ascc1,LOCAL,32.57,0,1,1,1
ENSMUSP00000048443,ENSMUSG00000034709,Ppp1r21,DISTANT,17.18,0.043,1,0,0
ENSMUSP00000048042,ENSMUSG00000037151,Lrrc20,LOCAL,46.11,0,1,1,1
ENSMUSP00000090155,ENSMUSG00000020097,Sgpl1,LOCAL,28.67,0,1,1,1
ENSMUSP00000101095,ENSMUSG00000020085,Aifm2,LOCAL,22.06,0,1,1,1
ENSMUSP00000020289,ENSMUSG00000020092,Pald1,LOCAL,70.59,0,1,1,1
ENSMUSP00000001419,ENSMUSG00000001383,Zmat2,DISTANT,16.15,0.097,1,0,0
ENSMUSP00000020285,ENSMUSG00000020088,Sar1a,LOCAL,29.42,0,1,0,0
ENSMUSP00000115865,ENSMUSG00000020083,2010107G23Rik,LOCAL,21.69,0.001,1,1,0
ENSMUSP00000020258,ENSMUSG00000020064,Herc4,LOCAL,20.36,0.002,1,1,0
ENSMUSP00000043370,ENSMUSG00000071253,Slc25a16,LOCAL,26.51,0,1,1,0
ENSMUSP00000116577,ENSMUSG00000020109,Dnajb12,LOCAL,19.66,0.004,1,0,0
ENSMUSP00000020262,ENSMUSG00000020068,Pbld2,LOCAL,33.54,0,1,1,1
ENSMUSP00000020023,ENSMUSG00000019873,Reep3,LOCAL,32.45,0,1,1,0
ENSMUSP00000100075,ENSMUSG00000042228,Lyn,DISTANT,16.42,0.081,1,0,0
ENSMUSP00000099939,ENSMUSG00000001891,Ugp2,DISTANT,18.7,0.011,1,0,0
ENSMUSP00000135703,ENSMUSG00000010175,Prox1,DISTANT,17.2,0.043,1,0,0
ENSMUSP00000068677,ENSMUSG00000055538,Zcchc24,DISTANT,21.93,0,1,0,0
ENSMUSP00000138326,ENSMUSG00000069601,Ank3,LOCAL,52.45,0,1,1,0
ENSMUSP00000123374,ENSMUSG00000048701,Ccdc6,LOCAL,18.8,0.009,1,1,0
ENSMUSP00000126377,ENSMUSG00000009681,Bcr,LOCAL,19.25,0.005,1,1,1
ENSMUSP00000008537,ENSMUSG00000008393,Carhsp1,DISTANT,18.87,0.009,1,0,0
ENSMUSP00000020081,ENSMUSG00000019923,Zwint,LOCAL,60.32,0,1,1,0
ENSMUSP00000090086,ENSMUSG00000003923,Tfam,LOCAL,31.05,0,1,1,0
ENSMUSP00000001713,ENSMUSG00000001663,Gstt1,LOCAL,72.35,0,1,1,1
ENSMUSP00000093197,ENSMUSG00000006342,Susd2,LOCAL,48.57,0,1,1,0
ENSMUSP00000046324,ENSMUSG00000033318,Gstt2,LOCAL,26.75,0,1,1,1
ENSMUSP00000049342,ENSMUSG00000033427,Upb1,LOCAL,32.93,0,1,1,1
ENSMUSP00000001183,ENSMUSG00000001155,Ftcd,LOCAL,39.06,0,1,1,1
ENSMUSP00000026013,ENSMUSG00000025037,Maoa,DISTANT,16.49,0.076,1,0,0
ENSMUSP00000000925,ENSMUSG00000000902,Smarcb1,LOCAL,22.76,0,1,1,0
ENSMUSP00000001181,ENSMUSG00000020241,Col6a2,LOCAL,29.4,0,1,1,0
ENSMUSP00000101053,ENSMUSG00000020241,Col6a2,LOCAL,29.4,0,1,1,0
ENSMUSP00000009435,ENSMUSG00000009291,Pttg1ip,LOCAL,29.79,0,1,1,0
ENSMUSP00000001716,ENSMUSG00000001666,Ddt,LOCAL,23.74,0,1,1,1
ENSMUSP00000020522,ENSMUSG00000020277,Pfkl,LOCAL,56.38,0,1,1,1
ENSMUSP00000045812,ENSMUSG00000032834,Pwp2,LOCAL,35.77,0,1,1,0
ENSMUSP00000005185,ENSMUSG00000005054,Cstb,LOCAL,33.63,0,1,1,1
ENSMUSP00000124155,ENSMUSG00000034902,Pip5k1c,LOCAL,31.18,0,1,1,0
ENSMUSP00000101023,ENSMUSG00000032763,Ilvbl,LOCAL,47.81,0,1,1,1
ENSMUSP00000020580,ENSMUSG00000020329,Polrmt,LOCAL,16.73,0.062,1,0,0
ENSMUSP00000069004,ENSMUSG00000063457,Rps15,LOCAL,30.07,0,1,1,0
ENSMUSP00000041049,ENSMUSG00000035754,Wdr18,LOCAL,34.02,0,1,1,0
ENSMUSP00000072521,ENSMUSG00000064317,Gm10146,LOCAL,57.26,0,1,1,0
ENSMUSP00000040198,ENSMUSG00000046329,Slc25a23,DISTANT,18.54,0.013,1,0,0
ENSMUSP00000020341,ENSMUSG00000020133,2310011J03Rik,LOCAL,28.73,0,1,1,0
ENSMUSP00000020440,ENSMUSG00000020219,Timm13,LOCAL,25.54,0,1,0,0
ENSMUSP00000078808,ENSMUSG00000078441,Scamp4,LOCAL,18.2,0.018,1,1,0
ENSMUSP00000009340,ENSMUSG00000026536,Mnda,DISTANT,16.22,0.093,1,0,0
ENSMUSP00000039322,ENSMUSG00000034560,A230046K03Rik,LOCAL,33.82,0,1,1,1
ENSMUSP00000122403,ENSMUSG00000020248,Nfyb,LOCAL,46.54,0,1,1,0
ENSMUSP00000020484,ENSMUSG00000020250,Txnrd1,LOCAL,37.11,0,1,1,1
ENSMUSP00000101006,ENSMUSG00000003072,Atp5d,LOCAL,17.57,0.031,1,1,0
ENSMUSP00000076418,ENSMUSG00000034453,Polr3b,LOCAL,22.44,0,1,1,0
ENSMUSP00000020500,ENSMUSG00000020263,Appl2,LOCAL,31.09,0,1,1,1
ENSMUSP00000062762,ENSMUSG00000049038,Mterfd3,LOCAL,31.9,0,1,1,1
ENSMUSP00000001836,ENSMUSG00000001785,Pwp1,LOCAL,16.76,0.06,1,0,1
ENSMUSP00000093030,ENSMUSG00000060935,AI597468,LOCAL,22.33,0,1,1,1
ENSMUSP00000048309,ENSMUSG00000035459,Stab2,LOCAL,40.12,0,1,1,1
ENSMUSP00000020248,ENSMUSG00000020056,Ccdc53,LOCAL,19.56,0.005,1,0,0
ENSMUSP00000096994,ENSMUSG00000054027,Nt5dc3,LOCAL,17.71,0.027,1,1,0
ENSMUSP00000133992,ENSMUSG00000069539,Scyl2,LOCAL,26.26,0,1,0,1
ENSMUSP00000053092,ENSMUSG00000047638,Nr1h4,LOCAL,19.04,0.007,1,0,1
ENSMUSP00000072092,ENSMUSG00000019961,Tmpo,LOCAL,17.92,0.023,1,0,0
ENSMUSP00000020123,ENSMUSG00000019961,Tmpo,LOCAL,17.92,0.023,1,0,0
ENSMUSP00000075987,ENSMUSG00000061904,Slc25a3,LOCAL,17.92,0.023,1,0,1
ENSMUSP00000062843,ENSMUSG00000048170,Mcmbp,DISTANT,17.13,0.045,1,0,0
ENSMUSP00000020163,ENSMUSG00000019988,Nedd1,LOCAL,23.27,0,1,1,1
ENSMUSP00000070355,ENSMUSG00000020015,Cdk17,LOCAL,20.37,0.002,1,1,0
ENSMUSP00000123336,ENSMUSG00000020017,Hal,LOCAL,20.14,0.002,1,1,1
ENSMUSP00000016034,ENSMUSG00000015890,Amdhd1,LOCAL,29.81,0,1,1,1
ENSMUSP00000016033,ENSMUSG00000015889,Lta4h,LOCAL,54.33,0,1,1,1
ENSMUSP00000048285,ENSMUSG00000036112,Metap2,LOCAL,16.85,0.055,1,0,1
ENSMUSP00000023019,ENSMUSG00000022386,Trmu,DISTANT,17.19,0.043,1,0,0
ENSMUSP00000113715,ENSMUSG00000036099,Vezt,LOCAL,50.77,0,1,1,0
ENSMUSP00000020209,ENSMUSG00000020022,Ndufa12,LOCAL,54.64,0,1,1,0
ENSMUSP00000093473,ENSMUSG00000021395,Spin1,DISTANT,18.07,0.021,1,0,0
ENSMUSP00000020208,ENSMUSG00000020021,Fgd6,LOCAL,27.9,0,1,1,1
ENSMUSP00000063264,ENSMUSG00000020023,Tmcc3,LOCAL,45.68,0,1,1,0
ENSMUSP00000050295,ENSMUSG00000045867,Cradd,LOCAL,39.48,0,1,1,1
ENSMUSP00000075226,ENSMUSG00000062981,Mrpl42,LOCAL,38.14,0,1,1,0
ENSMUSP00000113014,ENSMUSG00000022214,Dcaf11,DISTANT,16.68,0.064,1,0,0
ENSMUSP00000020217,ENSMUSG00000020029,Nudt4,LOCAL,16.97,0.05,1,0,0
ENSMUSP00000096932,ENSMUSG00000074781,Ube2n,LOCAL,18.52,0.013,1,1,1
ENSMUSP00000040877,ENSMUSG00000036446,Lum,LOCAL,46.49,0,1,1,0
ENSMUSP00000100924,ENSMUSG00000019929,Dcn,LOCAL,18.95,0.008,1,1,0
ENSMUSP00000056754,ENSMUSG00000063077,Kif1b,DISTANT,17.61,0.03,1,0,0
ENSMUSP00000020286,ENSMUSG00000020089,Ppa1,DISTANT,16.99,0.049,1,0,0
ENSMUSP00000125341,ENSMUSG00000021040,Slirp,DISTANT,17.16,0.044,1,0,0
ENSMUSP00000125315,ENSMUSG00000090035,Galnt4,LOCAL,27.51,0,1,1,1
ENSMUSP00000061470,ENSMUSG00000036676,Tmtc3,LOCAL,22.77,0,1,1,0
ENSMUSP00000128209,ENSMUSG00000035948,Acss3,LOCAL,48.34,0,1,1,1
ENSMUSP00000035078,ENSMUSG00000032497,Lrrfip2,DISTANT,16.12,0.099,1,0,0
ENSMUSP00000100912,ENSMUSG00000035864,Syt1,LOCAL,46.61,0,1,1,1
ENSMUSP00000020057,ENSMUSG00000019906,Lin7a,LOCAL,17.88,0.024,1,1,0
ENSMUSP00000020403,ENSMUSG00000020186,Csrp2,LOCAL,36.97,0,1,1,0
ENSMUSP00000132065,ENSMUSG00000062038,Gm10108,DISTANT,21.18,0.001,1,0,0
ENSMUSP00000043279,ENSMUSG00000035798,Zdhhc17,LOCAL,25.03,0,1,1,0
ENSMUSP00000100911,ENSMUSG00000020189,Osbpl8,LOCAL,28.51,0,1,1,0
ENSMUSP00000096882,ENSMUSG00000074748,Atxn7l3b,LOCAL,62.21,0,1,1,1
ENSMUSP00000049243,ENSMUSG00000034127,Tspan8,LOCAL,18.86,0.009,1,0,0
ENSMUSP00000089808,ENSMUSG00000069520,Tmem19,LOCAL,62.06,0,1,1,1
ENSMUSP00000068408,ENSMUSG00000055531,Cpsf6,LOCAL,19.64,0.004,1,0,0
ENSMUSP00000036288,ENSMUSG00000034024,Cct2,LOCAL,17.91,0.023,1,0,0
ENSMUSP00000020382,ENSMUSG00000020171,Yeats4,LOCAL,45.38,0,1,1,0
ENSMUSP00000020375,ENSMUSG00000064181,Rab3ip,LOCAL,45.16,0,1,1,1
ENSMUSP00000089801,ENSMUSG00000069516,Lyz2,LOCAL,24.2,0,1,1,0
ENSMUSP00000020444,ENSMUSG00000020224,Llph,LOCAL,46.11,0,1,1,0
ENSMUSP00000089781,ENSMUSG00000051236,Msrb3,LOCAL,44.79,0,1,1,0
ENSMUSP00000043167,ENSMUSG00000034707,Gns,LOCAL,21.16,0.001,1,0,0
ENSMUSP00000020316,ENSMUSG00000020115,Tbk1,LOCAL,26.77,0,1,1,0
ENSMUSP00000026902,ENSMUSG00000025795,Rassf3,LOCAL,31.07,0,1,1,0
ENSMUSP00000073462,ENSMUSG00000034602,Mon2,LOCAL,26.58,0,1,1,0
ENSMUSP00000061646,ENSMUSG00000043153,Ispd,DISTANT,18.32,0.016,1,0,0
ENSMUSP00000133523,ENSMUSG00000007739,Cct4,DISTANT,20.15,0.002,1,0,0
ENSMUSP00000057751,ENSMUSG00000006736,Tspan31,LOCAL,30.71,0,1,1,0
ENSMUSP00000006915,ENSMUSG00000006732,Mettl1,LOCAL,34.81,0,1,1,0
ENSMUSP00000128914,ENSMUSG00000040462,Os9,LOCAL,19.63,0.004,1,0,0
ENSMUSP00000013970,ENSMUSG00000025417,Pip4k2c,LOCAL,17.43,0.035,1,0,0
ENSMUSP00000071573,ENSMUSG00000069456,Rdh16,LOCAL,18.37,0.015,1,1,0
ENSMUSP00000006914,ENSMUSG00000006731,B4galnt1,LOCAL,62.12,0,1,1,1
ENSMUSP00000026470,ENSMUSG00000025403,Shmt2,LOCAL,24.62,0,1,1,1
ENSMUSP00000089708,ENSMUSG00000002147,Stat6,LOCAL,21.35,0.001,1,1,1
ENSMUSP00000057732,ENSMUSG00000056148,Rdh9,LOCAL,44.55,0,1,1,1
ENSMUSP00000026459,ENSMUSG00000025393,Atp5b,LOCAL,30.92,0,1,1,0
ENSMUSP00000026420,ENSMUSG00000025362,Rps26,LOCAL,34.57,0,1,1,0
ENSMUSP00000089691,ENSMUSG00000074639,BC089597,LOCAL,39.85,0,1,1,1
ENSMUSP00000089664,ENSMUSG00000040043,Rbms2,LOCAL,46.48,0,1,1,1
ENSMUSP00000059142,ENSMUSG00000051716,Apon,LOCAL,55.73,0,1,1,1
ENSMUSP00000050292,ENSMUSG00000071072,Ptges3,LOCAL,47.5,0,1,1,0
ENSMUSP00000005826,ENSMUSG00000005683,Cs,LOCAL,20.92,0.001,1,1,1
ENSMUSP00000026427,ENSMUSG00000025366,Esyt1,LOCAL,49.44,0,1,1,1
ENSMUSP00000054731,ENSMUSG00000051346,Spryd4,LOCAL,35.38,0,1,1,1
ENSMUSP00000100872,ENSMUSG00000040033,Stat2,LOCAL,21.33,0.001,1,1,1
ENSMUSP00000137244,ENSMUSG00000051255,Gm6563,DISTANT,41.83,0,1,1,0
ENSMUSP00000102771,ENSMUSG00000035623,Rsf1,DISTANT,17.03,0.048,1,0,0
ENSMUSP00000056195,ENSMUSG00000049858,Suox,LOCAL,18.51,0.014,1,0,0
ENSMUSP00000026398,ENSMUSG00000025347,Mettl7b,LOCAL,19.01,0.007,1,1,1
ENSMUSP00000002198,ENSMUSG00000002129,Sf3a1,LOCAL,18.91,0.008,1,0,0
ENSMUSP00000019512,ENSMUSG00000019368,Sec14l4,LOCAL,35.24,0,1,1,1
ENSMUSP00000091066,ENSMUSG00000009073,Nf2,LOCAL,17.05,0.047,1,1,0
ENSMUSP00000054856,ENSMUSG00000059534,Uqcr10,LOCAL,20.46,0.002,1,0,0
ENSMUSP00000067053,ENSMUSG00000020448,Rnf185,LOCAL,43.88,0,1,1,1
ENSMUSP00000063272,ENSMUSG00000020412,Ascc2,LOCAL,25.37,0,1,1,0
ENSMUSP00000049338,ENSMUSG00000034285,Nipsnap1,LOCAL,24.33,0,1,0,0
ENSMUSP00000004646,ENSMUSG00000004530,Coro1c,DISTANT,16.4,0.081,1,0,0
ENSMUSP00000009234,ENSMUSG00000009090,Ap1b1,LOCAL,52.58,0,1,1,0
ENSMUSP00000045580,ENSMUSG00000034274,Thoc5,LOCAL,27.25,0,1,1,0
ENSMUSP00000020768,ENSMUSG00000020475,Pgam2,LOCAL,19.31,0.005,1,1,0
ENSMUSP00000064668,ENSMUSG00000053838,Nudcd3,LOCAL,39.97,0,1,1,1
ENSMUSP00000134739,ENSMUSG00000053929,Cyhr1,DISTANT,17.49,0.033,1,0,0
ENSMUSP00000003681,ENSMUSG00000003585,Sec14l2,LOCAL,20.46,0.002,1,1,1
ENSMUSP00000112007,ENSMUSG00000025156,Gps1,DISTANT,17.42,0.035,1,0,0
ENSMUSP00000077909,ENSMUSG00000071177,Serpina1d,DISTANT,16.23,0.093,1,0,0
ENSMUSP00000020695,ENSMUSG00000020422,Tns3,LOCAL,24.65,0,1,1,1
ENSMUSP00000025515,ENSMUSG00000024614,Tmx3,DISTANT,20.68,0.001,1,0,0
ENSMUSP00000107726,ENSMUSG00000041740,Rnf10,DISTANT,16.51,0.075,1,0,0
ENSMUSP00000068525,ENSMUSG00000020182,Ddc,LOCAL,17.96,0.022,1,0,1
ENSMUSP00000105277,ENSMUSG00000020173,Cobl,LOCAL,44.58,0,1,1,1
ENSMUSP00000122150,ENSMUSG00000044629,Cnrip1,LOCAL,41.48,0,1,1,1
ENSMUSP00000020317,ENSMUSG00000020116,Pno1,LOCAL,17.08,0.046,1,0,0
ENSMUSP00000000137,ENSMUSG00000020152,Actr2,LOCAL,23.11,0,1,0,0
ENSMUSP00000117030,ENSMUSG00000021196,Pfkp,DISTANT,16.42,0.081,1,0,0
ENSMUSP00000055036,ENSMUSG00000039108,Lsm14b,DISTANT,16.15,0.097,1,0,0
ENSMUSP00000099938,ENSMUSG00000020321,Mdh1,LOCAL,35.52,0,1,1,1
ENSMUSP00000037489,ENSMUSG00000042302,Ehbp1,LOCAL,29.35,0,1,1,1
ENSMUSP00000124719,ENSMUSG00000051355,Commd1,LOCAL,20.32,0.002,1,0,0
ENSMUSP00000020529,ENSMUSG00000020288,Ahsa2,LOCAL,20.91,0.001,1,0,0
ENSMUSP00000020756,ENSMUSG00000020464,Pnpt1,LOCAL,21.9,0,1,1,0
ENSMUSP00000048099,ENSMUSG00000032673,Prorsd1,LOCAL,43.72,0,1,1,0
ENSMUSP00000020749,ENSMUSG00000020459,Mtif2,LOCAL,21.79,0.001,1,1,1
ENSMUSP00000072929,ENSMUSG00000020311,Erlec1,LOCAL,30.26,0,1,0,0
ENSMUSP00000074195,ENSMUSG00000060923,Acyp2,LOCAL,51.01,0,1,1,1
ENSMUSP00000098942,ENSMUSG00000020309,Chac2,LOCAL,34.98,0,1,1,1
ENSMUSP00000090897,ENSMUSG00000069919,Hba-a1,LOCAL,54.29,0,1,1,0
ENSMUSP00000107969,ENSMUSG00000055817,Mta3,DISTANT,19.07,0.007,1,0,0
ENSMUSP00000099885,ENSMUSG00000020272,Stk10,LOCAL,27.02,0,1,1,1
ENSMUSP00000018691,ENSMUSG00000018547,Pip4k2b,DISTANT,16.69,0.063,1,0,0
ENSMUSP00000027027,ENSMUSG00000025898,Cwf19l2,DISTANT,17.73,0.027,1,0,0
ENSMUSP00000116609,ENSMUSG00000020409,Slu7,LOCAL,17.19,0.043,1,0,0
ENSMUSP00000042875,ENSMUSG00000040760,Appl1,DISTANT,17.54,0.032,1,0,0
ENSMUSP00000018992,ENSMUSG00000018848,Rars,LOCAL,26.17,0,1,1,1
ENSMUSP00000018993,ENSMUSG00000018849,Wwc1,LOCAL,25.56,0,1,1,0
ENSMUSP00000020578,ENSMUSG00000020328,Nudcd2,LOCAL,26.8,0,1,1,0
ENSMUSP00000040779,ENSMUSG00000041278,Ttc1,LOCAL,26.72,0,1,1,1
ENSMUSP00000011398,ENSMUSG00000011254,Thg1l,LOCAL,20.03,0.003,1,1,1
ENSMUSP00000071616,ENSMUSG00000043716,Rpl7,DISTANT,49.1,0,1,1,0
ENSMUSP00000112304,ENSMUSG00000029910,Mad2l1,DISTANT,29.7,0,1,1,0
ENSMUSP00000104836,ENSMUSG00000040350,Trim7,LOCAL,24.4,0,1,1,0
ENSMUSP00000104848,ENSMUSG00000040413,Timd2,LOCAL,17.94,0.023,1,1,0
ENSMUSP00000026470,ENSMUSG00000025403,Shmt2,DISTANT,16.18,0.095,1,0,0
ENSMUSP00000092049,ENSMUSG00000048852,Gm12185,LOCAL,66.81,0,1,1,1
ENSMUSP00000069914,ENSMUSG00000078922,Tgtp1,LOCAL,25.63,0,1,1,0
ENSMUSP00000050446,ENSMUSG00000046879,Irgm1,LOCAL,20.35,0.002,1,1,1
ENSMUSP00000104835,ENSMUSG00000058163,Gm5431,LOCAL,52.18,0,1,1,1
ENSMUSP00000080484,ENSMUSG00000020346,Mgat1,LOCAL,27.81,0,1,1,1
ENSMUSP00000090825,ENSMUSG00000036644,Tbc1d9b,LOCAL,33.44,0,1,1,1
ENSMUSP00000130527,ENSMUSG00000000131,Xpo6,DISTANT,16.28,0.088,1,0,0
ENSMUSP00000020637,ENSMUSG00000020368,Canx,LOCAL,24.31,0,1,0,1
ENSMUSP00000020643,ENSMUSG00000020375,Rufy1,LOCAL,34.63,0,1,1,1
ENSMUSP00000129273,ENSMUSG00000042787,Exog,DISTANT,16.25,0.092,1,0,0
ENSMUSP00000007921,ENSMUSG00000007777,0610009B22Rik,LOCAL,16.82,0.057,1,1,0
ENSMUSP00000104725,ENSMUSG00000036391,Sec24a,LOCAL,35.06,0,1,1,0
ENSMUSP00000020608,ENSMUSG00000020349,Ppp2ca,LOCAL,18.13,0.02,1,1,0
ENSMUSP00000104685,ENSMUSG00000036275,9530068E07Rik,LOCAL,37.21,0,1,1,0
ENSMUSP00000132190,ENSMUSG00000020359,Phykpl,LOCAL,32.89,0,1,1,1
ENSMUSP00000020649,ENSMUSG00000020380,Rad50,LOCAL,16.41,0.081,1,0,0
ENSMUSP00000104615,ENSMUSG00000018398,08-Sep,LOCAL,28.46,0,1,1,0
ENSMUSP00000104641,ENSMUSG00000018387,Shroom1,LOCAL,17.87,0.024,1,0,0
ENSMUSP00000099791,ENSMUSG00000020400,Tnip1,LOCAL,53.79,0,1,1,0
ENSMUSP00000000608,ENSMUSG00000000594,Gm2a,LOCAL,27.96,0,1,1,0
ENSMUSP00000118373,ENSMUSG00000020268,Lyrm7,LOCAL,84.91,0,1,1,1
ENSMUSP00000104485,ENSMUSG00000018585,Atox1,LOCAL,68.6,0,1,1,1
ENSMUSP00000071421,ENSMUSG00000037331,Larp1,LOCAL,18.96,0.007,1,0,0
ENSMUSP00000036603,ENSMUSG00000037275,Gemin5,LOCAL,26.28,0,1,0,1
ENSMUSP00000104464,ENSMUSG00000069874,Irgm2,LOCAL,17.96,0.022,1,0,0
ENSMUSP00000020831,ENSMUSG00000020523,Fam114a2,LOCAL,40.37,0,1,1,0
ENSMUSP00000072723,ENSMUSG00000062190,Lancl2,DISTANT,16.24,0.092,1,0,0
ENSMUSP00000047356,ENSMUSG00000078853,Igtp,LOCAL,17.86,0.024,1,0,0
ENSMUSP00000020822,ENSMUSG00000020515,Cnot8,LOCAL,55.84,0,1,1,0
ENSMUSP00000020820,ENSMUSG00000020514,Mrpl22,LOCAL,19.7,0.004,1,0,0
ENSMUSP00000104412,ENSMUSG00000036860,Mrpl55,LOCAL,22.64,0,1,0,0
ENSMUSP00000130214,ENSMUSG00000020444,Guk1,LOCAL,73.55,0,1,1,1
ENSMUSP00000010038,ENSMUSG00000009894,Snap47,LOCAL,74.22,0,1,1,1
ENSMUSP00000099758,ENSMUSG00000032633,Flcn,LOCAL,26.31,0,1,1,0
ENSMUSP00000018727,ENSMUSG00000018583,G3bp1,LOCAL,19.79,0.004,1,1,1
ENSMUSP00000019517,ENSMUSG00000019373,Cops3,LOCAL,22.89,0,1,0,0
ENSMUSP00000104361,ENSMUSG00000042709,Atpaf2,LOCAL,38.33,0,1,1,1
ENSMUSP00000018568,ENSMUSG00000020537,Drg2,LOCAL,16.26,0.091,1,1,0
ENSMUSP00000099744,ENSMUSG00000000538,Tom1l2,LOCAL,30.98,0,1,0,0
ENSMUSP00000049116,ENSMUSG00000042650,Alkbh5,LOCAL,65.69,0,1,1,0
ENSMUSP00000071081,ENSMUSG00000005417,Mprip,LOCAL,23.28,0,1,0,0
ENSMUSP00000119562,ENSMUSG00000005417,Mprip,LOCAL,23.28,0,1,0,0
ENSMUSP00000104358,ENSMUSG00000042569,Dhrs7b,LOCAL,59.7,0,1,1,1
ENSMUSP00000002889,ENSMUSG00000002812,Flii,LOCAL,25.37,0,1,1,0
ENSMUSP00000010267,ENSMUSG00000010122,Slc47a1,LOCAL,27.85,0,1,1,0
ENSMUSP00000055926,ENSMUSG00000049323,Smcr8,LOCAL,17.53,0.032,1,1,0
ENSMUSP00000004955,ENSMUSG00000020528,Prpsap2,LOCAL,36.4,0,1,1,0
ENSMUSP00000099710,ENSMUSG00000047804,Akap10,LOCAL,18.8,0.009,1,0,0
ENSMUSP00000098636,ENSMUSG00000042298,Ttc19,LOCAL,29.61,0,1,1,1
ENSMUSP00000099753,ENSMUSG00000000301,Pemt,LOCAL,23.08,0,1,0,0
ENSMUSP00000018744,ENSMUSG00000020534,Shmt1,LOCAL,17,0.049,1,1,0
ENSMUSP00000004920,ENSMUSG00000004798,Ulk2,LOCAL,49.97,0,1,1,0
ENSMUSP00000018653,ENSMUSG00000018509,Cenpv,LOCAL,26.81,0,1,1,1
ENSMUSP00000014321,ENSMUSG00000014177,Tvp23b,LOCAL,55.92,0,1,1,0
ENSMUSP00000120747,ENSMUSG00000056342,Usp34,DISTANT,17.59,0.031,1,0,0
ENSMUSP00000130515,ENSMUSG00000055670,Zzef1,LOCAL,16.17,0.095,1,0,0
ENSMUSP00000071788,ENSMUSG00000020549,Elac2,LOCAL,42.77,0,1,1,0
ENSMUSP00000104330,ENSMUSG00000069844,Sco1,LOCAL,22.09,0,1,1,0
ENSMUSP00000104235,ENSMUSG00000018565,Elp5,LOCAL,19.42,0.005,1,1,0
ENSMUSP00000104171,ENSMUSG00000040667,Nup88,LOCAL,16.32,0.086,1,0,0
ENSMUSP00000018437,ENSMUSG00000018293,Pfn1,LOCAL,17.8,0.025,1,0,0
ENSMUSP00000021282,ENSMUSG00000020899,Pfas,LOCAL,56.63,0,1,1,1
ENSMUSP00000059143,ENSMUSG00000045176,2310047M10Rik,LOCAL,49.01,0,1,1,0
ENSMUSP00000104301,ENSMUSG00000018474,Chd3,LOCAL,49.35,0,1,1,0
ENSMUSP00000021278,ENSMUSG00000020898,Ctc1,LOCAL,27.07,0,1,1,0
ENSMUSP00000127034,ENSMUSG00000059796,Eif4a1,LOCAL,34.13,0,1,1,0
ENSMUSP00000104296,ENSMUSG00000069835,Sat2,LOCAL,32.6,0,1,1,1
ENSMUSP00000000329,ENSMUSG00000000320,Alox12,LOCAL,35.3,0,1,1,0
ENSMUSP00000072649,ENSMUSG00000020827,Mink1,LOCAL,17.09,0.045,1,0,1
ENSMUSP00000099632,ENSMUSG00000040963,Asgr2,LOCAL,41.31,0,1,1,0
ENSMUSP00000018905,ENSMUSG00000018761,Mpdu1,LOCAL,32.07,0,1,1,0
ENSMUSP00000132164,ENSMUSG00000089876,Tmem102,LOCAL,27.57,0,1,1,1
ENSMUSP00000075619,ENSMUSG00000020817,Rabep1,LOCAL,20.19,0.002,1,1,1
ENSMUSP00000049732,ENSMUSG00000046811,Gltpd2,LOCAL,50.13,0,1,1,1
ENSMUSP00000078623,ENSMUSG00000057778,Cyb5d2,LOCAL,29.77,0,1,0,1
ENSMUSP00000021158,ENSMUSG00000020803,Txndc17,LOCAL,30.16,0,1,1,1
ENSMUSP00000019065,ENSMUSG00000018921,Pelp1,LOCAL,22.66,0,1,0,0
ENSMUSP00000090637,ENSMUSG00000020884,Asgr1,LOCAL,18.47,0.014,1,0,0
ENSMUSP00000014750,ENSMUSG00000014606,Slc25a11,LOCAL,19.36,0.005,1,1,0
ENSMUSP00000104233,ENSMUSG00000018567,Gabarap,LOCAL,20.42,0.002,1,0,0
ENSMUSP00000070993,ENSMUSG00000020849,Ywhae,LOCAL,16.66,0.066,1,0,0
ENSMUSP00000104087,ENSMUSG00000001323,Srr,LOCAL,31.32,0,1,1,1
ENSMUSP00000104191,ENSMUSG00000050675,Gp1ba,LOCAL,17.11,0.045,1,1,0
ENSMUSP00000047410,ENSMUSG00000040158,Tax1bp3,LOCAL,17.54,0.032,1,1,0
ENSMUSP00000021119,ENSMUSG00000020774,Aspa,LOCAL,47.66,0,1,1,1
ENSMUSP00000090585,ENSMUSG00000000751,Rpa1,LOCAL,24.36,0,1,1,1
ENSMUSP00000021091,ENSMUSG00000020745,Pafah1b1,LOCAL,17.4,0.036,1,1,0
ENSMUSP00000072620,ENSMUSG00000060600,Eno3,LOCAL,17.31,0.04,1,1,0
ENSMUSP00000071493,ENSMUSG00000038268,Ovca2,LOCAL,48.01,0,1,1,1
ENSMUSP00000037238,ENSMUSG00000038195,Rilp,LOCAL,63.43,0,1,1,1
ENSMUSP00000042162,ENSMUSG00000078789,Dph1,LOCAL,35.91,0,1,1,0
ENSMUSP00000021203,ENSMUSG00000020843,Timm22,LOCAL,36.06,0,1,1,0
ENSMUSP00000042958,ENSMUSG00000038217,Tlcd2,LOCAL,31.42,0,1,1,1
ENSMUSP00000014339,ENSMUSG00000014195,Dnajc7,DISTANT,18.21,0.018,1,1,1
ENSMUSP00000000769,ENSMUSG00000000753,Serpinf1,LOCAL,16.29,0.088,1,0,0
ENSMUSP00000091551,ENSMUSG00000017631,Abr,LOCAL,17.77,0.025,1,0,0
ENSMUSP00000018449,ENSMUSG00000020850,Prpf8,LOCAL,44.76,0,1,1,1
ENSMUSP00000006286,ENSMUSG00000006127,Inpp5k,LOCAL,26.11,0,1,1,1
ENSMUSP00000042882,ENSMUSG00000038046,Rnmtl1,LOCAL,52.88,0,1,1,0
ENSMUSP00000043555,ENSMUSG00000038290,Smg6,LOCAL,30.55,0,1,1,0
ENSMUSP00000072136,ENSMUSG00000061981,Flot2,LOCAL,23.7,0,1,1,0
ENSMUSP00000118751,ENSMUSG00000020790,Ankfy1,LOCAL,18.56,0.013,1,1,1
ENSMUSP00000099552,ENSMUSG00000037958,Ccdc55,LOCAL,16.61,0.068,1,1,0
ENSMUSP00000021183,ENSMUSG00000020832,Eral1,LOCAL,30.27,0,1,0,0
ENSMUSP00000021201,ENSMUSG00000020841,Cpd,LOCAL,32.94,0,1,1,1
ENSMUSP00000055470,ENSMUSG00000017291,Taok1,LOCAL,21.17,0.001,1,0,0
ENSMUSP00000017597,ENSMUSG00000017453,Pipox,LOCAL,39.95,0,1,1,1
ENSMUSP00000044871,ENSMUSG00000041958,Pigs,LOCAL,37.78,0,1,1,0
ENSMUSP00000017534,ENSMUSG00000017390,Aldoc,LOCAL,32.8,0,1,1,1
ENSMUSP00000002133,ENSMUSG00000002064,Sdf2,LOCAL,27.47,0,1,0,0
ENSMUSP00000081142,ENSMUSG00000041459,Tardbp,DISTANT,16.17,0.095,1,0,0
ENSMUSP00000099532,ENSMUSG00000037278,Tmem97,LOCAL,25.45,0,1,1,1
ENSMUSP00000127853,ENSMUSG00000072640,Lyrm9,LOCAL,47.15,0,1,1,0
ENSMUSP00000103876,ENSMUSG00000035575,Utp6,LOCAL,27.33,0,1,1,0
ENSMUSP00000017839,ENSMUSG00000020707,Rnf135,LOCAL,51.86,0,1,1,1
ENSMUSP00000060028,ENSMUSG00000017561,Crlf3,LOCAL,39.94,0,1,1,1
ENSMUSP00000021197,ENSMUSG00000020840,Blmh,LOCAL,21.63,0.001,1,1,1
ENSMUSP00000047105,ENSMUSG00000038213,Tapbpl,DISTANT,16.67,0.065,1,0,0
ENSMUSP00000018877,ENSMUSG00000018733,Pex12,LOCAL,17.81,0.025,1,0,0
ENSMUSP00000023580,ENSMUSG00000022867,Usp25,DISTANT,16.65,0.066,1,0,0
ENSMUSP00000078589,ENSMUSG00000028639,Ybx1,DISTANT,16.42,0.08,1,0,0
ENSMUSP00000064819,ENSMUSG00000054404,Slfn5,LOCAL,41.37,0,1,1,1
ENSMUSP00000099502,ENSMUSG00000020692,Nle1,LOCAL,25.78,0,1,1,1
ENSMUSP00000137332,ENSMUSG00000096188,Cmtm4,DISTANT,16.4,0.081,1,0,0
ENSMUSP00000037819,ENSMUSG00000035441,Myo1d,LOCAL,26.14,0,1,1,1
ENSMUSP00000090525,ENSMUSG00000020697,Lig3,LOCAL,20.31,0.002,1,1,0
ENSMUSP00000018841,ENSMUSG00000018697,Aatf,LOCAL,19.44,0.005,1,1,0
ENSMUSP00000021018,ENSMUSG00000020680,Taf15,LOCAL,37.01,0,1,1,0
ENSMUSP00000071623,ENSMUSG00000035248,Zcchc6,DISTANT,16.53,0.074,1,0,0
ENSMUSP00000056154,ENSMUSG00000046010,Zfp830,LOCAL,29.21,0,1,1,0
ENSMUSP00000018875,ENSMUSG00000035152,Ap2b1,LOCAL,22.89,0,1,1,0
ENSMUSP00000091502,ENSMUSG00000020527,Myo19,LOCAL,20.72,0.001,1,1,0
ENSMUSP00000001002,ENSMUSG00000000976,Heatr6,LOCAL,20.33,0.002,1,1,1
ENSMUSP00000043540,ENSMUSG00000042747,Krtcap2,DISTANT,16.5,0.075,1,0,0
ENSMUSP00000009157,ENSMUSG00000009013,Dynll1,DISTANT,23.12,0,1,0,0
ENSMUSP00000103657,ENSMUSG00000072582,Ptrh2,LOCAL,29.64,0,1,1,1
ENSMUSP00000103542,ENSMUSG00000069769,Msi2,LOCAL,21.28,0.001,1,1,1
ENSMUSP00000018315,ENSMUSG00000018171,Vmp1,LOCAL,22.44,0,1,0,0
ENSMUSP00000020775,ENSMUSG00000020483,Dynll2,LOCAL,17.02,0.048,1,1,0
ENSMUSP00000029414,ENSMUSG00000027828,Ssr3,DISTANT,16.58,0.07,1,0,0
ENSMUSP00000024486,ENSMUSG00000023723,Mrps23,LOCAL,28.87,0,1,0,0
ENSMUSP00000000287,ENSMUSG00000000278,Scpep1,LOCAL,25.63,0,1,1,0
ENSMUSP00000020864,ENSMUSG00000020553,Pctp,LOCAL,24.53,0,1,1,1
ENSMUSP00000020849,ENSMUSG00000020541,Tom1l1,LOCAL,32.2,0,1,1,1
ENSMUSP00000030127,ENSMUSG00000028420,Tmem38b,DISTANT,19.29,0.005,1,0,0
ENSMUSP00000068103,ENSMUSG00000054079,Utp18,LOCAL,20.14,0.002,1,0,0
ENSMUSP00000132590,ENSMUSG00000091228,Gm20390,LOCAL,53.97,0,1,1,1
ENSMUSP00000099453,ENSMUSG00000076435,Acsf2,LOCAL,63.74,0,1,1,1
ENSMUSP00000117022,ENSMUSG00000037601,Nme1,LOCAL,48.77,0,1,1,1
ENSMUSP00000021231,ENSMUSG00000020865,Abcc3,LOCAL,22.65,0,1,1,1
ENSMUSP00000041732,ENSMUSG00000038976,Ppp1r9b,LOCAL,27.25,0,1,1,1
ENSMUSP00000001548,ENSMUSG00000001507,Itga3,LOCAL,26.93,0,1,1,0
ENSMUSP00000119603,ENSMUSG00000038845,Phb,LOCAL,29.76,0,1,1,0
ENSMUSP00000018803,ENSMUSG00000018659,Pnpo,LOCAL,36.17,0,1,1,1
ENSMUSP00000091475,ENSMUSG00000018666,Cbx1,LOCAL,22.83,0,1,0,0
ENSMUSP00000021249,ENSMUSG00000020877,Scrn2,LOCAL,16.5,0.075,1,1,0
ENSMUSP00000001485,ENSMUSG00000001445,Mrpl10,LOCAL,46.66,0,1,1,0
ENSMUSP00000048426,ENSMUSG00000039678,Tbc1d13,DISTANT,17.15,0.045,1,0,0
ENSMUSP00000019026,ENSMUSG00000018882,Mrpl45,LOCAL,19.43,0.005,1,0,0
ENSMUSP00000073022,ENSMUSG00000064224,Gsdma3,LOCAL,70.75,0,1,1,1
ENSMUSP00000099441,ENSMUSG00000018669,Cdk5rap3,LOCAL,22.68,0,1,1,0
ENSMUSP00000103210,ENSMUSG00000078695,Cisd3,LOCAL,70.58,0,1,1,1
ENSMUSP00000103169,ENSMUSG00000018160,Med1,LOCAL,24.95,0,1,1,0
ENSMUSP00000002655,ENSMUSG00000002580,Mien1,LOCAL,23.47,0,1,0,0
ENSMUSP00000042123,ENSMUSG00000038366,Lasp1,LOCAL,32.54,0,1,1,1
ENSMUSP00000046991,ENSMUSG00000038013,Wipf2,LOCAL,41.37,0,1,1,0
ENSMUSP00000103181,ENSMUSG00000017404,Rpl19,LOCAL,32.03,0,1,1,0
ENSMUSP00000017743,ENSMUSG00000035775,Krt20,LOCAL,54.68,0,1,1,1
ENSMUSP00000006969,ENSMUSG00000006777,Krt23,LOCAL,55.44,0,1,1,1
ENSMUSP00000004145,ENSMUSG00000004043,Stat5a,LOCAL,17.51,0.033,1,1,0
ENSMUSP00000099409,ENSMUSG00000006782,Cnp,LOCAL,48.85,0,1,1,1
ENSMUSP00000102999,ENSMUSG00000017837,Nkiras2,LOCAL,40.69,0,1,1,0
ENSMUSP00000102923,ENSMUSG00000017801,Mlx,LOCAL,16.67,0.065,1,0,0
ENSMUSP00000041538,ENSMUSG00000035530,Eif1,LOCAL,16.44,0.079,1,0,0
ENSMUSP00000106983,ENSMUSG00000026670,Uap1,DISTANT,17.23,0.042,1,0,0
ENSMUSP00000044838,ENSMUSG00000019302,Atp6v0a1,LOCAL,26.46,0,1,1,0
ENSMUSP00000120921,ENSMUSG00000017309,Cd300lg,LOCAL,24.5,0,1,0,0
ENSMUSP00000017891,ENSMUSG00000017747,Ghdc,LOCAL,19.01,0.007,1,1,1
ENSMUSP00000103026,ENSMUSG00000001552,Jup,LOCAL,34.07,0,1,1,1
ENSMUSP00000001802,ENSMUSG00000001751,Naglu,LOCAL,64.07,0,1,1,1
ENSMUSP00000119369,ENSMUSG00000035086,Becn1,LOCAL,36.56,0,1,1,0
ENSMUSP00000029770,ENSMUSG00000028127,Abcd3,DISTANT,16.27,0.089,1,0,0
ENSMUSP00000010502,ENSMUSG00000010358,Ifi35,LOCAL,41.51,0,1,1,1
ENSMUSP00000058321,ENSMUSG00000004044,Ptrf,LOCAL,22.11,0,1,1,0
ENSMUSP00000095287,ENSMUSG00000073640,Rpl27-ps3,DISTANT,70.34,0,1,1,0
ENSMUSP00000047600,ENSMUSG00000034757,Tmub2,LOCAL,27.68,0,1,1,0
ENSMUSP00000003612,ENSMUSG00000003518,Dusp3,LOCAL,64.89,0,1,1,0
ENSMUSP00000099375,ENSMUSG00000034664,Itga2b,LOCAL,26.28,0,1,1,0
ENSMUSP00000046340,ENSMUSG00000034708,Grn,LOCAL,39.69,0,1,1,0
ENSMUSP00000102675,ENSMUSG00000020929,Eftud2,LOCAL,19.51,0.005,1,0,0
ENSMUSP00000021313,ENSMUSG00000020935,Dcakd,LOCAL,30.16,0,1,1,1
ENSMUSP00000024492,ENSMUSG00000056938,Acbd4,LOCAL,67.1,0,1,1,1
ENSMUSP00000018577,ENSMUSG00000018433,Nol11,LOCAL,18.44,0.015,1,0,0
ENSMUSP00000021329,ENSMUSG00000020946,Gosr2,LOCAL,55.25,0,1,1,1
ENSMUSP00000102601,ENSMUSG00000018411,Mapt,LOCAL,24.98,0,1,1,1
ENSMUSP00000021028,ENSMUSG00000020689,Itgb3,LOCAL,33.15,0,1,1,0
ENSMUSP00000102456,ENSMUSG00000078619,Smarcd2,LOCAL,17.07,0.046,1,0,0
ENSMUSP00000021062,ENSMUSG00000020719,Ddx5,LOCAL,23.02,0,1,0,0
ENSMUSP00000002043,ENSMUSG00000078622,Ccdc47,LOCAL,31.95,0,1,0,0
ENSMUSP00000058168,ENSMUSG00000049354,Dcaf7,LOCAL,71.48,0,1,1,0
ENSMUSP00000021048,ENSMUSG00000020706,Ftsj3,LOCAL,47.79,0,1,1,0
ENSMUSP00000002048,ENSMUSG00000001983,Taco1,LOCAL,53.51,0,1,1,1
ENSMUSP00000001055,ENSMUSG00000001029,Icam2,LOCAL,30.81,0,1,1,0
ENSMUSP00000102552,ENSMUSG00000020694,Tlk2,LOCAL,17.62,0.03,1,0,0
ENSMUSP00000099353,ENSMUSG00000040430,Pitpnc1,LOCAL,25.14,0,1,1,1
ENSMUSP00000062392,ENSMUSG00000050965,Prkca,LOCAL,56.99,0,1,1,1
ENSMUSP00000000049,ENSMUSG00000000049,Apoh,LOCAL,21.18,0.001,1,0,1
ENSMUSP00000102308,ENSMUSG00000020604,Arsg,LOCAL,21.96,0,1,1,0
ENSMUSP00000032088,ENSMUSG00000030016,Zfml,DISTANT,17.8,0.025,1,0,0
ENSMUSP00000020948,ENSMUSG00000020620,Abca8b,LOCAL,18.51,0.013,1,1,0
ENSMUSP00000045808,ENSMUSG00000041828,Abca8a,LOCAL,19.29,0.005,1,1,1
ENSMUSP00000020949,ENSMUSG00000020623,Map2k6,LOCAL,18.57,0.013,1,1,0
ENSMUSP00000093960,ENSMUSG00000071647,Eml3,DISTANT,16.23,0.093,1,0,0
ENSMUSP00000123320,ENSMUSG00000025421,Hdhd2,DISTANT,17.74,0.026,1,0,0
ENSMUSP00000081560,ENSMUSG00000065954,Tacc1,DISTANT,18.3,0.017,1,0,0
ENSMUSP00000112113,ENSMUSG00000049482,Ctu2,DISTANT,16.21,0.094,1,0,0
ENSMUSP00000133736,ENSMUSG00000079104,Prps1l3,DISTANT,17.74,0.026,1,0,0
ENSMUSP00000020312,ENSMUSG00000009647,Mcu,DISTANT,17.07,0.046,1,0,0
ENSMUSP00000110342,ENSMUSG00000022708,Zbtb20,DISTANT,17.84,0.024,1,0,0
ENSMUSP00000022032,ENSMUSG00000021550,2210016F16Rik,DISTANT,16.49,0.076,1,0,0
ENSMUSP00000042219,ENSMUSG00000040410,Fbxl4,DISTANT,18.21,0.018,1,0,0
ENSMUSP00000071469,ENSMUSG00000041654,Slc39a11,LOCAL,23.75,0,1,1,0
ENSMUSP00000065254,ENSMUSG00000054414,Slc30a7,DISTANT,19.15,0.006,1,0,0
ENSMUSP00000102227,ENSMUSG00000041598,Cdc42ep4,LOCAL,27.79,0,1,0,0
ENSMUSP00000136363,ENSMUSG00000031505,Carkd,DISTANT,16.81,0.057,1,0,0
ENSMUSP00000037821,ENSMUSG00000034714,Ttyh2,LOCAL,24.5,0,1,1,0
ENSMUSP00000102213,ENSMUSG00000057322,Rpl38,LOCAL,20,0.003,1,1,0
ENSMUSP00000092138,ENSMUSG00000057315,Arhgap24,DISTANT,17.66,0.029,1,0,0
ENSMUSP00000099329,ENSMUSG00000015542,Nat9,LOCAL,41.56,0,1,1,1
ENSMUSP00000021077,ENSMUSG00000020733,Slc9a3r1,LOCAL,20.96,0.001,1,0,1
ENSMUSP00000053033,ENSMUSG00000046756,Mrps7,LOCAL,16.67,0.064,1,0,0
ENSMUSP00000096939,ENSMUSG00000074785,Plxnc1,DISTANT,18.29,0.017,1,0,0
ENSMUSP00000058783,ENSMUSG00000044788,Fads6,LOCAL,37.51,0,1,1,0
ENSMUSP00000021078,ENSMUSG00000018861,Fdxr,LOCAL,26.62,0,1,1,1
ENSMUSP00000115044,ENSMUSG00000020738,Sumo2,LOCAL,52.22,0,1,1,0
ENSMUSP00000102115,ENSMUSG00000020743,Mif4gd,LOCAL,39.23,0,1,1,1
ENSMUSP00000021114,ENSMUSG00000020766,Galk1,LOCAL,39.03,0,1,1,1
ENSMUSP00000102019,ENSMUSG00000020792,Exoc7,LOCAL,18.78,0.01,1,0,0
ENSMUSP00000074204,ENSMUSG00000034341,Wbp2,LOCAL,27.01,0,1,1,0
ENSMUSP00000102104,ENSMUSG00000059923,Grb2,LOCAL,25.69,0,1,1,1
ENSMUSP00000099318,ENSMUSG00000020806,Rhbdf2,LOCAL,24.66,0,1,0,0
ENSMUSP00000101999,ENSMUSG00000015869,Prpsap1,LOCAL,36.2,0,1,1,0
ENSMUSP00000137534,ENSMUSG00000020744,Slc25a19,LOCAL,27.91,0,1,1,1
ENSMUSP00000073102,ENSMUSG00000017718,Afmid,LOCAL,45.19,0,1,1,1
ENSMUSP00000033230,ENSMUSG00000017713,Tha1,LOCAL,34.52,0,1,1,1
ENSMUSP00000017620,ENSMUSG00000025575,Cant1,LOCAL,22.12,0,1,0,1
ENSMUSP00000035579,ENSMUSG00000033880,Lgals3bp,LOCAL,52.34,0,1,1,1
ENSMUSP00000026666,ENSMUSG00000025579,Gaa,LOCAL,16.97,0.05,1,0,0
ENSMUSP00000109901,ENSMUSG00000074305,C230081A13Rik,DISTANT,16.29,0.088,1,0,0
ENSMUSP00000026671,ENSMUSG00000025583,Rptor,LOCAL,46.55,0,1,1,1
ENSMUSP00000114645,ENSMUSG00000025371,Chmp6,LOCAL,23,0,1,0,0
ENSMUSP00000099307,ENSMUSG00000061306,Slc38a10,LOCAL,47.56,0,1,1,0
ENSMUSP00000026122,ENSMUSG00000025130,P4hb,LOCAL,24.17,0,1,1,1
ENSMUSP00000026899,ENSMUSG00000025792,Slc25a10,LOCAL,33.84,0,1,1,1
ENSMUSP00000026119,ENSMUSG00000025127,Gcgr,LOCAL,17.8,0.025,1,0,0
ENSMUSP00000036860,ENSMUSG00000039670,Oxld1,LOCAL,38.16,0,1,1,1
ENSMUSP00000026135,ENSMUSG00000025142,Aspscr1,LOCAL,32.23,0,1,1,1
ENSMUSP00000101741,ENSMUSG00000025155,Dus1l,LOCAL,33.85,0,1,1,0
ENSMUSP00000026169,ENSMUSG00000025169,Ogfod3,LOCAL,52.41,0,1,1,0
ENSMUSP00000038061,ENSMUSG00000039253,Fn3krp,LOCAL,49.1,0,1,1,1
ENSMUSP00000052872,ENSMUSG00000025153,Fasn,LOCAL,16.14,0.098,1,0,0
ENSMUSP00000137070,ENSMUSG00000096199,Ptrhd1,LOCAL,27.5,0,1,1,1
ENSMUSP00000021001,ENSMUSG00000020671,Rab10,LOCAL,23.16,0,1,0,0
ENSMUSP00000133927,ENSMUSG00000071454,Dtnb,LOCAL,40.35,0,1,1,1
ENSMUSP00000043662,ENSMUSG00000037361,0610009D07Rik,LOCAL,36.89,0,1,1,0
ENSMUSP00000052758,ENSMUSG00000020640,Itsn2,LOCAL,17.14,0.045,1,0,0
ENSMUSP00000106626,ENSMUSG00000002948,Map2k7,DISTANT,17.58,0.031,1,0,0
ENSMUSP00000082891,ENSMUSG00000066637,Ttc32,LOCAL,63.36,0,1,1,0
ENSMUSP00000127774,ENSMUSG00000058655,Eif4b,DISTANT,16.49,0.076,1,0,0
ENSMUSP00000020947,ENSMUSG00000020621,Rdh14,LOCAL,34.43,0,1,1,1
ENSMUSP00000006562,ENSMUSG00000006395,Hyi,DISTANT,17.64,0.029,1,0,0
ENSMUSP00000036082,ENSMUSG00000020576,Nbas,LOCAL,31.35,0,1,1,0
ENSMUSP00000037834,ENSMUSG00000037089,Slc35b2,DISTANT,16.25,0.091,1,0,0
ENSMUSP00000028511,ENSMUSG00000027099,Mtx2,DISTANT,16.56,0.071,1,0,0
ENSMUSP00000065987,ENSMUSG00000037149,Ddx1,LOCAL,18.05,0.021,1,0,0
ENSMUSP00000020904,ENSMUSG00000020580,Rock2,LOCAL,27.28,0,1,1,1
ENSMUSP00000106696,ENSMUSG00000020593,Lpin1,LOCAL,20.28,0.002,1,1,0
ENSMUSP00000052912,ENSMUSG00000020571,Pdia6,LOCAL,16.96,0.05,1,1,0
ENSMUSP00000123605,ENSMUSG00000076432,Ywhaq,LOCAL,16.18,0.095,1,1,1
ENSMUSP00000035930,ENSMUSG00000061458,Nol10,LOCAL,21.02,0.001,1,0,0
ENSMUSP00000076090,ENSMUSG00000062054,Iah1,LOCAL,68.51,0,1,1,1
ENSMUSP00000023806,ENSMUSG00000023045,Soat2,DISTANT,16.74,0.061,1,0,0
ENSMUSP00000099087,ENSMUSG00000052593,Adam17,LOCAL,42.02,0,1,1,0
ENSMUSP00000068148,ENSMUSG00000054309,Cpsf3,LOCAL,35.17,0,1,1,0
ENSMUSP00000063999,ENSMUSG00000036333,Kidins220,LOCAL,24.59,0,1,1,0
ENSMUSP00000099098,ENSMUSG00000052632,Asap2,LOCAL,18.48,0.014,1,0,0
ENSMUSP00000019896,ENSMUSG00000019762,Iyd,DISTANT,18.32,0.016,1,0,0
ENSMUSP00000136589,ENSMUSG00000020072,Pbld1,DISTANT,21.26,0.001,1,0,0
ENSMUSP00000029053,ENSMUSG00000027540,Ptpn1,DISTANT,17.06,0.046,1,0,0
ENSMUSP00000085175,ENSMUSG00000073016,Uprt,DISTANT,17.06,0.046,1,0,0
ENSMUSP00000032409,ENSMUSG00000030272,Camk1,DISTANT,16.39,0.082,1,0,0
ENSMUSP00000128022,ENSMUSG00000021982,Cdadc1,DISTANT,16.42,0.08,1,0,0
ENSMUSP00000052020,ENSMUSG00000025278,Flnb,DISTANT,19.81,0.003,1,0,0
ENSMUSP00000002029,ENSMUSG00000001964,Emd,DISTANT,19.61,0.004,1,0,0
ENSMUSP00000034460,ENSMUSG00000031979,Cog2,DISTANT,16.53,0.074,1,0,0
ENSMUSP00000073880,ENSMUSG00000061477,Rps7,LOCAL,31.24,0,1,1,0
ENSMUSP00000020954,ENSMUSG00000020628,Trappc12,LOCAL,32.57,0,1,1,0
ENSMUSP00000038845,ENSMUSG00000036613,Tssc1,LOCAL,41.73,0,1,1,0
ENSMUSP00000077972,ENSMUSG00000044221,Grsf1,DISTANT,18.35,0.016,1,0,0
ENSMUSP00000020957,ENSMUSG00000020629,Adi1,LOCAL,43.47,0,1,1,1
ENSMUSP00000113703,ENSMUSG00000020674,Pxdn,LOCAL,26.78,0,1,1,0
ENSMUSP00000021004,ENSMUSG00000020672,Sntg2,LOCAL,41.35,0,1,1,0
ENSMUSP00000050729,ENSMUSG00000043061,Tmem18,LOCAL,49.38,0,1,1,1
ENSMUSP00000027615,ENSMUSG00000026368,F13b,DISTANT,16.81,0.057,1,0,0
ENSMUSP00000044797,ENSMUSG00000035933,Cog5,LOCAL,21.07,0.001,1,0,0
ENSMUSP00000072929,ENSMUSG00000020311,Erlec1,DISTANT,17.64,0.029,1,0,0
ENSMUSP00000049285,ENSMUSG00000036655,Colec11,LOCAL,17.14,0.045,1,0,1
ENSMUSP00000075990,ENSMUSG00000020570,Sypl,LOCAL,25.18,0,1,1,0
ENSMUSP00000073686,ENSMUSG00000044573,Acp1,LOCAL,23.79,0,1,0,0
ENSMUSP00000106509,ENSMUSG00000044573,Acp1,LOCAL,23.79,0,1,0,0
ENSMUSP00000099938,ENSMUSG00000020321,Mdh1,DISTANT,17.47,0.034,1,0,0
ENSMUSP00000112137,ENSMUSG00000019256,Ahr,LOCAL,27.67,0,1,0,0
ENSMUSP00000038430,ENSMUSG00000020590,Snx13,LOCAL,25.44,0,1,1,0
ENSMUSP00000039484,ENSMUSG00000036188,Ankmy2,LOCAL,32.55,0,1,1,1
ENSMUSP00000061646,ENSMUSG00000043153,Ispd,LOCAL,19.02,0.007,1,1,0
ENSMUSP00000051441,ENSMUSG00000050103,Agmo,LOCAL,29.34,0,1,1,1
ENSMUSP00000108940,ENSMUSG00000029273,Sult1d1,DISTANT,16.64,0.067,1,0,0
ENSMUSP00000032344,ENSMUSG00000030220,Arhgdib,DISTANT,16.18,0.095,1,0,0
ENSMUSP00000118779,ENSMUSG00000056899,Immp2l,LOCAL,31.44,0,1,1,0
ENSMUSP00000112551,ENSMUSG00000046314,Stxbp6,LOCAL,41.85,0,1,1,1
ENSMUSP00000031540,ENSMUSG00000041827,Oasl1,DISTANT,16.23,0.093,1,0,0
ENSMUSP00000038559,ENSMUSG00000037053,Azgp1,DISTANT,16.44,0.079,1,0,0
ENSMUSP00000106353,ENSMUSG00000035133,Arhgap5,LOCAL,27.36,0,1,1,1
ENSMUSP00000082525,ENSMUSG00000020956,Dtd2,LOCAL,70.29,0,1,1,1
ENSMUSP00000044292,ENSMUSG00000035142,Nubpl,LOCAL,42.66,0,1,1,1
ENSMUSP00000005798,ENSMUSG00000005656,Snx6,LOCAL,18.03,0.022,1,1,0
ENSMUSP00000138400,ENSMUSG00000032582,Rbm6,DISTANT,17.25,0.041,1,0,0
ENSMUSP00000048036,ENSMUSG00000035198,Tubg1,DISTANT,16.26,0.091,1,0,0
ENSMUSP00000021411,ENSMUSG00000021023,1110008L16Rik,LOCAL,27.24,0,1,1,1
ENSMUSP00000002923,ENSMUSG00000002844,Adprh,DISTANT,17.13,0.045,1,0,0
ENSMUSP00000021406,ENSMUSG00000062198,2700097O09Rik,LOCAL,22.41,0,1,0,1
ENSMUSP00000021407,ENSMUSG00000073079,Srp54a,LOCAL,38.91,0,1,1,1
ENSMUSP00000039529,ENSMUSG00000034659,Tmem109,DISTANT,16.56,0.071,1,0,0
ENSMUSP00000105039,ENSMUSG00000020300,Cpeb4,DISTANT,16.46,0.078,1,0,0
ENSMUSP00000133736,ENSMUSG00000079104,Prps1l3,LOCAL,26.78,0,1,1,0
ENSMUSP00000096592,ENSMUSG00000074516,Gm10709,DISTANT,16.13,0.098,1,0,0
ENSMUSP00000139145,ENSMUSG00000026915,Strbp,DISTANT,20.36,0.002,1,0,0
ENSMUSP00000001452,ENSMUSG00000001416,Cct3,DISTANT,17.27,0.04,1,0,0
ENSMUSP00000030538,ENSMUSG00000028757,Ddost,DISTANT,16.53,0.074,1,0,0
ENSMUSP00000026217,ENSMUSG00000025199,Chuk,DISTANT,16.35,0.084,1,0,0
ENSMUSP00000022781,ENSMUSG00000022174,Dad1,DISTANT,18.54,0.013,1,0,0
ENSMUSP00000093955,ENSMUSG00000071644,Eef1g,DISTANT,18.02,0.022,1,0,0
ENSMUSP00000032920,ENSMUSG00000030682,Cdipt,DISTANT,16.76,0.06,1,0,0
ENSMUSP00000128416,ENSMUSG00000050299,Gm9843,DISTANT,17.28,0.04,1,0,0
ENSMUSP00000023117,ENSMUSG00000061360,Phf5a,DISTANT,16.53,0.074,1,0,0
ENSMUSP00000028121,ENSMUSG00000026781,Acbd5,DISTANT,16.62,0.067,1,0,0
ENSMUSP00000032440,ENSMUSG00000030298,Sec13,DISTANT,20.89,0.001,1,0,0
ENSMUSP00000126120,ENSMUSG00000048076,Arf1,DISTANT,16.6,0.069,1,0,0
ENSMUSP00000053325,ENSMUSG00000024259,Slc25a46,DISTANT,16.86,0.055,1,0,0
ENSMUSP00000107914,ENSMUSG00000070284,Gmppb,DISTANT,20.95,0.001,1,0,0
ENSMUSP00000035034,ENSMUSG00000032459,Mrps22,DISTANT,18.33,0.016,1,0,0
ENSMUSP00000021384,ENSMUSG00000035349,Mia2,LOCAL,25.63,0,1,0,1
ENSMUSP00000047904,ENSMUSG00000039163,Cmc1,DISTANT,18.64,0.011,1,0,0
ENSMUSP00000033933,ENSMUSG00000031532,Tmem66,DISTANT,16.15,0.097,1,0,0
ENSMUSP00000109237,ENSMUSG00000030058,Copg1,DISTANT,16.82,0.056,1,0,0
ENSMUSP00000070572,ENSMUSG00000021000,Ctage5,LOCAL,23.67,0,1,1,0
ENSMUSP00000016781,ENSMUSG00000016637,Ift27,DISTANT,16.12,0.099,1,0,0
ENSMUSP00000021332,ENSMUSG00000020949,Fkbp3,LOCAL,19.65,0.004,1,1,1
ENSMUSP00000021362,ENSMUSG00000020978,Klhdc2,LOCAL,33.61,0,1,1,0
ENSMUSP00000038352,ENSMUSG00000034892,Rps29,LOCAL,36.58,0,1,1,0
ENSMUSP00000021368,ENSMUSG00000020982,Nemf,LOCAL,17.09,0.045,1,0,0
ENSMUSP00000021471,ENSMUSG00000021072,Tmx1,LOCAL,25.09,0,1,1,0
ENSMUSP00000071231,ENSMUSG00000021069,Pygl,LOCAL,25.96,0,1,1,0
ENSMUSP00000021372,ENSMUSG00000054894,Atp5s,LOCAL,18.67,0.011,1,0,1
ENSMUSP00000021466,ENSMUSG00000021066,Atl1,LOCAL,27.54,0,1,1,0
ENSMUSP00000021479,ENSMUSG00000021076,Actr10,LOCAL,52.25,0,1,1,0
ENSMUSP00000132673,ENSMUSG00000053333,Dis3l2,DISTANT,18.84,0.009,1,0,0
ENSMUSP00000099436,ENSMUSG00000069744,Psmb3,DISTANT,17.16,0.044,1,0,0
ENSMUSP00000019862,ENSMUSG00000019718,L3hypdh,LOCAL,50.29,0,1,1,1
ENSMUSP00000082406,ENSMUSG00000034574,Daam1,LOCAL,35.39,0,1,1,1
ENSMUSP00000021512,ENSMUSG00000021094,Dhrs7,LOCAL,56.42,0,1,1,1
ENSMUSP00000112121,ENSMUSG00000034442,Trmt5,LOCAL,23.98,0,1,1,1
ENSMUSP00000027357,ENSMUSG00000026171,Rnf25,DISTANT,16.44,0.079,1,0,0
ENSMUSP00000112007,ENSMUSG00000025156,Gps1,DISTANT,17.53,0.032,1,0,0
ENSMUSP00000021450,ENSMUSG00000021054,Sgpp1,LOCAL,23.59,0,1,1,0
ENSMUSP00000120713,ENSMUSG00000033373,Fntb,LOCAL,27.68,0,1,1,0
ENSMUSP00000070682,ENSMUSG00000019432,Ddx39b,DISTANT,18.68,0.011,1,0,0
ENSMUSP00000050532,ENSMUSG00000045690,Wdr89,LOCAL,35.36,0,1,1,0
ENSMUSP00000021514,ENSMUSG00000021096,Ppm1a,LOCAL,17.64,0.029,1,0,0
ENSMUSP00000028004,ENSMUSG00000026687,Aldh9a1,DISTANT,16.34,0.085,1,0,0
ENSMUSP00000021458,ENSMUSG00000021061,Sptb,LOCAL,44.24,0,1,1,0
ENSMUSP00000047015,ENSMUSG00000090258,Churc1,LOCAL,58.09,0,1,1,0
ENSMUSP00000019323,ENSMUSG00000019179,Mdh2,DISTANT,16.22,0.093,1,0,0
ENSMUSP00000039656,ENSMUSG00000038759,Nup205,DISTANT,16.57,0.07,1,0,0
ENSMUSP00000069418,ENSMUSG00000073418,C4b,DISTANT,16.37,0.083,1,0,0
ENSMUSP00000021536,ENSMUSG00000021114,Atp6v1d,LOCAL,48.06,0,1,1,0
ENSMUSP00000080683,ENSMUSG00000021112,Mpp5,LOCAL,21.15,0.001,1,0,0
ENSMUSP00000124066,ENSMUSG00000066441,Rdh11,LOCAL,22.89,0,1,0,1
ENSMUSP00000043049,ENSMUSG00000032705,Exd2,LOCAL,22.97,0,1,1,0
ENSMUSP00000124033,ENSMUSG00000042015,Wdr41,DISTANT,17.46,0.034,1,0,0
ENSMUSP00000106018,ENSMUSG00000047454,Gphn,LOCAL,24.18,0,1,1,1
ENSMUSP00000052755,ENSMUSG00000049106,Dcaf5,LOCAL,19.53,0.005,1,1,0
ENSMUSP00000021559,ENSMUSG00000021131,Erh,LOCAL,29.63,0,1,1,0
ENSMUSP00000131030,ENSMUSG00000042700,Sipa1l1,LOCAL,48.67,0,1,1,1
ENSMUSP00000117899,ENSMUSG00000021224,Numb,LOCAL,47.51,0,1,1,1
ENSMUSP00000021668,ENSMUSG00000021242,Npc2,LOCAL,16.79,0.058,1,0,0
ENSMUSP00000056131,ENSMUSG00000043487,Acot6,LOCAL,31.01,0,1,1,0
ENSMUSP00000115704,ENSMUSG00000072946,Ptgr2,LOCAL,19.52,0.005,1,0,1
ENSMUSP00000021667,ENSMUSG00000021241,Isca2,LOCAL,28.7,0,1,0,0
ENSMUSP00000113828,ENSMUSG00000024663,Rab3il1,DISTANT,16.74,0.061,1,0,0
ENSMUSP00000101495,ENSMUSG00000037366,Pafah2,DISTANT,16.63,0.067,1,0,0
ENSMUSP00000008966,ENSMUSG00000008822,Acyp1,LOCAL,35.7,0,1,1,1
ENSMUSP00000023849,ENSMUSG00000023087,Ccrn4l,DISTANT,18.54,0.013,1,0,0
ENSMUSP00000035260,ENSMUSG00000034126,Pomt2,LOCAL,38.56,0,1,1,0
ENSMUSP00000053540,ENSMUSG00000021033,Gstz1,LOCAL,29.38,0,1,1,1
ENSMUSP00000098724,ENSMUSG00000021044,Adck1,LOCAL,28.21,0,1,1,1
ENSMUSP00000021424,ENSMUSG00000021036,Sptlc2,LOCAL,38.65,0,1,1,1
ENSMUSP00000037583,ENSMUSG00000021248,Tmed10,LOCAL,16.56,0.071,1,0,0
ENSMUSP00000027068,ENSMUSG00000025935,Tram1,DISTANT,18.32,0.016,1,0,0
ENSMUSP00000089680,ENSMUSG00000061315,Naca,DISTANT,49.33,0,1,1,0
ENSMUSP00000034064,ENSMUSG00000031645,F11,DISTANT,16.13,0.098,1,0,0
ENSMUSP00000130073,ENSMUSG00000023963,Cyp39a1,DISTANT,17.6,0.031,1,0,0
ENSMUSP00000126975,ENSMUSG00000021009,Ptpn21,LOCAL,39.03,0,1,1,0
ENSMUSP00000021390,ENSMUSG00000021003,Galc,LOCAL,21.81,0,1,1,0
ENSMUSP00000105732,ENSMUSG00000021012,Zc3h14,LOCAL,51.81,0,1,1,0
ENSMUSP00000021595,ENSMUSG00000021178,Psmc1,LOCAL,25.25,0,1,1,0
ENSMUSP00000041667,ENSMUSG00000041846,Smek1,LOCAL,18.27,0.017,1,0,0
ENSMUSP00000040126,ENSMUSG00000042099,Kank3,DISTANT,16.3,0.087,1,0,0
ENSMUSP00000048830,ENSMUSG00000038641,Akr1d1,DISTANT,16.86,0.055,1,0,0
ENSMUSP00000129876,ENSMUSG00000021185,9030617O03Rik,LOCAL,23.12,0,1,0,1
ENSMUSP00000021606,ENSMUSG00000021189,Atxn3,LOCAL,57.15,0,1,1,1
ENSMUSP00000021603,ENSMUSG00000021186,Fbln5,LOCAL,17.28,0.04,1,1,0
ENSMUSP00000047797,ENSMUSG00000041781,Cpsf2,LOCAL,30.59,0,1,0,0
ENSMUSP00000124417,ENSMUSG00000022181,C6,DISTANT,16.38,0.083,1,0,0
ENSMUSP00000048357,ENSMUSG00000061947,Serpina10,LOCAL,19.04,0.007,1,1,0
ENSMUSP00000137305,ENSMUSG00000021192,Golga5,LOCAL,35.66,0,1,1,1
ENSMUSP00000041247,ENSMUSG00000041712,Ubr7,LOCAL,23.25,0,1,0,0
ENSMUSP00000044033,ENSMUSG00000060807,Serpina6,LOCAL,17.64,0.029,1,1,0
ENSMUSP00000071370,ENSMUSG00000025078,Nhlrc2,DISTANT,17.07,0.046,1,0,0
ENSMUSP00000077909,ENSMUSG00000071177,Serpina1d,LOCAL,58.2,0,1,1,1
ENSMUSP00000072652,ENSMUSG00000066366,Serpina1a,LOCAL,57.65,0,1,1,1
ENSMUSP00000112420,ENSMUSG00000063232,Serpina11,LOCAL,67.3,0,1,1,1
ENSMUSP00000041250,ENSMUSG00000041481,Serpina3g,LOCAL,39.77,0,1,1,1
ENSMUSP00000042095,ENSMUSG00000058207,Serpina3k,LOCAL,24.63,0,1,1,0
ENSMUSP00000113945,ENSMUSG00000066363,Serpina3f,LOCAL,32.73,0,1,1,1
ENSMUSP00000113606,ENSMUSG00000072849,Serpina1e,LOCAL,29.85,0,1,1,0
ENSMUSP00000130979,ENSMUSG00000079012,Serpina3m,LOCAL,37.68,0,1,1,1
ENSMUSP00000071054,ENSMUSG00000002102,Psmc3,DISTANT,17.02,0.048,1,0,0
ENSMUSP00000021522,ENSMUSG00000021102,Glrx5,LOCAL,38.45,0,1,1,1
ENSMUSP00000021506,ENSMUSG00000021091,Serpina3n,LOCAL,34.32,0,1,1,1
ENSMUSP00000055470,ENSMUSG00000017291,Taok1,DISTANT,17.28,0.04,1,0,0
ENSMUSP00000027612,ENSMUSG00000070594,Gm4788,DISTANT,17.23,0.042,1,0,0
ENSMUSP00000117346,ENSMUSG00000021824,Ap3m1,DISTANT,16.34,0.085,1,0,0
ENSMUSP00000066413,ENSMUSG00000056770,Setd3,LOCAL,40.94,0,1,1,1
ENSMUSP00000025856,ENSMUSG00000024913,Lrp5,DISTANT,16.12,0.099,1,0,0
ENSMUSP00000021684,ENSMUSG00000021259,Cyp46a1,LOCAL,66.66,0,1,1,1
ENSMUSP00000082034,ENSMUSG00000037896,Rcor1,LOCAL,16.38,0.083,1,0,0
ENSMUSP00000078369,ENSMUSG00000037686,Aspg,LOCAL,18.91,0.008,1,1,0
ENSMUSP00000001304,ENSMUSG00000001270,Ckb,LOCAL,17.84,0.024,1,1,0
ENSMUSP00000082053,ENSMUSG00000017843,Ppp2r5c,LOCAL,19.35,0.005,1,1,0
ENSMUSP00000093059,ENSMUSG00000037957,Wdr20a,LOCAL,20.15,0.002,1,0,0
ENSMUSP00000051049,ENSMUSG00000049792,Bag5,LOCAL,28.65,0,1,1,1
ENSMUSP00000082004,ENSMUSG00000021288,Klc1,LOCAL,36.23,0,1,1,1
ENSMUSP00000021726,ENSMUSG00000011148,Adssl1,LOCAL,32.01,0,1,1,1
ENSMUSP00000018449,ENSMUSG00000020850,Prpf8,DISTANT,17.74,0.026,1,0,0
ENSMUSP00000098591,ENSMUSG00000037679,Inf2,LOCAL,46.39,0,1,1,1
ENSMUSP00000098580,ENSMUSG00000072825,Cep170b,LOCAL,74.27,0,1,1,0
ENSMUSP00000002881,ENSMUSG00000002804,Nudt14,LOCAL,26.35,0,1,1,0
ENSMUSP00000098548,ENSMUSG00000021171,Esyt2,LOCAL,23.72,0,1,0,0
ENSMUSP00000073618,ENSMUSG00000056917,Sipa1,DISTANT,17.22,0.042,1,0,0
ENSMUSP00000046476,ENSMUSG00000033781,Asb13,LOCAL,17.97,0.022,1,0,0
ENSMUSP00000021635,ENSMUSG00000021214,Akr1c18,LOCAL,72.96,0,1,1,1
ENSMUSP00000021634,ENSMUSG00000021213,Akr1c13,LOCAL,60.52,0,1,1,1
ENSMUSP00000112666,ENSMUSG00000071551,Akr1c19,LOCAL,51.32,0,1,1,1
ENSMUSP00000021632,ENSMUSG00000021211,Akr1c12,LOCAL,73.36,0,1,1,1
ENSMUSP00000021611,ENSMUSG00000021193,Pitrm1,LOCAL,16.19,0.095,1,1,1
ENSMUSP00000021572,ENSMUSG00000021147,Wdr37,LOCAL,19.37,0.005,1,1,0
ENSMUSP00000054084,ENSMUSG00000050244,Heatr1,LOCAL,36.16,0,1,1,0
ENSMUSP00000047880,ENSMUSG00000039233,Tbce,LOCAL,33.5,0,1,1,0
ENSMUSP00000097442,ENSMUSG00000021311,Mtr,LOCAL,20.97,0.001,1,1,0
ENSMUSP00000071864,ENSMUSG00000057069,Ero1lb,LOCAL,44.48,0,1,1,1
ENSMUSP00000126603,ENSMUSG00000021302,Ggps1,LOCAL,27.32,0,1,1,0
ENSMUSP00000070759,ENSMUSG00000055137,5033411D12Rik,LOCAL,66.26,0,1,1,1
ENSMUSP00000072729,ENSMUSG00000041236,Vps41,LOCAL,61.34,0,1,1,0
ENSMUSP00000079944,ENSMUSG00000061518,Cox5b,DISTANT,20.18,0.002,1,1,0
ENSMUSP00000026225,ENSMUSG00000025207,Sema4g,DISTANT,17.73,0.027,1,0,0
ENSMUSP00000045284,ENSMUSG00000038462,Uqcrfs1,LOCAL,16.69,0.063,1,0,0
ENSMUSP00000045888,ENSMUSG00000036376,Abt1,LOCAL,37.1,0,1,1,0
ENSMUSP00000106052,ENSMUSG00000036083,Slc17a3,LOCAL,35.51,0,1,1,1
ENSMUSP00000045816,ENSMUSG00000036181,Hist1h1c,LOCAL,23.35,0,1,1,1
ENSMUSP00000089298,ENSMUSG00000006611,Hfe,LOCAL,47.19,0,1,1,1
ENSMUSP00000040591,ENSMUSG00000035936,Aldh5a1,LOCAL,26.68,0,1,1,1
ENSMUSP00000021769,ENSMUSG00000021336,Slc17a4,LOCAL,23.01,0,1,0,0
ENSMUSP00000006900,ENSMUSG00000006717,Acot13,LOCAL,61.56,0,1,1,1
ENSMUSP00000035660,ENSMUSG00000035958,Tdp2,LOCAL,60.62,0,1,1,1
ENSMUSP00000138496,ENSMUSG00000041225,Arhgap12,DISTANT,17.2,0.043,1,0,0
ENSMUSP00000110532,ENSMUSG00000052146,Rps10,DISTANT,16.84,0.056,1,0,0
ENSMUSP00000099480,ENSMUSG00000028936,Rpl22,DISTANT,16.38,0.082,1,0,0
ENSMUSP00000070958,ENSMUSG00000049115,Agtr1a,LOCAL,34.03,0,1,1,1
ENSMUSP00000061045,ENSMUSG00000016756,Cmah,LOCAL,31.82,0,1,1,1
ENSMUSP00000099515,ENSMUSG00000057181,5730455P16Rik,DISTANT,16.12,0.099,1,0,0
ENSMUSP00000027247,ENSMUSG00000026078,Pdcl3,DISTANT,17.31,0.039,1,0,0
ENSMUSP00000099600,ENSMUSG00000028671,Gale,DISTANT,16.32,0.086,1,0,0
ENSMUSP00000045669,ENSMUSG00000034563,Ccpg1,DISTANT,16.21,0.094,1,0,0
ENSMUSP00000036696,ENSMUSG00000038372,Gmds,LOCAL,17.6,0.031,1,1,0
ENSMUSP00000100010,ENSMUSG00000021357,Exoc2,LOCAL,23.4,0,1,0,0
ENSMUSP00000105922,ENSMUSG00000042842,Serpinb6b,LOCAL,20.01,0.003,1,1,1
ENSMUSP00000021844,ENSMUSG00000021408,Ripk1,LOCAL,38.71,0,1,1,1
ENSMUSP00000046168,ENSMUSG00000038286,Bphl,LOCAL,18.89,0.008,1,1,0
ENSMUSP00000021843,ENSMUSG00000046949,Nqo2,LOCAL,18.28,0.017,1,1,1
ENSMUSP00000041016,ENSMUSG00000060147,Serpinb6a,LOCAL,27.62,0,1,1,0
ENSMUSP00000021956,ENSMUSG00000021494,Ddx41,DISTANT,18.98,0.007,1,0,0
ENSMUSP00000099710,ENSMUSG00000047804,Akap10,DISTANT,16.34,0.085,1,0,0
ENSMUSP00000099799,ENSMUSG00000073775,Kti12,DISTANT,17.28,0.04,1,0,0
ENSMUSP00000060779,ENSMUSG00000046573,Lyrm4,LOCAL,18.59,0.012,1,1,0
ENSMUSP00000131735,ENSMUSG00000021417,Eci2,LOCAL,20.63,0.002,1,0,1
ENSMUSP00000051246,ENSMUSG00000021411,Pxdc1,LOCAL,20.09,0.003,1,0,0
ENSMUSP00000021853,ENSMUSG00000021416,Eci3,LOCAL,40.54,0,1,1,1
ENSMUSP00000040900,ENSMUSG00000039114,Nrn1,LOCAL,22.74,0,1,1,0
ENSMUSP00000021866,ENSMUSG00000021428,Riok1,LOCAL,30.23,0,1,1,1
ENSMUSP00000115062,ENSMUSG00000054889,Dsp,LOCAL,26.15,0,1,1,0
ENSMUSP00000087636,ENSMUSG00000068580,Zfyve19,DISTANT,17.59,0.031,1,0,0
ENSMUSP00000041839,ENSMUSG00000038991,Txndc5,LOCAL,19.38,0.005,1,0,1
ENSMUSP00000021864,ENSMUSG00000021427,Ssr1,LOCAL,36.76,0,1,1,0
ENSMUSP00000040846,ENSMUSG00000038683,Pak1ip1,LOCAL,45.44,0,1,1,1
ENSMUSP00000042162,ENSMUSG00000078789,Dph1,DISTANT,16.31,0.086,1,0,0
ENSMUSP00000047589,ENSMUSG00000039354,Smarcal1,DISTANT,18.19,0.018,1,0,0
ENSMUSP00000071048,ENSMUSG00000054021,Sirt5,LOCAL,68.47,0,1,1,1
ENSMUSP00000117346,ENSMUSG00000021824,Ap3m1,DISTANT,16.5,0.076,1,0,0
ENSMUSP00000097144,ENSMUSG00000069237,C78339,LOCAL,44.41,0,1,1,0
ENSMUSP00000038373,ENSMUSG00000038080,Kdm1b,LOCAL,28.87,0,1,0,0
ENSMUSP00000054990,ENSMUSG00000044231,Nhlrc1,LOCAL,32.06,0,1,1,0
ENSMUSP00000021807,ENSMUSG00000021377,Dek,LOCAL,19.55,0.005,1,0,0
ENSMUSP00000021806,ENSMUSG00000021376,Tpmt,LOCAL,70.07,0,1,1,1
ENSMUSP00000084462,ENSMUSG00000067219,Nipal1,DISTANT,16.62,0.067,1,0,0
ENSMUSP00000093473,ENSMUSG00000021395,Spin1,LOCAL,24.22,0,1,1,0
ENSMUSP00000018909,ENSMUSG00000018765,Fxr2,DISTANT,16.86,0.055,1,0,0
ENSMUSP00000000287,ENSMUSG00000000278,Scpep1,DISTANT,17.61,0.03,1,0,0
ENSMUSP00000021956,ENSMUSG00000021494,Ddx41,LOCAL,18.77,0.01,1,0,0
ENSMUSP00000115392,ENSMUSG00000021496,Pcbd2,LOCAL,37.48,0,1,1,1
ENSMUSP00000051215,ENSMUSG00000025877,Hk3,LOCAL,34.83,0,1,1,1
ENSMUSP00000005452,ENSMUSG00000005320,Fgfr4,LOCAL,19.53,0.005,1,0,0
ENSMUSP00000021948,ENSMUSG00000021492,F12,LOCAL,56.81,0,1,1,1
ENSMUSP00000021940,ENSMUSG00000021484,Lman2,LOCAL,35.3,0,1,1,0
ENSMUSP00000016081,ENSMUSG00000015937,H2afy,LOCAL,24.26,0,1,1,0
ENSMUSP00000022032,ENSMUSG00000021550,2210016F16Rik,LOCAL,25.1,0,1,1,1
ENSMUSP00000021963,ENSMUSG00000021501,Caml,LOCAL,20.31,0.002,1,0,0
ENSMUSP00000054858,ENSMUSG00000044792,Isca1,LOCAL,51.47,0,1,1,0
ENSMUSP00000022038,ENSMUSG00000021555,Naa35,LOCAL,33.51,0,1,1,0
ENSMUSP00000090564,ENSMUSG00000069805,Fbp1,LOCAL,19.69,0.004,1,0,1
ENSMUSP00000021933,ENSMUSG00000021477,Ctsl,LOCAL,26.53,0,1,1,1
ENSMUSP00000021929,ENSMUSG00000021476,Habp4,LOCAL,75.92,0,1,1,1
ENSMUSP00000021990,ENSMUSG00000021518,Ptdss1,LOCAL,27.32,0,1,1,0
ENSMUSP00000095901,ENSMUSG00000035704,Alg8,DISTANT,17.63,0.03,1,0,0
ENSMUSP00000039810,ENSMUSG00000034617,Mtrr,LOCAL,30.19,0,1,1,0
ENSMUSP00000031143,ENSMUSG00000029233,Srd5a3,DISTANT,17.48,0.034,1,0,0
ENSMUSP00000022102,ENSMUSG00000021610,Clptm1l,LOCAL,16.53,0.074,1,1,1
ENSMUSP00000017900,ENSMUSG00000017756,Slc12a7,LOCAL,59.74,0,1,1,1
ENSMUSP00000022057,ENSMUSG00000021573,Tppp,LOCAL,20.97,0.001,1,0,1
ENSMUSP00000022063,ENSMUSG00000021578,Ccdc127,LOCAL,25.21,0,1,1,0
ENSMUSP00000065275,ENSMUSG00000021585,Cast,LOCAL,60.69,0,1,1,1
ENSMUSP00000022082,ENSMUSG00000021591,Glrx,LOCAL,54.95,0,1,1,1
ENSMUSP00000133140,ENSMUSG00000064138,Fam172a,LOCAL,23.64,0,1,0,0
ENSMUSP00000022009,ENSMUSG00000021537,Cetn3,LOCAL,23.72,0,1,0,0
ENSMUSP00000047665,ENSMUSG00000039197,Adk,DISTANT,17.12,0.045,1,0,0
ENSMUSP00000125314,ENSMUSG00000012422,Tmem167,LOCAL,38.12,0,1,1,0
ENSMUSP00000123934,ENSMUSG00000021615,Xrcc4,LOCAL,28.74,0,1,1,0
ENSMUSP00000022218,ENSMUSG00000021707,Dhfr,LOCAL,16.85,0.055,1,0,1
ENSMUSP00000015941,ENSMUSG00000042118,Bhmt2,LOCAL,29.84,0,1,0,0
ENSMUSP00000075526,ENSMUSG00000021704,Mtx3,LOCAL,30.13,0,1,1,1
ENSMUSP00000088964,ENSMUSG00000042082,Arsb,LOCAL,70.47,0,1,1,1
ENSMUSP00000008826,ENSMUSG00000008682,Rpl10,DISTANT,16.74,0.061,1,0,0
ENSMUSP00000038781,ENSMUSG00000042043,Tbca,LOCAL,24.69,0,1,0,1
ENSMUSP00000124033,ENSMUSG00000042015,Wdr41,LOCAL,50.94,0,1,1,1
ENSMUSP00000135956,ENSMUSG00000069324,Gm5096,DISTANT,26.52,0,1,1,0
ENSMUSP00000048373,ENSMUSG00000021666,Gfm2,LOCAL,52.99,0,1,1,1
ENSMUSP00000073161,ENSMUSG00000060739,Nsa2,LOCAL,31.08,0,1,1,0
ENSMUSP00000022169,ENSMUSG00000021665,Hexb,LOCAL,20.83,0.001,1,1,0
ENSMUSP00000136766,ENSMUSG00000021669,Col4a3bp,LOCAL,16.29,0.087,1,0,0
ENSMUSP00000105026,ENSMUSG00000009470,Tnpo1,LOCAL,22.32,0,1,0,0
ENSMUSP00000022153,ENSMUSG00000021650,Ptcd2,LOCAL,24.11,0,1,0,1
ENSMUSP00000062326,ENSMUSG00000041632,Mrps27,LOCAL,39.25,0,1,1,0
ENSMUSP00000022148,ENSMUSG00000021646,Mccc2,LOCAL,16.25,0.092,1,1,0
ENSMUSP00000108763,ENSMUSG00000090145,Ugt1a6b,DISTANT,18.74,0.01,1,0,0
ENSMUSP00000065764,ENSMUSG00000021629,Slc30a5,LOCAL,16.82,0.057,1,0,1
ENSMUSP00000081772,ENSMUSG00000052293,Taf9,LOCAL,19.84,0.003,1,1,0
ENSMUSP00000138108,ENSMUSG00000021639,Gtf2h2,LOCAL,27.12,0,1,1,0
ENSMUSP00000022136,ENSMUSG00000021635,Rad17,LOCAL,24.78,0,1,1,0
ENSMUSP00000072803,ENSMUSG00000089960,Ugt1a1,DISTANT,16.28,0.089,1,0,0
ENSMUSP00000104938,ENSMUSG00000021710,Nln,LOCAL,53.41,0,1,1,1
ENSMUSP00000114406,ENSMUSG00000021711,Trappc13,LOCAL,34.8,0,1,1,0
ENSMUSP00000105010,ENSMUSG00000018322,Tomm34,DISTANT,16.51,0.075,1,0,0
ENSMUSP00000022226,ENSMUSG00000021713,Ppwd1,LOCAL,46.45,0,1,1,0
ENSMUSP00000130532,ENSMUSG00000068184,Ndufaf2,LOCAL,42.01,0,1,1,1
ENSMUSP00000020484,ENSMUSG00000020250,Txnrd1,DISTANT,16.57,0.071,1,0,0
ENSMUSP00000138836,ENSMUSG00000021756,Il6st,LOCAL,22,0,1,1,0
ENSMUSP00000022281,ENSMUSG00000016018,Skiv2l2,LOCAL,28.14,0,1,1,0
ENSMUSP00000035244,ENSMUSG00000042426,Dhx29,LOCAL,25.43,0,1,0,1
ENSMUSP00000052172,ENSMUSG00000047789,Slc38a9,LOCAL,17.69,0.028,1,1,0
ENSMUSP00000088740,ENSMUSG00000042348,Arl15,LOCAL,24.46,0,1,1,0
ENSMUSP00000104864,ENSMUSG00000042364,Snx18,LOCAL,18.77,0.01,1,0,1
ENSMUSP00000022286,ENSMUSG00000021764,Ndufs4,LOCAL,21.44,0.001,1,1,0
ENSMUSP00000024932,ENSMUSG00000024121,Atp6v0c,DISTANT,17.27,0.04,1,0,0
ENSMUSP00000022245,ENSMUSG00000021731,Mrps30,LOCAL,38.66,0,1,1,0
ENSMUSP00000136944,ENSMUSG00000093930,Hmgcs1,LOCAL,20.91,0.001,1,1,1
ENSMUSP00000096753,ENSMUSG00000025453,Nnt,LOCAL,52.9,0,1,1,1
ENSMUSP00000117256,ENSMUSG00000025451,Paip1,LOCAL,20.58,0.002,1,1,0
ENSMUSP00000136011,ENSMUSG00000060579,Fhit,LOCAL,26.99,0,1,1,1
ENSMUSP00000022296,ENSMUSG00000021774,Ube2e1,LOCAL,19.19,0.006,1,1,0
ENSMUSP00000052020,ENSMUSG00000025278,Flnb,LOCAL,19.6,0.004,1,1,1
ENSMUSP00000126464,ENSMUSG00000021751,Acox2,LOCAL,43.46,0,1,1,1
ENSMUSP00000022264,ENSMUSG00000021745,Ptprg,LOCAL,31.44,0,1,1,0
ENSMUSP00000035265,ENSMUSG00000033885,Pxk,LOCAL,28.26,0,1,1,1
ENSMUSP00000079163,ENSMUSG00000012405,Rpl15,LOCAL,49.69,0,1,1,0
ENSMUSP00000065819,ENSMUSG00000053453,Thoc7,LOCAL,25.1,0,1,1,0
ENSMUSP00000026313,ENSMUSG00000025277,Abhd6,DISTANT,16.23,0.093,1,1,0
ENSMUSP00000126464,ENSMUSG00000021751,Acox2,DISTANT,51.92,0,1,1,1
ENSMUSP00000035265,ENSMUSG00000033885,Pxk,DISTANT,31.92,0,1,1,1
ENSMUSP00000022340,ENSMUSG00000021806,Nid2,LOCAL,40.02,0,1,1,0
ENSMUSP00000052020,ENSMUSG00000025278,Flnb,DISTANT,30.98,0,1,1,1
ENSMUSP00000055382,ENSMUSG00000045107,Saysd1,LOCAL,38.78,0,1,1,0
ENSMUSP00000022343,ENSMUSG00000021809,Nudt13,LOCAL,44.96,0,1,1,1
ENSMUSP00000022344,ENSMUSG00000021810,Ecd,LOCAL,45.73,0,1,1,0
ENSMUSP00000047665,ENSMUSG00000039197,Adk,LOCAL,44.98,0,1,1,1
ENSMUSP00000117346,ENSMUSG00000021824,Ap3m1,LOCAL,41.16,0,1,1,0
ENSMUSP00000022341,ENSMUSG00000021807,2700060E02Rik,LOCAL,22.45,0,1,1,0
ENSMUSP00000066035,ENSMUSG00000021814,Anxa7,LOCAL,44.09,0,1,1,0
ENSMUSP00000065743,ENSMUSG00000040774,Cept1,DISTANT,18.58,0.012,1,0,0
ENSMUSP00000044955,ENSMUSG00000033629,Ptplad1,DISTANT,17.06,0.046,1,0,0
ENSMUSP00000026322,ENSMUSG00000025280,Polr3a,LOCAL,46.39,0,1,1,0
ENSMUSP00000023559,ENSMUSG00000022853,Ehhadh,DISTANT,17.84,0.024,1,0,0
ENSMUSP00000022419,ENSMUSG00000021868,Ppif,LOCAL,59.58,0,1,1,1
ENSMUSP00000039361,ENSMUSG00000040818,Dennd6a,LOCAL,20.75,0.001,1,0,0
ENSMUSP00000100021,ENSMUSG00000021870,Slmap,LOCAL,18.15,0.019,1,0,1
ENSMUSP00000022450,ENSMUSG00000040651,D14Abb1e,LOCAL,17.96,0.022,1,1,0
ENSMUSP00000002818,ENSMUSG00000002741,Ykt6,DISTANT,16.32,0.086,1,0,0
ENSMUSP00000065542,ENSMUSG00000015970,Chdh,LOCAL,40.04,0,1,0,0
ENSMUSP00000006697,ENSMUSG00000006522,Itih3,LOCAL,41.91,0,1,1,1
ENSMUSP00000126449,ENSMUSG00000006529,Itih1,LOCAL,26.08,0,1,0,1
ENSMUSP00000046199,ENSMUSG00000042286,Stab1,LOCAL,21.6,0.001,1,0,0
ENSMUSP00000016115,ENSMUSG00000015971,Actr8,LOCAL,25.65,0,1,0,0
ENSMUSP00000050634,ENSMUSG00000058351,Smim4,LOCAL,31.45,0,1,1,0
ENSMUSP00000064153,ENSMUSG00000052395,Rft1,LOCAL,17.37,0.037,1,1,1
ENSMUSP00000047119,ENSMUSG00000042354,Gnl3,LOCAL,21.35,0.001,1,0,0
ENSMUSP00000022469,ENSMUSG00000021910,Nisch,LOCAL,25.61,0,1,1,0
ENSMUSP00000068677,ENSMUSG00000055538,Zcchc24,LOCAL,18.04,0.022,1,0,0
ENSMUSP00000022451,ENSMUSG00000021893,Capn7,LOCAL,25.37,0,1,1,0
ENSMUSP00000114922,ENSMUSG00000021884,Hacl1,LOCAL,30.28,0,1,1,0
ENSMUSP00000136708,ENSMUSG00000021908,Gm6768,DISTANT,72.4,0,1,1,0
ENSMUSP00000124846,ENSMUSG00000022858,Tra2b,DISTANT,17.92,0.023,1,0,0
ENSMUSP00000049548,ENSMUSG00000048222,Mfap1b,DISTANT,20.32,0.002,1,0,0
ENSMUSP00000124047,ENSMUSG00000029221,Slc30a9,DISTANT,16.14,0.097,1,0,0
ENSMUSP00000131566,ENSMUSG00000021911,Parg,LOCAL,25.19,0,1,0,0
ENSMUSP00000022322,ENSMUSG00000021794,Glud1,LOCAL,20.78,0.001,1,1,1
ENSMUSP00000130934,ENSMUSG00000021794,Glud1,LOCAL,20.78,0.001,1,1,0
ENSMUSP00000047880,ENSMUSG00000039233,Tbce,DISTANT,18.47,0.014,1,0,0
ENSMUSP00000057937,ENSMUSG00000030814,Bcl7c,DISTANT,75.01,0,1,1,0
ENSMUSP00000063140,ENSMUSG00000043681,Fam25c,LOCAL,40.22,0,1,1,1
ENSMUSP00000107539,ENSMUSG00000041445,Mmrn2,LOCAL,47.43,0,1,1,0
ENSMUSP00000022517,ENSMUSG00000021947,Cryl1,DISTANT,18.02,0.022,1,0,0
ENSMUSP00000106462,ENSMUSG00000038506,Dcun1d2,DISTANT,17.24,0.042,1,0,0
ENSMUSP00000046212,ENSMUSG00000041028,Ghitm,LOCAL,40.64,0,1,1,1
ENSMUSP00000097872,ENSMUSG00000025558,Dock9,DISTANT,16.37,0.083,1,0,0
ENSMUSP00000022529,ENSMUSG00000021957,Tkt,LOCAL,17.76,0.025,1,0,1
ENSMUSP00000022030,ENSMUSG00000021548,Ccnh,DISTANT,17.38,0.037,1,0,0
ENSMUSP00000100038,ENSMUSG00000028405,Aco1,DISTANT,16.88,0.054,1,0,0
ENSMUSP00000074436,ENSMUSG00000031722,Hp,DISTANT,16.65,0.066,1,0,0
ENSMUSP00000132042,ENSMUSG00000031845,Bcmo1,DISTANT,17.73,0.027,1,0,0
ENSMUSP00000030286,ENSMUSG00000028556,Dock7,DISTANT,16.41,0.081,1,0,0
ENSMUSP00000035263,ENSMUSG00000037824,Tspan14,LOCAL,29.86,0,1,0,0
ENSMUSP00000022317,ENSMUSG00000021792,Fam213a,LOCAL,67.35,0,1,1,1
ENSMUSP00000131966,ENSMUSG00000031858,Mau2,DISTANT,16.6,0.069,1,0,0
ENSMUSP00000044554,ENSMUSG00000037712,Fermt2,LOCAL,40.16,0,1,1,1
ENSMUSP00000042860,ENSMUSG00000037722,Gnpnat1,LOCAL,46.8,0,1,1,1
ENSMUSP00000037583,ENSMUSG00000021248,Tmed10,DISTANT,16.18,0.095,1,0,0
ENSMUSP00000050088,ENSMUSG00000037697,Ddhd1,LOCAL,50.67,0,1,1,0
ENSMUSP00000107448,ENSMUSG00000062014,Gmfb,LOCAL,26.98,0,1,1,1
ENSMUSP00000087405,ENSMUSG00000037580,Gch1,LOCAL,25.77,0,1,1,1
ENSMUSP00000046536,ENSMUSG00000036291,Ap5m1,LOCAL,16.22,0.093,1,0,0
ENSMUSP00000107364,ENSMUSG00000036339,Tmem260,LOCAL,45.16,0,1,1,1
ENSMUSP00000022391,ENSMUSG00000021843,Ktn1,LOCAL,20.41,0.002,1,0,1
ENSMUSP00000121679,ENSMUSG00000036282,Naa30,LOCAL,18.55,0.013,1,0,0
ENSMUSP00000006444,ENSMUSG00000006281,Tep1,LOCAL,22.71,0,1,1,0
ENSMUSP00000043926,ENSMUSG00000021871,Pnp,LOCAL,51.55,0,1,1,1
ENSMUSP00000047720,ENSMUSG00000004561,Mettl17,LOCAL,44.39,0,1,1,0
ENSMUSP00000022803,ENSMUSG00000022193,Psmb5,LOCAL,16.66,0.065,1,0,0
ENSMUSP00000091331,ENSMUSG00000004562,Arhgef40,LOCAL,64.03,0,1,1,1
ENSMUSP00000004673,ENSMUSG00000004558,Ndrg2,LOCAL,25.3,0,1,1,1
ENSMUSP00000023873,ENSMUSG00000023110,Prmt5,LOCAL,18.55,0.013,1,0,0
ENSMUSP00000027464,ENSMUSG00000026248,Mrpl44,DISTANT,18.58,0.012,1,0,0
ENSMUSP00000022815,ENSMUSG00000022204,Ngdn,LOCAL,37.55,0,1,1,0
ENSMUSP00000056026,ENSMUSG00000045691,Thtpa,LOCAL,24.08,0,1,1,1
ENSMUSP00000052654,ENSMUSG00000022325,Pop1,DISTANT,16.84,0.056,1,0,0
ENSMUSP00000113014,ENSMUSG00000022214,Dcaf11,LOCAL,21.9,0,1,1,1
ENSMUSP00000133883,ENSMUSG00000022216,Psme1,LOCAL,17.3,0.04,1,0,0
ENSMUSP00000002397,ENSMUSG00000002326,Gmpr2,LOCAL,48.17,0,1,1,1
ENSMUSP00000038555,ENSMUSG00000040618,Pck2,LOCAL,35.16,0,1,1,1
ENSMUSP00000124258,ENSMUSG00000054509,Parp4,LOCAL,29.66,0,1,1,0
ENSMUSP00000042283,ENSMUSG00000035726,Supt16,LOCAL,19.47,0.005,1,0,0
ENSMUSP00000022828,ENSMUSG00000022217,Emc9,LOCAL,28.79,0,1,1,0
ENSMUSP00000022543,ENSMUSG00000021973,Micu2,LOCAL,34.11,0,1,1,0
ENSMUSP00000042919,ENSMUSG00000040616,Tmem51,DISTANT,17.2,0.043,1,0,0
ENSMUSP00000037030,ENSMUSG00000035469,Rcbtb1,LOCAL,27.05,0,1,1,0
ENSMUSP00000040900,ENSMUSG00000039114,Nrn1,DISTANT,16.98,0.049,1,0,0
ENSMUSP00000022563,ENSMUSG00000021987,Mtmr6,LOCAL,34.32,0,1,1,0
ENSMUSP00000022494,ENSMUSG00000021928,Ebpl,LOCAL,45.05,0,1,1,1
ENSMUSP00000092624,ENSMUSG00000070939,Tgfbrap1,DISTANT,16.41,0.081,1,0,0
ENSMUSP00000022497,ENSMUSG00000021930,Spryd7,LOCAL,26.9,0,1,1,0
ENSMUSP00000022499,ENSMUSG00000021932,Rnaseh2b,LOCAL,36.43,0,1,1,1
ENSMUSP00000069840,ENSMUSG00000021993,Mipep,LOCAL,20.52,0.002,1,1,1
ENSMUSP00000048857,ENSMUSG00000036438,Calm2,DISTANT,16.76,0.06,1,0,0
ENSMUSP00000006235,ENSMUSG00000021939,Ctsb,LOCAL,21.5,0.001,1,1,0
ENSMUSP00000065754,ENSMUSG00000054733,Msra,LOCAL,62.54,0,1,1,1
ENSMUSP00000130722,ENSMUSG00000022370,Mrpl13,DISTANT,16.94,0.052,1,0,0
ENSMUSP00000022616,ENSMUSG00000022037,Clu,LOCAL,27.67,0,1,1,0
ENSMUSP00000045552,ENSMUSG00000021975,Ints9,LOCAL,18.4,0.015,1,1,0
ENSMUSP00000063548,ENSMUSG00000057880,Abat,DISTANT,16.65,0.066,1,0,0
ENSMUSP00000130941,ENSMUSG00000023921,Mut,DISTANT,16.54,0.073,1,0,0
ENSMUSP00000069209,ENSMUSG00000022040,Ephx2,LOCAL,57.89,0,1,1,1
ENSMUSP00000098041,ENSMUSG00000060012,Kif13b,LOCAL,26.17,0,1,0,1
ENSMUSP00000022622,ENSMUSG00000059456,Ptk2b,LOCAL,60.91,0,1,1,1
ENSMUSP00000059894,ENSMUSG00000035078,Mtmr9,LOCAL,29.97,0,1,1,0
ENSMUSP00000022629,ENSMUSG00000022048,Dpysl2,LOCAL,31.52,0,1,1,0
ENSMUSP00000032566,ENSMUSG00000030407,Qpctl,DISTANT,17.36,0.038,1,0,0
ENSMUSP00000022634,ENSMUSG00000022051,Bnip3l,LOCAL,24.14,0,1,0,0
ENSMUSP00000039990,ENSMUSG00000034248,Slc25a37,LOCAL,20.95,0.001,1,1,0
ENSMUSP00000022680,ENSMUSG00000022089,Bin3,LOCAL,17.34,0.038,1,1,0
ENSMUSP00000022682,ENSMUSG00000022091,Sorbs3,LOCAL,20.55,0.002,1,1,0
ENSMUSP00000138944,ENSMUSG00000095463,Entpd4,LOCAL,72.63,0,1,1,1
ENSMUSP00000047700,ENSMUSG00000034190,Chmp7,LOCAL,58.4,0,1,1,1
ENSMUSP00000022218,ENSMUSG00000021707,Dhfr,DISTANT,17.26,0.041,1,0,0
ENSMUSP00000040162,ENSMUSG00000033589,Reep4,LOCAL,17.73,0.027,1,0,0
ENSMUSP00000022693,ENSMUSG00000022098,Bmp1,LOCAL,20.98,0.001,1,0,0
ENSMUSP00000005431,ENSMUSG00000005299,Letm1,DISTANT,16.92,0.052,1,0,0
ENSMUSP00000022704,ENSMUSG00000022108,Itm2b,LOCAL,32.2,0,1,1,0
ENSMUSP00000054526,ENSMUSG00000056025,Clca1,DISTANT,16.16,0.096,1,0,0
ENSMUSP00000131588,ENSMUSG00000022106,Rcbtb2,LOCAL,42.26,0,1,1,0
ENSMUSP00000022573,ENSMUSG00000021996,Esd,LOCAL,21.39,0.001,1,0,1
ENSMUSP00000110091,ENSMUSG00000029836,Cbx3,DISTANT,26.36,0,1,1,0
ENSMUSP00000123765,ENSMUSG00000022110,Sucla2,LOCAL,25.97,0,1,0,0
ENSMUSP00000022705,ENSMUSG00000022109,Med4,LOCAL,18.85,0.009,1,0,0
ENSMUSP00000086363,ENSMUSG00000068015,Lrch1,LOCAL,39.39,0,1,1,0
ENSMUSP00000022576,ENSMUSG00000021999,Cpb2,LOCAL,44.22,0,1,1,1
ENSMUSP00000121201,ENSMUSG00000021998,Lcp1,LOCAL,30.77,0,1,1,1
ENSMUSP00000022082,ENSMUSG00000021591,Glrx,DISTANT,16.66,0.066,1,0,0
ENSMUSP00000106519,ENSMUSG00000060126,Tpt1,LOCAL,19.37,0.005,1,0,0
ENSMUSP00000131459,ENSMUSG00000026227,2810459M11Rik,DISTANT,18.47,0.014,1,0,0
ENSMUSP00000048925,ENSMUSG00000058997,Vwa8,LOCAL,50.51,0,1,1,1
ENSMUSP00000022600,ENSMUSG00000022022,Mtrf1,LOCAL,26.37,0,1,1,0
ENSMUSP00000052942,ENSMUSG00000022024,Sugt1,LOCAL,21.59,0.001,1,1,1
ENSMUSP00000128090,ENSMUSG00000022218,Tgm1,DISTANT,18.04,0.021,1,0,0
ENSMUSP00000109188,ENSMUSG00000075415,Fnbp1,DISTANT,18.44,0.014,1,0,0
ENSMUSP00000126189,ENSMUSG00000022019,Tdrd3,LOCAL,32.85,0,1,1,1
ENSMUSP00000126352,ENSMUSG00000078671,Chd2,DISTANT,17.83,0.024,1,0,0
ENSMUSP00000098802,ENSMUSG00000043131,Mob1a,DISTANT,18.63,0.012,1,0,0
ENSMUSP00000063830,ENSMUSG00000032396,Dis3l,DISTANT,16.73,0.062,1,0,0
ENSMUSP00000097912,ENSMUSG00000075486,Commd6,LOCAL,25.34,0,1,1,0
ENSMUSP00000022721,ENSMUSG00000022125,Cln5,LOCAL,61.76,0,1,1,1
ENSMUSP00000116313,ENSMUSG00000044791,Setd2,DISTANT,16.14,0.098,1,0,0
ENSMUSP00000022715,ENSMUSG00000022119,Rbm26,LOCAL,28.57,0,1,0,0
ENSMUSP00000025815,ENSMUSG00000024878,Cbwd1,DISTANT,17.88,0.024,1,0,0
ENSMUSP00000029845,ENSMUSG00000028194,Ddah1,DISTANT,16.66,0.066,1,0,0
ENSMUSP00000070721,ENSMUSG00000025162,Csnk1d,DISTANT,21.52,0.001,1,0,0
ENSMUSP00000022728,ENSMUSG00000022131,Gpr180,LOCAL,28.87,0,1,1,1
ENSMUSP00000135483,ENSMUSG00000025940,Tmem70,DISTANT,16.66,0.066,1,0,0
ENSMUSP00000022734,ENSMUSG00000022136,Dnajc3,LOCAL,18.35,0.016,1,0,0
ENSMUSP00000026624,ENSMUSG00000025544,Tm9sf2,LOCAL,20.45,0.002,1,0,0
ENSMUSP00000085763,ENSMUSG00000022139,Mbnl2,LOCAL,38.61,0,1,1,0
ENSMUSP00000118923,ENSMUSG00000051615,Rap2a,LOCAL,32.51,0,1,1,0
ENSMUSP00000026625,ENSMUSG00000025545,Clybl,LOCAL,30.53,0,1,0,1
ENSMUSP00000026635,ENSMUSG00000025555,Farp1,LOCAL,28.36,0,1,1,1
ENSMUSP00000037278,ENSMUSG00000041625,Ggact,LOCAL,37.98,0,1,1,1
ENSMUSP00000038763,ENSMUSG00000041650,Pcca,LOCAL,19.33,0.005,1,1,0
ENSMUSP00000001974,ENSMUSG00000001909,Trmt1,DISTANT,18.78,0.01,1,0,0
ENSMUSP00000030404,ENSMUSG00000028651,Ppie,DISTANT,16.53,0.074,1,0,0
ENSMUSP00000043245,ENSMUSG00000041765,Ubac2,LOCAL,31.95,0,1,1,0
ENSMUSP00000106318,ENSMUSG00000022186,Oxct1,LOCAL,16.36,0.083,1,1,0
ENSMUSP00000038476,ENSMUSG00000041935,AW549877,LOCAL,23.04,0,1,0,0
ENSMUSP00000124417,ENSMUSG00000022181,C6,LOCAL,41.42,0,1,1,1
ENSMUSP00000022791,ENSMUSG00000022184,Fbxo4,LOCAL,34.07,0,1,1,1
ENSMUSP00000112833,ENSMUSG00000041849,Card6,LOCAL,26.76,0,1,1,1
ENSMUSP00000022749,ENSMUSG00000022149,C9,LOCAL,24.64,0,1,1,1
ENSMUSP00000062214,ENSMUSG00000036892,Prodh2,DISTANT,16.22,0.093,1,0,0
ENSMUSP00000087858,ENSMUSG00000039704,Lmbrd2,LOCAL,35.69,0,1,1,1
ENSMUSP00000106171,ENSMUSG00000089678,Agxt2,LOCAL,20.17,0.002,1,1,1
ENSMUSP00000022861,ENSMUSG00000072664,Ugt3a1,LOCAL,33.54,0,1,1,1
ENSMUSP00000087815,ENSMUSG00000022246,Rai14,LOCAL,32.07,0,1,1,1
ENSMUSP00000116865,ENSMUSG00000044224,Dnajc21,LOCAL,40.31,0,1,1,1
ENSMUSP00000027153,ENSMUSG00000026003,Acadl,DISTANT,16.19,0.094,1,0,0
ENSMUSP00000072236,ENSMUSG00000049152,Ugt3a2,LOCAL,80.12,0,1,1,1
ENSMUSP00000022849,ENSMUSG00000022241,Tars,LOCAL,17.62,0.03,1,1,1
ENSMUSP00000064545,ENSMUSG00000055044,Pdlim1,DISTANT,16.77,0.059,1,0,0
ENSMUSP00000096510,ENSMUSG00000074457,S100a16,DISTANT,17.16,0.044,1,0,0
ENSMUSP00000079380,ENSMUSG00000001847,Rac1,DISTANT,16.3,0.087,1,0,0
ENSMUSP00000022855,ENSMUSG00000022247,Brix1,LOCAL,22.4,0,1,1,0
ENSMUSP00000033737,ENSMUSG00000031371,Haus7,DISTANT,16.4,0.081,1,0,0
ENSMUSP00000028963,ENSMUSG00000027465,Tbc1d20,DISTANT,17.14,0.045,1,0,0
ENSMUSP00000022816,ENSMUSG00000022205,Sub1,LOCAL,53.76,0,1,1,1
ENSMUSP00000041227,ENSMUSG00000039458,Mtmr12,LOCAL,26.73,0,1,0,0
ENSMUSP00000066915,ENSMUSG00000022244,Amacr,LOCAL,30.12,0,1,1,1
ENSMUSP00000101023,ENSMUSG00000032763,Ilvbl,DISTANT,18.7,0.011,1,0,0
ENSMUSP00000030583,ENSMUSG00000028792,Ak2,DISTANT,16.32,0.086,1,0,0
ENSMUSP00000029588,ENSMUSG00000027968,Larp7,DISTANT,16.12,0.1,1,0,0
ENSMUSP00000057893,ENSMUSG00000046034,Fam105b,LOCAL,32.02,0,1,1,1
ENSMUSP00000087714,ENSMUSG00000022263,Trio,LOCAL,25,0,1,0,0
ENSMUSP00000069751,ENSMUSG00000022262,Dnah5,LOCAL,54.49,0,1,1,0
ENSMUSP00000047186,ENSMUSG00000039168,Dap,LOCAL,40.52,0,1,1,0
ENSMUSP00000039094,ENSMUSG00000039065,Fam173b,LOCAL,49.32,0,1,1,1
ENSMUSP00000070314,ENSMUSG00000022235,Cmbl,LOCAL,19.91,0.003,1,1,1
ENSMUSP00000022946,ENSMUSG00000022323,Hrsp12,LOCAL,24.04,0,1,0,0
ENSMUSP00000022871,ENSMUSG00000022261,Sdc2,LOCAL,61.48,0,1,1,1
ENSMUSP00000039046,ENSMUSG00000039007,Cpq,LOCAL,39.42,0,1,1,0
ENSMUSP00000018476,ENSMUSG00000022329,Stk3,LOCAL,38.94,0,1,1,1
ENSMUSP00000052521,ENSMUSG00000048307,Ankrd46,LOCAL,39.58,0,1,1,0
ENSMUSP00000045490,ENSMUSG00000037646,Vps13b,LOCAL,26.44,0,1,1,0
ENSMUSP00000022894,ENSMUSG00000022285,Ywhaz,LOCAL,29.69,0,1,1,0
ENSMUSP00000077996,ENSMUSG00000062397,Zfp706,LOCAL,32.21,0,1,1,0
ENSMUSP00000022909,ENSMUSG00000022300,Dcaf13,LOCAL,22.27,0,1,1,0
ENSMUSP00000022915,ENSMUSG00000022304,Dpys,LOCAL,28.46,0,1,1,1
ENSMUSP00000022904,ENSMUSG00000022295,Atp6v1c1,LOCAL,29.85,0,1,1,0
ENSMUSP00000022962,ENSMUSG00000022337,Emc2,LOCAL,22.97,0,1,0,0
ENSMUSP00000096683,ENSMUSG00000039671,Zmynd8,DISTANT,18.62,0.012,1,0,0
ENSMUSP00000043439,ENSMUSG00000040263,Klhdc4,DISTANT,17.2,0.043,1,0,0
ENSMUSP00000052905,ENSMUSG00000022338,Eny2,LOCAL,26.56,0,1,0,0
ENSMUSP00000042746,ENSMUSG00000038736,Nudcd1,LOCAL,34.11,0,1,1,0
ENSMUSP00000022925,ENSMUSG00000022312,Eif3h,LOCAL,24.67,0,1,0,0
ENSMUSP00000094167,ENSMUSG00000022419,Deptor,LOCAL,27.49,0,1,1,0
ENSMUSP00000041294,ENSMUSG00000060429,Sntb1,LOCAL,28.94,0,1,1,1
ENSMUSP00000046467,ENSMUSG00000037075,Rnf139,LOCAL,48.09,0,1,1,0
ENSMUSP00000022980,ENSMUSG00000022354,Ndufb9,LOCAL,27.4,0,1,0,0
ENSMUSP00000022976,ENSMUSG00000022350,E430025E21Rik,LOCAL,46.39,0,1,1,0
ENSMUSP00000006444,ENSMUSG00000006281,Tep1,DISTANT,18.06,0.021,1,0,0
ENSMUSP00000098200,ENSMUSG00000072568,Fam84b,LOCAL,44.97,0,1,1,1
ENSMUSP00000123374,ENSMUSG00000048701,Ccdc6,DISTANT,17.07,0.046,1,0,0
ENSMUSP00000031319,ENSMUSG00000029372,Ppbp,DISTANT,16.26,0.091,1,0,0
ENSMUSP00000066860,ENSMUSG00000025092,Hspa12a,DISTANT,16.17,0.095,1,0,0
ENSMUSP00000005256,ENSMUSG00000005125,Ndrg1,LOCAL,20.77,0.001,1,0,1
ENSMUSP00000022954,ENSMUSG00000022332,Khdrbs3,LOCAL,44.29,0,1,1,0
ENSMUSP00000024783,ENSMUSG00000023988,Bysl,DISTANT,19.78,0.004,1,0,0
ENSMUSP00000023237,ENSMUSG00000022574,Naprt1,LOCAL,18.79,0.009,1,1,1
ENSMUSP00000069159,ENSMUSG00000055041,Commd5,LOCAL,20.3,0.002,1,0,0
ENSMUSP00000071794,ENSMUSG00000034022,Cpsf1,LOCAL,25.16,0,1,0,0
ENSMUSP00000105663,ENSMUSG00000022607,Ptk2,LOCAL,21.77,0.001,1,1,0
ENSMUSP00000069692,ENSMUSG00000056665,Them6,LOCAL,42.62,0,1,1,1
ENSMUSP00000023238,ENSMUSG00000022575,Gsdmd,LOCAL,31.18,0,1,1,1
ENSMUSP00000049605,ENSMUSG00000022571,Pycrl,LOCAL,20.08,0.003,1,0,1
ENSMUSP00000000958,ENSMUSG00000000934,Top1mt,LOCAL,37.23,0,1,1,0
ENSMUSP00000019516,ENSMUSG00000075590,Nrbp2,LOCAL,36.11,0,1,1,1
ENSMUSP00000059839,ENSMUSG00000046761,Fam83h,LOCAL,17.08,0.046,1,1,0
ENSMUSP00000129765,ENSMUSG00000063268,Parp10,LOCAL,51.3,0,1,1,0
ENSMUSP00000023213,ENSMUSG00000022554,Fam203a,LOCAL,22.3,0,1,0,0
ENSMUSP00000071698,ENSMUSG00000063236,1110038F14Rik,LOCAL,23.79,0,1,1,0
ENSMUSP00000019224,ENSMUSG00000019080,Mfsd3,LOCAL,32.31,0,1,1,1
ENSMUSP00000094115,ENSMUSG00000022558,Mroh1,LOCAL,33.75,0,1,1,1
ENSMUSP00000134864,ENSMUSG00000010601,Apol7a,LOCAL,47.34,0,1,1,0
ENSMUSP00000020957,ENSMUSG00000020629,Adi1,DISTANT,17.35,0.038,1,0,0
ENSMUSP00000114921,ENSMUSG00000033728,Lrrc14,LOCAL,36.05,0,1,1,0
ENSMUSP00000080468,ENSMUSG00000057346,Apol9a,LOCAL,19.1,0.007,1,0,1
ENSMUSP00000023221,ENSMUSG00000022561,Gpaa1,LOCAL,17.53,0.032,1,1,0
ENSMUSP00000023214,ENSMUSG00000022555,Dgat1,LOCAL,31.74,0,1,1,0
ENSMUSP00000134672,ENSMUSG00000042632,Pla2g6,LOCAL,28.15,0,1,1,1
ENSMUSP00000016781,ENSMUSG00000016637,Ift27,LOCAL,52.7,0,1,1,0
ENSMUSP00000110112,ENSMUSG00000029822,Osbpl3,DISTANT,17.13,0.045,1,0,0
ENSMUSP00000055743,ENSMUSG00000044986,Tst,LOCAL,39.38,0,1,1,1
ENSMUSP00000001226,ENSMUSG00000022436,Sh3bp1,LOCAL,34.1,0,1,1,0
ENSMUSP00000137309,ENSMUSG00000096210,H1f0,LOCAL,22.97,0,1,1,0
ENSMUSP00000130493,ENSMUSG00000071711,Mpst,LOCAL,28.69,0,1,1,1
ENSMUSP00000086795,ENSMUSG00000068220,Lgals1,LOCAL,32.33,0,1,1,0
ENSMUSP00000042053,ENSMUSG00000033039,Micall1,LOCAL,19,0.007,1,0,0
ENSMUSP00000006544,ENSMUSG00000006378,Gcat,LOCAL,51.21,0,1,1,1
ENSMUSP00000017086,ENSMUSG00000016942,Tmprss6,LOCAL,29.22,0,1,1,0
ENSMUSP00000038839,ENSMUSG00000033047,Eif3l,LOCAL,50.95,0,1,1,1
ENSMUSP00000043575,ENSMUSG00000042535,Gtpbp1,LOCAL,29.13,0,1,1,0
ENSMUSP00000086724,ENSMUSG00000042524,Sun2,LOCAL,32.02,0,1,1,1
ENSMUSP00000061167,ENSMUSG00000051518,Rps19bp1,LOCAL,34.67,0,1,1,0
ENSMUSP00000064336,ENSMUSG00000047888,Tnrc6b,LOCAL,30.04,0,1,0,0
ENSMUSP00000023043,ENSMUSG00000022407,Adsl,LOCAL,29.1,0,1,1,1
ENSMUSP00000023062,ENSMUSG00000022427,Tomm22,LOCAL,33.53,0,1,0,0
ENSMUSP00000023048,ENSMUSG00000022412,Mief1,LOCAL,29.5,0,1,0,0
ENSMUSP00000060930,ENSMUSG00000049521,Cdc42ep1,LOCAL,18.75,0.01,1,0,0
ENSMUSP00000098053,ENSMUSG00000016554,Eif3d,LOCAL,22.4,0,1,1,0
ENSMUSP00000006094,ENSMUSG00000022445,Cyp2d26,LOCAL,21.72,0.001,1,0,0
ENSMUSP00000105312,ENSMUSG00000033088,Triobp,LOCAL,16.59,0.069,1,1,0
ENSMUSP00000023088,ENSMUSG00000022453,Naga,LOCAL,25.94,0,1,1,0
ENSMUSP00000126849,ENSMUSG00000022391,Rangap1,LOCAL,29.36,0,1,1,0
ENSMUSP00000105181,ENSMUSG00000022390,Zc3h7b,LOCAL,25.26,0,1,0,1
ENSMUSP00000023085,ENSMUSG00000022450,Ndufa6,LOCAL,41.78,0,1,1,0
ENSMUSP00000023083,ENSMUSG00000061740,Cyp2d22,LOCAL,51.31,0,1,1,1
ENSMUSP00000097968,ENSMUSG00000022471,Xrcc6,LOCAL,42.8,0,1,1,1
ENSMUSP00000023040,ENSMUSG00000022404,Slc25a17,LOCAL,41.43,0,1,1,1
ENSMUSP00000072555,ENSMUSG00000094806,Cyp2d10,LOCAL,17.93,0.023,1,1,1
ENSMUSP00000105141,ENSMUSG00000094559,Cyp2d34,LOCAL,67.82,0,1,1,0
ENSMUSP00000060524,ENSMUSG00000068083,Cyp2d40,LOCAL,41.8,0,1,1,1
ENSMUSP00000051569,ENSMUSG00000048755,Mcat,LOCAL,45.76,0,1,1,1
ENSMUSP00000071064,ENSMUSG00000096852,Cyp2d12,LOCAL,35.18,0,1,1,0
ENSMUSP00000016901,ENSMUSG00000016757,Ttll12,LOCAL,52.41,0,1,1,1
ENSMUSP00000077345,ENSMUSG00000058586,Serhl,LOCAL,40.58,0,1,1,1
ENSMUSP00000054548,ENSMUSG00000041815,Poldip3,LOCAL,68.07,0,1,1,0
ENSMUSP00000114888,ENSMUSG00000022472,Desi1,LOCAL,34.67,0,1,1,0
ENSMUSP00000131457,ENSMUSG00000016619,Nup50,LOCAL,29.59,0,1,1,1
ENSMUSP00000065721,ENSMUSG00000051864,Tbc1d22a,LOCAL,18.36,0.016,1,0,0
ENSMUSP00000132450,ENSMUSG00000016541,Atxn10,LOCAL,35.35,0,1,1,1
ENSMUSP00000114504,ENSMUSG00000035944,Ttc38,LOCAL,24.71,0,1,1,1
ENSMUSP00000127646,ENSMUSG00000022620,Arsa,LOCAL,16.14,0.098,1,1,0
ENSMUSP00000023285,ENSMUSG00000022615,Tymp,LOCAL,24.99,0,1,1,1
ENSMUSP00000085985,ENSMUSG00000022629,Kif21a,LOCAL,25.96,0,1,1,1
ENSMUSP00000131943,ENSMUSG00000091780,Sco2,LOCAL,19.97,0.003,1,1,1
ENSMUSP00000068940,ENSMUSG00000055782,Abcd2,LOCAL,30.74,0,1,1,1
ENSMUSP00000112424,ENSMUSG00000020069,Hnrnph3,DISTANT,17.77,0.025,1,0,0
ENSMUSP00000110888,ENSMUSG00000047714,Ppp1r2,DISTANT,16.71,0.063,1,0,0
ENSMUSP00000131121,ENSMUSG00000036167,Pphln1,LOCAL,19.31,0.005,1,0,0
ENSMUSP00000085316,ENSMUSG00000051149,Adnp,DISTANT,17.36,0.038,1,0,0
ENSMUSP00000027726,ENSMUSG00000026456,Cyb5r1,DISTANT,16.69,0.063,1,0,0
ENSMUSP00000034754,ENSMUSG00000011958,Bnip2,DISTANT,16.48,0.076,1,0,0
ENSMUSP00000099657,ENSMUSG00000028800,Hdac1,DISTANT,17.29,0.04,1,0,0
ENSMUSP00000029645,ENSMUSG00000028011,Tdo2,DISTANT,16.18,0.095,1,0,0
ENSMUSP00000047880,ENSMUSG00000039233,Tbce,DISTANT,16.17,0.095,1,0,0
ENSMUSP00000104871,ENSMUSG00000059883,Irak4,LOCAL,54.07,0,1,1,1
ENSMUSP00000023087,ENSMUSG00000022451,Twf1,LOCAL,23.64,0,1,1,1
ENSMUSP00000023104,ENSMUSG00000022466,Rpap3,LOCAL,44.5,0,1,1,1
ENSMUSP00000078920,ENSMUSG00000027255,Arfgap2,DISTANT,16.99,0.049,1,0,0
ENSMUSP00000003450,ENSMUSG00000003360,Ddx23,LOCAL,23.64,0,1,0,0
ENSMUSP00000076777,ENSMUSG00000023004,Tuba1b,LOCAL,18,0.022,1,1,0
ENSMUSP00000107415,ENSMUSG00000027007,Ssfa2,DISTANT,16.39,0.082,1,0,0
ENSMUSP00000051033,ENSMUSG00000043091,Tuba1c,LOCAL,17.7,0.027,1,0,0
ENSMUSP00000026635,ENSMUSG00000025555,Farp1,DISTANT,17.94,0.023,1,0,0
ENSMUSP00000041395,ENSMUSG00000037826,Ppm1k,DISTANT,16.62,0.067,1,0,0
ENSMUSP00000097777,ENSMUSG00000023026,Dip2b,LOCAL,31.33,0,1,1,1
ENSMUSP00000055482,ENSMUSG00000038009,Dnajc22,LOCAL,35.43,0,1,1,0
ENSMUSP00000023760,ENSMUSG00000023019,Gpd1,LOCAL,17.64,0.029,1,1,1
ENSMUSP00000037546,ENSMUSG00000037353,Letmd1,LOCAL,23.04,0,1,0,1
ENSMUSP00000003445,ENSMUSG00000003355,Fkbp11,LOCAL,22.3,0,1,0,0
ENSMUSP00000138523,ENSMUSG00000098112,Bin2,LOCAL,27.47,0,1,1,0
ENSMUSP00000073371,ENSMUSG00000023022,Lima1,LOCAL,57.48,0,1,1,1
ENSMUSP00000065271,ENSMUSG00000054619,Mettl7a1,LOCAL,27.85,0,1,1,0
ENSMUSP00000115869,ENSMUSG00000023007,Prpf40b,LOCAL,21.17,0.001,1,0,0
ENSMUSP00000023818,ENSMUSG00000023055,Calcoco1,LOCAL,21.37,0.001,1,0,0
ENSMUSP00000076294,ENSMUSG00000056851,Pcbp2,LOCAL,35.03,0,1,1,0
ENSMUSP00000021506,ENSMUSG00000021091,Serpina3n,DISTANT,17.16,0.044,1,0,0
ENSMUSP00000004172,ENSMUSG00000004070,Hmox2,LOCAL,37.97,0,1,1,0
ENSMUSP00000048489,ENSMUSG00000039637,Coro7,LOCAL,42.37,0,1,1,1
ENSMUSP00000097770,ENSMUSG00000039427,Alg1,LOCAL,66.1,0,1,1,1
ENSMUSP00000087938,ENSMUSG00000022540,Rogdi,LOCAL,66.35,0,1,1,0
ENSMUSP00000023911,ENSMUSG00000023143,Nagpa,LOCAL,17.51,0.033,1,0,0
ENSMUSP00000066413,ENSMUSG00000056770,Setd3,DISTANT,16.34,0.085,1,0,0
ENSMUSP00000014445,ENSMUSG00000014301,Pam16,LOCAL,33.59,0,1,1,0
ENSMUSP00000053862,ENSMUSG00000043140,Tmem186,LOCAL,17.44,0.035,1,1,0
ENSMUSP00000008537,ENSMUSG00000008393,Carhsp1,LOCAL,37.26,0,1,1,1
ENSMUSP00000123189,ENSMUSG00000068663,Clec16a,LOCAL,22.86,0,1,1,0
ENSMUSP00000041113,ENSMUSG00000022498,Txndc11,LOCAL,24.5,0,1,0,0
ENSMUSP00000130583,ENSMUSG00000062203,Gspt1,LOCAL,17.69,0.028,1,0,0
ENSMUSP00000041008,ENSMUSG00000073421,H2-Ab1,DISTANT,16.13,0.099,1,1,0
ENSMUSP00000025590,ENSMUSG00000024687,Osbp,DISTANT,19.35,0.005,1,0,0
ENSMUSP00000127526,ENSMUSG00000032279,Idh3a,DISTANT,16.13,0.099,1,0,0
ENSMUSP00000113498,ENSMUSG00000005580,Adcy9,LOCAL,19.23,0.006,1,1,0
ENSMUSP00000023362,ENSMUSG00000022681,Ntan1,LOCAL,38.62,0,1,1,1
ENSMUSP00000023361,ENSMUSG00000022680,Pdxdc1,LOCAL,42.09,0,1,1,0
ENSMUSP00000023359,ENSMUSG00000022678,Nde1,LOCAL,36.97,0,1,1,0
ENSMUSP00000023455,ENSMUSG00000022771,Ppil2,LOCAL,26.29,0,1,1,1
ENSMUSP00000028200,ENSMUSG00000026849,Tor1a,DISTANT,17.19,0.043,1,0,0
ENSMUSP00000112913,ENSMUSG00000022779,Top3b,LOCAL,28.5,0,1,1,0
ENSMUSP00000003620,ENSMUSG00000003526,Prodh,LOCAL,17.7,0.027,1,0,1
ENSMUSP00000114115,ENSMUSG00000022750,Klhl22,LOCAL,27.9,0,1,1,0
ENSMUSP00000111268,ENSMUSG00000075704,Txnrd2,LOCAL,43,0,1,1,1
ENSMUSP00000111272,ENSMUSG00000000326,Comt,LOCAL,30.96,0,1,0,1
ENSMUSP00000023391,ENSMUSG00000022706,Mrpl40,LOCAL,28.73,0,1,1,0
ENSMUSP00000112636,ENSMUSG00000033653,Vps8,LOCAL,18.54,0.013,1,0,0
ENSMUSP00000021405,ENSMUSG00000021018,Polr2h,LOCAL,24.9,0,1,0,0
ENSMUSP00000087477,ENSMUSG00000022841,Ap2m1,LOCAL,21.78,0.001,1,1,0
ENSMUSP00000023562,ENSMUSG00000022856,Tmem41a,LOCAL,58.78,0,1,1,1
ENSMUSP00000023559,ENSMUSG00000022853,Ehhadh,LOCAL,33.34,0,1,1,1
ENSMUSP00000039252,ENSMUSG00000040134,Rdh7,DISTANT,16.91,0.053,1,0,0
ENSMUSP00000048643,ENSMUSG00000038028,9630033F20Rik,DISTANT,18.17,0.019,1,0,0
ENSMUSP00000097629,ENSMUSG00000033581,Igf2bp2,LOCAL,42.54,0,1,1,1
ENSMUSP00000023601,ENSMUSG00000022885,St6gal1,LOCAL,17.98,0.022,1,1,1
ENSMUSP00000128989,ENSMUSG00000022871,Fetub,LOCAL,40.39,0,1,1,1
ENSMUSP00000023590,ENSMUSG00000022877,Hrg,LOCAL,17.25,0.041,1,0,0
ENSMUSP00000023599,ENSMUSG00000022884,Eif4a2,LOCAL,25.81,0,1,0,0
ENSMUSP00000087327,ENSMUSG00000022887,Masp1,LOCAL,25.56,0,1,0,1
ENSMUSP00000111006,ENSMUSG00000060459,Kng2,LOCAL,17.71,0.027,1,0,0
ENSMUSP00000036971,ENSMUSG00000041939,Mvk,DISTANT,16.31,0.086,1,0,0
ENSMUSP00000097604,ENSMUSG00000038127,Ccdc50,LOCAL,27.57,0,1,1,1
ENSMUSP00000093843,ENSMUSG00000022514,Il1rap,LOCAL,20.33,0.002,1,1,1
ENSMUSP00000097600,ENSMUSG00000051065,Mb21d2,LOCAL,38.87,0,1,1,1
ENSMUSP00000021078,ENSMUSG00000018861,Fdxr,DISTANT,16.73,0.062,1,0,0
ENSMUSP00000033871,ENSMUSG00000031482,Slc25a15,DISTANT,16.12,0.1,1,0,0
ENSMUSP00000051895,ENSMUSG00000047953,Gp5,LOCAL,63,0,1,1,0
ENSMUSP00000061501,ENSMUSG00000049076,Acap2,LOCAL,17.91,0.023,1,1,0
ENSMUSP00000110888,ENSMUSG00000047714,Ppp1r2,LOCAL,20.74,0.001,1,1,0
ENSMUSP00000112860,ENSMUSG00000022538,Lsg1,LOCAL,25.79,0,1,1,0
ENSMUSP00000023502,ENSMUSG00000022808,Snx4,LOCAL,18.65,0.011,1,1,0
ENSMUSP00000023467,ENSMUSG00000022781,Pak2,LOCAL,16.4,0.081,1,0,0
ENSMUSP00000077857,ENSMUSG00000060636,Rpl35a,LOCAL,59.23,0,1,1,0
ENSMUSP00000110804,ENSMUSG00000053774,Ubxn7,LOCAL,21.06,0.001,1,1,0
ENSMUSP00000039632,ENSMUSG00000022807,Osbpl11,LOCAL,23.29,0,1,1,0
ENSMUSP00000023538,ENSMUSG00000022836,Mylk,LOCAL,31.34,0,1,1,0
ENSMUSP00000110680,ENSMUSG00000022817,Itgb5,LOCAL,53.51,0,1,1,0
ENSMUSP00000060462,ENSMUSG00000035376,Ptplb,LOCAL,34.57,0,1,1,1
ENSMUSP00000039568,ENSMUSG00000034473,Sec22a,LOCAL,28.33,0,1,1,1
ENSMUSP00000110528,ENSMUSG00000022906,Parp9,LOCAL,23.43,0,1,1,1
ENSMUSP00000080601,ENSMUSG00000049502,Dtx3l,LOCAL,17.04,0.047,1,1,0
ENSMUSP00000023550,ENSMUSG00000022844,Pdia5,LOCAL,18.87,0.009,1,1,0
ENSMUSP00000023524,ENSMUSG00000022827,Rabl3,LOCAL,45.38,0,1,1,0
ENSMUSP00000023514,ENSMUSG00000022820,Ndufb4,LOCAL,44.7,0,1,1,0
ENSMUSP00000110467,ENSMUSG00000022837,Iqcb1,LOCAL,20.29,0.002,1,1,0
ENSMUSP00000002925,ENSMUSG00000002846,Timmdc1,LOCAL,44.35,0,1,0,0
ENSMUSP00000038166,ENSMUSG00000034064,Poglut1,LOCAL,27.6,0,1,1,1
ENSMUSP00000036739,ENSMUSG00000036292,Gramd1c,LOCAL,18.44,0.014,1,1,0
ENSMUSP00000125352,ENSMUSG00000022668,Gtpbp8,LOCAL,35.53,0,1,1,0
ENSMUSP00000065282,ENSMUSG00000033157,Abhd10,LOCAL,49.5,0,1,1,0
ENSMUSP00000117009,ENSMUSG00000026730,Pter,DISTANT,16.93,0.052,1,0,0
ENSMUSP00000023334,ENSMUSG00000022656,Pvrl3,LOCAL,40.12,0,1,1,0
ENSMUSP00000099853,ENSMUSG00000055447,Cd47,LOCAL,58.82,0,1,1,0
ENSMUSP00000023146,ENSMUSG00000022503,Nubp1,DISTANT,16.84,0.056,1,0,0
ENSMUSP00000018727,ENSMUSG00000018583,G3bp1,DISTANT,17.54,0.032,1,0,0
ENSMUSP00000024783,ENSMUSG00000023988,Bysl,DISTANT,17.22,0.042,1,0,0
ENSMUSP00000101288,ENSMUSG00000028948,Nol9,DISTANT,19.33,0.005,1,0,0
ENSMUSP00000023269,ENSMUSG00000098274,RPL24,LOCAL,18.93,0.008,1,1,0
ENSMUSP00000110087,ENSMUSG00000071533,Pcnp,LOCAL,16.41,0.081,1,0,0
ENSMUSP00000138292,ENSMUSG00000029782,Tmem209,DISTANT,17.48,0.034,1,0,0
ENSMUSP00000058954,ENSMUSG00000044763,Trmt10c,LOCAL,17.31,0.04,1,1,1
ENSMUSP00000023431,ENSMUSG00000022749,Tbc1d23,LOCAL,65.46,0,1,1,1
ENSMUSP00000023432,ENSMUSG00000022751,Nit2,LOCAL,27.13,0,1,1,0
ENSMUSP00000129186,ENSMUSG00000022752,Tomm70a,LOCAL,23.7,0,1,0,0
ENSMUSP00000067867,ENSMUSG00000022757,Tfg,LOCAL,22.17,0,1,1,0
ENSMUSP00000055455,ENSMUSG00000022742,Cpox,LOCAL,34.34,0,1,1,1
ENSMUSP00000023407,ENSMUSG00000022724,Mina,LOCAL,17.78,0.025,1,1,1
ENSMUSP00000023426,ENSMUSG00000022744,Cldn25,LOCAL,20.36,0.002,1,1,1
ENSMUSP00000063054,ENSMUSG00000027739,Rab33b,DISTANT,16.29,0.087,1,0,0
ENSMUSP00000023629,ENSMUSG00000022912,Pros1,LOCAL,27.15,0,1,1,0
ENSMUSP00000121203,ENSMUSG00000007891,Ctsd,DISTANT,18.22,0.017,1,0,0
ENSMUSP00000041732,ENSMUSG00000038976,Ppp1r9b,DISTANT,16.98,0.049,1,0,0
ENSMUSP00000030651,ENSMUSG00000028843,Sh3bgrl3,DISTANT,17.23,0.042,1,0,0
ENSMUSP00000018311,ENSMUSG00000018167,Stard3,DISTANT,16.27,0.089,1,0,0
ENSMUSP00000127774,ENSMUSG00000058655,Eif4b,DISTANT,16.65,0.066,1,0,0
ENSMUSP00000025631,ENSMUSG00000024725,Ostf1,DISTANT,16.68,0.063,1,0,0
ENSMUSP00000132603,ENSMUSG00000022707,Gbe1,LOCAL,43.38,0,1,1,1
ENSMUSP00000035077,ENSMUSG00000032496,Ltf,DISTANT,16.27,0.09,1,0,0
ENSMUSP00000048817,ENSMUSG00000032932,Hspa13,LOCAL,19.83,0.003,1,0,1
ENSMUSP00000023580,ENSMUSG00000022867,Usp25,LOCAL,45.26,0,1,1,1
ENSMUSP00000089045,ENSMUSG00000033991,Ttc37,DISTANT,16.13,0.098,1,0,0
ENSMUSP00000009120,ENSMUSG00000008976,Gabpa,LOCAL,32.35,0,1,0,0
ENSMUSP00000109829,ENSMUSG00000022890,Atp5j,LOCAL,19.45,0.005,1,0,0
ENSMUSP00000005406,ENSMUSG00000022892,App,LOCAL,44.57,0,1,1,1
ENSMUSP00000088334,ENSMUSG00000004085,Zak,DISTANT,16.86,0.055,1,0,0
ENSMUSP00000038775,ENSMUSG00000052299,Ltn1,LOCAL,53.21,0,1,1,1
ENSMUSP00000101478,ENSMUSG00000028670,Lypla2,DISTANT,16.9,0.053,1,0,0
ENSMUSP00000061835,ENSMUSG00000044442,N6amt1,LOCAL,68.18,0,1,1,1
ENSMUSP00000026704,ENSMUSG00000025613,Cct8,LOCAL,16.77,0.059,1,0,0
ENSMUSP00000023707,ENSMUSG00000022982,Sod1,LOCAL,28.44,0,1,0,0
ENSMUSP00000024885,ENSMUSG00000024081,Cebpz,DISTANT,18.71,0.01,1,0,0
ENSMUSP00000099991,ENSMUSG00000024122,Pdpk1,DISTANT,16.9,0.053,1,0,0
ENSMUSP00000023677,ENSMUSG00000022956,Atp5o,LOCAL,17.13,0.045,1,0,0
ENSMUSP00000034945,ENSMUSG00000032381,Fam96a,DISTANT,16.79,0.058,1,0,0
ENSMUSP00000023684,ENSMUSG00000022962,Gart,LOCAL,25.3,0,1,1,1
ENSMUSP00000048113,ENSMUSG00000039763,Dnajc28,LOCAL,51.81,0,1,1,0
ENSMUSP00000026710,ENSMUSG00000025616,Usp16,LOCAL,16.51,0.075,1,0,0
ENSMUSP00000073171,ENSMUSG00000058240,Cryzl1,LOCAL,44.92,0,1,1,1
ENSMUSP00000037631,ENSMUSG00000039680,Mrps6,LOCAL,26,0,1,1,0
ENSMUSP00000049394,ENSMUSG00000051483,Cbr1,LOCAL,34.52,0,1,1,1
ENSMUSP00000021297,ENSMUSG00000020922,Lsm12,DISTANT,17.47,0.034,1,0,0
ENSMUSP00000047712,ENSMUSG00000022947,Cbr3,LOCAL,16.17,0.095,1,1,1
ENSMUSP00000113660,ENSMUSG00000022897,Dyrk1a,LOCAL,32.19,0,1,0,0
ENSMUSP00000130981,ENSMUSG00000040820,Hlcs,LOCAL,65.58,0,1,1,1
ENSMUSP00000023615,ENSMUSG00000022898,Dscr3,LOCAL,26.99,0,1,1,0
ENSMUSP00000061012,ENSMUSG00000040681,Hmgn1,LOCAL,21.89,0,1,0,1
ENSMUSP00000023630,ENSMUSG00000022913,Psmg1,LOCAL,42.63,0,1,1,0
ENSMUSP00000021425,ENSMUSG00000021037,Ahsa1,DISTANT,16.26,0.091,1,0,0
ENSMUSP00000008748,ENSMUSG00000008604,Ubqln4,DISTANT,16.32,0.086,1,0,0
ENSMUSP00000029382,ENSMUSG00000027804,Ppid,DISTANT,18.67,0.011,1,0,0
ENSMUSP00000127368,ENSMUSG00000045975,C2cd2,LOCAL,25.75,0,1,0,1
ENSMUSP00000024112,ENSMUSG00000023341,Mx2,LOCAL,69.97,0,1,1,1
ENSMUSP00000022601,ENSMUSG00000022023,Wbp4,DISTANT,16.56,0.072,1,0,0
ENSMUSP00000035291,ENSMUSG00000036983,Tfb1m,LOCAL,29.05,0,1,1,1
ENSMUSP00000130802,ENSMUSG00000040771,Oard1,DISTANT,16.23,0.093,1,0,0
ENSMUSP00000005053,ENSMUSG00000004945,Tmem242,LOCAL,28.26,0,1,0,0
ENSMUSP00000043220,ENSMUSG00000036103,Colec12,DISTANT,16.49,0.076,1,0,0
ENSMUSP00000086333,ENSMUSG00000038141,Tmem181a,LOCAL,46.27,0,1,1,0
ENSMUSP00000095043,ENSMUSG00000015659,Serac1,LOCAL,26.64,0,1,1,0
ENSMUSP00000063734,ENSMUSG00000052397,Ezr,LOCAL,32.95,0,1,1,1
ENSMUSP00000119443,ENSMUSG00000023861,Mpc1,LOCAL,21.23,0.001,1,0,0
ENSMUSP00000086519,ENSMUSG00000094724,Rnaset2b,LOCAL,54.12,0,1,1,1
ENSMUSP00000024627,ENSMUSG00000023852,Chd1,LOCAL,22.48,0,1,1,0
ENSMUSP00000078123,ENSMUSG00000057388,Mrpl18,LOCAL,22.25,0,1,1,0
ENSMUSP00000045912,ENSMUSG00000062480,Acat3,LOCAL,26.58,0,1,1,0
ENSMUSP00000014913,ENSMUSG00000014769,Psmb1,LOCAL,25.02,0,1,0,0
ENSMUSP00000024596,ENSMUSG00000023829,Slc22a1,LOCAL,16.51,0.075,1,1,0
ENSMUSP00000024599,ENSMUSG00000023830,Igf2r,LOCAL,24.29,0,1,0,0
ENSMUSP00000024620,ENSMUSG00000023846,Riok2,LOCAL,43.39,0,1,1,1
ENSMUSP00000024932,ENSMUSG00000024121,Atp6v0c,LOCAL,31.22,0,1,1,0
ENSMUSP00000126107,ENSMUSG00000036473,Tbc1d24,LOCAL,16.51,0.075,1,0,1
ENSMUSP00000085993,ENSMUSG00000039218,Srrm2,LOCAL,16.45,0.078,1,0,0
ENSMUSP00000043543,ENSMUSG00000040048,Ndufb10,LOCAL,18.25,0.017,1,1,0
ENSMUSP00000055827,ENSMUSG00000045316,Fahd1,LOCAL,36.49,0,1,1,1
ENSMUSP00000120911,ENSMUSG00000040688,Tbl3,LOCAL,17.57,0.031,1,1,0
ENSMUSP00000092502,ENSMUSG00000044533,Rps2,LOCAL,63.31,0,1,1,0
ENSMUSP00000094986,ENSMUSG00000002496,Tsc2,LOCAL,48.13,0,1,1,1
ENSMUSP00000036141,ENSMUSG00000036820,Amdhd2,LOCAL,26.41,0,1,1,0
ENSMUSP00000045285,ENSMUSG00000024130,Abca3,LOCAL,77.87,0,1,1,1
ENSMUSP00000024946,ENSMUSG00000024132,Eci1,LOCAL,38.45,0,1,1,1
ENSMUSP00000024981,ENSMUSG00000024165,Hn1l,LOCAL,49.5,0,1,1,1
ENSMUSP00000049186,ENSMUSG00000040888,Gfer,LOCAL,35.07,0,1,1,1
ENSMUSP00000112340,ENSMUSG00000002279,Lmf1,LOCAL,32.52,0,1,1,1
ENSMUSP00000072518,ENSMUSG00000057411,Fam173a,LOCAL,66.21,0,1,1,0
ENSMUSP00000044639,ENSMUSG00000025733,Rhot2,LOCAL,47.41,0,1,1,0
ENSMUSP00000045621,ENSMUSG00000036775,Decr2,LOCAL,27.03,0,1,1,1
ENSMUSP00000132922,ENSMUSG00000001576,Ergic1,LOCAL,26.02,0,1,1,0
ENSMUSP00000025050,ENSMUSG00000024213,Nudt3,LOCAL,23.8,0,1,0,0
ENSMUSP00000100667,ENSMUSG00000078249,Hmga1-rs1,DISTANT,55.61,0,1,1,1
ENSMUSP00000110491,ENSMUSG00000024219,Anks1,LOCAL,29.83,0,1,1,1
ENSMUSP00000110499,ENSMUSG00000039512,Uhrf1bp1,LOCAL,47.4,0,1,1,1
ENSMUSP00000110639,ENSMUSG00000024187,Itfg3,LOCAL,19.87,0.003,1,1,1
ENSMUSP00000110513,ENSMUSG00000056692,D17Wsu92e,LOCAL,25.93,0,1,0,0
ENSMUSP00000048469,ENSMUSG00000037805,Rpl10a,LOCAL,40.37,0,1,1,0
ENSMUSP00000077757,ENSMUSG00000057789,Bak1,LOCAL,18.11,0.02,1,1,0
ENSMUSP00000002699,ENSMUSG00000024045,Akap8,LOCAL,16.81,0.057,1,0,0
ENSMUSP00000115603,ENSMUSG00000024018,Ccdc167,LOCAL,23.69,0,1,0,0
ENSMUSP00000009138,ENSMUSG00000024006,Stk38,LOCAL,33.46,0,1,1,0
ENSMUSP00000116259,ENSMUSG00000004865,Srpk1,LOCAL,33.17,0,1,1,0
ENSMUSP00000126586,ENSMUSG00000024026,Glo1,LOCAL,71.64,0,1,1,1
ENSMUSP00000049000,ENSMUSG00000024038,Ndufv3,LOCAL,21.65,0.001,1,0,1
ENSMUSP00000126061,ENSMUSG00000024037,Wdr4,LOCAL,36.69,0,1,1,1
ENSMUSP00000066878,ENSMUSG00000024039,Cbs,LOCAL,25.7,0,1,1,1
ENSMUSP00000026827,ENSMUSG00000025731,0610011F06Rik,LOCAL,16.98,0.049,1,1,1
ENSMUSP00000040126,ENSMUSG00000042099,Kank3,LOCAL,20.38,0.002,1,1,0
ENSMUSP00000129514,ENSMUSG00000091586,Cyp4f17,LOCAL,62.74,0,1,1,1
ENSMUSP00000136139,ENSMUSG00000024292,Cyp4f14,LOCAL,55.18,0,1,1,1
ENSMUSP00000129964,ENSMUSG00000079563,Pglyrp2,LOCAL,25.17,0,1,0,1
ENSMUSP00000074733,ENSMUSG00000024055,Cyp4f13,LOCAL,31.69,0,1,1,1
ENSMUSP00000039692,ENSMUSG00000041881,Ndufa7,LOCAL,33.23,0,1,1,0
ENSMUSP00000095195,ENSMUSG00000026425,Srgap2,DISTANT,16.83,0.056,1,0,0
ENSMUSP00000025186,ENSMUSG00000024327,Slc39a7,LOCAL,31.42,0,1,1,0
ENSMUSP00000025170,ENSMUSG00000024312,Wdr46,LOCAL,55.91,0,1,1,0
ENSMUSP00000069418,ENSMUSG00000073418,C4b,LOCAL,16.26,0.091,1,0,0
ENSMUSP00000078138,ENSMUSG00000091705,H2-Q2,LOCAL,73.57,0,1,1,1
ENSMUSP00000025178,ENSMUSG00000024319,Vps52,LOCAL,42.73,0,1,1,1
ENSMUSP00000025181,ENSMUSG00000061232,H2-K1,LOCAL,63.2,0,1,1,1
ENSMUSP00000129864,ENSMUSG00000061613,U2af1,LOCAL,16.49,0.076,1,0,0
ENSMUSP00000105321,ENSMUSG00000021595,Nsun2,DISTANT,17.27,0.04,1,0,0
ENSMUSP00000022614,ENSMUSG00000022035,Ccdc25,DISTANT,16.42,0.08,1,0,0
ENSMUSP00000025161,ENSMUSG00000024308,Tapbp,LOCAL,24.79,0,1,1,0
ENSMUSP00000022296,ENSMUSG00000021774,Ube2e1,DISTANT,22.28,0,1,0,0
ENSMUSP00000061264,ENSMUSG00000043311,D17H6S53E,LOCAL,32.84,0,1,1,1
ENSMUSP00000044437,ENSMUSG00000022946,Dopey2,DISTANT,16.37,0.083,1,0,0
ENSMUSP00000074143,ENSMUSG00000060586,H2-Eb1,LOCAL,47.7,0,1,1,0
ENSMUSP00000127745,ENSMUSG00000015474,Ppt2,LOCAL,57.46,0,1,1,0
ENSMUSP00000134218,ENSMUSG00000024387,Csnk2b,LOCAL,17.27,0.04,1,0,0
ENSMUSP00000025197,ENSMUSG00000024339,Tap2,LOCAL,29.27,0,1,1,0
ENSMUSP00000110021,ENSMUSG00000077450,Rab11b,LOCAL,23.43,0,1,0,0
ENSMUSP00000128401,ENSMUSG00000037321,Tap1,LOCAL,30.76,0,1,1,0
ENSMUSP00000133499,ENSMUSG00000096727,Psmb9,LOCAL,24.68,0,1,1,1
ENSMUSP00000007253,ENSMUSG00000007038,Neu1,LOCAL,43.67,0,1,1,1
ENSMUSP00000134570,ENSMUSG00000073411,H2-D1,LOCAL,54.7,0,1,1,1
ENSMUSP00000071843,ENSMUSG00000060550,H2-Q7,LOCAL,49.12,0,1,1,1
ENSMUSP00000084450,ENSMUSG00000024429,Gnl1,LOCAL,25.07,0,1,1,1
ENSMUSP00000134163,ENSMUSG00000067235,H2-Q10,LOCAL,61.63,0,1,1,1
ENSMUSP00000036881,ENSMUSG00000038762,Abcf1,LOCAL,28.63,0,1,1,0
ENSMUSP00000015622,ENSMUSG00000015478,Rnf5,LOCAL,16.37,0.083,1,0,0
ENSMUSP00000047917,ENSMUSG00000038838,Vars2,LOCAL,28.07,0,1,1,1
ENSMUSP00000129264,ENSMUSG00000073424,Cyp4f15,LOCAL,26.11,0,1,0,1
ENSMUSP00000001565,ENSMUSG00000001524,Gtf2h4,LOCAL,22.26,0,1,1,0
ENSMUSP00000025163,ENSMUSG00000024309,H2-Ke2,LOCAL,33.14,0,1,1,0
ENSMUSP00000025292,ENSMUSG00000024422,Dhx16,LOCAL,27.32,0,1,1,0
ENSMUSP00000025249,ENSMUSG00000024391,Apom,LOCAL,28.62,0,1,1,0
ENSMUSP00000114151,ENSMUSG00000050705,2310061I04Rik,LOCAL,17.58,0.031,1,1,0
ENSMUSP00000099739,ENSMUSG00000067212,H2-T23,LOCAL,54.33,0,1,1,1
ENSMUSP00000114896,ENSMUSG00000024457,Trim26,LOCAL,43.35,0,1,1,1
ENSMUSP00000129324,ENSMUSG00000024392,Bag6,LOCAL,17.01,0.048,1,0,0
ENSMUSP00000003461,ENSMUSG00000020456,Ogdh,DISTANT,16.82,0.056,1,0,0
ENSMUSP00000069914,ENSMUSG00000078922,Tgtp1,DISTANT,17.65,0.029,1,0,0
ENSMUSP00000130941,ENSMUSG00000023921,Mut,LOCAL,26.84,0,1,1,0
ENSMUSP00000024709,ENSMUSG00000061665,Cd2ap,LOCAL,35.47,0,1,1,0
ENSMUSP00000038352,ENSMUSG00000034892,Rps29,DISTANT,19.04,0.007,1,0,0
ENSMUSP00000130073,ENSMUSG00000023963,Cyp39a1,LOCAL,47.65,0,1,1,1
ENSMUSP00000024757,ENSMUSG00000023961,Enpp4,LOCAL,46.19,0,1,1,1
ENSMUSP00000024755,ENSMUSG00000023959,Clic5,LOCAL,18.94,0.008,1,1,0
ENSMUSP00000129242,ENSMUSG00000023942,Slc29a1,LOCAL,21.03,0.001,1,1,1
ENSMUSP00000109151,ENSMUSG00000036026,Tmem63b,LOCAL,20.15,0.002,1,1,1
ENSMUSP00000024733,ENSMUSG00000023938,Aars2,LOCAL,16.92,0.052,1,0,1
ENSMUSP00000037834,ENSMUSG00000037089,Slc35b2,LOCAL,20.92,0.001,1,0,0
ENSMUSP00000024734,ENSMUSG00000023939,Mrpl14,LOCAL,28.78,0,1,1,0
ENSMUSP00000084234,ENSMUSG00000067144,Slc22a7,LOCAL,23.28,0,1,1,0
ENSMUSP00000034541,ENSMUSG00000032042,Srpr,DISTANT,16.57,0.07,1,0,0
ENSMUSP00000024763,ENSMUSG00000023967,Mrps18a,LOCAL,51.28,0,1,1,0
ENSMUSP00000045283,ENSMUSG00000040658,Dnph1,LOCAL,51.81,0,1,1,1
ENSMUSP00000050309,ENSMUSG00000023973,Cnpy3,LOCAL,40.3,0,1,1,1
ENSMUSP00000002846,ENSMUSG00000002769,Gnmt,LOCAL,17.36,0.038,1,0,1
ENSMUSP00000002840,ENSMUSG00000002763,Pex6,LOCAL,35.88,0,1,1,0
ENSMUSP00000092888,ENSMUSG00000063888,Rpl7l1,LOCAL,18.37,0.015,1,0,0
ENSMUSP00000108963,ENSMUSG00000023977,Ubr2,LOCAL,25.59,0,1,1,0
ENSMUSP00000113460,ENSMUSG00000034729,Mrps10,LOCAL,28.18,0,1,1,0
ENSMUSP00000002839,ENSMUSG00000059409,Ppp2r5d,LOCAL,23.25,0,1,0,1
ENSMUSP00000108927,ENSMUSG00000033475,Tomm6,LOCAL,47.85,0,1,1,0
ENSMUSP00000065810,ENSMUSG00000024758,Rtn3,DISTANT,16.78,0.059,1,0,0
ENSMUSP00000046584,ENSMUSG00000038910,Plcl2,LOCAL,68.06,0,1,1,1
ENSMUSP00000049584,ENSMUSG00000030287,Itpr2,DISTANT,16.25,0.091,1,0,0
ENSMUSP00000053129,ENSMUSG00000038859,Baiap2l1,DISTANT,16.27,0.09,1,0,0
ENSMUSP00000023886,ENSMUSG00000023122,Sult1c2,LOCAL,34.15,0,1,1,1
ENSMUSP00000104412,ENSMUSG00000036860,Mrpl55,DISTANT,16.39,0.082,1,0,0
ENSMUSP00000019722,ENSMUSG00000019578,Ubxn6,LOCAL,16.31,0.086,1,1,0
ENSMUSP00000076961,ENSMUSG00000044469,Tnfaip8l1,LOCAL,28.81,0,1,1,1
ENSMUSP00000007814,ENSMUSG00000007670,Khsrp,LOCAL,42.93,0,1,1,0
ENSMUSP00000002452,ENSMUSG00000002379,Ndufa11,LOCAL,25.69,0,1,0,0
ENSMUSP00000007747,ENSMUSG00000007603,Dus3l,LOCAL,19.58,0.005,1,0,0
ENSMUSP00000040198,ENSMUSG00000046329,Slc25a23,LOCAL,30.67,0,1,1,0
ENSMUSP00000038130,ENSMUSG00000038781,Stap2,LOCAL,23.34,0,1,1,0
ENSMUSP00000092186,ENSMUSG00000027207,Galk2,DISTANT,17.22,0.042,1,0,0
ENSMUSP00000025065,ENSMUSG00000024228,Nudt12,LOCAL,40.69,0,1,1,1
ENSMUSP00000036996,ENSMUSG00000036646,Man1b1,DISTANT,18.09,0.02,1,0,0
ENSMUSP00000005975,ENSMUSG00000005823,Gpr108,LOCAL,23.99,0,1,1,1
ENSMUSP00000083928,ENSMUSG00000024085,Man2a1,LOCAL,29.42,0,1,1,1
ENSMUSP00000069255,ENSMUSG00000031906,Smpd3,DISTANT,16.68,0.064,1,0,0
ENSMUSP00000072220,ENSMUSG00000024101,Wash,LOCAL,28.71,0,1,1,0
ENSMUSP00000072848,ENSMUSG00000061950,Ppp4r1,LOCAL,28.4,0,1,1,0
ENSMUSP00000027168,ENSMUSG00000026014,Raph1,DISTANT,16.15,0.097,1,0,0
ENSMUSP00000108300,ENSMUSG00000024044,Epb4.1l3,LOCAL,23.77,0,1,1,0
ENSMUSP00000117687,ENSMUSG00000047648,Fbxo30,DISTANT,18.65,0.011,1,0,0
ENSMUSP00000042364,ENSMUSG00000034868,Myl12b,LOCAL,44.12,0,1,1,0
ENSMUSP00000037764,ENSMUSG00000039770,Ypel5,LOCAL,34.52,0,1,1,0
ENSMUSP00000068690,ENSMUSG00000054469,Lclat1,LOCAL,29.26,0,1,1,1
ENSMUSP00000024873,ENSMUSG00000024072,Yipf4,LOCAL,17.53,0.032,1,0,0
ENSMUSP00000024882,ENSMUSG00000024078,Ttc27,LOCAL,16.2,0.094,1,1,0
ENSMUSP00000024866,ENSMUSG00000024066,Xdh,LOCAL,41.02,0,1,1,1
ENSMUSP00000024869,ENSMUSG00000024068,Spast,LOCAL,50.44,0,1,1,1
ENSMUSP00000001927,ENSMUSG00000001870,Ltbp1,LOCAL,37.36,0,1,1,0
ENSMUSP00000006293,ENSMUSG00000006134,Crkl,DISTANT,16.62,0.067,1,0,0
ENSMUSP00000022693,ENSMUSG00000022098,Bmp1,DISTANT,17.31,0.04,1,0,0
ENSMUSP00000068987,ENSMUSG00000056121,Fez2,LOCAL,63.45,0,1,1,1
ENSMUSP00000120830,ENSMUSG00000024077,Strn,LOCAL,33.75,0,1,1,1
ENSMUSP00000003191,ENSMUSG00000024070,Prkd3,LOCAL,47.19,0,1,1,1
ENSMUSP00000040580,ENSMUSG00000035473,Galm,LOCAL,17.78,0.025,1,0,0
ENSMUSP00000094528,ENSMUSG00000032624,Eml4,LOCAL,55.8,0,1,1,1
ENSMUSP00000031018,ENSMUSG00000029136,Rbks,DISTANT,17.68,0.028,1,0,0
ENSMUSP00000107969,ENSMUSG00000055817,Mta3,LOCAL,30.65,0,1,1,0
ENSMUSP00000107927,ENSMUSG00000024120,Lrpprc,LOCAL,41.04,0,1,1,0
ENSMUSP00000000687,ENSMUSG00000000673,Haao,LOCAL,37.71,0,1,1,1
ENSMUSP00000041701,ENSMUSG00000024251,Thada,LOCAL,29.76,0,1,1,1
ENSMUSP00000079107,ENSMUSG00000061130,Ppm1b,LOCAL,19.66,0.004,1,0,0
ENSMUSP00000069495,ENSMUSG00000040505,Abcg5,LOCAL,24.18,0,1,1,0
ENSMUSP00000024944,ENSMUSG00000024131,Slc3a1,LOCAL,49.49,0,1,1,1
ENSMUSP00000072239,ENSMUSG00000024127,Prepl,LOCAL,24.12,0,1,0,0
ENSMUSP00000035246,ENSMUSG00000024254,Abcg8,LOCAL,19.53,0.005,1,1,1
ENSMUSP00000123352,ENSMUSG00000024150,Mcfd2,LOCAL,49.73,0,1,1,0
ENSMUSP00000048857,ENSMUSG00000036438,Calm2,LOCAL,27.49,0,1,1,0
ENSMUSP00000115351,ENSMUSG00000036918,Ttc7,LOCAL,25.94,0,1,1,0
ENSMUSP00000024967,ENSMUSG00000024151,Msh2,LOCAL,35.81,0,1,1,0
ENSMUSP00000005503,ENSMUSG00000005370,Msh6,LOCAL,23.4,0,1,1,1
ENSMUSP00000131703,ENSMUSG00000033855,Ston1,LOCAL,41.18,0,1,1,0
ENSMUSP00000048443,ENSMUSG00000034709,Ppp1r21,LOCAL,38.41,0,1,1,1
ENSMUSP00000049625,ENSMUSG00000060261,Gtf2i,DISTANT,16.45,0.078,1,0,0
ENSMUSP00000025083,ENSMUSG00000006740,Kif5b,LOCAL,32.91,0,1,1,1
ENSMUSP00000095285,ENSMUSG00000073639,Rab18,LOCAL,37.16,0,1,1,0
ENSMUSP00000111535,ENSMUSG00000057440,Mpp7,LOCAL,61.04,0,1,1,1
ENSMUSP00000113137,ENSMUSG00000002475,Abhd3,LOCAL,36.04,0,1,1,1
ENSMUSP00000025270,ENSMUSG00000024404,Riok3,LOCAL,80.91,0,1,1,1
ENSMUSP00000025279,ENSMUSG00000024413,Npc1,LOCAL,56.17,0,1,1,1
ENSMUSP00000025276,ENSMUSG00000024410,3110002H16Rik,LOCAL,35.63,0,1,1,0
ENSMUSP00000073957,ENSMUSG00000044252,Osbpl1a,LOCAL,48.48,0,1,1,1
ENSMUSP00000025290,ENSMUSG00000024423,Impact,LOCAL,20.74,0.001,1,0,0
ENSMUSP00000043220,ENSMUSG00000036103,Colec12,LOCAL,19.86,0.003,1,1,0
ENSMUSP00000074702,ENSMUSG00000024331,Dsc2,LOCAL,25.85,0,1,1,1
ENSMUSP00000057096,ENSMUSG00000044393,Dsg2,LOCAL,71.25,0,1,1,1
ENSMUSP00000048914,ENSMUSG00000042680,Garem,LOCAL,17.15,0.044,1,0,0
ENSMUSP00000025120,ENSMUSG00000024271,Elp2,LOCAL,16.16,0.096,1,1,0
ENSMUSP00000000430,ENSMUSG00000000420,Galnt1,LOCAL,46.54,0,1,1,1
ENSMUSP00000073102,ENSMUSG00000017718,Afmid,DISTANT,16.49,0.076,1,0,0
ENSMUSP00000111479,ENSMUSG00000033628,Pik3c3,LOCAL,28.41,0,1,1,0
ENSMUSP00000025264,ENSMUSG00000024400,Wdr33,LOCAL,16.81,0.057,1,0,0
ENSMUSP00000100656,ENSMUSG00000044982,Sft2d3,LOCAL,21.79,0,1,1,0
ENSMUSP00000025241,ENSMUSG00000024382,Ercc3,LOCAL,58.67,0,1,1,0
ENSMUSP00000132189,ENSMUSG00000038299,Wdr36,LOCAL,48,0,1,1,0
ENSMUSP00000094326,ENSMUSG00000024383,Map3k2,LOCAL,17.17,0.044,1,0,0
ENSMUSP00000001416,ENSMUSG00000001380,Hars,LOCAL,17.47,0.034,1,0,0
ENSMUSP00000049007,ENSMUSG00000037815,Ctnna1,LOCAL,24.16,0,1,1,0
ENSMUSP00000006027,ENSMUSG00000005873,Reep5,LOCAL,44.72,0,1,1,1
ENSMUSP00000025215,ENSMUSG00000024357,Sil1,LOCAL,68.83,0,1,1,1
ENSMUSP00000014438,ENSMUSG00000014294,Ndufa2,LOCAL,17.83,0.024,1,0,0
ENSMUSP00000117231,ENSMUSG00000019143,Hars2,LOCAL,35.23,0,1,1,1
ENSMUSP00000133360,ENSMUSG00000006050,Sra1,LOCAL,19.67,0.004,1,0,1
ENSMUSP00000025293,ENSMUSG00000024425,Ndfip1,LOCAL,25.24,0,1,1,0
ENSMUSP00000072212,ENSMUSG00000060450,Rnf14,LOCAL,36.29,0,1,1,0
ENSMUSP00000025204,ENSMUSG00000024346,Pfdn1,LOCAL,18.85,0.009,1,1,0
ENSMUSP00000025357,ENSMUSG00000024480,Ap3s1,LOCAL,16.65,0.066,1,0,0
ENSMUSP00000034405,ENSMUSG00000031928,Mre11a,DISTANT,16.42,0.08,1,0,0
ENSMUSP00000001419,ENSMUSG00000001383,Zmat2,LOCAL,16.82,0.057,1,0,0
ENSMUSP00000006205,ENSMUSG00000024483,Ankhd1,LOCAL,16.52,0.074,1,0,0
ENSMUSP00000069081,ENSMUSG00000052102,Gnpda1,LOCAL,21.33,0.001,1,1,1
ENSMUSP00000045710,ENSMUSG00000036585,Fgf1,LOCAL,35.42,0,1,1,1
ENSMUSP00000021278,ENSMUSG00000020898,Ctc1,DISTANT,16.34,0.085,1,0,0
ENSMUSP00000112928,ENSMUSG00000024501,Dpysl3,LOCAL,34.12,0,1,1,1
ENSMUSP00000087318,ENSMUSG00000071856,Mcc,LOCAL,37.61,0,1,1,0
ENSMUSP00000048340,ENSMUSG00000034653,Ythdc2,LOCAL,22.95,0,1,1,1
ENSMUSP00000046517,ENSMUSG00000033022,Cdo1,LOCAL,28,0,1,1,0
ENSMUSP00000041650,ENSMUSG00000042705,Commd10,LOCAL,58.7,0,1,1,0
ENSMUSP00000133372,ENSMUSG00000053644,Aldh7a1,LOCAL,20.7,0.001,1,1,0
ENSMUSP00000031412,ENSMUSG00000029456,Acad10,DISTANT,18.46,0.014,1,0,0
ENSMUSP00000089421,ENSMUSG00000059336,Slc14a1,DISTANT,16.23,0.093,1,0,0
ENSMUSP00000025488,ENSMUSG00000024592,C330018D20Rik,LOCAL,32.24,0,1,1,0
ENSMUSP00000025490,ENSMUSG00000024594,Prrc1,LOCAL,21.19,0.001,1,1,0
ENSMUSP00000111023,ENSMUSG00000024597,Slc12a2,LOCAL,17.8,0.025,1,1,0
ENSMUSP00000068408,ENSMUSG00000055531,Cpsf6,DISTANT,18.44,0.014,1,0,0
ENSMUSP00000021249,ENSMUSG00000020877,Scrn2,DISTANT,16.73,0.062,1,0,0
ENSMUSP00000001242,ENSMUSG00000053329,D10Jhu81e,DISTANT,16.32,0.086,1,0,0
ENSMUSP00000025503,ENSMUSG00000024601,Isoc1,LOCAL,22.46,0,1,1,1
ENSMUSP00000101819,ENSMUSG00000028649,Macf1,DISTANT,16.14,0.098,1,0,0
ENSMUSP00000114568,ENSMUSG00000028649,Macf1,DISTANT,16.14,0.098,1,0,0
ENSMUSP00000031549,ENSMUSG00000073555,Gm4951,LOCAL,88.08,0,1,1,1
ENSMUSP00000063390,ENSMUSG00000054072,Iigp1,LOCAL,65.66,0,1,1,1
ENSMUSP00000087727,ENSMUSG00000068606,Gm4841,LOCAL,43.31,0,1,1,0
ENSMUSP00000025505,ENSMUSG00000024603,Dctn4,LOCAL,38.34,0,1,1,0
ENSMUSP00000025511,ENSMUSG00000024608,Rps14,LOCAL,34.22,0,1,1,0
ENSMUSP00000047541,ENSMUSG00000042211,Fbxo38,LOCAL,16.58,0.07,1,0,0
ENSMUSP00000130560,ENSMUSG00000045094,Arhgef37,LOCAL,18.95,0.008,1,0,0
ENSMUSP00000126623,ENSMUSG00000054008,Ndst1,LOCAL,26.53,0,1,0,0
ENSMUSP00000041243,ENSMUSG00000032735,Ablim3,LOCAL,17.63,0.03,1,0,0
ENSMUSP00000016115,ENSMUSG00000015971,Actr8,DISTANT,16.17,0.095,1,0,0
ENSMUSP00000001834,ENSMUSG00000001783,Rtcb,DISTANT,18.44,0.015,1,0,0
ENSMUSP00000054201,ENSMUSG00000022516,Nudt16l1,DISTANT,16.77,0.059,1,0,0
ENSMUSP00000025484,ENSMUSG00000024588,Fech,LOCAL,36.56,0,1,0,0
ENSMUSP00000134214,ENSMUSG00000024397,Aif1,DISTANT,16.73,0.062,1,0,0
ENSMUSP00000098580,ENSMUSG00000072825,Cep170b,DISTANT,16.97,0.05,1,0,0
ENSMUSP00000004379,ENSMUSG00000004268,Emg1,DISTANT,17.79,0.025,1,0,0
ENSMUSP00000127368,ENSMUSG00000045975,C2cd2,DISTANT,16.64,0.067,1,0,0
ENSMUSP00000025394,ENSMUSG00000024516,Sec11c,LOCAL,40.04,0,1,1,0
ENSMUSP00000025403,ENSMUSG00000024525,Impa2,LOCAL,30.35,0,1,1,1
ENSMUSP00000025408,ENSMUSG00000024527,Afg3l2,LOCAL,26.63,0,1,1,1
ENSMUSP00000001513,ENSMUSG00000001473,Tubb6,LOCAL,36.58,0,1,1,0
ENSMUSP00000025418,ENSMUSG00000024537,Psmg2,LOCAL,29.61,0,1,1,0
ENSMUSP00000025421,ENSMUSG00000079614,Seh1l,LOCAL,24.95,0,1,1,0
ENSMUSP00000033070,ENSMUSG00000030801,Kat8,DISTANT,16.37,0.083,1,0,0
ENSMUSP00000113022,ENSMUSG00000000563,Atp5f1,DISTANT,16.21,0.094,1,0,0
ENSMUSP00000130858,ENSMUSG00000023456,Tpi1,DISTANT,18.56,0.013,1,0,0
ENSMUSP00000000175,ENSMUSG00000000171,Sdhd,DISTANT,19.02,0.007,1,0,0
ENSMUSP00000073701,ENSMUSG00000024513,Mbd2,LOCAL,39.23,0,1,1,0
ENSMUSP00000068267,ENSMUSG00000030224,Strap,DISTANT,16.3,0.087,1,0,0
ENSMUSP00000128887,ENSMUSG00000028064,Sema4a,DISTANT,16.33,0.085,1,0,0
ENSMUSP00000046212,ENSMUSG00000041028,Ghitm,DISTANT,19.18,0.006,1,0,0
ENSMUSP00000032326,ENSMUSG00000030204,Ddx47,DISTANT,16.74,0.061,1,0,0
ENSMUSP00000028825,ENSMUSG00000027349,Fam98b,DISTANT,17.36,0.038,1,0,0
ENSMUSP00000025439,ENSMUSG00000024556,Me2,LOCAL,22.2,0,1,0,1
ENSMUSP00000073790,ENSMUSG00000025885,Myo5b,LOCAL,29.62,0,1,1,0
ENSMUSP00000029303,ENSMUSG00000063273,Naa15,DISTANT,16.17,0.095,1,0,0
ENSMUSP00000123320,ENSMUSG00000025421,Hdhd2,LOCAL,51.34,0,1,1,1
ENSMUSP00000038681,ENSMUSG00000039840,Epg5,LOCAL,19,0.007,1,0,0
ENSMUSP00000026495,ENSMUSG00000025428,Atp5a1,LOCAL,20.94,0.001,1,0,0
ENSMUSP00000110389,ENSMUSG00000025429,Pstpip2,LOCAL,51.45,0,1,1,0
ENSMUSP00000115320,ENSMUSG00000057130,Txnl4a,LOCAL,29.55,0,1,1,0
ENSMUSP00000117166,ENSMUSG00000034006,Pqlc1,LOCAL,47.93,0,1,1,1
ENSMUSP00000025462,ENSMUSG00000024570,Rbfa,LOCAL,33.42,0,1,1,0
ENSMUSP00000089394,ENSMUSG00000024566,Atp9b,LOCAL,40.19,0,1,1,0
ENSMUSP00000123193,ENSMUSG00000024571,Gm16286,LOCAL,19.57,0.005,1,1,0
ENSMUSP00000033695,ENSMUSG00000031333,Abcb7,DISTANT,17.34,0.038,1,0,0
ENSMUSP00000124480,ENSMUSG00000024646,Cyb5,LOCAL,23.06,0,1,0,0
ENSMUSP00000025546,ENSMUSG00000024644,Cndp2,LOCAL,42.62,0,1,1,1
ENSMUSP00000025547,ENSMUSG00000024645,Timm21,LOCAL,18.28,0.017,1,0,0
ENSMUSP00000135956,ENSMUSG00000069324,Gm5096,LOCAL,25.59,0,1,0,0
ENSMUSP00000025515,ENSMUSG00000024614,Tmx3,LOCAL,26.45,0,1,1,0
ENSMUSP00000075779,ENSMUSG00000058216,BC021614,LOCAL,75.17,0,1,1,1
ENSMUSP00000025802,ENSMUSG00000024869,Nudt8,LOCAL,36.41,0,1,1,0
ENSMUSP00000038931,ENSMUSG00000038155,Gstp2,LOCAL,21.51,0.001,1,1,0
ENSMUSP00000025749,ENSMUSG00000024830,Rps6kb2,LOCAL,22.3,0,1,0,0
ENSMUSP00000025856,ENSMUSG00000024913,Lrp5,LOCAL,16.89,0.054,1,0,0
ENSMUSP00000050056,ENSMUSG00000024866,Acy3,LOCAL,49.26,0,1,1,1
ENSMUSP00000039109,ENSMUSG00000040385,Ppp1ca,LOCAL,23.47,0,1,0,0
ENSMUSP00000042967,ENSMUSG00000037916,Ndufv1,LOCAL,20.63,0.002,1,1,0
ENSMUSP00000124272,ENSMUSG00000036908,Unc93b1,LOCAL,51.34,0,1,1,1
ENSMUSP00000025893,ENSMUSG00000024944,Arl2,LOCAL,26.96,0,1,1,0
ENSMUSP00000109357,ENSMUSG00000024862,Klc2,LOCAL,26.08,0,1,1,0
ENSMUSP00000025836,ENSMUSG00000024902,Mrpl11,LOCAL,25.04,0,1,0,0
ENSMUSP00000035486,ENSMUSG00000034108,Ccs,LOCAL,17.75,0.026,1,1,0
ENSMUSP00000025851,ENSMUSG00000063904,Dpp3,LOCAL,60.19,0,1,1,1
ENSMUSP00000062016,ENSMUSG00000047379,B3gnt1,LOCAL,17.02,0.048,1,1,0
ENSMUSP00000036031,ENSMUSG00000041845,Rhod,LOCAL,17.1,0.045,1,1,1
ENSMUSP00000025728,ENSMUSG00000024816,Frmd8,LOCAL,45.44,0,1,1,0
ENSMUSP00000037656,ENSMUSG00000024937,Ehbp1l1,LOCAL,18.2,0.018,1,1,0
ENSMUSP00000112481,ENSMUSG00000083282,Ctsf,LOCAL,35.28,0,1,1,0
ENSMUSP00000127498,ENSMUSG00000024942,Capn1,LOCAL,55.84,0,1,1,1
ENSMUSP00000025684,ENSMUSG00000024772,Ehd1,LOCAL,45.18,0,1,1,1
ENSMUSP00000025732,ENSMUSG00000024818,Slc25a45,LOCAL,26.94,0,1,1,0
ENSMUSP00000128416,ENSMUSG00000050299,Gm9843,DISTANT,47.5,0,1,1,0
ENSMUSP00000025867,ENSMUSG00000024927,Rela,LOCAL,21.74,0.001,1,0,0
ENSMUSP00000025786,ENSMUSG00000024855,Pacs1,LOCAL,19.89,0.003,1,0,0
ENSMUSP00000065810,ENSMUSG00000024758,Rtn3,LOCAL,51.34,0,1,1,0
ENSMUSP00000131581,ENSMUSG00000024952,Rps6ka4,LOCAL,33.05,0,1,1,0
ENSMUSP00000039507,ENSMUSG00000036278,Macrod1,LOCAL,29.11,0,1,1,1
ENSMUSP00000025668,ENSMUSG00000024759,Atl3,LOCAL,26.58,0,1,1,1
ENSMUSP00000138475,ENSMUSG00000067656,Slc22a27,LOCAL,24.81,0,1,1,0
ENSMUSP00000025904,ENSMUSG00000024953,Prdx5,LOCAL,21.45,0.001,1,0,1
ENSMUSP00000093988,ENSMUSG00000052562,Slc22a30,LOCAL,64.19,0,1,1,1
ENSMUSP00000093980,ENSMUSG00000071662,Polr2g,LOCAL,35.61,0,1,1,0
ENSMUSP00000032557,ENSMUSG00000024969,Mark2,LOCAL,17.89,0.023,1,1,0
ENSMUSP00000113607,ENSMUSG00000053303,Slc22a26,LOCAL,45.01,0,1,1,0
ENSMUSP00000130194,ENSMUSG00000010095,Slc3a2,LOCAL,28.32,0,1,1,1
ENSMUSP00000093972,ENSMUSG00000071654,AI462493,LOCAL,37.32,0,1,1,0
ENSMUSP00000125422,ENSMUSG00000071657,Bscl2,LOCAL,31.11,0,1,1,0
ENSMUSP00000094513,ENSMUSG00000071660,Ttc9c,LOCAL,57.36,0,1,1,1
ENSMUSP00000051709,ENSMUSG00000024654,Asrgl1,LOCAL,45.42,0,1,1,1
ENSMUSP00000134854,ENSMUSG00000010110,Stx5a,LOCAL,22.94,0,1,0,0
ENSMUSP00000044556,ENSMUSG00000034371,Dak,LOCAL,22.13,0,1,0,1
ENSMUSP00000025570,ENSMUSG00000024668,Sdhaf2,LOCAL,27.09,0,1,1,1
ENSMUSP00000025649,ENSMUSG00000024740,Ddb1,LOCAL,18.94,0.008,1,0,0
ENSMUSP00000103619,ENSMUSG00000027750,Postn,DISTANT,17.74,0.026,1,0,0
ENSMUSP00000136858,ENSMUSG00000024735,Prpf19,LOCAL,54.68,0,1,1,0
ENSMUSP00000085264,ENSMUSG00000048832,Vps37c,LOCAL,18.44,0.014,1,0,0
ENSMUSP00000128915,ENSMUSG00000024683,Mrpl16,LOCAL,25.56,0,1,1,0
ENSMUSP00000025598,ENSMUSG00000024694,Keg1,LOCAL,20.22,0.002,1,0,0
ENSMUSP00000090607,ENSMUSG00000071633,Gm4952,LOCAL,52.08,0,1,1,1
ENSMUSP00000108573,ENSMUSG00000046805,Mpeg1,LOCAL,29.77,0,1,1,1
ENSMUSP00000114002,ENSMUSG00000063683,Glyat,LOCAL,37.99,0,1,1,0
ENSMUSP00000043308,ENSMUSG00000063683,Glyat,LOCAL,37.99,0,1,1,0
ENSMUSP00000025541,ENSMUSG00000024639,Gnaq,LOCAL,56.77,0,1,1,0
ENSMUSP00000068716,ENSMUSG00000046230,Vps13a,LOCAL,19.32,0.005,1,1,1
ENSMUSP00000025617,ENSMUSG00000024712,Rfk,LOCAL,59.61,0,1,1,1
ENSMUSP00000025631,ENSMUSG00000024725,Ostf1,LOCAL,17.13,0.045,1,1,0
ENSMUSP00000125384,ENSMUSG00000037847,Nmrk1,LOCAL,30.51,0,1,1,1
ENSMUSP00000025632,ENSMUSG00000024726,2410127L17Rik,LOCAL,65,0,1,1,1
ENSMUSP00000022416,ENSMUSG00000021866,Anxa11,DISTANT,18.95,0.008,1,0,0
ENSMUSP00000043821,ENSMUSG00000028737,Aldh4a1,DISTANT,16.57,0.07,1,0,0
ENSMUSP00000025561,ENSMUSG00000024659,Anxa1,LOCAL,56.96,0,1,1,1
ENSMUSP00000084918,ENSMUSG00000053279,Aldh1a1,LOCAL,33.31,0,1,1,1
ENSMUSP00000025656,ENSMUSG00000024747,Aldh1a7,LOCAL,70.87,0,1,1,0
ENSMUSP00000084882,ENSMUSG00000058624,Gda,LOCAL,48.82,0,1,1,1
ENSMUSP00000093908,ENSMUSG00000024754,Tmem2,LOCAL,20.8,0.001,1,1,1
ENSMUSP00000080081,ENSMUSG00000059363,Fxn,LOCAL,49.03,0,1,1,1
ENSMUSP00000001724,ENSMUSG00000001674,Ddx18,DISTANT,16.62,0.067,1,0,0
ENSMUSP00000025815,ENSMUSG00000024878,Cbwd1,LOCAL,28.39,0,1,1,1
ENSMUSP00000036025,ENSMUSG00000041731,Pgm5,LOCAL,47.9,0,1,1,1
ENSMUSP00000025831,ENSMUSG00000052085,Dock8,LOCAL,37.2,0,1,1,1
ENSMUSP00000025862,ENSMUSG00000024921,Smarca2,LOCAL,16.23,0.093,1,0,0
ENSMUSP00000101811,ENSMUSG00000025793,Hgs,DISTANT,16.68,0.063,1,0,0
ENSMUSP00000030560,ENSMUSG00000028776,Tinagl1,DISTANT,24.98,0,1,0,0
ENSMUSP00000034543,ENSMUSG00000032044,Rpusd4,DISTANT,16.98,0.049,1,0,0
ENSMUSP00000088320,ENSMUSG00000008226,Scrn3,DISTANT,16.21,0.093,1,0,0
ENSMUSP00000075573,ENSMUSG00000041360,D19Bwg1357e,LOCAL,28.95,0,1,0,0
ENSMUSP00000025739,ENSMUSG00000024817,Uhrf2,LOCAL,28.69,0,1,0,0
ENSMUSP00000124881,ENSMUSG00000046324,Ermp1,LOCAL,36.69,0,1,1,1
ENSMUSP00000025696,ENSMUSG00000024782,Ak3,LOCAL,37,0,1,1,1
ENSMUSP00000025778,ENSMUSG00000024827,Gldc,LOCAL,20.57,0.002,1,1,1
ENSMUSP00000021844,ENSMUSG00000021408,Ripk1,DISTANT,17.2,0.043,1,0,0
ENSMUSP00000030069,ENSMUSG00000028378,Ptgr1,DISTANT,17.62,0.03,1,0,0
ENSMUSP00000093830,ENSMUSG00000024887,Asah2,LOCAL,48.89,0,1,1,1
ENSMUSP00000067579,ENSMUSG00000024785,Rcl1,LOCAL,21.53,0.001,1,0,0
ENSMUSP00000025827,ENSMUSG00000024896,Minpp1,LOCAL,45.4,0,1,1,1
ENSMUSP00000069962,ENSMUSG00000013662,Atad1,LOCAL,23.51,0,1,0,0
ENSMUSP00000013807,ENSMUSG00000013663,Pten,LOCAL,38.34,0,1,1,0
ENSMUSP00000093825,ENSMUSG00000071573,Rnls,LOCAL,34.98,0,1,1,1
ENSMUSP00000009522,ENSMUSG00000009378,Slc16a12,LOCAL,17.29,0.04,1,0,0
ENSMUSP00000053270,ENSMUSG00000024781,Lipa,LOCAL,27.64,0,1,1,0
ENSMUSP00000025691,ENSMUSG00000024778,Fas,LOCAL,24.97,0,1,1,1
ENSMUSP00000097093,ENSMUSG00000040565,Btaf1,LOCAL,23.42,0,1,1,0
ENSMUSP00000121358,ENSMUSG00000056999,Ide,LOCAL,16.15,0.097,1,0,1
ENSMUSP00000064332,ENSMUSG00000053799,Exoc6,LOCAL,42.67,0,1,1,0
ENSMUSP00000070534,ENSMUSG00000054237,Fra10ac1,LOCAL,42.52,0,1,1,0
ENSMUSP00000025966,ENSMUSG00000025002,Cyp2c55,LOCAL,30.75,0,1,1,1
ENSMUSP00000079065,ENSMUSG00000054827,Cyp2c50,LOCAL,30.47,0,1,1,0
ENSMUSP00000048284,ENSMUSG00000067225,Cyp2c54,LOCAL,16.82,0.057,1,0,0
ENSMUSP00000044722,ENSMUSG00000032808,Cyp2c38,LOCAL,23.54,0,1,1,0
ENSMUSP00000025968,ENSMUSG00000025003,Cyp2c39,LOCAL,47.99,0,1,1,0
ENSMUSP00000097071,ENSMUSG00000074882,Cyp2c68,LOCAL,62.64,0,1,1,1
ENSMUSP00000107659,ENSMUSG00000025198,Erlin1,LOCAL,19.1,0.007,1,1,0
ENSMUSP00000064545,ENSMUSG00000055044,Pdlim1,LOCAL,33.29,0,1,1,1
ENSMUSP00000052777,ENSMUSG00000025017,Pik3ap1,LOCAL,21.79,0,1,0,1
ENSMUSP00000011896,ENSMUSG00000011752,Pgam1,LOCAL,35.39,0,1,1,1
ENSMUSP00000132832,ENSMUSG00000092008,Cyp2c69,LOCAL,18.69,0.011,1,1,0
ENSMUSP00000078042,ENSMUSG00000057506,Bloc1s2,LOCAL,21.48,0.001,1,1,0
ENSMUSP00000130900,ENSMUSG00000025159,Mms19,LOCAL,16.57,0.07,1,0,1
ENSMUSP00000075825,ENSMUSG00000060224,Pyroxd2,LOCAL,40.48,0,1,1,1
ENSMUSP00000026208,ENSMUSG00000025194,Abcc2,LOCAL,36.46,0,1,1,1
ENSMUSP00000041820,ENSMUSG00000040018,Cox15,LOCAL,27.19,0,1,1,0
ENSMUSP00000026211,ENSMUSG00000025197,Cyp2c44,LOCAL,80.61,0,1,1,1
ENSMUSP00000026199,ENSMUSG00000025193,Cutc,LOCAL,40.89,0,1,1,1
ENSMUSP00000026210,ENSMUSG00000025196,Cpn1,LOCAL,40.08,0,1,1,0
ENSMUSP00000026209,ENSMUSG00000025195,Dnmbp,LOCAL,26.56,0,1,0,0
ENSMUSP00000026218,ENSMUSG00000025200,Cwf19l1,LOCAL,64.71,0,1,1,1
ENSMUSP00000104858,ENSMUSG00000039536,Stau1,DISTANT,16.7,0.063,1,0,0
ENSMUSP00000034878,ENSMUSG00000032328,Tmem30a,DISTANT,18.69,0.011,1,0,0
ENSMUSP00000026009,ENSMUSG00000025035,Arl3,LOCAL,29.55,0,1,1,1
ENSMUSP00000026011,ENSMUSG00000025036,Sfxn2,LOCAL,60.85,0,1,1,1
ENSMUSP00000129126,ENSMUSG00000025041,Nt5c2,LOCAL,22.28,0,1,1,1
ENSMUSP00000048454,ENSMUSG00000039901,9130011E15Rik,LOCAL,17.84,0.024,1,1,1
ENSMUSP00000003655,ENSMUSG00000003559,As3mt,LOCAL,25.1,0,1,1,1
ENSMUSP00000107430,ENSMUSG00000053617,Sh3pxd2a,LOCAL,21.64,0.001,1,0,0
ENSMUSP00000026225,ENSMUSG00000025207,Sema4g,LOCAL,26.27,0,1,1,1
ENSMUSP00000026012,ENSMUSG00000003555,Cyp17a1,LOCAL,21.9,0,1,1,0
ENSMUSP00000026043,ENSMUSG00000025060,Slk,LOCAL,50.47,0,1,1,1
ENSMUSP00000026050,ENSMUSG00000025068,Gsto1,LOCAL,30.53,0,1,1,1
ENSMUSP00000093713,ENSMUSG00000071528,Usmg5,LOCAL,17.06,0.046,1,0,0
ENSMUSP00000096954,ENSMUSG00000025066,Sfr1,LOCAL,48.54,0,1,1,1
ENSMUSP00000045409,ENSMUSG00000034160,Ogt,DISTANT,16.36,0.083,1,0,0
ENSMUSP00000119120,ENSMUSG00000063450,Syne2,DISTANT,16.34,0.084,1,0,0
ENSMUSP00000036524,ENSMUSG00000037119,D15Ertd621e,DISTANT,16.56,0.072,1,0,0
ENSMUSP00000027144,ENSMUSG00000025991,Cps1,DISTANT,16.38,0.082,1,0,0
ENSMUSP00000025930,ENSMUSG00000024974,Smc3,LOCAL,20.35,0.002,1,0,0
ENSMUSP00000138250,ENSMUSG00000025027,Xpnpep1,LOCAL,29.6,0,1,0,1
ENSMUSP00000034808,ENSMUSG00000032271,Nnmt,DISTANT,16.13,0.099,1,0,0
ENSMUSP00000093644,ENSMUSG00000024983,Vti1a,LOCAL,19.04,0.007,1,0,0
ENSMUSP00000077402,ENSMUSG00000025075,Habp2,LOCAL,36.85,0,1,1,1
ENSMUSP00000113457,ENSMUSG00000035173,A630007B06Rik,LOCAL,18.98,0.007,1,0,0
ENSMUSP00000071370,ENSMUSG00000025078,Nhlrc2,LOCAL,17.27,0.04,1,0,1
ENSMUSP00000026062,ENSMUSG00000025076,Casp7,LOCAL,41.59,0,1,1,1
ENSMUSP00000078336,ENSMUSG00000025085,Ablim1,LOCAL,43.8,0,1,1,0
ENSMUSP00000026073,ENSMUSG00000025086,Trub1,LOCAL,39.86,0,1,1,1
ENSMUSP00000044417,ENSMUSG00000039640,Mrpl12,DISTANT,16.16,0.096,1,0,0
ENSMUSP00000066860,ENSMUSG00000025092,Hspa12a,LOCAL,26.01,0,1,1,0
ENSMUSP00000029266,ENSMUSG00000027712,Anxa5,DISTANT,18.56,0.013,1,0,0
ENSMUSP00000025217,ENSMUSG00000024359,Hspa9,DISTANT,20.12,0.003,1,0,0
ENSMUSP00000080480,ENSMUSG00000033417,Cacul1,LOCAL,31.7,0,1,1,0
ENSMUSP00000025961,ENSMUSG00000024997,Prdx3,LOCAL,31.44,0,1,1,1
ENSMUSP00000025957,ENSMUSG00000024993,Fam45a,LOCAL,25,0,1,1,0
ENSMUSP00000001059,ENSMUSG00000020715,Ern1,DISTANT,24.28,0.009,1,0,0
ENSMUSP00000121340,ENSMUSG00000002455,Prpf6,DISTANT,21.52,0.091,1,0,0
ENSMUSP00000092966,ENSMUSG00000079057,Cyp4v3,DISTANT,21.54,0.09,1,0,0
ENSMUSP00000076178,ENSMUSG00000031148,Gpkow,LOCAL,37.08,0,1,1,0
ENSMUSP00000111306,ENSMUSG00000031161,Hdac6,LOCAL,27.95,0,1,0,0
ENSMUSP00000117596,ENSMUSG00000054823,Whsc1l1,DISTANT,21.65,0.084,1,0,0
ENSMUSP00000064551,ENSMUSG00000054263,Lifr,DISTANT,21.85,0.08,1,0,0
ENSMUSP00000033489,ENSMUSG00000031149,Praf2,LOCAL,40.83,0,1,1,1
ENSMUSP00000033513,ENSMUSG00000031171,Ftsj1,LOCAL,39.89,0,1,0,1
ENSMUSP00000126236,ENSMUSG00000038383,Pigu,DISTANT,21.43,0.1,1,0,0
ENSMUSP00000059095,ENSMUSG00000044148,1810030O07Rik,LOCAL,40.71,0,1,1,0
ENSMUSP00000077350,ENSMUSG00000064262,Gimap8,DISTANT,23.75,0.014,1,0,0
ENSMUSP00000111098,ENSMUSG00000031012,Cask,LOCAL,31.76,0,1,1,0
ENSMUSP00000026013,ENSMUSG00000025037,Maoa,LOCAL,34.74,0,1,1,0
ENSMUSP00000115342,ENSMUSG00000001134,Uxt,LOCAL,32.42,0,1,0,0
ENSMUSP00000075692,ENSMUSG00000058254,Tspan7,LOCAL,24.71,0.009,1,0,0
ENSMUSP00000024620,ENSMUSG00000023846,Riok2,DISTANT,22.99,0.023,1,0,0
ENSMUSP00000026507,ENSMUSG00000025437,Usp33,DISTANT,24.05,0.011,1,0,0
ENSMUSP00000103927,ENSMUSG00000060791,Gmfg,DISTANT,21.9,0.076,1,0,0
ENSMUSP00000001155,ENSMUSG00000001127,Araf,LOCAL,23.5,0.015,1,0,0
ENSMUSP00000020004,ENSMUSG00000019857,Asf1a,DISTANT,21.64,0.087,1,0,0
ENSMUSP00000033372,ENSMUSG00000060090,Rp2h,LOCAL,27.41,0,1,1,0
ENSMUSP00000075692,ENSMUSG00000058254,Tspan7,DISTANT,30.13,0,1,0,0
ENSMUSP00000099038,ENSMUSG00000020659,Cbll1,DISTANT,21.84,0.08,1,0,0
ENSMUSP00000099412,ENSMUSG00000027651,Rprd1b,DISTANT,21.69,0.083,1,0,0
ENSMUSP00000033372,ENSMUSG00000060090,Rp2h,DISTANT,28.2,0,1,0,0
ENSMUSP00000061893,ENSMUSG00000018381,Abi3,DISTANT,24.31,0.009,1,0,0
ENSMUSP00000059224,ENSMUSG00000048970,C1galt1c1,LOCAL,21.55,0.089,1,0,0
ENSMUSP00000074448,ENSMUSG00000016534,Lamp2,LOCAL,36.2,0,1,0,0
ENSMUSP00000020444,ENSMUSG00000020224,Llph,DISTANT,25.51,0.006,1,0,0
ENSMUSP00000056378,ENSMUSG00000040219,Ttc12,DISTANT,21.76,0.08,1,0,0
ENSMUSP00000099750,ENSMUSG00000027109,Sp3,DISTANT,21.63,0.087,1,0,0
ENSMUSP00000124742,ENSMUSG00000028559,Osbpl9,DISTANT,23.23,0.015,1,0,0
ENSMUSP00000022256,ENSMUSG00000021737,Psmd6,DISTANT,21.45,0.098,1,0,0
ENSMUSP00000050771,ENSMUSG00000005198,Polr2a,DISTANT,22.86,0.026,1,0,0
ENSMUSP00000125548,ENSMUSG00000060073,Psma3,DISTANT,21.79,0.08,1,0,0
ENSMUSP00000034863,ENSMUSG00000032312,Csk,DISTANT,21.76,0.08,1,0,0
ENSMUSP00000033450,ENSMUSG00000031119,Gpc4,LOCAL,21.63,0.089,1,0,1
ENSMUSP00000026723,ENSMUSG00000025630,Hprt,LOCAL,53.3,0,1,1,0
ENSMUSP00000030852,ENSMUSG00000028999,Rint1,DISTANT,21.96,0.07,1,0,0
ENSMUSP00000124066,ENSMUSG00000066441,Rdh11,DISTANT,21.45,0.098,1,0,0
ENSMUSP00000033477,ENSMUSG00000031138,F9,LOCAL,28.37,0,1,1,0
ENSMUSP00000086027,ENSMUSG00000067873,Htatsf1,LOCAL,24.41,0.009,1,1,1
ENSMUSP00000004686,ENSMUSG00000069633,Pex11g,DISTANT,25.37,0.006,1,0,0
ENSMUSP00000082406,ENSMUSG00000034574,Daam1,DISTANT,22.45,0.051,1,0,0
ENSMUSP00000110248,ENSMUSG00000015214,Mtmr1,LOCAL,36.76,0,1,1,1
ENSMUSP00000042606,ENSMUSG00000035776,Cd99l2,LOCAL,45.47,0,1,1,0
ENSMUSP00000033737,ENSMUSG00000031371,Haus7,LOCAL,37.34,0,1,1,0
ENSMUSP00000030849,ENSMUSG00000028995,Fam126a,DISTANT,22.39,0.054,1,0,1
ENSMUSP00000109797,ENSMUSG00000001962,Fam50a,LOCAL,25.67,0.003,1,0,0
ENSMUSP00000109763,ENSMUSG00000004221,Ikbkg,LOCAL,21.99,0.07,1,1,0
ENSMUSP00000110223,ENSMUSG00000073131,Vma21,LOCAL,27.64,0,1,1,0
ENSMUSP00000033775,ENSMUSG00000031402,Mpp1,LOCAL,35.53,0,1,1,0
ENSMUSP00000020273,ENSMUSG00000020079,Supv3l1,DISTANT,21.98,0.07,1,0,0
ENSMUSP00000085549,ENSMUSG00000025246,Tbl1x,LOCAL,25.33,0.006,1,0,0
ENSMUSP00000023832,ENSMUSG00000023070,Rgn,DISTANT,22.54,0.047,1,0,0
ENSMUSP00000109693,ENSMUSG00000016382,Pls3,LOCAL,44.93,0,1,1,1
ENSMUSP00000002029,ENSMUSG00000001964,Emd,LOCAL,26.45,0.002,1,0,1
ENSMUSP00000034003,ENSMUSG00000031594,Fgl1,DISTANT,21.56,0.089,1,0,1
ENSMUSP00000033544,ENSMUSG00000031201,Brcc3,LOCAL,35.16,0,1,1,0
ENSMUSP00000109633,ENSMUSG00000045103,Dmd,LOCAL,29.36,0,1,1,0
ENSMUSP00000096677,ENSMUSG00000074582,Arfgef2,DISTANT,21.89,0.076,1,0,0
ENSMUSP00000026039,ENSMUSG00000025059,Gyk,LOCAL,51.07,0,1,1,1
ENSMUSP00000078654,ENSMUSG00000062328,Rpl17,DISTANT,25.15,0.006,1,1,0
ENSMUSP00000029464,ENSMUSG00000027870,Hao2,DISTANT,21.8,0.08,1,0,0
ENSMUSP00000109523,ENSMUSG00000071723,Gspt2,LOCAL,58.41,0,1,1,0
ENSMUSP00000026142,ENSMUSG00000025151,Maged1,LOCAL,33.15,0,1,1,0
ENSMUSP00000059395,ENSMUSG00000035150,Eif2s3x,LOCAL,25.92,0.002,1,1,0
ENSMUSP00000015812,ENSMUSG00000015668,Pdzd11,LOCAL,37.9,0,1,1,0
ENSMUSP00000085175,ENSMUSG00000073016,Uprt,LOCAL,27.44,0,1,1,0
ENSMUSP00000061991,ENSMUSG00000034055,Phka1,LOCAL,22.44,0.051,1,1,0
ENSMUSP00000030942,ENSMUSG00000029066,Mrpl20,DISTANT,24.08,0.009,1,0,0
ENSMUSP00000033673,ENSMUSG00000031311,Nono,LOCAL,33.54,0,1,1,0
ENSMUSP00000118779,ENSMUSG00000056899,Immp2l,DISTANT,22.6,0.042,1,0,0
ENSMUSP00000107430,ENSMUSG00000053617,Sh3pxd2a,DISTANT,21.81,0.08,1,0,0
ENSMUSP00000136544,ENSMUSG00000066632,Pgk1-rs7,DISTANT,56.36,0,1,1,0
ENSMUSP00000120994,ENSMUSG00000031232,Magt1,LOCAL,27.17,0,1,1,0
ENSMUSP00000033695,ENSMUSG00000031333,Abcb7,LOCAL,27.63,0,1,0,0
ENSMUSP00000113588,ENSMUSG00000031242,2610002M06Rik,LOCAL,23.05,0.023,1,1,0
ENSMUSP00000037259,ENSMUSG00000040181,Fmo1,DISTANT,22.79,0.032,1,0,0
ENSMUSP00000108804,ENSMUSG00000029369,Afm,DISTANT,25.56,0.006,1,0,0
ENSMUSP00000130981,ENSMUSG00000040820,Hlcs,DISTANT,24.47,0.009,1,0,0
ENSMUSP00000034189,ENSMUSG00000057400,Ces1c,DISTANT,24.41,0.009,1,0,0
ENSMUSP00000021959,ENSMUSG00000021497,Txndc15,DISTANT,22.2,0.06,1,0,0
ENSMUSP00000104641,ENSMUSG00000018387,Shroom1,DISTANT,22.19,0.06,1,0,0
ENSMUSP00000081009,ENSMUSG00000049091,Sephs2,DISTANT,21.88,0.076,1,0,0
ENSMUSP00000099368,ENSMUSG00000031078,Cttn,DISTANT,24.33,0.009,1,0,0
ENSMUSP00000027766,ENSMUSG00000026489,Adck3,DISTANT,22.5,0.051,1,0,0
ENSMUSP00000019945,ENSMUSG00000019809,Pex3,DISTANT,24.9,0.008,1,0,0
ENSMUSP00000091318,ENSMUSG00000032369,Plscr1,DISTANT,23.26,0.015,1,0,0
ENSMUSP00000049749,ENSMUSG00000045455,Gm9797,DISTANT,24.24,0.009,1,0,0
ENSMUSP00000016771,ENSMUSG00000022443,Myh9,DISTANT,21.82,0.08,1,0,0
ENSMUSP00000033621,ENSMUSG00000031266,Gla,LOCAL,42.62,0,1,1,0
ENSMUSP00000099321,ENSMUSG00000020782,Llgl2,DISTANT,22.41,0.054,1,0,0
ENSMUSP00000020078,ENSMUSG00000019920,Lims1,DISTANT,23.5,0.015,1,0,0
ENSMUSP00000033609,ENSMUSG00000031256,Cstf2,LOCAL,23.83,0.012,1,1,0
ENSMUSP00000081989,ENSMUSG00000044037,Als2cl,DISTANT,24.71,0.009,1,0,0
ENSMUSP00000094036,ENSMUSG00000042473,Tbc1d8b,LOCAL,34.18,0,1,1,1
ENSMUSP00000085316,ENSMUSG00000051149,Adnp,DISTANT,23.03,0.023,1,0,0
ENSMUSP00000027743,ENSMUSG00000026470,Stx6,DISTANT,21.97,0.07,1,0,0
ENSMUSP00000110195,ENSMUSG00000032076,Cadm1,DISTANT,22.08,0.067,1,0,0
ENSMUSP00000066040,ENSMUSG00000025270,Alas2,LOCAL,53.49,0,1,1,1
ENSMUSP00000043245,ENSMUSG00000041765,Ubac2,DISTANT,21.43,0.1,1,0,0
ENSMUSP00000108311,ENSMUSG00000025266,Gnl3l,LOCAL,45,0,1,1,0
ENSMUSP00000073880,ENSMUSG00000061477,Rps7,DISTANT,34.54,0,1,1,0
ENSMUSP00000026324,ENSMUSG00000025287,Acot9,LOCAL,29.58,0,1,1,1
ENSMUSP00000026328,ENSMUSG00000025289,Prdx4,LOCAL,30.14,0,1,1,1
ENSMUSP00000081369,ENSMUSG00000063929,Cyp4a32,DISTANT,23.97,0.011,1,0,0
ENSMUSP00000108148,ENSMUSG00000071708,Sms,LOCAL,49.15,0,1,1,1
ENSMUSP00000088249,ENSMUSG00000027875,Hmgcs2,DISTANT,21.84,0.08,1,0,0
ENSMUSP00000108112,ENSMUSG00000031309,Rps6ka3,LOCAL,24.66,0.009,1,1,0
ENSMUSP00000056485,ENSMUSG00000001472,Tcf25,DISTANT,21.49,0.096,1,0,0
ENSMUSP00000107996,ENSMUSG00000031295,Phka2,LOCAL,40.5,0,1,1,0
ENSMUSP00000033662,ENSMUSG00000031299,Pdha1,LOCAL,23.61,0.014,1,1,0
ENSMUSP00000032557,ENSMUSG00000024969,Mark2,DISTANT,23.88,0.012,1,0,0
ENSMUSP00000107922,ENSMUSG00000031360,Ctps2,LOCAL,57.45,0,1,1,1
ENSMUSP00000033739,ENSMUSG00000031373,Car5b,LOCAL,42.1,0,1,1,1
ENSMUSP00000032705,ENSMUSG00000030494,Rhpn2,DISTANT,24.91,0.008,1,0,0
ENSMUSP00000038739,ENSMUSG00000037216,Lipt1,DISTANT,21.48,0.096,1,0,0
ENSMUSP00000118045,ENSMUSG00000031379,Pir,LOCAL,47.61,0,1,1,1
ENSMUSP00000021091,ENSMUSG00000020745,Pafah1b1,DISTANT,22.29,0.058,1,0,0
ENSMUSP00000026839,ENSMUSG00000025742,Prps2,LOCAL,36.51,0,1,1,0
ENSMUSP00000030471,ENSMUSG00000028703,Lrrc41,DISTANT,21.89,0.076,1,0,0
