sid_index,SNP,Chr,GenDist,ChrPos,PValue,SnpWeight,SnpWeightSE,EffectSize,SnpFractVarExpl,Mixing,Nullh2,Pheno,PhenoCount,1,2,unique,Pheno_chr,Pheno_pos,Pheno_pos_end,pos_add_p,pos_add_s,pos_cum_pheno,pos_cum_snp,pos_to_trait,type,ld_range,ld_mask
4268,rs_chromosome8_497870,8,,497870,3.34005563713915e-06,-0.228177264725188,0.0484724108376211,0.0107932962204765,0.215952454661475,0,0.410239546785487,YAL003W,101,YAL003W,Prot,8_497870_YAL003W,1,142174,143160,0,4825327,142174,5323197,0,TRANS,,
1214,rs_chromosome11_113405,11,,113405,1.01518658262036e-06,0.293843425078131,0.0592825516710546,0.023838783636007,0.226814734609788,0,0.409534139414245,YAL003W,101,YAL003W,Prot,11_113405_YAL003W,1,142174,143160,0,6570814,142174,6684219,0,TRANS,,
4228,rs_chromosome13_545488,13,,545488,3.14804865362769e-06,0.266981577143893,0.0565637152271527,0.0219533243704768,0.2165056649445,0,0.613525108392732,YAL005C,101,YAL005C,Prot,13_545488_YAL005C,1,139503,141431,0,8312001,139503,8857489,0,TRANS,,
302,rs_chromosome8_36046,8,,36046,5.29953636512487e-07,0.283697340273039,0.0557533485995142,0.0242270980975425,0.23252274160491,0,0.583904627710599,YAL012W,101,YAL012W,Prot,8_36046_YAL012W,1,130799,131983,0,4825327,130799,4861373,0,TRANS,,
840,rs_chromosome12_94959,12,,94959,3.11269441144432e-06,-0.313424030145361,0.0663692968077756,0.0885672010726643,0.216611033296189,0,0.58496976631474,YAL012W,101,YAL012W,Prot,12_94959_YAL012W,1,130799,131983,0,7234103,130799,7329062,0,TRANS,,
4407,rs_chromosome14_478701,14,,478701,1.24979508579345e-06,-0.264086434110684,0.0537427790859899,0.0574451185599439,0.224957334569098,0,0.575313537440502,YAL012W,101,YAL012W,Prot,14_478701_YAL012W,1,130799,131983,0,9235803,130799,9714504,0,TRANS,,
4301,rs_chromosome14_466760,14,,466760,4.66347010612447e-06,0.361437385428832,0.0779715339632253,0.050579302603215,0.21280627136706,0,0.477085005980681,YAL023C,101,YAL023C,Prot,14_466760_YAL023C,1,106272,108551,0,9235803,106272,9702563,0,TRANS,,
6819,rs_chromosome16_810752,16,,810752,2.25913413460035e-07,-0.258877858978103,0.0492432381026238,0.0275313109283809,0.239794678250477,0,0.0751531186154604,YAR007C,101,YAR007C,Prot,16_810752_YAR007C,1,156754,158619,0,11110207,156754,11920959,0,TRANS,,
11084,rs_chromosome4_1356006,4,,1356006,1.0231648307599e-05,-0.336410427828302,0.0753851368132577,0.0400689241595791,0.205207130855881,0,0.647975280739143,YBL030C,101,YBL030C,Prot,4_1356006_YBL030C,2,163041,163997,229317,1356984,392358,2712990,0,TRANS,,
12051,rs_chromosome4_1461391,4,,1461391,8.95159566594836e-06,-0.406153568919037,0.090409710409486,0.0785782158858793,0.206519650953445,0,0.647975280739143,YBL030C,101,YBL030C,Prot,4_1461391_YBL030C,2,163041,163997,229317,1356984,392358,2818375,0,TRANS,,
4833,rs_chromosome7_567850,7,,567850,6.01323386804678e-06,-0.228200720759976,0.049823881156728,0.00138096319374855,0.210378076066115,0,0.648650441253843,YBL030C,101,YBL030C,Prot,7_567850_YBL030C,2,163041,163997,229317,3734736,392358,4302586,0,TRANS,,
2044,rs_chromosome12_224239,12,,224239,4.89684893728144e-06,0.312154493941444,0.0674941301753022,0.0610612190869644,0.212342000920513,0,0.274858200926052,YBL047C,101,YBL047C,Prot,12_224239_YBL047C,2,127895,132040,229317,7234103,357212,7458342,0,TRANS,224232|224239,
5736,rs_chromosome15_617402,15,,617402,5.02850196492857e-06,-0.244162479543149,0.0528587396024478,0.0200342757852226,0.212089333351951,0,0.281364055246818,YBL047C,101,YBL047C,Prot,15_617402_YBL047C,2,127895,132040,229317,10019344,357212,10636746,0,TRANS,,
2105,rs_chromosome9_269148,9,,269148,2.46727345666905e-06,0.256015949282712,0.0536519793553231,0.0150291520904852,0.218767476750964,0,0.206344046527197,YBL058W,101,YBL058W,Prot,9_269148_YBL058W,2,111437,112708,229317,5387374,340754,5656522,0,TRANS,,
2341,rs_chromosome3_235062,3,,235062,9.06384689294111e-06,-0.447756592302598,0.0997320864939064,0.174520109716227,0.206397626483859,0,0.38624703357157,YBR088C,101,YBR088C,Prot,3_235062_YBR088C,2,424990,425766,229317,1040796,654307,1275858,0,TRANS,235062|235065,
2342,rs_chromosome3_235065,3,,235065,9.06384689294111e-06,-0.447756592302598,0.0997320864939064,0.174520109716227,0.206397626483859,0,0.38624703357157,YBR088C,101,YBR088C,Prot,3_235065_YBR088C,2,424990,425766,229317,1040796,654307,1275861,0,TRANS,235062|235065,
6762,rs_chromosome12_796413,12,,796413,2.2808206341029e-06,-0.402659756662978,0.084090908259027,0.136173047861207,0.219491780591781,0,0.381760163083285,YBR088C,101,YBR088C,Prot,12_796413_YBR088C,2,424990,425766,229317,7234103,654307,8030516,0,TRANS,796413|796703,
1624,rs_chromosome12_175382,12,,175382,4.88734413067444e-07,0.487672605051396,0.0955349215241236,0.231465376509617,0.233223546809667,0,0.531613202549822,YBR106W,101,YBR106W,Prot,12_175382_YBR106W,2,452658,453224,229317,7234103,681975,7409485,0,TRANS,,
1810,rs_chromosome13_220830,13,,220830,1.5754420596579e-06,0.373314546213497,0.0767205214821756,0.143245826955206,0.222869822017492,0,0.545060949555547,YBR106W,101,YBR106W,Prot,13_220830_YBR106W,2,452658,453224,229317,8312001,681975,8532831,0,TRANS,,
4468,rs_chromosome14_485955,14,,485955,1.88644420390502e-06,-0.242450637233766,0.0502146204536266,0.0236581825973486,0.221231629711134,0,0.319531003352785,YBR109C,101,YBR109C,Prot,14_485955_YBR109C,2,457919,458362,229317,9235803,687236,9721758,0,TRANS,,
180,rs_chromosome1_42413,1,,42413,2.88441456707402e-06,-0.261915294756019,0.0552721031031009,0.0253475535649551,0.21732027166654,0,0.214247259636053,YBR127C,101,YBR127C,Prot,1_42413_YBR127C,2,491269,492822,229317,0,720586,42413,0,TRANS,,
2314,rs_chromosome3_233678,3,,233678,1.62852729905862e-06,-0.386016359897093,0.0794435637319167,0.136116727119662,0.222569406478672,0,0.19913949417083,YBR127C,101,YBR127C,Prot,3_233678_YBR127C,2,491269,492822,229317,1040796,720586,1274474,0,TRANS,,
4512,rs_chromosome13_574079,13,,574079,2.76363447130322e-06,0.343059380131977,0.0722573191993075,0.0926384078354275,0.217717545414839,0,0.215039839982187,YBR127C,101,YBR127C,Prot,13_574079_YBR127C,2,491269,492822,229317,8312001,720586,8886080,0,TRANS,,
6997,rs_chromosome4_845567,4,,845567,8.18467646728238e-06,0.396918763048777,0.0879646718823986,0.138428575835849,0.207394565656998,0,0.496993543673384,YBR143C,101,YBR143C,Prot,4_845567_YBR143C,2,530869,532182,229317,1356984,760186,2202551,0,TRANS,845567|845568,
6998,rs_chromosome4_845568,4,,845568,8.18467646728238e-06,0.396918763048777,0.0879646718823986,0.138428575835849,0.207394565656998,0,0.496993543673384,YBR143C,101,YBR143C,Prot,4_845568_YBR143C,2,530869,532182,229317,1356984,760186,2202552,0,TRANS,845567|845568,
6391,rs_chromosome12_758577,12,,758577,3.06558269339978e-06,0.251452905304217,0.0532099103689166,0.0113303487303369,0.216753235582526,0,0.478881966667445,YBR177C,101,YBR177C,Prot,12_758577_YBR177C,2,584807,586162,229317,7234103,814124,7992680,0,TRANS,,
8662,rs_chromosome15_986169,15,,986169,1.65809394159443e-06,0.307932666726401,0.0634226063361241,0.0211395663281059,0.222406128660139,0,0.784920237723442,YBR249C,101,YBR249C,Prot,15_986169_YBR249C,2,716882,717994,229317,10019344,946199,11005513,0,TRANS,,
561,rs_chromosome5_85780,5,,85780,6.73830238061547e-07,-0.267959825403315,0.0531658205908394,0.0117819918355215,0.230430785916379,0,0.411999053089504,YBR263W,101,YBR263W,Prot,5_85780_YBR263W,2,736264,737736,229317,2888695,965581,2974475,0,TRANS,,
165,rs_chromosome6_48886,6,,48886,1.07871553642824e-06,0.412613036077682,0.083453844570011,0.0460329736441149,0.226274097213127,0,0.408177852511858,YBR263W,101,YBR263W,Prot,6_48886_YBR263W,2,736264,737736,229317,3465220,965581,3514106,0,TRANS,,
188,rs_chromosome9_48222,9,,48222,5.37002296729676e-06,0.280413278353305,0.0608951777555085,0.0311608613461301,0.211462208125481,0,0.406660270104712,YBR263W,101,YBR263W,Prot,9_48222_YBR263W,2,736264,737736,229317,5387374,965581,5435596,0,TRANS,,
1964,rs_chromosome16_219254,16,,219254,1.40534417121924e-06,-0.22448746561331,0.045910912276712,0.0104753097711015,0.223902345163807,0,0.401480896758559,YBR263W,101,YBR263W,Prot,16_219254_YBR263W,2,736264,737736,229317,11110207,965581,11329461,0,TRANS,,
5726,rs_chromosome15_616835,15,,616835,2.51267019858105e-06,-0.289015819279327,0.0606166027564192,0.0169858453511192,0.218599067036687,0,0.565052512951458,YBR286W,101,YBR286W,Prot,15_616835_YBR286W,2,774700,776313,229317,10019344,1004017,10636179,0,TRANS,,
5452,rs_chromosome15_579028,15,,579028,3.38354878176126e-06,-0.36510430983518,0.0776058911758595,0.0239940505001298,0.21583137251826,0,0.601726204861087,YCL018W,101,YCL018W,Prot,15_579028_YCL018W,3,91324,92418,1040796,10019344,1132120,10598372,0,TRANS,,
559,rs_chromosome3_75130,3,,75130,1.00662667098375e-06,-0.39598805719411,0.0798621489514428,0.139848644648275,0.226890048814957,0,0.688830026415982,YCL026C-B,101,YCL026C-B,Prot,3_75130_YCL026C-B,3,73405,73986,1040796,1040796,1114201,1115926,-1144,CIS,74692|75130,
1193,rs_chromosome13_133023,13,,133023,2.03524863848574e-06,-0.262838625450996,0.054617375621153,0.0181168657509101,0.220537493978126,0,0.682798038391681,YCL026C-B,101,YCL026C-B,Prot,13_133023_YCL026C-B,3,73405,73986,1040796,8312001,1114201,8445024,0,TRANS,,
2924,rs_chromosome7_316157,7,,316157,2.93911151248957e-06,-0.282094986369432,0.0595809006422407,0.0142980192298761,0.217145568625313,0,0.474797078624542,YCL028W,101,YCL028W,Prot,7_316157_YCL028W,3,70150,71367,1040796,3734736,1110946,4050893,0,TRANS,,
6500,rs_chromosome12_767369,12,,767369,5.12003133468649e-06,-0.460899778049979,0.0998649838470937,0.205038399368404,0.211917364933103,0,0.475976139119884,YCL028W,101,YCL028W,Prot,12_767369_YCL028W,3,70150,71367,1040796,7234103,1110946,8001472,0,TRANS,,
6538,rs_chromosome12_775524,12,,775524,2.28577090998636e-06,0.446126672677286,0.0931773772765182,0.194052069410829,0.21947182932565,0,0.475976139119884,YCL028W,101,YCL028W,Prot,12_775524_YCL028W,3,70150,71367,1040796,7234103,1110946,8009627,0,TRANS,,
4254,rs_chromosome15_446582,15,,446582,4.1848261969674e-06,0.226677726977323,0.0486545579915157,0.00707127611495174,0.21383223072102,0,0.735682267211221,YCL030C,101,YCL030C,Prot,15_446582_YCL030C,3,65934,68333,1040796,10019344,1106730,10465926,0,TRANS,,
1566,rs_chromosome13_183321,13,,183321,8.60954313964985e-06,0.275193844345052,0.0611402555541253,0.0653149259372296,0.206900680569721,0,0.660533793934905,YCL040W,101,YCL040W,Prot,13_183321_YCL040W,3,50838,52340,1040796,8312001,1091634,8495322,0,TRANS,,
1257,rs_chromosome16_142443,16,,142443,1.2585381691294e-06,-0.316599697100315,0.0644483409455229,0.023102883782572,0.224894779769338,0,0.648436053258923,YCL040W,101,YCL040W,Prot,16_142443_YCL040W,3,50838,52340,1040796,11110207,1091634,11252650,0,TRANS,,
601,rs_chromosome2_93441,2,,93441,2.92936572925935e-06,0.229960996028035,0.0485624986574279,0.0114449623474884,0.217176467968603,0,0.109589548623949,YCL059C,101,YCL059C,Prot,2_93441_YCL059C,3,22429,23379,1040796,229317,1063225,322758,0,TRANS,93441|93721,
638,rs_chromosome7_66795,7,,66795,7.61897999042333e-06,0.225913386659877,0.0498914265345123,0.0170488079616994,0.208091508774629,0,0.108168138881463,YCL059C,101,YCL059C,Prot,7_66795_YCL059C,3,22429,23379,1040796,3734736,1063225,3801531,0,TRANS,,
3613,rs_chromosome9_425822,9,,425822,2.66791750636344e-06,-0.239129737240808,0.0502877545396868,0.0307467707602452,0.218044357622956,0,0.101736383295084,YCL059C,101,YCL059C,Prot,9_425822_YCL059C,3,22429,23379,1040796,5387374,1063225,5813196,0,TRANS,,
5736,rs_chromosome15_617402,15,,617402,8.02884882777756e-06,0.225565740696761,0.0499424857133315,0.0177735829998284,0.207581850633488,0,0.0942000623714949,YCL059C,101,YCL059C,Prot,15_617402_YCL059C,3,22429,23379,1040796,10019344,1063225,10636746,0,TRANS,,
4146,rs_chromosome8_479996,8,,479996,3.47935482661811e-07,0.234528703448563,0.0453436482533925,0.0114235945566918,0.236140820095859,0,0.605866462821583,YCR012W,101,YCR012W,Prot,8_479996_YCR012W,3,137746,138996,1040796,4825327,1178542,5305323,0,TRANS,,
3358,rs_chromosome13_436456,13,,436456,4.52608759252798e-06,-0.373345728020255,0.0804281238516321,0.122451786210866,0.213090056856913,0,0.604317971835045,YCR012W,101,YCR012W,Prot,13_436456_YCR012W,3,137746,138996,1040796,8312001,1178542,8748457,0,TRANS,,
6196,rs_chromosome16_725524,16,,725524,4.60485544364317e-06,-0.27948545837908,0.0602567337895132,0.0128900005799279,0.212926359811517,0,0.602961097039417,YCR012W,101,YCR012W,Prot,16_725524_YCR012W,3,137746,138996,1040796,11110207,1178542,11835731,0,TRANS,,
766,rs_chromosome2_111999,2,,111999,9.90261545330301e-07,-0.285427570674748,0.0575255603102122,0.0613365786171913,0.227035763090377,0,0.537078287385835,YCR028C-A,101,YCR028C-A,Prot,2_111999_YCR028C-A,3,172950,173440,1040796,229317,1213746,341316,0,TRANS,,
7022,rs_chromosome7_796731,7,,796731,4.97548624480627e-06,-0.224995591699237,0.0486850273702417,0.0111887970473214,0.212190312569118,0,0.528286234185387,YCR028C-A,101,YCR028C-A,Prot,7_796731_YCR028C-A,3,172950,173440,1040796,3734736,1213746,4531467,0,TRANS,,
2427,rs_chromosome14_254579,14,,254579,6.45775841909338e-06,0.258923589841302,0.0567253111824628,0.0262266615444918,0.20969170599401,0,0.399176521487143,YCR053W,101,YCR053W,Prot,14_254579_YCR053W,3,216697,218241,1040796,9235803,1257493,9490382,0,TRANS,,
2389,rs_chromosome5_295532,5,,295532,1.39630045620694e-06,-0.244783648203498,0.0500480777643833,0.00959930072789916,0.223960542439811,0,0.400661041073289,YCR088W,101,YCR088W,Prot,5_295532_YCR088W,3,265068,266846,1040796,2888695,1305864,3184227,0,TRANS,,
4588,rs_chromosome12_536332,12,,536332,3.36669900620383e-07,0.456637378520442,0.0881750522535128,0.198482479632419,0.236421388481399,0,0.200507281926378,YDL007W,101,YDL007W,Prot,12_536332_YDL007W,4,438047,439360,1356984,7234103,1795031,7770435,0,TRANS,536332|536876,
4593,rs_chromosome12_536876,12,,536876,3.36669900620383e-07,0.456637378520442,0.0881750522535128,0.198482479632419,0.236421388481399,0,0.200507281926378,YDL007W,101,YDL007W,Prot,12_536876_YDL007W,4,438047,439360,1356984,7234103,1795031,7770979,0,TRANS,536332|536876,
4699,rs_chromosome12_549760,12,,549760,2.03503529425245e-06,0.39169189976558,0.0813924730442813,0.145960657490944,0.220538453931754,0,0.200507281926378,YDL007W,101,YDL007W,Prot,12_549760_YDL007W,4,438047,439360,1356984,7234103,1795031,7783863,0,TRANS,,
625,rs_chromosome12_78868,12,,78868,8.05328142433585e-07,0.412843800924986,0.082503837581662,0.0709700159009381,0.228865214934314,0,0.850774676494116,YDL022W,101,YDL022W,Prot,12_78868_YDL022W,4,411825,413000,1356984,7234103,1768809,7312971,0,TRANS,,
4470,rs_chromosome4_527851,4,,527851,2.52959320651423e-06,-0.23832363956448,0.0499996023193915,0.0480547996567395,0.218537031169589,0,0.569526991911627,YDL055C,101,YDL055C,Prot,4_527851_YDL055C,4,355674,356759,1356984,1356984,1712658,1884835,-171092,TRANS,,
1428,rs_chromosome4_180004,4,,180004,3.37908604648181e-07,-0.236682289768269,0.0457089148341025,0.0218151313944473,0.236390100251579,0,0.00212443856631997,YDL081C,101,YDL081C,Prot,4_180004_YDL081C,4,309802,310122,1356984,1356984,1666786,1536988,129798,TRANS,,
6573,rs_chromosome7_763511,7,,763511,4.18372134679132e-06,-0.21430485906212,0.0459982585016752,0.0178850576801272,0.213834726144203,0,0.00256475686859872,YDL081C,101,YDL081C,Prot,7_763511_YDL081C,4,309802,310122,1356984,3734736,1666786,4498247,0,TRANS,,
4147,rs_chromosome8_480361,8,,480361,3.09177597073038e-06,-0.21728634935667,0.0459975922266564,0.0218387874521466,0.216673917850966,0,0.00234099786736378,YDL081C,101,YDL081C,Prot,8_480361_YDL081C,4,309802,310122,1356984,4825327,1666786,5305688,0,TRANS,,
4268,rs_chromosome8_497870,8,,497870,5.23873525971464e-06,-0.210725097085724,0.045708029801953,0.00897583532099959,0.211698658544579,0,0.00234099786736378,YDL081C,101,YDL081C,Prot,8_497870_YDL081C,4,309802,310122,1356984,4825327,1666786,5323197,0,TRANS,,
2656,rs_chromosome10_297976,10,,297976,3.64449722369421e-06,-0.214234561088439,0.0456919501933352,0.00919709414360197,0.215134723132248,0,0.00267242273192333,YDL081C,101,YDL081C,Prot,10_297976_YDL081C,4,309802,310122,1356984,5825553,1666786,6123529,0,TRANS,,
1895,rs_chromosome13_231392,13,,231392,6.77635179776424e-07,-0.229669992482056,0.045579041520771,0.0112329574121653,0.23038150549811,0,0.00209347957605225,YDL081C,101,YDL081C,Prot,13_231392_YDL081C,4,309802,310122,1356984,8312001,1666786,8543393,0,TRANS,,
5850,rs_chromosome13_728436,13,,728436,6.04777057915954e-07,-0.231020500985977,0.045639156175274,0.0106424038383561,0.231374899904223,0,0.00209347957605225,YDL081C,101,YDL081C,Prot,13_728436_YDL081C,4,309802,310122,1356984,8312001,1666786,9040437,0,TRANS,,
6285,rs_chromosome14_711925,14,,711925,1.58082650906014e-06,-0.223810970933746,0.0460024952315853,0.0157174719492165,0.222838912347394,0,0.00255647697856629,YDL081C,101,YDL081C,Prot,14_711925_YDL081C,4,309802,310122,1356984,9235803,1666786,9947728,0,TRANS,,
2385,rs_chromosome15_254124,15,,254124,5.73343927282756e-06,-0.210705866930833,0.0458997604510239,0.00766969148892176,0.21083536692832,0,0.00249675634476712,YDL081C,101,YDL081C,Prot,15_254124_YDL081C,4,309802,310122,1356984,10019344,1666786,10273468,0,TRANS,,
6484,rs_chromosome16_760952,16,,760952,8.58421822179102e-08,-0.247280157149151,0.0454281433011105,0.0121931868257869,0.24777484827073,0,0.00213553355050496,YDL081C,101,YDL081C,Prot,16_760952_YDL081C,4,309802,310122,1356984,11110207,1666786,11871159,0,TRANS,,
2483,rs_chromosome7_254979,7,,254979,4.65109798612032e-07,0.29189607286586,0.0570716464742434,0.0201946474298167,0.233651284962765,0,0.472033224581197,YDL084W,101,YDL084W,Prot,7_254979_YDL084W,4,305237,306577,1356984,3734736,1662221,3989715,0,TRANS,,
3604,rs_chromosome9_425655,9,,425655,2.84634501682841e-06,-0.241596516861858,0.0509538354689639,0.0311891203280286,0.217443746413097,0,0.479568550382087,YDL084W,101,YDL084W,Prot,9_425655_YDL084W,4,305237,306577,1356984,5387374,1662221,5813029,0,TRANS,,
2656,rs_chromosome10_297976,10,,297976,3.23536847015344e-06,0.248831425048092,0.0527836975834941,0.0123060741138814,0.216250191372617,0,0.474769661791076,YDL084W,101,YDL084W,Prot,10_297976_YDL084W,4,305237,306577,1356984,5825553,1662221,6123529,0,TRANS,,
5260,rs_chromosome15_550623,15,,550623,2.4087153430292e-06,0.246636631445918,0.0516314527835677,0.0141244786080839,0.218989145068371,0,0.468354187565129,YDL084W,101,YDL084W,Prot,15_550623_YDL084W,4,305237,306577,1356984,10019344,1662221,10569967,0,TRANS,,
3136,rs_chromosome16_357947,16,,357947,8.96458395114881e-07,-0.308513578479757,0.0619244525546909,0.0819793151358766,0.227918386943128,0,0.471370285790597,YDL084W,101,YDL084W,Prot,16_357947_YDL084W,4,305237,306577,1356984,11110207,1662221,11468154,0,TRANS,,
4791,rs_chromosome2_590853,2,,590853,2.27050619573538e-06,0.50344383290159,0.105117531873639,0.228770832387647,0.219533484699214,0,0.589174898427414,YDL125C,101,YDL125C,Prot,2_590853_YDL125C,4,239019,239606,1356984,229317,1596003,820170,0,TRANS,590242|590853,
1119,rs_chromosome15_137187,15,,137187,4.3723678910998e-06,0.357805529188327,0.0769564752195401,0.0256865920221425,0.213417508173759,0,0.584012300991066,YDL125C,101,YDL125C,Prot,15_137187_YDL125C,4,239019,239606,1356984,10019344,1596003,10156531,0,TRANS,137187|137297,
1435,rs_chromosome15_161812,15,,161812,1.52798917670916e-06,0.388873685932938,0.0798137634976411,0.0404210730701821,0.223146689518155,0,0.584012300991066,YDL125C,101,YDL125C,Prot,15_161812_YDL125C,4,239019,239606,1356984,10019344,1596003,10181156,0,TRANS,,
4198,rs_chromosome2_533308,2,,533308,2.34164535906603e-06,0.343001695199416,0.0717151754758743,0.0289256110518454,0.219249460111413,0,0.383274473836861,YDL126C,101,YDL126C,Prot,2_533308_YDL126C,4,236157,238664,1356984,229317,1593141,762625,0,TRANS,,
278,rs_chromosome5_56063,5,,56063,1.55694833430125e-07,-0.260903871641748,0.0489556829845768,0.0205152146481926,0.242897637590017,0,0.391917971884928,YDL126C,101,YDL126C,Prot,5_56063_YDL126C,4,236157,238664,1356984,2888695,1593141,2944758,0,TRANS,,
5736,rs_chromosome15_617402,15,,617402,2.74572922360923e-06,-0.26138657022738,0.0550388759981544,0.0234871480188529,0.21777784862792,0,0.372139089097306,YDL126C,101,YDL126C,Prot,15_617402_YDL126C,4,236157,238664,1356984,10019344,1593141,10636746,0,TRANS,,
278,rs_chromosome5_56063,5,,56063,4.03436978053231e-06,0.215578386253443,0.0461938927526911,0.0148425828248555,0.214177984220544,0,0.569672798593219,YDL130W,101,YDL130W,Prot,5_56063_YDL130W,4,229906,230527,1356984,2888695,1586890,2944758,0,TRANS,,
3608,rs_chromosome12_392605,12,,392605,2.73961110204961e-06,-0.4261003311204,0.0897128888988384,0.118528739958956,0.217798540136573,0,0.366991038664215,YDL140C,101,YDL140C,Prot,12_392605_YDL140C,4,205360,210561,1356984,7234103,1562344,7626708,0,TRANS,392424|392605,
6266,rs_chromosome7_730694,7,,730694,4.06617614891392e-06,0.25262988766016,0.0541528841422096,0.0122108768263594,0.214103877334029,0,0.166973166994254,YDL143W,101,YDL143W,Prot,7_730694_YDL143W,4,199996,201582,1356984,3734736,1556980,4465430,0,TRANS,,
2421,rs_chromosome15_257356,15,,257356,1.27550565752291e-06,0.39124258393751,0.0796878199096275,0.0968301867472809,0.22477456112488,0,0.305291254032748,YDL147W,101,YDL147W,Prot,15_257356_YDL147W,4,190924,192261,1356984,10019344,1547908,10276700,0,TRANS,,
1231,rs_chromosome4_159428,4,,159428,2.09873946193143e-25,-0.621189726744413,0.0560716476952986,0.264639468139442,0.461711112188354,0,0.803361219039991,YDL168W,101,YDL168W,Prot,4_159428_YDL168W,4,159604,160764,1356984,1356984,1516588,1516412,176,CIS,,
1234,rs_chromosome4_159505,4,,159505,9.67569729903042e-08,-0.443522952964909,0.0818220741082109,0.18060255361833,0.246802621369545,0,0.803361219039991,YDL168W,101,YDL168W,Prot,4_159505_YDL168W,4,159604,160764,1356984,1356984,1516588,1516489,99,CIS,,
1371,rs_chromosome4_173776,4,,173776,8.27805114996062e-07,0.39818878234777,0.07966429594944,0.078323317174785,0.228622472018872,0,0.803361219039991,YDL168W,101,YDL168W,Prot,4_173776_YDL168W,4,159604,160764,1356984,1356984,1516588,1530760,-13012,CIS,,
1231,rs_chromosome16_138102,16,,138102,1.63085106703224e-06,-0.432793051181749,0.0890758226909348,0.0587346759994708,0.222556471369744,0,0.538167548822885,YDL181W,101,YDL181W,Prot,16_138102_YDL181W,4,135179,135436,1356984,11110207,1492163,11248309,0,TRANS,,
3392,rs_chromosome14_363234,14,,363234,6.98260648237026e-06,-0.466831218734289,0.102660322976751,0.0983748145176006,0.208937082850276,0,0.577345122148136,YDL195W,101,YDL195W,Prot,14_363234_YDL195W,4,107208,111029,1356984,9235803,1464192,9599037,0,TRANS,,
4055,rs_chromosome2_522687,2,,522687,3.7898531354992e-06,0.415661558027046,0.0888114204618193,0.185510507006952,0.21476707422431,0,0.411299623274345,YDL198C,101,YDL198C,Prot,2_522687_YDL198C,4,103649,104551,1356984,229317,1460633,752004,0,TRANS,,
610,rs_chromosome4_80723,4,,80723,4.01148157531661e-06,0.34470211179356,0.0738429830826872,0.120305464269849,0.214231658435116,0,0.402079137892114,YDL198C,101,YDL198C,Prot,4_80723_YDL198C,4,103649,104551,1356984,1356984,1460633,1437707,22926,CIS,,
904,rs_chromosome4_112308,4,,112308,2.8363656855506e-06,0.291022694533319,0.0613683818736779,0.0213502480204439,0.217476374620082,0,0.402079137892114,YDL198C,101,YDL198C,Prot,4_112308_YDL198C,4,103649,104551,1356984,1356984,1460633,1469292,-7757,CIS,,
927,rs_chromosome4_114279,4,,114279,1.28870942465081e-06,0.378585628395487,0.0771432993002346,0.0931389716118422,0.224682065437224,0,0.402079137892114,YDL198C,101,YDL198C,Prot,4_114279_YDL198C,4,103649,104551,1356984,1356984,1460633,1471263,-9728,CIS,,
12398,rs_chromosome4_1498558,4,,1498558,3.6249816370963e-06,0.210784871114597,0.0449451544459337,0.0105525486345756,0.21518514718965,0,0.402079137892114,YDL198C,101,YDL198C,Prot,4_1498558_YDL198C,4,103649,104551,1356984,1356984,1460633,2855542,-1394007,TRANS,,
1303,rs_chromosome9_173151,9,,173151,3.84328885328833e-06,0.318430729351963,0.0680805982098861,0.0918301144615989,0.214635297852174,0,0.647799269361782,YDR019C,101,YDR019C,Prot,9_173151_YDR019C,4,484163,485365,1356984,5387374,1841147,5560525,0,TRANS,173151|173286,
1304,rs_chromosome9_173286,9,,173286,3.84328885328833e-06,0.318430729351963,0.0680805982098861,0.0918301144615989,0.214635297852174,0,0.647799269361782,YDR019C,101,YDR019C,Prot,9_173286_YDR019C,4,484163,485365,1356984,5387374,1841147,5560660,0,TRANS,173151|173286,
1710,rs_chromosome16_193987,16,,193987,2.65247658167856e-06,-0.247367038089228,0.052006551537174,0.0259163693999713,0.218098126538676,0,0.400532512460207,YDR023W,101,YDR023W,Prot,16_193987_YDR023W,4,489508,490896,1356984,11110207,1846492,11304194,0,TRANS,,
1332,rs_chromosome15_157540,15,,157540,4.09398304449727e-06,-0.250140853213488,0.0536362342883881,0.0151906397607491,0.214039541214033,0,0.503566192756393,YDR050C,101,YDR050C,Prot,15_157540_YDR050C,4,555726,556472,1356984,10019344,1912710,10176884,0,TRANS,157528|157558,
1333,rs_chromosome15_157558,15,,157558,4.09398304449727e-06,-0.250140853213488,0.0536362342883881,0.0151906397607491,0.214039541214033,0,0.503566192756393,YDR050C,101,YDR050C,Prot,15_157558_YDR050C,4,555726,556472,1356984,10019344,1912710,10176902,0,TRANS,157528|157558,
6820,rs_chromosome12_803022,12,,803022,1.76928322358212e-06,-0.43559511514588,0.0899673399332119,0.11985070775163,0.221816098654959,0,0.428605513378531,YDR064W,101,YDR064W,Prot,12_803022_YDR064W,4,579458,580452,1356984,7234103,1936442,8037125,0,TRANS,802510|804978,
916,rs_chromosome12_106104,12,,106104,1.28669703584206e-06,0.201031424403334,0.0409608969518906,0.0169412288531148,0.224696103874974,0,0.685240371055852,YDR127W,101,YDR127W,Prot,12_106104_YDR127W,4,704484,709250,1356984,7234103,2061468,7340207,0,TRANS,,
2672,rs_chromosome16_300745,16,,300745,8.12040515433752e-06,0.221225231293879,0.0490087048156374,0.0280927587896764,0.207471396453128,0,0.573814347508117,YDR129C,101,YDR129C,Prot,16_300745_YDR129C,4,713340,715379,1356984,11110207,2070324,11410952,0,TRANS,,
4371,rs_chromosome16_525725,16,,525725,4.05519712636052e-06,0.387607218020919,0.0830757889031769,0.140307285684764,0.214129395009773,0,0.573814347508117,YDR129C,101,YDR129C,Prot,16_525725_YDR129C,4,713340,715379,1356984,11110207,2070324,11635932,0,TRANS,,
4952,rs_chromosome7_585438,7,,585438,3.21298585461508e-06,0.25176074759787,0.0533882876048691,0.00755938176222655,0.216315042602147,0,0.125381655995171,YDR135C,101,YDR135C,Prot,7_585438_YDR135C,4,723004,727551,1356984,3734736,2079988,4320174,0,TRANS,,
165,rs_chromosome6_48886,6,,48886,2.5691219950859e-06,-0.397197793404603,0.0833883825324906,0.0437238094827939,0.218393660737089,0,0.508930741370942,YDR155C,101,YDR155C,Prot,6_48886_YDR155C,4,768512,769000,1356984,3465220,2125496,3514106,0,TRANS,,
295,rs_chromosome8_35255,8,,35255,4.22011103691615e-07,-0.463402529706677,0.09026248683889,0.053548676462345,0.234488418375983,0,0.508480427238636,YDR155C,101,YDR155C,Prot,8_35255_YDR155C,4,768512,769000,1356984,4825327,2125496,4860582,0,TRANS,,
3803,rs_chromosome12_407581,12,,407581,1.64891268690993e-07,-0.296492064012286,0.0557493950679507,0.0180588019643826,0.242422014148177,0,0.606075376166986,YDR158W,101,YDR158W,Prot,12_407581_YDR158W,4,770357,771454,1356984,7234103,2127341,7641684,0,TRANS,,
73,rs_chromosome11_11751,11,,11751,1.57523921690558e-06,0.262266085012447,0.0538984623133008,0.0462892005642866,0.222870988422616,0,0.247071308671869,YDR174W,101,YDR174W,Prot,11_11751_YDR174W,4,812110,812850,1356984,6570814,2169094,6582565,0,TRANS,,
1240,rs_chromosome16_139660,16,,139660,6.6795186073304e-08,0.389407534942841,0.0709206048992893,0.141627410948835,0.249799554888104,0,0.245936119422308,YDR174W,101,YDR174W,Prot,16_139660_YDR174W,4,812110,812850,1356984,11110207,2169094,11249867,0,TRANS,,
6807,rs_chromosome4_820419,4,,820419,1.28063435101477e-06,0.323934740601186,0.0659897816063715,0.0743984594192404,0.224738524794107,0,0.155219749947387,YDR177W,101,YDR177W,Prot,4_820419_YDR177W,4,816878,817525,1356984,1356984,2173862,2177403,-2894,CIS,,
3768,rs_chromosome9_432021,9,,432021,7.13364864088913e-06,0.228209480271381,0.0502373658795435,0.0120083291410927,0.208729930491506,0,0.401842164916238,YDR226W,101,YDR226W,Prot,9_432021_YDR226W,4,916486,917154,1356984,5387374,2273470,5819395,0,TRANS,,
3327,rs_chromosome14_357524,14,,357524,5.57555020110974e-06,-0.418900162134298,0.0911313737712814,0.149838929365388,0.211102905900209,0,0.412417879390118,YDR226W,101,YDR226W,Prot,14_357524_YDR226W,4,916486,917154,1356984,9235803,2273470,9593327,0,TRANS,,
4989,rs_chromosome16_588966,16,,588966,5.89139926612895e-06,-0.243997746854992,0.0532208672909237,0.0289426412895631,0.21057465079126,0,0.403425451427023,YDR226W,101,YDR226W,Prot,16_588966_YDR226W,4,916486,917154,1356984,11110207,2273470,11699173,0,TRANS,,
7647,rs_chromosome4_930077,4,,930077,2.08292312865766e-06,0.340551354060625,0.070837552054806,0.0259291081676776,0.220325359860797,0,0.659250163892462,YDR233C,101,YDR233C,Prot,4_930077_YDR233C,4,929470,930357,1356984,1356984,2286454,2287061,0,CIS,,
1302,rs_chromosome13_146132,13,,146132,7.30641287230357e-06,0.297742939344957,0.0656204705685985,0.0150904794032427,0.208498051860511,0,0.331208709007297,YDR234W,101,YDR234W,Prot,13_146132_YDR234W,4,931129,933210,1356984,8312001,2288113,8458133,0,TRANS,,
4623,rs_chromosome16_560903,16,,560903,7.89186068469448e-07,0.283688653718853,0.0566465257371699,0.0540427799877939,0.229043589655083,0,0.131067563572155,YDR293C,101,YDR293C,Prot,16_560903_YDR293C,4,1045640,1049392,1356984,11110207,2402624,11671110,0,TRANS,,
4342,rs_chromosome12_508385,12,,508385,1.09532683326634e-06,0.410194664158118,0.0830174244798679,0.136315496741618,0.226137772657544,0,0.443036978264478,YDR322C-A,101,YDR322C-A,Prot,12_508385_YDR322C-A,4,1112003,1112293,1356984,7234103,2468987,7742488,0,TRANS,,
4994,rs_chromosome4_594035,4,,594035,4.74111913338733e-06,-0.409459163738671,0.0883993501824823,0.0440904002756127,0.212649385685638,0,0.535223951233746,YDR382W,101,YDR382W,Prot,4_594035_YDR382W,4,1239492,1239824,1356984,1356984,2596476,1951019,645457,TRANS,,
4989,rs_chromosome16_588966,16,,588966,4.07871423390122e-06,0.240359153549592,0.0515299015309009,0.028886894406672,0.214074816422097,0,0.163527317080315,YDR394W,101,YDR394W,Prot,16_588966_YDR394W,4,1261681,1262967,1356984,11110207,2618665,11699173,0,TRANS,,
4024,rs_chromosome4_495107,4,,495107,7.69989022121179e-07,0.230514544122063,0.0459828714542844,0.0125911155063169,0.229260339827142,0,0,YDR429C,101,YDR429C,Prot,4_495107_YDR429C,4,1324477,1325301,1356984,1356984,2681461,1852091,829370,TRANS,,
299,rs_chromosome12_41107,12,,41107,5.53248621437094e-06,0.212332408812307,0.0461757413365007,0.00853766056866505,0.211177131516909,0,0,YDR429C,101,YDR429C,Prot,12_41107_YDR429C,4,1324477,1325301,1356984,7234103,2681461,7275210,0,TRANS,,
1134,rs_chromosome9_151961,9,,151961,3.74897409329549e-06,-0.255445806033759,0.0545521048883062,0.0175660342284511,0.214869088915618,0,0.316110445589367,YDR454C,101,YDR454C,Prot,9_151961_YDR454C,4,1366264,1366827,1356984,5387374,2723248,5539335,0,TRANS,,
8184,rs_chromosome7_943177,7,,943177,7.06322370331706e-07,0.222114041230364,0.0441530316964437,0.00995570872417175,0.230018291290949,0,0.515213034208237,YDR513W,101,YDR513W,Prot,7_943177_YDR513W,4,1471017,1471448,1356984,3734736,2828001,4677913,0,TRANS,,
3149,rs_chromosome5_393626,5,,393626,1.47472280283572e-06,0.228845942294439,0.0468981650219107,0.0133156465392801,0.223467466492303,0,0.589890384121973,YEL047C,101,YEL047C,Prot,5_393626_YEL047C,5,65385,66797,2888695,2888695,2954080,3282321,-326829,TRANS,,
1259,rs_chromosome10_148061,10,,148061,2.73578879426228e-07,0.254760251087112,0.0488079933874963,0.0233418485629664,0.238182276465366,0,0.589680049997973,YEL047C,101,YEL047C,Prot,10_148061_YEL047C,5,65385,66797,2888695,5825553,2954080,5973614,0,TRANS,,
983,rs_chromosome12_111438,12,,111438,1.16054549718649e-06,0.242603549740685,0.0492179261641252,0.0262860659675252,0.225621049429673,0,0.591223273048981,YEL047C,101,YEL047C,Prot,12_111438_YEL047C,5,65385,66797,2888695,7234103,2954080,7345541,0,TRANS,,
2810,rs_chromosome13_363801,13,,363801,1.38724359101427e-06,0.270958199031463,0.0553844162261708,0.0527716973404525,0.224019187541421,0,0.593232613097616,YEL047C,101,YEL047C,Prot,13_363801_YEL047C,5,65385,66797,2888695,8312001,2954080,8675802,0,TRANS,,
11028,rs_chromosome4_1347991,4,,1347991,4.31612968898149e-06,0.259766596681525,0.055836759603183,0.0131030383895201,0.213540059017888,0,0.649309286585881,YEL071W,101,YEL071W,Prot,4_1347991_YEL071W,5,16355,17845,2888695,1356984,2905050,2704975,0,TRANS,,
7492,rs_chromosome7_862090,7,,862090,3.3144510569109e-06,-0.20786643257244,0.0441422820577279,0.0159816450634726,0.216024442868692,0,0.630816143047736,YEL071W,101,YEL071W,Prot,7_862090_YEL071W,5,16355,17845,2888695,3734736,2905050,4596826,0,TRANS,,
8358,rs_chromosome7_959587,7,,959587,3.68174274272659e-07,0.476504940812247,0.0923270663024553,0.219860033079491,0.235658045276524,0,0.630816143047736,YEL071W,101,YEL071W,Prot,7_959587_YEL071W,5,16355,17845,2888695,3734736,2905050,4694323,0,TRANS,,
2741,rs_chromosome2_371555,2,,371555,8.34613981266829e-07,-0.415027287220009,0.0830608288755257,0.161042946297675,0.228550186616988,0,0.664521288835307,YER003C,101,YER003C,Prot,2_371555_YER003C,5,157736,159118,2888695,229317,3046431,600872,0,TRANS,,
1648,rs_chromosome13_195862,13,,195862,1.40814659504328e-06,-0.425712409042742,0.0870716578521225,0.168702223487388,0.223884384101685,0,0.325612848273446,YER004W,101,YER004W,Prot,13_195862_YER004W,5,159580,160275,2888695,8312001,3048275,8507863,0,TRANS,,
5594,rs_chromosome10_660475,10,,660475,3.50179309598205e-07,0.230368573097225,0.0445502872707483,0.0126311628325714,0.236085983018693,0,0.485823758662437,YER023W,101,YER023W,Prot,10_660475_YER023W,5,201076,201936,2888695,5825553,3089771,6486028,0,TRANS,,
6682,rs_chromosome2_809024,2,,809024,2.06327472349865e-06,0.221871560052184,0.0461320393766442,0.0129087824470923,0.220412219248461,0,0.487315124860383,YER025W,101,YER025W,Prot,2_809024_YER025W,5,205251,206834,2888695,229317,3093946,1038341,0,TRANS,,
79,rs_chromosome11_12080,11,,12080,2.12946334751231e-06,0.261507775723135,0.0544484533551542,0.061407083336642,0.220122709669495,0,0.660515603320663,YER043C,101,YER043C,Prot,11_12080_YER043C,5,235770,237119,2888695,6570814,3124465,6582894,0,TRANS,12060|12080,
2361,rs_chromosome2_326686,2,,326686,4.31012613811175e-06,0.315604239969605,0.0678346614796518,0.0245377050916491,0.213553231548128,0,0.378924863888623,YER044C,101,YER044C,Prot,2_326686_YER044C,5,237570,238016,2888695,229317,3126265,556003,0,TRANS,,
7861,rs_chromosome4_955222,4,,955222,3.98629002573085e-06,0.248923336518133,0.053309508346683,0.0469237956293047,0.214291073357856,0,0.378142718996809,YER044C,101,YER044C,Prot,4_955222_YER044C,5,237570,238016,2888695,1356984,3126265,2312206,0,TRANS,,
5501,rs_chromosome7_653750,7,,653750,3.09825848157124e-06,-0.451640290468622,0.0956172856347501,0.17614167507031,0.216654386884161,0,0.743854108945911,YER057C,101,YER057C,Prot,7_653750_YER057C,5,270737,271126,2888695,3734736,3159432,4388486,0,TRANS,,
5122,rs_chromosome7_606541,7,,606541,5.52343051382088e-06,-0.333492343586321,0.0725186498781169,0.0467552434150739,0.211192810161289,0,0.528521454295933,YER069W,101,YER069W,Prot,7_606541_YER069W,5,295410,298001,2888695,3734736,3184105,4341277,0,TRANS,,
6291,rs_chromosome7_733771,7,,733771,1.63261510276837e-06,0.552966013832691,0.113814642561861,0.238893456615252,0.222546663759621,0,0.528521454295933,YER069W,101,YER069W,Prot,7_733771_YER069W,5,295410,298001,2888695,3734736,3184105,4468507,0,TRANS,733771|733970,
6292,rs_chromosome7_733821,7,,733821,1.63261510276837e-06,0.552966013832691,0.113814642561861,0.238893456615252,0.222546663759621,0,0.528521454295933,YER069W,101,YER069W,Prot,7_733821_YER069W,5,295410,298001,2888695,3734736,3184105,4468557,0,TRANS,733771|733970,
8564,rs_chromosome7_986418,7,,986418,6.40300608545334e-07,0.421258419809282,0.0834111447031029,0.177643834668604,0.230876984441657,0,0.265540308565167,YER070W,101,YER070W,Prot,7_986418_YER070W,5,298950,301616,2888695,3734736,3187645,4721154,0,TRANS,986418|987872,
11430,rs_chromosome4_1405995,4,,1405995,5.20880815469368e-06,0.476316171885193,0.103289011417166,0.203788343493538,0.211753348496588,0,0.602869624919951,YER081W,101,YER081W,Prot,4_1405995_YER081W,5,322686,324095,2888695,1356984,3211381,2762979,0,TRANS,,
11447,rs_chromosome4_1406893,4,,1406893,1.42642557390603e-06,0.457984299061727,0.0937235416748551,0.174375165290157,0.22376806570941,0,0.602869624919951,YER081W,101,YER081W,Prot,4_1406893_YER081W,5,322686,324095,2888695,1356984,3211381,2763877,0,TRANS,,
2293,rs_chromosome5_276075,5,,276075,2.95938062587168e-06,-0.257660697249287,0.0544369926665441,0.0121151446654476,0.217081617251268,0,0.605525748520426,YER081W,101,YER081W,Prot,5_276075_YER081W,5,322686,324095,2888695,2888695,3211381,3164770,46611,TRANS,,
794,rs_chromosome12_92408,12,,92408,5.56740250003195e-06,-0.416418356165693,0.0905851706582936,0.157274762881853,0.21111690732638,0,0.605999325331931,YER081W,101,YER081W,Prot,12_92408_YER081W,5,322686,324095,2888695,7234103,3211381,7326511,0,TRANS,,
4103,rs_chromosome14_438523,14,,438523,3.90483127398844e-06,0.267737005617492,0.057284120322466,0.0147897804543728,0.214485681445966,0,0.405077943790044,YER086W,101,YER086W,Prot,14_438523_YER086W,5,328477,330207,2888695,9235803,3217172,9674326,0,TRANS,,
1257,rs_chromosome16_142443,16,,142443,1.96180398987103e-06,-0.28527879482596,0.0591855237346385,0.0157224976190976,0.220873791965757,0,0.186672893726045,YER089C,101,YER089C,Prot,16_142443_YER089C,5,335946,337340,2888695,11110207,3224641,11252650,0,TRANS,,
2011,rs_chromosome6_245484,6,,245484,2.88755765166912e-06,0.270082814945764,0.0569984856475498,0.0690671773143753,0.217310147145833,0,0.830613954901219,YER091C,101,YER091C,Prot,6_245484_YER091C,5,339864,342167,2888695,3465220,3228559,3710704,0,TRANS,,
5116,rs_chromosome10_609498,10,,609498,6.60890246267736e-06,-0.385274454918026,0.0845004685977925,0.140445037901578,0.209468566596007,0,0.261536853223516,YER110C,101,YER110C,Prot,10_609498_YER110C,5,378762,382103,2888695,5825553,3267457,6435051,0,TRANS,,
3134,rs_chromosome16_357842,16,,357842,2.66812521773467e-06,-0.286070426044916,0.0601593490397047,0.070076155870277,0.218043636354332,0,0.254593827744763,YER156C,101,YER156C,Prot,16_357842_YER156C,5,483325,484341,2888695,11110207,3372020,11468049,0,TRANS,357842|357947,
4985,rs_chromosome16_588825,16,,588825,1.29041229848053e-07,0.337079861734658,0.0628231603478219,0.0958915257764137,0.244446938663802,0,0.580090331520058,YFL039C,101,YFL039C,Prot,16_588825_YFL039C,6,53260,54696,3465220,11110207,3518480,11699032,0,TRANS,,
115,rs_chromosome6_44552,6,,44552,8.10291391836216e-07,-0.295357273981818,0.0590397501357855,0.0788371031026361,0.228811059099161,0,0.579843039104131,YFL045C,101,YFL045C,Prot,6_44552_YFL045C,6,43628,44392,3465220,3465220,3508848,3509772,-160,CIS,,
1579,rs_chromosome16_177989,16,,177989,6.83198639044816e-08,-0.261840861708511,0.0477245698391439,0.0511332157618551,0.249618128685492,0,0.575082224573137,YFL045C,101,YFL045C,Prot,16_177989_YFL045C,6,43628,44392,3465220,11110207,3508848,11288196,0,TRANS,,
6751,rs_chromosome4_810893,4,,810893,5.79445417254679e-06,0.377938347717781,0.0823708640445833,0.0357643755910398,0.210733857805814,0,0.657334063534477,YFR044C,101,YFR044C,Prot,4_810893_YFR044C,6,239992,241437,3465220,1356984,3705212,2167877,0,TRANS,,
409,rs_chromosome10_72556,10,,72556,5.09953738850392e-06,0.289537719099635,0.062723433321024,0.0349485240695673,0.211955613236368,0,0.649448646258261,YFR044C,101,YFR044C,Prot,10_72556_YFR044C,6,239992,241437,3465220,5825553,3705212,5898109,0,TRANS,,
4832,rs_chromosome12_565346,12,,565346,1.11171377357419e-06,0.324262706720965,0.0656666121346665,0.0394193873025432,0.226005218616478,0,0.641397078778213,YFR044C,101,YFR044C,Prot,12_565346_YFR044C,6,239992,241437,3465220,7234103,3705212,7799449,0,TRANS,,
5439,rs_chromosome12_641544,12,,641544,3.40028238729491e-07,0.374470536873828,0.0723363348872603,0.0266582154325966,0.23633681583702,0,0.641397078778213,YFR044C,101,YFR044C,Prot,12_641544_YFR044C,6,239992,241437,3465220,7234103,3705212,7875647,0,TRANS,641122|641544,
80,rs_chromosome13_14341,13,,14341,7.04574760475035e-06,-0.281180325519249,0.0618610141357033,0.0681713238508849,0.208849970995567,0,0.651229482109946,YFR044C,101,YFR044C,Prot,13_14341_YFR044C,6,239992,241437,3465220,8312001,3705212,8326342,0,TRANS,,
2024,rs_chromosome15_213883,15,,213883,9.81833171434349e-06,-0.20901164978672,0.0467402392069577,0.00953697326456801,0.205612962458976,0,0.647694791261306,YFR044C,101,YFR044C,Prot,15_213883_YFR044C,6,239992,241437,3465220,10019344,3705212,10233227,0,TRANS,,
3555,rs_chromosome15_373454,15,,373454,8.54950239488816e-06,0.399236482617098,0.0886683965779884,0.0767537612592949,0.206969047175184,0,0.647694791261306,YFR044C,101,YFR044C,Prot,15_373454_YFR044C,6,239992,241437,3465220,10019344,3705212,10392798,0,TRANS,,
766,rs_chromosome2_111999,2,,111999,2.12138552589211e-07,-0.296889315242964,0.0563422007598826,0.068776736274542,0.240322067222937,0,0.601566831583972,YGL008C,101,YGL008C,Prot,2_111999_YGL008C,7,479910,482666,3734736,229317,4214646,341316,0,TRANS,,
295,rs_chromosome8_35255,8,,35255,2.36117887023293e-06,-0.429103080307287,0.0897502632160333,0.0479130868062703,0.219172916967974,0,0.391544174675073,YGL103W,101,YGL103W,Prot,8_35255_YGL103W,7,310967,311927,3734736,4825327,4045703,4860582,0,TRANS,,
4468,rs_chromosome14_485955,14,,485955,1.2428291063177e-07,-0.248047178289957,0.0461676925228912,0.0265758500469479,0.244755698077107,0,0.341213580269557,YGL106W,101,YGL106W,Prot,14_485955_YGL106W,7,306560,307009,3734736,9235803,4041296,9721758,0,TRANS,,
11872,rs_chromosome4_1446482,4,,1446482,3.22365579924838e-07,0.278532417635163,0.0536947043823778,0.0659040734514312,0.236790948615644,0,0.457943879291943,YGL125W,101,YGL125W,Prot,4_1446482_YGL125W,7,272520,274322,3734736,1356984,4007256,2803466,0,TRANS,,
11962,rs_chromosome4_1453212,4,,1453212,5.77833314586977e-06,0.331598659027228,0.0722616382861779,0.104382517015151,0.210760578517686,0,0.457943879291943,YGL125W,101,YGL125W,Prot,4_1453212_YGL125W,7,272520,274322,3734736,1356984,4007256,2810196,0,TRANS,1451955|1453212,
3205,rs_chromosome2_424031,2,,424031,2.62747396765268e-06,0.474074429843939,0.0996275451805379,0.189128423158087,0.21818582970468,0,0.630051537699527,YGL148W,101,YGL148W,Prot,2_424031_YGL148W,7,226399,227529,3734736,229317,3961135,653348,0,TRANS,,
3443,rs_chromosome2_454884,2,,454884,4.2992950975417e-06,0.414963095510711,0.0891800224052111,0.111707905781679,0.213577040568354,0,0.630051537699527,YGL148W,101,YGL148W,Prot,2_454884_YGL148W,7,226399,227529,3734736,229317,3961135,684201,0,TRANS,,
11271,rs_chromosome4_1387755,4,,1387755,6.87069355639183e-06,-0.298956680923642,0.0656918488749142,0.0266443712745091,0.209093343659902,0,0.636524426684646,YGL148W,101,YGL148W,Prot,4_1387755_YGL148W,7,226399,227529,3734736,1356984,3961135,2744739,0,TRANS,,
919,rs_chromosome5_122792,5,,122792,1.98819638916224e-06,0.211742609938948,0.0439548660257743,0.0132581914064882,0.220751576262037,0,0.686421213341684,YGL234W,101,YGL234W,Prot,5_122792_YGL234W,7,56482,58890,3734736,2888695,3791218,3011487,0,TRANS,,
4933,rs_chromosome14_542117,14,,542117,8.67068895177643e-08,-0.554024045002522,0.101816014926966,0.294126554120193,0.247693591796098,0,0.692420113165935,YGL234W,101,YGL234W,Prot,14_542117_YGL234W,7,56482,58890,3734736,9235803,3791218,9777920,0,TRANS,542034|542157,
5009,rs_chromosome10_605976,10,,605976,9.08065585469691e-06,0.204921866367282,0.0456479319658216,0.00811466834664161,0.206379478045731,0,0.075417419353599,YGL245W,101,YGL245W,Prot,10_605976_YGL245W,7,39023,41149,3734736,5825553,3773759,6431529,0,TRANS,,
639,rs_chromosome7_67009,7,,67009,7.88217996518916e-06,-0.245638549012347,0.0543377070235276,0.053540860227828,0.207761319159326,0,0.129137810366042,YGL252C,101,YGL252C,Prot,7_67009_YGL252C,7,25718,27484,3734736,3734736,3760454,3801745,-39525,TRANS,66712|67009,
4858,rs_chromosome13_622063,13,,622063,5.28509026917622e-06,0.294044873794335,0.0638073285743432,0.0763640898589887,0.211614533380278,0,0.13485128977861,YGL252C,101,YGL252C,Prot,13_622063_YGL252C,7,25718,27484,3734736,8312001,3760454,8934064,0,TRANS,622063|622076,
4860,rs_chromosome13_622076,13,,622076,5.28509026917622e-06,0.294044873794335,0.0638073285743432,0.0763640898589887,0.211614533380278,0,0.13485128977861,YGL252C,101,YGL252C,Prot,13_622076_YGL252C,7,25718,27484,3734736,8312001,3760454,8934077,0,TRANS,622063|622076,
5786,rs_chromosome11_610769,11,,610769,4.66399339162242e-06,-0.314182331057867,0.0677777334875759,0.0402528956329647,0.212805205774877,0,0.749072701974625,YGL256W,101,YGL256W,Prot,11_610769_YGL256W,7,15159,16307,3734736,6570814,3749895,7181583,0,TRANS,,
1198,rs_chromosome12_130405,12,,130405,6.4171169203358e-06,0.219653567201847,0.0481073818267558,0.0137350373386384,0.209752556130314,0,0.748919077005888,YGL256W,101,YGL256W,Prot,12_130405_YGL256W,7,15159,16307,3734736,7234103,3749895,7364508,0,TRANS,,
776,rs_chromosome2_112537,2,,112537,1.17080370111646e-06,-0.212317383460929,0.0430894957238525,0.0147832130887683,0.225542319628378,0,0.42454185136106,YGR037C,101,YGR037C,Prot,2_112537_YGR037C,7,559731,559994,3734736,229317,4294467,341854,0,TRANS,,
2551,rs_chromosome2_349229,2,,349229,1.98245116746102e-08,0.39877456690209,0.0697667775724593,0.0347037018183443,0.259362907002696,0,0.42454185136106,YGR037C,101,YGR037C,Prot,2_349229_YGR037C,7,559731,559994,3734736,229317,4294467,578546,0,TRANS,,
4436,rs_chromosome15_466738,15,,466738,7.50018049671016e-07,-0.239806464086657,0.0477855788428707,0.0405304095791289,0.22949140545364,0,0.420034748770403,YGR037C,101,YGR037C,Prot,15_466738_YGR037C,7,559731,559994,3734736,10019344,4294467,10486082,0,TRANS,,
4841,rs_chromosome10_586032,10,,586032,1.30817297146318e-06,0.245840805446288,0.0501259185848964,0.0281282824795413,0.224547361915495,0,0.200801892643354,YGR078C,101,YGR078C,Prot,10_586032_YGR078C,7,639772,640371,3734736,5825553,4374508,6411585,0,TRANS,,
5715,rs_chromosome7_675722,7,,675722,3.44789216577423e-08,0.282551090694842,0.0503280025181419,0.0151637524906622,0.25505381144631,0,0.456242004118251,YGR094W,101,YGR094W,Prot,7_675722_YGR094W,7,672186,675500,3734736,3734736,4406922,4410458,-222,CIS,,
2333,rs_chromosome5_283424,5,,283424,4.0847515771134e-06,-0.235122355386008,0.0504106454986865,0.00968017837761009,0.214060853424325,0,0.137199041999414,YGR103W,101,YGR103W,Prot,5_283424_YGR103W,7,695417,697234,3734736,2888695,4430153,3172119,0,TRANS,,
1131,rs_chromosome8_114771,8,,114771,4.89194865173196e-06,0.344569035625564,0.0744993100792055,0.106080963212015,0.212351530180543,0,0.133804528918673,YGR103W,101,YGR103W,Prot,8_114771_YGR103W,7,695417,697234,3734736,4825327,4430153,4940098,0,TRANS,,
1036,rs_chromosome9_141480,9,,141480,2.98665792356724e-06,0.360577659880511,0.076212131234407,0.0389730132615083,0.216996212172182,0,0.484581226073799,YGR124W,101,YGR124W,Prot,9_141480_YGR124W,7,739944,741662,3734736,5387374,4474680,5528854,0,TRANS,,
7041,rs_chromosome7_798425,7,,798425,9.1226157872037e-07,0.33400731843953,0.0670895621324539,0.0128050072114509,0.227763658079057,0,0.819971750245825,YGR155W,101,YGR155W,Prot,7_798425_YGR155W,7,798543,800066,3734736,3734736,4533279,4533161,118,CIS,,
6546,rs_chromosome2_802952,2,,802952,1.82869757343735e-06,0.373559020399258,0.077264688410411,0.0368447251187118,0.221515221151129,0,0.356007311059983,YGR157W,101,YGR157W,Prot,2_802952_YGR157W,7,802440,805049,3734736,229317,4537176,1032269,0,TRANS,,
7491,rs_chromosome16_899602,16,,899602,1.22134554883747e-06,-0.401759907524886,0.0816809717213756,0.151302614307889,0.225163828841091,0,0.375612561107012,YGR159C,101,YGR159C,Prot,16_899602_YGR159C,7,806412,807656,3734736,11110207,4541148,12009809,0,TRANS,,
1874,rs_chromosome14_185309,14,,185309,2.23249952736035e-06,0.424432535508637,0.0885544151445763,0.155436066698124,0.219688737135216,0,0.267795114288843,YGR167W,101,YGR167W,Prot,14_185309_YGR167W,7,832456,833157,3734736,9235803,4567192,9421112,0,TRANS,,
5948,rs_chromosome7_698505,7,,698505,6.20410969776415e-06,0.3310523278647,0.0723880016691121,0.0280102963589578,0.210077616469662,0,0.828608347867343,YGR175C,101,YGR175C,Prot,7_698505_YGR175C,7,846933,848423,3734736,3734736,4581669,4433241,148428,TRANS,,
8314,rs_chromosome15_931656,15,,931656,8.67949042574012e-06,-0.277167388673941,0.0616033178900792,0.0170980536233086,0.206821604071736,0,0.706304434294198,YGR180C,101,YGR180C,Prot,15_931656_YGR180C,7,855264,856301,3734736,10019344,4590000,10951000,0,TRANS,,
2495,rs_chromosome2_342041,2,,342041,3.89437337966277e-06,0.328864271520709,0.0703540202334091,0.0326216180856433,0.214510946144485,0,0.653902547891449,YGR181W,101,YGR181W,Prot,2_342041_YGR181W,7,858287,858604,3734736,229317,4593023,571358,0,TRANS,,
776,rs_chromosome2_112537,2,,112537,2.00007234025374e-06,0.242414636137517,0.050335019046606,0.019590419005398,0.220697088043386,0,0.219771137640972,YGR189C,101,YGR189C,Prot,2_112537_YGR189C,7,876669,878192,3734736,229317,4611405,341854,0,TRANS,,
3400,rs_chromosome11_340770,11,,340770,6.25218802346447e-07,0.277963177940436,0.0549856663086137,0.0667514120761006,0.231085053289855,0,0.661619637673745,YGR204W,101,YGR204W,Prot,11_340770_YGR204W,7,905934,908774,3734736,6570814,4640670,6911584,0,TRANS,340770|340783,
4081,rs_chromosome15_427400,15,,427400,8.86235592637857e-07,-0.258238727939434,0.05180901306167,0.0101758764191931,0.228019878875369,0,0.631725923816585,YGR208W,101,YGR208W,Prot,15_427400_YGR208W,7,911883,912812,3734736,10019344,4646619,10446744,0,TRANS,,
5725,rs_chromosome16_666095,16,,666095,1.46010832453775e-06,0.406815797266119,0.0833348142622119,0.0518645116779006,0.223557418381191,0,0.627423875743055,YGR208W,101,YGR208W,Prot,16_666095_YGR208W,7,911883,912812,3734736,11110207,4646619,11776302,0,TRANS,,
6423,rs_chromosome16_755594,16,,755594,2.70236187920161e-06,-0.253413606977816,0.0533221002372362,0.0175028672904222,0.217925478990509,0,0.627423875743055,YGR208W,101,YGR208W,Prot,16_755594_YGR208W,7,911883,912812,3734736,11110207,4646619,11865801,0,TRANS,,
5754,rs_chromosome7_680048,7,,680048,7.35203040840985e-08,0.306641017986971,0.0560314649843027,0.0337426648069516,0.24902743429626,0,0.28436067274776,YGR211W,101,YGR211W,Prot,7_680048_YGR211W,7,915241,916701,3734736,3734736,4649977,4414784,235193,TRANS,,
4985,rs_chromosome16_588825,16,,588825,2.61128104218135e-06,-0.294817123454395,0.061939259923729,0.0665442760014836,0.218243057562796,0,0.280381477846767,YGR211W,101,YGR211W,Prot,16_588825_YGR211W,7,915241,916701,3734736,11110207,4649977,11699032,0,TRANS,,
7169,rs_chromosome13_850191,13,,850191,6.27113233624651e-06,-0.400387693498988,0.0875940019731257,0.143653640271756,0.209974203475199,0,0.278631080748195,YGR231C,101,YGR231C,Prot,13_850191_YGR231C,7,952548,953480,3734736,8312001,4687284,9162192,0,TRANS,,
5116,rs_chromosome16_596797,16,,596797,4.00426821096633e-06,-0.583347805796891,0.124955906176529,0.0781427270501709,0.214248634842757,0,0.643791500618556,YGR254W,101,YGR254W,Prot,16_596797_YGR254W,7,1000927,1002240,3734736,11110207,4735663,11707004,0,TRANS,,
5868,rs_chromosome11_617158,11,,617158,2.16466577618447e-06,0.290869024330989,0.0606052897398499,0.0678273285193476,0.219972224448457,0,0.456334970859771,YGR264C,101,YGR264C,Prot,11_617158_YGR264C,7,1019598,1021853,3734736,6570814,4754334,7187972,0,TRANS,,
8474,rs_chromosome7_974397,7,,974397,3.18675145777037e-06,0.225610800798177,0.0478251810687546,0.00936788905898137,0.216391605976406,0,0.164587603666991,YGR267C,101,YGR267C,Prot,7_974397_YGR267C,7,1025004,1025735,3734736,3734736,4759740,4709133,50607,TRANS,,
312,rs_chromosome1_52733,1,,52733,3.26816475844104e-08,-0.476487448103296,0.0847226061630983,0.221769513215458,0.255474079741811,0,0.553424925361057,YGR279C,101,YGR279C,Prot,1_52733_YGR279C,7,1048798,1049958,3734736,0,4783534,52733,0,TRANS,,
3160,rs_chromosome4_386845,4,,386845,3.32596336734355e-07,-0.236718800568685,0.0456883344952638,0.0116208653283767,0.236525068749117,0,0.554191509405511,YGR279C,101,YGR279C,Prot,4_386845_YGR279C,7,1048798,1049958,3734736,1356984,4783534,1743829,0,TRANS,,
9094,rs_chromosome7_1050159,7,,1050159,2.62206808713943e-08,-0.292284064482174,0.0515978311297818,0.0630184833406,0.257195442705052,0,0.548601996897141,YGR279C,101,YGR279C,Prot,7_1050159_YGR279C,7,1048798,1049958,3734736,3734736,4783534,4784895,-201,CIS,1050159|1050164,
9095,rs_chromosome7_1050164,7,,1050164,2.62206808713943e-08,-0.292284064482174,0.0515978311297818,0.0630184833406,0.257195442705052,0,0.548601996897141,YGR279C,101,YGR279C,Prot,7_1050164_YGR279C,7,1048798,1049958,3734736,3734736,4783534,4784900,-206,CIS,1050159|1050164,
3069,rs_chromosome8_354752,8,,354752,3.62709605019068e-06,-0.227984542623027,0.0486138964184624,0.0125947079972734,0.215179671489993,0,0.296924069042953,YHL034C,101,YHL034C,Prot,8_354752_YHL034C,8,33193,34077,4825327,4825327,4858520,5180079,-320675,TRANS,,
651,rs_chromosome7_68133,7,,68133,2.82543929019941e-07,0.266694886673143,0.0511565680531878,0.0322185991988408,0.237909564303786,0,0.10590755353327,YHR024C,101,YHR024C,Prot,7_68133_YHR024C,8,157744,159192,4825327,3734736,4983071,3802869,0,TRANS,,
5319,rs_chromosome13_678753,13,,678753,2.92356009842993e-07,0.266257264815584,0.0511384859579875,0.0193560557409013,0.237620472221139,0,0.107859507047662,YHR024C,101,YHR024C,Prot,13_678753_YHR024C,8,157744,159192,4825327,8312001,4983071,8990754,0,TRANS,,
6274,rs_chromosome15_668741,15,,668741,2.46094611005384e-06,0.230022817458795,0.0481992430529794,0.0117736549192765,0.218791184557261,0,0.106055519398054,YHR024C,101,YHR024C,Prot,15_668741_YHR024C,8,157744,159192,4825327,10019344,4983071,10688085,0,TRANS,,
346,rs_chromosome10_64900,10,,64900,1.89242020956498e-07,0.412901512622721,0.0780294579826794,0.0443769774857096,0.241276391659003,0,0.449517061543477,YHR025W,101,YHR025W,Prot,10_64900_YHR025W,8,159438,160511,4825327,5825553,4984765,5890453,0,TRANS,,
4518,rs_chromosome4_539207,4,,539207,4.27320003157309e-06,0.249159224330461,0.0535318640469521,0.0505920826831464,0.213634639373279,0,0.445038185379995,YHR037W,101,YHR037W,Prot,4_539207_YHR037W,8,181977,183704,4825327,1356984,5007304,1896191,0,TRANS,,
2619,rs_chromosome13_335870,13,,335870,1.554308101491e-06,-0.351456853560337,0.0721868219393961,0.106925626584172,0.222992128805595,0,0.182505753267048,YHR039C-A,101,YHR039C-A,Prot,13_335870_YHR039C-A,8,187173,187679,4825327,8312001,5012500,8647871,0,TRANS,,
12051,rs_chromosome4_1461391,4,,1461391,2.53901868982595e-06,-0.434858495004776,0.0912471145346359,0.0870730881895055,0.218502651447737,0,0.636008182919759,YHR051W,101,YHR051W,Prot,4_1461391_YHR051W,8,209705,210151,4825327,1356984,5035032,2818375,0,TRANS,,
6216,rs_chromosome12_736058,12,,736058,4.33351887484927e-06,0.37977078236916,0.08164687230932,0.082537243637734,0.213502003505872,0,0.331743960096323,YHR063C,101,YHR063C,Prot,12_736058_YHR063C,8,224030,225169,4825327,7234103,5049357,7970161,0,TRANS,,
52,rs_chromosome14_18858,14,,18858,3.54579340572509e-06,-0.360633194133407,0.076819350192156,0.0305370816007076,0.215392450269507,0,0.619115488765594,YHR087W,101,YHR087W,Prot,14_18858_YHR087W,8,280820,281155,4825327,9235803,5106147,9254661,0,TRANS,,
5069,rs_chromosome4_600833,4,,600833,4.14747385640777e-06,0.230450434151527,0.049443811715653,0.0139615950060855,0.213916946024827,0,0.321223918975957,YHR107C,101,YHR107C,Prot,4_600833_YHR107C,8,326813,328036,4825327,1356984,5152140,1957817,0,TRANS,,
8509,rs_chromosome12_974574,12,,974574,5.92790897758249e-07,-0.278294672542403,0.0549346420911056,0.0555687974752509,0.231549262646857,0,0.338920118581695,YHR107C,101,YHR107C,Prot,12_974574_YHR107C,8,326813,328036,4825327,7234103,5152140,8208677,0,TRANS,,
6615,rs_chromosome15_702790,15,,702790,7.0691620868868e-07,0.248890039881082,0.0494773830950259,0.0152405470692856,0.230010923243387,0,0.325153545710076,YHR107C,101,YHR107C,Prot,15_702790_YHR107C,8,326813,328036,4825327,10019344,5152140,10722134,0,TRANS,,
5789,rs_chromosome12_685997,12,,685997,3.32505288722509e-06,0.421667180930761,0.089557758800609,0.0709719837075591,0.215994571176228,0,0.259991548926286,YHR108W,101,YHR108W,Prot,12_685997_YHR108W,8,328303,330060,4825327,7234103,5153630,7920100,0,TRANS,685957|687647,
2445,rs_chromosome7_252721,7,,252721,2.00846472350659e-06,0.192844329357458,0.0400495411242492,0.0080469832099161,0.220658769308611,0,0.744978887853382,YHR128W,101,YHR128W,Prot,7_252721_YHR128W,8,362115,362765,4825327,3734736,5187442,3987457,0,TRANS,,
6680,rs_chromosome7_771068,7,,771068,1.28900775010802e-07,0.389182688587484,0.0725309833072986,0.139439366375799,0.244455894168228,0,0.744978887853382,YHR128W,101,YHR128W,Prot,7_771068_YHR128W,8,362115,362765,4825327,3734736,5187442,4505804,0,TRANS,,
757,rs_chromosome14_87321,14,,87321,1.00863671601346e-06,0.432376409816921,0.0872080742937638,0.179836301517244,0.226872308429409,0,0.748381865311292,YHR128W,101,YHR128W,Prot,14_87321_YHR128W,8,362115,362765,4825327,9235803,5187442,9323124,0,TRANS,,
6994,rs_chromosome15_757952,15,,757952,5.55392254075834e-07,-0.285103204905001,0.0561334397704143,0.0619718582288809,0.232115935488589,0,0.748286970111278,YHR128W,101,YHR128W,Prot,15_757952_YHR128W,8,362115,362765,4825327,10019344,5187442,10777296,0,TRANS,,
6996,rs_chromosome15_758119,15,,758119,2.57524949136518e-08,-0.303231686268411,0.0534992077489095,0.0503441209064149,0.257335692714047,0,0.748286970111278,YHR128W,101,YHR128W,Prot,15_758119_YHR128W,8,362115,362765,4825327,10019344,5187442,10777463,0,TRANS,,
1527,rs_chromosome16_171630,16,,171630,7.79785325097157e-06,0.244097061406788,0.0539683084367711,0.0452571583179543,0.207865950000806,0,0.752788692092124,YHR128W,101,YHR128W,Prot,16_171630_YHR128W,8,362115,362765,4825327,11110207,5187442,11281837,0,TRANS,171630|171671,
1528,rs_chromosome16_171671,16,,171671,7.79785325097157e-06,0.244097061406788,0.0539683084367711,0.0452571583179543,0.207865950000806,0,0.752788692092124,YHR128W,101,YHR128W,Prot,16_171671_YHR128W,8,362115,362765,4825327,11110207,5187442,11281878,0,TRANS,171630|171671,
2055,rs_chromosome6_250363,6,,250363,2.53841757337044e-06,0.289617439869801,0.0607702919430021,0.0237789615477094,0.218504840389226,0,0.382280057384462,YHR132W-A,101,YHR132W-A,Prot,6_250363_YHR132W-A,8,370054,370449,4825327,3465220,5195381,3715583,0,TRANS,,
7491,rs_chromosome16_899602,16,,899602,5.48088754609469e-06,-0.383519155639993,0.0833665212550414,0.141777518118369,0.211266797023366,0,0.551554380493864,YHR174W,101,YHR174W,Prot,16_899602_YHR174W,8,451327,452640,4825327,11110207,5276654,12009809,0,TRANS,,
1895,rs_chromosome13_231392,13,,231392,3.42186925941027e-06,0.27180537185383,0.0578040648887451,0.0166315058166087,0.21572591721084,0,0.683658293664379,YHR183W,101,YHR183W,Prot,13_231392_YHR183W,8,470960,472429,4825327,8312001,5296287,8543393,0,TRANS,,
776,rs_chromosome2_112537,2,,112537,1.42811161930316e-07,-0.257067328311187,0.0480855472558369,0.0219435380365871,0.243611635801139,0,0.240925463991848,YHR193C,101,YHR193C,Prot,2_112537_YHR193C,8,487712,488236,4825327,229317,5313039,341854,0,TRANS,,
165,rs_chromosome6_48886,6,,48886,2.23872362416926e-06,-0.361133653751439,0.0753568408837779,0.0371119176162074,0.219663140101142,0,0.242211445818107,YHR193C,101,YHR193C,Prot,6_48886_YHR193C,8,487712,488236,4825327,3465220,5313039,3514106,0,TRANS,,
3609,rs_chromosome8_408675,8,,408675,3.59638840375673e-07,-0.241854242588807,0.0468192474613054,0.0139218224369383,0.235858456812371,0,0.242150845620918,YHR193C,101,YHR193C,Prot,8_408675_YHR193C,8,487712,488236,4825327,4825327,5313039,5234002,79037,TRANS,,
6274,rs_chromosome15_668741,15,,668741,1.69074800951224e-06,0.248361828235073,0.051196132855748,0.012941313212427,0.222229011051978,0,0.258244718821467,YIL022W,101,YIL022W,Prot,15_668741_YIL022W,9,311165,312460,5387374,10019344,5698539,10688085,0,TRANS,,
3768,rs_chromosome9_432021,9,,432021,4.33887291398118e-10,0.297501369671058,0.0466187609087255,0.0205274192506549,0.287200951325627,0,0.730843401259993,YIL053W,101,YIL053W,Prot,9_432021_YIL053W,9,255115,255867,5387374,5387374,5642489,5819395,-176154,TRANS,432021|432028,
1214,rs_chromosome11_113405,11,,113405,1.36059052619906e-06,0.320458710467198,0.0654486716483015,0.0260869935833349,0.224193925470287,0,0.73134380173698,YIL053W,101,YIL053W,Prot,11_113405_YIL053W,9,255115,255867,5387374,6570814,5642489,6684219,0,TRANS,,
3667,rs_chromosome5_462261,5,,462261,3.01776628219577e-07,0.276625237043436,0.0531935943028733,0.034652191429372,0.237351569872041,0,0.221193040870706,YIL078W,101,YIL078W,Prot,5_462261_YIL078W,9,212499,214703,5387374,2888695,5599873,3350956,0,TRANS,,
2006,rs_chromosome11_194575,11,,194575,4.44930345753279e-06,-0.343576006263673,0.073955992054634,0.115956905306837,0.213252270821946,0,0.381982231572198,YIL118W,101,YIL118W,Prot,11_194575_YIL118W,9,139752,140447,5387374,6570814,5527126,6765389,0,TRANS,,
6614,rs_chromosome15_702754,15,,702754,1.52379065809884e-06,0.274787460979323,0.0563916968588019,0.048522634307839,0.22317158141936,0,0.378912002953446,YIL118W,101,YIL118W,Prot,15_702754_YIL118W,9,139752,140447,5387374,10019344,5527126,10722098,0,TRANS,,
6615,rs_chromosome15_702790,15,,702790,6.22955373852865e-07,0.245747285386238,0.0486058045007715,0.0156794156372867,0.231116694933683,0,0.378912002953446,YIL118W,101,YIL118W,Prot,15_702790_YIL118W,9,139752,140447,5387374,10019344,5527126,10722134,0,TRANS,,
3696,rs_chromosome4_451706,4,,451706,1.07502544358368e-06,0.295398179814555,0.0597378253587629,0.0184194640550319,0.22630465405589,0,0.267976802471563,YIL125W,101,YIL125W,Prot,4_451706_YIL125W,9,122689,125733,5387374,1356984,5510063,1808690,0,TRANS,,
6612,rs_chromosome12_783055,12,,783055,1.16014969241945e-06,-0.323402031552918,0.0656088937562497,0.0909331135460822,0.225624100511361,0,0.274567273085575,YIL125W,101,YIL125W,Prot,12_783055_YIL125W,9,122689,125733,5387374,7234103,5510063,8017158,0,TRANS,,
5668,rs_chromosome14_640720,14,,640720,4.72996943293741e-06,0.256451976636468,0.0553600747498765,0.0184832231499138,0.212671761563906,0,0.272051050630714,YIL125W,101,YIL125W,Prot,14_640720_YIL125W,9,122689,125733,5387374,9235803,5510063,9876523,0,TRANS,,
755,rs_chromosome11_74347,11,,74347,1.1612599698133e-06,0.264307454959793,0.0536224603994349,0.0171359062776223,0.225615544405739,0,0.364621140195324,YIL142W,101,YIL142W,Prot,11_74347_YIL142W,9,83302,84885,5387374,6570814,5470676,6645161,0,TRANS,,
353,rs_chromosome16_41286,16,,41286,4.4083653568323e-06,0.262613150104048,0.0565041288726949,0.0543855709206162,0.213339852359045,0,0.640861038354847,YIR034C,101,YIR034C,Prot,16_41286_YIR034C,9,419615,420736,5387374,11110207,5806989,11151493,0,TRANS,,
1683,rs_chromosome11_156285,11,,156285,3.17505691716425e-06,0.4333777269606,0.0918525158971931,0.0777961079703313,0.216425930081639,0,0.467437170535986,YJL001W,101,YJL001W,Prot,11_156285_YJL001W,10,435163,435926,5825553,6570814,6260716,6727099,0,TRANS,,
165,rs_chromosome6_48886,6,,48886,4.77730324229136e-07,0.449413536736104,0.0879615199386009,0.0587330117929094,0.23342025105366,0,0.628393269730702,YJL026W,101,YJL026W,Prot,6_48886_YJL026W,10,392404,393603,5825553,3465220,6217957,3514106,0,TRANS,,
295,rs_chromosome8_35255,8,,35255,3.34074272898804e-07,0.503885304644539,0.0972697295831176,0.0664325555776443,0.236487311828524,0,0.629301107518595,YJL026W,101,YJL026W,Prot,8_35255_YJL026W,10,392404,393603,5825553,4825327,6217957,4860582,0,TRANS,,
3096,rs_chromosome4_382330,4,,382330,3.76729249137651e-06,-0.357501618908191,0.0763638656229875,0.122408200314825,0.214823244132086,0,0.71767611288875,YJL034W,101,YJL034W,Prot,4_382330_YJL034W,10,381327,383375,5825553,1356984,6206880,1739314,0,TRANS,382330|382372,
3097,rs_chromosome4_382372,4,,382372,3.76729249137651e-06,-0.357501618908191,0.0763638656229875,0.122408200314825,0.214823244132086,0,0.71767611288875,YJL034W,101,YJL034W,Prot,4_382372_YJL034W,10,381327,383375,5825553,1356984,6206880,1739356,0,TRANS,382330|382372,
6518,rs_chromosome16_767513,16,,767513,2.09499625623018e-06,-0.244924936623123,0.0509593307742737,0.0416302556818367,0.220272376604993,0,0.329461421099629,YJL041W,101,YJL041W,Prot,16_767513_YJL041W,10,365784,368373,5825553,11110207,6191337,11877720,0,TRANS,,
2199,rs_chromosome4_283830,4,,283830,6.33598238605667e-07,0.280382980478874,0.055493818169486,0.0593505474003709,0.230968862825779,0,0.219638351603456,YJL055W,101,YJL055W,Prot,4_283830_YJL055W,10,333357,334094,5825553,1356984,6158910,1640814,0,TRANS,,
928,rs_chromosome8_92625,8,,92625,3.82498356451154e-08,0.305258854843329,0.0545595617547245,0.0187728636109284,0.254236869513634,0,0.202169842517223,YJL055W,101,YJL055W,Prot,8_92625_YJL055W,10,333357,334094,5825553,4825327,6158910,4917952,0,TRANS,92526|92625,
4140,rs_chromosome13_535934,13,,535934,1.08088592960096e-07,0.280966814741678,0.05203608623471,0.0412295216889076,0.24589938122924,0,0.319415206468051,YJL111W,101,YJL111W,Prot,13_535934_YJL111W,10,207877,209529,5825553,8312001,6033430,8847935,0,TRANS,,
1155,rs_chromosome7_123249,7,,123249,6.62746702402946e-06,0.261364822760691,0.057331690052667,0.028672073202536,0.209441495340467,0,0.280631943021161,YJL123C,101,YJL123C,Prot,7_123249_YJL123C,10,188004,189440,5825553,3734736,6013557,3857985,0,TRANS,,
3354,rs_chromosome9_400141,9,,400141,2.47247778881615e-06,-0.309483087833225,0.0648628782159349,0.0759277134536991,0.218748020304814,0,0.287183963446016,YJL123C,101,YJL123C,Prot,9_400141_YJL123C,10,188004,189440,5825553,5387374,6013557,5787515,0,TRANS,,
4467,rs_chromosome12_521905,12,,521905,5.58711318941854e-07,0.279542276938038,0.0550515317257188,0.0151004476810839,0.232064184088254,0,0.275325156635489,YJL173C,101,YJL173C,Prot,12_521905_YJL173C,10,96161,96529,5825553,7234103,5921714,7756008,0,TRANS,,
6670,rs_chromosome12_789236,12,,789236,1.36309249659313e-06,0.29991381982176,0.0612574585455395,0.0377411520256077,0.224177383606858,0,0.275325156635489,YJL173C,101,YJL173C,Prot,12_789236_YJL173C,10,96161,96529,5825553,7234103,5921714,8023339,0,TRANS,789096|789269,
6671,rs_chromosome12_789259,12,,789259,1.36309249659313e-06,0.29991381982176,0.0612574585455395,0.0377411520256077,0.224177383606858,0,0.275325156635489,YJL173C,101,YJL173C,Prot,12_789259_YJL173C,10,96161,96529,5825553,7234103,5921714,8023362,0,TRANS,789096|789269,
6672,rs_chromosome12_789264,12,,789264,1.36309249659313e-06,0.29991381982176,0.0612574585455395,0.0377411520256077,0.224177383606858,0,0.275325156635489,YJL173C,101,YJL173C,Prot,12_789264_YJL173C,10,96161,96529,5825553,7234103,5921714,8023367,0,TRANS,789096|789269,
6673,rs_chromosome12_789266,12,,789266,1.36309249659313e-06,0.29991381982176,0.0612574585455395,0.0377411520256077,0.224177383606858,0,0.275325156635489,YJL173C,101,YJL173C,Prot,12_789266_YJL173C,10,96161,96529,5825553,7234103,5921714,8023369,0,TRANS,789096|789269,
3587,rs_chromosome2_472731,2,,472731,1.11813648568622e-06,0.339959593971827,0.0688619146595252,0.0628736574194549,0.22595377583923,0,0.148513120827781,YJL183W,101,YJL183W,Prot,2_472731_YJL183W,10,84068,85336,5825553,229317,5909621,702048,0,TRANS,,
1834,rs_chromosome3_177399,3,,177399,4.58643563574447e-07,-0.283006508154132,0.0553033307677109,0.0377349056093921,0.233772002576415,0,0.577402020475777,YJL191W,101,YJL191W,Prot,3_177399_YJL191W,10,73787,74611,5825553,1040796,5899340,1218195,0,TRANS,177325|177399,
1836,rs_chromosome3_178367,3,,178367,2.31635312626142e-06,0.337047692065797,0.0704365488120695,0.105122341865163,0.219349482015646,0,0.577402020475777,YJL191W,101,YJL191W,Prot,3_178367_YJL191W,10,73787,74611,5825553,1040796,5899340,1219163,0,TRANS,,
538,rs_chromosome5_83188,5,,83188,5.88170266295825e-06,0.229494172078637,0.0500534101656613,0.0151624766868024,0.210590462003902,0,0.568530622501351,YJL191W,101,YJL191W,Prot,5_83188_YJL191W,10,73787,74611,5825553,2888695,5899340,2971883,0,TRANS,,
1288,rs_chromosome5_178044,5,,178044,5.61125774151071e-06,0.229093534360583,0.0498542135660173,0.0238145845908637,0.211041773583911,0,0.568530622501351,YJL191W,101,YJL191W,Prot,5_178044_YJL191W,10,73787,74611,5825553,2888695,5899340,3066739,0,TRANS,,
6285,rs_chromosome14_711925,14,,711925,2.95028669654523e-07,-0.278680849576303,0.0535430299979214,0.0249370053671011,0.237543346070847,0,0.57987607550794,YJL191W,101,YJL191W,Prot,14_711925_YJL191W,10,73787,74611,5825553,9235803,5899340,9947728,0,TRANS,,
5386,rs_chromosome11_561060,11,,561060,2.96147125177744e-06,0.407664182471114,0.0861315578123678,0.0596231682766418,0.217075044932379,0,0.690559936189334,YJR016C,101,YJR016C,Prot,11_561060_YJR016C,10,464451,466208,5825553,6570814,6290004,7131874,0,TRANS,,
5726,rs_chromosome15_616835,15,,616835,4.0690551242288e-07,0.321332509639068,0.0625015097336479,0.0228479508895831,0.234801407628111,0,0.690949076549492,YJR016C,101,YJR016C,Prot,15_616835_YJR016C,10,464451,466208,5825553,10019344,6290004,10636179,0,TRANS,,
5736,rs_chromosome15_617402,15,,617402,8.20043483757943e-07,0.272539421388928,0.0545051443847636,0.0274413601793778,0.228705571710764,0,0.690949076549492,YJR016C,101,YJR016C,Prot,15_617402_YJR016C,10,464451,466208,5825553,10019344,6290004,10636746,0,TRANS,,
637,rs_chromosome7_66712,7,,66712,2.31763569160148e-06,-0.248258924500134,0.051882653884541,0.0474947939586012,0.219344384820875,0,0.503771498669733,YJR025C,101,YJR025C,Prot,7_66712_YJR025C,10,471138,471671,5825553,3734736,6296691,3801448,0,TRANS,,
371,rs_chromosome10_68514,10,,68514,2.37230094666291e-06,-0.418736453967467,0.0876001867957001,0.175733573791159,0.219129604787492,0,0.510639611876176,YJR025C,101,YJR025C,Prot,10_68514_YJR025C,10,471138,471671,5825553,5825553,6296691,5894067,402624,TRANS,,
335,rs_chromosome15_72741,15,,72741,3.26777116616277e-06,0.276990208831613,0.0587834731109699,0.0181418258243048,0.216157063855969,0,0.505943091952586,YJR025C,101,YJR025C,Prot,15_72741_YJR025C,10,471138,471671,5825553,10019344,6296691,10092085,0,TRANS,,
592,rs_chromosome15_89588,15,,89588,3.43944172852926e-06,0.228529553607527,0.0486120611101873,0.00957805843867233,0.215677935933234,0,0.10926186213616,YJR065C,101,YJR065C,Prot,15_89588_YJR065C,10,557809,559158,5825553,10019344,6383362,10108932,0,TRANS,,
7541,rs_chromosome13_899295,13,,899295,7.95934839248103e-07,0.252155494672661,0.0503674367095282,0.0318560201392644,0.228968591513459,0,0.107521201797012,YJR069C,101,YJR069C,Prot,13_899295_YJR069C,10,568806,569399,5825553,8312001,6394359,9211296,0,TRANS,899295|899344,
956,rs_chromosome12_109365,12,,109365,6.79236510987622e-07,-0.407685981143784,0.0809147770663156,0.140250260360282,0.230360844968715,0,0.471877219305033,YJR070C,101,YJR070C,Prot,12_109365_YJR070C,10,569621,570598,5825553,7234103,6395174,7343468,0,TRANS,,
5327,rs_chromosome11_552751,11,,552751,7.66760346484393e-06,-0.269992435394993,0.0596445007234835,0.0192464498246518,0.208029699331498,0,0.332748531303881,YJR073C,101,YJR073C,Prot,11_552751_YJR073C,10,572315,572935,5825553,6570814,6397868,7123565,0,TRANS,,
5267,rs_chromosome10_623827,10,,623827,1.15813930495419e-06,-0.395527028139862,0.0802351515635104,0.0654508466469345,0.225639613116213,0,0.539386189738849,YJR105W,101,YJR105W,Prot,10_623827_YJR105W,10,623581,624603,5825553,5825553,6449134,6449380,0,CIS,,
2084,rs_chromosome3_208139,3,,208139,9.05003837418422e-07,-0.327214818324674,0.0657036800269995,0.0190005444056723,0.22783439653393,0,0.34523132201006,YJR139C,101,YJR139C,Prot,3_208139_YJR139C,10,689445,690524,5825553,1040796,6514998,1248935,0,TRANS,,
2813,rs_chromosome4_357312,4,,357312,4.32551563158855e-06,-0.248246817651279,0.0533659695514573,0.0428963948629162,0.213519500123839,0,0.345775668724436,YJR139C,101,YJR139C,Prot,4_357312_YJR139C,10,689445,690524,5825553,1356984,6514998,1714296,0,TRANS,,
6849,rs_chromosome14_754226,14,,754226,4.12135931565449e-06,0.273467410010431,0.0586560850049452,0.0639049142769537,0.213976607868491,0,0.282737470349396,YKL009W,101,YKL009W,Prot,14_754226_YKL009W,11,426242,426952,6570814,9235803,6997056,9990029,0,TRANS,,
5736,rs_chromosome15_617402,15,,617402,4.20058419732658e-06,0.238701453350138,0.0512442752583541,0.021180266279476,0.213796707900821,0,0.264048227570085,YKL009W,101,YKL009W,Prot,15_617402_YKL009W,11,426242,426952,6570814,10019344,6997056,10636746,0,TRANS,,
2051,rs_chromosome16_229324,16,,229324,7.46446595506956e-06,0.213383906319577,0.0470773289254292,0.0102691875089926,0.208290450679223,0,0.256696464969637,YKL009W,101,YKL009W,Prot,16_229324_YKL009W,11,426242,426952,6570814,11110207,6997056,11339531,0,TRANS,,
3893,rs_chromosome14_418451,14,,418451,5.04727376675715e-07,0.36248858168167,0.0711011618097551,0.0229632436145784,0.232945123812227,0,0.467077542829667,YKL024C,101,YKL024C,Prot,14_418451_YKL024C,11,392526,393140,6570814,9235803,6963340,9654254,0,TRANS,,
3593,rs_chromosome10_410930,10,,410930,5.2365634093101e-06,-0.243691344683519,0.0528576488108138,0.024847600855747,0.211702617421917,0,0.237471118643385,YKL027W,101,YKL027W,Prot,10_410930_YKL027W,11,387562,388905,6570814,5825553,6958376,6236483,0,TRANS,,
2138,rs_chromosome7_217019,7,,217019,1.61610086358545e-06,0.407441488447356,0.0838254031991873,0.141051498493383,0.22263887898846,0,0.19069397086439,YKL077W,101,YKL077W,Prot,7_217019_YKL077W,11,291453,292631,6570814,3734736,6862267,3951755,0,TRANS,,
4268,rs_chromosome5_536935,5,,536935,5.38936490268684e-06,-0.236439456939665,0.0513544608373392,0.0231206774440717,0.211427840238883,0,0.335527575418534,YKL081W,101,YKL081W,Prot,5_536935_YKL081W,11,282891,284455,6570814,2888695,6853705,3425630,0,TRANS,,
5672,rs_chromosome2_703264,2,,703264,1.8756838612349e-06,0.354953508272026,0.0734971632638695,0.0230724473297832,0.221283837341932,0,0.669057107907492,YKL104C,101,YKL104C,Prot,2_703264_YKL104C,11,243220,245373,6570814,229317,6814034,932581,0,TRANS,,
1744,rs_chromosome12_191976,12,,191976,2.10822246339282e-06,-0.327909677952865,0.0682440108345055,0.0276775937936151,0.220214667483297,0,0.669885441811485,YKL104C,101,YKL104C,Prot,12_191976_YKL104C,11,243220,245373,6570814,7234103,6814034,7426079,0,TRANS,,
945,rs_chromosome15_114010,15,,114010,3.62918913076177e-06,0.444180750786895,0.0947166277704901,0.0698267900540707,0.215174254038562,0,0.300866711203398,YKL117W,101,YKL117W,Prot,15_114010_YKL117W,11,220324,220974,6570814,10019344,6791138,10133354,0,TRANS,,
1979,rs_chromosome15_209044,15,,209044,6.12799981875283e-06,-0.2518072114245,0.0550277022312633,0.0181536501574988,0.210196350587115,0,0.300866711203398,YKL117W,101,YKL117W,Prot,15_209044_YKL117W,11,220324,220974,6570814,10019344,6791138,10228388,0,TRANS,,
3772,rs_chromosome7_409970,7,,409970,4.01441521176722e-06,0.328002159622548,0.0702678465238962,0.0285136470922547,0.214224762561214,0,0.557961153364888,YKL157W,101,YKL157W,Prot,7_409970_YKL157W,11,154991,158232,6570814,3734736,6725805,4144706,0,TRANS,,
1776,rs_chromosome12_196093,12,,196093,2.25790522697908e-06,0.467596928259778,0.0976088921301826,0.096294709266781,0.219584680636122,0,0.551930373652943,YKL157W,101,YKL157W,Prot,12_196093_YKL157W,11,154991,158232,6570814,7234103,6725805,7430196,0,TRANS,,
1903,rs_chromosome12_207526,12,,207526,2.26301637807778e-06,0.326319761125273,0.0681246572002702,0.0304298124963951,0.219563881877086,0,0.551930373652943,YKL157W,101,YKL157W,Prot,12_207526_YKL157W,11,154991,158232,6570814,7234103,6725805,7441629,0,TRANS,,
3950,rs_chromosome16_472783,16,,472783,7.91148075078886e-06,-0.277501650785226,0.0613972955120574,0.0537918139779,0.207725212908557,0,0.34491998142316,YKL216W,101,YKL216W,Prot,16_472783_YKL216W,11,25215,26159,6570814,11110207,6596029,11582990,0,TRANS,472783|472848,
3953,rs_chromosome16_472848,16,,472848,7.91148075078886e-06,-0.277501650785226,0.0613972955120574,0.0537918139779,0.207725212908557,0,0.34491998142316,YKL216W,101,YKL216W,Prot,16_472848_YKL216W,11,25215,26159,6570814,11110207,6596029,11583055,0,TRANS,472783|472848,
5581,rs_chromosome7_660573,7,,660573,2.01939629130418e-06,0.297608988952658,0.0618214968670213,0.0287248998395366,0.220609086160989,0,0.225142044751691,YKR001C,101,YKR001C,Prot,7_660573_YKR001C,11,440608,442722,6570814,3734736,7011422,4395309,0,TRANS,,
7434,rs_chromosome12_837401,12,,837401,7.20713887795235e-10,0.358336221681568,0.0569109026232305,0.0261701923566347,0.283679605468762,0,0.196881999578621,YKR001C,101,YKR001C,Prot,12_837401_YKR001C,11,440608,442722,6570814,7234103,7011422,8071504,0,TRANS,,
8222,rs_chromosome12_935887,12,,935887,1.33388401763625e-06,0.313938943202539,0.064063428979263,0.033142785702423,0.224372336223354,0,0.196881999578621,YKR001C,101,YKR001C,Prot,12_935887_YKR001C,11,440608,442722,6570814,7234103,7011422,8169990,0,TRANS,,
468,rs_chromosome1_64781,1,,64781,4.8984187043259e-06,0.432076694601987,0.0934251468535112,0.165083323626584,0.212338950223677,0,0.472212532474192,YLL018C,101,YLL018C,Prot,1_64781_YLL018C,12,109902,111575,7234103,0,7344005,64781,0,TRANS,,
5005,rs_chromosome4_595155,4,,595155,3.5042408939656e-06,0.357000139525307,0.0760045539546041,0.0569611013366011,0.215503005205546,0,0.478108374641685,YLL018C,101,YLL018C,Prot,4_595155_YLL018C,12,109902,111575,7234103,1356984,7344005,1952139,0,TRANS,,
1441,rs_chromosome11_134468,11,,134468,1.39600586669447e-06,0.385597520049977,0.0788379545937244,0.0449014212478197,0.223962444224771,0,0.463867527615935,YLL018C,101,YLL018C,Prot,11_134468_YLL018C,12,109902,111575,7234103,6570814,7344005,6705282,0,TRANS,,
3494,rs_chromosome7_370765,7,,370765,2.47046931812917e-06,0.242446011575499,0.0508111111242268,0.0140362283120404,0.21875552434476,0,0.747946110071384,YLL026W,101,YLL026W,Prot,7_370765_YLL026W,12,88623,91349,7234103,3734736,7322726,4105501,0,TRANS,,
2292,rs_chromosome9_292764,9,,292764,2.00350228660751e-06,-0.418085659664476,0.0868178659679749,0.164338316458414,0.220681408704432,0,0.748401794710058,YLL026W,101,YLL026W,Prot,9_292764_YLL026W,12,88623,91349,7234103,5387374,7322726,5680138,0,TRANS,,
743,rs_chromosome12_88298,12,,88298,1.48539520477203e-06,0.361599097972226,0.0741264600713666,0.109892979331822,0.223402316111097,0,0.747881335686618,YLL026W,101,YLL026W,Prot,12_88298_YLL026W,12,88623,91349,7234103,7234103,7322726,7322401,325,CIS,,
744,rs_chromosome12_88452,12,,88452,6.04354532781899e-08,0.392357479906027,0.0712137472344394,0.089831194129892,0.250602155900009,0,0.747881335686618,YLL026W,101,YLL026W,Prot,12_88452_YLL026W,12,88623,91349,7234103,7234103,7322726,7322555,171,CIS,,
4031,rs_chromosome7_439216,7,,439216,3.40234886735284e-06,0.504435168929114,0.107248836695143,0.233862107936367,0.215779494136699,0,0.528047168458205,YLR027C,101,YLR027C,Prot,7_439216_YLR027C,12,196829,198085,7234103,3734736,7430932,4173952,0,TRANS,,
3868,rs_chromosome5_482745,5,,482745,1.43538444439971e-06,-0.371247846036188,0.0759936793831859,0.0627497708562392,0.22371157658347,0,0.560601404288292,YLR038C,101,YLR038C,Prot,5_482745_YLR038C,12,224921,225172,7234103,2888695,7459024,3371440,0,TRANS,,
4188,rs_chromosome15_439005,15,,439005,5.17645975491853e-06,-0.409452024834603,0.0887634501005937,0.029340603737561,0.211812801492436,0,0.55808151083614,YLR038C,101,YLR038C,Prot,15_439005_YLR038C,12,224921,225172,7234103,10019344,7459024,10458349,0,TRANS,,
3285,rs_chromosome7_346793,7,,346793,3.89264275621572e-06,0.290017803739636,0.0620423156893166,0.0838238280233246,0.214515133319453,0,0.729110196070126,YLR058C,101,YLR058C,Prot,7_346793_YLR058C,12,257992,259401,7234103,3734736,7492095,4081529,0,TRANS,,
3046,rs_chromosome12_345295,12,,345295,3.92017614216091e-07,-0.534726262697034,0.103858508587424,0.277192286287634,0.235121017026391,0,0.741112122381505,YLR058C,101,YLR058C,Prot,12_345295_YLR058C,12,257992,259401,7234103,7234103,7492095,7579398,-85894,TRANS,345249|348314,
3070,rs_chromosome12_347644,12,,347644,2.45977544316197e-06,-0.387367692693766,0.0811677557826692,0.0985975809917915,0.218795577297745,0,0.741112122381505,YLR058C,101,YLR058C,Prot,12_347644_YLR058C,12,257992,259401,7234103,7234103,7492095,7581747,-88243,TRANS,,
7248,rs_chromosome16_877070,16,,877070,2.97897348869913e-06,0.178867024927188,0.0378011665954693,0.00809326053353179,0.217020196389767,0,0.729912727770941,YLR058C,101,YLR058C,Prot,16_877070_YLR058C,12,257992,259401,7234103,11110207,7492095,11987277,0,TRANS,,
766,rs_chromosome2_111999,2,,111999,2.41923512165729e-06,0.265526877398369,0.0555966979414721,0.057951204864547,0.218948945768804,0,0.476195335015842,YLR061W,101,YLR061W,Prot,2_111999_YLR061W,12,263194,263948,7234103,229317,7497297,341316,0,TRANS,,
3687,rs_chromosome5_464736,5,,464736,1.26858952193267e-06,0.353267572663518,0.0719366604591248,0.123209584979067,0.224823377371348,0,0.479962395365084,YLR061W,101,YLR061W,Prot,5_464736_YLR061W,12,263194,263948,7234103,2888695,7497297,3353431,0,TRANS,,
295,rs_chromosome8_35255,8,,35255,5.17513084360516e-06,-0.424825828127921,0.0920951595249294,0.0502242325587769,0.211815251468554,0,0.471458284625397,YLR061W,101,YLR061W,Prot,8_35255_YLR061W,12,263194,263948,7234103,4825327,7497297,4860582,0,TRANS,,
3481,rs_chromosome5_430852,5,,430852,3.29533591937992e-06,0.213431204396758,0.0453121094634942,0.00903095769144608,0.216078533163905,0,0.250885818694162,YLR100W,101,YLR100W,Prot,5_430852_YLR100W,12,341810,342853,7234103,2888695,7575913,3319547,0,TRANS,,
1213,rs_chromosome1_142568,1,,142568,1.75735050917366e-07,0.386455418036739,0.0728340324111404,0.0229320085021404,0.241892992938094,0,0.774503037248787,YLR134W,101,YLR134W,Prot,1_142568_YLR134W,12,410723,412414,7234103,0,7644826,142568,0,TRANS,,
6150,rs_chromosome2_756012,2,,756012,4.37893005235004e-07,0.3731238912376,0.0727821535564958,0.0278234308187241,0.234170753960086,0,0.77379692220899,YLR134W,101,YLR134W,Prot,2_756012_YLR134W,12,410723,412414,7234103,229317,7644826,985329,0,TRANS,,
6459,rs_chromosome4_771711,4,,771711,4.19367152143804e-06,0.258834327633181,0.0555621483294397,0.010945293127253,0.213812275256175,0,0.776231514709377,YLR134W,101,YLR134W,Prot,4_771711_YLR134W,12,410723,412414,7234103,1356984,7644826,2128695,0,TRANS,,
561,rs_chromosome5_85780,5,,85780,2.70293511651583e-06,0.245235539364778,0.0516017984510832,0.0106938862908891,0.217923512850326,0,0.77716788865906,YLR134W,101,YLR134W,Prot,5_85780_YLR134W,12,410723,412414,7234103,2888695,7644826,2974475,0,TRANS,,
333,rs_chromosome8_39052,8,,39052,5.00317268433495e-06,0.361017025050408,0.0781380195930213,0.0230921026192977,0.212137450694825,0,0.772910444310489,YLR134W,101,YLR134W,Prot,8_39052_YLR134W,12,410723,412414,7234103,4825327,7644826,4864379,0,TRANS,,
2418,rs_chromosome8_265775,8,,265775,1.63189360847279e-06,0.292043101481154,0.0601088498081625,0.0111622048569461,0.222550673865043,0,0.772910444310489,YLR134W,101,YLR134W,Prot,8_265775_YLR134W,12,410723,412414,7234103,4825327,7644826,5091102,0,TRANS,,
2735,rs_chromosome8_315782,8,,315782,7.50530987568126e-08,0.389225912543679,0.0711726234214274,0.0416381541854938,0.248861019319821,0,0.772910444310489,YLR134W,101,YLR134W,Prot,8_315782_YLR134W,12,410723,412414,7234103,4825327,7644826,5141109,0,TRANS,,
3756,rs_chromosome8_426240,8,,426240,9.27546992591105e-07,0.390165841590791,0.0784231717092281,0.0327291136409643,0.227616426692381,0,0.772910444310489,YLR134W,101,YLR134W,Prot,8_426240_YLR134W,12,410723,412414,7234103,4825327,7644826,5251567,0,TRANS,,
265,rs_chromosome12_37034,12,,37034,8.37926272219913e-10,0.426728552015123,0.0680480940357544,0.0395172558318858,0.282624418806202,0,0.772686693010139,YLR134W,101,YLR134W,Prot,12_37034_YLR134W,12,410723,412414,7234103,7234103,7644826,7271137,373689,TRANS,37034|37184,
308,rs_chromosome12_41600,12,,41600,1.6984035681068e-06,0.306102758477017,0.0631108383846916,0.020655933177835,0.222187961219088,0,0.772686693010139,YLR134W,101,YLR134W,Prot,12_41600_YLR134W,12,410723,412414,7234103,7234103,7644826,7275703,369123,TRANS,,
1215,rs_chromosome12_131532,12,,131532,5.83857924562993e-09,0.299611436255128,0.05047975231748,0.025592593563381,0.268614859340868,0,0.772686693010139,YLR134W,101,YLR134W,Prot,12_131532_YLR134W,12,410723,412414,7234103,7234103,7644826,7365635,279191,TRANS,,
1672,rs_chromosome12_180860,12,,180860,1.08089267400897e-08,-0.519149421039758,0.089115962044946,0.254071051078765,0.263997902190104,0,0.772686693010139,YLR134W,101,YLR134W,Prot,12_180860_YLR134W,12,410723,412414,7234103,7234103,7644826,7414963,229863,TRANS,,
1817,rs_chromosome12_200438,12,,200438,2.41175205335047e-06,0.322630424563943,0.0675439249239683,0.0206147194381765,0.218977523647035,0,0.772686693010139,YLR134W,101,YLR134W,Prot,12_200438_YLR134W,12,410723,412414,7234103,7234103,7644826,7434541,210285,TRANS,,
2143,rs_chromosome12_233182,12,,233182,6.44031193167188e-06,0.233283909361949,0.0511014900038433,0.00934591668344097,0.209717782735438,0,0.772686693010139,YLR134W,101,YLR134W,Prot,12_233182_YLR134W,12,410723,412414,7234103,7234103,7644826,7467285,177541,TRANS,,
2144,rs_chromosome12_233229,12,,233229,6.0032123814565e-10,0.408968326426992,0.0646364164251629,0.0273585155232688,0.284953593928199,0,0.772686693010139,YLR134W,101,YLR134W,Prot,12_233229_YLR134W,12,410723,412414,7234103,7234103,7644826,7467332,177494,TRANS,,
7375,rs_chromosome12_832281,12,,832281,6.28410865024081e-07,0.480057793318828,0.0949825840583855,0.22928837235347,0.231040616299825,0,0.772686693010139,YLR134W,101,YLR134W,Prot,12_832281_YLR134W,12,410723,412414,7234103,7234103,7644826,8066384,-419867,TRANS,,
8082,rs_chromosome12_921874,12,,921874,1.25717996350725e-09,0.448644681996187,0.0723383335442912,0.0391831375939317,0.279761299529248,0,0.772686693010139,YLR134W,101,YLR134W,Prot,12_921874_YLR134W,12,410723,412414,7234103,7234103,7644826,8155977,-509460,TRANS,,
8640,rs_chromosome12_991713,12,,991713,6.29843756048616e-07,0.385577014462146,0.0762958760646925,0.0312896185546888,0.231020739365263,0,0.772686693010139,YLR134W,101,YLR134W,Prot,12_991713_YLR134W,12,410723,412414,7234103,7234103,7644826,8225816,-579299,TRANS,,
863,rs_chromosome15_105152,15,,105152,7.24860717431171e-06,0.386426645615632,0.0851328729250874,0.0294334868092708,0.208575049588889,0,0.770065874504626,YLR134W,101,YLR134W,Prot,15_105152_YLR134W,12,410723,412414,7234103,10019344,7644826,10124496,0,TRANS,,
5983,rs_chromosome16_697099,16,,697099,1.9716179655845e-06,0.317983142964922,0.065984879676252,0.0172740788133558,0.220828163402162,0,0.774669779640743,YLR134W,101,YLR134W,Prot,16_697099_YLR134W,12,410723,412414,7234103,11110207,7644826,11807306,0,TRANS,,
2904,rs_chromosome9_362842,9,,362842,1.30955873199556e-06,0.226478617565586,0.0461801101532061,0.00947798840296376,0.224537844735786,0,0.251758389818526,YLR150W,101,YLR150W,Prot,9_362842_YLR150W,12,440467,441288,7234103,5387374,7674570,5750216,0,TRANS,,
2169,rs_chromosome11_214600,11,,214600,4.36887383778425e-06,0.202853673835029,0.0436279551817509,0.00769941991972517,0.213425078223623,0,0.571622799274058,YLR153C,101,YLR153C,Prot,11_214600_YLR153C,12,445524,447575,7234103,6570814,7679627,6785414,0,TRANS,,
4102,rs_chromosome12_445516,12,,445516,2.86342645512522e-09,0.296639504912825,0.0489486903094432,0.0321182019119256,0.273849056134246,0,0.578699029038976,YLR153C,101,YLR153C,Prot,12_445516_YLR153C,12,445524,447575,7234103,7234103,7679627,7679619,8,CIS,,
4985,rs_chromosome16_588825,16,,588825,6.75502907775643e-08,0.322981189911547,0.0588454467494896,0.0996752774499419,0.249709208452244,0,0.577721374053776,YLR153C,101,YLR153C,Prot,16_588825_YLR153C,12,445524,447575,7234103,11110207,7679627,11699032,0,TRANS,,
3026,rs_chromosome13_391103,13,,391103,1.81364911561357e-06,-0.220816245729517,0.0456559731674777,0.0103208124933688,0.221590532120704,0,0.0481360118330109,YLR163C,101,YLR163C,Prot,13_391103_YLR163C,12,491866,493254,7234103,8312001,7725969,8703104,0,TRANS,,
4290,rs_chromosome12_502281,12,,502281,8.04460878017064e-08,-0.437075637763994,0.0801145880350133,0.195051056929838,0.248300502128722,0,0.414437513973827,YLR172C,101,YLR172C,Prot,12_502281_YLR172C,12,501260,502162,7234103,7234103,7735363,7736384,-119,CIS,,
2943,rs_chromosome12_334170,12,,334170,2.37130238915611e-06,-0.246411440826715,0.0515486208396067,0.0275613074820376,0.219133485474888,0,0.155121653953008,YLR175W,101,YLR175W,Prot,12_334170_YLR175W,12,506134,507585,7234103,7234103,7740237,7568273,171964,TRANS,,
7047,rs_chromosome4_850697,4,,850697,4.55625248330505e-07,-0.356731938168765,0.0696923379266174,0.117553466319217,0.233828912443227,0,0.735349306229399,YLR179C,101,YLR179C,Prot,4_850697_YLR179C,12,514108,514713,7234103,1356984,7748211,2207681,0,TRANS,850484|850697,
7080,rs_chromosome4_852794,4,,852794,3.16568074937069e-07,-0.337923145134279,0.0650989423653714,0.103137004730169,0.23694524308572,0,0.735349306229399,YLR179C,101,YLR179C,Prot,4_852794_YLR179C,12,514108,514713,7234103,1356984,7748211,2209778,0,TRANS,852619|852794,
4405,rs_chromosome12_514845,12,,514845,1.33174894055412e-32,0.624133480464287,0.0484232094540222,0.382074846623539,0.518003886558097,0,0.739966039048367,YLR179C,101,YLR179C,Prot,12_514845_YLR179C,12,514108,514713,7234103,7234103,7748211,7748948,-132,CIS,514634|514845,
4152,rs_chromosome14_443137,14,,443137,1.20153298541962e-06,0.278464625187519,0.0565752737334521,0.017645136559246,0.225310376116169,0,0.740388575535996,YLR179C,101,YLR179C,Prot,14_443137_YLR179C,12,514108,514713,7234103,9235803,7748211,9678940,0,TRANS,,
2027,rs_chromosome6_246733,6,,246733,2.07158282917727e-07,-0.351643301264653,0.0666745951236408,0.0275349292388646,0.240520898179354,0,0.221391364191943,YLR185W,101,YLR185W,Prot,6_246733_YLR185W,12,522663,523288,7234103,3465220,7756766,3711953,0,TRANS,,
5798,rs_chromosome11_611963,11,,611963,4.69364695152555e-06,0.454584048966935,0.0980952946224852,0.0408018500502278,0.212745006498773,0,0.415931531555516,YLR192C,101,YLR192C,Prot,11_611963_YLR192C,12,538792,539589,7234103,6570814,7772895,7182777,0,TRANS,,
1636,rs_chromosome11_151863,11,,151863,5.63615978468881e-06,-0.207370879280699,0.0451365296443591,0.0079824001894632,0.210999359868355,0,0.539734912838719,YLR208W,101,YLR208W,Prot,11_151863_YLR208W,12,559551,560444,7234103,6570814,7793654,6722677,0,TRANS,151863|152063,
1639,rs_chromosome11_152063,11,,152063,5.63615978468881e-06,-0.207370879280699,0.0451365296443591,0.0079824001894632,0.210999359868355,0,0.539734912838719,YLR208W,101,YLR208W,Prot,11_152063_YLR208W,12,559551,560444,7234103,6570814,7793654,6722877,0,TRANS,151863|152063,
5320,rs_chromosome12_626279,12,,626279,2.49879840671878e-06,-0.225772913326546,0.0473407470583696,0.0138077039460315,0.218650216696223,0,0.470111021673733,YLR244C,101,YLR244C,Prot,12_626279_YLR244C,12,625168,626331,7234103,7234103,7859271,7860382,0,CIS,,
11881,rs_chromosome4_1446970,4,,1446970,3.39783022967403e-06,0.270480284922469,0.0575038045769274,0.0218799615119151,0.215791938150149,0,0.411617029799879,YLR249W,101,YLR249W,Prot,4_1446970_YLR249W,12,636780,639914,7234103,1356984,7870883,2803954,0,TRANS,,
7442,rs_chromosome12_839360,12,,839360,2.29322030146881e-06,-0.260053726941916,0.0543222355688574,0.013969670474449,0.21944188358647,0,0.408415681925765,YLR249W,101,YLR249W,Prot,12_839360_YLR249W,12,636780,639914,7234103,7234103,7870883,8073463,-199446,TRANS,,
1276,rs_chromosome12_139713,12,,139713,1.01733366966261e-07,-0.614526237485077,0.113569314637057,0.31563307558759,0.246394023812484,0,0.70732493944761,YLR259C,101,YLR259C,Prot,12_139713_YLR259C,12,663284,665002,7234103,7234103,7897387,7373816,523571,TRANS,139269|139713,
9672,rs_chromosome4_1182010,4,,1182010,2.882693532033e-06,0.254034831225006,0.0536076488499968,0.0256905483214747,0.217325819944674,0,0.683966063449532,YLR300W,101,YLR300W,Prot,4_1182010_YLR300W,12,728955,730301,7234103,1356984,7963058,2538994,0,TRANS,,
429,rs_chromosome9_72176,9,,72176,2.31021286821294e-07,0.367784223762048,0.0700173455475427,0.116741460675236,0.23960695659316,0,0.677175678553007,YLR300W,101,YLR300W,Prot,9_72176_YLR300W,12,728955,730301,7234103,5387374,7963058,5459550,0,TRANS,71693|72176,
8077,rs_chromosome15_897914,15,,897914,1.76732001626042e-06,0.237769979065815,0.0491063990025263,0.0265550407817196,0.221826204772532,0,0.638953417378817,YLR303W,101,YLR303W,Prot,15_897914_YLR303W,12,732542,733876,7234103,10019344,7966645,10917258,0,TRANS,,
7586,rs_chromosome16_908741,16,,908741,3.04266924551323e-07,0.239839141193365,0.0461341822235264,0.0119390221554695,0.237281836935785,0,0.641057768513677,YLR303W,101,YLR303W,Prot,16_908741_YLR303W,12,732542,733876,7234103,11110207,7966645,12018948,0,TRANS,,
638,rs_chromosome7_66795,7,,66795,5.39270596178691e-06,0.259528140106219,0.056370957894292,0.0221287074437578,0.21142191557265,0,0.592173946581568,YLR304C,101,YLR304C,Prot,7_66795_YLR304C,12,735212,737548,7234103,3734736,7969315,3801531,0,TRANS,,
3543,rs_chromosome16_419387,16,,419387,3.17581474994404e-06,-0.363255787448656,0.076991308679242,0.103614929491523,0.216423702142396,0,0.197457638129255,YLR314C,101,YLR314C,Prot,16_419387_YLR314C,12,762575,764137,7234103,11110207,7996678,11529594,0,TRANS,,
790,rs_chromosome10_108931,10,,108931,2.59134944983631e-06,-0.226661733783605,0.0476039919711923,0.0146220758432237,0.218313966269621,0,0.226488945049164,YLR351C,101,YLR351C,Prot,10_108931_YLR351C,12,829489,830364,7234103,5825553,8063592,5934484,0,TRANS,,
5726,rs_chromosome15_616835,15,,616835,1.27835562224324e-07,0.334219294482687,0.0622691118778411,0.0232283182463095,0.244524120806528,0,0.652384074236761,YLR355C,101,YLR355C,Prot,15_616835_YLR355C,12,838066,839253,7234103,10019344,8072169,10636179,0,TRANS,615000|616835,
9235,rs_chromosome15_1049440,15,,1049440,5.48847372133173e-06,0.272809551124576,0.0593051849735962,0.0139190575391346,0.211253563783802,0,0.652384074236761,YLR355C,101,YLR355C,Prot,15_1049440_YLR355C,12,838066,839253,7234103,10019344,8072169,11068784,0,TRANS,1049440|1049550,
9236,rs_chromosome15_1049550,15,,1049550,5.48847372133173e-06,0.272809551124576,0.0593051849735962,0.0139190575391346,0.211253563783802,0,0.652384074236761,YLR355C,101,YLR355C,Prot,15_1049550_YLR355C,12,838066,839253,7234103,10019344,8072169,11068894,0,TRANS,1049440|1049550,
947,rs_chromosome9_133880,9,,133880,1.68710673088334e-06,0.220022056549175,0.0453501014547703,0.0125670417481621,0.222248598455936,0,0.546217269636002,YLR359W,101,YLR359W,Prot,9_133880_YLR359W,12,844282,845730,7234103,5387374,8078385,5521254,0,TRANS,,
2012,rs_chromosome8_209377,8,,209377,2.81617349628822e-06,-0.271773539451558,0.0572909353113252,0.0254344211023339,0.217542731740505,0,0.546871510907602,YLR378C,101,YLR378C,Prot,8_209377_YLR378C,12,875736,877178,7234103,4825327,8109839,5034704,0,TRANS,,
1904,rs_chromosome12_207537,12,,207537,5.50772235507298e-06,0.451897739319919,0.0982528941148182,0.184715012112541,0.211220064842419,0,0.54294787881483,YLR378C,101,YLR378C,Prot,12_207537_YLR378C,12,875736,877178,7234103,7234103,8109839,7441640,668199,TRANS,,
6817,rs_chromosome12_802668,12,,802668,3.10098673503376e-06,-0.367909709524272,0.0778936844126491,0.101563665415103,0.216646178688417,0,0.348979662903112,YLR441C,101,YLR441C,Prot,12_802668_YLR441C,12,1018141,1018908,7234103,7234103,8252244,8036771,215473,TRANS,802668|802767,
807,rs_chromosome4_102617,4,,102617,5.81375468193971e-06,0.311379330466639,0.0678752181516642,0.0694483653126804,0.210701960200698,0,0.277094695113426,YLR447C,101,YLR447C,Prot,4_102617_YLR447C,12,1026856,1027893,7234103,1356984,8260959,1459601,0,TRANS,,
4342,rs_chromosome12_508385,12,,508385,2.21300893331109e-06,-0.403420230931819,0.0841379325075549,0.152565774188889,0.219769337712175,0,0.671002875906762,YML028W,101,YML028W,Prot,12_508385_YML028W,13,220138,220728,8312001,7234103,8532139,7742488,0,TRANS,,
2408,rs_chromosome11_237829,11,,237829,3.87273612257815e-07,-0.242673834113132,0.0471117930508937,0.0261040046370917,0.235225316098393,0,0.734650971467609,YML070W,101,YML070W,Prot,11_237829_YML070W,13,133475,135229,8312001,6570814,8445476,6808643,0,TRANS,,
1202,rs_chromosome13_133684,13,,133684,1.74166708528466e-06,0.278536021515321,0.0574895007002584,0.0531895428028709,0.22195925734429,0,0.741919367311081,YML070W,101,YML070W,Prot,13_133684_YML070W,13,133475,135229,8312001,8312001,8445476,8445685,0,CIS,,
8821,rs_chromosome4_1071150,4,,1071150,1.46753089575155e-06,-0.240559134776311,0.0492883369291603,0.0150746505201441,0.223511625285983,0,0.283904936374486,YML075C,101,YML075C,Prot,4_1071150_YML075C,13,115734,118898,8312001,1356984,8427735,2428134,0,TRANS,,
3003,rs_chromosome14_323367,14,,323367,6.42990969669159e-08,0.435492491313853,0.0792103543225976,0.17888032346187,0.250105386218111,0,0.276611558523138,YML075C,101,YML075C,Prot,14_323367_YML075C,13,115734,118898,8312001,9235803,8427735,9559170,0,TRANS,,
8140,rs_chromosome15_907181,15,,907181,2.293472214795e-06,0.359334829822257,0.075061280557425,0.126109396832024,0.219440872550554,0,0.273966838195767,YML075C,101,YML075C,Prot,15_907181_YML075C,13,115734,118898,8312001,10019344,8427735,10926525,0,TRANS,,
1833,rs_chromosome3_177325,3,,177325,5.87532438813138e-06,0.249199945885622,0.0543484898968078,0.0251812413210709,0.210600875936625,0,0.256776653895077,YML078W,101,YML078W,Prot,3_177325_YML078W,13,111002,111550,8312001,1040796,8423003,1218121,0,TRANS,,
1921,rs_chromosome10_220469,10,,220469,3.01830470955282e-06,-0.336419628684524,0.0711398289176612,0.103484090209004,0.216898055922908,0,0.126271951454329,YML106W,101,YML106W,Prot,10_220469_YML106W,13,56773,57453,8312001,5825553,8368774,6046022,0,TRANS,220469|220502,
1922,rs_chromosome10_220502,10,,220502,3.01830470955282e-06,-0.336419628684524,0.0711398289176612,0.103484090209004,0.216898055922908,0,0.126271951454329,YML106W,101,YML106W,Prot,10_220502_YML106W,13,56773,57453,8312001,5825553,8368774,6046055,0,TRANS,220469|220502,
3260,rs_chromosome12_367348,12,,367348,2.6211771388367e-06,0.297974581641839,0.0626131701581217,0.0314754923539017,0.218208043303464,0,0.482405312903221,YML124C,101,YML124C,Prot,12_367348_YML124C,13,22048,23683,8312001,7234103,8334049,7601451,0,TRANS,,
4040,rs_chromosome12_436725,12,,436725,2.1761641696214e-06,0.472564500296089,0.0984861338137635,0.218858525774408,0.219923577717894,0,0.482405312903221,YML124C,101,YML124C,Prot,12_436725_YML124C,13,22048,23683,8312001,7234103,8334049,7670828,0,TRANS,,
6670,rs_chromosome12_789236,12,,789236,1.24851360375045e-06,0.321234532499576,0.0653698574398328,0.0460639854365776,0.224966538521483,0,0.482405312903221,YML124C,101,YML124C,Prot,12_789236_YML124C,13,22048,23683,8312001,7234103,8334049,8023339,0,TRANS,789236|789269,
6671,rs_chromosome12_789259,12,,789259,1.24851360375045e-06,0.321234532499576,0.0653698574398328,0.0460639854365776,0.224966538521483,0,0.482405312903221,YML124C,101,YML124C,Prot,12_789259_YML124C,13,22048,23683,8312001,7234103,8334049,8023362,0,TRANS,789236|789269,
6672,rs_chromosome12_789264,12,,789264,1.24851360375045e-06,0.321234532499576,0.0653698574398328,0.0460639854365776,0.224966538521483,0,0.482405312903221,YML124C,101,YML124C,Prot,12_789264_YML124C,13,22048,23683,8312001,7234103,8334049,8023367,0,TRANS,789236|789269,
6673,rs_chromosome12_789266,12,,789266,1.24851360375045e-06,0.321234532499576,0.0653698574398328,0.0460639854365776,0.224966538521483,0,0.482405312903221,YML124C,101,YML124C,Prot,12_789266_YML124C,13,22048,23683,8312001,7234103,8334049,8023369,0,TRANS,789236|789269,
4357,rs_chromosome7_483491,7,,483491,5.57424078181929e-06,0.329239375388478,0.0716249473171899,0.0197066912280355,0.211105154756188,0,0.478860971874464,YMR012W,101,YMR012W,Prot,7_483491_YMR012W,13,291134,294967,8312001,3734736,8603135,4218227,0,TRANS,,
1619,rs_chromosome1_196696,1,,196696,8.70666922303908e-07,-0.302795575828153,0.0607041876944107,0.0699441293344162,0.228176623793799,0,0.157865195240444,YMR027W,101,YMR027W,Prot,1_196696_YMR027W,13,325877,327289,8312001,0,8637878,196696,0,TRANS,,
199,rs_chromosome9_48879,9,,48879,6.18301709900157e-06,-0.220208827316524,0.0481430729116678,0.00975525087833498,0.210110381914779,0,0.171182775200484,YMR027W,101,YMR027W,Prot,9_48879_YMR027W,13,325877,327289,8312001,5387374,8637878,5436253,0,TRANS,,
1496,rs_chromosome11_139646,11,,139646,4.91065251812093e-06,-0.219393329389283,0.0474435549828499,0.0180546421371795,0.212315206865867,0,0.144900995007207,YMR027W,101,YMR027W,Prot,11_139646_YMR027W,13,325877,327289,8312001,6570814,8637878,6710460,0,TRANS,,
651,rs_chromosome7_68133,7,,68133,6.00455122098144e-06,0.314407657337602,0.0686410111791631,0.0432762272692207,0.210391958841274,0,0.71611902669828,YMR083W,101,YMR083W,Prot,7_68133_YMR083W,13,434788,435915,8312001,3734736,8746789,3802869,0,TRANS,,
653,rs_chromosome7_68211,7,,68211,6.87452365595682e-06,0.261942262181748,0.057559961952513,0.04761065872067,0.209087955828849,0,0.71611902669828,YMR083W,101,YMR083W,Prot,7_68211_YMR083W,13,434788,435915,8312001,3734736,8746789,3802947,0,TRANS,,
2006,rs_chromosome16_224865,16,,224865,4.69992973713086e-06,0.272922516259556,0.058897996570334,0.0198361847097307,0.212732298529583,0,0.37706247212641,YMR092C,101,YMR092C,Prot,16_224865_YMR092C,13,451632,453479,8312001,11110207,8763633,11335072,0,TRANS,,
3134,rs_chromosome16_357842,16,,357842,9.10652933784529e-06,0.280117568508761,0.0624071600504605,0.0657361801985191,0.206351605177141,0,0.35700298932531,YMR099C,101,YMR099C,Prot,16_357842_YMR099C,13,463934,464827,8312001,11110207,8775935,11468049,0,TRANS,,
6025,rs_chromosome4_707900,4,,707900,5.90938423541482e-06,0.463008037995138,0.101006149147649,0.201664213002555,0.210545390236135,0,0.561989905770422,YMR108W,101,YMR108W,Prot,4_707900_YMR108W,13,484084,486147,8312001,1356984,8796085,2064884,0,TRANS,707900|708341,
6026,rs_chromosome4_707905,4,,707905,5.90938423541482e-06,0.463008037995138,0.101006149147649,0.201664213002555,0.210545390236135,0,0.561989905770422,YMR108W,101,YMR108W,Prot,4_707905_YMR108W,13,484084,486147,8312001,1356984,8796085,2064889,0,TRANS,707900|708341,
6670,rs_chromosome12_789236,12,,789236,5.60183046166004e-07,-0.344333421519142,0.0678182050408287,0.0483620170473816,0.232041331149491,0,0.569533070082233,YMR116C,101,YMR116C,Prot,12_789236_YMR116C,13,499456,500688,8312001,7234103,8811457,8023339,0,TRANS,789236|789269,
6671,rs_chromosome12_789259,12,,789259,5.60183046166004e-07,-0.344333421519142,0.0678182050408287,0.0483620170473816,0.232041331149491,0,0.569533070082233,YMR116C,101,YMR116C,Prot,12_789259_YMR116C,13,499456,500688,8312001,7234103,8811457,8023362,0,TRANS,789236|789269,
6672,rs_chromosome12_789264,12,,789264,5.60183046166004e-07,-0.344333421519142,0.0678182050408287,0.0483620170473816,0.232041331149491,0,0.569533070082233,YMR116C,101,YMR116C,Prot,12_789264_YMR116C,13,499456,500688,8312001,7234103,8811457,8023367,0,TRANS,789236|789269,
6673,rs_chromosome12_789266,12,,789266,5.60183046166004e-07,-0.344333421519142,0.0678182050408287,0.0483620170473816,0.232041331149491,0,0.569533070082233,YMR116C,101,YMR116C,Prot,12_789266_YMR116C,13,499456,500688,8312001,7234103,8811457,8023369,0,TRANS,789236|789269,
3066,rs_chromosome10_345062,10,,345062,1.64879390930464e-06,-0.331587489362252,0.0682781247868714,0.0937674820337829,0.222457184104579,0,0.201922517112277,YMR120C,101,YMR120C,Prot,10_345062_YMR120C,13,507502,509280,8312001,5825553,8819503,6170615,0,TRANS,,
9136,rs_chromosome12_1051821,12,,1051821,1.0953623843795e-06,0.320699766587242,0.0649050485434654,0.0295157711003457,0.226137483031002,0,0.577011828981207,YMR186W,101,YMR186W,Prot,12_1051821_YMR186W,13,632355,634472,8312001,7234103,8944356,8285924,0,TRANS,,
124,rs_chromosome1_37478,1,,37478,3.87544707370941e-08,0.272156303667426,0.0486642245980014,0.0380288813650089,0.254133503535553,0,0.491425667453588,YMR189W,101,YMR189W,Prot,1_37478_YMR189W,13,637500,640604,8312001,0,8949501,37478,0,TRANS,,
9588,rs_chromosome4_1175261,4,,1175261,2.79913035734768e-07,-0.232557702704707,0.0445927541579939,0.0139224424126295,0.237988721079174,0,0.484769943462195,YMR189W,101,YMR189W,Prot,4_1175261_YMR189W,13,637500,640604,8312001,1356984,8949501,2532245,0,TRANS,1175261|1175266,
1214,rs_chromosome11_113405,11,,113405,1.269338738367e-06,-0.294045772358562,0.0598786805980408,0.0243376946865685,0.224818076860844,0,0.493012651972958,YMR189W,101,YMR189W,Prot,11_113405_YMR189W,13,637500,640604,8312001,6570814,8949501,6684219,0,TRANS,,
2024,rs_chromosome11_196560,11,,196560,2.27719149226383e-06,-0.245689323683141,0.0513058210254035,0.0433471339124307,0.219506433590709,0,0.493012651972958,YMR189W,101,YMR189W,Prot,11_196560_YMR189W,13,637500,640604,8312001,6570814,8949501,6767374,0,TRANS,,
7104,rs_chromosome16_844251,16,,844251,6.00388637383385e-06,-0.231315711156634,0.0505002341487426,0.00952255888429575,0.210393022661414,0,0.403937564524507,YMR203W,101,YMR203W,Prot,16_844251_YMR203W,13,668492,669655,8312001,11110207,8980493,11954458,0,TRANS,,
4681,rs_chromosome12_547847,12,,547847,2.12332087526204e-06,-0.35667621975744,0.0742540505223336,0.0672073443664733,0.220149211604038,0,0.638303649449665,YMR205C,101,YMR205C,Prot,12_547847_YMR205C,13,671887,674766,8312001,7234103,8983888,7781950,0,TRANS,,
9263,rs_chromosome4_1131916,4,,1131916,2.78933531659087e-08,0.325561798086087,0.057588003662379,0.0193120464487622,0.256713427481311,0,0.284276093141908,YMR235C,101,YMR235C,Prot,4_1131916_YMR235C,13,741512,742735,8312001,1356984,9053513,2488900,0,TRANS,,
2551,rs_chromosome2_349229,2,,349229,2.66572839842256e-06,0.371729195477144,0.0781698765329106,0.0311103867266299,0.218051962472113,0,0.625571401000762,YMR246W,101,YMR246W,Prot,2_349229_YMR246W,13,759807,761891,8312001,229317,9071808,578546,0,TRANS,,
3333,rs_chromosome4_406847,4,,406847,2.22961692124764e-06,0.302020702447071,0.0630105967932756,0.0216851659124414,0.219700615204402,0,0.628424681773442,YMR246W,101,YMR246W,Prot,4_406847_YMR246W,13,759807,761891,8312001,1356984,9071808,1763831,0,TRANS,,
7649,rs_chromosome16_916332,16,,916332,4.19684695910177e-06,0.292588708602162,0.0628101666610299,0.0284953278675927,0.213805121125458,0,0.630274938699164,YMR246W,101,YMR246W,Prot,16_916332_YMR246W,13,759807,761891,8312001,11110207,9071808,12026539,0,TRANS,,
779,rs_chromosome10_107836,10,,107836,1.10811689362737e-07,-0.317643978094414,0.0588806690054829,0.0258982032956078,0.245695970104052,0,0.332369012146919,YMR300C,101,YMR300C,Prot,10_107836_YMR300C,13,865559,867091,8312001,5825553,9177560,5933389,0,TRANS,,
1520,rs_chromosome1_190504,1,,190504,4.12590001226059e-06,0.292566521973943,0.0627558541265516,0.0319695699656946,0.213966208209091,0,0.121955522269891,YNL002C,101,YNL002C,Prot,1_190504_YNL002C,14,626174,627142,9235803,0,9861977,190504,0,TRANS,,
2390,rs_chromosome12_261488,12,,261488,3.23718358752818e-06,-0.277354338345949,0.0588356542501391,0.0333665461589639,0.216244951080478,0,0.123069908979496,YNL002C,101,YNL002C,Prot,12_261488_YNL002C,14,626174,627142,9235803,7234103,9861977,7495591,0,TRANS,,
6577,rs_chromosome2_803180,2,,803180,8.48380888185219e-07,-0.333504420608966,0.0667899136304215,0.0457006519120239,0.228405745398007,0,0.629887792747283,YNL007C,101,YNL007C,Prot,2_803180_YNL007C,14,618507,619565,9235803,229317,9854310,1032497,0,TRANS,,
6581,rs_chromosome2_803228,2,,803228,1.18766157266816e-06,-0.306121705789143,0.0621640984085045,0.0352322732615798,0.225414364153784,0,0.629887792747283,YNL007C,101,YNL007C,Prot,2_803228_YNL007C,14,618507,619565,9235803,229317,9854310,1032545,0,TRANS,803201|803231,
3235,rs_chromosome13_419718,13,,419718,6.24202092108821e-06,0.346365828613198,0.0757585736655828,0.114772380007963,0.210018990991939,0,0.6343900246005,YNL007C,101,YNL007C,Prot,13_419718_YNL007C,14,618507,619565,9235803,8312001,9854310,8731719,0,TRANS,419718|420702,
119,rs_chromosome12_25389,12,,25389,1.73621063544301e-06,0.33483763200068,0.0691007390731671,0.0924751907247438,0.22198779996493,0,0.249356434073049,YNL037C,101,YNL037C,Prot,12_25389_YNL037C,14,557920,559002,9235803,7234103,9793723,7259492,0,TRANS,,
1428,rs_chromosome4_180004,4,,180004,7.0850535020065e-07,-0.2544729068916,0.0505917854982941,0.0263236170607986,0.229991235171629,0,0.335962442678999,YNL044W,101,YNL044W,Prot,4_180004_YNL044W,14,545268,545877,9235803,1356984,9781071,1536988,0,TRANS,,
2444,rs_chromosome16_272492,16,,272492,1.25192628808639e-06,-0.245270683966488,0.0499172620558007,0.0164277491294603,0.224942047713083,0,0.319325033491048,YNL044W,101,YNL044W,Prot,16_272492_YNL044W,14,545268,545877,9235803,11110207,9781071,11382699,0,TRANS,,
9581,rs_chromosome4_1175182,4,,1175182,5.37314024317464e-06,0.189035825971821,0.0410525720945985,0.00606856207770726,0.211456661190189,0,0.427355030103457,YNL079C,101,YNL079C,Prot,4_1175182_YNL079C,14,478566,479165,9235803,1356984,9714369,2532166,0,TRANS,,
9588,rs_chromosome4_1175261,4,,1175261,1.07322929987517e-06,0.21169130034195,0.0428069660126881,0.0108305852452877,0.226319563946287,0,0.427355030103457,YNL079C,101,YNL079C,Prot,4_1175261_YNL079C,14,478566,479165,9235803,1356984,9714369,2532245,0,TRANS,,
3769,rs_chromosome9_432028,9,,432028,1.1389024004384e-07,0.237394526377098,0.0440478590187734,0.0141029677029171,0.245471734241072,0,0.426061455352589,YNL079C,101,YNL079C,Prot,9_432028_YNL079C,14,478566,479165,9235803,5387374,9714369,5819402,0,TRANS,432021|432028,
4468,rs_chromosome14_485955,14,,485955,2.70051803776706e-06,-0.22045662765407,0.0463860336911078,0.0200190526991436,0.217931805867734,0,0.432668411622953,YNL079C,101,YNL079C,Prot,14_485955_YNL079C,14,478566,479165,9235803,9235803,9714369,9721758,-6790,CIS,,
4989,rs_chromosome16_588966,16,,588966,1.17665199279615e-06,-0.232822585885659,0.047260839839054,0.0275752565263703,0.225497730632011,0,0.432784410195017,YNL079C,101,YNL079C,Prot,16_588966_YNL079C,14,478566,479165,9235803,11110207,9714369,11699173,0,TRANS,,
2333,rs_chromosome5_283424,5,,283424,3.2840879591039e-06,-0.239969144897341,0.0509382913844155,0.0107892209053979,0.216110501961514,0,0.216525397042757,YNL085W,101,YNL085W,Prot,5_283424_YNL085W,14,467131,469623,9235803,2888695,9702934,3172119,0,TRANS,,
5279,rs_chromosome12_618828,12,,618828,2.03662624056116e-06,0.219814271598064,0.0456783442195045,0.0102689329871542,0.220531297703376,0,0.419697830776446,YNL096C,101,YNL096C,Prot,12_618828_YNL096C,14,443398,444315,9235803,7234103,9679201,7852931,0,TRANS,,
4968,rs_chromosome15_517533,15,,517533,1.58134797299919e-06,0.302434643422336,0.0621638184028056,0.0949467083618243,0.222835924220146,0,0.424684311445331,YNL096C,101,YNL096C,Prot,15_517533_YNL096C,14,443398,444315,9235803,10019344,9679201,10536877,0,TRANS,,
2498,rs_chromosome15_267756,15,,267756,6.59058393682822e-06,0.385210982261769,0.084475250243108,0.147254067860099,0.209495350242664,0,0.312818640321573,YNL098C,101,YNL098C,Prot,15_267756_YNL098C,14,439602,440570,9235803,10019344,9675405,10287100,0,TRANS,,
655,rs_chromosome4_83830,4,,83830,1.89234330830447e-06,0.286846502448996,0.0594176190608776,0.0175223292042294,0.221203129002257,0,0.318837112681133,YNL104C,101,YNL104C,Prot,4_83830_YNL104C,14,424895,426754,9235803,1356984,9660698,1440814,0,TRANS,,
4791,rs_chromosome4_575378,4,,575378,1.60229567662125e-06,-0.236059781802469,0.0485481611653851,0.0271628766814892,0.222716662347852,0,0.249609691785083,YNL112W,101,YNL112W,Prot,4_575378_YNL112W,14,413639,416281,9235803,1356984,9649442,1932362,0,TRANS,,
1816,rs_chromosome6_222997,6,,222997,9.12956952433531e-06,0.282097412214927,0.0628561243341306,0.0172412363778911,0.206326847956249,0,0.754434201252572,YNL134C,101,YNL134C,Prot,6_222997_YNL134C,14,372451,373581,9235803,3465220,9608254,3688217,0,TRANS,,
6817,rs_chromosome12_802668,12,,802668,1.32943395007763e-06,-0.401915271680016,0.0820046030430261,0.126139914431186,0.224402396943833,0,0.478519703199527,YNL178W,101,YNL178W,Prot,12_802668_YNL178W,14,302680,303402,9235803,7234103,9538483,8036771,0,TRANS,802668|802767,
6855,rs_chromosome12_805896,12,,805896,7.17809893248901e-06,-0.38793147656851,0.0854238426809768,0.110178893818175,0.208669763488204,0,0.478519703199527,YNL178W,101,YNL178W,Prot,12_805896_YNL178W,14,302680,303402,9235803,7234103,9538483,8039999,0,TRANS,,
6423,rs_chromosome16_755594,16,,755594,4.20067331591453e-06,-0.244103382876954,0.0524040095403161,0.0177708263809675,0.213796507365436,0,0.484847220280263,YNL178W,101,YNL178W,Prot,16_755594_YNL178W,14,302680,303402,9235803,11110207,9538483,11865801,0,TRANS,,
1713,rs_chromosome4_221995,4,,221995,5.48592919580019e-06,0.200879780352943,0.0436676450722168,0.0117625848340146,0.211258000479558,0,0.750677123383604,YNL239W,101,YNL239W,Prot,4_221995_YNL239W,14,200569,201933,9235803,1356984,9436372,1578979,0,TRANS,,
2031,rs_chromosome14_200328,14,,200328,2.25058945762307e-09,0.529483573280064,0.0867724525108785,0.15775812509797,0.275593421073532,0,0.745702029030648,YNL239W,101,YNL239W,Prot,14_200328_YNL239W,14,200569,201933,9235803,9235803,9436372,9436131,241,CIS,,
510,rs_chromosome1_68901,1,,68901,3.71036278238097e-06,0.211994514172926,0.0452513084460346,0.00916076417679905,0.2149664251756,0,0.0618768488869275,YNL290W,101,YNL290W,Prot,1_68901_YNL290W,14,86218,87240,9235803,0,9322021,68901,0,TRANS,,
2516,rs_chromosome3_259403,3,,259403,3.24592075845895e-07,0.267863271984444,0.0516514654419426,0.013825256199654,0.236732401414254,0,0.151223140392296,YNL307C,101,YNL307C,Prot,3_259403_YNL307C,14,56446,57573,9235803,1040796,9292249,1300199,0,TRANS,,
2967,rs_chromosome14_319971,14,,319971,1.8196928544591e-07,0.258553697794602,0.0487909372136141,0.0137110941724413,0.241602920947826,0,0.148309731123495,YNL307C,101,YNL307C,Prot,14_319971_YNL307C,14,56446,57573,9235803,9235803,9292249,9555774,-262398,TRANS,,
7104,rs_chromosome16_844251,16,,844251,1.47701676948979e-06,0.237900745060008,0.048757020757643,0.0105142166013524,0.223453424786793,0,0.139101355813191,YNL307C,101,YNL307C,Prot,16_844251_YNL307C,14,56446,57573,9235803,11110207,9292249,11954458,0,TRANS,,
487,rs_chromosome5_78410,5,,78410,5.0272928041181e-07,-0.359492256345726,0.0705024580629846,0.0456860858600179,0.23297944152814,0,0.530169098729128,YNR034W-A,101,YNR034W-A,Prot,5_78410_YNR034W-A,14,692561,692857,9235803,2888695,9928364,2967105,0,TRANS,,
4738,rs_chromosome10_576221,10,,576221,1.38889879119635e-06,0.299281046379239,0.0611767541784102,0.0147960637077198,0.224008442420205,0,0.530641632895989,YNR034W-A,101,YNR034W-A,Prot,10_576221_YNR034W-A,14,692561,692857,9235803,5825553,9928364,6401774,0,TRANS,,
7247,rs_chromosome15_785154,15,,785154,1.61904283890251e-06,0.239497357732232,0.0492770817916311,0.0387909591142734,0.222622385156306,0,0.516506495227526,YNR043W,101,YNR043W,Prot,15_785154_YNR043W,14,701895,703085,9235803,10019344,9937698,10804498,0,TRANS,,
5084,rs_chromosome7_601612,7,,601612,1.941176225404e-06,0.326416605289457,0.0676890718077911,0.0973355319115208,0.220970414327082,0,0.669111986436189,YNR050C,101,YNR050C,Prot,7_601612_YNR050C,14,714048,715388,9235803,3734736,9949851,4336348,0,TRANS,,
3445,rs_chromosome13_446706,13,,446706,2.54735738642886e-06,0.213282021778401,0.0447598587154806,0.0128088543226695,0.2184723374528,0,0.660333155334171,YNR050C,101,YNR050C,Prot,13_446706_YNR050C,14,714048,715388,9235803,8312001,9949851,8758707,0,TRANS,,
5931,rs_chromosome7_697071,7,,697071,3.21490257346903e-06,-0.365058952653407,0.0774163529489606,0.0735989515481405,0.21630947223386,0,0.282044098015916,YOL012C,101,YOL012C,Prot,7_697071_YOL012C,15,303579,303983,10019344,3734736,10322923,4431807,0,TRANS,,
2290,rs_chromosome10_260357,10,,260357,4.50295112680017e-06,0.317112942364242,0.0682978398926423,0.0994414545489628,0.21313865654767,0,0.284836114413374,YOL012C,101,YOL012C,Prot,10_260357_YOL012C,15,303579,303983,10019344,5825553,10322923,6085910,0,TRANS,,
348,rs_chromosome11_31244,11,,31244,2.67759446376669e-07,-0.257912705629264,0.0493720285169518,0.0209171575199451,0.23836394380759,0,0.286238703717199,YOL012C,101,YOL012C,Prot,11_31244_YOL012C,15,303579,303983,10019344,6570814,10322923,6602058,0,TRANS,,
2003,rs_chromosome8_208545,8,,208545,2.18930404092944e-06,0.27895804520677,0.0581523988935312,0.0339206230164342,0.219868286631815,0,0.542732265154585,YOL038W,101,YOL038W,Prot,8_208545_YOL038W,15,255337,256101,10019344,4825327,10274681,5033872,0,TRANS,208545|209377,
6293,rs_chromosome7_733930,7,,733930,4.6750841764261e-06,0.570324846146396,0.123048351152871,0.283316302329075,0.212782647865511,0,0.735560958076446,YOL058W,101,YOL058W,Prot,7_733930_YOL058W,15,219211,220473,10019344,3734736,10238555,4468666,0,TRANS,733771|733930,
1629,rs_chromosome1_197225,1,,197225,5.09132358103071e-06,-0.336321671595188,0.072852850937774,0.0972671602253564,0.211970984042059,0,0.0491608180459797,YOL061W,101,YOL061W,Prot,1_197225_YOL061W,15,212244,213734,10019344,0,10231588,197225,0,TRANS,,
655,rs_chromosome4_83830,4,,83830,2.43954310355245e-06,0.293499293013047,0.0614763810082338,0.0165432868434992,0.218871813621277,0,0.275098942767641,YOL064C,101,YOL064C,Prot,4_83830_YOL064C,15,206103,207176,10019344,1356984,10225447,1440814,0,TRANS,,
9588,rs_chromosome4_1175261,4,,1175261,6.95192541046876e-06,0.206466006427514,0.045394026910231,0.0110900496585583,0.208979683046845,0,0.512869267834945,YOL109W,101,YOL109W,Prot,4_1175261_YOL109W,15,110297,110638,10019344,1356984,10129641,2532245,0,TRANS,,
5459,rs_chromosome12_644135,12,,644135,2.35292293764543e-06,-0.487478123912594,0.10194408902663,0.233954924592854,0.219205194088859,0,0.510181346564911,YOL109W,101,YOL109W,Prot,12_644135_YOL109W,15,110297,110638,10019344,7234103,10129641,7878238,0,TRANS,644081|644135,
6025,rs_chromosome12_712247,12,,712247,1.46235047976315e-07,-0.549513639382031,0.102876702032021,0.143446146026067,0.243416011935687,0,0.510181346564911,YOL109W,101,YOL109W,Prot,12_712247_YOL109W,15,110297,110638,10019344,7234103,10129641,7946350,0,TRANS,712247|712976,
295,rs_chromosome8_35255,8,,35255,1.82931574865954e-06,-0.443652199048543,0.0917636797148643,0.051092225934208,0.221512140160441,0,0.443644888980201,YOL127W,101,YOL127W,Prot,8_35255_YOL127W,15,80348,81190,10019344,4825327,10099692,4860582,0,TRANS,,
1895,rs_chromosome13_231392,13,,231392,4.56587913369345e-07,-0.278953296121538,0.0545017287528843,0.0165636942638826,0.233810722277076,0,0.446620910842222,YOL127W,101,YOL127W,Prot,13_231392_YOL127W,15,80348,81190,10019344,8312001,10099692,8543393,0,TRANS,,
4539,rs_chromosome16_549709,16,,549709,2.6891512778839e-06,-0.267189587688086,0.0562084776200514,0.0523405678219779,0.217970900763356,0,0.297438592969205,YOR021C,101,YOR021C,Prot,16_549709_YOR021C,15,372798,373439,10019344,11110207,10392142,11659916,0,TRANS,,
4985,rs_chromosome16_588825,16,,588825,5.18998681366018e-07,-0.287136333602188,0.0563827922947292,0.0745421478813581,0.232703741930579,0,0.627443656842354,YOR027W,101,YOR027W,Prot,16_588825_YOR027W,15,381053,382822,10019344,11110207,10400397,11699032,0,TRANS,,
4313,rs_chromosome12_504236,12,,504236,1.60363745530396e-06,-0.411272695663903,0.0845855603497115,0.146664205951292,0.2227090741746,0,0.516532119930239,YOR063W,101,YOR063W,Prot,12_504236_YOR063W,15,444686,445849,10019344,7234103,10464030,7738339,0,TRANS,,
1965,rs_chromosome8_203641,8,,203641,3.09761081165217e-06,-0.346920218256064,0.0734461851720712,0.0520943938081564,0.216656336472263,0,0.660618820478513,YOR065W,101,YOR065W,Prot,8_203641_YOR065W,15,447439,448368,10019344,4825327,10466783,5028968,0,TRANS,,
1487,rs_chromosome9_192621,9,,192621,3.5132707436907e-07,-0.250863088779338,0.048519736802353,0.0231244960038165,0.236058063243268,0,0.663359174414878,YOR065W,101,YOR065W,Prot,9_192621_YOR065W,15,447439,448368,10019344,5387374,10466783,5579995,0,TRANS,192530|192621,
2322,rs_chromosome5_280968,5,,280968,9.95465042865162e-06,-0.231944908199349,0.0519044350102959,0.0186898725183934,0.205477343896033,0,0.661661569649969,YOR095C,101,YOR095C,Prot,5_280968_YOR095C,15,503552,504328,10019344,2888695,10522896,3169663,0,TRANS,,
338,rs_chromosome9_65995,9,,65995,6.41319954743995e-06,0.376975357835657,0.0825607592867538,0.0451658429608817,0.209758440788025,0,0.660536966748143,YOR095C,101,YOR095C,Prot,9_65995_YOR095C,15,503552,504328,10019344,5387374,10522896,5453369,0,TRANS,65995|66032,
340,rs_chromosome9_66032,9,,66032,6.41319954743995e-06,0.376975357835657,0.0825607592867538,0.0451658429608817,0.209758440788025,0,0.660536966748143,YOR095C,101,YOR095C,Prot,9_66032_YOR095C,15,503552,504328,10019344,5387374,10522896,5453406,0,TRANS,65995|66032,
3534,rs_chromosome16_418246,16,,418246,9.00573454051787e-06,-0.219401288878778,0.0488532734017375,0.0236474745690315,0.206460617614507,0,0.658898030379075,YOR095C,101,YOR095C,Prot,16_418246_YOR095C,15,503552,504328,10019344,11110207,10522896,11528453,0,TRANS,,
919,rs_chromosome5_122792,5,,122792,7.93034913748309e-07,0.22023524725201,0.0439849281165213,0.0138082082370363,0.229000742887461,0,0.467172437864245,YOR128C,101,YOR128C,Prot,5_122792_YOR128C,15,564476,566191,10019344,2888695,10583820,3011487,0,TRANS,,
5208,rs_chromosome11_535579,11,,535579,4.89951359495273e-06,0.231463227478421,0.0500483204935796,0.0333846579621505,0.212336822957561,0,0.472471267111466,YOR128C,101,YOR128C,Prot,11_535579_YOR128C,15,564476,566191,10019344,6570814,10583820,7106393,0,TRANS,,
9590,rs_chromosome4_1175266,4,,1175266,7.91606663795862e-08,-0.261245175045876,0.0478586655985047,0.0160039961244237,0.24843073462421,0,0.548715146662591,YOR142W,101,YOR142W,Prot,4_1175266_YOR142W,15,593057,594046,10019344,1356984,10612401,2532250,0,TRANS,1175261|1175266,
3868,rs_chromosome5_482745,5,,482745,5.74374557524793e-07,-0.43372740695737,0.0855094881305305,0.0839825741472097,0.231823879230296,0,0.552867375668398,YOR142W,101,YOR142W,Prot,5_482745_YOR142W,15,593057,594046,10019344,2888695,10612401,3371440,0,TRANS,,
2041,rs_chromosome6_248645,6,,248645,2.29239781206608e-06,-0.452216551723085,0.0944613485564377,0.0553852631600712,0.219445185328395,0,0.552763782754471,YOR142W,101,YOR142W,Prot,6_248645_YOR142W,15,593057,594046,10019344,3465220,10612401,3713865,0,TRANS,,
3768,rs_chromosome9_432021,9,,432021,5.06735094257021e-06,-0.230755971476077,0.0499744621201951,0.0126733209413266,0.212015980654309,0,0.545724918856319,YOR142W,101,YOR142W,Prot,9_432021_YOR142W,15,593057,594046,10019344,5387374,10612401,5819395,0,TRANS,,
1032,rs_chromosome13_113119,13,,113119,3.82439992608056e-06,-0.23461114571295,0.0501485826627983,0.034015826547778,0.214681678173085,0,0.580217268590144,YOR198C,101,YOR198C,Prot,13_113119_YOR198C,15,718653,720065,10019344,8312001,10737997,8425120,0,TRANS,,
2003,rs_chromosome8_208545,8,,208545,2.539653961455e-07,-0.313098247879966,0.0598173963292099,0.039643396820511,0.238810212798448,0,0.644358471084891,YOR209C,101,YOR209C,Prot,8_208545_YOR209C,15,736437,737726,10019344,4825327,10755781,5033872,0,TRANS,,
2032,rs_chromosome8_216123,8,,216123,3.3978554251228e-06,0.220885717717138,0.0469600711764798,0.00972697205580564,0.215791868719797,0,0.644358471084891,YOR209C,101,YOR209C,Prot,8_216123_YOR209C,15,736437,737726,10019344,4825327,10755781,5041450,0,TRANS,,
3682,rs_chromosome13_474468,13,,474468,1.33779052234456e-06,-0.251900867664601,0.0514100799676999,0.0324104459100265,0.224346026465816,0,0.64102692949459,YOR209C,101,YOR209C,Prot,13_474468_YOR209C,15,736437,737726,10019344,8312001,10755781,8786469,0,TRANS,,
5726,rs_chromosome15_616835,15,,616835,9.43879801303426e-07,-0.296630320162982,0.0596653549662717,0.0193664684614973,0.227461657724715,0,0.634305739203783,YOR209C,101,YOR209C,Prot,15_616835_YOR209C,15,736437,737726,10019344,10019344,10755781,10636179,119602,TRANS,,
5735,rs_chromosome15_617274,15,,617274,3.86210807978849e-06,0.329525821115935,0.0704685619494295,0.100780464738134,0.214589304742424,0,0.634305739203783,YOR209C,101,YOR209C,Prot,15_617274_YOR209C,15,736437,737726,10019344,10019344,10755781,10636618,119163,TRANS,,
6821,rs_chromosome15_737961,15,,737961,4.30278437240949e-09,0.481480802249922,0.0803934077652064,0.226687283732282,0.270870911012296,0,0.634305739203783,YOR209C,101,YOR209C,Prot,15_737961_YOR209C,15,736437,737726,10019344,10019344,10755781,10757305,-235,CIS,,
4315,rs_chromosome8_501608,8,,501608,8.20354871210212e-06,0.417026088441339,0.0924312893764881,0.0460251885041241,0.207372114675835,0,0.614449083886679,YOR230W,101,YOR230W,Prot,8_501608_YOR230W,15,770800,772113,10019344,4825327,10790144,5326935,0,TRANS,,
4518,rs_chromosome14_490287,14,,490287,2.17415413492542e-07,0.384269287487603,0.0729910842875874,0.0632817604983578,0.240116241964431,0,0.613491724783081,YOR230W,101,YOR230W,Prot,14_490287_YOR230W,15,770800,772113,10019344,9235803,10790144,9726090,0,TRANS,,
4040,rs_chromosome15_424697,15,,424697,3.37513900601026e-06,0.380285672690095,0.0808236633209336,0.0617723191664122,0.215854668334531,0,0.609793953136682,YOR230W,101,YOR230W,Prot,15_424697_YOR230W,15,770800,772113,10019344,10019344,10790144,10444041,346103,TRANS,,
2764,rs_chromosome9_344740,9,,344740,1.98936663987952e-06,-0.309396808844375,0.0642281867979733,0.0752894144226569,0.220746193197552,0,0.402402442550988,YOR265W,101,YOR265W,Prot,9_344740_YOR265W,15,820454,820774,10019344,5387374,10839798,5732114,0,TRANS,,
165,rs_chromosome6_48886,6,,48886,2.83936635669636e-06,-0.391798114473951,0.0826229592499948,0.0457929681190359,0.217466552162664,0,0.429849018921158,YOR298C-A,101,YOR298C-A,Prot,6_48886_YOR298C-A,15,877230,877685,10019344,3465220,10896574,3514106,0,TRANS,,
441,rs_chromosome6_76160,6,,76160,1.03657819675266e-06,-0.233264735179241,0.0471015015011646,0.0105690257045189,0.226629152251155,0,0.429849018921158,YOR298C-A,101,YOR298C-A,Prot,6_76160_YOR298C-A,15,877230,877685,10019344,3465220,10896574,3541380,0,TRANS,,
8590,rs_chromosome7_987783,7,,987783,7.09092431225307e-07,-0.236667181639858,0.0470533962201558,0.0159207117474448,0.229983972477114,0,0.424762134404828,YOR298C-A,101,YOR298C-A,Prot,7_987783_YOR298C-A,15,877230,877685,10019344,3734736,10896574,4722519,0,TRANS,,
396,rs_chromosome10_71322,10,,71322,2.70317029723606e-06,-0.235277823573504,0.0495067152033408,0.0258569273804568,0.217922706322011,0,0.428714515226056,YOR298C-A,101,YOR298C-A,Prot,10_71322_YOR298C-A,15,877230,877685,10019344,5825553,10896574,5896875,0,TRANS,,
1496,rs_chromosome11_139646,11,,139646,2.647919744571e-06,-0.225259006492204,0.047354919054833,0.0183769807603984,0.218114051736475,0,0.428329827589463,YOR298C-A,101,YOR298C-A,Prot,11_139646_YOR298C-A,15,877230,877685,10019344,6570814,10896574,6710460,0,TRANS,,
5850,rs_chromosome13_728436,13,,728436,2.77127588997578e-06,-0.225884207734865,0.0475830275208737,0.0105160152228013,0.217691923514805,0,0.421716756846611,YOR298C-A,101,YOR298C-A,Prot,13_728436_YOR298C-A,15,877230,877685,10019344,8312001,10896574,9040437,0,TRANS,,
7701,rs_chromosome16_921388,16,,921388,1.59364039490943e-06,-0.228872822392169,0.0470591726467461,0.0110052300073153,0.222765757435498,0,0.426749554657206,YOR298C-A,101,YOR298C-A,Prot,16_921388_YOR298C-A,15,877230,877685,10019344,11110207,10896574,12031595,0,TRANS,,
2422,rs_chromosome16_270630,16,,270630,1.52734717154679e-06,0.238092010295745,0.0488659411730555,0.0293915339648445,0.223150491548389,0,0.297054895505714,YOR332W,101,YOR332W,Prot,16_270630_YOR332W,15,943656,944357,10019344,11110207,10963000,11380837,0,TRANS,,
6023,rs_chromosome4_707645,4,,707645,3.34191031078081e-06,-0.23267556323055,0.0494292454730128,0.0109544289624548,0.215947260687046,0,0.385214128371807,YOR369C,101,YOR369C,Prot,4_707645_YOR369C,15,1028194,1028625,10019344,1356984,11047538,2064629,0,TRANS,,
2100,rs_chromosome10_239123,10,,239123,3.52195757311926e-06,-0.49544594852774,0.105503644515833,0.0817387622282185,0.215455715683986,0,0.626882172431188,YOR374W,101,YOR374W,Prot,10_239123_YOR374W,15,1039840,1041399,10019344,5825553,11059184,6064676,0,TRANS,,
5373,rs_chromosome11_559504,11,,559504,3.54632239877925e-06,0.35727034752437,0.0761035406056614,0.0762092441541888,0.215391050823358,0,0.627583766962545,YOR374W,101,YOR374W,Prot,11_559504_YOR374W,15,1039840,1041399,10019344,6570814,11059184,7130318,0,TRANS,,
7336,rs_chromosome13_868866,13,,868866,4.69186092193711e-06,0.243487325645135,0.0525415175710986,0.0110633186944719,0.212748622002418,0,0.464447364296,YOR375C,101,YOR375C,Prot,13_868866_YOR375C,15,1041678,1043042,10019344,8312001,11061022,9180867,0,TRANS,,
5294,rs_chromosome4_621945,4,,621945,1.09018015614098e-06,-0.215642815786723,0.0436344185952897,0.0144521810797894,0.226179796850457,0,0.515286021930616,YPL028W,101,YPL028W,Prot,4_621945_YPL028W,16,498096,499292,11110207,1356984,11608303,1978929,0,TRANS,,
5926,rs_chromosome12_703611,12,,703611,3.07220641866759e-07,0.410580400718659,0.0790059945916271,0.165897229212559,0.237199835933383,0,0.903529959762992,YPL061W,101,YPL061W,Prot,12_703611_YPL061W,16,432588,434090,11110207,7234103,11542795,7937714,0,TRANS,,
6530,rs_chromosome13_798736,13,,798736,1.3144503236747e-06,0.295674077671065,0.0602988855113572,0.0243123792549217,0.224504327087718,0,0.900606567541231,YPL061W,101,YPL061W,Prot,13_798736_YPL061W,16,432588,434090,11110207,8312001,11542795,9110737,0,TRANS,,
4833,rs_chromosome7_567850,7,,567850,4.33570955280686e-06,-0.231589225464882,0.0497905071132294,0.00138562807468419,0.213497219644787,0,0.680072671704259,YPL078C,101,YPL078C,Prot,7_567850_YPL078C,16,408010,408744,11110207,3734736,11518217,4302586,0,TRANS,,
1231,rs_chromosome16_138102,16,,138102,2.62125409583225e-06,-0.442741326377533,0.0930330167995314,0.0569861048961246,0.218207771510911,0,0.678886638287326,YPL078C,101,YPL078C,Prot,16_138102_YPL078C,16,408010,408744,11110207,11110207,11518217,11248309,269908,TRANS,,
3976,rs_chromosome8_455783,8,,455783,1.57173591970045e-06,0.186123853421965,0.0382467841886839,0.0136014788737685,0.22289115614378,0,0.838498084127166,YPL091W,101,YPL091W,Prot,8_455783_YPL091W,16,375502,376953,11110207,4825327,11485709,5281110,0,TRANS,,
3260,rs_chromosome16_373847,16,,373847,1.9154047445494e-07,-0.293264133679028,0.0554451465670418,0.0750709423705403,0.241175707522512,0,0.845914132671337,YPL091W,101,YPL091W,Prot,16_373847_YPL091W,16,375502,376953,11110207,11110207,11485709,11484054,1655,CIS,,
3265,rs_chromosome16_374156,16,,374156,7.29874477856906e-11,0.335329240616487,0.0502456162817348,0.088505698586054,0.299198501094285,0,0.845914132671337,YPL091W,101,YPL091W,Prot,16_374156_YPL091W,16,375502,376953,11110207,11110207,11485709,11484363,1346,CIS,374156|374282,
3269,rs_chromosome16_375375,16,,375375,2.79820032631757e-23,0.708935296519975,0.0674317341390527,0.431211131839853,0.442877199010229,0,0.845914132671337,YPL091W,101,YPL091W,Prot,16_375375_YPL091W,16,375502,376953,11110207,11110207,11485709,11485582,127,CIS,,
11400,rs_chromosome4_1401877,4,,1401877,3.89753172489962e-06,0.384783935149824,0.0823200006724764,0.112957785303997,0.21450330923328,0,0.277154778758698,YPL093W,101,YPL093W,Prot,4_1401877_YPL093W,16,370978,372921,11110207,1356984,11481185,2758861,0,TRANS,,
7002,rs_chromosome4_845951,4,,845951,1.35329788878345e-06,0.38142200507952,0.0778817724302865,0.039377598218033,0.224242307876477,0,0.71697053728113,YPL106C,101,YPL106C,Prot,4_845951_YPL106C,16,350194,352275,11110207,1356984,11460401,2202935,0,TRANS,,
1645,rs_chromosome11_152314,11,,152314,1.27947606024062e-06,0.396138685113005,0.0806956048034514,0.0322003533930775,0.224746651315253,0,0.72170205873793,YPL106C,101,YPL106C,Prot,11_152314_YPL106C,16,350194,352275,11110207,6570814,11460401,6723128,0,TRANS,,
3072,rs_chromosome16_350204,16,,350204,1.88275989845514e-13,-0.353273691147857,0.046565611995493,0.0760293002239914,0.335756332370088,0,0.715941277705214,YPL106C,101,YPL106C,Prot,16_350204_YPL106C,16,350194,352275,11110207,11110207,11460401,11460411,0,CIS,,
3275,rs_chromosome16_376755,16,,376755,6.15156548332101e-07,-0.402359260840063,0.0795417851600479,0.156838171524096,0.231226571056428,0,0.715941277705214,YPL106C,101,YPL106C,Prot,16_376755_YPL106C,16,350194,352275,11110207,11110207,11460401,11486962,-24480,CIS,,
3768,rs_chromosome9_432021,9,,432021,5.24562754946577e-06,0.215951374097201,0.0468445608779436,0.0119830593047548,0.211686105552576,0,0.540818488427907,YPL117C,101,YPL117C,Prot,9_432021_YPL117C,16,327864,328730,11110207,5387374,11438071,5819395,0,TRANS,,
1214,rs_chromosome11_113405,11,,113405,2.61539984987935e-06,0.291225694392106,0.0611890175548373,0.0238692405091926,0.218228469047745,0,0.537797628590565,YPL117C,101,YPL117C,Prot,11_113405_YPL117C,16,327864,328730,11110207,6570814,11438071,6684219,0,TRANS,,
3589,rs_chromosome9_425204,9,,425204,2.38091067639977e-06,-0.307653968136621,0.0643718976018812,0.0227690438700416,0.219096209542753,0,0.159706319047758,YPL145C,101,YPL145C,Prot,9_425204_YPL145C,16,278395,279699,11110207,5387374,11388602,5812578,0,TRANS,,
4538,rs_chromosome7_513264,7,,513264,1.39837402391032e-06,0.453617141774268,0.0927516755939507,0.183670379046881,0.223947166954663,0,0.43337674553441,YPL160W,101,YPL160W,Prot,7_513264_YPL160W,16,246990,250262,11110207,3734736,11357197,4248000,0,TRANS,513253|514414,
6023,rs_chromosome4_707645,4,,707645,4.79685755619447e-06,-0.225365570511176,0.048681479981077,0.00921274921412794,0.212538274379621,0,0.450165767192661,YPL225W,101,YPL225W,Prot,4_707645_YPL225W,16,126006,126446,11110207,1356984,11236213,2064629,0,TRANS,,
133,rs_chromosome12_26817,12,,26817,9.22421812975844e-06,-0.211586630673485,0.0471692526664428,0.0191587893725616,0.206225766139919,0,0.474631182506328,YPL239W,101,YPL239W,Prot,12_26817_YPL239W,16,99484,100086,11110207,7234103,11209691,7260920,0,TRANS,,
11392,rs_chromosome4_1401289,4,,1401289,5.5997659546081e-06,0.390110883790139,0.0848857557149182,0.12081924214752,0.211061407244501,0,0.232833941129723,YPL243W,101,YPL243W,Prot,4_1401289_YPL243W,16,88517,90316,11110207,1356984,11198724,2758273,0,TRANS,,
89,rs_chromosome11_12560,11,,12560,4.2948057928114e-06,-0.289294538427764,0.062169485859342,0.0749055610888687,0.213586925847587,0,0.477562431172449,YPL262W,101,YPL262W,Prot,11_12560_YPL262W,16,47336,48802,11110207,6570814,11157543,6583374,0,TRANS,12560|12572,
90,rs_chromosome11_12572,11,,12572,4.2948057928114e-06,-0.289294538427764,0.062169485859342,0.0749055610888687,0.213586925847587,0,0.477562431172449,YPL262W,101,YPL262W,Prot,11_12572_YPL262W,16,47336,48802,11110207,6570814,11157543,6583386,0,TRANS,12560|12572,
3028,rs_chromosome13_391381,13,,391381,1.17754505556552e-06,0.241578547189475,0.0490397751177807,0.0215574780878825,0.225490940385315,0,0.253150153854393,YPR004C,101,YPR004C,Prot,13_391381_YPR004C,16,564007,565041,11110207,8312001,11674214,8703382,0,TRANS,,
1498,rs_chromosome6_190258,6,,190258,5.92245386704849e-06,-0.287984251649374,0.0628309758258296,0.0447181254281458,0.210524179911671,0,0.172204106427644,YPR016C,101,YPR016C,Prot,6_190258_YPR016C,16,592332,593069,11110207,3465220,11702539,3655478,0,TRANS,,
5825,rs_chromosome13_724409,13,,724409,6.76407758270943e-07,0.296236178552994,0.0587851241756198,0.0237127641969926,0.230397373578479,0,0.404393852961601,YPR033C,101,YPR033C,Prot,13_724409_YPR033C,16,637379,639019,11110207,8312001,11747586,9036410,0,TRANS,724212|724590,
1629,rs_chromosome11_151192,11,,151192,4.42034239862798e-06,-0.215670314125204,0.0464097156634925,0.0101399026528132,0.213314148996731,0,0.408166287474565,YPR041W,101,YPR041W,Prot,11_151192_YPR041W,16,648704,649921,11110207,6570814,11758911,6722006,0,TRANS,,
1660,rs_chromosome11_153266,11,,153266,6.523352506851e-07,-0.238227438159293,0.0472052835810333,0.0106369546904326,0.230714304095078,0,0.408166287474565,YPR041W,101,YPR041W,Prot,11_153266_YPR041W,16,648704,649921,11110207,6570814,11758911,6724080,0,TRANS,,
1993,rs_chromosome4_258904,4,,258904,4.1918697412691e-08,0.276245127673566,0.0495244627113445,0.0161982562914011,0.253513581299632,0,0.567036707592642,YPR069C,101,YPR069C,Prot,4_258904_YPR069C,16,684556,685437,11110207,1356984,11794763,1615888,0,TRANS,,
5107,rs_chromosome16_596248,16,,596248,7.00111450217649e-06,0.249360650858298,0.0548436471059945,0.0101910319997745,0.20891147095438,0,0.559603599859158,YPR069C,101,YPR069C,Prot,16_596248_YPR069C,16,684556,685437,11110207,11110207,11794763,11706455,88308,TRANS,,
787,rs_chromosome3_108156,3,,108156,5.26756664483444e-06,-0.284385669387611,0.0617016125543715,0.0176948266116183,0.211646252203388,0,0.658325040968902,YPR074C,101,YPR074C,Prot,3_108156_YPR074C,16,692796,694838,11110207,1040796,11803003,1148952,0,TRANS,,
6079,rs_chromosome11_640763,11,,640763,1.7698572680594e-06,0.379501894373674,0.0783830048045669,0.0312445820559099,0.221813145641862,0,0.595968235576818,YPR183W,101,YPR183W,Prot,11_640763_YPR183W,16,900755,901558,11110207,6570814,12010962,7211577,0,TRANS,,
