Pheno_Type	Pheno	Geno_Type	Chr	ChrPos	PValue	EffectSize	Loc	abs_effect	cis_trans
Transcriptomics	X1767-snap_masked	SNPs	12	877966	7.89e-07	0.03782773		0.03782773	
Transcriptomics	X1767-snap_masked	SNPs	15	727817	3.41e-06	0.05147592		0.05147592	
Transcriptomics	X1767-snap_masked	SNPs	7	1068065	4.03e-06	0.01657092		0.01657092	
Transcriptomics	YAL001C	SNPs	1	92368	2.31e-06	0.06044353	Distant	0.06044353	trans
Transcriptomics	YAL002W	SNPs	1	146738	1.01e-06	0.07425864	Local	0.07425864	cis
Transcriptomics	YAL002W	SNPs	16	422588	2.59e-06	0.08084766	Distant	0.08084766	trans
Transcriptomics	YAL005C	SNPs	7	367444	4.47e-06	0.00685094	Distant	0.00685094	trans
Transcriptomics	YAL008W	SNPs	4	66957	2.5e-06	0.10272067	Distant	0.10272067	trans
Transcriptomics	YAL016C-B	SNPs	12	739705	9.17e-06	0.02484231	Distant	0.02484231	trans
Transcriptomics	YAL017W	SNPs	1	132831	2.24e-06	0.0803265	Local	0.0803265	cis
Transcriptomics	YAL028W	SNPs	13	177810	8.4e-07	0.02449238	Distant	0.02449238	trans
Transcriptomics	YAL037W	SNPs	1	73871	1.28e-06	0.01794367	Local	0.01794367	cis
Transcriptomics	YAL037W	SNPs	8	291516	5.42e-06	0.01805923	Distant	0.01805923	trans
Transcriptomics	YAL044W-A	SNPs	12	1041082	4.2e-06	0.00593084	Distant	0.00593084	trans
Transcriptomics	YAL049C	SNPs	1	52603	7.230000000000001e-58	0.43855027	Local	0.43855027	cis
Transcriptomics	YAL049C	SNPs	1	49247	1.86e-12	0.11281688	Local	0.11281688	cis
Transcriptomics	YAL049C	SNPs	1	41481	5.14e-09	0.06863046	Local	0.06863046	cis
Transcriptomics	YAL049C	SNPs	15	940471	6.89e-08	0.00737974	Distant	0.00737974	trans
Transcriptomics	YAL049C	SNPs	1	49614	1.39e-06	0.02544756	Local	0.02544756	cis
Transcriptomics	YAL049C	SNPs	1	40237	2.05e-06	0.01739415	Local	0.01739415	cis
Transcriptomics	YAL059W	SNPs	7	655851	4.1e-08	0.0081169	Distant	0.0081169	trans
Transcriptomics	YAL060W	SNPs	1	34515	1.54e-06	0.06785074	Local	0.06785074	cis
Transcriptomics	YAL061W	SNPs	1	33140	3.68e-08	0.05821996	Local	0.05821996	cis
Transcriptomics	YAL063C	SNPs	1	198726	2.46e-12	0.02587444	Distant	0.02587444	trans
Transcriptomics	YAL063C	SNPs	5	115800	3.59e-06	0.00328787	Distant	0.00328787	trans
Transcriptomics	YAL065C	SNPs	1	198726	1.51e-06	0.0257317	Distant	0.0257317	trans
Transcriptomics	YAR007C	SNPs	16	768715	1.97e-06	0.04444782	Distant	0.04444782	trans
Transcriptomics	YAR008W	SNPs	9	112854	3.94e-06	0.00472957	Distant	0.00472957	trans
Transcriptomics	YAR015W	SNPs	5	115800	5.69e-06	0.00442621	Distant	0.00442621	trans
Transcriptomics	YAR018C	SNPs	8	262050	2.11e-07	0.00732485	Distant	0.00732485	trans
Transcriptomics	YAR020C	SNPs	1	176858	1.24e-08	0.04686063	Local	0.04686063	cis
Transcriptomics	YAR020C	SNPs	8	482359	8.89e-07	0.01475891	Distant	0.01475891	trans
Transcriptomics	YAR023C	SNPs	1	179601	2.56e-13	0.04334223	Local	0.04334223	cis
Transcriptomics	YAR023C	SNPs	1	179796	3.94e-08	0.04421439	Local	0.04421439	cis
Transcriptomics	YAR027W	SNPs	1	179601	1.7100000000000001e-29	0.1341124	Local	0.1341124	cis
Transcriptomics	YAR027W	SNPs	1	177726	3.37e-19	0.08548713	Local	0.08548713	cis
Transcriptomics	YAR027W	SNPs	1	178875	4.76e-18	0.21611476	Local	0.21611476	cis
Transcriptomics	YAR027W	SNPs	1	178674	1.42e-13	0.09810077	Local	0.09810077	cis
Transcriptomics	YAR027W	SNPs	1	177285	3.45e-08	0.06402275	Local	0.06402275	cis
Transcriptomics	YAR027W	SNPs	1	179796	1.02e-07	0.04721541	Local	0.04721541	cis
Transcriptomics	YAR028W	SNPs	14	132250	6.9e-08	0.02125139	Distant	0.02125139	trans
Transcriptomics	YAR029W	SNPs	1	179601	4.37e-09	0.00234421	Local	0.00234421	cis
Transcriptomics	YAR029W	SNPs	1	190504	2.95e-06	0.03808861	Local	0.03808861	cis
Transcriptomics	YAR030C	SNPs	1	179601	2.59e-09	0.00267462	Local	0.00267462	cis
Transcriptomics	YAR030C	SNPs	1	190504	1.21e-06	0.04273096	Local	0.04273096	cis
Transcriptomics	YAR030C	SNPs	15	61442	1.26e-06	0.00138377	Distant	0.00138377	trans
Transcriptomics	YAR033W	SNPs	1	179601	4.44e-17	0.04507782	Local	0.04507782	cis
Transcriptomics	YAR033W	SNPs	1	191149	3e-07	0.01360658	Local	0.01360658	cis
Transcriptomics	YAR033W	SNPs	7	416956	3.11e-06	0.05676312	Distant	0.05676312	trans
Transcriptomics	YAR033W	SNPs	9	358189	5.37e-06	0.00849822	Distant	0.00849822	trans
Transcriptomics	YAR033W	SNPs	10	703914	5.6e-06	0.00612029	Distant	0.00612029	trans
Transcriptomics	YAR033W	SNPs	13	370963	5.79e-06	0.00310445	Distant	0.00310445	trans
Transcriptomics	YAR033W	SNPs	13	797059	8.26e-06	0.01034599	Distant	0.01034599	trans
Transcriptomics	YAR033W	SNPs	7	437195	8.33e-06	0.05317252	Distant	0.05317252	trans
Transcriptomics	YAR042W	SNPs	2	690620	8.07e-07	0.01806783	Distant	0.01806783	trans
Transcriptomics	YAR042W	SNPs	2	198110	5.43e-06	0.00696464	Distant	0.00696464	trans
Transcriptomics	YAR050W	SNPs	1	198726	3.28e-10	0.02051386	Local	0.02051386	cis
Transcriptomics	YAR050W	SNPs	1	197890	3.39e-06	0.07548485	Local	0.07548485	cis
Transcriptomics	YAR066W	SNPs	7	625418	1.08e-06	0.00604579	Distant	0.00604579	trans
Transcriptomics	YAR068W	SNPs	9	41810	4.7e-09	0.11943154	Distant	0.11943154	trans
Transcriptomics	YAR068W	SNPs	9	40632	2.13e-07	0.01039741	Distant	0.01039741	trans
Transcriptomics	YAR068W	SNPs	9	41157	2.53e-07	0.00763973	Distant	0.00763973	trans
Transcriptomics	YAR068W	SNPs	10	249923	4.25e-06	0.00848545	Distant	0.00848545	trans
Transcriptomics	YAR068W	SNPs	9	37771	4.5e-06	0.03314105	Distant	0.03314105	trans
Transcriptomics	YAR068W	SNPs	9	41421	4.6e-06	0.00469526	Distant	0.00469526	trans
Transcriptomics	YAR068W	SNPs	2	198110	4.95e-06	0.00607408	Distant	0.00607408	trans
Transcriptomics	YAR068W	SNPs	9	39822	4.97e-06	0.03901935	Distant	0.03901935	trans
Transcriptomics	YAR070C	SNPs	16	692656	1.93e-06	0.009232	Distant	0.009232	trans
Transcriptomics	YAR071W	SNPs	7	913176	1.28e-10	0.06950281	Distant	0.06950281	trans
Transcriptomics	YAR071W	SNPs	13	231090	7.31e-08	0.01353449	Distant	0.01353449	trans
Transcriptomics	YAR071W	SNPs	12	391137	1.06e-07	0.0135832	Distant	0.0135832	trans
Transcriptomics	YAR071W	SNPs	16	702786	1.22e-07	0.0334427	Distant	0.0334427	trans
Transcriptomics	YAR071W	SNPs	16	211097	2.07e-07	0.02748702	Distant	0.02748702	trans
Transcriptomics	YAR071W	SNPs	2	729640	3.53e-06	0.01630017	Distant	0.01630017	trans
Transcriptomics	YAR071W	SNPs	15	347552	3.66e-06	0.03303305	Distant	0.03303305	trans
Transcriptomics	YAR071W	SNPs	8	202650	4.21e-06	0.02218241	Distant	0.02218241	trans
Transcriptomics	YAR071W	SNPs	4	642973	6.16e-06	0.01631914	Distant	0.01631914	trans
Transcriptomics	YAR071W	SNPs	10	46191	6.17e-06	0.00948631	Distant	0.00948631	trans
Transcriptomics	YAR073W	SNPs	7	547230	2.06e-06	0.02875139	Distant	0.02875139	trans
Transcriptomics	YBL003C	SNPs	12	1031026	2.14e-06	0.05403214	Distant	0.05403214	trans
Transcriptomics	YBL003C	SNPs	4	165975	4.23e-06	0.0127452	Distant	0.0127452	trans
Transcriptomics	YBL004W	SNPs	7	655851	4.38e-07	0.00702777	Distant	0.00702777	trans
Transcriptomics	YBL006C	SNPs	2	217109	3.96e-06	0.03507508	Local	0.03507508	cis
Transcriptomics	YBL015W	SNPs	2	193867	1.77e-06	0.08070571	Local	0.08070571	cis
Transcriptomics	YBL016W	SNPs	4	575938	3.09e-06	0.01983586	Distant	0.01983586	trans
Transcriptomics	YBL016W	SNPs	15	811578	5.18e-06	0.0153126	Distant	0.0153126	trans
Transcriptomics	YBL020W	SNPs	9	146276	1.73e-06	0.03110369	Distant	0.03110369	trans
Transcriptomics	YBL022C	SNPs	16	415343	3.51e-06	0.04487457	Distant	0.04487457	trans
Transcriptomics	YBL022C	SNPs	1	92566	4.19e-06	0.00672559	Distant	0.00672559	trans
Transcriptomics	YBL024W	SNPs	7	655851	2.83e-06	0.00598882	Distant	0.00598882	trans
Transcriptomics	YBL028C	SNPs	7	655851	2.09e-06	0.00621354	Distant	0.00621354	trans
Transcriptomics	YBL028C	SNPs	13	213896	2.53e-06	0.00598074	Distant	0.00598074	trans
Transcriptomics	YBL029W	SNPs	2	521948	1.69e-06	0.00738936	Distant	0.00738936	trans
Transcriptomics	YBL030C	SNPs	2	93811	2.92e-06	0.00539178	Distant	0.00539178	trans
Transcriptomics	YBL039C	SNPs	7	655851	1.97e-06	0.006346	Distant	0.006346	trans
Transcriptomics	YBL040C	SNPs	14	605480	3.96e-06	0.0135502	Distant	0.0135502	trans
Transcriptomics	YBL042C	SNPs	7	655851	8.84e-10	0.0106234	Distant	0.0106234	trans
Transcriptomics	YBL042C	SNPs	14	138888	4.32e-06	0.02948149	Distant	0.02948149	trans
Transcriptomics	YBL046W	SNPs	14	147322	6.1e-06	0.01065755	Distant	0.01065755	trans
Transcriptomics	YBL053W	SNPs	4	1174702	3.73e-06	0.01242164	Distant	0.01242164	trans
Transcriptomics	YBL057C	SNPs	12	722403	8.7e-07	0.01151484	Distant	0.01151484	trans
Transcriptomics	YBL058W	SNPs	16	415343	4.29e-07	0.04889172	Distant	0.04889172	trans
Transcriptomics	YBL059C-A	SNPs	7	924648	6.37e-06	0.006063	Distant	0.006063	trans
Transcriptomics	YBL059W	SNPs	7	1058166	1.35e-07	0.0096929	Distant	0.0096929	trans
Transcriptomics	YBL060W	SNPs	2	198110	1.69e-06	0.00772013	Distant	0.00772013	trans
Transcriptomics	YBL060W	SNPs	13	206138	4.19e-06	0.0079451	Distant	0.0079451	trans
Transcriptomics	YBL073W	SNPs	12	279986	2.48e-06	0.0322979	Distant	0.0322979	trans
Transcriptomics	YBL073W	SNPs	2	88039	3.49e-06	0.00529641	Local	0.00529641	cis
Transcriptomics	YBL073W	SNPs	10	145040	4.81e-06	0.01045303	Distant	0.01045303	trans
Transcriptomics	YBL078C	SNPs	2	80838	3.1e-08	0.09739933	Local	0.09739933	cis
Transcriptomics	YBL081W	SNPs	12	919791	6.39e-06	0.01226418	Distant	0.01226418	trans
Transcriptomics	YBL082C	SNPs	2	71431	1.3e-14	0.11229136	Local	0.11229136	cis
Transcriptomics	YBL082C	SNPs	11	234932	1.61e-06	0.03709443	Distant	0.03709443	trans
Transcriptomics	YBL083C	SNPs	8	324770	4.46e-06	0.08105205	Distant	0.08105205	trans
Transcriptomics	YBL084C	SNPs	3	65398	2.59e-06	0.01472703	Distant	0.01472703	trans
Transcriptomics	YBL086C	SNPs	11	290740	3.9e-07	0.01817736	Distant	0.01817736	trans
Transcriptomics	YBL089W	SNPs	2	49999	2.37e-07	0.02290971	Local	0.02290971	cis
Transcriptomics	YBL089W	SNPs	15	100319	6.15e-06	0.04361516	Distant	0.04361516	trans
Transcriptomics	YBL096C	SNPs	8	36073	1.48e-06	0.06625096	Distant	0.06625096	trans
Transcriptomics	YBL099W	SNPs	4	1318821	8.35e-07	0.06312127	Distant	0.06312127	trans
Transcriptomics	YBL100W-C	SNPs	15	351325	2.12e-06	0.0676473	Distant	0.0676473	trans
Transcriptomics	YBL100W-C	SNPs	9	276744	3.68e-06	0.07494974	Distant	0.07494974	trans
Transcriptomics	YBL101C	SNPs	2	24209	1.44e-07	0.02071125	Local	0.02071125	cis
Transcriptomics	YBL106C	SNPs	7	591793	5.75e-07	0.01471128	Distant	0.01471128	trans
Transcriptomics	YBL106C	SNPs	10	297976	2.84e-06	0.00758447	Distant	0.00758447	trans
Transcriptomics	YBL107C	SNPs	2	10621	5.18e-08	0.02049097	Local	0.02049097	cis
Transcriptomics	YBL107C	SNPs	2	12359	1.41e-07	0.02218375	Local	0.02218375	cis
Transcriptomics	YBL107C	SNPs	2	10208	1.39e-06	0.01052865	Local	0.01052865	cis
Transcriptomics	YBL107W-A	SNPs	12	508718	3.09e-06	0.06039017	Distant	0.06039017	trans
Transcriptomics	YBL108C-A	SNPs	4	492120	3.01e-06	0.00765379	Distant	0.00765379	trans
Transcriptomics	YBL112C	SNPs	4	1129035	3.88e-06	0.00783762	Distant	0.00783762	trans
Transcriptomics	YBL113C	SNPs	4	593321	1.48e-06	0.00362964	Distant	0.00362964	trans
Transcriptomics	YBR002C	SNPs	15	675643	4.25e-07	0.03158725	Distant	0.03158725	trans
Transcriptomics	YBR007C	SNPs	16	596248	6.79e-06	0.00627726	Distant	0.00627726	trans
Transcriptomics	YBR008C	SNPs	4	1138340	3.63e-06	0.01005522	Distant	0.01005522	trans
Transcriptomics	YBR008C	SNPs	12	210539	7.09e-06	0.00489323	Distant	0.00489323	trans
Transcriptomics	YBR010W	SNPs	4	380086	7.08e-08	0.08513484	Distant	0.08513484	trans
Transcriptomics	YBR013C	SNPs	4	1435238	1.71e-06	0.06351237	Distant	0.06351237	trans
Transcriptomics	YBR015C	SNPs	9	386312	7.96e-06	0.02088703	Distant	0.02088703	trans
Transcriptomics	YBR016W	SNPs	12	599955	9.6e-07	0.02255596	Distant	0.02255596	trans
Transcriptomics	YBR016W	SNPs	16	762221	1.51e-06	0.02739046	Distant	0.02739046	trans
Transcriptomics	YBR016W	SNPs	15	241656	1.7e-06	0.02737321	Distant	0.02737321	trans
Transcriptomics	YBR016W	SNPs	9	270924	3.31e-06	0.02592178	Distant	0.02592178	trans
Transcriptomics	YBR022W	SNPs	2	283431	5.93e-15	0.03604994	Local	0.03604994	cis
Transcriptomics	YBR022W	SNPs	16	904776	5.34e-08	0.03582644	Distant	0.03582644	trans
Transcriptomics	YBR025C	SNPs	12	418313	2.78e-07	0.02465092	Distant	0.02465092	trans
Transcriptomics	YBR029C	SNPs	5	326290	2.33e-06	0.01647767	Distant	0.01647767	trans
Transcriptomics	YBR029C	SNPs	11	546387	4.71e-06	0.02111481	Distant	0.02111481	trans
Transcriptomics	YBR035C	SNPs	4	1392190	3.16e-07	0.0950735	Distant	0.0950735	trans
Transcriptomics	YBR036C	SNPs	7	413763	5.52e-06	0.00730111	Distant	0.00730111	trans
Transcriptomics	YBR043C	SNPs	2	324274	4e-10	0.00875461	Local	0.00875461	cis
Transcriptomics	YBR044C	SNPs	4	869651	4.32e-06	0.01681772	Distant	0.01681772	trans
Transcriptomics	YBR047W	SNPs	13	561397	1.68e-07	0.0472927	Distant	0.0472927	trans
Transcriptomics	YBR050C	SNPs	5	259719	3.17e-06	0.00773251	Distant	0.00773251	trans
Transcriptomics	YBR053C	SNPs	12	585709	9.88e-07	0.03233657	Distant	0.03233657	trans
Transcriptomics	YBR054W	SNPs	16	390546	4.91e-07	0.01046934	Distant	0.01046934	trans
Transcriptomics	YBR055C	SNPs	7	655851	3.53e-06	0.00607404	Distant	0.00607404	trans
Transcriptomics	YBR056W-A	SNPs	2	351999	4.84e-18	0.2297531	Local	0.2297531	cis
Transcriptomics	YBR056W-A	SNPs	12	65485	2.44e-06	0.02902639	Distant	0.02902639	trans
Transcriptomics	YBR056W-A	SNPs	7	581206	3.18e-06	0.07634141	Distant	0.07634141	trans
Transcriptomics	YBR060C	SNPs	13	524221	2.98e-06	0.0716865	Distant	0.0716865	trans
Transcriptomics	YBR061C	SNPs	7	655851	2.07e-06	0.0062545	Distant	0.0062545	trans
Transcriptomics	YBR061C	SNPs	13	213896	2.47e-06	0.00604623	Distant	0.00604623	trans
Transcriptomics	YBR062C	SNPs	2	366409	5.41e-06	0.00791542	Local	0.00791542	cis
Transcriptomics	YBR063C	SNPs	2	370007	1.0300000000000001e-21	0.3340374	Local	0.3340374	cis
Transcriptomics	YBR063C	SNPs	4	1477889	9.06e-07	0.01972877	Distant	0.01972877	trans
Transcriptomics	YBR063C	SNPs	14	593545	1.02e-06	0.02116992	Distant	0.02116992	trans
Transcriptomics	YBR063C	SNPs	2	484159	1.24e-06	0.02081821	Distant	0.02081821	trans
Transcriptomics	YBR063C	SNPs	11	252841	4.26e-06	0.0048192	Distant	0.0048192	trans
Transcriptomics	YBR065C	SNPs	2	370007	4.07e-18	0.24987869	Local	0.24987869	cis
Transcriptomics	YBR067C	SNPs	2	373349	8.91e-07	0.02329701	Local	0.02329701	cis
Transcriptomics	YBR068C	SNPs	2	376375	1.01e-08	0.07471564	Local	0.07471564	cis
Transcriptomics	YBR068C	SNPs	9	177659	7.08e-08	0.0335207	Distant	0.0335207	trans
Transcriptomics	YBR068C	SNPs	6	41083	1.05e-06	0.01979414	Distant	0.01979414	trans
Transcriptomics	YBR069C	SNPs	2	376375	8.53e-18	0.15137549	Local	0.15137549	cis
Transcriptomics	YBR069C	SNPs	2	381013	4.21e-07	0.01609239	Local	0.01609239	cis
Transcriptomics	YBR069C	SNPs	2	376523	8.9e-07	0.06921989	Local	0.06921989	cis
Transcriptomics	YBR079C	SNPs	7	655851	5.65e-07	0.00684609	Distant	0.00684609	trans
Transcriptomics	YBR083W	SNPs	1	108718	4.38e-06	0.00720906	Distant	0.00720906	trans
Transcriptomics	YBR088C	SNPs	12	210539	4.33e-07	0.00634251	Distant	0.00634251	trans
Transcriptomics	YBR088C	SNPs	3	93194	2.08e-06	0.00769711	Distant	0.00769711	trans
Transcriptomics	YBR091C	SNPs	16	220077	6.52e-08	0.02695523	Distant	0.02695523	trans
Transcriptomics	YBR091C	SNPs	7	775197	2.01e-06	0.00891748	Distant	0.00891748	trans
Transcriptomics	YBR091C	SNPs	11	552930	2.04e-06	0.01452536	Distant	0.01452536	trans
Transcriptomics	YBR091C	SNPs	4	797276	3.35e-06	0.01412761	Distant	0.01412761	trans
Transcriptomics	YBR092C	SNPs	2	450742	3.02e-06	0.00798834	Local	0.00798834	cis
Transcriptomics	YBR092C	SNPs	15	197844	7.06e-06	0.00692372	Distant	0.00692372	trans
Transcriptomics	YBR093C	SNPs	7	65930	2.18e-08	0.01562541	Distant	0.01562541	trans
Transcriptomics	YBR093C	SNPs	2	202801	2.01e-06	0.00897945	Distant	0.00897945	trans
Transcriptomics	YBR093C	SNPs	7	346793	4.54e-06	0.04465553	Distant	0.04465553	trans
Transcriptomics	YBR094W	SNPs	2	431912	1.32e-16	0.20538226	Local	0.20538226	cis
Transcriptomics	YBR096W	SNPs	15	586701	6.47e-06	0.01342463	Distant	0.01342463	trans
Transcriptomics	YBR097W	SNPs	14	230725	2.28e-06	0.03583962	Distant	0.03583962	trans
Transcriptomics	YBR098W	SNPs	2	447158	4.61e-07	0.07030516	Local	0.07030516	cis
Transcriptomics	YBR098W	SNPs	4	357312	2.56e-06	0.0220583	Distant	0.0220583	trans
Transcriptomics	YBR098W	SNPs	14	230535	5.96e-06	0.01305639	Distant	0.01305639	trans
Transcriptomics	YBR101C	SNPs	4	1285035	4.01e-07	0.08953947	Distant	0.08953947	trans
Transcriptomics	YBR101C	SNPs	4	1281066	1.74e-06	0.03694947	Distant	0.03694947	trans
Transcriptomics	YBR103C-A	SNPs	2	449325	8.84e-58	0.05057708	Local	0.05057708	cis
Transcriptomics	YBR103C-A	SNPs	7	952343	5.31e-09	0.01012678	Distant	0.01012678	trans
Transcriptomics	YBR103C-A	SNPs	14	752921	2.98e-08	0.00899787	Distant	0.00899787	trans
Transcriptomics	YBR103C-A	SNPs	14	503166	6.01e-08	0.00858529	Distant	0.00858529	trans
Transcriptomics	YBR103C-A	SNPs	7	983376	3.24e-07	0.0211877	Distant	0.0211877	trans
Transcriptomics	YBR103C-A	SNPs	13	674833	4.58e-07	0.02911086	Distant	0.02911086	trans
Transcriptomics	YBR103C-A	SNPs	3	141783	2.48e-06	0.00481179	Distant	0.00481179	trans
Transcriptomics	YBR103C-A	SNPs	4	1474060	4.73e-06	0.0077055	Distant	0.0077055	trans
Transcriptomics	YBR103C-A	SNPs	2	435279	6.74e-06	0.0068618	Local	0.0068618	cis
Transcriptomics	YBR103W	SNPs	2	447158	1.56e-09	0.10984591	Local	0.10984591	cis
Transcriptomics	YBR103W	SNPs	12	210539	2.16e-06	0.00530955	Distant	0.00530955	trans
Transcriptomics	YBR107C	SNPs	15	159763	1.75e-06	0.03075358	Distant	0.03075358	trans
Transcriptomics	YBR109C	SNPs	15	586701	2.55e-07	0.01602139	Distant	0.01602139	trans
Transcriptomics	YBR111W-A	SNPs	11	290740	4.95e-06	0.01281891	Distant	0.01281891	trans
Transcriptomics	YBR112C	SNPs	4	699872	3.09e-06	0.00679282	Distant	0.00679282	trans
Transcriptomics	YBR126W-B	SNPs	8	284856	7.46e-06	0.00872005	Distant	0.00872005	trans
Transcriptomics	YBR127C	SNPs	2	690620	3.56e-06	0.01632636	Distant	0.01632636	trans
Transcriptomics	YBR130C	SNPs	11	430859	3.93e-07	0.01196831	Distant	0.01196831	trans
Transcriptomics	YBR131W	SNPs	12	386506	4.92e-06	0.02183457	Distant	0.02183457	trans
Transcriptomics	YBR133C	SNPs	16	239611	7.35e-06	0.01088944	Distant	0.01088944	trans
Transcriptomics	YBR137W	SNPs	16	681719	3.61e-06	0.08001294	Distant	0.08001294	trans
Transcriptomics	YBR140C	SNPs	11	335915	3.46e-06	0.04418867	Distant	0.04418867	trans
Transcriptomics	YBR141C	SNPs	15	715193	2.77e-06	0.05086098	Distant	0.05086098	trans
Transcriptomics	YBR143C	SNPs	7	655851	9.05e-06	0.00553161	Distant	0.00553161	trans
Transcriptomics	YBR143C	SNPs	16	662572	9.14e-06	0.01461717	Distant	0.01461717	trans
Transcriptomics	YBR144C	SNPs	2	533330	1.58e-07	0.05662665	Local	0.05662665	cis
Transcriptomics	YBR147W	SNPs	2	536682	1.05e-09	0.04396152	Local	0.04396152	cis
Transcriptomics	YBR150C	SNPs	14	448099	3.15e-06	0.01112802	Distant	0.01112802	trans
Transcriptomics	YBR153W	SNPs	2	547256	1.51e-06	0.0146592	Local	0.0146592	cis
Transcriptomics	YBR154C	SNPs	13	213896	2.64e-08	0.00858721	Distant	0.00858721	trans
Transcriptomics	YBR154C	SNPs	7	655851	1.61e-06	0.00652949	Distant	0.00652949	trans
Transcriptomics	YBR156C	SNPs	10	329903	5.74e-06	0.04791008	Distant	0.04791008	trans
Transcriptomics	YBR157C	SNPs	13	157323	1.04e-06	0.0222516	Distant	0.0222516	trans
Transcriptomics	YBR158W	SNPs	4	1492828	2.21e-07	0.10729524	Distant	0.10729524	trans
Transcriptomics	YBR158W	SNPs	13	157323	1.72e-06	0.02268384	Distant	0.02268384	trans
Transcriptomics	YBR160W	SNPs	10	705917	4.29e-06	0.02079965	Distant	0.02079965	trans
Transcriptomics	YBR163W	SNPs	2	565735	3.28e-07	0.07034679	Local	0.07034679	cis
Transcriptomics	YBR166C	SNPs	2	571349	2.28e-06	0.05481256	Local	0.05481256	cis
Transcriptomics	YBR167C	SNPs	7	547230	2.59e-06	0.02659011	Distant	0.02659011	trans
Transcriptomics	YBR170C	SNPs	2	575784	1.03e-07	0.08891649	Local	0.08891649	cis
Transcriptomics	YBR175W	SNPs	4	1453164	3.43e-06	0.0195484	Distant	0.0195484	trans
Transcriptomics	YBR176W	SNPs	2	592634	5.78e-08	0.0982051	Local	0.0982051	cis
Transcriptomics	YBR176W	SNPs	2	575877	9.67e-07	0.089298	Local	0.089298	cis
Transcriptomics	YBR180W	SNPs	2	591323	2.5e-06	0.09123798	Local	0.09123798	cis
Transcriptomics	YBR182C-A	SNPs	2	594942	4.17e-06	0.02464761	Local	0.02464761	cis
Transcriptomics	YBR182C	SNPs	12	393700	5.09e-08	0.0156917	Distant	0.0156917	trans
Transcriptomics	YBR182C	SNPs	12	391675	1.26e-06	0.08786447	Distant	0.08786447	trans
Transcriptomics	YBR182C	SNPs	12	963928	5.15e-06	0.06355897	Distant	0.06355897	trans
Transcriptomics	YBR188C	SNPs	8	216636	3.63e-06	0.00788351	Distant	0.00788351	trans
Transcriptomics	YBR191W	SNPs	12	585709	6.02e-06	0.02947636	Distant	0.02947636	trans
Transcriptomics	YBR193C	SNPs	2	609255	2.8e-11	0.14704109	Local	0.14704109	cis
Transcriptomics	YBR193C	SNPs	13	31924	7.49e-06	0.01830922	Distant	0.01830922	trans
Transcriptomics	YBR195C	SNPs	9	94804	1.19e-06	0.04120341	Distant	0.04120341	trans
Transcriptomics	YBR196C-A	SNPs	2	596654	1.5e-14	0.10996707	Local	0.10996707	cis
Transcriptomics	YBR196C-A	SNPs	2	618908	1.28e-09	0.02203875	Local	0.02203875	cis
Transcriptomics	YBR196C-A	SNPs	2	626455	2.03e-07	0.02937028	Local	0.02937028	cis
Transcriptomics	YBR196C-A	SNPs	2	626092	7.13e-07	0.01312661	Local	0.01312661	cis
Transcriptomics	YBR196C-A	SNPs	2	639793	1.05e-06	0.01168788	Distant	0.01168788	trans
Transcriptomics	YBR196C-B	SNPs	2	618908	4.78e-07	0.01468723	Local	0.01468723	cis
Transcriptomics	YBR196C-B	SNPs	2	617513	2.58e-06	0.0189532	Local	0.0189532	cis
Transcriptomics	YBR196C-B	SNPs	15	898827	6.36e-06	0.01633868	Distant	0.01633868	trans
Transcriptomics	YBR197C	SNPs	2	615698	4.95e-18	0.14402138	Local	0.14402138	cis
Transcriptomics	YBR197C	SNPs	2	621176	3.58e-07	0.01320048	Local	0.01320048	cis
Transcriptomics	YBR197C	SNPs	2	610045	1.01e-06	0.01313281	Local	0.01313281	cis
Transcriptomics	YBR197C	SNPs	2	639793	1.76e-06	0.01033967	Local	0.01033967	cis
Transcriptomics	YBR197C	SNPs	2	626092	3e-06	0.01074107	Local	0.01074107	cis
Transcriptomics	YBR197C	SNPs	2	617606	5.25e-06	0.01582455	Local	0.01582455	cis
Transcriptomics	YBR197C	SNPs	16	705306	6.35e-06	0.05666172	Distant	0.05666172	trans
Transcriptomics	YBR199W	SNPs	2	618736	1.62e-06	0.06470381	Local	0.06470381	cis
Transcriptomics	YBR200W	SNPs	2	620684	3.31e-09	0.01208598	Local	0.01208598	cis
Transcriptomics	YBR200W	SNPs	16	777117	4.63e-06	0.07305222	Distant	0.07305222	trans
Transcriptomics	YBR201C-A	SNPs	12	924398	4.69e-06	0.01186386	Distant	0.01186386	trans
Transcriptomics	YBR202W	SNPs	14	605480	2.32e-06	0.01456764	Distant	0.01456764	trans
Transcriptomics	YBR202W	SNPs	16	422588	4.65e-06	0.0822922	Distant	0.0822922	trans
Transcriptomics	YBR209W	SNPs	5	476870	2.01e-06	0.01162493	Distant	0.01162493	trans
Transcriptomics	YBR210W	SNPs	2	645512	3.52e-09	0.01092307	Local	0.01092307	cis
Transcriptomics	YBR210W	SNPs	2	646253	3.96e-08	0.00697266	Local	0.00697266	cis
Transcriptomics	YBR220C	SNPs	2	722617	9.25e-06	0.03460077	Distant	0.03460077	trans
Transcriptomics	YBR221C	SNPs	1	92566	1.02e-06	0.00778187	Distant	0.00778187	trans
Transcriptomics	YBR225W	SNPs	9	53832	2.09e-06	0.02197905	Distant	0.02197905	trans
Transcriptomics	YBR226C	SNPs	3	75503	1.3e-06	0.02527895	Distant	0.02527895	trans
Transcriptomics	YBR226C	SNPs	2	418288	6.06e-06	0.00700929	Distant	0.00700929	trans
Transcriptomics	YBR234C	SNPs	1	96049	2.81e-07	0.01831495	Distant	0.01831495	trans
Transcriptomics	YBR236C	SNPs	2	694260	8.09e-06	0.03347889	Local	0.03347889	cis
Transcriptomics	YBR237W	SNPs	13	44595	4.81e-06	0.00861248	Distant	0.00861248	trans
Transcriptomics	YBR239C	SNPs	2	592634	1.59e-06	0.06457847	Distant	0.06457847	trans
Transcriptomics	YBR240C	SNPs	15	586701	3.41e-06	0.0131589	Distant	0.0131589	trans
Transcriptomics	YBR244W	SNPs	11	258850	4.77e-06	0.00639304	Distant	0.00639304	trans
Transcriptomics	YBR246W	SNPs	2	712456	1.91e-10	0.12215215	Local	0.12215215	cis
Transcriptomics	YBR246W	SNPs	2	712761	2.7e-07	0.00992924	Local	0.00992924	cis
Transcriptomics	YBR246W	SNPs	2	633618	3.94e-07	0.06563952	Distant	0.06563952	trans
Transcriptomics	YBR246W	SNPs	2	722635	1.71e-06	0.04592614	Local	0.04592614	cis
Transcriptomics	YBR246W	SNPs	8	136467	4.96e-06	0.0096104	Distant	0.0096104	trans
Transcriptomics	YBR250W	SNPs	2	718802	1.18e-07	0.05610827	Local	0.05610827	cis
Transcriptomics	YBR253W	SNPs	16	588825	5.66e-07	0.04564032	Distant	0.04564032	trans
Transcriptomics	YBR254C	SNPs	2	723232	3.5e-09	0.14172833	Local	0.14172833	cis
Transcriptomics	YBR255W	SNPs	16	420632	4.34e-06	0.02366758	Distant	0.02366758	trans
Transcriptomics	YBR256C	SNPs	9	88522	2.99e-06	0.00933471	Distant	0.00933471	trans
Transcriptomics	YBR258C	SNPs	10	44440	9.05e-06	0.01021513	Distant	0.01021513	trans
Transcriptomics	YBR259W	SNPs	2	731564	1.9e-07	0.09711345	Local	0.09711345	cis
Transcriptomics	YBR260C	SNPs	16	406317	6.64e-06	0.06040142	Distant	0.06040142	trans
Transcriptomics	YBR270C	SNPs	2	744466	2.72e-07	0.03390872	Local	0.03390872	cis
Transcriptomics	YBR270C	SNPs	2	744417	1.96e-06	0.05552916	Local	0.05552916	cis
Transcriptomics	YBR271W	SNPs	10	524477	1.01e-06	0.05208139	Distant	0.05208139	trans
Transcriptomics	YBR273C	SNPs	2	694260	1.85e-06	0.04544695	Distant	0.04544695	trans
Transcriptomics	YBR274W	SNPs	2	752535	3.71e-08	0.03302472	Local	0.03302472	cis
Transcriptomics	YBR276C	SNPs	10	106721	1.13e-06	0.09907905	Distant	0.09907905	trans
Transcriptomics	YBR278W	SNPs	2	761454	1.27e-07	0.05502964	Local	0.05502964	cis
Transcriptomics	YBR281C	SNPs	2	767731	1.74e-16	0.05721905	Local	0.05721905	cis
Transcriptomics	YBR287W	SNPs	13	535159	1.4e-06	0.02358826	Distant	0.02358826	trans
Transcriptomics	YBR292C	SNPs	15	868024	2.26e-06	0.07016771	Distant	0.07016771	trans
Transcriptomics	YBR293W	SNPs	7	702168	1.15e-07	0.05128376	Distant	0.05128376	trans
Transcriptomics	YBR293W	SNPs	15	666991	1.87e-07	0.0079304	Distant	0.0079304	trans
Transcriptomics	YBR294W	SNPs	2	794828	1.85e-09	0.1541401	Local	0.1541401	cis
Transcriptomics	YBR294W	SNPs	2	794237	6.03e-09	0.0698888	Local	0.0698888	cis
Transcriptomics	YBR294W	SNPs	2	786589	6.46e-08	0.03804838	Local	0.03804838	cis
Transcriptomics	YBR294W	SNPs	2	797042	1.62e-07	0.06519998	Local	0.06519998	cis
Transcriptomics	YBR294W	SNPs	2	786434	2.99e-06	0.01091728	Local	0.01091728	cis
Transcriptomics	YBR294W	SNPs	2	785002	3.17e-06	0.01750223	Local	0.01750223	cis
Transcriptomics	YBR294W	SNPs	2	803033	3.64e-06	0.01941646	Local	0.01941646	cis
Transcriptomics	YBR294W	SNPs	2	785908	5.07e-06	0.04993207	Local	0.04993207	cis
Transcriptomics	YBR294W	SNPs	2	797545	7.39e-06	0.0135601	Local	0.0135601	cis
Transcriptomics	YBR295W	SNPs	15	137661	6.89e-07	0.02303437	Distant	0.02303437	trans
Transcriptomics	YBR295W	SNPs	2	797893	7.04e-07	0.05638903	Local	0.05638903	cis
Transcriptomics	YBR295W	SNPs	2	791816	9.47e-07	0.08993899	Local	0.08993899	cis
Transcriptomics	YBR297W	SNPs	7	1065857	3.66e-06	0.07988283	Distant	0.07988283	trans
Transcriptomics	YBR298C	SNPs	14	411226	2.53e-06	0.0071564	Distant	0.0071564	trans
Transcriptomics	YBR299W	SNPs	16	272492	3.63e-07	0.00823417	Distant	0.00823417	trans
Transcriptomics	YBR302C	SNPs	8	35854	4.61e-07	0.04343129	Distant	0.04343129	trans
Transcriptomics	YCL001W-A	SNPs	3	108293	2.85e-12	0.15493893	Local	0.15493893	cis
Transcriptomics	YCL001W-A	SNPs	3	106731	2.86e-07	0.0482766	Local	0.0482766	cis
Transcriptomics	YCL001W-B	SNPs	3	119872	2.64e-08	0.00400844	Local	0.00400844	cis
Transcriptomics	YCL001W-B	SNPs	3	130829	1.87e-07	0.10498645	Local	0.10498645	cis
Transcriptomics	YCL001W-B	SNPs	3	28362	7.87e-06	0.07098171	Distant	0.07098171	trans
Transcriptomics	YCL001W	SNPs	3	111279	1.96e-06	0.00582899	Local	0.00582899	cis
Transcriptomics	YCL001W	SNPs	3	108156	2.09e-06	0.00908837	Local	0.00908837	cis
Transcriptomics	YCL002C	SNPs	3	118130	4.39e-17	0.01640074	Local	0.01640074	cis
Transcriptomics	YCL002C	SNPs	3	129840	1.32e-13	0.03209951	Local	0.03209951	cis
Transcriptomics	YCL002C	SNPs	3	130883	2.38e-10	0.01150332	Local	0.01150332	cis
Transcriptomics	YCL002C	SNPs	3	109536	6.15e-10	0.01048528	Local	0.01048528	cis
Transcriptomics	YCL002C	SNPs	3	110397	9.26e-10	0.00666804	Local	0.00666804	cis
Transcriptomics	YCL002C	SNPs	3	110934	2.59e-09	0.02982506	Local	0.02982506	cis
Transcriptomics	YCL002C	SNPs	3	128488	5.24e-09	0.00950543	Local	0.00950543	cis
Transcriptomics	YCL002C	SNPs	3	118196	3.5e-07	0.0586051	Local	0.0586051	cis
Transcriptomics	YCL004W	SNPs	3	109536	5.499999999999999e-23	0.02551279	Local	0.02551279	cis
Transcriptomics	YCL004W	SNPs	3	111489	7.02e-16	0.01659048	Local	0.01659048	cis
Transcriptomics	YCL004W	SNPs	3	130883	7.1e-13	0.01437968	Local	0.01437968	cis
Transcriptomics	YCL004W	SNPs	3	108156	1.78e-12	0.01992802	Local	0.01992802	cis
Transcriptomics	YCL004W	SNPs	3	110397	5.69e-12	0.00817876	Local	0.00817876	cis
Transcriptomics	YCL004W	SNPs	3	129840	1.5e-11	0.02643627	Local	0.02643627	cis
Transcriptomics	YCL004W	SNPs	3	110934	6.87e-10	0.03169972	Local	0.03169972	cis
Transcriptomics	YCL004W	SNPs	3	109320	5.44e-09	0.0919962	Local	0.0919962	cis
Transcriptomics	YCL004W	SNPs	3	128488	3.8e-08	0.00828201	Local	0.00828201	cis
Transcriptomics	YCL004W	SNPs	12	990074	3.63e-06	0.01394181	Distant	0.01394181	trans
Transcriptomics	YCL008C	SNPs	11	430859	1.33e-06	0.0104181	Distant	0.0104181	trans
Transcriptomics	YCL008C	SNPs	3	106362	1.5e-06	0.07884461	Local	0.07884461	cis
Transcriptomics	YCL012C	SNPs	9	333750	2.98e-06	0.01792809	Distant	0.01792809	trans
Transcriptomics	YCL016C	SNPs	12	974574	4.35e-06	0.02413504	Distant	0.02413504	trans
Transcriptomics	YCL017C	SNPs	11	387783	2.94e-06	0.01895853	Distant	0.01895853	trans
Transcriptomics	YCL017C	SNPs	4	1344681	2.95e-06	0.01026833	Distant	0.01026833	trans
Transcriptomics	YCL021W-A	SNPs	3	81921	6.32e-08	0.01113051	Local	0.01113051	cis
Transcriptomics	YCL024W	SNPs	16	777117	1.34e-06	0.08107626	Distant	0.08107626	trans
Transcriptomics	YCL026C-A	SNPs	3	75484	8.95e-20	0.04017786	Local	0.04017786	cis
Transcriptomics	YCL026C-A	SNPs	3	75863	2e-07	0.04236161	Local	0.04236161	cis
Transcriptomics	YCL026C-A	SNPs	5	78155	4.11e-07	0.03413917	Distant	0.03413917	trans
Transcriptomics	YCL026C-A	SNPs	2	298678	1.06e-06	0.05430506	Distant	0.05430506	trans
Transcriptomics	YCL026C-A	SNPs	3	68956	1.59e-06	0.04093643	Local	0.04093643	cis
Transcriptomics	YCL026C-A	SNPs	1	59229	2.43e-06	0.04972501	Distant	0.04972501	trans
Transcriptomics	YCL026C-A	SNPs	2	240866	3.27e-06	0.02328203	Distant	0.02328203	trans
Transcriptomics	YCL026C-A	SNPs	2	366120	3.46e-06	0.02281048	Distant	0.02281048	trans
Transcriptomics	YCL026C-A	SNPs	10	487737	3.55e-06	0.02138611	Distant	0.02138611	trans
Transcriptomics	YCL026C-A	SNPs	11	90418	7.06e-06	0.06771257	Distant	0.06771257	trans
Transcriptomics	YCL026C-B	SNPs	3	74146	9.25e-31	0.33824072	Local	0.33824072	cis
Transcriptomics	YCL026C-B	SNPs	3	75053	3.6e-10	0.07568164	Local	0.07568164	cis
Transcriptomics	YCL026C-B	SNPs	3	98770	2.05e-07	0.00869552	Distant	0.00869552	trans
Transcriptomics	YCL026C-B	SNPs	3	75503	6.69e-07	0.01947213	Local	0.01947213	cis
Transcriptomics	YCL026C-B	SNPs	3	107312	7.01e-07	0.00723306	Distant	0.00723306	trans
Transcriptomics	YCL026C-B	SNPs	3	71310	1.02e-06	0.04055891	Local	0.04055891	cis
Transcriptomics	YCL026C-B	SNPs	4	1088972	1.03e-06	0.00628804	Distant	0.00628804	trans
Transcriptomics	YCL026C-B	SNPs	3	140466	1.36e-06	0.01197426	Distant	0.01197426	trans
Transcriptomics	YCL026C-B	SNPs	3	103813	1.57e-06	0.08741167	Distant	0.08741167	trans
Transcriptomics	YCL026C-B	SNPs	16	224341	2.51e-06	0.01867914	Distant	0.01867914	trans
Transcriptomics	YCL027W	SNPs	15	666991	2.87e-06	0.00662583	Distant	0.00662583	trans
Transcriptomics	YCL027W	SNPs	8	427660	3.04e-06	0.009576	Distant	0.009576	trans
Transcriptomics	YCL027W	SNPs	5	85780	6.22e-06	0.00517638	Distant	0.00517638	trans
Transcriptomics	YCL033C	SNPs	3	62729	4.68e-22	0.05295669	Local	0.05295669	cis
Transcriptomics	YCL035C	SNPs	3	61329	9.54e-22	0.02695702	Local	0.02695702	cis
Transcriptomics	YCL035C	SNPs	5	170376	1.97e-06	0.02265561	Distant	0.02265561	trans
Transcriptomics	YCL038C	SNPs	13	458866	1.44e-06	0.02036564	Distant	0.02036564	trans
Transcriptomics	YCL043C	SNPs	2	214801	2.44e-06	0.06880356	Distant	0.06880356	trans
Transcriptomics	YCL045C	SNPs	11	430859	1.94e-06	0.0105005	Distant	0.0105005	trans
Transcriptomics	YCL048W	SNPs	11	156873	2.53e-06	0.05002923	Distant	0.05002923	trans
Transcriptomics	YCL049C	SNPs	3	40315	1.6e-63	0.14912767	Local	0.14912767	cis
Transcriptomics	YCL049C	SNPs	3	40515	1.31e-08	0.09391816	Local	0.09391816	cis
Transcriptomics	YCL050C	SNPs	13	10994	1.09e-05	0.00441618	Distant	0.00441618	trans
Transcriptomics	YCL051W	SNPs	1	92566	2.71e-06	0.00701666	Distant	0.00701666	trans
Transcriptomics	YCL054W	SNPs	7	655851	3.37e-07	0.00706944	Distant	0.00706944	trans
Transcriptomics	YCL054W	SNPs	4	327242	2.6e-06	0.07261202	Distant	0.07261202	trans
Transcriptomics	YCL054W	SNPs	13	213896	3.03e-06	0.00581309	Distant	0.00581309	trans
Transcriptomics	YCL055W	SNPs	15	238720	1.92e-06	0.0074651	Distant	0.0074651	trans
Transcriptomics	YCL057C-A	SNPs	4	1318821	9.94e-07	0.0563644	Distant	0.0563644	trans
Transcriptomics	YCL057W	SNPs	12	1012407	2.58e-06	0.02299435	Distant	0.02299435	trans
Transcriptomics	YCL057W	SNPs	1	95043	3.86e-06	0.03746798	Distant	0.03746798	trans
Transcriptomics	YCL059C	SNPs	7	655851	5.76e-07	0.0069196	Distant	0.0069196	trans
Transcriptomics	YCL059C	SNPs	13	213896	6.66e-06	0.00555417	Distant	0.00555417	trans
Transcriptomics	YCL061C	SNPs	4	553497	3.97e-06	0.01031563	Distant	0.01031563	trans
Transcriptomics	YCL065W	SNPs	7	1041395	2.08e-06	0.09262712	Distant	0.09262712	trans
Transcriptomics	YCL065W	SNPs	3	201156	2.61e-06	0.01867663	Distant	0.01867663	trans
Transcriptomics	YCL065W	SNPs	3	201161	6.18e-06	0.03593382	Distant	0.03593382	trans
Transcriptomics	YCL068C	SNPs	11	575225	5.58e-07	0.01471484	Distant	0.01471484	trans
Transcriptomics	YCL069W	SNPs	11	645157	6.39e-11	0.01566505	Distant	0.01566505	trans
Transcriptomics	YCL069W	SNPs	11	643390	5.97e-07	0.07119442	Distant	0.07119442	trans
Transcriptomics	YCR001W	SNPs	3	128050	9.12e-07	0.0041929	Local	0.0041929	cis
Transcriptomics	YCR002C	SNPs	15	586701	1.04e-07	0.01821893	Distant	0.01821893	trans
Transcriptomics	YCR005C	SNPs	10	350741	1.24e-06	0.07415005	Distant	0.07415005	trans
Transcriptomics	YCR007C	SNPs	3	130242	3.86e-08	0.09733038	Local	0.09733038	cis
Transcriptomics	YCR007C	SNPs	3	118751	3.31e-07	0.0067857	Local	0.0067857	cis
Transcriptomics	YCR007C	SNPs	3	131280	1.28e-06	0.04713322	Local	0.04713322	cis
Transcriptomics	YCR009C	SNPs	6	113820	6.21e-06	0.01005721	Distant	0.01005721	trans
Transcriptomics	YCR009C	SNPs	12	299124	6.32e-06	0.04024186	Distant	0.04024186	trans
Transcriptomics	YCR009C	SNPs	13	37053	7.24e-06	0.01328817	Distant	0.01328817	trans
Transcriptomics	YCR014C	SNPs	16	93137	3.32e-06	0.07445844	Distant	0.07445844	trans
Transcriptomics	YCR018C	SNPs	12	840073	1.85e-06	0.0115587	Distant	0.0115587	trans
Transcriptomics	YCR020C	SNPs	4	458153	2.97e-06	0.0274052	Distant	0.0274052	trans
Transcriptomics	YCR020W-B	SNPs	3	155181	8.39e-13	0.01786811	Local	0.01786811	cis
Transcriptomics	YCR021C	SNPs	3	157686	1.05e-06	0.00583265	Local	0.00583265	cis
Transcriptomics	YCR021C	SNPs	3	152950	3.95e-06	0.025771	Local	0.025771	cis
Transcriptomics	YCR022C	SNPs	3	157881	2.83e-06	0.06557312	Local	0.06557312	cis
Transcriptomics	YCR022C	SNPs	16	811965	3.31e-06	0.06954622	Distant	0.06954622	trans
Transcriptomics	YCR022C	SNPs	5	397892	4.04e-06	0.05952914	Distant	0.05952914	trans
Transcriptomics	YCR022C	SNPs	14	712253	7.59e-06	0.06147375	Distant	0.06147375	trans
Transcriptomics	YCR028C-A	SNPs	12	333469	8.95e-07	0.06099663	Distant	0.06099663	trans
Transcriptomics	YCR033W	SNPs	7	417098	4e-06	0.00885229	Distant	0.00885229	trans
Transcriptomics	YCR039C	SNPs	4	589136	4.28e-06	0.01311191	Distant	0.01311191	trans
Transcriptomics	YCR041W	SNPs	3	201156	1.98e-07	0.02173649	Local	0.02173649	cis
Transcriptomics	YCR041W	SNPs	3	201258	8.1e-07	0.02952309	Local	0.02952309	cis
Transcriptomics	YCR044C	SNPs	8	18917	4.82e-06	0.00807759	Distant	0.00807759	trans
Transcriptomics	YCR045C	SNPs	2	712761	1.85e-06	0.0083425	Distant	0.0083425	trans
Transcriptomics	YCR047C	SNPs	7	655851	3.22e-06	0.00612832	Distant	0.00612832	trans
Transcriptomics	YCR060W	SNPs	3	224821	4.7e-14	0.16249035	Local	0.16249035	cis
Transcriptomics	YCR060W	SNPs	3	224846	4.87e-13	0.09544897	Local	0.09544897	cis
Transcriptomics	YCR060W	SNPs	2	228106	9.71e-07	0.0132577	Distant	0.0132577	trans
Transcriptomics	YCR060W	SNPs	12	690274	1.43e-06	0.04181944	Distant	0.04181944	trans
Transcriptomics	YCR060W	SNPs	3	225042	4.44e-06	0.03370558	Local	0.03370558	cis
Transcriptomics	YCR060W	SNPs	15	659697	6.56e-06	0.01417359	Distant	0.01417359	trans
Transcriptomics	YCR063W	SNPs	7	655851	1.04e-06	0.00668766	Distant	0.00668766	trans
Transcriptomics	YCR065W	SNPs	16	428330	6.6e-06	0.07962649	Distant	0.07962649	trans
Transcriptomics	YCR069W	SNPs	11	430859	5.05e-06	0.0093186	Distant	0.0093186	trans
Transcriptomics	YCR071C	SNPs	3	239957	2.25e-07	0.08954295	Local	0.08954295	cis
Transcriptomics	YCR072C	SNPs	7	655851	2.52e-06	0.00629141	Distant	0.00629141	trans
Transcriptomics	YCR073W-A	SNPs	7	1065808	6.39e-06	0.00938972	Distant	0.00938972	trans
Transcriptomics	YCR075C	SNPs	14	230599	8.82e-07	0.10720676	Distant	0.10720676	trans
Transcriptomics	YCR075W-A	SNPs	9	424322	4.05e-07	0.0142959	Distant	0.0142959	trans
Transcriptomics	YCR082W	SNPs	3	258781	2.58e-06	0.08978156	Local	0.08978156	cis
Transcriptomics	YCR092C	SNPs	3	273880	1.27e-06	0.01169509	Local	0.01169509	cis
Transcriptomics	YCR099C	SNPs	5	564276	4.16e-07	0.01538047	Distant	0.01538047	trans
Transcriptomics	YCR100C	SNPs	5	564276	2e-06	0.01564413	Distant	0.01564413	trans
Transcriptomics	YCR105W	SNPs	16	254689	2.04e-06	0.0208747	Distant	0.0208747	trans
Transcriptomics	YCR106W	SNPs	12	1058829	1.25e-08	0.01317663	Distant	0.01317663	trans
Transcriptomics	YCR107W	SNPs	12	1058829	2.33e-07	0.00960815	Distant	0.00960815	trans
Transcriptomics	YDL002C	SNPs	4	446874	7.49e-07	0.10608801	Local	0.10608801	cis
Transcriptomics	YDL004W	SNPs	6	155252	2.86e-06	0.01897166	Distant	0.01897166	trans
Transcriptomics	YDL008W	SNPs	11	379901	2.14e-06	0.06377512	Distant	0.06377512	trans
Transcriptomics	YDL013W	SNPs	11	250668	8.36e-06	0.02126767	Distant	0.02126767	trans
Transcriptomics	YDL014W	SNPs	7	655851	5.46e-07	0.00669292	Distant	0.00669292	trans
Transcriptomics	YDL018C	SNPs	9	141990	6.87e-07	0.08504478	Distant	0.08504478	trans
Transcriptomics	YDL019C	SNPs	4	1225163	8.23e-06	0.01314395	Distant	0.01314395	trans
Transcriptomics	YDL019C	SNPs	7	943177	9.29e-06	0.00445983	Distant	0.00445983	trans
Transcriptomics	YDL024C	SNPs	4	409954	3.33e-15	0.08352331	Local	0.08352331	cis
Transcriptomics	YDL024C	SNPs	4	410017	1.97e-10	0.04868412	Local	0.04868412	cis
Transcriptomics	YDL024C	SNPs	8	16906	2.23e-06	0.02248537	Distant	0.02248537	trans
Transcriptomics	YDL024C	SNPs	8	16805	3.9e-06	0.03842031	Distant	0.03842031	trans
Transcriptomics	YDL028C	SNPs	16	420632	1.05e-06	0.02626099	Distant	0.02626099	trans
Transcriptomics	YDL031W	SNPs	7	655851	4.06e-07	0.0071371	Distant	0.0071371	trans
Transcriptomics	YDL031W	SNPs	13	213896	3.65e-06	0.00586401	Distant	0.00586401	trans
Transcriptomics	YDL031W	SNPs	10	524477	5.09e-06	0.04209103	Distant	0.04209103	trans
Transcriptomics	YDL033C	SNPs	8	285871	6.97e-07	0.02144285	Distant	0.02144285	trans
Transcriptomics	YDL033C	SNPs	7	702109	9.04e-07	0.06616842	Distant	0.06616842	trans
Transcriptomics	YDL033C	SNPs	13	203305	1.81e-06	0.0284281	Distant	0.0284281	trans
Transcriptomics	YDL033C	SNPs	7	762571	6.35e-06	0.01994951	Distant	0.01994951	trans
Transcriptomics	YDL033C	SNPs	13	368861	6.62e-06	0.01870105	Distant	0.01870105	trans
Transcriptomics	YDL034W	SNPs	12	811471	4.08e-06	0.045275	Distant	0.045275	trans
Transcriptomics	YDL036C	SNPs	11	411807	4.41e-06	0.01512155	Distant	0.01512155	trans
Transcriptomics	YDL037C	SNPs	4	385750	1.49e-20	0.11375414	Local	0.11375414	cis
Transcriptomics	YDL037C	SNPs	4	386785	8.69e-16	0.03358208	Local	0.03358208	cis
Transcriptomics	YDL037C	SNPs	4	385473	2.18e-13	0.02703122	Local	0.02703122	cis
Transcriptomics	YDL037C	SNPs	13	79739	2.51e-06	0.03482882	Distant	0.03482882	trans
Transcriptomics	YDL039C	SNPs	4	386785	1.86e-09	0.01793936	Local	0.01793936	cis
Transcriptomics	YDL039C	SNPs	4	385750	2.08e-08	0.03964238	Local	0.03964238	cis
Transcriptomics	YDL039C	SNPs	4	385473	1.77e-06	0.01094997	Local	0.01094997	cis
Transcriptomics	YDL040C	SNPs	16	172786	3e-06	0.02526833	Distant	0.02526833	trans
Transcriptomics	YDL042C	SNPs	7	307084	3.02e-06	0.0480143	Distant	0.0480143	trans
Transcriptomics	YDL048C	SNPs	10	319272	3.2e-06	0.07567438	Distant	0.07567438	trans
Transcriptomics	YDL053C	SNPs	4	370580	1.15e-06	0.00768009	Local	0.00768009	cis
Transcriptomics	YDL054C	SNPs	6	202970	3.79e-06	0.05508497	Distant	0.05508497	trans
Transcriptomics	YDL055C	SNPs	4	355467	6.23e-15	0.04239434	Local	0.04239434	cis
Transcriptomics	YDL055C	SNPs	4	357529	1.43e-09	0.17254149	Local	0.17254149	cis
Transcriptomics	YDL055C	SNPs	10	404952	7.24e-07	0.06616859	Distant	0.06616859	trans
Transcriptomics	YDL056W	SNPs	16	420632	6.93e-07	0.02401087	Distant	0.02401087	trans
Transcriptomics	YDL060W	SNPs	7	655851	1.53e-07	0.00770809	Distant	0.00770809	trans
Transcriptomics	YDL063C	SNPs	7	655851	2.74e-06	0.00617052	Distant	0.00617052	trans
Transcriptomics	YDL065C	SNPs	14	691878	7.72e-08	0.03796997	Distant	0.03796997	trans
Transcriptomics	YDL065C	SNPs	9	395649	4.62e-06	0.00987093	Distant	0.00987093	trans
Transcriptomics	YDL067C	SNPs	16	926181	3.65e-06	0.01286524	Distant	0.01286524	trans
Transcriptomics	YDL069C	SNPs	14	170790	3.58e-06	0.07309124	Distant	0.07309124	trans
Transcriptomics	YDL072C	SNPs	7	655851	1.51e-06	0.0067292	Distant	0.0067292	trans
Transcriptomics	YDL074C	SNPs	13	213896	3.59e-06	0.00570807	Distant	0.00570807	trans
Transcriptomics	YDL077C	SNPs	7	53416	1.15e-06	0.01153037	Distant	0.01153037	trans
Transcriptomics	YDL082W	SNPs	12	585709	9.43e-07	0.03399449	Distant	0.03399449	trans
Transcriptomics	YDL085W	SNPs	6	240610	5.39e-06	0.04535045	Distant	0.04535045	trans
Transcriptomics	YDL088C	SNPs	11	107231	1.26e-06	0.02294882	Distant	0.02294882	trans
Transcriptomics	YDL089W	SNPs	4	297290	1.2e-18	0.10084259	Local	0.10084259	cis
Transcriptomics	YDL089W	SNPs	2	198110	5.17e-06	0.00746981	Distant	0.00746981	trans
Transcriptomics	YDL093W	SNPs	4	456852	5.24e-06	0.01501964	Distant	0.01501964	trans
Transcriptomics	YDL093W	SNPs	4	458036	8.57e-06	0.0313641	Distant	0.0313641	trans
Transcriptomics	YDL094C	SNPs	4	289558	1.44e-16	0.05714225	Local	0.05714225	cis
Transcriptomics	YDL094C	SNPs	4	289631	2.33e-11	0.06583301	Local	0.06583301	cis
Transcriptomics	YDL094C	SNPs	9	130430	3.17e-06	0.00914543	Distant	0.00914543	trans
Transcriptomics	YDL098C	SNPs	9	88522	2.39e-06	0.01024667	Distant	0.01024667	trans
Transcriptomics	YDL103C	SNPs	4	275118	1.27e-06	0.05933632	Local	0.05933632	cis
Transcriptomics	YDL109C	SNPs	16	789570	2.79e-06	0.05290964	Distant	0.05290964	trans
Transcriptomics	YDL113C	SNPs	8	250490	4.96e-06	0.00868576	Distant	0.00868576	trans
Transcriptomics	YDL117W	SNPs	16	899581	8.53e-07	0.01684561	Distant	0.01684561	trans
Transcriptomics	YDL124W	SNPs	4	240532	2.83e-14	0.10049469	Local	0.10049469	cis
Transcriptomics	YDL124W	SNPs	4	239643	1.53e-13	0.03854473	Local	0.03854473	cis
Transcriptomics	YDL124W	SNPs	4	240297	1.59e-07	0.06306273	Local	0.06306273	cis
Transcriptomics	YDL124W	SNPs	4	240480	1.59e-07	0.02095493	Local	0.02095493	cis
Transcriptomics	YDL124W	SNPs	4	240506	2.8e-07	0.09962456	Local	0.09962456	cis
Transcriptomics	YDL124W	SNPs	4	239573	3.77e-07	0.0205083	Local	0.0205083	cis
Transcriptomics	YDL125C	SNPs	4	239643	1.15e-09	0.0282458	Local	0.0282458	cis
Transcriptomics	YDL125C	SNPs	4	239462	7.17e-07	0.10251899	Local	0.10251899	cis
Transcriptomics	YDL125C	SNPs	4	240532	4.53e-06	0.03935082	Local	0.03935082	cis
Transcriptomics	YDL127W	SNPs	13	238236	2.99e-06	0.04728803	Distant	0.04728803	trans
Transcriptomics	YDL128W	SNPs	8	34545	2.57e-06	0.05262623	Distant	0.05262623	trans
Transcriptomics	YDL131W	SNPs	6	202970	2.69e-06	0.05909854	Distant	0.05909854	trans
Transcriptomics	YDL132W	SNPs	7	458993	4.47e-06	0.00901125	Distant	0.00901125	trans
Transcriptomics	YDL136W	SNPs	12	585709	1.5e-06	0.03300288	Distant	0.03300288	trans
Transcriptomics	YDL139C	SNPs	4	568528	2.46e-06	0.03204588	Distant	0.03204588	trans
Transcriptomics	YDL142C	SNPs	15	587140	4.18e-06	0.01824872	Distant	0.01824872	trans
Transcriptomics	YDL147W	SNPs	4	190764	1.83e-07	0.04893227	Local	0.04893227	cis
Transcriptomics	YDL148C	SNPs	7	655851	4.44e-07	0.00672317	Distant	0.00672317	trans
Transcriptomics	YDL153C	SNPs	7	655851	1.19e-06	0.00631486	Distant	0.00631486	trans
Transcriptomics	YDL153C	SNPs	4	327242	4.79e-06	0.06710248	Distant	0.06710248	trans
Transcriptomics	YDL154W	SNPs	4	409324	5.36e-06	0.02099847	Distant	0.02099847	trans
Transcriptomics	YDL155W	SNPs	16	428330	1.21e-06	0.09168033	Distant	0.09168033	trans
Transcriptomics	YDL157C	SNPs	4	174546	3.01e-09	0.03223981	Local	0.03223981	cis
Transcriptomics	YDL159W	SNPs	4	174089	2.87e-06	0.05718286	Local	0.05718286	cis
Transcriptomics	YDL160C-A	SNPs	10	448281	2.28e-07	0.00824954	Distant	0.00824954	trans
Transcriptomics	YDL160C-A	SNPs	4	540249	7.4e-06	0.01568978	Distant	0.01568978	trans
Transcriptomics	YDL160C	SNPs	4	170349	5.72e-08	0.10341095	Local	0.10341095	cis
Transcriptomics	YDL160C	SNPs	4	174089	2.2e-07	0.06910558	Local	0.06910558	cis
Transcriptomics	YDL160C	SNPs	11	303165	2.1e-06	0.08835544	Distant	0.08835544	trans
Transcriptomics	YDL165W	SNPs	9	114834	4.15e-06	0.0071071	Distant	0.0071071	trans
Transcriptomics	YDL168W	SNPs	4	159428	1.45e-61	0.34178406	Local	0.34178406	cis
Transcriptomics	YDL168W	SNPs	4	159505	2.58e-15	0.1683234	Local	0.1683234	cis
Transcriptomics	YDL168W	SNPs	4	159190	2.52e-11	0.07378224	Local	0.07378224	cis
Transcriptomics	YDL168W	SNPs	4	158749	1.17e-08	0.01568956	Local	0.01568956	cis
Transcriptomics	YDL168W	SNPs	4	159017	5.94e-08	0.02894234	Local	0.02894234	cis
Transcriptomics	YDL168W	SNPs	4	160513	1.09e-07	0.05996374	Local	0.05996374	cis
Transcriptomics	YDL168W	SNPs	4	159051	2.06e-07	0.02640932	Local	0.02640932	cis
Transcriptomics	YDL168W	SNPs	7	1065808	2.84e-06	0.01088557	Distant	0.01088557	trans
Transcriptomics	YDL174C	SNPs	4	146231	5.82e-06	0.00882549	Local	0.00882549	cis
Transcriptomics	YDL175C	SNPs	15	176350	2.83e-07	0.01686492	Distant	0.01686492	trans
Transcriptomics	YDL175C	SNPs	12	250030	1.12e-06	0.01827891	Distant	0.01827891	trans
Transcriptomics	YDL178W	SNPs	14	170790	8.29e-06	0.07192462	Distant	0.07192462	trans
Transcriptomics	YDL180W	SNPs	12	250030	1.9e-06	0.017667	Distant	0.017667	trans
Transcriptomics	YDL183C	SNPs	15	163690	5.16e-06	0.05813405	Distant	0.05813405	trans
Transcriptomics	YDL188C	SNPs	7	161090	6.09e-07	0.03376499	Distant	0.03376499	trans
Transcriptomics	YDL196W	SNPs	4	105289	9.79e-08	0.0499619	Local	0.0499619	cis
Transcriptomics	YDL202W	SNPs	4	836436	2.17e-06	0.05515636	Distant	0.05515636	trans
Transcriptomics	YDL208W	SNPs	13	213896	3.49e-06	0.00581844	Distant	0.00581844	trans
Transcriptomics	YDL213C	SNPs	13	213896	1.68e-06	0.00611383	Distant	0.00611383	trans
Transcriptomics	YDL213C	SNPs	2	93721	7.22e-06	0.00755886	Distant	0.00755886	trans
Transcriptomics	YDL215C	SNPs	4	1288278	2.37e-06	0.00930365	Distant	0.00930365	trans
Transcriptomics	YDL216C	SNPs	4	68911	4.54e-09	0.02523786	Local	0.02523786	cis
Transcriptomics	YDL218W	SNPs	16	367109	1.47e-06	0.02203109	Distant	0.02203109	trans
Transcriptomics	YDL221W	SNPs	4	63228	2.99e-12	0.09614252	Local	0.09614252	cis
Transcriptomics	YDL221W	SNPs	7	907935	2.31e-06	0.01329206	Distant	0.01329206	trans
Transcriptomics	YDL230W	SNPs	4	42970	2.07e-09	0.06174181	Local	0.06174181	cis
Transcriptomics	YDL230W	SNPs	4	43611	6.29e-09	0.087385	Local	0.087385	cis
Transcriptomics	YDL230W	SNPs	9	398993	1.5e-08	0.02333343	Distant	0.02333343	trans
Transcriptomics	YDL230W	SNPs	4	42021	2e-08	0.00995215	Local	0.00995215	cis
Transcriptomics	YDL230W	SNPs	4	43708	3.22e-07	0.00671717	Local	0.00671717	cis
Transcriptomics	YDL230W	SNPs	4	41747	4.11e-07	0.00981701	Local	0.00981701	cis
Transcriptomics	YDL230W	SNPs	16	590543	1.88e-06	0.00631512	Distant	0.00631512	trans
Transcriptomics	YDL230W	SNPs	12	988473	4e-06	0.00606597	Distant	0.00606597	trans
Transcriptomics	YDL230W	SNPs	7	196338	5.08e-06	0.0132975	Distant	0.0132975	trans
Transcriptomics	YDL230W	SNPs	16	482109	7.41e-06	0.0079689	Distant	0.0079689	trans
Transcriptomics	YDL230W	SNPs	9	399281	1.07e-05	0.02553569	Distant	0.02553569	trans
Transcriptomics	YDL231C	SNPs	14	425075	1.11e-06	0.13142606	Distant	0.13142606	trans
Transcriptomics	YDL239C	SNPs	4	29654	3.95e-07	0.0979184	Local	0.0979184	cis
Transcriptomics	YDL241W	SNPs	9	63391	2.4e-06	0.00698753	Distant	0.00698753	trans
Transcriptomics	YDL242W	SNPs	4	21893	3.95e-09	0.11277752	Local	0.11277752	cis
Transcriptomics	YDL242W	SNPs	4	24643	3.43e-06	0.0246245	Local	0.0246245	cis
Transcriptomics	YDL242W	SNPs	4	599181	4.9e-06	0.04269209	Distant	0.04269209	trans
Transcriptomics	YDL245C	SNPs	4	543872	1.93e-06	0.00691855	Distant	0.00691855	trans
Transcriptomics	YDL245C	SNPs	10	421684	2.29e-06	0.03370745	Distant	0.03370745	trans
Transcriptomics	YDL246C	SNPs	11	523712	2.09e-06	0.01059556	Distant	0.01059556	trans
Transcriptomics	YDL246C	SNPs	7	1038817	7.23e-06	0.00477646	Distant	0.00477646	trans
Transcriptomics	YDL248W	SNPs	13	9755	1.84e-18	0.30175976	Distant	0.30175976	trans
Transcriptomics	YDL248W	SNPs	5	306617	1.4e-08	0.00997051	Distant	0.00997051	trans
Transcriptomics	YDL248W	SNPs	13	8673	2.59e-08	0.03712423	Distant	0.03712423	trans
Transcriptomics	YDL248W	SNPs	11	88493	3.67e-06	0.00461753	Distant	0.00461753	trans
Transcriptomics	YDR002W	SNPs	4	452728	1.47e-06	0.09551423	Local	0.09551423	cis
Transcriptomics	YDR007W	SNPs	4	449612	1.01e-07	0.032986	Local	0.032986	cis
Transcriptomics	YDR007W	SNPs	11	147892	2.71e-06	0.09435305	Distant	0.09435305	trans
Transcriptomics	YDR007W	SNPs	4	449521	4.69e-06	0.08016273	Local	0.08016273	cis
Transcriptomics	YDR011W	SNPs	13	433403	6.28e-07	0.024314	Distant	0.024314	trans
Transcriptomics	YDR022C	SNPs	2	117085	1.08e-06	0.02369086	Distant	0.02369086	trans
Transcriptomics	YDR023W	SNPs	5	39664	2.91e-06	0.09090922	Distant	0.09090922	trans
Transcriptomics	YDR023W	SNPs	4	848316	4.19e-06	0.01762219	Distant	0.01762219	trans
Transcriptomics	YDR025W	SNPs	12	585709	4.18e-07	0.03550641	Distant	0.03550641	trans
Transcriptomics	YDR026C	SNPs	14	471767	5.06e-06	0.01223345	Distant	0.01223345	trans
Transcriptomics	YDR033W	SNPs	4	507718	1.01e-19	0.2040996	Local	0.2040996	cis
Transcriptomics	YDR033W	SNPs	4	507490	1.43e-08	0.00584054	Local	0.00584054	cis
Transcriptomics	YDR036C	SNPs	4	524228	5.07e-10	0.00975643	Local	0.00975643	cis
Transcriptomics	YDR037W	SNPs	4	524228	5.72e-07	0.00773948	Local	0.00773948	cis
Transcriptomics	YDR038C	SNPs	16	824813	1.44e-09	0.00278171	Distant	0.00278171	trans
Transcriptomics	YDR038C	SNPs	8	510650	5.14e-09	0.05830282	Distant	0.05830282	trans
Transcriptomics	YDR038C	SNPs	16	834570	4.44e-08	0.00575122	Distant	0.00575122	trans
Transcriptomics	YDR038C	SNPs	4	1272576	1.18e-07	0.00337121	Distant	0.00337121	trans
Transcriptomics	YDR038C	SNPs	16	838020	2.36e-07	0.00281213	Distant	0.00281213	trans
Transcriptomics	YDR038C	SNPs	1	66168	5.44e-07	0.01521767	Distant	0.01521767	trans
Transcriptomics	YDR038C	SNPs	16	823381	5.63e-07	0.00748211	Distant	0.00748211	trans
Transcriptomics	YDR038C	SNPs	9	346836	6.84e-07	0.01703571	Distant	0.01703571	trans
Transcriptomics	YDR038C	SNPs	16	834026	7.53e-07	0.00401957	Distant	0.00401957	trans
Transcriptomics	YDR038C	SNPs	6	100094	8.95e-07	0.0016467	Distant	0.0016467	trans
Transcriptomics	YDR038C	SNPs	16	491534	4.25e-06	0.01683235	Distant	0.01683235	trans
Transcriptomics	YDR038C	SNPs	16	836997	5.66e-06	0.00338904	Distant	0.00338904	trans
Transcriptomics	YDR039C	SNPs	8	510650	4.62e-09	0.02798249	Distant	0.02798249	trans
Transcriptomics	YDR040C	SNPs	8	510650	7.91e-09	0.02788752	Distant	0.02788752	trans
Transcriptomics	YDR042C	SNPs	12	950780	2.88e-06	0.01307661	Distant	0.01307661	trans
Transcriptomics	YDR044W	SNPs	3	148793	1.8e-07	0.01672383	Distant	0.01672383	trans
Transcriptomics	YDR045C	SNPs	5	295532	1.25e-06	0.00656397	Distant	0.00656397	trans
Transcriptomics	YDR047W	SNPs	4	551764	7.38e-14	0.17673284	Local	0.17673284	cis
Transcriptomics	YDR047W	SNPs	7	603711	8.3e-07	0.02299703	Distant	0.02299703	trans
Transcriptomics	YDR047W	SNPs	4	551582	9.12e-07	0.01013521	Local	0.01013521	cis
Transcriptomics	YDR047W	SNPs	12	959099	1.38e-06	0.05471768	Distant	0.05471768	trans
Transcriptomics	YDR047W	SNPs	12	997535	2.85e-06	0.06589456	Distant	0.06589456	trans
Transcriptomics	YDR047W	SNPs	4	551743	3.31e-06	0.03400712	Local	0.03400712	cis
Transcriptomics	YDR052C	SNPs	16	24710	5.58e-06	0.006768	Distant	0.006768	trans
Transcriptomics	YDR055W	SNPs	16	81079	3.8e-06	0.06543097	Distant	0.06543097	trans
Transcriptomics	YDR061W	SNPs	7	346793	4.71e-07	0.04735834	Distant	0.04735834	trans
Transcriptomics	YDR063W	SNPs	4	578506	1.08e-12	0.04224222	Local	0.04224222	cis
Transcriptomics	YDR063W	SNPs	15	176350	6.4e-08	0.02321429	Distant	0.02321429	trans
Transcriptomics	YDR063W	SNPs	4	579531	2.15e-06	0.07081284	Local	0.07081284	cis
Transcriptomics	YDR065W	SNPs	4	581286	4.91e-06	0.01191959	Local	0.01191959	cis
Transcriptomics	YDR066C	SNPs	15	385806	1.54e-06	0.04502992	Distant	0.04502992	trans
Transcriptomics	YDR067C	SNPs	12	84031	7.09e-06	0.0153585	Distant	0.0153585	trans
Transcriptomics	YDR068W	SNPs	8	284742	8.4e-06	0.0056264	Distant	0.0056264	trans
Transcriptomics	YDR072C	SNPs	4	80602	2.03e-07	0.00816699	Distant	0.00816699	trans
Transcriptomics	YDR072C	SNPs	4	592380	2.07e-06	0.0110214	Local	0.0110214	cis
Transcriptomics	YDR076W	SNPs	4	600120	3.05e-10	0.13314696	Local	0.13314696	cis
Transcriptomics	YDR076W	SNPs	4	597833	5.01e-07	0.05208956	Local	0.05208956	cis
Transcriptomics	YDR078C	SNPs	4	601857	6.06e-09	0.09276005	Local	0.09276005	cis
Transcriptomics	YDR078C	SNPs	4	603005	1.39e-08	0.01202072	Local	0.01202072	cis
Transcriptomics	YDR078C	SNPs	7	239360	1.67e-06	0.01047171	Distant	0.01047171	trans
Transcriptomics	YDR078C	SNPs	7	343298	2.81e-06	0.0056021	Distant	0.0056021	trans
Transcriptomics	YDR079C-A	SNPs	4	603899	3.81e-06	0.05174632	Local	0.05174632	cis
Transcriptomics	YDR079W	SNPs	14	691878	3.76e-07	0.03487964	Distant	0.03487964	trans
Transcriptomics	YDR080W	SNPs	4	603899	1.27e-09	0.09206768	Local	0.09206768	cis
Transcriptomics	YDR080W	SNPs	4	27824	8.84e-08	0.02310901	Distant	0.02310901	trans
Transcriptomics	YDR081C	SNPs	14	421697	3.09e-06	0.00761086	Distant	0.00761086	trans
Transcriptomics	YDR086C	SNPs	14	465982	4.71e-06	0.07747753	Distant	0.07747753	trans
Transcriptomics	YDR089W	SNPs	7	220941	9.12e-08	0.02795872	Distant	0.02795872	trans
Transcriptomics	YDR089W	SNPs	2	634316	5.49e-06	0.01887997	Distant	0.01887997	trans
Transcriptomics	YDR093W	SNPs	4	630898	3.41e-06	0.00775901	Local	0.00775901	cis
Transcriptomics	YDR096W	SNPs	3	65398	3.36e-06	0.01444224	Distant	0.01444224	trans
Transcriptomics	YDR097C	SNPs	4	643129	4.74e-08	0.12334963	Local	0.12334963	cis
Transcriptomics	YDR097C	SNPs	5	335874	2.81e-06	0.0771355	Distant	0.0771355	trans
Transcriptomics	YDR101C	SNPs	7	655851	9.56e-07	0.00667197	Distant	0.00667197	trans
Transcriptomics	YDR103W	SNPs	7	702168	9.45e-07	0.05082335	Distant	0.05082335	trans
Transcriptomics	YDR103W	SNPs	13	157323	7.56e-06	0.02093421	Distant	0.02093421	trans
Transcriptomics	YDR106W	SNPs	4	667780	3.62e-11	0.10599033	Local	0.10599033	cis
Transcriptomics	YDR106W	SNPs	3	24520	3.33e-06	0.04081505	Distant	0.04081505	trans
Transcriptomics	YDR106W	SNPs	4	666159	3.92e-06	0.03711894	Local	0.03711894	cis
Transcriptomics	YDR106W	SNPs	12	278461	6.04e-06	0.05612271	Distant	0.05612271	trans
Transcriptomics	YDR107C	SNPs	4	809028	1.29e-06	0.00999021	Distant	0.00999021	trans
Transcriptomics	YDR108W	SNPs	14	421697	2.28e-06	0.00856566	Distant	0.00856566	trans
Transcriptomics	YDR111C	SNPs	4	644586	1.99e-08	0.00949998	Distant	0.00949998	trans
Transcriptomics	YDR113C	SNPs	5	536228	2.44e-06	0.01992464	Distant	0.01992464	trans
Transcriptomics	YDR114C	SNPs	4	540969	5.31e-06	0.00750999	Distant	0.00750999	trans
Transcriptomics	YDR117C	SNPs	16	418474	1.11e-06	0.01074446	Distant	0.01074446	trans
Transcriptomics	YDR118W	SNPs	4	675008	2.44e-06	0.02471802	Local	0.02471802	cis
Transcriptomics	YDR118W	SNPs	4	685839	3.75e-06	0.06148752	Local	0.06148752	cis
Transcriptomics	YDR120C	SNPs	7	655851	5.25e-07	0.00707194	Distant	0.00707194	trans
Transcriptomics	YDR121W	SNPs	7	154421	2e-06	0.01962045	Distant	0.01962045	trans
Transcriptomics	YDR126W	SNPs	4	703854	4.03e-08	0.08334172	Local	0.08334172	cis
Transcriptomics	YDR128W	SNPs	4	709938	7.62e-07	0.04765808	Local	0.04765808	cis
Transcriptomics	YDR129C	SNPs	3	65398	3.08e-06	0.01443236	Distant	0.01443236	trans
Transcriptomics	YDR132C	SNPs	4	720645	9.04e-08	0.05158303	Local	0.05158303	cis
Transcriptomics	YDR132C	SNPs	4	718331	3.89e-07	0.08521651	Local	0.08521651	cis
Transcriptomics	YDR132C	SNPs	9	137403	3.8e-06	0.03825119	Distant	0.03825119	trans
Transcriptomics	YDR132C	SNPs	4	722085	4.68e-06	0.00918348	Local	0.00918348	cis
Transcriptomics	YDR138W	SNPs	14	421697	1.02e-08	0.01296452	Distant	0.01296452	trans
Transcriptomics	YDR144C	SNPs	4	746167	1.23e-07	0.01641544	Local	0.01641544	cis
Transcriptomics	YDR144C	SNPs	4	92275	1.33e-06	0.02078087	Distant	0.02078087	trans
Transcriptomics	YDR145W	SNPs	3	62386	6.88e-06	0.04927803	Distant	0.04927803	trans
Transcriptomics	YDR147W	SNPs	11	522560	4.81e-06	0.01950905	Distant	0.01950905	trans
Transcriptomics	YDR147W	SNPs	3	148793	5.32e-06	0.01220457	Distant	0.01220457	trans
Transcriptomics	YDR150W	SNPs	3	65398	2.37e-06	0.01500383	Distant	0.01500383	trans
Transcriptomics	YDR151C	SNPs	4	764691	1.21e-12	0.17678241	Local	0.17678241	cis
Transcriptomics	YDR151C	SNPs	4	770770	3.45e-10	0.0761497	Local	0.0761497	cis
Transcriptomics	YDR151C	SNPs	4	764994	1.45e-07	0.06643009	Local	0.06643009	cis
Transcriptomics	YDR157W	SNPs	11	574788	2.29e-06	0.03245859	Distant	0.03245859	trans
Transcriptomics	YDR169C-A	SNPs	4	1271654	1.06e-06	0.01305771	Distant	0.01305771	trans
Transcriptomics	YDR170C	SNPs	4	806407	1.56e-06	0.05339016	Local	0.05339016	cis
Transcriptomics	YDR172W	SNPs	7	655851	2.55e-06	0.00613664	Distant	0.00613664	trans
Transcriptomics	YDR179C	SNPs	4	241544	4.86e-06	0.03139972	Distant	0.03139972	trans
Transcriptomics	YDR179W-A	SNPs	15	213488	3.45e-06	0.06616111	Distant	0.06616111	trans
Transcriptomics	YDR180W	SNPs	16	831325	4.53e-06	0.01811817	Distant	0.01811817	trans
Transcriptomics	YDR183W	SNPs	12	223861	1.09e-06	0.01861624	Distant	0.01861624	trans
Transcriptomics	YDR184C	SNPs	11	290740	3.24e-06	0.0142727	Distant	0.0142727	trans
Transcriptomics	YDR188W	SNPs	4	837953	1.9e-08	0.09320056	Local	0.09320056	cis
Transcriptomics	YDR190C	SNPs	7	655851	5.41e-07	0.00692286	Distant	0.00692286	trans
Transcriptomics	YDR191W	SNPs	10	107836	5.78e-06	0.00743509	Distant	0.00743509	trans
Transcriptomics	YDR192C	SNPs	16	899581	5.47e-06	0.01385189	Distant	0.01385189	trans
Transcriptomics	YDR201W	SNPs	13	673369	2.44e-07	0.01667281	Distant	0.01667281	trans
Transcriptomics	YDR201W	SNPs	12	579663	4.72e-07	0.01800687	Distant	0.01800687	trans
Transcriptomics	YDR201W	SNPs	5	191733	8.35e-07	0.01682875	Distant	0.01682875	trans
Transcriptomics	YDR201W	SNPs	2	115924	1.91e-06	0.01567776	Distant	0.01567776	trans
Transcriptomics	YDR201W	SNPs	1	75987	3.1e-06	0.01552844	Distant	0.01552844	trans
Transcriptomics	YDR201W	SNPs	16	487360	4.78e-06	0.01443349	Distant	0.01443349	trans
Transcriptomics	YDR202C	SNPs	15	873940	5.38e-07	0.01125191	Distant	0.01125191	trans
Transcriptomics	YDR204W	SNPs	9	203358	4.92e-06	0.01200802	Distant	0.01200802	trans
Transcriptomics	YDR207C	SNPs	8	472560	5.1e-06	0.00636786	Distant	0.00636786	trans
Transcriptomics	YDR209C	SNPs	4	186355	7.25e-06	0.00760898	Distant	0.00760898	trans
Transcriptomics	YDR215C	SNPs	4	893982	2.39e-10	0.11327358	Local	0.11327358	cis
Transcriptomics	YDR217C	SNPs	4	904531	1.07e-06	0.0789555	Local	0.0789555	cis
Transcriptomics	YDR233C	SNPs	4	930077	2.99e-07	0.0104522	Local	0.0104522	cis
Transcriptomics	YDR237W	SNPs	12	513887	5.21e-06	0.02031842	Distant	0.02031842	trans
Transcriptomics	YDR240C	SNPs	15	213488	1.92e-06	0.06130022	Distant	0.06130022	trans
Transcriptomics	YDR241W	SNPs	4	1017855	2.23e-06	0.0779117	Distant	0.0779117	trans
Transcriptomics	YDR243C	SNPs	15	213488	1.77e-08	0.08793999	Distant	0.08793999	trans
Transcriptomics	YDR243C	SNPs	4	952698	2.01e-06	0.09100101	Local	0.09100101	cis
Transcriptomics	YDR246W-A	SNPs	4	954985	3.56e-08	0.10034017	Local	0.10034017	cis
Transcriptomics	YDR247W	SNPs	7	238358	5.41e-06	0.02815492	Distant	0.02815492	trans
Transcriptomics	YDR255C	SNPs	14	425075	3e-06	0.09825816	Distant	0.09825816	trans
Transcriptomics	YDR259C	SNPs	4	976264	6.07e-06	0.08954785	Local	0.08954785	cis
Transcriptomics	YDR260C	SNPs	4	977045	4.76e-13	0.01072547	Local	0.01072547	cis
Transcriptomics	YDR260C	SNPs	4	1002467	5.19e-07	0.08860743	Local	0.08860743	cis
Transcriptomics	YDR260C	SNPs	4	967640	1.97e-06	0.00546488	Local	0.00546488	cis
Transcriptomics	YDR260C	SNPs	4	993763	2.71e-06	0.00636448	Local	0.00636448	cis
Transcriptomics	YDR262W	SNPs	4	993336	2.45e-18	0.26124404	Local	0.26124404	cis
Transcriptomics	YDR262W	SNPs	4	978598	2.85e-09	0.06422655	Local	0.06422655	cis
Transcriptomics	YDR267C	SNPs	3	43754	1.48e-06	0.0192205	Distant	0.0192205	trans
Transcriptomics	YDR268W	SNPs	4	1004468	2.65e-07	0.05049732	Local	0.05049732	cis
Transcriptomics	YDR273W	SNPs	3	286652	5.52e-06	0.00581809	Distant	0.00581809	trans
Transcriptomics	YDR276C	SNPs	4	1013882	2.87e-15	0.04320785	Local	0.04320785	cis
Transcriptomics	YDR279W	SNPs	16	795157	8.27e-07	0.03385056	Distant	0.03385056	trans
Transcriptomics	YDR280W	SNPs	9	112854	6.41e-08	0.00648258	Distant	0.00648258	trans
Transcriptomics	YDR281C	SNPs	16	113130	2.05e-06	0.00827007	Distant	0.00827007	trans
Transcriptomics	YDR285W	SNPs	15	950420	6.69e-06	0.05216059	Distant	0.05216059	trans
Transcriptomics	YDR287W	SNPs	4	1035943	4.09e-06	0.00519363	Local	0.00519363	cis
Transcriptomics	YDR288W	SNPs	4	1046027	4.6e-06	0.0615326	Local	0.0615326	cis
Transcriptomics	YDR294C	SNPs	10	36445	8.97e-06	0.01956043	Distant	0.01956043	trans
Transcriptomics	YDR297W	SNPs	2	213628	5.58e-07	0.07963408	Distant	0.07963408	trans
Transcriptomics	YDR298C	SNPs	4	1318821	4.4e-07	0.06043865	Distant	0.06043865	trans
Transcriptomics	YDR299W	SNPs	7	655851	3.24e-06	0.00603687	Distant	0.00603687	trans
Transcriptomics	YDR304C	SNPs	4	1072384	2.24e-06	0.04162321	Local	0.04162321	cis
Transcriptomics	YDR309C	SNPs	4	1095346	6.94e-09	0.04858941	Local	0.04858941	cis
Transcriptomics	YDR309C	SNPs	4	1104723	3.13e-08	0.01886638	Distant	0.01886638	trans
Transcriptomics	YDR309C	SNPs	16	181899	1.37e-06	0.02630083	Distant	0.02630083	trans
Transcriptomics	YDR309C	SNPs	4	1108197	2.52e-06	0.01868808	Distant	0.01868808	trans
Transcriptomics	YDR309C	SNPs	1	174113	2.72e-06	0.01848781	Distant	0.01848781	trans
Transcriptomics	YDR312W	SNPs	5	220904	4.52e-06	0.01513683	Distant	0.01513683	trans
Transcriptomics	YDR315C	SNPs	11	125642	8.13e-07	0.01643119	Distant	0.01643119	trans
Transcriptomics	YDR319C	SNPs	4	1105992	2.8e-07	0.0288765	Local	0.0288765	cis
Transcriptomics	YDR319C	SNPs	4	79505	7.39e-07	0.02006799	Distant	0.02006799	trans
Transcriptomics	YDR320C-A	SNPs	4	320548	3.08e-06	0.01469749	Distant	0.01469749	trans
Transcriptomics	YDR320C-A	SNPs	4	1163248	3.58e-06	0.01264574	Distant	0.01264574	trans
Transcriptomics	YDR322C-A	SNPs	4	1318821	3.99e-07	0.06529156	Distant	0.06529156	trans
Transcriptomics	YDR324C	SNPs	7	655851	1.09e-06	0.0065921	Distant	0.0065921	trans
Transcriptomics	YDR327W	SNPs	7	968238	4.24e-06	0.00769916	Distant	0.00769916	trans
Transcriptomics	YDR331W	SNPs	3	148793	3.4e-07	0.01645218	Distant	0.01645218	trans
Transcriptomics	YDR332W	SNPs	4	424011	3.87e-06	0.01585176	Distant	0.01585176	trans
Transcriptomics	YDR334W	SNPs	10	310647	4.85e-06	0.00655243	Distant	0.00655243	trans
Transcriptomics	YDR338C	SNPs	11	271696	2.48e-06	0.03862132	Distant	0.03862132	trans
Transcriptomics	YDR340W	SNPs	7	801330	3.34e-07	0.01692834	Distant	0.01692834	trans
Transcriptomics	YDR340W	SNPs	8	403332	3.74e-07	0.0129166	Distant	0.0129166	trans
Transcriptomics	YDR340W	SNPs	11	290740	6.6e-07	0.0167927	Distant	0.0167927	trans
Transcriptomics	YDR340W	SNPs	16	725681	1.47e-06	0.01183488	Distant	0.01183488	trans
Transcriptomics	YDR340W	SNPs	1	174113	1.93e-06	0.02024698	Distant	0.02024698	trans
Transcriptomics	YDR342C	SNPs	7	175768	1.1e-06	0.01756025	Distant	0.01756025	trans
Transcriptomics	YDR343C	SNPs	12	884831	2.12e-06	0.01573083	Distant	0.01573083	trans
Transcriptomics	YDR345C	SNPs	7	123776	3.26e-06	0.01280565	Distant	0.01280565	trans
Transcriptomics	YDR346C	SNPs	2	14526	2.89e-06	0.02166843	Distant	0.02166843	trans
Transcriptomics	YDR346C	SNPs	14	335033	5.17e-06	0.08020261	Distant	0.08020261	trans
Transcriptomics	YDR348C	SNPs	13	667766	1.51e-06	0.0181419	Distant	0.0181419	trans
Transcriptomics	YDR348C	SNPs	9	394105	3.68e-06	0.0134792	Distant	0.0134792	trans
Transcriptomics	YDR348C	SNPs	4	1165910	4.89e-06	0.09451771	Local	0.09451771	cis
Transcriptomics	YDR349C	SNPs	4	1172380	3.13e-18	0.07786252	Local	0.07786252	cis
Transcriptomics	YDR349C	SNPs	4	1172914	1.44e-11	0.08988879	Local	0.08988879	cis
Transcriptomics	YDR349C	SNPs	4	1173839	2.44e-07	0.02094629	Local	0.02094629	cis
Transcriptomics	YDR349C	SNPs	10	330050	1.87e-06	0.03609127	Distant	0.03609127	trans
Transcriptomics	YDR349C	SNPs	4	216340	3.81e-06	0.01116695	Distant	0.01116695	trans
Transcriptomics	YDR349C	SNPs	10	330557	8.28e-06	0.07559444	Distant	0.07559444	trans
Transcriptomics	YDR350C	SNPs	16	458921	2.06e-06	0.03000153	Distant	0.03000153	trans
Transcriptomics	YDR353W	SNPs	11	386366	2.65e-06	0.00959314	Distant	0.00959314	trans
Transcriptomics	YDR365C	SNPs	4	327242	1.81e-06	0.07439841	Distant	0.07439841	trans
Transcriptomics	YDR368W	SNPs	5	531627	5.47e-06	0.00797045	Distant	0.00797045	trans
Transcriptomics	YDR371W	SNPs	10	398191	9.95e-06	0.01903548	Distant	0.01903548	trans
Transcriptomics	YDR377W	SNPs	4	1318821	3.28e-06	0.05193709	Distant	0.05193709	trans
Transcriptomics	YDR380W	SNPs	9	418524	1.22e-06	0.01057425	Distant	0.01057425	trans
Transcriptomics	YDR380W	SNPs	9	234893	1.42e-06	0.06831334	Distant	0.06831334	trans
Transcriptomics	YDR380W	SNPs	12	871188	2.1e-06	0.01089705	Distant	0.01089705	trans
Transcriptomics	YDR380W	SNPs	2	361669	3.44e-06	0.0472347	Distant	0.0472347	trans
Transcriptomics	YDR384C	SNPs	9	336628	1.14e-06	0.0117231	Distant	0.0117231	trans
Transcriptomics	YDR387C	SNPs	11	640763	2.2e-06	0.02183699	Distant	0.02183699	trans
Transcriptomics	YDR388W	SNPs	11	250094	1.96e-06	0.05826958	Distant	0.05826958	trans
Transcriptomics	YDR391C	SNPs	7	655851	1.56e-06	0.00640142	Distant	0.00640142	trans
Transcriptomics	YDR391C	SNPs	6	155140	2.43e-06	0.03047452	Distant	0.03047452	trans
Transcriptomics	YDR393W	SNPs	10	395232	3.41e-07	0.03337445	Distant	0.03337445	trans
Transcriptomics	YDR394W	SNPs	4	1266696	2.13e-06	0.06444605	Local	0.06444605	cis
Transcriptomics	YDR396W	SNPs	2	685306	3.8e-06	0.01153855	Distant	0.01153855	trans
Transcriptomics	YDR397C	SNPs	4	1265205	1.01e-07	0.09523076	Local	0.09523076	cis
Transcriptomics	YDR397C	SNPs	7	372717	2.05e-06	0.0088123	Distant	0.0088123	trans
Transcriptomics	YDR399W	SNPs	7	655851	9.35e-07	0.00636223	Distant	0.00636223	trans
Transcriptomics	YDR400W	SNPs	4	1270902	3.65e-09	0.13465526	Local	0.13465526	cis
Transcriptomics	YDR400W	SNPs	4	1260275	6.8e-06	0.0092068	Local	0.0092068	cis
Transcriptomics	YDR403W	SNPs	15	441341	3.98e-06	0.08006024	Distant	0.08006024	trans
Transcriptomics	YDR404C	SNPs	4	1277282	9.43e-07	0.02570238	Local	0.02570238	cis
Transcriptomics	YDR406W	SNPs	15	675643	2.6e-06	0.02924301	Distant	0.02924301	trans
Transcriptomics	YDR408C	SNPs	2	634316	4.51e-06	0.01551655	Distant	0.01551655	trans
Transcriptomics	YDR410C	SNPs	14	533533	4.81e-06	0.00892831	Distant	0.00892831	trans
Transcriptomics	YDR414C	SNPs	15	423658	1.76e-06	0.0508577	Distant	0.0508577	trans
Transcriptomics	YDR414C	SNPs	3	36506	1.98e-06	0.0134981	Distant	0.0134981	trans
Transcriptomics	YDR415C	SNPs	4	1298262	7.6e-09	0.01163351	Local	0.01163351	cis
Transcriptomics	YDR415C	SNPs	7	54455	1.49e-06	0.04221773	Distant	0.04221773	trans
Transcriptomics	YDR416W	SNPs	4	1298262	3.42e-07	0.01062854	Local	0.01062854	cis
Transcriptomics	YDR416W	SNPs	14	334675	4.54e-06	0.00581063	Distant	0.00581063	trans
Transcriptomics	YDR423C	SNPs	4	1318821	2.89e-26	0.23941647	Local	0.23941647	cis
Transcriptomics	YDR423C	SNPs	4	1318030	1.09e-19	0.05044523	Local	0.05044523	cis
Transcriptomics	YDR423C	SNPs	4	1318487	1.54e-13	0.01497433	Local	0.01497433	cis
Transcriptomics	YDR423C	SNPs	10	330557	7.74e-08	0.08132539	Distant	0.08132539	trans
Transcriptomics	YDR423C	SNPs	12	537994	2.27e-07	0.01690752	Distant	0.01690752	trans
Transcriptomics	YDR423C	SNPs	10	330050	7.99e-07	0.02816678	Distant	0.02816678	trans
Transcriptomics	YDR423C	SNPs	4	1316641	8.71e-07	0.01782426	Local	0.01782426	cis
Transcriptomics	YDR423C	SNPs	16	795316	9.95e-07	0.01127006	Distant	0.01127006	trans
Transcriptomics	YDR423C	SNPs	4	1317219	1.29e-06	0.04795105	Local	0.04795105	cis
Transcriptomics	YDR423C	SNPs	4	613152	1.36e-06	0.01193284	Distant	0.01193284	trans
Transcriptomics	YDR423C	SNPs	4	1331912	2.62e-06	0.00496736	Local	0.00496736	cis
Transcriptomics	YDR423C	SNPs	10	330767	3.31e-06	0.03084266	Distant	0.03084266	trans
Transcriptomics	YDR423C	SNPs	4	391959	3.36e-06	0.02232023	Distant	0.02232023	trans
Transcriptomics	YDR423C	SNPs	4	1318086	3.56e-06	0.04142015	Local	0.04142015	cis
Transcriptomics	YDR429C	SNPs	13	213896	2.28e-06	0.00585164	Distant	0.00585164	trans
Transcriptomics	YDR430C	SNPs	8	420789	2.73e-06	0.00828345	Distant	0.00828345	trans
Transcriptomics	YDR430C	SNPs	16	421124	6.06e-06	0.08059368	Distant	0.08059368	trans
Transcriptomics	YDR432W	SNPs	12	42657	5.14e-06	0.02535135	Distant	0.02535135	trans
Transcriptomics	YDR432W	SNPs	14	605032	5.65e-06	0.05946585	Distant	0.05946585	trans
Transcriptomics	YDR435C	SNPs	4	1333527	6.75e-07	0.03204689	Local	0.03204689	cis
Transcriptomics	YDR435C	SNPs	3	210436	1.69e-06	0.0459206	Distant	0.0459206	trans
Transcriptomics	YDR436W	SNPs	15	874326	2.21e-06	0.02381138	Distant	0.02381138	trans
Transcriptomics	YDR437W	SNPs	3	208432	1.11e-06	0.01061911	Distant	0.01061911	trans
Transcriptomics	YDR438W	SNPs	12	250289	5.89e-06	0.01544341	Distant	0.01544341	trans
Transcriptomics	YDR438W	SNPs	7	53416	6.39e-06	0.00977392	Distant	0.00977392	trans
Transcriptomics	YDR442W	SNPs	4	1345591	4.81e-08	0.0397282	Local	0.0397282	cis
Transcriptomics	YDR442W	SNPs	4	1344347	7.87e-07	0.01025812	Local	0.01025812	cis
Transcriptomics	YDR447C	SNPs	15	76985	1.02e-06	0.03979132	Distant	0.03979132	trans
Transcriptomics	YDR452W	SNPs	4	1362669	1.01e-11	0.07106723	Local	0.07106723	cis
Transcriptomics	YDR452W	SNPs	4	1364465	1.57e-09	0.02339521	Local	0.02339521	cis
Transcriptomics	YDR453C	SNPs	11	167158	3.22e-06	0.01800932	Distant	0.01800932	trans
Transcriptomics	YDR453C	SNPs	4	186355	6.17e-06	0.00985849	Distant	0.00985849	trans
Transcriptomics	YDR458C	SNPs	4	1382093	1.61e-09	0.0160061	Local	0.0160061	cis
Transcriptomics	YDR458C	SNPs	10	310647	1.5e-06	0.0069694	Distant	0.0069694	trans
Transcriptomics	YDR458C	SNPs	16	421124	2.73e-06	0.08618402	Distant	0.08618402	trans
Transcriptomics	YDR460W	SNPs	4	1122421	2.96e-07	0.02657247	Distant	0.02657247	trans
Transcriptomics	YDR461C-A	SNPs	4	1346057	3.69e-08	0.02826636	Distant	0.02826636	trans
Transcriptomics	YDR461C-A	SNPs	7	1026694	5.56e-07	0.01148183	Distant	0.01148183	trans
Transcriptomics	YDR461C-A	SNPs	4	356804	4.1e-06	0.00752902	Distant	0.00752902	trans
Transcriptomics	YDR471W	SNPs	12	585709	1.81e-06	0.03270603	Distant	0.03270603	trans
Transcriptomics	YDR476C	SNPs	4	1411068	8.47e-07	0.02440923	Local	0.02440923	cis
Transcriptomics	YDR476C	SNPs	7	622579	3.7e-06	0.05114995	Distant	0.05114995	trans
Transcriptomics	YDR478W	SNPs	4	1415193	3.06e-09	0.0327642	Local	0.0327642	cis
Transcriptomics	YDR478W	SNPs	4	1414935	1.69e-08	0.03297924	Local	0.03297924	cis
Transcriptomics	YDR483W	SNPs	4	1420967	2.38e-14	0.01926854	Local	0.01926854	cis
Transcriptomics	YDR483W	SNPs	8	299939	5.52e-06	0.02198206	Distant	0.02198206	trans
Transcriptomics	YDR485C	SNPs	14	691878	4.34e-06	0.02992324	Distant	0.02992324	trans
Transcriptomics	YDR485C	SNPs	10	329903	7.63e-06	0.04901313	Distant	0.04901313	trans
Transcriptomics	YDR487C	SNPs	14	138759	9.37e-07	0.02823863	Distant	0.02823863	trans
Transcriptomics	YDR487C	SNPs	4	1428277	2.48e-06	0.02504152	Local	0.02504152	cis
Transcriptomics	YDR487C	SNPs	2	426776	3.09e-06	0.01023409	Distant	0.01023409	trans
Transcriptomics	YDR488C	SNPs	4	1429123	1.37e-07	0.08430892	Local	0.08430892	cis
Transcriptomics	YDR488C	SNPs	4	1428286	6.86e-07	0.02793453	Local	0.02793453	cis
Transcriptomics	YDR489W	SNPs	14	34650	5.18e-06	0.08154294	Distant	0.08154294	trans
Transcriptomics	YDR497C	SNPs	4	1445249	5.27e-08	0.08252395	Local	0.08252395	cis
Transcriptomics	YDR497C	SNPs	14	673610	8.65e-07	0.02858153	Distant	0.02858153	trans
Transcriptomics	YDR497C	SNPs	11	9490	4.59e-06	0.01070566	Distant	0.01070566	trans
Transcriptomics	YDR502C	SNPs	4	78264	9.92e-08	0.11003706	Distant	0.11003706	trans
Transcriptomics	YDR502C	SNPs	8	181082	5.89e-06	0.03662104	Distant	0.03662104	trans
Transcriptomics	YDR505C	SNPs	15	1078080	2.93e-06	0.05808952	Distant	0.05808952	trans
Transcriptomics	YDR510W	SNPs	9	93243	7.67e-07	0.01320772	Distant	0.01320772	trans
Transcriptomics	YDR519W	SNPs	11	106896	5.29e-06	0.02451874	Distant	0.02451874	trans
Transcriptomics	YDR522C	SNPs	2	145108	3.96e-06	0.05959306	Distant	0.05959306	trans
Transcriptomics	YDR523C	SNPs	6	43072	4.29e-06	0.02229746	Distant	0.02229746	trans
Transcriptomics	YDR530C	SNPs	4	1498235	1.64e-07	0.06618208	Local	0.06618208	cis
Transcriptomics	YDR530C	SNPs	4	1497589	1.15e-06	0.05919704	Local	0.05919704	cis
Transcriptomics	YDR533C	SNPs	2	507764	3.53e-08	0.04266746	Distant	0.04266746	trans
Transcriptomics	YDR533C	SNPs	6	42070	1.77e-07	0.08781617	Distant	0.08781617	trans
Transcriptomics	YDR533C	SNPs	15	162379	5.64e-07	0.08970548	Distant	0.08970548	trans
Transcriptomics	YDR533C	SNPs	12	393235	1.1e-06	0.01766186	Distant	0.01766186	trans
Transcriptomics	YDR533C	SNPs	12	399187	1.33e-06	0.02529266	Distant	0.02529266	trans
Transcriptomics	YDR533C	SNPs	12	112804	1.49e-06	0.00899913	Distant	0.00899913	trans
Transcriptomics	YDR533C	SNPs	16	902772	2.48e-06	0.01532532	Distant	0.01532532	trans
Transcriptomics	YDR533C	SNPs	7	143745	2.58e-06	0.02597027	Distant	0.02597027	trans
Transcriptomics	YDR533C	SNPs	2	432821	2.8e-06	0.04096978	Distant	0.04096978	trans
Transcriptomics	YDR533C	SNPs	1	35568	3.05e-06	0.01770109	Distant	0.01770109	trans
Transcriptomics	YDR533C	SNPs	11	535595	3.21e-06	0.02274535	Distant	0.02274535	trans
Transcriptomics	YDR535C	SNPs	12	790871	6.51e-07	0.01024634	Distant	0.01024634	trans
Transcriptomics	YDR538W	SNPs	4	1513356	1.59e-07	0.01170807	Local	0.01170807	cis
Transcriptomics	YDR538W	SNPs	11	515221	4.59e-06	0.02388156	Distant	0.02388156	trans
Transcriptomics	YDR539W	SNPs	4	1520285	7.54e-17	0.18339156	Local	0.18339156	cis
Transcriptomics	YDR539W	SNPs	4	1512102	1.55e-14	0.11989206	Local	0.11989206	cis
Transcriptomics	YDR539W	SNPs	4	1520549	7.04e-11	0.01933256	Local	0.01933256	cis
Transcriptomics	YDR539W	SNPs	4	1509432	4.94e-10	0.01308107	Local	0.01308107	cis
Transcriptomics	YDR539W	SNPs	2	14862	1.87e-07	0.01481709	Distant	0.01481709	trans
Transcriptomics	YDR539W	SNPs	9	270192	5.91e-07	0.02889126	Distant	0.02889126	trans
Transcriptomics	YDR539W	SNPs	12	612230	1.21e-06	0.01820574	Distant	0.01820574	trans
Transcriptomics	YDR539W	SNPs	16	644147	1.41e-06	0.00807458	Distant	0.00807458	trans
Transcriptomics	YDR539W	SNPs	4	1497031	8.3e-06	0.02165713	Local	0.02165713	cis
Transcriptomics	YDR541C	SNPs	12	313034	1.51e-09	0.08435109	Distant	0.08435109	trans
Transcriptomics	YDR541C	SNPs	12	73757	7.36e-07	0.02338415	Distant	0.02338415	trans
Transcriptomics	YDR541C	SNPs	12	205884	1.23e-06	0.01451992	Distant	0.01451992	trans
Transcriptomics	YDR541C	SNPs	2	119039	1.26e-06	0.01052782	Distant	0.01052782	trans
Transcriptomics	YDR541C	SNPs	8	495719	1.58e-06	0.0141429	Distant	0.0141429	trans
Transcriptomics	YDR541C	SNPs	13	418899	4.2e-06	0.01258172	Distant	0.01258172	trans
Transcriptomics	YDR541C	SNPs	4	79505	4.81e-06	0.01812426	Distant	0.01812426	trans
Transcriptomics	YEL001C	SNPs	11	148080	2.08e-06	0.0278187	Distant	0.0278187	trans
Transcriptomics	YEL002C	SNPs	12	399187	6.87e-08	0.02729514	Distant	0.02729514	trans
Transcriptomics	YEL004W	SNPs	15	176350	1.54e-06	0.01395678	Distant	0.01395678	trans
Transcriptomics	YEL005C	SNPs	11	290740	2.46e-07	0.01542975	Distant	0.01542975	trans
Transcriptomics	YEL014C	SNPs	8	496663	4.53e-06	0.04117952	Distant	0.04117952	trans
Transcriptomics	YEL016C	SNPs	15	176350	5.91e-07	0.01764392	Distant	0.01764392	trans
Transcriptomics	YEL018W	SNPs	5	122351	1.43e-12	0.02974914	Local	0.02974914	cis
Transcriptomics	YEL019C	SNPs	5	119409	6.31e-09	0.11116995	Local	0.11116995	cis
Transcriptomics	YEL023C	SNPs	14	713710	1.86e-06	0.0152555	Distant	0.0152555	trans
Transcriptomics	YEL023C	SNPs	8	319470	2.56e-06	0.02530965	Distant	0.02530965	trans
Transcriptomics	YEL028W	SNPs	5	100400	3.36e-10	0.11562443	Local	0.11562443	cis
Transcriptomics	YEL031W	SNPs	7	1058166	2.71e-06	0.00800025	Distant	0.00800025	trans
Transcriptomics	YEL031W	SNPs	12	87208	4.36e-06	0.01195969	Distant	0.01195969	trans
Transcriptomics	YEL035C	SNPs	5	83919	9.77e-08	0.00944443	Local	0.00944443	cis
Transcriptomics	YEL040W	SNPs	15	153881	3.15e-06	0.02272434	Distant	0.02272434	trans
Transcriptomics	YEL045C	SNPs	16	693600	3.42e-06	0.02370597	Distant	0.02370597	trans
Transcriptomics	YEL046C	SNPs	15	176350	2.65e-06	0.01606051	Distant	0.01606051	trans
Transcriptomics	YEL050C	SNPs	7	554853	6.91e-06	0.00479597	Distant	0.00479597	trans
Transcriptomics	YEL054C	SNPs	3	43304	4.25e-06	0.03630983	Distant	0.03630983	trans
Transcriptomics	YEL055C	SNPs	7	655851	3.2e-06	0.00627945	Distant	0.00627945	trans
Transcriptomics	YEL057C	SNPs	5	45702	3.9600000000000003e-29	0.14108937	Local	0.14108937	cis
Transcriptomics	YEL057C	SNPs	5	45023	1.2e-10	0.14404861	Local	0.14404861	cis
Transcriptomics	YEL057C	SNPs	5	46574	1.61e-09	0.04007149	Local	0.04007149	cis
Transcriptomics	YEL057C	SNPs	13	688957	4.1e-07	0.01959877	Distant	0.01959877	trans
Transcriptomics	YEL057C	SNPs	15	257573	6.64e-06	0.00839987	Distant	0.00839987	trans
Transcriptomics	YEL062W	SNPs	14	425075	1.34e-06	0.1173623	Distant	0.1173623	trans
Transcriptomics	YEL062W	SNPs	16	420632	2.35e-06	0.02484532	Distant	0.02484532	trans
Transcriptomics	YEL064C	SNPs	15	418470	2.16e-06	0.05768469	Distant	0.05768469	trans
Transcriptomics	YEL066W	SNPs	12	250289	3.53e-06	0.01408904	Distant	0.01408904	trans
Transcriptomics	YEL066W	SNPs	5	71545	4.58e-06	0.00626389	Distant	0.00626389	trans
Transcriptomics	YEL068C	SNPs	11	231462	6.31e-07	0.07058417	Distant	0.07058417	trans
Transcriptomics	YEL068C	SNPs	13	653644	4.04e-06	0.00897788	Distant	0.00897788	trans
Transcriptomics	YEL071W	SNPs	12	770651	1.34e-06	0.01202939	Distant	0.01202939	trans
Transcriptomics	YEL072W	SNPs	7	254979	1.17e-07	0.01458974	Distant	0.01458974	trans
Transcriptomics	YEL072W	SNPs	7	678992	3.22e-06	0.00724312	Distant	0.00724312	trans
Transcriptomics	YEL072W	SNPs	2	66852	3.56e-06	0.02226059	Distant	0.02226059	trans
Transcriptomics	YEL072W	SNPs	12	233059	5.17e-06	0.02624032	Distant	0.02624032	trans
Transcriptomics	YEL073C	SNPs	9	254336	8.18e-09	0.11072398	Distant	0.11072398	trans
Transcriptomics	YEL073C	SNPs	10	158898	1.22e-06	0.02513279	Distant	0.02513279	trans
Transcriptomics	YEL077C	SNPs	4	593321	4.36e-07	0.00373997	Distant	0.00373997	trans
Transcriptomics	YEL077C	SNPs	16	590816	1.25e-06	0.01996273	Distant	0.01996273	trans
Transcriptomics	YEL077C	SNPs	8	184350	4.45e-06	0.00277362	Distant	0.00277362	trans
Transcriptomics	YER001W	SNPs	14	170790	4.84e-09	0.11827444	Distant	0.11827444	trans
Transcriptomics	YER004W	SNPs	5	159475	8.72e-16	0.18135465	Local	0.18135465	cis
Transcriptomics	YER004W	SNPs	5	159810	3.88e-06	0.0360885	Local	0.0360885	cis
Transcriptomics	YER006W	SNPs	7	655851	8.84e-07	0.00674905	Distant	0.00674905	trans
Transcriptomics	YER007C-A	SNPs	7	469734	4.84e-06	0.02152882	Distant	0.02152882	trans
Transcriptomics	YER008C	SNPs	8	463767	2.02e-06	0.03238999	Distant	0.03238999	trans
Transcriptomics	YER011W	SNPs	13	169890	4.25e-08	0.0347685	Distant	0.0347685	trans
Transcriptomics	YER013W	SNPs	16	420632	2.87e-06	0.02555914	Distant	0.02555914	trans
Transcriptomics	YER017C	SNPs	16	24494	2.29e-06	0.03606883	Distant	0.03606883	trans
Transcriptomics	YER019W	SNPs	14	448606	4.51e-06	0.01152484	Distant	0.01152484	trans
Transcriptomics	YER023W	SNPs	11	105814	2.93e-07	0.01928443	Distant	0.01928443	trans
Transcriptomics	YER023W	SNPs	6	175192	3.78e-07	0.01824284	Distant	0.01824284	trans
Transcriptomics	YER023W	SNPs	13	27379	8.51e-07	0.02268448	Distant	0.02268448	trans
Transcriptomics	YER023W	SNPs	9	270924	9.88e-07	0.02650378	Distant	0.02650378	trans
Transcriptomics	YER023W	SNPs	2	66765	1.25e-06	0.02286133	Distant	0.02286133	trans
Transcriptomics	YER023W	SNPs	10	395144	1.37e-06	0.01769198	Distant	0.01769198	trans
Transcriptomics	YER023W	SNPs	1	142568	1.71e-06	0.01882329	Distant	0.01882329	trans
Transcriptomics	YER023W	SNPs	16	590816	1.87e-06	0.01913219	Distant	0.01913219	trans
Transcriptomics	YER023W	SNPs	14	578741	1.97e-06	0.01954283	Distant	0.01954283	trans
Transcriptomics	YER024W	SNPs	6	202970	1.48e-06	0.06116486	Distant	0.06116486	trans
Transcriptomics	YER029C	SNPs	5	212506	2.47e-14	0.09472825	Local	0.09472825	cis
Transcriptomics	YER032W	SNPs	13	82357	7.64e-06	0.03825183	Distant	0.03825183	trans
Transcriptomics	YER034W	SNPs	5	222394	4.61e-06	0.06547633	Local	0.06547633	cis
Transcriptomics	YER034W	SNPs	4	391908	5.13e-06	0.00634944	Distant	0.00634944	trans
Transcriptomics	YER035W	SNPs	5	223173	9.11e-08	0.1075471	Local	0.1075471	cis
Transcriptomics	YER035W	SNPs	15	372190	8.06e-06	0.00847165	Distant	0.00847165	trans
Transcriptomics	YER037W	SNPs	5	225501	2.63e-06	0.01869177	Local	0.01869177	cis
Transcriptomics	YER038C	SNPs	5	225501	3.7e-06	0.01788765	Local	0.01788765	cis
Transcriptomics	YER039C-A	SNPs	5	229569	3e-07	0.08590184	Local	0.08590184	cis
Transcriptomics	YER039C	SNPs	5	229265	1.42e-09	0.09696206	Local	0.09696206	cis
Transcriptomics	YER039C	SNPs	5	232874	3.29e-06	0.03886293	Local	0.03886293	cis
Transcriptomics	YER041W	SNPs	5	232392	8.31e-09	0.12885881	Local	0.12885881	cis
Transcriptomics	YER041W	SNPs	16	406317	1.18e-06	0.09041729	Distant	0.09041729	trans
Transcriptomics	YER041W	SNPs	13	238236	6.86e-06	0.04656174	Distant	0.04656174	trans
Transcriptomics	YER044C-A	SNPs	4	1277231	2.58e-06	0.01903059	Distant	0.01903059	trans
Transcriptomics	YER044C	SNPs	5	236637	1.99e-06	0.042338	Local	0.042338	cis
Transcriptomics	YER045C	SNPs	15	586701	1.05e-07	0.01947769	Distant	0.01947769	trans
Transcriptomics	YER046W	SNPs	15	586701	1.04e-07	0.01835334	Distant	0.01835334	trans
Transcriptomics	YER048C	SNPs	16	822184	1.67e-06	0.01129658	Distant	0.01129658	trans
Transcriptomics	YER053C-A	SNPs	11	290740	3.13e-06	0.01354974	Distant	0.01354974	trans
Transcriptomics	YER056C	SNPs	11	525040	1.35e-07	0.02722495	Distant	0.02722495	trans
Transcriptomics	YER057C	SNPs	10	116910	1.48e-06	0.04534852	Distant	0.04534852	trans
Transcriptomics	YER060W	SNPs	5	278270	8.68e-08	0.04809463	Local	0.04809463	cis
Transcriptomics	YER060W	SNPs	5	272511	3.2e-07	0.08079231	Local	0.08079231	cis
Transcriptomics	YER061C	SNPs	4	326489	4.7e-06	0.00495799	Distant	0.00495799	trans
Transcriptomics	YER061C	SNPs	5	115800	7.92e-06	0.00443282	Distant	0.00443282	trans
Transcriptomics	YER067C-A	SNPs	11	263151	4.84e-07	0.02318696	Distant	0.02318696	trans
Transcriptomics	YER067C-A	SNPs	10	701238	1.4e-06	0.03405715	Distant	0.03405715	trans
Transcriptomics	YER068W	SNPs	13	220830	5.36e-06	0.05917795	Distant	0.05917795	trans
Transcriptomics	YER070W	SNPs	16	759544	2.2e-06	0.07632665	Distant	0.07632665	trans
Transcriptomics	YER070W	SNPs	12	210539	3.03e-06	0.00508772	Distant	0.00508772	trans
Transcriptomics	YER072W	SNPs	5	303277	5.35e-13	0.14169813	Local	0.14169813	cis
Transcriptomics	YER072W	SNPs	5	302655	3.03e-07	0.00614978	Local	0.00614978	cis
Transcriptomics	YER073W	SNPs	13	296288	2.22e-06	0.02968569	Distant	0.02968569	trans
Transcriptomics	YER074W-A	SNPs	4	260036	6.37e-06	0.05268762	Distant	0.05268762	trans
Transcriptomics	YER074W	SNPs	15	76985	2.81e-06	0.03498054	Distant	0.03498054	trans
Transcriptomics	YER075C	SNPs	11	552751	1.1e-06	0.02406478	Distant	0.02406478	trans
Transcriptomics	YER076C	SNPs	11	230765	2.22e-06	0.0121618	Distant	0.0121618	trans
Transcriptomics	YER080W	SNPs	5	321401	6.47e-08	0.09567076	Local	0.09567076	cis
Transcriptomics	YER080W	SNPs	12	79672	3.45e-06	0.01077417	Distant	0.01077417	trans
Transcriptomics	YER081W	SNPs	4	844646	8.82e-06	0.03845553	Distant	0.03845553	trans
Transcriptomics	YER082C	SNPs	7	655851	8.68e-07	0.00664686	Distant	0.00664686	trans
Transcriptomics	YER083C	SNPs	2	24972	1.45e-06	0.00683785	Distant	0.00683785	trans
Transcriptomics	YER083C	SNPs	5	536228	1.63e-06	0.01899742	Distant	0.01899742	trans
Transcriptomics	YER083C	SNPs	12	123810	9.21e-06	0.0061763	Distant	0.0061763	trans
Transcriptomics	YER087C-B	SNPs	16	395626	1.17e-06	0.01339284	Distant	0.01339284	trans
Transcriptomics	YER090W	SNPs	11	378920	3.18e-06	0.01078628	Distant	0.01078628	trans
Transcriptomics	YER091C	SNPs	7	655851	2.79e-07	0.00741677	Distant	0.00741677	trans
Transcriptomics	YER093C-A	SNPs	16	406317	5.28e-07	0.08748891	Distant	0.08748891	trans
Transcriptomics	YER095W	SNPs	12	401045	2.72e-06	0.00898565	Distant	0.00898565	trans
Transcriptomics	YER106W	SNPs	3	261764	4.31e-06	0.02039409	Distant	0.02039409	trans
Transcriptomics	YER110C	SNPs	7	655851	2.48e-07	0.00750067	Distant	0.00750067	trans
Transcriptomics	YER115C	SNPs	5	397892	2.07e-06	0.07808831	Local	0.07808831	cis
Transcriptomics	YER119C-A	SNPs	14	419287	8.51e-07	0.01128667	Distant	0.01128667	trans
Transcriptomics	YER119C-A	SNPs	5	345240	1.67e-06	0.00513708	Distant	0.00513708	trans
Transcriptomics	YER119C-A	SNPs	14	415606	2.74e-06	0.01279507	Distant	0.01279507	trans
Transcriptomics	YER119C-A	SNPs	3	192868	5.81e-06	0.00716659	Distant	0.00716659	trans
Transcriptomics	YER119C	SNPs	9	85300	1.82e-06	0.03247397	Distant	0.03247397	trans
Transcriptomics	YER124C	SNPs	4	1196019	1.54e-06	0.01098977	Distant	0.01098977	trans
Transcriptomics	YER124C	SNPs	14	300265	2.44e-06	0.07215804	Distant	0.07215804	trans
Transcriptomics	YER126C	SNPs	7	655851	3.99e-06	0.00586052	Distant	0.00586052	trans
Transcriptomics	YER129W	SNPs	16	422588	1.02e-06	0.09155741	Distant	0.09155741	trans
Transcriptomics	YER131W	SNPs	12	585709	1.3e-06	0.03251924	Distant	0.03251924	trans
Transcriptomics	YER133W-A	SNPs	6	131646	5.31e-06	0.00511093	Distant	0.00511093	trans
Transcriptomics	YER136W	SNPs	13	75781	4.69e-06	0.05561036	Distant	0.05561036	trans
Transcriptomics	YER141W	SNPs	15	163690	1.79e-06	0.07004226	Distant	0.07004226	trans
Transcriptomics	YER145C-A	SNPs	5	462447	7.32e-20	0.1519878	Local	0.1519878	cis
Transcriptomics	YER145C-A	SNPs	5	462226	1.63e-12	0.10044019	Local	0.10044019	cis
Transcriptomics	YER145C-A	SNPs	3	278826	1.53e-07	0.01734961	Distant	0.01734961	trans
Transcriptomics	YER145C-A	SNPs	5	454019	5.19e-07	0.02671616	Local	0.02671616	cis
Transcriptomics	YER146W	SNPs	4	1333544	4.77e-06	0.01153515	Distant	0.01153515	trans
Transcriptomics	YER147C-A	SNPs	12	559835	1.92e-06	0.03550377	Distant	0.03550377	trans
Transcriptomics	YER147C	SNPs	5	462614	1.71e-06	0.05140012	Local	0.05140012	cis
Transcriptomics	YER148W	SNPs	7	655851	4.97e-06	0.0061708	Distant	0.0061708	trans
Transcriptomics	YER149C	SNPs	13	82357	2.38e-06	0.04458499	Distant	0.04458499	trans
Transcriptomics	YER152C	SNPs	13	123855	4.2e-06	0.03515303	Distant	0.03515303	trans
Transcriptomics	YER155C	SNPs	7	147603	1.69e-06	0.02692835	Distant	0.02692835	trans
Transcriptomics	YER156C	SNPs	7	655851	1.23e-06	0.00662884	Distant	0.00662884	trans
Transcriptomics	YER157W	SNPs	5	485053	5.09e-08	0.08240666	Local	0.08240666	cis
Transcriptomics	YER157W	SNPs	3	260116	1.89e-07	0.01218846	Distant	0.01218846	trans
Transcriptomics	YER157W	SNPs	5	442662	1.03e-06	0.05203429	Distant	0.05203429	trans
Transcriptomics	YER157W	SNPs	5	498849	3.99e-06	0.00691551	Local	0.00691551	cis
Transcriptomics	YER159C	SNPs	5	393786	2.15e-07	0.02774567	Distant	0.02774567	trans
Transcriptomics	YER159C	SNPs	12	544057	2.52e-06	0.05472201	Distant	0.05472201	trans
Transcriptomics	YER161C	SNPs	12	998854	6.64e-07	0.08463133	Distant	0.08463133	trans
Transcriptomics	YER163C	SNPs	5	501764	1.28e-10	0.11941314	Local	0.11941314	cis
Transcriptomics	YER163C	SNPs	5	502533	1.27e-07	0.01523741	Local	0.01523741	cis
Transcriptomics	YER167W	SNPs	13	296288	2.96e-06	0.03237287	Distant	0.03237287	trans
Transcriptomics	YER167W	SNPs	11	107231	4.13e-06	0.02074113	Distant	0.02074113	trans
Transcriptomics	YER172C	SNPs	7	655851	4.04e-06	0.00599228	Distant	0.00599228	trans
Transcriptomics	YER174C	SNPs	14	545184	1.3e-06	0.05719748	Distant	0.05719748	trans
Transcriptomics	YER177W	SNPs	9	386312	2.61e-06	0.0236623	Distant	0.0236623	trans
Transcriptomics	YER178W	SNPs	4	1288278	1.99e-06	0.00931486	Distant	0.00931486	trans
Transcriptomics	YER180C-A	SNPs	9	376696	2.52e-06	0.00815338	Distant	0.00815338	trans
Transcriptomics	YER180C	SNPs	5	550744	2.96e-07	0.07412783	Local	0.07412783	cis
Transcriptomics	YER181C	SNPs	5	112086	2.37e-06	0.02151911	Distant	0.02151911	trans
Transcriptomics	YER181C	SNPs	5	30640	2.51e-06	0.02488338	Distant	0.02488338	trans
Transcriptomics	YER181C	SNPs	12	117000	3.86e-06	0.01620669	Distant	0.01620669	trans
Transcriptomics	YER184C	SNPs	16	542064	1.97e-06	0.02478681	Distant	0.02478681	trans
Transcriptomics	YER185W	SNPs	5	557738	3.14e-08	0.01411432	Local	0.01411432	cis
Transcriptomics	YER185W	SNPs	5	559837	2.29e-07	0.10196335	Local	0.10196335	cis
Transcriptomics	YER185W	SNPs	5	557316	4.49e-07	0.0616347	Local	0.0616347	cis
Transcriptomics	YER185W	SNPs	5	562542	3.48e-06	0.01038422	Local	0.01038422	cis
Transcriptomics	YER185W	SNPs	5	559831	4.9e-06	0.02557616	Local	0.02557616	cis
Transcriptomics	YER185W	SNPs	5	562688	6.25e-06	0.00831162	Local	0.00831162	cis
Transcriptomics	YER186C	SNPs	5	562888	3.33e-43	0.33320943	Local	0.33320943	cis
Transcriptomics	YER186C	SNPs	5	563929	1.3600000000000002e-27	0.13937897	Local	0.13937897	cis
Transcriptomics	YER186C	SNPs	5	561877	1.67e-13	0.17643251	Local	0.17643251	cis
Transcriptomics	YER186C	SNPs	5	562916	2.59e-08	0.0874306	Local	0.0874306	cis
Transcriptomics	YER186C	SNPs	5	561468	3.45e-06	0.00721932	Local	0.00721932	cis
Transcriptomics	YER188W	SNPs	5	566255	1.04e-09	0.00915172	Local	0.00915172	cis
Transcriptomics	YER188W	SNPs	5	565880	1.32e-07	0.11196903	Local	0.11196903	cis
Transcriptomics	YFL001W	SNPs	6	43129	7.29e-07	0.02039714	Distant	0.02039714	trans
Transcriptomics	YFL005W	SNPs	15	586701	4.7e-06	0.01353308	Distant	0.01353308	trans
Transcriptomics	YFL007W	SNPs	1	92566	2.18e-06	0.00721432	Distant	0.00721432	trans
Transcriptomics	YFL008W	SNPs	13	81228	3.87e-06	0.07925618	Distant	0.07925618	trans
Transcriptomics	YFL010W-A	SNPs	7	832890	4.05e-06	0.04771699	Distant	0.04771699	trans
Transcriptomics	YFL014W	SNPs	5	115800	2.24e-06	0.0045593	Distant	0.0045593	trans
Transcriptomics	YFL018C	SNPs	13	458866	1.27e-06	0.01869183	Distant	0.01869183	trans
Transcriptomics	YFL019C	SNPs	6	100428	1.94e-06	0.05304316	Local	0.05304316	cis
Transcriptomics	YFL021W	SNPs	10	345365	3.29e-06	0.0538296	Distant	0.0538296	trans
Transcriptomics	YFL026W	SNPs	14	742739	5.28e-06	0.04600928	Distant	0.04600928	trans
Transcriptomics	YFL027C	SNPs	6	81747	7.49e-17	0.05586541	Local	0.05586541	cis
Transcriptomics	YFL027C	SNPs	6	82157	2.62e-11	0.06917997	Local	0.06917997	cis
Transcriptomics	YFL028C	SNPs	13	242493	3.5e-06	0.05651141	Distant	0.05651141	trans
Transcriptomics	YFL028C	SNPs	6	202970	4.78e-06	0.04868146	Distant	0.04868146	trans
Transcriptomics	YFL030W	SNPs	14	275211	3.55e-06	0.010209	Distant	0.010209	trans
Transcriptomics	YFL031W	SNPs	13	286619	4.65e-08	0.02756265	Distant	0.02756265	trans
Transcriptomics	YFL031W	SNPs	4	441647	1.25e-06	0.02298841	Distant	0.02298841	trans
Transcriptomics	YFL034C-A	SNPs	6	64781	1.25e-06	0.02097607	Local	0.02097607	cis
Transcriptomics	YFL039C	SNPs	11	389443	5.45e-06	0.00597322	Distant	0.00597322	trans
Transcriptomics	YFL040W	SNPs	4	1123586	3.48e-06	0.04545631	Distant	0.04545631	trans
Transcriptomics	YFL045C	SNPs	14	128629	2.35e-06	0.0714449	Distant	0.0714449	trans
Transcriptomics	YFL048C	SNPs	12	250030	2.89e-06	0.01697355	Distant	0.01697355	trans
Transcriptomics	YFL049W	SNPs	2	690620	2.32e-06	0.01507724	Distant	0.01507724	trans
Transcriptomics	YFL050C	SNPs	6	36075	1.21e-08	0.07843679	Local	0.07843679	cis
Transcriptomics	YFL050C	SNPs	5	484851	3.72e-06	0.07496431	Distant	0.07496431	trans
Transcriptomics	YFL057C	SNPs	6	36394	3.04e-07	0.07455169		0.07455169	
Transcriptomics	YFL057C	SNPs	9	342466	1.1e-06	0.04091948		0.04091948	
Transcriptomics	YFL057C	SNPs	6	36462	1.93e-06	0.07941287		0.07941287	
Transcriptomics	YFL058W	SNPs	4	962979	1.31e-06	0.0206153	Distant	0.0206153	trans
Transcriptomics	YFL064C	SNPs	2	634316	1.53e-06	0.01755172	Distant	0.01755172	trans
Transcriptomics	YFR003C	SNPs	4	848316	2.63e-06	0.01830224	Distant	0.01830224	trans
Transcriptomics	YFR006W	SNPs	14	231454	1.5e-07	0.05719695	Distant	0.05719695	trans
Transcriptomics	YFR006W	SNPs	16	224865	8.24e-07	0.01823681	Distant	0.01823681	trans
Transcriptomics	YFR006W	SNPs	15	417176	1.65e-06	0.02012541	Distant	0.02012541	trans
Transcriptomics	YFR006W	SNPs	12	974574	1.96e-06	0.02601917	Distant	0.02601917	trans
Transcriptomics	YFR010W-A	SNPs	6	166669	9.739999999999999e-45	0.52917641	Local	0.52917641	cis
Transcriptomics	YFR010W-A	SNPs	6	168104	1.71e-07	0.03695012	Local	0.03695012	cis
Transcriptomics	YFR010W-A	SNPs	6	168984	2.12e-06	0.02756341	Local	0.02756341	cis
Transcriptomics	YFR010W-A	SNPs	10	534236	2.96e-06	0.01596224	Distant	0.01596224	trans
Transcriptomics	YFR011C	SNPs	6	155140	3.86e-06	0.03105227	Local	0.03105227	cis
Transcriptomics	YFR012W-A	SNPs	8	105230	2.36e-07	0.00566793	Distant	0.00566793	trans
Transcriptomics	YFR019W	SNPs	15	873940	3.51e-06	0.010157	Distant	0.010157	trans
Transcriptomics	YFR020W	SNPs	6	190264	9.75e-10	0.03389439	Local	0.03389439	cis
Transcriptomics	YFR020W	SNPs	6	184798	1.2e-06	0.09209793	Local	0.09209793	cis
Transcriptomics	YFR022W	SNPs	6	196793	1.21e-12	0.24978162	Local	0.24978162	cis
Transcriptomics	YFR024C-A	SNPs	14	117786	3.23e-06	0.01649797	Distant	0.01649797	trans
Transcriptomics	YFR026C	SNPs	6	204770	6.100000000000001e-27	0.32300331	Local	0.32300331	cis
Transcriptomics	YFR026C	SNPs	6	183726	8.58e-07	0.01892502	Local	0.01892502	cis
Transcriptomics	YFR026C	SNPs	6	213090	2.29e-06	0.01805222	Local	0.01805222	cis
Transcriptomics	YFR029W	SNPs	7	857217	4.55e-06	0.03579929	Distant	0.03579929	trans
Transcriptomics	YFR031C	SNPs	4	553497	1.18e-06	0.01286851	Distant	0.01286851	trans
Transcriptomics	YFR035C	SNPs	7	935993	6.73e-07	0.05293642	Distant	0.05293642	trans
Transcriptomics	YFR035C	SNPs	4	425975	1.17e-06	0.0137532	Distant	0.0137532	trans
Transcriptomics	YFR035C	SNPs	6	226182	2.53e-06	0.00940382	Local	0.00940382	cis
Transcriptomics	YFR036W	SNPs	12	991553	2.28e-06	0.01770523	Distant	0.01770523	trans
Transcriptomics	YFR037C	SNPs	7	655851	1.31e-06	0.00661888	Distant	0.00661888	trans
Transcriptomics	YFR037C	SNPs	4	451706	2.32e-06	0.02638816	Distant	0.02638816	trans
Transcriptomics	YFR038W	SNPs	12	210539	2.5e-06	0.00556759	Distant	0.00556759	trans
Transcriptomics	YFR046C	SNPs	2	441927	4.18e-06	0.03762927	Distant	0.03762927	trans
Transcriptomics	YFR046C	SNPs	12	1007532	5.7e-06	0.02387899	Distant	0.02387899	trans
Transcriptomics	YFR046C	SNPs	7	254979	6.68e-06	0.01064141	Distant	0.01064141	trans
Transcriptomics	YFR049W	SNPs	4	1318821	3.64e-06	0.04955327	Distant	0.04955327	trans
Transcriptomics	YFR052W	SNPs	15	577509	3.13e-06	0.02383851	Distant	0.02383851	trans
Transcriptomics	YFR052W	SNPs	15	240318	7.01e-06	0.01623169	Distant	0.01623169	trans
Transcriptomics	YFR055W	SNPs	15	898827	1e-06	0.0151439	Distant	0.0151439	trans
Transcriptomics	YGL001C	SNPs	10	624837	3.97e-06	0.01056214	Distant	0.01056214	trans
Transcriptomics	YGL002W	SNPs	12	250030	2.95e-06	0.01705933	Distant	0.01705933	trans
Transcriptomics	YGL005C	SNPs	7	491171	1.89e-08	0.12185664	Local	0.12185664	cis
Transcriptomics	YGL006W	SNPs	7	485777	1.54e-12	0.06539853	Local	0.06539853	cis
Transcriptomics	YGL011C	SNPs	1	117369	2.49e-06	0.01535204	Distant	0.01535204	trans
Transcriptomics	YGL012W	SNPs	12	974574	5.66e-06	0.02311126	Distant	0.02311126	trans
Transcriptomics	YGL016W	SNPs	3	207705	1.4e-06	0.06047133	Distant	0.06047133	trans
Transcriptomics	YGL016W	SNPs	12	210539	1.57e-06	0.00592065	Distant	0.00592065	trans
Transcriptomics	YGL017W	SNPs	7	459980	2.42e-12	0.01600531	Local	0.01600531	cis
Transcriptomics	YGL017W	SNPs	7	459691	4.42e-07	0.06787414	Local	0.06787414	cis
Transcriptomics	YGL017W	SNPs	7	461375	4.99e-07	0.00782518	Local	0.00782518	cis
Transcriptomics	YGL018C	SNPs	7	458993	2.37e-06	0.00961179	Local	0.00961179	cis
Transcriptomics	YGL020C	SNPs	12	123810	6.17e-06	0.00675801	Distant	0.00675801	trans
Transcriptomics	YGL027C	SNPs	4	441647	1.43e-07	0.02580959	Distant	0.02580959	trans
Transcriptomics	YGL027C	SNPs	15	241656	1.64e-06	0.0278097	Distant	0.0278097	trans
Transcriptomics	YGL027C	SNPs	2	277831	2.41e-06	0.02062875	Distant	0.02062875	trans
Transcriptomics	YGL027C	SNPs	11	226952	2.89e-06	0.07642947	Distant	0.07642947	trans
Transcriptomics	YGL028C	SNPs	11	394706	5.6e-07	0.01132469	Distant	0.01132469	trans
Transcriptomics	YGL029W	SNPs	10	524477	7.94e-07	0.0493386	Distant	0.0493386	trans
Transcriptomics	YGL029W	SNPs	5	219768	3.85e-06	0.0168448	Distant	0.0168448	trans
Transcriptomics	YGL030W	SNPs	15	76985	1.42e-06	0.03827732	Distant	0.03827732	trans
Transcriptomics	YGL031C	SNPs	15	76985	4.76e-06	0.03474542	Distant	0.03474542	trans
Transcriptomics	YGL036W	SNPs	5	389576	1.36e-06	0.01600481	Distant	0.01600481	trans
Transcriptomics	YGL036W	SNPs	9	53832	2.78e-06	0.02054921	Distant	0.02054921	trans
Transcriptomics	YGL037C	SNPs	4	848316	2.81e-06	0.01847735	Distant	0.01847735	trans
Transcriptomics	YGL041W-A	SNPs	7	430457	5.7e-08	0.01552	Local	0.01552	cis
Transcriptomics	YGL041W-A	SNPs	2	369535	1.82e-06	0.01429584	Distant	0.01429584	trans
Transcriptomics	YGL041W-A	SNPs	4	1479150	1.85e-06	0.01990153	Distant	0.01990153	trans
Transcriptomics	YGL041W-A	SNPs	2	484159	1.99e-06	0.01425138	Distant	0.01425138	trans
Transcriptomics	YGL041W-A	SNPs	4	1170383	3.35e-06	0.00876884	Distant	0.00876884	trans
Transcriptomics	YGL044C	SNPs	16	762090	2e-06	0.00513648	Distant	0.00513648	trans
Transcriptomics	YGL045W	SNPs	12	145343	8.14e-07	0.02139637	Distant	0.02139637	trans
Transcriptomics	YGL048C	SNPs	12	1012407	2.34e-06	0.02202156	Distant	0.02202156	trans
Transcriptomics	YGL050W	SNPs	7	407124	4.9e-08	0.06578909	Local	0.06578909	cis
Transcriptomics	YGL050W	SNPs	4	1483377	2e-06	0.00858227	Distant	0.00858227	trans
Transcriptomics	YGL054C	SNPs	10	248754	2.62e-06	0.00778528	Distant	0.00778528	trans
Transcriptomics	YGL056C	SNPs	10	606046	1.87e-06	0.01639255	Distant	0.01639255	trans
Transcriptomics	YGL067W	SNPs	7	376235	8.09e-06	0.04103651	Local	0.04103651	cis
Transcriptomics	YGL071W	SNPs	7	413763	3.83e-06	0.00741757	Distant	0.00741757	trans
Transcriptomics	YGL078C	SNPs	7	655851	7.5e-07	0.00674333	Distant	0.00674333	trans
Transcriptomics	YGL081W	SNPs	12	112912	8.76e-07	0.01543408	Distant	0.01543408	trans
Transcriptomics	YGL084C	SNPs	3	73149	4.15e-06	0.00879488	Distant	0.00879488	trans
Transcriptomics	YGL084C	SNPs	11	250094	6.92e-06	0.05939153	Distant	0.05939153	trans
Transcriptomics	YGL085W	SNPs	15	933602	4.05e-06	0.05237315	Distant	0.05237315	trans
Transcriptomics	YGL087C	SNPs	13	296288	2.15e-06	0.03095466	Distant	0.03095466	trans
Transcriptomics	YGL090W	SNPs	11	250668	1.88e-07	0.03056587	Distant	0.03056587	trans
Transcriptomics	YGL092W	SNPs	2	690620	4.84e-06	0.01674829	Distant	0.01674829	trans
Transcriptomics	YGL096W	SNPs	7	324658	2.64e-11	0.02216022	Local	0.02216022	cis
Transcriptomics	YGL096W	SNPs	7	324640	1.1e-10	0.08251167	Local	0.08251167	cis
Transcriptomics	YGL097W	SNPs	14	350966	3.72e-06	0.07470394	Distant	0.07470394	trans
Transcriptomics	YGL098W	SNPs	4	95378	4.83e-06	0.03453339	Distant	0.03453339	trans
Transcriptomics	YGL099W	SNPs	7	655851	3.73e-07	0.0071607	Distant	0.0071607	trans
Transcriptomics	YGL104C	SNPs	14	758808	9.13e-06	0.00497404	Distant	0.00497404	trans
Transcriptomics	YGL106W	SNPs	15	844373	4.59e-08	0.03041295	Distant	0.03041295	trans
Transcriptomics	YGL106W	SNPs	8	319470	3.16e-06	0.02410187	Distant	0.02410187	trans
Transcriptomics	YGL109W	SNPs	9	395649	6.38e-07	0.01305947	Distant	0.01305947	trans
Transcriptomics	YGL119W	SNPs	4	79505	1.01e-07	0.02392311	Distant	0.02392311	trans
Transcriptomics	YGL122C	SNPs	7	126177	1.39e-06	0.0477316	Distant	0.0477316	trans
Transcriptomics	YGL126W	SNPs	2	214801	2.58e-08	0.09281681	Distant	0.09281681	trans
Transcriptomics	YGL127C	SNPs	2	214801	1.33e-06	0.07430461	Distant	0.07430461	trans
Transcriptomics	YGL134W	SNPs	12	44786	4.09e-06	0.01692845	Distant	0.01692845	trans
Transcriptomics	YGL135W	SNPs	15	76985	2.06e-06	0.0375779	Distant	0.0375779	trans
Transcriptomics	YGL136C	SNPs	7	627362	4.57e-06	0.07828671	Distant	0.07828671	trans
Transcriptomics	YGL142C	SNPs	9	268032	5.23e-06	0.01844232	Distant	0.01844232	trans
Transcriptomics	YGL144C	SNPs	6	109031	2.54e-06	0.01736296	Distant	0.01736296	trans
Transcriptomics	YGL146C	SNPs	16	163842	1.33e-06	0.0299393	Distant	0.0299393	trans
Transcriptomics	YGL149W	SNPs	7	225759	5.2e-09	0.10771965	Local	0.10771965	cis
Transcriptomics	YGL154C	SNPs	8	282963	1.21e-06	0.01683755	Distant	0.01683755	trans
Transcriptomics	YGL155W	SNPs	11	430859	2.98e-06	0.01103491	Distant	0.01103491	trans
Transcriptomics	YGL155W	SNPs	11	429856	4.98e-06	0.02946707	Distant	0.02946707	trans
Transcriptomics	YGL159W	SNPs	9	171698	2.33e-06	0.00882055	Distant	0.00882055	trans
Transcriptomics	YGL162W	SNPs	2	204923	3.46e-06	0.07363577	Distant	0.07363577	trans
Transcriptomics	YGL163C	SNPs	10	329903	1.58e-06	0.05599847	Distant	0.05599847	trans
Transcriptomics	YGL169W	SNPs	10	50102	5.29e-06	0.00496545	Distant	0.00496545	trans
Transcriptomics	YGL169W	SNPs	4	61039	8.27e-06	0.01616054	Distant	0.01616054	trans
Transcriptomics	YGL169W	SNPs	7	655851	8.54e-06	0.00576098	Distant	0.00576098	trans
Transcriptomics	YGL171W	SNPs	7	655851	1.08e-07	0.0078682	Distant	0.0078682	trans
Transcriptomics	YGL171W	SNPs	13	213896	6.9e-07	0.0067545	Distant	0.0067545	trans
Transcriptomics	YGL174W	SNPs	7	174975	1.46e-06	0.07085038	Local	0.07085038	cis
Transcriptomics	YGL181W	SNPs	2	198110	5.31e-07	0.00806955	Distant	0.00806955	trans
Transcriptomics	YGL185C	SNPs	16	415343	1.31e-06	0.04646653	Distant	0.04646653	trans
Transcriptomics	YGL185C	SNPs	2	198110	2.29e-06	0.00710344	Distant	0.00710344	trans
Transcriptomics	YGL186C	SNPs	7	152987	1.29e-12	0.01902052	Local	0.01902052	cis
Transcriptomics	YGL193C	SNPs	1	132552	4.06e-07	0.03887411	Distant	0.03887411	trans
Transcriptomics	YGL193C	SNPs	7	702168	4.56e-06	0.03630069	Distant	0.03630069	trans
Transcriptomics	YGL194C-A	SNPs	16	81720	4.62e-06	0.01332821	Distant	0.01332821	trans
Transcriptomics	YGL194C	SNPs	7	142738	1.23e-08	0.03150668	Local	0.03150668	cis
Transcriptomics	YGL194C	SNPs	7	142773	9.91e-08	0.01051811	Local	0.01051811	cis
Transcriptomics	YGL194C	SNPs	7	126093	1.31e-07	0.09602488	Local	0.09602488	cis
Transcriptomics	YGL194C	SNPs	7	126177	7.83e-07	0.05439117	Local	0.05439117	cis
Transcriptomics	YGL194C	SNPs	16	693279	9.12e-07	0.0110855	Distant	0.0110855	trans
Transcriptomics	YGL194C	SNPs	10	546848	2.1e-06	0.00713511	Distant	0.00713511	trans
Transcriptomics	YGL203C	SNPs	15	563727	6.32e-07	0.0164745	Distant	0.0164745	trans
Transcriptomics	YGL203C	SNPs	7	53416	1.03e-06	0.01147562	Distant	0.01147562	trans
Transcriptomics	YGL203C	SNPs	7	112455	2.46e-06	0.00494712	Local	0.00494712	cis
Transcriptomics	YGL204C	SNPs	7	111703	7.98e-17	0.21900916	Local	0.21900916	cis
Transcriptomics	YGL204C	SNPs	7	112455	2.46e-11	0.00717828	Local	0.00717828	cis
Transcriptomics	YGL207W	SNPs	15	842183	2.14e-06	0.00983541	Distant	0.00983541	trans
Transcriptomics	YGL209W	SNPs	4	214965	6.51e-10	0.04188137	Distant	0.04188137	trans
Transcriptomics	YGL209W	SNPs	2	486404	3.33e-06	0.08394367	Distant	0.08394367	trans
Transcriptomics	YGL211W	SNPs	7	655851	3.21e-06	0.00599751	Distant	0.00599751	trans
Transcriptomics	YGL219C	SNPs	14	85056	4.11e-06	0.03111809	Distant	0.03111809	trans
Transcriptomics	YGL223C	SNPs	11	430859	7.15e-08	0.01410502	Distant	0.01410502	trans
Transcriptomics	YGL225W	SNPs	13	168229	1.39e-06	0.01815082	Distant	0.01815082	trans
Transcriptomics	YGL225W	SNPs	13	167962	1.84e-06	0.07042442	Distant	0.07042442	trans
Transcriptomics	YGL227W	SNPs	15	873940	2.31e-06	0.01004214	Distant	0.01004214	trans
Transcriptomics	YGL237C	SNPs	14	525494	4.28e-06	0.01314221	Distant	0.01314221	trans
Transcriptomics	YGL238W	SNPs	14	757257	2.35e-06	0.00613601	Distant	0.00613601	trans
Transcriptomics	YGL247W	SNPs	7	37581	4.85e-11	0.16780695	Local	0.16780695	cis
Transcriptomics	YGL249W	SNPs	7	34992	1.09e-27	0.32806238	Local	0.32806238	cis
Transcriptomics	YGL249W	SNPs	7	34339	4.37e-13	0.0134437	Local	0.0134437	cis
Transcriptomics	YGL249W	SNPs	7	25445	2.15e-06	0.01582172	Local	0.01582172	cis
Transcriptomics	YGL249W	SNPs	7	41417	4.54e-06	0.06040452	Local	0.06040452	cis
Transcriptomics	YGL250W	SNPs	10	553579	1.73e-06	0.02497016	Distant	0.02497016	trans
Transcriptomics	YGL252C	SNPs	13	681836	6.97e-07	0.05456418	Distant	0.05456418	trans
Transcriptomics	YGL254W	SNPs	14	411808	1.53e-07	0.00626695	Distant	0.00626695	trans
Transcriptomics	YGL254W	SNPs	15	163748	1.18e-06	0.10116557	Distant	0.10116557	trans
Transcriptomics	YGL254W	SNPs	10	331047	2.53e-06	0.00991054	Distant	0.00991054	trans
Transcriptomics	YGL254W	SNPs	14	413607	6.96e-06	0.01393902	Distant	0.01393902	trans
Transcriptomics	YGL258W-A	SNPs	6	40798	5.31e-06	0.02010414	Distant	0.02010414	trans
Transcriptomics	YGL258W-A	SNPs	8	509875	7.88e-06	0.01048937	Distant	0.01048937	trans
Transcriptomics	YGL262W	SNPs	4	1322553	5.73e-07	0.15080888	Distant	0.15080888	trans
Transcriptomics	YGL262W	SNPs	12	18624	3.08e-06	0.0304262	Distant	0.0304262	trans
Transcriptomics	YGL263W	SNPs	12	18624	1.38e-08	0.03311435	Distant	0.03311435	trans
Transcriptomics	YGR001C	SNPs	7	497747	2.28e-09	0.01750612	Local	0.01750612	cis
Transcriptomics	YGR003W	SNPs	8	217505	2.52e-06	0.04441327	Distant	0.04441327	trans
Transcriptomics	YGR003W	SNPs	7	1044809	5.36e-06	0.02445853	Distant	0.02445853	trans
Transcriptomics	YGR003W	SNPs	7	500187	6.15e-06	0.08138555	Local	0.08138555	cis
Transcriptomics	YGR004W	SNPs	7	504554	3.48e-17	0.04720388	Local	0.04720388	cis
Transcriptomics	YGR004W	SNPs	7	501009	6.72e-07	0.03048583	Local	0.03048583	cis
Transcriptomics	YGR006W	SNPs	3	93091	9.51e-07	0.01123716	Distant	0.01123716	trans
Transcriptomics	YGR006W	SNPs	15	922315	6.58e-06	0.01392892	Distant	0.01392892	trans
Transcriptomics	YGR009C	SNPs	16	415343	1.68e-06	0.04618433	Distant	0.04618433	trans
Transcriptomics	YGR012W	SNPs	10	142055	2.17e-06	0.01476558	Distant	0.01476558	trans
Transcriptomics	YGR015C	SNPs	11	620083	2.98e-06	0.0136988	Distant	0.0136988	trans
Transcriptomics	YGR015C	SNPs	10	466456	4.99e-06	0.05151184	Distant	0.05151184	trans
Transcriptomics	YGR024C	SNPs	4	582284	3.34e-06	0.00556502	Distant	0.00556502	trans
Transcriptomics	YGR031W	SNPs	7	747540	1.45e-06	0.02128731	Distant	0.02128731	trans
Transcriptomics	YGR031W	SNPs	10	84655	3.55e-06	0.01946737	Distant	0.01946737	trans
Transcriptomics	YGR033C	SNPs	15	218142	4.66e-07	0.02654699	Distant	0.02654699	trans
Transcriptomics	YGR038W	SNPs	7	560495	3.46e-14	0.09364445	Local	0.09364445	cis
Transcriptomics	YGR038W	SNPs	13	410320	4.99e-06	0.04059653	Distant	0.04059653	trans
Transcriptomics	YGR042W	SNPs	16	46114	6.14e-07	0.03633525	Distant	0.03633525	trans
Transcriptomics	YGR044C	SNPs	4	501348	4.65e-06	0.00994085	Distant	0.00994085	trans
Transcriptomics	YGR044C	SNPs	16	85280	6.03e-06	0.05493587	Distant	0.05493587	trans
Transcriptomics	YGR045C	SNPs	7	593090	4.2e-06	0.00652604	Local	0.00652604	cis
Transcriptomics	YGR050C	SNPs	13	448851	5.71e-07	0.01026723	Distant	0.01026723	trans
Transcriptomics	YGR051C	SNPs	7	591793	3.85e-09	0.01963268	Local	0.01963268	cis
Transcriptomics	YGR051C	SNPs	7	593090	2.3e-07	0.00758523	Local	0.00758523	cis
Transcriptomics	YGR051C	SNPs	7	275322	1.22e-06	0.01542437	Distant	0.01542437	trans
Transcriptomics	YGR052W	SNPs	7	593216	5.39e-06	0.00377679	Local	0.00377679	cis
Transcriptomics	YGR055W	SNPs	15	90328	2.5e-06	0.06540384	Distant	0.06540384	trans
Transcriptomics	YGR057C	SNPs	1	46375	1.45e-07	0.06327633	Distant	0.06327633	trans
Transcriptomics	YGR059W	SNPs	7	607810	8.62e-69	0.15350475	Local	0.15350475	cis
Transcriptomics	YGR059W	SNPs	6	91505	2.7e-06	0.01552109	Distant	0.01552109	trans
Transcriptomics	YGR060W	SNPs	5	515321	2.59e-06	0.0543336	Distant	0.0543336	trans
Transcriptomics	YGR061C	SNPs	7	655851	2.32e-06	0.00621639	Distant	0.00621639	trans
Transcriptomics	YGR061C	SNPs	5	115800	3.05e-06	0.00480192	Distant	0.00480192	trans
Transcriptomics	YGR064W	SNPs	8	379379	9.31e-07	0.06001263	Distant	0.06001263	trans
Transcriptomics	YGR065C	SNPs	8	379379	2.92e-06	0.0647506	Distant	0.0647506	trans
Transcriptomics	YGR067C	SNPs	13	559009	4.5e-06	0.00538769	Distant	0.00538769	trans
Transcriptomics	YGR068C	SNPs	11	107231	4.43e-06	0.02056742	Distant	0.02056742	trans
Transcriptomics	YGR070W	SNPs	14	230725	3.28e-06	0.03657661	Distant	0.03657661	trans
Transcriptomics	YGR077C	SNPs	7	638787	1.85e-06	0.00915327	Local	0.00915327	cis
Transcriptomics	YGR080W	SNPs	15	873940	2.76e-06	0.00882173	Distant	0.00882173	trans
Transcriptomics	YGR080W	SNPs	7	642480	3.4e-06	0.04537904	Local	0.04537904	cis
Transcriptomics	YGR085C	SNPs	12	585709	6.03e-07	0.0355242	Distant	0.0355242	trans
Transcriptomics	YGR087C	SNPs	11	233365	4.51e-07	0.02845541	Distant	0.02845541	trans
Transcriptomics	YGR089W	SNPs	7	655851	3.03e-08	0.00799383	Local	0.00799383	cis
Transcriptomics	YGR089W	SNPs	7	659189	6.34e-07	0.03634991	Local	0.03634991	cis
Transcriptomics	YGR089W	SNPs	1	120944	1.98e-06	0.00439294	Distant	0.00439294	trans
Transcriptomics	YGR089W	SNPs	14	650841	2.59e-06	0.00938855	Distant	0.00938855	trans
Transcriptomics	YGR091W	SNPs	7	665893	2.48e-08	0.09447357	Local	0.09447357	cis
Transcriptomics	YGR093W	SNPs	11	580794	5.89e-06	0.00740314	Distant	0.00740314	trans
Transcriptomics	YGR094W	SNPs	4	848316	5.33e-06	0.01620667	Distant	0.01620667	trans
Transcriptomics	YGR101W	SNPs	16	647352	3.5e-06	0.03101634	Distant	0.03101634	trans
Transcriptomics	YGR103W	SNPs	7	655851	2.93e-06	0.00580286	Distant	0.00580286	trans
Transcriptomics	YGR104C	SNPs	11	430859	1.27e-06	0.00874303	Distant	0.00874303	trans
Transcriptomics	YGR110W	SNPs	3	65398	3.34e-06	0.01460399	Distant	0.01460399	trans
Transcriptomics	YGR110W	SNPs	2	432821	3.45e-06	0.0344502	Distant	0.0344502	trans
Transcriptomics	YGR116W	SNPs	1	92566	1.51e-06	0.00725134	Distant	0.00725134	trans
Transcriptomics	YGR117C	SNPs	7	725111	2.49e-12	0.14436683	Local	0.14436683	cis
Transcriptomics	YGR117C	SNPs	7	725467	1.11e-08	0.02541772	Local	0.02541772	cis
Transcriptomics	YGR117C	SNPs	7	783986	2.53e-06	0.08130361	Distant	0.08130361	trans
Transcriptomics	YGR121C	SNPs	7	733088	4.15e-06	0.02073931	Local	0.02073931	cis
Transcriptomics	YGR122C-A	SNPs	7	726262	3.27e-10	0.12056619	Local	0.12056619	cis
Transcriptomics	YGR122C-A	SNPs	7	724323	1.25e-09	0.01654946	Local	0.01654946	cis
Transcriptomics	YGR122C-A	SNPs	7	767034	4.61e-09	0.02119744	Distant	0.02119744	trans
Transcriptomics	YGR122C-A	SNPs	7	721075	5.93e-09	0.01860985	Local	0.01860985	cis
Transcriptomics	YGR122C-A	SNPs	7	731914	1.46e-08	0.03564162	Local	0.03564162	cis
Transcriptomics	YGR122C-A	SNPs	7	717714	7.81e-08	0.00655352	Local	0.00655352	cis
Transcriptomics	YGR122C-A	SNPs	7	955973	4.48e-06	0.03077656	Distant	0.03077656	trans
Transcriptomics	YGR122C-A	SNPs	7	692206	4.59e-06	0.03606309	Distant	0.03606309	trans
Transcriptomics	YGR122C-A	SNPs	7	720606	4.67e-06	0.00466268	Local	0.00466268	cis
Transcriptomics	YGR122W	SNPs	16	326402	3.47e-06	0.03869324	Distant	0.03869324	trans
Transcriptomics	YGR126W	SNPs	7	746628	1.22e-08	0.12810765	Local	0.12810765	cis
Transcriptomics	YGR131W	SNPs	7	754453	3.05e-10	0.13476914	Local	0.13476914	cis
Transcriptomics	YGR132C	SNPs	13	458866	5e-06	0.01890165	Distant	0.01890165	trans
Transcriptomics	YGR136W	SNPs	12	971945	1.93e-08	0.00842785	Distant	0.00842785	trans
Transcriptomics	YGR136W	SNPs	14	58815	7.03e-08	0.02630064	Distant	0.02630064	trans
Transcriptomics	YGR136W	SNPs	10	352304	2.01e-06	0.00530792	Distant	0.00530792	trans
Transcriptomics	YGR136W	SNPs	7	347107	3.94e-06	0.00780381	Distant	0.00780381	trans
Transcriptomics	YGR138C	SNPs	4	568116	9.67e-07	0.00885139	Distant	0.00885139	trans
Transcriptomics	YGR142W	SNPs	4	1282320	1.36e-06	0.07336037	Distant	0.07336037	trans
Transcriptomics	YGR145W	SNPs	7	655851	2.09e-07	0.00714063	Distant	0.00714063	trans
Transcriptomics	YGR151C	SNPs	16	313413	2.43e-06	0.00947109	Distant	0.00947109	trans
Transcriptomics	YGR155W	SNPs	7	655851	2.09e-06	0.00634691	Distant	0.00634691	trans
Transcriptomics	YGR161W-C	SNPs	7	810721	6.16e-08	0.03884425	Local	0.03884425	cis
Transcriptomics	YGR162W	SNPs	7	655851	5.73e-07	0.0066538	Distant	0.0066538	trans
Transcriptomics	YGR162W	SNPs	7	656576	5.07e-06	0.04292512	Distant	0.04292512	trans
Transcriptomics	YGR164W	SNPs	7	828702	3.36e-13	0.0466768	Local	0.0466768	cis
Transcriptomics	YGR164W	SNPs	13	622544	8.14e-09	0.01840095	Distant	0.01840095	trans
Transcriptomics	YGR164W	SNPs	3	77957	1.41e-08	0.01540916	Distant	0.01540916	trans
Transcriptomics	YGR164W	SNPs	13	622439	7.84e-08	0.02917065	Distant	0.02917065	trans
Transcriptomics	YGR166W	SNPs	7	831041	1.61e-07	0.11537831	Local	0.11537831	cis
Transcriptomics	YGR169C-A	SNPs	8	198412	9.12e-07	0.00676807	Distant	0.00676807	trans
Transcriptomics	YGR169C	SNPs	11	106896	3.79e-08	0.03053824	Distant	0.03053824	trans
Transcriptomics	YGR169C	SNPs	7	833214	1.74e-06	0.0549882	Local	0.0549882	cis
Transcriptomics	YGR173W	SNPs	11	290740	1.59e-07	0.0175727	Distant	0.0175727	trans
Transcriptomics	YGR173W	SNPs	7	842605	1.73e-06	0.07067723	Local	0.07067723	cis
Transcriptomics	YGR177C	SNPs	7	850633	3.2e-07	0.0738663	Local	0.0738663	cis
Transcriptomics	YGR177C	SNPs	12	210539	1.33e-06	0.00604649	Distant	0.00604649	trans
Transcriptomics	YGR177C	SNPs	4	388923	3.08e-06	0.02592945	Distant	0.02592945	trans
Transcriptomics	YGR178C	SNPs	7	853005	5.59e-09	0.01029096	Local	0.01029096	cis
Transcriptomics	YGR178C	SNPs	12	123533	3.93e-06	0.01921652	Distant	0.01921652	trans
Transcriptomics	YGR179C	SNPs	7	854998	4.12e-06	0.04506938	Local	0.04506938	cis
Transcriptomics	YGR180C	SNPs	13	370963	3.98e-07	0.00612923	Distant	0.00612923	trans
Transcriptomics	YGR181W	SNPs	15	932327	2.09e-06	0.00779414	Distant	0.00779414	trans
Transcriptomics	YGR181W	SNPs	7	859075	2.79e-06	0.0944615	Local	0.0944615	cis
Transcriptomics	YGR184C	SNPs	7	860213	7.04e-06	0.04807246	Local	0.04807246	cis
Transcriptomics	YGR187C	SNPs	7	655851	3.2e-06	0.00589026	Distant	0.00589026	trans
Transcriptomics	YGR187C	SNPs	13	213896	4.07e-06	0.00566448	Distant	0.00566448	trans
Transcriptomics	YGR188C	SNPs	8	217505	1.93e-06	0.04842877	Distant	0.04842877	trans
Transcriptomics	YGR192C	SNPs	12	1032695	1.4e-06	0.0108794	Distant	0.0108794	trans
Transcriptomics	YGR193C	SNPs	15	563727	2.19e-06	0.01359446	Distant	0.01359446	trans
Transcriptomics	YGR197C	SNPs	7	894336	7.92e-10	0.0307913	Local	0.0307913	cis
Transcriptomics	YGR197C	SNPs	7	895006	3.32e-07	0.03899041	Local	0.03899041	cis
Transcriptomics	YGR198W	SNPs	3	36506	5.24e-06	0.0131166	Distant	0.0131166	trans
Transcriptomics	YGR199W	SNPs	14	230725	6.12e-06	0.0349644	Distant	0.0349644	trans
Transcriptomics	YGR200C	SNPs	7	655851	4.01e-07	0.00698183	Distant	0.00698183	trans
Transcriptomics	YGR203W	SNPs	7	21118	4.24e-06	0.00824253	Distant	0.00824253	trans
Transcriptomics	YGR204C-A	SNPs	12	343405	5.26e-06	0.01594657	Distant	0.01594657	trans
Transcriptomics	YGR206W	SNPs	2	117547	1.75e-06	0.02484144	Distant	0.02484144	trans
Transcriptomics	YGR211W	SNPs	7	916853	4.94e-08	0.06403506	Local	0.06403506	cis
Transcriptomics	YGR211W	SNPs	13	74011	2.14e-07	0.02480816	Distant	0.02480816	trans
Transcriptomics	YGR216C	SNPs	11	213789	1.92e-06	0.01063786	Distant	0.01063786	trans
Transcriptomics	YGR218W	SNPs	12	407561	2e-06	0.01916655	Distant	0.01916655	trans
Transcriptomics	YGR219W	SNPs	7	935993	1.17e-30	0.27207045	Local	0.27207045	cis
Transcriptomics	YGR219W	SNPs	12	123533	3.36e-06	0.01994688	Distant	0.01994688	trans
Transcriptomics	YGR222W	SNPs	4	456852	1.16e-06	0.01633906	Distant	0.01633906	trans
Transcriptomics	YGR222W	SNPs	12	210539	2.94e-06	0.00527314	Distant	0.00527314	trans
Transcriptomics	YGR223C	SNPs	7	942366	3.28e-17	0.02204735	Local	0.02204735	cis
Transcriptomics	YGR223C	SNPs	3	218091	1e-07	0.00698594	Distant	0.00698594	trans
Transcriptomics	YGR223C	SNPs	16	406317	1.2e-05	0.07447322	Distant	0.07447322	trans
Transcriptomics	YGR224W	SNPs	15	563727	2.73e-06	0.01320295	Distant	0.01320295	trans
Transcriptomics	YGR225W	SNPs	7	945155	6.55e-08	0.04798191	Local	0.04798191	cis
Transcriptomics	YGR225W	SNPs	8	16161	5.31e-06	0.0112919	Distant	0.0112919	trans
Transcriptomics	YGR228W	SNPs	4	1340128	7.18e-07	0.00633786	Distant	0.00633786	trans
Transcriptomics	YGR231C	SNPs	15	675251	4.41e-07	0.01512625	Distant	0.01512625	trans
Transcriptomics	YGR231C	SNPs	16	24494	5.82e-07	0.03843979	Distant	0.03843979	trans
Transcriptomics	YGR231C	SNPs	15	674643	2.91e-06	0.02885231	Distant	0.02885231	trans
Transcriptomics	YGR233C	SNPs	7	954914	1.23e-08	0.10136329	Local	0.10136329	cis
Transcriptomics	YGR233C	SNPs	7	978858	3.33e-07	0.0579754	Local	0.0579754	cis
Transcriptomics	YGR233C	SNPs	7	955481	4.63e-07	0.03316827	Local	0.03316827	cis
Transcriptomics	YGR233C	SNPs	13	163913	5.23e-07	0.03104528	Distant	0.03104528	trans
Transcriptomics	YGR233C	SNPs	7	955297	1.3e-06	0.00593938	Local	0.00593938	cis
Transcriptomics	YGR233C	SNPs	7	953865	1.82e-06	0.02412679	Local	0.02412679	cis
Transcriptomics	YGR233C	SNPs	7	953557	2.83e-06	0.01645196	Local	0.01645196	cis
Transcriptomics	YGR234W	SNPs	15	274222	3.43e-20	0.27249759	Distant	0.27249759	trans
Transcriptomics	YGR234W	SNPs	15	276153	7.78e-13	0.0991571	Distant	0.0991571	trans
Transcriptomics	YGR234W	SNPs	15	276195	1.56e-12	0.03210949	Distant	0.03210949	trans
Transcriptomics	YGR234W	SNPs	15	270054	1.7e-09	0.02843025	Distant	0.02843025	trans
Transcriptomics	YGR234W	SNPs	10	507511	6.15e-07	0.00591816	Distant	0.00591816	trans
Transcriptomics	YGR235C	SNPs	15	271822	4.08e-09	0.09774062	Distant	0.09774062	trans
Transcriptomics	YGR235C	SNPs	15	276195	4.53e-07	0.01769557	Distant	0.01769557	trans
Transcriptomics	YGR238C	SNPs	15	609276	2.21e-06	0.02157709	Distant	0.02157709	trans
Transcriptomics	YGR239C	SNPs	7	970433	3.12e-08	0.08285131	Local	0.08285131	cis
Transcriptomics	YGR239C	SNPs	7	969927	5.36e-07	0.13386897	Local	0.13386897	cis
Transcriptomics	YGR240C	SNPs	12	822213	1.29e-06	0.04140447	Distant	0.04140447	trans
Transcriptomics	YGR242W	SNPs	15	725799	5.09e-06	0.00449548	Distant	0.00449548	trans
Transcriptomics	YGR245C	SNPs	7	655851	5.95e-07	0.00665011	Distant	0.00665011	trans
Transcriptomics	YGR246C	SNPs	7	413763	2.44e-06	0.00650444	Distant	0.00650444	trans
Transcriptomics	YGR246C	SNPs	8	463767	5.84e-06	0.02655373	Distant	0.02655373	trans
Transcriptomics	YGR247W	SNPs	7	984317	3.58e-09	0.02665506	Local	0.02665506	cis
Transcriptomics	YGR249W	SNPs	5	259719	8.32e-06	0.00671352	Distant	0.00671352	trans
Transcriptomics	YGR250C	SNPs	12	690274	3.49e-06	0.04819139	Distant	0.04819139	trans
Transcriptomics	YGR255C	SNPs	9	281757	5.02e-06	0.01084693	Distant	0.01084693	trans
Transcriptomics	YGR257C	SNPs	15	675251	2.34e-06	0.01389864	Distant	0.01389864	trans
Transcriptomics	YGR258C	SNPs	16	922958	1.69e-06	0.03736676	Distant	0.03736676	trans
Transcriptomics	YGR258C	SNPs	14	713514	2.06e-06	0.01720405	Distant	0.01720405	trans
Transcriptomics	YGR262C	SNPs	13	535159	5.67e-07	0.02455276	Distant	0.02455276	trans
Transcriptomics	YGR262C	SNPs	13	536841	2.83e-06	0.02106869	Distant	0.02106869	trans
Transcriptomics	YGR262C	SNPs	16	899581	5.15e-06	0.0135092	Distant	0.0135092	trans
Transcriptomics	YGR264C	SNPs	4	848316	5.58e-06	0.01746933	Distant	0.01746933	trans
Transcriptomics	YGR276C	SNPs	7	1045046	3.91e-09	0.0317661	Local	0.0317661	cis
Transcriptomics	YGR279C	SNPs	7	1050164	5.94e-14	0.07173375	Local	0.07173375	cis
Transcriptomics	YGR281W	SNPs	11	50038	9.86e-07	0.01385224	Distant	0.01385224	trans
Transcriptomics	YGR281W	SNPs	7	1055871	3.51e-06	0.04177459	Local	0.04177459	cis
Transcriptomics	YGR287C	SNPs	7	1065898	7.04e-16	0.02554053	Local	0.02554053	cis
Transcriptomics	YGR287C	SNPs	7	1065857	2.19e-13	0.18132884	Local	0.18132884	cis
Transcriptomics	YGR287C	SNPs	7	1068065	4.34e-10	0.0227348	Local	0.0227348	cis
Transcriptomics	YGR287C	SNPs	7	1066367	1.3e-09	0.03818364	Local	0.03818364	cis
Transcriptomics	YGR287C	SNPs	15	774437	4.18e-09	0.02194619	Distant	0.02194619	trans
Transcriptomics	YGR287C	SNPs	10	421684	4.34e-07	0.04306452	Distant	0.04306452	trans
Transcriptomics	YGR287C	SNPs	2	803495	6.8e-07	0.05218336	Distant	0.05218336	trans
Transcriptomics	YGR287C	SNPs	7	1068132	1.7e-06	0.01593454	Local	0.01593454	cis
Transcriptomics	YGR287C	SNPs	7	1044014	1.99e-06	0.01512744	Local	0.01512744	cis
Transcriptomics	YGR287C	SNPs	7	882826	4.16e-06	0.01424657	Distant	0.01424657	trans
Transcriptomics	YGR287C	SNPs	7	1061120	4.3e-06	0.01800723	Local	0.01800723	cis
Transcriptomics	YGR287C	SNPs	7	1066450	4.47e-06	0.0193575	Local	0.0193575	cis
Transcriptomics	YHL003C	SNPs	12	551535	2.03e-06	0.05278305	Distant	0.05278305	trans
Transcriptomics	YHL006C	SNPs	12	644373	2.03e-07	0.03828666	Distant	0.03828666	trans
Transcriptomics	YHL006C	SNPs	8	188673	5.73e-06	0.0338508	Distant	0.0338508	trans
Transcriptomics	YHL011C	SNPs	7	655851	5.69e-07	0.00686993	Distant	0.00686993	trans
Transcriptomics	YHL012W	SNPs	8	83436	1.12e-06	0.10807363	Local	0.10807363	cis
Transcriptomics	YHL012W	SNPs	8	79894	2.16e-06	0.02069981	Local	0.02069981	cis
Transcriptomics	YHL014C	SNPs	11	272389	1.89e-06	0.00706362	Distant	0.00706362	trans
Transcriptomics	YHL015W-A	SNPs	8	121315	1.4e-06	0.07991317	Distant	0.07991317	trans
Transcriptomics	YHL019W-A	SNPs	11	470607	2.78e-06	0.01862568	Distant	0.01862568	trans
Transcriptomics	YHL022C	SNPs	8	63582	1.73e-23	0.04543532	Local	0.04543532	cis
Transcriptomics	YHL022C	SNPs	8	62711	5.51e-10	0.09573751	Local	0.09573751	cis
Transcriptomics	YHL022C	SNPs	8	63144	9.98e-09	0.01627656	Local	0.01627656	cis
Transcriptomics	YHL022C	SNPs	8	66700	1.22e-07	0.03308289	Local	0.03308289	cis
Transcriptomics	YHL022C	SNPs	2	14862	1.66e-07	0.02243545	Distant	0.02243545	trans
Transcriptomics	YHL024W	SNPs	13	331334	1.72e-07	0.02683737	Distant	0.02683737	trans
Transcriptomics	YHL025W	SNPs	8	54302	4.56e-07	0.01102881	Local	0.01102881	cis
Transcriptomics	YHL027W	SNPs	16	577654	2.74e-07	0.04058612	Distant	0.04058612	trans
Transcriptomics	YHL028W	SNPs	15	176350	9.73e-08	0.01981048	Distant	0.01981048	trans
Transcriptomics	YHL028W	SNPs	14	230725	1.84e-07	0.04254634	Distant	0.04254634	trans
Transcriptomics	YHL031C	SNPs	8	38733	6.59e-09	0.10742492	Local	0.10742492	cis
Transcriptomics	YHL031C	SNPs	15	176350	1.73e-06	0.0126608	Distant	0.0126608	trans
Transcriptomics	YHL031C	SNPs	1	128470	1.81e-06	0.01504233	Distant	0.01504233	trans
Transcriptomics	YHL031C	SNPs	1	192693	4.97e-06	0.06212716	Distant	0.06212716	trans
Transcriptomics	YHL031C	SNPs	8	40287	5.12e-06	0.06604939	Local	0.06604939	cis
Transcriptomics	YHL031C	SNPs	14	85056	5.54e-06	0.02862738	Distant	0.02862738	trans
Transcriptomics	YHL035C	SNPs	1	92566	1.98e-06	0.00797687	Distant	0.00797687	trans
Transcriptomics	YHL042W	SNPs	8	13429	1.05e-10	0.13196196	Local	0.13196196	cis
Transcriptomics	YHL042W	SNPs	8	15293	2.22e-07	0.0495605	Local	0.0495605	cis
Transcriptomics	YHL042W	SNPs	10	531760	2.5e-07	0.00669515	Distant	0.00669515	trans
Transcriptomics	YHL042W	SNPs	8	15928	2.8e-07	0.04295273	Local	0.04295273	cis
Transcriptomics	YHL042W	SNPs	15	86182	8.6e-07	0.0153829	Distant	0.0153829	trans
Transcriptomics	YHL042W	SNPs	8	95871	1.61e-06	0.03997905	Distant	0.03997905	trans
Transcriptomics	YHL042W	SNPs	8	15653	1.84e-06	0.07650072	Local	0.07650072	cis
Transcriptomics	YHL042W	SNPs	4	1347991	2.57e-06	0.01326319	Distant	0.01326319	trans
Transcriptomics	YHL043W	SNPs	10	531760	2.59e-07	0.00602628	Distant	0.00602628	trans
Transcriptomics	YHL043W	SNPs	8	13429	6.21e-07	0.07018434	Local	0.07018434	cis
Transcriptomics	YHL043W	SNPs	16	904458	3.15e-06	0.06854152	Distant	0.06854152	trans
Transcriptomics	YHL044W	SNPs	8	16495	1.05e-39	0.12180856	Local	0.12180856	cis
Transcriptomics	YHL044W	SNPs	8	16805	2.77e-24	0.19985967	Local	0.19985967	cis
Transcriptomics	YHL044W	SNPs	8	16906	1.79e-23	0.10800907	Local	0.10800907	cis
Transcriptomics	YHL044W	SNPs	8	15239	6.389999999999999e-23	0.12402576	Local	0.12402576	cis
Transcriptomics	YHL044W	SNPs	8	15928	4.56e-19	0.1101837	Local	0.1101837	cis
Transcriptomics	YHL044W	SNPs	16	410239	1.01e-15	0.01682772	Distant	0.01682772	trans
Transcriptomics	YHL044W	SNPs	16	374156	9.35e-15	0.10678232	Distant	0.10678232	trans
Transcriptomics	YHL044W	SNPs	16	373847	1.02e-14	0.13538885	Distant	0.13538885	trans
Transcriptomics	YHL044W	SNPs	16	376683	4.97e-11	0.02163978	Distant	0.02163978	trans
Transcriptomics	YHL044W	SNPs	8	13408	2.54e-09	0.08534533	Local	0.08534533	cis
Transcriptomics	YHL044W	SNPs	8	62860	4.03e-09	0.0078341	Distant	0.0078341	trans
Transcriptomics	YHL044W	SNPs	8	30465	1.1e-08	0.00683564	Local	0.00683564	cis
Transcriptomics	YHL044W	SNPs	8	105230	8.42e-08	0.00533111	Distant	0.00533111	trans
Transcriptomics	YHL044W	SNPs	10	369507	1.51e-07	0.03291216	Distant	0.03291216	trans
Transcriptomics	YHL044W	SNPs	16	422730	3.09e-07	0.01646935	Distant	0.01646935	trans
Transcriptomics	YHL044W	SNPs	8	64292	4.73e-07	0.03597461	Distant	0.03597461	trans
Transcriptomics	YHL044W	SNPs	8	65403	3.12e-06	0.00999968	Distant	0.00999968	trans
Transcriptomics	YHL049C	SNPs	2	66852	7.52e-07	0.01675205	Distant	0.01675205	trans
Transcriptomics	YHR004C	SNPs	8	113383	3.65e-06	0.0802066	Local	0.0802066	cis
Transcriptomics	YHR009C	SNPs	13	241788	1.55e-06	0.08876539	Distant	0.08876539	trans
Transcriptomics	YHR009C	SNPs	16	812990	2.52e-06	0.03328341	Distant	0.03328341	trans
Transcriptomics	YHR013C	SNPs	3	43280	4.52e-06	0.01442391	Distant	0.01442391	trans
Transcriptomics	YHR013C	SNPs	12	205884	5.7e-06	0.01356205	Distant	0.01356205	trans
Transcriptomics	YHR013C	SNPs	3	43754	6.26e-06	0.01836272	Distant	0.01836272	trans
Transcriptomics	YHR019C	SNPs	13	242493	5.94e-07	0.0630561	Distant	0.0630561	trans
Transcriptomics	YHR022C-A	SNPs	4	25184	3.43e-06	0.02175366	Distant	0.02175366	trans
Transcriptomics	YHR022C	SNPs	15	405935	6.81e-07	0.05594958	Distant	0.05594958	trans
Transcriptomics	YHR023W	SNPs	10	52870	2.59e-06	0.01266083	Distant	0.01266083	trans
Transcriptomics	YHR024C	SNPs	1	92566	1.76e-06	0.00759476	Distant	0.00759476	trans
Transcriptomics	YHR028W-A	SNPs	2	155354	2.42e-06	0.03074327	Distant	0.03074327	trans
Transcriptomics	YHR029C	SNPs	11	222033	1.22e-06	0.00929025	Distant	0.00929025	trans
Transcriptomics	YHR029C	SNPs	8	168762	2.48e-06	0.01097481	Local	0.01097481	cis
Transcriptomics	YHR032W	SNPs	12	974945	6.13e-06	0.01760947	Distant	0.01760947	trans
Transcriptomics	YHR035W	SNPs	8	178230	3.37e-12	0.10749912	Local	0.10749912	cis
Transcriptomics	YHR035W	SNPs	8	178098	5.58e-11	0.01377448	Local	0.01377448	cis
Transcriptomics	YHR035W	SNPs	8	179208	2.44e-09	0.05641558	Local	0.05641558	cis
Transcriptomics	YHR038W	SNPs	8	420789	4.61e-06	0.00768502	Distant	0.00768502	trans
Transcriptomics	YHR040W	SNPs	8	166209	1.92e-06	0.043903	Local	0.043903	cis
Transcriptomics	YHR041C	SNPs	15	159655	3.24e-06	0.03045527	Distant	0.03045527	trans
Transcriptomics	YHR043C	SNPs	8	192973	2.15e-06	0.04192284	Local	0.04192284	cis
Transcriptomics	YHR046C	SNPs	8	198508	6.78e-09	0.01609865	Local	0.01609865	cis
Transcriptomics	YHR046C	SNPs	8	250490	6.74e-06	0.00860968	Distant	0.00860968	trans
Transcriptomics	YHR047C	SNPs	8	201548	3.3e-08	0.01995499	Local	0.01995499	cis
Transcriptomics	YHR050W-A	SNPs	13	296799	8.79e-07	0.03254593	Distant	0.03254593	trans
Transcriptomics	YHR050W-A	SNPs	4	165975	2.28e-06	0.01213616	Distant	0.01213616	trans
Transcriptomics	YHR052W	SNPs	7	655851	2.67e-06	0.00620425	Distant	0.00620425	trans
Transcriptomics	YHR054C	SNPs	8	219235	1.58e-20	0.02326907	Local	0.02326907	cis
Transcriptomics	YHR054C	SNPs	8	216707	5.17e-15	0.20405328	Local	0.20405328	cis
Transcriptomics	YHR054C	SNPs	8	216123	1.94e-13	0.01110978	Local	0.01110978	cis
Transcriptomics	YHR054C	SNPs	8	218189	2.38e-12	0.02407854	Local	0.02407854	cis
Transcriptomics	YHR054C	SNPs	8	225467	3.96e-10	0.01506987	Local	0.01506987	cis
Transcriptomics	YHR054C	SNPs	8	209243	6.86e-09	0.07201782	Local	0.07201782	cis
Transcriptomics	YHR054C	SNPs	8	255257	4.01e-07	0.00581053	Distant	0.00581053	trans
Transcriptomics	YHR054W-A	SNPs	8	216563	4.6e-13	0.11538549	Local	0.11538549	cis
Transcriptomics	YHR054W-A	SNPs	8	212499	1.33e-06	0.03540145	Local	0.03540145	cis
Transcriptomics	YHR054W-A	SNPs	8	221591	2.48e-06	0.03887	Local	0.03887	cis
Transcriptomics	YHR057C	SNPs	8	219861	1.27e-06	0.04433182	Local	0.04433182	cis
Transcriptomics	YHR057C	SNPs	14	757426	4.44e-06	0.00564128	Distant	0.00564128	trans
Transcriptomics	YHR058C	SNPs	8	219861	2.32e-13	0.10809234	Local	0.10809234	cis
Transcriptomics	YHR058C	SNPs	8	219303	5.35e-06	0.01739351	Local	0.01739351	cis
Transcriptomics	YHR058C	SNPs	9	394105	5.91e-06	0.01253896	Distant	0.01253896	trans
Transcriptomics	YHR069C	SNPs	8	116330	5.63e-06	0.01354535	Distant	0.01354535	trans
Transcriptomics	YHR072W	SNPs	4	856366	2.99e-06	0.03557675	Distant	0.03557675	trans
Transcriptomics	YHR075C	SNPs	8	420789	7.8e-07	0.00887218	Distant	0.00887218	trans
Transcriptomics	YHR075C	SNPs	14	230725	2.99e-06	0.03666676	Distant	0.03666676	trans
Transcriptomics	YHR076W	SNPs	8	429703	8.94e-07	0.01872902	Distant	0.01872902	trans
Transcriptomics	YHR076W	SNPs	8	252321	1.76e-06	0.04354922	Local	0.04354922	cis
Transcriptomics	YHR079C-A	SNPs	13	287666	1.27e-06	0.0076332	Distant	0.0076332	trans
Transcriptomics	YHR079C	SNPs	16	420632	3.59e-06	0.02483672	Distant	0.02483672	trans
Transcriptomics	YHR079C	SNPs	10	57489	5.06e-06	0.00661468	Distant	0.00661468	trans
Transcriptomics	YHR085W	SNPs	13	213896	1.09e-06	0.00660861	Distant	0.00660861	trans
Transcriptomics	YHR085W	SNPs	7	655851	1.72e-06	0.00648466	Distant	0.00648466	trans
Transcriptomics	YHR085W	SNPs	15	715851	4.73e-06	0.01457592	Distant	0.01457592	trans
Transcriptomics	YHR086W	SNPs	8	422992	3.82e-06	0.02292967	Distant	0.02292967	trans
Transcriptomics	YHR088W	SNPs	13	213896	3.52e-06	0.00557068	Distant	0.00557068	trans
Transcriptomics	YHR093W	SNPs	8	289695	4.36e-19	0.0685341	Local	0.0685341	cis
Transcriptomics	YHR093W	SNPs	8	283616	9.92e-08	0.01647297	Local	0.01647297	cis
Transcriptomics	YHR094C	SNPs	4	214965	2.05e-10	0.04983342	Distant	0.04983342	trans
Transcriptomics	YHR094C	SNPs	4	1163254	2.13e-08	0.03930216	Distant	0.03930216	trans
Transcriptomics	YHR094C	SNPs	5	26797	7.05e-08	0.01337622	Distant	0.01337622	trans
Transcriptomics	YHR094C	SNPs	4	1163248	4.89e-07	0.01499952	Distant	0.01499952	trans
Transcriptomics	YHR094C	SNPs	14	370084	4.1e-06	0.06977255	Distant	0.06977255	trans
Transcriptomics	YHR095W	SNPs	16	900919	3.22e-06	0.00777225	Distant	0.00777225	trans
Transcriptomics	YHR098C	SNPs	7	1058166	1.57e-06	0.00834701	Distant	0.00834701	trans
Transcriptomics	YHR106W	SNPs	8	325510	4.12e-07	0.00940366	Local	0.00940366	cis
Transcriptomics	YHR111W	SNPs	8	334370	3.1699999999999997e-34	0.13249278	Local	0.13249278	cis
Transcriptomics	YHR111W	SNPs	15	448830	1.13e-07	0.03508162	Distant	0.03508162	trans
Transcriptomics	YHR111W	SNPs	8	334860	1.35e-07	0.04698907	Local	0.04698907	cis
Transcriptomics	YHR111W	SNPs	6	223266	2.24e-06	0.02958338	Distant	0.02958338	trans
Transcriptomics	YHR112C	SNPs	8	335688	1.35e-18	0.24304395	Local	0.24304395	cis
Transcriptomics	YHR112C	SNPs	8	299939	3.53e-07	0.02360771	Distant	0.02360771	trans
Transcriptomics	YHR112C	SNPs	8	355733	7.52e-07	0.07718228	Local	0.07718228	cis
Transcriptomics	YHR113W	SNPs	15	90052	5.5e-06	0.00880298	Distant	0.00880298	trans
Transcriptomics	YHR114W	SNPs	11	430859	4.67e-06	0.01000791	Distant	0.01000791	trans
Transcriptomics	YHR115C	SNPs	11	107231	2.67e-06	0.02031571	Distant	0.02031571	trans
Transcriptomics	YHR116W	SNPs	8	342323	1.04e-16	0.01709413	Local	0.01709413	cis
Transcriptomics	YHR116W	SNPs	15	1038866	1.18e-07	0.00985264	Distant	0.00985264	trans
Transcriptomics	YHR116W	SNPs	16	729067	1.65e-06	0.05535024	Distant	0.05535024	trans
Transcriptomics	YHR116W	SNPs	3	198348	1.1e-05	0.01335497	Distant	0.01335497	trans
Transcriptomics	YHR119W	SNPs	16	422588	1.77e-06	0.09286531	Distant	0.09286531	trans
Transcriptomics	YHR120W	SNPs	7	655851	4.04e-06	0.00574707	Distant	0.00574707	trans
Transcriptomics	YHR121W	SNPs	12	205884	1.91e-06	0.01337086	Distant	0.01337086	trans
Transcriptomics	YHR121W	SNPs	2	61447	3.8e-06	0.03494679	Distant	0.03494679	trans
Transcriptomics	YHR123W	SNPs	8	354752	6.75e-13	0.01668526	Local	0.01668526	cis
Transcriptomics	YHR137W	SNPs	12	871188	1.15e-06	0.01191016	Distant	0.01191016	trans
Transcriptomics	YHR137W	SNPs	7	65104	2.2e-06	0.00884395	Distant	0.00884395	trans
Transcriptomics	YHR137W	SNPs	11	364568	4.47e-06	0.03700309	Distant	0.03700309	trans
Transcriptomics	YHR140W	SNPs	8	380673	5.86e-14	0.24734656	Local	0.24734656	cis
Transcriptomics	YHR140W	SNPs	8	380542	4.48e-07	0.05366973	Local	0.05366973	cis
Transcriptomics	YHR140W	SNPs	8	380267	3.09e-06	0.04190475	Local	0.04190475	cis
Transcriptomics	YHR142W	SNPs	2	121899	8.4e-08	0.03890641	Distant	0.03890641	trans
Transcriptomics	YHR142W	SNPs	2	239434	5.27e-06	0.06485288	Distant	0.06485288	trans
Transcriptomics	YHR143W	SNPs	4	405295	3.94e-06	0.00837519	Distant	0.00837519	trans
Transcriptomics	YHR145C	SNPs	8	387439	3.19e-08	0.06575931	Local	0.06575931	cis
Transcriptomics	YHR145C	SNPs	12	386630	4.92e-06	0.03021519	Distant	0.03021519	trans
Transcriptomics	YHR145C	SNPs	10	171301	5.23e-06	0.00654985	Distant	0.00654985	trans
Transcriptomics	YHR148W	SNPs	7	655851	9.26e-07	0.00657057	Distant	0.00657057	trans
Transcriptomics	YHR152W	SNPs	15	554117	2.95e-06	0.00729216	Distant	0.00729216	trans
Transcriptomics	YHR153C	SNPs	4	35584	4.76e-06	0.03016429	Distant	0.03016429	trans
Transcriptomics	YHR157W	SNPs	2	14862	2.29e-06	0.01367836	Distant	0.01367836	trans
Transcriptomics	YHR157W	SNPs	13	44595	3.76e-06	0.00779738	Distant	0.00779738	trans
Transcriptomics	YHR157W	SNPs	1	127098	5.17e-06	0.0196509	Distant	0.0196509	trans
Transcriptomics	YHR159W	SNPs	16	647352	1.95e-06	0.03261693	Distant	0.03261693	trans
Transcriptomics	YHR160C	SNPs	16	922958	9.14e-07	0.03366395	Distant	0.03366395	trans
Transcriptomics	YHR160C	SNPs	15	286168	4.57e-06	0.0035626	Distant	0.0035626	trans
Transcriptomics	YHR163W	SNPs	8	423677	1.22e-06	0.03950522	Local	0.03950522	cis
Transcriptomics	YHR168W	SNPs	16	812990	1.59e-06	0.0473961	Distant	0.0473961	trans
Transcriptomics	YHR169W	SNPs	13	213896	4.09e-06	0.00607364	Distant	0.00607364	trans
Transcriptomics	YHR175W	SNPs	13	547541	1.62e-06	0.02692087	Distant	0.02692087	trans
Transcriptomics	YHR176W	SNPs	8	454035	3.02e-13	0.0146399	Local	0.0146399	cis
Transcriptomics	YHR179W	SNPs	12	57154	1.16e-06	0.03460448	Distant	0.03460448	trans
Transcriptomics	YHR179W	SNPs	6	81533	3.94e-06	0.00859939	Distant	0.00859939	trans
Transcriptomics	YHR180W	SNPs	8	464017	3.74e-11	0.12197568	Local	0.12197568	cis
Transcriptomics	YHR180W	SNPs	11	97347	1.76e-07	0.047761	Distant	0.047761	trans
Transcriptomics	YHR180W	SNPs	4	300862	4.53e-06	0.0086449	Distant	0.0086449	trans
Transcriptomics	YHR189W	SNPs	16	415343	3.41e-06	0.04586948	Distant	0.04586948	trans
Transcriptomics	YHR191C	SNPs	16	47273	2.5e-06	0.08374953	Distant	0.08374953	trans
Transcriptomics	YHR192W	SNPs	4	172513	2.55e-07	0.00792881	Distant	0.00792881	trans
Transcriptomics	YHR197W	SNPs	7	655851	8.13e-07	0.00667668	Distant	0.00667668	trans
Transcriptomics	YHR199C	SNPs	15	274222	5.71e-08	0.10269167	Distant	0.10269167	trans
Transcriptomics	YHR201C	SNPs	12	694194	2.54e-06	0.01330474	Distant	0.01330474	trans
Transcriptomics	YHR201C	SNPs	12	973972	3.28e-06	0.05914518	Distant	0.05914518	trans
Transcriptomics	YHR201C	SNPs	12	1031026	6.77e-06	0.05583166	Distant	0.05583166	trans
Transcriptomics	YHR205W	SNPs	8	512342	2.01e-08	0.01236048	Local	0.01236048	cis
Transcriptomics	YHR205W	SNPs	8	512746	2.85e-07	0.10100156	Local	0.10100156	cis
Transcriptomics	YHR209W	SNPs	8	519321	7.21e-26	0.02788922	Local	0.02788922	cis
Transcriptomics	YHR209W	SNPs	12	519313	1.2e-06	0.01855029	Distant	0.01855029	trans
Transcriptomics	YHR213W-A	SNPs	16	925746	3.03e-06	0.06337254	Distant	0.06337254	trans
Transcriptomics	YHR213W-B	SNPs	13	579535	1.66e-06	0.02232671	Distant	0.02232671	trans
Transcriptomics	YHR214W-A	SNPs	9	41157	1.33e-08	0.01245257	Distant	0.01245257	trans
Transcriptomics	YHR214W-A	SNPs	9	40953	9.08e-08	0.08254992	Distant	0.08254992	trans
Transcriptomics	YHR214W-A	SNPs	9	40632	6.98e-07	0.00788115	Distant	0.00788115	trans
Transcriptomics	YHR214W-A	SNPs	2	198110	4.65e-06	0.00533247	Distant	0.00533247	trans
Transcriptomics	YHR214W	SNPs	15	137661	4.73e-08	0.02512789	Distant	0.02512789	trans
Transcriptomics	YHR214W	SNPs	15	488732	7.37e-06	0.02357266	Distant	0.02357266	trans
Transcriptomics	YHR218W-A	SNPs	13	68846	1.4e-08	0.02669484	Distant	0.02669484	trans
Transcriptomics	YHR218W-A	SNPs	13	211244	1.71e-06	0.02986912	Distant	0.02986912	trans
Transcriptomics	YHR219W	SNPs	10	449403	2.74e-06	0.0260653	Distant	0.0260653	trans
Transcriptomics	YIL007C	SNPs	15	922531	2.01e-06	0.02401234	Distant	0.02401234	trans
Transcriptomics	YIL010W	SNPs	15	126162	3.55e-06	0.06957679	Distant	0.06957679	trans
Transcriptomics	YIL012W	SNPs	14	556547	6.86e-06	0.06625258	Distant	0.06625258	trans
Transcriptomics	YIL013C	SNPs	9	332503	1.88e-06	0.05114221	Local	0.05114221	cis
Transcriptomics	YIL013C	SNPs	4	456852	2.06e-06	0.01524189	Distant	0.01524189	trans
Transcriptomics	YIL013C	SNPs	3	275765	8.29e-06	0.01201756	Distant	0.01201756	trans
Transcriptomics	YIL014W	SNPs	16	147862	5.81e-06	0.06440274	Distant	0.06440274	trans
Transcriptomics	YIL015W	SNPs	13	806068	1.38e-06	0.09891684	Distant	0.09891684	trans
Transcriptomics	YIL019W	SNPs	7	655851	3.31e-06	0.0060946	Distant	0.0060946	trans
Transcriptomics	YIL020C	SNPs	15	80451	1.52e-07	0.04933547	Distant	0.04933547	trans
Transcriptomics	YIL020C	SNPs	15	715193	8.55e-07	0.05636023	Distant	0.05636023	trans
Transcriptomics	YIL022W	SNPs	7	327346	4.9e-06	0.05475363	Distant	0.05475363	trans
Transcriptomics	YIL023C	SNPs	9	310160	4.27e-08	0.09226862	Local	0.09226862	cis
Transcriptomics	YIL027C	SNPs	9	304133	2.26e-06	0.01633508	Local	0.01633508	cis
Transcriptomics	YIL028W	SNPs	9	299047	1.82e-06	0.10894792	Local	0.10894792	cis
Transcriptomics	YIL028W	SNPs	5	347966	5.47e-06	0.01134928	Distant	0.01134928	trans
Transcriptomics	YIL030C	SNPs	11	636315	3.78e-06	0.0090993	Distant	0.0090993	trans
Transcriptomics	YIL031W	SNPs	3	43304	2.61e-06	0.03275625	Distant	0.03275625	trans
Transcriptomics	YIL031W	SNPs	11	182950	4.32e-06	0.0612816	Distant	0.0612816	trans
Transcriptomics	YIL035C	SNPs	9	281171	3.95e-06	0.05253583	Local	0.05253583	cis
Transcriptomics	YIL037C	SNPs	16	542064	7.94e-08	0.02922834	Distant	0.02922834	trans
Transcriptomics	YIL037C	SNPs	3	93091	3.88e-07	0.01199884	Distant	0.01199884	trans
Transcriptomics	YIL037C	SNPs	14	578741	4.98e-07	0.02162204	Distant	0.02162204	trans
Transcriptomics	YIL037C	SNPs	7	80902	7.04e-07	0.01273682	Distant	0.01273682	trans
Transcriptomics	YIL037C	SNPs	2	774380	1.02e-06	0.01993094	Distant	0.01993094	trans
Transcriptomics	YIL037C	SNPs	8	463892	3.41e-06	0.01862518	Distant	0.01862518	trans
Transcriptomics	YIL037C	SNPs	8	241099	3.81e-06	0.01922082	Distant	0.01922082	trans
Transcriptomics	YIL037C	SNPs	11	483350	4.53e-06	0.01333071	Distant	0.01333071	trans
Transcriptomics	YIL037C	SNPs	3	256533	5.28e-06	0.01906626	Distant	0.01906626	trans
Transcriptomics	YIL037C	SNPs	7	544880	5.32e-06	0.01864996	Distant	0.01864996	trans
Transcriptomics	YIL043C	SNPs	3	148793	2.03e-06	0.01116904	Distant	0.01116904	trans
Transcriptomics	YIL043C	SNPs	2	730060	4.63e-06	0.01438253	Distant	0.01438253	trans
Transcriptomics	YIL045W	SNPs	5	480007	2.77e-06	0.01827689	Distant	0.01827689	trans
Transcriptomics	YIL046W	SNPs	9	96985	1.3e-06	0.04121151	Distant	0.04121151	trans
Transcriptomics	YIL051C	SNPs	15	176350	1.55e-06	0.01653014	Distant	0.01653014	trans
Transcriptomics	YIL051C	SNPs	13	286619	3.4e-06	0.02165172	Distant	0.02165172	trans
Transcriptomics	YIL054W	SNPs	16	900919	3.68e-06	0.00832902	Distant	0.00832902	trans
Transcriptomics	YIL056W	SNPs	2	154331	3.75e-06	0.00953488	Distant	0.00953488	trans
Transcriptomics	YIL057C	SNPs	16	300724	1.54e-06	0.04714971	Distant	0.04714971	trans
Transcriptomics	YIL058W	SNPs	9	247681	4.67e-16	0.14791046	Local	0.14791046	cis
Transcriptomics	YIL058W	SNPs	9	248247	1.35e-06	0.02112664	Local	0.02112664	cis
Transcriptomics	YIL060W	SNPs	9	247635	1.62e-06	0.04586698	Local	0.04586698	cis
Transcriptomics	YIL062C	SNPs	14	586872	1.92e-06	0.03378605	Distant	0.03378605	trans
Transcriptomics	YIL063C	SNPs	9	395649	1.52e-06	0.00974171	Distant	0.00974171	trans
Transcriptomics	YIL064W	SNPs	11	328709	6.19e-07	0.09110932	Distant	0.09110932	trans
Transcriptomics	YIL065C	SNPs	9	241892	1.56e-16	0.22813347	Local	0.22813347	cis
Transcriptomics	YIL065C	SNPs	9	250683	2.83e-07	0.03958219	Local	0.03958219	cis
Transcriptomics	YIL065C	SNPs	9	239011	2.74e-06	0.05620893	Local	0.05620893	cis
Transcriptomics	YIL065C	SNPs	9	159008	3.2e-06	0.02706465	Distant	0.02706465	trans
Transcriptomics	YIL066C	SNPs	2	292285	4.36e-06	0.06536109	Distant	0.06536109	trans
Transcriptomics	YIL067C	SNPs	15	132179	2.7e-07	0.06265776	Distant	0.06265776	trans
Transcriptomics	YIL068W-A	SNPs	9	233111	1.78e-10	0.16399238	Local	0.16399238	cis
Transcriptomics	YIL073C	SNPs	2	435279	2.52e-06	0.00555762	Distant	0.00555762	trans
Transcriptomics	YIL079C	SNPs	4	327242	2.28e-06	0.0771857	Distant	0.0771857	trans
Transcriptomics	YIL082W	SNPs	16	64913	3.28e-08	0.00566979	Distant	0.00566979	trans
Transcriptomics	YIL082W	SNPs	1	166741	2.23e-07	0.00354267	Distant	0.00354267	trans
Transcriptomics	YIL082W	SNPs	4	281444	2.52e-07	0.04150738	Distant	0.04150738	trans
Transcriptomics	YIL083C	SNPs	10	434858	5.96e-06	0.04730619	Distant	0.04730619	trans
Transcriptomics	YIL086C	SNPs	9	200320	1.02e-06	0.03682505	Local	0.03682505	cis
Transcriptomics	YIL086C	SNPs	9	200457	2.75e-06	0.08860292	Local	0.08860292	cis
Transcriptomics	YIL087C	SNPs	9	201167	3.39e-10	0.14086508	Local	0.14086508	cis
Transcriptomics	YIL088C	SNPs	9	200428	4.64e-10	0.10567143	Local	0.10567143	cis
Transcriptomics	YIL088C	SNPs	9	190922	6.75e-08	0.01961151	Local	0.01961151	cis
Transcriptomics	YIL088C	SNPs	9	200298	9.84e-08	0.06084763	Local	0.06084763	cis
Transcriptomics	YIL089W	SNPs	9	195634	2.4e-10	0.16288812	Local	0.16288812	cis
Transcriptomics	YIL089W	SNPs	9	193744	1.11e-06	0.05320148	Local	0.05320148	cis
Transcriptomics	YIL094C	SNPs	15	613096	4.98e-06	0.07831863	Distant	0.07831863	trans
Transcriptomics	YIL095W	SNPs	15	994161	5.81e-06	0.04696522	Distant	0.04696522	trans
Transcriptomics	YIL101C	SNPs	9	177586	6.17e-11	0.02610855	Local	0.02610855	cis
Transcriptomics	YIL101C	SNPs	7	943177	2.74e-07	0.00557701	Distant	0.00557701	trans
Transcriptomics	YIL103W	SNPs	14	201039	3.82e-06	0.01463157	Distant	0.01463157	trans
Transcriptomics	YIL111W	SNPs	9	155792	2.69e-08	0.0122189	Local	0.0122189	cis
Transcriptomics	YIL112W	SNPs	8	463767	2.32e-07	0.03837362	Distant	0.03837362	trans
Transcriptomics	YIL115C	SNPs	14	354740	1.38e-06	0.06621625	Distant	0.06621625	trans
Transcriptomics	YIL117C	SNPs	16	662450	3.14e-06	0.07516331	Distant	0.07516331	trans
Transcriptomics	YIL118W	SNPs	7	655851	2.67e-06	0.00583324	Distant	0.00583324	trans
Transcriptomics	YIL118W	SNPs	16	277807	3.6e-06	0.00730435	Distant	0.00730435	trans
Transcriptomics	YIL118W	SNPs	5	115800	3.67e-06	0.00413218	Distant	0.00413218	trans
Transcriptomics	YIL119C	SNPs	13	331334	1.49e-11	0.04339856	Distant	0.04339856	trans
Transcriptomics	YIL119C	SNPs	13	339328	4.69e-06	0.04565658	Distant	0.04565658	trans
Transcriptomics	YIL119C	SNPs	12	973725	5.75e-06	0.01497185	Distant	0.01497185	trans
Transcriptomics	YIL120W	SNPs	12	640496	2.33e-06	0.01208301	Distant	0.01208301	trans
Transcriptomics	YIL120W	SNPs	9	136219	2.47e-06	0.03372164	Local	0.03372164	cis
Transcriptomics	YIL121W	SNPs	9	132678	3e-11	0.02635678	Local	0.02635678	cis
Transcriptomics	YIL121W	SNPs	9	129649	1.94e-07	0.02223906	Local	0.02223906	cis
Transcriptomics	YIL121W	SNPs	2	802857	2.48e-06	0.01400384	Distant	0.01400384	trans
Transcriptomics	YIL122W	SNPs	13	296799	5.11e-07	0.03649467	Distant	0.03649467	trans
Transcriptomics	YIL132C	SNPs	11	125651	9.07e-07	0.01730715	Distant	0.01730715	trans
Transcriptomics	YIL134C-A	SNPs	9	96860	4.05e-08	0.09241127	Local	0.09241127	cis
Transcriptomics	YIL135C	SNPs	14	492375	4.77e-06	0.00808782	Distant	0.00808782	trans
Transcriptomics	YIL139C	SNPs	15	880210	2.87e-06	0.02346354	Distant	0.02346354	trans
Transcriptomics	YIL149C	SNPs	11	378899	4.33e-06	0.00733557	Distant	0.00733557	trans
Transcriptomics	YIL151C	SNPs	16	422588	1.93e-06	0.08254992	Distant	0.08254992	trans
Transcriptomics	YIL157C	SNPs	9	47647	3.9e-08	0.00851584	Local	0.00851584	cis
Transcriptomics	YIL160C	SNPs	9	40632	4.22e-08	0.00834001	Local	0.00834001	cis
Transcriptomics	YIL161W	SNPs	9	42601	4.52e-25	0.0338645	Local	0.0338645	cis
Transcriptomics	YIL161W	SNPs	9	41157	1.02e-22	0.03434485	Local	0.03434485	cis
Transcriptomics	YIL161W	SNPs	9	41421	2.83e-19	0.01677981	Local	0.01677981	cis
Transcriptomics	YIL161W	SNPs	9	38140	4.07e-18	0.02850807	Local	0.02850807	cis
Transcriptomics	YIL161W	SNPs	9	38818	1.21e-15	0.01413081	Local	0.01413081	cis
Transcriptomics	YIL161W	SNPs	9	38939	6.46e-15	0.04677109	Local	0.04677109	cis
Transcriptomics	YIL161W	SNPs	9	42275	2.05e-13	0.06872185	Local	0.06872185	cis
Transcriptomics	YIL161W	SNPs	9	47647	2.42e-12	0.01365285	Local	0.01365285	cis
Transcriptomics	YIL161W	SNPs	9	43753	2.73e-11	0.04181782	Local	0.04181782	cis
Transcriptomics	YIL161W	SNPs	9	41980	4.96e-08	0.02827152	Local	0.02827152	cis
Transcriptomics	YIL161W	SNPs	9	37771	3.3e-07	0.04286227	Local	0.04286227	cis
Transcriptomics	YIL163C	SNPs	9	106841	1.69e-06	0.03365827	Distant	0.03365827	trans
Transcriptomics	YIL164C	SNPs	9	39289	6.58e-07	0.06128275	Local	0.06128275	cis
Transcriptomics	YIL164C	SNPs	3	106362	3.82e-06	0.05734344	Distant	0.05734344	trans
Transcriptomics	YIL165C	SNPs	9	39289	3.33e-06	0.06692732	Local	0.06692732	cis
Transcriptomics	YIL166C	SNPs	9	43753	6.82e-08	0.02985488	Local	0.02985488	cis
Transcriptomics	YIL166C	SNPs	9	38467	3.8e-06	0.04184689	Local	0.04184689	cis
Transcriptomics	YIL166C	SNPs	9	40928	4.01e-06	0.05023574	Local	0.05023574	cis
Transcriptomics	YIL173W	SNPs	14	750904	2.63e-12	0.0111529	Distant	0.0111529	trans
Transcriptomics	YIL173W	SNPs	14	751794	7.72e-08	0.00678412	Distant	0.00678412	trans
Transcriptomics	YIL173W	SNPs	14	751457	2.22e-07	0.00360683	Distant	0.00360683	trans
Transcriptomics	YIL173W	SNPs	14	750833	1.11e-06	0.01289646	Distant	0.01289646	trans
Transcriptomics	YIL173W	SNPs	14	751526	3.29e-06	0.00342885	Distant	0.00342885	trans
Transcriptomics	YIL177C	SNPs	4	593321	7.71e-07	0.00262806	Distant	0.00262806	trans
Transcriptomics	YIR001C	SNPs	8	519007	2.69e-06	0.00808063	Distant	0.00808063	trans
Transcriptomics	YIR001C	SNPs	13	667327	3.55e-06	0.00574322	Distant	0.00574322	trans
Transcriptomics	YIR002C	SNPs	7	702109	3.93e-07	0.06832863	Distant	0.06832863	trans
Transcriptomics	YIR003W	SNPs	15	1040793	2.56e-07	0.01417032	Distant	0.01417032	trans
Transcriptomics	YIR007W	SNPs	14	231454	2.55e-06	0.04686811	Distant	0.04686811	trans
Transcriptomics	YIR012W	SNPs	7	655851	3.93e-07	0.00718927	Distant	0.00718927	trans
Transcriptomics	YIR012W	SNPs	10	524477	1.16e-06	0.04922005	Distant	0.04922005	trans
Transcriptomics	YIR016W	SNPs	9	382792	1.23e-06	0.08614952	Local	0.08614952	cis
Transcriptomics	YIR016W	SNPs	16	922958	4.28e-06	0.03678682	Distant	0.03678682	trans
Transcriptomics	YIR016W	SNPs	12	398325	6.68e-06	0.02707248	Distant	0.02707248	trans
Transcriptomics	YIR020C	SNPs	9	394846	1.08e-16	0.05937157	Local	0.05937157	cis
Transcriptomics	YIR020C	SNPs	9	394105	4.18e-09	0.0220466	Local	0.0220466	cis
Transcriptomics	YIR020C	SNPs	7	587240	2.37e-06	0.01445201	Distant	0.01445201	trans
Transcriptomics	YIR025W	SNPs	9	404489	1.47e-06	0.04721021	Local	0.04721021	cis
Transcriptomics	YIR027C	SNPs	9	407554	6.46e-18	0.13029409	Local	0.13029409	cis
Transcriptomics	YIR027C	SNPs	9	410510	2.46e-06	0.00986039	Local	0.00986039	cis
Transcriptomics	YIR028W	SNPs	9	408244	1.1e-14	0.06342939	Local	0.06342939	cis
Transcriptomics	YIR030C	SNPs	7	773198	2.02e-06	0.06458241	Distant	0.06458241	trans
Transcriptomics	YIR031C	SNPs	9	414362	4.3e-09	0.07168242	Local	0.07168242	cis
Transcriptomics	YIR032C	SNPs	16	553081	6.75e-06	0.07252172	Distant	0.07252172	trans
Transcriptomics	YIR037W	SNPs	14	735047	2.88e-07	0.07072939	Distant	0.07072939	trans
Transcriptomics	YIR038C	SNPs	9	425924	7.49e-17	0.03038449	Local	0.03038449	cis
Transcriptomics	YIR038C	SNPs	9	424855	5.4e-08	0.0458603	Local	0.0458603	cis
Transcriptomics	YIR038C	SNPs	16	478294	5.61e-07	0.02143942	Distant	0.02143942	trans
Transcriptomics	YIR038C	SNPs	9	424438	1.58e-06	0.03772372	Local	0.03772372	cis
Transcriptomics	YIR039C	SNPs	9	431302	1.63e-07	0.058742	Local	0.058742	cis
Transcriptomics	YIR039C	SNPs	9	425822	4.05e-07	0.02009051	Local	0.02009051	cis
Transcriptomics	YJL002C	SNPs	12	399187	3.94e-07	0.02338758	Distant	0.02338758	trans
Transcriptomics	YJL002C	SNPs	10	433178	6.6e-07	0.00892027	Local	0.00892027	cis
Transcriptomics	YJL010C	SNPs	7	655851	1.46e-06	0.00658912	Distant	0.00658912	trans
Transcriptomics	YJL011C	SNPs	10	414241	2.34e-07	0.0191722	Local	0.0191722	cis
Transcriptomics	YJL013C	SNPs	2	198110	2.84e-07	0.00911743	Distant	0.00911743	trans
Transcriptomics	YJL016W	SNPs	4	458153	2.35e-06	0.03065457	Distant	0.03065457	trans
Transcriptomics	YJL019W	SNPs	6	245724	4.34e-06	0.00679464	Distant	0.00679464	trans
Transcriptomics	YJL026W	SNPs	13	370963	1.62e-07	0.00704014	Distant	0.00704014	trans
Transcriptomics	YJL032W	SNPs	16	565078	4.83e-06	0.00931437	Distant	0.00931437	trans
Transcriptomics	YJL032W	SNPs	7	479253	1.26e-05	0.016151	Distant	0.016151	trans
Transcriptomics	YJL032W	SNPs	6	208427	1.28e-05	0.04148128	Distant	0.04148128	trans
Transcriptomics	YJL033W	SNPs	7	655851	8.82e-07	0.00639797	Distant	0.00639797	trans
Transcriptomics	YJL034W	SNPs	2	214801	1.43e-06	0.07147645	Distant	0.07147645	trans
Transcriptomics	YJL035C	SNPs	10	380729	2.14e-11	0.16160235	Local	0.16160235	cis
Transcriptomics	YJL035C	SNPs	10	380913	6.13e-09	0.02288377	Local	0.02288377	cis
Transcriptomics	YJL035C	SNPs	10	380369	4.32e-08	0.00760585	Local	0.00760585	cis
Transcriptomics	YJL036W	SNPs	11	493599	3.77e-06	0.03001679	Distant	0.03001679	trans
Transcriptomics	YJL041W	SNPs	10	330050	1.37e-07	0.0316933	Distant	0.0316933	trans
Transcriptomics	YJL043W	SNPs	3	212180	3.91e-06	0.02505411	Distant	0.02505411	trans
Transcriptomics	YJL044C	SNPs	12	419189	9.88e-07	0.01736396	Distant	0.01736396	trans
Transcriptomics	YJL045W	SNPs	7	167895	1.41e-06	0.03461445	Distant	0.03461445	trans
Transcriptomics	YJL047C-A	SNPs	10	345365	1.52e-06	0.05677902	Local	0.05677902	cis
Transcriptomics	YJL047C-A	SNPs	10	349384	1.6e-06	0.03107475	Local	0.03107475	cis
Transcriptomics	YJL047C-A	SNPs	4	867989	1.79e-06	0.04095705	Distant	0.04095705	trans
Transcriptomics	YJL047C-A	SNPs	10	348976	3.59e-06	0.06105245	Local	0.06105245	cis
Transcriptomics	YJL047C	SNPs	10	350651	1.61e-06	0.05620272	Local	0.05620272	cis
Transcriptomics	YJL047C	SNPs	10	348976	2.05e-06	0.06312935	Local	0.06312935	cis
Transcriptomics	YJL047C	SNPs	7	53416	4.97e-06	0.00965456	Distant	0.00965456	trans
Transcriptomics	YJL048C	SNPs	10	348957	7.47e-13	0.18240579	Local	0.18240579	cis
Transcriptomics	YJL049W	SNPs	4	357312	6.56e-07	0.02451559	Distant	0.02451559	trans
Transcriptomics	YJL049W	SNPs	7	933345	1.12e-06	0.00989235	Distant	0.00989235	trans
Transcriptomics	YJL049W	SNPs	11	358079	2.2e-06	0.01491981	Distant	0.01491981	trans
Transcriptomics	YJL055W	SNPs	15	238720	2.14e-06	0.00727991	Distant	0.00727991	trans
Transcriptomics	YJL055W	SNPs	14	254495	3.01e-06	0.053901	Distant	0.053901	trans
Transcriptomics	YJL056C	SNPs	12	995857	1.14e-06	0.08714511	Distant	0.08714511	trans
Transcriptomics	YJL057C	SNPs	15	874326	1.76e-06	0.0241489	Distant	0.0241489	trans
Transcriptomics	YJL057C	SNPs	15	873940	3.6e-06	0.00969575	Distant	0.00969575	trans
Transcriptomics	YJL063C	SNPs	15	675251	5.07e-06	0.0122835	Distant	0.0122835	trans
Transcriptomics	YJL068C	SNPs	10	305909	2.32e-07	0.05221339	Local	0.05221339	cis
Transcriptomics	YJL068C	SNPs	10	313850	3.62e-07	0.05408459	Local	0.05408459	cis
Transcriptomics	YJL068C	SNPs	10	313175	5.88e-07	0.00656569	Local	0.00656569	cis
Transcriptomics	YJL068C	SNPs	10	313498	2.7e-06	0.01200226	Local	0.01200226	cis
Transcriptomics	YJL070C	SNPs	10	311071	4.09e-10	0.01694907	Local	0.01694907	cis
Transcriptomics	YJL074C	SNPs	16	768715	1.91e-06	0.04506656	Distant	0.04506656	trans
Transcriptomics	YJL074C	SNPs	4	553497	2.37e-06	0.01149434	Distant	0.01149434	trans
Transcriptomics	YJL075C	SNPs	10	298915	1.62e-10	0.04059665	Local	0.04059665	cis
Transcriptomics	YJL076W	SNPs	10	330050	3.37e-06	0.02864065	Distant	0.02864065	trans
Transcriptomics	YJL077C	SNPs	10	294578	2.93e-10	0.09286985	Local	0.09286985	cis
Transcriptomics	YJL077C	SNPs	10	294332	1.55e-08	0.03101226	Local	0.03101226	cis
Transcriptomics	YJL077C	SNPs	10	294549	2.78e-08	0.11058428	Local	0.11058428	cis
Transcriptomics	YJL077W-B	SNPs	10	291405	7.89e-07	0.04564573	Local	0.04564573	cis
Transcriptomics	YJL077W-B	SNPs	7	999491	3.05e-06	0.00903743	Distant	0.00903743	trans
Transcriptomics	YJL082W	SNPs	2	198110	1.5e-06	0.00784115	Distant	0.00784115	trans
Transcriptomics	YJL082W	SNPs	15	873940	1.78e-06	0.00991026	Distant	0.00991026	trans
Transcriptomics	YJL083W	SNPs	3	65398	8.3e-07	0.01702572	Distant	0.01702572	trans
Transcriptomics	YJL089W	SNPs	16	377196	2.12e-06	0.00700833	Distant	0.00700833	trans
Transcriptomics	YJL092W	SNPs	10	704535	4.4e-06	0.00881633	Distant	0.00881633	trans
Transcriptomics	YJL094C	SNPs	10	260155	1.8e-10	0.02801936	Local	0.02801936	cis
Transcriptomics	YJL094C	SNPs	10	234043	3.13e-08	0.01332589	Local	0.01332589	cis
Transcriptomics	YJL094C	SNPs	10	254983	9.22e-08	0.03863209	Local	0.03863209	cis
Transcriptomics	YJL094C	SNPs	10	254540	2.22e-07	0.01733726	Local	0.01733726	cis
Transcriptomics	YJL094C	SNPs	10	255538	6.21e-07	0.01342623	Local	0.01342623	cis
Transcriptomics	YJL094C	SNPs	3	65398	4.36e-06	0.01570625	Distant	0.01570625	trans
Transcriptomics	YJL096W	SNPs	14	254474	4.22e-07	0.06812982	Distant	0.06812982	trans
Transcriptomics	YJL097W	SNPs	10	265456	2.75e-07	0.05493976	Local	0.05493976	cis
Transcriptomics	YJL098W	SNPs	7	655851	1.69e-06	0.0064016	Distant	0.0064016	trans
Transcriptomics	YJL101C	SNPs	14	424418	1.13e-07	0.12428008	Distant	0.12428008	trans
Transcriptomics	YJL101C	SNPs	14	428364	1.36e-06	0.06281492	Distant	0.06281492	trans
Transcriptomics	YJL106W	SNPs	15	373970	1.18e-06	0.0557662	Distant	0.0557662	trans
Transcriptomics	YJL109C	SNPs	7	655851	5.02e-06	0.00582179	Distant	0.00582179	trans
Transcriptomics	YJL115W	SNPs	12	1001139	9.97e-07	0.07000291	Distant	0.07000291	trans
Transcriptomics	YJL117W	SNPs	10	192453	6.28e-24	0.03313197	Local	0.03313197	cis
Transcriptomics	YJL117W	SNPs	10	192746	2.06e-07	0.02291939	Local	0.02291939	cis
Transcriptomics	YJL121C	SNPs	3	235645	1.39e-06	0.05290972	Distant	0.05290972	trans
Transcriptomics	YJL130C	SNPs	7	655851	6.44e-08	0.00811877	Distant	0.00811877	trans
Transcriptomics	YJL133W	SNPs	10	161104	1.24e-07	0.02615604	Local	0.02615604	cis
Transcriptomics	YJL140W	SNPs	10	152412	1.31e-06	0.08604896	Local	0.08604896	cis
Transcriptomics	YJL140W	SNPs	4	471249	1.86e-06	0.05034256	Distant	0.05034256	trans
Transcriptomics	YJL142C	SNPs	10	81758	3.41e-06	0.04751637	Distant	0.04751637	trans
Transcriptomics	YJL144W	SNPs	10	147612	3.35e-06	0.08190489	Local	0.08190489	cis
Transcriptomics	YJL145W	SNPs	10	145040	1.41e-09	0.02050443	Local	0.02050443	cis
Transcriptomics	YJL145W	SNPs	10	144368	2.74e-06	0.06751458	Local	0.06751458	cis
Transcriptomics	YJL145W	SNPs	7	291088	3.56e-06	0.04541143	Distant	0.04541143	trans
Transcriptomics	YJL145W	SNPs	10	145124	4.07e-06	0.03543014	Local	0.03543014	cis
Transcriptomics	YJL145W	SNPs	10	204825	4.97e-06	0.08927856	Distant	0.08927856	trans
Transcriptomics	YJL145W	SNPs	2	119039	1.09e-05	0.00987931	Distant	0.00987931	trans
Transcriptomics	YJL146W	SNPs	4	1122421	6.36e-07	0.02527435	Distant	0.02527435	trans
Transcriptomics	YJL146W	SNPs	12	507985	4.3e-06	0.01416233	Distant	0.01416233	trans
Transcriptomics	YJL149W	SNPs	4	391908	2.25e-06	0.00704873	Distant	0.00704873	trans
Transcriptomics	YJL152W	SNPs	12	951923	2.35e-07	0.01403618	Distant	0.01403618	trans
Transcriptomics	YJL152W	SNPs	12	924398	8.43e-07	0.0120863	Distant	0.0120863	trans
Transcriptomics	YJL157C	SNPs	3	177291	3.05e-07	0.00916211	Distant	0.00916211	trans
Transcriptomics	YJL159W	SNPs	12	299795	5.82e-06	0.00761035	Distant	0.00761035	trans
Transcriptomics	YJL160C	SNPs	2	634316	2.98e-06	0.02146491	Distant	0.02146491	trans
Transcriptomics	YJL161W	SNPs	10	117075	1.05e-06	0.10502407	Local	0.10502407	cis
Transcriptomics	YJL167W	SNPs	16	421049	2.69e-06	0.00743737	Distant	0.00743737	trans
Transcriptomics	YJL170C	SNPs	14	342049	7.63e-06	0.00736445	Distant	0.00736445	trans
Transcriptomics	YJL171C	SNPs	10	101069	5.06e-13	0.04279999	Local	0.04279999	cis
Transcriptomics	YJL171C	SNPs	14	230304	3.86e-06	0.01095009	Distant	0.01095009	trans
Transcriptomics	YJL172W	SNPs	10	101082	2.45e-06	0.04782091	Local	0.04782091	cis
Transcriptomics	YJL173C	SNPs	12	807455	9.85e-06	0.06668853	Distant	0.06668853	trans
Transcriptomics	YJL176C	SNPs	16	402323	3.97e-06	0.06294114	Distant	0.06294114	trans
Transcriptomics	YJL183W	SNPs	7	655851	4.56e-07	0.00755299	Distant	0.00755299	trans
Transcriptomics	YJL186W	SNPs	7	958233	2.97e-06	0.05835181	Distant	0.05835181	trans
Transcriptomics	YJL191W	SNPs	15	419521	4.32e-06	0.05872955	Distant	0.05872955	trans
Transcriptomics	YJL193W	SNPs	11	546387	3.19e-07	0.02651676	Distant	0.02651676	trans
Transcriptomics	YJL193W	SNPs	10	69957	2.94e-06	0.0747139	Local	0.0747139	cis
Transcriptomics	YJL199C	SNPs	10	181322	9.1e-07	0.03126335	Distant	0.03126335	trans
Transcriptomics	YJL199C	SNPs	13	676300	1.29e-06	0.0290083	Distant	0.0290083	trans
Transcriptomics	YJL208C	SNPs	12	919791	3.84e-06	0.01537829	Distant	0.01537829	trans
Transcriptomics	YJL209W	SNPs	11	78014	8.98e-07	0.04680182	Distant	0.04680182	trans
Transcriptomics	YJL209W	SNPs	9	268032	2.28e-06	0.01885326	Distant	0.01885326	trans
Transcriptomics	YJL213W	SNPs	10	34341	3.87e-13	0.0378275	Local	0.0378275	cis
Transcriptomics	YJL213W	SNPs	10	37272	1.74e-08	0.01209234	Local	0.01209234	cis
Transcriptomics	YJL213W	SNPs	10	34093	8.19e-08	0.07145957	Local	0.07145957	cis
Transcriptomics	YJL213W	SNPs	10	32961	1.29e-07	0.03368998	Local	0.03368998	cis
Transcriptomics	YJL213W	SNPs	10	35494	2.03e-07	0.03296278	Local	0.03296278	cis
Transcriptomics	YJL213W	SNPs	10	57489	4.72e-07	0.00771432	Distant	0.00771432	trans
Transcriptomics	YJL213W	SNPs	10	65790	1.02e-06	0.01253039	Distant	0.01253039	trans
Transcriptomics	YJL213W	SNPs	3	93278	3.32e-06	0.00315017	Distant	0.00315017	trans
Transcriptomics	YJL213W	SNPs	10	106397	3.83e-06	0.00819366	Distant	0.00819366	trans
Transcriptomics	YJL213W	SNPs	10	33800	4.01e-06	0.08279396	Local	0.08279396	cis
Transcriptomics	YJL214W	SNPs	4	290145	1.78e-07	0.01001762	Distant	0.01001762	trans
Transcriptomics	YJL215C	SNPs	10	34341	2.66e-07	0.02182453	Local	0.02182453	cis
Transcriptomics	YJL215C	SNPs	10	33800	4.98e-07	0.10884751	Local	0.10884751	cis
Transcriptomics	YJL216C	SNPs	10	33800	6.9e-10	0.17205184	Local	0.17205184	cis
Transcriptomics	YJL216C	SNPs	10	37272	4.28e-06	0.00985749	Local	0.00985749	cis
Transcriptomics	YJL219W	SNPs	9	38818	1.32e-10	0.00813977	Distant	0.00813977	trans
Transcriptomics	YJL219W	SNPs	9	42601	1.85e-10	0.01243731	Distant	0.01243731	trans
Transcriptomics	YJL219W	SNPs	9	38140	5.84e-10	0.01322134	Distant	0.01322134	trans
Transcriptomics	YJL219W	SNPs	9	40953	1.17e-08	0.08243403	Distant	0.08243403	trans
Transcriptomics	YJL219W	SNPs	9	41157	1.26e-06	0.00796332	Distant	0.00796332	trans
Transcriptomics	YJL225C	SNPs	4	593321	1.28e-06	0.00255041	Distant	0.00255041	trans
Transcriptomics	YJR002W	SNPs	7	655851	8.8e-07	0.006603	Distant	0.006603	trans
Transcriptomics	YJR005C-A	SNPs	10	449239	1.49e-17	0.11111938	Local	0.11111938	cis
Transcriptomics	YJR005C-A	SNPs	10	450154	4.86e-14	0.02870262	Local	0.02870262	cis
Transcriptomics	YJR005C-A	SNPs	10	444972	2.05e-09	0.0149698	Local	0.0149698	cis
Transcriptomics	YJR005C-A	SNPs	10	450273	4.48e-09	0.07573256	Local	0.07573256	cis
Transcriptomics	YJR005C-A	SNPs	10	448029	1.64e-08	0.00710831	Local	0.00710831	cis
Transcriptomics	YJR005C-A	SNPs	10	449403	7.16e-08	0.038684	Local	0.038684	cis
Transcriptomics	YJR005C-A	SNPs	12	110091	1.47e-06	0.01398867	Distant	0.01398867	trans
Transcriptomics	YJR006W	SNPs	10	449239	1.73e-12	0.06810018	Local	0.06810018	cis
Transcriptomics	YJR006W	SNPs	10	449718	1.04e-10	0.00887921	Local	0.00887921	cis
Transcriptomics	YJR006W	SNPs	10	450387	6.06e-09	0.08511963	Local	0.08511963	cis
Transcriptomics	YJR006W	SNPs	10	449403	8.3e-08	0.03353912	Local	0.03353912	cis
Transcriptomics	YJR006W	SNPs	2	119039	3.87e-07	0.01017684	Distant	0.01017684	trans
Transcriptomics	YJR006W	SNPs	10	438761	7.54e-07	0.01087828	Local	0.01087828	cis
Transcriptomics	YJR006W	SNPs	10	450273	3.23e-06	0.04171919	Local	0.04171919	cis
Transcriptomics	YJR009C	SNPs	5	26797	1.48e-07	0.01298161	Distant	0.01298161	trans
Transcriptomics	YJR009C	SNPs	12	511340	1.78e-06	0.0362678	Distant	0.0362678	trans
Transcriptomics	YJR010W	SNPs	14	426745	3.16e-06	0.08455048	Distant	0.08455048	trans
Transcriptomics	YJR011C	SNPs	11	271696	1.18e-06	0.04115108	Distant	0.04115108	trans
Transcriptomics	YJR011C	SNPs	2	379542	4.94e-06	0.01114491	Distant	0.01114491	trans
Transcriptomics	YJR012C	SNPs	9	174345	3.75e-07	0.02313595	Distant	0.02313595	trans
Transcriptomics	YJR012C	SNPs	12	991116	4.05e-06	0.0336604	Distant	0.0336604	trans
Transcriptomics	YJR014W	SNPs	7	469734	2.69e-07	0.02800247	Distant	0.02800247	trans
Transcriptomics	YJR015W	SNPs	10	461695	8.92e-09	0.08631724	Local	0.08631724	cis
Transcriptomics	YJR015W	SNPs	10	449403	1.27e-08	0.04574432	Local	0.04574432	cis
Transcriptomics	YJR015W	SNPs	10	424577	9.39e-08	0.00929807	Distant	0.00929807	trans
Transcriptomics	YJR015W	SNPs	10	450584	1.26e-06	0.00563409	Local	0.00563409	cis
Transcriptomics	YJR015W	SNPs	10	435236	3.95e-06	0.01354116	Distant	0.01354116	trans
Transcriptomics	YJR021C	SNPs	15	1012127	7.73e-06	0.02846811	Distant	0.02846811	trans
Transcriptomics	YJR025C	SNPs	16	671978	3.45e-06	0.07974934	Distant	0.07974934	trans
Transcriptomics	YJR032W	SNPs	10	492486	2.27e-06	0.07530326	Local	0.07530326	cis
Transcriptomics	YJR036C	SNPs	10	503860	2.23e-11	0.0251969	Local	0.0251969	cis
Transcriptomics	YJR037W	SNPs	10	503860	2.65e-11	0.02666998	Local	0.02666998	cis
Transcriptomics	YJR038C	SNPs	10	503860	1.37e-13	0.03495138	Local	0.03495138	cis
Transcriptomics	YJR039W	SNPs	10	503860	5.27e-10	0.02340072	Local	0.02340072	cis
Transcriptomics	YJR047C	SNPs	11	535595	1.98e-06	0.01708957	Distant	0.01708957	trans
Transcriptomics	YJR050W	SNPs	15	224654	6.23e-09	0.0105848	Distant	0.0105848	trans
Transcriptomics	YJR050W	SNPs	10	529307	1.22e-06	0.04661433	Local	0.04661433	cis
Transcriptomics	YJR051W	SNPs	8	267185	2.5e-06	0.06675077	Distant	0.06675077	trans
Transcriptomics	YJR056C	SNPs	10	518528	5.14e-06	0.03903972	Local	0.03903972	cis
Transcriptomics	YJR058C	SNPs	4	301586	4.93e-07	0.035402	Distant	0.035402	trans
Transcriptomics	YJR059W	SNPs	11	290740	5.03e-06	0.01582144	Distant	0.01582144	trans
Transcriptomics	YJR062C	SNPs	2	379542	1.66e-06	0.01214262	Distant	0.01214262	trans
Transcriptomics	YJR068W	SNPs	15	71821	8.71e-07	0.03778186	Distant	0.03778186	trans
Transcriptomics	YJR075W	SNPs	5	325466	2.23e-07	0.01326747	Distant	0.01326747	trans
Transcriptomics	YJR075W	SNPs	14	230725	8.42e-07	0.0393987	Distant	0.0393987	trans
Transcriptomics	YJR077C	SNPs	7	369400	2.41e-06	0.00463807	Distant	0.00463807	trans
Transcriptomics	YJR079W	SNPs	2	550133	3.14e-06	0.10644499	Distant	0.10644499	trans
Transcriptomics	YJR079W	SNPs	8	289648	3.19e-06	0.01086437	Distant	0.01086437	trans
Transcriptomics	YJR079W	SNPs	3	242917	6.01e-06	0.03050449	Distant	0.03050449	trans
Transcriptomics	YJR093C	SNPs	16	762090	4.07e-08	0.00533043	Distant	0.00533043	trans
Transcriptomics	YJR095W	SNPs	10	195982	2.88e-06	0.00717499	Distant	0.00717499	trans
Transcriptomics	YJR097W	SNPs	11	624919	6.49e-06	0.0148793	Distant	0.0148793	trans
Transcriptomics	YJR099W	SNPs	8	319470	8.74e-09	0.03819729	Distant	0.03819729	trans
Transcriptomics	YJR099W	SNPs	9	174345	2.37e-06	0.02339909	Distant	0.02339909	trans
Transcriptomics	YJR099W	SNPs	4	642500	4.3e-06	0.02220807	Distant	0.02220807	trans
Transcriptomics	YJR099W	SNPs	7	193710	7.65e-06	0.02513403	Distant	0.02513403	trans
Transcriptomics	YJR100C	SNPs	10	617418	1.74e-08	0.02731055	Local	0.02731055	cis
Transcriptomics	YJR100C	SNPs	10	617370	1e-06	0.00960709	Local	0.00960709	cis
Transcriptomics	YJR102C	SNPs	13	654300	7.06e-06	0.02670957	Distant	0.02670957	trans
Transcriptomics	YJR108W	SNPs	10	628435	1.65e-27	0.41203575	Local	0.41203575	cis
Transcriptomics	YJR108W	SNPs	10	629091	1.54e-17	0.08939519	Local	0.08939519	cis
Transcriptomics	YJR108W	SNPs	10	626887	1.86e-11	0.07070402	Local	0.07070402	cis
Transcriptomics	YJR108W	SNPs	10	626974	1.44e-09	0.01280123	Local	0.01280123	cis
Transcriptomics	YJR108W	SNPs	10	626313	9.36e-08	0.00920841	Local	0.00920841	cis
Transcriptomics	YJR108W	SNPs	10	623961	4.74e-07	0.04132691	Local	0.04132691	cis
Transcriptomics	YJR108W	SNPs	10	625757	1.09e-06	0.04339575	Local	0.04339575	cis
Transcriptomics	YJR108W	SNPs	10	628564	2.79e-06	0.02363447	Local	0.02363447	cis
Transcriptomics	YJR108W	SNPs	10	610450	5.27e-06	0.05047477	Local	0.05047477	cis
Transcriptomics	YJR111C	SNPs	11	364194	2.96e-06	0.04864311	Distant	0.04864311	trans
Transcriptomics	YJR112W-A	SNPs	10	637667	6.29e-09	0.00785169	Local	0.00785169	cis
Transcriptomics	YJR112W-A	SNPs	9	283713	2.65e-06	0.00932494	Distant	0.00932494	trans
Transcriptomics	YJR112W	SNPs	10	636960	1.74e-09	0.05371327	Local	0.05371327	cis
Transcriptomics	YJR118C	SNPs	10	643441	1.18e-11	0.14301766	Local	0.14301766	cis
Transcriptomics	YJR121W	SNPs	16	163842	4.92e-06	0.0248071	Distant	0.0248071	trans
Transcriptomics	YJR124C	SNPs	2	119039	2.49e-06	0.01302365	Distant	0.01302365	trans
Transcriptomics	YJR132W	SNPs	7	655851	2.87e-06	0.00658419	Distant	0.00658419	trans
Transcriptomics	YJR132W	SNPs	7	899222	6.14e-06	0.00835736	Distant	0.00835736	trans
Transcriptomics	YJR134C	SNPs	9	395649	2.9e-06	0.01039012	Distant	0.01039012	trans
Transcriptomics	YJR134C	SNPs	4	692858	8.85e-06	0.0080781	Distant	0.0080781	trans
Transcriptomics	YJR135W-A	SNPs	4	1405720	3.62e-06	0.01111134	Distant	0.01111134	trans
Transcriptomics	YJR136C	SNPs	9	360178	3.14e-06	0.02368941	Distant	0.02368941	trans
Transcriptomics	YJR139C	SNPs	12	40444	6.71e-07	0.02086353	Distant	0.02086353	trans
Transcriptomics	YJR139C	SNPs	10	395330	1.3e-06	0.0228137	Distant	0.0228137	trans
Transcriptomics	YJR140C	SNPs	4	553497	6.46e-06	0.01106105	Distant	0.01106105	trans
Transcriptomics	YJR141W	SNPs	4	1201830	3.47e-06	0.01830729	Distant	0.01830729	trans
Transcriptomics	YJR147W	SNPs	5	115800	1.27e-06	0.00510516	Distant	0.00510516	trans
Transcriptomics	YJR148W	SNPs	10	705423	1.73e-06	0.02878642	Local	0.02878642	cis
Transcriptomics	YJR149W	SNPs	10	705423	1.46e-08	0.03981594	Local	0.03981594	cis
Transcriptomics	YJR149W	SNPs	10	703116	1.82e-06	0.07829184	Local	0.07829184	cis
Transcriptomics	YJR150C	SNPs	15	755969	3.56e-06	0.00798979	Distant	0.00798979	trans
Transcriptomics	YJR150C	SNPs	7	92485	5.32e-06	0.01011676	Distant	0.01011676	trans
Transcriptomics	YJR152W	SNPs	14	294801	1.89e-06	0.0061411	Distant	0.0061411	trans
Transcriptomics	YJR152W	SNPs	10	651412	3.87e-06	0.00524544	Distant	0.00524544	trans
Transcriptomics	YJR152W	SNPs	12	250289	5.69e-06	0.01549513	Distant	0.01549513	trans
Transcriptomics	YJR153W	SNPs	5	70702	1.14e-06	0.03404118	Distant	0.03404118	trans
Transcriptomics	YJR153W	SNPs	4	636087	5.18e-06	0.00972702	Distant	0.00972702	trans
Transcriptomics	YJR160C	SNPs	12	973206	3.32e-07	0.02039835	Distant	0.02039835	trans
Transcriptomics	YJR160C	SNPs	4	543872	9.51e-07	0.00863251	Distant	0.00863251	trans
Transcriptomics	YJR161C	SNPs	16	428330	2.7e-06	0.07405337	Distant	0.07405337	trans
Transcriptomics	YKL002W	SNPs	4	1389675	4.55e-06	0.00908376	Distant	0.00908376	trans
Transcriptomics	YKL008C	SNPs	4	1143654	9.06e-07	0.00769605	Distant	0.00769605	trans
Transcriptomics	YKL009W	SNPs	7	655851	6.14e-06	0.00570084	Distant	0.00570084	trans
Transcriptomics	YKL014C	SNPs	7	655851	3.32e-06	0.00580644	Distant	0.00580644	trans
Transcriptomics	YKL016C	SNPs	6	155252	2.02e-06	0.01798572	Distant	0.01798572	trans
Transcriptomics	YKL019W	SNPs	4	344480	5.34e-06	0.05559738	Distant	0.05559738	trans
Transcriptomics	YKL021C	SNPs	7	655851	1.52e-06	0.00627554	Distant	0.00627554	trans
Transcriptomics	YKL023C-A	SNPs	8	198412	8.19e-06	0.00527725	Distant	0.00527725	trans
Transcriptomics	YKL024C	SNPs	11	391971	7.52e-07	0.08245099	Local	0.08245099	cis
Transcriptomics	YKL024C	SNPs	7	1051899	3.63e-06	0.0113043	Distant	0.0113043	trans
Transcriptomics	YKL029C	SNPs	11	385019	6.5600000000000005e-31	0.25177847	Local	0.25177847	cis
Transcriptomics	YKL031W	SNPs	11	381937	7.6e-13	0.05340275	Local	0.05340275	cis
Transcriptomics	YKL033W-A	SNPs	7	446985	1.71e-06	0.01433132	Distant	0.01433132	trans
Transcriptomics	YKL038W	SNPs	3	65398	3.04e-07	0.01792176	Distant	0.01792176	trans
Transcriptomics	YKL041W	SNPs	9	395649	4.45e-08	0.01376564	Distant	0.01376564	trans
Transcriptomics	YKL045W	SNPs	12	210539	2.15e-06	0.00508575	Distant	0.00508575	trans
Transcriptomics	YKL047W	SNPs	11	349875	5.52e-13	0.21462532	Local	0.21462532	cis
Transcriptomics	YKL048C	SNPs	11	252852	5.21e-06	0.03155363	Distant	0.03155363	trans
Transcriptomics	YKL051W	SNPs	10	395144	4.27e-06	0.0186726	Distant	0.0186726	trans
Transcriptomics	YKL053C-A	SNPs	9	140910	6.16e-06	0.0302623	Distant	0.0302623	trans
Transcriptomics	YKL057C	SNPs	5	561468	2.16e-06	0.0089261	Distant	0.0089261	trans
Transcriptomics	YKL059C	SNPs	11	329569	6.29e-08	0.04890909	Local	0.04890909	cis
Transcriptomics	YKL061W	SNPs	11	326243	1.8e-08	0.0496341	Local	0.0496341	cis
Transcriptomics	YKL061W	SNPs	5	531300	4.91e-06	0.01903754	Distant	0.01903754	trans
Transcriptomics	YKL063C	SNPs	11	561047	1.73e-06	0.08234232	Distant	0.08234232	trans
Transcriptomics	YKL063C	SNPs	13	582716	1.99e-06	0.09372017	Distant	0.09372017	trans
Transcriptomics	YKL065W-A	SNPs	15	528166	5.58e-07	0.01480936	Distant	0.01480936	trans
Transcriptomics	YKL067W	SNPs	11	136898	7.31e-06	0.03805204	Distant	0.03805204	trans
Transcriptomics	YKL067W	SNPs	6	155140	7.5e-06	0.02689063	Distant	0.02689063	trans
Transcriptomics	YKL068W-A	SNPs	12	156073	2.74e-06	0.05168468	Distant	0.05168468	trans
Transcriptomics	YKL069W	SNPs	3	71247	4.75e-07	0.09021186	Distant	0.09021186	trans
Transcriptomics	YKL070W	SNPs	11	306879	1.98e-26	0.2382138	Local	0.2382138	cis
Transcriptomics	YKL070W	SNPs	11	304104	1.3e-11	0.06308488	Local	0.06308488	cis
Transcriptomics	YKL070W	SNPs	11	306444	4.81e-10	0.03276077	Local	0.03276077	cis
Transcriptomics	YKL070W	SNPs	11	294700	2.29e-08	0.01932601	Local	0.01932601	cis
Transcriptomics	YKL070W	SNPs	11	297875	2.41e-08	0.0307485	Local	0.0307485	cis
Transcriptomics	YKL070W	SNPs	11	389964	5.36e-08	0.02865839	Distant	0.02865839	trans
Transcriptomics	YKL070W	SNPs	11	296422	1.43e-07	0.01701004	Local	0.01701004	cis
Transcriptomics	YKL070W	SNPs	13	622544	4.16e-07	0.01237087	Distant	0.01237087	trans
Transcriptomics	YKL070W	SNPs	13	622439	4.72e-07	0.02267568	Distant	0.02267568	trans
Transcriptomics	YKL070W	SNPs	11	298778	4.42e-06	0.02885815	Local	0.02885815	cis
Transcriptomics	YKL071W	SNPs	11	305339	5.91e-08	0.0785908	Local	0.0785908	cis
Transcriptomics	YKL078W	SNPs	11	289102	7.46e-07	0.04179965	Local	0.04179965	cis
Transcriptomics	YKL078W	SNPs	7	655851	1.55e-06	0.00649921	Distant	0.00649921	trans
Transcriptomics	YKL079W	SNPs	13	285841	2.61e-06	0.01171686	Distant	0.01171686	trans
Transcriptomics	YKL080W	SNPs	12	1008873	1.92e-07	0.06567228	Distant	0.06567228	trans
Transcriptomics	YKL080W	SNPs	16	377196	2.61e-07	0.0081848	Distant	0.0081848	trans
Transcriptomics	YKL082C	SNPs	4	327242	2.65e-06	0.07324791	Distant	0.07324791	trans
Transcriptomics	YKL082C	SNPs	15	237076	5.62e-06	0.07309121	Distant	0.07309121	trans
Transcriptomics	YKL084W	SNPs	11	280607	7.39e-07	0.02170483	Local	0.02170483	cis
Transcriptomics	YKL086W	SNPs	11	277761	3.53e-08	0.10800563	Local	0.10800563	cis
Transcriptomics	YKL086W	SNPs	11	297401	2.3e-06	0.0743277	Local	0.0743277	cis
Transcriptomics	YKL086W	SNPs	11	296492	3.28e-06	0.04110987	Local	0.04110987	cis
Transcriptomics	YKL086W	SNPs	11	276446	5.86e-06	0.04957262	Local	0.04957262	cis
Transcriptomics	YKL089W	SNPs	11	275068	7.57e-20	0.07211039	Local	0.07211039	cis
Transcriptomics	YKL089W	SNPs	11	275058	9.74e-10	0.01151341	Local	0.01151341	cis
Transcriptomics	YKL089W	SNPs	6	245724	5.44e-07	0.00870509	Distant	0.00870509	trans
Transcriptomics	YKL096C-B	SNPs	15	860651	5.98e-07	0.05844163	Distant	0.05844163	trans
Transcriptomics	YKL096W	SNPs	11	260961	7.67e-13	0.07701762	Local	0.07701762	cis
Transcriptomics	YKL096W	SNPs	11	259285	3.14e-12	0.18607817	Local	0.18607817	cis
Transcriptomics	YKL096W	SNPs	13	587844	4.79e-06	0.01373598	Distant	0.01373598	trans
Transcriptomics	YKL098W	SNPs	12	123810	8.55e-07	0.00727141	Distant	0.00727141	trans
Transcriptomics	YKL103C	SNPs	13	119408	2.99e-06	0.0229038	Distant	0.0229038	trans
Transcriptomics	YKL104C	SNPs	4	1138340	3.71e-06	0.00958921	Distant	0.00958921	trans
Transcriptomics	YKL108W	SNPs	9	160514	6.54e-06	0.04104671	Distant	0.04104671	trans
Transcriptomics	YKL113C	SNPs	12	210539	1.37e-06	0.00559022	Distant	0.00559022	trans
Transcriptomics	YKL114C	SNPs	14	102701	5.62e-07	0.03267064	Distant	0.03267064	trans
Transcriptomics	YKL116C	SNPs	10	605846	2.55e-06	0.03324979	Distant	0.03324979	trans
Transcriptomics	YKL117W	SNPs	2	317687	1.69e-06	0.01350683	Distant	0.01350683	trans
Transcriptomics	YKL119C	SNPs	15	586701	3.18e-08	0.01927758	Distant	0.01927758	trans
Transcriptomics	YKL119C	SNPs	11	211477	1.16e-07	0.04549151	Local	0.04549151	cis
Transcriptomics	YKL119C	SNPs	11	230159	2.3e-06	0.08079488	Local	0.08079488	cis
Transcriptomics	YKL123W	SNPs	2	273293	7.9e-08	0.02118906	Distant	0.02118906	trans
Transcriptomics	YKL123W	SNPs	10	603708	4.76e-06	0.02693242	Distant	0.02693242	trans
Transcriptomics	YKL125W	SNPs	9	160514	3.1e-06	0.04274811	Distant	0.04274811	trans
Transcriptomics	YKL127W	SNPs	16	81720	1.16e-07	0.0135069	Distant	0.0135069	trans
Transcriptomics	YKL127W	SNPs	11	204662	4.31e-06	0.00846286	Local	0.00846286	cis
Transcriptomics	YKL129C	SNPs	13	330962	2.92e-06	0.03650674	Distant	0.03650674	trans
Transcriptomics	YKL132C	SNPs	11	194991	2.84e-06	0.03605937	Local	0.03605937	cis
Transcriptomics	YKL134C	SNPs	12	951524	4.87e-06	0.05013423	Distant	0.05013423	trans
Transcriptomics	YKL136W	SNPs	11	186423	6.7e-15	0.20764337	Local	0.20764337	cis
Transcriptomics	YKL138C-A	SNPs	16	41705	3.09e-06	0.02853833	Distant	0.02853833	trans
Transcriptomics	YKL138C	SNPs	11	185280	3.81e-06	0.03429583	Local	0.03429583	cis
Transcriptomics	YKL139W	SNPs	12	919791	3.85e-06	0.01436508	Distant	0.01436508	trans
Transcriptomics	YKL140W	SNPs	11	180774	2.48e-08	0.05764571	Local	0.05764571	cis
Transcriptomics	YKL142W	SNPs	11	178613	4.44e-07	0.05315825	Local	0.05315825	cis
Transcriptomics	YKL142W	SNPs	11	178383	1.62e-06	0.03796692	Local	0.03796692	cis
Transcriptomics	YKL142W	SNPs	11	179341	3.46e-06	0.03442014	Local	0.03442014	cis
Transcriptomics	YKL144C	SNPs	6	43129	5.34e-06	0.01713234	Distant	0.01713234	trans
Transcriptomics	YKL162C-A	SNPs	11	145747	5.66e-07	0.11134427	Local	0.11134427	cis
Transcriptomics	YKL162C-A	SNPs	9	249521	1.49e-06	0.01590643	Distant	0.01590643	trans
Transcriptomics	YKL163W	SNPs	16	757137	1.05e-07	0.01198172	Distant	0.01198172	trans
Transcriptomics	YKL163W	SNPs	2	149182	1.87e-07	0.04563039	Distant	0.04563039	trans
Transcriptomics	YKL163W	SNPs	13	160665	2.72e-06	0.08527592	Distant	0.08527592	trans
Transcriptomics	YKL165C	SNPs	2	214801	6.93e-07	0.07712321	Distant	0.07712321	trans
Transcriptomics	YKL171W	SNPs	3	65398	2.12e-06	0.01455183	Distant	0.01455183	trans
Transcriptomics	YKL178C	SNPs	11	113529	9.16e-18	0.05525991	Local	0.05525991	cis
Transcriptomics	YKL178C	SNPs	11	112117	1.44e-09	0.05289272	Local	0.05289272	cis
Transcriptomics	YKL178C	SNPs	11	112116	4.88e-07	0.05127602	Local	0.05127602	cis
Transcriptomics	YKL178C	SNPs	11	111701	1.73e-06	0.02598628	Local	0.02598628	cis
Transcriptomics	YKL181W	SNPs	7	655851	1.1e-06	0.00648626	Distant	0.00648626	trans
Transcriptomics	YKL182W	SNPs	15	844373	3.38e-06	0.0213704	Distant	0.0213704	trans
Transcriptomics	YKL183C-A	SNPs	11	98109	5.08e-07	0.05860497	Local	0.05860497	cis
Transcriptomics	YKL183C-A	SNPs	13	626128	3.26e-06	0.00774973	Distant	0.00774973	trans
Transcriptomics	YKL183W	SNPs	11	98981	4.55e-11	0.05063055	Local	0.05063055	cis
Transcriptomics	YKL183W	SNPs	11	97410	9.75e-07	0.03257202	Local	0.03257202	cis
Transcriptomics	YKL183W	SNPs	11	98419	2.48e-06	0.03543045	Local	0.03543045	cis
Transcriptomics	YKL183W	SNPs	11	98088	3.67e-06	0.01251509	Local	0.01251509	cis
Transcriptomics	YKL185W	SNPs	2	690620	2.89e-06	0.01594463	Distant	0.01594463	trans
Transcriptomics	YKL185W	SNPs	4	540969	5.81e-06	0.00832104	Distant	0.00832104	trans
Transcriptomics	YKL191W	SNPs	7	655851	2e-06	0.00635129	Distant	0.00635129	trans
Transcriptomics	YKL201C	SNPs	11	69153	6.18e-07	0.0996357	Local	0.0996357	cis
Transcriptomics	YKL201C	SNPs	3	118783	2.5e-06	0.00649912	Distant	0.00649912	trans
Transcriptomics	YKL202W	SNPs	11	69153	2.12e-07	0.10520522	Local	0.10520522	cis
Transcriptomics	YKL202W	SNPs	6	73792	1.01e-06	0.02295984	Distant	0.02295984	trans
Transcriptomics	YKL202W	SNPs	15	424697	3.32e-06	0.02467158	Distant	0.02467158	trans
Transcriptomics	YKL203C	SNPs	1	92566	9.04e-07	0.00765564	Distant	0.00765564	trans
Transcriptomics	YKL213C	SNPs	3	249389	2.01e-06	0.00468502	Distant	0.00468502	trans
Transcriptomics	YKL215C	SNPs	11	28487	1.03e-07	0.06726356	Local	0.06726356	cis
Transcriptomics	YKL215C	SNPs	11	19617	4.26e-07	0.01976492	Local	0.01976492	cis
Transcriptomics	YKL215C	SNPs	11	15597	1.5e-06	0.01268385	Local	0.01268385	cis
Transcriptomics	YKL215C	SNPs	5	491806	3.32e-06	0.01622218	Distant	0.01622218	trans
Transcriptomics	YKL216W	SNPs	11	319143	1.25e-06	0.05122618	Distant	0.05122618	trans
Transcriptomics	YKL217W	SNPs	15	727817	3.97e-06	0.04545942	Distant	0.04545942	trans
Transcriptomics	YKL218C	SNPs	11	18574	2.63e-18	0.1181637	Local	0.1181637	cis
Transcriptomics	YKL218C	SNPs	11	17206	1.09e-15	0.09986747	Local	0.09986747	cis
Transcriptomics	YKL218C	SNPs	11	17941	1.92e-15	0.03150935	Local	0.03150935	cis
Transcriptomics	YKL218C	SNPs	11	18606	5.03e-14	0.0175251	Local	0.0175251	cis
Transcriptomics	YKL218C	SNPs	11	18001	9.42e-14	0.08952539	Local	0.08952539	cis
Transcriptomics	YKL218C	SNPs	11	18968	6.28e-13	0.040812	Local	0.040812	cis
Transcriptomics	YKL218C	SNPs	11	16750	9.89e-10	0.02518138	Local	0.02518138	cis
Transcriptomics	YKL218C	SNPs	11	19074	1.18e-09	0.0588907	Local	0.0588907	cis
Transcriptomics	YKL218C	SNPs	11	19921	9.54e-09	0.02301835	Local	0.02301835	cis
Transcriptomics	YKL219W	SNPs	11	12572	1.12e-18	0.14618518	Local	0.14618518	cis
Transcriptomics	YKL219W	SNPs	11	13004	5.78e-17	0.05099013	Local	0.05099013	cis
Transcriptomics	YKL219W	SNPs	11	15300	9.32e-11	0.0304288	Local	0.0304288	cis
Transcriptomics	YKL219W	SNPs	11	15315	1.43e-09	0.01130567	Local	0.01130567	cis
Transcriptomics	YKL219W	SNPs	11	6833	5.13e-08	0.04787801	Local	0.04787801	cis
Transcriptomics	YKL219W	SNPs	7	659437	5.17e-07	0.05475988	Distant	0.05475988	trans
Transcriptomics	YKL219W	SNPs	16	395066	5.75e-07	0.00590803	Distant	0.00590803	trans
Transcriptomics	YKL219W	SNPs	10	551230	1.11e-06	0.04041098	Distant	0.04041098	trans
Transcriptomics	YKL219W	SNPs	11	51472	1.58e-06	0.05367619	Distant	0.05367619	trans
Transcriptomics	YKL220C	SNPs	12	1051903	1.49e-06	0.01386245	Distant	0.01386245	trans
Transcriptomics	YKL221W	SNPs	15	844406	1.97e-06	0.03044309	Distant	0.03044309	trans
Transcriptomics	YKL221W	SNPs	12	205884	2.82e-06	0.01258365	Distant	0.01258365	trans
Transcriptomics	YKL221W	SNPs	7	982687	4.39e-06	0.03459966	Distant	0.03459966	trans
Transcriptomics	YKL222C	SNPs	15	1051440	2.14e-08	0.03178025	Distant	0.03178025	trans
Transcriptomics	YKL222C	SNPs	14	162041	2.22e-06	0.03453308	Distant	0.03453308	trans
Transcriptomics	YKR004C	SNPs	2	741211	2.82e-07	0.02052809	Distant	0.02052809	trans
Transcriptomics	YKR007W	SNPs	14	691878	5.2e-06	0.02604907	Distant	0.02604907	trans
Transcriptomics	YKR007W	SNPs	12	370501	6.08e-06	0.0216483	Distant	0.0216483	trans
Transcriptomics	YKR011C	SNPs	4	848316	2.06e-06	0.0186193	Distant	0.0186193	trans
Transcriptomics	YKR013W	SNPs	11	463701	4.92e-31	0.12229779	Local	0.12229779	cis
Transcriptomics	YKR013W	SNPs	12	760199	1.74e-06	0.01400596	Distant	0.01400596	trans
Transcriptomics	YKR014C	SNPs	2	285688	1.9e-06	0.0200332	Distant	0.0200332	trans
Transcriptomics	YKR014C	SNPs	2	124505	3.8e-06	0.0155272	Distant	0.0155272	trans
Transcriptomics	YKR015C	SNPs	11	467127	4.87e-08	0.05507421	Local	0.05507421	cis
Transcriptomics	YKR015C	SNPs	11	471301	1.22e-07	0.06650107	Local	0.06650107	cis
Transcriptomics	YKR015C	SNPs	11	467597	3.27e-07	0.01813823	Local	0.01813823	cis
Transcriptomics	YKR015C	SNPs	11	250621	6.44e-07	0.02468357	Distant	0.02468357	trans
Transcriptomics	YKR017C	SNPs	11	473718	7.05e-11	0.13949966	Local	0.13949966	cis
Transcriptomics	YKR024C	SNPs	7	655851	1.36e-06	0.00667071	Distant	0.00667071	trans
Transcriptomics	YKR030W	SNPs	6	251816	3.24e-06	0.06618199	Distant	0.06618199	trans
Transcriptomics	YKR035C	SNPs	11	77212	5.72e-06	0.05335811	Distant	0.05335811	trans
Transcriptomics	YKR038C	SNPs	11	513184	3.03e-06	0.06240839	Local	0.06240839	cis
Transcriptomics	YKR041W	SNPs	4	1452093	5.14e-06	0.01431882	Distant	0.01431882	trans
Transcriptomics	YKR042W	SNPs	7	702168	2.42e-07	0.04968527	Distant	0.04968527	trans
Transcriptomics	YKR046C	SNPs	14	424418	3.24e-06	0.08233008	Distant	0.08233008	trans
Transcriptomics	YKR047W	SNPs	2	552681	8.16e-07	0.01862884	Distant	0.01862884	trans
Transcriptomics	YKR047W	SNPs	12	320834	1.83e-06	0.02336114	Distant	0.02336114	trans
Transcriptomics	YKR047W	SNPs	4	1112991	7.47e-06	0.02136056	Distant	0.02136056	trans
Transcriptomics	YKR048C	SNPs	1	59265	1.06e-06	0.00641484	Distant	0.00641484	trans
Transcriptomics	YKR048C	SNPs	7	254979	2.91e-06	0.01266906	Distant	0.01266906	trans
Transcriptomics	YKR048C	SNPs	7	413763	3.58e-06	0.00714794	Distant	0.00714794	trans
Transcriptomics	YKR053C	SNPs	11	535579	8.92e-26	0.1005278	Local	0.1005278	cis
Transcriptomics	YKR055W	SNPs	1	146738	2.35e-06	0.0701528	Distant	0.0701528	trans
Transcriptomics	YKR062W	SNPs	9	395649	4.87e-06	0.00837981	Distant	0.00837981	trans
Transcriptomics	YKR066C	SNPs	6	131665	7.12e-07	0.01970678	Distant	0.01970678	trans
Transcriptomics	YKR066C	SNPs	16	309958	9.5e-07	0.04829751	Distant	0.04829751	trans
Transcriptomics	YKR066C	SNPs	6	169035	1.43e-06	0.01976635	Distant	0.01976635	trans
Transcriptomics	YKR069W	SNPs	13	613950	6.78e-06	0.0095365	Distant	0.0095365	trans
Transcriptomics	YKR070W	SNPs	11	574660	5.54e-15	0.08223031	Local	0.08223031	cis
Transcriptomics	YKR070W	SNPs	11	574704	1.93e-08	0.01231792	Local	0.01231792	cis
Transcriptomics	YKR070W	SNPs	11	574788	4.88e-06	0.02994811	Local	0.02994811	cis
Transcriptomics	YKR071C	SNPs	15	271822	1.35e-06	0.07361429	Distant	0.07361429	trans
Transcriptomics	YKR072C	SNPs	2	24972	8.85e-06	0.0061313	Distant	0.0061313	trans
Transcriptomics	YKR075C	SNPs	11	125642	3.48e-06	0.0140352	Distant	0.0140352	trans
Transcriptomics	YKR081C	SNPs	7	655851	2.69e-06	0.00598509	Distant	0.00598509	trans
Transcriptomics	YKR087C	SNPs	11	604356	6.14e-28	0.15024637	Local	0.15024637	cis
Transcriptomics	YKR087C	SNPs	11	607271	9.5e-09	0.02015954	Local	0.02015954	cis
Transcriptomics	YKR087C	SNPs	11	597399	2.06e-06	0.02957875	Local	0.02957875	cis
Transcriptomics	YKR087C	SNPs	11	610234	3.47e-06	0.03285149	Local	0.03285149	cis
Transcriptomics	YKR090W	SNPs	11	608676	4.57e-06	0.01609939	Local	0.01609939	cis
Transcriptomics	YKR090W	SNPs	9	292353	4.66e-06	0.00893586	Distant	0.00893586	trans
Transcriptomics	YKR092C	SNPs	7	655851	1.86e-06	0.00647179	Distant	0.00647179	trans
Transcriptomics	YKR093W	SNPs	16	224865	1.68e-07	0.02022671	Distant	0.02022671	trans
Transcriptomics	YKR093W	SNPs	15	447362	3.29e-06	0.01844688	Distant	0.01844688	trans
Transcriptomics	YKR094C	SNPs	12	585709	3.13e-06	0.03084522	Distant	0.03084522	trans
Transcriptomics	YKR095W	SNPs	7	147603	1.38e-06	0.02812588	Distant	0.02812588	trans
Transcriptomics	YKR097W	SNPs	9	128198	1.13e-06	0.03535088	Distant	0.03535088	trans
Transcriptomics	YKR099W	SNPs	14	421697	3.63e-06	0.00835651	Distant	0.00835651	trans
Transcriptomics	YKR100C	SNPs	7	413763	6.21e-06	0.00586952	Distant	0.00586952	trans
Transcriptomics	YKR105C	SNPs	11	645157	8.33e-13	0.01962145	Local	0.01962145	cis
Transcriptomics	YKR105C	SNPs	11	645006	2.63e-09	0.14652595	Local	0.14652595	cis
Transcriptomics	YKR105C	SNPs	11	643390	9.53e-09	0.11201873	Local	0.11201873	cis
Transcriptomics	YLL005C	SNPs	14	230725	3.7e-06	0.03279542	Distant	0.03279542	trans
Transcriptomics	YLL010C	SNPs	2	690620	1.73e-07	0.01986702	Distant	0.01986702	trans
Transcriptomics	YLL011W	SNPs	7	655851	4.74e-06	0.00582248	Distant	0.00582248	trans
Transcriptomics	YLL015W	SNPs	12	116251	3.51e-12	0.08023208	Local	0.08023208	cis
Transcriptomics	YLL015W	SNPs	4	845959	2.56e-06	0.07758483	Distant	0.07758483	trans
Transcriptomics	YLL015W	SNPs	12	117547	8.77e-06	0.01357643	Local	0.01357643	cis
Transcriptomics	YLL019C	SNPs	7	238358	7.23e-06	0.02652713	Distant	0.02652713	trans
Transcriptomics	YLL020C	SNPs	12	1031026	1.01e-06	0.06444165	Distant	0.06444165	trans
Transcriptomics	YLL025W	SNPs	13	370963	5.52e-06	0.00641666	Distant	0.00641666	trans
Transcriptomics	YLL031C	SNPs	4	446874	6.49e-06	0.0874566	Distant	0.0874566	trans
Transcriptomics	YLL033W	SNPs	12	74492	8.36e-09	0.01659218	Local	0.01659218	cis
Transcriptomics	YLL034C	SNPs	7	655851	8.43e-08	0.00815143	Distant	0.00815143	trans
Transcriptomics	YLL034C	SNPs	11	290740	1.53e-06	0.01619054	Distant	0.01619054	trans
Transcriptomics	YLL035W	SNPs	15	715851	1.61e-06	0.01722338	Distant	0.01722338	trans
Transcriptomics	YLL038C	SNPs	12	66338	1.8e-07	0.09991703	Local	0.09991703	cis
Transcriptomics	YLL038C	SNPs	15	615000	7.69e-07	0.02159846	Distant	0.02159846	trans
Transcriptomics	YLL038C	SNPs	11	106896	1.67e-06	0.02859056	Distant	0.02859056	trans
Transcriptomics	YLL038C	SNPs	16	725524	2.32e-06	0.01049208	Distant	0.01049208	trans
Transcriptomics	YLL039C	SNPs	15	466809	3.67e-06	0.02482131	Distant	0.02482131	trans
Transcriptomics	YLL042C	SNPs	12	52412	4.41e-07	0.0077246	Local	0.0077246	cis
Transcriptomics	YLL042C	SNPs	12	52232	1.29e-06	0.01345368	Local	0.01345368	cis
Transcriptomics	YLL051C	SNPs	10	330050	1.94e-06	0.03642688	Distant	0.03642688	trans
Transcriptomics	YLL051C	SNPs	7	413763	2.38e-06	0.00841488	Distant	0.00841488	trans
Transcriptomics	YLL052C	SNPs	8	51856	7.39e-15	0.36221587	Distant	0.36221587	trans
Transcriptomics	YLL052C	SNPs	12	36882	2.03e-13	0.20330585	Local	0.20330585	cis
Transcriptomics	YLL053C	SNPs	8	51856	7.68e-17	0.41864972	Distant	0.41864972	trans
Transcriptomics	YLL053C	SNPs	12	36882	5.18e-12	0.18352758	Local	0.18352758	cis
Transcriptomics	YLL057C	SNPs	12	26817	2.25e-07	0.01584891	Local	0.01584891	cis
Transcriptomics	YLL059C	SNPs	12	23030	1.33e-06	0.06399566	Local	0.06399566	cis
Transcriptomics	YLL062C	SNPs	16	321220	6.01e-06	0.00483188	Distant	0.00483188	trans
Transcriptomics	YLL063C	SNPs	9	171954	3.96e-14	0.01348869	Distant	0.01348869	trans
Transcriptomics	YLL063C	SNPs	16	596248	3.07e-07	0.01360684	Distant	0.01360684	trans
Transcriptomics	YLL063C	SNPs	12	18460	5.52e-07	0.0625889	Local	0.0625889	cis
Transcriptomics	YLL063C	SNPs	8	139555	1.33e-06	0.01182205	Distant	0.01182205	trans
Transcriptomics	YLL063C	SNPs	6	62822	3.39e-06	0.00896923	Distant	0.00896923	trans
Transcriptomics	YLL066C	SNPs	4	593321	1.95e-06	0.00270862	Distant	0.00270862	trans
Transcriptomics	YLL067C	SNPs	4	593321	1.86e-06	0.00278047	Distant	0.00278047	trans
Transcriptomics	YLR002C	SNPs	7	655851	7.33e-07	0.00673623	Distant	0.00673623	trans
Transcriptomics	YLR003C	SNPs	13	213896	5.48e-07	0.00683164	Distant	0.00683164	trans
Transcriptomics	YLR004C	SNPs	15	586701	2.63e-06	0.01412276	Distant	0.01412276	trans
Transcriptomics	YLR006C	SNPs	12	163451	3.15e-18	0.06960378	Local	0.06960378	cis
Transcriptomics	YLR006C	SNPs	12	164123	1.03e-14	0.18083314	Local	0.18083314	cis
Transcriptomics	YLR012C	SNPs	12	170546	1.82e-06	0.00933003	Local	0.00933003	cis
Transcriptomics	YLR014C	SNPs	15	715193	4.91e-06	0.05254645	Distant	0.05254645	trans
Transcriptomics	YLR020C	SNPs	2	722546	4.91e-07	0.05627092	Distant	0.05627092	trans
Transcriptomics	YLR020C	SNPs	3	152720	1.47e-06	0.00997045	Distant	0.00997045	trans
Transcriptomics	YLR023C	SNPs	12	506310	5.33e-06	0.01748142	Distant	0.01748142	trans
Transcriptomics	YLR027C	SNPs	15	823938	4.2e-06	0.09046946	Distant	0.09046946	trans
Transcriptomics	YLR029C	SNPs	13	331334	3.63e-06	0.02224405	Distant	0.02224405	trans
Transcriptomics	YLR030W	SNPs	15	312454	2.85e-06	0.08126731	Distant	0.08126731	trans
Transcriptomics	YLR030W	SNPs	4	1122913	3.02e-06	0.06347039	Distant	0.06347039	trans
Transcriptomics	YLR032W	SNPs	16	795157	3.73e-06	0.0296658	Distant	0.0296658	trans
Transcriptomics	YLR034C	SNPs	12	212271	1.16e-18	0.04804938	Local	0.04804938	cis
Transcriptomics	YLR034C	SNPs	4	553033	1.02e-06	0.01956682	Distant	0.01956682	trans
Transcriptomics	YLR036C	SNPs	12	208751	4.06e-18	0.2379464	Local	0.2379464	cis
Transcriptomics	YLR036C	SNPs	12	212873	2.89e-11	0.05032775	Local	0.05032775	cis
Transcriptomics	YLR036C	SNPs	12	206464	2.89e-10	0.09463174	Local	0.09463174	cis
Transcriptomics	YLR036C	SNPs	12	214864	5.1e-08	0.01070862	Local	0.01070862	cis
Transcriptomics	YLR036C	SNPs	12	206077	8.47e-08	0.01482963	Local	0.01482963	cis
Transcriptomics	YLR036C	SNPs	12	223075	1.32e-06	0.02333652	Local	0.02333652	cis
Transcriptomics	YLR036C	SNPs	12	206784	1.87e-06	0.03194431	Local	0.03194431	cis
Transcriptomics	YLR036C	SNPs	16	715781	2.53e-06	0.00563533	Distant	0.00563533	trans
Transcriptomics	YLR037C	SNPs	4	582525	1.27e-06	0.01629547	Distant	0.01629547	trans
Transcriptomics	YLR040C	SNPs	15	666991	3.47e-06	0.00689646	Distant	0.00689646	trans
Transcriptomics	YLR043C	SNPs	3	274645	8.27e-06	0.07476311	Distant	0.07476311	trans
Transcriptomics	YLR047C	SNPs	12	241859	5.72e-08	0.10624354	Local	0.10624354	cis
Transcriptomics	YLR047C	SNPs	12	235798	9.84e-07	0.05904235	Local	0.05904235	cis
Transcriptomics	YLR050C	SNPs	12	210539	1.95e-06	0.00575565	Distant	0.00575565	trans
Transcriptomics	YLR052W	SNPs	15	882027	7.72e-06	0.01081344	Distant	0.01081344	trans
Transcriptomics	YLR054C	SNPs	13	179439	5.2e-06	0.01881635	Distant	0.01881635	trans
Transcriptomics	YLR056W	SNPs	16	24284	2.49e-06	0.01858036	Distant	0.01858036	trans
Transcriptomics	YLR056W	SNPs	2	159797	7.48e-06	0.08045557	Distant	0.08045557	trans
Transcriptomics	YLR058C	SNPs	16	391587	2.05e-06	0.00964366	Distant	0.00964366	trans
Transcriptomics	YLR059C	SNPs	10	626305	3.32e-06	0.00590083	Distant	0.00590083	trans
Transcriptomics	YLR061W	SNPs	12	263103	1.87e-23	0.09056841	Local	0.09056841	cis
Transcriptomics	YLR070C	SNPs	14	230725	1.93e-06	0.03707578	Distant	0.03707578	trans
Transcriptomics	YLR070C	SNPs	3	79170	5.35e-06	0.00501369	Distant	0.00501369	trans
Transcriptomics	YLR072W	SNPs	14	230725	8.66e-06	0.03227094	Distant	0.03227094	trans
Transcriptomics	YLR076C	SNPs	12	924398	3.52e-06	0.00969646	Distant	0.00969646	trans
Transcriptomics	YLR083C	SNPs	7	655851	1.58e-06	0.00651131	Distant	0.00651131	trans
Transcriptomics	YLR085C	SNPs	12	301966	4.96e-06	0.09017414	Local	0.09017414	cis
Transcriptomics	YLR088W	SNPs	6	119755	8.63e-07	0.04760663	Distant	0.04760663	trans
Transcriptomics	YLR090W	SNPs	1	203386	1.88e-06	0.05530617	Distant	0.05530617	trans
Transcriptomics	YLR094C	SNPs	7	112130	1.53e-06	0.01517469	Distant	0.01517469	trans
Transcriptomics	YLR094C	SNPs	10	395144	3.27e-06	0.01746797	Distant	0.01746797	trans
Transcriptomics	YLR094C	SNPs	16	556112	3.56e-06	0.01993221	Distant	0.01993221	trans
Transcriptomics	YLR097C	SNPs	16	813633	1.55e-06	0.04857746	Distant	0.04857746	trans
Transcriptomics	YLR098C	SNPs	16	104715	5.4e-06	0.00859979	Distant	0.00859979	trans
Transcriptomics	YLR100W	SNPs	12	210539	1.72e-07	0.0066626	Distant	0.0066626	trans
Transcriptomics	YLR105C	SNPs	12	346177	2e-09	0.14704345	Local	0.14704345	cis
Transcriptomics	YLR105C	SNPs	12	345234	4.28e-06	0.00985221	Local	0.00985221	cis
Transcriptomics	YLR107W	SNPs	12	364406	2.5000000000000002e-22	0.03247812	Local	0.03247812	cis
Transcriptomics	YLR107W	SNPs	12	357723	1.48e-08	0.00705784	Local	0.00705784	cis
Transcriptomics	YLR107W	SNPs	12	364410	5.6e-08	0.06134344	Local	0.06134344	cis
Transcriptomics	YLR107W	SNPs	16	208843	1.18e-06	0.0874874	Distant	0.0874874	trans
Transcriptomics	YLR107W	SNPs	12	367673	1.51e-06	0.02528959	Local	0.02528959	cis
Transcriptomics	YLR110C	SNPs	11	569249	6.4e-07	0.03236509	Distant	0.03236509	trans
Transcriptomics	YLR111W	SNPs	2	610295	1.24e-06	0.04041521	Distant	0.04041521	trans
Transcriptomics	YLR112W	SNPs	15	80741	8.4e-07	0.05950496	Distant	0.05950496	trans
Transcriptomics	YLR114C	SNPs	10	69760	3.12e-06	0.01186176	Distant	0.01186176	trans
Transcriptomics	YLR117C	SNPs	6	180546	2.77e-06	0.00443057	Distant	0.00443057	trans
Transcriptomics	YLR120C	SNPs	12	386630	4.44e-09	0.04107621	Local	0.04107621	cis
Transcriptomics	YLR120C	SNPs	4	430471	5.96e-07	0.0276179	Distant	0.0276179	trans
Transcriptomics	YLR120C	SNPs	5	310939	2.43e-06	0.03110626	Distant	0.03110626	trans
Transcriptomics	YLR120C	SNPs	11	515221	2.45e-06	0.03455798	Distant	0.03455798	trans
Transcriptomics	YLR122C	SNPs	12	727328	2.38e-06	0.01553608	Distant	0.01553608	trans
Transcriptomics	YLR126C	SNPs	10	70181	5.22e-06	0.01722888	Distant	0.01722888	trans
Transcriptomics	YLR126C	SNPs	11	463096	5.44e-06	0.0083819	Distant	0.0083819	trans
Transcriptomics	YLR133W	SNPs	14	210544	4.5e-07	0.02072786	Distant	0.02072786	trans
Transcriptomics	YLR134W	SNPs	5	85999	4.13e-07	0.00879032	Distant	0.00879032	trans
Transcriptomics	YLR134W	SNPs	1	142568	3.58e-06	0.0195545	Distant	0.0195545	trans
Transcriptomics	YLR137W	SNPs	2	207727	2.2e-06	0.01714359	Distant	0.01714359	trans
Transcriptomics	YLR139C	SNPs	4	34063	2.95e-06	0.06665741	Distant	0.06665741	trans
Transcriptomics	YLR141W	SNPs	2	61447	1.05e-06	0.04337589	Distant	0.04337589	trans
Transcriptomics	YLR141W	SNPs	9	284368	2.14e-06	0.10045309	Distant	0.10045309	trans
Transcriptomics	YLR141W	SNPs	15	257563	4.25e-06	0.01518479	Distant	0.01518479	trans
Transcriptomics	YLR141W	SNPs	9	335817	5.06e-06	0.04289196	Distant	0.04289196	trans
Transcriptomics	YLR145W	SNPs	15	309869	2.34e-06	0.07275317	Distant	0.07275317	trans
Transcriptomics	YLR146C	SNPs	7	655851	5.49e-06	0.0058049	Distant	0.0058049	trans
Transcriptomics	YLR146C	SNPs	3	266282	9.32e-06	0.00944891	Distant	0.00944891	trans
Transcriptomics	YLR149C-A	SNPs	12	440337	1.64e-26	0.18241672	Local	0.18241672	cis
Transcriptomics	YLR149C-A	SNPs	12	439587	6.04e-10	0.09464392	Local	0.09464392	cis
Transcriptomics	YLR151C	SNPs	12	442615	1.0499999999999999e-30	0.11752641	Local	0.11752641	cis
Transcriptomics	YLR151C	SNPs	12	443030	6.91e-12	0.11055665	Local	0.11055665	cis
Transcriptomics	YLR151C	SNPs	12	442873	5.56e-11	0.02482956	Local	0.02482956	cis
Transcriptomics	YLR151C	SNPs	12	442798	1.61e-10	0.01412031	Local	0.01412031	cis
Transcriptomics	YLR151C	SNPs	12	443985	2.22e-07	0.03955846	Local	0.03955846	cis
Transcriptomics	YLR151C	SNPs	12	441545	8.69e-07	0.00693194	Local	0.00693194	cis
Transcriptomics	YLR151C	SNPs	12	440640	8.74e-07	0.02440147	Local	0.02440147	cis
Transcriptomics	YLR152C	SNPs	12	443030	2.97e-10	0.07966039	Local	0.07966039	cis
Transcriptomics	YLR152C	SNPs	16	556112	7.24e-07	0.02196385	Distant	0.02196385	trans
Transcriptomics	YLR152C	SNPs	1	128470	3.27e-06	0.01920177	Distant	0.01920177	trans
Transcriptomics	YLR168C	SNPs	12	500491	1.65e-07	0.06995733	Local	0.06995733	cis
Transcriptomics	YLR168C	SNPs	16	229324	1.87e-06	0.00873647	Distant	0.00873647	trans
Transcriptomics	YLR172C	SNPs	12	503512	2.38e-07	0.07476899	Local	0.07476899	cis
Transcriptomics	YLR172C	SNPs	4	120030	5.29e-06	0.06693751	Distant	0.06693751	trans
Transcriptomics	YLR179C	SNPs	12	514845	6.0200000000000005e-65	0.35326281	Local	0.35326281	cis
Transcriptomics	YLR179C	SNPs	14	593545	9.51e-07	0.01358436	Distant	0.01358436	trans
Transcriptomics	YLR179C	SNPs	13	740894	1.31e-06	0.01163245	Distant	0.01163245	trans
Transcriptomics	YLR179C	SNPs	6	175192	3.48e-06	0.01072554	Distant	0.01072554	trans
Transcriptomics	YLR179C	SNPs	12	513887	4.06e-06	0.01342223	Local	0.01342223	cis
Transcriptomics	YLR180W	SNPs	7	655851	7.59e-08	0.00820132	Distant	0.00820132	trans
Transcriptomics	YLR180W	SNPs	15	789595	3.24e-06	0.01049775	Distant	0.01049775	trans
Transcriptomics	YLR183C	SNPs	14	124139	2.89e-06	0.0523115	Distant	0.0523115	trans
Transcriptomics	YLR191W	SNPs	11	580794	2.08e-06	0.00841936	Distant	0.00841936	trans
Transcriptomics	YLR194C	SNPs	14	605480	1.52e-06	0.01560958	Distant	0.01560958	trans
Transcriptomics	YLR197W	SNPs	7	655851	4.82e-06	0.00577799	Distant	0.00577799	trans
Transcriptomics	YLR201C	SNPs	12	550665	2.14e-07	0.04977955	Local	0.04977955	cis
Transcriptomics	YLR205C	SNPs	14	425075	1.16e-06	0.11590118	Distant	0.11590118	trans
Transcriptomics	YLR208W	SNPs	12	560024	3.99e-07	0.02386047	Local	0.02386047	cis
Transcriptomics	YLR208W	SNPs	12	1012407	5.31e-06	0.02024852	Distant	0.02024852	trans
Transcriptomics	YLR209C	SNPs	12	560800	7.77e-11	0.01480721	Local	0.01480721	cis
Transcriptomics	YLR212C	SNPs	16	773032	1.41e-06	0.04876291	Distant	0.04876291	trans
Transcriptomics	YLR213C	SNPs	12	832198	1.5e-06	0.05738292	Distant	0.05738292	trans
Transcriptomics	YLR214W	SNPs	12	567995	1.21e-07	0.01612026	Local	0.01612026	cis
Transcriptomics	YLR214W	SNPs	12	571809	3.36e-06	0.09745833	Local	0.09745833	cis
Transcriptomics	YLR218C	SNPs	12	367348	7.7e-07	0.02714018	Distant	0.02714018	trans
Transcriptomics	YLR224W	SNPs	4	1213572	4.76e-06	0.00519104	Distant	0.00519104	trans
Transcriptomics	YLR225C	SNPs	1	83309	1.38e-06	0.04857335	Distant	0.04857335	trans
Transcriptomics	YLR225C	SNPs	1	83337	1.42e-06	0.08551996	Distant	0.08551996	trans
Transcriptomics	YLR227C	SNPs	12	591465	2.33e-06	0.01574274	Local	0.01574274	cis
Transcriptomics	YLR228C	SNPs	11	581566	1.65e-06	0.02108325	Distant	0.02108325	trans
Transcriptomics	YLR231C	SNPs	12	607128	1.42e-06	0.04543392	Local	0.04543392	cis
Transcriptomics	YLR232W	SNPs	12	607614	2.78e-09	0.14228951	Local	0.14228951	cis
Transcriptomics	YLR232W	SNPs	12	607128	1.71e-07	0.04797541	Local	0.04797541	cis
Transcriptomics	YLR233C	SNPs	15	868024	3.07e-07	0.07180926	Distant	0.07180926	trans
Transcriptomics	YLR237W	SNPs	15	586701	1.58e-07	0.01621089	Distant	0.01621089	trans
Transcriptomics	YLR238W	SNPs	12	614708	3.92e-08	0.0492961	Local	0.0492961	cis
Transcriptomics	YLR239C	SNPs	15	674643	3.36e-07	0.03447155	Distant	0.03447155	trans
Transcriptomics	YLR239C	SNPs	15	941220	2.18e-06	0.040453	Distant	0.040453	trans
Transcriptomics	YLR246W	SNPs	12	723642	7.17e-07	0.01682993	Distant	0.01682993	trans
Transcriptomics	YLR246W	SNPs	2	253367	1.8e-06	0.01372652	Distant	0.01372652	trans
Transcriptomics	YLR247C	SNPs	7	251694	1.09e-05	0.00740304	Distant	0.00740304	trans
Transcriptomics	YLR249W	SNPs	7	655851	1.63e-06	0.00630973	Distant	0.00630973	trans
Transcriptomics	YLR254C	SNPs	12	775104	1.3e-06	0.05734476	Distant	0.05734476	trans
Transcriptomics	YLR257W	SNPs	4	848316	1.13e-06	0.02020398	Distant	0.02020398	trans
Transcriptomics	YLR258W	SNPs	12	660194	6.35e-07	0.01256851	Local	0.01256851	cis
Transcriptomics	YLR262C	SNPs	12	668131	2.67e-15	0.0519376	Local	0.0519376	cis
Transcriptomics	YLR262C	SNPs	12	668899	2.78e-11	0.07073923	Local	0.07073923	cis
Transcriptomics	YLR265C	SNPs	12	677014	4.31e-07	0.02394946	Local	0.02394946	cis
Transcriptomics	YLR266C	SNPs	12	677829	2.12e-25	0.13705377	Local	0.13705377	cis
Transcriptomics	YLR267W	SNPs	12	677829	7.92e-13	0.07096977	Local	0.07096977	cis
Transcriptomics	YLR267W	SNPs	15	631254	4.34e-07	0.00760588	Distant	0.00760588	trans
Transcriptomics	YLR270W	SNPs	12	665873	1.87e-06	0.00819543	Local	0.00819543	cis
Transcriptomics	YLR274W	SNPs	14	491381	2.1e-06	0.033764	Distant	0.033764	trans
Transcriptomics	YLR281C	SNPs	4	59148	3.6e-06	0.01181273	Distant	0.01181273	trans
Transcriptomics	YLR284C	SNPs	12	707189	2.72e-11	0.0135478	Local	0.0135478	cis
Transcriptomics	YLR294C	SNPs	4	34063	1.28e-07	0.07805962	Distant	0.07805962	trans
Transcriptomics	YLR301W	SNPs	16	411368	1.84e-06	0.01329377	Distant	0.01329377	trans
Transcriptomics	YLR302C	SNPs	13	622544	9.22e-12	0.02699181	Distant	0.02699181	trans
Transcriptomics	YLR302C	SNPs	13	622439	2.89e-11	0.04514193	Distant	0.04514193	trans
Transcriptomics	YLR302C	SNPs	13	622076	1.39e-07	0.0806818	Distant	0.0806818	trans
Transcriptomics	YLR307C-A	SNPs	7	165469	2.36e-06	0.02984062	Distant	0.02984062	trans
Transcriptomics	YLR309C	SNPs	8	463767	3.13e-07	0.03719331	Distant	0.03719331	trans
Transcriptomics	YLR312W-A	SNPs	7	554853	1.52e-06	0.00525043	Distant	0.00525043	trans
Transcriptomics	YLR313C	SNPs	12	760343	5.76e-20	0.12508308	Local	0.12508308	cis
Transcriptomics	YLR313C	SNPs	10	290106	5.42e-07	0.01705594	Distant	0.01705594	trans
Transcriptomics	YLR313C	SNPs	12	559511	2.37e-06	0.04324661	Distant	0.04324661	trans
Transcriptomics	YLR313C	SNPs	12	281958	2.48e-06	0.01338229	Distant	0.01338229	trans
Transcriptomics	YLR313C	SNPs	16	768715	3.5e-06	0.04933735	Distant	0.04933735	trans
Transcriptomics	YLR319C	SNPs	10	106721	6.85e-06	0.08283964	Distant	0.08283964	trans
Transcriptomics	YLR323C	SNPs	12	778114	3.04e-06	0.06665931	Local	0.06665931	cis
Transcriptomics	YLR323C	SNPs	10	329858	5.12e-06	0.06885054	Distant	0.06885054	trans
Transcriptomics	YLR326W	SNPs	13	296288	7.21e-06	0.03002455	Distant	0.03002455	trans
Transcriptomics	YLR328W	SNPs	4	95631	3.07e-06	0.02776531	Distant	0.02776531	trans
Transcriptomics	YLR329W	SNPs	15	844406	3.36e-06	0.04069984	Distant	0.04069984	trans
Transcriptomics	YLR332W	SNPs	1	175532	4.17e-06	0.02705546	Distant	0.02705546	trans
Transcriptomics	YLR334C	SNPs	12	796855	3.07e-09	0.04230163	Local	0.04230163	cis
Transcriptomics	YLR334C	SNPs	15	541647	2.97e-06	0.02352648	Distant	0.02352648	trans
Transcriptomics	YLR336C	SNPs	7	655851	2.33e-07	0.00775752	Distant	0.00775752	trans
Transcriptomics	YLR341W	SNPs	12	808422	8.499999999999999e-38	0.16682906	Local	0.16682906	cis
Transcriptomics	YLR341W	SNPs	12	808434	3.73e-23	0.09582916	Local	0.09582916	cis
Transcriptomics	YLR341W	SNPs	12	807037	7e-08	0.0076843	Local	0.0076843	cis
Transcriptomics	YLR341W	SNPs	12	807361	1.29e-06	0.07930886	Local	0.07930886	cis
Transcriptomics	YLR343W	SNPs	12	817044	6.82e-07	0.09804187	Local	0.09804187	cis
Transcriptomics	YLR344W	SNPs	12	585709	1.82e-06	0.03329947	Distant	0.03329947	trans
Transcriptomics	YLR346C	SNPs	12	117788	5.05e-08	0.07961164	Distant	0.07961164	trans
Transcriptomics	YLR346C	SNPs	12	821272	1.92e-07	0.0570199	Local	0.0570199	cis
Transcriptomics	YLR347C	SNPs	14	408355	5.35e-06	0.00909498	Distant	0.00909498	trans
Transcriptomics	YLR351C	SNPs	4	1139792	4.05e-06	0.04296583	Distant	0.04296583	trans
Transcriptomics	YLR356W	SNPs	15	411155	2.01e-06	0.03081175	Distant	0.03081175	trans
Transcriptomics	YLR358C	SNPs	4	541810	2.06e-06	0.00364532	Distant	0.00364532	trans
Transcriptomics	YLR358C	SNPs	12	212876	2.72e-06	0.00579585	Distant	0.00579585	trans
Transcriptomics	YLR361C-A	SNPs	12	850042	7.2e-08	0.02617847	Local	0.02617847	cis
Transcriptomics	YLR361C-A	SNPs	12	851760	1.16e-07	0.10352558	Local	0.10352558	cis
Transcriptomics	YLR361C-A	SNPs	12	959018	3.48e-06	0.03978269	Distant	0.03978269	trans
Transcriptomics	YLR361C	SNPs	14	449443	1.13e-06	0.04517169	Distant	0.04517169	trans
Transcriptomics	YLR376C	SNPs	12	873227	2.52e-06	0.00902809	Local	0.00902809	cis
Transcriptomics	YLR376C	SNPs	12	873021	5.35e-06	0.02672651	Local	0.02672651	cis
Transcriptomics	YLR377C	SNPs	7	238358	1.58e-07	0.03321759	Distant	0.03321759	trans
Transcriptomics	YLR380W	SNPs	6	77007	4.15e-06	0.04952757	Distant	0.04952757	trans
Transcriptomics	YLR380W	SNPs	8	247659	5.54e-06	0.04087039	Distant	0.04087039	trans
Transcriptomics	YLR383W	SNPs	12	128659	7.41e-07	0.01479251	Distant	0.01479251	trans
Transcriptomics	YLR384C	SNPs	7	655851	3.46e-07	0.00753474	Distant	0.00753474	trans
Transcriptomics	YLR389C	SNPs	12	902715	5.6e-08	0.05266022	Local	0.05266022	cis
Transcriptomics	YLR390W	SNPs	15	374802	1.21e-06	0.02474374	Distant	0.02474374	trans
Transcriptomics	YLR392C	SNPs	3	65398	2.03e-06	0.01548946	Distant	0.01548946	trans
Transcriptomics	YLR392C	SNPs	16	48995	2.55e-06	0.02175432	Distant	0.02175432	trans
Transcriptomics	YLR394W	SNPs	12	506310	2e-06	0.01551139	Distant	0.01551139	trans
Transcriptomics	YLR402W	SNPs	14	354740	5.07e-07	0.07966222	Distant	0.07966222	trans
Transcriptomics	YLR402W	SNPs	2	183084	2.18e-06	0.05641692	Distant	0.05641692	trans
Transcriptomics	YLR404W	SNPs	4	424011	1.73e-06	0.01559481	Distant	0.01559481	trans
Transcriptomics	YLR405W	SNPs	6	43129	7.57e-06	0.01495959	Distant	0.01495959	trans
Transcriptomics	YLR406C-A	SNPs	12	932584	2.17e-06	0.01653165	Local	0.01653165	cis
Transcriptomics	YLR407W	SNPs	12	748644	1.67e-06	0.01844839	Distant	0.01844839	trans
Transcriptomics	YLR408C	SNPs	12	934492	2.58e-06	0.04366913	Local	0.04366913	cis
Transcriptomics	YLR409C	SNPs	7	655851	2.31e-06	0.00621456	Distant	0.00621456	trans
Transcriptomics	YLR412C-A	SNPs	12	519313	2.35e-06	0.01593132	Distant	0.01593132	trans
Transcriptomics	YLR412C-A	SNPs	12	933520	3.97e-06	0.01621098	Local	0.01621098	cis
Transcriptomics	YLR415C	SNPs	10	582845	3.63e-06	0.03366933	Distant	0.03366933	trans
Transcriptomics	YLR418C	SNPs	12	957106	3.65e-08	0.04690826	Local	0.04690826	cis
Transcriptomics	YLR418C	SNPs	12	959018	5.28e-07	0.04894305	Local	0.04894305	cis
Transcriptomics	YLR420W	SNPs	11	411807	5.83e-08	0.0226251	Distant	0.0226251	trans
Transcriptomics	YLR420W	SNPs	4	574907	2.1e-06	0.0225368	Distant	0.0225368	trans
Transcriptomics	YLR420W	SNPs	10	95205	5.6e-06	0.02666633	Distant	0.02666633	trans
Transcriptomics	YLR421C	SNPs	6	48886	1.4e-07	0.0247277	Distant	0.0247277	trans
Transcriptomics	YLR421C	SNPs	7	655851	1.04e-06	0.00625878	Distant	0.00625878	trans
Transcriptomics	YLR423C	SNPs	12	972375	7.21e-26	0.407582	Local	0.407582	cis
Transcriptomics	YLR423C	SNPs	12	974945	3.6e-07	0.02371311	Local	0.02371311	cis
Transcriptomics	YLR423C	SNPs	12	774054	2.84e-06	0.01012518	Distant	0.01012518	trans
Transcriptomics	YLR424W	SNPs	12	975612	1.79e-26	0.16427893	Local	0.16427893	cis
Transcriptomics	YLR424W	SNPs	12	975675	2.61e-17	0.08422726	Local	0.08422726	cis
Transcriptomics	YLR424W	SNPs	12	975966	9.36e-13	0.04587936	Local	0.04587936	cis
Transcriptomics	YLR424W	SNPs	12	974822	9.99e-09	0.03957754	Local	0.03957754	cis
Transcriptomics	YLR424W	SNPs	16	341087	1.1e-07	0.01643424	Distant	0.01643424	trans
Transcriptomics	YLR424W	SNPs	7	853005	6.11e-07	0.00856105	Distant	0.00856105	trans
Transcriptomics	YLR426W	SNPs	11	411643	1.22e-06	0.04728581	Distant	0.04728581	trans
Transcriptomics	YLR426W	SNPs	15	909929	3.36e-06	0.00705772	Distant	0.00705772	trans
Transcriptomics	YLR430W	SNPs	12	210539	3.02e-06	0.0051883	Distant	0.0051883	trans
Transcriptomics	YLR433C	SNPs	12	1006629	1.86e-10	0.15182033	Local	0.15182033	cis
Transcriptomics	YLR435W	SNPs	7	655851	3.68e-06	0.00620224	Distant	0.00620224	trans
Transcriptomics	YLR435W	SNPs	5	220904	7.08e-06	0.0143179	Distant	0.0143179	trans
Transcriptomics	YLR437C	SNPs	12	1012407	8.38e-09	0.03525775	Local	0.03525775	cis
Transcriptomics	YLR438C-A	SNPs	16	659460	2.52e-06	0.04428223	Distant	0.04428223	trans
Transcriptomics	YLR438W	SNPs	13	75275	5.14e-08	0.07726412	Distant	0.07726412	trans
Transcriptomics	YLR443W	SNPs	2	121899	5.89e-07	0.03125964	Distant	0.03125964	trans
Transcriptomics	YLR443W	SNPs	11	271621	3.58e-06	0.01376767	Distant	0.01376767	trans
Transcriptomics	YLR447C	SNPs	16	377196	8.34e-07	0.00764696	Distant	0.00764696	trans
Transcriptomics	YLR449W	SNPs	4	327242	2.08e-06	0.07866085	Distant	0.07866085	trans
Transcriptomics	YLR451W	SNPs	16	821491	3.85e-06	0.04272749	Distant	0.04272749	trans
Transcriptomics	YLR455W	SNPs	14	448099	1.29e-06	0.01203084	Distant	0.01203084	trans
Transcriptomics	YLR455W	SNPs	16	24710	3.71e-06	0.00691032	Distant	0.00691032	trans
Transcriptomics	YLR455W	SNPs	15	524342	6.31e-06	0.00892175	Distant	0.00892175	trans
Transcriptomics	YLR456W	SNPs	12	1055129	1.66e-09	0.02962797	Local	0.02962797	cis
Transcriptomics	YLR462W	SNPs	8	188065	3.48e-06	0.00563476	Distant	0.00563476	trans
Transcriptomics	YLR466W	SNPs	12	85385	1.72e-06	0.01638984	Distant	0.01638984	trans
Transcriptomics	YLR466W	SNPs	4	593321	3.15e-06	0.00248646	Distant	0.00248646	trans
Transcriptomics	YML002W	SNPs	8	212499	5.03e-07	0.03329511	Distant	0.03329511	trans
Transcriptomics	YML004C	SNPs	2	124959	3.19e-06	0.01037921	Distant	0.01037921	trans
Transcriptomics	YML010W	SNPs	2	690620	7.86e-07	0.01802162	Distant	0.01802162	trans
Transcriptomics	YML010W	SNPs	6	245724	2.2e-06	0.00743397	Distant	0.00743397	trans
Transcriptomics	YML011C	SNPs	13	643493	2.53e-06	0.02402844	Distant	0.02402844	trans
Transcriptomics	YML011C	SNPs	11	454594	5.2e-06	0.01955893	Distant	0.01955893	trans
Transcriptomics	YML012W	SNPs	15	586701	1.19e-06	0.01542663	Distant	0.01542663	trans
Transcriptomics	YML016C	SNPs	15	167627	2.3e-06	0.06629572	Distant	0.06629572	trans
Transcriptomics	YML018C	SNPs	15	717973	1.3e-06	0.01540306	Distant	0.01540306	trans
Transcriptomics	YML018C	SNPs	15	715193	2.96e-06	0.05118296	Distant	0.05118296	trans
Transcriptomics	YML018C	SNPs	15	715851	3.64e-06	0.01513947	Distant	0.01513947	trans
Transcriptomics	YML018C	SNPs	10	524477	5.15e-06	0.04414362	Distant	0.04414362	trans
Transcriptomics	YML018C	SNPs	15	237076	6.14e-06	0.07820642	Distant	0.07820642	trans
Transcriptomics	YML019W	SNPs	12	210539	1.48e-06	0.00540762	Distant	0.00540762	trans
Transcriptomics	YML019W	SNPs	10	208398	2.3e-06	0.04436972	Distant	0.04436972	trans
Transcriptomics	YML021C	SNPs	7	670910	4.67e-06	0.06243934	Distant	0.06243934	trans
Transcriptomics	YML026C	SNPs	12	585709	2.54e-06	0.0320902	Distant	0.0320902	trans
Transcriptomics	YML028W	SNPs	8	333830	2.57e-06	0.007809	Distant	0.007809	trans
Transcriptomics	YML035C	SNPs	1	92566	6.14e-06	0.00647179	Distant	0.00647179	trans
Transcriptomics	YML043C	SNPs	15	715851	1.37e-06	0.01627811	Distant	0.01627811	trans
Transcriptomics	YML043C	SNPs	10	524477	1.66e-06	0.04818303	Distant	0.04818303	trans
Transcriptomics	YML051W	SNPs	13	171523	5.87e-13	0.18883203	Local	0.18883203	cis
Transcriptomics	YML051W	SNPs	16	903426	6.86e-08	0.00922562	Distant	0.00922562	trans
Transcriptomics	YML051W	SNPs	4	935282	6.4e-07	0.03206588	Distant	0.03206588	trans
Transcriptomics	YML051W	SNPs	16	900919	1.1e-06	0.00878523	Distant	0.00878523	trans
Transcriptomics	YML051W	SNPs	4	489193	1.79e-06	0.03905208	Distant	0.03905208	trans
Transcriptomics	YML051W	SNPs	15	364667	2.52e-06	0.03113652	Distant	0.03113652	trans
Transcriptomics	YML055W	SNPs	10	96753	3e-06	0.00613622	Distant	0.00613622	trans
Transcriptomics	YML058W-A	SNPs	13	370963	4.37e-07	0.00778806	Distant	0.00778806	trans
Transcriptomics	YML061C	SNPs	7	238358	1.65e-06	0.03029035	Distant	0.03029035	trans
Transcriptomics	YML062C	SNPs	16	588825	2.92e-07	0.05222149	Distant	0.05222149	trans
Transcriptomics	YML062C	SNPs	9	395649	5.46e-06	0.01028806	Distant	0.01028806	trans
Transcriptomics	YML064C	SNPs	11	430859	2.05e-06	0.00985328	Distant	0.00985328	trans
Transcriptomics	YML066C	SNPs	13	140395	5.6900000000000006e-64	0.66552076	Local	0.66552076	cis
Transcriptomics	YML066C	SNPs	13	158208	2.34e-06	0.03864533	Local	0.03864533	cis
Transcriptomics	YML077W	SNPs	7	654338	3.15e-06	0.05266081	Distant	0.05266081	trans
Transcriptomics	YML078W	SNPs	16	762221	2.93e-06	0.02869816	Distant	0.02869816	trans
Transcriptomics	YML078W	SNPs	14	305567	3.44e-06	0.01847902	Distant	0.01847902	trans
Transcriptomics	YML078W	SNPs	14	40748	3.86e-06	0.02374158	Distant	0.02374158	trans
Transcriptomics	YML080W	SNPs	5	220904	5.27e-06	0.01490637	Distant	0.01490637	trans
Transcriptomics	YML081C-A	SNPs	6	155252	3.67e-06	0.01998223	Distant	0.01998223	trans
Transcriptomics	YML081W	SNPs	13	495559	1.6e-06	0.05373356	Distant	0.05373356	trans
Transcriptomics	YML082W	SNPs	15	715193	4.9e-06	0.04821848	Distant	0.04821848	trans
Transcriptomics	YML082W	SNPs	15	715851	5.35e-06	0.01436354	Distant	0.01436354	trans
Transcriptomics	YML083C	SNPs	2	277831	3.32e-06	0.0196616	Distant	0.0196616	trans
Transcriptomics	YML086C	SNPs	13	97577	5.54e-14	0.02141367	Local	0.02141367	cis
Transcriptomics	YML092C	SNPs	7	481776	4.76e-06	0.03386368	Distant	0.03386368	trans
Transcriptomics	YML093W	SNPs	7	655851	9.18e-07	0.00633682	Distant	0.00633682	trans
Transcriptomics	YML099C	SNPs	11	580794	6.73e-07	0.00969155	Distant	0.00969155	trans
Transcriptomics	YML101C	SNPs	12	391007	1.55e-06	0.00939663	Distant	0.00939663	trans
Transcriptomics	YML102W	SNPs	12	210539	3.34e-06	0.00527007	Distant	0.00527007	trans
Transcriptomics	YML105C	SNPs	7	873682	5.58e-06	0.02496701	Distant	0.02496701	trans
Transcriptomics	YML110C	SNPs	14	230725	4.15e-06	0.03557638	Distant	0.03557638	trans
Transcriptomics	YML115C	SNPs	7	1031068	6.2e-07	0.02485465	Distant	0.02485465	trans
Transcriptomics	YML116W-A	SNPs	13	37836	7.09e-06	0.05506054	Local	0.05506054	cis
Transcriptomics	YML118W	SNPs	13	34777	2.2e-13	0.04464618	Local	0.04464618	cis
Transcriptomics	YML118W	SNPs	13	39077	1.21e-06	0.02307053	Local	0.02307053	cis
Transcriptomics	YML123C	SNPs	7	267569	5.13e-07	0.01492376	Distant	0.01492376	trans
Transcriptomics	YML130C	SNPs	2	214801	5.36e-06	0.06467063	Distant	0.06467063	trans
Transcriptomics	YML132W	SNPs	13	13242	2.14e-06	0.03757565	Local	0.03757565	cis
Transcriptomics	YMR003W	SNPs	12	990074	2.97e-07	0.01344386	Distant	0.01344386	trans
Transcriptomics	YMR006C	SNPs	13	273333	7.49e-17	0.18598845	Local	0.18598845	cis
Transcriptomics	YMR006C	SNPs	13	268856	4.74e-08	0.01845697	Local	0.01845697	cis
Transcriptomics	YMR007W	SNPs	13	283179	2.13e-08	0.10523446	Local	0.10523446	cis
Transcriptomics	YMR007W	SNPs	14	723908	3.4e-06	0.01298126	Distant	0.01298126	trans
Transcriptomics	YMR008C	SNPs	13	283179	1.74e-20	0.23414985	Local	0.23414985	cis
Transcriptomics	YMR008C	SNPs	13	274143	4.97e-08	0.09442749	Local	0.09442749	cis
Transcriptomics	YMR008C	SNPs	13	247727	8.31e-07	0.07232332	Distant	0.07232332	trans
Transcriptomics	YMR009W	SNPs	11	290740	1.6e-07	0.01866557	Distant	0.01866557	trans
Transcriptomics	YMR011W	SNPs	13	287613	1.81e-08	0.03492746	Local	0.03492746	cis
Transcriptomics	YMR012W	SNPs	2	690620	3.45e-06	0.015801	Distant	0.015801	trans
Transcriptomics	YMR022W	SNPs	7	656576	3.09e-06	0.04419487	Distant	0.04419487	trans
Transcriptomics	YMR022W	SNPs	4	229105	8.02e-06	0.03341686	Distant	0.03341686	trans
Transcriptomics	YMR024W	SNPs	11	173945	7.61e-06	0.00678062	Distant	0.00678062	trans
Transcriptomics	YMR030W-A	SNPs	14	400788	1.41e-06	0.01538246	Distant	0.01538246	trans
Transcriptomics	YMR034C	SNPs	13	346162	1.06e-06	0.00812168	Local	0.00812168	cis
Transcriptomics	YMR036C	SNPs	10	395144	6.18e-06	0.01399434	Distant	0.01399434	trans
Transcriptomics	YMR037C	SNPs	1	102348	2.9e-06	0.04602549	Distant	0.04602549	trans
Transcriptomics	YMR038C	SNPs	15	274222	5.71e-07	0.08679174	Distant	0.08679174	trans
Transcriptomics	YMR042W	SNPs	13	352713	3.38e-08	0.06617007	Local	0.06617007	cis
Transcriptomics	YMR042W	SNPs	13	352695	2.06e-07	0.10722147	Local	0.10722147	cis
Transcriptomics	YMR046W-A	SNPs	4	930077	1.76e-06	0.00896074	Distant	0.00896074	trans
Transcriptomics	YMR046W-A	SNPs	7	166259	3.07e-06	0.00628163	Distant	0.00628163	trans
Transcriptomics	YMR048W	SNPs	13	191569	2.31e-06	0.01795307	Distant	0.01795307	trans
Transcriptomics	YMR049C	SNPs	7	655851	2.34e-06	0.00596342	Distant	0.00596342	trans
Transcriptomics	YMR054W	SNPs	1	92566	1.07e-07	0.00927857	Distant	0.00927857	trans
Transcriptomics	YMR057C	SNPs	14	586872	9.39e-07	0.03762876	Distant	0.03762876	trans
Transcriptomics	YMR057C	SNPs	2	451442	1.43e-06	0.01581055	Distant	0.01581055	trans
Transcriptomics	YMR059W	SNPs	16	795157	1.19e-08	0.04238287	Distant	0.04238287	trans
Transcriptomics	YMR060C	SNPs	14	20075	1.28e-06	0.01362754	Distant	0.01362754	trans
Transcriptomics	YMR060C	SNPs	14	505381	2.82e-06	0.00568188	Distant	0.00568188	trans
Transcriptomics	YMR061W	SNPs	11	92728	1.07e-06	0.01038649	Distant	0.01038649	trans
Transcriptomics	YMR068W	SNPs	16	415343	5.35e-07	0.05593977	Distant	0.05593977	trans
Transcriptomics	YMR069W	SNPs	7	1058166	1.33e-06	0.0088038	Distant	0.0088038	trans
Transcriptomics	YMR074C	SNPs	4	260036	6.36e-06	0.05846442	Distant	0.05846442	trans
Transcriptomics	YMR075C-A	SNPs	16	214444	3.63e-06	0.01208651	Distant	0.01208651	trans
Transcriptomics	YMR077C	SNPs	14	691878	2.82e-06	0.02944487	Distant	0.02944487	trans
Transcriptomics	YMR077C	SNPs	16	588825	3.69e-06	0.0387386	Distant	0.0387386	trans
Transcriptomics	YMR079W	SNPs	13	426255	3.04e-07	0.02203111	Local	0.02203111	cis
Transcriptomics	YMR080C	SNPs	16	239611	5.37e-06	0.01207251	Distant	0.01207251	trans
Transcriptomics	YMR083W	SNPs	13	434221	3.55e-10	0.03455608	Local	0.03455608	cis
Transcriptomics	YMR083W	SNPs	13	434776	4.28e-06	0.05335274	Local	0.05335274	cis
Transcriptomics	YMR083W	SNPs	13	433403	4.32e-06	0.02189815	Local	0.02189815	cis
Transcriptomics	YMR085W	SNPs	4	1181379	8.26e-06	0.05285589	Distant	0.05285589	trans
Transcriptomics	YMR086C-A	SNPs	13	442194	2.02e-08	0.0374492	Local	0.0374492	cis
Transcriptomics	YMR086C-A	SNPs	13	441834	1.72e-06	0.01011775	Local	0.01011775	cis
Transcriptomics	YMR086C-A	SNPs	14	586872	4.71e-06	0.03274435	Distant	0.03274435	trans
Transcriptomics	YMR087W	SNPs	4	456852	1.13e-07	0.01993541	Distant	0.01993541	trans
Transcriptomics	YMR087W	SNPs	12	210539	7.91e-07	0.00596357	Distant	0.00596357	trans
Transcriptomics	YMR091C	SNPs	11	370412	1.07e-06	0.0401747	Distant	0.0401747	trans
Transcriptomics	YMR092C	SNPs	13	453976	1.63e-16	0.05667032	Local	0.05667032	cis
Transcriptomics	YMR094W	SNPs	11	350584	3.11e-06	0.00804715	Distant	0.00804715	trans
Transcriptomics	YMR095C	SNPs	11	350584	2.27e-06	0.00834958	Distant	0.00834958	trans
Transcriptomics	YMR096W	SNPs	2	117085	2.5e-06	0.02245654	Distant	0.02245654	trans
Transcriptomics	YMR096W	SNPs	4	1347991	2.72e-06	0.01200319	Distant	0.01200319	trans
Transcriptomics	YMR099C	SNPs	12	1046342	4.78e-06	0.00977242	Distant	0.00977242	trans
Transcriptomics	YMR100W	SNPs	13	466235	9.24e-09	0.00985373	Local	0.00985373	cis
Transcriptomics	YMR102C	SNPs	13	472273	2.46e-07	0.03271176	Local	0.03271176	cis
Transcriptomics	YMR103C	SNPs	10	103352	1.49e-06	0.02919979	Distant	0.02919979	trans
Transcriptomics	YMR104C	SNPs	2	198110	9.13e-07	0.00847532	Distant	0.00847532	trans
Transcriptomics	YMR104C	SNPs	13	475649	2.04e-06	0.01027361	Local	0.01027361	cis
Transcriptomics	YMR110C	SNPs	4	1499290	1.73e-06	0.05149679	Distant	0.05149679	trans
Transcriptomics	YMR118C	SNPs	13	503379	2.69e-11	0.18371292	Local	0.18371292	cis
Transcriptomics	YMR120C	SNPs	16	382024	1.35e-06	0.06689642	Distant	0.06689642	trans
Transcriptomics	YMR120C	SNPs	16	391587	6.49e-06	0.00853252	Distant	0.00853252	trans
Transcriptomics	YMR121C	SNPs	13	510091	4.1200000000000004e-27	0.43293394	Local	0.43293394	cis
Transcriptomics	YMR121C	SNPs	12	807455	6.49e-06	0.0716247	Distant	0.0716247	trans
Transcriptomics	YMR122W-A	SNPs	10	254557	3.66e-07	0.01638348	Distant	0.01638348	trans
Transcriptomics	YMR122W-A	SNPs	11	515221	1.03e-06	0.03734322	Distant	0.03734322	trans
Transcriptomics	YMR122W-A	SNPs	14	162041	2.77e-06	0.03943132	Distant	0.03943132	trans
Transcriptomics	YMR122W-A	SNPs	5	310939	5.12e-06	0.03019565	Distant	0.03019565	trans
Transcriptomics	YMR122W-A	SNPs	4	1494753	7.08e-06	0.03360353	Distant	0.03360353	trans
Transcriptomics	YMR124W	SNPs	16	556159	1.66e-06	0.01088416	Distant	0.01088416	trans
Transcriptomics	YMR124W	SNPs	12	115567	2.05e-06	0.0074482	Distant	0.0074482	trans
Transcriptomics	YMR124W	SNPs	13	514327	4.96e-06	0.03960133	Local	0.03960133	cis
Transcriptomics	YMR125W	SNPs	4	527884	2.79e-07	0.00610323	Distant	0.00610323	trans
Transcriptomics	YMR125W	SNPs	7	655851	6.21e-06	0.0053674	Distant	0.0053674	trans
Transcriptomics	YMR128W	SNPs	7	655851	1.04e-06	0.00670732	Distant	0.00670732	trans
Transcriptomics	YMR132C	SNPs	13	534912	7e-08	0.04446291	Local	0.04446291	cis
Transcriptomics	YMR132C	SNPs	13	535934	5.03e-07	0.0185578	Local	0.0185578	cis
Transcriptomics	YMR135W-A	SNPs	13	541257	2.73e-06	0.00987071	Local	0.00987071	cis
Transcriptomics	YMR143W	SNPs	12	585709	5.38e-06	0.02887538	Distant	0.02887538	trans
Transcriptomics	YMR150C	SNPs	9	121009	3.28e-07	0.01220987	Distant	0.01220987	trans
Transcriptomics	YMR151W	SNPs	13	562796	2.64e-11	0.09388031	Local	0.09388031	cis
Transcriptomics	YMR152W	SNPs	13	562475	5.49e-28	0.06205158	Local	0.06205158	cis
Transcriptomics	YMR152W	SNPs	13	564094	1.03e-16	0.03751331	Local	0.03751331	cis
Transcriptomics	YMR152W	SNPs	13	561662	1.13e-16	0.07645141	Local	0.07645141	cis
Transcriptomics	YMR152W	SNPs	13	560774	4.66e-12	0.01751322	Local	0.01751322	cis
Transcriptomics	YMR152W	SNPs	13	561132	1.8e-08	0.0757861	Local	0.0757861	cis
Transcriptomics	YMR152W	SNPs	13	563083	5.28e-08	0.00906093	Local	0.00906093	cis
Transcriptomics	YMR152W	SNPs	9	124530	3.35e-07	0.01052351	Distant	0.01052351	trans
Transcriptomics	YMR152W	SNPs	13	564157	4.67e-07	0.02185623	Local	0.02185623	cis
Transcriptomics	YMR152W	SNPs	2	699737	5.82e-06	0.01377744	Distant	0.01377744	trans
Transcriptomics	YMR153W	SNPs	7	650278	8.96e-07	0.09226295	Distant	0.09226295	trans
Transcriptomics	YMR156C	SNPs	16	827142	5.53e-07	0.06452533	Distant	0.06452533	trans
Transcriptomics	YMR156C	SNPs	10	288054	1.24e-06	0.03275781	Distant	0.03275781	trans
Transcriptomics	YMR156C	SNPs	16	878264	3.83e-06	0.01722558	Distant	0.01722558	trans
Transcriptomics	YMR160W	SNPs	16	421124	5.72e-06	0.07387442	Distant	0.07387442	trans
Transcriptomics	YMR161W	SNPs	13	582716	3.81e-07	0.10050473	Local	0.10050473	cis
Transcriptomics	YMR165C	SNPs	16	130644	2.18e-06	0.1007672	Distant	0.1007672	trans
Transcriptomics	YMR168C	SNPs	11	580794	3.78e-06	0.00745563	Distant	0.00745563	trans
Transcriptomics	YMR170C	SNPs	5	480007	1.73e-06	0.01344182	Distant	0.01344182	trans
Transcriptomics	YMR171C	SNPs	3	95884	6.76e-06	0.00476537	Distant	0.00476537	trans
Transcriptomics	YMR172C-A	SNPs	13	608238	2.99e-08	0.05978069	Local	0.05978069	cis
Transcriptomics	YMR173W-A	SNPs	13	610070	2.02e-06	0.05600411	Local	0.05600411	cis
Transcriptomics	YMR173W-A	SNPs	13	613424	3.05e-06	0.08143548	Local	0.08143548	cis
Transcriptomics	YMR178W	SNPs	15	48963	1.56e-06	0.00822139	Distant	0.00822139	trans
Transcriptomics	YMR180C	SNPs	13	621489	5.23e-19	0.27928039	Local	0.27928039	cis
Transcriptomics	YMR180C	SNPs	13	616637	7.08e-09	0.03355961	Local	0.03355961	cis
Transcriptomics	YMR180C	SNPs	13	614170	3.85e-07	0.0392116	Local	0.0392116	cis
Transcriptomics	YMR180C	SNPs	9	276656	3.84e-06	0.00757078	Distant	0.00757078	trans
Transcriptomics	YMR180C	SNPs	13	615606	3.94e-06	0.01304873	Local	0.01304873	cis
Transcriptomics	YMR182C	SNPs	7	247666	2.84e-07	0.00871451	Distant	0.00871451	trans
Transcriptomics	YMR182W-A	SNPs	13	625068	1.03e-12	0.14678929	Local	0.14678929	cis
Transcriptomics	YMR189W	SNPs	7	655851	4.77e-06	0.00606501	Distant	0.00606501	trans
Transcriptomics	YMR195W	SNPs	2	543552	1.63e-06	0.0057848	Distant	0.0057848	trans
Transcriptomics	YMR195W	SNPs	4	1270009	5.34e-06	0.05625308	Distant	0.05625308	trans
Transcriptomics	YMR205C	SNPs	13	660266	8.39e-08	0.0142442	Local	0.0142442	cis
Transcriptomics	YMR215W	SNPs	14	71751	3.29e-06	0.09190361	Distant	0.09190361	trans
Transcriptomics	YMR218C	SNPs	13	706931	6.36e-08	0.09162377	Local	0.09162377	cis
Transcriptomics	YMR219W	SNPs	9	53832	3.7e-06	0.02234648	Distant	0.02234648	trans
Transcriptomics	YMR222C	SNPs	12	205355	3.7e-06	0.01344591	Distant	0.01344591	trans
Transcriptomics	YMR226C	SNPs	4	1452093	4.31e-06	0.01283617	Distant	0.01283617	trans
Transcriptomics	YMR229C	SNPs	7	655851	4.75e-07	0.007028	Distant	0.007028	trans
Transcriptomics	YMR230W-A	SNPs	13	779842	6.47e-06	0.00525037	Distant	0.00525037	trans
Transcriptomics	YMR230W	SNPs	3	43304	4.58e-07	0.04740844	Distant	0.04740844	trans
Transcriptomics	YMR232W	SNPs	8	319470	4.44e-07	0.02822062	Distant	0.02822062	trans
Transcriptomics	YMR233W	SNPs	13	748185	3.93e-07	0.02759743	Local	0.02759743	cis
Transcriptomics	YMR235C	SNPs	13	642355	1.98e-06	0.03130802	Distant	0.03130802	trans
Transcriptomics	YMR236W	SNPs	14	605480	5.88e-06	0.01391136	Distant	0.01391136	trans
Transcriptomics	YMR242C	SNPs	12	585709	2.06e-06	0.03166227	Distant	0.03166227	trans
Transcriptomics	YMR243C	SNPs	13	755265	2.46e-08	0.06422864	Local	0.06422864	cis
Transcriptomics	YMR247W-A	SNPs	13	767901	1.42e-06	0.04838992	Local	0.04838992	cis
Transcriptomics	YMR250W	SNPs	13	771073	6.52e-06	0.01183598	Local	0.01183598	cis
Transcriptomics	YMR251W-A	SNPs	2	690620	1.66e-06	0.01794349	Distant	0.01794349	trans
Transcriptomics	YMR251W-A	SNPs	12	833770	1.74e-06	0.01732795	Distant	0.01732795	trans
Transcriptomics	YMR252C	SNPs	4	1477814	3.64e-07	0.02339522	Distant	0.02339522	trans
Transcriptomics	YMR253C	SNPs	4	1477814	1.38e-06	0.02102445	Distant	0.02102445	trans
Transcriptomics	YMR261C	SNPs	13	793617	9.01e-08	0.04817466	Local	0.04817466	cis
Transcriptomics	YMR262W	SNPs	13	793617	6.24e-08	0.04857495	Local	0.04857495	cis
Transcriptomics	YMR263W	SNPs	13	794088	6.57e-08	0.11251251	Local	0.11251251	cis
Transcriptomics	YMR263W	SNPs	15	218142	2.53e-06	0.02155638	Distant	0.02155638	trans
Transcriptomics	YMR265C	SNPs	4	1083062	3.95e-06	0.03392928	Distant	0.03392928	trans
Transcriptomics	YMR265C	SNPs	8	457702	5.85e-06	0.01636642	Distant	0.01636642	trans
Transcriptomics	YMR265C	SNPs	4	1265205	6.82e-06	0.07026987	Distant	0.07026987	trans
Transcriptomics	YMR265C	SNPs	4	147092	8.9e-06	0.04657803	Distant	0.04657803	trans
Transcriptomics	YMR266W	SNPs	13	798333	6.48e-07	0.05280881	Local	0.05280881	cis
Transcriptomics	YMR266W	SNPs	8	489103	4.73e-06	0.0158264	Distant	0.0158264	trans
Transcriptomics	YMR269W	SNPs	12	919791	3.07e-06	0.0140487	Distant	0.0140487	trans
Transcriptomics	YMR270C	SNPs	4	424011	9.91e-08	0.02103851	Distant	0.02103851	trans
Transcriptomics	YMR270C	SNPs	11	125651	1.12e-06	0.01686275	Distant	0.01686275	trans
Transcriptomics	YMR270C	SNPs	15	241656	1.45e-06	0.02668208	Distant	0.02668208	trans
Transcriptomics	YMR270C	SNPs	16	762221	1.53e-06	0.02587433	Distant	0.02587433	trans
Transcriptomics	YMR270C	SNPs	14	40748	2.89e-06	0.02184757	Distant	0.02184757	trans
Transcriptomics	YMR270C	SNPs	5	393786	3.75e-06	0.01865806	Distant	0.01865806	trans
Transcriptomics	YMR270C	SNPs	9	270924	5e-06	0.02392686	Distant	0.02392686	trans
Transcriptomics	YMR270C	SNPs	4	563403	5.26e-06	0.02114237	Distant	0.02114237	trans
Transcriptomics	YMR271C	SNPs	14	527275	8.77e-07	0.10383473	Distant	0.10383473	trans
Transcriptomics	YMR271C	SNPs	14	586448	4.51e-06	0.09135127	Distant	0.09135127	trans
Transcriptomics	YMR274C	SNPs	15	176350	5.98e-06	0.01368903	Distant	0.01368903	trans
Transcriptomics	YMR277W	SNPs	2	690620	2.98e-06	0.01640773	Distant	0.01640773	trans
Transcriptomics	YMR278W	SNPs	13	808186	1.08e-08	0.1497929	Local	0.1497929	cis
Transcriptomics	YMR278W	SNPs	1	90924	3.99e-06	0.10235829	Distant	0.10235829	trans
Transcriptomics	YMR280C	SNPs	16	48995	2.05e-07	0.02575082	Distant	0.02575082	trans
Transcriptomics	YMR294W	SNPs	6	180546	7.28e-07	0.00541049	Distant	0.00541049	trans
Transcriptomics	YMR304C-A	SNPs	16	350213	1.98e-06	0.01536811	Distant	0.01536811	trans
Transcriptomics	YMR304C-A	SNPs	12	181730	2.45e-06	0.00705157	Distant	0.00705157	trans
Transcriptomics	YMR304C-A	SNPs	10	539608	3.1e-06	0.0071435	Distant	0.0071435	trans
Transcriptomics	YMR305C	SNPs	16	350213	4.05e-07	0.01700355	Distant	0.01700355	trans
Transcriptomics	YMR309C	SNPs	7	655851	2.5e-06	0.00605748	Distant	0.00605748	trans
Transcriptomics	YMR313C	SNPs	14	450844	5.03e-06	0.06608072	Distant	0.06608072	trans
Transcriptomics	YMR316C-A	SNPs	2	171433	2.74e-06	0.03134393	Distant	0.03134393	trans
Transcriptomics	YMR318C	SNPs	15	199841	1.06e-06	0.03773229	Distant	0.03773229	trans
Transcriptomics	YMR318C	SNPs	12	719602	1.33e-06	0.03533717	Distant	0.03533717	trans
Transcriptomics	YMR318C	SNPs	2	427872	4.15e-06	0.07466205	Distant	0.07466205	trans
Transcriptomics	YMR319C	SNPs	4	464256	3.06e-06	0.00561663	Distant	0.00561663	trans
Transcriptomics	YMR320W	SNPs	15	160419	6.78e-07	0.04442478	Distant	0.04442478	trans
Transcriptomics	YMR320W	SNPs	12	605537	1.27e-06	0.00877898	Distant	0.00877898	trans
Transcriptomics	YMR322C	SNPs	16	12653	2.97e-14	0.00860354	Distant	0.00860354	trans
Transcriptomics	YMR322C	SNPs	16	12641	1.66e-10	0.02963158	Distant	0.02963158	trans
Transcriptomics	YMR322C	SNPs	16	12788	1.04e-09	0.01547967	Distant	0.01547967	trans
Transcriptomics	YMR323W	SNPs	16	12653	1.4e-06	0.0033324	Distant	0.0033324	trans
Transcriptomics	YMR323W	SNPs	16	12641	1.96e-06	0.01561514	Distant	0.01561514	trans
Transcriptomics	YNL002C	SNPs	7	655851	3.56e-06	0.00587888	Distant	0.00587888	trans
Transcriptomics	YNL002C	SNPs	4	327242	5.46e-06	0.06904824	Distant	0.06904824	trans
Transcriptomics	YNL003C	SNPs	14	438565	1.72e-06	0.02733676	Distant	0.02733676	trans
Transcriptomics	YNL005C	SNPs	1	118723	5.63e-07	0.03405278	Distant	0.03405278	trans
Transcriptomics	YNL010W	SNPs	11	146915	4.55e-06	0.04943574	Distant	0.04943574	trans
Transcriptomics	YNL011C	SNPs	6	131665	1.91e-07	0.01982822	Distant	0.01982822	trans
Transcriptomics	YNL011C	SNPs	11	290740	3e-06	0.01397498	Distant	0.01397498	trans
Transcriptomics	YNL015W	SNPs	2	679184	4.92e-06	0.00401302	Distant	0.00401302	trans
Transcriptomics	YNL017C	SNPs	10	342956	2.14e-06	0.05358439	Distant	0.05358439	trans
Transcriptomics	YNL019C	SNPs	13	139699	6.19e-07	0.02074725	Distant	0.02074725	trans
Transcriptomics	YNL025C	SNPs	2	198110	2.83e-06	0.00782074	Distant	0.00782074	trans
Transcriptomics	YNL031C	SNPs	4	1123586	2.48e-06	0.04498804	Distant	0.04498804	trans
Transcriptomics	YNL032W	SNPs	7	795705	4.56e-06	0.01517083	Distant	0.01517083	trans
Transcriptomics	YNL033W	SNPs	6	61005	3.63e-06	0.01790465	Distant	0.01790465	trans
Transcriptomics	YNL033W	SNPs	13	139699	4.14e-06	0.01797566	Distant	0.01797566	trans
Transcriptomics	YNL039W	SNPs	11	575225	1.69e-07	0.01554885	Distant	0.01554885	trans
Transcriptomics	YNL039W	SNPs	13	296288	1.58e-06	0.03114269	Distant	0.03114269	trans
Transcriptomics	YNL040W	SNPs	14	552144	6.12e-15	0.16756171	Local	0.16756171	cis
Transcriptomics	YNL040W	SNPs	14	552403	1.86e-10	0.03900413	Local	0.03900413	cis
Transcriptomics	YNL040W	SNPs	14	553315	4.41e-10	0.00980931	Local	0.00980931	cis
Transcriptomics	YNL040W	SNPs	14	559919	6.09e-10	0.06983799	Local	0.06983799	cis
Transcriptomics	YNL040W	SNPs	14	556914	3.69e-07	0.01424316	Local	0.01424316	cis
Transcriptomics	YNL040W	SNPs	5	170376	5.83e-07	0.0240915	Distant	0.0240915	trans
Transcriptomics	YNL040W	SNPs	14	546181	1.07e-06	0.00939375	Local	0.00939375	cis
Transcriptomics	YNL041C	SNPs	14	552334	9.71e-09	0.14519697	Local	0.14519697	cis
Transcriptomics	YNL041C	SNPs	14	591556	3.71e-07	0.05806062	Distant	0.05806062	trans
Transcriptomics	YNL042W-B	SNPs	5	39664	1.9e-06	0.08648617	Distant	0.08648617	trans
Transcriptomics	YNL042W	SNPs	14	547829	4.65e-11	0.02748553	Local	0.02748553	cis
Transcriptomics	YNL043C	SNPs	12	974945	5e-06	0.01928597	Distant	0.01928597	trans
Transcriptomics	YNL044W	SNPs	14	230725	1.98e-06	0.03444492	Distant	0.03444492	trans
Transcriptomics	YNL044W	SNPs	4	827442	2.66e-06	0.08278627	Distant	0.08278627	trans
Transcriptomics	YNL045W	SNPs	15	873940	4.93e-06	0.00767078	Distant	0.00767078	trans
Transcriptomics	YNL048W	SNPs	3	63461	6.47e-07	0.06238996	Distant	0.06238996	trans
Transcriptomics	YNL048W	SNPs	10	542620	4.57e-06	0.05488134	Distant	0.05488134	trans
Transcriptomics	YNL053W	SNPs	10	546848	2.71e-06	0.0064342	Distant	0.0064342	trans
Transcriptomics	YNL056W	SNPs	12	210539	3.23e-06	0.0055033	Distant	0.0055033	trans
Transcriptomics	YNL062C	SNPs	11	290740	5.49e-06	0.01345647	Distant	0.01345647	trans
Transcriptomics	YNL065W	SNPs	14	503520	5.51e-15	0.29926368	Local	0.29926368	cis
Transcriptomics	YNL065W	SNPs	14	503532	5.86e-07	0.01870608	Local	0.01870608	cis
Transcriptomics	YNL065W	SNPs	15	478229	2.94e-06	0.01856294	Distant	0.01856294	trans
Transcriptomics	YNL065W	SNPs	15	715851	3.28e-06	0.01516002	Distant	0.01516002	trans
Transcriptomics	YNL065W	SNPs	2	559880	4.47e-06	0.00845912	Distant	0.00845912	trans
Transcriptomics	YNL073W	SNPs	16	24494	1.91e-06	0.03513652	Distant	0.03513652	trans
Transcriptomics	YNL073W	SNPs	11	527380	8.27e-06	0.00657558	Distant	0.00657558	trans
Transcriptomics	YNL073W	SNPs	16	716784	8.74e-06	0.02030013	Distant	0.02030013	trans
Transcriptomics	YNL074C	SNPs	14	492375	3e-07	0.01101503	Local	0.01101503	cis
Transcriptomics	YNL075W	SNPs	7	655851	3.91e-06	0.00589163	Distant	0.00589163	trans
Transcriptomics	YNL077W	SNPs	4	1281066	4.31e-06	0.03688293	Distant	0.03688293	trans
Transcriptomics	YNL086W	SNPs	14	466221	4.25e-12	0.18653469	Local	0.18653469	cis
Transcriptomics	YNL086W	SNPs	14	462443	3.49e-06	0.04758041	Local	0.04758041	cis
Transcriptomics	YNL086W	SNPs	14	459152	4.67e-06	0.02428981	Local	0.02428981	cis
Transcriptomics	YNL087W	SNPs	14	462377	2.66e-08	0.01976908	Local	0.01976908	cis
Transcriptomics	YNL087W	SNPs	10	647098	4.16e-06	0.01866183	Distant	0.01866183	trans
Transcriptomics	YNL088W	SNPs	4	553497	2.13e-07	0.01522963	Distant	0.01522963	trans
Transcriptomics	YNL090W	SNPs	13	667511	3.52e-06	0.02572857	Distant	0.02572857	trans
Transcriptomics	YNL101W	SNPs	7	413763	2.05e-06	0.00841786	Distant	0.00841786	trans
Transcriptomics	YNL103W	SNPs	14	425075	5.43e-07	0.12773158	Local	0.12773158	cis
Transcriptomics	YNL106C	SNPs	10	60979	4.41e-07	0.05302477	Distant	0.05302477	trans
Transcriptomics	YNL107W	SNPs	13	692036	2.08e-06	0.01691494	Distant	0.01691494	trans
Transcriptomics	YNL110C	SNPs	7	655851	2.27e-06	0.00610087	Distant	0.00610087	trans
Transcriptomics	YNL112W	SNPs	4	327242	2.96e-06	0.07199864	Distant	0.07199864	trans
Transcriptomics	YNL116W	SNPs	8	379379	5.53e-06	0.05890743	Distant	0.05890743	trans
Transcriptomics	YNL116W	SNPs	4	1467803	6.29e-06	0.04454295	Distant	0.04454295	trans
Transcriptomics	YNL121C	SNPs	15	45048	5.33e-06	0.0159623	Distant	0.0159623	trans
Transcriptomics	YNL123W	SNPs	14	394591	8.47e-13	0.06025119	Local	0.06025119	cis
Transcriptomics	YNL123W	SNPs	10	524477	1.37e-06	0.05373396	Distant	0.05373396	trans
Transcriptomics	YNL125C	SNPs	7	1043659	3.15e-06	0.00821398	Distant	0.00821398	trans
Transcriptomics	YNL127W	SNPs	5	261315	6.44e-06	0.03843072	Distant	0.03843072	trans
Transcriptomics	YNL128W	SNPs	6	109031	5.26e-06	0.01683085	Distant	0.01683085	trans
Transcriptomics	YNL128W	SNPs	11	126022	5.75e-06	0.00922841	Distant	0.00922841	trans
Transcriptomics	YNL128W	SNPs	14	385516	7.68e-06	0.02651089	Local	0.02651089	cis
Transcriptomics	YNL130C-A	SNPs	1	123222	2.67e-06	0.01726372	Distant	0.01726372	trans
Transcriptomics	YNL132W	SNPs	7	655851	4.03e-06	0.00578083	Distant	0.00578083	trans
Transcriptomics	YNL133C	SNPs	14	374798	1.17e-09	0.00854243	Local	0.00854243	cis
Transcriptomics	YNL139C	SNPs	1	91812	7.11e-07	0.03498363	Distant	0.03498363	trans
Transcriptomics	YNL139C	SNPs	16	421124	2.26e-06	0.08663231	Distant	0.08663231	trans
Transcriptomics	YNL141W	SNPs	7	655851	3.97e-06	0.00579432	Distant	0.00579432	trans
Transcriptomics	YNL142W	SNPs	16	373847	1.83e-06	0.0440783	Distant	0.0440783	trans
Transcriptomics	YNL143C	SNPs	4	1032130	2.21e-06	0.0164099	Distant	0.0164099	trans
Transcriptomics	YNL146C-A	SNPs	12	516540	2.42e-06	0.0098012	Distant	0.0098012	trans
Transcriptomics	YNL146W	SNPs	12	1007613	4.89e-07	0.06133865	Distant	0.06133865	trans
Transcriptomics	YNL148C	SNPs	14	351850	5.4e-07	0.12436712	Local	0.12436712	cis
Transcriptomics	YNL148C	SNPs	7	681706	6.66e-06	0.07266145	Distant	0.07266145	trans
Transcriptomics	YNL151C	SNPs	4	327242	1.53e-06	0.07888046	Distant	0.07888046	trans
Transcriptomics	YNL152W	SNPs	15	294553	1.43e-06	0.00604531	Distant	0.00604531	trans
Transcriptomics	YNL154C	SNPs	11	430859	4.12e-06	0.00889298	Distant	0.00889298	trans
Transcriptomics	YNL155W	SNPs	4	312028	4.49e-06	0.00631294	Distant	0.00631294	trans
Transcriptomics	YNL159C	SNPs	2	777743	2.79e-06	0.01682592	Distant	0.01682592	trans
Transcriptomics	YNL164C	SNPs	12	919791	2.08e-06	0.01602277	Distant	0.01602277	trans
Transcriptomics	YNL164C	SNPs	13	692036	6.43e-06	0.01674932	Distant	0.01674932	trans
Transcriptomics	YNL168C	SNPs	14	319024	3.2900000000000004e-27	0.35862604	Local	0.35862604	cis
Transcriptomics	YNL168C	SNPs	14	321416	8.36e-09	0.04111532	Local	0.04111532	cis
Transcriptomics	YNL168C	SNPs	14	331139	1.93e-07	0.0160265	Local	0.0160265	cis
Transcriptomics	YNL168C	SNPs	14	321113	4.63e-07	0.00612181	Local	0.00612181	cis
Transcriptomics	YNL168C	SNPs	14	348777	7.32e-07	0.02285143	Distant	0.02285143	trans
Transcriptomics	YNL168C	SNPs	11	250094	2.77e-06	0.05417053	Distant	0.05417053	trans
Transcriptomics	YNL170W	SNPs	15	218142	1.04e-06	0.02383032	Distant	0.02383032	trans
Transcriptomics	YNL175C	SNPs	7	655851	2e-06	0.00624491	Distant	0.00624491	trans
Transcriptomics	YNL175C	SNPs	10	524477	5.41e-06	0.04150591	Distant	0.04150591	trans
Transcriptomics	YNL176C	SNPs	7	413763	2.97e-06	0.00766599	Distant	0.00766599	trans
Transcriptomics	YNL180C	SNPs	12	884831	1.33e-06	0.0151705	Distant	0.0151705	trans
Transcriptomics	YNL182C	SNPs	7	655851	3.29e-06	0.00604083	Distant	0.00604083	trans
Transcriptomics	YNL185C	SNPs	11	378920	2.75e-06	0.01209314	Distant	0.01209314	trans
Transcriptomics	YNL185C	SNPs	4	1426822	3.18e-06	0.0232269	Distant	0.0232269	trans
Transcriptomics	YNL190W	SNPs	15	586701	4e-06	0.01461389	Distant	0.01461389	trans
Transcriptomics	YNL192W	SNPs	10	304233	4.54e-06	0.02052208	Distant	0.02052208	trans
Transcriptomics	YNL193W	SNPs	14	275211	2.47e-19	0.03856086	Local	0.03856086	cis
Transcriptomics	YNL193W	SNPs	16	797919	3.79e-06	0.00967116	Distant	0.00967116	trans
Transcriptomics	YNL198C	SNPs	7	1012544	5.26e-06	0.03806413	Distant	0.03806413	trans
Transcriptomics	YNL199C	SNPs	4	34063	2.65e-06	0.06954855	Distant	0.06954855	trans
Transcriptomics	YNL202W	SNPs	14	122891	2.27e-06	0.01069227	Distant	0.01069227	trans
Transcriptomics	YNL204C	SNPs	12	785521	4.07e-06	0.02424686	Distant	0.02424686	trans
Transcriptomics	YNL206C	SNPs	14	256857	4.09e-07	0.06971396	Local	0.06971396	cis
Transcriptomics	YNL206C	SNPs	16	688146	1.58e-06	0.01888221	Distant	0.01888221	trans
Transcriptomics	YNL206C	SNPs	10	664189	1.82e-06	0.02368577	Distant	0.02368577	trans
Transcriptomics	YNL206C	SNPs	2	61675	3.18e-06	0.01017174	Distant	0.01017174	trans
Transcriptomics	YNL208W	SNPs	9	320299	7.86e-07	0.00841853	Distant	0.00841853	trans
Transcriptomics	YNL208W	SNPs	16	355068	4.11e-06	0.01460042	Distant	0.01460042	trans
Transcriptomics	YNL210W	SNPs	14	174599	2.49e-06	0.01048988	Distant	0.01048988	trans
Transcriptomics	YNL211C	SNPs	14	250494	4.46e-06	0.0502881	Local	0.0502881	cis
Transcriptomics	YNL212W	SNPs	3	65398	3.27e-06	0.01634458	Distant	0.01634458	trans
Transcriptomics	YNL214W	SNPs	4	97326	6.94e-06	0.0291977	Distant	0.0291977	trans
Transcriptomics	YNL215W	SNPs	8	433117	2.57e-06	0.0209498	Distant	0.0209498	trans
Transcriptomics	YNL217W	SNPs	12	927638	6.95e-06	0.0707918	Distant	0.0707918	trans
Transcriptomics	YNL218W	SNPs	12	210539	1.09e-06	0.00619404	Distant	0.00619404	trans
Transcriptomics	YNL220W	SNPs	2	499017	4.58e-06	0.00648432	Distant	0.00648432	trans
Transcriptomics	YNL221C	SNPs	6	43129	2.5e-06	0.01871215	Distant	0.01871215	trans
Transcriptomics	YNL221C	SNPs	15	153881	3.5e-06	0.01831406	Distant	0.01831406	trans
Transcriptomics	YNL224C	SNPs	8	433117	2.06e-06	0.02092848	Distant	0.02092848	trans
Transcriptomics	YNL226W	SNPs	14	471767	4.51e-06	0.01157337	Distant	0.01157337	trans
Transcriptomics	YNL226W	SNPs	7	343298	6e-06	0.00584813	Distant	0.00584813	trans
Transcriptomics	YNL227C	SNPs	7	413763	6.53e-06	0.00711091	Distant	0.00711091	trans
Transcriptomics	YNL232W	SNPs	14	327674	5.76e-06	0.00511013	Distant	0.00511013	trans
Transcriptomics	YNL239W	SNPs	14	200328	2.76e-09	0.07442461	Local	0.07442461	cis
Transcriptomics	YNL239W	SNPs	14	473942	1.87e-06	0.0078847	Distant	0.0078847	trans
Transcriptomics	YNL239W	SNPs	16	709130	4.36e-06	0.02222194	Distant	0.02222194	trans
Transcriptomics	YNL240C	SNPs	14	200101	1.35e-07	0.0201134	Local	0.0201134	cis
Transcriptomics	YNL240C	SNPs	14	198937	2.96e-07	0.06346379	Local	0.06346379	cis
Transcriptomics	YNL240C	SNPs	14	197788	1.01e-06	0.07294628	Local	0.07294628	cis
Transcriptomics	YNL240C	SNPs	14	191108	3.25e-06	0.08114131	Local	0.08114131	cis
Transcriptomics	YNL241C	SNPs	12	364406	2.47e-06	0.00872813	Distant	0.00872813	trans
Transcriptomics	YNL242W	SNPs	16	24494	3.46e-06	0.03316416	Distant	0.03316416	trans
Transcriptomics	YNL245C	SNPs	14	185417	7.15e-08	0.02418728	Local	0.02418728	cis
Transcriptomics	YNL245C	SNPs	15	233492	2.52e-06	0.02436237	Distant	0.02436237	trans
Transcriptomics	YNL246W	SNPs	14	185417	2.55e-32	0.10933418	Local	0.10933418	cis
Transcriptomics	YNL248C	SNPs	7	655851	4.81e-06	0.00580329	Distant	0.00580329	trans
Transcriptomics	YNL249C	SNPs	12	1038240	4.13e-06	0.00988691	Distant	0.00988691	trans
Transcriptomics	YNL250W	SNPs	8	433117	1.83e-06	0.02158186	Distant	0.02158186	trans
Transcriptomics	YNL255C	SNPs	15	678815	3.15e-06	0.00962367	Distant	0.00962367	trans
Transcriptomics	YNL255C	SNPs	9	203358	3.85e-06	0.01195316	Distant	0.01195316	trans
Transcriptomics	YNL259C	SNPs	14	157776	7.43e-07	0.06625109	Local	0.06625109	cis
Transcriptomics	YNL260C	SNPs	14	157422	2.38e-12	0.14928592	Local	0.14928592	cis
Transcriptomics	YNL264C	SNPs	12	226485	8.56e-07	0.04671294	Distant	0.04671294	trans
Transcriptomics	YNL265C	SNPs	14	288447	3.14e-06	0.05305659	Distant	0.05305659	trans
Transcriptomics	YNL266W	SNPs	14	140811	9.52e-12	0.02330896	Local	0.02330896	cis
Transcriptomics	YNL266W	SNPs	14	144997	2.05e-08	0.12794735	Local	0.12794735	cis
Transcriptomics	YNL266W	SNPs	14	139008	5.23e-08	0.0321241	Local	0.0321241	cis
Transcriptomics	YNL266W	SNPs	14	129702	6.11e-08	0.0631035	Local	0.0631035	cis
Transcriptomics	YNL266W	SNPs	14	145411	9.02e-08	0.07647007	Local	0.07647007	cis
Transcriptomics	YNL266W	SNPs	14	127270	2.87e-06	0.0729074	Local	0.0729074	cis
Transcriptomics	YNL266W	SNPs	14	148787	5.66e-06	0.01580026	Local	0.01580026	cis
Transcriptomics	YNL269W	SNPs	14	139398	1.76e-06	0.01316488	Local	0.01316488	cis
Transcriptomics	YNL269W	SNPs	14	139451	3.46e-06	0.02584652	Local	0.02584652	cis
Transcriptomics	YNL270C	SNPs	14	125915	4.19e-06	0.0402519	Local	0.0402519	cis
Transcriptomics	YNL272C	SNPs	11	250094	9.16e-07	0.06884641	Distant	0.06884641	trans
Transcriptomics	YNL275W	SNPs	14	121031	4e-18	0.11316223	Local	0.11316223	cis
Transcriptomics	YNL275W	SNPs	14	121033	2.41e-16	0.01778625	Local	0.01778625	cis
Transcriptomics	YNL275W	SNPs	14	119985	1.31e-11	0.0722605	Local	0.0722605	cis
Transcriptomics	YNL275W	SNPs	14	119387	2.25e-09	0.03509068	Local	0.03509068	cis
Transcriptomics	YNL275W	SNPs	14	120512	4.19e-08	0.01013965	Local	0.01013965	cis
Transcriptomics	YNL275W	SNPs	14	20915	1.5e-06	0.08731321	Distant	0.08731321	trans
Transcriptomics	YNL275W	SNPs	14	119223	2.95e-06	0.0130575	Local	0.0130575	cis
Transcriptomics	YNL280C	SNPs	7	804429	9.79e-07	0.06620733	Distant	0.06620733	trans
Transcriptomics	YNL280C	SNPs	12	974945	1.7e-06	0.02285036	Distant	0.02285036	trans
Transcriptomics	YNL280C	SNPs	10	624837	3.99e-06	0.00973402	Distant	0.00973402	trans
Transcriptomics	YNL280C	SNPs	13	366121	4.59e-06	0.00612898	Distant	0.00612898	trans
Transcriptomics	YNL282W	SNPs	12	919791	2.94e-07	0.01614346	Distant	0.01614346	trans
Transcriptomics	YNL288W	SNPs	16	899581	2.25e-06	0.01438023	Distant	0.01438023	trans
Transcriptomics	YNL288W	SNPs	11	252019	4e-06	0.02323156	Distant	0.02323156	trans
Transcriptomics	YNL291C	SNPs	14	86042	7.43e-08	0.01922767	Local	0.01922767	cis
Transcriptomics	YNL295W	SNPs	14	78583	1.26e-08	0.02562131	Local	0.02562131	cis
Transcriptomics	YNL301C	SNPs	14	64205	3.41e-13	0.02836197	Local	0.02836197	cis
Transcriptomics	YNL304W	SNPs	14	60667	4.54e-06	0.02497132	Local	0.02497132	cis
Transcriptomics	YNL307C	SNPs	4	1243063	2.07e-06	0.01480665	Distant	0.01480665	trans
Transcriptomics	YNL308C	SNPs	4	327242	1.78e-06	0.0755409	Distant	0.0755409	trans
Transcriptomics	YNL310C	SNPs	2	198110	4.29e-07	0.0088219	Distant	0.0088219	trans
Transcriptomics	YNL310C	SNPs	3	93091	2.92e-06	0.00979938	Distant	0.00979938	trans
Transcriptomics	YNL311C	SNPs	12	995857	2.17e-06	0.08437769	Distant	0.08437769	trans
Transcriptomics	YNL312W	SNPs	12	210539	4.21e-06	0.00513165	Distant	0.00513165	trans
Transcriptomics	YNL317W	SNPs	4	1122421	1.67e-06	0.02565949	Distant	0.02565949	trans
Transcriptomics	YNL322C	SNPs	3	198348	1.14e-06	0.01564061	Distant	0.01564061	trans
Transcriptomics	YNL322C	SNPs	10	413461	2.89e-06	0.03817953	Distant	0.03817953	trans
Transcriptomics	YNL326C	SNPs	14	27233	6.93e-18	0.05169079	Local	0.05169079	cis
Transcriptomics	YNL326C	SNPs	14	28009	1.17e-06	0.00477618	Local	0.00477618	cis
Transcriptomics	YNL335W	SNPs	7	1026694	5.59e-09	0.01129714	Distant	0.01129714	trans
Transcriptomics	YNL335W	SNPs	4	835319	2.76e-07	0.07118957	Distant	0.07118957	trans
Transcriptomics	YNL335W	SNPs	13	613554	5.53e-07	0.00723096	Distant	0.00723096	trans
Transcriptomics	YNL335W	SNPs	13	584907	9.87e-07	0.01456929	Distant	0.01456929	trans
Transcriptomics	YNL335W	SNPs	4	1346057	1.76e-06	0.0172567	Distant	0.0172567	trans
Transcriptomics	YNL335W	SNPs	13	370963	1.96e-06	0.00499884	Distant	0.00499884	trans
Transcriptomics	YNL335W	SNPs	12	145343	2.56e-06	0.01666673	Distant	0.01666673	trans
Transcriptomics	YNL335W	SNPs	16	705366	3.4e-06	0.00591797	Distant	0.00591797	trans
Transcriptomics	YNR001W-A	SNPs	15	1009862	5.77e-07	0.05394761	Distant	0.05394761	trans
Transcriptomics	YNR001W-A	SNPs	13	50766	2.08e-06	0.00800177	Distant	0.00800177	trans
Transcriptomics	YNR019W	SNPs	15	132179	3.45e-07	0.07291953	Distant	0.07291953	trans
Transcriptomics	YNR020C	SNPs	7	801970	2.19e-06	0.03322594	Distant	0.03322594	trans
Transcriptomics	YNR020C	SNPs	14	665577	6.17e-06	0.07421671	Local	0.07421671	cis
Transcriptomics	YNR029C	SNPs	14	678108	8e-07	0.0876322	Local	0.0876322	cis
Transcriptomics	YNR040W	SNPs	7	1058166	4.52e-06	0.00745494	Distant	0.00745494	trans
Transcriptomics	YNR044W	SNPs	7	702109	2.78e-08	0.09456328	Distant	0.09456328	trans
Transcriptomics	YNR046W	SNPs	12	1000826	2.84e-06	0.03771848	Distant	0.03771848	trans
Transcriptomics	YNR051C	SNPs	9	344094	4.14e-07	0.04852285	Distant	0.04852285	trans
Transcriptomics	YNR051C	SNPs	3	142192	6.23e-06	0.01872177	Distant	0.01872177	trans
Transcriptomics	YNR053C	SNPs	10	524477	1.95e-06	0.04748154	Distant	0.04748154	trans
Transcriptomics	YNR053C	SNPs	7	655851	6.73e-06	0.00567179	Distant	0.00567179	trans
Transcriptomics	YNR061C	SNPs	14	744887	5.32e-07	0.11440201	Local	0.11440201	cis
Transcriptomics	YNR062C	SNPs	11	156873	8.31e-06	0.04462901	Distant	0.04462901	trans
Transcriptomics	YNR063W	SNPs	14	756903	2.87e-06	0.07709778	Local	0.07709778	cis
Transcriptomics	YNR064C	SNPs	7	1026694	1.18e-07	0.0117152	Distant	0.0117152	trans
Transcriptomics	YNR064C	SNPs	4	839766	2.81e-07	0.01030635	Distant	0.01030635	trans
Transcriptomics	YNR072W	SNPs	15	586701	7.17e-06	0.01191251	Distant	0.01191251	trans
Transcriptomics	YNR076W	SNPs	10	626625	1.13e-07	0.07787703	Distant	0.07787703	trans
Transcriptomics	YNR076W	SNPs	10	614716	1.02e-06	0.1078845	Distant	0.1078845	trans
Transcriptomics	YOL001W	SNPs	4	1137630	1.03e-06	0.06862807	Distant	0.06862807	trans
Transcriptomics	YOL003C	SNPs	5	393786	5.23e-06	0.02012642	Distant	0.02012642	trans
Transcriptomics	YOL004W	SNPs	16	422588	1.08e-06	0.09371987	Distant	0.09371987	trans
Transcriptomics	YOL006C	SNPs	15	310574	4.39e-07	0.00464503	Local	0.00464503	cis
Transcriptomics	YOL006C	SNPs	3	252425	4.22e-06	0.05266869	Distant	0.05266869	trans
Transcriptomics	YOL007C	SNPs	6	38035	1.75e-06	0.09077522	Distant	0.09077522	trans
Transcriptomics	YOL011W	SNPs	4	458153	8.02e-07	0.03322287	Distant	0.03322287	trans
Transcriptomics	YOL011W	SNPs	16	662291	2.81e-06	0.02020776	Distant	0.02020776	trans
Transcriptomics	YOL013W-A	SNPs	13	622439	1.72e-11	0.04646265	Distant	0.04646265	trans
Transcriptomics	YOL013W-A	SNPs	13	622544	1.42e-08	0.01830979	Distant	0.01830979	trans
Transcriptomics	YOL015W	SNPs	10	454756	2.58e-06	0.01469132	Distant	0.01469132	trans
Transcriptomics	YOL022C	SNPs	14	24467	4.66e-06	0.05571825	Distant	0.05571825	trans
Transcriptomics	YOL023W	SNPs	15	278631	9.14e-24	0.05183471	Local	0.05183471	cis
Transcriptomics	YOL023W	SNPs	7	943177	6.09e-07	0.00584918	Distant	0.00584918	trans
Transcriptomics	YOL027C	SNPs	14	425075	1.03e-06	0.11658362	Distant	0.11658362	trans
Transcriptomics	YOL027C	SNPs	10	145645	6.39e-06	0.01811579	Distant	0.01811579	trans
Transcriptomics	YOL030W	SNPs	8	285871	1.54e-06	0.02567446	Distant	0.02567446	trans
Transcriptomics	YOL031C	SNPs	4	441647	4.31e-08	0.02927045	Distant	0.02927045	trans
Transcriptomics	YOL031C	SNPs	2	214801	5.22e-06	0.06684771	Distant	0.06684771	trans
Transcriptomics	YOL038C-A	SNPs	4	551743	2.22e-06	0.03821856	Distant	0.03821856	trans
Transcriptomics	YOL041C	SNPs	7	655851	1.15e-07	0.00757499	Distant	0.00757499	trans
Transcriptomics	YOL041C	SNPs	13	213896	2.26e-06	0.00591337	Distant	0.00591337	trans
Transcriptomics	YOL043C	SNPs	15	249588	2.32e-10	0.09077278	Local	0.09077278	cis
Transcriptomics	YOL043C	SNPs	4	95378	2.58e-06	0.03088272	Distant	0.03088272	trans
Transcriptomics	YOL044W	SNPs	11	379901	1.66e-06	0.06718518	Distant	0.06718518	trans
Transcriptomics	YOL047C	SNPs	15	243211	3.42e-07	0.10933321	Local	0.10933321	cis
Transcriptomics	YOL047C	SNPs	15	235143	6.66e-07	0.07250383	Local	0.07250383	cis
Transcriptomics	YOL047C	SNPs	15	243335	1.85e-06	0.04212452	Local	0.04212452	cis
Transcriptomics	YOL049W	SNPs	13	110077	6.53e-07	0.04852863	Distant	0.04852863	trans
Transcriptomics	YOL050C	SNPs	15	239353	8.35e-22	0.26822162	Local	0.26822162	cis
Transcriptomics	YOL050C	SNPs	15	241632	4.4e-12	0.11898526	Local	0.11898526	cis
Transcriptomics	YOL050C	SNPs	15	238924	7.49e-10	0.03377017	Local	0.03377017	cis
Transcriptomics	YOL050C	SNPs	8	68367	3.25e-06	0.07704857	Distant	0.07704857	trans
Transcriptomics	YOL050C	SNPs	2	90196	3.32e-06	0.05008574	Distant	0.05008574	trans
Transcriptomics	YOL050C	SNPs	15	181215	3.42e-06	0.04974371	Distant	0.04974371	trans
Transcriptomics	YOL050C	SNPs	15	238779	3.83e-06	0.0035805	Local	0.0035805	cis
Transcriptomics	YOL054W	SNPs	11	250668	1.13e-06	0.02388347	Distant	0.02388347	trans
Transcriptomics	YOL055C	SNPs	14	170353	2.24e-06	0.025109	Distant	0.025109	trans
Transcriptomics	YOL057W	SNPs	12	1012407	1.09e-06	0.02408992	Distant	0.02408992	trans
Transcriptomics	YOL060C	SNPs	2	198110	3.57e-06	0.00760928	Distant	0.00760928	trans
Transcriptomics	YOL061W	SNPs	7	655851	7.61e-07	0.00711293	Distant	0.00711293	trans
Transcriptomics	YOL061W	SNPs	13	213896	5.63e-06	0.00591401	Distant	0.00591401	trans
Transcriptomics	YOL063C	SNPs	15	209254	7.89e-10	0.02266676	Local	0.02266676	cis
Transcriptomics	YOL068C	SNPs	12	565534	5.44e-06	0.01422971	Distant	0.01422971	trans
Transcriptomics	YOL076W	SNPs	15	187008	2.44e-13	0.21990733	Local	0.21990733	cis
Transcriptomics	YOL076W	SNPs	15	189241	2.1e-09	0.03543092	Local	0.03543092	cis
Transcriptomics	YOL076W	SNPs	15	162379	1.27e-06	0.07133837	Local	0.07133837	cis
Transcriptomics	YOL085W-A	SNPs	12	70124	1.22e-06	0.00914789	Distant	0.00914789	trans
Transcriptomics	YOL091W	SNPs	15	145222	5.71e-40	0.54963226	Local	0.54963226	cis
Transcriptomics	YOL097W-A	SNPs	15	141207	7.18e-11	0.1551086	Local	0.1551086	cis
Transcriptomics	YOL098C	SNPs	15	135770	7.53e-08	0.0482744	Local	0.0482744	cis
Transcriptomics	YOL098C	SNPs	15	136052	4.16e-07	0.01173398	Local	0.01173398	cis
Transcriptomics	YOL098C	SNPs	15	92690	2.47e-06	0.02455358	Distant	0.02455358	trans
Transcriptomics	YOL098C	SNPs	9	114240	3.31e-06	0.08447962	Distant	0.08447962	trans
Transcriptomics	YOL098C	SNPs	4	480096	7.89e-06	0.08157231	Distant	0.08157231	trans
Transcriptomics	YOL098C	SNPs	4	424011	8.29e-06	0.01674216	Distant	0.01674216	trans
Transcriptomics	YOL102C	SNPs	2	543393	1.01e-06	0.04870916	Distant	0.04870916	trans
Transcriptomics	YOL103W	SNPs	12	769396	3.68e-06	0.00968568	Distant	0.00968568	trans
Transcriptomics	YOL107W	SNPs	13	349796	1.41e-06	0.03329821	Distant	0.03329821	trans
Transcriptomics	YOL113W	SNPs	13	398820	6.18e-06	0.02195882	Distant	0.02195882	trans
Transcriptomics	YOL114C	SNPs	15	102760	1.37e-06	0.08797588	Local	0.08797588	cis
Transcriptomics	YOL114C	SNPs	12	989846	3.92e-06	0.03229285	Distant	0.03229285	trans
Transcriptomics	YOL116W	SNPs	3	65398	5.08e-06	0.01395059	Distant	0.01395059	trans
Transcriptomics	YOL117W	SNPs	15	99543	5.09e-24	0.06223122	Local	0.06223122	cis
Transcriptomics	YOL117W	SNPs	15	403610	3.71e-07	0.03536185	Distant	0.03536185	trans
Transcriptomics	YOL118C	SNPs	8	285871	1.11e-06	0.02041975	Distant	0.02041975	trans
Transcriptomics	YOL119C	SNPs	4	1288278	1.91e-06	0.00964002	Distant	0.00964002	trans
Transcriptomics	YOL122C	SNPs	15	91298	2.23e-17	0.27822543	Local	0.27822543	cis
Transcriptomics	YOL122C	SNPs	15	90250	4.93e-12	0.05831457	Local	0.05831457	cis
Transcriptomics	YOL122C	SNPs	15	91324	1.3e-06	0.03438197	Local	0.03438197	cis
Transcriptomics	YOL122C	SNPs	15	102386	5.24e-06	0.03822717	Local	0.03822717	cis
Transcriptomics	YOL123W	SNPs	7	458993	1.48e-07	0.01231704	Distant	0.01231704	trans
Transcriptomics	YOL125W	SNPs	10	524477	1.81e-07	0.05779473	Distant	0.05779473	trans
Transcriptomics	YOL125W	SNPs	11	411807	1.88e-06	0.01646153	Distant	0.01646153	trans
Transcriptomics	YOL125W	SNPs	15	715193	5.94e-06	0.04805507	Distant	0.04805507	trans
Transcriptomics	YOL133W	SNPs	16	576347	4.71e-06	0.02696022	Distant	0.02696022	trans
Transcriptomics	YOL137W	SNPs	15	85809	2.18e-08	0.10776752	Local	0.10776752	cis
Transcriptomics	YOL137W	SNPs	12	210539	3.36e-06	0.00432439	Distant	0.00432439	trans
Transcriptomics	YOL138C	SNPs	14	425075	4.89e-06	0.10737498	Distant	0.10737498	trans
Transcriptomics	YOL141W	SNPs	7	655851	1.59e-06	0.00652268	Distant	0.00652268	trans
Transcriptomics	YOL143C	SNPs	15	55182	6.74e-07	0.01594842	Local	0.01594842	cis
Transcriptomics	YOL146W	SNPs	15	49477	1.36e-14	0.21064702	Local	0.21064702	cis
Transcriptomics	YOL146W	SNPs	4	1291084	1.51e-06	0.01319512	Distant	0.01319512	trans
Transcriptomics	YOL151W	SNPs	8	382565	2.17e-06	0.04712289	Distant	0.04712289	trans
Transcriptomics	YOL154W	SNPs	15	34772	5.51e-09	0.08573295	Local	0.08573295	cis
Transcriptomics	YOL155W-A	SNPs	15	673675	1.03e-07	0.02218726	Distant	0.02218726	trans
Transcriptomics	YOL157C	SNPs	11	379362	1.51e-06	0.00336304	Distant	0.00336304	trans
Transcriptomics	YOL157C	SNPs	9	42601	2.33e-06	0.00690614	Distant	0.00690614	trans
Transcriptomics	YOL157C	SNPs	9	38818	4.94e-06	0.00433506	Distant	0.00433506	trans
Transcriptomics	YOL159C-A	SNPs	8	322533	1.57e-06	0.00748026	Distant	0.00748026	trans
Transcriptomics	YOL159C	SNPs	8	289648	3.27e-07	0.00913124	Distant	0.00913124	trans
Transcriptomics	YOL161C	SNPs	12	139755	1.77e-06	0.01147122	Distant	0.01147122	trans
Transcriptomics	YOL165C	SNPs	11	506914	1.2e-08	0.00496771	Distant	0.00496771	trans
Transcriptomics	YOL165C	SNPs	10	220711	2.19e-08	0.00670639	Distant	0.00670639	trans
Transcriptomics	YOL165C	SNPs	10	507511	2.44e-08	0.00966822	Distant	0.00966822	trans
Transcriptomics	YOL165C	SNPs	8	432962	4.57e-07	0.01747793	Distant	0.01747793	trans
Transcriptomics	YOL165C	SNPs	4	564177	8.58e-07	0.01259232	Distant	0.01259232	trans
Transcriptomics	YOL165C	SNPs	4	621144	1.5e-06	0.00858459	Distant	0.00858459	trans
Transcriptomics	YOL165C	SNPs	4	723910	1.99e-06	0.05505318	Distant	0.05505318	trans
Transcriptomics	YOL165C	SNPs	11	472789	3.1e-06	0.01286318	Distant	0.01286318	trans
Transcriptomics	YOL165C	SNPs	4	732347	3.4e-06	0.00932808	Distant	0.00932808	trans
Transcriptomics	YOL165C	SNPs	5	401320	4.1e-06	0.00915372	Distant	0.00915372	trans
Transcriptomics	YOL165C	SNPs	11	494424	4.52e-06	0.0210315	Distant	0.0210315	trans
Transcriptomics	YOL165C	SNPs	11	491306	5.35e-06	0.00967646	Distant	0.00967646	trans
Transcriptomics	YOL165C	SNPs	5	98270	5.57e-06	0.03229604	Distant	0.03229604	trans
Transcriptomics	YOL165C	SNPs	11	505187	6.07e-06	0.01972117	Distant	0.01972117	trans
Transcriptomics	YOL165C	SNPs	12	818154	6.5e-06	0.0115574	Distant	0.0115574	trans
Transcriptomics	YOL165C	SNPs	12	1058829	6.63e-06	0.00986249	Distant	0.00986249	trans
Transcriptomics	YOL165C	SNPs	15	307049	6.64e-06	0.08700203	Distant	0.08700203	trans
Transcriptomics	YOR001W	SNPs	7	655851	1.08e-07	0.0077594	Distant	0.0077594	trans
Transcriptomics	YOR001W	SNPs	13	213896	4.18e-06	0.00573887	Distant	0.00573887	trans
Transcriptomics	YOR004W	SNPs	7	655851	1.18e-06	0.00655688	Distant	0.00655688	trans
Transcriptomics	YOR008C-A	SNPs	15	384208	3.26e-06	0.03067683	Distant	0.03067683	trans
Transcriptomics	YOR009W	SNPs	15	343770	2.18e-06	0.06243871	Local	0.06243871	cis
Transcriptomics	YOR010C	SNPs	9	384715	4.52e-06	0.00637845	Distant	0.00637845	trans
Transcriptomics	YOR011W-A	SNPs	15	356217	5.82e-25	0.03103509	Local	0.03103509	cis
Transcriptomics	YOR011W-A	SNPs	15	353934	2.89e-10	0.07493777	Local	0.07493777	cis
Transcriptomics	YOR011W-A	SNPs	15	361525	1.45e-09	0.01149069	Local	0.01149069	cis
Transcriptomics	YOR011W-A	SNPs	15	355779	7.23e-07	0.09504211	Local	0.09504211	cis
Transcriptomics	YOR011W-A	SNPs	7	794863	9.84e-07	0.00701742	Distant	0.00701742	trans
Transcriptomics	YOR011W-A	SNPs	15	344523	3.63e-06	0.06877851	Local	0.06877851	cis
Transcriptomics	YOR011W-A	SNPs	4	39347	5.08e-06	0.00926526	Distant	0.00926526	trans
Transcriptomics	YOR011W	SNPs	15	349185	2.32e-07	0.00915906	Local	0.00915906	cis
Transcriptomics	YOR011W	SNPs	6	225942	3.34e-06	0.01015687	Distant	0.01015687	trans
Transcriptomics	YOR013W	SNPs	8	320003	1.9e-06	0.00568412	Distant	0.00568412	trans
Transcriptomics	YOR019W	SNPs	3	93230	4.25e-06	0.05389516	Distant	0.05389516	trans
Transcriptomics	YOR025W	SNPs	14	230535	1.88e-06	0.01541522	Distant	0.01541522	trans
Transcriptomics	YOR028C	SNPs	15	554117	5.55e-06	0.00660814	Distant	0.00660814	trans
Transcriptomics	YOR031W	SNPs	15	388886	4.15e-08	0.09309608		0.09309608	
Transcriptomics	YOR031W	SNPs	13	161406	2.2e-06	0.05878041		0.05878041	
Transcriptomics	YOR032C	SNPs	14	140585	4.43e-06	0.00705892	Distant	0.00705892	trans
Transcriptomics	YOR039W	SNPs	9	142488	2.31e-06	0.07539344	Distant	0.07539344	trans
Transcriptomics	YOR040W	SNPs	13	242493	5.92e-06	0.06225198	Distant	0.06225198	trans
Transcriptomics	YOR042W	SNPs	16	415343	3.73e-06	0.04410775	Distant	0.04410775	trans
Transcriptomics	YOR042W	SNPs	8	420789	6.07e-06	0.00746636	Distant	0.00746636	trans
Transcriptomics	YOR046C	SNPs	7	655851	7.67e-06	0.00568472	Distant	0.00568472	trans
Transcriptomics	YOR049C	SNPs	15	424216	1.24e-10	0.04690931	Local	0.04690931	cis
Transcriptomics	YOR049C	SNPs	15	656887	1.04e-07	0.07803271	Distant	0.07803271	trans
Transcriptomics	YOR053W	SNPs	13	171523	1.71e-07	0.09664636	Distant	0.09664636	trans
Transcriptomics	YOR056C	SNPs	7	655851	1.86e-06	0.00615817	Distant	0.00615817	trans
Transcriptomics	YOR057W	SNPs	15	433580	1.49e-07	0.11672147	Local	0.11672147	cis
Transcriptomics	YOR057W	SNPs	15	437180	2.95e-06	0.06006159	Local	0.06006159	cis
Transcriptomics	YOR058C	SNPs	14	193388	2.85e-06	0.00666059	Distant	0.00666059	trans
Transcriptomics	YOR059C	SNPs	15	440825	8.25e-07	0.07931371	Local	0.07931371	cis
Transcriptomics	YOR059C	SNPs	5	310939	1.16e-06	0.02544266	Distant	0.02544266	trans
Transcriptomics	YOR059C	SNPs	15	952487	1.7e-06	0.01460257	Distant	0.01460257	trans
Transcriptomics	YOR059C	SNPs	16	703512	3.6e-06	0.02457415	Distant	0.02457415	trans
Transcriptomics	YOR062C	SNPs	15	444178	6.96e-13	0.02611046	Local	0.02611046	cis
Transcriptomics	YOR062C	SNPs	15	444102	1.89e-07	0.01935298	Local	0.01935298	cis
Transcriptomics	YOR067C	SNPs	12	54574	2.35e-06	0.01801566	Distant	0.01801566	trans
Transcriptomics	YOR069W	SNPs	15	873940	5.48e-06	0.00908565	Distant	0.00908565	trans
Transcriptomics	YOR071C	SNPs	15	465398	1.53e-06	0.06062393	Local	0.06062393	cis
Transcriptomics	YOR071C	SNPs	8	30035	5.12e-06	0.02745202	Distant	0.02745202	trans
Transcriptomics	YOR072W-A	SNPs	15	461473	4.96e-12	0.15649687	Local	0.15649687	cis
Transcriptomics	YOR072W-A	SNPs	15	461395	2.06e-07	0.01627183	Local	0.01627183	cis
Transcriptomics	YOR072W-A	SNPs	15	457599	1.73e-06	0.03840579	Local	0.03840579	cis
Transcriptomics	YOR072W-A	SNPs	10	70786	6.48e-06	0.03515971	Distant	0.03515971	trans
Transcriptomics	YOR072W-A	SNPs	15	459560	7.41e-06	0.02615055	Local	0.02615055	cis
Transcriptomics	YOR073W	SNPs	14	194533	9.8e-08	0.10404782	Distant	0.10404782	trans
Transcriptomics	YOR073W	SNPs	14	194656	3.09e-06	0.04760497	Distant	0.04760497	trans
Transcriptomics	YOR073W	SNPs	11	125651	4.2e-06	0.0160871	Distant	0.0160871	trans
Transcriptomics	YOR077W	SNPs	16	697067	4.94e-06	0.07280046	Distant	0.07280046	trans
Transcriptomics	YOR082C	SNPs	13	124455	4.87e-07	0.00800919	Distant	0.00800919	trans
Transcriptomics	YOR085W	SNPs	12	302440	9.49e-06	0.0233024	Distant	0.0233024	trans
Transcriptomics	YOR091W	SNPs	11	290740	6.27e-06	0.01289436	Distant	0.01289436	trans
Transcriptomics	YOR094W	SNPs	10	86831	2.63e-06	0.03316486	Distant	0.03316486	trans
Transcriptomics	YOR095C	SNPs	14	711925	9.48e-07	0.01256901	Distant	0.01256901	trans
Transcriptomics	YOR097C	SNPs	2	198110	5.16e-06	0.00737142	Distant	0.00737142	trans
Transcriptomics	YOR103C	SNPs	2	117547	6.77e-06	0.02395851	Distant	0.02395851	trans
Transcriptomics	YOR104W	SNPs	16	428330	6.64e-07	0.08740086	Distant	0.08740086	trans
Transcriptomics	YOR104W	SNPs	11	271621	3.52e-06	0.01254292	Distant	0.01254292	trans
Transcriptomics	YOR107W	SNPs	4	39021	3.29e-07	0.05379746	Distant	0.05379746	trans
Transcriptomics	YOR112W	SNPs	16	899581	3.21e-06	0.01242153	Distant	0.01242153	trans
Transcriptomics	YOR114W	SNPs	16	641566	8.47e-06	0.00783702	Distant	0.00783702	trans
Transcriptomics	YOR115C	SNPs	9	286680	4.34e-07	0.0528682	Distant	0.0528682	trans
Transcriptomics	YOR116C	SNPs	7	655851	1.86e-06	0.00644991	Distant	0.00644991	trans
Transcriptomics	YOR126C	SNPs	12	210539	1.44e-06	0.00561029	Distant	0.00561029	trans
Transcriptomics	YOR127W	SNPs	16	768950	2.92e-06	0.05339032	Distant	0.05339032	trans
Transcriptomics	YOR128C	SNPs	16	391587	2.15e-06	0.00945577	Distant	0.00945577	trans
Transcriptomics	YOR131C	SNPs	9	395649	5.77e-06	0.00962636	Distant	0.00962636	trans
Transcriptomics	YOR137C	SNPs	13	331755	1.27e-06	0.01925755	Distant	0.01925755	trans
Transcriptomics	YOR141C	SNPs	16	420178	3.79e-06	0.04138009	Distant	0.04138009	trans
Transcriptomics	YOR145C	SNPs	7	655851	1.06e-06	0.00680913	Distant	0.00680913	trans
Transcriptomics	YOR148C	SNPs	15	617402	1.66e-06	0.02106579	Local	0.02106579	cis
Transcriptomics	YOR150W	SNPs	4	386966	5.09e-06	0.00478175	Distant	0.00478175	trans
Transcriptomics	YOR153W	SNPs	9	322286	3.85e-09	0.02764821	Distant	0.02764821	trans
Transcriptomics	YOR153W	SNPs	12	211485	3.61e-07	0.01675771	Distant	0.01675771	trans
Transcriptomics	YOR153W	SNPs	5	503021	4.77e-06	0.01057753	Distant	0.01057753	trans
Transcriptomics	YOR154W	SNPs	15	619443	4.81e-10	0.0323395	Local	0.0323395	cis
Transcriptomics	YOR154W	SNPs	15	622271	1.13e-09	0.04028693	Local	0.04028693	cis
Transcriptomics	YOR154W	SNPs	15	617850	1.24e-08	0.00675903	Local	0.00675903	cis
Transcriptomics	YOR154W	SNPs	7	318110	1.3e-07	0.00877872	Distant	0.00877872	trans
Transcriptomics	YOR166C	SNPs	6	43129	5.87e-07	0.01915677	Distant	0.01915677	trans
Transcriptomics	YOR168W	SNPs	11	290740	3.1e-07	0.01849866	Distant	0.01849866	trans
Transcriptomics	YOR168W	SNPs	7	655851	2.11e-06	0.00648543	Distant	0.00648543	trans
Transcriptomics	YOR180C	SNPs	15	675251	7.34e-11	0.0276666	Local	0.0276666	cis
Transcriptomics	YOR180C	SNPs	15	675665	1.84e-10	0.12436209	Local	0.12436209	cis
Transcriptomics	YOR180C	SNPs	15	675191	2.08e-07	0.02224543	Local	0.02224543	cis
Transcriptomics	YOR180C	SNPs	12	987942	3.02e-06	0.09157433	Distant	0.09157433	trans
Transcriptomics	YOR180C	SNPs	7	276866	3.31e-06	0.06326738	Distant	0.06326738	trans
Transcriptomics	YOR182C	SNPs	15	76985	2.67e-06	0.03751735	Distant	0.03751735	trans
Transcriptomics	YOR182C	SNPs	4	916444	7.9e-06	0.00768073	Distant	0.00768073	trans
Transcriptomics	YOR183W	SNPs	4	1467392	2.89e-06	0.06729481	Distant	0.06729481	trans
Transcriptomics	YOR186W	SNPs	5	321279	5.05e-06	0.01250086	Distant	0.01250086	trans
Transcriptomics	YOR192C	SNPs	12	614010	1.04e-12	0.0107534	Distant	0.0107534	trans
Transcriptomics	YOR192C	SNPs	12	612861	5.27e-08	0.00925885	Distant	0.00925885	trans
Transcriptomics	YOR192C	SNPs	15	466809	5.04e-07	0.03143285	Distant	0.03143285	trans
Transcriptomics	YOR192C	SNPs	15	701208	2.24e-06	0.03131777	Local	0.03131777	cis
Transcriptomics	YOR196C	SNPs	15	716951	1.02e-16	0.05545519	Local	0.05545519	cis
Transcriptomics	YOR196C	SNPs	15	717052	5.12e-06	0.03173504	Local	0.03173504	cis
Transcriptomics	YOR196C	SNPs	16	463609	5.16e-06	0.03029101	Distant	0.03029101	trans
Transcriptomics	YOR197W	SNPs	1	84319	1.58e-06	0.0091055	Distant	0.0091055	trans
Transcriptomics	YOR199W	SNPs	14	430758	5.85e-08	0.03637018	Distant	0.03637018	trans
Transcriptomics	YOR201C	SNPs	15	721219	2.31e-08	0.09577273	Local	0.09577273	cis
Transcriptomics	YOR201C	SNPs	15	718752	3.74e-07	0.0390656	Local	0.0390656	cis
Transcriptomics	YOR201C	SNPs	14	725092	8.03e-07	0.0105301	Distant	0.0105301	trans
Transcriptomics	YOR204W	SNPs	15	563727	1.47e-06	0.01446071	Distant	0.01446071	trans
Transcriptomics	YOR206W	SNPs	7	655851	1.38e-06	0.00622449	Distant	0.00622449	trans
Transcriptomics	YOR207C	SNPs	11	290740	7.92e-07	0.01777882	Distant	0.01777882	trans
Transcriptomics	YOR207C	SNPs	7	655851	3.16e-06	0.00645001	Distant	0.00645001	trans
Transcriptomics	YOR209C	SNPs	15	737961	1.61e-16	0.19672443	Local	0.19672443	cis
Transcriptomics	YOR209C	SNPs	9	282224	6.52e-07	0.03848146	Distant	0.03848146	trans
Transcriptomics	YOR209C	SNPs	15	833368	1.21e-06	0.0151695	Distant	0.0151695	trans
Transcriptomics	YOR209C	SNPs	15	922531	1.71e-06	0.01934772	Distant	0.01934772	trans
Transcriptomics	YOR213C	SNPs	11	572498	3.71e-07	0.09551628	Distant	0.09551628	trans
Transcriptomics	YOR213C	SNPs	14	230725	2.38e-06	0.03454598	Distant	0.03454598	trans
Transcriptomics	YOR216C	SNPs	11	416779	3.75e-06	0.01702972	Distant	0.01702972	trans
Transcriptomics	YOR219C	SNPs	15	754326	2.38e-10	0.06229777	Local	0.06229777	cis
Transcriptomics	YOR219C	SNPs	15	754376	1.81e-08	0.07686707	Local	0.07686707	cis
Transcriptomics	YOR219C	SNPs	15	754284	9.98e-07	0.01096331	Local	0.01096331	cis
Transcriptomics	YOR220W	SNPs	7	655851	1.96e-07	0.00733277	Distant	0.00733277	trans
Transcriptomics	YOR222W	SNPs	15	758119	7.46e-14	0.05617404	Local	0.05617404	cis
Transcriptomics	YOR222W	SNPs	15	587077	2.15e-09	0.01565515	Distant	0.01565515	trans
Transcriptomics	YOR222W	SNPs	15	712134	3.18e-06	0.00503753	Distant	0.00503753	trans
Transcriptomics	YOR225W	SNPs	11	258850	2.13e-06	0.00696853	Distant	0.00696853	trans
Transcriptomics	YOR226C	SNPs	13	213896	5.09e-07	0.00696851	Distant	0.00696851	trans
Transcriptomics	YOR226C	SNPs	7	655851	1.7e-06	0.00642355	Distant	0.00642355	trans
Transcriptomics	YOR228C	SNPs	15	766225	3.52e-09	0.00885328	Local	0.00885328	cis
Transcriptomics	YOR228C	SNPs	15	763477	7.22e-07	0.00652501	Local	0.00652501	cis
Transcriptomics	YOR228C	SNPs	15	765566	4.66e-06	0.02495049	Local	0.02495049	cis
Transcriptomics	YOR229W	SNPs	15	762711	3.01e-06	0.01385219	Local	0.01385219	cis
Transcriptomics	YOR229W	SNPs	4	786028	3.8e-06	0.06081577	Distant	0.06081577	trans
Transcriptomics	YOR230W	SNPs	15	770554	1.71e-09	0.09984467	Local	0.09984467	cis
Transcriptomics	YOR230W	SNPs	15	770526	7.05e-08	0.01780551	Local	0.01780551	cis
Transcriptomics	YOR230W	SNPs	15	755969	6.01e-07	0.00975851	Local	0.00975851	cis
Transcriptomics	YOR230W	SNPs	14	302293	2.23e-06	0.00773491	Distant	0.00773491	trans
Transcriptomics	YOR231W	SNPs	14	245464	1.72e-06	0.00427546	Distant	0.00427546	trans
Transcriptomics	YOR231W	SNPs	4	634669	2.48e-06	0.00986516	Distant	0.00986516	trans
Transcriptomics	YOR231W	SNPs	10	257097	2.62e-06	0.01367156	Distant	0.01367156	trans
Transcriptomics	YOR232W	SNPs	7	1031236	3.51e-06	0.01907417	Distant	0.01907417	trans
Transcriptomics	YOR236W	SNPs	15	780911	3.76e-18	0.04711162	Local	0.04711162	cis
Transcriptomics	YOR236W	SNPs	15	780823	9.14e-09	0.06455401	Local	0.06455401	cis
Transcriptomics	YOR236W	SNPs	15	675643	1.05e-06	0.03091761	Distant	0.03091761	trans
Transcriptomics	YOR237W	SNPs	9	396773	3.69e-06	0.02170982	Distant	0.02170982	trans
Transcriptomics	YOR237W	SNPs	7	92485	3.81e-06	0.01056241	Distant	0.01056241	trans
Transcriptomics	YOR238W	SNPs	15	783414	1e-06	0.06673486	Local	0.06673486	cis
Transcriptomics	YOR241W	SNPs	15	790997	1.35e-06	0.09631222	Local	0.09631222	cis
Transcriptomics	YOR242C	SNPs	7	238358	2.37e-06	0.02748835	Distant	0.02748835	trans
Transcriptomics	YOR245C	SNPs	15	795300	3.03e-06	0.02964391	Local	0.02964391	cis
Transcriptomics	YOR247W	SNPs	2	502038	3.41e-06	0.00859272	Distant	0.00859272	trans
Transcriptomics	YOR252W	SNPs	7	655851	1.46e-07	0.00801639	Distant	0.00801639	trans
Transcriptomics	YOR252W	SNPs	13	213896	3.62e-06	0.00613488	Distant	0.00613488	trans
Transcriptomics	YOR253W	SNPs	12	1031026	1.77e-06	0.06270778	Distant	0.06270778	trans
Transcriptomics	YOR258W	SNPs	15	812219	4.64e-11	0.0492254	Local	0.0492254	cis
Transcriptomics	YOR258W	SNPs	15	816256	4.12e-08	0.01492395	Local	0.01492395	cis
Transcriptomics	YOR261C	SNPs	12	78954	5.66e-06	0.00858274	Distant	0.00858274	trans
Transcriptomics	YOR262W	SNPs	11	328199	1.16e-06	0.06710251	Distant	0.06710251	trans
Transcriptomics	YOR264W	SNPs	14	230535	4.32e-06	0.01293987	Distant	0.01293987	trans
Transcriptomics	YOR271C	SNPs	10	524477	4.44e-07	0.05560953	Distant	0.05560953	trans
Transcriptomics	YOR272W	SNPs	7	655851	1.64e-06	0.0062245	Distant	0.0062245	trans
Transcriptomics	YOR273C	SNPs	15	836747	3.19e-11	0.05677599	Local	0.05677599	cis
Transcriptomics	YOR273C	SNPs	15	935795	3.62e-06	0.00617623	Distant	0.00617623	trans
Transcriptomics	YOR284W	SNPs	13	28338	3.11e-06	0.01448783	Distant	0.01448783	trans
Transcriptomics	YOR284W	SNPs	7	774613	3.34e-06	0.02845232	Distant	0.02845232	trans
Transcriptomics	YOR284W	SNPs	9	166175	3.88e-06	0.01178975	Distant	0.01178975	trans
Transcriptomics	YOR285W	SNPs	15	849538	3.45e-27	0.05164266	Local	0.05164266	cis
Transcriptomics	YOR285W	SNPs	15	849514	4.09e-21	0.30522972	Local	0.30522972	cis
Transcriptomics	YOR285W	SNPs	15	849243	1.98e-11	0.16702839	Local	0.16702839	cis
Transcriptomics	YOR285W	SNPs	15	846762	3.33e-10	0.01819926	Local	0.01819926	cis
Transcriptomics	YOR285W	SNPs	15	849548	6.69e-09	0.02669905	Local	0.02669905	cis
Transcriptomics	YOR285W	SNPs	15	849274	4.72e-07	0.03258254	Local	0.03258254	cis
Transcriptomics	YOR285W	SNPs	15	842085	5.25e-06	0.01607844	Local	0.01607844	cis
Transcriptomics	YOR286W	SNPs	15	846762	2.14e-10	0.02105211	Local	0.02105211	cis
Transcriptomics	YOR286W	SNPs	15	847521	2.89e-10	0.01238785	Local	0.01238785	cis
Transcriptomics	YOR286W	SNPs	15	850811	3.64e-08	0.06880631	Local	0.06880631	cis
Transcriptomics	YOR286W	SNPs	15	892301	1.16e-06	0.07581722	Distant	0.07581722	trans
Transcriptomics	YOR286W	SNPs	15	850405	1.75e-06	0.01561861	Local	0.01561861	cis
Transcriptomics	YOR286W	SNPs	15	836722	2.22e-06	0.01875045	Local	0.01875045	cis
Transcriptomics	YOR286W	SNPs	15	851261	2.7e-06	0.01556827	Local	0.01556827	cis
Transcriptomics	YOR287C	SNPs	5	220904	6.14e-06	0.0143264	Distant	0.0143264	trans
Transcriptomics	YOR288C	SNPs	9	172433	2.33e-06	0.02555602	Distant	0.02555602	trans
Transcriptomics	YOR288C	SNPs	11	443774	2.94e-06	0.01986507	Distant	0.01986507	trans
Transcriptomics	YOR289W	SNPs	15	853264	1.4e-08	0.01243585	Local	0.01243585	cis
Transcriptomics	YOR293C-A	SNPs	2	92362	9.95e-07	0.08108721	Distant	0.08108721	trans
Transcriptomics	YOR298W	SNPs	7	367444	2.77e-06	0.00807488	Distant	0.00807488	trans
Transcriptomics	YOR300W	SNPs	15	882045	2.21e-06	0.0093546	Local	0.0093546	cis
Transcriptomics	YOR304C-A	SNPs	15	336658	1.28e-07	0.02806734	Distant	0.02806734	trans
Transcriptomics	YOR304C-A	SNPs	15	804513	1.39e-06	0.05665726	Distant	0.05665726	trans
Transcriptomics	YOR304C-A	SNPs	10	643135	1.47e-06	0.00514928	Distant	0.00514928	trans
Transcriptomics	YOR304C-A	SNPs	15	339178	2.83e-06	0.00932628	Distant	0.00932628	trans
Transcriptomics	YOR304C-A	SNPs	15	832169	5.06e-06	0.01655939	Distant	0.01655939	trans
Transcriptomics	YOR310C	SNPs	7	655851	5.65e-07	0.00686658	Distant	0.00686658	trans
Transcriptomics	YOR313C	SNPs	1	198502	5.29e-06	0.00860932	Distant	0.00860932	trans
Transcriptomics	YOR315W	SNPs	4	1492828	7.26e-07	0.09874161	Distant	0.09874161	trans
Transcriptomics	YOR316C	SNPs	15	907847	9.16e-17	0.05504489	Local	0.05504489	cis
Transcriptomics	YOR317W	SNPs	15	1078080	1.11e-06	0.06489248	Distant	0.06489248	trans
Transcriptomics	YOR318C	SNPs	12	138957	1.43e-06	0.01680759	Distant	0.01680759	trans
Transcriptomics	YOR319W	SNPs	15	912729	6.61e-07	0.07054366	Local	0.07054366	cis
Transcriptomics	YOR321W	SNPs	3	275765	1.76e-06	0.01449294	Distant	0.01449294	trans
Transcriptomics	YOR324C	SNPs	15	483110	1.76e-06	0.01832701	Distant	0.01832701	trans
Transcriptomics	YOR324C	SNPs	15	350338	2.45e-06	0.00788862	Distant	0.00788862	trans
Transcriptomics	YOR328W	SNPs	15	933449	5.67e-08	0.02317674	Local	0.02317674	cis
Transcriptomics	YOR329W-A	SNPs	14	412689	2.44e-06	0.01861369	Distant	0.01861369	trans
Transcriptomics	YOR332W	SNPs	16	377196	3.68e-06	0.00664695	Distant	0.00664695	trans
Transcriptomics	YOR340C	SNPs	7	655851	1.87e-07	0.00758239	Distant	0.00758239	trans
Transcriptomics	YOR340C	SNPs	13	213896	5.89e-06	0.00566117	Distant	0.00566117	trans
Transcriptomics	YOR341W	SNPs	7	655851	6.32e-07	0.00686214	Distant	0.00686214	trans
Transcriptomics	YOR343C	SNPs	8	58546	9.7e-06	0.07232825	Distant	0.07232825	trans
Transcriptomics	YOR346W	SNPs	16	224069	1.02e-06	0.03394122	Distant	0.03394122	trans
Transcriptomics	YOR346W	SNPs	16	175312	1.7e-06	0.0122876	Distant	0.0122876	trans
Transcriptomics	YOR347C	SNPs	4	1225163	1.85e-06	0.01563808	Distant	0.01563808	trans
Transcriptomics	YOR351C	SNPs	16	428330	1.87e-07	0.10441976	Distant	0.10441976	trans
Transcriptomics	YOR351C	SNPs	13	111909	1.93e-06	0.05496582	Distant	0.05496582	trans
Transcriptomics	YOR351C	SNPs	15	994505	2.58e-06	0.0099795	Local	0.0099795	cis
Transcriptomics	YOR352W	SNPs	3	65398	4.62e-06	0.01415444	Distant	0.01415444	trans
Transcriptomics	YOR353C	SNPs	11	106700	2.41e-06	0.01371561	Distant	0.01371561	trans
Transcriptomics	YOR358W	SNPs	15	1010114	9.480000000000001e-27	0.30346622	Local	0.30346622	cis
Transcriptomics	YOR358W	SNPs	15	1012127	1.09e-08	0.04035755	Local	0.04035755	cis
Transcriptomics	YOR358W	SNPs	15	1013721	2.24e-06	0.03460785	Local	0.03460785	cis
Transcriptomics	YOR358W	SNPs	1	177799	3.6e-06	0.00967708	Distant	0.00967708	trans
Transcriptomics	YOR359W	SNPs	15	715851	9.71e-06	0.01261197	Distant	0.01261197	trans
Transcriptomics	YOR360C	SNPs	4	33853	3.5e-07	0.05866412	Distant	0.05866412	trans
Transcriptomics	YOR365C	SNPs	15	1024047	1.88e-12	0.02898587	Local	0.02898587	cis
Transcriptomics	YOR365C	SNPs	15	1018597	8.27e-09	0.02081983	Local	0.02081983	cis
Transcriptomics	YOR365C	SNPs	15	1023408	2.82e-06	0.01471906	Local	0.01471906	cis
Transcriptomics	YOR368W	SNPs	11	575157	1.76e-07	0.09397512	Distant	0.09397512	trans
Transcriptomics	YOR368W	SNPs	5	332139	2.59e-06	0.08374912	Distant	0.08374912	trans
Transcriptomics	YOR368W	SNPs	4	1122913	5.45e-06	0.05636075	Distant	0.05636075	trans
Transcriptomics	YOR372C	SNPs	4	357312	1.15e-06	0.02464333	Distant	0.02464333	trans
Transcriptomics	YOR378W	SNPs	15	1051607	2.97e-10	0.12294846	Local	0.12294846	cis
Transcriptomics	YOR378W	SNPs	15	1050002	2.75e-07	0.03997939	Local	0.03997939	cis
Transcriptomics	YOR378W	SNPs	15	1051440	1.84e-06	0.02863344	Local	0.02863344	cis
Transcriptomics	YOR380W	SNPs	12	250289	9.19e-07	0.01855815	Distant	0.01855815	trans
Transcriptomics	YOR381W-A	SNPs	14	119777	4.26e-06	0.02690183	Distant	0.02690183	trans
Transcriptomics	YOR382W	SNPs	15	1049411	1.54e-06	0.01498571	Local	0.01498571	cis
Transcriptomics	YOR382W	SNPs	15	1049440	1.9e-06	0.00195989	Local	0.00195989	cis
Transcriptomics	YOR382W	SNPs	12	998122	6.44e-06	0.01533435	Distant	0.01533435	trans
Transcriptomics	YOR383C	SNPs	15	1049440	9.51e-09	0.00269903	Local	0.00269903	cis
Transcriptomics	YOR383C	SNPs	15	1049411	6.09e-08	0.01813189	Local	0.01813189	cis
Transcriptomics	YOR383C	SNPs	15	146962	6.49e-07	0.01750933	Distant	0.01750933	trans
Transcriptomics	YOR383C	SNPs	15	1048379	2.58e-06	0.00311774	Local	0.00311774	cis
Transcriptomics	YOR384W	SNPs	15	1048379	3.1e-15	0.01003519	Local	0.01003519	cis
Transcriptomics	YOR384W	SNPs	15	1049440	1.14e-12	0.004334	Local	0.004334	cis
Transcriptomics	YOR384W	SNPs	8	39052	3.95e-08	0.01252204	Distant	0.01252204	trans
Transcriptomics	YOR384W	SNPs	15	1055967	2.31e-07	0.00314395	Local	0.00314395	cis
Transcriptomics	YOR384W	SNPs	8	377326	4.75e-06	0.00095437	Distant	0.00095437	trans
Transcriptomics	YOR385W	SNPs	15	1049440	3.79e-12	0.00256604	Local	0.00256604	cis
Transcriptomics	YOR385W	SNPs	15	1048379	8.96e-11	0.00431311	Local	0.00431311	cis
Transcriptomics	YOR385W	SNPs	15	1049411	3.6e-08	0.01473938	Local	0.01473938	cis
Transcriptomics	YOR385W	SNPs	15	1050002	1.14e-07	0.04212632	Local	0.04212632	cis
Transcriptomics	YOR385W	SNPs	15	176350	1.68e-06	0.00471139	Distant	0.00471139	trans
Transcriptomics	YOR386W	SNPs	15	1049440	7.06e-17	0.00443353	Local	0.00443353	cis
Transcriptomics	YOR386W	SNPs	15	1048379	4.05e-15	0.00761345	Local	0.00761345	cis
Transcriptomics	YOR386W	SNPs	8	39052	6.52e-11	0.01352478	Distant	0.01352478	trans
Transcriptomics	YOR386W	SNPs	16	584853	1.06e-10	0.02714044	Distant	0.02714044	trans
Transcriptomics	YOR387C	SNPs	15	1049440	1.5e-11	0.00371466	Local	0.00371466	cis
Transcriptomics	YOR387C	SNPs	15	1048379	2.57e-08	0.00484219	Local	0.00484219	cis
Transcriptomics	YOR387C	SNPs	15	1049411	1.5e-07	0.01934469	Local	0.01934469	cis
Transcriptomics	YOR390W	SNPs	15	1075521	1.32e-06	0.00955689	Local	0.00955689	cis
Transcriptomics	YOR393W	SNPs	16	12653	7.72e-07	0.00321001	Distant	0.00321001	trans
Transcriptomics	YPL001W	SNPs	13	169890	3.13e-07	0.01681126	Distant	0.01681126	trans
Transcriptomics	YPL001W	SNPs	15	586701	4.66e-06	0.01373762	Distant	0.01373762	trans
Transcriptomics	YPL002C	SNPs	16	554350	2.01e-25	0.0473065	Local	0.0473065	cis
Transcriptomics	YPL002C	SNPs	16	554689	8.6e-11	0.05084202	Local	0.05084202	cis
Transcriptomics	YPL002C	SNPs	16	561360	1.23e-08	0.0162088	Local	0.0162088	cis
Transcriptomics	YPL002C	SNPs	16	558975	1.06e-07	0.00635121	Local	0.00635121	cis
Transcriptomics	YPL003W	SNPs	8	319580	1.07e-06	0.02390242	Distant	0.02390242	trans
Transcriptomics	YPL010W	SNPs	15	586701	7.27e-08	0.01890017	Distant	0.01890017	trans
Transcriptomics	YPL010W	SNPs	7	43400	2.71e-07	0.01009772	Distant	0.01009772	trans
Transcriptomics	YPL012W	SNPs	7	655851	1.7e-06	0.00632993	Distant	0.00632993	trans
Transcriptomics	YPL019C	SNPs	7	749414	3.86e-06	0.08838066	Distant	0.08838066	trans
Transcriptomics	YPL020C	SNPs	16	514415	5.31e-11	0.01029404	Local	0.01029404	cis
Transcriptomics	YPL026C	SNPs	7	413763	4.15e-07	0.00837941	Distant	0.00837941	trans
Transcriptomics	YPL026C	SNPs	10	434858	1.53e-06	0.05176327	Distant	0.05176327	trans
Transcriptomics	YPL030W	SNPs	10	524477	3.67e-06	0.04369156	Distant	0.04369156	trans
Transcriptomics	YPL031C	SNPs	11	291521	7.73e-06	0.01379831	Distant	0.01379831	trans
Transcriptomics	YPL036W	SNPs	11	7067	2.01e-07	0.04341307	Distant	0.04341307	trans
Transcriptomics	YPL041C	SNPs	16	475831	2.13e-10	0.08607656	Local	0.08607656	cis
Transcriptomics	YPL042C	SNPs	12	507985	9.61e-07	0.0172535	Distant	0.0172535	trans
Transcriptomics	YPL043W	SNPs	7	655851	4.52e-06	0.00566542	Distant	0.00566542	trans
Transcriptomics	YPL045W	SNPs	14	59960	5.18e-06	0.00855386	Distant	0.00855386	trans
Transcriptomics	YPL046C	SNPs	13	729020	2.22e-06	0.04703452	Distant	0.04703452	trans
Transcriptomics	YPL048W	SNPs	9	281757	3.19e-07	0.01362141	Distant	0.01362141	trans
Transcriptomics	YPL049C	SNPs	16	463609	6.01e-06	0.02549177	Local	0.02549177	cis
Transcriptomics	YPL053C	SNPs	15	902954	8.61e-08	0.00868981	Distant	0.00868981	trans
Transcriptomics	YPL053C	SNPs	15	167922	7.54e-07	0.08456522	Distant	0.08456522	trans
Transcriptomics	YPL054W	SNPs	16	456024	1.94e-13	0.01977048	Local	0.01977048	cis
Transcriptomics	YPL054W	SNPs	16	455538	1.12e-07	0.04763978	Local	0.04763978	cis
Transcriptomics	YPL062W	SNPs	16	431822	8.02e-08	0.01732554	Local	0.01732554	cis
Transcriptomics	YPL062W	SNPs	16	431737	2.59e-06	0.03699481	Local	0.03699481	cis
Transcriptomics	YPL065W	SNPs	3	218091	4.25e-06	0.0047726	Distant	0.0047726	trans
Transcriptomics	YPL066W	SNPs	4	1184604	1.26e-06	0.00947222	Distant	0.00947222	trans
Transcriptomics	YPL067C	SNPs	16	425451	9.05e-07	0.07848308	Local	0.07848308	cis
Transcriptomics	YPL069C	SNPs	12	1021039	5.93e-06	0.02799691	Distant	0.02799691	trans
Transcriptomics	YPL077C	SNPs	16	410239	5.21e-09	0.00815167	Local	0.00815167	cis
Transcriptomics	YPL077C	SNPs	8	16906	3.12e-06	0.01983298	Distant	0.01983298	trans
Transcriptomics	YPL078C	SNPs	4	1318821	2.01e-07	0.06586452	Distant	0.06586452	trans
Transcriptomics	YPL083C	SNPs	11	411807	8.84e-07	0.01585525	Distant	0.01585525	trans
Transcriptomics	YPL083C	SNPs	12	313034	2.46e-06	0.04033277	Distant	0.04033277	trans
Transcriptomics	YPL083C	SNPs	14	194533	5.42e-06	0.06683677	Distant	0.06683677	trans
Transcriptomics	YPL086C	SNPs	7	655851	6.57e-08	0.00818693	Distant	0.00818693	trans
Transcriptomics	YPL086C	SNPs	14	327674	7.35e-06	0.0051259	Distant	0.0051259	trans
Transcriptomics	YPL091W	SNPs	16	375375	8.43e-59	0.62438845	Local	0.62438845	cis
Transcriptomics	YPL091W	SNPs	16	373847	1.19e-19	0.17342329	Local	0.17342329	cis
Transcriptomics	YPL091W	SNPs	16	376683	8.64e-16	0.02881255	Local	0.02881255	cis
Transcriptomics	YPL091W	SNPs	8	16495	1.13e-14	0.03993527	Distant	0.03993527	trans
Transcriptomics	YPL091W	SNPs	8	15293	1.18e-12	0.07249211	Distant	0.07249211	trans
Transcriptomics	YPL091W	SNPs	8	16906	3.79e-09	0.03572548	Distant	0.03572548	trans
Transcriptomics	YPL091W	SNPs	8	15928	3.22e-08	0.0397341	Distant	0.0397341	trans
Transcriptomics	YPL091W	SNPs	8	16805	8.25e-08	0.05313692	Distant	0.05313692	trans
Transcriptomics	YPL091W	SNPs	8	30465	5.71e-07	0.00456001	Distant	0.00456001	trans
Transcriptomics	YPL092W	SNPs	8	16495	4e-22	0.06731224	Distant	0.06731224	trans
Transcriptomics	YPL092W	SNPs	16	373847	1.15e-20	0.1893559	Local	0.1893559	cis
Transcriptomics	YPL092W	SNPs	16	374156	5.04e-20	0.14374296	Local	0.14374296	cis
Transcriptomics	YPL092W	SNPs	8	16906	2.25e-17	0.07702582	Distant	0.07702582	trans
Transcriptomics	YPL092W	SNPs	16	376683	9.18e-17	0.03291385	Local	0.03291385	cis
Transcriptomics	YPL092W	SNPs	8	15239	2.63e-16	0.0848765	Distant	0.0848765	trans
Transcriptomics	YPL092W	SNPs	8	16805	2.01e-13	0.10487767	Distant	0.10487767	trans
Transcriptomics	YPL092W	SNPs	16	410239	1.09e-12	0.012871	Distant	0.012871	trans
Transcriptomics	YPL092W	SNPs	8	15928	2.45e-12	0.06756107	Distant	0.06756107	trans
Transcriptomics	YPL092W	SNPs	8	30465	3.1e-08	0.00622025	Distant	0.00622025	trans
Transcriptomics	YPL092W	SNPs	8	27733	4.49e-07	0.01193827	Distant	0.01193827	trans
Transcriptomics	YPL092W	SNPs	16	422730	7.46e-07	0.01515139	Distant	0.01515139	trans
Transcriptomics	YPL092W	SNPs	8	31313	2.05e-06	0.01138861	Distant	0.01138861	trans
Transcriptomics	YPL092W	SNPs	4	1302530	2.12e-06	0.0153668	Distant	0.0153668	trans
Transcriptomics	YPL092W	SNPs	8	63614	2.76e-06	0.00621414	Distant	0.00621414	trans
Transcriptomics	YPL092W	SNPs	16	584269	3.26e-06	0.01195048	Distant	0.01195048	trans
Transcriptomics	YPL092W	SNPs	14	711925	5.41e-06	0.01210616	Distant	0.01210616	trans
Transcriptomics	YPL093W	SNPs	7	655851	3.4e-06	0.00595745	Distant	0.00595745	trans
Transcriptomics	YPL094C	SNPs	12	384386	3.9e-07	0.00692488	Distant	0.00692488	trans
Transcriptomics	YPL094C	SNPs	15	675643	9.61e-07	0.02790008	Distant	0.02790008	trans
Transcriptomics	YPL095C	SNPs	13	336407	1.81e-06	0.03271108	Distant	0.03271108	trans
Transcriptomics	YPL095C	SNPs	16	922958	5.7e-06	0.03757969	Distant	0.03757969	trans
Transcriptomics	YPL096C-A	SNPs	16	366649	2.2e-11	0.10365127	Local	0.10365127	cis
Transcriptomics	YPL096C-A	SNPs	12	1001891	4.1e-06	0.05804534	Distant	0.05804534	trans
Transcriptomics	YPL096C-A	SNPs	4	809490	6.29e-06	0.03582855	Distant	0.03582855	trans
Transcriptomics	YPL104W	SNPs	8	420789	1.65e-06	0.00830009	Distant	0.00830009	trans
Transcriptomics	YPL104W	SNPs	9	281757	2.73e-06	0.01233442	Distant	0.01233442	trans
Transcriptomics	YPL106C	SNPs	16	350204	2.22e-09	0.03156019	Local	0.03156019	cis
Transcriptomics	YPL106C	SNPs	13	631591	5.24e-06	0.01174638	Distant	0.01174638	trans
Transcriptomics	YPL108W	SNPs	16	349012	8.19e-10	0.03302797	Local	0.03302797	cis
Transcriptomics	YPL108W	SNPs	16	354275	3.38e-08	0.08666051	Local	0.08666051	cis
Transcriptomics	YPL108W	SNPs	16	359989	4.34e-06	0.03054829	Local	0.03054829	cis
Transcriptomics	YPL109C	SNPs	16	345435	1.94e-06	0.03882796	Local	0.03882796	cis
Transcriptomics	YPL109C	SNPs	15	873940	7.33e-06	0.00852324	Distant	0.00852324	trans
Transcriptomics	YPL111W	SNPs	13	75275	5.96e-09	0.08685934	Distant	0.08685934	trans
Transcriptomics	YPL111W	SNPs	8	39052	6.02e-08	0.0159828	Distant	0.0159828	trans
Transcriptomics	YPL116W	SNPs	14	230535	1.79e-06	0.01457001	Distant	0.01457001	trans
Transcriptomics	YPL116W	SNPs	5	389576	2.7e-06	0.01493881	Distant	0.01493881	trans
Transcriptomics	YPL134C	SNPs	11	584432	5.11e-06	0.0445763	Distant	0.0445763	trans
Transcriptomics	YPL137C	SNPs	16	296884	3.86e-12	0.04022623	Local	0.04022623	cis
Transcriptomics	YPL140C	SNPs	4	1122421	3.31e-06	0.02335984	Distant	0.02335984	trans
Transcriptomics	YPL140C	SNPs	16	24494	4.85e-06	0.03095305	Distant	0.03095305	trans
Transcriptomics	YPL143W	SNPs	9	203358	2.93e-06	0.01344455	Distant	0.01344455	trans
Transcriptomics	YPL144W	SNPs	15	728123	6.64e-06	0.04717682	Distant	0.04717682	trans
Transcriptomics	YPL144W	SNPs	15	860651	9.13e-06	0.04924876	Distant	0.04924876	trans
Transcriptomics	YPL147W	SNPs	16	274932	4.07e-07	0.05053254	Local	0.05053254	cis
Transcriptomics	YPL148C	SNPs	16	272321	1.68e-15	0.08651471	Local	0.08651471	cis
Transcriptomics	YPL148C	SNPs	16	273953	8.58e-09	0.02709143	Local	0.02709143	cis
Transcriptomics	YPL148C	SNPs	16	271083	6.42e-07	0.03664779	Local	0.03664779	cis
Transcriptomics	YPL156C	SNPs	16	256995	1.17e-08	0.03014981	Local	0.03014981	cis
Transcriptomics	YPL156C	SNPs	16	255112	2.98e-07	0.05020644	Local	0.05020644	cis
Transcriptomics	YPL156C	SNPs	4	217905	5.56e-07	0.06817126	Distant	0.06817126	trans
Transcriptomics	YPL156C	SNPs	5	509902	1.14e-06	0.08185777	Distant	0.08185777	trans
Transcriptomics	YPL157W	SNPs	16	255112	1.89e-09	0.07389569	Local	0.07389569	cis
Transcriptomics	YPL157W	SNPs	16	245496	1.31e-07	0.08234956	Local	0.08234956	cis
Transcriptomics	YPL157W	SNPs	16	245420	6.36e-06	0.06150159	Local	0.06150159	cis
Transcriptomics	YPL158C	SNPs	14	230535	2.62e-06	0.01357169	Distant	0.01357169	trans
Transcriptomics	YPL159C	SNPs	7	413763	3.52e-06	0.0073541	Distant	0.0073541	trans
Transcriptomics	YPL165C	SNPs	11	290740	1.82e-06	0.01526717	Distant	0.01526717	trans
Transcriptomics	YPL167C	SNPs	16	237288	1.69e-25	0.24927153	Local	0.24927153	cis
Transcriptomics	YPL167C	SNPs	16	237219	2.46e-18	0.04758749	Local	0.04758749	cis
Transcriptomics	YPL167C	SNPs	16	237229	1.2e-12	0.01421905	Local	0.01421905	cis
Transcriptomics	YPL167C	SNPs	16	234527	2.6e-07	0.04432725	Local	0.04432725	cis
Transcriptomics	YPL167C	SNPs	16	93137	2.76e-06	0.07713892	Distant	0.07713892	trans
Transcriptomics	YPL168W	SNPs	2	198110	1.76e-07	0.0092036	Distant	0.0092036	trans
Transcriptomics	YPL171C	SNPs	16	227688	1.7e-06	0.01240277	Local	0.01240277	cis
Transcriptomics	YPL180W	SNPs	15	987409	2.92e-06	0.01804797	Distant	0.01804797	trans
Transcriptomics	YPL183C	SNPs	10	524477	2.06e-06	0.04644563	Distant	0.04644563	trans
Transcriptomics	YPL188W	SNPs	16	21294	1.34e-06	0.0139147	Distant	0.0139147	trans
Transcriptomics	YPL188W	SNPs	5	26797	2.51e-06	0.00979013	Distant	0.00979013	trans
Transcriptomics	YPL188W	SNPs	14	26041	7.46e-06	0.0594213	Distant	0.0594213	trans
Transcriptomics	YPL189C-A	SNPs	13	169890	3.56e-06	0.01337267	Distant	0.01337267	trans
Transcriptomics	YPL189W	SNPs	7	627362	2.94e-06	0.07949629	Distant	0.07949629	trans
Transcriptomics	YPL192C	SNPs	16	183101	5.43e-07	0.08322833	Local	0.08322833	cis
Transcriptomics	YPL193W	SNPs	7	369400	1.35e-06	0.00506728	Distant	0.00506728	trans
Transcriptomics	YPL193W	SNPs	7	655851	3.77e-06	0.00573714	Distant	0.00573714	trans
Transcriptomics	YPL193W	SNPs	5	220904	4.43e-06	0.01455527	Distant	0.01455527	trans
Transcriptomics	YPL195W	SNPs	14	230725	1.05e-06	0.03963403	Distant	0.03963403	trans
Transcriptomics	YPL197C	SNPs	15	876653	2.8e-06	0.06755944	Distant	0.06755944	trans
Transcriptomics	YPL198W	SNPs	16	174252	9.4e-09	0.03043339	Local	0.03043339	cis
Transcriptomics	YPL199C	SNPs	16	172925	1.1e-06	0.10013657	Local	0.10013657	cis
Transcriptomics	YPL199C	SNPs	16	173054	1.53e-06	0.05186314	Local	0.05186314	cis
Transcriptomics	YPL199C	SNPs	16	172786	4.24e-06	0.02161332	Local	0.02161332	cis
Transcriptomics	YPL202C	SNPs	12	832198	1.53e-06	0.0572753	Distant	0.0572753	trans
Transcriptomics	YPL203W	SNPs	15	873940	2.12e-06	0.01051117	Distant	0.01051117	trans
Transcriptomics	YPL204W	SNPs	7	413763	8.1e-06	0.00658944	Distant	0.00658944	trans
Transcriptomics	YPL208W	SNPs	2	119039	2.81e-06	0.01219399	Distant	0.01219399	trans
Transcriptomics	YPL208W	SNPs	12	989981	4.33e-06	0.03106828	Distant	0.03106828	trans
Transcriptomics	YPL208W	SNPs	12	210539	7.08e-06	0.00490532	Distant	0.00490532	trans
Transcriptomics	YPL211W	SNPs	7	655851	6.72e-07	0.00682647	Distant	0.00682647	trans
Transcriptomics	YPL212C	SNPs	4	327242	1.82e-06	0.07689644	Distant	0.07689644	trans
Transcriptomics	YPL213W	SNPs	6	180546	6.05e-06	0.00414673	Distant	0.00414673	trans
Transcriptomics	YPL214C	SNPs	11	231929	2e-06	0.07942097	Distant	0.07942097	trans
Transcriptomics	YPL215W	SNPs	9	281757	2.42e-06	0.01159312	Distant	0.01159312	trans
Transcriptomics	YPL217C	SNPs	7	655851	6.3e-07	0.00673079	Distant	0.00673079	trans
Transcriptomics	YPL222W	SNPs	16	242798	9.97e-07	0.03426738	Distant	0.03426738	trans
Transcriptomics	YPL222W	SNPs	8	429703	2.08e-06	0.02035184	Distant	0.02035184	trans
Transcriptomics	YPL226W	SNPs	7	655851	6.29e-07	0.00693772	Distant	0.00693772	trans
Transcriptomics	YPL227C	SNPs	12	888977	1.16e-06	0.02226327	Distant	0.02226327	trans
Transcriptomics	YPL233W	SNPs	16	106109	3.8e-08	0.07895278	Local	0.07895278	cis
Transcriptomics	YPL245W	SNPs	16	85843	2.14e-16	0.03875342	Local	0.03875342	cis
Transcriptomics	YPL248C	SNPs	3	43280	3.06e-06	0.01449072	Distant	0.01449072	trans
Transcriptomics	YPL249C	SNPs	15	873940	1.91e-06	0.01017664	Distant	0.01017664	trans
Transcriptomics	YPL262W	SNPs	4	1318821	2.15e-06	0.05779727	Distant	0.05779727	trans
Transcriptomics	YPL271W	SNPs	5	120210	1.95e-06	0.00612971	Distant	0.00612971	trans
Transcriptomics	YPL272C	SNPs	7	981435	3.25e-06	0.02185156	Distant	0.02185156	trans
Transcriptomics	YPL279C	SNPs	15	1075521	2.09e-09	0.0174917	Distant	0.0174917	trans
Transcriptomics	YPL279C	SNPs	16	14803	4.38e-07	0.00540793	Local	0.00540793	cis
Transcriptomics	YPL279C	SNPs	16	14772	3.54e-06	0.00776535	Local	0.00776535	cis
Transcriptomics	YPL279C	SNPs	16	893546	8.62e-06	0.01919493	Distant	0.01919493	trans
Transcriptomics	YPL281C	SNPs	16	12653	1.47e-06	0.0031704	Local	0.0031704	cis
Transcriptomics	YPR001W	SNPs	16	556159	1.32e-07	0.01394655	Local	0.01394655	cis
Transcriptomics	YPR002C-A	SNPs	15	356925	1.77e-06	0.00753298	Distant	0.00753298	trans
Transcriptomics	YPR004C	SNPs	14	157422	3.08e-06	0.06936388	Distant	0.06936388	trans
Transcriptomics	YPR005C	SNPs	15	411155	3.16e-06	0.02818813	Distant	0.02818813	trans
Transcriptomics	YPR006C	SNPs	16	568274	3.19e-39	0.22674064	Local	0.22674064	cis
Transcriptomics	YPR006C	SNPs	16	567809	8.68e-18	0.02311117	Local	0.02311117	cis
Transcriptomics	YPR006C	SNPs	16	568979	1.66e-06	0.06456051	Local	0.06456051	cis
Transcriptomics	YPR006C	SNPs	16	566724	3.16e-06	0.03018089	Local	0.03018089	cis
Transcriptomics	YPR006C	SNPs	16	560053	5.37e-06	0.06309085	Local	0.06309085	cis
Transcriptomics	YPR009W	SNPs	16	550167	6.13e-07	0.01330635	Distant	0.01330635	trans
Transcriptomics	YPR010C-A	SNPs	5	26797	3.86e-06	0.00850541	Distant	0.00850541	trans
Transcriptomics	YPR010C	SNPs	7	655851	1.84e-07	0.00756836	Distant	0.00756836	trans
Transcriptomics	YPR014C	SNPs	9	321995	2.63e-06	0.00634171	Distant	0.00634171	trans
Transcriptomics	YPR015C	SNPs	11	271621	4.6e-06	0.01403586	Distant	0.01403586	trans
Transcriptomics	YPR015C	SNPs	14	57930	5.09e-06	0.03822175	Distant	0.03822175	trans
Transcriptomics	YPR016C	SNPs	7	655851	7.96e-08	0.00803512	Distant	0.00803512	trans
Transcriptomics	YPR016C	SNPs	2	117085	1.44e-06	0.0226286	Distant	0.0226286	trans
Transcriptomics	YPR016W-A	SNPs	11	145211	6.42e-06	0.01519364	Distant	0.01519364	trans
Transcriptomics	YPR022C	SNPs	16	422588	5.47e-07	0.09224164	Distant	0.09224164	trans
Transcriptomics	YPR027C	SNPs	13	157323	1.89e-07	0.0239917	Distant	0.0239917	trans
Transcriptomics	YPR033C	SNPs	4	848316	1.61e-07	0.02176722	Distant	0.02176722	trans
Transcriptomics	YPR036W	SNPs	2	747812	1.5e-06	0.01204138	Distant	0.01204138	trans
Transcriptomics	YPR036W	SNPs	12	201632	3.54e-06	0.01287672	Distant	0.01287672	trans
Transcriptomics	YPR036W	SNPs	4	840651	4.51e-06	0.02047007	Distant	0.02047007	trans
Transcriptomics	YPR045C	SNPs	16	655575	7.13e-07	0.11988988	Local	0.11988988	cis
Transcriptomics	YPR045C	SNPs	16	653303	3.55e-06	0.05688218	Local	0.05688218	cis
Transcriptomics	YPR046W	SNPs	7	245148	3.24e-06	0.020177	Distant	0.020177	trans
Transcriptomics	YPR047W	SNPs	9	281757	3.48e-06	0.01134786	Distant	0.01134786	trans
Transcriptomics	YPR048W	SNPs	16	659088	1.06e-10	0.05940543	Local	0.05940543	cis
Transcriptomics	YPR053C	SNPs	7	226920	1.79e-06	0.08164465	Distant	0.08164465	trans
Transcriptomics	YPR057W	SNPs	16	671978	3.43e-06	0.0735982	Local	0.0735982	cis
Transcriptomics	YPR063C	SNPs	16	679524	5.48e-08	0.02050671	Local	0.02050671	cis
Transcriptomics	YPR063C	SNPs	16	680046	1.27e-06	0.02720534	Local	0.02720534	cis
Transcriptomics	YPR064W	SNPs	16	679524	2.29e-37	0.10720525	Local	0.10720525	cis
Transcriptomics	YPR064W	SNPs	16	680046	5.0099999999999997e-23	0.11120973	Local	0.11120973	cis
Transcriptomics	YPR064W	SNPs	16	679897	1.33e-14	0.11530192	Local	0.11530192	cis
Transcriptomics	YPR065W	SNPs	4	366089	4.37e-06	0.0061891	Distant	0.0061891	trans
Transcriptomics	YPR069C	SNPs	16	662291	8.95e-07	0.02160141	Local	0.02160141	cis
Transcriptomics	YPR069C	SNPs	11	99591	2.96e-06	0.0276539	Distant	0.0276539	trans
Transcriptomics	YPR069C	SNPs	14	25390	3.3e-06	0.01804756	Distant	0.01804756	trans
Transcriptomics	YPR069C	SNPs	10	463153	3.61e-06	0.02779015	Distant	0.02779015	trans
Transcriptomics	YPR071W	SNPs	7	781514	1.17e-06	0.01091369	Distant	0.01091369	trans
Transcriptomics	YPR071W	SNPs	9	286696	1.32e-06	0.06130404	Distant	0.06130404	trans
Transcriptomics	YPR071W	SNPs	9	267944	1.55e-06	0.01014742	Distant	0.01014742	trans
Transcriptomics	YPR072W	SNPs	4	495107	7.85e-06	0.01436235	Distant	0.01436235	trans
Transcriptomics	YPR078C	SNPs	16	697864	1.18e-24	0.1804362	Local	0.1804362	cis
Transcriptomics	YPR078C	SNPs	16	698959	2.1e-13	0.16291142	Local	0.16291142	cis
Transcriptomics	YPR078C	SNPs	16	700553	1.37e-09	0.02122529	Local	0.02122529	cis
Transcriptomics	YPR078C	SNPs	16	696841	1.93e-08	0.04671099	Local	0.04671099	cis
Transcriptomics	YPR078C	SNPs	16	698973	4.01e-08	0.04301611	Local	0.04301611	cis
Transcriptomics	YPR078C	SNPs	16	716784	2.1e-07	0.02815177	Local	0.02815177	cis
Transcriptomics	YPR078C	SNPs	16	702492	6.89e-07	0.07506397	Local	0.07506397	cis
Transcriptomics	YPR078C	SNPs	16	699981	1.55e-06	0.01931955	Local	0.01931955	cis
Transcriptomics	YPR079W	SNPs	12	386506	7.91e-08	0.02803803	Distant	0.02803803	trans
Transcriptomics	YPR079W	SNPs	4	1477814	1.43e-07	0.02509124	Distant	0.02509124	trans
Transcriptomics	YPR079W	SNPs	4	430471	6.74e-06	0.01827464	Distant	0.01827464	trans
Transcriptomics	YPR083W	SNPs	5	26797	9.71e-07	0.01019447	Distant	0.01019447	trans
Transcriptomics	YPR089W	SNPs	13	368861	2.24e-06	0.01898918	Distant	0.01898918	trans
Transcriptomics	YPR091C	SNPs	1	114258	4.99e-06	0.03298621	Distant	0.03298621	trans
Transcriptomics	YPR094W	SNPs	12	54652	4.17e-06	0.0208843	Distant	0.0208843	trans
Transcriptomics	YPR096C	SNPs	2	201782	1.07e-06	0.02517779	Distant	0.02517779	trans
Transcriptomics	YPR107C	SNPs	2	117547	1.65e-07	0.02686511	Distant	0.02686511	trans
Transcriptomics	YPR107C	SNPs	15	678815	7.31e-06	0.00883187	Distant	0.00883187	trans
Transcriptomics	YPR108W-A	SNPs	13	622439	5.8e-08	0.03210463	Distant	0.03210463	trans
Transcriptomics	YPR109W	SNPs	16	789570	4.08e-06	0.04603634	Distant	0.04603634	trans
Transcriptomics	YPR110C	SNPs	7	655851	5.1e-06	0.00559698	Distant	0.00559698	trans
Transcriptomics	YPR111W	SNPs	10	350651	3.49e-06	0.05065809	Distant	0.05065809	trans
Transcriptomics	YPR112C	SNPs	7	655851	2.1e-06	0.00612596	Distant	0.00612596	trans
Transcriptomics	YPR114W	SNPs	16	753132	3.27e-07	0.0064522	Local	0.0064522	cis
Transcriptomics	YPR116W	SNPs	16	693600	1.04e-06	0.02548287	Distant	0.02548287	trans
Transcriptomics	YPR116W	SNPs	2	484159	3.74e-06	0.01216416	Distant	0.01216416	trans
Transcriptomics	YPR118W	SNPs	15	586701	2.71e-06	0.0138455	Distant	0.0138455	trans
Transcriptomics	YPR119W	SNPs	12	398363	5.28e-06	0.00480986	Distant	0.00480986	trans
Transcriptomics	YPR122W	SNPs	7	702168	1.75e-06	0.04618483	Distant	0.04618483	trans
Transcriptomics	YPR122W	SNPs	13	806068	2.09e-06	0.09539812	Distant	0.09539812	trans
Transcriptomics	YPR131C	SNPs	15	860651	1.25e-06	0.05992269	Distant	0.05992269	trans
Transcriptomics	YPR131C	SNPs	8	373060	3.48e-06	0.00519874	Distant	0.00519874	trans
Transcriptomics	YPR134W	SNPs	15	868024	2.47e-06	0.06181525	Distant	0.06181525	trans
Transcriptomics	YPR134W	SNPs	16	798835	8.1e-06	0.01015957	Local	0.01015957	cis
Transcriptomics	YPR137W	SNPs	7	655851	3.1e-06	0.0061185	Distant	0.0061185	trans
Transcriptomics	YPR137W	SNPs	10	524477	3.73e-06	0.043923	Distant	0.043923	trans
Transcriptomics	YPR139C	SNPs	11	532847	3.16e-06	0.08060355	Distant	0.08060355	trans
Transcriptomics	YPR145C-A	SNPs	4	690855	6.04e-06	0.05705525	Distant	0.05705525	trans
Transcriptomics	YPR148C	SNPs	16	831325	6.13e-07	0.02141088	Local	0.02141088	cis
Transcriptomics	YPR149W	SNPs	16	212773	6.54e-07	0.03351327	Distant	0.03351327	trans
Transcriptomics	YPR155C	SNPs	16	839283	8.51e-07	0.00652232	Local	0.00652232	cis
Transcriptomics	YPR161C	SNPs	16	865379	1.97e-06	0.00827804	Local	0.00827804	cis
Transcriptomics	YPR163C	SNPs	7	655851	7.15e-08	0.00775964	Distant	0.00775964	trans
Transcriptomics	YPR163C	SNPs	13	213896	4.09e-07	0.00674112	Distant	0.00674112	trans
Transcriptomics	YPR170C	SNPs	16	880941	4.58e-06	0.0460996	Local	0.0460996	cis
Transcriptomics	YPR170C	SNPs	16	882103	6.16e-06	0.04315324	Local	0.04315324	cis
Transcriptomics	YPR170C	SNPs	16	882609	6.46e-06	0.08589055	Local	0.08589055	cis
Transcriptomics	YPR174C	SNPs	10	704535	1.34e-06	0.00934884	Distant	0.00934884	trans
Transcriptomics	YPR183W	SNPs	13	161406	2.58e-07	0.07210879	Distant	0.07210879	trans
Transcriptomics	YPR187W	SNPs	7	655851	1.75e-06	0.0063785	Distant	0.0063785	trans
Transcriptomics	YPR187W	SNPs	13	213896	1.87e-06	0.00624681	Distant	0.00624681	trans
Transcriptomics	YPR194C	SNPs	16	927952	2.59e-06	0.05680739	Local	0.05680739	cis
Transcriptomics	YPR195C	SNPs	16	927980	1.42e-06	0.0076898	Local	0.0076898	cis
Transcriptomics	YPR200C	SNPs	10	658916	4.48e-06	0.04778614	Distant	0.04778614	trans
Transcriptomics	YPR201W	SNPs	11	458817	8.27e-07	0.01233712	Distant	0.01233712	trans
Transcriptomics	YPR201W	SNPs	5	281802	4.44e-06	0.07634059	Distant	0.07634059	trans
Transcriptomics	YPR201W	SNPs	3	162361	9.41e-06	0.00945932	Distant	0.00945932	trans
Transcriptomics	YPR202W	SNPs	2	634316	5.93e-07	0.02033164	Distant	0.02033164	trans
Transcriptomics	YPR203W	SNPs	2	634316	1.42e-06	0.01766282	Distant	0.01766282	trans
Transcriptomics	YPR203W	SNPs	16	590816	1.53e-06	0.0183356	Distant	0.0183356	trans
