SNP,CHR,BP,gene,EFFECTSIZE,Effect,P,FDR,locus_id,GENE,snps_class_up,snps_class_down,PPI,DRUG,-log10_P,LD_b075,LD_b050,PPI_SNP,PPI_block
983,3,80341,ADE17_GIS2_noMTX_noDrug_avg_logratio_Fitness_minus_ref,-0.402168703318937,-0.400204768139413,1.80492821250891e-06,0.001252585653043,YCL024W,KCC4,ORF,Verified ORF,ADE17_GIS2,noDrug,5.743540066628817,982_983_984,982_983_984,ADE17_GIS2-983,ADE17_GIS2-982_983_984
990,3,84735,ADE17_GIS2_noMTX_noDrug_avg_logratio_Fitness_minus_ref,-0.411445274495486,-0.394244649346594,2.46029976986885e-06,0.0016707861085069,YCLWdelta2b_NFR/NDR,,Promoter,Promoter,ADE17_GIS2,noDrug,5.6090119740070685,990,990,ADE17_GIS2-990,ADE17_GIS2-990
992,3,84780,ADE17_GIS2_noMTX_noDrug_avg_logratio_Fitness_minus_ref,-0.404492608281845,-0.385749539937712,4.12194816398746e-05,0.0214506630210967,YCLWdelta2b_NFR/NDR,,Promoter,Promoter,ADE17_GIS2,noDrug,4.384897474040494,992,992,ADE17_GIS2-992,ADE17_GIS2-992
1002,3,92556,ADE17_GIS2_noMTX_noDrug_avg_logratio_Fitness_minus_ref,-0.444453172239963,-0.428716317172103,1.86114379565074e-07,0.0001500617211556,YCLWdelta2b_NFR/NDR,,Promoter,Promoter,ADE17_GIS2,noDrug,6.730220071122278,1002_1003,1002_1003_1004,ADE17_GIS2-1002,ADE17_GIS2-1002_1003
1004,3,92716,ADE17_GIS2_noMTX_noDrug_avg_logratio_Fitness_minus_ref,-0.412637973713549,-0.377479223694472,3.60703814565622e-06,0.0023719425816805,YCL018W,LEU2,Close to 3'-UTR,Close to 3'-UTR,ADE17_GIS2,noDrug,5.442849264845372,1004,1002_1003_1004,ADE17_GIS2-1004,ADE17_GIS2-1004
1006,3,95493,ADE17_GIS2_noMTX_noDrug_avg_logratio_Fitness_minus_ref,-0.438688060161335,-0.439331467097599,1.93973782931364e-07,0.0001560115354349,YCL016C,DCC1,ORF,Verified ORF,ADE17_GIS2,noDrug,6.712256964387579,1006,1006_1007_1008_1009_1010_1011_1012_1013_1014_1015,ADE17_GIS2-1006,ADE17_GIS2-1006
1008,3,98535,ADE17_GIS2_noMTX_noDrug_avg_logratio_Fitness_minus_ref,-0.379971772665128,-0.382444366336059,3.08050205324102e-06,0.0020526097079935,YCL014W,BUD3,ORF,Verified ORF,ADE17_GIS2,noDrug,5.511378497401022,1007_1008_1009_1010_1011,1006_1007_1008_1009_1010_1011_1012_1013_1014_1015,ADE17_GIS2-1008,ADE17_GIS2-1007_1008_1009_1010_1011
1014,3,114371,ADE17_GIS2_noMTX_noDrug_avg_logratio_Fitness_minus_ref,-0.32495785458011,-0.317160981045344,7.14577727092557e-05,0.0343499218619134,ARS308,ARS308,Other features,Replication,ADE17_GIS2,noDrug,4.145950524589704,1014,1006_1007_1008_1009_1010_1011_1012_1013_1014_1015,ADE17_GIS2-1014,ADE17_GIS2-1014
1015,3,114395,ADE17_GIS2_noMTX_noDrug_avg_logratio_Fitness_minus_ref,-0.440872053431127,-0.404144051483844,3.33080005539242e-05,0.017799547799767,ARS308,ARS308,Other features,Replication,ADE17_GIS2,noDrug,4.477451436791264,1015,1006_1007_1008_1009_1010_1011_1012_1013_1014_1015,ADE17_GIS2-1015,ADE17_GIS2-1015
1019,3,120341,ADE17_GIS2_noMTX_noDrug_avg_logratio_Fitness_minus_ref,-0.361575937091637,-0.361206311489201,2.92014034615901e-06,0.0019542948396357,CUT043_NFR/NDR,,Promoter,Promoter,ADE17_GIS2,noDrug,5.5345962752304585,1016_1017_1018_1019_1020_1021_1022_1023_1024,1016_1017_1018_1019_1020_1021_1022_1023_1024,ADE17_GIS2-1019,ADE17_GIS2-1016_1017_1018_1019_1020_1021_1022_1023_1024
1029,3,135857,ADE17_GIS2_noMTX_noDrug_avg_logratio_Fitness_minus_ref,-0.337006844693173,-0.337120909283858,7.89142136872468e-06,0.0048560213891096,YCR011C,ADP1,ORF,Verified ORF,ADE17_GIS2,noDrug,5.1028447664992616,1027_1028_1029_1030_1031_1032_1033,1026_1027_1028_1029_1030_1031_1032_1033_1034_1035_1036_1037_1038_1039_1040_1041_1042_1043_1044_1045_1046_1047_1048_1049,ADE17_GIS2-1029,ADE17_GIS2-1027_1028_1029_1030_1031_1032_1033
1034,3,139688,ADE17_GIS2_noMTX_noDrug_avg_logratio_Fitness_minus_ref,-0.319847458472022,-0.318897897864235,2.17603978561151e-05,0.0121588403614033,YCR014C,POL4,ORF,Verified ORF,ADE17_GIS2,noDrug,4.662333168480485,1034,1026_1027_1028_1029_1030_1031_1032_1033_1034_1035_1036_1037_1038_1039_1040_1041_1042_1043_1044_1045_1046_1047_1048_1049,ADE17_GIS2-1034,ADE17_GIS2-1034
1041,3,146875,ADE17_GIS2_noMTX_noDrug_avg_logratio_Fitness_minus_ref,-0.323482682496775,-0.322597928840096,2.17968897217414e-05,0.012176604828647,YCR017C,CWH43,ORF,Verified ORF,ADE17_GIS2,noDrug,4.661605473049246,1036_1037_1038_1039_1040_1041_1042_1043_1044,1026_1027_1028_1029_1030_1031_1032_1033_1034_1035_1036_1037_1038_1039_1040_1041_1042_1043_1044_1045_1046_1047_1048_1049,ADE17_GIS2-1041,ADE17_GIS2-1036_1037_1038_1039_1040_1041_1042_1043_1044
1046,3,148833,ADE17_GIS2_noMTX_noDrug_avg_logratio_Fitness_minus_ref,-0.342620572849342,-0.344100792755371,9.39729469096152e-06,0.0057037678816703,YCR018C,SRD1,ORF,Verified ORF,ADE17_GIS2,noDrug,5.026997153835114,1046_1047_1048,1026_1027_1028_1029_1030_1031_1032_1033_1034_1035_1036_1037_1038_1039_1040_1041_1042_1043_1044_1045_1046_1047_1048_1049,ADE17_GIS2-1046,ADE17_GIS2-1046_1047_1048
1057,3,152269,ADE17_GIS2_noMTX_noDrug_avg_logratio_Fitness_minus_ref,-0.326947075804016,-0.327335106609119,1.35388726733218e-05,0.0079545985964321,YCR018C-A,YCR018C-A,Close to 3'-UTR,Close to 3'-UTR,ADE17_GIS2,noDrug,4.868417496074673,1056_1057,1056_1057,ADE17_GIS2-1057,ADE17_GIS2-1056_1057
1060,3,158006,ADE17_GIS2_noMTX_noDrug_avg_logratio_Fitness_minus_ref,-0.318516126313618,-0.319177289737544,2.14888966460719e-05,0.01202792385459,SUT032,,Unstable transcript,SUT,ADE17_GIS2,noDrug,4.667785882918245,1059_1060,1059_1060_1061_1062_1063_1064_1065_1066_1067_1068_1069_1070_1071_1072_1073_1074_1075_1076_1077_1078_1079_1080_1081_1082_1083_1084_1085_1086_1087_1088_1089_1090_1091_1092_1093,ADE17_GIS2-1060,ADE17_GIS2-1059_1060
1063,3,165304,ADE17_GIS2_noMTX_noDrug_avg_logratio_Fitness_minus_ref,-0.353840700011213,-0.353474255164338,2.00987955592904e-06,0.001386193675124,YCR026C,NPP1,ORF,Verified ORF,ADE17_GIS2,noDrug,5.696829967337061,1061_1062_1063_1064_1065_1066_1067,1059_1060_1061_1062_1063_1064_1065_1066_1067_1068_1069_1070_1071_1072_1073_1074_1075_1076_1077_1078_1079_1080_1081_1082_1083_1084_1085_1086_1087_1088_1089_1090_1091_1092_1093,ADE17_GIS2-1063,ADE17_GIS2-1061_1062_1063_1064_1065_1066_1067
1070,3,178885,ADE17_GIS2_noMTX_noDrug_avg_logratio_Fitness_minus_ref,-0.330876373919645,-0.331780054633402,2.34684659672365e-05,0.0130277385613243,CUT048_NFR/NDR,,Promoter,Promoter,ADE17_GIS2,noDrug,4.62951529743753,1068_1069_1070_1071_1072,1059_1060_1061_1062_1063_1064_1065_1066_1067_1068_1069_1070_1071_1072_1073_1074_1075_1076_1077_1078_1079_1080_1081_1082_1083_1084_1085_1086_1087_1088_1089_1090_1091_1092_1093,ADE17_GIS2-1070,ADE17_GIS2-1068_1069_1070_1071_1072
1073,3,186935,ADE17_GIS2_noMTX_noDrug_avg_logratio_Fitness_minus_ref,-0.372572341928469,-0.372572341928727,5.21095989959188e-07,0.000392303864112,YCR033W,SNT1,ORF,Verified ORF,ADE17_GIS2,noDrug,6.283082268889078,1073_1074_1075_1076_1077_1078_1079_1080_1081_1082_1083,1059_1060_1061_1062_1063_1064_1065_1066_1067_1068_1069_1070_1071_1072_1073_1074_1075_1076_1077_1078_1079_1080_1081_1082_1083_1084_1085_1086_1087_1088_1089_1090_1091_1092_1093,ADE17_GIS2-1073,ADE17_GIS2-1073_1074_1075_1076_1077_1078_1079_1080_1081_1082_1083
1093,3,198615,ADE17_GIS2_noMTX_noDrug_avg_logratio_Fitness_minus_ref,-0.380937340425224,-0.381752829663403,3.0132034875809e-07,0.0002355063375901,YCR038C,BUD5,ORF,Verified ORF,ADE17_GIS2,noDrug,6.520971538572433,1084_1085_1086_1087_1088_1089_1090_1091_1092_1093,1059_1060_1061_1062_1063_1064_1065_1066_1067_1068_1069_1070_1071_1072_1073_1074_1075_1076_1077_1078_1079_1080_1081_1082_1083_1084_1085_1086_1087_1088_1089_1090_1091_1092_1093,ADE17_GIS2-1093,ADE17_GIS2-1084_1085_1086_1087_1088_1089_1090_1091_1092_1093
1097,3,204897,ADE17_GIS2_noMTX_noDrug_avg_logratio_Fitness_minus_ref,-0.417624126551526,-0.417226745936048,1.82551722713179e-08,1.66662185275164e-05,YCR042C,TAF2,ORF,Verified ORF,ADE17_GIS2,noDrug,7.7386140643231425,1095_1096_1097_1098,1095_1096_1097_1098,ADE17_GIS2-1097,ADE17_GIS2-1095_1096_1097_1098
9096,13,748562,ADE17_GIS2_noMTX_noDrug_avg_logratio_Fitness_minus_ref,0.299217357703521,0.299549712655735,6.08508229103187e-05,0.0299737895089141,YMR239C,RNT1,ORF,Verified ORF,ADE17_GIS2,noDrug,4.215733544254064,9096,9059_9060_9061_9062_9063_9064_9065_9066_9067_9068_9069_9070_9071_9072_9073_9074_9075_9076_9077_9078_9079_9080_9081_9082_9083_9084_9085_9086_9087_9088_9089_9090_9091_9092_9093_9094_9095_9096_9097_9098,ADE17_GIS2-9096,ADE17_GIS2-9096
982,3,79867,ADE17_HYR1_noMTX_noDrug_avg_logratio_Fitness_minus_ref,-0.368763726000319,-0.370230084792085,2.10125494201641e-05,0.0117913251119243,YCL024W,KCC4,ORF,Verified ORF,ADE17_HYR1,noDrug,4.677521252118597,982_983_984,982_983_984,ADE17_HYR1-982,ADE17_HYR1-982_983_984
990,3,84735,ADE17_HYR1_noMTX_noDrug_avg_logratio_Fitness_minus_ref,-0.378671372564626,-0.374922669577588,2.85159994459581e-05,0.0155093334938781,YCLWdelta2b_NFR/NDR,,Promoter,Promoter,ADE17_HYR1,noDrug,4.544911402397025,990,990,ADE17_HYR1-990,ADE17_HYR1-990
1002,3,92556,ADE17_HYR1_noMTX_noDrug_avg_logratio_Fitness_minus_ref,-0.413508027701868,-0.407338853848638,2.88491339427731e-06,0.0019332001150744,YCLWdelta2b_NFR/NDR,,Promoter,Promoter,ADE17_HYR1,noDrug,5.53986721992663,1002_1003,1002_1003_1004,ADE17_HYR1-1002,ADE17_HYR1-1002_1003
1004,3,92716,ADE17_HYR1_noMTX_noDrug_avg_logratio_Fitness_minus_ref,-0.442192437138209,-0.419063409586436,1.48631682409318e-06,0.001047426596749,YCL018W,LEU2,Close to 3'-UTR,Close to 3'-UTR,ADE17_HYR1,noDrug,5.827888606262218,1004,1002_1003_1004,ADE17_HYR1-1004,ADE17_HYR1-1004
1006,3,95493,ADE17_HYR1_noMTX_noDrug_avg_logratio_Fitness_minus_ref,-0.434303308716104,-0.433445600231491,6.29839894279797e-07,0.0004684609726415,YCL016C,DCC1,ORF,Verified ORF,ADE17_HYR1,noDrug,6.200769834463447,1006,1006_1007_1008_1009_1010_1011_1012_1013_1014_1015,ADE17_HYR1-1006,ADE17_HYR1-1006
1008,3,98535,ADE17_HYR1_noMTX_noDrug_avg_logratio_Fitness_minus_ref,-0.386060666926308,-0.382994261146099,4.48259678427805e-06,0.002892720612673,YCL014W,BUD3,ORF,Verified ORF,ADE17_HYR1,noDrug,5.348470324760957,1007_1008_1009_1010_1011,1006_1007_1008_1009_1010_1011_1012_1013_1014_1015,ADE17_HYR1-1008,ADE17_HYR1-1007_1008_1009_1010_1011
1012,3,105429,ADE17_HYR1_noMTX_noDrug_avg_logratio_Fitness_minus_ref,-0.33768057716253,-0.337680577162583,3.35353124035704e-05,0.0179030992600782,YCL009C,ILV6,ORF,Verified ORF,ADE17_HYR1,noDrug,4.4744976435647255,1012,1006_1007_1008_1009_1010_1011_1012_1013_1014_1015,ADE17_HYR1-1012,ADE17_HYR1-1012
1070,3,178885,ADE17_HYR1_noMTX_noDrug_avg_logratio_Fitness_minus_ref,-0.356954633133318,-0.359269753006574,9.73409910327816e-06,0.0058900165951232,CUT048_NFR/NDR,,Promoter,Promoter,ADE17_HYR1,noDrug,5.01170423649936,1068_1069_1070_1071_1072,1059_1060_1061_1062_1063_1064_1065_1066_1067_1068_1069_1070_1071_1072_1073_1074_1075_1076_1077_1078_1079_1080_1081_1082_1083_1084_1085_1086_1087_1088_1089_1090_1091_1092_1093,ADE17_HYR1-1070,ADE17_HYR1-1068_1069_1070_1071_1072
1075,3,187956,ADE17_HYR1_noMTX_noDrug_avg_logratio_Fitness_minus_ref,-0.378783666130568,-0.377177581933616,1.66369384220852e-06,0.0011616913627832,YCR033W,SNT1,ORF,Verified ORF,ADE17_HYR1,noDrug,5.77892659082941,1073_1074_1075_1076_1077_1078_1079_1080_1081_1082_1083,1059_1060_1061_1062_1063_1064_1065_1066_1067_1068_1069_1070_1071_1072_1073_1074_1075_1076_1077_1078_1079_1080_1081_1082_1083_1084_1085_1086_1087_1088_1089_1090_1091_1092_1093,ADE17_HYR1-1075,ADE17_HYR1-1073_1074_1075_1076_1077_1078_1079_1080_1081_1082_1083
1093,3,198615,ADE17_HYR1_noMTX_noDrug_avg_logratio_Fitness_minus_ref,-0.384143127928427,-0.384581350420962,5.80314804575946e-07,0.0004338272567472,YCR038C,BUD5,ORF,Verified ORF,ADE17_HYR1,noDrug,6.236336349884157,1084_1085_1086_1087_1088_1089_1090_1091_1092_1093,1059_1060_1061_1062_1063_1064_1065_1066_1067_1068_1069_1070_1071_1072_1073_1074_1075_1076_1077_1078_1079_1080_1081_1082_1083_1084_1085_1086_1087_1088_1089_1090_1091_1092_1093,ADE17_HYR1-1093,ADE17_HYR1-1084_1085_1086_1087_1088_1089_1090_1091_1092_1093
1095,3,203261,ADE17_HYR1_noMTX_noDrug_avg_logratio_Fitness_minus_ref,-0.323812509090333,-0.323461086757066,2.67939994271271e-05,0.0146946810624969,YCR042C,TAF2,ORF,Verified ORF,ADE17_HYR1,noDrug,4.571962456250187,1095_1096_1097_1098,1095_1096_1097_1098,ADE17_HYR1-1095,ADE17_HYR1-1095_1096_1097_1098
1103,3,208234,ADE17_HYR1_noMTX_noDrug_avg_logratio_Fitness_minus_ref,-0.308621108046177,-0.308718246700503,5.85276725230656e-05,0.0289902830095228,YCR045C,RRT12,ORF,Verified ORF,ADE17_HYR1,noDrug,4.232638746182891,1099_1100_1101_1102_1103_1104_1105_1106,1099_1100_1101_1102_1103_1104_1105_1106,ADE17_HYR1-1103,ADE17_HYR1-1099_1100_1101_1102_1103_1104_1105_1106
982,3,79867,ADE17_PGM2_noMTX_noDrug_avg_logratio_Fitness_minus_ref,-0.349366911961688,-0.34890381593336,2.3349700288781e-06,0.0015930574960215,YCL024W,KCC4,ORF,Verified ORF,ADE17_PGM2,noDrug,5.631718689563134,982_983_984,982_983_984,ADE17_PGM2-982,ADE17_PGM2-982_983_984
990,3,84735,ADE17_PGM2_noMTX_noDrug_avg_logratio_Fitness_minus_ref,-0.317849858775282,-0.300233443924426,4.09781768604947e-05,0.0213429218205708,YCLWdelta2b_NFR/NDR,,Promoter,Promoter,ADE17_PGM2,noDrug,4.3874473674828955,990,990,ADE17_PGM2-990,ADE17_PGM2-990
992,3,84780,ADE17_PGM2_noMTX_noDrug_avg_logratio_Fitness_minus_ref,-0.371345625117587,-0.351080077184354,2.0205084220009e-05,0.011389522764863,YCLWdelta2b_NFR/NDR,,Promoter,Promoter,ADE17_PGM2,noDrug,4.694539334966003,992,992,ADE17_PGM2-992,ADE17_PGM2-992
1002,3,92556,ADE17_PGM2_noMTX_noDrug_avg_logratio_Fitness_minus_ref,-0.408273945093022,-0.397915590480806,5.78415608437231e-08,4.96870974867067e-05,YCLWdelta2b_NFR/NDR,,Promoter,Promoter,ADE17_PGM2,noDrug,7.237759996199868,1002_1003,1002_1003_1004,ADE17_PGM2-1002,ADE17_PGM2-1002_1003
1004,3,92716,ADE17_PGM2_noMTX_noDrug_avg_logratio_Fitness_minus_ref,-0.396716981324499,-0.361369928396681,4.35002493712275e-07,0.0003317329017049,YCL018W,LEU2,Close to 3'-UTR,Close to 3'-UTR,ADE17_PGM2,noDrug,6.361508253384728,1004,1002_1003_1004,ADE17_PGM2-1004,ADE17_PGM2-1004
1006,3,95493,ADE17_PGM2_noMTX_noDrug_avg_logratio_Fitness_minus_ref,-0.374153762375541,-0.36913533352119,5.29872577603979e-07,0.0003982292951801,YCL016C,DCC1,ORF,Verified ORF,ADE17_PGM2,noDrug,6.275828555864873,1006,1006_1007_1008_1009_1010_1011_1012_1013_1014_1015,ADE17_PGM2-1006,ADE17_PGM2-1006
1008,3,98535,ADE17_PGM2_noMTX_noDrug_avg_logratio_Fitness_minus_ref,-0.345459966146506,-0.345075408645658,1.56562079147667e-06,0.0010980326269411,YCL014W,BUD3,ORF,Verified ORF,ADE17_PGM2,noDrug,5.805313419872007,1007_1008_1009_1010_1011,1006_1007_1008_1009_1010_1011_1012_1013_1014_1015,ADE17_PGM2-1008,ADE17_PGM2-1007_1008_1009_1010_1011
1002,3,92556,ALO1_ADE17_noMTX_noDrug_avg_logratio_Fitness_minus_ref,-0.286513004176747,-0.294557204570201,2.47979451562429e-05,0.0136954587027992,YCLWdelta2b_NFR/NDR,,Promoter,Promoter,ALO1_ADE17,noDrug,4.605584304830148,1002_1003,1002_1003_1004,ALO1_ADE17-1002,ALO1_ADE17-1002_1003
1004,3,92716,ALO1_ADE17_noMTX_noDrug_avg_logratio_Fitness_minus_ref,-0.274555489295858,-0.240373647600634,0.000106191278964,0.0477393166212848,YCL018W,LEU2,Close to 3'-UTR,Close to 3'-UTR,ALO1_ADE17,noDrug,3.9739111485401666,1004,1002_1003_1004,ALO1_ADE17-1004,ALO1_ADE17-1004
1833,4,539688,ALO1_UIP4_noMTX_noDrug_avg_logratio_Fitness_minus_ref,0.199600786674986,0.196815079492983,7.02198203731051e-05,0.0338484535063205,YDR041W_NFR/NDR,,Promoter,Promoter,ALO1_UIP4,noDrug,4.153540285822947,1833,1797_1798_1799_1800_1801_1802_1803_1804_1805_1806_1807_1808_1809_1810_1811_1812_1813_1814_1815_1816_1817_1818_1819_1820_1821_1822_1823_1824_1825_1826_1827_1828_1829_1830_1831_1832_1833_1834_1835,ALO1_UIP4-1833,ALO1_UIP4-1833
992,3,84780,DHH1_LSM3_noMTX_noDrug_avg_logratio_Fitness_minus_ref,-0.346123252920067,-0.350327595625844,4.06343963385744e-06,0.002643917363298,YCLWdelta2b_NFR/NDR,,Promoter,Promoter,DHH1_LSM3,noDrug,5.391106187708208,992,992,DHH1_LSM3-992,DHH1_LSM3-992
1002,3,92556,DHH1_LSM3_noMTX_noDrug_avg_logratio_Fitness_minus_ref,-0.281825963760679,-0.278094150584713,1.69720088601677e-05,0.0097539194691084,YCLWdelta2b_NFR/NDR,,Promoter,Promoter,DHH1_LSM3,noDrug,4.7702667501837075,1002_1003,1002_1003_1004,DHH1_LSM3-1002,DHH1_LSM3-1002_1003
1004,3,92716,DHH1_LSM3_noMTX_noDrug_avg_logratio_Fitness_minus_ref,-0.267941524077082,-0.265018696719415,8.78747523111535e-05,0.0407982980618972,YCL018W,LEU2,Close to 3'-UTR,Close to 3'-UTR,DHH1_LSM3,noDrug,4.056135886097876,1004,1002_1003_1004,DHH1_LSM3-1004,DHH1_LSM3-1004
1009,3,100583,DHH1_LSM3_noMTX_noDrug_avg_logratio_Fitness_minus_ref,-0.290226854716837,-0.29173774423369,2.84458397314473e-06,0.0019090285049944,YCL014W,BUD3,ORF,Verified ORF,DHH1_LSM3,noDrug,5.545981241177247,1007_1008_1009_1010_1011,1006_1007_1008_1009_1010_1011_1012_1013_1014_1015,DHH1_LSM3-1009,DHH1_LSM3-1007_1008_1009_1010_1011
1002,3,92556,ERG11_ACF2_noMTX_noDrug_avg_logratio_Fitness_minus_ref,-0.288227850335535,-0.276489610907883,3.37879869464933e-05,0.0180173988358814,YCLWdelta2b_NFR/NDR,,Promoter,Promoter,ERG11_ACF2,noDrug,4.471237682272837,1002_1003,1002_1003_1004,ERG11_ACF2-1002,ERG11_ACF2-1002_1003
1004,3,92716,ERG11_ACF2_noMTX_noDrug_avg_logratio_Fitness_minus_ref,-0.294576108438268,-0.266921776642616,4.6805258132349e-05,0.0239916433845643,YCL018W,LEU2,Close to 3'-UTR,Close to 3'-UTR,ERG11_ACF2,noDrug,4.329705355267966,1004,1002_1003_1004,ERG11_ACF2-1004,ERG11_ACF2-1004
722,2,633130,ERG11_ERG5_noMTX_noDrug_avg_logratio_Fitness_minus_ref,-0.258210703245388,-0.257711339472044,4.48036152334278e-05,0.0231098711004706,YBR204C,LDH1,ORF,Verified ORF,ERG11_ERG5,noDrug,4.348686941078161,718_719_720_721_722,706_707_708_709_710_711_712_713_714_715_716_717_718_719_720_721_722_723_724_725_726_727_728_729_730_731,ERG11_ERG5-722,ERG11_ERG5-718_719_720_721_722
723,2,633281,ERG11_ERG5_noMTX_noDrug_avg_logratio_Fitness_minus_ref,-0.304676632673124,-0.302649204715775,3.64435379367487e-06,0.0023945845955647,YBR204C,LDH1,ORF,Verified ORF,ERG11_ERG5,noDrug,5.438379468366907,723,706_707_708_709_710_711_712_713_714_715_716_717_718_719_720_721_722_723_724_725_726_727_728_729_730_731,ERG11_ERG5-723,ERG11_ERG5-723
724,2,633308,ERG11_ERG5_noMTX_noDrug_avg_logratio_Fitness_minus_ref,-0.255521221012212,-0.255500577705975,6.41050793235271e-05,0.031329324367172,YBR204C,LDH1,ORF,Verified ORF,ERG11_ERG5,noDrug,4.193107558082042,724_725,706_707_708_709_710_711_712_713_714_715_716_717_718_719_720_721_722_723_724_725_726_727_728_729_730_731,ERG11_ERG5-724,ERG11_ERG5-724_725
730,2,637229,ERG11_ERG5_noMTX_noDrug_avg_logratio_Fitness_minus_ref,-0.27721567880069,-0.277215678800711,1.00537930643512e-05,0.0060652907160612,YBR208C,"DUR1,2",ORF,Verified ORF,ERG11_ERG5,noDrug,4.997670058031285,726_727_728_729_730_731,706_707_708_709_710_711_712_713_714_715_716_717_718_719_720_721_722_723_724_725_726_727_728_729_730_731,ERG11_ERG5-730,ERG11_ERG5-726_727_728_729_730_731
992,3,84780,ERG11_ERG5_noMTX_noDrug_avg_logratio_Fitness_minus_ref,-0.367837086426479,-0.358995120305452,1.04450749028346e-05,0.006282580151697,YCLWdelta2b_NFR/NDR,,Promoter,Promoter,ERG11_ERG5,noDrug,4.981088441296778,992,992,ERG11_ERG5-992,ERG11_ERG5-992
1002,3,92556,ERG11_ERG5_noMTX_noDrug_avg_logratio_Fitness_minus_ref,-0.315595864168758,-0.301880371873899,1.41228465243207e-05,0.0082718688127685,YCLWdelta2b_NFR/NDR,,Promoter,Promoter,ERG11_ERG5,noDrug,4.850077760422117,1002_1003,1002_1003_1004,ERG11_ERG5-1002,ERG11_ERG5-1002_1003
1663,4,383443,ERG11_ERG5_noMTX_noDrug_avg_logratio_Fitness_minus_ref,0.273572857564947,0.273397129514362,2.08144069499441e-05,0.0116933063258113,SUT048,,Unstable transcript,SUT,ERG11_ERG5,noDrug,4.681635958643932,1661_1662_1663,1656_1657_1658_1659_1660_1661_1662_1663_1664_1665_1666_1667_1668_1669_1670_1671_1672_1673_1674_1675,ERG11_ERG5-1663,ERG11_ERG5-1661_1662_1663
1664,4,383482,ERG11_ERG5_noMTX_noDrug_avg_logratio_Fitness_minus_ref,0.359267206858583,0.349302947805039,1.93042888957507e-05,0.010928733957777,SUT048,,Unstable transcript,SUT,ERG11_ERG5,noDrug,4.714346191674719,1664_1665,1656_1657_1658_1659_1660_1661_1662_1663_1664_1665_1666_1667_1668_1669_1670_1671_1672_1673_1674_1675,ERG11_ERG5-1664,ERG11_ERG5-1664_1665
1677,4,384094,ERG11_ERG5_noMTX_noDrug_avg_logratio_Fitness_minus_ref,0.247937168066219,0.247738297051564,8.9300171913566e-05,0.0413880960491533,SUT048,,Unstable transcript,SUT,ERG11_ERG5,noDrug,4.049147705041563,1677,1677_1678_1679_1680_1681_1682_1683_1684_1685,ERG11_ERG5-1677,ERG11_ERG5-1677
1679,4,384602,ERG11_ERG5_noMTX_noDrug_avg_logratio_Fitness_minus_ref,0.260429853639077,0.260187034999914,3.72210945407272e-05,0.0196212954523689,SUT048,,Unstable transcript,SUT,ERG11_ERG5,noDrug,4.429210859953002,1679_1680,1677_1678_1679_1680_1681_1682_1683_1684_1685,ERG11_ERG5-1679,ERG11_ERG5-1679_1680
969,3,67277,ERG11_ERV25_noMTX_noDrug_avg_logratio_Fitness_minus_ref,-0.405488639552733,-0.407080141049246,6.11273815025838e-05,0.030089650154115,YCL030C,HIS4,ORF,Verified ORF,ERG11_ERV25,noDrug,4.2137642075692145,969,969_970_971_972_973_974_975_976_977_978_979_980,ERG11_ERV25-969,ERG11_ERV25-969
7649,12,236188,ERG11_ERV25_noMTX_noDrug_avg_logratio_Fitness_minus_ref,0.397735431197915,0.397557449355907,7.14627911454598e-05,0.0343501247986732,YLR045C,STU2,ORF,Verified ORF,ERG11_ERV25,noDrug,4.145920025421589,7642_7643_7644_7645_7646_7647_7648_7649_7650_7651_7652_7653_7654_7655_7656_7657,7634_7635_7636_7637_7638_7639_7640_7641_7642_7643_7644_7645_7646_7647_7648_7649_7650_7651_7652_7653_7654_7655_7656_7657,ERG11_ERV25-7649,ERG11_ERV25-7642_7643_7644_7645_7646_7647_7648_7649_7650_7651_7652_7653_7654_7655_7656_7657
1083,3,190765,ERG11_MID2_noMTX_noDrug_avg_logratio_Fitness_minus_ref,-0.296711922852751,-0.296596273846455,2.02843306868018e-07,0.0001627353519732,YCR034W,ELO2,ORF,Verified ORF,ERG11_MID2,noDrug,6.692839317948528,1073_1074_1075_1076_1077_1078_1079_1080_1081_1082_1083,1059_1060_1061_1062_1063_1064_1065_1066_1067_1068_1069_1070_1071_1072_1073_1074_1075_1076_1077_1078_1079_1080_1081_1082_1083_1084_1085_1086_1087_1088_1089_1090_1091_1092_1093,ERG11_MID2-1083,ERG11_MID2-1073_1074_1075_1076_1077_1078_1079_1080_1081_1082_1083
1087,3,196733,ERG11_MID2_noMTX_noDrug_avg_logratio_Fitness_minus_ref,-0.29991808883004,-0.300454305486571,1.66818288827928e-07,0.0001352770339832,YCR037C,PHO87,ORF,Verified ORF,ERG11_MID2,noDrug,6.777756337981016,1084_1085_1086_1087_1088_1089_1090_1091_1092_1093,1059_1060_1061_1062_1063_1064_1065_1066_1067_1068_1069_1070_1071_1072_1073_1074_1075_1076_1077_1078_1079_1080_1081_1082_1083_1084_1085_1086_1087_1088_1089_1090_1091_1092_1093,ERG11_MID2-1087,ERG11_MID2-1084_1085_1086_1087_1088_1089_1090_1091_1092_1093
2882,5,59387,ERG11_MID2_noMTX_noDrug_avg_logratio_Fitness_minus_ref,-0.425882743772781,-0.421562084287536,8.11756801866994e-06,0.0049853301204839,ARS507,ARS507,Other features,Replication,ERG11_MID2,noDrug,5.090574063649388,2882,2882,ERG11_MID2-2882,ERG11_MID2-2882
982,3,79867,ERG11_PIS1_noMTX_noDrug_avg_logratio_Fitness_minus_ref,-0.245590451355763,-0.247426985903337,1.84180360483549e-05,0.0104762024542704,YCL024W,KCC4,ORF,Verified ORF,ERG11_PIS1,noDrug,4.734756681350655,982_983_984,982_983_984,ERG11_PIS1-982,ERG11_PIS1-982_983_984
990,3,84735,ERG11_PIS1_noMTX_noDrug_avg_logratio_Fitness_minus_ref,-0.27653833780171,-0.273901625840968,3.60833351320771e-06,0.0023725856364849,YCLWdelta2b_NFR/NDR,,Promoter,Promoter,ERG11_PIS1,noDrug,5.442693328044805,990,990,ERG11_PIS1-990,ERG11_PIS1-990
1002,3,92556,ERG11_PIS1_noMTX_noDrug_avg_logratio_Fitness_minus_ref,-0.28828913671447,-0.277252645416116,7.82668119471372e-07,0.0005738501459341,YCLWdelta2b_NFR/NDR,,Promoter,Promoter,ERG11_PIS1,noDrug,6.106422355996963,1002_1003,1002_1003_1004,ERG11_PIS1-1002,ERG11_PIS1-1002_1003
1004,3,92716,ERG11_PIS1_noMTX_noDrug_avg_logratio_Fitness_minus_ref,-0.280932844379491,-0.25325167575612,3.90464610577116e-06,0.0025496980846272,YCL018W,LEU2,Close to 3'-UTR,Close to 3'-UTR,ERG11_PIS1,noDrug,5.408418321908455,1004,1002_1003_1004,ERG11_PIS1-1004,ERG11_PIS1-1004
1006,3,95493,ERG11_PIS1_noMTX_noDrug_avg_logratio_Fitness_minus_ref,-0.275783603518328,-0.273351271605186,1.7938294869428e-06,0.001246272082744,YCL016C,DCC1,ORF,Verified ORF,ERG11_PIS1,noDrug,5.746218841336121,1006,1006_1007_1008_1009_1010_1011_1012_1013_1014_1015,ERG11_PIS1-1006,ERG11_PIS1-1006
1010,3,101685,ERG11_PIS1_noMTX_noDrug_avg_logratio_Fitness_minus_ref,-0.266088707553822,-0.265999029969043,1.21681015909306e-06,0.0008688903485361,YCL014W,BUD3,Close to 3'-UTR,Close to 3'-UTR,ERG11_PIS1,noDrug,5.914777173034907,1007_1008_1009_1010_1011,1006_1007_1008_1009_1010_1011_1012_1013_1014_1015,ERG11_PIS1-1010,ERG11_PIS1-1007_1008_1009_1010_1011
1083,3,190765,ERG11_PIS1_noMTX_noDrug_avg_logratio_Fitness_minus_ref,-0.214561734749471,-0.215014633493173,2.68372023949414e-05,0.0147162150821444,YCR034W,ELO2,ORF,Verified ORF,ERG11_PIS1,noDrug,4.571262758538978,1073_1074_1075_1076_1077_1078_1079_1080_1081_1082_1083,1059_1060_1061_1062_1063_1064_1065_1066_1067_1068_1069_1070_1071_1072_1073_1074_1075_1076_1077_1078_1079_1080_1081_1082_1083_1084_1085_1086_1087_1088_1089_1090_1091_1092_1093,ERG11_PIS1-1083,ERG11_PIS1-1073_1074_1075_1076_1077_1078_1079_1080_1081_1082_1083
1092,3,198348,ERG11_PIS1_noMTX_noDrug_avg_logratio_Fitness_minus_ref,-0.208054035410283,-0.207985820095573,4.60970188939687e-05,0.0236822127424003,YCR038C,BUD5,ORF,Verified ORF,ERG11_PIS1,noDrug,4.336327159637728,1084_1085_1086_1087_1088_1089_1090_1091_1092_1093,1059_1060_1061_1062_1063_1064_1065_1066_1067_1068_1069_1070_1071_1072_1073_1074_1075_1076_1077_1078_1079_1080_1081_1082_1083_1084_1085_1086_1087_1088_1089_1090_1091_1092_1093,ERG11_PIS1-1092,ERG11_PIS1-1084_1085_1086_1087_1088_1089_1090_1091_1092_1093
6449,10,633525,ERG11_PIS1_noMTX_noDrug_avg_logratio_Fitness_minus_ref,-0.212084239131458,-0.21243368618183,3.31080356920989e-05,0.0177028148089137,YJR110W_NFR/NDR,,Promoter,Promoter,ERG11_PIS1,noDrug,4.48006658528202,6449_6450,6445_6446_6447_6448_6449_6450,ERG11_PIS1-6449,ERG11_PIS1-6449_6450
1002,3,92556,ERG11_TPO4_noMTX_noDrug_avg_logratio_Fitness_minus_ref,-0.299630444137366,-0.283783118089118,5.69381555149421e-05,0.0283362966290078,YCLWdelta2b_NFR/NDR,,Promoter,Promoter,ERG11_TPO4,noDrug,4.244596605728883,1002_1003,1002_1003_1004,ERG11_TPO4-1002,ERG11_TPO4-1002_1003
1006,3,95493,ERG11_TPO4_noMTX_noDrug_avg_logratio_Fitness_minus_ref,-0.290425694671367,-0.287998959165543,7.96617768801551e-05,0.0376304087148917,YCL016C,DCC1,ORF,Verified ORF,ERG11_TPO4,noDrug,4.098750010748184,1006,1006_1007_1008_1009_1010_1011_1012_1013_1014_1015,ERG11_TPO4-1006,ERG11_TPO4-1006
1010,3,101685,ERG11_TPO4_noMTX_noDrug_avg_logratio_Fitness_minus_ref,-0.308392255108924,-0.310605598502407,9.74934592596812e-06,0.0058963779065148,YCL014W,BUD3,Close to 3'-UTR,Close to 3'-UTR,ERG11_TPO4,noDrug,5.011024519713901,1007_1008_1009_1010_1011,1006_1007_1008_1009_1010_1011_1012_1013_1014_1015,ERG11_TPO4-1010,ERG11_TPO4-1007_1008_1009_1010_1011
982,3,79867,ERG27_ACF2_noMTX_noDrug_avg_logratio_Fitness_minus_ref,-0.293128871695453,-0.288563262067149,6.91635917660464e-07,0.0005108645184737,YCL024W,KCC4,ORF,Verified ORF,ERG27_ACF2,noDrug,6.160122461267548,982_983_984,982_983_984,ERG27_ACF2-982,ERG27_ACF2-982_983_984
990,3,84735,ERG27_ACF2_noMTX_noDrug_avg_logratio_Fitness_minus_ref,-0.279942661007145,-0.26679338029429,5.88470888821954e-06,0.0037053883378491,YCLWdelta2b_NFR/NDR,,Promoter,Promoter,ERG27_ACF2,noDrug,5.230275016485282,990,990,ERG27_ACF2-990,ERG27_ACF2-990
992,3,84780,ERG27_ACF2_noMTX_noDrug_avg_logratio_Fitness_minus_ref,-0.273353988655961,-0.251288459329285,8.9656471572278e-05,0.0415274773576689,YCLWdelta2b_NFR/NDR,,Promoter,Promoter,ERG27_ACF2,noDrug,4.04741835678009,992,992,ERG27_ACF2-992,ERG27_ACF2-992
1002,3,92556,ERG27_ACF2_noMTX_noDrug_avg_logratio_Fitness_minus_ref,-0.278825080611974,-0.266678274925396,4.06491282283833e-06,0.0026446456588513,YCLWdelta2b_NFR/NDR,,Promoter,Promoter,ERG27_ACF2,noDrug,5.390948763960748,1002_1003,1002_1003_1004,ERG27_ACF2-1002,ERG27_ACF2-1002_1003
1004,3,92716,ERG27_ACF2_noMTX_noDrug_avg_logratio_Fitness_minus_ref,-0.280099095066511,-0.269487726848201,8.81263733801815e-06,0.0053746587965506,YCL018W,LEU2,Close to 3'-UTR,Close to 3'-UTR,ERG27_ACF2,noDrug,5.054894101810057,1004,1002_1003_1004,ERG27_ACF2-1004,ERG27_ACF2-1004
1010,3,101685,ERG27_ACF2_noMTX_noDrug_avg_logratio_Fitness_minus_ref,-0.22794345492369,-0.22611384021745,6.40388219060008e-05,0.0313033729401039,YCL014W,BUD3,Close to 3'-UTR,Close to 3'-UTR,ERG27_ACF2,noDrug,4.193556666203537,1007_1008_1009_1010_1011,1006_1007_1008_1009_1010_1011_1012_1013_1014_1015,ERG27_ACF2-1010,ERG27_ACF2-1007_1008_1009_1010_1011
1073,3,186935,ERG27_ACF2_noMTX_noDrug_avg_logratio_Fitness_minus_ref,-0.21807348353411,-0.218073483534729,3.58383157003492e-05,0.0189702900536024,YCR033W,SNT1,ORF,Verified ORF,ERG27_ACF2,noDrug,4.4456524091447545,1073_1074_1075_1076_1077_1078_1079_1080_1081_1082_1083,1059_1060_1061_1062_1063_1064_1065_1066_1067_1068_1069_1070_1071_1072_1073_1074_1075_1076_1077_1078_1079_1080_1081_1082_1083_1084_1085_1086_1087_1088_1089_1090_1091_1092_1093,ERG27_ACF2-1073,ERG27_ACF2-1073_1074_1075_1076_1077_1078_1079_1080_1081_1082_1083
1093,3,198615,ERG27_ACF2_noMTX_noDrug_avg_logratio_Fitness_minus_ref,-0.214190685843771,-0.214104759756038,5.17502708870417e-05,0.0261356003830848,YCR038C,BUD5,ORF,Verified ORF,ERG27_ACF2,noDrug,4.2860873725485416,1084_1085_1086_1087_1088_1089_1090_1091_1092_1093,1059_1060_1061_1062_1063_1064_1065_1066_1067_1068_1069_1070_1071_1072_1073_1074_1075_1076_1077_1078_1079_1080_1081_1082_1083_1084_1085_1086_1087_1088_1089_1090_1091_1092_1093,ERG27_ACF2-1093,ERG27_ACF2-1084_1085_1086_1087_1088_1089_1090_1091_1092_1093
695,2,593045,ERV25_EMP47_noMTX_noDrug_avg_logratio_Fitness_minus_ref,-0.192437257150666,-0.192615141325368,5.6976857621529e-05,0.028351781469961,YBR181C_NFR/NDR,,Promoter,Promoter,ERV25_EMP47,noDrug,4.244301506575353,692_693_694_695_696_697_698_699,692_693_694_695_696_697_698_699_700_701_702_703_704,ERV25_EMP47-695,ERV25_EMP47-692_693_694_695_696_697_698_699
982,3,79867,ERV25_EMP47_noMTX_noDrug_avg_logratio_Fitness_minus_ref,-0.237389618781137,-0.237305365698716,6.8333060987136e-06,0.0042624636059272,YCL024W,KCC4,ORF,Verified ORF,ERV25_EMP47,noDrug,5.165369124571513,982_983_984,982_983_984,ERV25_EMP47-982,ERV25_EMP47-982_983_984
992,3,84780,ERV25_EMP47_noMTX_noDrug_avg_logratio_Fitness_minus_ref,-0.249316283312803,-0.248330839375043,6.00369444917889e-05,0.029633769494782,YCLWdelta2b_NFR/NDR,,Promoter,Promoter,ERV25_EMP47,noDrug,4.2215814187625895,992,992,ERV25_EMP47-992,ERV25_EMP47-992
1002,3,92556,ERV25_EMP47_noMTX_noDrug_avg_logratio_Fitness_minus_ref,-0.261836320938751,-0.255729743541216,1.13841716009088e-06,0.0008158743649401,YCLWdelta2b_NFR/NDR,,Promoter,Promoter,ERV25_EMP47,noDrug,5.943698566475591,1002_1003,1002_1003_1004,ERV25_EMP47-1002,ERV25_EMP47-1002_1003
1004,3,92716,ERV25_EMP47_noMTX_noDrug_avg_logratio_Fitness_minus_ref,-0.257746392728965,-0.236813463082307,4.31681754688167e-06,0.0027937001732134,YCL018W,LEU2,Close to 3'-UTR,Close to 3'-UTR,ERV25_EMP47,noDrug,5.364836306696293,1004,1002_1003_1004,ERV25_EMP47-1004,ERV25_EMP47-1004
1006,3,95493,ERV25_EMP47_noMTX_noDrug_avg_logratio_Fitness_minus_ref,-0.213540953911971,-0.212745468556701,6.51467886972418e-05,0.0317719409027057,YCL016C,DCC1,ORF,Verified ORF,ERV25_EMP47,noDrug,4.186106987249026,1006,1006_1007_1008_1009_1010_1011_1012_1013_1014_1015,ERV25_EMP47-1006,ERV25_EMP47-1006
984,3,80444,ERV25_ERG5_noMTX_noDrug_avg_logratio_Fitness_minus_ref,-0.307683932760599,-0.306030401334797,8.73960747846617e-06,0.0053340368883762,YCL024W,KCC4,ORF,Verified ORF,ERV25_ERG5,noDrug,5.05850807237295,982_983_984,982_983_984,ERV25_ERG5-984,ERV25_ERG5-982_983_984
990,3,84735,ERV25_ERG5_noMTX_noDrug_avg_logratio_Fitness_minus_ref,-0.362461121012271,-0.355190139063023,3.55107062232793e-07,0.0002744168676926,YCLWdelta2b_NFR/NDR,,Promoter,Promoter,ERV25_ERG5,noDrug,6.449640690530733,990,990,ERV25_ERG5-990,ERV25_ERG5-990
992,3,84780,ERV25_ERG5_noMTX_noDrug_avg_logratio_Fitness_minus_ref,-0.392188355120853,-0.375330681309571,1.01471365819304e-06,0.000732204521602,YCLWdelta2b_NFR/NDR,,Promoter,Promoter,ERV25_ERG5,noDrug,5.993656493919379,992,992,ERV25_ERG5-992,ERV25_ERG5-992
1002,3,92556,ERV25_ERG5_noMTX_noDrug_avg_logratio_Fitness_minus_ref,-0.349988410492421,-0.343576050167965,5.29282455111364e-07,0.0003978257912728,YCLWdelta2b_NFR/NDR,,Promoter,Promoter,ERV25_ERG5,noDrug,6.27631250195547,1002_1003,1002_1003_1004,ERV25_ERG5-1002,ERV25_ERG5-1002_1003
1004,3,92716,ERV25_ERG5_noMTX_noDrug_avg_logratio_Fitness_minus_ref,-0.352236163388663,-0.314742849403627,1.26235874269316e-06,0.0008993529853519,YCL018W,LEU2,Close to 3'-UTR,Close to 3'-UTR,ERV25_ERG5,noDrug,5.898817207824054,1004,1002_1003_1004,ERV25_ERG5-1004,ERV25_ERG5-1004
1011,3,101814,ERV25_ERG5_noMTX_noDrug_avg_logratio_Fitness_minus_ref,-0.281459295891445,-0.277430635252678,2.19323847620395e-05,0.0122477201577678,YCL012C_NFR/NDR,,Promoter,Promoter,ERV25_ERG5,noDrug,4.658914143849797,1007_1008_1009_1010_1011,1006_1007_1008_1009_1010_1011_1012_1013_1014_1015,ERV25_ERG5-1011,ERV25_ERG5-1007_1008_1009_1010_1011
4406,7,625864,ERV25_ORM2_noMTX_noDrug_avg_logratio_Fitness_minus_ref,-0.277959657212175,-0.277992487230344,6.07169224800383e-05,0.0299140817335432,YGR068C,ART5,ORF,Verified ORF,ERV25_ORM2,noDrug,4.216690249362398,4406,4396_4397_4398_4399_4400_4401_4402_4403_4404_4405_4406,ERV25_ORM2-4406,ERV25_ORM2-4406
686,2,581558,ERV25_PIS1_noMTX_noDrug_avg_logratio_Fitness_minus_ref,-0.382961210882573,-0.380987978928852,1.22411909664261e-06,0.0008737755096825,YBR172C_NFR/NDR,,Promoter,Promoter,ERV25_PIS1,noDrug,5.9121763268812195,686,686_687,ERV25_PIS1-686,ERV25_PIS1-686
1007,3,96560,ERV25_RBD2_noMTX_noDrug_avg_logratio_Fitness_minus_ref,-0.299992786485919,-0.302095159392953,9.89297401570018e-05,0.0450320942952907,YCL014W,BUD3,ORF,Verified ORF,ERV25_RBD2,noDrug,4.0046731316132655,1007_1008_1009_1010_1011,1006_1007_1008_1009_1010_1011_1012_1013_1014_1015,ERV25_RBD2-1007,ERV25_RBD2-1007_1008_1009_1010_1011
4420,7,638390,ERV25_UIP4_noMTX_noDrug_avg_logratio_Fitness_minus_ref,-0.214535969157281,-0.218915404698503,5.29146170820243e-05,0.0266336430812343,YGR077C,PEX8,ORF,Verified ORF,ERV25_UIP4,noDrug,4.276424342309143,4419_4420_4421_4422,4419_4420_4421_4422_4423_4424_4425_4426_4427_4428_4429,ERV25_UIP4-4420,ERV25_UIP4-4419_4420_4421_4422
984,3,80444,FMP45_HNM1_noMTX_noDrug_avg_logratio_Fitness_minus_ref,-0.289105688606784,-0.287964101623934,2.5748825516922e-07,0.0002034178990742,YCL024W,KCC4,ORF,Verified ORF,FMP45_HNM1,noDrug,6.589242575677262,982_983_984,982_983_984,FMP45_HNM1-984,FMP45_HNM1-982_983_984
990,3,84735,FMP45_HNM1_noMTX_noDrug_avg_logratio_Fitness_minus_ref,-0.27875056295728,-0.263694974986486,1.61526850923913e-06,0.0011301035260988,YCLWdelta2b_NFR/NDR,,Promoter,Promoter,FMP45_HNM1,noDrug,5.791755273711807,990,990,FMP45_HNM1-990,FMP45_HNM1-990
992,3,84780,FMP45_HNM1_noMTX_noDrug_avg_logratio_Fitness_minus_ref,-0.270753155952278,-0.253201951517005,3.74514522407081e-05,0.0197315952972779,YCLWdelta2b_NFR/NDR,,Promoter,Promoter,FMP45_HNM1,noDrug,4.426531337166182,992,992,FMP45_HNM1-992,FMP45_HNM1-992
1002,3,92556,FMP45_HNM1_noMTX_noDrug_avg_logratio_Fitness_minus_ref,-0.30201417010363,-0.28128031671793,1.01513221323305e-07,8.45960112951929e-05,YCLWdelta2b_NFR/NDR,,Promoter,Promoter,FMP45_HNM1,noDrug,6.993477390521053,1002_1003,1002_1003_1004,FMP45_HNM1-1002,FMP45_HNM1-1002_1003
1004,3,92716,FMP45_HNM1_noMTX_noDrug_avg_logratio_Fitness_minus_ref,-0.310722686702566,-0.283772249586355,1.42463450110168e-07,0.0001166792049456,YCL018W,LEU2,Close to 3'-UTR,Close to 3'-UTR,FMP45_HNM1,noDrug,6.846296542332707,1004,1002_1003_1004,FMP45_HNM1-1004,FMP45_HNM1-1004
1006,3,95493,FMP45_HNM1_noMTX_noDrug_avg_logratio_Fitness_minus_ref,-0.268001417324701,-0.264582487049003,1.92797178231839e-06,0.0013330241979573,YCL016C,DCC1,ORF,Verified ORF,FMP45_HNM1,noDrug,5.714899326695167,1006,1006_1007_1008_1009_1010_1011_1012_1013_1014_1015,FMP45_HNM1-1006,FMP45_HNM1-1006
1010,3,101685,FMP45_HNM1_noMTX_noDrug_avg_logratio_Fitness_minus_ref,-0.259421257656434,-0.258091220296742,1.20770582224849e-06,0.0008626364626261,YCL014W,BUD3,Close to 3'-UTR,Close to 3'-UTR,FMP45_HNM1,noDrug,5.918038839997197,1007_1008_1009_1010_1011,1006_1007_1008_1009_1010_1011_1012_1013_1014_1015,FMP45_HNM1-1010,FMP45_HNM1-1007_1008_1009_1010_1011
1071,3,181268,FMP45_HNM1_noMTX_noDrug_avg_logratio_Fitness_minus_ref,-0.194956298821716,-0.195477032934881,0.0001043968102045,0.0471082884390372,YCR032W,BPH1,ORF,Verified ORF,FMP45_HNM1,noDrug,3.9813127707949403,1068_1069_1070_1071_1072,1059_1060_1061_1062_1063_1064_1065_1066_1067_1068_1069_1070_1071_1072_1073_1074_1075_1076_1077_1078_1079_1080_1081_1082_1083_1084_1085_1086_1087_1088_1089_1090_1091_1092_1093,FMP45_HNM1-1071,FMP45_HNM1-1068_1069_1070_1071_1072
1083,3,190765,FMP45_HNM1_noMTX_noDrug_avg_logratio_Fitness_minus_ref,-0.319677014048828,-0.320050395836043,6.527436935206079e-11,7.54682385311323e-08,YCR034W,ELO2,ORF,Verified ORF,FMP45_HNM1,noDrug,10.185257315418355,1073_1074_1075_1076_1077_1078_1079_1080_1081_1082_1083,1059_1060_1061_1062_1063_1064_1065_1066_1067_1068_1069_1070_1071_1072_1073_1074_1075_1076_1077_1078_1079_1080_1081_1082_1083_1084_1085_1086_1087_1088_1089_1090_1091_1092_1093,FMP45_HNM1-1083,FMP45_HNM1-1073_1074_1075_1076_1077_1078_1079_1080_1081_1082_1083
1093,3,198615,FMP45_HNM1_noMTX_noDrug_avg_logratio_Fitness_minus_ref,-0.354780080299301,-0.355499984101026,2.86789174529453e-13,4.1209635840461005e-10,YCR038C,BUD5,ORF,Verified ORF,FMP45_HNM1,noDrug,12.542437246068584,1084_1085_1086_1087_1088_1089_1090_1091_1092_1093,1059_1060_1061_1062_1063_1064_1065_1066_1067_1068_1069_1070_1071_1072_1073_1074_1075_1076_1077_1078_1079_1080_1081_1082_1083_1084_1085_1086_1087_1088_1089_1090_1091_1092_1093,FMP45_HNM1-1093,FMP45_HNM1-1084_1085_1086_1087_1088_1089_1090_1091_1092_1093
1095,3,203261,FMP45_HNM1_noMTX_noDrug_avg_logratio_Fitness_minus_ref,-0.281017045251355,-0.280885630013273,1.12098582589355e-08,1.04616198178058e-05,YCR042C,TAF2,ORF,Verified ORF,FMP45_HNM1,noDrug,7.950399878729857,1095_1096_1097_1098,1095_1096_1097_1098,FMP45_HNM1-1095,FMP45_HNM1-1095_1096_1097_1098
1103,3,208234,FMP45_HNM1_noMTX_noDrug_avg_logratio_Fitness_minus_ref,-0.207083410775262,-0.207142039317151,2.836453273431e-05,0.0154359402970371,YCR045C,RRT12,ORF,Verified ORF,FMP45_HNM1,noDrug,4.5472243664296945,1099_1100_1101_1102_1103_1104_1105_1106,1099_1100_1101_1102_1103_1104_1105_1106,FMP45_HNM1-1103,FMP45_HNM1-1099_1100_1101_1102_1103_1104_1105_1106
961,3,59518,FMP45_MEP1_noMTX_noDrug_avg_logratio_Fitness_minus_ref,-0.23649985790919,-0.23606602753008,5.36030723988401e-05,0.0269348140597918,YCL036W,GFD2,ORF,Verified ORF,FMP45_MEP1,noDrug,4.270810316881454,961_962,961_962_963_964_965_966_967_968,FMP45_MEP1-961,FMP45_MEP1-961_962
983,3,80341,FMP45_MEP1_noMTX_noDrug_avg_logratio_Fitness_minus_ref,-0.260983833592364,-0.262595692693014,8.56686290822936e-05,0.0399851852406907,YCL024W,KCC4,ORF,Verified ORF,FMP45_MEP1,noDrug,4.06717818286872,982_983_984,982_983_984,FMP45_MEP1-983,FMP45_MEP1-982_983_984
990,3,84735,FMP45_MEP1_noMTX_noDrug_avg_logratio_Fitness_minus_ref,-0.283288812270595,-0.278232628501293,3.80664870701593e-05,0.0200175295376508,YCLWdelta2b_NFR/NDR,,Promoter,Promoter,FMP45_MEP1,noDrug,4.419457199792919,990,990,FMP45_MEP1-990,FMP45_MEP1-990
992,3,84780,FMP45_MEP1_noMTX_noDrug_avg_logratio_Fitness_minus_ref,-0.34555684240233,-0.30877535088878,7.66559531187358e-06,0.0047291293752171,YCLWdelta2b_NFR/NDR,,Promoter,Promoter,FMP45_MEP1,noDrug,5.1154541120917605,992,992,FMP45_MEP1-992,FMP45_MEP1-992
1002,3,92556,FMP45_MEP1_noMTX_noDrug_avg_logratio_Fitness_minus_ref,-0.290429037229595,-0.285322858767514,1.59546186514545e-05,0.009232405992975,YCLWdelta2b_NFR/NDR,,Promoter,Promoter,FMP45_MEP1,noDrug,4.79711357188716,1002_1003,1002_1003_1004,FMP45_MEP1-1002,FMP45_MEP1-1002_1003
1004,3,92716,FMP45_MEP1_noMTX_noDrug_avg_logratio_Fitness_minus_ref,-0.2934772980481,-0.262296506679772,2.81941838383279e-05,0.0153662416287004,YCL018W,LEU2,Close to 3'-UTR,Close to 3'-UTR,FMP45_MEP1,noDrug,4.549840472795466,1004,1002_1003_1004,FMP45_MEP1-1004,FMP45_MEP1-1004
1006,3,95493,FMP45_MEP1_noMTX_noDrug_avg_logratio_Fitness_minus_ref,-0.318555415176125,-0.312894666338877,1.56082738600531e-06,0.0010950818862901,YCL016C,DCC1,ORF,Verified ORF,FMP45_MEP1,noDrug,5.806645123491393,1006,1006_1007_1008_1009_1010_1011_1012_1013_1014_1015,FMP45_MEP1-1006,FMP45_MEP1-1006
1010,3,101685,FMP45_MEP1_noMTX_noDrug_avg_logratio_Fitness_minus_ref,-0.272200131726789,-0.269903507063604,1.65450010978569e-05,0.0095371179949719,YCL014W,BUD3,Close to 3'-UTR,Close to 3'-UTR,FMP45_MEP1,noDrug,4.781333199686166,1007_1008_1009_1010_1011,1006_1007_1008_1009_1010_1011_1012_1013_1014_1015,FMP45_MEP1-1010,FMP45_MEP1-1007_1008_1009_1010_1011
1071,3,181268,FMP45_MEP1_noMTX_noDrug_avg_logratio_Fitness_minus_ref,-0.232580159195671,-0.233279910555795,8.52952774519006e-05,0.0398457651038399,YCR032W,BPH1,ORF,Verified ORF,FMP45_MEP1,noDrug,4.069075013772188,1068_1069_1070_1071_1072,1059_1060_1061_1062_1063_1064_1065_1066_1067_1068_1069_1070_1071_1072_1073_1074_1075_1076_1077_1078_1079_1080_1081_1082_1083_1084_1085_1086_1087_1088_1089_1090_1091_1092_1093,FMP45_MEP1-1071,FMP45_MEP1-1068_1069_1070_1071_1072
1075,3,187956,FMP45_MEP1_noMTX_noDrug_avg_logratio_Fitness_minus_ref,-0.307272579297012,-0.306043709756713,2.95418942508571e-07,0.0002313293753624,YCR033W,SNT1,ORF,Verified ORF,FMP45_MEP1,noDrug,6.5295616608074445,1073_1074_1075_1076_1077_1078_1079_1080_1081_1082_1083,1059_1060_1061_1062_1063_1064_1065_1066_1067_1068_1069_1070_1071_1072_1073_1074_1075_1076_1077_1078_1079_1080_1081_1082_1083_1084_1085_1086_1087_1088_1089_1090_1091_1092_1093,FMP45_MEP1-1075,FMP45_MEP1-1073_1074_1075_1076_1077_1078_1079_1080_1081_1082_1083
1093,3,198615,FMP45_MEP1_noMTX_noDrug_avg_logratio_Fitness_minus_ref,-0.346031507760021,-0.345913870109641,2.3891327010689403e-09,2.39409164102772e-06,YCR038C,BUD5,ORF,Verified ORF,FMP45_MEP1,noDrug,8.621759727294313,1084_1085_1086_1087_1088_1089_1090_1091_1092_1093,1059_1060_1061_1062_1063_1064_1065_1066_1067_1068_1069_1070_1071_1072_1073_1074_1075_1076_1077_1078_1079_1080_1081_1082_1083_1084_1085_1086_1087_1088_1089_1090_1091_1092_1093,FMP45_MEP1-1093,FMP45_MEP1-1084_1085_1086_1087_1088_1089_1090_1091_1092_1093
1096,3,204854,FMP45_MEP1_noMTX_noDrug_avg_logratio_Fitness_minus_ref,-0.257821548539682,-0.258050887377268,1.0772122992257e-05,0.006463170017676,YCR042C,TAF2,ORF,Verified ORF,FMP45_MEP1,noDrug,4.967698696612774,1095_1096_1097_1098,1095_1096_1097_1098,FMP45_MEP1-1096,FMP45_MEP1-1095_1096_1097_1098
982,3,79867,FMP45_MID2_noMTX_noDrug_avg_logratio_Fitness_minus_ref,-0.262298722278812,-0.263197487134623,2.80192630414467e-06,0.0018842922879059,YCL024W,KCC4,ORF,Verified ORF,FMP45_MID2,noDrug,5.552543291649891,982_983_984,982_983_984,FMP45_MID2-982,FMP45_MID2-982_983_984
990,3,84735,FMP45_MID2_noMTX_noDrug_avg_logratio_Fitness_minus_ref,-0.231235995063168,-0.214709065241979,8.12230810683926e-05,0.0382564052877522,YCLWdelta2b_NFR/NDR,,Promoter,Promoter,FMP45_MID2,noDrug,4.090320540263098,990,990,FMP45_MID2-990,FMP45_MID2-990
992,3,84780,FMP45_MID2_noMTX_noDrug_avg_logratio_Fitness_minus_ref,-0.287021587944993,-0.277455035463877,1.31683952559547e-05,0.0077638151295828,YCLWdelta2b_NFR/NDR,,Promoter,Promoter,FMP45_MID2,noDrug,4.880467146370577,992,992,FMP45_MID2-992,FMP45_MID2-992
1002,3,92556,FMP45_MID2_noMTX_noDrug_avg_logratio_Fitness_minus_ref,-0.275147949852467,-0.255345783836761,1.49656622459724e-06,0.0010538544943185,YCLWdelta2b_NFR/NDR,,Promoter,Promoter,FMP45_MID2,noDrug,5.824904060420324,1002_1003,1002_1003_1004,FMP45_MID2-1002,FMP45_MID2-1002_1003
1004,3,92716,FMP45_MID2_noMTX_noDrug_avg_logratio_Fitness_minus_ref,-0.279718081818833,-0.255484294061679,2.6299474791754e-06,0.0017755067648299,YCL018W,LEU2,Close to 3'-UTR,Close to 3'-UTR,FMP45_MID2,noDrug,5.5800529244121675,1004,1002_1003_1004,FMP45_MID2-1004,FMP45_MID2-1004
1006,3,95493,FMP45_MID2_noMTX_noDrug_avg_logratio_Fitness_minus_ref,-0.259895994448809,-0.259923174047482,4.3999309567809e-06,0.0028428111011397,YCL016C,DCC1,ORF,Verified ORF,FMP45_MID2,noDrug,5.35655413836025,1006,1006_1007_1008_1009_1010_1011_1012_1013_1014_1015,FMP45_MID2-1006,FMP45_MID2-1006
1011,3,101814,FMP45_MID2_noMTX_noDrug_avg_logratio_Fitness_minus_ref,-0.214910330529666,-0.219924451426813,7.69435013127656e-05,0.0365488170858547,YCL012C_NFR/NDR,,Promoter,Promoter,FMP45_MID2,noDrug,4.113828055016264,1007_1008_1009_1010_1011,1006_1007_1008_1009_1010_1011_1012_1013_1014_1015,FMP45_MID2-1011,FMP45_MID2-1007_1008_1009_1010_1011
1083,3,190765,FMP45_MID2_noMTX_noDrug_avg_logratio_Fitness_minus_ref,-0.228813363328395,-0.228665501504688,4.54364967818272e-06,0.0029288317230382,YCR034W,ELO2,ORF,Verified ORF,FMP45_MID2,noDrug,5.342595160725118,1073_1074_1075_1076_1077_1078_1079_1080_1081_1082_1083,1059_1060_1061_1062_1063_1064_1065_1066_1067_1068_1069_1070_1071_1072_1073_1074_1075_1076_1077_1078_1079_1080_1081_1082_1083_1084_1085_1086_1087_1088_1089_1090_1091_1092_1093,FMP45_MID2-1083,FMP45_MID2-1073_1074_1075_1076_1077_1078_1079_1080_1081_1082_1083
1093,3,198615,FMP45_MID2_noMTX_noDrug_avg_logratio_Fitness_minus_ref,-0.216083578328884,-0.216190112651761,1.54652432329961e-05,0.0089812095731549,YCR038C,BUD5,ORF,Verified ORF,FMP45_MID2,noDrug,4.810643245145618,1084_1085_1086_1087_1088_1089_1090_1091_1092_1093,1059_1060_1061_1062_1063_1064_1065_1066_1067_1068_1069_1070_1071_1072_1073_1074_1075_1076_1077_1078_1079_1080_1081_1082_1083_1084_1085_1086_1087_1088_1089_1090_1091_1092_1093,FMP45_MID2-1093,FMP45_MID2-1084_1085_1086_1087_1088_1089_1090_1091_1092_1093
1717,4,445208,FMP45_MID2_noMTX_noDrug_avg_logratio_Fitness_minus_ref,0.200760022429854,0.200760022429541,7.26985575992675e-05,0.0348656366711784,YDL003W,MCD1,ORF,Verified ORF,FMP45_MID2,noDrug,4.1384742058245,1717_1718,1717_1718,FMP45_MID2-1717,FMP45_MID2-1717_1718
1722,4,451837,FMP45_MID2_noMTX_noDrug_avg_logratio_Fitness_minus_ref,0.204423485070788,0.203279910677067,5.79613195697479e-05,0.0287611147609327,YDR001C,NTH1,ORF,Verified ORF,FMP45_MID2,noDrug,4.236861735772698,1721_1722,1721_1722,FMP45_MID2-1722,FMP45_MID2-1721_1722
1725,4,454081,FMP45_MID2_noMTX_noDrug_avg_logratio_Fitness_minus_ref,0.218513476303867,0.219403733663727,1.71412476159927e-05,0.0098368095855923,YDR003W_NFR/NDR,,Promoter,Promoter,FMP45_MID2,noDrug,4.765957571384688,1725_1726_1727_1728_1729_1730_1731_1732_1733_1734_1735_1736_1737_1738_1739_1740_1741_1742_1743_1744,1725_1726_1727_1728_1729_1730_1731_1732_1733_1734_1735_1736_1737_1738_1739_1740_1741_1742_1743_1744_1745,FMP45_MID2-1725,FMP45_MID2-1725_1726_1727_1728_1729_1730_1731_1732_1733_1734_1735_1736_1737_1738_1739_1740_1741_1742_1743_1744
1773,4,495614,FMP45_MID2_noMTX_noDrug_avg_logratio_Fitness_minus_ref,0.222241496109267,0.220284587560605,1.32147313803328e-05,0.0077868036486863,YDR027C,VPS54,ORF,Verified ORF,FMP45_MID2,noDrug,4.878941660472103,1766_1767_1768_1769_1770_1771_1772_1773_1774_1775_1776_1777_1778_1779_1780,1764_1765_1766_1767_1768_1769_1770_1771_1772_1773_1774_1775_1776_1777_1778_1779_1780_1781,FMP45_MID2-1773,FMP45_MID2-1766_1767_1768_1769_1770_1771_1772_1773_1774_1775_1776_1777_1778_1779_1780
1810,4,538183,FMP45_MID2_noMTX_noDrug_avg_logratio_Fitness_minus_ref,0.341183688069995,0.324906715489999,1.47715816719004e-05,0.0086192317452618,YDR040C,ENA1,ORF,Verified ORF,FMP45_MID2,noDrug,4.830572999975689,1809_1810,1797_1798_1799_1800_1801_1802_1803_1804_1805_1806_1807_1808_1809_1810_1811_1812_1813_1814_1815_1816_1817_1818_1819_1820_1821_1822_1823_1824_1825_1826_1827_1828_1829_1830_1831_1832_1833_1834_1835,FMP45_MID2-1810,FMP45_MID2-1809_1810
1151,3,252801,GTR1_SLM4_noMTX_noDrug_avg_logratio_Fitness_minus_ref,-0.261470085679756,-0.261858951758123,6.58731908378094e-05,0.0320571709489192,YCR079W_NFR/NDR,,Promoter,Promoter,GTR1_SLM4,noDrug,4.181291299216902,1146_1147_1148_1149_1150_1151_1152_1153_1154_1155_1156_1157_1158_1159_1160_1161_1162_1163_1164_1165_1166_1167_1168_1169,1144_1145_1146_1147_1148_1149_1150_1151_1152_1153_1154_1155_1156_1157_1158_1159_1160_1161_1162_1163_1164_1165_1166_1167_1168_1169,GTR1_SLM4-1151,GTR1_SLM4-1146_1147_1148_1149_1150_1151_1152_1153_1154_1155_1156_1157_1158_1159_1160_1161_1162_1163_1164_1165_1166_1167_1168_1169
984,3,80444,HNM1_ERG11_noMTX_noDrug_avg_logratio_Fitness_minus_ref,-0.276565256456686,-0.276607154257042,9.65141975874711e-06,0.0058442466811376,YCL024W,KCC4,ORF,Verified ORF,HNM1_ERG11,noDrug,5.0154087956680495,982_983_984,982_983_984,HNM1_ERG11-984,HNM1_ERG11-982_983_984
990,3,84735,HNM1_ERG11_noMTX_noDrug_avg_logratio_Fitness_minus_ref,-0.283147875626589,-0.268045490848133,1.16670942331041e-05,0.0069565817304307,YCLWdelta2b_NFR/NDR,,Promoter,Promoter,HNM1_ERG11,noDrug,4.933037294397226,990,990,HNM1_ERG11-990,HNM1_ERG11-990
1002,3,92556,HNM1_ERG11_noMTX_noDrug_avg_logratio_Fitness_minus_ref,-0.287054528309751,-0.272761316962475,5.60993522706857e-06,0.0035488182428299,YCLWdelta2b_NFR/NDR,,Promoter,Promoter,HNM1_ERG11,noDrug,5.251042153126922,1002_1003,1002_1003_1004,HNM1_ERG11-1002,HNM1_ERG11-1002_1003
1004,3,92716,HNM1_ERG11_noMTX_noDrug_avg_logratio_Fitness_minus_ref,-0.270782056211258,-0.250595378847032,4.02966867398256e-05,0.0210407659062637,YCL018W,LEU2,Close to 3'-UTR,Close to 3'-UTR,HNM1_ERG11,noDrug,4.394730660800946,1004,1002_1003_1004,HNM1_ERG11-1004,HNM1_ERG11-1004
1006,3,95493,HNM1_ERG11_noMTX_noDrug_avg_logratio_Fitness_minus_ref,-0.242883871368974,-0.242573307480076,0.0001081227394913,0.0484212087208538,YCL016C,DCC1,ORF,Verified ORF,HNM1_ERG11,noDrug,3.9660829591730673,1006,1006_1007_1008_1009_1010_1011_1012_1013_1014_1015,HNM1_ERG11-1006,HNM1_ERG11-1006
1070,3,178885,HNM1_ERG11_noMTX_noDrug_avg_logratio_Fitness_minus_ref,-0.255151737409147,-0.258121066088772,9.70385433690456e-06,0.005873142315336,CUT048_NFR/NDR,,Promoter,Promoter,HNM1_ERG11,noDrug,5.01305573122159,1068_1069_1070_1071_1072,1059_1060_1061_1062_1063_1064_1065_1066_1067_1068_1069_1070_1071_1072_1073_1074_1075_1076_1077_1078_1079_1080_1081_1082_1083_1084_1085_1086_1087_1088_1089_1090_1091_1092_1093,HNM1_ERG11-1070,HNM1_ERG11-1068_1069_1070_1071_1072
1083,3,190765,HNM1_ERG11_noMTX_noDrug_avg_logratio_Fitness_minus_ref,-0.33159912434251,-0.33074414936143,1.14205084687664e-09,1.1844427092861e-06,YCR034W,ELO2,ORF,Verified ORF,HNM1_ERG11,noDrug,8.942314559814903,1073_1074_1075_1076_1077_1078_1079_1080_1081_1082_1083,1059_1060_1061_1062_1063_1064_1065_1066_1067_1068_1069_1070_1071_1072_1073_1074_1075_1076_1077_1078_1079_1080_1081_1082_1083_1084_1085_1086_1087_1088_1089_1090_1091_1092_1093,HNM1_ERG11-1083,HNM1_ERG11-1073_1074_1075_1076_1077_1078_1079_1080_1081_1082_1083
1093,3,198615,HNM1_ERG11_noMTX_noDrug_avg_logratio_Fitness_minus_ref,-0.405865343309557,-0.405839509757488,4.22294490119598e-14,6.59425287509196e-11,YCR038C,BUD5,ORF,Verified ORF,HNM1_ERG11,noDrug,13.374384584988224,1084_1085_1086_1087_1088_1089_1090_1091_1092_1093,1059_1060_1061_1062_1063_1064_1065_1066_1067_1068_1069_1070_1071_1072_1073_1074_1075_1076_1077_1078_1079_1080_1081_1082_1083_1084_1085_1086_1087_1088_1089_1090_1091_1092_1093,HNM1_ERG11-1093,HNM1_ERG11-1084_1085_1086_1087_1088_1089_1090_1091_1092_1093
1097,3,204897,HNM1_ERG11_noMTX_noDrug_avg_logratio_Fitness_minus_ref,-0.325930662437799,-0.32512637803983,2.4160963600533204e-09,2.41981343137648e-06,YCR042C,TAF2,ORF,Verified ORF,HNM1_ERG11,noDrug,8.616885748939604,1095_1096_1097_1098,1095_1096_1097_1098,HNM1_ERG11-1097,HNM1_ERG11-1095_1096_1097_1098
1103,3,208234,HNM1_ERG11_noMTX_noDrug_avg_logratio_Fitness_minus_ref,-0.279822459093609,-0.279838121067255,2.82576525861043e-07,0.0002219474529156,YCR045C,RRT12,ORF,Verified ORF,HNM1_ERG11,noDrug,6.54886391861078,1099_1100_1101_1102_1103_1104_1105_1106,1099_1100_1101_1102_1103_1104_1105_1106,HNM1_ERG11-1103,HNM1_ERG11-1099_1100_1101_1102_1103_1104_1105_1106
5551,9,94251,HNM1_ERG11_noMTX_noDrug_avg_logratio_Fitness_minus_ref,-0.257449398127498,-0.257449398127492,2.43866136401317e-06,0.0016572962563176,YIL136W,OM45,ORF,Verified ORF,HNM1_ERG11,noDrug,5.6128485022492045,5551,5489_5490_5491_5492_5493_5494_5495_5496_5497_5498_5499_5500_5501_5502_5503_5504_5505_5506_5507_5508_5509_5510_5511_5512_5513_5514_5515_5516_5517_5518_5519_5520_5521_5522_5523_5524_5525_5526_5527_5528_5529_5530_5531_5532_5533_5534_5535_5536_5537_5538_5539_5540_5541_5542_5543_5544_5545_5546_5547_5548_5549_5550_5551,HNM1_ERG11-5551,HNM1_ERG11-5551
983,3,80341,HNM1_MAM33_noMTX_noDrug_avg_logratio_Fitness_minus_ref,-0.35519439533703,-0.355892966249294,2.24336652977633e-06,0.0015350062468486,YCL024W,KCC4,ORF,Verified ORF,HNM1_MAM33,noDrug,5.649099763931639,982_983_984,982_983_984,HNM1_MAM33-983,HNM1_MAM33-982_983_984
992,3,84780,HNM1_MAM33_noMTX_noDrug_avg_logratio_Fitness_minus_ref,-0.357719755362463,-0.346509866832801,4.72959484574188e-05,0.0242165884405008,YCLWdelta2b_NFR/NDR,,Promoter,Promoter,HNM1_MAM33,noDrug,4.325176060910166,992,992,HNM1_MAM33-992,HNM1_MAM33-992
1002,3,92556,HNM1_MAM33_noMTX_noDrug_avg_logratio_Fitness_minus_ref,-0.374499687356945,-0.362237756551048,8.71845493103142e-07,0.0006352461592859,YCLWdelta2b_NFR/NDR,,Promoter,Promoter,HNM1_MAM33,noDrug,6.059560473138733,1002_1003,1002_1003_1004,HNM1_MAM33-1002,HNM1_MAM33-1002_1003
1004,3,92716,HNM1_MAM33_noMTX_noDrug_avg_logratio_Fitness_minus_ref,-0.367247253700356,-0.345793394925261,3.71565005849671e-06,0.0024374278600764,YCL018W,LEU2,Close to 3'-UTR,Close to 3'-UTR,HNM1_MAM33,noDrug,5.429965194791502,1004,1002_1003_1004,HNM1_MAM33-1004,HNM1_MAM33-1004
1006,3,95493,HNM1_MAM33_noMTX_noDrug_avg_logratio_Fitness_minus_ref,-0.320040064864138,-0.314282440029606,2.29634213972563e-05,0.0127736909459095,YCL016C,DCC1,ORF,Verified ORF,HNM1_MAM33,noDrug,4.6389634044600765,1006,1006_1007_1008_1009_1010_1011_1012_1013_1014_1015,HNM1_MAM33-1006,HNM1_MAM33-1006
1009,3,100583,HNM1_MAM33_noMTX_noDrug_avg_logratio_Fitness_minus_ref,-0.284633739089554,-0.284046276900739,8.95321991510732e-05,0.0414827712158439,YCL014W,BUD3,ORF,Verified ORF,HNM1_MAM33,noDrug,4.0480207479381605,1007_1008_1009_1010_1011,1006_1007_1008_1009_1010_1011_1012_1013_1014_1015,HNM1_MAM33-1009,HNM1_MAM33-1007_1008_1009_1010_1011
1083,3,190765,HNM1_MAM33_noMTX_noDrug_avg_logratio_Fitness_minus_ref,-0.277490672010273,-0.27715320785824,3.15410140538367e-05,0.0169644575538732,YCR034W,ELO2,ORF,Verified ORF,HNM1_MAM33,noDrug,4.501124348074139,1073_1074_1075_1076_1077_1078_1079_1080_1081_1082_1083,1059_1060_1061_1062_1063_1064_1065_1066_1067_1068_1069_1070_1071_1072_1073_1074_1075_1076_1077_1078_1079_1080_1081_1082_1083_1084_1085_1086_1087_1088_1089_1090_1091_1092_1093,HNM1_MAM33-1083,HNM1_MAM33-1073_1074_1075_1076_1077_1078_1079_1080_1081_1082_1083
1093,3,198615,HNM1_MAM33_noMTX_noDrug_avg_logratio_Fitness_minus_ref,-0.286251311834521,-0.286499754967346,1.73801119754902e-05,0.0099601195649556,YCR038C,BUD5,ORF,Verified ORF,HNM1_MAM33,noDrug,4.759947429833218,1084_1085_1086_1087_1088_1089_1090_1091_1092_1093,1059_1060_1061_1062_1063_1064_1065_1066_1067_1068_1069_1070_1071_1072_1073_1074_1075_1076_1077_1078_1079_1080_1081_1082_1083_1084_1085_1086_1087_1088_1089_1090_1091_1092_1093,HNM1_MAM33-1093,HNM1_MAM33-1084_1085_1086_1087_1088_1089_1090_1091_1092_1093
1663,4,383443,HNM1_MAM33_noMTX_noDrug_avg_logratio_Fitness_minus_ref,0.277225704392037,0.276807877765542,4.16727540826745e-05,0.0216654256822112,SUT048,,Unstable transcript,SUT,HNM1_MAM33,noDrug,4.38014779679773,1661_1662_1663,1656_1657_1658_1659_1660_1661_1662_1663_1664_1665_1666_1667_1668_1669_1670_1671_1672_1673_1674_1675,HNM1_MAM33-1663,HNM1_MAM33-1661_1662_1663
1677,4,384094,HNM1_MAM33_noMTX_noDrug_avg_logratio_Fitness_minus_ref,0.273061454710843,0.273137821408796,3.98653834814777e-05,0.0208476066154331,SUT048,,Unstable transcript,SUT,HNM1_MAM33,noDrug,4.399404053893749,1677,1677_1678_1679_1680_1681_1682_1683_1684_1685,HNM1_MAM33-1677,HNM1_MAM33-1677
1679,4,384602,HNM1_MAM33_noMTX_noDrug_avg_logratio_Fitness_minus_ref,0.287033836046738,0.286668017874129,1.50326182542546e-05,0.0087558235422653,SUT048,,Unstable transcript,SUT,HNM1_MAM33,noDrug,4.822965371086772,1679_1680,1677_1678_1679_1680_1681_1682_1683_1684_1685,HNM1_MAM33-1679,HNM1_MAM33-1679_1680
1681,4,388305,HNM1_MAM33_noMTX_noDrug_avg_logratio_Fitness_minus_ref,0.267799025734401,0.267626770438885,5.56134171516672e-05,0.0277765034345351,YDL036C,PUS9,ORF,Verified ORF,HNM1_MAM33,noDrug,4.254820418993979,1681_1682,1677_1678_1679_1680_1681_1682_1683_1684_1685,HNM1_MAM33-1681,HNM1_MAM33-1681_1682
1690,4,405368,HNM1_MAM33_noMTX_noDrug_avg_logratio_Fitness_minus_ref,0.265693226130601,0.2648206736472,9.57570374683836e-05,0.04384769955145,YDL025C,RTK1,ORF,Verified ORF,HNM1_MAM33,noDrug,4.018829298598261,1690,1690_1691,HNM1_MAM33-1690,HNM1_MAM33-1690
8885,13,561662,HNM1_MAM33_noMTX_noDrug_avg_logratio_Fitness_minus_ref,-0.260099508092201,-0.260148618743065,9.81073667418197e-05,0.0447184339593593,YMR149W,SWP1,ORF,Verified ORF,HNM1_MAM33,noDrug,4.00829838084429,8883_8884_8885_8886_8887_8888_8889_8890_8891_8892,8882_8883_8884_8885_8886_8887_8888_8889_8890_8891_8892_8893_8894_8895_8896_8897_8898_8899_8900_8901,HNM1_MAM33-8885,HNM1_MAM33-8883_8884_8885_8886_8887_8888_8889_8890_8891_8892
10197,15,180978,HNM1_MAM33_noMTX_noDrug_avg_logratio_Fitness_minus_ref,-0.30017255984716,-0.299946531186902,6.51860772576726e-05,0.0317869531948108,YOL080C,REX4,ORF,Verified ORF,HNM1_MAM33,noDrug,4.185845152977389,10179_10180_10181_10182_10183_10184_10185_10186_10187_10188_10189_10190_10191_10192_10193_10194_10195_10196_10197_10198_10199_10200_10201_10202_10203,10179_10180_10181_10182_10183_10184_10185_10186_10187_10188_10189_10190_10191_10192_10193_10194_10195_10196_10197_10198_10199_10200_10201_10202_10203,HNM1_MAM33-10197,HNM1_MAM33-10179_10180_10181_10182_10183_10184_10185_10186_10187_10188_10189_10190_10191_10192_10193_10194_10195_10196_10197_10198_10199_10200_10201_10202_10203
982,3,79867,HNM1_MID2_noMTX_noDrug_avg_logratio_Fitness_minus_ref,-0.303340766643046,-0.302772827569918,1.9013673193747e-07,0.0001531561827333,YCL024W,KCC4,ORF,Verified ORF,HNM1_MID2,noDrug,6.720933974998059,982_983_984,982_983_984,HNM1_MID2-982,HNM1_MID2-982_983_984
990,3,84735,HNM1_MID2_noMTX_noDrug_avg_logratio_Fitness_minus_ref,-0.281602613743326,-0.2656667624213,3.91530729349231e-06,0.0025557665081464,YCLWdelta2b_NFR/NDR,,Promoter,Promoter,HNM1_MID2,noDrug,5.407234146599461,990,990,HNM1_MID2-990,HNM1_MID2-990
992,3,84780,HNM1_MID2_noMTX_noDrug_avg_logratio_Fitness_minus_ref,-0.343833066764769,-0.291666658261922,5.11468901800803e-07,0.0003856777931823,YCLWdelta2b_NFR/NDR,,Promoter,Promoter,HNM1_MID2,noDrug,6.2911807670092745,992,992,HNM1_MID2-992,HNM1_MID2-992
1002,3,92556,HNM1_MID2_noMTX_noDrug_avg_logratio_Fitness_minus_ref,-0.288140417031287,-0.27155810668849,1.38307771258233e-06,0.0009796610390891,YCLWdelta2b_NFR/NDR,,Promoter,Promoter,HNM1_MID2,noDrug,5.859153417000246,1002_1003,1002_1003_1004,HNM1_MID2-1002,HNM1_MID2-1002_1003
1004,3,92716,HNM1_MID2_noMTX_noDrug_avg_logratio_Fitness_minus_ref,-0.283693736879615,-0.262753963323882,5.11407821649498e-06,0.0032641524698446,YCL018W,LEU2,Close to 3'-UTR,Close to 3'-UTR,HNM1_MID2,noDrug,5.29123263400769,1004,1002_1003_1004,HNM1_MID2-1004,HNM1_MID2-1004
1006,3,95493,HNM1_MID2_noMTX_noDrug_avg_logratio_Fitness_minus_ref,-0.269513093482591,-0.266103875028966,5.11010218247041e-06,0.0032618932745685,YCL016C,DCC1,ORF,Verified ORF,HNM1_MID2,noDrug,5.291570415552302,1006,1006_1007_1008_1009_1010_1011_1012_1013_1014_1015,HNM1_MID2-1006,HNM1_MID2-1006
1070,3,178885,HNM1_MID2_noMTX_noDrug_avg_logratio_Fitness_minus_ref,-0.221283275952794,-0.221900052181208,5.19200748639404e-05,0.0262089592093321,CUT048_NFR/NDR,,Promoter,Promoter,HNM1_MID2,noDrug,4.284664689994806,1068_1069_1070_1071_1072,1059_1060_1061_1062_1063_1064_1065_1066_1067_1068_1069_1070_1071_1072_1073_1074_1075_1076_1077_1078_1079_1080_1081_1082_1083_1084_1085_1086_1087_1088_1089_1090_1091_1092_1093,HNM1_MID2-1070,HNM1_MID2-1068_1069_1070_1071_1072
1075,3,187956,HNM1_MID2_noMTX_noDrug_avg_logratio_Fitness_minus_ref,-0.295912995967891,-0.294862828807789,2.5929880537429e-08,2.32916398556328e-05,YCR033W,SNT1,ORF,Verified ORF,HNM1_MID2,noDrug,7.586199484081203,1073_1074_1075_1076_1077_1078_1079_1080_1081_1082_1083,1059_1060_1061_1062_1063_1064_1065_1066_1067_1068_1069_1070_1071_1072_1073_1074_1075_1076_1077_1078_1079_1080_1081_1082_1083_1084_1085_1086_1087_1088_1089_1090_1091_1092_1093,HNM1_MID2-1075,HNM1_MID2-1073_1074_1075_1076_1077_1078_1079_1080_1081_1082_1083
1093,3,198615,HNM1_MID2_noMTX_noDrug_avg_logratio_Fitness_minus_ref,-0.380182394388701,-0.380272182543729,7.75516803684433e-14,1.18185345065243e-10,YCR038C,BUD5,ORF,Verified ORF,HNM1_MID2,noDrug,13.110408787575249,1084_1085_1086_1087_1088_1089_1090_1091_1092_1093,1059_1060_1061_1062_1063_1064_1065_1066_1067_1068_1069_1070_1071_1072_1073_1074_1075_1076_1077_1078_1079_1080_1081_1082_1083_1084_1085_1086_1087_1088_1089_1090_1091_1092_1093,HNM1_MID2-1093,HNM1_MID2-1084_1085_1086_1087_1088_1089_1090_1091_1092_1093
1095,3,203261,HNM1_MID2_noMTX_noDrug_avg_logratio_Fitness_minus_ref,-0.322719953363427,-0.322584333452608,3.27072293977021e-10,3.57154916363441e-07,YCR042C,TAF2,ORF,Verified ORF,HNM1_MID2,noDrug,9.485356243042599,1095_1096_1097_1098,1095_1096_1097_1098,HNM1_MID2-1095,HNM1_MID2-1095_1096_1097_1098
1103,3,208234,HNM1_MID2_noMTX_noDrug_avg_logratio_Fitness_minus_ref,-0.239913644444791,-0.239968583262889,3.51099032194089e-06,0.0023146891276657,YCR045C,RRT12,ORF,Verified ORF,HNM1_MID2,noDrug,5.454570367667506,1099_1100_1101_1102_1103_1104_1105_1106,1099_1100_1101_1102_1103_1104_1105_1106,HNM1_MID2-1103,HNM1_MID2-1099_1100_1101_1102_1103_1104_1105_1106
9904,14,746927,HNM1_MID2_noMTX_noDrug_avg_logratio_Fitness_minus_ref,0.224634087154354,0.224882138833827,1.76166986056253e-05,0.0100694489250607,YNR063W_NFR/NDR,,Promoter,Promoter,HNM1_MID2,noDrug,4.754075475702466,9899_9900_9901_9902_9903_9904_9905_9906,9899_9900_9901_9902_9903_9904_9905_9906,HNM1_MID2-9904,HNM1_MID2-9899_9900_9901_9902_9903_9904_9905_9906
726,2,635476,HNM1_RBD2_noMTX_noDrug_avg_logratio_Fitness_minus_ref,-0.246679296337478,-0.246612477902989,4.99332096083865e-05,0.0253429435208206,YBR207W,FTH1,ORF,Verified ORF,HNM1_RBD2,noDrug,4.301610517453576,726_727_728_729_730_731,706_707_708_709_710_711_712_713_714_715_716_717_718_719_720_721_722_723_724_725_726_727_728_729_730_731,HNM1_RBD2-726,HNM1_RBD2-726_727_728_729_730_731
990,3,84735,HNM1_RBD2_noMTX_noDrug_avg_logratio_Fitness_minus_ref,-0.27581372602068,-0.260516378762678,0.0001124759672862,0.0499813825659789,YCLWdelta2b_NFR/NDR,,Promoter,Promoter,HNM1_RBD2,noDrug,3.948940263241278,990,990,HNM1_RBD2-990,HNM1_RBD2-990
1002,3,92556,HNM1_RBD2_noMTX_noDrug_avg_logratio_Fitness_minus_ref,-0.283731047991855,-0.268221032563054,4.9185590239087e-05,0.0250314964208384,YCLWdelta2b_NFR/NDR,,Promoter,Promoter,HNM1_RBD2,noDrug,4.308162112603907,1002_1003,1002_1003_1004,HNM1_RBD2-1002,HNM1_RBD2-1002_1003
1004,3,92716,HNM1_RBD2_noMTX_noDrug_avg_logratio_Fitness_minus_ref,-0.282847025351053,-0.254211482747328,0.0001020593266649,0.0462409270759413,YCL018W,LEU2,Close to 3'-UTR,Close to 3'-UTR,HNM1_RBD2,noDrug,3.9911473012466154,1004,1002_1003_1004,HNM1_RBD2-1004,HNM1_RBD2-1004
10187,15,170413,HNM1_RBD2_noMTX_noDrug_avg_logratio_Fitness_minus_ref,-0.365157477099768,-0.365157477100655,5.08242210843773e-08,4.40233889417793e-05,CUT362,,Unstable transcript,CUT,HNM1_RBD2,noDrug,7.293929268496101,10179_10180_10181_10182_10183_10184_10185_10186_10187_10188_10189_10190_10191_10192_10193_10194_10195_10196_10197_10198_10199_10200_10201_10202_10203,10179_10180_10181_10182_10183_10184_10185_10186_10187_10188_10189_10190_10191_10192_10193_10194_10195_10196_10197_10198_10199_10200_10201_10202_10203,HNM1_RBD2-10187,HNM1_RBD2-10179_10180_10181_10182_10183_10184_10185_10186_10187_10188_10189_10190_10191_10192_10193_10194_10195_10196_10197_10198_10199_10200_10201_10202_10203
990,3,84735,HNM1_TPO1_noMTX_noDrug_avg_logratio_Fitness_minus_ref,-0.280384284517541,-0.269521198596083,8.271790892079e-05,0.0388286312393283,YCLWdelta2b_NFR/NDR,,Promoter,Promoter,HNM1_TPO1,noDrug,4.082400452920838,990,990,HNM1_TPO1-990,HNM1_TPO1-990
1002,3,92556,HNM1_TPO1_noMTX_noDrug_avg_logratio_Fitness_minus_ref,-0.311697399770014,-0.307616411038448,7.43392819508307e-06,0.004599496124463,YCLWdelta2b_NFR/NDR,,Promoter,Promoter,HNM1_TPO1,noDrug,5.12878163810575,1002_1003,1002_1003_1004,HNM1_TPO1-1002,HNM1_TPO1-1002_1003
1004,3,92716,HNM1_TPO1_noMTX_noDrug_avg_logratio_Fitness_minus_ref,-0.315362640028265,-0.292974468111085,1.33799969017762e-05,0.0078748731489593,YCL018W,LEU2,Close to 3'-UTR,Close to 3'-UTR,HNM1_TPO1,noDrug,4.873543987131847,1004,1002_1003_1004,HNM1_TPO1-1004,HNM1_TPO1-1004
1002,3,92556,HNM1_TPO2_noMTX_noDrug_avg_logratio_Fitness_minus_ref,-0.285726162534049,-0.284193284931145,3.50105534046348e-05,0.0185805049466319,YCLWdelta2b_NFR/NDR,,Promoter,Promoter,HNM1_TPO2,noDrug,4.455801024376937,1002_1003,1002_1003_1004,HNM1_TPO2-1002,HNM1_TPO2-1002_1003
1089,3,198109,HNM1_TPO2_noMTX_noDrug_avg_logratio_Fitness_minus_ref,-0.262796680668678,-0.262796680668683,1.08946262356998e-05,0.006530903287076,YCR038C,BUD5,ORF,Verified ORF,HNM1_TPO2,noDrug,4.962787664596938,1084_1085_1086_1087_1088_1089_1090_1091_1092_1093,1059_1060_1061_1062_1063_1064_1065_1066_1067_1068_1069_1070_1071_1072_1073_1074_1075_1076_1077_1078_1079_1080_1081_1082_1083_1084_1085_1086_1087_1088_1089_1090_1091_1092_1093,HNM1_TPO2-1089,HNM1_TPO2-1084_1085_1086_1087_1088_1089_1090_1091_1092_1093
983,3,80341,HNM1_TPO4_noMTX_noDrug_avg_logratio_Fitness_minus_ref,-0.327253515169443,-0.325731326997497,2.84900172358313e-06,0.0019118216217261,YCL024W,KCC4,ORF,Verified ORF,HNM1_TPO4,noDrug,5.545307288021872,982_983_984,982_983_984,HNM1_TPO4-983,HNM1_TPO4-982_983_984
990,3,84735,HNM1_TPO4_noMTX_noDrug_avg_logratio_Fitness_minus_ref,-0.343416386365807,-0.323272720313541,2.10939556549242e-06,0.0014490785523298,YCLWdelta2b_NFR/NDR,,Promoter,Promoter,HNM1_TPO4,noDrug,5.675841971326469,990,990,HNM1_TPO4-990,HNM1_TPO4-990
992,3,84780,HNM1_TPO4_noMTX_noDrug_avg_logratio_Fitness_minus_ref,-0.377141421253769,-0.309443985629192,3.74892667581987e-06,0.0024561697670909,YCLWdelta2b_NFR/NDR,,Promoter,Promoter,HNM1_TPO4,noDrug,5.4260930537364205,992,992,HNM1_TPO4-992,HNM1_TPO4-992
1002,3,92556,HNM1_TPO4_noMTX_noDrug_avg_logratio_Fitness_minus_ref,-0.375575935843707,-0.357887260561415,1.06433737011747e-07,8.84499505040091e-05,YCLWdelta2b_NFR/NDR,,Promoter,Promoter,HNM1_TPO4,noDrug,6.9729206889991175,1002_1003,1002_1003_1004,HNM1_TPO4-1002,HNM1_TPO4-1002_1003
1004,3,92716,HNM1_TPO4_noMTX_noDrug_avg_logratio_Fitness_minus_ref,-0.36463415564672,-0.333213977778609,7.54671247167868e-07,0.0005548470705641,YCL018W,LEU2,Close to 3'-UTR,Close to 3'-UTR,HNM1_TPO4,noDrug,6.1222421962312215,1004,1002_1003_1004,HNM1_TPO4-1004,HNM1_TPO4-1004
1006,3,95493,HNM1_TPO4_noMTX_noDrug_avg_logratio_Fitness_minus_ref,-0.347459866424204,-0.346507824956525,6.95998940598607e-07,0.0005139855891882,YCL016C,DCC1,ORF,Verified ORF,HNM1_TPO4,noDrug,6.157391421441923,1006,1006_1007_1008_1009_1010_1011_1012_1013_1014_1015,HNM1_TPO4-1006,HNM1_TPO4-1006
1008,3,98535,HNM1_TPO4_noMTX_noDrug_avg_logratio_Fitness_minus_ref,-0.321472894869771,-0.324202329361139,1.91254106240447e-06,0.0013229671768843,YCL014W,BUD3,ORF,Verified ORF,HNM1_TPO4,noDrug,5.718389231738144,1007_1008_1009_1010_1011,1006_1007_1008_1009_1010_1011_1012_1013_1014_1015,HNM1_TPO4-1008,HNM1_TPO4-1007_1008_1009_1010_1011
1012,3,105429,HNM1_TPO4_noMTX_noDrug_avg_logratio_Fitness_minus_ref,-0.265422296342188,-0.265422296343026,4.95105810216783e-05,0.0251626206769053,YCL009C,ILV6,ORF,Verified ORF,HNM1_TPO4,noDrug,4.305301977061202,1012,1006_1007_1008_1009_1010_1011_1012_1013_1014_1015,HNM1_TPO4-1012,HNM1_TPO4-1012
1075,3,187956,HNM1_TPO4_noMTX_noDrug_avg_logratio_Fitness_minus_ref,-0.325906307670578,-0.324528257474966,2.67188345512873e-07,0.0002106357337999,YCR033W,SNT1,ORF,Verified ORF,HNM1_TPO4,noDrug,6.573182489272224,1073_1074_1075_1076_1077_1078_1079_1080_1081_1082_1083,1059_1060_1061_1062_1063_1064_1065_1066_1067_1068_1069_1070_1071_1072_1073_1074_1075_1076_1077_1078_1079_1080_1081_1082_1083_1084_1085_1086_1087_1088_1089_1090_1091_1092_1093,HNM1_TPO4-1075,HNM1_TPO4-1073_1074_1075_1076_1077_1078_1079_1080_1081_1082_1083
1093,3,198615,HNM1_TPO4_noMTX_noDrug_avg_logratio_Fitness_minus_ref,-0.322779040048135,-0.321832512059292,1.62179257678681e-07,0.0001317724982253,YCR038C,BUD5,ORF,Verified ORF,HNM1_TPO4,noDrug,6.790004691750844,1084_1085_1086_1087_1088_1089_1090_1091_1092_1093,1059_1060_1061_1062_1063_1064_1065_1066_1067_1068_1069_1070_1071_1072_1073_1074_1075_1076_1077_1078_1079_1080_1081_1082_1083_1084_1085_1086_1087_1088_1089_1090_1091_1092_1093,HNM1_TPO4-1093,HNM1_TPO4-1084_1085_1086_1087_1088_1089_1090_1091_1092_1093
1097,3,204897,HNM1_TPO4_noMTX_noDrug_avg_logratio_Fitness_minus_ref,-0.249202234782004,-0.247955187592228,6.19215581923653e-05,0.0304204241396293,YCR042C,TAF2,ORF,Verified ORF,HNM1_TPO4,noDrug,4.208158123613415,1095_1096_1097_1098,1095_1096_1097_1098,HNM1_TPO4-1097,HNM1_TPO4-1095_1096_1097_1098
7168,11,398143,HNM1_TPO4_noMTX_noDrug_avg_logratio_Fitness_minus_ref,0.242742103061356,0.2428994524032,0.000106625615338,0.047897121098573,YKL021C,MAK11,ORF,Verified ORF,HNM1_TPO4,noDrug,3.972138449497323,7167_7168_7169,7167_7168_7169_7170_7171,HNM1_TPO4-7168,HNM1_TPO4-7167_7168_7169
10782,15,789915,HUG1_ADE17_noMTX_noDrug_avg_logratio_Fitness_minus_ref,0.225548764203495,0.225691492058569,5.12515981029054e-05,0.0259152769546753,YOR242C_NFR/NDR,,Promoter,Promoter,HUG1_ADE17,noDrug,4.290292588097525,10779_10780_10781_10782_10783,10778_10779_10780_10781_10782_10783_10784_10785_10786_10787_10788_10789_10790_10791_10792_10793_10794_10795_10796_10797_10798_10799_10800_10801_10802_10803_10804_10805_10806_10807_10808_10809_10810_10811_10812_10813_10814,HUG1_ADE17-10782,HUG1_ADE17-10779_10780_10781_10782_10783
695,2,593045,HUG1_ALO1_noMTX_noDrug_avg_logratio_Fitness_minus_ref,-0.243951449842877,-0.243879479759088,2.07024631963463e-05,0.0116339156815272,YBR181C_NFR/NDR,,Promoter,Promoter,HUG1_ALO1,noDrug,4.683977978748953,692_693_694_695_696_697_698_699,692_693_694_695_696_697_698_699_700_701_702_703_704,HUG1_ALO1-695,HUG1_ALO1-692_693_694_695_696_697_698_699
1002,3,92556,HUG1_ALO1_noMTX_noDrug_avg_logratio_Fitness_minus_ref,-0.253896751906283,-0.248031869140983,9.28616335928315e-05,0.0427681987689255,YCLWdelta2b_NFR/NDR,,Promoter,Promoter,HUG1_ALO1,noDrug,4.0321636806298695,1002_1003,1002_1003_1004,HUG1_ALO1-1002,HUG1_ALO1-1002_1003
8458,13,56990,HUG1_ALO1_noMTX_noDrug_avg_logratio_Fitness_minus_ref,0.501311777556427,0.497348845680154,1.09164789620529e-05,0.0065429535001462,YML106W,URA5,ORF,Verified ORF,HUG1_ALO1,noDrug,4.961917417852517,8458,8457_8458,HUG1_ALO1-8458,HUG1_ALO1-8458
8460,13,58847,HUG1_ALO1_noMTX_noDrug_avg_logratio_Fitness_minus_ref,0.528765980145645,0.485109662896305,5.55812907087468e-07,0.0004166355711996,YML105C_NFR/NDR,,Promoter,Promoter,HUG1_ALO1,noDrug,6.255071372254978,8460,8460_8461_8462_8463_8464_8465_8466,HUG1_ALO1-8460,HUG1_ALO1-8460
8461,13,60008,HUG1_ALO1_noMTX_noDrug_avg_logratio_Fitness_minus_ref,0.488360250033791,0.388274058579237,2.73150287724747e-06,0.0018407423014473,YML104C,MDM1,ORF,Verified ORF,HUG1_ALO1,noDrug,5.563598337682058,8461,8460_8461_8462_8463_8464_8465_8466,HUG1_ALO1-8461,HUG1_ALO1-8461
8462,13,60048,HUG1_ALO1_noMTX_noDrug_avg_logratio_Fitness_minus_ref,0.545441037010009,0.517449368791333,1.37818861581313e-07,0.0001129990680911,YML104C,MDM1,ORF,Verified ORF,HUG1_ALO1,noDrug,6.860691341788881,8462,8460_8461_8462_8463_8464_8465_8466,HUG1_ALO1-8462,HUG1_ALO1-8462
8463,13,61764,HUG1_ALO1_noMTX_noDrug_avg_logratio_Fitness_minus_ref,0.447722611905082,0.42720508903767,3.37832823336983e-05,0.018016175599775,YML104C,MDM1,ORF,Verified ORF,HUG1_ALO1,noDrug,4.47129815730613,8463,8460_8461_8462_8463_8464_8465_8466,HUG1_ALO1-8463,HUG1_ALO1-8463
8475,13,71887,HUG1_ALO1_noMTX_noDrug_avg_logratio_Fitness_minus_ref,0.356601841137298,0.356619065311082,1.99482573281612e-05,0.0112600379287663,YML100W,TSL1,ORF,Verified ORF,HUG1_ALO1,noDrug,4.700095038113609,8471_8472_8473_8474_8475_8476,8468_8469_8470_8471_8472_8473_8474_8475_8476_8477_8478_8479_8480_8481_8482_8483_8484_8485_8486_8487_8488_8489_8490_8491_8492_8493_8494_8495_8496_8497_8498_8499_8500_8501_8502_8503_8504_8505_8506_8507_8508_8509_8510_8511_8512_8513_8514_8515_8516_8517_8518,HUG1_ALO1-8475,HUG1_ALO1-8471_8472_8473_8474_8475_8476
8483,13,75864,HUG1_ALO1_noMTX_noDrug_avg_logratio_Fitness_minus_ref,0.31949367992985,0.315281302251927,1.90314336193234e-05,0.0107897920289289,YML099C,ARG81,ORF,Verified ORF,HUG1_ALO1,noDrug,4.720528495501193,8477_8478_8479_8480_8481_8482_8483_8484_8485_8486_8487_8488,8468_8469_8470_8471_8472_8473_8474_8475_8476_8477_8478_8479_8480_8481_8482_8483_8484_8485_8486_8487_8488_8489_8490_8491_8492_8493_8494_8495_8496_8497_8498_8499_8500_8501_8502_8503_8504_8505_8506_8507_8508_8509_8510_8511_8512_8513_8514_8515_8516_8517_8518,HUG1_ALO1-8483,HUG1_ALO1-8477_8478_8479_8480_8481_8482_8483_8484_8485_8486_8487_8488
8508,13,88764,HUG1_ALO1_noMTX_noDrug_avg_logratio_Fitness_minus_ref,0.278793739594342,0.275410662773226,4.60571291314813e-05,0.0236649730781398,YML091C,RPM2,ORF,Verified ORF,HUG1_ALO1,noDrug,4.336703136306947,8508_8509,8468_8469_8470_8471_8472_8473_8474_8475_8476_8477_8478_8479_8480_8481_8482_8483_8484_8485_8486_8487_8488_8489_8490_8491_8492_8493_8494_8495_8496_8497_8498_8499_8500_8501_8502_8503_8504_8505_8506_8507_8508_8509_8510_8511_8512_8513_8514_8515_8516_8517_8518,HUG1_ALO1-8508,HUG1_ALO1-8508_8509
8510,13,89247,HUG1_ALO1_noMTX_noDrug_avg_logratio_Fitness_minus_ref,0.293595690687441,0.270240329650194,1.75639422973461e-05,0.0100462093586691,YML091C,RPM2,ORF,Verified ORF,HUG1_ALO1,noDrug,4.7553779983488695,8510,8468_8469_8470_8471_8472_8473_8474_8475_8476_8477_8478_8479_8480_8481_8482_8483_8484_8485_8486_8487_8488_8489_8490_8491_8492_8493_8494_8495_8496_8497_8498_8499_8500_8501_8502_8503_8504_8505_8506_8507_8508_8509_8510_8511_8512_8513_8514_8515_8516_8517_8518,HUG1_ALO1-8510,HUG1_ALO1-8510
8515,13,92384,HUG1_ALO1_noMTX_noDrug_avg_logratio_Fitness_minus_ref,0.265193965302163,0.265633258475353,4.82442599774372e-05,0.0246329515649503,YML088W,UFO1,ORF,Verified ORF,HUG1_ALO1,noDrug,4.316554350888423,8513_8514_8515,8468_8469_8470_8471_8472_8473_8474_8475_8476_8477_8478_8479_8480_8481_8482_8483_8484_8485_8486_8487_8488_8489_8490_8491_8492_8493_8494_8495_8496_8497_8498_8499_8500_8501_8502_8503_8504_8505_8506_8507_8508_8509_8510_8511_8512_8513_8514_8515_8516_8517_8518,HUG1_ALO1-8515,HUG1_ALO1-8513_8514_8515
1011,3,101814,HUG1_PGM2_noMTX_noDrug_avg_logratio_Fitness_minus_ref,-0.249019083177455,-0.250351608798114,4.88705593132445e-06,0.0031310171248722,YCL012C_NFR/NDR,,Promoter,Promoter,HUG1_PGM2,noDrug,5.310952690534633,1007_1008_1009_1010_1011,1006_1007_1008_1009_1010_1011_1012_1013_1014_1015,HUG1_PGM2-1011,HUG1_PGM2-1007_1008_1009_1010_1011
8462,13,60048,HUG1_PGM2_noMTX_noDrug_avg_logratio_Fitness_minus_ref,0.387964720200456,0.359361180020446,2.95401935512826e-05,0.0160046297130968,YML104C,MDM1,ORF,Verified ORF,HUG1_PGM2,noDrug,4.529586663459458,8462,8460_8461_8462_8463_8464_8465_8466,HUG1_PGM2-8462,HUG1_PGM2-8462
984,3,80444,MID2_MAM33_noMTX_noDrug_avg_logratio_Fitness_minus_ref,-0.241205684793088,-0.240634177583873,3.35677215972666e-05,0.017916561634248,YCL024W,KCC4,ORF,Verified ORF,MID2_MAM33,noDrug,4.474078135407183,982_983_984,982_983_984,MID2_MAM33-984,MID2_MAM33-982_983_984
1002,3,92556,MID2_MAM33_noMTX_noDrug_avg_logratio_Fitness_minus_ref,-0.278237941024661,-0.270796429083096,2.09029746010655e-06,0.0014370155700632,YCLWdelta2b_NFR/NDR,,Promoter,Promoter,MID2_MAM33,noDrug,5.6797919071470515,1002_1003,1002_1003_1004,MID2_MAM33-1002,MID2_MAM33-1002_1003
1004,3,92716,MID2_MAM33_noMTX_noDrug_avg_logratio_Fitness_minus_ref,-0.265400114085438,-0.231856790728675,1.4355452025313e-05,0.0083921451503548,YCL018W,LEU2,Close to 3'-UTR,Close to 3'-UTR,MID2_MAM33,noDrug,4.842983127862122,1004,1002_1003_1004,MID2_MAM33-1004,MID2_MAM33-1004
1276,4,48267,MID2_MAM33_noMTX_noDrug_avg_logratio_Fitness_minus_ref,1.16662139276413,0.301978485182069,2.80011667887266e-05,0.0152704436640552,YDL227C_NFR/NDR,,Promoter,Promoter,MID2_MAM33,noDrug,4.552823871538216,1276,1276,MID2_MAM33-1276,MID2_MAM33-1276
982,3,79867,MID2_PIN2_noMTX_noDrug_avg_logratio_Fitness_minus_ref,-0.225912397311078,-0.226465226030934,3.93677353076248e-05,0.0206292232833283,YCL024W,KCC4,ORF,Verified ORF,MID2_PIN2,noDrug,4.404859567980692,982_983_984,982_983_984,MID2_PIN2-982,MID2_PIN2-982_983_984
990,3,84735,MID2_PIN2_noMTX_noDrug_avg_logratio_Fitness_minus_ref,-0.257472778925357,-0.255532944377138,6.74920430126049e-06,0.004213519619195,YCLWdelta2b_NFR/NDR,,Promoter,Promoter,MID2_PIN2,noDrug,5.170747425382516,990,990,MID2_PIN2-990,MID2_PIN2-990
992,3,84780,MID2_PIN2_noMTX_noDrug_avg_logratio_Fitness_minus_ref,-0.262793390265571,-0.240855708868151,4.65418061679361e-05,0.0238843548142254,YCLWdelta2b_NFR/NDR,,Promoter,Promoter,MID2_PIN2,noDrug,4.33215676686907,992,992,MID2_PIN2-992,MID2_PIN2-992
1002,3,92556,MID2_PIN2_noMTX_noDrug_avg_logratio_Fitness_minus_ref,-0.230841758293999,-0.220103243606886,3.96277517600192e-05,0.0207480180904769,YCLWdelta2b_NFR/NDR,,Promoter,Promoter,MID2_PIN2,noDrug,4.402000566220305,1002_1003,1002_1003_1004,MID2_PIN2-1002,MID2_PIN2-1002_1003
1004,3,92716,MID2_PIN2_noMTX_noDrug_avg_logratio_Fitness_minus_ref,-0.237683145908996,-0.220788739837603,4.78636006228637e-05,0.0244686819880265,YCL018W,LEU2,Close to 3'-UTR,Close to 3'-UTR,MID2_PIN2,noDrug,4.319994633933562,1004,1002_1003_1004,MID2_PIN2-1004,MID2_PIN2-1004
1006,3,95493,MID2_PIN2_noMTX_noDrug_avg_logratio_Fitness_minus_ref,-0.224927699401086,-0.221346074648858,5.12515489181749e-05,0.0259152769546753,YCL016C,DCC1,ORF,Verified ORF,MID2_PIN2,noDrug,4.290293004878038,1006,1006_1007_1008_1009_1010_1011_1012_1013_1014_1015,MID2_PIN2-1006,MID2_PIN2-1006
1010,3,101685,MID2_PIN2_noMTX_noDrug_avg_logratio_Fitness_minus_ref,-0.226661924835511,-0.226767027180751,1.6885582849632e-05,0.0097087358633636,YCL014W,BUD3,Close to 3'-UTR,Close to 3'-UTR,MID2_PIN2,noDrug,4.772483943970814,1007_1008_1009_1010_1011,1006_1007_1008_1009_1010_1011_1012_1013_1014_1015,MID2_PIN2-1010,MID2_PIN2-1007_1008_1009_1010_1011
4414,7,631440,MID2_PIN2_noMTX_noDrug_avg_logratio_Fitness_minus_ref,-0.201251390142217,-0.195804988347024,0.00010524075708,0.0474089628223348,YGR070W,ROM1,Close to 3'-UTR,Close to 3'-UTR,MID2_PIN2,noDrug,3.977816036351408,4414_4415_4416_4417,4409_4410_4411_4412_4413_4414_4415_4416_4417,MID2_PIN2-4414,MID2_PIN2-4414_4415_4416_4417
984,3,80444,MID2_RSN1_noMTX_noDrug_avg_logratio_Fitness_minus_ref,-0.241516930259701,-0.240649761551714,5.06027027179146e-05,0.0256392058785275,YCL024W,KCC4,ORF,Verified ORF,MID2_RSN1,noDrug,4.2958262866358945,982_983_984,982_983_984,MID2_RSN1-984,MID2_RSN1-982_983_984
1002,3,92556,MID2_RSN1_noMTX_noDrug_avg_logratio_Fitness_minus_ref,-0.286860842457629,-0.282504032448687,1.77935194998157e-06,0.0012366735991024,YCLWdelta2b_NFR/NDR,,Promoter,Promoter,MID2_RSN1,noDrug,5.749738141394829,1002_1003,1002_1003_1004,MID2_RSN1-1002,MID2_RSN1-1002_1003
1004,3,92716,MID2_RSN1_noMTX_noDrug_avg_logratio_Fitness_minus_ref,-0.276038681950059,-0.250143691807621,1.0456455045392e-05,0.0062881490768212,YCL018W,LEU2,Close to 3'-UTR,Close to 3'-UTR,MID2_RSN1,noDrug,4.9806155253316255,1004,1002_1003_1004,MID2_RSN1-1004,MID2_RSN1-1004
1009,3,100583,MID2_RSN1_noMTX_noDrug_avg_logratio_Fitness_minus_ref,-0.223723741316481,-0.223786062029747,9.32300817340027e-05,0.0429008774852185,YCL014W,BUD3,ORF,Verified ORF,MID2_RSN1,noDrug,4.03044393503679,1007_1008_1009_1010_1011,1006_1007_1008_1009_1010_1011_1012_1013_1014_1015,MID2_RSN1-1009,MID2_RSN1-1007_1008_1009_1010_1011
8668,13,331755,MID2_RSN1_noMTX_noDrug_avg_logratio_Fitness_minus_ref,0.215863132113157,0.214014030999658,8.41250719655177e-05,0.0393741861870395,YMR030W,RSF1,ORF,Verified ORF,MID2_RSN1,noDrug,4.075074551246851,8664_8665_8666_8667_8668,8664_8665_8666_8667_8668,MID2_RSN1-8668,MID2_RSN1-8664_8665_8666_8667_8668
8671,13,338431,MID2_RSN1_noMTX_noDrug_avg_logratio_Fitness_minus_ref,0.212031636057704,0.211017519899968,7.6801199044677e-05,0.0364890162133765,YMR030W-A,YMR030W-A,Close to 3'-UTR,Close to 3'-UTR,MID2_RSN1,noDrug,4.114631999572371,8671_8672_8673_8674_8675_8676_8677_8678_8679_8680,8670_8671_8672_8673_8674_8675_8676_8677_8678_8679_8680_8681_8682,MID2_RSN1-8671,MID2_RSN1-8671_8672_8673_8674_8675_8676_8677_8678_8679_8680
8908,13,588576,MID2_RSN1_noMTX_noDrug_avg_logratio_Fitness_minus_ref,0.299302228793634,0.29310700753441,7.64385772988942e-05,0.0363473846262735,YMR164C,MSS11,ORF,Verified ORF,MID2_RSN1,noDrug,4.116687404780154,8907_8908,8907_8908,MID2_RSN1-8908,MID2_RSN1-8907_8908
1002,3,92556,MID2_TPO2_noMTX_noDrug_avg_logratio_Fitness_minus_ref,-0.255532825688751,-0.246295695157908,6.08519015425055e-05,0.0299737895089141,YCLWdelta2b_NFR/NDR,,Promoter,Promoter,MID2_TPO2,noDrug,4.215725846086109,1002_1003,1002_1003_1004,MID2_TPO2-1002,MID2_TPO2-1002_1003
1276,4,48267,MID2_TPO2_noMTX_noDrug_avg_logratio_Fitness_minus_ref,1.19778547208991,0.26201610040593,7.16990598161892e-05,0.0344393270489809,YDL227C_NFR/NDR,,Promoter,Promoter,MID2_TPO2,noDrug,4.144486539162299,1276,1276,MID2_TPO2-1276,MID2_TPO2-1276
984,3,80444,MID2_TPO4_noMTX_noDrug_avg_logratio_Fitness_minus_ref,-0.222225496237767,-0.221013060943347,4.42933723237185e-05,0.0228861747921643,YCL024W,KCC4,ORF,Verified ORF,MID2_TPO4,noDrug,4.353661252977219,982_983_984,982_983_984,MID2_TPO4-984,MID2_TPO4-982_983_984
1002,3,92556,MID2_TPO4_noMTX_noDrug_avg_logratio_Fitness_minus_ref,-0.246399176290048,-0.23049088969173,7.31681446755721e-06,0.0045356724109986,YCLWdelta2b_NFR/NDR,,Promoter,Promoter,MID2_TPO4,noDrug,5.135677957230881,1002_1003,1002_1003_1004,MID2_TPO4-1002,MID2_TPO4-1002_1003
1004,3,92716,MID2_TPO4_noMTX_noDrug_avg_logratio_Fitness_minus_ref,-0.243825098691857,-0.219455384937826,2.05402399694509e-05,0.0115523082937155,YCL018W,LEU2,Close to 3'-UTR,Close to 3'-UTR,MID2_TPO4,noDrug,4.687394486892607,1004,1002_1003_1004,MID2_TPO4-1004,MID2_TPO4-1004
983,3,80341,PLM2_HNM1_noMTX_noDrug_avg_logratio_Fitness_minus_ref,-0.299058370576221,-0.297422202841747,5.1779414302415e-06,0.0032998415383372,YCL024W,KCC4,ORF,Verified ORF,PLM2_HNM1,noDrug,5.285842866351278,982_983_984,982_983_984,PLM2_HNM1-983,PLM2_HNM1-982_983_984
1002,3,92556,PLM2_HNM1_noMTX_noDrug_avg_logratio_Fitness_minus_ref,-0.322794202949668,-0.30466201702971,1.20553082023584e-06,0.0008612475360306,YCLWdelta2b_NFR/NDR,,Promoter,Promoter,PLM2_HNM1,noDrug,5.918821682103403,1002_1003,1002_1003_1004,PLM2_HNM1-1002,PLM2_HNM1-1002_1003
1004,3,92716,PLM2_HNM1_noMTX_noDrug_avg_logratio_Fitness_minus_ref,-0.331063007006878,-0.301562526425911,1.72607287657936e-06,0.0012024395154416,YCL018W,LEU2,Close to 3'-UTR,Close to 3'-UTR,PLM2_HNM1,noDrug,5.762940871872187,1004,1002_1003_1004,PLM2_HNM1-1004,PLM2_HNM1-1004
1006,3,95493,PLM2_HNM1_noMTX_noDrug_avg_logratio_Fitness_minus_ref,-0.270956606473718,-0.268673004516144,4.07001402742903e-05,0.0212247354920873,YCL016C,DCC1,ORF,Verified ORF,PLM2_HNM1,noDrug,4.390404093962857,1006,1006_1007_1008_1009_1010_1011_1012_1013_1014_1015,PLM2_HNM1-1006,PLM2_HNM1-1006
1007,3,96560,PLM2_HNM1_noMTX_noDrug_avg_logratio_Fitness_minus_ref,-0.25499159692877,-0.253497202328875,8.20453013446283e-05,0.0385734724894975,YCL014W,BUD3,ORF,Verified ORF,PLM2_HNM1,noDrug,4.08594628552534,1007_1008_1009_1010_1011,1006_1007_1008_1009_1010_1011_1012_1013_1014_1015,PLM2_HNM1-1007,PLM2_HNM1-1007_1008_1009_1010_1011
1075,3,187956,PLM2_HNM1_noMTX_noDrug_avg_logratio_Fitness_minus_ref,-0.231403010956771,-0.229260493643697,0.0001117008356154,0.049707869534066,YCR033W,SNT1,ORF,Verified ORF,PLM2_HNM1,noDrug,3.951943577987347,1073_1074_1075_1076_1077_1078_1079_1080_1081_1082_1083,1059_1060_1061_1062_1063_1064_1065_1066_1067_1068_1069_1070_1071_1072_1073_1074_1075_1076_1077_1078_1079_1080_1081_1082_1083_1084_1085_1086_1087_1088_1089_1090_1091_1092_1093,PLM2_HNM1-1075,PLM2_HNM1-1073_1074_1075_1076_1077_1078_1079_1080_1081_1082_1083
1093,3,198615,PLM2_HNM1_noMTX_noDrug_avg_logratio_Fitness_minus_ref,-0.244465625873143,-0.245096874369915,2.65833564391681e-05,0.014592007541755,YCR038C,BUD5,ORF,Verified ORF,PLM2_HNM1,noDrug,4.575390185508356,1084_1085_1086_1087_1088_1089_1090_1091_1092_1093,1059_1060_1061_1062_1063_1064_1065_1066_1067_1068_1069_1070_1071_1072_1073_1074_1075_1076_1077_1078_1079_1080_1081_1082_1083_1084_1085_1086_1087_1088_1089_1090_1091_1092_1093,PLM2_HNM1-1093,PLM2_HNM1-1084_1085_1086_1087_1088_1089_1090_1091_1092_1093
7382,11,628767,PLM2_HNM1_noMTX_noDrug_avg_logratio_Fitness_minus_ref,0.246383063496747,0.246343226920417,2.04823856555965e-05,0.0115232384484634,YKR096W,ESL2,ORF,Verified ORF,PLM2_HNM1,noDrug,4.688619460942244,7377_7378_7379_7380_7381_7382_7383_7384_7385,7359_7360_7361_7362_7363_7364_7365_7366_7367_7368_7369_7370_7371_7372_7373_7374_7375_7376_7377_7378_7379_7380_7381_7382_7383_7384_7385_7386,PLM2_HNM1-7382,PLM2_HNM1-7377_7378_7379_7380_7381_7382_7383_7384_7385
2091,4,797405,PLM2_SNA3_noMTX_noDrug_avg_logratio_Fitness_minus_ref,-0.246726975353059,-0.246807948061374,6.24599412600182e-05,0.0306415335307812,YDR170C,SEC7,ORF,Verified ORF,PLM2_SNA3,noDrug,4.204398428534606,2086_2087_2088_2089_2090_2091,2068_2069_2070_2071_2072_2073_2074_2075_2076_2077_2078_2079_2080_2081_2082_2083_2084_2085_2086_2087_2088_2089_2090_2091_2092_2093_2094,PLM2_SNA3-2091,PLM2_SNA3-2086_2087_2088_2089_2090_2091
2094,4,802519,PLM2_SNA3_noMTX_noDrug_avg_logratio_Fitness_minus_ref,-0.24340834683269,-0.243450895412342,0.0001020600967845,0.0462409270759413,YDR170C_NFR/NDR,,Promoter,Promoter,PLM2_SNA3,noDrug,3.9911440241582614,2093_2094,2068_2069_2070_2071_2072_2073_2074_2075_2076_2077_2078_2079_2080_2081_2082_2083_2084_2085_2086_2087_2088_2089_2090_2091_2092_2093_2094,PLM2_SNA3-2094,PLM2_SNA3-2093_2094
700,2,599004,PMC1_CTR2_noMTX_noDrug_avg_logratio_Fitness_minus_ref,-0.286820871232171,-0.28480708251181,1.42793332597612e-05,0.0083528734760613,YBR184W,YBR184W,Close to 3'-UTR,Close to 3'-UTR,PMC1_CTR2,noDrug,4.84529207045667,700,692_693_694_695_696_697_698_699_700_701_702_703_704,PMC1_CTR2-700,PMC1_CTR2-700
982,3,79867,PMC1_CTR2_noMTX_noDrug_avg_logratio_Fitness_minus_ref,-0.368639222807255,-0.367818220464931,2.89293152361204e-08,2.58615620611054e-05,YCL024W,KCC4,ORF,Verified ORF,PMC1_CTR2,noDrug,7.538661846085647,982_983_984,982_983_984,PMC1_CTR2-982,PMC1_CTR2-982_983_984
990,3,84735,PMC1_CTR2_noMTX_noDrug_avg_logratio_Fitness_minus_ref,-0.349664293399241,-0.336428118553519,5.05350731837337e-07,0.0003812805728233,YCLWdelta2b_NFR/NDR,,Promoter,Promoter,PMC1_CTR2,noDrug,6.296407101027437,990,990,PMC1_CTR2-990,PMC1_CTR2-990
992,3,84780,PMC1_CTR2_noMTX_noDrug_avg_logratio_Fitness_minus_ref,-0.33119645108206,-0.298526256726546,2.59082509728889e-05,0.0142466195604758,YCLWdelta2b_NFR/NDR,,Promoter,Promoter,PMC1_CTR2,noDrug,4.5865619045927914,992,992,PMC1_CTR2-992,PMC1_CTR2-992
1002,3,92556,PMC1_CTR2_noMTX_noDrug_avg_logratio_Fitness_minus_ref,-0.405832675384167,-0.391562968055764,2.01634785866397e-09,2.03857351119697e-06,YCLWdelta2b_NFR/NDR,,Promoter,Promoter,PMC1_CTR2,noDrug,8.695434541638223,1002_1003,1002_1003_1004,PMC1_CTR2-1002,PMC1_CTR2-1002_1003
1004,3,92716,PMC1_CTR2_noMTX_noDrug_avg_logratio_Fitness_minus_ref,-0.41176890667933,-0.389223054327841,5.219291822081771e-09,5.04152424020831e-06,YCL018W,LEU2,Close to 3'-UTR,Close to 3'-UTR,PMC1_CTR2,noDrug,8.28238842010628,1004,1002_1003_1004,PMC1_CTR2-1004,PMC1_CTR2-1004
1006,3,95493,PMC1_CTR2_noMTX_noDrug_avg_logratio_Fitness_minus_ref,-0.348597578075049,-0.342909200261011,2.24188425842205e-07,0.0001786784383878,YCL016C,DCC1,ORF,Verified ORF,PMC1_CTR2,noDrug,6.6493868124485145,1006,1006_1007_1008_1009_1010_1011_1012_1013_1014_1015,PMC1_CTR2-1006,PMC1_CTR2-1006
1010,3,101685,PMC1_CTR2_noMTX_noDrug_avg_logratio_Fitness_minus_ref,-0.328452707876055,-0.332011153070541,2.83049344697881e-07,0.0002222254035731,YCL014W,BUD3,Close to 3'-UTR,Close to 3'-UTR,PMC1_CTR2,noDrug,6.548137846235751,1007_1008_1009_1010_1011,1006_1007_1008_1009_1010_1011_1012_1013_1014_1015,PMC1_CTR2-1010,PMC1_CTR2-1007_1008_1009_1010_1011
1276,4,48267,PMC1_CTR2_noMTX_noDrug_avg_logratio_Fitness_minus_ref,1.47467928508857,0.580978192996163,5.21468422031916e-06,0.0033204258521658,YDL227C_NFR/NDR,,Promoter,Promoter,PMC1_CTR2,noDrug,5.282771985516484,1276,1276,PMC1_CTR2-1276,PMC1_CTR2-1276
992,3,84780,PMC1_GTR2_noMTX_noDrug_avg_logratio_Fitness_minus_ref,-0.28906358580699,-0.249594880163198,1.10653699613177e-05,0.0066247553551637,YCLWdelta2b_NFR/NDR,,Promoter,Promoter,PMC1_GTR2,noDrug,4.956034061224044,992,992,PMC1_GTR2-992,PMC1_GTR2-992
1002,3,92556,PMC1_GTR2_noMTX_noDrug_avg_logratio_Fitness_minus_ref,-0.234220322514904,-0.217846649684967,4.44654541698335e-05,0.0229608016602755,YCLWdelta2b_NFR/NDR,,Promoter,Promoter,PMC1_GTR2,noDrug,4.351977267444905,1002_1003,1002_1003_1004,PMC1_GTR2-1002,PMC1_GTR2-1002_1003
1004,3,92716,PMC1_GTR2_noMTX_noDrug_avg_logratio_Fitness_minus_ref,-0.236414074028885,-0.206527584307444,7.55440626222987e-05,0.0359855338853016,YCL018W,LEU2,Close to 3'-UTR,Close to 3'-UTR,PMC1_GTR2,noDrug,4.12179966331306,1004,1002_1003_1004,PMC1_GTR2-1004,PMC1_GTR2-1004
1006,3,95493,PMC1_GTR2_noMTX_noDrug_avg_logratio_Fitness_minus_ref,-0.238164279877278,-0.234131426506142,2.63116860842288e-05,0.0144545618727405,YCL016C,DCC1,ORF,Verified ORF,PMC1_GTR2,noDrug,4.579851320914139,1006,1006_1007_1008_1009_1010_1011_1012_1013_1014_1015,PMC1_GTR2-1006,PMC1_GTR2-1006
1011,3,101814,PMC1_GTR2_noMTX_noDrug_avg_logratio_Fitness_minus_ref,-0.257386246374193,-0.260554770819357,1.88799863165969e-06,0.001306958133914,YCL012C_NFR/NDR,,Promoter,Promoter,PMC1_GTR2,noDrug,5.723998324795821,1007_1008_1009_1010_1011,1006_1007_1008_1009_1010_1011_1012_1013_1014_1015,PMC1_GTR2-1011,PMC1_GTR2-1007_1008_1009_1010_1011
1083,3,190765,RET2_EMP47_noMTX_noDrug_avg_logratio_Fitness_minus_ref,-0.437525281309406,-0.43743507769078,4.83112700881369e-05,0.0246621113919596,YCR034W,ELO2,ORF,Verified ORF,RET2_EMP47,noDrug,4.315951544897692,1073_1074_1075_1076_1077_1078_1079_1080_1081_1082_1083,1059_1060_1061_1062_1063_1064_1065_1066_1067_1068_1069_1070_1071_1072_1073_1074_1075_1076_1077_1078_1079_1080_1081_1082_1083_1084_1085_1086_1087_1088_1089_1090_1091_1092_1093,RET2_EMP47-1083,RET2_EMP47-1073_1074_1075_1076_1077_1078_1079_1080_1081_1082_1083
1084,3,195779,RET2_EMP47_noMTX_noDrug_avg_logratio_Fitness_minus_ref,-0.516333282437879,-0.517118378685451,1.41002045733683e-06,0.000997421645764,YCR037C,PHO87,ORF,Verified ORF,RET2_EMP47,noDrug,5.850774586320472,1084_1085_1086_1087_1088_1089_1090_1091_1092_1093,1059_1060_1061_1062_1063_1064_1065_1066_1067_1068_1069_1070_1071_1072_1073_1074_1075_1076_1077_1078_1079_1080_1081_1082_1083_1084_1085_1086_1087_1088_1089_1090_1091_1092_1093,RET2_EMP47-1084,RET2_EMP47-1084_1085_1086_1087_1088_1089_1090_1091_1092_1093
1096,3,204854,RET2_EMP47_noMTX_noDrug_avg_logratio_Fitness_minus_ref,-0.444344270300997,-0.444480444645123,3.60400599786556e-05,0.0190619014472246,YCR042C,TAF2,ORF,Verified ORF,RET2_EMP47,noDrug,4.443214494930003,1095_1096_1097_1098,1095_1096_1097_1098,RET2_EMP47-1096,RET2_EMP47-1095_1096_1097_1098
984,3,80444,RET2_EMP70_noMTX_noDrug_avg_logratio_Fitness_minus_ref,-0.347585734438377,-0.340489707631332,6.10026357019581e-05,0.0300390049328504,YCL024W,KCC4,ORF,Verified ORF,RET2_EMP70,noDrug,4.2146514002992745,982_983_984,982_983_984,RET2_EMP70-984,RET2_EMP70-982_983_984
992,3,84780,RET2_EMP70_noMTX_noDrug_avg_logratio_Fitness_minus_ref,-0.434723497673345,-0.404586372664354,1.55698748071189e-05,0.0090358768862948,YCLWdelta2b_NFR/NDR,,Promoter,Promoter,RET2_EMP70,noDrug,4.807714879454746,992,992,RET2_EMP70-992,RET2_EMP70-992
1003,3,92671,RET2_EMP70_noMTX_noDrug_avg_logratio_Fitness_minus_ref,-0.343157578344756,-0.336582949186089,9.79895069794672e-05,0.0446756113116709,YCL018W,LEU2,Close to 3'-UTR,Close to 3'-UTR,RET2_EMP70,noDrug,4.008820427418723,1002_1003,1002_1003_1004,RET2_EMP70-1003,RET2_EMP70-1002_1003
1062,3,165283,RET2_EMP70_noMTX_noDrug_avg_logratio_Fitness_minus_ref,-0.303267277778822,-0.303267277779178,6.93962346149648e-05,0.0335141435521969,YCR026C,NPP1,ORF,Verified ORF,RET2_EMP70,noDrug,4.15866409338242,1061_1062_1063_1064_1065_1066_1067,1059_1060_1061_1062_1063_1064_1065_1066_1067_1068_1069_1070_1071_1072_1073_1074_1075_1076_1077_1078_1079_1080_1081_1082_1083_1084_1085_1086_1087_1088_1089_1090_1091_1092_1093,RET2_EMP70-1062,RET2_EMP70-1061_1062_1063_1064_1065_1066_1067
1072,3,181487,RET2_EMP70_noMTX_noDrug_avg_logratio_Fitness_minus_ref,-0.326176296220173,-0.325123657444394,3.33897694891957e-05,0.0178344201317699,YCR032W,BPH1,ORF,Verified ORF,RET2_EMP70,noDrug,4.476386579146165,1068_1069_1070_1071_1072,1059_1060_1061_1062_1063_1064_1065_1066_1067_1068_1069_1070_1071_1072_1073_1074_1075_1076_1077_1078_1079_1080_1081_1082_1083_1084_1085_1086_1087_1088_1089_1090_1091_1092_1093,RET2_EMP70-1072,RET2_EMP70-1068_1069_1070_1071_1072
1073,3,186935,RET2_EMP70_noMTX_noDrug_avg_logratio_Fitness_minus_ref,-0.329053991661202,-0.32905399166184,1.56145393419843e-05,0.0090559481205597,YCR033W,SNT1,ORF,Verified ORF,RET2_EMP70,noDrug,4.80647082374152,1073_1074_1075_1076_1077_1078_1079_1080_1081_1082_1083,1059_1060_1061_1062_1063_1064_1065_1066_1067_1068_1069_1070_1071_1072_1073_1074_1075_1076_1077_1078_1079_1080_1081_1082_1083_1084_1085_1086_1087_1088_1089_1090_1091_1092_1093,RET2_EMP70-1073,RET2_EMP70-1073_1074_1075_1076_1077_1078_1079_1080_1081_1082_1083
1093,3,198615,RET2_EMP70_noMTX_noDrug_avg_logratio_Fitness_minus_ref,-0.376005712463682,-0.375758251024322,7.63725528128661e-07,0.0005608969595085,YCR038C,BUD5,ORF,Verified ORF,RET2_EMP70,noDrug,6.117062692518892,1084_1085_1086_1087_1088_1089_1090_1091_1092_1093,1059_1060_1061_1062_1063_1064_1065_1066_1067_1068_1069_1070_1071_1072_1073_1074_1075_1076_1077_1078_1079_1080_1081_1082_1083_1084_1085_1086_1087_1088_1089_1090_1091_1092_1093,RET2_EMP70-1093,RET2_EMP70-1084_1085_1086_1087_1088_1089_1090_1091_1092_1093
1097,3,204897,RET2_EMP70_noMTX_noDrug_avg_logratio_Fitness_minus_ref,-0.354178669430628,-0.3534096095148,3.48181204915752e-06,0.0022969386079967,YCR042C,TAF2,ORF,Verified ORF,RET2_EMP70,noDrug,5.4581946761298985,1095_1096_1097_1098,1095_1096_1097_1098,RET2_EMP70-1097,RET2_EMP70-1095_1096_1097_1098
982,3,79867,RET2_SNA3_noMTX_noDrug_avg_logratio_Fitness_minus_ref,-0.248320947235777,-0.249720168041457,7.46941030465609e-05,0.0356351666285613,YCL024W,KCC4,ORF,Verified ORF,RET2_SNA3,noDrug,4.126713683531717,982_983_984,982_983_984,RET2_SNA3-982,RET2_SNA3-982_983_984
992,3,84780,RET2_SNA3_noMTX_noDrug_avg_logratio_Fitness_minus_ref,-0.288028981599759,-0.271214037008622,9.15545361480928e-05,0.0422677906357826,YCLWdelta2b_NFR/NDR,,Promoter,Promoter,RET2_SNA3,noDrug,4.038320133336269,992,992,RET2_SNA3-992,RET2_SNA3-992
1003,3,92671,RET2_SNA3_noMTX_noDrug_avg_logratio_Fitness_minus_ref,-0.291466183046313,-0.292087289278932,5.36773704890292e-06,0.0034088779299995,YCL018W,LEU2,Close to 3'-UTR,Close to 3'-UTR,RET2_SNA3,noDrug,5.270208767244347,1002_1003,1002_1003_1004,RET2_SNA3-1003,RET2_SNA3-1002_1003
1004,3,92716,RET2_SNA3_noMTX_noDrug_avg_logratio_Fitness_minus_ref,-0.288451587659088,-0.274672472295667,1.45511106017245e-05,0.0084965570794418,YCL018W,LEU2,Close to 3'-UTR,Close to 3'-UTR,RET2_SNA3,noDrug,4.837103858238663,1004,1002_1003_1004,RET2_SNA3-1004,RET2_SNA3-1004
1006,3,95493,RET2_SNA3_noMTX_noDrug_avg_logratio_Fitness_minus_ref,-0.245493935933337,-0.245921870552457,0.0001071880411143,0.0480933286173581,YCL016C,DCC1,ORF,Verified ORF,RET2_SNA3,noDrug,3.96985366583528,1006,1006_1007_1008_1009_1010_1011_1012_1013_1014_1015,RET2_SNA3-1006,RET2_SNA3-1006
1008,3,98535,RET2_SNA3_noMTX_noDrug_avg_logratio_Fitness_minus_ref,-0.237555553615519,-0.23401181470241,9.86568767064467e-05,0.0449278042123024,YCL014W,BUD3,ORF,Verified ORF,RET2_SNA3,noDrug,4.0058726376132485,1007_1008_1009_1010_1011,1006_1007_1008_1009_1010_1011_1012_1013_1014_1015,RET2_SNA3-1008,RET2_SNA3-1007_1008_1009_1010_1011
1012,3,105429,RET2_SNA3_noMTX_noDrug_avg_logratio_Fitness_minus_ref,-0.245138466590738,-0.245138466591674,3.02825363390661e-05,0.0163593992828743,YCL009C,ILV6,ORF,Verified ORF,RET2_SNA3,noDrug,4.518807752952346,1012,1006_1007_1008_1009_1010_1011_1012_1013_1014_1015,RET2_SNA3-1012,RET2_SNA3-1012
983,3,80341,SNA4_GTR2_noMTX_noDrug_avg_logratio_Fitness_minus_ref,-0.23063510957739,-0.229677778939794,0.0001062424632743,0.0477593751740944,YCL024W,KCC4,ORF,Verified ORF,SNA4_GTR2,noDrug,3.9737018685668515,982_983_984,982_983_984,SNA4_GTR2-983,SNA4_GTR2-982_983_984
992,3,84780,SNA4_GTR2_noMTX_noDrug_avg_logratio_Fitness_minus_ref,-0.30111906721596,-0.270007010645221,1.35262001433864e-05,0.0079484027557473,YCLWdelta2b_NFR/NDR,,Promoter,Promoter,SNA4_GTR2,noDrug,4.868824190729601,992,992,SNA4_GTR2-992,SNA4_GTR2-992
1002,3,92556,SNA4_GTR2_noMTX_noDrug_avg_logratio_Fitness_minus_ref,-0.26946123420566,-0.267071298563037,7.60600611978123e-06,0.0046968478356546,YCLWdelta2b_NFR/NDR,,Promoter,Promoter,SNA4_GTR2,noDrug,5.1188433294916,1002_1003,1002_1003_1004,SNA4_GTR2-1002,SNA4_GTR2-1002_1003
1004,3,92716,SNA4_GTR2_noMTX_noDrug_avg_logratio_Fitness_minus_ref,-0.276694039486582,-0.261614512282675,1.00687205912692e-05,0.0060731996548763,YCL018W,LEU2,Close to 3'-UTR,Close to 3'-UTR,SNA4_GTR2,noDrug,4.997025710722681,1004,1002_1003_1004,SNA4_GTR2-1004,SNA4_GTR2-1004
1006,3,95493,SNA4_GTR2_noMTX_noDrug_avg_logratio_Fitness_minus_ref,-0.269433049728961,-0.268285906186626,5.91429097641619e-06,0.0037224469703913,YCL016C,DCC1,ORF,Verified ORF,SNA4_GTR2,noDrug,5.228097312487742,1006,1006_1007_1008_1009_1010_1011_1012_1013_1014_1015,SNA4_GTR2-1006,SNA4_GTR2-1006
1011,3,101814,SNA4_GTR2_noMTX_noDrug_avg_logratio_Fitness_minus_ref,-0.276753732353088,-0.277647982588445,1.09175139172982e-06,0.0007841597492614,YCL012C_NFR/NDR,,Promoter,Promoter,SNA4_GTR2,noDrug,5.961876245781529,1007_1008_1009_1010_1011,1006_1007_1008_1009_1010_1011_1012_1013_1014_1015,SNA4_GTR2-1011,SNA4_GTR2-1007_1008_1009_1010_1011
1012,3,105429,SNA4_GTR2_noMTX_noDrug_avg_logratio_Fitness_minus_ref,-0.215349302894949,-0.215349302895569,0.000103311046015,0.0466888211993056,YCL009C,ILV6,ORF,Verified ORF,SNA4_GTR2,noDrug,3.985853241240371,1012,1006_1007_1008_1009_1010_1011_1012_1013_1014_1015,SNA4_GTR2-1012,SNA4_GTR2-1012
1019,3,120341,SNA4_GTR2_noMTX_noDrug_avg_logratio_Fitness_minus_ref,-0.227902175138258,-0.230768183769176,2.88182902789147e-05,0.0156577910602445,CUT043_NFR/NDR,,Promoter,Promoter,SNA4_GTR2,noDrug,4.540331788423437,1016_1017_1018_1019_1020_1021_1022_1023_1024,1016_1017_1018_1019_1020_1021_1022_1023_1024,SNA4_GTR2-1019,SNA4_GTR2-1016_1017_1018_1019_1020_1021_1022_1023_1024
7168,11,398143,SRO9_DHH1_noMTX_noDrug_avg_logratio_Fitness_minus_ref,0.216934595746026,0.216999138353939,0.0001104836322881,0.0492725633041408,YKL021C,MAK11,ORF,Verified ORF,SRO9_DHH1,noDrug,3.9567020562184605,7167_7168_7169,7167_7168_7169_7170_7171,SRO9_DHH1-7168,SRO9_DHH1-7167_7168_7169
990,3,84735,SRO9_GIS2_noMTX_noDrug_avg_logratio_Fitness_minus_ref,-0.294469836612439,-0.289991676054158,0.0001048627924581,0.0472757424250718,YCLWdelta2b_NFR/NDR,,Promoter,Promoter,SRO9_GIS2,noDrug,3.979378581363893,990,990,SRO9_GIS2-990,SRO9_GIS2-990
1011,3,101814,SRO9_GIS2_noMTX_noDrug_avg_logratio_Fitness_minus_ref,-0.310834622338949,-0.322088987002147,9.2437755333566e-06,0.0056156049075784,YCL012C_NFR/NDR,,Promoter,Promoter,SRO9_GIS2,noDrug,5.034150609039769,1007_1008_1009_1010_1011,1006_1007_1008_1009_1010_1011_1012_1013_1014_1015,SRO9_GIS2-1011,SRO9_GIS2-1007_1008_1009_1010_1011
4045,7,208767,SRO9_GIS2_noMTX_noDrug_avg_logratio_Fitness_minus_ref,0.329214693560101,0.329204656510154,0.0001032007266655,0.0466476372093984,YGL157W_NFR/NDR,,Promoter,Promoter,SRO9_GIS2,noDrug,3.9863172447077826,4045,4045,SRO9_GIS2-4045,SRO9_GIS2-4045
5039,8,173136,SRO9_SGN1_noMTX_noDrug_avg_logratio_Fitness_minus_ref,-1.58410127659273,-0.174943720183458,0.0001013848259935,0.0459826680769685,YHR032W_NFR/NDR,,Promoter,Promoter,SRO9_SGN1,noDrug,3.994027039878619,5039,5039,SRO9_SGN1-5039,SRO9_SGN1-5039
11349,16,202983,SRO9_SGN1_noMTX_noDrug_avg_logratio_Fitness_minus_ref,0.239668988192485,0.241538230056545,0.0001035475283076,0.0467843771148485,YPL181W_NFR/NDR,,Promoter,Promoter,SRO9_SGN1,noDrug,3.9848602633101886,11348_11349_11350_11351_11352_11353_11354_11355_11356_11357,11347_11348_11349_11350_11351_11352_11353_11354_11355_11356_11357,SRO9_SGN1-11349,SRO9_SGN1-11348_11349_11350_11351_11352_11353_11354_11355_11356_11357
982,3,79867,SSH1_ERG11_noMTX_noDrug_avg_logratio_Fitness_minus_ref,-0.24047774271432,-0.236992584488624,5.12238039185682e-05,0.0259082345769722,YCL024W,KCC4,ORF,Verified ORF,SSH1_ERG11,noDrug,4.290528173632093,982_983_984,982_983_984,SSH1_ERG11-982,SSH1_ERG11-982_983_984
990,3,84735,SSH1_ERG11_noMTX_noDrug_avg_logratio_Fitness_minus_ref,-0.248000848729514,-0.241986516292532,6.27800006603617e-05,0.0307743066597927,YCLWdelta2b_NFR/NDR,,Promoter,Promoter,SSH1_ERG11,noDrug,4.202178684067778,990,990,SSH1_ERG11-990,SSH1_ERG11-990
1002,3,92556,SSH1_ERG11_noMTX_noDrug_avg_logratio_Fitness_minus_ref,-0.247242566767616,-0.24434852991083,4.61980771605863e-05,0.0237259762024532,YCLWdelta2b_NFR/NDR,,Promoter,Promoter,SSH1_ERG11,noDrug,4.335376100113255,1002_1003,1002_1003_1004,SSH1_ERG11-1002,SSH1_ERG11-1002_1003
1008,3,98535,SSH1_ERG11_noMTX_noDrug_avg_logratio_Fitness_minus_ref,-0.236055417924422,-0.234542771010923,4.35482070784051e-05,0.0225401104395262,YCL014W,BUD3,ORF,Verified ORF,SSH1_ERG11,noDrug,4.361029720610025,1007_1008_1009_1010_1011,1006_1007_1008_1009_1010_1011_1012_1013_1014_1015,SSH1_ERG11-1008,SSH1_ERG11-1007_1008_1009_1010_1011
1073,3,186935,SSH1_ERG11_noMTX_noDrug_avg_logratio_Fitness_minus_ref,-0.231286330506606,-0.231286330507346,1.12697115425377e-05,0.0067384561820085,YCR033W,SNT1,ORF,Verified ORF,SSH1_ERG11,noDrug,4.948087199933254,1073_1074_1075_1076_1077_1078_1079_1080_1081_1082_1083,1059_1060_1061_1062_1063_1064_1065_1066_1067_1068_1069_1070_1071_1072_1073_1074_1075_1076_1077_1078_1079_1080_1081_1082_1083_1084_1085_1086_1087_1088_1089_1090_1091_1092_1093,SSH1_ERG11-1073,SSH1_ERG11-1073_1074_1075_1076_1077_1078_1079_1080_1081_1082_1083
1093,3,198615,SSH1_ERG11_noMTX_noDrug_avg_logratio_Fitness_minus_ref,-0.225808966453418,-0.225554641134381,1.91971562198848e-05,0.0108713770604065,YCR038C,BUD5,ORF,Verified ORF,SSH1_ERG11,noDrug,4.716763100957062,1084_1085_1086_1087_1088_1089_1090_1091_1092_1093,1059_1060_1061_1062_1063_1064_1065_1066_1067_1068_1069_1070_1071_1072_1073_1074_1075_1076_1077_1078_1079_1080_1081_1082_1083_1084_1085_1086_1087_1088_1089_1090_1091_1092_1093,SSH1_ERG11-1093,SSH1_ERG11-1084_1085_1086_1087_1088_1089_1090_1091_1092_1093
982,3,79867,SSH1_ERV25_noMTX_noDrug_avg_logratio_Fitness_minus_ref,-0.2846190680065,-0.284284268284982,8.30428828358857e-06,0.0050887120696649,YCL024W,KCC4,ORF,Verified ORF,SSH1_ERV25,noDrug,5.080697582689433,982_983_984,982_983_984,SSH1_ERV25-982,SSH1_ERV25-982_983_984
990,3,84735,SSH1_ERV25_noMTX_noDrug_avg_logratio_Fitness_minus_ref,-0.294662041554638,-0.291819338644271,9.78708313041523e-06,0.005916807153656,YCLWdelta2b_NFR/NDR,,Promoter,Promoter,SSH1_ERV25,noDrug,5.009346722815581,990,990,SSH1_ERV25-990,SSH1_ERV25-990
1002,3,92556,SSH1_ERV25_noMTX_noDrug_avg_logratio_Fitness_minus_ref,-0.340390085071902,-0.326848067552933,1.58290960403104e-07,0.000128809269028,YCLWdelta2b_NFR/NDR,,Promoter,Promoter,SSH1_ERV25,noDrug,6.800543885890304,1002_1003,1002_1003_1004,SSH1_ERV25-1002,SSH1_ERV25-1002_1003
1004,3,92716,SSH1_ERV25_noMTX_noDrug_avg_logratio_Fitness_minus_ref,-0.332524336660121,-0.309529689023865,9.07352262461197e-07,0.0006593173540552,YCL018W,LEU2,Close to 3'-UTR,Close to 3'-UTR,SSH1_ERV25,noDrug,6.042224073532699,1004,1002_1003_1004,SSH1_ERV25-1004,SSH1_ERV25-1004
1006,3,95493,SSH1_ERV25_noMTX_noDrug_avg_logratio_Fitness_minus_ref,-0.286282568725852,-0.281322167845504,9.13505131156604e-06,0.0055549734154566,YCL016C,DCC1,ORF,Verified ORF,SSH1_ERV25,noDrug,5.039289008873304,1006,1006_1007_1008_1009_1010_1011_1012_1013_1014_1015,SSH1_ERV25-1006,SSH1_ERV25-1006
1011,3,101814,SSH1_ERV25_noMTX_noDrug_avg_logratio_Fitness_minus_ref,-0.278570692933949,-0.281347586539958,6.33133985806035e-06,0.003968892954405,YCL012C_NFR/NDR,,Promoter,Promoter,SSH1_ERV25,noDrug,5.198504373491841,1007_1008_1009_1010_1011,1006_1007_1008_1009_1010_1011_1012_1013_1014_1015,SSH1_ERV25-1011,SSH1_ERV25-1007_1008_1009_1010_1011
982,3,79867,TPO1_MID2_noMTX_noDrug_avg_logratio_Fitness_minus_ref,-0.256147711853762,-0.259030663319898,1.99920092556632e-05,0.0112830298544037,YCL024W,KCC4,ORF,Verified ORF,TPO1_MID2,noDrug,4.699143555817054,982_983_984,982_983_984,TPO1_MID2-982,TPO1_MID2-982_983_984
990,3,84735,TPO1_MID2_noMTX_noDrug_avg_logratio_Fitness_minus_ref,-0.246885884867299,-0.245142183871675,8.40615997369023e-05,0.0393530872213571,YCLWdelta2b_NFR/NDR,,Promoter,Promoter,TPO1_MID2,noDrug,4.075402349397221,990,990,TPO1_MID2-990,TPO1_MID2-990
992,3,84780,TPO1_MID2_noMTX_noDrug_avg_logratio_Fitness_minus_ref,-0.307649090598807,-0.276274687795648,1.26747194451498e-05,0.007505289777271,YCLWdelta2b_NFR/NDR,,Promoter,Promoter,TPO1_MID2,noDrug,4.897061644994374,992,992,TPO1_MID2-992,TPO1_MID2-992
1002,3,92556,TPO1_MID2_noMTX_noDrug_avg_logratio_Fitness_minus_ref,-0.267086345442741,-0.249468047015149,1.34357991253582e-05,0.007902115058423,YCLWdelta2b_NFR/NDR,,Promoter,Promoter,TPO1_MID2,noDrug,4.871736497789634,1002_1003,1002_1003_1004,TPO1_MID2-1002,TPO1_MID2-1002_1003
1004,3,92716,TPO1_MID2_noMTX_noDrug_avg_logratio_Fitness_minus_ref,-0.268724765413582,-0.241428545644347,2.60484266310183e-05,0.0143194112142981,YCL018W,LEU2,Close to 3'-UTR,Close to 3'-UTR,TPO1_MID2,noDrug,4.584218503692777,1004,1002_1003_1004,TPO1_MID2-1004,TPO1_MID2-1004
1007,3,96560,TPO1_MID2_noMTX_noDrug_avg_logratio_Fitness_minus_ref,-0.262763175963808,-0.263462802987054,9.66130229710245e-06,0.0058488091933049,YCL014W,BUD3,ORF,Verified ORF,TPO1_MID2,noDrug,5.0149643288303745,1007_1008_1009_1010_1011,1006_1007_1008_1009_1010_1011_1012_1013_1014_1015,TPO1_MID2-1007,TPO1_MID2-1007_1008_1009_1010_1011
10179,15,165912,TPO1_MID2_noMTX_noDrug_avg_logratio_Fitness_minus_ref,-0.240893191037236,-0.242222688925108,8.92442246255154e-05,0.0413647313231392,YOL083W,ATG34,ORF,Verified ORF,TPO1_MID2,noDrug,4.049419879355001,10179_10180_10181_10182_10183_10184_10185_10186_10187_10188_10189_10190_10191_10192_10193_10194_10195_10196_10197_10198_10199_10200_10201_10202_10203,10179_10180_10181_10182_10183_10184_10185_10186_10187_10188_10189_10190_10191_10192_10193_10194_10195_10196_10197_10198_10199_10200_10201_10202_10203,TPO1_MID2-10179,TPO1_MID2-10179_10180_10181_10182_10183_10184_10185_10186_10187_10188_10189_10190_10191_10192_10193_10194_10195_10196_10197_10198_10199_10200_10201_10202_10203
982,3,79867,TPO1_TPO2_noMTX_noDrug_avg_logratio_Fitness_minus_ref,-0.269474599906738,-0.273905798492251,9.07991922225812e-06,0.0055250443502004,YCL024W,KCC4,ORF,Verified ORF,TPO1_TPO2,noDrug,5.041918015078431,982_983_984,982_983_984,TPO1_TPO2-982,TPO1_TPO2-982_983_984
1002,3,92556,TPO1_TPO2_noMTX_noDrug_avg_logratio_Fitness_minus_ref,-0.286363733684203,-0.277607324194774,3.85479381673806e-06,0.0025202278447656,YCLWdelta2b_NFR/NDR,,Promoter,Promoter,TPO1_TPO2,noDrug,5.413998846315392,1002_1003,1002_1003_1004,TPO1_TPO2-1002,TPO1_TPO2-1002_1003
1004,3,92716,TPO1_TPO2_noMTX_noDrug_avg_logratio_Fitness_minus_ref,-0.278782470580861,-0.243031035759964,1.60597099710767e-05,0.0092838738609717,YCL018W,LEU2,Close to 3'-UTR,Close to 3'-UTR,TPO1_TPO2,noDrug,4.794262302089613,1004,1002_1003_1004,TPO1_TPO2-1004,TPO1_TPO2-1004
1006,3,95493,TPO1_TPO2_noMTX_noDrug_avg_logratio_Fitness_minus_ref,-0.292933358196313,-0.288658303144004,1.70502303809988e-06,0.0011891055967505,YCL016C,DCC1,ORF,Verified ORF,TPO1_TPO2,noDrug,5.76826974848846,1006,1006_1007_1008_1009_1010_1011_1012_1013_1014_1015,TPO1_TPO2-1006,TPO1_TPO2-1006
1007,3,96560,TPO1_TPO2_noMTX_noDrug_avg_logratio_Fitness_minus_ref,-0.255935489440636,-0.254923433001068,2.10170533719645e-05,0.0117920816842574,YCL014W,BUD3,ORF,Verified ORF,TPO1_TPO2,noDrug,4.677428172893897,1007_1008_1009_1010_1011,1006_1007_1008_1009_1010_1011_1012_1013_1014_1015,TPO1_TPO2-1007,TPO1_TPO2-1007_1008_1009_1010_1011
1075,3,187956,TPO1_TPO2_noMTX_noDrug_avg_logratio_Fitness_minus_ref,-0.232383373516521,-0.232153278389952,2.97821875823743e-05,0.0161240642750741,YCR033W,SNT1,ORF,Verified ORF,TPO1_TPO2,noDrug,4.526043405305772,1073_1074_1075_1076_1077_1078_1079_1080_1081_1082_1083,1059_1060_1061_1062_1063_1064_1065_1066_1067_1068_1069_1070_1071_1072_1073_1074_1075_1076_1077_1078_1079_1080_1081_1082_1083_1084_1085_1086_1087_1088_1089_1090_1091_1092_1093,TPO1_TPO2-1075,TPO1_TPO2-1073_1074_1075_1076_1077_1078_1079_1080_1081_1082_1083
8460,13,58847,TPO1_TPO2_noMTX_noDrug_avg_logratio_Fitness_minus_ref,0.405126125131649,0.336020640170929,7.0079322878177e-05,0.0337981243512272,YML105C_NFR/NDR,,Promoter,Promoter,TPO1_TPO2,noDrug,4.154410103068457,8460,8460_8461_8462_8463_8464_8465_8466,TPO1_TPO2-8460,TPO1_TPO2-8460
