pQTL_protein,pQTL_commonName,pVal,beta,isQtn,index,chromosome,pQTL_peak,dist,cis_trans,pQTL_effect,SNP,pQTL_left,pQTL_right,pQTL_cis
YHR183W,GND1,15.06180058,-0.23495336,1,5323,8,459723,11237.0,trans,0.23495336,5323,449957,461438,False
YHR183W,GND1,12.41330236,-1.356235225,0,10777,15,785154,inf,trans,1.356235225,10777,785154,785154,False
YHR183W,GND1,7.674657596,0.271864135,1,1002,3,92556,inf,trans,0.271864135,1002,79867,96560,False
YHR183W,GND1,6.37139768,0.147005981,0,842,2,780187,inf,trans,0.147005981,842,772699,791790,False
YHR183W,GND1,5.421740139,-0.133658653,0,2302,4,975354,inf,trans,0.133658653,2302,959283,1000959,False
YGR256W,GND2,31.5486007,0.38117818,1,10191,15,171671,inf,trans,0.38117818,10191,165912,184082,False
YGR256W,GND2,17.64792671,0.246836721,1,11680,16,572345,inf,trans,0.246836721,11680,572345,572345,False
YGR256W,GND2,10.99687306,0.196903433,1,4385,7,607810,396820.0,trans,0.196903433,4385,592987,609851,False
YGR256W,GND2,8.592122923,-0.237640105,0,3207,5,396254,inf,trans,0.237640105,3207,379541,398644,False
YGR256W,GND2,8.248064667,-0.159687539,0,10433,15,446992,inf,trans,0.159687539,10433,441176,453019,False
YGR256W,GND2,7.201634263,-0.387285701,1,6252,10,414836,inf,trans,0.387285701,6252,413692,438861,False
YGR256W,GND2,5.721645624,0.129881689,0,5610,9,138636,inf,trans,0.129881689,5610,125289,144955,False
YGR256W,GND2,5.621315316,0.131009794,0,3669,6,71471,inf,trans,0.131009794,3669,62743,74913,False
YGR256W,GND2,5.120347542,0.122296721,0,5799,9,276483,inf,trans,0.122296721,5799,273029,283290,False
YGR256W,GND2,4.745326136,0.163006985,1,3192,5,378741,inf,trans,0.163006985,3192,377631,396266,False
YGR256W,GND2,4.41572776,0.112208488,0,8725,13,397928,inf,trans,0.112208488,8725,389323,406726,False
YGL115W,SNF4,5.842281987,0.172278683,1,7904,12,510241,inf,trans,0.172278683,7904,506655,510268,False
YGL115W,SNF4,5.62632636,-0.167873331,1,9218,13,877043,inf,trans,0.167873331,9218,869923,896327,False
YLR027C,AAT2; ASP5,10.99064349,0.206180741,1,7612,12,196991,0.0,cis,0.206180741,7612,186678,207362,True
YLR027C,AAT2; ASP5,7.923482853,-0.176890879,0,7984,12,572030,373944.0,trans,0.176890879,7984,567889,576167,False
YLR027C,AAT2; ASP5,7.216711655,0.164159762,0,7164,11,393945,inf,trans,0.164159762,7164,392685,400712,False
YLR027C,AAT2; ASP5,6.142107331,0.192105079,0,8470,13,68113,inf,trans,0.192105079,8470,56990,75198,False
YLR027C,AAT2; ASP5,5.651371254,0.141220762,0,6722,11,17061,inf,trans,0.141220762,6722,11470,20567,False
YLR027C,AAT2; ASP5,4.710526414,-0.126713411,0,1343,4,102705,inf,trans,0.126713411,1343,90554,106371,False
YLR027C,AAT2; ASP5,4.480412849,-0.1500385,1,5808,9,287755,inf,trans,0.1500385,5808,286125,289513,False
YLR027C,AAT2; ASP5,4.457233369,-0.137904483,0,10189,15,170944,inf,trans,0.137904483,10189,165912,184082,False
YLR027C,AAT2; ASP5,4.374452479,-0.123722337,0,10068,15,51177,inf,trans,0.123722337,10068,44170,59142,False
YLR027C,AAT2; ASP5,4.246399451,-0.121153758,0,11681,16,572464,inf,trans,0.121153758,11681,544393,587778,False
YLR027C,AAT2; ASP5,4.222822896,-0.118606319,1,9230,13,895661,inf,trans,0.118606319,9230,877043,902532,False
YMR072W,ABF2; HIM1,21.05977535,0.346128857,1,10192,15,172074,inf,trans,0.346128857,10192,165912,184082,False
YMR072W,ABF2; HIM1,8.080470351,-0.170094806,1,8670,13,333904,77664.0,trans,0.170094806,8670,329611,338431,False
YMR072W,ABF2; HIM1,8.055196204,-0.15925097,1,3043,5,214752,inf,trans,0.15925097,3043,210350,223004,False
YMR072W,ABF2; HIM1,6.90010029,0.147427436,0,11699,16,586993,inf,trans,0.147427436,11699,572464,593213,False
YMR072W,ABF2; HIM1,6.669848488,-0.153153398,0,1769,4,487957,inf,trans,0.153153398,1769,472918,504419,False
YMR072W,ABF2; HIM1,5.787868512,0.132097424,0,5618,9,144955,inf,trans,0.132097424,5618,132718,155581,False
YMR072W,ABF2; HIM1,5.551204913,-0.178408068,0,8463,13,61764,349804.0,trans,0.178408068,8463,55098,75198,False
YMR072W,ABF2; HIM1,5.257098431,-0.225991496,0,5243,8,386052,inf,trans,0.225991496,5243,386052,386052,False
YMR072W,ABF2; HIM1,5.074094177,0.124680281,0,7892,12,501622,inf,trans,0.124680281,7892,450044,509982,False
YMR072W,ABF2; HIM1,5.031413405,0.135747243,0,5270,8,400740,inf,trans,0.135747243,5270,386144,417360,False
YMR072W,ABF2; HIM1,4.968670202,0.269302183,0,5416,8,541428,inf,trans,0.269302183,5416,541428,541428,False
YMR072W,ABF2; HIM1,4.52486221,-0.122964348,0,5298,8,437059,inf,trans,0.122964348,5298,425448,449957,False
YMR072W,ABF2; HIM1,4.451401694,0.381820956,0,8582,13,179719,231849.0,trans,0.381820956,8582,179719,179719,False
YMR072W,ABF2; HIM1,4.377294516,0.167926044,0,8629,13,268101,143467.0,trans,0.167926044,8629,268101,268108,False
YMR072W,ABF2; HIM1,4.334311928,0.11361875,1,5185,8,341299,inf,trans,0.11361875,5185,337892,343641,False
YMR072W,ABF2; HIM1,4.312284738,-0.240683434,0,988,3,84421,inf,trans,0.240683434,988,84421,84421,False
YMR072W,ABF2; HIM1,4.102024937,-0.108766953,0,11890,16,812990,inf,trans,0.108766953,11890,798666,821586,False
YMR072W,ABF2; HIM1,4.09595601,-0.109908931,0,2730,4,1508550,inf,trans,0.109908931,2730,1499852,1523350,False
YCR088W,ABP1,32.33399507,0.399479923,1,10191,15,171671,inf,trans,0.399479923,10191,165912,184082,False
YCR088W,ABP1,10.51967643,-0.386025725,0,1784,4,520430,inf,trans,0.386025725,1784,520430,520430,False
YCR088W,ABP1,8.676103886,0.170204701,0,5580,9,122617,inf,trans,0.170204701,5580,103774,138792,False
YCR088W,ABP1,7.109394347,0.154120614,0,11685,16,576347,inf,trans,0.154120614,11685,564355,591786,False
YCR088W,ABP1,6.798316098,0.160104845,0,642,2,523217,inf,trans,0.160104845,642,505207,530047,False
YCR088W,ABP1,6.673584665,-0.200637474,0,8463,13,61764,inf,trans,0.200637474,8463,55098,75198,False
YCR088W,ABP1,5.775558318,-0.142433897,0,8667,13,331334,inf,trans,0.142433897,8667,329611,333904,False
YCR088W,ABP1,5.22773792,0.139814186,0,3661,6,62990,inf,trans,0.139814186,3661,57460,71997,False
YCR088W,ABP1,4.775647316,0.120845421,0,8110,12,745735,inf,trans,0.120845421,8110,732202,754859,False
YCR088W,ABP1,4.343782352,0.114274092,0,9228,13,892136,inf,trans,0.114274092,9228,877043,902532,False
YCR088W,ABP1,4.325583129,-0.339502829,0,12041,17,48192,inf,trans,0.339502829,12041,48192,48192,False
YCR088W,ABP1,4.022875561,0.229544541,0,5911,9,388051,inf,trans,0.229544541,5911,388051,388051,False
YNR016C,ACC1,8.04897066,0.156404774,0,11690,16,579913,inf,trans,0.156404774,11690,571530,591786,False
YNR016C,ACC1,6.383059907,-0.134419895,0,4192,7,399000,inf,trans,0.134419895,4192,395909,413465,False
YNR016C,ACC1,5.064003493,0.118024151,0,1281,4,51735,inf,trans,0.118024151,1281,43687,60460,False
YNR016C,ACC1,4.86208231,0.139988515,1,11245,16,132456,inf,trans,0.139988515,11245,132456,132456,False
YNR016C,ACC1,4.823348781,-0.147345875,0,8475,13,71887,inf,trans,0.147345875,8475,56990,80310,False
YNR016C,ACC1,4.717184033,-0.138194239,1,913,3,4794,inf,trans,0.138194239,913,2644,4794,False
YNR016C,ACC1,4.671352639,0.112658294,1,9602,14,480472,174203.0,trans,0.112658294,9602,472613,485955,False
YGR037C,ACB1; ACB,9.086834107,0.183201834,0,2479,4,1248530,inf,trans,0.183201834,2479,1242195,1256509,False
YGR037C,ACB1; ACB,6.599678603,-0.411442918,0,4207,7,412630,147105.0,trans,0.411442918,4207,412630,412630,False
YGR037C,ACB1; ACB,6.560390331,-0.274126026,1,5981,9,437940,inf,trans,0.274126026,5981,437940,437999,False
YGR037C,ACB1; ACB,6.327481421,0.150757181,0,1933,4,621613,inf,trans,0.150757181,1933,613791,624555,False
YGR037C,ACB1; ACB,6.153440642,-0.931928015,0,10777,15,785154,inf,trans,0.931928015,10777,785154,785154,False
YGR037C,ACB1; ACB,5.048892532,0.269025196,0,7507,12,97159,inf,trans,0.269025196,7507,97147,97159,False
YBL015W,ACH1,10.94759351,-0.20880473,1,376,2,195759,54.0,cis,0.20880473,376,195759,204179,True
YBL015W,ACH1,9.337900012,0.18924974,0,11699,16,586993,inf,trans,0.18924974,11699,572464,593213,False
YBL015W,ACH1,8.169959757,-0.228161344,0,8468,13,66821,inf,trans,0.228161344,8468,56990,75773,False
YBL015W,ACH1,5.83905476,0.145790938,0,7974,12,567889,inf,trans,0.145790938,7974,563476,576167,False
YBL015W,ACH1,5.418664998,0.157081583,0,10195,15,179652,inf,trans,0.157081583,10195,165912,185951,False
YBL015W,ACH1,4.86683985,-0.129539338,0,6804,11,48259,inf,trans,0.129539338,6804,46848,60397,False
YBL015W,ACH1,4.706046149,-0.388366585,0,9717,14,599354,inf,trans,0.388366585,9717,599354,599354,False
YLR304C,ACO1; GLU1,16.50677963,-0.215091446,0,8106,12,737804,254.0,cis,0.215091446,8106,727931,749514,True
YLR304C,ACO1; GLU1,8.15570517,-0.296910542,0,4647,7,876941,inf,trans,0.296910542,4647,876941,876941,False
YLR304C,ACO1; GLU1,6.214032079,0.123605178,0,8222,12,879953,142403.0,trans,0.123605178,8222,879953,888202,False
YLR304C,ACO1; GLU1,5.615993588,0.11759547,1,2434,4,1172914,inf,trans,0.11759547,2434,1171385,1198548,False
YLR304C,ACO1; GLU1,5.537971758,-0.141494931,1,5808,9,287755,inf,trans,0.141494931,5808,286125,289513,False
YLR304C,ACO1; GLU1,5.199010792,0.121088521,1,4174,7,377575,inf,trans,0.121088521,4174,372094,379511,False
YLR304C,ACO1; GLU1,5.07670338,-0.192484531,1,3758,6,179345,inf,trans,0.192484531,3758,179345,179345,False
YJL200C,ACO2,8.657597878,0.373660583,0,844,2,780425,inf,trans,0.373660583,844,780425,780425,False
YJL200C,ACO2,6.433257147,0.128187469,0,7980,12,570630,inf,trans,0.128187469,7980,563476,576167,False
YJL200C,ACO2,5.756226946,-0.242916235,1,6201,10,359824,301011.0,trans,0.242916235,6201,359824,359824,False
YJL200C,ACO2,5.517083418,-0.246749162,0,4647,7,876941,inf,trans,0.246749162,4647,876941,876941,False
YJL200C,ACO2,5.276567042,0.260715635,0,8041,12,646385,inf,trans,0.260715635,8041,646385,646385,False
YJL200C,ACO2,4.603169704,0.583608825,0,8523,13,99276,inf,trans,0.583608825,8523,99276,99276,False
YJL200C,ACO2,4.600553694,-0.227645754,0,5416,8,541428,inf,trans,0.227645754,5416,541428,541428,False
YJL200C,ACO2,4.537076577,-0.106117603,0,9454,14,275245,inf,trans,0.106117603,9454,267696,288822,False
YKL192C,ACP1,8.531971661,0.218460016,1,10191,15,171671,inf,trans,0.218460016,10191,165912,184082,False
YKL192C,ACP1,7.677157434,-0.183522159,0,10055,15,36415,inf,trans,0.183522159,10055,30308,41993,False
YLR153C,ACS2,5.975295691,-0.138396676,0,10840,15,852168,inf,trans,0.138396676,10840,841052,876222,False
YLR153C,ACS2,5.50454806,0.136444139,0,6951,11,164489,inf,trans,0.136444139,6951,146291,171647,False
YLR153C,ACS2,5.371767251,0.178063165,0,7853,12,442034,3491.0,trans,0.178063165,7853,425418,443164,False
YFL039C,ACT1,7.652278095,-0.175637263,0,9799,14,645369,inf,trans,0.175637263,9799,620369,650841,False
YFL039C,ACT1,7.42758353,0.148107101,0,1305,4,71282,inf,trans,0.148107101,1305,65329,85322,False
YFL039C,ACT1,7.162505257,-0.618589653,0,7873,12,460678,inf,trans,0.618589653,7873,460678,460678,False
YFL039C,ACT1,6.751952005,0.138483351,1,3704,6,95926,41231.0,trans,0.138483351,3704,95448,95926,False
YFL039C,ACT1,6.541340215,-0.24863861,1,2443,4,1181165,inf,trans,0.24863861,2443,1171385,1198548,False
YFL039C,ACT1,6.111840706,-0.722141146,0,4215,7,414263,inf,trans,0.722141146,4215,414263,414263,False
YFL039C,ACT1,5.44817051,-0.136010735,0,6379,10,568534,inf,trans,0.136010735,6379,564317,569834,False
YFL039C,ACT1,5.247814168,-0.120177367,0,441,2,299680,inf,trans,0.120177367,441,294941,304691,False
YFL039C,ACT1,5.206732402,-0.647216399,0,3121,5,266246,inf,trans,0.647216399,3121,266246,266246,False
YFL039C,ACT1,4.9682981,0.216988778,1,4277,7,459752,inf,trans,0.216988778,4277,459752,459752,False
YFL039C,ACT1,4.571993831,0.294998528,0,4825,7,1048545,inf,trans,0.294998528,4825,1048545,1048545,False
YFL039C,ACT1,4.566598287,0.245641968,1,4648,7,876951,inf,trans,0.245641968,4648,876951,876951,False
YFL039C,ACT1,4.331044261,-0.107399399,0,10775,15,785050,inf,trans,0.107399399,10775,774372,791260,False
YFL039C,ACT1,4.274708582,-0.106553272,0,8222,12,879953,inf,trans,0.106553272,8222,879953,888202,False
YFL039C,ACT1,4.121750496,0.10992934,0,11701,16,587395,inf,trans,0.10992934,11701,574886,593213,False
YFL039C,ACT1,4.015335126,-0.407289948,0,876,2,801689,inf,trans,0.407289948,876,801689,801690,False
YFL039C,ACT1,3.964328707,0.120622382,1,9809,14,654336,inf,trans,0.120622382,9809,654230,663083,False
YFL039C,ACT1,3.844112878,0.111414517,0,6383,10,575574,inf,trans,0.111414517,6383,575574,577816,False
YOL086C,ADH1; ADC1,11.46864724,-0.194425599,1,7985,12,574586,inf,trans,0.194425599,7985,567889,586321,False
YOL086C,ADH1; ADC1,9.349107573,-0.173896002,0,7860,12,443164,inf,trans,0.173896002,7860,425418,443164,False
YOL086C,ADH1; ADC1,8.475068522,0.173477964,0,11361,16,212773,inf,trans,0.173477964,11361,199543,213411,False
YOL086C,ADH1; ADC1,7.607876051,-0.154937845,1,5807,9,286125,inf,trans,0.154937845,5807,280761,296974,False
YOL086C,ADH1; ADC1,6.457396468,0.298564653,0,8194,12,845781,inf,trans,0.298564653,8194,845781,845781,False
YOL086C,ADH1; ADC1,6.064449413,0.138063203,0,10838,15,849538,688944.0,trans,0.138063203,10838,841040,867290,False
YOL086C,ADH1; ADC1,5.790622613,-0.133374271,0,5592,9,131829,inf,trans,0.133374271,5592,112032,142542,False
YOL086C,ADH1; ADC1,5.402742142,-0.127986331,0,6948,11,158139,inf,trans,0.127986331,6948,137613,171647,False
YOL086C,ADH1; ADC1,5.239301574,-0.305307761,0,1858,4,560996,inf,trans,0.305307761,1858,560996,560996,False
YOL086C,ADH1; ADC1,5.135473199,0.134996605,0,6531,10,697010,inf,trans,0.134996605,6531,688286,700558,False
YOL086C,ADH1; ADC1,4.50818618,0.132778907,0,8446,13,43166,inf,trans,0.132778907,8446,43096,46758,False
YOL086C,ADH1; ADC1,4.480058684,0.157626268,0,2937,5,98089,inf,trans,0.157626268,2937,90716,99489,False
YOL086C,ADH1; ADC1,4.274996264,-0.112974159,0,11696,16,586856,inf,trans,0.112974159,11696,571530,593213,False
YMR083W,ADH3,10.9203199,-0.190488491,1,7985,12,574586,inf,trans,0.190488491,7985,567889,586321,False
YMR083W,ADH3,10.69214135,-0.215214345,0,10198,15,181071,inf,trans,0.215214345,10198,168199,185951,False
YMR083W,ADH3,8.293004392,-0.171833154,0,5609,9,138029,inf,trans,0.171833154,5609,125289,144955,False
YMR083W,ADH3,7.902508742,-0.160243666,0,7853,12,442034,inf,trans,0.160243666,7853,425418,443164,False
YMR083W,ADH3,7.168857282,-0.154526163,0,6941,11,153313,inf,trans,0.154526163,6941,137433,169186,False
YMR083W,ADH3,6.851359891,-0.146037373,0,2485,4,1257441,inf,trans,0.146037373,2485,1250650,1264269,False
YMR083W,ADH3,6.689414837,0.280052898,1,1005,3,92744,inf,trans,0.280052898,1005,92744,92744,False
YMR083W,ADH3,5.541827191,0.167009632,0,8473,13,70356,364431.0,trans,0.167009632,8473,56990,77330,False
YMR083W,ADH3,5.315764446,0.13656883,1,10858,15,874597,inf,trans,0.13656883,10858,859618,880507,False
YMR083W,ADH3,5.306311335,-0.133455703,0,8843,13,535701,99787.0,trans,0.133455703,8843,519684,542977,False
YMR083W,ADH3,5.045863163,0.198809899,0,10422,15,427884,inf,trans,0.198809899,10422,427884,427890,False
YMR083W,ADH3,4.935816344,-0.125842117,0,4676,7,895337,inf,trans,0.125842117,4676,885002,903446,False
YMR083W,ADH3,4.482436836,-0.115208571,0,6006,10,61545,inf,trans,0.115208571,6006,61391,68934,False
YMR083W,ADH3,4.301527573,0.113586731,0,1276,4,48267,inf,trans,0.113586731,1276,37106,56089,False
YGL256W,ADH4; ZRG5,12.93268192,-0.214396881,0,11357,16,211386,inf,trans,0.214396881,11357,199543,213411,False
YGL256W,ADH4; ZRG5,11.43717747,-0.20199264,0,11678,16,572250,inf,trans,0.20199264,11678,546787,587778,False
YGL256W,ADH4; ZRG5,6.767037903,0.306807447,0,5420,8,554022,inf,trans,0.306807447,5420,554022,554022,False
YGL256W,ADH4; ZRG5,5.804425796,-0.137062368,0,10226,15,214375,inf,trans,0.137062368,10226,203046,218248,False
YGL256W,ADH4; ZRG5,5.063221693,-0.125481585,0,10855,15,870871,inf,trans,0.125481585,10855,849407,880507,False
YGL256W,ADH4; ZRG5,4.975725065,-0.25229075,0,1784,4,520430,inf,trans,0.25229075,1784,520430,520430,False
YGL256W,ADH4; ZRG5,4.788309879,0.676997126,0,4215,7,414263,397956.0,trans,0.676997126,4215,414263,414263,False
YGL256W,ADH4; ZRG5,4.593227979,0.120261416,0,5223,8,375406,inf,trans,0.120261416,5223,369658,378565,False
YBR145W,ADH5,8.915083475,-0.189644397,0,5598,9,136172,inf,trans,0.189644397,5598,114834,144955,False
YBR145W,ADH5,8.330408941,-0.177303621,1,8973,13,653186,inf,trans,0.177303621,8973,639293,665524,False
YBR145W,ADH5,6.357997211,-0.152039085,0,9837,14,704255,inf,trans,0.152039085,9837,704255,704301,False
YBR145W,ADH5,5.797625637,0.144714654,0,4295,7,477678,inf,trans,0.144714654,4295,469647,492815,False
YBR145W,ADH5,5.776332864,-0.283416191,0,11565,16,425229,inf,trans,0.283416191,11565,425229,425229,False
YBR145W,ADH5,5.552571563,0.185670771,0,8457,13,55098,inf,trans,0.185670771,8457,55098,65881,False
YBR145W,ADH5,5.229172499,-0.511988625,1,3853,6,270112,inf,trans,0.511988625,3853,270112,270112,False
YBR145W,ADH5,5.187257148,-0.143119734,0,7855,12,442798,inf,trans,0.143119734,7855,430049,443164,False
YBR145W,ADH5,5.182787276,-0.155654093,0,10198,15,181071,inf,trans,0.155654093,10198,168199,185951,False
YBR145W,ADH5,4.589585406,0.126880237,1,7184,11,417049,inf,trans,0.126880237,7184,404841,428422,False
YBR145W,ADH5,4.426898997,0.123128031,1,4996,8,144671,inf,trans,0.123128031,4996,143451,144671,False
YBR145W,ADH5,4.293239615,0.12322423,1,3707,6,98707,inf,trans,0.12322423,3707,98707,98707,False
YMR318C,ADH6,33.03891267,0.324712062,1,11683,16,575622,inf,trans,0.324712062,11683,554350,590624,False
YMR318C,ADH6,18.94026731,0.274072072,1,10197,15,180978,inf,trans,0.274072072,10197,168199,185951,False
YMR318C,ADH6,10.49291155,-0.233528685,0,8460,13,58847,852212.0,trans,0.233528685,8460,55098,73225,False
YMR318C,ADH6,8.488773225,0.150917926,1,5615,9,142542,inf,trans,0.150917926,5615,131829,155581,False
YMR318C,ADH6,7.860241526,0.192770791,1,4964,8,117153,inf,trans,0.192770791,4964,96286,120385,False
YMR318C,ADH6,7.655758645,0.141687241,0,5322,8,458435,inf,trans,0.141687241,5322,448047,461438,False
YMR318C,ADH6,7.060168115,-0.275790199,0,1784,4,520430,inf,trans,0.275790199,1784,520430,520430,False
YMR318C,ADH6,6.68613337,0.145331212,0,2450,4,1191935,inf,trans,0.145331212,2450,1171385,1219676,False
YMR318C,ADH6,6.47472034,0.13336797,0,7857,12,442845,inf,trans,0.13336797,7857,430049,443164,False
YMR318C,ADH6,6.347392562,-0.306874626,0,9752,14,604387,inf,trans,0.306874626,9752,604387,604387,False
YMR318C,ADH6,6.330896359,0.131038461,1,9256,13,914897,2756.0,trans,0.131038461,9256,902532,914897,False
YMR318C,ADH6,5.983000195,-0.140842989,1,3477,5,564252,inf,trans,0.140842989,3477,563148,564968,False
YMR318C,ADH6,5.955263731,-0.124260418,0,1187,3,285659,inf,trans,0.124260418,1187,267625,297295,False
YMR318C,ADH6,5.684598707,0.119527135,0,1952,4,638340,inf,trans,0.119527135,1952,631409,645245,False
YMR318C,ADH6,5.425557462,-0.268056867,1,4096,7,307181,inf,trans,0.268056867,4096,307179,307209,False
YMR318C,ADH6,5.361326753,0.124387367,0,12045,17,51098,inf,trans,0.124387367,12045,51098,51098,False
YMR318C,ADH6,5.278650478,-0.114528979,0,3868,7,14747,inf,trans,0.114528979,3868,595,23383,False
YMR318C,ADH6,5.169105848,-0.125642719,0,2425,4,1162000,inf,trans,0.125642719,2425,1149030,1166231,False
YMR318C,ADH6,5.013432608,-0.160391553,1,4934,8,92580,inf,trans,0.160391553,4934,78664,100031,False
YMR318C,ADH6,4.611280951,0.107424982,0,7974,12,567889,inf,trans,0.107424982,7974,563476,576167,False
YMR318C,ADH6,4.500362776,0.113726326,1,650,2,541028,inf,trans,0.113726326,650,541028,541028,False
YMR318C,ADH6,4.410514897,0.104104839,0,6198,10,347536,inf,trans,0.104104839,6198,336613,349573,False
YMR318C,ADH6,4.217230444,-0.237601294,0,232,2,59755,inf,trans,0.237601294,232,59755,59755,False
YMR318C,ADH6,4.130365895,0.110501805,1,9390,14,187639,inf,trans,0.110501805,9390,184703,194811,False
YMR318C,ADH6,4.089671344,-0.153665981,1,4743,7,968722,inf,trans,0.153665981,4743,968722,968722,False
YJR105W,ADO1,8.849057089,0.266992287,1,2483,4,1256509,inf,trans,0.266992287,2483,1248530,1264269,False
YJR105W,ADO1,7.017756567,-0.163018739,0,11361,16,212773,inf,trans,0.163018739,11361,199543,213411,False
YJR105W,ADO1,6.80480364,0.159344933,0,5617,9,144699,inf,trans,0.159344933,5617,132718,158904,False
YJR105W,ADO1,5.615361216,0.379999389,0,6222,10,386341,237232.0,trans,0.379999389,6222,386341,386341,False
YJR105W,ADO1,5.591599352,0.148395754,0,7883,12,498728,inf,trans,0.148395754,7883,449482,506655,False
YJR105W,ADO1,5.181001264,-0.155320148,1,3489,5,564397,inf,trans,0.155320148,3489,563452,565289,False
YJR105W,ADO1,4.744362901,0.130359829,0,4617,7,865950,inf,trans,0.130359829,4617,853046,885002,False
YMR056C,AAC1,15.64655675,0.250088033,1,10191,15,171671,inf,trans,0.250088033,10191,165912,184082,False
YMR056C,AAC1,11.35933694,0.184712413,1,11677,16,571530,inf,trans,0.184712413,11677,544393,587778,False
YMR056C,AAC1,10.29686015,0.480522785,1,7860,12,443164,inf,trans,0.480522785,7860,425418,443164,False
YMR056C,AAC1,7.439318547,-0.149984603,1,341,2,164166,inf,trans,0.149984603,341,161229,169651,False
YMR056C,AAC1,7.139080655,-0.194452721,0,8458,13,56990,330324.0,trans,0.194452721,8458,55098,73225,False
YMR056C,AAC1,6.927969878,0.145349479,0,5609,9,138029,inf,trans,0.145349479,5609,125289,144955,False
YMR056C,AAC1,6.20227931,0.131460447,0,8016,12,609627,inf,trans,0.131460447,8016,604413,609627,False
YMR056C,AAC1,6.116002531,-0.360785244,1,7847,12,440640,inf,trans,0.360785244,7847,425418,443164,False
YMR056C,AAC1,6.073379632,0.139338494,0,642,2,523217,inf,trans,0.139338494,642,505207,530047,False
YMR056C,AAC1,5.866823923,-0.130591652,0,1855,4,558812,inf,trans,0.130591652,1855,553181,571075,False
YMR056C,AAC1,4.416951521,0.222680528,0,158,1,187697,inf,trans,0.222680528,158,187697,187697,False
YBL030C,PET9; AAC2,15.73193077,0.242313159,0,10191,15,171671,inf,trans,0.242313159,10191,165912,184082,False
YBL030C,PET9; AAC2,13.56496423,0.194367795,0,5610,9,138636,inf,trans,0.194367795,5610,125289,144955,False
YBL030C,PET9; AAC2,8.191546609,0.146576472,0,2483,4,1256509,inf,trans,0.146576472,2483,1248530,1264269,False
YBL030C,PET9; AAC2,7.704652577,0.143797261,0,11687,16,578941,inf,trans,0.143797261,11687,571530,591786,False
YBL030C,PET9; AAC2,7.274378414,0.137658831,1,7985,12,574586,inf,trans,0.137658831,7985,567889,586321,False
YBL030C,PET9; AAC2,6.698482763,-0.180932488,0,8458,13,56990,inf,trans,0.180932488,8458,55098,73225,False
YBL030C,PET9; AAC2,6.464964459,0.130703335,0,7438,12,25742,inf,trans,0.130703335,7438,17131,37884,False
YBL030C,PET9; AAC2,6.457898372,-0.139054981,0,8668,13,331755,inf,trans,0.139054981,8668,329611,333904,False
YBL030C,PET9; AAC2,6.072411884,0.130645681,0,625,2,500276,336276.0,trans,0.130645681,625,495558,510140,False
YBL030C,PET9; AAC2,5.897030396,-0.122763617,1,2276,4,959283,inf,trans,0.122763617,2276,956734,980835,False
YBL030C,PET9; AAC2,5.866439876,-0.420261008,0,6629,11,5087,inf,trans,0.420261008,6629,2733,12089,False
YBL030C,PET9; AAC2,5.852356413,-0.124947416,0,342,2,165270,1270.0,trans,0.124947416,342,161229,171254,False
YBL030C,PET9; AAC2,5.206933867,0.248877871,1,4648,7,876951,inf,trans,0.248877871,4648,876951,876951,False
YBL030C,PET9; AAC2,5.200009321,0.114478232,0,6007,10,61708,inf,trans,0.114478232,6007,61391,68934,False
YBL030C,PET9; AAC2,4.931848904,-0.112466544,0,2848,5,33814,inf,trans,0.112466544,2848,30505,38677,False
YBL030C,PET9; AAC2,4.674187863,0.109805006,0,6941,11,153313,inf,trans,0.109805006,6941,137433,169186,False
YBL030C,PET9; AAC2,4.209804904,-0.64525357,0,10777,15,785154,inf,trans,0.64525357,10777,785154,785154,False
YBL030C,PET9; AAC2,4.133256465,0.103189535,0,7851,12,441632,inf,trans,0.103189535,7851,425418,443164,False
YBL030C,PET9; AAC2,3.948298417,-0.191331265,0,3386,5,561692,inf,trans,0.191331265,3386,554104,563372,False
YBL030C,PET9; AAC2,3.862079688,0.333696404,0,6657,11,8720,inf,trans,0.333696404,6657,2737,14569,False
YBL030C,PET9; AAC2,3.853609847,-0.096081815,0,9802,14,648789,inf,trans,0.096081815,9802,625901,650841,False
YBL030C,PET9; AAC2,3.81296491,-0.222971712,0,8041,12,646385,inf,trans,0.222971712,8041,646385,646385,False
YBR085W,AAC3,12.67878555,0.20541331,0,5611,9,138792,inf,trans,0.20541331,5611,122617,144955,False
YBR085W,AAC3,10.58373066,0.214082514,1,10191,15,171671,inf,trans,0.214082514,10191,165912,184082,False
YBR085W,AAC3,9.224437426,0.481402309,1,7860,12,443164,inf,trans,0.481402309,7860,425418,443164,False
YBR085W,AAC3,7.502804443,0.187683659,0,11677,16,571530,inf,trans,0.187683659,11677,544393,587778,False
YBR085W,AAC3,6.150252331,-0.1431192,1,343,2,165675,250302.0,trans,0.1431192,343,161229,171254,False
YBR085W,AAC3,6.028245089,-0.267215785,0,11652,16,535809,inf,trans,0.267215785,11652,532338,561420,False
YBR085W,AAC3,5.867405404,-0.176697388,0,8466,13,65881,inf,trans,0.176697388,8466,55098,75198,False
YBR085W,AAC3,5.273675078,-0.353524213,1,7847,12,440640,inf,trans,0.353524213,7847,425418,443164,False
YBR085W,AAC3,4.729911771,0.124515802,0,635,2,510140,93240.0,trans,0.124515802,635,498324,524731,False
YBR085W,AAC3,4.619365947,0.117630169,0,5190,8,345499,inf,trans,0.117630169,5190,342706,360938,False
YBR085W,AAC3,4.401228827,-0.147829721,0,7127,11,358455,inf,trans,0.147829721,7127,356064,362171,False
YEL058W,PCM1; AGM1,9.818551602,-0.212074773,1,11680,16,572345,inf,trans,0.212074773,11680,572345,572345,False
YEL058W,PCM1; AGM1,5.993454067,-0.183047329,0,10192,15,172074,inf,trans,0.183047329,10192,165912,184082,False
YDR214W,AHA1,12.4610075,-0.221546807,0,1279,4,49408,843464.0,trans,0.221546807,1279,37106,60460,False
YDR214W,AHA1,7.346699374,-0.310678362,1,2057,4,747529,145343.0,trans,0.310678362,2057,747523,747529,False
YDR214W,AHA1,6.693035323,-0.602471781,0,3389,5,561746,inf,trans,0.602471781,3389,555454,563372,False
YDR214W,AHA1,5.833785532,0.146575641,0,2198,4,892444,428.0,cis,0.146575641,2198,863802,896785,True
YDR214W,AHA1,5.667863762,0.145618982,0,1922,4,608349,284523.0,trans,0.145618982,1922,597710,614738,False
YLR109W,AHP1,6.166921506,0.447937144,0,7031,11,231612,inf,trans,0.447937144,7031,231612,231612,False
YLR109W,AHP1,5.912719296,0.320245635,0,4647,7,876941,inf,trans,0.320245635,4647,876941,876941,False
YLR109W,AHP1,5.909040228,-0.959082744,0,10777,15,785154,inf,trans,0.959082744,10777,785154,785154,False
YLR109W,AHP1,5.001381084,-0.318742102,0,9265,14,6946,inf,trans,0.318742102,9265,6941,6946,False
YAL049C,AIM2,13.78770378,0.264500727,0,10191,15,171671,inf,trans,0.264500727,10191,165912,184082,False
YAL049C,AIM2,7.17490721,0.206974376,0,11699,16,586993,inf,trans,0.206974376,11699,572464,593213,False
YAL049C,AIM2,6.277064282,-0.377178453,0,1676,4,383923,inf,trans,0.377178453,1676,383923,383923,False
YAL049C,AIM2,5.388989685,-0.189414292,0,8463,13,61764,inf,trans,0.189414292,8463,55098,75198,False
YAL049C,AIM2,4.99488254,-0.215310608,0,10438,15,448815,inf,trans,0.215310608,10438,448815,448820,False
YDR063W,AIM7,21.64073238,0.300314432,0,1883,4,578512,149.0,cis,0.300314432,1883,563928,591983,True
YDR063W,AIM7,7.394274491,0.869680179,0,3121,5,266246,inf,trans,0.869680179,3121,266246,266246,False
YDR063W,AIM7,6.849529019,0.350207586,0,896,3,757,inf,trans,0.350207586,896,757,757,False
YDR063W,AIM7,6.416635493,1.067571777,0,10777,15,785154,inf,trans,1.067571777,10777,785154,785154,False
YDR063W,AIM7,6.398539539,-0.145823033,1,1329,4,86904,491757.0,trans,0.145823033,1329,76499,92317,False
YDR063W,AIM7,6.339515711,0.383038388,0,3856,6,270132,inf,trans,0.383038388,3856,270132,270132,False
YDR063W,AIM7,6.079025132,-0.509738721,0,8582,13,179719,inf,trans,0.509738721,8582,179719,179719,False
YDR063W,AIM7,5.908648214,-0.307470155,0,10891,15,911748,inf,trans,0.307470155,10891,911748,911748,False
YDR063W,AIM7,5.007117832,0.504303806,0,876,2,801689,inf,trans,0.504303806,876,801689,801690,False
YDR063W,AIM7,4.369798678,-0.34326072,0,196,2,9418,inf,trans,0.34326072,196,9418,9418,False
YDR063W,AIM7,4.339992856,0.446432346,0,993,3,84800,inf,trans,0.446432346,993,84800,84800,False
YDR063W,AIM7,4.312863115,0.301640619,0,844,2,780425,inf,trans,0.301640619,844,780425,780425,False
YDR063W,AIM7,4.242347699,-0.843071761,0,4567,7,794535,inf,trans,0.843071761,4567,794535,794535,False
YDR063W,AIM7,4.019877456,0.315689281,0,4207,7,412630,inf,trans,0.315689281,4207,412630,412630,False
YMR092C,AIP1,6.760971983,0.191728811,0,10189,15,170944,inf,trans,0.191728811,10189,165912,184082,False
YER052C,HOM3,15.54761514,-0.288521282,1,10191,15,171671,inf,trans,0.288521282,10191,165912,184082,False
YER052C,HOM3,13.82748001,-0.214358054,1,11686,16,576969,inf,trans,0.214358054,11686,571530,591786,False
YER052C,HOM3,11.76460984,-0.199061521,0,5612,9,139216,inf,trans,0.199061521,5612,125289,144955,False
YER052C,HOM3,7.364844182,-0.151309558,0,8303,12,961463,inf,trans,0.151309558,8303,956127,976001,False
YER052C,HOM3,6.488124347,-0.141972646,0,8115,12,754859,inf,trans,0.141972646,8115,732854,761323,False
YER052C,HOM3,6.479742506,-0.474231272,0,7936,12,547680,inf,trans,0.474231272,7936,547680,547680,False
YER052C,HOM3,6.240494606,0.143163172,1,8670,13,333904,inf,trans,0.143163172,8670,329611,338431,False
YER052C,HOM3,5.671338115,0.13099997,0,11847,16,745885,inf,trans,0.13099997,11847,730557,757660,False
YER052C,HOM3,5.649880193,-0.130641337,0,1966,4,664414,inf,trans,0.130641337,1966,657631,677658,False
YER052C,HOM3,5.265600436,0.124698191,0,2044,4,736459,inf,trans,0.124698191,2044,719215,749708,False
YER052C,HOM3,5.059024263,-0.125129499,0,10991,15,1012745,inf,trans,0.125129499,10991,1010191,1018776,False
YER052C,HOM3,4.974738897,0.120374924,0,1533,4,271787,inf,trans,0.120374924,1533,265022,279037,False
YER052C,HOM3,4.888907612,0.119304043,0,9860,14,713668,inf,trans,0.119304043,9860,708456,719403,False
YER052C,HOM3,4.47951266,-0.122932425,0,637,2,517869,inf,trans,0.122932425,637,505207,530047,False
YER052C,HOM3,4.343833979,-0.110701993,0,7030,11,230092,inf,trans,0.110701993,7030,220819,230092,False
YER052C,HOM3,3.879718677,-0.106104586,0,8634,13,268600,inf,trans,0.106104586,8634,247407,283371,False
YER052C,HOM3,3.87798334,0.154392435,0,5647,9,177464,inf,trans,0.154392435,5647,177464,177464,False
YER052C,HOM3,3.813502456,-0.1176222,1,10177,15,160429,inf,trans,0.1176222,10177,158171,160644,False
YLR089C,ALT1,8.705526571,-0.821517573,0,7873,12,460678,140662.0,trans,0.821517573,7873,460678,460678,False
YLR089C,ALT1,7.322746631,-0.183108956,1,10914,15,944458,inf,trans,0.183108956,10914,944458,944458,False
YLR089C,ALT1,7.058321964,-0.205159739,0,8506,13,87424,inf,trans,0.205159739,8506,78550,94497,False
YOR374W,ALD4,31.96777348,0.283429643,1,11680,16,572345,inf,trans,0.283429643,11680,572345,572345,False
YOR374W,ALD4,22.19194976,-0.227683611,0,11013,15,1039786,52.0,cis,0.227683611,11013,1039474,1041240,True
YOR374W,ALD4,15.41764343,0.19674847,0,6482,10,662679,inf,trans,0.19674847,6482,653026,667117,False
YOR374W,ALD4,13.54121708,0.342071885,1,10191,15,171671,868167.0,trans,0.342071885,10191,165912,184082,False
YOR374W,ALD4,13.52098269,0.187114686,0,642,2,523217,inf,trans,0.187114686,642,505207,530047,False
YOR374W,ALD4,12.99057422,-0.232196623,0,8462,13,60048,inf,trans,0.232196623,8462,55098,75198,False
YOR374W,ALD4,10.94929458,0.157844797,0,3669,6,71471,inf,trans,0.157844797,3669,62743,74913,False
YOR374W,ALD4,9.435865001,-0.213773513,1,2848,5,33814,inf,trans,0.213773513,2848,30505,38677,False
YOR374W,ALD4,7.855915207,0.133218115,0,5598,9,136172,inf,trans,0.133218115,5598,114834,144955,False
YOR374W,ALD4,6.392394032,0.116333238,1,8107,12,738039,inf,trans,0.116333238,8107,727931,749514,False
YOR374W,ALD4,5.660670312,-0.113404711,0,7540,12,130128,inf,trans,0.113404711,7540,126688,144481,False
YOR374W,ALD4,5.416286646,0.170019601,0,2856,5,37398,inf,trans,0.170019601,2856,33720,41075,False
YOR374W,ALD4,5.305802886,-0.102825299,0,2557,4,1345539,inf,trans,0.102825299,2557,1337043,1367398,False
YOR374W,ALD4,4.998082673,0.0993407,0,7900,12,506655,inf,trans,0.0993407,7900,493255,510268,False
YOR374W,ALD4,4.938516813,-0.122618799,1,8214,12,872449,inf,trans,0.122618799,8214,863920,876059,False
YOR374W,ALD4,4.741974353,0.189991793,1,10193,15,172102,867736.0,trans,0.189991793,10193,165912,184082,False
YOR374W,ALD4,4.459676901,0.095498595,0,8287,12,948003,inf,trans,0.095498595,8287,930981,950296,False
YOR374W,ALD4,4.076403062,0.090583032,0,1898,4,590984,inf,trans,0.090583032,1898,574801,597710,False
YOR374W,ALD4,3.996809472,-0.173679399,0,5068,8,194578,inf,trans,0.173679399,5068,191947,204670,False
YOR374W,ALD4,3.857196775,-0.089313047,1,1189,3,286440,inf,trans,0.089313047,1189,273446,297295,False
YOR374W,ALD4,3.743065128,-0.083657767,0,9760,14,613306,inf,trans,0.083657767,9760,602396,641214,False
YER073W,ALD5,16.766586,-0.292226703,1,11680,16,572345,inf,trans,0.292226703,11680,572345,572345,False
YER073W,ALD5,11.35033166,-0.222023471,0,10197,15,180978,inf,trans,0.222023471,10197,168199,185951,False
YER073W,ALD5,6.383445145,0.143435612,1,4270,7,449305,inf,trans,0.143435612,4270,446235,449489,False
YER073W,ALD5,4.96347995,0.293044554,0,1908,4,593354,inf,trans,0.293044554,1908,593354,593354,False
YER073W,ALD5,4.77023239,-0.238587967,0,3380,5,561555,255966.0,trans,0.238587967,3380,558324,563299,False
YER073W,ALD5,4.526206575,0.119358688,0,769,2,699889,inf,trans,0.119358688,769,682239,701195,False
YER073W,ALD5,4.514591085,0.255078096,0,6013,10,75599,inf,trans,0.255078096,6013,75599,75599,False
YPL061W,ALD6; ALDH1,19.40678823,-0.255165485,0,11689,16,579790,145703.0,trans,0.255165485,11689,554350,591786,False
YPL061W,ALD6; ALDH1,10.35013297,-0.200544254,0,8507,13,88311,inf,trans,0.200544254,8507,80145,94497,False
YPL061W,ALD6; ALDH1,7.932705204,0.151890183,0,6893,11,118012,inf,trans,0.151890183,6893,102671,125700,False
YPL061W,ALD6; ALDH1,7.170703109,0.143895966,1,11016,15,1043302,inf,trans,0.143895966,11016,1041151,1045703,False
YPL061W,ALD6; ALDH1,6.441294642,-0.164486906,1,5808,9,287755,inf,trans,0.164486906,5808,286125,289513,False
YPL061W,ALD6; ALDH1,5.674848075,-0.126084366,0,4541,7,767102,inf,trans,0.126084366,4541,751217,776465,False
YPL061W,ALD6; ALDH1,5.411411778,-0.122763027,0,1286,4,55290,inf,trans,0.122763027,1286,48267,62324,False
YPL061W,ALD6; ALDH1,5.355638078,-0.12179678,0,11559,16,416016,16569.0,trans,0.12179678,11559,385700,423981,False
YPL061W,ALD6; ALDH1,5.34830874,0.148793498,0,7215,11,446795,inf,trans,0.148793498,7215,436668,452711,False
YPL061W,ALD6; ALDH1,4.609496648,0.790903558,0,6839,11,64101,inf,trans,0.790903558,6839,64101,64101,False
YPL061W,ALD6; ALDH1,4.47766632,-0.11077007,0,663,2,556553,inf,trans,0.11077007,663,552681,567339,False
YPL061W,ALD6; ALDH1,4.314601936,0.110159532,0,10602,15,640881,inf,trans,0.110159532,10602,629119,653775,False
YPL061W,ALD6; ALDH1,4.283817578,0.137346195,0,7422,12,13781,inf,trans,0.137346195,7422,13769,21837,False
YPL061W,ALD6; ALDH1,4.01536088,0.133419559,0,2976,5,124644,inf,trans,0.133419559,2976,124644,132221,False
YIR032C,DAL3,7.532452872,-0.38064821,0,4,1,1470,inf,trans,0.38064821,4,1470,1470,False
YIR032C,DAL3,6.248724931,1.025517546,0,4215,7,414263,inf,trans,1.025517546,4215,414263,414263,False
YML086C,ALO1,6.352795785,0.166723487,1,1389,4,143484,inf,trans,0.166723487,1389,132281,156963,False
YML086C,ALO1,5.814084334,-0.157667698,0,11017,15,1044946,inf,trans,0.157667698,11017,1043302,1062700,False
YKL103C,APE1,8.28569182,0.183689881,0,10180,15,166369,inf,trans,0.183689881,10180,165912,179652,False
YKL103C,APE1,6.242605135,-0.17198681,0,8218,12,873682,inf,trans,0.17198681,8218,872449,874900,False
YKL103C,APE1,5.600643912,-0.158247795,0,912,3,4582,inf,trans,0.158247795,912,2644,5784,False
YKL103C,APE1,5.182900094,0.257178462,1,4564,7,793891,inf,trans,0.257178462,4564,793891,793891,False
YKL103C,APE1,5.061457684,-0.415614194,0,10844,15,860902,inf,trans,0.415614194,10844,860902,860902,False
YKL103C,APE1,4.439772313,0.116006571,0,3667,6,66460,inf,trans,0.116006571,3667,62743,74406,False
YCL050C,APA1; DTP,6.725216674,0.201283395,0,8469,13,67103,inf,trans,0.201283395,8469,56990,75558,False
YCL050C,APA1; DTP,6.349682255,0.151823231,0,1088,3,197297,158496.0,trans,0.151823231,1088,186935,204903,False
YCL050C,APA1; DTP,5.454769505,-0.138376903,0,5611,9,138792,inf,trans,0.138376903,5611,122617,144955,False
YCL050C,APA1; DTP,5.016628554,0.133517111,0,8817,13,510249,inf,trans,0.133517111,8817,503363,513217,False
YKL157W,APE2; LAP1,8.297056389,0.156043606,0,6948,11,158139,0.0,cis,0.156043606,6948,137613,171647,True
YKL157W,APE2; LAP1,5.308306509,-0.120686969,0,10849,15,864150,inf,trans,0.120686969,10849,846356,880507,False
YKL157W,APE2; LAP1,5.250820338,-0.145974024,1,906,3,2644,inf,trans,0.145974024,906,1349,5784,False
YKL157W,APE2; LAP1,5.224225294,-0.201284307,1,7032,11,234032,75846.0,trans,0.201284307,7032,234032,234032,False
YKL157W,APE2; LAP1,5.029237646,0.13645034,0,8422,13,13991,inf,trans,0.13645034,8422,11305,14024,False
YKL157W,APE2; LAP1,4.877467135,0.116805623,0,3667,6,66460,inf,trans,0.116805623,3667,62743,74406,False
YBR286W,APE3,54.56108912,0.471064446,1,10192,15,172074,inf,trans,0.471064446,10192,165912,184082,False
YBR286W,APE3,28.60535219,0.286179182,1,11684,16,576040,inf,trans,0.286179182,11684,571530,591786,False
YBR286W,APE3,11.68218608,0.172411017,1,6482,10,662679,inf,trans,0.172411017,6482,653026,667117,False
YBR286W,APE3,10.31337408,0.164192125,1,3677,6,75397,inf,trans,0.164192125,3677,73433,75397,False
YBR286W,APE3,8.795312274,0.159019716,0,643,2,524731,249965.0,trans,0.159019716,643,507274,530047,False
YBR286W,APE3,8.789783092,-0.309608833,1,7845,12,440342,inf,trans,0.309608833,7845,430049,443164,False
YBR286W,APE3,7.331265065,0.13780042,1,8110,12,745735,inf,trans,0.13780042,8110,732202,754859,False
YBR286W,APE3,6.744199415,0.129595247,0,1761,4,480076,inf,trans,0.129595247,1761,450801,504419,False
YBR286W,APE3,6.125548529,0.120657516,0,1271,4,43687,inf,trans,0.120657516,1271,37106,52141,False
YBR286W,APE3,5.812276974,0.235205379,0,3447,5,563607,inf,trans,0.235205379,3447,561915,564485,False
YBR286W,APE3,5.725801333,-0.136434468,0,9259,14,6912,inf,trans,0.136434468,9259,6906,6914,False
YBR286W,APE3,5.635004255,-0.254661955,0,8917,13,588618,inf,trans,0.254661955,8917,588618,588618,False
YBR286W,APE3,5.498315132,0.133695999,0,8445,13,43096,inf,trans,0.133695999,8445,43096,46758,False
YBR286W,APE3,5.341514708,0.113297934,1,8306,12,968660,inf,trans,0.113297934,8306,956127,987293,False
YBR286W,APE3,4.837073767,0.220162352,0,7855,12,442798,inf,trans,0.220162352,7855,430049,443164,False
YBR286W,APE3,4.742373637,-0.222798968,0,1784,4,520430,inf,trans,0.222798968,1784,520430,520430,False
YBR286W,APE3,4.33978896,-0.098831424,0,2586,4,1383768,inf,trans,0.098831424,2586,1363156,1392187,False
YBR286W,APE3,4.061207638,-0.245353907,0,844,2,780425,4116.0,trans,0.245353907,844,780425,780425,False
YBR286W,APE3,4.045023939,0.114216126,0,8501,13,81072,inf,trans,0.114216126,8501,73225,92384,False
YBR286W,APE3,3.994558403,-0.13721339,1,6095,10,197405,inf,trans,0.13721339,6095,197405,197405,False
YBR286W,APE3,3.724586284,0.095230565,0,4382,7,605966,inf,trans,0.095230565,4382,592970,609851,False
YBR286W,APE3,3.706375982,-0.118135482,0,8228,12,888655,inf,trans,0.118135482,8228,885953,888738,False
YBR286W,APE3,3.676527616,0.091081847,0,8928,13,601449,inf,trans,0.091081847,8928,600543,618430,False
YBR286W,APE3,3.642048357,0.19649888,0,896,3,757,inf,trans,0.19649888,896,757,757,False
YBR286W,APE3,3.618885326,-0.095682894,0,2440,4,1176138,inf,trans,0.095682894,2440,1171385,1191935,False
YBR286W,APE3,3.520838576,-0.08971182,0,4109,7,321749,inf,trans,0.08971182,4109,315634,334340,False
YML022W,APT1,7.942290618,0.453508791,0,261,2,84412,inf,trans,0.453508791,261,84412,84412,False
YML022W,APT1,7.236254442,-0.296275143,0,1002,3,92556,inf,trans,0.296275143,1002,79867,96560,False
YML022W,APT1,6.180745796,-0.319163888,0,3297,5,522970,inf,trans,0.319163888,3297,522970,522970,False
YML022W,APT1,5.402713914,0.148007741,0,8801,13,499228,269728.0,trans,0.148007741,8801,492500,506332,False
YML022W,APT1,5.13726659,0.430426327,0,5430,8,556173,inf,trans,0.430426327,5430,556173,556173,False
YML022W,APT1,4.829261271,-0.430694673,0,10026,15,25217,inf,trans,0.430694673,10026,25217,25217,False
YML022W,APT1,4.754436194,-0.130807974,0,5483,9,68615,inf,trans,0.130807974,5483,57000,73076,False
YBR149W,ARA1,30.9414605,0.385245092,0,10189,15,170944,inf,trans,0.385245092,10189,165912,184082,False
YBR149W,ARA1,11.60629385,0.201661862,0,11686,16,576969,inf,trans,0.201661862,11686,571530,591786,False
YBR149W,ARA1,6.800664776,0.20187259,1,3777,6,201882,inf,trans,0.20187259,3777,199005,203342,False
YBR149W,ARA1,6.668470791,0.307054143,0,4647,7,876941,inf,trans,0.307054143,4647,876941,876941,False
YER036C,ARB1,13.2464307,-0.237611852,0,3069,5,225501,303.0,cis,0.237611852,3069,217294,234669,True
YER036C,ARB1,6.155435916,0.395733555,0,4207,7,412630,inf,trans,0.395733555,4207,412630,412630,False
YER036C,ARB1,5.74733838,-0.282771616,1,2336,4,1022771,inf,trans,0.282771616,2336,1013362,1036857,False
YER036C,ARB1,5.124938641,0.13678287,0,11341,16,195879,inf,trans,0.13678287,11341,179596,199543,False
YGL105W,ARC1; G4P1,9.063294927,-0.438650646,0,8525,13,99287,inf,trans,0.438650646,8525,99287,99287,False
YGL105W,ARC1; G4P1,7.865839523,0.247416413,1,8489,13,80145,inf,trans,0.247416413,8489,71887,91960,False
YGL105W,ARC1; G4P1,6.102020157,0.911665417,0,10777,15,785154,inf,trans,0.911665417,10777,785154,785154,False
YGL105W,ARC1; G4P1,5.580568273,-0.40018516,0,7031,11,231612,inf,trans,0.40018516,7031,231612,231612,False
YER069W,"ARG5,6",11.47381981,-0.237183945,0,10191,15,171671,inf,trans,0.237183945,10191,165912,184082,False
YER069W,"ARG5,6",9.237229741,0.234717366,0,8476,13,72027,inf,trans,0.234717366,8476,56990,78550,False
YER069W,"ARG5,6",7.175112209,-0.161810283,0,8685,13,350144,inf,trans,0.161810283,8685,345749,365504,False
YER069W,"ARG5,6",7.150125732,0.328969352,1,1776,4,498734,inf,trans,0.328969352,1776,472918,512749,False
YER069W,"ARG5,6",6.494222627,-0.154998502,1,1916,4,598800,inf,trans,0.154998502,1916,592839,609905,False
YER069W,"ARG5,6",5.7311851,0.139690579,0,3044,5,215862,79546.0,trans,0.139690579,3044,210350,225569,False
YER069W,"ARG5,6",5.687289332,-0.140349477,1,6847,11,69070,inf,trans,0.140349477,6847,56052,71811,False
YER069W,"ARG5,6",5.607303126,-0.140791168,0,11354,16,209279,inf,trans,0.140791168,11354,197237,213411,False
YER069W,"ARG5,6",5.046737982,-0.132821002,0,1147,3,251255,inf,trans,0.132821002,1147,248454,259020,False
YER069W,"ARG5,6",4.649976815,0.285853412,0,1211,3,292718,inf,trans,0.285853412,1211,292718,292718,False
YER069W,"ARG5,6",4.599967112,-0.123929558,1,1328,4,86424,inf,trans,0.123929558,1328,74160,92317,False
YER069W,"ARG5,6",4.408716155,-0.122787287,0,11532,16,374664,inf,trans,0.122787287,11532,370944,382997,False
YER069W,"ARG5,6",4.197737044,-0.117603511,0,394,2,210102,inf,trans,0.117603511,394,198110,215016,False
YOL140W,ARG8,53.10209552,-0.464248536,1,10073,15,58935,0.0,cis,0.464248536,10073,51177,66855,True
YOL140W,ARG8,10.43988236,-0.190199484,0,8686,13,350249,inf,trans,0.190199484,8686,345749,365504,False
YOL140W,ARG8,6.098383467,-0.139377924,0,6983,11,191520,inf,trans,0.139377924,6983,179802,204491,False
YOL140W,ARG8,5.492436031,0.153873525,0,2984,5,134344,inf,trans,0.153873525,2984,125211,157488,False
YOL140W,ARG8,5.46293594,0.133878206,0,1537,4,274870,inf,trans,0.133878206,1537,274059,283830,False
YOL140W,ARG8,4.895632394,0.245554353,0,3071,5,225774,inf,trans,0.245554353,3071,225774,225774,False
YOL140W,ARG8,4.664981702,0.120267901,0,9649,14,547975,inf,trans,0.120267901,9649,543122,558289,False
YOL140W,ARG8,4.464148786,0.120686665,0,8223,12,885015,inf,trans,0.120686665,8223,879953,892506,False
YMR062C,ARG7; ECM40,16.6262372,-0.286783647,1,10194,15,173340,inf,trans,0.286783647,10194,165912,184082,False
YMR062C,ARG7; ECM40,6.44302368,0.149964393,1,11793,16,681149,inf,trans,0.149964393,11793,681149,681149,False
YMR062C,ARG7; ECM40,6.32354148,-0.1575902,0,7844,12,440337,inf,trans,0.1575902,7844,430049,443164,False
YMR062C,ARG7; ECM40,6.054560774,0.143179315,0,6722,11,17061,inf,trans,0.143179315,6722,11470,20567,False
YMR062C,ARG7; ECM40,5.540218894,-0.276102706,0,7505,12,97147,inf,trans,0.276102706,7505,97147,97159,False
YMR062C,ARG7; ECM40,5.40417772,-0.136411484,0,11718,16,601071,inf,trans,0.136411484,11718,599525,611083,False
YMR062C,ARG7; ECM40,5.242649464,-0.284196059,0,5416,8,541428,inf,trans,0.284196059,5416,541428,541428,False
YMR062C,ARG7; ECM40,4.594178285,-0.125368276,0,615,2,488757,inf,trans,0.125368276,615,479414,491316,False
YMR062C,ARG7; ECM40,4.577465614,-0.299395217,0,8525,13,99287,295766.0,trans,0.299395217,8525,99287,99287,False
YMR062C,ARG7; ECM40,4.460316674,-0.120374459,0,11623,16,505268,inf,trans,0.120374459,11623,503488,516172,False
YMR062C,ARG7; ECM40,4.368101394,0.513359429,0,7873,12,460678,inf,trans,0.513359429,7873,460678,460678,False
YMR062C,ARG7; ECM40,4.337404587,-0.120412744,0,5597,9,136134,inf,trans,0.120412744,5597,114834,144955,False
YMR062C,ARG7; ECM40,4.198250074,0.117650348,0,4596,7,833212,inf,trans,0.117650348,4596,823954,839118,False
YGL157W,ARI1,11.88150661,0.226508839,1,1221,3,299460,inf,trans,0.226508839,1221,289803,307046,False
YGL157W,ARI1,5.282817029,0.142481059,0,1378,4,135298,inf,trans,0.142481059,1378,123976,148075,False
YHR018C,ARG4,11.6866425,-0.17097691,0,4990,8,139684,320.0,cis,0.17097691,4990,124640,140065,True
YHR018C,ARG4,7.495647345,-0.154601795,0,10194,15,173340,inf,trans,0.154601795,10194,165912,184082,False
YHR018C,ARG4,6.166380932,-0.145594809,0,912,3,4582,inf,trans,0.145594809,912,2644,5784,False
YHR018C,ARG4,6.145322946,-0.119697304,1,1956,4,642192,inf,trans,0.119697304,1956,636237,645245,False
YHR018C,ARG4,6.132481237,-0.398587363,0,10844,15,860902,inf,trans,0.398587363,10844,860902,860902,False
YHR018C,ARG4,5.073259114,-0.106715813,0,5615,9,142542,inf,trans,0.106715813,5615,131829,155581,False
YHR018C,ARG4,4.812035866,-0.135041676,0,2976,5,124644,inf,trans,0.135041676,2976,124644,132221,False
YMR027W,YMR027W; YM9711.17,6.469871856,-0.381343681,0,844,2,780425,inf,trans,0.381343681,844,780425,780425,False
YDR127W,ARO1; AROM,19.13009789,0.288635769,1,7904,12,510241,inf,trans,0.288635769,7904,506655,510268,False
YDR127W,ARO1; AROM,8.986653741,-0.193521522,1,7853,12,442034,inf,trans,0.193521522,7853,425418,443164,False
YDR127W,ARO1; AROM,5.977544891,-0.142675946,0,10992,15,1014707,inf,trans,0.142675946,10992,1010191,1018776,False
YDR127W,ARO1; AROM,5.954071577,-0.161991734,0,10198,15,181071,inf,trans,0.161991734,10198,168199,185951,False
YDR127W,ARO1; AROM,4.977772613,-0.129375519,0,1973,4,668101,36380.0,trans,0.129375519,1973,657631,679624,False
YDR127W,ARO1; AROM,4.847885393,-0.129560206,1,8311,12,974822,inf,trans,0.129560206,8311,968660,987293,False
YDR127W,ARO1; AROM,4.742020681,0.125951855,0,7138,11,372538,inf,trans,0.125951855,7138,372538,382201,False
YGL202W,ARO8,9.987598322,0.192799433,0,3966,7,115759,304.0,cis,0.192799433,3966,101935,122646,True
YGL202W,ARO8,8.853207531,0.592974825,0,5430,8,556173,inf,trans,0.592974825,5430,556173,556173,False
YGL202W,ARO8,8.422973871,0.445552144,0,844,2,780425,inf,trans,0.445552144,844,780425,780425,False
YGL202W,ARO8,7.695971868,-0.365078044,0,5416,8,541428,inf,trans,0.365078044,5416,541428,541428,False
YGL202W,ARO8,7.265355524,-0.563181235,0,8582,13,179719,inf,trans,0.563181235,8582,179719,179719,False
YGL202W,ARO8,5.954997041,-0.355166017,0,4,1,1470,inf,trans,0.355166017,4,1470,1470,False
YGL202W,ARO8,5.488263557,0.889168694,0,10777,15,785154,inf,trans,0.889168694,10777,785154,785154,False
YGL202W,ARO8,4.596804404,0.234237402,1,8537,13,111799,inf,trans,0.234237402,8537,111799,111799,False
YGL202W,ARO8,4.580147643,0.124605636,0,6007,10,61708,inf,trans,0.124605636,6007,61391,68934,False
YGL148W,ARO2,11.59280384,-0.233711058,1,10191,15,171671,inf,trans,0.233711058,10191,165912,184082,False
YGL148W,ARO2,7.379089891,-0.158926116,0,5810,9,289127,inf,trans,0.158926116,5810,280761,299767,False
YGL148W,ARO2,7.245818601,0.19230268,0,1574,4,280703,inf,trans,0.19230268,1574,274059,285568,False
YGL148W,ARO2,7.031146491,-0.15555769,0,11689,16,579790,inf,trans,0.15555769,11689,554350,591786,False
YBR249C,ARO4,16.89882234,-0.256112997,1,10188,15,170682,inf,trans,0.256112997,10188,165912,184082,False
YBR249C,ARO4,9.09297401,-0.162295671,0,11686,16,576969,inf,trans,0.162295671,11686,571530,591786,False
YBR249C,ARO4,8.992863619,-0.334380959,0,4647,7,876941,inf,trans,0.334380959,4647,876941,876941,False
YBR249C,ARO4,6.416691109,-0.13164638,0,2479,4,1248530,inf,trans,0.13164638,2479,1242195,1256509,False
YBR249C,ARO4,6.269017317,0.227299636,1,11400,16,259609,inf,trans,0.227299636,11400,259609,259609,False
YBR249C,ARO4,6.168731399,-0.137857506,0,7844,12,440337,inf,trans,0.137857506,7844,430049,443164,False
YBR249C,ARO4,5.495646351,0.136699787,0,6277,10,417803,inf,trans,0.136699787,6277,410391,455828,False
YBR249C,ARO4,5.024777987,-0.114768963,0,7985,12,574586,inf,trans,0.114768963,7985,567889,586321,False
YBR249C,ARO4,4.808435156,-0.111792034,0,5618,9,144955,inf,trans,0.111792034,5618,132718,155581,False
YBR249C,ARO4,4.754183958,0.112304052,0,3984,7,140416,inf,trans,0.112304052,3984,128719,142935,False
YBR249C,ARO4,4.733190362,-0.114321415,0,793,2,718839,850.0,cis,0.114321415,793,707207,725577,True
YBR249C,ARO4,4.543709988,0.124392211,0,8446,13,43166,inf,trans,0.124392211,8446,43096,46758,False
YBR249C,ARO4,4.503390743,-0.107052579,0,3774,6,199005,inf,trans,0.107052579,3774,199005,203342,False
YBR249C,ARO4,4.369180728,-0.112858884,0,636,2,517548,199329.0,trans,0.112858884,636,505207,530047,False
YBR249C,ARO4,4.31128361,-0.325507129,1,505,2,369788,347089.0,trans,0.325507129,505,369788,369788,False
YBR249C,ARO4,4.215453565,0.10353612,0,10853,15,867290,inf,trans,0.10353612,10853,848974,880507,False
YBR249C,ARO4,4.092142272,-0.102189501,0,8133,12,783721,inf,trans,0.102189501,8133,783721,791308,False
YBR249C,ARO4,4.040398764,0.232637569,1,8041,12,646385,inf,trans,0.232637569,8041,646385,646385,False
YBR249C,ARO4,3.893324462,0.102782711,0,9794,14,642447,inf,trans,0.102782711,9794,620369,648789,False
YDL029W,ARP2; ACT2,7.527900033,-0.356226318,1,8458,13,56990,inf,trans,0.356226318,8458,55098,73225,False
YDL029W,ARP2; ACT2,6.052939109,-0.161246305,0,1066,3,168031,inf,trans,0.161246305,1066,163856,189158,False
YDL029W,ARP2; ACT2,5.029282863,0.144169792,0,5277,8,410984,inf,trans,0.144169792,5277,397561,421095,False
YDL029W,ARP2; ACT2,4.763655767,-0.237751555,0,11400,16,259609,inf,trans,0.237751555,11400,259609,259609,False
YJR065C,ARP3; ACT4,11.9646141,0.250456133,0,10180,15,166369,inf,trans,0.250456133,10180,165912,179652,False
YJR065C,ARP3; ACT4,6.515737372,-0.472825203,0,7031,11,231612,inf,trans,0.472825203,7031,231612,231612,False
YJR065C,ARP3; ACT4,5.905695484,0.148770839,1,5660,9,190020,inf,trans,0.148770839,5660,180087,201606,False
YJR065C,ARP3; ACT4,5.697193378,0.393101808,0,4207,7,412630,inf,trans,0.393101808,4207,412630,412630,False
YJR065C,ARP3; ACT4,5.030216615,0.140623513,0,4457,7,659437,inf,trans,0.140623513,4457,652017,669370,False
YJR065C,ARP3; ACT4,4.884790087,-0.14834767,0,6316,10,459184,98618.0,trans,0.14834767,6316,423286,464142,False
YNR035C,ARC35,6.23128551,-0.609665474,1,3370,5,561430,inf,trans,0.609665474,3370,553130,562873,False
YLR370C,ARC18,6.666867502,0.164752649,0,5615,9,142542,inf,trans,0.164752649,5615,131829,155581,False
YLR370C,ARC18,5.830793005,0.172841995,0,10180,15,166369,inf,trans,0.172841995,10180,165912,179652,False
YLR370C,ARC18,5.703208887,0.256937962,0,12042,17,50171,inf,trans,0.256937962,12042,50171,50171,False
YLR370C,ARC18,5.135046603,-0.14299429,0,6799,11,40753,inf,trans,0.14299429,6799,39138,47424,False
YDR101C,ARX1,11.67349244,-0.235624823,0,10198,15,181071,inf,trans,0.235624823,10198,168199,185951,False
YDR101C,ARX1,10.2591909,-0.194619953,0,11683,16,575622,inf,trans,0.194619953,11683,554350,590624,False
YDR101C,ARX1,9.431415577,-0.192110203,1,8111,12,746392,inf,trans,0.192110203,8111,732202,754859,False
YDR101C,ARX1,6.400234432,0.840896342,0,7686,12,265316,inf,trans,0.840896342,7686,265316,265316,False
YDR101C,ARX1,5.354565023,-0.133363469,0,9231,13,896327,inf,trans,0.133363469,9231,877043,907355,False
YDL197C,ASF2,9.605443378,0.788333131,0,993,3,84800,inf,trans,0.788333131,993,84800,84800,False
YDL197C,ASF2,6.856051614,0.174595422,1,10618,15,656377,inf,trans,0.174595422,10618,649242,660805,False
YPR145W,ASN1,36.61846713,-0.385912072,1,10191,15,171671,inf,trans,0.385912072,10191,165912,184082,False
YPR145W,ASN1,25.68387097,-0.275632335,1,10918,15,956308,inf,trans,0.275632335,10918,950568,964403,False
YPR145W,ASN1,11.5632987,-0.17910058,1,5565,9,105420,inf,trans,0.17910058,5565,105420,105420,False
YPR145W,ASN1,10.90237609,-0.174299886,1,11683,16,575622,246994.0,trans,0.174299886,11683,554350,590624,False
YPR145W,ASN1,9.92595127,0.162900917,1,11890,16,812990,9626.0,trans,0.162900917,11890,798666,821586,False
YPR145W,ASN1,9.29273004,-0.156566957,0,6896,11,118759,inf,trans,0.156566957,6896,104549,125700,False
YPR145W,ASN1,8.919310855,0.171944765,0,8815,13,509480,inf,trans,0.171944765,8815,500062,513217,False
YPR145W,ASN1,8.316902571,-0.149702743,0,3662,6,64449,inf,trans,0.149702743,3662,57460,73433,False
YPR145W,ASN1,8.241501977,0.407960725,1,5346,8,477804,inf,trans,0.407960725,5346,465075,481335,False
YPR145W,ASN1,6.785929659,0.135143932,1,2075,4,769779,inf,trans,0.135143932,2075,767117,784282,False
YPR145W,ASN1,6.734265107,0.132890927,0,10380,15,372209,inf,trans,0.132890927,10380,363969,382511,False
YPR145W,ASN1,6.644743701,-0.136095846,0,10728,15,758102,inf,trans,0.136095846,10728,751144,763849,False
YPR145W,ASN1,5.948197773,-0.337088975,0,5347,8,479207,inf,trans,0.337088975,5347,465075,481335,False
YPR145W,ASN1,5.854812168,0.245937157,1,1263,4,27059,inf,trans,0.245937157,1263,21871,29835,False
YPR145W,ASN1,5.680380746,-0.127694823,0,636,2,517548,inf,trans,0.127694823,636,505207,530047,False
YPR145W,ASN1,5.659019109,-0.119650298,0,7852,12,441706,inf,trans,0.119650298,7852,425418,443164,False
YPR145W,ASN1,5.081150669,-0.117122319,0,4380,7,601612,inf,trans,0.117122319,4380,591077,607810,False
YPR145W,ASN1,5.049633824,0.119643386,0,3005,5,169452,inf,trans,0.119643386,3005,161956,181135,False
YPR145W,ASN1,4.688543953,-0.107759039,0,2488,4,1260275,inf,trans,0.107759039,2488,1256208,1268325,False
YPR145W,ASN1,4.659176204,0.107532043,0,563,2,432524,inf,trans,0.107532043,563,425467,441927,False
YPR145W,ASN1,4.572783699,0.108025564,0,2553,4,1341560,inf,trans,0.108025564,2553,1335020,1354322,False
YPR145W,ASN1,4.458845375,0.10377952,0,3864,7,5119,inf,trans,0.10377952,3864,595,20451,False
YPR145W,ASN1,4.302271257,0.147143294,0,6095,10,197405,inf,trans,0.147143294,6095,197405,197405,False
YPR145W,ASN1,3.897857769,0.190839248,0,11094,16,25536,797080.0,trans,0.190839248,11094,25536,25536,False
YGR124W,ASN2,7.412390873,0.221035404,0,8470,13,68113,inf,trans,0.221035404,8470,56990,75198,False
YGR124W,ASN2,6.272866805,-0.225989016,1,1007,3,96560,inf,trans,0.225989016,1007,92556,101814,False
YGR124W,ASN2,5.887727978,0.295912508,0,1784,4,520430,inf,trans,0.295912508,1784,520430,520430,False
YGR124W,ASN2,4.947781438,-0.152545185,0,10198,15,181071,inf,trans,0.152545185,10198,168199,185951,False
YDR321W,ASP1,11.05926776,-0.223810171,1,10191,15,171671,inf,trans,0.223810171,10191,165912,184082,False
YDR321W,ASP1,7.619174993,0.209075006,1,8470,13,68113,inf,trans,0.209075006,8470,56990,75198,False
YDR321W,ASP1,5.170529275,-0.275659264,0,5416,8,541428,inf,trans,0.275659264,5416,541428,541428,False
YOL058W,ARG1,40.67340815,-0.380441807,1,10191,15,171671,47539.0,trans,0.380441807,10191,165912,184082,False
YOL058W,ARG1,19.91049635,-0.231765328,1,5612,9,139216,inf,trans,0.231765328,5612,125289,144955,False
YOL058W,ARG1,15.25175801,-0.193201936,0,7977,12,569918,inf,trans,0.193201936,7977,563476,576167,False
YOL058W,ARG1,13.25201052,-0.189824865,0,7853,12,442034,inf,trans,0.189824865,7853,425418,443164,False
YOL058W,ARG1,10.3569251,-0.158588807,0,11687,16,578941,inf,trans,0.158588807,11687,571530,591786,False
YOL058W,ARG1,8.047701315,0.155230221,1,8670,13,333904,inf,trans,0.155230221,8670,329611,338431,False
YOL058W,ARG1,7.958984884,0.175172072,0,8474,13,70380,inf,trans,0.175172072,8474,56990,77330,False
YOL058W,ARG1,7.937740141,0.134093124,0,2081,4,782125,inf,trans,0.134093124,2081,769065,797405,False
YOL058W,ARG1,7.923014297,0.135967483,1,1285,4,53342,inf,trans,0.135967483,1285,46065,61772,False
YOL058W,ARG1,7.300148315,-0.13149471,1,8107,12,738039,inf,trans,0.13149471,8107,727931,749514,False
YOL058W,ARG1,7.128427284,-0.126018628,0,8613,13,244183,inf,trans,0.126018628,8613,238236,248552,False
YOL058W,ARG1,6.572836835,-0.131885013,0,637,2,517869,inf,trans,0.131885013,637,505207,530047,False
YOL058W,ARG1,6.335194002,-0.124346283,0,8312,12,974945,inf,trans,0.124346283,8312,963579,987293,False
YOL058W,ARG1,6.059428003,-0.127228136,1,8687,13,350920,inf,trans,0.127228136,8687,349796,363801,False
YOL058W,ARG1,5.393770297,0.213118652,0,3384,5,561678,inf,trans,0.213118652,3384,554104,563347,False
YOL058W,ARG1,4.691345448,-0.102778537,0,3222,5,416981,inf,trans,0.102778537,3222,412759,432587,False
YOL058W,ARG1,4.606824417,0.098977458,0,6649,11,8044,inf,trans,0.098977458,6649,2733,14350,False
YOL058W,ARG1,4.049744207,0.092245074,0,9767,14,620369,inf,trans,0.092245074,9767,606273,645369,False
YOL058W,ARG1,4.046661758,0.091201076,1,5075,8,200519,inf,trans,0.091201076,5075,191947,206590,False
YOL058W,ARG1,4.012465917,-0.091061626,0,10995,15,1018776,798304.0,trans,0.091061626,10995,1012233,1024813,False
YOL058W,ARG1,4.002214089,0.202410615,0,1211,3,292718,inf,trans,0.202410615,1211,292718,292718,False
YOL058W,ARG1,3.932213736,-0.100213333,0,11585,16,455737,inf,trans,0.100213333,11585,452142,458134,False
YOL058W,ARG1,3.847219873,-0.089417159,0,6070,10,163124,inf,trans,0.089417159,6070,157487,176664,False
YEL031W,SPF1,8.412987354,-0.198855449,0,10197,15,180978,inf,trans,0.198855449,10197,168199,185951,False
YDL181W,INH1,50.42765918,0.429975655,1,10191,15,171671,inf,trans,0.429975655,10191,165912,184082,False
YDL181W,INH1,31.93449826,0.288459997,1,5615,9,142542,inf,trans,0.288459997,5615,131829,155581,False
YDL181W,INH1,23.15106809,0.239461081,0,7974,12,567889,inf,trans,0.239461081,7974,563476,576167,False
YDL181W,INH1,19.03213431,-0.297523479,1,8458,13,56990,inf,trans,0.297523479,8458,55098,73225,False
YDL181W,INH1,14.79996993,0.190015799,0,11677,16,571530,inf,trans,0.190015799,11677,544393,587778,False
YDL181W,INH1,13.91497113,0.197696068,0,642,2,523217,inf,trans,0.197696068,642,505207,530047,False
YDL181W,INH1,12.1768584,-0.178193268,0,8667,13,331334,inf,trans,0.178193268,8667,329611,333904,False
YDL181W,INH1,11.70913401,0.163478371,0,7859,12,443030,inf,trans,0.163478371,7859,425418,443164,False
YDL181W,INH1,11.12828337,0.163144643,0,8106,12,737804,inf,trans,0.163144643,8106,727931,749514,False
YDL181W,INH1,7.87440371,0.137791948,0,8312,12,974945,inf,trans,0.137791948,8312,963579,987293,False
YDL181W,INH1,5.344856109,0.106239396,0,10992,15,1014707,inf,trans,0.106239396,10992,1010191,1018776,False
YDL181W,INH1,5.226985581,0.105993711,0,1086,3,196680,inf,trans,0.105993711,1086,186935,204903,False
YDL181W,INH1,4.891760654,-0.104634462,0,5348,8,479718,inf,trans,0.104634462,5348,465075,481335,False
YDL181W,INH1,4.666164325,-0.796622872,0,986,3,82706,inf,trans,0.796622872,986,82706,82706,False
YDL181W,INH1,4.509105194,-0.096837827,0,3913,7,47250,inf,trans,0.096837827,3913,42627,53544,False
YDL181W,INH1,4.177929151,-0.188866448,0,6748,11,19607,inf,trans,0.188866448,6748,14424,22005,False
YDL181W,INH1,4.160274713,0.091844962,1,5936,9,400641,inf,trans,0.091844962,5936,399657,406743,False
YDL181W,INH1,4.102901364,0.241259929,0,6222,10,386341,inf,trans,0.241259929,6222,386341,386341,False
YDL181W,INH1,4.061669897,-0.090700464,0,2550,4,1337514,1202077.0,trans,0.090700464,2550,1333470,1345654,False
YDL181W,INH1,3.784099192,-0.088608568,0,9768,14,621027,inf,trans,0.088608568,9768,606273,647843,False
YDL181W,INH1,3.751837848,-0.092122623,0,1189,3,286440,inf,trans,0.092122623,1189,273446,297295,False
YML081C-A,ATP18,12.31141725,0.236962123,0,5613,9,139266,inf,trans,0.236962123,5613,125289,144955,False
YML081C-A,ATP18,9.663681692,0.226504469,0,10198,15,181071,inf,trans,0.226504469,10198,168199,185951,False
YML081C-A,ATP18,5.670745969,0.153585589,0,7984,12,572030,inf,trans,0.153585589,7984,567889,576167,False
YML081C-A,ATP18,5.189302538,0.145966716,0,654,2,544518,inf,trans,0.145966716,654,538868,544962,False
YML081C-A,ATP18,4.903497837,-0.143465717,0,8665,13,329923,225761.0,trans,0.143465717,8665,329611,333904,False
YML081C-A,ATP18,4.782648202,-0.13569105,0,8817,13,510249,406087.0,trans,0.13569105,8817,503363,513217,False
YOL077W-A,ATP19,17.76565327,0.318169696,1,10191,15,171671,13767.0,trans,0.318169696,10191,165912,184082,False
YOL077W-A,ATP19,13.7181992,0.24403089,0,5610,9,138636,inf,trans,0.24403089,5610,125289,144955,False
YOL077W-A,ATP19,9.093039598,-0.261169861,0,8458,13,56990,inf,trans,0.261169861,8458,55098,73225,False
YOL077W-A,ATP19,6.128201847,-0.163656223,1,8667,13,331334,inf,trans,0.163656223,8667,329611,333904,False
YOL077W-A,ATP19,5.088326276,-0.138828878,0,5080,8,203274,inf,trans,0.138828878,5080,193408,206590,False
YOL077W-A,ATP19,4.949820114,0.138694624,0,7977,12,569918,inf,trans,0.138694624,7977,563476,576167,False
YOL077W-A,ATP19,4.94415245,-0.140079166,1,8812,13,506197,inf,trans,0.140079166,8812,495523,511842,False
YOL077W-A,ATP19,4.842764325,0.13439444,0,10987,15,1008479,822835.0,trans,0.13439444,10987,999455,1012233,False
YOL077W-A,ATP19,4.736556525,-0.137572145,1,2277,4,960412,inf,trans,0.137572145,2277,956734,996583,False
YOL077W-A,ATP19,4.55711896,-0.130496893,0,7118,11,352980,inf,trans,0.130496893,7118,340811,362171,False
YPL271W,ATP15,27.74326708,0.327411437,1,10191,15,171671,inf,trans,0.327411437,10191,165912,184082,False
YPL271W,ATP15,22.57473646,0.254608112,0,5611,9,138792,inf,trans,0.254608112,5611,122617,144955,False
YPL271W,ATP15,15.15041332,0.205203847,0,7979,12,570032,inf,trans,0.205203847,7979,563476,576167,False
YPL271W,ATP15,11.94199451,0.180048481,0,7852,12,441706,inf,trans,0.180048481,7852,425418,443164,False
YPL271W,ATP15,9.06737562,-0.407028528,0,4825,7,1048545,inf,trans,0.407028528,4825,1048545,1048545,False
YPL271W,ATP15,8.350440844,-0.157808729,0,8665,13,329923,inf,trans,0.157808729,8665,329611,333904,False
YPL271W,ATP15,6.730485409,0.131450325,0,8104,12,737369,inf,trans,0.131450325,8104,727931,754859,False
YPL271W,ATP15,6.721587255,-0.271975664,0,10891,15,911748,inf,trans,0.271975664,10891,911748,911748,False
YPL271W,ATP15,6.549782841,0.139911918,0,637,2,517869,inf,trans,0.139911918,637,505207,530047,False
YPL271W,ATP15,6.41025001,-0.165141047,1,8457,13,55098,inf,trans,0.165141047,8457,55098,65881,False
YPL271W,ATP15,5.521683292,0.11852073,0,4652,7,877211,inf,trans,0.11852073,4652,858005,887971,False
YPL271W,ATP15,5.246944335,-0.229389437,1,6201,10,359824,inf,trans,0.229389437,6201,359824,359824,False
YPL271W,ATP15,5.093801599,-0.111517716,0,1293,4,62324,inf,trans,0.111517716,1293,55290,66159,False
YPL271W,ATP15,5.00164649,0.111443062,0,1093,3,198615,inf,trans,0.111443062,1093,188758,204903,False
YPL271W,ATP15,4.954337629,0.109881222,0,10992,15,1014707,inf,trans,0.109881222,10992,1010191,1018776,False
YPL271W,ATP15,4.943062318,-0.111532487,0,4100,7,308037,inf,trans,0.111532487,4100,307361,315634,False
YPL271W,ATP15,4.942501614,0.108986442,0,5170,8,324043,inf,trans,0.108986442,5170,298467,327592,False
YPL271W,ATP15,4.344111762,-0.103707695,0,8817,13,510249,inf,trans,0.103707695,8817,503363,513217,False
YPL271W,ATP15,4.191512655,0.115339017,1,4195,7,400450,inf,trans,0.115339017,4195,399178,412413,False
YPL271W,ATP15,4.149449832,-0.098968966,1,3707,6,98707,inf,trans,0.098968966,3707,98707,98707,False
YPL271W,ATP15,4.149190223,0.565307598,0,7686,12,265316,inf,trans,0.565307598,7686,265316,265316,False
YPL271W,ATP15,3.980072023,-0.099030537,0,9586,14,458186,inf,trans,0.099030537,9586,441787,472613,False
YPL271W,ATP15,3.921124633,0.096241258,0,3217,5,407785,inf,trans,0.096241258,3217,401545,413385,False
YPL271W,ATP15,3.63678322,0.093305359,0,11677,16,571530,541263.0,trans,0.093305359,11677,544393,587778,False
YKL016C,ATP7,25.08761561,0.307610835,1,10194,15,173340,inf,trans,0.307610835,10194,165912,184082,False
YKL016C,ATP7,23.17942252,0.254955745,0,5610,9,138636,inf,trans,0.254955745,5610,125289,144955,False
YKL016C,ATP7,16.75698861,-0.292597659,1,8458,13,56990,inf,trans,0.292597659,8458,55098,73225,False
YKL016C,ATP7,9.450375247,0.168945069,1,650,2,541028,inf,trans,0.168945069,650,541028,541028,False
YKL016C,ATP7,8.690048161,-0.157179763,0,8667,13,331334,inf,trans,0.157179763,8667,329611,333904,False
YKL016C,ATP7,7.85186825,0.141996679,0,8106,12,737804,inf,trans,0.141996679,8106,727931,749514,False
YKL016C,ATP7,7.793001959,0.140038271,0,7979,12,570032,inf,trans,0.140038271,7979,563476,576167,False
YKL016C,ATP7,7.650304465,0.13743357,0,6895,11,118745,288363.0,trans,0.13743357,6895,102671,125700,False
YKL016C,ATP7,6.968948775,0.133333783,1,11680,16,572345,inf,trans,0.133333783,11680,572345,572345,False
YKL016C,ATP7,6.606735046,0.127412993,0,3598,6,16905,inf,trans,0.127412993,3598,16905,29838,False
YKL016C,ATP7,6.495162027,0.126256929,0,4179,7,379511,inf,trans,0.126256929,4179,366066,379511,False
YKL016C,ATP7,6.308184468,-0.124657243,1,2274,4,956734,inf,trans,0.124657243,2274,956734,962979,False
YKL016C,ATP7,5.11246873,-0.325880656,0,9685,14,572217,inf,trans,0.325880656,9685,572217,572217,False
YKL016C,ATP7,4.766027817,-0.179850206,1,12052,17,77708,inf,trans,0.179850206,12052,77708,77708,False
YKL016C,ATP7,4.730357617,0.107243939,0,3222,5,416981,inf,trans,0.107243939,3222,412759,432587,False
YKL016C,ATP7,4.659382817,0.107305676,0,7857,12,442845,inf,trans,0.107305676,7857,430049,443164,False
YKL016C,ATP7,4.493129243,0.103323325,0,2450,4,1191935,inf,trans,0.103323325,2450,1171385,1219676,False
YKL016C,ATP7,4.398290987,0.100475948,0,11535,16,379899,inf,trans,0.100475948,11535,374664,397855,False
YKL016C,ATP7,4.185990555,0.097461911,0,6199,10,349573,inf,trans,0.097461911,6199,340762,349573,False
YBL099W,ATP1,52.75464692,0.424118386,1,10191,15,171671,inf,trans,0.424118386,10191,165912,184082,False
YBL099W,ATP1,35.4106855,0.294904781,0,5610,9,138636,inf,trans,0.294904781,5610,125289,144955,False
YBL099W,ATP1,21.87517378,0.227163429,0,7978,12,569926,inf,trans,0.227163429,7978,563476,576167,False
YBL099W,ATP1,21.06572873,-0.3043426,1,8458,13,56990,inf,trans,0.3043426,8458,55098,73225,False
YBL099W,ATP1,14.31800488,-0.188393073,0,8664,13,329611,inf,trans,0.188393073,8664,329611,333904,False
YBL099W,ATP1,13.23096367,0.171435687,1,11680,16,572345,inf,trans,0.171435687,11680,572345,572345,False
YBL099W,ATP1,11.79682699,0.175843636,0,642,2,523217,484530.0,trans,0.175843636,642,505207,530047,False
YBL099W,ATP1,11.63657385,0.162071858,1,8106,12,737804,inf,trans,0.162071858,8106,727931,749514,False
YBL099W,ATP1,10.39253176,0.1486443,0,7859,12,443030,inf,trans,0.1486443,7859,425418,443164,False
YBL099W,ATP1,9.404911055,-0.142912138,0,8816,13,509524,inf,trans,0.142912138,8816,500062,513217,False
YBL099W,ATP1,9.060901777,0.140910419,1,10993,15,1015033,inf,trans,0.140910419,10993,1010191,1018776,False
YBL099W,ATP1,7.683277092,-0.3578057,0,7031,11,231612,inf,trans,0.3578057,7031,231612,231612,False
YBL099W,ATP1,7.356457324,-0.248394359,1,2276,4,959283,inf,trans,0.248394359,2276,956734,980835,False
YBL099W,ATP1,6.732484079,-0.116744102,0,2846,5,32038,inf,trans,0.116744102,2846,30505,38200,False
YBL099W,ATP1,4.82180283,0.100045328,0,8311,12,974822,inf,trans,0.100045328,8311,968660,987293,False
YBL099W,ATP1,4.760046366,0.097072536,0,4185,7,394456,inf,trans,0.097072536,4185,389537,397324,False
YBL099W,ATP1,4.66404215,0.095397027,0,2483,4,1256509,inf,trans,0.095397027,2483,1248530,1264269,False
YBL099W,ATP1,4.555298114,0.093528835,0,6895,11,118745,inf,trans,0.093528835,6895,102671,125700,False
YBL099W,ATP1,4.066126773,0.095652195,0,5212,8,368026,inf,trans,0.095652195,5212,363516,369658,False
YBL099W,ATP1,3.927678176,0.08635169,1,3245,5,451448,inf,trans,0.08635169,3245,427844,458086,False
YJR121W,ATP2,58.37656237,0.447713641,1,10191,15,171671,inf,trans,0.447713641,10191,165912,184082,False
YJR121W,ATP2,36.09206822,0.296527561,1,5615,9,142542,inf,trans,0.296527561,5615,131829,155581,False
YJR121W,ATP2,20.15920441,-0.361002284,1,8458,13,56990,inf,trans,0.361002284,8458,55098,73225,False
YJR121W,ATP2,18.65528237,0.204999751,0,7979,12,570032,inf,trans,0.204999751,7979,563476,576167,False
YJR121W,ATP2,14.86096515,0.198049221,0,642,2,523217,inf,trans,0.198049221,642,505207,530047,False
YJR121W,ATP2,13.69934598,0.17318187,0,11688,16,579283,inf,trans,0.17318187,11688,559542,591786,False
YJR121W,ATP2,13.42009364,0.175490735,0,7857,12,442845,inf,trans,0.175490735,7857,430049,443164,False
YJR121W,ATP2,10.38796563,0.150952232,1,10993,15,1015033,inf,trans,0.150952232,10993,1010191,1018776,False
YJR121W,ATP2,10.01606557,-0.209336851,0,8817,13,510249,inf,trans,0.209336851,8817,503363,513217,False
YJR121W,ATP2,9.446859976,0.142313528,1,8113,12,749514,inf,trans,0.142313528,8113,732202,760199,False
YJR121W,ATP2,8.886155239,-0.144609691,0,8664,13,329611,inf,trans,0.144609691,8664,329611,333904,False
YJR121W,ATP2,6.437795631,0.116196484,0,8310,12,972987,inf,trans,0.116196484,8310,960254,987293,False
YJR121W,ATP2,5.892176309,0.107904631,1,5195,8,353097,inf,trans,0.107904631,5195,342706,361900,False
YJR121W,ATP2,5.78251198,-0.108750137,0,1937,4,622259,inf,trans,0.108750137,1937,613791,624555,False
YJR121W,ATP2,5.708831044,-0.22752874,0,11110,16,43052,inf,trans,0.22752874,11110,43046,43059,False
YJR121W,ATP2,5.159714287,0.116369688,0,4195,7,400450,inf,trans,0.116369688,4195,399178,412413,False
YJR121W,ATP2,4.987286558,-0.128309145,0,7127,11,358455,inf,trans,0.128309145,7127,356064,362171,False
YJR121W,ATP2,4.954137344,-0.097995119,1,3905,7,42627,inf,trans,0.097995119,3905,37288,48435,False
YJR121W,ATP2,4.727529319,-0.101455512,0,2275,4,957589,inf,trans,0.101455512,2275,956734,961744,False
YJR121W,ATP2,4.606016996,-0.093278224,0,2846,5,32038,inf,trans,0.093278224,2846,30505,38200,False
YJR121W,ATP2,4.279131443,0.131702741,0,8485,13,76765,inf,trans,0.131702741,8485,69500,84172,False
YJR121W,ATP2,4.046183178,-0.248831503,0,7031,11,231612,inf,trans,0.248831503,7031,231612,231612,False
YJR121W,ATP2,3.963740017,-0.087260106,0,1375,4,132281,inf,trans,0.087260106,1375,108791,143484,False
YJR121W,ATP2,3.608683432,0.123683219,1,8806,13,502913,inf,trans,0.123683219,8806,495523,509524,False
YPL078C,ATP4,48.63145241,0.418966887,1,10191,15,171671,inf,trans,0.418966887,10191,165912,184082,False
YPL078C,ATP4,32.87964506,0.291733943,0,5610,9,138636,inf,trans,0.291733943,5610,125289,144955,False
YPL078C,ATP4,23.21600114,0.242521264,1,7974,12,567889,inf,trans,0.242521264,7974,563476,576167,False
YPL078C,ATP4,19.29314957,-0.299760277,0,8458,13,56990,inf,trans,0.299760277,8458,55098,73225,False
YPL078C,ATP4,15.22652918,-0.200828673,0,8664,13,329611,inf,trans,0.200828673,8664,329611,333904,False
YPL078C,ATP4,15.09885253,0.189933202,0,11688,16,579283,170542.0,trans,0.189933202,11688,559542,591786,False
YPL078C,ATP4,10.32182064,0.154905996,0,8103,12,736985,inf,trans,0.154905996,8103,727931,754859,False
YPL078C,ATP4,9.351522953,0.149218687,0,7857,12,442845,inf,trans,0.149218687,7857,430049,443164,False
YPL078C,ATP4,9.069310487,-0.1436794,0,8816,13,509524,inf,trans,0.1436794,8816,500062,513217,False
YPL078C,ATP4,9.007614035,0.156583756,1,645,2,528729,inf,trans,0.156583756,645,528729,528729,False
YPL078C,ATP4,7.007579952,-0.249823663,0,2285,4,971731,inf,trans,0.249823663,2285,961744,998174,False
YPL078C,ATP4,7.005516205,0.211602954,0,8311,12,974822,inf,trans,0.211602954,8311,968660,987293,False
YPL078C,ATP4,6.910230254,0.124889359,0,10993,15,1015033,inf,trans,0.124889359,10993,1010191,1018776,False
YPL078C,ATP4,6.877187573,-0.355329996,0,7031,11,231612,inf,trans,0.355329996,7031,231612,231612,False
YPL078C,ATP4,5.590122623,0.10994446,0,6938,11,147493,inf,trans,0.10994446,6938,137433,167261,False
YPL078C,ATP4,4.437789399,-0.095778463,0,2846,5,32038,inf,trans,0.095778463,2846,30505,38200,False
YPL078C,ATP4,4.163954283,0.093060984,0,4185,7,394456,inf,trans,0.093060984,4185,389537,397324,False
YPL078C,ATP4,4.132492086,-0.092786702,1,10838,15,849538,inf,trans,0.092786702,10838,841040,867290,False
YPL078C,ATP4,3.986732248,0.091988674,0,2484,4,1257382,inf,trans,0.091988674,2484,1256208,1264269,False
YPL078C,ATP4,3.958382368,-0.149732545,0,8330,12,987160,inf,trans,0.149732545,8330,970600,997999,False
YPL078C,ATP4,3.758622612,-0.088292564,0,1937,4,622259,inf,trans,0.088292564,1937,613791,624555,False
YPL078C,ATP4,3.602327205,-0.352936302,1,5638,9,169788,inf,trans,0.352936302,5638,169788,169788,False
YBR039W,ATP3,42.84704405,0.384242563,0,10191,15,171671,inf,trans,0.384242563,10191,165912,184082,False
YBR039W,ATP3,35.36337068,0.3017152,0,5610,9,138636,inf,trans,0.3017152,5610,125289,144955,False
YBR039W,ATP3,18.79476635,0.214129968,0,7980,12,570630,inf,trans,0.214129968,7980,563476,576167,False
YBR039W,ATP3,16.1012456,-0.266678476,1,8458,13,56990,inf,trans,0.266678476,8458,55098,73225,False
YBR039W,ATP3,15.55059974,-0.200862613,0,8664,13,329611,inf,trans,0.200862613,8664,329611,333904,False
YBR039W,ATP3,12.94382043,0.18866548,0,642,2,523217,206707.0,trans,0.18866548,642,505207,530047,False
YBR039W,ATP3,12.6637694,0.170158344,1,11680,16,572345,inf,trans,0.170158344,11680,572345,572345,False
YBR039W,ATP3,12.65634087,0.170591831,1,8113,12,749514,inf,trans,0.170591831,8113,732202,760199,False
YBR039W,ATP3,8.935419538,0.142378039,1,10993,15,1015033,inf,trans,0.142378039,10993,1010191,1018776,False
YBR039W,ATP3,8.335516819,0.142654257,0,7857,12,442845,inf,trans,0.142654257,7857,430049,443164,False
YBR039W,ATP3,7.795832846,-0.129406294,0,2846,5,32038,inf,trans,0.129406294,2846,30505,38200,False
YBR039W,ATP3,7.079419211,0.124395135,0,4185,7,394456,inf,trans,0.124395135,4185,389537,397324,False
YBR039W,ATP3,6.858532106,-0.347900686,0,7031,11,231612,inf,trans,0.347900686,7031,231612,231612,False
YBR039W,ATP3,5.757868308,-0.110001044,0,8816,13,509524,inf,trans,0.110001044,8816,500062,513217,False
YBR039W,ATP3,4.896954921,-0.100996898,0,2276,4,959283,inf,trans,0.100996898,2276,956734,980835,False
YBR039W,ATP3,4.754349168,0.100992697,0,3222,5,416981,inf,trans,0.100992697,3222,412759,432587,False
YBR039W,ATP3,4.71267129,-0.098697294,0,7117,11,352832,inf,trans,0.098697294,7117,340770,362163,False
YBR039W,ATP3,4.560688235,0.09600059,0,6882,11,108816,inf,trans,0.09600059,6882,96863,121097,False
YBR039W,ATP3,4.210736251,0.090810748,0,2483,4,1256509,inf,trans,0.090810748,2483,1248530,1264269,False
YBR039W,ATP3,3.996429491,-0.193165273,0,11110,16,43052,inf,trans,0.193165273,11110,43046,43059,False
YBR039W,ATP3,3.926786696,-0.091383757,1,4830,7,1051850,inf,trans,0.091383757,4830,1051850,1051850,False
YBR039W,ATP3,3.851222566,-0.08929701,0,2553,4,1341560,inf,trans,0.08929701,2553,1335020,1354322,False
YBR039W,ATP3,3.773826031,0.086859725,1,6100,10,204259,inf,trans,0.086859725,6100,204259,204259,False
YDR322C-A,TIM11; ATP21,21.79528332,0.32191312,1,10194,15,173340,inf,trans,0.32191312,10194,165912,184082,False
YDR322C-A,TIM11; ATP21,13.88615791,0.217970731,1,5615,9,142542,inf,trans,0.217970731,5615,131829,155581,False
YDR322C-A,TIM11; ATP21,8.373167624,0.171398556,0,7984,12,572030,inf,trans,0.171398556,7984,567889,576167,False
YDR322C-A,TIM11; ATP21,7.230311029,0.152746501,0,11677,16,571530,inf,trans,0.152746501,11677,544393,587778,False
YDR322C-A,TIM11; ATP21,6.832702836,-0.201168835,0,8458,13,56990,inf,trans,0.201168835,8458,55098,73225,False
YDR322C-A,TIM11; ATP21,6.400357479,0.3483653,1,7859,12,443030,inf,trans,0.3483653,7859,425418,443164,False
YDR322C-A,TIM11; ATP21,5.389166055,-0.138036163,0,8668,13,331755,inf,trans,0.138036163,8668,329611,333904,False
YDR322C-A,TIM11; ATP21,5.022791223,-0.123928848,0,8817,13,510249,inf,trans,0.123928848,8817,503363,513217,False
YDR322C-A,TIM11; ATP21,4.998505994,0.123518904,0,8306,12,968660,inf,trans,0.123518904,8306,956127,987293,False
YDR322C-A,TIM11; ATP21,4.782705763,0.179214834,0,8095,12,724603,inf,trans,0.179214834,8095,724603,724833,False
YDR322C-A,TIM11; ATP21,4.71574451,0.129305263,0,642,2,523217,inf,trans,0.129305263,642,505207,530047,False
YDR322C-A,TIM11; ATP21,4.69401431,-0.461393672,0,1723,4,452907,659093.0,trans,0.461393672,1723,452907,452907,False
YDR322C-A,TIM11; ATP21,4.673858635,0.253722935,0,896,3,757,inf,trans,0.253722935,896,757,757,False
YDR322C-A,TIM11; ATP21,4.610811254,-0.116378679,1,1293,4,62324,1049676.0,trans,0.116378679,1293,55290,66159,False
YDR322C-A,TIM11; ATP21,4.504716332,0.115018158,0,6079,10,175313,inf,trans,0.115018158,6079,163124,189445,False
YDR322C-A,TIM11; ATP21,4.443884336,0.656609146,0,11539,16,383323,inf,trans,0.656609146,11539,383323,383323,False
YDR377W,ATP17,23.95206544,0.308429897,1,10188,15,170682,inf,trans,0.308429897,10188,165912,184082,False
YDR377W,ATP17,17.52585167,0.230991804,0,5610,9,138636,inf,trans,0.230991804,5610,125289,144955,False
YDR377W,ATP17,12.20580161,0.205284928,0,636,2,517548,inf,trans,0.205284928,636,505207,530047,False
YDR377W,ATP17,11.89139567,-0.257037373,1,8458,13,56990,inf,trans,0.257037373,8458,55098,73225,False
YDR377W,ATP17,10.33496919,0.173450322,0,7860,12,443164,inf,trans,0.173450322,7860,425418,443164,False
YDR377W,ATP17,9.986114959,0.171824086,0,7977,12,569918,inf,trans,0.171824086,7977,563476,576167,False
YDR377W,ATP17,7.257424501,-0.299050684,0,6284,10,424346,inf,trans,0.299050684,6284,413692,461243,False
YDR377W,ATP17,6.826712801,0.232511113,0,8311,12,974822,inf,trans,0.232511113,8311,968660,987293,False
YDR377W,ATP17,5.506950329,0.132257148,0,8126,12,767420,inf,trans,0.132257148,8126,759848,777907,False
YDR377W,ATP17,5.432885238,-0.121535829,0,7190,11,428422,inf,trans,0.121535829,7190,411456,448760,False
YDR377W,ATP17,5.256804026,-0.125234664,0,2275,4,957589,271014.0,trans,0.125234664,2275,956734,961744,False
YDR377W,ATP17,5.240471826,-0.39720162,0,10844,15,860902,inf,trans,0.39720162,10844,860902,860902,False
YDR377W,ATP17,5.071143674,0.117743192,0,11677,16,571530,inf,trans,0.117743192,11677,544393,587778,False
YDR377W,ATP17,4.533289545,-0.108801457,0,88,1,113135,inf,trans,0.108801457,88,112549,114628,False
YDR377W,ATP17,4.485439148,-0.113698834,0,8664,13,329611,inf,trans,0.113698834,8664,329611,333904,False
YDR377W,ATP17,4.336266613,-0.166656009,1,2752,4,1521818,292910.0,trans,0.166656009,2752,1521818,1521818,False
YDR377W,ATP17,4.260813078,-0.108342075,0,1935,4,621945,606658.0,trans,0.108342075,1935,613791,624555,False
YDR377W,ATP17,4.14024482,-0.103418306,0,8818,13,510643,inf,trans,0.103418306,8818,503363,513217,False
YDR377W,ATP17,4.132714344,-0.103519987,0,2849,5,33851,inf,trans,0.103519987,2849,30505,38677,False
YDR377W,ATP17,4.116958333,0.215420893,0,6262,10,415984,inf,trans,0.215420893,6262,410391,454904,False
YDR377W,ATP17,3.957399281,0.115607186,0,4195,7,400450,inf,trans,0.115607186,4195,399178,412413,False
YDR377W,ATP17,3.861876482,0.105695028,0,7800,12,382340,inf,trans,0.105695028,7800,371279,384824,False
YPR020W,ATP20,16.79741229,0.260448789,1,5614,9,139442,inf,trans,0.260448789,5614,125289,144955,False
YPR020W,ATP20,11.5409993,-0.287509563,1,8458,13,56990,inf,trans,0.287509563,8458,55098,73225,False
YPR020W,ATP20,10.51770447,0.22740494,1,10191,15,171671,inf,trans,0.22740494,10191,165912,184082,False
YPR020W,ATP20,7.860807474,0.177166935,1,7984,12,572030,inf,trans,0.177166935,7984,567889,576167,False
YPR020W,ATP20,7.081741939,0.172852078,0,642,2,523217,inf,trans,0.172852078,642,505207,530047,False
YPR020W,ATP20,6.080732723,-0.511679326,0,5061,8,194526,inf,trans,0.511679326,5061,191947,204670,False
YPR020W,ATP20,5.360335916,0.141028189,0,7883,12,498728,inf,trans,0.141028189,7883,449482,506655,False
YPR020W,ATP20,4.985974313,-0.131128309,0,8821,13,511660,inf,trans,0.131128309,8821,506148,514849,False
YPR020W,ATP20,4.842104104,-0.132947513,0,2103,4,816667,inf,trans,0.132947513,2103,808113,831973,False
YPR020W,ATP20,4.751943594,0.127353448,0,4432,7,645997,inf,trans,0.127353448,4432,642057,653148,False
YPR020W,ATP20,4.332091227,-0.119676233,0,3902,7,36180,inf,trans,0.119676233,3902,23383,37288,False
YDR298C,ATP5; OSCP,30.24088529,0.325829277,1,10194,15,173340,inf,trans,0.325829277,10194,165912,184082,False
YDR298C,ATP5; OSCP,28.5175554,0.283609327,1,5613,9,139266,inf,trans,0.283609327,5613,125289,144955,False
YDR298C,ATP5; OSCP,16.6736184,0.202571405,0,7978,12,569926,inf,trans,0.202571405,7978,563476,576167,False
YDR298C,ATP5; OSCP,15.91514091,-0.205381055,1,8670,13,333904,inf,trans,0.205381055,8670,329611,338431,False
YDR298C,ATP5; OSCP,7.433573436,0.128407185,0,6877,11,104549,inf,trans,0.128407185,6877,96863,124784,False
YDR298C,ATP5; OSCP,7.260164784,-0.160539998,1,2553,4,1341560,282750.0,trans,0.160539998,2553,1335020,1354322,False
YDR298C,ATP5; OSCP,6.8749061,0.123820231,1,4161,7,366931,inf,trans,0.123820231,4161,356291,379511,False
YDR298C,ATP5; OSCP,6.124517805,-0.117103177,1,2276,4,959283,98889.0,trans,0.117103177,2276,956734,980835,False
YDR298C,ATP5; OSCP,6.084289419,0.115988535,0,8103,12,736985,inf,trans,0.115988535,8103,727931,754859,False
YDR298C,ATP5; OSCP,5.890522403,0.116595567,0,2483,4,1256509,197699.0,trans,0.116595567,2483,1248530,1264269,False
YDR298C,ATP5; OSCP,5.415947921,0.108253945,1,6199,10,349573,inf,trans,0.108253945,6199,340762,349573,False
YDR298C,ATP5; OSCP,5.355743904,-0.10742587,0,2846,5,32038,inf,trans,0.10742587,2846,30505,38200,False
YDR298C,ATP5; OSCP,5.206095123,0.109372071,0,10991,15,1012745,inf,trans,0.109372071,10991,1010191,1018776,False
YDR298C,ATP5; OSCP,5.116406988,0.107437089,0,7857,12,442845,inf,trans,0.107437089,7857,430049,443164,False
YDR298C,ATP5; OSCP,5.101633888,0.105842026,0,11687,16,578941,inf,trans,0.105842026,11687,571530,591786,False
YDR298C,ATP5; OSCP,5.043375688,0.105338271,0,7438,12,25742,inf,trans,0.105338271,7438,17131,37884,False
YDR298C,ATP5; OSCP,4.953551108,-0.10301235,0,1187,3,285659,inf,trans,0.10301235,1187,267625,297295,False
YDR298C,ATP5; OSCP,4.76289632,0.198281242,0,8171,12,822760,inf,trans,0.198281242,8171,811797,825661,False
YDR298C,ATP5; OSCP,4.672902473,-0.301929123,1,9717,14,599354,inf,trans,0.301929123,9717,599354,599354,False
YDR298C,ATP5; OSCP,4.658407328,-0.195929333,0,3450,5,563661,inf,trans,0.195929333,3450,562097,564516,False
YDR298C,ATP5; OSCP,4.576601241,-0.09890682,0,1285,4,53342,1004830.0,trans,0.09890682,1285,46065,61772,False
YDR298C,ATP5; OSCP,4.425141535,-0.184560892,0,8464,13,63599,inf,trans,0.184560892,8464,55098,75198,False
YDR298C,ATP5; OSCP,4.171059206,0.140329397,0,11791,16,679448,inf,trans,0.140329397,11791,679448,679448,False
YDR298C,ATP5; OSCP,3.804500165,0.094803391,0,639,2,518133,inf,trans,0.094803391,639,505207,530047,False
YDR298C,ATP5; OSCP,3.697575768,0.086278164,0,6008,10,63279,inf,trans,0.086278164,6008,61391,68934,False
YDR298C,ATP5; OSCP,3.696696533,0.10612793,0,2584,4,1381192,322382.0,trans,0.10612793,2584,1353994,1385147,False
YDR298C,ATP5; OSCP,3.684462553,0.086373641,0,7241,11,467744,inf,trans,0.086373641,7241,460484,475092,False
YDR298C,ATP5; OSCP,3.674644619,0.085756866,0,11535,16,379899,inf,trans,0.085756866,11535,374664,397855,False
YDR298C,ATP5; OSCP,3.593627392,-0.216346746,0,11793,16,681149,inf,trans,0.216346746,11793,681149,681149,False
YDR298C,ATP5; OSCP,3.517490731,0.086674134,0,2444,4,1184872,126062.0,trans,0.086674134,2444,1171385,1215342,False
YJL020C,BBC1; MTI1,7.595239451,0.193478841,0,10192,15,172074,inf,trans,0.193478841,10192,165912,184082,False
YJL020C,BBC1; MTI1,5.289253345,-0.151744429,0,6248,10,410391,7986.0,trans,0.151744429,6248,403524,421100,False
YHR208W,BAT1,18.43529041,-0.288268495,1,10194,15,173340,inf,trans,0.288268495,10194,165912,184082,False
YHR208W,BAT1,10.44543844,0.184086101,1,4292,7,471518,inf,trans,0.184086101,4292,458896,479063,False
YHR208W,BAT1,9.530914828,-0.173744726,0,7977,12,569918,inf,trans,0.173744726,7977,563476,576167,False
YHR208W,BAT1,9.008701468,-0.228942612,0,11686,16,576969,inf,trans,0.228942612,11686,571530,591786,False
YHR208W,BAT1,7.1304379,0.29151432,0,1784,4,520430,inf,trans,0.29151432,1784,520430,520430,False
YHR208W,BAT1,6.73625324,-0.146125073,0,5612,9,139216,inf,trans,0.146125073,5612,125289,144955,False
YHR208W,BAT1,6.660588509,-0.14932659,0,7855,12,442798,inf,trans,0.14932659,7855,430049,443164,False
YHR208W,BAT1,5.110805529,-0.15582824,1,2720,4,1505683,inf,trans,0.15582824,2720,1505683,1505691,False
YAL060W,BDH1; BDH,36.08796673,0.363319098,1,11685,16,576347,inf,trans,0.363319098,11685,564355,591786,False
YAL060W,BDH1; BDH,14.27644014,-0.212339538,1,29,1,36146,0.0,cis,0.212339538,29,28495,41499,True
YAL060W,BDH1; BDH,9.601515071,-0.171715993,1,8821,13,511660,inf,trans,0.171715993,8821,506148,514849,False
YAL060W,BDH1; BDH,9.071335885,0.170203097,0,3670,6,71997,inf,trans,0.170203097,3670,62743,74913,False
YAL060W,BDH1; BDH,5.793069567,-0.426174912,0,10260,15,237009,inf,trans,0.426174912,10260,237009,237009,False
YAL060W,BDH1; BDH,5.232377797,0.124370428,1,1895,4,590025,inf,trans,0.124370428,1895,574801,594369,False
YAL060W,BDH1; BDH,5.119796818,0.212356013,1,12042,17,50171,inf,trans,0.212356013,12042,50171,50171,False
YAL060W,BDH1; BDH,5.081131739,0.129359998,0,10173,15,158961,inf,trans,0.129359998,10173,149218,160644,False
YAL060W,BDH1; BDH,4.808139697,-0.115357386,0,11497,16,336019,inf,trans,0.115357386,11497,324393,338769,False
YAL060W,BDH1; BDH,4.792722065,-0.152832446,0,8468,13,66821,inf,trans,0.152832446,8468,56990,75773,False
YAL060W,BDH1; BDH,4.758779851,0.322881842,0,196,2,9418,inf,trans,0.322881842,196,9418,9418,False
YAL060W,BDH1; BDH,4.591580487,-0.18658045,1,11554,16,404759,inf,trans,0.18658045,11554,404759,404759,False
YAL060W,BDH1; BDH,4.549762983,0.24507146,0,873,2,801665,inf,trans,0.24507146,873,801661,801665,False
YAL060W,BDH1; BDH,4.239083101,0.107570698,0,9640,14,538257,inf,trans,0.107570698,9640,534351,539456,False
YAL060W,BDH1; BDH,4.150318814,0.108417423,0,5805,9,283213,inf,trans,0.108417423,5805,276483,289513,False
YOR198C,BFR1,7.553775466,-0.547411201,1,10705,15,720332,266.0,cis,0.547411201,10705,719963,720492,True
YOR198C,BFR1,6.42130603,-0.551553684,1,10682,15,701781,16873.0,trans,0.551553684,10682,690141,711322,False
YOR198C,BFR1,6.189319953,-0.141101831,0,8681,13,345749,inf,trans,0.141101831,8681,338431,350249,False
YOR198C,BFR1,4.951492221,-0.119287644,0,2297,4,975090,inf,trans,0.119287644,2297,959283,1000959,False
YOR198C,BFR1,4.751585459,-0.42444945,0,10706,15,720492,426.0,cis,0.42444945,10706,717962,720492,True
YOR198C,BFR1,4.738882867,0.227469844,0,9842,14,704301,inf,trans,0.227469844,9842,704255,704301,False
YOR198C,BFR1,4.731478861,0.466427717,1,10684,15,701869,16785.0,trans,0.466427717,10684,690141,711322,False
YGR282C,BGL2; SCW9,11.13491667,0.2188587,0,10191,15,171671,inf,trans,0.2188587,10191,165912,184082,False
YGR282C,BGL2; SCW9,8.813639232,-0.3541761,0,1784,4,520430,inf,trans,0.3541761,1784,520430,520430,False
YGR282C,BGL2; SCW9,8.004761419,0.364719951,0,5420,8,554022,inf,trans,0.364719951,5420,554022,554022,False
YGR282C,BGL2; SCW9,6.599221488,0.81674423,0,3121,5,266246,inf,trans,0.81674423,3121,266246,266246,False
YGR282C,BGL2; SCW9,5.678447007,-0.291554968,0,5416,8,541428,inf,trans,0.291554968,5416,541428,541428,False
YGR282C,BGL2; SCW9,5.310490747,0.346633953,0,261,2,84412,inf,trans,0.346633953,261,84412,84412,False
YGR282C,BGL2; SCW9,5.077163258,0.29220212,0,896,3,757,inf,trans,0.29220212,896,757,757,False
YGR282C,BGL2; SCW9,4.956169438,-0.674434502,0,6936,11,144916,inf,trans,0.674434502,6936,144916,144916,False
YGR282C,BGL2; SCW9,4.833533794,-0.272573372,0,1705,4,428805,inf,trans,0.272573372,1705,428805,428805,False
YGR282C,BGL2; SCW9,4.744706194,0.121147053,0,5612,9,139216,inf,trans,0.121147053,5612,125289,144955,False
YGR282C,BGL2; SCW9,4.643510391,-0.120193144,1,3012,5,173927,inf,trans,0.120193144,3012,161956,184224,False
YGR282C,BGL2; SCW9,4.289145795,-0.262690408,0,898,3,780,inf,trans,0.262690408,898,780,780,False
YGR282C,BGL2; SCW9,4.244426694,0.440316413,0,5430,8,556173,inf,trans,0.440316413,5430,556173,556173,False
YGR282C,BGL2; SCW9,4.129691022,-0.285788937,0,4548,7,785333,272457.0,trans,0.285788937,4548,785333,785333,False
YJL034W,KAR2,10.61477394,-0.915089792,0,3121,5,266246,inf,trans,0.915089792,3121,266246,266246,False
YJL034W,KAR2,6.239459624,0.290678223,0,5052,8,193408,inf,trans,0.290678223,5052,191947,205962,False
YJL034W,KAR2,6.021965278,0.272211836,0,7161,11,387462,inf,trans,0.272211836,7161,387462,387462,False
YJL034W,KAR2,5.058795852,0.11810221,0,1900,4,591435,inf,trans,0.11810221,1900,576758,597710,False
YJL034W,KAR2,4.901792544,-0.115357957,0,2149,4,851282,inf,trans,0.115357957,2149,844958,861441,False
YJL034W,KAR2,4.774023217,-0.372572318,0,993,3,84800,inf,trans,0.372572318,993,84800,84800,False
YJL034W,KAR2,4.743279495,-0.142865667,0,2979,5,127339,inf,trans,0.142865667,2979,124644,134626,False
YJL034W,KAR2,4.73643996,-0.109161979,0,6213,10,381270,52.0,cis,0.109161979,6213,381270,388763,True
YJL034W,KAR2,4.678075633,0.111683414,0,4457,7,659437,inf,trans,0.111683414,4457,652017,669370,False
YJL034W,KAR2,4.428485109,-0.10464781,0,8235,12,893539,inf,trans,0.10464781,8235,885953,903048,False
YJL034W,KAR2,4.156455607,-0.110263834,0,10437,15,448753,inf,trans,0.110263834,10437,446521,453019,False
YJL034W,KAR2,4.116192116,-0.10180154,0,294,2,128935,inf,trans,0.10180154,294,123100,136173,False
YJL034W,KAR2,4.092840606,-0.103401454,0,1951,4,637598,inf,trans,0.103401454,1951,631409,645245,False
YJL034W,KAR2,3.923828645,0.102221968,0,2242,4,927509,inf,trans,0.102221968,2242,911766,930823,False
YNL239W,LAP3,10.59380309,-0.177861405,0,5612,9,139216,inf,trans,0.177861405,5612,125289,144955,False
YNL239W,LAP3,6.564091807,-1.154505347,0,10553,15,594819,inf,trans,1.154505347,10553,594819,594822,False
YNL239W,LAP3,6.110587441,0.128195447,0,7648,12,235332,inf,trans,0.128195447,7648,230908,245473,False
YNL239W,LAP3,5.810259193,-0.150939878,0,7215,11,446795,inf,trans,0.150939878,7215,436668,452711,False
YNL239W,LAP3,5.26021205,-0.116334828,0,10839,15,850586,inf,trans,0.116334828,10839,841040,873940,False
YNL239W,LAP3,4.788734374,0.117107969,0,8666,13,331270,inf,trans,0.117107969,8666,329611,333904,False
YNL239W,LAP3,4.429014492,0.444730578,0,7873,12,460678,inf,trans,0.444730578,7873,460678,460678,False
YNL239W,LAP3,4.214582436,0.104136,0,2219,4,914952,inf,trans,0.104136,2219,896785,928575,False
YNL239W,LAP3,4.200875415,-0.102448217,0,6874,11,98757,inf,trans,0.102448217,6874,96863,114020,False
YER177W,BMH1,12.86713923,-1.343158074,0,10777,15,785154,inf,trans,1.343158074,10777,785154,785154,False
YER177W,BMH1,9.588808018,0.330167906,0,11699,16,586993,inf,trans,0.330167906,11699,572464,593213,False
YER177W,BMH1,9.030983868,-0.974632089,0,7686,12,265316,inf,trans,0.974632089,7686,265316,265316,False
YER177W,BMH1,7.087529846,-0.426479764,0,4207,7,412630,inf,trans,0.426479764,4207,412630,412630,False
YER177W,BMH1,7.027152233,0.143698644,0,1927,4,613791,inf,trans,0.143698644,1927,604043,624555,False
YER177W,BMH1,6.858588548,0.164014403,0,10194,15,173340,inf,trans,0.164014403,10194,165912,184082,False
YER177W,BMH1,6.75218481,0.142299343,1,2478,4,1246177,inf,trans,0.142299343,2478,1242195,1256208,False
YER177W,BMH1,6.363083675,-0.155251361,1,7595,12,185198,inf,trans,0.155251361,7595,182813,194466,False
YER177W,BMH1,5.558337465,0.870607772,0,4567,7,794535,inf,trans,0.870607772,4567,794535,794535,False
YER177W,BMH1,5.429875214,-0.688996749,0,4215,7,414263,inf,trans,0.688996749,4215,414263,414263,False
YER177W,BMH1,4.974270429,-0.230572262,0,11710,16,591766,inf,trans,0.230572262,11710,576040,593213,False
YER177W,BMH1,4.879019497,0.221207571,1,4277,7,459752,inf,trans,0.221207571,4277,459752,459752,False
YER177W,BMH1,4.836151131,0.124484501,1,67,1,84701,inf,trans,0.124484501,67,83284,89616,False
YER177W,BMH1,4.450075126,0.110015912,0,2088,4,795775,inf,trans,0.110015912,2088,781689,812053,False
YER177W,BMH1,4.398957727,-0.141336489,0,8475,13,71887,inf,trans,0.141336489,8475,56990,80310,False
YER177W,BMH1,4.072448893,-0.150678871,1,10873,15,894338,inf,trans,0.150678871,10873,894338,894338,False
YER177W,BMH1,3.933698197,-0.103583405,0,5235,8,383024,inf,trans,0.103583405,5235,378565,397561,False
YDR099W,BMH2,10.85809041,0.22069806,0,10194,15,173340,inf,trans,0.22069806,10194,165912,184082,False
YDR099W,BMH2,10.02648471,0.184470167,1,2478,4,1246177,591752.0,trans,0.184470167,2478,1242195,1256208,False
YDR099W,BMH2,9.398531522,-0.734835922,0,7873,12,460678,inf,trans,0.734835922,7873,460678,460678,False
YDR099W,BMH2,8.777300248,0.370488142,0,5416,8,541428,inf,trans,0.370488142,5416,541428,541428,False
YDR099W,BMH2,8.133914045,0.177692304,0,11699,16,586993,inf,trans,0.177692304,11699,572464,593213,False
YDR099W,BMH2,8.084296502,-0.866448674,0,3121,5,266246,inf,trans,0.866448674,3121,266246,266246,False
YDR099W,BMH2,7.359283194,1.053795554,0,4567,7,794535,inf,trans,1.053795554,4567,794535,794535,False
YDR099W,BMH2,6.779391143,-0.306846651,0,1784,4,520430,133174.0,trans,0.306846651,1784,520430,520430,False
YDR099W,BMH2,5.37147812,0.183530849,1,2036,4,720543,66118.0,trans,0.183530849,2036,720543,720543,False
YDR099W,BMH2,4.915875554,-0.120864545,0,11799,16,694515,inf,trans,0.120864545,11799,687039,698663,False
YDR099W,BMH2,4.846954448,-0.132034338,0,11651,16,535073,inf,trans,0.132034338,11651,532338,544393,False
YDR099W,BMH2,4.760458809,-0.12550417,1,8670,13,333904,inf,trans,0.12550417,8670,329611,338431,False
YDR099W,BMH2,4.387645798,-0.131904139,0,8447,13,43354,inf,trans,0.131904139,8447,43096,46758,False
YPL217C,BMS1,5.885414452,-0.355481994,1,10167,15,154160,inf,trans,0.355481994,10167,149218,160644,False
YPL217C,BMS1,5.329794192,0.161103952,0,5260,8,390246,inf,trans,0.161103952,5260,380610,397561,False
YPL217C,BMS1,5.147143538,0.650255803,0,7873,12,460678,inf,trans,0.650255803,7873,460678,460678,False
YGL007W,BRP1,11.61102688,-0.658655452,0,5430,8,556173,inf,trans,0.658655452,5430,556173,556173,False
YGL007W,BRP1,10.38650934,-1.008939888,0,3121,5,266246,inf,trans,1.008939888,3121,266246,266246,False
YGL007W,BRP1,10.04550713,1.322630176,0,4567,7,794535,310893.0,trans,1.322630176,4567,794535,794535,False
YGL007W,BRP1,8.21121174,-0.392490785,0,5420,8,554022,inf,trans,0.392490785,5420,554022,554022,False
YGL007W,BRP1,8.156834253,0.35559877,1,1305,4,71282,inf,trans,0.35559877,1305,65329,85322,False
YGL007W,BRP1,7.393813326,-0.159083363,0,7707,12,283720,inf,trans,0.159083363,7707,282769,286066,False
YGL007W,BRP1,7.066029048,0.332471387,1,842,2,780187,inf,trans,0.332471387,842,772699,791790,False
YGL007W,BRP1,6.420589462,-0.688646062,0,11524,16,359487,inf,trans,0.688646062,11524,359487,359487,False
YGL007W,BRP1,6.250469686,-0.133577531,1,10896,15,919436,inf,trans,0.133577531,10896,908870,927535,False
YGL007W,BRP1,6.05788617,0.306725167,0,5416,8,541428,inf,trans,0.306725167,5416,541428,541428,False
YGL007W,BRP1,5.971097949,-0.815400255,0,10777,15,785154,inf,trans,0.815400255,10777,785154,785154,False
YGL007W,BRP1,5.801006183,-0.141066601,0,10437,15,448753,inf,trans,0.141066601,10437,446521,453019,False
YGL007W,BRP1,5.506251693,-0.129257474,1,175,1,197325,inf,trans,0.129257474,175,194187,197392,False
YGL007W,BRP1,5.447367765,-0.2812479,0,1300,4,68911,inf,trans,0.2812479,1300,65329,85322,False
YGL007W,BRP1,5.115579195,0.128548495,1,7968,12,563476,inf,trans,0.128548495,7968,556335,570923,False
YGL007W,BRP1,4.795488332,-0.278544346,1,11680,16,572345,inf,trans,0.278544346,11680,572345,572345,False
YGL007W,BRP1,4.642217375,-0.260815308,0,896,3,757,inf,trans,0.260815308,896,757,757,False
YGL007W,BRP1,4.241398434,-0.405990705,0,10260,15,237009,inf,trans,0.405990705,10260,237009,237009,False
YGL007W,BRP1,4.23722648,0.255562519,0,4,1,1470,inf,trans,0.255562519,4,1470,1470,False
YGL007W,BRP1,4.19915424,-0.187587,1,8689,13,353678,inf,trans,0.187587,8689,353678,353678,False
YGL007W,BRP1,3.977519658,0.209450276,0,9830,14,692520,inf,trans,0.209450276,9830,691577,692520,False
YGL007W,BRP1,3.967217673,-0.121435117,0,5790,9,268440,inf,trans,0.121435117,5790,267323,268445,False
YGL007W,BRP1,3.861259319,-0.234476065,1,847,2,782605,inf,trans,0.234476065,847,772699,791790,False
YGL007W,BRP1,3.846078399,0.347495686,0,7031,11,231612,inf,trans,0.347495686,7031,231612,231612,False
YGL007W,BRP1,3.827826756,-0.100256171,1,2864,5,42051,inf,trans,0.100256171,2864,38200,42740,False
YOL077C,BRX1,5.883072895,0.14746342,0,11774,16,656737,inf,trans,0.14746342,11774,652919,664738,False
YOL077C,BRX1,5.718023156,-0.147598071,0,2478,4,1246177,inf,trans,0.147598071,2478,1242195,1256208,False
YOL077C,BRX1,5.156652824,-0.139084626,1,10177,15,160429,25419.0,trans,0.139084626,10177,158171,160644,False
YOL077C,BRX1,5.042735471,0.134093531,0,5127,8,249836,inf,trans,0.134093531,5127,239187,262618,False
YOL077C,BRX1,4.940742096,0.164471123,1,9701,14,579920,inf,trans,0.164471123,9701,579920,579920,False
YOL077C,BRX1,4.93958526,-0.136346045,0,10613,15,651364,464641.0,trans,0.136346045,10613,639862,657980,False
YOL077C,BRX1,4.845323828,0.221810411,0,10424,15,427890,241167.0,trans,0.221810411,10424,427884,427890,False
YOL077C,BRX1,4.657473198,-0.13405653,0,11723,16,605104,inf,trans,0.13405653,11723,599525,611083,False
YOL077C,BRX1,4.642716907,0.347338788,0,4207,7,412630,inf,trans,0.347338788,4207,412630,412630,False
YOR078W,BUD21; UTP16,6.151591243,-0.340115112,0,5416,8,541428,inf,trans,0.340115112,5416,541428,541428,False
YOR078W,BUD21; UTP16,5.019835685,0.142225324,0,5786,9,267785,inf,trans,0.142225324,5786,264604,268445,False
YIR036C,IRC24,7.862751255,0.231219406,0,10194,15,173340,inf,trans,0.231219406,10194,165912,184082,False
YGR204W,ADE3,26.89433082,-0.321870503,0,10195,15,179652,inf,trans,0.321870503,10195,165912,185951,False
YGR204W,ADE3,11.04546222,0.225681271,0,8474,13,70380,inf,trans,0.225681271,8474,56990,77330,False
YGR204W,ADE3,9.291545186,-0.159886992,0,11355,16,210158,inf,trans,0.159886992,11355,196859,213411,False
YGR204W,ADE3,9.054858161,-0.158841019,1,8820,13,511585,inf,trans,0.158841019,8820,506148,514849,False
YGR204W,ADE3,8.923835003,-0.23378784,1,7853,12,442034,inf,trans,0.23378784,7853,425418,443164,False
YGR204W,ADE3,7.383677809,0.318967523,1,8041,12,646385,inf,trans,0.318967523,8041,646385,646385,False
YGR204W,ADE3,7.329045509,-0.151854283,0,1530,4,270158,inf,trans,0.151854283,1530,264432,271787,False
YGR204W,ADE3,7.168379207,-0.138250378,0,5594,9,136028,inf,trans,0.138250378,5594,114834,144955,False
YGR204W,ADE3,6.690514329,-0.304636096,0,338,2,161451,inf,trans,0.304636096,338,161451,161451,False
YGR204W,ADE3,6.574704306,-0.158582961,1,8088,12,719563,inf,trans,0.158582961,8088,712324,725191,False
YGR204W,ADE3,6.50398733,0.128686457,0,4203,7,409966,495973.0,trans,0.128686457,4203,397324,424415,False
YGR204W,ADE3,6.435655908,-0.136378679,0,7956,12,555317,inf,trans,0.136378679,7956,551811,560481,False
YGR204W,ADE3,6.160693276,-0.12543527,0,11687,16,578941,inf,trans,0.12543527,11687,571530,591786,False
YGR204W,ADE3,5.911184524,-0.131302708,0,642,2,523217,inf,trans,0.131302708,642,505207,530047,False
YGR204W,ADE3,5.560636815,0.121452473,1,2553,4,1341560,inf,trans,0.121452473,2553,1335020,1354322,False
YGR204W,ADE3,5.225958131,0.529497313,1,1860,4,562709,inf,trans,0.529497313,1860,554056,575468,False
YGR204W,ADE3,5.164124116,0.17024108,1,7835,12,425418,inf,trans,0.17024108,7835,420304,443164,False
YGR204W,ADE3,5.120458851,0.114453043,0,2276,4,959283,inf,trans,0.114453043,2276,956734,980835,False
YGR204W,ADE3,5.105153051,-0.11903071,1,2480,4,1248695,inf,trans,0.11903071,2480,1242195,1256509,False
YGR204W,ADE3,4.73001067,0.866956194,0,986,3,82706,inf,trans,0.866956194,986,82706,82706,False
YGR204W,ADE3,4.708333118,-0.12013981,0,8126,12,767420,inf,trans,0.12013981,8126,759848,777907,False
YGR204W,ADE3,4.502309429,0.216752881,0,437,2,296198,inf,trans,0.216752881,437,296198,296198,False
YGR204W,ADE3,4.481137936,-0.104187444,0,4688,7,905443,496.0,cis,0.104187444,4688,903446,907934,True
YGR204W,ADE3,4.115175237,-0.205387849,0,7146,11,379892,inf,trans,0.205387849,7146,376286,380964,False
YGR204W,ADE3,4.069863627,0.495987249,0,9656,14,554932,inf,trans,0.495987249,9656,554932,554932,False
YGR204W,ADE3,3.853529266,-0.107470076,1,178,1,206666,inf,trans,0.107470076,178,206666,206675,False
YGR204W,ADE3,3.664752778,-0.100693182,0,2511,4,1284773,inf,trans,0.100693182,2511,1278407,1287974,False
YGR204W,ADE3,3.617511623,0.093291297,0,7389,11,635886,inf,trans,0.093291297,7389,632234,645157,False
YGR204W,ADE3,3.601097866,0.200382634,0,3197,5,382523,inf,trans,0.200382634,3197,382523,382523,False
YGR204W,ADE3,3.425964544,0.088827836,0,6123,10,238334,inf,trans,0.088827836,6123,237784,245956,False
YGR204W,ADE3,3.424321469,0.093509094,0,8670,13,333904,inf,trans,0.093509094,8670,329611,338431,False
YBR084W,MIS1,7.455799789,-0.18316048,0,11553,16,404629,inf,trans,0.18316048,11553,382997,423193,False
YBR109C,CMD1,6.867029216,-0.171326031,0,6900,11,119264,inf,trans,0.171326031,6900,102671,130533,False
YBR109C,CMD1,5.123684291,0.161742651,1,10198,15,181071,inf,trans,0.161742651,10198,168199,185951,False
YNL036W,NCE103; NCE3,7.434974237,0.191191484,0,9663,14,560773,293.0,cis,0.191191484,9663,547829,592657,True
YKL190W,CNB1,8.759972392,0.228179579,0,10192,15,172074,inf,trans,0.228179579,10192,165912,184082,False
YKL190W,CNB1,5.7835093,-0.312902605,0,1784,4,520430,inf,trans,0.312902605,1784,520430,520430,False
YNL138W,SRV2; CAP1,12.3788924,0.255245492,1,10195,15,179652,inf,trans,0.255245492,10195,165912,185951,False
YNL138W,SRV2; CAP1,6.83341297,-0.221995776,0,8463,13,61764,inf,trans,0.221995776,8463,55098,75198,False
YKL007W,CAP1,12.05461775,0.27318308,0,10194,15,173340,inf,trans,0.27318308,10194,165912,184082,False
YKL007W,CAP1,5.722338111,-0.154700708,0,5300,8,441024,inf,trans,0.154700708,5300,425448,453534,False
YOR303W,CPA1,12.38829455,-0.22213451,1,10183,15,168592,714305.0,trans,0.22213451,10183,165912,181071,False
YOR303W,CPA1,5.892520251,-0.132905352,0,4269,7,446235,inf,trans,0.132905352,4269,438424,449489,False
YJR109C,CPA2,11.57723452,-0.190533152,0,7852,12,441706,inf,trans,0.190533152,7852,425418,443164,False
YJR109C,CPA2,9.314535289,-0.171647402,0,11685,16,576347,inf,trans,0.171647402,11685,564355,591786,False
YJR109C,CPA2,9.141290832,-0.172969038,0,5612,9,139216,inf,trans,0.172969038,5612,125289,144955,False
YJR109C,CPA2,7.643640275,0.196602818,1,8474,13,70380,inf,trans,0.196602818,8474,56990,77330,False
YJR109C,CPA2,7.020179476,0.152503592,0,8665,13,329923,inf,trans,0.152503592,8665,329611,333904,False
YJR109C,CPA2,6.127940346,-0.136799486,0,3222,5,416981,inf,trans,0.136799486,3222,412759,432587,False
YJR109C,CPA2,6.090677038,-0.139613262,0,7984,12,572030,inf,trans,0.139613262,7984,567889,576167,False
YJR109C,CPA2,5.814647455,0.13022809,0,7189,11,425985,inf,trans,0.13022809,7189,407251,445373,False
YJR109C,CPA2,5.203086475,-0.132052555,0,637,2,517869,inf,trans,0.132052555,637,505207,530047,False
YJR109C,CPA2,5.015962349,-0.11836435,0,6895,11,118745,inf,trans,0.11836435,6895,102671,125700,False
YJR109C,CPA2,4.535207606,-0.112912403,0,8111,12,746392,inf,trans,0.112912403,8111,732202,754859,False
YJR109C,CPA2,4.433782997,-0.220532263,1,10191,15,171671,inf,trans,0.220532263,10191,165912,184082,False
YPL154C,PEP4,20.15732076,0.314418855,0,10192,15,172074,inf,trans,0.314418855,10192,165912,184082,False
YPL154C,PEP4,15.01604759,0.265678662,1,11687,16,578941,318011.0,trans,0.265678662,11687,571530,591786,False
YPL154C,PEP4,8.915711821,-0.314379051,0,8463,13,61764,inf,trans,0.314379051,8463,55098,75198,False
YPL154C,PEP4,6.366680825,0.157242658,0,642,2,523217,inf,trans,0.157242658,642,505207,530047,False
YPL154C,PEP4,5.723321159,-0.272635628,0,1784,4,520430,inf,trans,0.272635628,1784,520430,520430,False
YPL154C,PEP4,5.532371309,0.133192834,0,8294,12,954658,inf,trans,0.133192834,8294,954167,956536,False
YPL154C,PEP4,5.130615476,0.132176281,0,6468,10,652769,inf,trans,0.132176281,6468,642327,662711,False
YPL154C,PEP4,5.112026389,-0.328477884,0,1676,4,383923,inf,trans,0.328477884,1676,383923,383923,False
YPL154C,PEP4,4.940451667,-0.142995916,1,11647,16,532338,271408.0,trans,0.142995916,11647,532338,539109,False
YPL154C,PEP4,4.716830377,0.124325137,0,5999,10,43909,inf,trans,0.124325137,5999,41756,54931,False
YPL154C,PEP4,4.483833982,-0.253310097,0,7166,11,394469,inf,trans,0.253310097,7166,394469,394469,False
YPL154C,PEP4,4.477857121,0.120698743,0,3669,6,71471,inf,trans,0.120698743,3669,62743,74913,False
YLR175W,CBF5,9.952287271,-0.225360517,0,10198,15,181071,inf,trans,0.225360517,10198,168199,185951,False
YLR175W,CBF5,6.043237235,-0.246875986,0,1004,3,92716,inf,trans,0.246875986,1004,79867,95493,False
YJL172W,CPS1; CPS,39.14592038,-0.343701684,1,6030,10,101719,2258.0,trans,0.343701684,6030,96579,111674,False
YJL172W,CPS1; CPS,18.06650551,-0.222338638,1,11890,16,812990,inf,trans,0.222338638,11890,798666,821586,False
YJL172W,CPS1; CPS,10.57761677,0.211393443,0,8479,13,74713,inf,trans,0.211393443,8479,61764,81354,False
YJL172W,CPS1; CPS,7.919730386,0.193079821,0,3085,5,239147,inf,trans,0.193079821,3085,227110,246808,False
YJL172W,CPS1; CPS,7.576754047,0.61316293,0,7873,12,460678,inf,trans,0.61316293,7873,460678,460678,False
YJL172W,CPS1; CPS,7.409202758,-0.139593044,0,5597,9,136134,inf,trans,0.139593044,5597,114834,144955,False
YJL172W,CPS1; CPS,6.925319568,-0.268042842,0,1784,4,520430,inf,trans,0.268042842,1784,520430,520430,False
YJL172W,CPS1; CPS,5.868458104,-0.177798471,0,5647,9,177464,inf,trans,0.177798471,5647,177464,177464,False
YJL172W,CPS1; CPS,5.758387609,0.710909518,0,3121,5,266246,inf,trans,0.710909518,3121,266246,266246,False
YJL172W,CPS1; CPS,5.748599472,-0.117826399,0,4521,7,729692,inf,trans,0.117826399,4521,713462,732233,False
YJL172W,CPS1; CPS,5.572566831,0.11751641,0,1276,4,48267,inf,trans,0.11751641,1276,37106,56089,False
YJL172W,CPS1; CPS,5.337860713,-0.121407359,0,2099,4,808557,inf,trans,0.121407359,2099,808113,808557,False
YJL172W,CPS1; CPS,5.197801528,0.262402865,1,1677,4,384094,inf,trans,0.262402865,1677,375688,390909,False
YJL172W,CPS1; CPS,4.962598947,-0.110785391,0,4270,7,449305,inf,trans,0.110785391,4270,446235,449489,False
YJL172W,CPS1; CPS,4.923892736,-0.108041405,0,9031,13,702308,inf,trans,0.108041405,9031,698336,714847,False
YJL172W,CPS1; CPS,4.762231319,0.54910944,1,3591,6,12139,inf,trans,0.54910944,3591,12139,12139,False
YJL172W,CPS1; CPS,4.726704803,0.111596729,0,8664,13,329611,inf,trans,0.111596729,8664,329611,333904,False
YJL172W,CPS1; CPS,4.583727479,0.103435419,1,4017,7,174147,inf,trans,0.103435419,4017,158616,183625,False
YJL172W,CPS1; CPS,4.398548757,0.115994356,1,10889,15,909076,inf,trans,0.115994356,10889,909076,909076,False
YJL172W,CPS1; CPS,4.080095684,0.097204904,0,5950,9,411811,inf,trans,0.097204904,5950,402212,421228,False
YJL172W,CPS1; CPS,3.968917086,0.097876254,0,5999,10,43909,53822.0,trans,0.097876254,5999,41756,54931,False
YJL172W,CPS1; CPS,3.88721829,-0.290434647,0,987,3,84195,inf,trans,0.290434647,987,84195,92671,False
YJL172W,CPS1; CPS,3.837916352,0.093210795,0,2280,4,962979,inf,trans,0.093210795,2280,956734,1000959,False
YJL172W,CPS1; CPS,3.760414787,0.352398398,0,10260,15,237009,inf,trans,0.352398398,10260,237009,237009,False
YJL172W,CPS1; CPS,3.675031578,-0.243723014,0,3100,5,249522,inf,trans,0.243723014,3100,243584,254385,False
YJL172W,CPS1; CPS,3.673096787,-0.180935945,0,11154,16,64155,inf,trans,0.180935945,11154,51066,73035,False
YJL172W,CPS1; CPS,3.607969623,0.090647603,1,1114,3,214156,inf,trans,0.090647603,1114,214156,214156,False
YMR297W,PRC1,16.66196977,0.299843565,1,10191,15,171671,inf,trans,0.299843565,10191,165912,184082,False
YMR297W,PRC1,10.64454367,0.205788704,0,11689,16,579790,inf,trans,0.205788704,11689,554350,591786,False
YMR297W,PRC1,5.878008542,0.149153997,1,3669,6,71471,inf,trans,0.149153997,3669,62743,74913,False
YMR297W,PRC1,5.518048011,-0.143383648,0,9768,14,621027,inf,trans,0.143383648,9768,606273,647843,False
YMR297W,PRC1,4.823223295,0.13251852,0,6007,10,61708,inf,trans,0.13251852,6007,61391,68934,False
YMR297W,PRC1,4.631063031,0.12941144,0,2478,4,1246177,inf,trans,0.12941144,2478,1242195,1256208,False
YGR155W,CYS4; STR4,7.370944327,0.291205125,1,8316,12,976001,inf,trans,0.291205125,8316,960254,990758,False
YGR155W,CYS4; STR4,7.256035604,-0.157072176,0,1286,4,55290,inf,trans,0.157072176,1286,48267,62324,False
YGR155W,CYS4; STR4,5.233194724,0.171718098,0,8468,13,66821,inf,trans,0.171718098,8468,56990,75773,False
YAL039C,CYC3,20.16720065,0.331437676,1,10195,15,179652,inf,trans,0.331437676,10195,165912,185951,False
YAL039C,CYC3,8.881846771,0.18684099,0,5610,9,138636,inf,trans,0.18684099,5610,125289,144955,False
YAL039C,CYC3,6.327066196,0.155741079,1,11680,16,572345,inf,trans,0.155741079,11680,572345,572345,False
YAL039C,CYC3,5.492855429,0.152748274,0,636,2,517548,inf,trans,0.152748274,636,505207,530047,False
YKR066C,CCP1,41.59046076,0.401894954,0,7318,11,567434,594.0,cis,0.401894954,7318,559683,571825,True
YKR066C,CCP1,6.952664059,0.885633754,0,4215,7,414263,inf,trans,0.885633754,4215,414263,414263,False
YKR066C,CCP1,6.829412301,0.368811403,0,844,2,780425,inf,trans,0.368811403,844,780425,780425,False
YKR066C,CCP1,6.112013018,-0.998546828,0,4567,7,794535,inf,trans,0.998546828,4567,794535,794535,False
YKR066C,CCP1,5.653682606,0.883451375,0,10777,15,785154,inf,trans,0.883451375,10777,785154,785154,False
YKR066C,CCP1,5.047853561,0.139555178,0,10187,15,170413,inf,trans,0.139555178,10187,165912,184082,False
YMR038C,CCS1; LYS7,6.086529672,-0.213721639,1,10762,15,774673,inf,trans,0.213721639,10762,774372,785674,False
YMR038C,CCS1; LYS7,5.876917255,-0.149702371,0,11688,16,579283,inf,trans,0.149702371,11688,559542,591786,False
YMR038C,CCS1; LYS7,5.299485146,-0.139010842,1,7985,12,574586,inf,trans,0.139010842,7985,567889,586321,False
YMR038C,CCS1; LYS7,5.049888512,-0.134698655,0,9808,14,654230,inf,trans,0.134698655,9808,654230,663083,False
YMR038C,CCS1; LYS7,4.9431182,-0.133486902,0,8596,13,216599,130911.0,trans,0.133486902,8596,210558,217356,False
YJR076C,CDC11; PSL9,5.64348499,-0.20934291,1,10873,15,894338,inf,trans,0.20934291,10873,894338,894338,False
YJR076C,CDC11; PSL9,5.587820704,-0.155599759,0,1756,4,476181,inf,trans,0.155599759,1756,445208,501469,False
YJR076C,CDC11; PSL9,5.546086335,0.154985153,0,8381,12,1029017,inf,trans,0.154985153,8381,1028353,1042274,False
YHR107C,CDC12,7.971510556,0.189470223,0,7980,12,570630,inf,trans,0.189470223,7980,563476,576167,False
YLR314C,CDC3,17.43703432,0.294184767,1,10194,15,173340,inf,trans,0.294184767,10194,165912,184082,False
YLR314C,CDC3,9.404438364,-0.251113361,0,8460,13,58847,inf,trans,0.251113361,8460,55098,73225,False
YLR314C,CDC3,7.840345373,-0.171265505,0,9794,14,642447,inf,trans,0.171265505,9794,620369,648789,False
YLR314C,CDC3,5.94750151,0.141748194,0,6080,10,176228,inf,trans,0.141748194,6080,163124,189445,False
YLR314C,CDC3,5.429114339,0.37320498,0,957,3,56833,inf,trans,0.37320498,957,56833,56833,False
YLR314C,CDC3,5.102548928,-0.129063441,0,5075,8,200519,inf,trans,0.129063441,5075,191947,206590,False
YLR314C,CDC3,4.814608254,0.127880293,0,5608,9,137267,inf,trans,0.127880293,5608,122617,144955,False
YLR314C,CDC3,4.747040311,0.123763304,0,7955,12,553802,208773.0,trans,0.123763304,7955,545567,560481,False
YLR314C,CDC3,4.600565533,0.123137272,0,4518,7,729111,inf,trans,0.123137272,4518,712998,732233,False
YDL126C,CDC48,15.25834366,0.253361437,1,10191,15,171671,inf,trans,0.253361437,10191,165912,184082,False
YDL126C,CDC48,8.950563304,-0.217272694,1,10612,15,649484,inf,trans,0.217272694,10612,639239,656377,False
YDL126C,CDC48,7.174503864,-0.315006186,0,2812,5,22638,inf,trans,0.315006186,2812,22638,22638,False
YDL126C,CDC48,6.276532011,0.150253587,0,4534,7,755392,inf,trans,0.150253587,4534,751217,769305,False
YDL126C,CDC48,5.93275653,0.132154163,0,11699,16,586993,inf,trans,0.132154163,11699,572464,593213,False
YDL126C,CDC48,5.808337407,0.134775551,0,5225,8,375520,inf,trans,0.134775551,5225,372172,378565,False
YDL126C,CDC48,5.718430308,0.227191963,1,629,2,501746,inf,trans,0.227191963,629,495558,510140,False
YDL126C,CDC48,5.500418368,-0.161514574,1,1684,4,390909,152245.0,trans,0.161514574,1684,380252,397927,False
YDL126C,CDC48,5.163649914,-0.259710196,0,4784,7,1011080,inf,trans,0.259710196,4784,1011080,1011080,False
YDL126C,CDC48,4.485485143,-0.11380173,0,12050,17,74432,inf,trans,0.11380173,12050,74432,74432,False
YDL126C,CDC48,4.444772478,-0.111052662,0,3970,7,128719,inf,trans,0.111052662,3970,128719,142863,False
YDL126C,CDC48,4.327977771,-0.108875199,0,6900,11,119264,inf,trans,0.108875199,6900,102671,130533,False
YDL126C,CDC48,4.174042218,0.139830922,1,10625,15,660805,inf,trans,0.139830922,10625,653769,660805,False
YDL126C,CDC48,4.024929495,0.209249093,0,4384,7,607495,inf,trans,0.209249093,4384,607495,607495,False
YDL126C,CDC48,4.009475376,0.103557175,0,2319,4,1000959,762295.0,trans,0.103557175,2319,961744,1006085,False
YDL126C,CDC48,3.862770854,0.266848757,0,1675,4,383923,145259.0,trans,0.266848757,1675,383923,383923,False
YDL126C,CDC48,3.854415533,0.126281901,0,6400,10,586417,inf,trans,0.126281901,6400,586417,586417,False
YBR029C,CDS1; CDG1,6.929874616,-0.173530666,0,5604,9,136579,inf,trans,0.173530666,5604,114834,144955,False
YBR029C,CDS1; CDG1,5.096678011,-0.16126052,0,10197,15,180978,inf,trans,0.16126052,10197,168199,185951,False
YML036W,CGI121,7.705493714,0.276666532,0,9327,14,106872,inf,trans,0.276666532,9327,89377,116086,False
YOR020C,HSP10; CPN10,9.608776457,-0.175911071,1,1281,4,51735,inf,trans,0.175911071,1281,43687,60460,False
YOR020C,HSP10; CPN10,6.05413831,-0.135508373,0,6006,10,61545,inf,trans,0.135508373,6006,61391,68934,False
YOR020C,HSP10; CPN10,6.028858978,0.135891179,0,1079,3,188979,inf,trans,0.135891179,1079,168031,198615,False
YOR020C,HSP10; CPN10,5.554504718,0.131140727,0,10382,15,372714,1870.0,trans,0.131140727,10382,363969,382511,False
YOR020C,HSP10; CPN10,5.471185203,-0.130663817,0,3667,6,66460,inf,trans,0.130663817,3667,62743,74406,False
YOR020C,HSP10; CPN10,5.03146483,0.133854751,0,5603,9,136527,inf,trans,0.133854751,5603,125289,144699,False
YOR020C,HSP10; CPN10,4.812933406,0.251713609,0,8194,12,845781,inf,trans,0.251713609,8194,845781,845781,False
YOR020C,HSP10; CPN10,4.589927305,0.118760352,0,9375,14,176702,inf,trans,0.118760352,9375,163967,187156,False
YER163C,GCG1,7.176671381,0.197476246,1,10191,15,171671,inf,trans,0.197476246,10191,165912,184082,False
YER163C,GCG1,7.109280694,-0.170908078,0,1151,3,252801,inf,trans,0.170908078,1151,249928,259458,False
YER163C,GCG1,6.127588304,-0.217696121,1,8458,13,56990,inf,trans,0.217696121,8458,55098,73225,False
YER163C,GCG1,5.261110542,0.146049482,0,7884,12,500001,inf,trans,0.146049482,7884,449482,508853,False
YER163C,GCG1,5.140002194,0.141854577,0,5170,8,324043,inf,trans,0.141854577,5170,298467,327592,False
YER163C,GCG1,4.574840795,0.136511151,0,7218,11,452711,inf,trans,0.136511151,7218,430725,463057,False
YPR060C,ARO7; OSM2,47.88290507,-0.438390862,1,11786,16,674766,92.0,cis,0.438390862,11786,669340,676149,True
YPR060C,ARO7; OSM2,7.763807218,-0.178830727,1,10195,15,179652,inf,trans,0.178830727,10195,165912,185951,False
YPR060C,ARO7; OSM2,6.372452987,-0.393623386,1,5544,9,85177,inf,trans,0.393623386,5544,76394,94251,False
YPR060C,ARO7; OSM2,6.236426876,-0.614182349,1,1798,4,538009,inf,trans,0.614182349,1798,537994,538009,False
YPR060C,ARO7; OSM2,6.031570694,0.135918114,0,9853,14,708362,inf,trans,0.135918114,9853,701961,711992,False
YPR060C,ARO7; OSM2,5.34760272,0.316647523,1,9040,13,706506,inf,trans,0.316647523,9040,701153,714847,False
YPR060C,ARO7; OSM2,4.819419756,0.132446282,0,7388,11,635532,inf,trans,0.132446282,7388,632234,644791,False
YGR157W,CHO2; PEM1,7.271434909,-0.169510717,0,10198,15,181071,inf,trans,0.169510717,10198,168199,185951,False
YGR157W,CHO2; PEM1,6.134580497,-0.357352767,0,7383,11,628896,inf,trans,0.357352767,7383,618029,632234,False
YGR157W,CHO2; PEM1,5.876049706,0.133695486,0,9584,14,457485,inf,trans,0.133695486,9584,441787,469677,False
YGR157W,CHO2; PEM1,5.044858823,0.120993118,0,3704,6,95926,inf,trans,0.120993118,3704,95448,95926,False
YGR157W,CHO2; PEM1,5.037393069,-0.121521407,0,6529,10,696080,inf,trans,0.121521407,6529,685754,701028,False
YGR157W,CHO2; PEM1,4.349097462,0.154071703,1,8909,13,588579,inf,trans,0.154071703,8909,588567,588579,False
YGR157W,CHO2; PEM1,4.321815384,-0.356377737,0,10391,15,385655,inf,trans,0.356377737,10391,385655,385655,False
YGR157W,CHO2; PEM1,4.305941334,0.289210975,1,7381,11,628241,inf,trans,0.289210975,7381,618029,632234,False
YGR157W,CHO2; PEM1,4.200511785,0.110403229,0,7647,12,235026,inf,trans,0.110403229,7647,230601,243991,False
YLR330W,CHS5; CAL3,9.483399669,0.243115528,0,10194,15,173340,inf,trans,0.243115528,10194,165912,184082,False
YJL158C,,9.770240312,-0.181559513,0,6050,10,133312,10368.0,trans,0.181559513,6050,113623,140918,False
YJL158C,,5.954212792,0.157664204,0,10192,15,172074,inf,trans,0.157664204,10192,165912,184082,False
YJL158C,,5.770125447,0.138763326,0,8109,12,745383,inf,trans,0.138763326,8109,732202,754859,False
YNR001C,CIT1,47.56331696,0.41910166,1,10191,15,171671,inf,trans,0.41910166,10191,165912,184082,False
YNR001C,CIT1,34.83433662,0.311349436,0,11677,16,571530,inf,trans,0.311349436,11677,544393,587778,False
YNR001C,CIT1,26.35153158,0.261019019,0,5610,9,138636,inf,trans,0.261019019,5610,125289,144955,False
YNR001C,CIT1,15.92546771,0.216790309,0,642,2,523217,inf,trans,0.216790309,642,505207,530047,False
YNR001C,CIT1,12.07859854,0.173039773,0,7980,12,570630,inf,trans,0.173039773,7980,563476,576167,False
YNR001C,CIT1,9.56001229,-0.206925951,0,8458,13,56990,inf,trans,0.206925951,8458,55098,73225,False
YNR001C,CIT1,9.196776603,0.149814078,0,8107,12,738039,inf,trans,0.149814078,8107,727931,749514,False
YNR001C,CIT1,7.515417417,-0.132054231,0,7190,11,428422,inf,trans,0.132054231,7190,411456,448760,False
YNR001C,CIT1,7.488147012,-0.13818574,1,8667,13,331334,inf,trans,0.13818574,8667,329611,333904,False
YNR001C,CIT1,6.961878099,-0.126770155,0,8816,13,509524,inf,trans,0.126770155,8816,500062,513217,False
YNR001C,CIT1,6.03640048,0.115782337,1,10726,15,757677,inf,trans,0.115782337,10726,748030,766225,False
YNR001C,CIT1,5.548090067,-0.146488375,0,9721,14,599892,29732.0,trans,0.146488375,9721,599886,599892,False
YNR001C,CIT1,5.292036401,-0.308989037,0,7031,11,231612,inf,trans,0.308989037,7031,231612,231612,False
YNR001C,CIT1,5.148802345,-0.110101772,0,2857,5,38037,inf,trans,0.110101772,2857,33720,41075,False
YNR001C,CIT1,4.924415821,0.102617634,1,11217,16,114578,inf,trans,0.102617634,11217,110992,122212,False
YNR001C,CIT1,4.723244277,-0.114997363,0,6311,10,448026,inf,trans,0.114997363,6311,415918,460583,False
YNR001C,CIT1,4.718347499,-0.101336083,0,2559,4,1345654,inf,trans,0.101336083,2559,1337514,1367398,False
YNR001C,CIT1,4.531734271,0.098967548,0,7861,12,448368,inf,trans,0.098967548,7861,448368,493255,False
YNR001C,CIT1,4.393088944,0.098012332,0,10993,15,1015033,inf,trans,0.098012332,10993,1010191,1018776,False
YNR001C,CIT1,4.172365526,0.096769123,0,8311,12,974822,inf,trans,0.096769123,8311,968660,987293,False
YNR001C,CIT1,3.965976355,0.569951267,0,10777,15,785154,inf,trans,0.569951267,10777,785154,785154,False
YNR001C,CIT1,3.920961152,0.092466257,0,1898,4,590984,inf,trans,0.092466257,1898,574801,597710,False
YNR001C,CIT1,3.861044575,-0.090029318,0,6385,10,577816,inf,trans,0.090029318,6385,575574,583848,False
YCR005C,CIT2,6.070257751,-0.170035923,0,1336,4,96325,inf,trans,0.170035923,1336,90193,103991,False
YCR005C,CIT2,6.005804253,0.485242628,0,4248,7,433855,inf,trans,0.485242628,4248,433855,433855,False
YCR005C,CIT2,5.953565498,-0.155569611,0,5593,9,132718,inf,trans,0.155569611,5593,112032,144955,False
YCR005C,CIT2,5.766900126,-0.15520553,0,6946,11,155937,inf,trans,0.15520553,6946,137433,170526,False
YBR135W,CKS1,8.205160081,0.195420817,0,1761,4,480076,inf,trans,0.195420817,1761,450801,504419,False
YBR135W,CKS1,7.169380785,0.936777667,0,11539,16,383323,inf,trans,0.936777667,11539,383323,383323,False
YBR135W,CKS1,6.098484413,-0.367602869,0,232,2,59755,445093.0,trans,0.367602869,232,59755,59755,False
YBR135W,CKS1,5.715788305,0.182828971,0,649,2,538990,33690.0,trans,0.182828971,649,530047,542505,False
YBR135W,CKS1,5.295002891,0.148045621,0,1097,3,204897,inf,trans,0.148045621,1097,195779,204903,False
YBR135W,CKS1,5.270870062,-0.312273883,0,5416,8,541428,inf,trans,0.312273883,5416,541428,541428,False
YBR135W,CKS1,4.915364369,-0.31520607,0,1705,4,428805,inf,trans,0.31520607,1705,428805,428805,False
YGR167W,CLC1,13.66129043,0.286010833,0,10192,15,172074,inf,trans,0.286010833,10192,165912,184082,False
YGL206C,CHC1,6.132630738,-0.329227631,0,844,2,780425,inf,trans,0.329227631,844,780425,780425,False
YGL206C,CHC1,5.575524188,-0.252657988,1,1095,3,203261,inf,trans,0.252657988,1095,195779,204903,False
YGL206C,CHC1,5.30484832,0.123136861,0,3667,6,66460,inf,trans,0.123136861,3667,62743,74406,False
YGL206C,CHC1,4.84610376,-0.204515288,1,7032,11,234032,inf,trans,0.204515288,7032,234032,234032,False
YMR012W,CLU1; TIF31,7.067143219,0.732892673,0,7873,12,460678,inf,trans,0.732892673,7873,460678,460678,False
YMR012W,CLU1; TIF31,5.346092685,0.146993631,0,7980,12,570630,inf,trans,0.146993631,7980,563476,576167,False
YMR012W,CLU1; TIF31,5.326169662,0.835411926,0,7686,12,265316,inf,trans,0.835411926,7686,265316,265316,False
YMR244C-A,COA6,30.64325057,0.421506463,1,10191,15,171671,inf,trans,0.421506463,10191,165912,184082,False
YMR244C-A,COA6,8.99801149,0.227533466,0,11696,16,586856,inf,trans,0.227533466,11696,571530,593213,False
YMR244C-A,COA6,8.7386059,0.186021981,0,5579,9,117736,inf,trans,0.186021981,5579,103774,136619,False
YMR244C-A,COA6,6.99765507,0.345947508,0,8405,12,1059495,inf,trans,0.345947508,8405,1059123,1059495,False
YMR244C-A,COA6,6.621877915,-0.170974379,0,8667,13,331334,427182.0,trans,0.170974379,8667,329611,333904,False
YMR244C-A,COA6,4.953114779,0.142687122,0,7157,11,384867,inf,trans,0.142687122,7157,379841,385019,False
YDL145C,COP1,6.521064354,-0.481714867,0,10844,15,860902,inf,trans,0.481714867,10844,860902,860902,False
YDL145C,COP1,6.179616658,0.136625662,1,9477,14,317822,inf,trans,0.136625662,9477,312060,331132,False
YDL145C,COP1,4.728918321,0.116746072,0,11214,16,105267,inf,trans,0.116746072,11214,92791,105336,False
YDL145C,COP1,4.535920531,-0.140222055,0,912,3,4582,inf,trans,0.140222055,912,2644,5784,False
YDL145C,COP1,4.516908303,-0.237782359,0,9350,14,138534,inf,trans,0.237782359,9350,138534,138534,False
YDL145C,COP1,4.414054845,-0.247248915,1,9266,14,7114,inf,trans,0.247248915,9266,7114,7114,False
YDL145C,COP1,4.33604499,0.112992797,0,7647,12,235026,inf,trans,0.112992797,7647,230601,243991,False
YDL145C,COP1,4.32554545,-0.126623568,0,10198,15,181071,inf,trans,0.126623568,10198,168199,185951,False
YDL145C,COP1,4.278125106,-0.317994932,0,8972,13,652533,inf,trans,0.317994932,8972,652533,652533,False
YDR238C,SEC26,6.915488094,0.334752822,0,4647,7,876941,inf,trans,0.334752822,4647,876941,876941,False
YDR238C,SEC26,5.947654047,0.135420202,1,11214,16,105267,inf,trans,0.135420202,11214,92791,105336,False
YDR238C,SEC26,5.272792307,-0.126506043,0,1957,4,643795,294096.0,trans,0.126506043,1957,636237,645245,False
YDR238C,SEC26,5.237217033,0.548032821,0,7873,12,460678,inf,trans,0.548032821,7873,460678,460678,False
YDR238C,SEC26,5.190934486,-0.272640035,1,9266,14,7114,inf,trans,0.272640035,9266,7114,7114,False
YDR238C,SEC26,4.626451458,0.404936829,0,4248,7,433855,inf,trans,0.404936829,4248,433855,433855,False
YDR238C,SEC26,4.517334046,-0.131964427,0,10196,15,180876,inf,trans,0.131964427,10196,168199,185951,False
YGL137W,SEC27,8.37534601,0.706380169,0,7873,12,460678,inf,trans,0.706380169,7873,460678,460678,False
YGL137W,SEC27,6.37097267,-0.251530029,0,1002,3,92556,inf,trans,0.251530029,1002,79867,96560,False
YGL137W,SEC27,6.192240479,0.381197924,0,4207,7,412630,159887.0,trans,0.381197924,4207,412630,412630,False
YIL076W,SEC28,6.358849961,0.731350855,0,7873,12,460678,inf,trans,0.731350855,7873,460678,460678,False
YLR429W,CRN1,11.25141403,0.260178812,0,10191,15,171671,inf,trans,0.260178812,10191,165912,184082,False
YLR038C,COX12,39.58775114,0.374979645,1,10191,15,171671,inf,trans,0.374979645,10191,165912,184082,False
YLR038C,COX12,31.41931934,0.286883692,0,5610,9,138636,inf,trans,0.286883692,5610,125289,144955,False
YLR038C,COX12,22.60699113,0.240729179,1,7973,12,563530,338357.0,trans,0.240729179,7973,563530,563530,False
YLR038C,COX12,19.24405782,-0.301380702,1,8458,13,56990,inf,trans,0.301380702,8458,55098,73225,False
YLR038C,COX12,11.49079163,-0.17410345,1,8667,13,331334,inf,trans,0.17410345,8667,329611,333904,False
YLR038C,COX12,10.29988897,0.15710838,0,8106,12,737804,512631.0,trans,0.15710838,8106,727931,749514,False
YLR038C,COX12,9.988552375,0.422104139,0,7859,12,443030,217857.0,trans,0.422104139,7859,425418,443164,False
YLR038C,COX12,9.115650391,0.158109825,0,641,2,518844,inf,trans,0.158109825,641,505207,530047,False
YLR038C,COX12,8.987525818,-0.20129959,0,1187,3,285659,inf,trans,0.20129959,1187,267625,297295,False
YLR038C,COX12,7.676647982,-0.417244121,1,5089,8,204645,inf,trans,0.417244121,5089,193408,206590,False
YLR038C,COX12,7.658480909,0.292067339,1,10992,15,1014707,inf,trans,0.292067339,10992,1010191,1018776,False
YLR038C,COX12,6.277638117,0.119270886,0,11687,16,578941,inf,trans,0.119270886,11687,571530,591786,False
YLR038C,COX12,6.153040339,-0.117499653,0,8816,13,509524,inf,trans,0.117499653,8816,500062,513217,False
YLR038C,COX12,5.637810183,-0.123278154,0,7190,11,428422,inf,trans,0.123278154,7190,411456,448760,False
YLR038C,COX12,5.32771457,-0.107822097,0,2852,5,35048,inf,trans,0.107822097,2852,30505,41075,False
YLR038C,COX12,5.311967207,0.680593338,0,11045,15,1075194,inf,trans,0.680593338,11045,1075194,1075194,False
YLR038C,COX12,5.277067025,0.110229171,0,8311,12,974822,749649.0,trans,0.110229171,8311,968660,987293,False
YLR038C,COX12,5.230470142,-0.112833122,0,2275,4,957589,inf,trans,0.112833122,2275,956734,961744,False
YLR038C,COX12,4.981640452,0.103552546,1,2483,4,1256509,inf,trans,0.103552546,2483,1248530,1264269,False
YLR038C,COX12,4.790066258,-0.235785109,0,3709,6,99153,inf,trans,0.235785109,3709,99153,99153,False
YLR038C,COX12,4.613426826,-0.276111299,1,7847,12,440640,215467.0,trans,0.276111299,7847,425418,443164,False
YLR038C,COX12,4.231565681,-0.096886048,0,2553,4,1341560,inf,trans,0.096886048,2553,1335020,1354322,False
YLR038C,COX12,3.97453888,0.289331365,0,5078,8,202890,inf,trans,0.289331365,5078,193408,206590,False
YLR038C,COX12,3.734070765,0.132144183,0,1175,3,272925,inf,trans,0.132144183,1175,265059,285299,False
YGL191W,COX13,34.21194122,0.298202712,0,7977,12,569918,inf,trans,0.298202712,7977,563476,576167,False
YGL191W,COX13,33.46283563,0.334732954,1,10191,15,171671,inf,trans,0.334732954,10191,165912,184082,False
YGL191W,COX13,26.10176349,0.265483149,1,5615,9,142542,inf,trans,0.265483149,5615,131829,155581,False
YGL191W,COX13,20.77565943,-0.308884366,1,8458,13,56990,inf,trans,0.308884366,8458,55098,73225,False
YGL191W,COX13,15.36307839,-0.202162483,0,8665,13,329923,inf,trans,0.202162483,8665,329611,333904,False
YGL191W,COX13,15.32890819,0.530461631,1,7859,12,443030,inf,trans,0.530461631,7859,425418,443164,False
YGL191W,COX13,9.681679194,0.405346523,0,11696,16,586856,inf,trans,0.405346523,11696,571530,593213,False
YGL191W,COX13,8.400291275,0.149507577,0,642,2,523217,inf,trans,0.149507577,642,505207,530047,False
YGL191W,COX13,8.31109261,0.14034982,0,4177,7,377882,232679.0,trans,0.14034982,4177,366066,379511,False
YGL191W,COX13,7.72960733,0.12985299,1,10993,15,1015033,inf,trans,0.12985299,10993,1010191,1018776,False
YGL191W,COX13,7.115431255,-0.349871481,1,7847,12,440640,inf,trans,0.349871481,7847,425418,443164,False
YGL191W,COX13,6.86533033,-0.336989708,1,11704,16,587778,inf,trans,0.336989708,11704,571530,593213,False
YGL191W,COX13,6.733890102,-0.121534167,0,7134,11,364620,inf,trans,0.121534167,7134,358366,367086,False
YGL191W,COX13,6.476176275,-0.117558923,0,10833,15,846837,inf,trans,0.117558923,10833,841040,864445,False
YGL191W,COX13,6.263275252,-0.116315625,0,8816,13,509524,inf,trans,0.116315625,8816,500062,513217,False
YGL191W,COX13,5.996636604,-0.116037479,0,4476,7,677969,532766.0,trans,0.116037479,4476,677969,684139,False
YGL191W,COX13,5.774038337,0.110380312,1,5195,8,353097,inf,trans,0.110380312,5195,342706,361900,False
YGL191W,COX13,5.636729495,-0.110533332,0,1937,4,622259,inf,trans,0.110533332,1937,613791,624555,False
YGL191W,COX13,5.374789627,0.105657784,0,6884,11,108870,inf,trans,0.105657784,6884,96863,122192,False
YGL191W,COX13,5.1673127,0.107021037,0,8311,12,974822,inf,trans,0.107021037,8311,968660,987293,False
YGL191W,COX13,4.782141353,0.100214296,1,3220,5,413363,inf,trans,0.100214296,3220,413363,413363,False
YGL191W,COX13,4.444021653,0.097530679,1,8131,12,777907,inf,trans,0.097530679,8131,764143,777907,False
YGL191W,COX13,4.333353275,-0.371618957,1,2797,5,21355,inf,trans,0.371618957,2797,21342,21355,False
YGL191W,COX13,4.060722457,0.21552168,0,5315,8,453634,inf,trans,0.21552168,5315,453634,453634,False
YGL191W,COX13,3.897454767,-0.089098164,0,1187,3,285659,inf,trans,0.089098164,1187,267625,297295,False
YGL191W,COX13,3.843840808,-0.092520998,0,4127,7,336889,191686.0,trans,0.092520998,4127,326640,345530,False
YLL009C,COX17,10.03407572,0.223189184,0,10205,15,185951,inf,trans,0.223189184,10205,179652,188149,False
YLL009C,COX17,8.841170208,0.192464553,0,5610,9,138636,inf,trans,0.192464553,5610,125289,144955,False
Q0250,COX2; OXI1,11.97050012,0.203616974,0,7978,12,569926,inf,trans,0.203616974,7978,563476,576167,False
Q0250,COX2; OXI1,11.54284585,0.226984603,1,10191,15,171671,inf,trans,0.226984603,10191,165912,184082,False
Q0250,COX2; OXI1,8.62114122,0.176135512,0,635,2,510140,inf,trans,0.176135512,635,498324,524731,False
Q0250,COX2; OXI1,8.091875098,-0.211541503,0,10434,15,447362,inf,trans,0.211541503,10434,443566,453019,False
Q0250,COX2; OXI1,7.799973965,0.161002821,0,5614,9,139442,inf,trans,0.161002821,5614,125289,144955,False
Q0250,COX2; OXI1,7.40603911,0.154538626,0,7863,12,449482,inf,trans,0.154538626,7863,448368,501734,False
Q0250,COX2; OXI1,6.122000672,-0.191290568,0,8458,13,56990,inf,trans,0.191290568,8458,55098,73225,False
Q0250,COX2; OXI1,5.322426925,0.310291854,0,8371,12,1019141,inf,trans,0.310291854,8371,1019141,1019141,False
Q0250,COX2; OXI1,4.426148997,-0.115936525,0,1497,4,223356,inf,trans,0.115936525,1497,204037,238194,False
Q0250,COX2; OXI1,4.367090583,-0.749633898,0,24,1,30479,inf,trans,0.749633898,24,30479,30479,False
YDR231C,COX20,36.72757104,0.409613215,1,5323,8,459723,inf,trans,0.409613215,5323,449957,461438,False
YDR231C,COX20,5.567353525,0.149620284,0,5805,9,283213,inf,trans,0.149620284,5805,276483,289513,False
YDR231C,COX20,4.867198465,0.135160343,0,3667,6,66460,inf,trans,0.135160343,3667,62743,74406,False
YDR231C,COX20,4.860422682,0.149297469,1,10193,15,172102,inf,trans,0.149297469,10193,165912,184082,False
YDR231C,COX20,4.76444341,0.134870489,1,1902,4,591983,334306.0,trans,0.134870489,1902,576758,597710,False
YDR231C,COX20,4.742238996,0.134559813,0,11354,16,209279,inf,trans,0.134559813,11354,197237,213411,False
YGL187C,COX4,25.36332968,0.26070008,1,5611,9,138792,inf,trans,0.26070008,5611,122617,144955,False
YGL187C,COX4,20.13036093,0.262575834,1,10191,15,171671,inf,trans,0.262575834,10191,165912,184082,False
YGL187C,COX4,17.51021766,-0.212803197,1,3999,7,154349,4172.0,trans,0.212803197,3999,149219,171892,False
YGL187C,COX4,17.50363552,0.231174823,0,7979,12,570032,inf,trans,0.231174823,7979,563476,576167,False
YGL187C,COX4,14.7561238,-0.334370053,1,8458,13,56990,inf,trans,0.334370053,8458,55098,73225,False
YGL187C,COX4,9.998589582,-0.276356119,0,12042,17,50171,inf,trans,0.276356119,12042,50171,50171,False
YGL187C,COX4,9.417354977,0.150916681,0,7859,12,443030,inf,trans,0.150916681,7859,425418,443164,False
YGL187C,COX4,9.029372128,0.161707482,0,642,2,523217,inf,trans,0.161707482,642,505207,530047,False
YGL187C,COX4,7.672744038,0.163887087,1,9109,13,762630,inf,trans,0.163887087,9109,753081,770563,False
YGL187C,COX4,7.192751729,0.740196995,0,7686,12,265316,inf,trans,0.740196995,7686,265316,265316,False
YGL187C,COX4,6.455896133,0.122614943,0,10993,15,1015033,inf,trans,0.122614943,10993,1010191,1018776,False
YGL187C,COX4,6.126735711,0.120750034,0,8106,12,737804,inf,trans,0.120750034,8106,727931,749514,False
YGL187C,COX4,5.241841704,-0.29313112,0,4825,7,1048545,898368.0,trans,0.29313112,4825,1048545,1048545,False
YGL187C,COX4,5.183742919,-0.107788763,0,4124,7,335709,185532.0,trans,0.107788763,4124,323123,345530,False
YGL187C,COX4,5.096083862,-0.240422095,0,4,1,1470,inf,trans,0.240422095,4,1470,1470,False
YGL187C,COX4,4.914194148,0.104431921,1,6866,11,89277,inf,trans,0.104431921,6866,89277,89277,False
YGL187C,COX4,4.85590976,-0.107273703,0,764,2,698030,inf,trans,0.107273703,764,682076,701195,False
YGL187C,COX4,4.852255768,-0.118197321,1,10636,15,675324,inf,trans,0.118197321,10636,675324,675324,False
YGL187C,COX4,4.845958979,-0.110174058,0,8667,13,331334,inf,trans,0.110174058,8667,329611,333904,False
YGL187C,COX4,4.825095965,0.103214062,0,1095,3,203261,inf,trans,0.103214062,1095,195779,204903,False
YGL187C,COX4,4.819519764,0.584807762,0,4215,7,414263,264086.0,trans,0.584807762,4215,414263,414263,False
YGL187C,COX4,4.796164605,-0.104977876,0,1939,4,623642,inf,trans,0.104977876,1939,613791,629973,False
YGL187C,COX4,4.768581948,0.105705311,0,8313,12,974973,inf,trans,0.105705311,8313,961463,990758,False
YGL187C,COX4,4.546845776,0.099388293,0,8958,13,639293,inf,trans,0.099388293,8958,626195,654641,False
YGL187C,COX4,4.327485087,0.264160953,0,4186,7,394889,244712.0,trans,0.264160953,4186,394889,394889,False
YGL187C,COX4,4.208850058,0.095408043,0,5170,8,324043,inf,trans,0.095408043,5170,298467,327592,False
YGL187C,COX4,4.1188475,-0.103824927,0,7926,12,543141,inf,trans,0.103824927,7926,536833,552743,False
YGL187C,COX4,3.93114518,0.140118518,0,8484,13,76087,inf,trans,0.140118518,8484,69500,84172,False
YGL187C,COX4,3.835199019,-0.184274777,0,12044,17,50757,inf,trans,0.184274777,12044,50757,50757,False
YGL187C,COX4,3.812606079,-0.09161898,0,10011,15,14837,inf,trans,0.09161898,10011,14837,14837,False
YGL187C,COX4,3.567659882,-0.191821781,0,10891,15,911748,inf,trans,0.191821781,10891,911748,911748,False
YNL052W,COX5A,16.88151792,0.237588803,0,5610,9,138636,inf,trans,0.237588803,5610,125289,144955,False
YNL052W,COX5A,14.85552774,0.256231009,1,10195,15,179652,inf,trans,0.256231009,10195,165912,185951,False
YNL052W,COX5A,14.18039791,-0.296215356,1,8460,13,58847,inf,trans,0.296215356,8460,55098,73225,False
YNL052W,COX5A,11.52740648,0.200554928,1,7985,12,574586,inf,trans,0.200554928,7985,567889,586321,False
YNL052W,COX5A,9.906521737,0.175762943,0,7859,12,443030,inf,trans,0.175762943,7859,425418,443164,False
YNL052W,COX5A,6.38805036,-0.14851922,0,1764,4,482653,inf,trans,0.14851922,1764,466223,501469,False
YNL052W,COX5A,6.117534012,-0.135999639,0,8817,13,510249,inf,trans,0.135999639,8817,503363,513217,False
YNL052W,COX5A,5.892283937,0.13365693,1,10993,15,1015033,inf,trans,0.13365693,10993,1010191,1018776,False
YNL052W,COX5A,5.80025356,-0.131676664,0,3905,7,42627,inf,trans,0.131676664,3905,37288,48435,False
YNL052W,COX5A,5.790314523,0.13020199,0,6942,11,153972,inf,trans,0.13020199,6942,137433,170526,False
YNL052W,COX5A,5.304797859,-0.136058789,1,1233,3,306783,inf,trans,0.136058789,1233,306783,306783,False
YNL052W,COX5A,4.81923603,-0.308740414,1,4826,7,1048639,inf,trans,0.308740414,4826,1048639,1048639,False
YNL052W,COX5A,4.164631165,-0.109841405,0,1927,4,613791,inf,trans,0.109841405,1927,604043,624555,False
YNL052W,COX5A,4.13662675,0.108033565,1,3220,5,413363,inf,trans,0.108033565,3220,413363,413363,False
YNL052W,COX5A,4.108801046,0.108294033,0,11561,16,422802,inf,trans,0.108294033,11561,404629,426036,False
YHR051W,COX6,18.17457306,0.246513256,0,5611,9,138792,inf,trans,0.246513256,5611,122617,144955,False
YHR051W,COX6,17.02049048,0.270767832,0,10191,15,171671,inf,trans,0.270767832,10191,165912,184082,False
YHR051W,COX6,13.84597423,-0.292072046,1,8458,13,56990,inf,trans,0.292072046,8458,55098,73225,False
YHR051W,COX6,13.4464214,0.20854111,1,7979,12,570032,inf,trans,0.20854111,7979,563476,576167,False
YHR051W,COX6,7.633230082,0.151765409,0,7843,12,439038,inf,trans,0.151765409,7843,425418,443164,False
YHR051W,COX6,6.230348937,0.139238027,0,8310,12,972987,inf,trans,0.139238027,8310,960254,987293,False
YHR051W,COX6,5.792505172,0.142617431,0,642,2,523217,inf,trans,0.142617431,642,505207,530047,False
YHR051W,COX6,5.454829637,-0.333519836,1,4825,7,1048545,inf,trans,0.333519836,4825,1048545,1048545,False
YHR051W,COX6,5.327639667,0.1235899,0,10992,15,1014707,inf,trans,0.1235899,10992,1010191,1018776,False
YHR051W,COX6,4.920006717,0.683914103,0,7686,12,265316,inf,trans,0.683914103,7686,265316,265316,False
YHR051W,COX6,4.891336969,0.119693508,0,11677,16,571530,inf,trans,0.119693508,11677,544393,587778,False
YHR051W,COX6,4.611202595,-0.238974596,0,10891,15,911748,inf,trans,0.238974596,10891,911748,911748,False
YHR051W,COX6,4.287690227,0.11184495,0,8106,12,737804,inf,trans,0.11184495,8106,727931,749514,False
YHR051W,COX6,4.239343422,-0.110006546,0,1925,4,610797,inf,trans,0.110006546,1925,600513,620786,False
YHR051W,COX6,4.155071513,-0.115042891,1,8667,13,331334,inf,trans,0.115042891,8667,329611,333904,False
YHR051W,COX6,4.066181438,0.27754592,0,261,2,84412,inf,trans,0.27754592,261,84412,84412,False
YHR051W,COX6,4.027250687,0.674493163,0,10777,15,785154,inf,trans,0.674493163,10777,785154,785154,False
YHR051W,COX6,3.944192156,-0.10584749,0,8817,13,510249,inf,trans,0.10584749,8817,503363,513217,False
YLR395C,COX8,12.95422841,0.222235883,1,7984,12,572030,337699.0,trans,0.222235883,7984,567889,576167,False
YLR395C,COX8,12.09238553,0.235143652,1,10191,15,171671,inf,trans,0.235143652,10191,165912,184082,False
YLR395C,COX8,10.10154649,0.509411502,1,7859,12,443030,466699.0,trans,0.509411502,7859,425418,443164,False
YLR395C,COX8,6.964894831,0.151117415,0,5610,9,138636,inf,trans,0.151117415,5610,125289,144955,False
YLR395C,COX8,6.196372133,-0.154959895,1,7184,11,417049,inf,trans,0.154959895,7184,404841,428422,False
YLR395C,COX8,6.041398893,0.2072994,1,8095,12,724603,185126.0,trans,0.2072994,8095,724603,724833,False
YLR395C,COX8,5.90452763,-0.380729498,1,7847,12,440640,469089.0,trans,0.380729498,7847,425418,443164,False
YLR395C,COX8,5.544583276,0.750493894,0,7686,12,265316,644413.0,trans,0.750493894,7686,265316,265316,False
YLR395C,COX8,5.319323951,-0.132047085,0,1929,4,618428,inf,trans,0.132047085,1929,610797,624555,False
YLR395C,COX8,4.485503195,-0.160263381,0,8462,13,60048,inf,trans,0.160263381,8462,55098,75198,False
YLR395C,COX8,4.250188577,0.27323496,0,8318,12,981527,71562.0,trans,0.27323496,8318,981527,981527,False
YDL067C,COX9,10.07841905,-0.244526572,0,8500,13,81047,inf,trans,0.244526572,8500,73225,92384,False
YDL067C,COX9,9.860587411,0.229579704,0,10196,15,180876,inf,trans,0.229579704,10196,168199,185951,False
YDL067C,COX9,7.702476337,-0.176474303,0,9801,14,647843,inf,trans,0.176474303,9801,621027,651987,False
YDL067C,COX9,7.473727983,0.176951416,0,5614,9,139442,inf,trans,0.176951416,5614,125289,144955,False
YDL067C,COX9,7.115875084,0.171384272,0,2480,4,1248695,914299.0,trans,0.171384272,2480,1242195,1256509,False
YDL067C,COX9,6.884950805,-0.177812261,0,8666,13,331270,inf,trans,0.177812261,8666,329611,333904,False
YDL067C,COX9,6.703540773,-0.963252703,0,10777,15,785154,inf,trans,0.963252703,10777,785154,785154,False
YDL067C,COX9,6.060029811,-0.310174916,0,2285,4,971731,637335.0,trans,0.310174916,2285,961744,998174,False
YDL067C,COX9,5.00667266,-0.139449923,0,8816,13,509524,inf,trans,0.139449923,8816,500062,513217,False
YDL067C,COX9,4.713405996,0.202732238,0,11791,16,679448,inf,trans,0.202732238,11791,679448,679448,False
YHR007C,ERG11; CYP51,12.95814839,0.224675176,0,4974,8,122014,336.0,cis,0.224675176,4974,119178,124640,True
YHR007C,ERG11; CYP51,10.61130778,-0.201939835,0,11678,16,572250,inf,trans,0.201939835,11678,546787,587778,False
YHR007C,ERG11; CYP51,5.894677061,0.150711813,0,8681,13,345749,inf,trans,0.150711813,8681,338431,350249,False
YNL130C,CPT1,5.356700308,0.189671097,1,8457,13,55098,inf,trans,0.189671097,8457,55098,65881,False
YGR189C,CRH1,7.088475146,-0.962866389,1,7679,12,260220,inf,trans,0.962866389,7679,256127,263103,False
YGR189C,CRH1,6.955682694,0.20944116,1,6157,10,280770,inf,trans,0.20944116,6157,280770,280770,False
YEL040W,UTR2; CRH2,21.83879152,-0.302962518,1,2914,5,79230,0.0,cis,0.302962518,2914,74994,81334,True
YEL040W,UTR2; CRH2,16.14197755,-0.285998967,1,10193,15,172102,inf,trans,0.285998967,10193,165912,184082,False
YEL040W,UTR2; CRH2,8.88331268,0.177083714,0,4115,7,324640,inf,trans,0.177083714,4115,315634,334340,False
YEL040W,UTR2; CRH2,6.948174092,-0.16543198,0,7845,12,440342,inf,trans,0.16543198,7845,430049,443164,False
YEL040W,UTR2; CRH2,6.315281891,0.212238518,0,1253,4,2228,inf,trans,0.212238518,1253,2228,2230,False
YEL040W,UTR2; CRH2,5.630776039,0.144226627,0,2306,4,976174,inf,trans,0.144226627,2306,959283,1000959,False
YEL040W,UTR2; CRH2,5.187353534,0.132632232,0,3970,7,128719,inf,trans,0.132632232,3970,128719,142863,False
YHR146W,CRP1,23.26674729,0.286158937,1,5258,8,389976,327.0,cis,0.286158937,5258,378565,401605,True
YHR146W,CRP1,10.99012445,-0.190641158,0,5484,9,69330,inf,trans,0.190641158,5484,57000,73100,False
YHR146W,CRP1,5.794652669,-0.133575934,0,7436,12,23264,inf,trans,0.133575934,7436,14310,37552,False
YHR146W,CRP1,5.08818332,0.767010952,0,10777,15,785154,inf,trans,0.767010952,10777,785154,785154,False
YHR146W,CRP1,4.713585525,-0.118904125,1,8570,13,158199,inf,trans,0.118904125,8570,144518,164705,False
YOR061W,CKA2,32.91318141,-0.373677469,1,10429,15,442681,126.0,cis,0.373677469,10429,433993,446992,True
YLR380W,CSR1; SFH2,6.15291522,-0.409821248,0,784,2,712783,inf,trans,0.409821248,784,712783,712783,False
YOR042W,CUE5,8.417900693,0.210716787,0,10191,15,171671,236754.0,trans,0.210716787,10191,165912,184082,False
YOR042W,CUE5,5.90732543,0.216604587,0,10409,15,412675,3015.0,trans,0.216604587,10409,412675,412675,False
YOR042W,CUE5,5.305807324,0.387851281,0,4207,7,412630,inf,trans,0.387851281,4207,412630,412630,False
YOR042W,CUE5,4.741974363,0.133736227,0,5627,9,155581,inf,trans,0.133736227,5627,142542,158904,False
YOR042W,CUE5,4.691610372,-0.3394169,0,1676,4,383923,inf,trans,0.3394169,1676,383923,383923,False
YKL096W,CWP1,33.19566813,0.350612939,0,11689,16,579790,inf,trans,0.350612939,11689,554350,591786,False
YKL096W,CWP1,10.70773553,0.18457261,0,5504,9,70904,inf,trans,0.18457261,5504,57000,77957,False
YKL096W,CWP1,10.22779009,0.183252307,0,3666,6,65183,inf,trans,0.183252307,3666,57460,74406,False
YKL096W,CWP1,6.939353702,-0.143817266,0,6774,11,20802,239974.0,trans,0.143817266,6774,17217,25987,False
YKL096W,CWP1,6.396569416,-0.466592674,0,3521,5,564904,inf,trans,0.466592674,3521,564147,566373,False
YKL096W,CWP1,5.66982514,0.129867805,1,1095,3,203261,inf,trans,0.129867805,1095,195779,204903,False
YKL096W,CWP1,5.668248726,-0.138162696,0,8665,13,329923,inf,trans,0.138162696,8665,329611,333904,False
YKL096W,CWP1,5.289008844,0.124287907,0,11584,16,454180,inf,trans,0.124287907,11584,434375,458134,False
YKL096W,CWP1,5.118309629,0.123362611,1,6484,10,662934,inf,trans,0.123362611,6484,653026,666742,False
YKL096W,CWP1,4.937892733,0.122534774,0,2629,4,1443800,inf,trans,0.122534774,2629,1433591,1453498,False
YKL096W,CWP1,4.882841127,-0.122130325,0,6919,11,125642,135134.0,trans,0.122130325,6919,113698,132044,False
YOR065W,CYT1; CTC1,28.32205878,0.325408485,1,10191,15,171671,275770.0,trans,0.325408485,10191,165912,184082,False
YOR065W,CYT1; CTC1,27.34050788,0.28054379,0,5611,9,138792,inf,trans,0.28054379,5611,122617,144955,False
YOR065W,CYT1; CTC1,23.30418492,0.25699203,0,7978,12,569926,inf,trans,0.25699203,7978,563476,576167,False
YOR065W,CYT1; CTC1,19.43326216,0.229604505,0,7859,12,443030,inf,trans,0.229604505,7859,425418,443164,False
YOR065W,CYT1; CTC1,12.65509493,-0.252056403,1,8458,13,56990,inf,trans,0.252056403,8458,55098,73225,False
YOR065W,CYT1; CTC1,10.84616045,0.182535635,0,637,2,517869,inf,trans,0.182535635,637,505207,530047,False
YOR065W,CYT1; CTC1,10.32552186,-0.245659358,1,8817,13,510249,inf,trans,0.245659358,8817,503363,513217,False
YOR065W,CYT1; CTC1,9.167197195,0.156468706,0,8124,12,767243,inf,trans,0.156468706,8124,759605,777907,False
YOR065W,CYT1; CTC1,8.409643748,0.14936781,0,8313,12,974973,inf,trans,0.14936781,8313,961463,990758,False
YOR065W,CYT1; CTC1,8.217214499,-0.151884575,0,10434,15,447362,79.0,cis,0.151884575,10434,443566,453019,True
YOR065W,CYT1; CTC1,7.933035356,-0.148427657,0,8664,13,329611,inf,trans,0.148427657,8664,329611,333904,False
YOR065W,CYT1; CTC1,7.154144259,0.134546474,1,10993,15,1015033,566663.0,trans,0.134546474,10993,1010191,1018776,False
YOR065W,CYT1; CTC1,4.583177162,-0.111049825,0,1189,3,286440,inf,trans,0.111049825,1189,273446,297295,False
YOR065W,CYT1; CTC1,4.556553262,0.102277429,0,6884,11,108870,inf,trans,0.102277429,6884,96863,122192,False
YOR065W,CYT1; CTC1,4.420600015,-0.416719826,1,5638,9,169788,inf,trans,0.416719826,5638,169788,169788,False
YOR065W,CYT1; CTC1,4.1626036,-0.199559105,0,30,1,37255,inf,trans,0.199559105,30,36146,37478,False
YOR065W,CYT1; CTC1,4.107596306,0.155918784,1,8806,13,502913,inf,trans,0.155918784,8806,495523,509524,False
YML078W,CPR3; CYP3,30.54591066,0.364750929,0,8534,13,109242,1760.0,trans,0.364750929,8534,101281,120287,False
YML078W,CPR3; CYP3,7.216769084,-0.156176857,0,7205,11,443807,inf,trans,0.156176857,7205,421231,462463,False
YML078W,CPR3; CYP3,6.709867162,0.14907538,0,5611,9,138792,inf,trans,0.14907538,5611,122617,144955,False
YML078W,CPR3; CYP3,5.541083801,0.840577115,0,10777,15,785154,inf,trans,0.840577115,10777,785154,785154,False
YML078W,CPR3; CYP3,5.226504857,0.151442072,0,10194,15,173340,inf,trans,0.151442072,10194,165912,184082,False
YML078W,CPR3; CYP3,4.920870128,0.129547152,0,7858,12,442873,inf,trans,0.129547152,7858,425418,443164,False
YML078W,CPR3; CYP3,4.882915501,0.719879022,0,4919,8,78883,inf,trans,0.719879022,4919,78883,78883,False
YML078W,CPR3; CYP3,4.343753055,0.500729778,0,10115,15,111081,inf,trans,0.500729778,10115,111081,111081,False
YDR155C,CPR1,11.13113692,0.233176001,0,10198,15,181071,inf,trans,0.233176001,10198,168199,185951,False
YDR155C,CPR1,9.197761288,0.185077633,0,2075,4,769779,782.0,cis,0.185077633,2075,767117,784282,True
YDR155C,CPR1,5.366974091,0.135891899,1,9228,13,892136,inf,trans,0.135891899,9228,877043,902532,False
YDR155C,CPR1,4.769317131,-0.12684122,0,6892,11,116979,inf,trans,0.12684122,6892,102671,125700,False
YDR155C,CPR1,4.504696601,0.12473973,0,11677,16,571530,inf,trans,0.12473973,11677,544393,587778,False
YAL012W,CYS3,12.504637,-0.246667643,0,10194,15,173340,inf,trans,0.246667643,10194,165912,184082,False
YAL012W,CYS3,8.026242476,-0.365181641,0,5416,8,541428,inf,trans,0.365181641,5416,541428,541428,False
YAL012W,CYS3,7.129798207,0.835446915,0,3121,5,266246,inf,trans,0.835446915,3121,266246,266246,False
YAL012W,CYS3,6.94060057,0.287640385,1,9800,14,646585,inf,trans,0.287640385,9800,629832,650841,False
YAL012W,CYS3,6.712754161,-0.151541803,0,2072,4,765852,inf,trans,0.151541803,2072,749708,769943,False
YAL012W,CYS3,6.684610067,0.332162135,0,5420,8,554022,inf,trans,0.332162135,5420,554022,554022,False
YAL012W,CYS3,6.631751003,0.471640659,0,5430,8,556173,inf,trans,0.471640659,5430,556173,556173,False
YAL012W,CYS3,4.803623679,-0.375506014,0,1807,4,538120,inf,trans,0.375506014,1807,538120,538120,False
YLR303W,MET17,8.019129099,-0.986878025,0,7686,12,265316,467228.0,trans,0.986878025,7686,265316,265316,False
YLR303W,MET17,7.908534209,-0.717376367,0,7873,12,460678,271866.0,trans,0.717376367,7873,460678,460678,False
YLR303W,MET17,7.017073011,0.222288631,0,8458,13,56990,inf,trans,0.222288631,8458,55098,73225,False
YLR303W,MET17,5.682284127,-0.154038589,0,9598,14,469677,inf,trans,0.154038589,9598,449380,472613,False
YLR303W,MET17,5.292047434,-0.136990312,0,7982,12,570843,161701.0,trans,0.136990312,7982,563476,576167,False
YLR303W,MET17,4.864830745,0.353979061,0,9574,14,441268,inf,trans,0.353979061,9574,441268,441268,False
YML070W,DAK1,21.39988217,0.294445725,1,10191,15,171671,inf,trans,0.294445725,10191,165912,184082,False
YML070W,DAK1,15.63768541,-0.225928183,1,8556,13,133462,13.0,cis,0.225928183,8556,117501,138830,True
YML070W,DAK1,7.722025313,0.148910298,0,11702,16,587583,inf,trans,0.148910298,11702,571530,593213,False
YML070W,DAK1,7.205167312,0.42983162,1,5498,9,70443,inf,trans,0.42983162,5498,57000,77957,False
YML070W,DAK1,6.068128159,0.131540329,0,8109,12,745383,inf,trans,0.131540329,8109,732202,754859,False
YML070W,DAK1,5.235526576,-0.240581358,0,2568,4,1354715,inf,trans,0.240581358,2568,1352371,1354715,False
YML070W,DAK1,5.039980845,0.133934251,0,672,2,571362,inf,trans,0.133934251,672,567265,579042,False
YML070W,DAK1,4.753382713,0.133416634,0,3577,5,566427,inf,trans,0.133416634,3577,564968,566755,False
YML070W,DAK1,4.675423549,-0.234913227,0,988,3,84421,inf,trans,0.234913227,988,84421,84421,False
YML070W,DAK1,4.465987231,0.215850664,0,4384,7,607495,inf,trans,0.215850664,4384,607495,607495,False
YGL078C,DBP3,5.903129155,0.14581738,0,11021,15,1050419,inf,trans,0.14581738,11021,1044946,1071370,False
YLR276C,DBP9,6.345607056,-0.370003169,0,898,3,780,inf,trans,0.370003169,898,780,780,False
YLR276C,DBP9,6.074817859,0.423586387,1,11241,16,128020,inf,trans,0.423586387,11241,116826,129358,False
YLR276C,DBP9,5.622994332,0.199951094,0,2977,5,125211,inf,trans,0.199951094,2977,124644,134626,False
YLR276C,DBP9,5.247782267,-0.154916873,0,8072,12,694457,591.0,cis,0.154916873,8072,681175,703407,True
YLR276C,DBP9,4.90660378,-0.303476554,0,835,2,773703,inf,trans,0.303476554,835,773703,773703,False
YMR250W,GAD1,10.28632004,0.189767308,1,11689,16,579790,inf,trans,0.189767308,11689,554350,591786,False
YMR250W,GAD1,7.750494756,0.172896796,0,8295,12,954827,inf,trans,0.172896796,8295,954167,956536,False
YMR250W,GAD1,6.956292201,-0.158855235,0,5737,9,252109,inf,trans,0.158855235,5737,242937,266567,False
YMR250W,GAD1,6.736733445,0.157971072,1,5799,9,276483,inf,trans,0.157971072,5799,273029,283290,False
YMR250W,GAD1,6.700898079,0.167104557,0,4376,7,597251,inf,trans,0.167104557,4376,587240,607810,False
YMR250W,GAD1,6.583866686,-0.161024614,1,4332,7,547208,inf,trans,0.161024614,4332,520054,577840,False
YMR250W,GAD1,6.012774717,-0.17310803,1,2980,5,131540,inf,trans,0.17310803,2980,124644,155745,False
YMR250W,GAD1,5.809582521,0.147635962,0,636,2,517548,inf,trans,0.147635962,636,505207,530047,False
YMR250W,GAD1,5.647465816,-0.183174254,0,8461,13,60008,710792.0,trans,0.183174254,8461,55098,73814,False
YMR250W,GAD1,5.62520067,0.134416809,0,6476,10,656247,inf,trans,0.134416809,6476,642327,662934,False
YMR250W,GAD1,4.785944051,0.240370702,1,10191,15,171671,inf,trans,0.240370702,10191,165912,184082,False
YMR250W,GAD1,4.740707285,0.125604149,0,8108,12,740250,inf,trans,0.125604149,8108,732202,754859,False
YMR250W,GAD1,4.599515775,0.1190739,0,5618,9,144955,inf,trans,0.1190739,5618,132718,155581,False
YMR250W,GAD1,4.537591008,-0.1214395,0,3897,7,34808,inf,trans,0.1214395,3897,23383,37288,False
YMR250W,GAD1,4.279002689,0.175127493,0,11801,16,695616,inf,trans,0.175127493,11801,695616,695616,False
YMR250W,GAD1,4.180623325,-0.115307785,0,3984,7,140416,inf,trans,0.115307785,3984,128719,142935,False
YMR250W,GAD1,4.039468881,0.112259108,0,3650,6,51781,inf,trans,0.112259108,3650,45282,57460,False
YLR270W,DCS1,8.972574618,0.217583347,1,10191,15,171671,inf,trans,0.217583347,10191,165912,184082,False
YMR173W,DDR48; FSP,7.285634396,0.200106052,0,11687,16,578941,inf,trans,0.200106052,11687,571530,591786,False
YOR204W,DED1; SPP81,13.52084084,-0.6522783,0,7031,11,231612,inf,trans,0.6522783,7031,231612,231612,False
YOR204W,DED1; SPP81,9.056921176,-0.428879903,0,8525,13,99287,inf,trans,0.428879903,8525,99287,99287,False
YOR204W,DED1; SPP81,8.611818461,0.215257398,1,8470,13,68113,inf,trans,0.215257398,8470,56990,75198,False
YOR204W,DED1; SPP81,4.927159494,0.119511569,0,11770,16,656034,inf,trans,0.119511569,11770,652919,664738,False
YOR204W,DED1; SPP81,4.90797732,-0.246986365,0,4554,7,790386,inf,trans,0.246986365,4554,790386,790386,False
YOR204W,DED1; SPP81,4.520411873,0.574954544,0,9656,14,554932,inf,trans,0.574954544,9656,554932,554932,False
YDR158W,HOM2,8.949178088,-0.212726234,0,10191,15,171671,inf,trans,0.212726234,10191,165912,184082,False
YDR158W,HOM2,8.296826572,-0.178778246,0,7861,12,448368,inf,trans,0.178778246,7861,448368,493255,False
YDR158W,HOM2,6.119809006,-0.151175013,0,7978,12,569926,inf,trans,0.151175013,7978,563476,576167,False
YDR158W,HOM2,5.940619998,-0.147397917,0,5611,9,138792,inf,trans,0.147397917,5611,122617,144955,False
YDR158W,HOM2,4.737534829,0.179309418,0,8460,13,58847,inf,trans,0.179309418,8460,55098,73225,False
YOR375C,GDH1; URE1,9.689748013,0.190453362,0,7152,11,381937,inf,trans,0.190453362,7152,372538,385019,False
YOR375C,GDH1; URE1,8.402047318,0.17646595,1,5936,9,400641,inf,trans,0.17646595,5936,399657,406743,False
YOR375C,GDH1; URE1,6.686437161,-0.156159373,1,11929,16,859747,inf,trans,0.156159373,11929,840309,873367,False
YOR375C,GDH1; URE1,5.638569726,-0.143076515,1,3676,6,74913,inf,trans,0.143076515,3676,67184,75397,False
YOR375C,GDH1; URE1,4.927229064,-0.130501005,0,5593,9,132718,inf,trans,0.130501005,5593,112032,144955,False
YDL160C,DHH1,8.96614385,0.188251664,0,6007,10,61708,inf,trans,0.188251664,6007,61391,68934,False
YDL160C,DHH1,8.170651371,-0.257267824,1,3284,5,510020,inf,trans,0.257267824,3284,510020,510020,False
YDL160C,DHH1,6.091318247,-0.304251972,0,6610,11,2737,inf,trans,0.304251972,6610,2722,8878,False
YDL160C,DHH1,5.785726659,0.158809004,0,3661,6,62990,inf,trans,0.158809004,3661,57460,71997,False
YDL160C,DHH1,5.157993708,0.156701701,0,10179,15,165912,inf,trans,0.156701701,10179,165912,179652,False
YDL160C,DHH1,4.711770931,-0.133285592,0,436,2,296082,inf,trans,0.133285592,436,294941,301710,False
YDL160C,DHH1,4.697631224,0.132176623,1,566,2,446471,inf,trans,0.132176623,566,434090,450017,False
YDL160C,DHH1,4.556470222,0.128290047,0,2475,4,1242195,1070264.0,trans,0.128290047,2475,1237546,1248695,False
YJR139C,HOM6,8.336006992,0.240938234,1,8817,13,510249,inf,trans,0.240938234,8817,503363,513217,False
YJR139C,HOM6,7.058023766,-0.226391893,1,1651,4,369403,inf,trans,0.226391893,1651,368078,372110,False
YJR139C,HOM6,5.219296523,0.302692279,0,896,3,757,inf,trans,0.302692279,896,757,757,False
YHR068W,DYS1,12.68486944,-0.23296234,0,10186,15,170347,inf,trans,0.23296234,10186,165912,184082,False
YHR068W,DYS1,6.361253356,-0.142233839,0,7977,12,569918,inf,trans,0.142233839,7977,563476,576167,False
YHR068W,DYS1,6.27316821,0.155950004,0,5278,8,411809,178511.0,trans,0.155950004,5278,397561,421095,False
YHR068W,DYS1,6.028776467,-0.135101659,0,11589,16,463745,inf,trans,0.135101659,11589,458134,470812,False
YHR068W,DYS1,5.001421617,-0.138167439,1,5221,8,374928,141630.0,trans,0.138167439,5221,369658,378565,False
YHR068W,DYS1,4.684347475,0.46272566,0,11873,16,786427,inf,trans,0.46272566,11873,786427,786427,False
YHR068W,DYS1,4.535536153,-0.117271959,1,11680,16,572345,inf,trans,0.117271959,11680,572345,572345,False
YHR068W,DYS1,4.505002522,0.130269248,0,6263,10,416078,inf,trans,0.130269248,6263,410391,454991,False
YKL002W,,7.3094783,0.207922337,0,10192,15,172074,inf,trans,0.207922337,10192,165912,184082,False
YDL174C,DLD1; DLD,20.61844955,0.308567851,1,10194,15,173340,inf,trans,0.308567851,10194,165912,184082,False
YDL174C,DLD1; DLD,13.65131375,0.210587137,0,5611,9,138792,inf,trans,0.210587137,5611,122617,144955,False
YDL174C,DLD1; DLD,11.76823732,0.196733612,0,11686,16,576969,inf,trans,0.196733612,11686,571530,591786,False
YDL174C,DLD1; DLD,10.42963201,0.189834324,0,635,2,510140,inf,trans,0.189834324,635,498324,524731,False
YDL174C,DLD1; DLD,6.441000616,-0.138924688,1,10259,15,236991,inf,trans,0.138924688,10259,236991,236991,False
YDL174C,DLD1; DLD,4.685717436,0.121768103,0,8262,12,910442,inf,trans,0.121768103,8262,894613,933520,False
YDL174C,DLD1; DLD,4.681021841,-0.115702372,0,2269,4,947317,799727.0,trans,0.115702372,2269,934187,953287,False
YDL174C,DLD1; DLD,4.635884602,0.119757527,0,8123,12,767196,inf,trans,0.119757527,8123,759605,777907,False
YDL174C,DLD1; DLD,4.598557711,0.209743112,1,5038,8,170619,inf,trans,0.209743112,5038,170619,170619,False
YDL178W,DLD2; AIP2,6.654564604,-0.442989451,0,2294,4,974883,833768.0,trans,0.442989451,2294,959283,1000959,False
YDL178W,DLD2; AIP2,6.065782389,0.17434084,0,10188,15,170682,inf,trans,0.17434084,10188,165912,184082,False
YDL178W,DLD2; AIP2,5.380551707,0.150007445,0,5613,9,139266,inf,trans,0.150007445,5613,125289,144955,False
YDL178W,DLD2; AIP2,5.104136486,-0.274594988,0,3384,5,561678,inf,trans,0.274594988,3384,554104,563347,False
YDL178W,DLD2; AIP2,5.05551134,-0.139110027,0,2843,5,31263,inf,trans,0.139110027,2843,30505,35947,False
YDL178W,DLD2; AIP2,4.907083625,-0.479156414,0,7973,12,563530,inf,trans,0.479156414,7973,563530,563530,False
YDL178W,DLD2; AIP2,4.704097965,-0.139900113,0,8670,13,333904,inf,trans,0.139900113,8670,329611,338431,False
YEL071W,DLD3,47.87691393,-0.435339143,1,10191,15,171671,inf,trans,0.435339143,10191,165912,184082,False
YEL071W,DLD3,24.51483567,-0.264063719,1,11687,16,578941,inf,trans,0.264063719,11687,571530,591786,False
YEL071W,DLD3,13.98834472,-0.191755729,0,5611,9,138792,inf,trans,0.191755729,5611,122617,144955,False
YEL071W,DLD3,11.94527669,-0.176380471,1,7973,12,563530,inf,trans,0.176380471,7973,563530,563530,False
YEL071W,DLD3,10.82545116,0.217615009,0,8474,13,70380,inf,trans,0.217615009,8474,56990,77330,False
YEL071W,DLD3,10.67904728,-0.181277544,0,642,2,523217,inf,trans,0.181277544,642,505207,530047,False
YEL071W,DLD3,8.425903115,-0.145205967,0,7853,12,442034,inf,trans,0.145205967,7853,425418,443164,False
YEL071W,DLD3,7.557550277,0.136399288,0,10741,15,762569,inf,trans,0.136399288,10741,757677,768052,False
YEL071W,DLD3,7.499562555,-0.13799149,1,10993,15,1015033,inf,trans,0.13799149,10993,1010191,1018776,False
YEL071W,DLD3,7.023460611,0.138050649,0,8664,13,329611,inf,trans,0.138050649,8664,329611,333904,False
YEL071W,DLD3,6.794460178,0.232614808,1,1189,3,286440,inf,trans,0.232614808,1189,273446,297295,False
YEL071W,DLD3,5.830623051,0.118016198,1,5933,9,399657,inf,trans,0.118016198,5933,399657,400641,False
YEL071W,DLD3,5.568810118,-0.118856444,0,8311,12,974822,inf,trans,0.118856444,8311,968660,987293,False
YEL071W,DLD3,5.065886048,-0.111012671,0,8106,12,737804,inf,trans,0.111012671,8106,727931,749514,False
YEL071W,DLD3,4.549480088,0.104099975,0,5346,8,477804,inf,trans,0.104099975,5346,465075,481335,False
YEL071W,DLD3,3.997100253,-0.095557078,0,5195,8,353097,inf,trans,0.095557078,5195,342706,361900,False
YEL071W,DLD3,3.989543504,-0.101603229,0,6982,11,186408,inf,trans,0.101603229,6982,179802,196914,False
YEL071W,DLD3,3.94996676,0.192646753,0,2568,4,1354715,inf,trans,0.192646753,2568,1352371,1354715,False
YFL018C,LPD1; DHLP1,20.15389033,-0.563084513,0,1784,4,520430,inf,trans,0.563084513,1784,520430,520430,False
YFL018C,LPD1; DHLP1,12.00560286,0.454020647,0,896,3,757,inf,trans,0.454020647,896,757,757,False
YFL018C,LPD1; DHLP1,7.612113061,0.416251153,0,261,2,84412,inf,trans,0.416251153,261,84412,84412,False
YFL018C,LPD1; DHLP1,7.319430971,0.818605672,0,3121,5,266246,inf,trans,0.818605672,3121,266246,266246,False
YFL018C,LPD1; DHLP1,6.931347377,-0.561644502,0,3910,7,45353,inf,trans,0.561644502,3910,45353,45353,False
YFL018C,LPD1; DHLP1,6.215773705,-0.387838263,0,196,2,9418,inf,trans,0.387838263,196,9418,9418,False
YFL018C,LPD1; DHLP1,6.027130681,0.440623229,0,5430,8,556173,inf,trans,0.440623229,5430,556173,556173,False
YFL018C,LPD1; DHLP1,5.966460035,0.160047549,0,5602,9,136423,inf,trans,0.160047549,5602,131829,139442,False
YFL018C,LPD1; DHLP1,5.272350542,0.121428769,0,11677,16,571530,inf,trans,0.121428769,11677,544393,587778,False
YFL018C,LPD1; DHLP1,5.078215697,0.119177715,0,11230,16,117985,inf,trans,0.119177715,11230,110992,128822,False
YFL018C,LPD1; DHLP1,4.980894603,0.67688502,0,11539,16,383323,inf,trans,0.67688502,11539,383323,383323,False
YFL018C,LPD1; DHLP1,4.917713995,-0.273870768,0,898,3,780,inf,trans,0.273870768,898,780,780,False
YFL018C,LPD1; DHLP1,4.770832535,0.409834282,0,4248,7,433855,inf,trans,0.409834282,4248,433855,433855,False
YFL018C,LPD1; DHLP1,4.664238665,-0.406122035,0,8582,13,179719,inf,trans,0.406122035,8582,179719,179719,False
YLL001W,DNM1,6.532076687,-0.164902851,0,1277,4,48617,inf,trans,0.164902851,1277,37106,60023,False
YLL001W,DNM1,6.409105116,0.163673848,0,7977,12,569918,419756.0,trans,0.163673848,7977,563476,576167,False
YKL213C,DOA1,7.140076134,0.177541085,0,5131,8,252929,inf,trans,0.177541085,5131,239187,263382,False
YKL213C,DOA1,5.794731935,0.448913056,0,4207,7,412630,inf,trans,0.448913056,4207,412630,412630,False
YKL213C,DOA1,5.742675817,-0.178185846,0,7569,12,139755,inf,trans,0.178185846,7569,128383,158615,False
YKL213C,DOA1,5.134056165,0.295777056,0,7970,12,563498,inf,trans,0.295777056,7970,556749,568225,False
YKL213C,DOA1,4.932762573,-0.396727138,0,337,2,161451,inf,trans,0.396727138,337,161451,161451,False
YKL213C,DOA1,4.900830176,-0.288213263,0,1784,4,520430,inf,trans,0.288213263,1784,520430,520430,False
YKL213C,DOA1,4.82078189,0.184835383,1,9277,14,33220,inf,trans,0.184835383,9277,33220,33220,False
YKL213C,DOA1,4.753117088,-0.147775509,0,2554,4,1342082,inf,trans,0.147775509,2554,1335020,1358780,False
YKL213C,DOA1,4.443809903,0.173214062,0,2928,5,90720,inf,trans,0.173214062,2928,87323,99489,False
YJR070C,LIA1; MMD1,16.11094034,-0.249819545,1,10195,15,179652,inf,trans,0.249819545,10195,165912,185951,False
YJR070C,LIA1; MMD1,9.108697382,-0.163394322,0,11699,16,586993,inf,trans,0.163394322,11699,572464,593213,False
YJR070C,LIA1; MMD1,7.87030893,0.188880443,0,8479,13,74713,inf,trans,0.188880443,8479,61764,81354,False
YJR070C,LIA1; MMD1,7.829734603,0.180557883,1,912,3,4582,inf,trans,0.180557883,912,2644,5784,False
YJR070C,LIA1; MMD1,5.827589576,-0.125743015,1,11841,16,740758,inf,trans,0.125743015,11841,726730,753557,False
YJR070C,LIA1; MMD1,5.758138064,0.246167905,1,5825,9,310500,inf,trans,0.246167905,5825,310500,310500,False
YJR070C,LIA1; MMD1,5.63344777,0.220976134,1,5243,8,386052,inf,trans,0.220976134,5243,386052,386052,False
YJR070C,LIA1; MMD1,5.44446205,-0.120771063,0,2479,4,1248530,inf,trans,0.120771063,2479,1242195,1256509,False
YJR070C,LIA1; MMD1,5.291243052,0.119520451,0,10882,15,906721,inf,trans,0.119520451,10882,887134,912729,False
YJR070C,LIA1; MMD1,5.145462596,0.17855699,0,9736,14,600928,inf,trans,0.17855699,9736,600928,600928,False
YJR070C,LIA1; MMD1,5.011505762,-0.118134238,0,11589,16,463745,inf,trans,0.118134238,11589,458134,470812,False
YJR070C,LIA1; MMD1,4.834755269,0.25728776,0,12048,17,65917,inf,trans,0.25728776,12048,65917,65917,False
YJR070C,LIA1; MMD1,4.686689104,0.111812061,0,3970,7,128719,inf,trans,0.111812061,3970,128719,142863,False
YJR070C,LIA1; MMD1,4.657472412,0.311050076,0,4207,7,412630,inf,trans,0.311050076,4207,412630,412630,False
YJR070C,LIA1; MMD1,4.409502853,0.120851767,0,6263,10,416078,153536.0,trans,0.120851767,6263,410391,454991,False
YJR070C,LIA1; MMD1,4.31961225,-0.109778033,1,5221,8,374928,inf,trans,0.109778033,5221,369658,378565,False
YJR070C,LIA1; MMD1,4.130102274,0.211045639,0,1094,3,201026,inf,trans,0.211045639,1094,198615,201026,False
YJR070C,LIA1; MMD1,4.08209062,-0.102994738,1,8720,13,394197,inf,trans,0.102994738,8720,389323,398904,False
YJR070C,LIA1; MMD1,3.917320577,-0.124455968,0,5487,9,69699,inf,trans,0.124455968,5487,62935,73950,False
YJR070C,LIA1; MMD1,3.882385421,-0.205746546,1,4564,7,793891,inf,trans,0.205746546,4564,793891,793891,False
YJR070C,LIA1; MMD1,3.846753653,0.099238024,0,7324,11,571825,inf,trans,0.099238024,7324,565905,576352,False
YLR172C,DPH5,10.16909545,0.20115454,0,8816,13,509524,inf,trans,0.20115454,8816,500062,513217,False
YLR172C,DPH5,9.02374762,0.253494616,0,8461,13,60008,inf,trans,0.253494616,8461,55098,73814,False
YLR172C,DPH5,8.767011018,-0.208147405,0,10195,15,179652,inf,trans,0.208147405,10195,165912,185951,False
YLR172C,DPH5,7.345790344,0.650798572,0,11873,16,786427,inf,trans,0.650798572,11873,786427,786427,False
YLR172C,DPH5,5.676596148,-0.354738599,0,844,2,780425,inf,trans,0.354738599,844,780425,780425,False
YLR172C,DPH5,5.47452343,-0.142589324,0,11686,16,576969,inf,trans,0.142589324,11686,571530,591786,False
YLR172C,DPH5,4.986625833,0.135721109,0,10892,15,911795,inf,trans,0.135721109,10892,892522,923218,False
YLR172C,DPH5,4.931779453,0.30360242,0,1675,4,383923,inf,trans,0.30360242,1675,383923,383923,False
YLL008W,DRS1,9.177855807,-0.333829416,1,6619,11,3391,inf,trans,0.333829416,6619,2737,10897,False
YMR276W,DSK2; SHE4,8.295038055,0.64074233,0,993,3,84800,inf,trans,0.64074233,993,84800,84800,False
YFR044C,DUG1,12.71785912,0.254206502,1,10191,15,171671,inf,trans,0.254206502,10191,165912,184082,False
YFR044C,DUG1,9.070005938,0.185145836,0,11688,16,579283,inf,trans,0.185145836,11688,559542,591786,False
YFR044C,DUG1,7.709813783,0.170880322,1,5223,8,375406,inf,trans,0.170880322,5223,369658,378565,False
YFR044C,DUG1,5.49306146,0.138317533,0,5618,9,144955,inf,trans,0.138317533,5618,132718,155581,False
YFR044C,DUG1,5.218941017,0.240697948,1,4785,7,1011080,inf,trans,0.240697948,4785,1011080,1011080,False
YFR044C,DUG1,4.849594278,-0.130995718,0,2089,4,795937,inf,trans,0.130995718,2089,781689,814423,False
YFR044C,DUG1,4.644529147,-0.211493195,1,6601,11,925,inf,trans,0.211493195,6601,925,925,False
YFR044C,DUG1,4.541120113,-0.161316413,1,7127,11,358455,inf,trans,0.161316413,7127,356064,362171,False
YLR401C,DUS3,7.73825853,-0.486447706,1,8458,13,56990,inf,trans,0.486447706,8458,55098,73225,False
YLR401C,DUS3,5.997450843,0.183102406,0,1214,3,293855,inf,trans,0.183102406,1214,293842,293855,False
YBR252W,DUT1,12.76406605,0.430035157,0,1784,4,520430,inf,trans,0.430035157,1784,520430,520430,False
YBR252W,DUT1,6.208964703,0.352856435,0,844,2,780425,57376.0,trans,0.352856435,844,780425,780425,False
YBR252W,DUT1,5.394751473,0.370728,0,8972,13,652533,inf,trans,0.370728,8972,652533,652533,False
YBR252W,DUT1,5.136537175,0.410251347,0,10391,15,385655,inf,trans,0.410251347,10391,385655,385655,False
YBR252W,DUT1,4.9272264,-0.126364045,0,9873,14,726075,inf,trans,0.126364045,9873,725113,735177,False
YBR252W,DUT1,4.709478993,0.136318266,0,10197,15,180978,inf,trans,0.136318266,10197,168199,185951,False
YKL204W,EAP1,6.350136221,-0.214944774,0,2092,4,801680,inf,trans,0.214944774,2092,794376,802519,False
YKL204W,EAP1,5.707016894,-0.334073928,0,10244,15,227300,inf,trans,0.334073928,10244,227300,227300,False
YKL204W,EAP1,5.46470787,0.15877868,0,5554,9,98955,inf,trans,0.15877868,5554,97282,112032,False
YKL172W,EBP2,6.802249915,-0.309828739,1,9655,14,554919,inf,trans,0.309828739,9655,554919,554919,False
YLR390W,ECM19,6.352815104,0.333260647,0,1094,3,201026,inf,trans,0.333260647,1094,198615,201026,False
YLR390W,ECM19,5.706983577,0.160957126,0,5604,9,136579,inf,trans,0.160957126,5604,114834,144955,False
YLR390W,ECM19,5.626075102,0.217548621,0,2978,5,125474,inf,trans,0.217548621,2978,124644,134626,False
YLR390W,ECM19,4.903839441,0.306220409,0,5776,9,260947,inf,trans,0.306220409,5776,260947,260947,False
YLR390W,ECM19,4.741330842,-1.27033544,0,8368,12,1019132,115728.0,trans,1.27033544,8368,1019132,1019132,False
YBR078W,ECM33,10.75832386,-0.274227523,0,8458,13,56990,inf,trans,0.274227523,8458,55098,73225,False
YBR078W,ECM33,8.328642771,0.181033661,0,5598,9,136172,inf,trans,0.181033661,5598,114834,144955,False
YBR078W,ECM33,7.358854233,-0.169124712,1,8670,13,333904,inf,trans,0.169124712,8670,329611,338431,False
YBR078W,ECM33,7.136784687,0.183404975,0,10194,15,173340,inf,trans,0.183404975,10194,165912,184082,False
YBR078W,ECM33,6.119569022,0.329526496,0,8986,13,667202,inf,trans,0.329526496,8986,667202,667202,False
YBR078W,ECM33,5.490448869,0.138504581,0,2478,4,1246177,inf,trans,0.138504581,2478,1242195,1256208,False
YBR078W,ECM33,5.281141233,-0.70550436,0,3121,5,266246,inf,trans,0.70550436,3121,266246,266246,False
YBR078W,ECM33,5.183426265,-0.132307339,0,532,2,395853,999.0,cis,0.132307339,532,395228,410647,True
YBR078W,ECM33,4.481982546,-0.141824652,1,3284,5,510020,inf,trans,0.141824652,3284,510020,510020,False
YBR078W,ECM33,4.441576935,-0.123049363,0,5478,9,62935,inf,trans,0.123049363,5478,57000,72697,False
YBL047C,EDE1; BUD15,19.48316982,0.328852949,1,10191,15,171671,inf,trans,0.328852949,10191,165912,184082,False
YPR080W; YBR118W,,7.218885465,-0.68507082,0,7873,12,460678,inf,trans,0.68507082,7873,460678,460678,False
YPR080W; YBR118W,,7.192809084,-0.301727937,0,2057,4,747529,inf,trans,0.301727937,2057,747523,747529,False
YPR080W; YBR118W,,7.129341221,-0.158711194,1,9801,14,647843,inf,trans,0.158711194,9801,621027,651987,False
YPR080W; YBR118W,,6.456382946,0.149582994,1,6006,10,61545,inf,trans,0.149582994,6006,61391,68934,False
YPR080W; YBR118W,,5.876268436,0.155034152,0,2088,4,795775,inf,trans,0.155034152,2088,781689,812053,False
YPR080W; YBR118W,,5.453217346,0.289073045,0,4,1,1470,inf,trans,0.289073045,4,1470,1470,False
YPR080W; YBR118W,,5.235767119,-0.792177793,0,3121,5,266246,inf,trans,0.792177793,3121,266246,266246,False
YPR080W; YBR118W,,4.723688571,-0.691348733,0,4215,7,414263,inf,trans,0.691348733,4215,414263,414263,False
YAL003W,EFB1; TEF5,10.20929983,0.63576288,0,5430,8,556173,inf,trans,0.63576288,5430,556173,556173,False
YAL003W,EFB1; TEF5,9.114260724,-0.411798312,0,5416,8,541428,inf,trans,0.411798312,5416,541428,541428,False
YAL003W,EFB1; TEF5,6.960265539,0.347242384,0,5420,8,554022,inf,trans,0.347242384,5420,554022,554022,False
YAL003W,EFB1; TEF5,5.064038342,0.136284543,0,1095,3,203261,inf,trans,0.136284543,1095,195779,204903,False
YAL003W,EFB1; TEF5,5.048584649,-0.422726832,1,505,2,369788,inf,trans,0.422726832,505,369788,369788,False
YAL003W,EFB1; TEF5,4.883198612,0.256113978,1,8537,13,111799,inf,trans,0.256113978,8537,111799,111799,False
YAL003W,EFB1; TEF5,4.857826007,0.35278585,0,4207,7,412630,inf,trans,0.35278585,4207,412630,412630,False
YKL081W,TEF4; EFC1,8.347447731,0.206224638,0,8470,13,68113,inf,trans,0.206224638,8470,56990,75198,False
YKL081W,TEF4; EFC1,8.217442419,-0.169089909,0,640,2,518385,inf,trans,0.169089909,640,505207,530047,False
YKL081W,TEF4; EFC1,7.879206832,-0.153571581,0,11699,16,586993,inf,trans,0.153571581,11699,572464,593213,False
YKL081W,TEF4; EFC1,7.737633015,-0.157276165,1,1891,4,584486,inf,trans,0.157276165,1891,565447,592839,False
YKL081W,TEF4; EFC1,7.452191692,0.156516635,1,8670,13,333904,inf,trans,0.156516635,8670,329611,338431,False
YKL081W,TEF4; EFC1,7.374417236,0.164685972,1,1189,3,286440,inf,trans,0.164685972,1189,273446,297295,False
YKL081W,TEF4; EFC1,7.108584566,0.826703169,0,7686,12,265316,inf,trans,0.826703169,7686,265316,265316,False
YKL081W,TEF4; EFC1,6.308967869,-0.135160204,0,10992,15,1014707,inf,trans,0.135160204,10992,1010191,1018776,False
YKL081W,TEF4; EFC1,6.289041486,-0.133988698,0,5578,9,116618,inf,trans,0.133988698,5578,103774,136619,False
YKL081W,TEF4; EFC1,5.740037122,0.128174218,0,2556,4,1342485,inf,trans,0.128174218,2556,1335020,1360486,False
YKL081W,TEF4; EFC1,5.186993259,-0.120912062,0,9221,13,883627,inf,trans,0.120912062,9221,877043,896327,False
YKL081W,TEF4; EFC1,5.051222955,-0.126988156,0,1163,3,258343,inf,trans,0.126988156,1163,251255,262631,False
YKL081W,TEF4; EFC1,4.972875053,-0.120881898,0,8123,12,767196,inf,trans,0.120881898,8123,759605,777907,False
YKL081W,TEF4; EFC1,4.940487562,-0.127026572,0,7867,12,451397,inf,trans,0.127026572,7867,448368,502343,False
YKL081W,TEF4; EFC1,4.686225801,-0.225952879,0,10198,15,181071,inf,trans,0.225952879,10198,168199,185951,False
YKL081W,TEF4; EFC1,4.574411215,0.169561379,0,10700,15,714897,inf,trans,0.169561379,10700,714897,717962,False
YKL081W,TEF4; EFC1,4.471077666,-0.239280629,0,5416,8,541428,inf,trans,0.239280629,5416,541428,541428,False
YKL081W,TEF4; EFC1,4.192830175,-0.212657526,0,10191,15,171671,inf,trans,0.212657526,10191,165912,184082,False
YKL081W,TEF4; EFC1,4.163774269,0.163743692,1,688,2,583485,inf,trans,0.163743692,688,583485,583485,False
YOR133W; YDR385W,,8.511753989,-0.271733586,0,9798,14,644949,inf,trans,0.271733586,9798,620369,650841,False
YOR133W; YDR385W,,8.183045828,0.435434624,0,4825,7,1048545,inf,trans,0.435434624,4825,1048545,1048545,False
YOR133W; YDR385W,,7.900562493,-0.160717834,0,10993,15,1015033,inf,trans,0.160717834,10993,1010191,1018776,False
YOR133W; YDR385W,,6.984037774,-0.906606365,0,7686,12,265316,inf,trans,0.906606365,7686,265316,265316,False
YOR133W; YDR385W,,5.889226987,-0.151804932,0,10187,15,170413,inf,trans,0.151804932,10187,165912,184082,False
YOR133W; YDR385W,,5.752695344,0.248024685,1,4277,7,459752,inf,trans,0.248024685,4277,459752,459752,False
YOR133W; YDR385W,,5.238692453,0.128605301,1,3670,6,71997,inf,trans,0.128605301,3670,62743,74913,False
YOR133W; YDR385W,,4.802971461,-0.120084432,0,453,2,309402,inf,trans,0.120084432,453,308097,312659,False
YOR133W; YDR385W,,4.724765533,0.120401341,0,2478,4,1246177,inf,trans,0.120401341,2478,1242195,1256208,False
YOR133W; YDR385W,,4.316813,0.186260097,0,9791,14,640932,inf,trans,0.186260097,9791,611236,648789,False
YOR133W; YDR385W,,4.253753437,0.112241081,1,565,2,441927,inf,trans,0.112241081,565,429095,446471,False
YOR133W; YDR385W,,4.240340138,-0.111339315,0,8299,12,956153,inf,trans,0.111339315,8299,954167,971945,False
YOR133W; YDR385W,,4.175677632,0.118921195,0,10016,15,18028,inf,trans,0.118921195,10016,18025,18028,False
YOR133W; YDR385W,,4.162853701,0.237886014,0,5416,8,541428,inf,trans,0.237886014,5416,541428,541428,False
YOR133W; YDR385W,,3.934156076,-0.607630165,0,11539,16,383323,inf,trans,0.607630165,11539,383323,383323,False
YOR133W; YDR385W,,3.742232524,0.107637778,0,1935,4,621945,inf,trans,0.107637778,1935,613791,624555,False
YOR133W; YDR385W,,3.736364543,-0.103133601,0,10895,15,917889,inf,trans,0.103133601,10895,911587,927535,False
YOR133W; YDR385W,,3.707339336,-0.671542406,0,10777,15,785154,inf,trans,0.671542406,10777,785154,785154,False
YLR249W,YEF3,6.553255584,-0.17863355,0,10183,15,168592,inf,trans,0.17863355,10183,165912,181071,False
YLR249W,YEF3,5.299973553,-0.142127558,0,4556,7,791524,inf,trans,0.142127558,4556,779852,797099,False
YNL014W,HEF3,6.061212289,0.157141787,0,11835,16,734857,inf,trans,0.157141787,11835,718898,747487,False
YLR069C,MEF1,13.56301936,0.269392656,0,10191,15,171671,inf,trans,0.269392656,10191,165912,184082,False
YLR069C,MEF1,10.29811454,0.205710622,1,5614,9,139442,inf,trans,0.205710622,5614,125289,144955,False
YLR069C,MEF1,8.266094535,0.179049663,0,7981,12,570792,296876.0,trans,0.179049663,7981,563476,576167,False
YLR069C,MEF1,6.718673229,0.161089937,0,10993,15,1015033,inf,trans,0.161089937,10993,1010191,1018776,False
YLR069C,MEF1,6.175993523,-0.16024942,1,8670,13,333904,inf,trans,0.16024942,8670,329611,338431,False
YLR069C,MEF1,5.080090828,0.148510438,0,642,2,523217,inf,trans,0.148510438,642,505207,530047,False
YLR069C,MEF1,4.888121523,-0.183333117,0,8458,13,56990,inf,trans,0.183333117,8458,55098,73225,False
YOR187W,TUF1; TUFM,29.09189886,0.293602728,0,5610,9,138636,inf,trans,0.293602728,5610,125289,144955,False
YOR187W,TUF1; TUFM,27.29717636,0.327666546,1,10194,15,173340,510691.0,trans,0.327666546,10194,165912,184082,False
YOR187W,TUF1; TUFM,14.33601193,-0.206453453,1,8670,13,333904,inf,trans,0.206453453,8670,329611,338431,False
YOR187W,TUF1; TUFM,12.77390801,-0.254467364,1,8458,13,56990,inf,trans,0.254467364,8458,55098,73225,False
YOR187W,TUF1; TUFM,10.55817825,0.169181991,0,11696,16,586856,inf,trans,0.169181991,11696,571530,593213,False
YOR187W,TUF1; TUFM,8.662462908,0.26407349,0,7857,12,442845,inf,trans,0.26407349,7857,430049,443164,False
YOR187W,TUF1; TUFM,6.581921234,0.128796199,0,9400,14,194811,inf,trans,0.128796199,9400,185846,196374,False
YOR187W,TUF1; TUFM,6.41646015,0.12653645,0,6061,10,148293,inf,trans,0.12653645,6061,139826,150178,False
YOR187W,TUF1; TUFM,6.336931866,0.127046546,0,7974,12,567889,inf,trans,0.127046546,7974,563476,576167,False
YOR187W,TUF1; TUFM,6.216068919,-0.129938451,0,1189,3,286440,inf,trans,0.129938451,1189,273446,297295,False
YOR187W,TUF1; TUFM,5.81906381,0.119597607,0,10992,15,1014707,329363.0,trans,0.119597607,10992,1010191,1018776,False
YOR187W,TUF1; TUFM,5.388585395,-0.116205763,0,7138,11,372538,inf,trans,0.116205763,7138,372538,382201,False
YOR187W,TUF1; TUFM,4.670145725,-0.318587344,1,9717,14,599354,inf,trans,0.318587344,9717,599354,599354,False
YOR187W,TUF1; TUFM,4.434171101,0.103725489,0,8759,13,438478,inf,trans,0.103725489,8759,426996,445628,False
YOR187W,TUF1; TUFM,4.378910944,-0.102972759,0,2843,5,31263,inf,trans,0.102972759,2843,30505,35947,False
YOR187W,TUF1; TUFM,4.268072666,-0.102573993,0,7652,12,237173,inf,trans,0.102573993,7652,230908,247888,False
YOR187W,TUF1; TUFM,4.072850583,-0.16872069,0,7842,12,433955,inf,trans,0.16872069,7842,425418,443164,False
YOR187W,TUF1; TUFM,4.064767235,0.096451425,0,6893,11,118012,inf,trans,0.096451425,6893,102671,125700,False
YOR187W,TUF1; TUFM,3.851329857,-0.096864413,0,8817,13,510249,inf,trans,0.096864413,8817,503363,513217,False
YDR211W,GCD6; TIF225,6.646306289,-0.199214936,0,10198,15,181071,inf,trans,0.199214936,10198,168199,185951,False
YGR054W,YGR054W,6.210718841,-0.189827657,0,10197,15,180978,inf,trans,0.189827657,10197,168199,185951,False
YBR079C,RPG1; TIF32,12.69714241,-0.268069655,0,10198,15,181071,inf,trans,0.268069655,10198,168199,185951,False
YOR361C,PRT1; CDC63,8.566945485,-0.423167933,0,8525,13,99287,inf,trans,0.423167933,8525,99287,99287,False
YOR361C,PRT1; CDC63,6.505090624,-0.429868169,0,7031,11,231612,inf,trans,0.429868169,7031,231612,231612,False
YOR361C,PRT1; CDC63,6.268947506,0.140526658,0,6885,11,109176,inf,trans,0.140526658,6885,96863,121522,False
YOR361C,PRT1; CDC63,4.97924146,-0.124702037,0,2246,4,929694,inf,trans,0.124702037,2246,918606,938510,False
YOR361C,PRT1; CDC63,4.709843723,-1.055201605,0,8368,12,1019132,inf,trans,1.055201605,8368,1019132,1019132,False
YOR361C,PRT1; CDC63,4.668752452,0.11901457,0,9270,14,22803,inf,trans,0.11901457,9270,19935,34185,False
YMR309C,NIP1,10.69115905,-0.24257141,0,10197,15,180978,inf,trans,0.24257141,10197,168199,185951,False
YMR309C,NIP1,6.06160068,-0.333826815,1,3873,7,17840,inf,trans,0.333826815,3873,17838,17843,False
YMR309C,NIP1,5.232461454,0.146492102,0,5280,8,413730,inf,trans,0.146492102,5280,400443,421095,False
YMR146C,TIF34,10.70902373,0.440692198,0,896,3,757,inf,trans,0.440692198,896,757,757,False
YMR146C,TIF34,6.79545014,-0.523773944,0,8582,13,179719,377761.0,trans,0.523773944,8582,179719,179719,False
YLR192C,HCR1,6.316052337,0.45945675,0,7031,11,231612,inf,trans,0.45945675,7031,231612,231612,False
YLR192C,HCR1,6.032222543,0.166080726,0,11281,16,166006,inf,trans,0.166080726,11281,159409,168266,False
YLR192C,HCR1,5.192703789,-0.636362269,0,1055,3,151550,inf,trans,0.636362269,1055,151550,151550,False
YMR031C,EIS1,40.72636348,0.329563985,1,11686,16,576969,inf,trans,0.329563985,11686,571530,591786,False
YMR031C,EIS1,15.62963391,0.207651333,0,642,2,523217,inf,trans,0.207651333,642,505207,530047,False
YMR031C,EIS1,13.18210115,0.178566827,1,8108,12,740250,inf,trans,0.178566827,8108,732202,754859,False
YMR031C,EIS1,10.26422867,-0.278669752,0,8460,13,58847,273364.0,trans,0.278669752,8460,55098,73225,False
YMR031C,EIS1,10.12071072,0.293544229,1,10191,15,171671,inf,trans,0.293544229,10191,165912,184082,False
YMR031C,EIS1,9.657081602,0.14667226,0,5615,9,142542,inf,trans,0.14667226,5615,131829,155581,False
YMR031C,EIS1,7.994714435,0.134682408,0,3673,6,73433,inf,trans,0.134682408,3673,62743,75397,False
YMR031C,EIS1,7.604120909,0.129553236,0,8298,12,956127,inf,trans,0.129553236,8298,954167,971945,False
YMR031C,EIS1,6.369255557,-0.121571718,0,1189,3,286440,inf,trans,0.121571718,1189,273446,297295,False
YMR031C,EIS1,5.878304777,0.196845724,1,10180,15,166369,inf,trans,0.196845724,10180,165912,179652,False
YMR031C,EIS1,5.274193665,-0.105338428,0,3893,7,33441,inf,trans,0.105338428,3893,23383,37288,False
YMR031C,EIS1,5.065276369,0.101829547,0,1278,4,48723,inf,trans,0.101829547,1278,37106,60023,False
YMR031C,EIS1,5.02858429,0.147352735,1,10203,15,185252,inf,trans,0.147352735,10203,179652,185951,False
YMR031C,EIS1,4.684480844,0.098885397,0,10993,15,1015033,inf,trans,0.098885397,10993,1010191,1018776,False
YMR031C,EIS1,4.666347193,-0.098578893,0,5477,9,60132,inf,trans,0.098578893,5477,57000,72684,False
YMR031C,EIS1,4.45573238,0.094354935,0,6483,10,662711,inf,trans,0.094354935,6483,649610,667117,False
YMR031C,EIS1,4.365555895,0.200677651,0,896,3,757,inf,trans,0.200677651,896,757,757,False
YMR031C,EIS1,4.306860028,-0.107826779,0,5054,8,193425,inf,trans,0.107826779,5054,191947,200617,False
YMR031C,EIS1,4.048504087,-0.090488766,0,2557,4,1345539,inf,trans,0.090488766,2557,1337043,1367398,False
YGR200C,ELP2; TOT2,7.887697444,0.210018149,1,2774,5,13449,inf,trans,0.210018149,2774,8786,14028,False
YGR200C,ELP2; TOT2,6.190426029,-0.237470096,0,1845,4,547876,inf,trans,0.237470096,1845,538294,549461,False
YPL086C,ELP3,8.533014491,0.350732028,1,8137,12,792610,inf,trans,0.350732028,8137,792610,792610,False
YCL045C,EMC1,6.459827241,-0.193692628,1,10827,15,834594,inf,trans,0.193692628,10827,829621,834594,False
YCL045C,EMC1,5.343351052,-0.161786653,0,11098,16,28409,inf,trans,0.161786653,11098,26510,35982,False
YDR516C,EMI2,8.77727476,0.22340706,0,10194,15,173340,inf,trans,0.22340706,10194,165912,184082,False
YDR516C,EMI2,5.403819468,0.167092081,0,9249,13,910929,inf,trans,0.167092081,9249,899239,914897,False
YNL084C,END3,6.444583571,0.169299285,1,3177,5,346773,inf,trans,0.169299285,3177,341045,354177,False
YNL084C,END3,6.151415203,-0.299045195,0,3578,5,566434,inf,trans,0.299045195,3578,565000,566755,False
YNL084C,END3,6.074922252,-0.317668389,0,11874,16,786427,inf,trans,0.317668389,11874,786427,786427,False
YGR254W,ENO1,6.018505507,0.138849336,0,215,2,24341,inf,trans,0.138849336,215,8250,28695,False
YGR254W,ENO1,5.892806719,-0.844347775,0,10777,15,785154,inf,trans,0.844347775,10777,785154,785154,False
YGR254W,ENO1,5.231296639,0.12803761,0,2480,4,1248695,inf,trans,0.12803761,2480,1242195,1256509,False
YGR254W,ENO1,5.117371076,-0.233971004,0,5312,8,453479,inf,trans,0.233971004,5312,441024,461438,False
YGR254W,ENO1,4.964255877,-0.464880196,1,3851,6,270091,inf,trans,0.464880196,3851,256493,270091,False
YGR254W,ENO1,4.811481972,-0.120951287,0,10882,15,906721,inf,trans,0.120951287,10882,887134,912729,False
YGR254W,ENO1,4.718872934,0.182295351,0,1006,3,95493,inf,trans,0.182295351,1006,92556,101814,False
YGR254W,ENO1,4.629700026,0.380816242,1,8179,12,829417,inf,trans,0.380816242,8179,829417,829417,False
YGR254W,ENO1,4.417209738,-0.651333346,0,7686,12,265316,inf,trans,0.651333346,7686,265316,265316,False
YGR254W,ENO1,4.278697727,0.138638628,1,11042,15,1074311,inf,trans,0.138638628,11042,1074311,1074311,False
YGR254W,ENO1,4.269767186,-0.113098489,0,4976,8,122347,inf,trans,0.113098489,4976,119730,124640,False
YHR174W,ENO2; ENOB,8.290146095,-1.179723737,0,7686,12,265316,inf,trans,1.179723737,7686,265316,265316,False
YHR174W,ENO2; ENOB,8.184117958,-0.222092311,0,9798,14,644949,inf,trans,0.222092311,9798,620369,650841,False
YHR174W,ENO2; ENOB,7.102435655,-1.049674182,0,10777,15,785154,inf,trans,1.049674182,10777,785154,785154,False
YHR174W,ENO2; ENOB,6.336704301,0.272574927,1,4277,7,459752,inf,trans,0.272574927,4277,459752,459752,False
YHR174W,ENO2; ENOB,5.327257256,0.135766454,0,2481,4,1250650,inf,trans,0.135766454,2481,1246177,1257441,False
YHR174W,ENO2; ENOB,4.821616516,0.127362059,1,1933,4,621613,inf,trans,0.127362059,1933,613791,624555,False
YMR049C,ERB1,6.949200285,0.367304072,0,988,3,84421,inf,trans,0.367304072,988,84421,84421,False
YMR049C,ERB1,6.420247662,0.278936326,1,7032,11,234032,inf,trans,0.278936326,7032,234032,234032,False
YMR049C,ERB1,5.481278707,-0.248480459,0,1004,3,92716,inf,trans,0.248480459,1004,79867,95493,False
YBR143C,SUP45,7.855539491,0.178974263,0,5613,9,139266,inf,trans,0.178974263,5613,125289,144955,False
YBR143C,SUP45,6.451322714,0.959831593,0,10777,15,785154,inf,trans,0.959831593,10777,785154,785154,False
YDR172W,,9.365277315,0.218223491,1,2099,4,808557,0.0,cis,0.218223491,2099,808113,808557,True
YGR175C,ERG1,14.02119366,-0.226899859,0,8853,13,537924,inf,trans,0.226899859,8853,517233,549726,False
YGR175C,ERG1,10.38296421,-0.191873,0,11684,16,576040,inf,trans,0.191873,11684,571530,591786,False
YGR175C,ERG1,9.277883836,0.178335047,0,4206,7,412555,434383.0,trans,0.178335047,4206,398372,425235,False
YGR175C,ERG1,7.104170505,0.157752732,0,7300,11,549470,inf,trans,0.157752732,7300,532258,562114,False
YGR175C,ERG1,6.742251501,0.152621138,1,8663,13,319136,inf,trans,0.152621138,8663,309981,319136,False
YGR175C,ERG1,5.823333595,-0.140409,0,4986,8,134839,inf,trans,0.140409,4986,124640,140065,False
YGR175C,ERG1,5.694630579,-0.138266289,0,1898,4,590984,inf,trans,0.138266289,1898,574801,597710,False
YGR175C,ERG1,5.124452042,-0.654363825,0,12,1,27816,inf,trans,0.654363825,12,27816,31435,False
YGR175C,ERG1,5.086007025,0.128243336,0,7980,12,570630,inf,trans,0.128243336,7980,563476,576167,False
YGR175C,ERG1,4.397172852,-0.11666516,0,7148,11,381658,inf,trans,0.11666516,7148,372538,385019,False
YLR100W,ERG27,6.66519369,-0.3465677,0,844,2,780425,inf,trans,0.3465677,844,780425,780425,False
YLR100W,ERG27,6.467230713,-0.157786529,0,10197,15,180978,inf,trans,0.157786529,10197,168199,185951,False
YLR100W,ERG27,5.484845364,0.282835086,0,7220,11,457834,inf,trans,0.282835086,7220,457834,457834,False
YER044C,ERG28; BUD18,5.945541055,-0.594461108,0,3562,5,565737,327722.0,trans,0.594461108,3562,564730,566755,False
YER044C,ERG28; BUD18,5.754742996,0.149553665,0,11686,16,576969,inf,trans,0.149553665,11686,571530,591786,False
YER044C,ERG28; BUD18,5.034222684,0.141076289,1,4474,7,671969,inf,trans,0.141076289,4474,668812,676388,False
YGL012W,ERG4,9.699634237,-0.216866541,0,9801,14,647843,inf,trans,0.216866541,9801,621027,651987,False
YGL012W,ERG4,8.951061386,0.187208639,0,1931,4,620206,inf,trans,0.187208639,1931,611309,624555,False
YGL012W,ERG4,8.126425658,-0.622735885,0,378,2,197598,inf,trans,0.622735885,378,197598,197598,False
YGL012W,ERG4,7.897902121,0.173847862,0,2480,4,1248695,inf,trans,0.173847862,2480,1242195,1256509,False
YGL012W,ERG4,5.831138731,0.310109537,0,4,1,1470,inf,trans,0.310109537,4,1470,1470,False
YGL012W,ERG4,5.557918423,0.263832288,1,4277,7,459752,13108.0,trans,0.263832288,4277,459752,459752,False
YGL012W,ERG4,5.547410987,-0.151966598,0,7573,12,148231,inf,trans,0.151966598,7573,134496,163451,False
YGL012W,ERG4,5.544733056,-0.391549479,0,4207,7,412630,60230.0,trans,0.391549479,4207,412630,412630,False
YGL012W,ERG4,4.686876953,0.12901684,0,2088,4,795775,inf,trans,0.12901684,2088,781689,812053,False
YGL012W,ERG4,4.261597978,-0.644547013,0,3121,5,266246,inf,trans,0.644547013,3121,266246,266246,False
YGL012W,ERG4,4.168597067,0.210444382,0,3758,6,179345,inf,trans,0.210444382,3758,179345,179345,False
YGL012W,ERG4,4.152227099,-0.177544648,0,11974,16,909717,inf,trans,0.177544648,11974,909717,909717,False
YGL012W,ERG4,4.132207722,0.13370333,1,9811,14,663083,inf,trans,0.13370333,9811,654230,663083,False
YGL012W,ERG4,4.130357475,0.118515967,0,7152,11,381937,inf,trans,0.118515967,7152,372538,385019,False
YGL012W,ERG4,4.107730741,-0.747654466,0,10777,15,785154,inf,trans,0.747654466,10777,785154,785154,False
YML008C,ERG6,7.834891482,-0.168503605,0,9800,14,646585,inf,trans,0.168503605,9800,629832,650841,False
YML008C,ERG6,6.571950017,-0.987484528,0,10777,15,785154,inf,trans,0.987484528,10777,785154,785154,False
YML008C,ERG6,6.235289478,-0.145201551,1,8222,12,879953,inf,trans,0.145201551,8222,879953,888202,False
YML008C,ERG6,5.591985316,0.138738721,0,3666,6,65183,inf,trans,0.138738721,3666,57460,74406,False
YML008C,ERG6,5.12075137,0.146620297,0,6949,11,162634,inf,trans,0.146620297,6949,146291,164489,False
YML008C,ERG6,4.830926201,0.125951707,0,11186,16,74823,inf,trans,0.125951707,11186,70846,78839,False
YML008C,ERG6,4.823995761,0.235462318,1,4277,7,459752,inf,trans,0.235462318,4277,459752,459752,False
YML008C,ERG6,4.817879368,-0.134139942,0,643,2,524731,inf,trans,0.134139942,643,507274,530047,False
YML008C,ERG6,4.742248224,-0.409843552,0,4248,7,433855,inf,trans,0.409843552,4248,433855,433855,False
YML008C,ERG6,4.63671183,-0.139849874,0,3484,5,564355,inf,trans,0.139849874,3484,563347,565122,False
YML130C,ERO1,7.430335468,-0.178430525,0,10197,15,180978,inf,trans,0.178430525,10197,168199,185951,False
YML130C,ERO1,6.276162322,0.149688938,0,11338,16,191290,inf,trans,0.149688938,11338,179596,198072,False
YML130C,ERO1,5.149632096,-0.132774452,1,2149,4,851282,inf,trans,0.132774452,2149,844958,861441,False
YML130C,ERO1,5.066075891,0.131378522,0,2242,4,927509,inf,trans,0.131378522,2242,911766,930823,False
YAR002C-A,ERP1,6.504729214,0.173798585,0,4456,7,659189,inf,trans,0.173798585,4456,652017,669370,False
YGL054C,ERV14,7.535508049,-0.16896374,0,9801,14,647843,inf,trans,0.16896374,9801,621027,651987,False
YGL054C,ERV14,6.875811249,0.182189847,0,3660,6,62743,inf,trans,0.182189847,3660,55876,73433,False
YGL054C,ERV14,5.600377127,0.143448006,0,6007,10,61708,inf,trans,0.143448006,6007,61391,68934,False
YGL054C,ERV14,4.799991624,0.132888054,0,1931,4,620206,inf,trans,0.132888054,1931,611309,624555,False
YGL054C,ERV14,4.750390475,-0.349802963,0,4207,7,412630,11340.0,trans,0.349802963,4207,412630,412630,False
YGL054C,ERV14,4.683948694,-0.153555046,0,8501,13,81072,inf,trans,0.153555046,8501,73225,92384,False
YGR284C,ERV29,6.496968811,1.057747301,0,4567,7,794535,266130.0,trans,1.057747301,4567,794535,794535,False
YGR284C,ERV29,6.188944674,-0.171957666,0,10197,15,180978,inf,trans,0.171957666,10197,168199,185951,False
YJR017C,ESS1,7.951435589,-0.448969439,1,11049,16,15039,inf,trans,0.448969439,11049,15039,15039,False
YJR017C,ESS1,7.843581527,-0.293469138,0,10245,15,227542,inf,trans,0.293469138,10245,220986,233334,False
YJR017C,ESS1,7.353331307,-0.264168702,0,9801,14,647843,inf,trans,0.264168702,9801,621027,651987,False
YJR017C,ESS1,5.475843632,0.303582498,0,4,1,1470,inf,trans,0.303582498,4,1470,1470,False
YJR017C,ESS1,5.194691068,0.14567514,0,1931,4,620206,inf,trans,0.14567514,1931,611309,624555,False
YJR017C,ESS1,4.745693191,-0.188490542,0,6642,11,7663,inf,trans,0.188490542,6642,3277,13973,False
YJR017C,ESS1,4.679235201,-0.138935203,1,6230,10,392475,74039.0,trans,0.138935203,6230,392475,392475,False
YJR017C,ESS1,4.633764001,-0.138869438,0,8672,13,339328,inf,trans,0.138869438,8672,338431,345749,False
YJR017C,ESS1,4.604228176,0.211776974,0,9787,14,635910,inf,trans,0.211776974,9787,611236,648789,False
YJR017C,ESS1,4.424054859,0.132458339,0,2478,4,1246177,inf,trans,0.132458339,2478,1242195,1256208,False
YJR017C,ESS1,4.371755286,-0.131722467,0,4245,7,433742,inf,trans,0.131722467,4245,428717,438823,False
YPR004C,AIM45,11.61340183,0.243965841,0,10190,15,171150,inf,trans,0.243965841,10190,165912,184082,False
YPR004C,AIM45,6.415572047,-0.443226236,0,7031,11,231612,inf,trans,0.443226236,7031,231612,231612,False
YPR004C,AIM45,6.195037299,0.151046019,0,7240,11,467666,inf,trans,0.151046019,7240,460484,475092,False
YPR004C,AIM45,5.075887769,0.139182394,0,5598,9,136172,inf,trans,0.139182394,5598,114834,144955,False
YPR004C,AIM45,5.022978104,0.134526907,0,11688,16,579283,14245.0,trans,0.134526907,11688,559542,591786,False
YPR004C,AIM45,4.692693646,-0.130331158,0,4711,7,933345,inf,trans,0.130331158,4711,918781,938096,False
YGR207C,CIR1,8.303437623,0.208956565,0,10191,15,171671,inf,trans,0.208956565,10191,165912,184082,False
YBR026C,ETR1,14.80437809,0.294203431,1,10191,15,171671,inf,trans,0.294203431,10191,165912,184082,False
YBR026C,ETR1,5.989353314,-0.15669838,0,8819,13,510968,inf,trans,0.15669838,8819,505070,513217,False
YDR518W,EUG1,12.23333743,-0.24326932,0,2684,4,1480835,682.0,cis,0.24326932,2684,1480211,1490851,True
YDR518W,EUG1,7.258478212,0.225270195,0,8503,13,82403,inf,trans,0.225270195,8503,75558,92384,False
YDR518W,EUG1,5.802989145,0.198467195,0,3706,6,98668,inf,trans,0.198467195,3706,98668,101478,False
YLR300W,EXG1,39.91442619,0.423307216,1,10191,15,171671,inf,trans,0.423307216,10191,165912,184082,False
YLR300W,EXG1,13.8268671,0.207594173,1,11680,16,572345,inf,trans,0.207594173,11680,572345,572345,False
YLR300W,EXG1,8.919806552,-0.166755264,0,9794,14,642447,inf,trans,0.166755264,9794,620369,648789,False
YLR300W,EXG1,7.669255285,0.150025507,0,5575,9,115779,inf,trans,0.150025507,5575,103774,136619,False
YLR300W,EXG1,6.201732435,0.135147872,0,1898,4,590984,inf,trans,0.135147872,1898,574801,597710,False
YLR300W,EXG1,5.833754778,0.137096883,0,636,2,517548,inf,trans,0.137096883,636,505207,530047,False
YLR300W,EXG1,4.828748035,0.116753781,0,3669,6,71471,inf,trans,0.116753781,3669,62743,74913,False
YLR300W,EXG1,4.685186315,-0.118985852,0,8667,13,331334,inf,trans,0.118985852,8667,329611,333904,False
YDL168W,SFA1; SFA,10.92486294,0.241916201,0,10194,15,173340,inf,trans,0.241916201,10194,165912,184082,False
YDL168W,SFA1; SFA,8.490910309,-1.027453092,0,7686,12,265316,inf,trans,1.027453092,7686,265316,265316,False
YDL168W,SFA1; SFA,5.806557189,-0.202880492,0,8463,13,61764,inf,trans,0.202880492,8463,55098,75198,False
YDL168W,SFA1; SFA,5.080334805,-0.1357426,0,11772,16,656563,inf,trans,0.1357426,11772,652919,664738,False
YKL182W,FAS1,7.140922107,-0.140521166,0,4192,7,399000,inf,trans,0.140521166,4192,395909,413465,False
YKL182W,FAS1,6.784731263,0.276549954,0,4647,7,876941,inf,trans,0.276549954,4647,876941,876941,False
YPL231W,FAS2,9.17061575,-0.164862265,1,4192,7,399000,inf,trans,0.164862265,4192,395909,413465,False
YPL231W,FAS2,6.181219776,0.155260884,0,2475,4,1242195,inf,trans,0.155260884,2475,1237546,1248695,False
YPL231W,FAS2,5.971630935,0.262747832,0,4647,7,876941,inf,trans,0.262747832,4647,876941,876941,False
YPL231W,FAS2,5.017459608,0.137364517,1,11245,16,132456,18141.0,trans,0.137364517,11245,132456,132456,False
YPL231W,FAS2,4.965992656,-0.267633165,1,6512,10,686698,inf,trans,0.267633165,6512,682740,697845,False
YDL014W,NOP1; LOT3,15.81121231,-0.523491505,0,1784,4,520430,92086.0,trans,0.523491505,1784,520430,520430,False
YDL014W,NOP1; LOT3,9.06787709,0.554939837,1,7033,11,234262,inf,trans,0.554939837,7033,234262,234262,False
YHR190W,ERG9,26.56654343,0.305658657,1,5350,8,484694,151.0,cis,0.305658657,5350,484694,485972,True
YHR190W,ERG9,7.170340597,-0.434994698,1,2434,4,1172914,inf,trans,0.434994698,2434,1171385,1198548,False
YHR190W,ERG9,6.787842071,0.44826324,0,4248,7,433855,inf,trans,0.44826324,4248,433855,433855,False
YHR190W,ERG9,5.221939053,0.126183884,0,5150,8,289717,195128.0,trans,0.126183884,5150,279899,321259,False
YHR190W,ERG9,4.746751421,0.34401268,1,2432,4,1172380,inf,trans,0.34401268,2432,1171385,1198548,False
YGR234W,YHB1; YHB,25.85489953,0.253219106,1,5610,9,138636,inf,trans,0.253219106,5610,125289,144955,False
YGR234W,YHB1; YHB,24.81090015,-0.255233961,1,11686,16,576969,inf,trans,0.255233961,11686,571530,591786,False
YGR234W,YHB1; YHB,15.82548053,-0.209160112,1,8816,13,509524,inf,trans,0.209160112,8816,500062,513217,False
YGR234W,YHB1; YHB,12.59451366,-0.173677312,0,7147,11,380964,inf,trans,0.173677312,7147,372538,385019,False
YGR234W,YHB1; YHB,11.90943915,-0.168450809,1,11352,16,207437,inf,trans,0.168450809,11352,196859,213411,False
YGR234W,YHB1; YHB,11.41478126,0.186354037,0,7981,12,570792,inf,trans,0.186354037,7981,563476,576167,False
YGR234W,YHB1; YHB,10.65112922,-0.155285939,0,10840,15,852168,inf,trans,0.155285939,10840,841052,876222,False
YGR234W,YHB1; YHB,10.55279278,-0.166097473,1,8668,13,331755,inf,trans,0.166097473,8668,329611,333904,False
YGR234W,YHB1; YHB,9.734916526,-0.150007688,0,3667,6,66460,inf,trans,0.150007688,3667,62743,74406,False
YGR234W,YHB1; YHB,9.19610142,0.143431291,0,4191,7,398372,561536.0,trans,0.143431291,4191,395909,412717,False
YGR234W,YHB1; YHB,8.436145079,-0.137054732,1,7219,11,456846,inf,trans,0.137054732,7219,430725,463057,False
YGR234W,YHB1; YHB,8.284809636,-0.138586107,0,1407,4,160842,inf,trans,0.138586107,1407,160842,168256,False
YGR234W,YHB1; YHB,6.965777941,0.122921994,0,9008,13,697107,inf,trans,0.122921994,9008,694397,701153,False
YGR234W,YHB1; YHB,5.976570002,0.114531796,0,3222,5,416981,inf,trans,0.114531796,3222,412759,432587,False
YGR234W,YHB1; YHB,5.958377903,-0.131138536,0,7001,11,210267,inf,trans,0.131138536,7001,208258,220819,False
YGR234W,YHB1; YHB,5.658985004,-0.109778,1,3707,6,98707,inf,trans,0.109778,3707,98707,98707,False
YGR234W,YHB1; YHB,5.487272287,-0.114972497,0,1764,4,482653,inf,trans,0.114972497,1764,466223,501469,False
YGR234W,YHB1; YHB,5.423386041,-0.120961358,0,10192,15,172074,inf,trans,0.120961358,10192,165912,184082,False
YGR234W,YHB1; YHB,4.903087427,0.102521411,0,4974,8,122014,inf,trans,0.102521411,4974,119178,124640,False
YGR234W,YHB1; YHB,4.714961459,0.098830597,0,7848,12,441152,inf,trans,0.098830597,7848,425418,443164,False
YGR234W,YHB1; YHB,4.500890205,0.11098549,0,6980,11,186196,inf,trans,0.11098549,6980,173945,200393,False
YGR234W,YHB1; YHB,4.426074866,-0.113924142,0,2318,4,998174,inf,trans,0.113924142,2318,960833,1000959,False
YGR234W,YHB1; YHB,4.383360117,0.095443263,0,4274,7,455735,504173.0,trans,0.095443263,4274,454664,460988,False
YGR234W,YHB1; YHB,4.012319684,-0.089825066,0,1985,4,672865,inf,trans,0.089825066,1985,657631,682178,False
YGR234W,YHB1; YHB,3.989924811,-0.091539452,0,1926,4,611309,inf,trans,0.091539452,1926,600513,620786,False
YGR234W,YHB1; YHB,3.961303043,0.098043733,0,8860,13,540307,inf,trans,0.098043733,8860,524777,552236,False
YGR234W,YHB1; YHB,3.810255911,-0.174701856,0,10929,15,966542,inf,trans,0.174701856,10929,961682,966542,False
YGR234W,YHB1; YHB,3.657582085,-0.087596887,0,7114,11,348254,inf,trans,0.087596887,7114,336742,356064,False
YGR234W,YHB1; YHB,3.578432547,0.084786158,0,11626,16,508190,inf,trans,0.084786158,11626,504270,518590,False
YGR234W,YHB1; YHB,3.547075344,-0.098765347,0,7953,12,553701,inf,trans,0.098765347,7953,545567,560481,False
YGR234W,YHB1; YHB,3.456411867,-0.082662151,0,5804,9,282224,inf,trans,0.082662151,5804,276483,289513,False
YNL135C,FPR1,6.601563892,0.176328974,0,10197,15,180978,inf,trans,0.176328974,10197,168199,185951,False
YNL135C,FPR1,6.28154373,0.344771821,1,1685,4,397927,inf,trans,0.344771821,1685,390909,405368,False
YNL135C,FPR1,5.145877059,-0.265928699,0,1784,4,520430,inf,trans,0.265928699,1784,520430,520430,False
YDR519W,FPR2; FKB2,5.712040782,-0.292326226,0,1784,4,520430,959987.0,trans,0.292326226,1784,520430,520430,False
YML074C,FPR3; NPI46,8.408238123,1.197884219,0,10777,15,785154,inf,trans,1.197884219,10777,785154,785154,False
YML074C,FPR3; NPI46,5.254004323,-0.307370109,1,7159,11,385103,inf,trans,0.307370109,7159,385103,385103,False
YLR342W,,7.640513333,-0.192638926,0,10197,15,180978,inf,trans,0.192638926,10197,168199,185951,False
YNL168C,FMP41,9.307943924,-0.418309924,0,10891,15,911748,inf,trans,0.418309924,10891,911748,911748,False
YNL168C,FMP41,6.056727166,-0.577746488,0,8582,13,179719,inf,trans,0.577746488,8582,179719,179719,False
YNL168C,FMP41,5.694566794,0.570573323,0,378,2,197598,inf,trans,0.570573323,378,197598,197598,False
YNL168C,FMP41,5.489531221,-0.394488993,1,4825,7,1048545,inf,trans,0.394488993,4825,1048545,1048545,False
YNL168C,FMP41,5.149751469,0.403575463,0,261,2,84412,inf,trans,0.403575463,261,84412,84412,False
YNL168C,FMP41,4.995420348,0.17862354,1,7699,12,281802,inf,trans,0.17862354,7699,281400,281805,False
YNL168C,FMP41,4.704725604,0.141468145,0,8571,13,159382,inf,trans,0.141468145,8571,144518,164705,False
YNL168C,FMP41,4.637327584,-0.243237452,1,3758,6,179345,inf,trans,0.243237452,3758,179345,179345,False
YNL168C,FMP41,4.324605108,-0.202877942,1,12034,17,40387,inf,trans,0.202877942,12034,40387,40387,False
YER004W,FMP52,8.590672874,0.213446686,0,11685,16,576347,inf,trans,0.213446686,11685,564355,591786,False
YER004W,FMP52,7.796812336,0.983062448,0,4215,7,414263,inf,trans,0.983062448,4215,414263,414263,False
YER004W,FMP52,7.154099201,0.253564844,0,3485,5,564360,404086.0,trans,0.253564844,3485,563348,565125,False
YER004W,FMP52,6.449212498,-0.152792284,0,5382,8,519609,inf,trans,0.152792284,5382,517167,528155,False
YER004W,FMP52,6.285934801,0.15081814,1,9803,14,650841,inf,trans,0.15081814,9803,643364,651987,False
YER004W,FMP52,5.881244383,0.152847418,0,10166,15,151907,inf,trans,0.152847418,10166,144887,160644,False
YER004W,FMP52,5.68746564,0.911218174,0,10777,15,785154,inf,trans,0.911218174,10777,785154,785154,False
YER004W,FMP52,4.761998472,-0.214377899,0,1004,3,92716,inf,trans,0.214377899,1004,79867,95493,False
YER004W,FMP52,4.698398835,-0.128835547,0,3699,6,91505,inf,trans,0.128835547,3699,83761,92208,False
YER004W,FMP52,4.560760403,0.256668275,0,3861,7,595,inf,trans,0.256668275,3861,595,16567,False
YJL167W,ERG20,10.4620133,0.193699976,0,6032,10,108820,2754.0,trans,0.193699976,6032,101719,122243,False
YJL167W,ERG20,6.859352752,0.152904679,0,7853,12,442034,inf,trans,0.152904679,7853,425418,443164,False
YJL167W,ERG20,5.955535186,-0.18749916,1,11226,16,117213,inf,trans,0.18749916,11226,117213,117213,False
YJL167W,ERG20,5.154318966,-0.203950723,0,983,3,80341,inf,trans,0.203950723,983,79867,92716,False
YJL167W,ERG20,4.994839983,0.129199489,1,6951,11,164489,inf,trans,0.129199489,6951,146291,171647,False
YJL167W,ERG20,4.898002701,0.126375084,0,5624,9,154510,inf,trans,0.126375084,5624,144386,158904,False
YJL167W,ERG20,4.840537888,-0.26834048,0,2405,4,1154148,inf,trans,0.26834048,2405,1154148,1154160,False
YDL120W,YFH1,9.198323675,-1.067899772,0,7686,12,265316,inf,trans,1.067899772,7686,265316,265316,False
YDL120W,YFH1,7.047211871,-0.682275834,0,7873,12,460678,inf,trans,0.682275834,7873,460678,460678,False
YDL120W,YFH1,6.852993286,-0.226447616,1,10762,15,774673,inf,trans,0.226447616,10762,774372,785674,False
YDL120W,YFH1,5.498908573,-0.140668776,1,10267,15,244594,inf,trans,0.140668776,10267,237260,253998,False
YDL120W,YFH1,5.383682699,0.139834447,0,2433,4,1172576,926129.0,trans,0.139834447,2433,1171385,1198548,False
YDL120W,YFH1,4.895735989,0.135038308,0,4155,7,362321,inf,trans,0.135038308,4155,354145,376215,False
YDL120W,YFH1,4.635731956,-0.129460552,0,1285,4,53342,192581.0,trans,0.129460552,1285,46065,61772,False
YDL120W,YFH1,4.472003578,0.127392454,0,1940,4,624555,378108.0,trans,0.127392454,1940,613791,629973,False
YEL047C,FRD1,9.67339298,0.484415695,0,7031,11,231612,inf,trans,0.484415695,7031,231612,231612,False
YEL047C,FRD1,9.621961026,0.341478316,0,7905,12,510268,inf,trans,0.341478316,7905,504262,511884,False
YEL047C,FRD1,8.06070129,-0.251881839,1,11400,16,259609,inf,trans,0.251881839,11400,259609,259609,False
YEL047C,FRD1,7.570628453,0.34821976,0,8525,13,99287,inf,trans,0.34821976,8525,99287,99287,False
YEL047C,FRD1,7.18011488,0.153429732,0,9408,14,206830,inf,trans,0.153429732,9408,199813,223967,False
YEL047C,FRD1,6.627949728,-0.749776784,0,11539,16,383323,inf,trans,0.749776784,11539,383323,383323,False
YEL047C,FRD1,6.430430841,0.278739994,1,5416,8,541428,inf,trans,0.278739994,5416,541428,541428,False
YEL047C,FRD1,6.027940973,-0.12929132,0,7982,12,570843,inf,trans,0.12929132,7982,563476,576167,False
YEL047C,FRD1,5.800981656,-0.119018125,0,11571,16,429882,inf,trans,0.119018125,11571,429194,444574,False
YEL047C,FRD1,5.415628257,-0.125040624,0,7857,12,442845,inf,trans,0.125040624,7857,430049,443164,False
YEL047C,FRD1,4.978493916,-0.109541781,0,5614,9,139442,inf,trans,0.109541781,5614,125289,144955,False
YEL047C,FRD1,4.959500859,0.225241647,1,7904,12,510241,inf,trans,0.225241647,7904,506655,510268,False
YEL047C,FRD1,4.765087883,-0.104569576,1,5859,9,354047,inf,trans,0.104569576,5859,340588,367860,False
YEL047C,FRD1,4.437498071,0.137113897,0,10845,15,860902,inf,trans,0.137113897,10845,859618,864445,False
YEL047C,FRD1,4.325276535,-0.252485959,0,844,2,780425,inf,trans,0.252485959,844,780425,780425,False
YEL047C,FRD1,4.285086809,-0.10073138,0,11001,15,1028864,inf,trans,0.10073138,11001,1022262,1036136,False
YEL047C,FRD1,4.218694808,0.202509358,0,4,1,1470,inf,trans,0.202509358,4,1470,1470,False
YEL047C,FRD1,4.087347402,0.098607644,0,342,2,165270,inf,trans,0.098607644,342,161229,171254,False
YEL047C,FRD1,4.067624986,0.096671087,0,4535,7,757758,inf,trans,0.096671087,4535,751217,769305,False
YEL047C,FRD1,3.767900531,-0.201157626,0,996,3,84937,inf,trans,0.201157626,996,84937,84937,False
YEL047C,FRD1,3.730973748,-0.209260998,0,1052,3,151544,inf,trans,0.209260998,1052,151520,151549,False
YEL047C,FRD1,3.712869797,-0.106275204,0,9402,14,196374,inf,trans,0.106275204,9402,187740,196374,False
YKL069W,YKL069W; YKL340,6.971008647,0.275308186,1,7085,11,307466,0.0,cis,0.275308186,7085,294571,307466,True
YOR271C,FSF1,6.931788314,-0.198555302,0,10193,15,172102,658956.0,trans,0.198555302,10193,165912,184082,False
YOR271C,FSF1,6.179105647,0.167005635,0,11349,16,202983,inf,trans,0.167005635,11349,196859,213411,False
YOR271C,FSF1,5.322487167,-0.151755295,1,5209,8,361900,inf,trans,0.151755295,5209,353097,368023,False
YOR271C,FSF1,5.137842585,-0.143953364,1,10826,15,833802,1761.0,trans,0.143953364,10826,829621,834594,False
YPL262W,FUM1,30.57522895,0.319343809,1,11118,16,48340,0.0,cis,0.319343809,11118,43424,56294,True
YPL262W,FUM1,18.83766844,0.245891059,1,5610,9,138636,inf,trans,0.245891059,5610,125289,144955,False
YPL262W,FUM1,13.20053514,0.228469878,0,10186,15,170347,inf,trans,0.228469878,10186,165912,184082,False
YPL262W,FUM1,11.65563587,0.19098998,0,7977,12,569918,inf,trans,0.19098998,7977,563476,576167,False
YPL262W,FUM1,10.73705808,-0.249235703,0,8458,13,56990,inf,trans,0.249235703,8458,55098,73225,False
YPL262W,FUM1,7.750053004,-0.428991361,0,7031,11,231612,inf,trans,0.428991361,7031,231612,231612,False
YPL262W,FUM1,7.246871261,-0.152850922,1,8664,13,329611,inf,trans,0.152850922,8664,329611,333904,False
YPL262W,FUM1,6.245895638,0.133645629,0,8104,12,737369,inf,trans,0.133645629,8104,727931,754859,False
YPL262W,FUM1,5.609984689,0.12821567,0,11685,16,576347,527545.0,trans,0.12821567,11685,564355,591786,False
YPL262W,FUM1,5.111672034,-0.120897117,1,7184,11,417049,inf,trans,0.120897117,7184,404841,428422,False
YPL262W,FUM1,4.669871083,-0.114138036,0,8816,13,509524,inf,trans,0.114138036,8816,500062,513217,False
YJL052W,TDH1,12.49398696,-0.208824506,0,2299,4,975149,inf,trans,0.208824506,2299,959283,1000959,False
YJL052W,TDH1,10.50653733,-0.192404997,1,8670,13,333904,inf,trans,0.192404997,8670,329611,338431,False
YJL052W,TDH1,7.833288534,-0.153525597,0,10887,15,907643,inf,trans,0.153525597,10887,892522,912729,False
YJL052W,TDH1,7.459276158,-0.197070618,1,8470,13,68113,inf,trans,0.197070618,8470,56990,75198,False
YJL052W,TDH1,6.332684907,-0.14257091,0,4987,8,135448,inf,trans,0.14257091,4987,124640,140065,False
YJL052W,TDH1,5.87911393,0.134147196,0,2478,4,1246177,inf,trans,0.134147196,2478,1242195,1256208,False
YJL052W,TDH1,5.842480157,0.130399485,0,11589,16,463745,inf,trans,0.130399485,11589,458134,470812,False
YJL052W,TDH1,4.764638969,-0.267698032,0,12048,17,65917,inf,trans,0.267698032,12048,65917,65917,False
YJL052W,TDH1,4.358857086,-0.13540874,0,912,3,4582,inf,trans,0.13540874,912,2644,5784,False
YJR009C,TDH2; GPD2,7.790255198,-0.207164978,0,10193,15,172102,inf,trans,0.207164978,10193,165912,184082,False
YJR009C,TDH2; GPD2,7.112610178,0.276355552,1,9103,13,757834,inf,trans,0.276355552,9103,751130,770563,False
YJR009C,TDH2; GPD2,6.672958104,-0.166010781,0,5597,9,136134,inf,trans,0.166010781,5597,114834,144955,False
YJR009C,TDH2; GPD2,5.54660662,-0.154235973,0,5260,8,390246,inf,trans,0.154235973,5260,380610,397561,False
YGR192C,TDH3; GPD3,11.50411143,-0.554661363,0,4207,7,412630,470187.0,trans,0.554661363,4207,412630,412630,False
YGR192C,TDH3; GPD3,10.16021125,-1.00240078,0,3121,5,266246,inf,trans,1.00240078,3121,266246,266246,False
YGR192C,TDH3; GPD3,8.510198593,-0.408532878,1,4118,7,329449,553368.0,trans,0.408532878,4118,315634,341488,False
YGR192C,TDH3; GPD3,7.377464862,0.321693714,0,10891,15,911748,inf,trans,0.321693714,10891,911748,911748,False
YGR192C,TDH3; GPD3,7.217662245,-0.450941582,0,11773,16,656677,inf,trans,0.450941582,11773,652919,664738,False
YGR192C,TDH3; GPD3,5.508271111,0.35584101,0,4825,7,1048545,164730.0,trans,0.35584101,4825,1048545,1048545,False
YGR192C,TDH3; GPD3,5.358791149,0.136039928,0,12,1,27816,inf,trans,0.136039928,12,27816,31435,False
YGR192C,TDH3; GPD3,5.253621592,0.28394877,1,4119,7,331193,551624.0,trans,0.28394877,4119,315634,341488,False
YGR192C,TDH3; GPD3,4.92541407,-0.777321046,0,10777,15,785154,inf,trans,0.777321046,10777,785154,785154,False
YGR192C,TDH3; GPD3,4.786114589,0.359694386,0,7031,11,231612,inf,trans,0.359694386,7031,231612,231612,False
YGR192C,TDH3; GPD3,4.748986226,-0.774386915,0,6781,11,22075,inf,trans,0.774386915,6781,22075,22075,False
YGR192C,TDH3; GPD3,4.603124223,0.350852394,1,11775,16,656911,inf,trans,0.350852394,11775,652919,664738,False
YNL241C,ZWF1; MET19,23.23740319,0.271646811,0,11689,16,579790,inf,trans,0.271646811,11689,554350,591786,False
YNL241C,ZWF1; MET19,12.49319354,0.201017836,0,1896,4,590826,inf,trans,0.201017836,1896,574801,597710,False
YNL241C,ZWF1; MET19,9.09960952,-0.613278004,0,9532,14,379436,181492.0,trans,0.613278004,9532,379436,379436,False
YNL241C,ZWF1; MET19,8.955826217,-0.203611476,0,11556,16,408849,inf,trans,0.203611476,11556,385700,423193,False
YNL241C,ZWF1; MET19,8.316241541,-0.187662323,1,912,3,4582,inf,trans,0.187662323,912,2644,5784,False
YNL241C,ZWF1; MET19,7.613662588,0.147634038,0,4279,7,460447,inf,trans,0.147634038,4279,455708,472246,False
YNL241C,ZWF1; MET19,6.986336197,0.157595783,0,10183,15,168592,inf,trans,0.157595783,10183,165912,181071,False
YNL241C,ZWF1; MET19,6.507454345,0.13490143,0,4538,7,762575,inf,trans,0.13490143,4538,751217,769305,False
YNL241C,ZWF1; MET19,5.84349925,-0.150468172,0,8501,13,81072,inf,trans,0.150468172,8501,73225,92384,False
YNL241C,ZWF1; MET19,5.677450468,-0.124148594,1,6380,10,569834,inf,trans,0.124148594,6380,564317,571888,False
YNL241C,ZWF1; MET19,5.311130646,-0.12151294,0,9768,14,621027,423083.0,trans,0.12151294,9768,606273,647843,False
YNL241C,ZWF1; MET19,5.26978259,-0.120427857,0,427,2,279910,inf,trans,0.120427857,427,274614,287187,False
YNL241C,ZWF1; MET19,5.232708296,-0.118331325,0,7982,12,570843,inf,trans,0.118331325,7982,563476,576167,False
YNL241C,ZWF1; MET19,4.568157653,-0.111604651,0,1954,4,641585,inf,trans,0.111604651,1954,636237,645245,False
YNL241C,ZWF1; MET19,4.436487769,0.141023233,1,11536,16,381324,inf,trans,0.141023233,11536,374664,394692,False
YNL241C,ZWF1; MET19,4.143782891,-0.103183384,0,10755,15,767623,inf,trans,0.103183384,10755,759061,768292,False
YNL241C,ZWF1; MET19,4.070863371,-0.210590707,0,6273,10,417350,inf,trans,0.210590707,6273,414241,442604,False
YNL241C,ZWF1; MET19,4.04835921,0.102485233,0,850,2,786434,inf,trans,0.102485233,850,777253,792233,False
YNL241C,ZWF1; MET19,3.869890565,-0.099649467,1,2610,4,1418662,inf,trans,0.099649467,2610,1418662,1420155,False
YNL241C,ZWF1; MET19,3.850777869,-0.099832949,1,10881,15,906473,inf,trans,0.099832949,10881,887134,912729,False
YBR196C,PGI1,22.03937917,0.339306853,1,8458,13,56990,inf,trans,0.339306853,8458,55098,73225,False
YBR196C,PGI1,21.57046017,-0.278598033,1,10191,15,171671,inf,trans,0.278598033,10191,165912,184082,False
YBR196C,PGI1,16.38578199,-0.212524278,0,7974,12,567889,inf,trans,0.212524278,7974,563476,576167,False
YBR196C,PGI1,12.31843749,-1.016491115,0,7686,12,265316,inf,trans,1.016491115,7686,265316,265316,False
YBR196C,PGI1,8.489965371,-0.302870132,0,7859,12,443030,inf,trans,0.302870132,7859,425418,443164,False
YBR196C,PGI1,8.310906093,-0.489792066,0,993,3,84800,inf,trans,0.489792066,993,84800,84800,False
YBR196C,PGI1,7.76222941,-0.147015516,1,634,2,510017,102214.0,trans,0.147015516,634,498324,524731,False
YBR196C,PGI1,7.719234778,-0.150226255,1,8126,12,767420,inf,trans,0.150226255,8126,759848,777907,False
YBR196C,PGI1,6.552593629,-0.188177415,1,5585,9,127022,inf,trans,0.188177415,5585,103774,139442,False
YBR196C,PGI1,6.420785889,-0.537034989,0,7873,12,460678,inf,trans,0.537034989,7873,460678,460678,False
YBR196C,PGI1,6.030013602,0.158334983,0,3706,6,98668,inf,trans,0.158334983,3706,98668,101478,False
YBR196C,PGI1,5.596892525,-0.11592136,0,10993,15,1015033,inf,trans,0.11592136,10993,1010191,1018776,False
YBR196C,PGI1,5.586742596,-0.314868293,1,508,2,372919,239312.0,trans,0.314868293,508,363190,384955,False
YBR196C,PGI1,5.374433225,-0.113806688,1,11677,16,571530,inf,trans,0.113806688,11677,544393,587778,False
YBR196C,PGI1,5.077844353,0.108549242,0,1415,4,167204,inf,trans,0.108549242,1415,160842,180121,False
YBR196C,PGI1,4.952288383,0.108464354,0,10835,15,848974,inf,trans,0.108464354,10835,841040,867290,False
YBR196C,PGI1,4.885578708,0.107196592,0,11361,16,212773,inf,trans,0.107196592,11361,199543,213411,False
YBR196C,PGI1,4.6916397,0.226967229,0,4208,7,412630,inf,trans,0.226967229,4208,412630,412630,False
YBR196C,PGI1,4.642276942,0.229660755,0,7161,11,387462,inf,trans,0.229660755,7161,387462,387462,False
YBR196C,PGI1,4.587094709,0.203283797,0,3231,5,430620,inf,trans,0.203283797,3231,430620,430620,False
YBR196C,PGI1,4.521381574,0.107743287,0,12,1,27816,inf,trans,0.107743287,12,27816,31435,False
YBR196C,PGI1,4.498918409,0.101240003,1,96,1,128911,inf,trans,0.101240003,96,127853,128911,False
YBR196C,PGI1,4.133996091,0.096697299,0,4120,7,333120,inf,trans,0.096697299,4120,320913,345530,False
YBR196C,PGI1,3.903333016,0.189385753,0,1784,4,520430,inf,trans,0.189385753,1784,520430,520430,False
YBR196C,PGI1,3.817374353,0.251778045,0,509,2,373518,238713.0,trans,0.251778045,509,363190,387301,False
YBR196C,PGI1,3.790030069,0.093224839,1,565,2,441927,170304.0,trans,0.093224839,565,429095,446471,False
YBR196C,PGI1,3.736505212,-0.093495301,0,4404,7,622096,inf,trans,0.093495301,4404,615456,624442,False
YBR196C,PGI1,3.689928149,0.091540951,0,2272,4,950108,inf,trans,0.091540951,2272,936493,953287,False
YBR196C,PGI1,3.608664783,0.101932638,0,2092,4,801680,inf,trans,0.101932638,2092,794376,802519,False
YGR019W,UGA1,20.9114698,0.320961874,1,10195,15,179652,inf,trans,0.320961874,10195,165912,185951,False
YGR019W,UGA1,7.129037344,0.158867386,0,11699,16,586993,inf,trans,0.158867386,11699,572464,593213,False
YGR019W,UGA1,5.307449473,0.136333635,0,3669,6,71471,inf,trans,0.136333635,3669,62743,74913,False
YGR019W,UGA1,5.010304403,-0.128210821,0,5636,9,169345,inf,trans,0.128210821,5636,161738,175543,False
YGR019W,UGA1,4.745644769,0.125778805,0,9484,14,320771,inf,trans,0.125778805,9484,312060,335123,False
YGR019W,UGA1,4.427585773,-0.120235214,0,2610,4,1418662,inf,trans,0.120235214,2610,1418662,1420155,False
YKR039W,GAP1,77.43159028,-0.529462897,0,7269,11,515435,0.0,cis,0.529462897,7269,508824,522294,True
YKR039W,GAP1,12.80393034,0.261549585,0,8458,13,56990,inf,trans,0.261549585,8458,55098,73225,False
YKR039W,GAP1,12.67982715,0.188949449,0,5935,9,400574,inf,trans,0.188949449,5935,399657,406743,False
YKR039W,GAP1,11.23524386,-0.176695434,1,11890,16,812990,inf,trans,0.176695434,11890,798666,821586,False
YKR039W,GAP1,6.928371876,-0.268828897,0,1784,4,520430,inf,trans,0.268828897,1784,520430,520430,False
YKR039W,GAP1,5.78672796,-0.123604916,0,5597,9,136134,inf,trans,0.123604916,5597,114834,144955,False
YKR039W,GAP1,4.715227794,-0.107631104,0,4518,7,729111,inf,trans,0.107631104,4518,712998,732233,False
YKR039W,GAP1,4.497098637,0.596296899,0,7686,12,265316,inf,trans,0.596296899,7686,265316,265316,False
YHR089C,GAR1,6.842080601,0.378407128,1,8041,12,646385,inf,trans,0.378407128,8041,646385,646385,False
YMR307W,GAS1; GGP1,24.52447702,-0.309110749,1,9226,13,888990,309.0,cis,0.309110749,9226,877043,902431,True
YMR307W,GAS1; GGP1,11.09479978,0.228195717,1,10191,15,171671,inf,trans,0.228195717,10191,165912,184082,False
YMR307W,GAS1; GGP1,6.845058434,0.157160305,0,5612,9,139216,inf,trans,0.157160305,5612,125289,144955,False
YMR307W,GAS1; GGP1,5.397665679,0.134765868,0,658,2,552681,inf,trans,0.134765868,658,552681,558703,False
YMR307W,GAS1; GGP1,5.267267332,-0.13296958,0,3877,7,19896,inf,trans,0.13296958,3877,1581,23383,False
YMR215W,GAS3,9.518179053,-0.217084687,0,9018,13,698642,273.0,cis,0.217084687,9018,696701,701153,True
YOL030W,GAS5,8.310835051,0.172049772,0,5584,9,126580,inf,trans,0.172049772,5584,103774,139442,False
YOL030W,GAS5,7.476681148,0.163665304,0,11688,16,579283,inf,trans,0.163665304,11688,559542,591786,False
YOL030W,GAS5,6.916382676,0.178643291,1,10190,15,171150,97038.0,trans,0.178643291,10190,165912,184082,False
YMR116C,ASC1; CPC2,7.05877042,-0.874296271,0,7686,12,265316,inf,trans,0.874296271,7686,265316,265316,False
YMR116C,ASC1; CPC2,6.567628468,-0.616477759,0,7873,12,460678,inf,trans,0.616477759,7873,460678,460678,False
YMR116C,ASC1; CPC2,5.348479387,-0.131258993,0,7646,12,234859,inf,trans,0.131258993,7646,230601,245473,False
YMR116C,ASC1; CPC2,5.30512605,0.131398992,0,1940,4,624555,inf,trans,0.131398992,1940,613791,629973,False
YMR116C,ASC1; CPC2,5.163913102,0.144693152,0,4665,7,888397,inf,trans,0.144693152,4665,885002,898738,False
YGR267C,FOL2,11.49848371,0.230506317,1,4799,7,1027579,1838.0,trans,0.230506317,4799,1020120,1045136,False
YGR267C,FOL2,6.816746568,-0.250646513,0,11678,16,572250,inf,trans,0.250646513,11678,546787,587778,False
YGR267C,FOL2,6.310688911,-0.188381997,0,10198,15,181071,inf,trans,0.188381997,10198,168199,185951,False
YGL195W,GCN1,5.73222905,-0.165577403,0,10196,15,180876,inf,trans,0.165577403,10196,168199,185951,False
YGL195W,GCN1,5.538313794,-0.316833437,0,3874,7,17843,113688.0,trans,0.316833437,3874,17838,17843,False
YGL195W,GCN1,5.130244025,0.135611812,0,11215,16,105336,inf,trans,0.135611812,11215,92791,105336,False
YFR009W,GCN20,7.351701233,-0.376874351,0,6451,10,635779,inf,trans,0.376874351,6451,635779,635779,False
YFR009W,GCN20,6.951201549,0.221278534,1,4301,7,485796,inf,trans,0.221278534,4301,477177,520054,False
YDL226C,GCS1,16.41926482,-0.268949595,1,1284,4,52141,0.0,cis,0.268949595,1284,43687,60460,True
YAL044C,GCV3,5.493951843,0.38393432,0,4207,7,412630,inf,trans,0.38393432,4207,412630,412630,False
YMR189W,GCV2; GSD2,12.28112919,0.284133232,0,8461,13,60008,577491.0,trans,0.284133232,8461,55098,73814,False
YMR189W,GCV2; GSD2,9.333740298,-0.185154559,1,7218,11,452711,inf,trans,0.185154559,7218,430725,463057,False
YMR189W,GCV2; GSD2,8.261136402,-0.353408004,0,4647,7,876941,inf,trans,0.353408004,4647,876941,876941,False
YMR189W,GCV2; GSD2,7.821200012,0.794477547,0,3384,5,561678,inf,trans,0.794477547,3384,554104,563347,False
YMR189W,GCV2; GSD2,6.780280533,-0.3138749,0,4554,7,790386,inf,trans,0.3138749,4554,790386,790386,False
YMR189W,GCV2; GSD2,5.492896162,-0.134578063,0,9228,13,892136,251533.0,trans,0.134578063,9228,877043,902532,False
YMR189W,GCV2; GSD2,5.102087726,-0.133865655,0,2511,4,1284773,inf,trans,0.133865655,2511,1278407,1287974,False
YMR189W,GCV2; GSD2,4.406434486,0.228585154,1,1005,3,92744,inf,trans,0.228585154,1005,92744,92744,False
YMR189W,GCV2; GSD2,4.390974593,-0.289798424,1,3396,5,561906,inf,trans,0.289798424,3396,557772,563580,False
YMR189W,GCV2; GSD2,4.214515889,-0.115038809,0,9757,14,607577,inf,trans,0.115038809,9757,602111,639287,False
YMR189W,GCV2; GSD2,4.203283007,-0.116566312,1,11883,16,795157,inf,trans,0.116566312,11883,790960,810752,False
YDR019C,GCV1,87.34743568,0.537439376,1,1767,4,485454,92.0,cis,0.537439376,1767,466223,504419,True
YDR019C,GCV1,11.70658523,-0.516208525,0,7031,11,231612,inf,trans,0.516208525,7031,231612,231612,False
YDR019C,GCV1,7.831371951,0.13646983,0,1506,4,234153,250007.0,trans,0.13646983,1506,217566,243657,False
YDR019C,GCV1,6.166940663,0.173546615,0,2933,5,96610,inf,trans,0.173546615,2933,90716,99489,False
YDR019C,GCV1,5.54242811,-0.112443681,0,9187,13,869923,inf,trans,0.112443681,9187,864754,877100,False
YDR019C,GCV1,5.52600379,-0.111451515,0,8827,13,517233,inf,trans,0.111451515,8827,513217,537924,False
YDR019C,GCV1,5.419275608,0.366337999,0,4248,7,433855,inf,trans,0.366337999,4248,433855,433855,False
YDR019C,GCV1,5.095755336,0.119309275,0,10180,15,166369,inf,trans,0.119309275,10180,165912,179652,False
YDR019C,GCV1,5.059235717,0.105500551,0,6890,11,115612,inf,trans,0.105500551,6890,102671,125700,False
YDR019C,GCV1,4.83352911,0.10345091,0,1925,4,610797,125435.0,trans,0.10345091,1925,600513,620786,False
YDR019C,GCV1,4.323599805,-0.101247579,0,2897,5,70969,inf,trans,0.101247579,2897,68714,78310,False
YDR019C,GCV1,4.170070594,-0.17881408,1,5040,8,173184,inf,trans,0.17881408,5040,173184,173184,False
YDR019C,GCV1,4.111034394,0.094805867,1,11686,16,576969,inf,trans,0.094805867,11686,571530,591786,False
YDR019C,GCV1,4.097237646,0.097588297,0,5613,9,139266,inf,trans,0.097588297,5613,125289,144955,False
YDR019C,GCV1,3.972736079,0.107475958,0,8549,13,124036,inf,trans,0.107475958,8549,117501,138257,False
YDR019C,GCV1,3.971027627,-0.092603504,0,2289,4,974689,489327.0,trans,0.092603504,2289,959283,1000959,False
YDR019C,GCV1,3.722636763,0.090272105,0,7194,11,431573,inf,trans,0.090272105,7194,421231,456846,False
YOR120W,GCY1; GCY,15.00512643,0.284272074,0,10189,15,170944,380171.0,trans,0.284272074,10189,165912,184082,False
YOR120W,GCY1; GCY,7.618370361,0.176632639,0,11686,16,576969,inf,trans,0.176632639,11686,571530,591786,False
YOR120W,GCY1; GCY,7.331518493,0.292149692,1,1884,4,579070,inf,trans,0.292149692,1884,563928,592839,False
YEL042W,GDA1,5.69162886,0.500968945,1,9446,14,257173,inf,trans,0.500968945,9446,241965,257173,False
YEL042W,GDA1,5.45029498,0.481933898,0,4248,7,433855,inf,trans,0.481933898,4248,433855,433855,False
YPR184W,GDB1,33.29594096,0.398960909,1,10191,15,171671,inf,trans,0.398960909,10191,165912,184082,False
YPR184W,GDB1,9.943863873,-0.183439571,0,11972,16,905004,0.0,cis,0.183439571,11972,902929,911554,True
YPR184W,GDB1,9.691141728,0.400267571,1,6476,10,656247,inf,trans,0.400267571,6476,642327,662934,False
YPR184W,GDB1,9.014932366,0.175073152,0,11689,16,579790,322250.0,trans,0.175073152,11689,554350,591786,False
YPR184W,GDB1,8.915120536,-0.357651087,0,2568,4,1354715,inf,trans,0.357651087,2568,1352371,1354715,False
YPR184W,GDB1,6.947193516,-0.313504259,1,5825,9,310500,inf,trans,0.313504259,5825,310500,310500,False
YPR184W,GDB1,6.68681489,0.146381297,0,9503,14,340237,inf,trans,0.146381297,9503,330041,351040,False
YPR184W,GDB1,6.072927709,0.152875383,0,3653,6,54487,inf,trans,0.152875383,3653,50414,56091,False
YPR184W,GDB1,6.045559231,-0.174455871,0,1482,4,212428,inf,trans,0.174455871,1482,204037,213950,False
YPR184W,GDB1,5.838018918,0.136969597,0,11282,16,167913,734127.0,trans,0.136969597,11282,159409,179596,False
YPR184W,GDB1,5.194057235,-0.28175007,1,6462,10,646432,inf,trans,0.28175007,6462,642106,660886,False
YPR184W,GDB1,5.112111413,0.260442022,0,12044,17,50757,inf,trans,0.260442022,12044,50757,50757,False
YPR184W,GDB1,4.942810118,0.242752074,0,5040,8,173184,inf,trans,0.242752074,5040,173184,173184,False
YPR184W,GDB1,4.859134309,0.123721506,0,1289,4,57719,inf,trans,0.123721506,1289,48617,62324,False
YPR184W,GDB1,4.805782299,-0.224949058,0,523,2,389428,inf,trans,0.224949058,523,389425,389428,False
YPR184W,GDB1,4.69852529,0.121377675,1,5806,9,283290,inf,trans,0.121377675,5806,276483,289513,False
YPR184W,GDB1,4.645562006,0.123322474,0,1436,4,178032,inf,trans,0.123322474,1436,167204,196790,False
YPR184W,GDB1,4.621646296,-0.119615078,1,10444,15,453019,inf,trans,0.119615078,10444,446521,453019,False
YPR184W,GDB1,4.618096782,-0.126533395,0,5345,8,475895,inf,trans,0.126533395,5345,465663,481335,False
YPR184W,GDB1,3.961007358,0.233858476,0,5416,8,541428,inf,trans,0.233858476,5416,541428,541428,False
YER136W,GDI1; SEC19,7.084778757,0.196612852,0,10192,15,172074,inf,trans,0.196612852,10192,165912,184082,False
YER136W,GDI1; SEC19,5.883970796,-0.155277576,0,7706,12,283368,inf,trans,0.155277576,7706,282769,286066,False
YDL135C,RDI1,6.571955485,-0.332125883,0,1784,4,520430,301142.0,trans,0.332125883,1784,520430,520430,False
YDL135C,RDI1,6.493965329,-0.165913735,0,5509,9,71237,inf,trans,0.165913735,5509,57000,77957,False
YKL104C,GFA1,5.7433256,0.330461825,0,7161,11,387462,142445.0,trans,0.330461825,7161,387462,387462,False
YHR108W,GGA2,14.24249028,-0.260219709,0,5172,8,329765,0.0,cis,0.260219709,5172,327592,334860,True
YDL198C,GGC1,8.271236128,-0.182720805,0,11362,16,213411,inf,trans,0.182720805,11362,202983,214724,False
YDL198C,GGC1,6.380658899,-0.155656576,0,4192,7,399000,inf,trans,0.155656576,4192,395909,413465,False
YDL198C,GGC1,5.295987058,0.139495248,0,5734,9,250484,inf,trans,0.139495248,5734,242937,265537,False
YDL198C,GGC1,5.274314005,-0.139755593,0,1340,4,98990,4660.0,trans,0.139755593,1340,90193,103991,False
YDL198C,GGC1,4.897488227,0.135907494,0,10788,15,797335,inf,trans,0.135907494,10788,789672,803281,False
YDR507C,GIN4,8.088591366,-0.187053426,0,5593,9,132718,inf,trans,0.187053426,5593,112032,144955,False
YPR035W,GLN1,11.37998185,-0.207834617,1,10191,15,171671,inf,trans,0.207834617,10191,165912,184082,False
YPR035W,GLN1,10.15249611,-0.167772943,0,1383,4,136069,inf,trans,0.167772943,1383,123193,149678,False
YPR035W,GLN1,7.254582109,0.333225365,0,337,2,161451,inf,trans,0.333225365,337,161451,161451,False
YPR035W,GLN1,6.864651791,-0.1852675,0,1891,4,584486,inf,trans,0.1852675,1891,565447,592839,False
YPR035W,GLN1,5.912420063,-0.125246231,0,7852,12,441706,inf,trans,0.125246231,7852,425418,443164,False
YPR035W,GLN1,5.167026452,-0.116996979,1,4538,7,762575,inf,trans,0.116996979,4538,751217,769305,False
YPR035W,GLN1,5.155547475,0.276332272,1,11167,16,64363,577842.0,trans,0.276332272,11167,64363,64363,False
YPR035W,GLN1,5.086490088,0.198084146,1,7032,11,234032,inf,trans,0.198084146,7032,234032,234032,False
YPR035W,GLN1,4.99498526,0.138479916,0,7215,11,446795,inf,trans,0.138479916,7215,436668,452711,False
YPR035W,GLN1,4.964206837,0.152522534,0,8461,13,60008,inf,trans,0.152522534,8461,55098,73814,False
YPR035W,GLN1,4.893114698,-0.118806029,0,4262,7,437973,inf,trans,0.118806029,4262,430559,438823,False
YPR035W,GLN1,4.868833081,-0.119125669,0,633,2,507491,inf,trans,0.119125669,633,498324,524731,False
YPR035W,GLN1,4.5644625,-0.110254149,0,8311,12,974822,inf,trans,0.110254149,8311,968660,987293,False
YPR035W,GLN1,4.281511145,-0.105779161,0,10068,15,51177,inf,trans,0.105779161,10068,44170,59142,False
YPR035W,GLN1,4.245271151,-0.108934453,0,5609,9,138029,inf,trans,0.108934453,5609,125289,144955,False
YPR035W,GLN1,4.218638649,0.139086211,0,1860,4,562709,inf,trans,0.139086211,1860,554056,575468,False
YPR035W,GLN1,4.069542263,0.100717231,0,5376,8,517167,inf,trans,0.100717231,5376,517167,528155,False
YDR272W,GLO2,29.00667251,0.375757718,1,10191,15,171671,inf,trans,0.375757718,10191,165912,184082,False
YDR272W,GLO2,9.115221273,0.175207684,0,11677,16,571530,inf,trans,0.175207684,11677,544393,587778,False
YDR272W,GLO2,5.49761565,0.139869277,1,662,2,555633,inf,trans,0.139869277,662,552681,558703,False
YDR272W,GLO2,5.248135112,0.131971539,0,8112,12,747836,inf,trans,0.131971539,8112,732202,754859,False
YDR272W,GLO2,5.169165243,0.145458526,0,642,2,523217,inf,trans,0.145458526,642,505207,530047,False
YDR272W,GLO2,5.079622506,0.124977461,0,5610,9,138636,inf,trans,0.124977461,5610,125289,144955,False
YDR272W,GLO2,4.513770012,-0.295995152,0,9574,14,441268,inf,trans,0.295995152,9574,441268,441268,False
YER122C,GLO3,22.54635855,0.346790447,0,10192,15,172074,inf,trans,0.346790447,10192,165912,184082,False
YER122C,GLO3,7.056643114,0.537884169,1,11688,16,579283,inf,trans,0.537884169,11688,559542,591786,False
YER122C,GLO3,5.260487862,0.138160486,0,8316,12,976001,inf,trans,0.138160486,8316,960254,990758,False
YER122C,GLO3,4.807339588,0.13465272,1,647,2,533672,inf,trans,0.13465272,647,528468,538990,False
YER122C,GLO3,4.558970718,-0.126146732,0,6410,10,598877,inf,trans,0.126146732,6410,590619,605865,False
YER122C,GLO3,4.539295782,-0.306385161,0,3941,7,80609,inf,trans,0.306385161,3941,80608,80609,False
YCL035C,GRX1,6.852299891,0.185591873,0,10195,15,179652,inf,trans,0.185591873,10195,165912,185951,False
YDR513W,GRX2,20.37397905,0.34794774,1,10191,15,171671,inf,trans,0.34794774,10191,165912,184082,False
YDR513W,GRX2,5.830627408,-0.159700475,1,8670,13,333904,inf,trans,0.159700475,8670,329611,338431,False
YDR513W,GRX2,5.346861105,0.14470163,0,5622,9,150475,inf,trans,0.14470163,5622,142542,158904,False
YDR513W,GRX2,4.914723519,0.1398146,0,11687,16,578941,inf,trans,0.1398146,11687,571530,591786,False
YPL059W,GRX5,11.39935544,0.56413084,0,4207,7,412630,inf,trans,0.56413084,4207,412630,412630,False
YPL059W,GRX5,7.864512424,0.156461743,0,5608,9,137267,inf,trans,0.156461743,5608,122617,144955,False
YPL059W,GRX5,7.154682699,-0.445382159,0,7031,11,231612,inf,trans,0.445382159,7031,231612,231612,False
YPL059W,GRX5,6.622986618,0.767731388,0,4215,7,414263,inf,trans,0.767731388,4215,414263,414263,False
YPL059W,GRX5,6.073443507,0.231316096,0,12043,17,50506,inf,trans,0.231316096,12043,50506,50506,False
YPL059W,GRX5,6.016805893,0.230236194,1,5243,8,386052,inf,trans,0.230236194,5243,386052,386052,False
YPL059W,GRX5,5.305732921,0.140416919,0,9142,13,815501,inf,trans,0.140416919,9142,812150,815529,False
YPL059W,GRX5,5.209000803,0.134484775,1,6088,10,189030,inf,trans,0.134484775,6088,182634,189445,False
YPL059W,GRX5,4.428940327,-0.443273023,1,7149,11,381673,inf,trans,0.443273023,7149,381673,381673,False
YPL059W,GRX5,4.398654683,-0.109612229,0,11579,16,447582,2554.0,trans,0.109612229,11579,429194,454180,False
YLR364W,GRX8,11.73468209,-0.226110943,0,8197,12,853997,64.0,cis,0.226110943,8197,840314,860877,True
YLR364W,GRX8,8.871028863,-0.248614615,0,8457,13,55098,inf,trans,0.248614615,8457,55098,65881,False
YLR364W,GRX8,7.842433158,0.180527802,0,1486,4,217566,inf,trans,0.180527802,1486,204037,234536,False
YLR364W,GRX8,6.643107919,-0.189041333,0,2217,4,914816,inf,trans,0.189041333,2217,896785,927577,False
YLR364W,GRX8,5.791992084,0.150418723,0,5610,9,138636,inf,trans,0.150418723,5610,125289,144955,False
YLR364W,GRX8,5.76131485,0.15481001,0,1916,4,598800,inf,trans,0.15481001,1916,592839,609905,False
YLR364W,GRX8,5.13937421,0.14117264,0,1279,4,49408,inf,trans,0.14117264,1279,37106,60460,False
YLR364W,GRX8,4.879239049,0.139850299,0,7882,12,498059,356002.0,trans,0.139850299,7882,449482,506655,False
YDL171C,GLT1,55.4326146,-0.459715115,1,1398,4,149678,0.0,cis,0.459715115,1398,135873,158426,True
YDL171C,GLT1,7.718277147,-0.175860322,1,10191,15,171671,inf,trans,0.175860322,10191,165912,184082,False
YDL171C,GLT1,7.574558322,-0.153728124,0,11699,16,586993,inf,trans,0.153728124,11699,572464,593213,False
YDL171C,GLT1,6.169431242,0.141699646,0,8801,13,499228,inf,trans,0.141699646,8801,492500,506332,False
YDL171C,GLT1,5.719495658,-0.258286578,0,6617,11,3361,inf,trans,0.258286578,6617,2737,10540,False
YDL171C,GLT1,5.146653572,0.24148143,0,1692,4,411785,256144.0,trans,0.24148143,1692,411785,411785,False
YDL171C,GLT1,4.839504961,0.310278803,0,4207,7,412630,inf,trans,0.310278803,4207,412630,412630,False
YEL046C,GLY1,27.70774886,-0.297885689,1,8816,13,509524,inf,trans,0.297885689,8816,500062,513217,False
YEL046C,GLY1,14.39201933,-0.210164368,0,11689,16,579790,inf,trans,0.210164368,11689,554350,591786,False
YEL046C,GLY1,10.53027108,-0.200271421,0,10198,15,181071,inf,trans,0.200271421,10198,168199,185951,False
YEL046C,GLY1,8.214283084,-0.154843243,1,2890,5,69083,291.0,cis,0.154843243,2890,66168,72069,True
YLR058C,SHM2; SHMT2,34.10117606,-0.362145909,0,10192,15,172074,inf,trans,0.362145909,10192,165912,184082,False
YLR058C,SHM2; SHMT2,14.94937888,-0.197490097,0,7860,12,443164,183762.0,trans,0.197490097,7860,425418,443164,False
YLR058C,SHM2; SHMT2,14.8105359,-0.198755124,0,11687,16,578941,inf,trans,0.198755124,11687,571530,591786,False
YLR058C,SHM2; SHMT2,11.68685046,0.23245482,0,8461,13,60008,inf,trans,0.23245482,8461,55098,73814,False
YLR058C,SHM2; SHMT2,10.7652876,-0.380364127,1,1891,4,584486,inf,trans,0.380364127,1891,565447,592839,False
YLR058C,SHM2; SHMT2,9.527684413,-0.1547408,0,7978,12,569926,310524.0,trans,0.1547408,7978,563476,576167,False
YLR058C,SHM2; SHMT2,8.872551939,-0.148370769,1,5622,9,150475,inf,trans,0.148370769,5622,142542,158904,False
YLR058C,SHM2; SHMT2,8.648043964,-0.155507199,0,643,2,524731,inf,trans,0.155507199,643,507274,530047,False
YLR058C,SHM2; SHMT2,7.918536119,-0.139560829,0,5199,8,359203,inf,trans,0.139560829,5199,343641,363516,False
YLR058C,SHM2; SHMT2,7.242338749,-0.259504062,1,9221,13,883627,inf,trans,0.259504062,9221,877043,896327,False
YLR058C,SHM2; SHMT2,5.130130106,-0.108170564,1,9293,14,57720,inf,trans,0.108170564,9293,54504,61387,False
YLR058C,SHM2; SHMT2,4.966555231,0.248394939,0,1882,4,578506,inf,trans,0.248394939,1882,563928,591983,False
YLR058C,SHM2; SHMT2,4.853113655,0.111212184,0,8670,13,333904,inf,trans,0.111212184,8670,329611,338431,False
YLR058C,SHM2; SHMT2,4.519758943,0.173995464,0,7032,11,234032,inf,trans,0.173995464,7032,234032,234032,False
YLR058C,SHM2; SHMT2,4.303272481,-0.14485445,0,5905,9,385640,inf,trans,0.14485445,5905,385640,385640,False
YLR058C,SHM2; SHMT2,4.299681315,-0.099042701,0,10993,15,1015033,inf,trans,0.099042701,10993,1010191,1018776,False
YLR058C,SHM2; SHMT2,4.245777561,-0.098232452,0,8111,12,746392,486990.0,trans,0.098232452,8111,732202,754859,False
YLR058C,SHM2; SHMT2,4.185842313,0.096751346,0,7771,12,371279,111877.0,trans,0.096751346,7771,344627,383826,False
YLR058C,SHM2; SHMT2,4.04841981,0.096559041,0,10838,15,849538,inf,trans,0.096559041,10838,841040,867290,False
YLR058C,SHM2; SHMT2,4.016793748,0.219347081,0,337,2,161451,inf,trans,0.219347081,337,161451,161451,False
YLR058C,SHM2; SHMT2,4.00180681,0.094217177,0,1079,3,188979,inf,trans,0.094217177,1079,168031,198615,False
YLR058C,SHM2; SHMT2,3.9431917,-0.095919596,0,8820,13,511585,inf,trans,0.095919596,8820,506148,514849,False
YLR058C,SHM2; SHMT2,3.854452851,0.105735839,0,6311,10,448026,inf,trans,0.105735839,6311,415918,460583,False
YLR058C,SHM2; SHMT2,3.810855732,0.229080555,0,11039,15,1071630,inf,trans,0.229080555,11039,1071630,1071630,False
YLR058C,SHM2; SHMT2,3.776359405,-0.093301093,0,3674,6,74406,inf,trans,0.093301093,3674,65183,75397,False
YLR058C,SHM2; SHMT2,3.722955009,-0.090814596,0,6007,10,61708,inf,trans,0.090814596,6007,61391,68934,False
YLR058C,SHM2; SHMT2,3.627888817,0.090268693,0,7307,11,559683,inf,trans,0.090268693,7307,533229,567885,False
YBR263W,SHM1; SHMT1,8.494285319,-0.55883423,0,8582,13,179719,inf,trans,0.55883423,8582,179719,179719,False
YBR263W,SHM1; SHMT1,8.305195877,0.164309291,0,7860,12,443164,inf,trans,0.164309291,7860,425418,443164,False
YBR263W,SHM1; SHMT1,7.897044838,-0.489870942,0,7031,11,231612,inf,trans,0.489870942,7031,231612,231612,False
YBR263W,SHM1; SHMT1,6.428915809,0.370687617,0,844,2,780425,42694.0,trans,0.370687617,844,780425,780425,False
YBR263W,SHM1; SHMT1,6.357358734,0.143449478,0,5615,9,142542,inf,trans,0.143449478,5615,131829,155581,False
YBR263W,SHM1; SHMT1,6.298460126,-0.453635742,0,994,3,84802,inf,trans,0.453635742,994,84802,84803,False
YBR263W,SHM1; SHMT1,6.106844874,-0.141406091,0,11354,16,209279,inf,trans,0.141406091,11354,197237,213411,False
YBR263W,SHM1; SHMT1,5.998701134,0.138721883,0,7983,12,570923,inf,trans,0.138721883,7983,563476,576167,False
YBR263W,SHM1; SHMT1,5.495705399,0.836514274,0,10777,15,785154,inf,trans,0.836514274,10777,785154,785154,False
YBR263W,SHM1; SHMT1,5.421498754,0.362720056,0,4207,7,412630,inf,trans,0.362720056,4207,412630,412630,False
YBR263W,SHM1; SHMT1,5.337181702,-0.128623053,0,1278,4,48723,inf,trans,0.128623053,1278,37106,60023,False
YBR263W,SHM1; SHMT1,5.248143977,0.127135166,0,6060,10,146992,inf,trans,0.127135166,6060,139826,150178,False
YBR263W,SHM1; SHMT1,5.21641506,0.126613716,0,6889,11,114020,inf,trans,0.126613716,6889,98088,125700,False
YBR263W,SHM1; SHMT1,5.104586932,-0.266222708,0,651,2,541047,195212.0,trans,0.266222708,651,541047,541047,False
YBR263W,SHM1; SHMT1,4.707976708,0.148634816,1,11764,16,650129,inf,trans,0.148634816,11764,650129,650129,False
YBR263W,SHM1; SHMT1,4.409661763,-0.159185911,0,8458,13,56990,inf,trans,0.159185911,8458,55098,73225,False
YBR263W,SHM1; SHMT1,4.286278854,-0.152860977,1,4549,7,785333,inf,trans,0.152860977,4549,785333,785333,False
YBR263W,SHM1; SHMT1,4.023414754,-0.109509966,0,1391,4,147035,inf,trans,0.109509966,1391,135298,156963,False
YFL017C,GNA1; PAT1,9.94403124,0.413978302,0,1784,4,520430,inf,trans,0.413978302,1784,520430,520430,False
YFL017C,GNA1; PAT1,7.102321751,0.188584846,0,10202,15,184082,inf,trans,0.188584846,10202,170347,185951,False
YFL017C,GNA1; PAT1,6.802822078,-0.198593323,0,9590,14,462234,inf,trans,0.198593323,9590,441787,472613,False
YFL017C,GNA1; PAT1,6.024167091,0.157097074,1,11686,16,576969,inf,trans,0.157097074,11686,571530,591786,False
YFL017C,GNA1; PAT1,6.011010556,0.26126444,1,7032,11,234032,inf,trans,0.26126444,7032,234032,234032,False
YNL274C,GOR1,40.01771893,0.320065072,1,11680,16,572345,inf,trans,0.320065072,11680,572345,572345,False
YNL274C,GOR1,26.75091776,0.255250583,0,5317,8,455783,inf,trans,0.255250583,5317,445658,461438,False
YNL274C,GOR1,16.62365009,-0.269458046,0,8463,13,61764,inf,trans,0.269458046,8463,55098,75198,False
YNL274C,GOR1,12.54309237,0.166127783,0,5610,9,138636,inf,trans,0.166127783,5610,125289,144955,False
YNL274C,GOR1,10.18076674,-0.37463463,1,1187,3,285659,inf,trans,0.37463463,1187,267625,297295,False
YNL274C,GOR1,7.290613358,0.247652913,1,10191,15,171671,inf,trans,0.247652913,10191,165912,184082,False
YNL274C,GOR1,7.228759335,0.123931252,0,7977,12,569918,inf,trans,0.123931252,7977,563476,576167,False
YNL274C,GOR1,7.075156543,-0.122707838,1,2848,5,33814,inf,trans,0.122707838,2848,30505,38677,False
YNL274C,GOR1,6.873972175,0.129371539,0,636,2,517548,inf,trans,0.129371539,636,505207,530047,False
YNL274C,GOR1,6.697124105,-0.123043026,0,2557,4,1345539,inf,trans,0.123043026,2557,1337043,1367398,False
YNL274C,GOR1,6.597296649,0.202607019,1,8131,12,777907,inf,trans,0.202607019,8131,764143,777907,False
YNL274C,GOR1,6.590780377,0.298837977,1,1184,3,282537,inf,trans,0.298837977,1184,267625,297295,False
YNL274C,GOR1,6.060689439,0.13004824,0,8110,12,745735,inf,trans,0.13004824,8110,732202,754859,False
YNL274C,GOR1,5.523911226,0.208963164,1,10185,15,169414,inf,trans,0.208963164,10185,165912,181071,False
YNL274C,GOR1,5.401874121,-0.104847398,0,3984,7,140416,inf,trans,0.104847398,3984,128719,142935,False
YNL274C,GOR1,5.369507019,-0.102748571,0,5089,8,204645,inf,trans,0.102748571,5089,193408,206590,False
YNL274C,GOR1,5.366148347,-0.109606847,0,2275,4,957589,inf,trans,0.109606847,2275,956734,961744,False
YNL274C,GOR1,5.265004783,0.106707987,0,8312,12,974945,inf,trans,0.106707987,8312,963579,987293,False
YNL274C,GOR1,5.128544398,0.1009179,0,6198,10,347536,inf,trans,0.1009179,6198,336613,349573,False
YNL274C,GOR1,4.699342194,0.098406181,0,7857,12,442845,inf,trans,0.098406181,7857,430049,443164,False
YNL274C,GOR1,4.137078489,-0.14884965,0,8122,12,764529,inf,trans,0.14884965,8122,759605,773247,False
YNL274C,GOR1,3.951854312,-0.087125978,1,10881,15,906473,inf,trans,0.087125978,10881,887134,912729,False
YNL274C,GOR1,3.815859347,-0.155572484,0,9668,14,568268,446098.0,trans,0.155572484,9668,558289,598006,False
YNL274C,GOR1,3.63265002,0.087648291,0,4301,7,485796,inf,trans,0.087648291,4301,477177,520054,False
YNL274C,GOR1,3.612011342,-0.19652784,0,3144,5,290040,inf,trans,0.19652784,3144,290040,290040,False
YNL274C,GOR1,3.587172591,0.084928586,0,3654,6,54932,inf,trans,0.084928586,3654,48919,57460,False
YNL274C,GOR1,3.48675189,-0.128978612,0,10438,15,448815,inf,trans,0.128978612,10438,448815,448820,False
YDL022W,GPD1,35.00966875,0.391414534,1,10191,15,171671,inf,trans,0.391414534,10191,165912,184082,False
YDL022W,GPD1,10.53850335,0.18123908,1,11680,16,572345,inf,trans,0.18123908,11680,572345,572345,False
YDL022W,GPD1,9.718732095,0.502715032,1,5498,9,70443,inf,trans,0.502715032,5498,57000,77957,False
YDL022W,GPD1,7.566316118,0.150937476,0,1898,4,590984,177987.0,trans,0.150937476,1898,574801,597710,False
YDL022W,GPD1,6.812824546,0.148576336,0,636,2,517548,inf,trans,0.148576336,636,505207,530047,False
YDL022W,GPD1,6.206324392,0.132069552,0,8110,12,745735,inf,trans,0.132069552,8110,732202,754859,False
YDL022W,GPD1,6.011276019,0.132234812,0,8287,12,948003,inf,trans,0.132234812,8287,930981,950296,False
YDL022W,GPD1,5.672939113,0.12740902,0,3673,6,73433,inf,trans,0.12740902,3673,62743,75397,False
YDL022W,GPD1,5.366758369,-0.134041963,0,2440,4,1176138,763141.0,trans,0.134041963,2440,1171385,1191935,False
YDL022W,GPD1,5.072933328,-0.123151093,1,1189,3,286440,inf,trans,0.123151093,1189,273446,297295,False
YDL022W,GPD1,4.449402344,0.108710623,0,5935,9,400574,inf,trans,0.108710623,5935,399657,406743,False
YDL022W,GPD1,4.204472291,0.10679685,0,5610,9,138636,inf,trans,0.10679685,5610,125289,144955,False
YDL022W,GPD1,4.159488592,-0.104280703,1,3044,5,215862,inf,trans,0.104280703,3044,210350,225569,False
YDL022W,GPD1,4.016876532,0.102193215,0,11588,16,463609,inf,trans,0.102193215,11588,458134,468617,False
YOL059W,GPD2; GPD3,18.9508211,-0.266614681,0,7853,12,442034,inf,trans,0.266614681,7853,425418,443164,False
YOL059W,GPD2; GPD3,11.49435658,-0.20177416,1,7974,12,567889,inf,trans,0.20177416,7974,563476,576167,False
YOL059W,GPD2; GPD3,10.96076975,-0.222734961,1,10195,15,179652,37474.0,trans,0.222734961,10195,165912,185951,False
YOL059W,GPD2; GPD3,8.057915404,-0.16434452,0,5591,9,129137,inf,trans,0.16434452,5591,103774,139442,False
YOL059W,GPD2; GPD3,6.82532917,0.151346396,1,3042,5,214406,inf,trans,0.151346396,3042,210350,223004,False
YOL059W,GPD2; GPD3,6.521807361,0.192083337,0,8468,13,66821,inf,trans,0.192083337,8468,56990,75773,False
YOL059W,GPD2; GPD3,6.314189572,0.145526638,1,2275,4,957589,inf,trans,0.145526638,2275,956734,961744,False
YOL059W,GPD2; GPD3,5.491034115,0.133854168,0,10838,15,849538,631090.0,trans,0.133854168,10838,841040,867290,False
YOL059W,GPD2; GPD3,5.187983201,-0.150050427,0,5917,9,393800,inf,trans,0.150050427,5917,387839,396464,False
YOL059W,GPD2; GPD3,4.382763077,-0.117076972,0,11014,15,1041151,822703.0,trans,0.117076972,11014,1039474,1043302,False
YOL059W,GPD2; GPD3,4.236991825,0.1140591,0,1259,4,21871,inf,trans,0.1140591,1259,20302,29835,False
YOL059W,GPD2; GPD3,4.113143636,0.118078425,0,1838,4,544372,inf,trans,0.118078425,1838,538198,549461,False
YOL059W,GPD2; GPD3,3.924129324,0.115807757,0,8665,13,329923,inf,trans,0.115807757,8665,329611,333904,False
YOL059W,GPD2; GPD3,3.917607419,-0.110012405,0,660,2,553949,inf,trans,0.110012405,660,552681,558703,False
YIL155C,GUT2,34.71538801,0.414335569,0,10191,15,171671,inf,trans,0.414335569,10191,165912,184082,False
YIL155C,GUT2,17.51018092,0.252119326,1,11687,16,578941,inf,trans,0.252119326,11687,571530,591786,False
YIL155C,GUT2,7.943434492,-0.205797352,1,8473,13,70356,inf,trans,0.205797352,8473,56990,77330,False
YIL155C,GUT2,7.224178032,0.1659564,0,642,2,523217,inf,trans,0.1659564,642,505207,530047,False
YIL155C,GUT2,6.72071482,0.145965493,0,5610,9,138636,84928.0,trans,0.145965493,5610,125289,144955,False
YIL155C,GUT2,6.630440059,0.148948663,1,8131,12,777907,inf,trans,0.148948663,8131,764143,777907,False
YIL155C,GUT2,5.92043815,0.136928366,1,5470,9,49364,2395.0,trans,0.136928366,5470,44433,49801,False
YIL155C,GUT2,5.705956874,0.138292398,0,4398,7,617977,inf,trans,0.138292398,4398,611358,624442,False
YIL155C,GUT2,5.574154619,0.289786364,1,10993,15,1015033,inf,trans,0.289786364,10993,1010191,1018776,False
YIL155C,GUT2,5.243384509,0.531722274,0,7873,12,460678,inf,trans,0.531722274,7873,460678,460678,False
YIL155C,GUT2,4.875957242,0.128411572,0,6474,10,654625,inf,trans,0.128411572,6474,642327,662711,False
YIL155C,GUT2,4.7855294,0.123345385,0,3673,6,73433,inf,trans,0.123345385,3673,62743,75397,False
YIL155C,GUT2,4.322987602,-0.115310977,0,3984,7,140416,inf,trans,0.115310977,3984,128719,142935,False
YJR072C,NPA3,8.508359861,0.255478459,1,1312,4,77245,inf,trans,0.255478459,1312,65329,86904,False
YJR072C,NPA3,5.108294264,-0.189120956,1,1330,4,90193,inf,trans,0.189120956,1330,83947,102509,False
YJR072C,NPA3,4.961303509,-0.152979599,0,11723,16,605104,inf,trans,0.152979599,11723,599525,611083,False
YJR072C,NPA3,4.719817909,-0.153332582,0,571,2,451784,inf,trans,0.153332582,571,449325,457298,False
YJR072C,NPA3,4.641458901,0.469566051,0,10260,15,237009,inf,trans,0.469566051,10260,237009,237009,False
YJR072C,NPA3,4.596892911,-0.166097745,0,5424,8,554143,inf,trans,0.166097745,5424,554135,554151,False
YJR072C,NPA3,4.394728053,-0.142237776,0,8594,13,212453,inf,trans,0.142237776,8594,209723,217356,False
YJR072C,NPA3,4.368127372,-0.139075223,0,7055,11,262152,inf,trans,0.139075223,7055,253995,264567,False
YIL053W,GPP1; RHR2,16.52606309,-0.240659097,1,10186,15,170347,inf,trans,0.240659097,10186,165912,184082,False
YIL053W,GPP1; RHR2,10.80426182,0.166212333,1,2276,4,959283,inf,trans,0.166212333,2276,956734,980835,False
YIL053W,GPP1; RHR2,10.12277191,-0.159952147,0,5610,9,138636,116477.0,trans,0.159952147,5610,125289,144955,False
YIL053W,GPP1; RHR2,9.899704117,-0.158316174,0,7860,12,443164,inf,trans,0.158316174,7860,425418,443164,False
YIL053W,GPP1; RHR2,9.049576689,0.202425466,0,8461,13,60008,inf,trans,0.202425466,8461,55098,73814,False
YIL053W,GPP1; RHR2,7.207628208,0.154268089,1,1757,4,476291,inf,trans,0.154268089,1757,462685,487957,False
YIL053W,GPP1; RHR2,6.865054764,-0.129896615,0,7977,12,569918,inf,trans,0.129896615,7977,563476,576167,False
YIL053W,GPP1; RHR2,6.66229867,0.177545742,0,7215,11,446795,inf,trans,0.177545742,7215,436668,452711,False
YIL053W,GPP1; RHR2,6.523889773,0.126544417,0,2848,5,33814,inf,trans,0.126544417,2848,30505,38677,False
YIL053W,GPP1; RHR2,5.434888496,0.1131989,0,5739,9,253139,1974.0,trans,0.1131989,5739,244280,266567,False
YIL053W,GPP1; RHR2,5.403630797,-0.112164498,0,5218,8,373932,inf,trans,0.112164498,5218,369658,378565,False
YIL053W,GPP1; RHR2,5.175198118,-0.112069471,0,2484,4,1257382,inf,trans,0.112069471,2484,1256208,1264269,False
YIL053W,GPP1; RHR2,4.564101497,-0.101782151,0,11216,16,110992,inf,trans,0.101782151,11216,110992,122212,False
YIL053W,GPP1; RHR2,4.452132998,0.228758734,1,8041,12,646385,inf,trans,0.228758734,8041,646385,646385,False
YIL053W,GPP1; RHR2,4.368625466,-0.101614947,0,8573,13,162015,inf,trans,0.101614947,8573,149070,164705,False
YIL053W,GPP1; RHR2,4.350370374,-0.115132303,0,7241,11,467744,inf,trans,0.115132303,7241,460484,475092,False
YIL053W,GPP1; RHR2,4.225296231,-0.09803579,0,8110,12,745735,inf,trans,0.09803579,8110,732202,754859,False
YIL053W,GPP1; RHR2,4.079064691,-0.097044125,0,7447,12,32580,inf,trans,0.097044125,7447,21837,43295,False
YIL053W,GPP1; RHR2,4.025719644,0.12990644,0,6643,11,7664,inf,trans,0.12990644,6643,2740,14046,False
YIL053W,GPP1; RHR2,4.006102782,-0.094727436,0,660,2,553949,inf,trans,0.094727436,660,552681,558703,False
YIL053W,GPP1; RHR2,3.807760545,0.091373077,0,6382,10,571888,inf,trans,0.091373077,6382,569834,571888,False
YER062C,GPP2; HOR2,28.65074867,0.296149073,1,11680,16,572345,inf,trans,0.296149073,11680,572345,572345,False
YER062C,GPP2; HOR2,10.90763261,0.174775624,0,5573,9,114834,inf,trans,0.174775624,5573,103774,136619,False
YER062C,GPP2; HOR2,10.10560519,0.164600017,0,1278,4,48723,inf,trans,0.164600017,1278,37106,60023,False
YER062C,GPP2; HOR2,9.921238625,0.178874702,0,642,2,523217,inf,trans,0.178874702,642,505207,530047,False
YER062C,GPP2; HOR2,7.26897703,0.141690782,1,8108,12,740250,inf,trans,0.141690782,8108,732202,754859,False
YER062C,GPP2; HOR2,7.025956779,-0.188155198,0,8463,13,61764,inf,trans,0.188155198,8463,55098,75198,False
YER062C,GPP2; HOR2,6.60008883,0.13109387,0,7852,12,441706,inf,trans,0.13109387,7852,425418,443164,False
YER062C,GPP2; HOR2,6.463514423,0.257173557,1,10191,15,171671,inf,trans,0.257173557,10191,165912,184082,False
YER062C,GPP2; HOR2,6.378254491,0.129501285,1,4073,7,255972,inf,trans,0.129501285,4073,250680,267569,False
YER062C,GPP2; HOR2,4.980775279,0.11312981,0,8309,12,972944,inf,trans,0.11312981,8309,960254,987293,False
YER062C,GPP2; HOR2,4.704242804,0.214173696,1,10203,15,185252,inf,trans,0.214173696,10203,179652,185951,False
YER062C,GPP2; HOR2,4.657681277,-0.113423365,1,8670,13,333904,inf,trans,0.113423365,8670,329611,338431,False
YER062C,GPP2; HOR2,4.619813238,0.116667221,1,3661,6,62990,inf,trans,0.116667221,3661,57460,71997,False
YER062C,GPP2; HOR2,4.362726119,-0.104753782,0,3893,7,33441,inf,trans,0.104753782,3893,23383,37288,False
YER062C,GPP2; HOR2,4.159569354,-0.103322648,0,5329,8,465075,inf,trans,0.103322648,5329,463767,481335,False
YER062C,GPP2; HOR2,4.136867227,-0.113238537,0,3041,5,212506,67422.0,trans,0.113238537,3041,207275,214406,False
YER062C,GPP2; HOR2,4.087368429,-0.104906635,0,1189,3,286440,inf,trans,0.104906635,1189,273446,297295,False
YER062C,GPP2; HOR2,3.954729347,0.098316717,0,7977,12,569918,inf,trans,0.098316717,7977,563476,576167,False
YER062C,GPP2; HOR2,3.901738317,-0.097739165,0,10503,15,520780,inf,trans,0.097739165,10503,498195,535075,False
YER062C,GPP2; HOR2,3.795956609,-0.110555891,0,5054,8,193425,inf,trans,0.110555891,5054,191947,200617,False
YIR037W,HYR1,10.86397432,0.255406114,1,10198,15,181071,inf,trans,0.255406114,10198,168199,185951,False
YIR037W,HYR1,6.294152406,0.259605778,0,1891,4,584486,inf,trans,0.259605778,1891,565447,592839,False
YHR104W,GRE3,24.57525066,-0.285694645,1,5169,8,323454,0.0,cis,0.285694645,5169,298467,327592,True
YHR104W,GRE3,19.09390597,0.285342748,1,10191,15,171671,inf,trans,0.285342748,10191,165912,184082,False
YHR104W,GRE3,9.024865893,-0.221947115,0,8461,13,60008,inf,trans,0.221947115,8461,55098,73814,False
YHR104W,GRE3,8.753395675,0.163661492,0,11699,16,586993,inf,trans,0.163661492,11699,572464,593213,False
YHR104W,GRE3,5.514474819,0.139369797,0,12039,17,48143,inf,trans,0.139369797,12039,48143,48143,False
YHR104W,GRE3,5.200457101,-0.462567043,0,9532,14,379436,inf,trans,0.462567043,9532,379436,379436,False
YOR232W,MGE1,6.359935752,-0.147993698,1,11856,16,753099,inf,trans,0.147993698,11856,740758,769323,False
YOR232W,MGE1,5.988628461,0.141565816,1,7975,12,568017,inf,trans,0.141565816,7975,568017,568017,False
YOR232W,MGE1,5.84949798,0.142729517,0,5612,9,139216,inf,trans,0.142729517,5612,125289,144955,False
YOR232W,MGE1,5.436317295,0.711029261,0,3121,5,266246,inf,trans,0.711029261,3121,266246,266246,False
YOR232W,MGE1,5.178499864,0.129317597,0,10761,15,774372,202.0,cis,0.129317597,10761,774372,785674,True
YOR232W,MGE1,4.470684896,-0.256395752,0,5416,8,541428,inf,trans,0.256395752,5416,541428,541428,False
YML048W,GSF2,6.551473553,-0.150147589,0,4189,7,397449,inf,trans,0.150147589,4189,395909,412413,False
YPL091W,GLR1,10.94505172,-0.417210262,0,1784,4,520430,inf,trans,0.417210262,1784,520430,520430,False
YPL091W,GLR1,7.19212257,-0.284008001,1,9764,14,619117,inf,trans,0.284008001,9764,619117,619117,False
YPL091W,GLR1,6.213002642,0.153673181,0,11687,16,578941,201991.0,trans,0.153673181,11687,571530,591786,False
YPL091W,GLR1,6.183794062,0.170257344,0,10185,15,169414,inf,trans,0.170257344,10185,165912,181071,False
YPL091W,GLR1,5.185640006,0.489327124,0,378,2,197598,inf,trans,0.489327124,378,197598,197598,False
YIR038C,GTT1,15.94357085,0.318003044,1,11677,16,571530,inf,trans,0.318003044,11677,544393,587778,False
YIR038C,GTT1,11.35681061,0.18779981,1,3669,6,71471,inf,trans,0.18779981,3669,62743,74913,False
YIR038C,GTT1,7.51747478,0.187206652,0,6483,10,662711,inf,trans,0.187206652,6483,649610,667117,False
YIR038C,GTT1,6.512619366,0.268241709,0,5818,9,300559,123247.0,trans,0.268241709,5818,300559,300559,False
YIR038C,GTT1,6.422587324,0.134930514,0,5963,9,422867,939.0,cis,0.134930514,5963,418993,429181,True
YIR038C,GTT1,6.148681564,0.131019505,0,7861,12,448368,inf,trans,0.131019505,7861,448368,493255,False
YIR038C,GTT1,6.071150505,-0.135400319,0,9800,14,646585,inf,trans,0.135400319,9800,629832,650841,False
YIR038C,GTT1,5.944603121,0.134381567,0,635,2,510140,inf,trans,0.134381567,635,498324,524731,False
YIR038C,GTT1,5.5707972,0.124824644,0,5580,9,122617,301189.0,trans,0.124824644,5580,103774,138792,False
YIR038C,GTT1,5.295790752,-0.173776105,1,1907,4,592981,inf,trans,0.173776105,1907,592981,592981,False
YIR038C,GTT1,5.202592469,-0.122935288,0,2553,4,1341560,inf,trans,0.122935288,2553,1335020,1354322,False
YIR038C,GTT1,5.142327687,-0.130329719,1,7538,12,130083,inf,trans,0.130329719,7538,130083,130666,False
YIR038C,GTT1,4.54265815,0.244093999,0,10191,15,171671,inf,trans,0.244093999,10191,165912,184082,False
YMR217W,GUA1,16.41220657,-0.275377225,1,10195,15,179652,inf,trans,0.275377225,10195,165912,185951,False
YMR217W,GUA1,5.821755245,-0.137833409,0,2479,4,1248530,inf,trans,0.137833409,2479,1242195,1256509,False
YMR217W,GUA1,5.389957759,0.132428018,0,9042,13,707792,4426.0,trans,0.132428018,9042,701153,714847,False
YMR217W,GUA1,4.972299241,-0.12641259,0,11689,16,579790,inf,trans,0.12641259,11689,554350,591786,False
YMR217W,GUA1,4.836516969,-0.124375084,0,8111,12,746392,inf,trans,0.124375084,8111,732202,754859,False
YIL041W,GVP36,18.11138257,0.290653636,1,10191,15,171671,inf,trans,0.290653636,10191,165912,184082,False
YIL041W,GVP36,14.802682,-0.29395644,1,8457,13,55098,inf,trans,0.29395644,8457,55098,65881,False
YIL041W,GVP36,9.979186074,-0.36331839,0,1784,4,520430,inf,trans,0.36331839,1784,520430,520430,False
YIL041W,GVP36,7.449710256,0.156365023,0,7852,12,441706,inf,trans,0.156365023,7852,425418,443164,False
YIL041W,GVP36,6.994289133,0.149942827,0,5611,9,138792,137732.0,trans,0.149942827,5611,122617,144955,False
YIL041W,GVP36,5.871450269,0.291558482,0,896,3,757,inf,trans,0.291558482,896,757,757,False
YIL041W,GVP36,5.143688391,0.130797445,0,8112,12,747836,inf,trans,0.130797445,8112,732202,754859,False
YIL041W,GVP36,4.866670249,-0.122682138,0,1187,3,285659,inf,trans,0.122682138,1187,267625,297295,False
YIL041W,GVP36,4.686954232,-0.126121557,1,8670,13,333904,inf,trans,0.126121557,8670,329611,338431,False
YIL041W,GVP36,4.469473521,0.116423162,0,662,2,555633,inf,trans,0.116423162,662,552681,558703,False
YBR010W; YNL031C,,16.67947002,0.307886103,1,7871,12,460676,inf,trans,0.307886103,7871,460676,460676,False
YBR009C; YNL030W,,8.835836866,-1.168527219,0,10777,15,785154,inf,trans,1.168527219,10777,785154,785154,False
YBR009C; YNL030W,,8.190496598,-0.340655451,0,3485,5,564360,inf,trans,0.340655451,3485,563348,565125,False
YBR009C; YNL030W,,6.227540953,0.289598502,1,4277,7,459752,inf,trans,0.289598502,4277,459752,459752,False
YBR009C; YNL030W,,6.187118153,0.156384625,0,2478,4,1246177,inf,trans,0.156384625,2478,1242195,1256208,False
YBR009C; YNL030W,,5.18636796,-0.381817667,0,4207,7,412630,inf,trans,0.381817667,4207,412630,412630,False
YBR009C; YNL030W,,5.114716066,-0.744191277,1,4225,7,418232,inf,trans,0.744191277,4225,407454,426067,False
YMR290C,HAS1,8.257990777,-0.219455033,0,10198,15,181071,inf,trans,0.219455033,10198,168199,185951,False
YCL026C-B,HBN1,34.09920593,-0.314541348,1,11686,16,576969,inf,trans,0.314541348,11686,571530,591786,False
YCL026C-B,HBN1,27.04769509,-0.310457984,1,10198,15,181071,inf,trans,0.310457984,10198,168199,185951,False
YCL026C-B,HBN1,12.23776978,0.179824138,0,5614,9,139442,inf,trans,0.179824138,5614,125289,144955,False
YCL026C-B,HBN1,9.03125046,0.172716851,1,978,3,75863,1877.0,trans,0.172716851,978,72402,76147,False
YCL026C-B,HBN1,6.215079761,-0.121265197,0,5857,9,352621,inf,trans,0.121265197,5857,340588,367860,False
YCL026C-B,HBN1,5.94144266,-0.270544713,0,8669,13,331971,inf,trans,0.270544713,8669,331971,331971,False
YCL026C-B,HBN1,5.915743157,-0.116695924,0,7981,12,570792,inf,trans,0.116695924,7981,563476,576167,False
YCL026C-B,HBN1,5.833298463,-0.118684781,0,2293,4,974882,inf,trans,0.118684781,2293,959283,1000959,False
YCL026C-B,HBN1,5.744900755,0.113895857,0,7902,12,509786,inf,trans,0.113895857,7902,501100,512394,False
YCL026C-B,HBN1,5.151604083,-0.349402985,0,10391,15,385655,inf,trans,0.349402985,10391,385655,385655,False
YCL026C-B,HBN1,5.056261964,-0.10788222,0,7200,11,440451,inf,trans,0.10788222,7200,425090,460484,False
YCL026C-B,HBN1,4.79676233,0.104168515,0,3105,5,251756,inf,trans,0.104168515,3105,243584,262671,False
YCL026C-B,HBN1,4.447372641,-0.100669136,1,8116,12,759605,inf,trans,0.100669136,8116,749514,773247,False
YCL026C-B,HBN1,4.385956558,0.125360925,1,7503,12,97108,inf,trans,0.125360925,7503,97108,97108,False
YCL026C-B,HBN1,4.356931964,-0.099201169,0,5277,8,410984,inf,trans,0.099201169,5277,397561,421095,False
YCL026C-B,HBN1,4.154699922,-0.09648147,0,7015,11,219380,inf,trans,0.09648147,7015,209475,229405,False
YCL026C-B,HBN1,4.135511038,0.098132064,0,5482,9,68365,inf,trans,0.098132064,5482,57000,72998,False
YNL281W,HCH1,16.78168804,-0.256142466,0,1278,4,48723,inf,trans,0.256142466,1278,37106,60023,False
YNL281W,HCH1,15.10444993,-0.277815902,1,10190,15,171150,inf,trans,0.277815902,10190,165912,184082,False
YBL032W,HEK2; KHD1,12.50516342,0.578155138,0,844,2,780425,619093.0,trans,0.578155138,844,780425,780425,False
YBL032W,HEK2; KHD1,6.162980637,-0.313160741,0,4395,7,616189,inf,trans,0.313160741,4395,616189,616189,False
YBL032W,HEK2; KHD1,5.357385784,0.747341146,0,3121,5,266246,inf,trans,0.747341146,3121,266246,266246,False
YBL032W,HEK2; KHD1,4.929532965,0.143107306,0,336,2,161229,0.0,cis,0.143107306,336,159870,165675,True
YGL040C,HEM2,7.929818162,0.188787592,0,10194,15,173340,inf,trans,0.188787592,10194,165912,184082,False
YGL040C,HEM2,7.556180483,0.157693859,1,5615,9,142542,inf,trans,0.157693859,5615,131829,155581,False
YGL040C,HEM2,5.97981516,0.24938933,0,11743,16,620255,inf,trans,0.24938933,11743,620255,620255,False
YGL040C,HEM2,5.604371781,-0.312012278,0,11089,16,25159,inf,trans,0.312012278,11089,25159,25159,False
YGL040C,HEM2,4.506941605,0.119463194,0,2480,4,1248695,inf,trans,0.119463194,2480,1242195,1256509,False
YGL040C,HEM2,4.400912343,0.115856677,0,6895,11,118745,inf,trans,0.115856677,6895,102671,125700,False
YDR044W,HEM13,9.280069976,0.230004038,0,10187,15,170413,inf,trans,0.230004038,10187,165912,184082,False
YDR044W,HEM13,5.065005123,0.147518338,0,5614,9,139442,inf,trans,0.147518338,5614,125289,144955,False
YER055C,HIS1,14.668945,-0.267823196,1,10190,15,171150,inf,trans,0.267823196,10190,165912,184082,False
YER055C,HIS1,6.124898673,-0.463560598,1,8099,12,728083,inf,trans,0.463560598,8099,722835,738039,False
YER055C,HIS1,4.951354637,-0.13356466,0,3130,5,272558,6774.0,trans,0.13356466,3130,265651,290932,False
YCL030C,HIS4,26.13536862,-0.332597954,0,10191,15,171671,inf,trans,0.332597954,10191,165912,184082,False
YCL030C,HIS4,11.85804553,-0.199615242,0,7855,12,442798,inf,trans,0.199615242,7855,430049,443164,False
YCL030C,HIS4,11.5032181,-0.522440281,1,1086,3,196680,128347.0,trans,0.522440281,1086,186935,204903,False
YCL030C,HIS4,11.35145055,-0.186597957,1,11687,16,578941,inf,trans,0.186597957,11687,571530,591786,False
YCL030C,HIS4,11.23677379,-0.192444438,0,5613,9,139266,inf,trans,0.192444438,5613,125289,144955,False
YCL030C,HIS4,10.97725838,0.236230288,0,8474,13,70380,inf,trans,0.236230288,8474,56990,77330,False
YCL030C,HIS4,9.289200145,-0.165959802,0,7978,12,569926,inf,trans,0.165959802,7978,563476,576167,False
YCL030C,HIS4,8.518567655,0.274851994,1,2440,4,1176138,inf,trans,0.274851994,2440,1171385,1191935,False
YCL030C,HIS4,6.577425261,-0.139954563,0,2492,4,1261899,inf,trans,0.139954563,2492,1256208,1268325,False
YCL030C,HIS4,6.410733328,-0.146347399,0,642,2,523217,inf,trans,0.146347399,642,505207,530047,False
YCL030C,HIS4,6.270661779,0.140149434,1,8664,13,329611,inf,trans,0.140149434,8664,329611,333904,False
YCL030C,HIS4,5.980782015,0.13059329,0,10806,15,818536,inf,trans,0.13059329,10806,803281,826538,False
YCL030C,HIS4,5.7318979,0.126962015,1,967,3,63929,2005.0,trans,0.126962015,967,61460,67277,False
YCL030C,HIS4,5.659613134,0.500044061,1,2797,5,21355,inf,trans,0.500044061,2797,21342,21355,False
YCL030C,HIS4,5.213800091,-0.120430687,0,8105,12,737776,inf,trans,0.120430687,8105,727931,749514,False
YCL030C,HIS4,4.473952723,-0.192964091,1,2444,4,1184872,inf,trans,0.192964091,2444,1171385,1215342,False
YCL030C,HIS4,4.444801189,0.122949151,0,6277,10,417803,inf,trans,0.122949151,6277,410391,455828,False
YCL030C,HIS4,4.165512052,-0.115556342,0,1530,4,270158,inf,trans,0.115556342,1530,264432,271787,False
YCL030C,HIS4,4.149203721,0.186364211,0,1083,3,190765,122432.0,trans,0.186364211,1083,177081,198615,False
YCL030C,HIS4,3.982670346,0.229325359,1,8041,12,646385,inf,trans,0.229325359,8041,646385,646385,False
YBR248C,HIS7,8.82510128,-0.228662095,0,10191,15,171671,inf,trans,0.228662095,10191,165912,184082,False
YIL116W,HIS5,31.12750678,-0.367151527,1,10198,15,181071,inf,trans,0.367151527,10198,168199,185951,False
YIL116W,HIS5,10.14885035,0.538550341,0,4248,7,433855,inf,trans,0.538550341,4248,433855,433855,False
YIL116W,HIS5,8.295042392,-0.154124988,0,7859,12,443030,inf,trans,0.154124988,7859,425418,443164,False
YIL116W,HIS5,8.041593707,0.151884904,0,1280,4,49675,inf,trans,0.151884904,1280,38160,60460,False
YIL116W,HIS5,7.534625325,-0.146950949,0,11686,16,576969,inf,trans,0.146950949,11686,571530,591786,False
YIL116W,HIS5,7.333526855,-0.159500406,0,5603,9,136527,6398.0,trans,0.159500406,5603,125289,144699,False
YIL116W,HIS5,6.665468142,0.140062476,0,7612,12,196991,inf,trans,0.140062476,7612,186678,207362,False
YIL116W,HIS5,6.063633231,-0.130389553,0,8110,12,745735,inf,trans,0.130389553,8110,732202,754859,False
YIL116W,HIS5,5.846211154,-0.131405094,0,653,2,542505,inf,trans,0.131405094,653,538868,544962,False
YIL116W,HIS5,5.564831016,0.128139097,1,9836,14,701961,inf,trans,0.128139097,9836,700405,708362,False
YIL116W,HIS5,5.314264393,-0.121374028,0,1534,4,274059,inf,trans,0.121374028,1534,271035,283830,False
YIL116W,HIS5,5.104486769,-0.119152232,0,8303,12,961463,inf,trans,0.119152232,8303,956127,976001,False
YIL116W,HIS5,5.055282899,-0.11805096,0,7977,12,569918,inf,trans,0.11805096,7977,563476,576167,False
YIL116W,HIS5,4.861661504,0.116975914,0,11828,16,726636,inf,trans,0.116975914,11828,714288,739602,False
YIL116W,HIS5,4.796432985,-0.113158366,0,10992,15,1014707,inf,trans,0.113158366,10992,1010191,1018776,False
YIL116W,HIS5,4.784186684,-0.12278805,0,14,1,27823,inf,trans,0.12278805,14,27816,31435,False
YIL116W,HIS5,4.726742912,-0.51756426,1,7577,12,150878,inf,trans,0.51756426,7577,150878,150878,False
YIL116W,HIS5,4.671924276,0.350026168,1,3938,7,80602,inf,trans,0.350026168,3938,80602,80602,False
YIL116W,HIS5,4.493707576,0.115611937,1,9620,14,502888,inf,trans,0.115611937,9620,497369,504423,False
YIL116W,HIS5,4.358082222,-0.107813104,0,1140,3,242578,inf,trans,0.107813104,1140,238714,248454,False
YIL116W,HIS5,4.314601389,-0.107147282,0,1073,3,186935,inf,trans,0.107147282,1073,165283,197297,False
YIL116W,HIS5,4.169400218,-0.108439081,1,9819,14,678924,inf,trans,0.108439081,9819,674210,682649,False
YIL116W,HIS5,4.000274703,0.103555369,0,6167,10,294588,inf,trans,0.103555369,6167,291248,294588,False
YIL116W,HIS5,3.996911423,0.827650065,0,732,2,643488,inf,trans,0.827650065,732,643488,643488,False
YIL116W,HIS5,3.81525317,0.197076057,0,7099,11,337602,inf,trans,0.197076057,7099,332693,350701,False
YIL116W,HIS5,3.633275653,0.192218339,1,5056,8,193438,inf,trans,0.192218339,5056,191947,200617,False
YML126C,ERG13; HMGS,20.20340977,0.26815672,0,7860,12,443164,inf,trans,0.26815672,7860,425418,443164,False
YML126C,ERG13; HMGS,12.42857629,-0.210738782,1,11678,16,572250,inf,trans,0.210738782,11678,546787,587778,False
YML126C,ERG13; HMGS,8.506858724,0.166598217,0,5611,9,138792,inf,trans,0.166598217,5611,122617,144955,False
YML126C,ERG13; HMGS,6.265102036,-0.140014516,0,10840,15,852168,inf,trans,0.140014516,10840,841052,876222,False
YML126C,ERG13; HMGS,5.8844063,-0.14210389,0,1188,3,286180,inf,trans,0.14210389,1188,273446,297295,False
YML126C,ERG13; HMGS,5.688615687,0.132917097,0,6892,11,116979,inf,trans,0.132917097,6892,102671,125700,False
YML126C,ERG13; HMGS,5.051634051,0.130389974,0,7984,12,572030,inf,trans,0.130389974,7984,567889,576167,False
YML126C,ERG13; HMGS,4.699260006,0.135277257,0,10186,15,170347,inf,trans,0.135277257,10186,165912,184082,False
YML126C,ERG13; HMGS,4.639730051,-0.122564284,0,2007,4,693387,inf,trans,0.122564284,2007,680423,698339,False
YML126C,ERG13; HMGS,4.505594046,-0.16794736,0,1253,4,2228,inf,trans,0.16794736,1253,2228,2230,False
YML126C,ERG13; HMGS,4.419688105,0.116658688,1,10993,15,1015033,inf,trans,0.116658688,10993,1010191,1018776,False
YER057C,HMF1; HIG1,7.69313258,-0.176941165,0,11824,16,720416,inf,trans,0.176941165,11824,714288,734857,False
YER057C,HMF1; HIG1,7.374674925,0.423983759,0,1675,4,383923,inf,trans,0.423983759,1675,383923,383923,False
YER057C,HMF1; HIG1,5.214627486,0.293847956,0,8405,12,1059495,inf,trans,0.293847956,8405,1059123,1059495,False
YER057C,HMF1; HIG1,4.946026733,0.186844478,0,10412,15,418066,inf,trans,0.186844478,10412,411919,425338,False
YER057C,HMF1; HIG1,4.759716674,0.136793489,0,2129,4,843203,inf,trans,0.136793489,2129,838720,849577,False
YDR174W,HMO1; HSM2,7.37618632,-0.163243606,0,11351,16,207364,inf,trans,0.163243606,11351,196859,213411,False
YDR174W,HMO1; HSM2,6.624492805,0.277504488,1,5038,8,170619,inf,trans,0.277504488,5038,170619,170619,False
YDR174W,HMO1; HSM2,5.901132089,0.157883125,0,10181,15,168199,inf,trans,0.157883125,10181,165912,181071,False
YDR174W,HMO1; HSM2,5.246283515,0.137462278,0,7880,12,494834,inf,trans,0.137462278,7880,449482,506655,False
YDR174W,HMO1; HSM2,5.009488672,-0.888146298,0,4567,7,794535,inf,trans,0.888146298,4567,794535,794535,False
YDR174W,HMO1; HSM2,4.971953526,0.127337278,0,6199,10,349573,inf,trans,0.127337278,6199,340762,349573,False
YDR174W,HMO1; HSM2,4.889703406,0.262764542,0,10009,14,783923,inf,trans,0.262764542,10009,783914,783929,False
YDR174W,HMO1; HSM2,4.75263946,-0.125362354,0,2324,4,1014176,201329.0,trans,0.125362354,2324,1006085,1029308,False
YLR113W,HOG1; SSK3,11.01736752,0.218855928,0,7785,12,379915,6987.0,trans,0.218855928,7785,369495,384824,False
YLR113W,HOG1; SSK3,5.84299164,0.154952973,0,5998,10,43346,inf,trans,0.154952973,5998,41756,54931,False
YDL182W,LYS20,22.2109558,-0.303878945,0,10191,15,171671,inf,trans,0.303878945,10191,165912,184082,False
YDL182W,LYS20,18.11891394,-0.247211435,0,7984,12,572030,inf,trans,0.247211435,7984,567889,576167,False
YDL182W,LYS20,16.61720033,-0.224420415,1,5936,9,400641,inf,trans,0.224420415,5936,399657,406743,False
YDL182W,LYS20,13.38371122,-0.213342181,0,7844,12,440337,inf,trans,0.213342181,7844,430049,443164,False
YDL182W,LYS20,9.74327244,0.219803421,1,8470,13,68113,inf,trans,0.219803421,8470,56990,75198,False
YDL182W,LYS20,7.885748644,-0.15634503,0,5613,9,139266,inf,trans,0.15634503,5613,125289,144955,False
YDL182W,LYS20,7.047255137,0.140978984,1,11890,16,812990,inf,trans,0.140978984,11890,798666,821586,False
YDL182W,LYS20,6.03103992,-0.271054605,0,4647,7,876941,inf,trans,0.271054605,4647,876941,876941,False
YDL182W,LYS20,5.247708801,0.162401016,0,6643,11,7664,inf,trans,0.162401016,6643,2740,14046,False
YDL182W,LYS20,5.216590007,0.270206748,1,8041,12,646385,inf,trans,0.270206748,8041,646385,646385,False
YDL182W,LYS20,5.191867541,0.124420953,1,8670,13,333904,inf,trans,0.124420953,8670,329611,338431,False
YDL182W,LYS20,4.539957493,-0.109164654,0,6895,11,118745,inf,trans,0.109164654,6895,102671,125700,False
YDL182W,LYS20,4.417045607,0.107491724,0,10853,15,867290,inf,trans,0.107491724,10853,848974,880507,False
YDL182W,LYS20,4.339200587,0.107588864,0,8815,13,509480,inf,trans,0.107588864,8815,500062,513217,False
YDL182W,LYS20,4.207776517,-0.107760654,1,11680,16,572345,inf,trans,0.107760654,11680,572345,572345,False
YDL131W,LYS21,15.37313381,-0.232617215,1,11687,16,578941,inf,trans,0.232617215,11687,571530,591786,False
YDL131W,LYS21,10.96545231,-0.219546453,0,10194,15,173340,inf,trans,0.219546453,10194,165912,184082,False
YDL131W,LYS21,10.33193954,-0.182151814,1,5615,9,142542,inf,trans,0.182151814,5615,131829,155581,False
YDL131W,LYS21,7.996807249,-0.162457278,0,8106,12,737804,inf,trans,0.162457278,8106,727931,749514,False
YDL131W,LYS21,7.521969397,-0.167558837,0,642,2,523217,inf,trans,0.167558837,642,505207,530047,False
YDL131W,LYS21,6.265873236,-0.296838648,1,7856,12,442818,inf,trans,0.296838648,7856,433534,443164,False
YDL131W,LYS21,5.660160181,0.130351576,0,9445,14,256840,inf,trans,0.130351576,9445,241965,257173,False
YDL131W,LYS21,4.706186107,0.116707503,1,96,1,128911,inf,trans,0.116707503,96,127853,128911,False
YDL131W,LYS21,4.356636778,-0.296985369,0,4207,7,412630,inf,trans,0.296985369,4207,412630,412630,False
YDL131W,LYS21,4.35369617,-0.111891452,0,6076,10,173737,inf,trans,0.111891452,6076,163124,185241,False
YEL066W,HPA3,9.741632105,-0.19825856,1,2838,5,26058,609.0,cis,0.19825856,2838,19368,26417,True
YEL066W,HPA3,8.529439301,0.214905182,0,10193,15,172102,inf,trans,0.214905182,10193,165912,184082,False
YEL066W,HPA3,6.485378695,0.322802024,0,1094,3,201026,inf,trans,0.322802024,1094,198615,201026,False
YEL066W,HPA3,5.740637062,0.149602008,0,6193,10,340762,inf,trans,0.149602008,6193,334716,349573,False
YDR399W,HPT1; BRA6,32.73483102,-0.366925636,1,2498,4,1270033,27.0,cis,0.366925636,2498,1266919,1278850,True
YNL004W,HRB1; TOM34,8.528694882,0.616750436,0,4248,7,433855,inf,trans,0.616750436,4248,433855,433855,False
YLR301W,HRI1,8.641376364,0.587416342,0,4248,7,433855,inf,trans,0.587416342,4248,433855,433855,False
YLR301W,HRI1,6.090010913,-0.497607379,0,8582,13,179719,inf,trans,0.497607379,8582,179719,179719,False
YLR301W,HRI1,5.506332916,0.139398014,0,7158,11,385019,inf,trans,0.139398014,7158,379841,385019,False
YLR301W,HRI1,5.504008134,-0.283808092,0,1784,4,520430,inf,trans,0.283808092,1784,520430,520430,False
YLR301W,HRI1,5.058060174,-0.130473382,0,1164,3,258579,inf,trans,0.130473382,1164,251255,262631,False
YLR301W,HRI1,4.756803968,0.338001004,0,6222,10,386341,inf,trans,0.338001004,6222,386341,386341,False
YLR301W,HRI1,4.681981285,0.278432381,0,896,3,757,inf,trans,0.278432381,896,757,757,False
YOL123W,HRP1,5.734973698,0.524198718,0,993,3,84800,inf,trans,0.524198718,993,84800,84800,False
YOL123W,HRP1,5.309936757,0.63880187,0,7873,12,460678,inf,trans,0.63880187,7873,460678,460678,False
YLL026W,HSP104,15.35870476,0.269550467,1,10183,15,168592,inf,trans,0.269550467,10183,165912,181071,False
YLL026W,HSP104,8.136134768,-0.171349569,1,1276,4,48267,inf,trans,0.171349569,1276,37106,56089,False
YLL026W,HSP104,6.202292498,-0.196540686,0,8461,13,60008,inf,trans,0.196540686,8461,55098,73814,False
YLL026W,HSP104,5.503117287,0.13494303,0,5618,9,144955,inf,trans,0.13494303,5618,132718,155581,False
YLL026W,HSP104,5.102820226,-0.146445794,0,6314,10,455828,inf,trans,0.146445794,6314,416209,464142,False
YMR186W,HSC82,31.89284085,-0.35641242,0,1278,4,48723,inf,trans,0.35641242,1278,37106,60023,False
YMR186W,HSC82,8.12259915,-0.192156365,0,10191,15,171671,inf,trans,0.192156365,10191,165912,184082,False
YMR186W,HSC82,6.479584622,0.192240747,0,8457,13,55098,577256.0,trans,0.192240747,8457,55098,65881,False
YMR186W,HSC82,5.436825251,-0.573506334,0,7873,12,460678,inf,trans,0.573506334,7873,460678,460678,False
YFL014W,HSP12,15.97185683,0.299661875,1,10191,15,171671,inf,trans,0.299661875,10191,165912,184082,False
YFL014W,HSP12,11.33140987,0.327560352,1,11680,16,572345,inf,trans,0.327560352,11680,572345,572345,False
YFL014W,HSP12,10.53293125,0.17584254,1,650,2,541028,inf,trans,0.17584254,650,541028,541028,False
YFL014W,HSP12,9.383745918,0.157976325,0,4356,7,587567,inf,trans,0.157976325,4356,585575,599356,False
YFL014W,HSP12,8.724306986,-0.199822785,1,8458,13,56990,inf,trans,0.199822785,8458,55098,73225,False
YFL014W,HSP12,6.228391392,-0.246366923,0,2568,4,1354715,inf,trans,0.246366923,2568,1352371,1354715,False
YFL014W,HSP12,5.416724258,0.160306486,1,10203,15,185252,inf,trans,0.160306486,10203,179652,185951,False
YFL014W,HSP12,5.372158275,0.114023657,0,1891,4,584486,inf,trans,0.114023657,1891,565447,592839,False
YFL014W,HSP12,5.20662993,-0.604541943,0,8523,13,99276,inf,trans,0.604541943,8523,99276,99276,False
YFL014W,HSP12,5.110661786,-0.15716244,0,2941,5,99314,inf,trans,0.15716244,2941,90716,99489,False
YFL014W,HSP12,4.924678965,0.108373083,0,8287,12,948003,inf,trans,0.108373083,8287,930981,950296,False
YFL014W,HSP12,4.716524401,-0.119334267,0,5054,8,193425,inf,trans,0.119334267,5054,191947,200617,False
YFL014W,HSP12,4.631467805,0.20795606,0,3675,6,74485,32765.0,trans,0.20795606,3675,73433,75397,False
YFL014W,HSP12,4.483632953,0.100127378,0,10992,15,1014707,inf,trans,0.100127378,10992,1010191,1018776,False
YFL014W,HSP12,4.349249911,0.09762001,0,1268,4,38160,inf,trans,0.09762001,1268,34142,49675,False
YBR072W,HSP26,37.86699735,0.357657545,1,5609,9,138029,inf,trans,0.357657545,5609,125289,144955,False
YBR072W,HSP26,27.39205329,-0.314509626,0,2305,4,976036,inf,trans,0.314509626,2305,959283,1000959,False
YBR072W,HSP26,26.21243474,-0.309429434,0,8667,13,331334,inf,trans,0.309429434,8667,329611,333904,False
YBR072W,HSP26,13.95317447,0.237269648,1,10191,15,171671,inf,trans,0.237269648,10191,165912,184082,False
YBR072W,HSP26,8.357162474,0.156498847,1,11366,16,218021,inf,trans,0.156498847,11366,214724,225111,False
YBR072W,HSP26,8.005535812,0.152504721,0,511,2,376172,5855.0,trans,0.152504721,511,363190,390138,False
YBR072W,HSP26,6.203142067,0.134529781,1,4085,7,275338,inf,trans,0.134529781,4085,274400,284441,False
YBR072W,HSP26,5.993056188,-0.167861764,0,8469,13,67103,inf,trans,0.167861764,8469,56990,75558,False
YBR072W,HSP26,5.384438761,0.778947015,0,10777,15,785154,inf,trans,0.778947015,10777,785154,785154,False
YBR072W,HSP26,4.977551732,-0.252002527,0,5776,9,260947,inf,trans,0.252002527,5776,260947,260947,False
YDR533C,HSP31,16.27346412,0.270779956,1,10191,15,171671,inf,trans,0.270779956,10191,165912,184082,False
YDR533C,HSP31,5.290019979,-0.171588911,0,8461,13,60008,inf,trans,0.171588911,8461,55098,73814,False
YDR533C,HSP31,5.104883266,0.139220656,0,4534,7,755392,inf,trans,0.139220656,4534,751217,769305,False
YLR259C,HSP60; MIF4,24.79948098,-0.28201642,1,1276,4,48267,inf,trans,0.28201642,1276,37106,56089,False
YLR259C,HSP60; MIF4,10.8983928,0.180489091,1,5615,9,142542,inf,trans,0.180489091,5615,131829,155581,False
YLR259C,HSP60; MIF4,9.661606623,-0.231010684,0,8458,13,56990,inf,trans,0.231010684,8458,55098,73225,False
YLR259C,HSP60; MIF4,8.154067646,-0.506330746,0,10260,15,237009,inf,trans,0.506330746,10260,237009,237009,False
YLR259C,HSP60; MIF4,7.139756997,-0.148498031,1,8670,13,333904,inf,trans,0.148498031,8670,329611,338431,False
YLR259C,HSP60; MIF4,6.468466854,0.266431821,0,1784,4,520430,inf,trans,0.266431821,1784,520430,520430,False
YLR259C,HSP60; MIF4,6.206888284,0.37728715,0,8972,13,652533,inf,trans,0.37728715,8972,652533,652533,False
YLR259C,HSP60; MIF4,5.193150271,0.119377504,0,2434,4,1172914,inf,trans,0.119377504,2434,1171385,1198548,False
YLR259C,HSP60; MIF4,4.730468623,0.112173323,0,10995,15,1018776,inf,trans,0.112173323,10995,1012233,1024813,False
YLR259C,HSP60; MIF4,4.462477609,0.11254421,0,9787,14,635910,inf,trans,0.11254421,9787,611236,648789,False
YAL005C,SSA1,32.5064311,-0.306965872,1,1276,4,48267,inf,trans,0.306965872,1276,37106,56089,False
YAL005C,SSA1,13.3929809,-0.990590374,0,3121,5,266246,inf,trans,0.990590374,3121,266246,266246,False
YAL005C,SSA1,8.645166767,0.151584485,1,646,2,530047,inf,trans,0.151584485,646,517548,538990,False
YAL005C,SSA1,7.947937353,0.137467338,1,9500,14,337563,inf,trans,0.137467338,9500,327569,350501,False
YAL005C,SSA1,7.606581492,0.138661834,0,11355,16,210158,inf,trans,0.138661834,11355,196859,213411,False
YAL005C,SSA1,7.017733462,-0.129639206,0,5089,8,204645,inf,trans,0.129639206,5089,193408,206590,False
YAL005C,SSA1,6.973117994,0.130986616,0,11699,16,586993,inf,trans,0.130986616,11699,572464,593213,False
YAL005C,SSA1,6.966116934,0.259352715,1,10191,15,171671,inf,trans,0.259352715,10191,165912,184082,False
YAL005C,SSA1,6.670151558,-0.130569626,0,8679,13,343706,inf,trans,0.130569626,8679,338431,345749,False
YAL005C,SSA1,6.555103814,-0.2902892,1,238,2,61675,inf,trans,0.2902892,238,50915,67976,False
YAL005C,SSA1,6.248170518,0.123441553,0,8115,12,754859,inf,trans,0.123441553,8115,732854,761323,False
YAL005C,SSA1,5.675672227,0.11907476,0,8308,12,971945,inf,trans,0.11907476,8308,956127,985083,False
YAL005C,SSA1,5.544808861,0.324808989,1,9412,14,211354,inf,trans,0.324808989,9412,199813,225776,False
YAL005C,SSA1,5.534560309,0.113805393,0,5615,9,142542,inf,trans,0.113805393,5615,131829,155581,False
YAL005C,SSA1,5.463693525,-0.180465725,0,10423,15,427887,inf,trans,0.180465725,10423,427884,427890,False
YAL005C,SSA1,5.415710024,0.113333224,1,10236,15,218248,inf,trans,0.113333224,10236,214295,220986,False
YAL005C,SSA1,4.868860677,-0.105291003,0,10433,15,446992,inf,trans,0.105291003,10433,441176,453019,False
YAL005C,SSA1,4.539916315,-0.424421175,0,7873,12,460678,inf,trans,0.424421175,7873,460678,460678,False
YAL005C,SSA1,4.27602053,-0.296308454,1,9727,14,600108,inf,trans,0.296308454,9727,600108,600108,False
YAL005C,SSA1,4.150064914,0.237699078,0,614,2,486970,inf,trans,0.237699078,614,486970,486970,False
YAL005C,SSA1,4.135603633,-0.095386503,0,11772,16,656563,inf,trans,0.095386503,11772,652919,664738,False
YAL005C,SSA1,4.074333905,0.095017891,0,5944,9,408263,inf,trans,0.095017891,5944,402212,419841,False
YAL005C,SSA1,4.059489038,0.096709683,0,3670,6,71997,inf,trans,0.096709683,3670,62743,74913,False
YAL005C,SSA1,3.756584954,-0.091144347,0,2586,4,1383768,inf,trans,0.091144347,2586,1363156,1392187,False
YAL005C,SSA1,3.752917528,0.211874108,1,237,2,61071,inf,trans,0.211874108,237,50915,67976,False
YAL005C,SSA1,3.731663248,-0.116613607,0,8475,13,71887,inf,trans,0.116613607,8475,56990,80310,False
YLL024C,SSA2,22.35815385,-0.27915114,1,1281,4,51735,inf,trans,0.27915114,1281,43687,60460,False
YLL024C,SSA2,13.65330501,-0.247260184,0,10191,15,171671,inf,trans,0.247260184,10191,165912,184082,False
YLL024C,SSA2,8.722986906,-0.710571007,0,7873,12,460678,363194.0,trans,0.710571007,7873,460678,460678,False
YLL024C,SSA2,8.110744128,0.217224246,0,8461,13,60008,inf,trans,0.217224246,8461,55098,73814,False
YLL024C,SSA2,6.119070788,0.16710721,0,3993,7,142935,inf,trans,0.16710721,3993,129502,144443,False
YLL024C,SSA2,5.070222403,0.368812785,0,10230,15,216278,inf,trans,0.368812785,10230,216278,216278,False
YLL024C,SSA2,4.812163886,0.119197766,0,10855,15,870871,inf,trans,0.119197766,10855,849407,880507,False
YLL024C,SSA2,4.682288667,-0.117832029,0,7691,12,274242,176758.0,trans,0.117832029,7691,271300,277526,False
YLL024C,SSA2,4.669316385,-0.629977084,0,3121,5,266246,inf,trans,0.629977084,3121,266246,266246,False
YLL024C,SSA2,4.477612795,0.750069146,0,24,1,30479,inf,trans,0.750069146,24,30479,30479,False
YJR045C,SSC1; ENS1,16.25097414,0.231843304,1,5615,9,142542,inf,trans,0.231843304,5615,131829,155581,False
YJR045C,SSC1; ENS1,11.67972415,-0.192514258,0,1281,4,51735,inf,trans,0.192514258,1281,43687,60460,False
YJR045C,SSC1; ENS1,6.817383101,-0.196964711,0,8458,13,56990,inf,trans,0.196964711,8458,55098,73225,False
YJR045C,SSC1; ENS1,6.018017944,0.164739742,0,8218,12,873682,inf,trans,0.164739742,8218,872449,874900,False
YJR045C,SSC1; ENS1,5.766628011,0.130670752,0,10992,15,1014707,inf,trans,0.130670752,10992,1010191,1018776,False
YJR045C,SSC1; ENS1,5.622788928,0.146964107,0,10191,15,171671,inf,trans,0.146964107,10191,165912,184082,False
YJR045C,SSC1; ENS1,5.153466745,-0.241034402,0,11062,16,16995,inf,trans,0.241034402,11062,16995,16995,False
YJR045C,SSC1; ENS1,4.784779948,-0.341369025,0,7031,11,231612,inf,trans,0.341369025,7031,231612,231612,False
YDR258C,HSP78,17.12126343,-0.253967747,0,2280,4,962979,8825.0,trans,0.253967747,2280,956734,1000959,False
YDR258C,HSP78,7.909505132,-0.167772334,0,1276,4,48267,923537.0,trans,0.167772334,1276,37106,56089,False
YDR258C,HSP78,7.29104129,0.179326186,0,10186,15,170347,inf,trans,0.179326186,10186,165912,184082,False
YDR258C,HSP78,6.46958711,-0.148255908,0,10887,15,907643,inf,trans,0.148255908,10887,892522,912729,False
YDR258C,HSP78,5.188571572,0.132295696,0,11699,16,586993,inf,trans,0.132295696,11699,572464,593213,False
YDR258C,HSP78,4.513266282,-0.152052079,0,2981,5,132221,inf,trans,0.152052079,2981,124644,157488,False
YPL106C,SSE1; MSI3,17.06666583,-0.225938813,0,1279,4,49408,inf,trans,0.225938813,1279,37106,60460,False
YPL106C,SSE1; MSI3,12.45168078,-1.099351518,0,7686,12,265316,inf,trans,1.099351518,7686,265316,265316,False
YPL106C,SSE1; MSI3,7.440804712,-0.167314827,1,10184,15,168689,inf,trans,0.167314827,10184,165912,181071,False
YPL106C,SSE1; MSI3,7.24520797,0.341518167,0,337,2,161451,inf,trans,0.341518167,337,161451,161451,False
YPL106C,SSE1; MSI3,5.769244071,-0.528711467,0,7873,12,460678,inf,trans,0.528711467,7873,460678,460678,False
YPL106C,SSE1; MSI3,5.759826362,0.227369826,1,475,2,342440,inf,trans,0.227369826,475,342440,342440,False
YPL106C,SSE1; MSI3,5.417507071,0.134378466,0,4665,7,888397,inf,trans,0.134378466,4665,885002,898738,False
YPL106C,SSE1; MSI3,4.824623292,0.232765156,1,2720,4,1505683,inf,trans,0.232765156,2720,1505683,1505691,False
YPL240C,HSP82; HSP90,26.64780185,-0.313666305,1,1276,4,48267,inf,trans,0.313666305,1276,37106,56089,False
YPL240C,HSP82; HSP90,18.31350093,-1.348719435,0,3121,5,266246,inf,trans,1.348719435,3121,266246,266246,False
YPL240C,HSP82; HSP90,7.398215098,0.155704684,0,11347,16,198072,99447.0,trans,0.155704684,11347,187861,210158,False
YPL240C,HSP82; HSP90,7.051585428,-0.932851843,0,10777,15,785154,inf,trans,0.932851843,10777,785154,785154,False
YFR053C,HXK1; HKA,24.03696802,0.270346804,1,11680,16,572345,inf,trans,0.270346804,11680,572345,572345,False
YFR053C,HXK1; HKA,9.038213875,0.156500319,0,3660,6,62743,190836.0,trans,0.156500319,3660,55876,73433,False
YFR053C,HXK1; HKA,9.000301858,0.16902842,1,3826,6,253516,63.0,cis,0.16902842,3826,248124,264000,True
YFR053C,HXK1; HKA,8.441420866,0.314504642,1,10193,15,172102,inf,trans,0.314504642,10193,165912,184082,False
YFR053C,HXK1; HKA,8.27037656,0.148000401,1,9491,14,330041,inf,trans,0.148000401,9491,317822,340237,False
YFR053C,HXK1; HKA,5.051981116,0.120856231,0,642,2,523217,inf,trans,0.120856231,642,505207,530047,False
YFR053C,HXK1; HKA,5.028393749,0.221410857,0,11213,16,104922,inf,trans,0.221410857,11213,104922,104922,False
YFR053C,HXK1; HKA,4.437768934,0.103035766,0,2479,4,1248530,inf,trans,0.103035766,2479,1242195,1256509,False
YFR053C,HXK1; HKA,4.407631137,0.107117321,0,1891,4,584486,inf,trans,0.107117321,1891,565447,592839,False
YFR053C,HXK1; HKA,4.236754242,0.21201942,0,10198,15,181071,inf,trans,0.21201942,10198,168199,185951,False
YGL253W,HXK2,16.01888503,-0.347686974,1,11680,16,572345,inf,trans,0.347686974,11680,572345,572345,False
YGL253W,HXK2,14.96685182,-0.340348423,1,10191,15,171671,inf,trans,0.340348423,10191,165912,184082,False
YGL253W,HXK2,14.51002338,-0.183213682,0,642,2,523217,inf,trans,0.183213682,642,505207,530047,False
YGL253W,HXK2,13.27592454,-0.15846123,0,5618,9,144955,inf,trans,0.15846123,5618,132718,155581,False
YGL253W,HXK2,11.58085908,-0.148928172,0,7977,12,569918,inf,trans,0.148928172,7977,563476,576167,False
YGL253W,HXK2,11.05680354,0.197699019,0,8462,13,60048,inf,trans,0.197699019,8462,55098,75198,False
YGL253W,HXK2,9.832041156,0.13525627,0,2557,4,1345539,inf,trans,0.13525627,2557,1337043,1367398,False
YGL253W,HXK2,9.480394584,-0.135930627,1,8113,12,749514,inf,trans,0.135930627,8113,732202,760199,False
YGL253W,HXK2,7.777783711,-0.122243095,1,1916,4,598800,inf,trans,0.122243095,1916,592839,609905,False
YGL253W,HXK2,7.32447451,0.131330772,0,6255,10,415141,inf,trans,0.131330772,6255,413692,442130,False
YGL253W,HXK2,5.974317934,-0.201034742,0,10185,15,169414,inf,trans,0.201034742,10185,165912,181071,False
YGL253W,HXK2,5.600387977,-0.194148207,1,11677,16,571530,inf,trans,0.194148207,11677,544393,587778,False
YGL253W,HXK2,5.537511188,0.097712688,1,4189,7,397449,372054.0,trans,0.097712688,4189,395909,412413,False
YGL253W,HXK2,5.119299374,0.099389788,0,8664,13,329611,inf,trans,0.099389788,8664,329611,333904,False
YGL253W,HXK2,5.017156611,0.09402747,0,2848,5,33814,inf,trans,0.09402747,2848,30505,38677,False
YGL253W,HXK2,4.783636201,-0.090537019,0,2482,4,1256208,inf,trans,0.090537019,2482,1246177,1264269,False
YGL253W,HXK2,4.442498554,-0.172160299,0,9117,13,774724,inf,trans,0.172160299,9117,774724,774724,False
YCL040W,GLK1; HOR3,37.74679274,0.395635026,1,10191,15,171671,inf,trans,0.395635026,10191,165912,184082,False
YCL040W,GLK1; HOR3,24.25966497,0.329296872,0,11689,16,579790,inf,trans,0.329296872,11689,554350,591786,False
YCL040W,GLK1; HOR3,7.906546395,0.156578356,0,639,2,518133,inf,trans,0.156578356,639,505207,530047,False
YCL040W,GLK1; HOR3,6.495099269,-0.270263264,0,2568,4,1354715,inf,trans,0.270263264,2568,1352371,1354715,False
YCL040W,GLK1; HOR3,5.914221427,0.123844782,0,2487,4,1260055,inf,trans,0.123844782,2487,1256208,1268325,False
YCL040W,GLK1; HOR3,5.789373472,-0.943306026,0,4589,7,817659,inf,trans,0.943306026,4589,817659,817659,False
YCL040W,GLK1; HOR3,5.593298986,0.122257221,0,8108,12,740250,inf,trans,0.122257221,8108,732202,754859,False
YCL040W,GLK1; HOR3,5.489685591,0.121112193,0,3669,6,71471,inf,trans,0.121112193,3669,62743,74913,False
YCL040W,GLK1; HOR3,5.446643817,-0.127966638,0,7539,12,130108,inf,trans,0.127966638,7539,126688,144481,False
YCL040W,GLK1; HOR3,5.314013158,0.121854703,0,4398,7,617977,inf,trans,0.121854703,4398,611358,624442,False
YCL040W,GLK1; HOR3,4.938482066,0.111935021,0,9484,14,320771,inf,trans,0.111935021,9484,312060,335123,False
YCL040W,GLK1; HOR3,4.800511335,0.113664948,0,1895,4,590025,inf,trans,0.113664948,1895,574801,594369,False
YCL040W,GLK1; HOR3,4.789063549,0.11457295,1,6982,11,186408,inf,trans,0.11457295,6982,179802,196914,False
YCL040W,GLK1; HOR3,4.290594985,0.205768988,0,11041,15,1074302,inf,trans,0.205768988,11041,1074302,1074302,False
YCL040W,GLK1; HOR3,4.263396246,0.194085084,1,5039,8,173136,inf,trans,0.194085084,5039,173136,173136,False
YCL040W,GLK1; HOR3,4.178634067,-0.100817489,1,2865,5,42740,inf,trans,0.100817489,2865,41075,44612,False
YCL040W,GLK1; HOR3,3.928146669,-0.097541253,1,6382,10,571888,inf,trans,0.097541253,6382,569834,571888,False
YDR345C,HXT3,8.916473802,-0.167033443,0,10992,15,1014707,inf,trans,0.167033443,10992,1010191,1018776,False
YDR345C,HXT3,8.459354803,0.164216596,0,4292,7,471518,inf,trans,0.164216596,4292,458896,479063,False
YDR345C,HXT3,6.008253164,-0.135846976,0,11683,16,575622,inf,trans,0.135846976,11683,554350,590624,False
YDR345C,HXT3,5.518841724,0.270761618,0,988,3,84421,inf,trans,0.270761618,988,84421,84421,False
YDR345C,HXT3,5.366073747,-0.148594355,0,7856,12,442818,inf,trans,0.148594355,7856,433534,443164,False
YDR345C,HXT3,5.182146427,-0.125587715,1,8287,12,948003,inf,trans,0.125587715,8287,930981,950296,False
YDR345C,HXT3,4.925397297,-0.122676595,1,8108,12,740250,inf,trans,0.122676595,8108,732202,754859,False
YDR345C,HXT3,4.851297024,-0.119659838,0,660,2,553949,inf,trans,0.119659838,660,552681,558703,False
YDR345C,HXT3,4.770177916,0.118538712,0,9858,14,711992,inf,trans,0.118538712,9858,707555,716298,False
YDR345C,HXT3,4.651328275,-0.117005606,0,7976,12,568225,inf,trans,0.117005606,7976,563476,576167,False
YDR345C,HXT3,4.627995342,-0.117526152,0,5615,9,142542,inf,trans,0.117526152,5615,131829,155581,False
YDR345C,HXT3,4.562058047,-0.115166423,1,6519,10,691920,inf,trans,0.115166423,6519,684759,700558,False
YDR345C,HXT3,4.402181045,0.117843464,1,8670,13,333904,inf,trans,0.117843464,8670,329611,338431,False
YDR345C,HXT3,4.395277851,0.169710303,0,2793,5,19517,inf,trans,0.169710303,2793,19504,19517,False
YDR345C,HXT3,4.358699421,0.113592522,0,7158,11,385019,inf,trans,0.113592522,7158,379841,385019,False
YDR345C,HXT3,4.324647778,-0.240282033,0,10193,15,172102,inf,trans,0.240282033,10193,165912,184082,False
YDR345C,HXT3,4.154248279,-0.367062716,0,7936,12,547680,inf,trans,0.367062716,7936,547680,547680,False
YDR345C,HXT3,3.95885321,0.106732089,0,3047,5,217319,inf,trans,0.106732089,3047,211001,225569,False
YDR345C,HXT3,3.955735875,-0.225375202,0,10197,15,180978,inf,trans,0.225375202,10197,168199,185951,False
YNL037C,IDH1,8.240169007,0.387776295,1,11167,16,64363,inf,trans,0.387776295,11167,64363,64363,False
YNL037C,IDH1,7.68839101,-0.157849134,1,9803,14,650841,91838.0,trans,0.157849134,9803,643364,651987,False
YNL037C,IDH1,7.509946762,-0.163412006,0,5260,8,390246,inf,trans,0.163412006,5260,380610,397561,False
YNL037C,IDH1,7.381908091,-0.154738635,0,10724,15,751857,inf,trans,0.154738635,10724,747552,761321,False
YNL037C,IDH1,7.218298519,0.152862733,0,8104,12,737369,inf,trans,0.152862733,8104,727931,754859,False
YNL037C,IDH1,5.990751421,0.280213004,0,1094,3,201026,inf,trans,0.280213004,1094,198615,201026,False
YNL037C,IDH1,5.676073051,0.135514357,1,4174,7,377575,inf,trans,0.135514357,4174,372094,379511,False
YNL037C,IDH1,5.376047537,0.129532247,0,4969,8,119122,inf,trans,0.129532247,4969,96286,120385,False
YNL037C,IDH1,4.915500154,0.125049615,0,1939,4,623642,inf,trans,0.125049615,1939,613791,629973,False
YNL037C,IDH1,4.642917888,0.316279237,0,3240,5,443367,inf,trans,0.316279237,3240,443367,443378,False
YNL037C,IDH1,4.241500807,-0.120807823,0,4262,7,437973,inf,trans,0.120807823,4262,430559,438823,False
YNL037C,IDH1,4.23390991,-0.2096125,1,1255,4,16673,inf,trans,0.2096125,1255,16673,16673,False
YNL037C,IDH1,4.198897909,0.119597058,1,67,1,84701,inf,trans,0.119597058,67,83284,89616,False
YNL037C,IDH1,4.086687757,0.22702263,0,4,1,1470,inf,trans,0.22702263,4,1470,1470,False
YNL037C,IDH1,4.032199818,0.110703313,1,2434,4,1172914,inf,trans,0.110703313,2434,1171385,1198548,False
YOR136W,IDH2,10.16688637,-0.646364793,0,10260,15,237009,343242.0,trans,0.646364793,10260,237009,237009,False
YOR136W,IDH2,9.204130309,-0.189188849,1,9803,14,650841,inf,trans,0.189188849,9803,643364,651987,False
YOR136W,IDH2,7.417826034,0.190299077,0,10194,15,173340,406911.0,trans,0.190299077,10194,165912,184082,False
YOR136W,IDH2,6.752229238,0.186445675,1,11516,16,347675,inf,trans,0.186445675,11516,340393,354554,False
YOR136W,IDH2,6.029631524,-0.152751092,0,7379,11,628031,inf,trans,0.152751092,7379,618029,632234,False
YOR136W,IDH2,5.551532642,-0.140673101,0,8804,13,500701,inf,trans,0.140673101,8804,492500,509524,False
YOR136W,IDH2,5.444444913,0.139396781,0,1940,4,624555,inf,trans,0.139396781,1940,613791,629973,False
YOR136W,IDH2,4.574130634,0.124149854,0,9389,14,187156,inf,trans,0.124149854,9389,175164,196310,False
YOR136W,IDH2,4.420154343,-0.146226865,0,10758,15,768281,186921.0,trans,0.146226865,10758,763531,768292,False
YDL066W,IDP1,10.65847419,-0.224158161,1,10198,15,181071,inf,trans,0.224158161,10198,168199,185951,False
YDL066W,IDP1,10.54011216,-0.293550769,1,4198,7,408316,inf,trans,0.293550769,4198,397324,418899,False
YDL066W,IDP1,9.058771384,-0.179314228,0,5938,9,404274,inf,trans,0.179314228,5938,400574,412923,False
YDL066W,IDP1,6.361338668,0.176780034,0,8487,13,77330,inf,trans,0.176780034,8487,69500,84172,False
YDL066W,IDP1,6.008102207,-0.163927659,0,700,2,599004,inf,trans,0.163927659,700,591631,619593,False
YDL066W,IDP1,5.812872932,-0.148897493,0,11356,16,210433,inf,trans,0.148897493,11356,199543,213411,False
YDL066W,IDP1,5.307514739,-0.136128995,0,8311,12,974822,inf,trans,0.136128995,8311,968660,987293,False
YDL066W,IDP1,4.806611602,0.126490181,0,10493,15,498195,inf,trans,0.126490181,10493,491077,520780,False
YDL066W,IDP1,4.790071111,0.127220555,0,88,1,113135,inf,trans,0.127220555,88,112549,114628,False
YDL066W,IDP1,4.602741853,-0.255745709,0,3,1,1074,inf,trans,0.255745709,3,1074,1074,False
YDL066W,IDP1,4.436302467,-0.121149924,0,11553,16,404629,inf,trans,0.121149924,11553,382997,423193,False
YDL066W,IDP1,4.284879314,-0.125864748,0,11445,16,278068,inf,trans,0.125864748,11445,262948,288425,False
YDL066W,IDP1,4.204450197,0.117166226,0,11771,16,656502,inf,trans,0.117166226,11771,652919,664738,False
YPL117C,IDI1; BOT2,13.08534782,0.222136397,0,7848,12,441152,inf,trans,0.222136397,7848,425418,443164,False
YPL117C,IDI1; BOT2,6.157286785,0.400627898,0,4207,7,412630,inf,trans,0.400627898,4207,412630,412630,False
YPL117C,IDI1; BOT2,6.151536999,-0.391606067,0,4825,7,1048545,inf,trans,0.391606067,4825,1048545,1048545,False
YPL117C,IDI1; BOT2,5.245394449,-0.538601262,0,10262,15,238354,inf,trans,0.538601262,10262,238354,238354,False
YPL117C,IDI1; BOT2,4.837230774,-0.230920283,0,1002,3,92556,inf,trans,0.230920283,1002,79867,96560,False
YPL117C,IDI1; BOT2,4.757707599,0.723251102,0,7686,12,265316,inf,trans,0.723251102,7686,265316,265316,False
YPL117C,IDI1; BOT2,4.520393117,0.319488448,0,3856,6,270132,inf,trans,0.319488448,3856,270132,270132,False
YPL117C,IDI1; BOT2,4.490895125,0.121395843,0,5621,9,150327,inf,trans,0.121395843,5621,142542,158904,False
YMR260C,TIF11,6.768472026,0.35314653,0,896,3,757,inf,trans,0.35314653,896,757,757,False
YMR260C,TIF11,5.223998673,-0.42145204,0,2351,4,1057929,inf,trans,0.42145204,2351,1057929,1057929,False
YJR007W,SUI2; TIF211,9.223174524,-0.39405347,0,1784,4,520430,inf,trans,0.39405347,1784,520430,520430,False
YJR007W,SUI2; TIF211,7.27390307,-0.507535647,0,12041,17,48192,inf,trans,0.507535647,12041,48192,48192,False
YPL237W,SUI3; TIF212,5.798343368,0.140632892,1,9800,14,646585,inf,trans,0.140632892,9800,629832,650841,False
YPL237W,SUI3; TIF212,5.591859113,0.775205355,0,7686,12,265316,inf,trans,0.775205355,7686,265316,265316,False
YER025W,GCD11; TIF213,7.716896437,-0.195801138,1,10194,15,173340,inf,trans,0.195801138,10194,165912,184082,False
YER025W,GCD11; TIF213,6.659897333,0.834326355,0,3121,5,266246,59413.0,trans,0.834326355,3121,266246,266246,False
YER025W,GCD11; TIF213,5.120765883,-0.135231923,0,2478,4,1246177,inf,trans,0.135231923,2478,1242195,1256208,False
YAL035W,FUN12,7.543889704,0.556158673,1,6655,11,8390,inf,trans,0.556158673,6655,2737,14510,False
YAL035W,FUN12,7.206371848,-0.182909736,0,10200,15,183037,inf,trans,0.182909736,10200,170347,185951,False
YAL035W,FUN12,6.708292475,0.209927288,0,8470,13,68113,inf,trans,0.209927288,8470,56990,75198,False
YAL035W,FUN12,6.32541617,-0.508058004,0,11635,16,522075,inf,trans,0.508058004,11635,522075,522075,False
YAL035W,FUN12,4.839743975,0.135742778,1,11347,16,198072,inf,trans,0.135742778,11347,187861,210158,False
YAL035W,FUN12,4.802382618,-0.13600697,0,9375,14,176702,inf,trans,0.13600697,9375,163967,187156,False
YKR059W; YJL138C,,8.274959377,-0.208500782,0,10183,15,168592,inf,trans,0.208500782,10183,165912,181071,False
YKR059W; YJL138C,,5.986662307,0.188886517,0,1482,4,212428,inf,trans,0.188886517,1482,204037,213950,False
YKR059W; YJL138C,,5.491827596,-0.149226597,0,5802,9,280878,inf,trans,0.149226597,5802,276483,289513,False
YKR059W; YJL138C,,4.716409679,-0.256748116,0,7964,12,559220,inf,trans,0.256748116,7964,555317,560481,False
YPR163C,TIF3,8.886784177,-0.706443367,0,7873,12,460678,inf,trans,0.706443367,7873,460678,460678,False
YPR163C,TIF3,7.330873232,-0.361620717,0,3484,5,564355,inf,trans,0.361620717,3484,563347,565122,False
YPR163C,TIF3,6.474931371,-0.323805188,1,10762,15,774673,inf,trans,0.323805188,10762,774372,785674,False
YPR163C,TIF3,5.357067165,-0.717678533,0,7686,12,265316,inf,trans,0.717678533,7686,265316,265316,False
YPR163C,TIF3,4.90046812,0.119817634,0,6006,10,61545,inf,trans,0.119817634,6006,61391,68934,False
YPR163C,TIF3,4.753583753,0.12757611,0,2440,4,1176138,inf,trans,0.12757611,2440,1171385,1191935,False
YPR163C,TIF3,4.479040773,0.11584982,0,1940,4,624555,inf,trans,0.11584982,1940,613791,629973,False
YPR163C,TIF3,4.331656315,0.370184165,0,8370,12,1019140,inf,trans,0.370184165,8370,1019140,1019140,False
YPR163C,TIF3,4.312282365,0.193383347,1,4984,8,133120,inf,trans,0.193383347,4984,133120,133120,False
YPR163C,TIF3,4.251469805,0.132742592,1,11516,16,347675,520966.0,trans,0.132742592,11516,340393,354554,False
YGR162W,TIF4631,9.86506497,-0.225294484,0,10198,15,181071,inf,trans,0.225294484,10198,168199,185951,False
YGR162W,TIF4631,6.705341265,0.227280476,0,9155,13,833534,inf,trans,0.227280476,9155,828799,840462,False
YJR016C,ILV3,28.23484323,0.30507544,1,6323,10,466331,130.0,cis,0.30507544,6323,466331,466331,True
YJR016C,ILV3,21.43651559,-0.247900767,1,11677,16,571530,inf,trans,0.247900767,11677,544393,587778,False
YJR016C,ILV3,6.567339422,0.260265238,0,5762,9,257464,inf,trans,0.260265238,5762,254091,265537,False
YJR016C,ILV3,5.945221606,-0.227381026,1,5040,8,173184,inf,trans,0.227381026,5040,173184,173184,False
YJR016C,ILV3,5.809698597,0.294930592,0,844,2,780425,inf,trans,0.294930592,844,780425,780425,False
YJR016C,ILV3,5.614528055,0.384978131,0,10391,15,385655,inf,trans,0.384978131,10391,385655,385655,False
YJR016C,ILV3,5.163794202,0.138567796,0,8218,12,873682,inf,trans,0.138567796,8218,872449,874900,False
YJR016C,ILV3,4.387552863,-0.102087548,1,2320,4,1006085,inf,trans,0.102087548,2320,997624,1018597,False
YJR016C,ILV3,4.280547321,-0.102594988,0,9454,14,275245,inf,trans,0.102594988,9454,267696,288822,False
YLR355C,ILV5,7.20301161,-0.695804147,0,7873,12,460678,377387.0,trans,0.695804147,7873,460678,460678,False
YLR355C,ILV5,5.500629656,0.155136436,0,2440,4,1176138,inf,trans,0.155136436,2440,1171385,1191935,False
YCL009C,ILV6,6.354952778,0.984819433,0,10777,15,785154,inf,trans,0.984819433,10777,785154,785154,False
YCL009C,ILV6,5.463239841,0.758247702,0,3121,5,266246,inf,trans,0.758247702,3121,266246,266246,False
YCL009C,ILV6,4.970727906,-0.289433406,0,10891,15,911748,inf,trans,0.289433406,10891,911748,911748,False
YCL009C,ILV6,4.894328241,-0.391980022,0,995,3,84803,19816.0,trans,0.391980022,995,84802,84803,False
YCL009C,ILV6,4.783344778,-0.132384039,0,6953,11,169186,inf,trans,0.132384039,6953,152009,174007,False
YCL009C,ILV6,4.508857272,-0.143724514,0,10181,15,168199,inf,trans,0.143724514,10181,165912,181071,False
YCL009C,ILV6,4.505527465,0.129147601,0,10886,15,907245,inf,trans,0.129147601,10886,888108,912729,False
YMR108W,ILV2; SMR1,20.07393031,-0.334856269,1,10194,15,173340,inf,trans,0.334856269,10194,165912,184082,False
YMR108W,ILV2; SMR1,7.050769511,-0.164195976,0,11686,16,576969,inf,trans,0.164195976,11686,571530,591786,False
YMR108W,ILV2; SMR1,6.029004649,0.312291238,1,5401,8,525401,inf,trans,0.312291238,5401,517167,556515,False
YBR017C,KAP104,9.555730041,-0.232548535,0,10198,15,181071,inf,trans,0.232548535,10198,168199,185951,False
YMR308C,PSE1; KAP121,6.329101061,-0.165470749,1,10845,15,860902,inf,trans,0.165470749,10845,859618,864445,False
YER110C,KAP123; YRB4,8.595134617,-0.202926447,0,10198,15,181071,inf,trans,0.202926447,10198,168199,185951,False
YER110C,KAP123; YRB4,8.25583481,-0.215292412,0,10992,15,1014707,inf,trans,0.215292412,10992,1010191,1018776,False
YER110C,KAP123; YRB4,6.398832964,-0.33333831,1,3874,7,17843,inf,trans,0.33333831,3874,17838,17843,False
YER110C,KAP123; YRB4,5.550653469,0.180155756,0,8457,13,55098,inf,trans,0.180155756,8457,55098,65881,False
YER110C,KAP123; YRB4,5.143747382,0.133944243,0,1284,4,52141,inf,trans,0.133944243,1284,43687,60460,False
YER110C,KAP123; YRB4,4.869373613,-0.129921112,0,3169,5,335771,42987.0,trans,0.129921112,3169,335406,336687,False
YLR432W,IMD3,14.57335211,0.313749398,0,8462,13,60048,inf,trans,0.313749398,8462,55098,75198,False
YLR432W,IMD3,13.65373005,-0.228957802,0,8820,13,511585,inf,trans,0.228957802,8820,506148,514849,False
YLR432W,IMD3,5.438003131,0.250304795,1,2835,5,25397,inf,trans,0.250304795,2835,25397,25397,False
YML056C,IMD4,15.01447945,-0.272858324,1,10194,15,173340,inf,trans,0.272858324,10194,165912,184082,False
YML056C,IMD4,5.483839496,-0.137528351,1,8575,13,163509,0.0,cis,0.137528351,8575,151409,164705,True
YML056C,IMD4,4.921900362,-0.156012012,1,11245,16,132456,inf,trans,0.156012012,11245,132456,132456,False
YML056C,IMD4,4.760410389,-0.391010633,1,7031,11,231612,inf,trans,0.391010633,7031,231612,231612,False
YML056C,IMD4,4.709784535,-0.261574595,0,4647,7,876941,inf,trans,0.261574595,4647,876941,876941,False
YHR046C,INM1; IMP1,20.58618198,0.303372399,1,5080,8,203274,4996.0,trans,0.303372399,5080,193408,206590,False
YHR046C,INM1; IMP1,6.053680755,0.969965864,1,3707,6,98707,inf,trans,0.969965864,3707,98707,98707,False
YHR046C,INM1; IMP1,5.6153878,0.152756497,0,4199,7,408928,inf,trans,0.152756497,4199,397324,418899,False
YJL153C,INO1,7.880708421,0.133157733,1,4564,7,793891,inf,trans,0.133157733,4564,793891,793891,False
YJL153C,INO1,6.831140741,-0.179774696,1,7184,11,417049,inf,trans,0.179774696,7184,404841,428422,False
YJL153C,INO1,6.82742648,0.124817554,0,1902,4,591983,inf,trans,0.124817554,1902,576758,597710,False
YJL153C,INO1,5.994965313,0.189444273,1,7192,11,430725,inf,trans,0.189444273,7192,421231,456846,False
YJL153C,INO1,5.659780652,-0.237361856,0,4784,7,1011080,inf,trans,0.237361856,4784,1011080,1011080,False
YJL153C,INO1,5.201793715,0.202457415,1,5040,8,173184,inf,trans,0.202457415,5040,173184,173184,False
YJL153C,INO1,5.091760633,0.225477349,0,4647,7,876941,inf,trans,0.225477349,4647,876941,876941,False
YJL153C,INO1,5.039376091,-0.104353018,0,1087,3,196733,inf,trans,0.104353018,1087,186935,204903,False
YJL153C,INO1,4.875727109,0.35864767,0,2065,4,757961,inf,trans,0.35864767,2065,757961,757961,False
YJL153C,INO1,4.713823088,0.114195012,0,10191,15,171671,inf,trans,0.114195012,10191,165912,184082,False
YJL153C,INO1,4.683667262,-0.346179906,1,10840,15,852168,inf,trans,0.346179906,10840,841052,876222,False
YJL153C,INO1,4.279950489,0.137819925,0,5905,9,385640,inf,trans,0.137819925,5905,385640,385640,False
YJL153C,INO1,4.162689835,-0.112168705,0,906,3,2644,inf,trans,0.112168705,906,1349,5784,False
YJL153C,INO1,4.061783974,0.103493,0,980,3,76147,inf,trans,0.103493,980,72402,76147,False
YMR174C,PAI3,11.27413947,0.252136814,0,10188,15,170682,inf,trans,0.252136814,10188,165912,184082,False
YNL015W,PBI2,10.64065876,0.232645026,0,10198,15,181071,inf,trans,0.232645026,10198,168199,185951,False
YNL015W,PBI2,7.72121798,-1.069603114,0,10777,15,785154,inf,trans,1.069603114,10777,785154,785154,False
YNL015W,PBI2,5.35787531,0.141736185,0,2480,4,1248695,inf,trans,0.141736185,2480,1242195,1256509,False
YBR011C,IPP1,7.319862545,-0.452619123,0,4207,7,412630,inf,trans,0.452619123,4207,412630,412630,False
YBR011C,IPP1,5.709195636,0.421729826,0,7031,11,231612,inf,trans,0.421729826,7031,231612,231612,False
YBR011C,IPP1,5.203018529,0.15758944,0,10194,15,173340,inf,trans,0.15758944,10194,165912,184082,False
YBR011C,IPP1,5.128235836,-0.78577326,0,7686,12,265316,inf,trans,0.78577326,7686,265316,265316,False
YBR011C,IPP1,4.88867649,-0.132071952,1,5805,9,283213,inf,trans,0.132071952,5805,276483,289513,False
YBR011C,IPP1,4.805975083,0.171392396,0,2978,5,125474,inf,trans,0.171392396,2978,124644,134626,False
YBR011C,IPP1,4.712148007,-0.135876761,0,8670,13,333904,inf,trans,0.135876761,8670,329611,338431,False
YER048W-A,ISD11,8.319856139,-0.555166595,1,7033,11,234262,inf,trans,0.555166595,7033,234262,234262,False
YDR497C,ITR1,6.219364259,0.147463093,0,1901,4,591697,852008.0,trans,0.147463093,1901,588662,592839,False
YDR226W,ADK1,6.371876684,-0.193220509,1,8829,13,522023,inf,trans,0.193220509,8829,513217,538521,False
YDR226W,ADK1,6.133123896,-0.298486545,0,1784,4,520430,396052.0,trans,0.298486545,1784,520430,520430,False
YDR226W,ADK1,5.973886514,0.440542294,0,7031,11,231612,inf,trans,0.440542294,7031,231612,231612,False
YDR226W,ADK1,5.565427801,-0.145471306,0,7150,11,381673,inf,trans,0.145471306,7150,372538,385019,False
YDR226W,ADK1,5.080680058,0.295050199,0,896,3,757,inf,trans,0.295050199,896,757,757,False
YIL033C,BCY1,42.05710157,0.407845453,1,5812,9,292353,685.0,cis,0.407845453,5812,286125,300482,True
YIL033C,BCY1,23.77332333,0.337195277,1,10190,15,171150,inf,trans,0.337195277,10190,165912,184082,False
YIL033C,BCY1,7.3502814,-0.207698554,0,8461,13,60008,inf,trans,0.207698554,8461,55098,73814,False
YKL001C,MET14,6.493278753,-0.155815111,0,10191,15,171671,inf,trans,0.155815111,10191,165912,184082,False
YKL001C,MET14,6.403978384,0.176577303,0,8470,13,68113,inf,trans,0.176577303,8470,56990,75198,False
YKL001C,MET14,5.21970041,0.249108086,0,5420,8,554022,inf,trans,0.249108086,5420,554022,554022,False
YKL001C,MET14,5.151465391,-0.120679042,0,398,2,218876,inf,trans,0.120679042,398,215016,252305,False
YKL001C,MET14,5.109722283,-0.120048493,0,4085,7,275338,inf,trans,0.120048493,4085,274400,284441,False
YKL001C,MET14,4.941811747,-0.117956603,0,2478,4,1246177,inf,trans,0.117956603,2478,1242195,1256208,False
YDL124W,YDL124W; D2240,14.83535183,0.263731612,0,10188,15,170682,inf,trans,0.263731612,10188,165912,184082,False
YDL124W,YDL124W; D2240,11.82247287,0.210526127,1,11685,16,576347,inf,trans,0.210526127,11685,564355,591786,False
YDL124W,YDL124W; D2240,7.128476748,-0.824597039,0,3121,5,266246,inf,trans,0.824597039,3121,266246,266246,False
YDL124W,YDL124W; D2240,5.687482601,-0.196834333,1,1907,4,592981,351784.0,trans,0.196834333,1907,592981,592981,False
YDL124W,YDL124W; D2240,5.45564793,0.137638449,0,1895,4,590025,348828.0,trans,0.137638449,1895,574801,594369,False
YDL124W,YDL124W; D2240,5.42864394,0.135412473,1,1507,4,234536,5723.0,trans,0.135412473,1507,217566,243657,False
YNL154C,YCK2; CKI1,6.88149947,-0.238090412,1,4412,7,629962,inf,trans,0.238090412,4412,624442,640575,False
YNL154C,YCK2; CKI1,6.630784775,0.394660591,0,8986,13,667202,inf,trans,0.394660591,8986,667202,667202,False
YKL024C,URA6; SOC8,11.613188,0.260961431,1,7872,12,460676,inf,trans,0.260961431,7872,460676,460676,False
YKL024C,URA6; SOC8,7.153548372,-0.181440614,1,10157,15,144887,inf,trans,0.181440614,10157,143047,151907,False
YKL024C,URA6; SOC8,5.28606016,0.139080209,1,6160,10,287737,inf,trans,0.139080209,6160,285600,293222,False
YKL024C,URA6; SOC8,5.114418382,0.1365246,1,2037,4,721638,inf,trans,0.1365246,2037,719215,741737,False
YKL024C,URA6; SOC8,4.884826892,0.157410589,0,8510,13,89247,inf,trans,0.157410589,8510,82403,94497,False
YKL024C,URA6; SOC8,4.520108106,0.288963595,0,10119,15,113956,inf,trans,0.288963595,10119,113956,116621,False
YKL024C,URA6; SOC8,4.499213048,-0.150355304,0,7860,12,443164,inf,trans,0.150355304,7860,425418,443164,False
YPL145C,KES1; OSH4,16.28447684,-0.539608188,0,1784,4,520430,inf,trans,0.539608188,1784,520430,520430,False
YPL145C,KES1; OSH4,9.791026045,-0.207132582,0,11437,16,277230,1164.0,trans,0.207132582,11437,261161,293786,False
YPL145C,KES1; OSH4,5.799804392,0.476004766,0,5430,8,556173,inf,trans,0.476004766,5430,556173,556173,False
YPL145C,KES1; OSH4,5.416864968,0.148934505,1,11745,16,623271,343573.0,trans,0.148934505,11745,614208,638064,False
YDR454C,GUK1,6.449958586,-0.301752356,0,10870,15,888854,inf,trans,0.301752356,10870,888854,888854,False
YDR454C,GUK1,5.730464233,-0.364032321,1,5805,9,283213,inf,trans,0.364032321,5805,276483,289513,False
YDR454C,GUK1,5.397483225,0.333852459,1,7871,12,460676,inf,trans,0.333852459,7871,460676,460676,False
YDR454C,GUK1,4.937512568,-0.134077859,0,11828,16,726636,inf,trans,0.134077859,11828,714288,739602,False
YDR454C,GUK1,4.643226899,-0.126320397,0,8757,13,433701,inf,trans,0.126320397,8757,426996,444319,False
YHR025W,THR1,16.27560882,-0.293511135,0,10191,15,171671,inf,trans,0.293511135,10191,165912,184082,False
YHR025W,THR1,12.4010176,0.288912185,0,8465,13,65230,inf,trans,0.288912185,8465,55098,74713,False
YHR025W,THR1,6.591131173,-0.276195166,1,11743,16,620255,inf,trans,0.276195166,11743,620255,620255,False
YHR025W,THR1,5.882382107,-0.14889372,0,5607,9,136619,inf,trans,0.14889372,5607,114834,144955,False
YHR025W,THR1,4.892122785,0.151861803,0,3906,7,43266,inf,trans,0.151861803,3906,41301,47250,False
YHR025W,THR1,4.371713771,-0.123876698,0,8305,12,963579,inf,trans,0.123876698,8305,956127,976001,False
YLR133W,CKI1; CKI,5.542603117,-0.146467368,0,10408,15,412551,inf,trans,0.146467368,10408,408490,425338,False
YLR133W,CKI1; CKI,5.35911854,0.157495818,0,2210,4,911454,inf,trans,0.157495818,2210,903873,924619,False
YHL011C,PRS3; PRPS3,6.673851127,-0.18580998,1,10203,15,185252,inf,trans,0.18580998,10203,179652,185951,False
YAL038W,CDC19; PYK1,10.10600195,-0.511422805,0,4207,7,412630,inf,trans,0.511422805,4207,412630,412630,False
YAL038W,CDC19; PYK1,9.186736948,-1.144947725,0,10777,15,785154,inf,trans,1.144947725,10777,785154,785154,False
YAL038W,CDC19; PYK1,9.02567745,-0.203752142,0,10191,15,171671,inf,trans,0.203752142,10191,165912,184082,False
YAL038W,CDC19; PYK1,8.417976737,-0.171442007,1,7834,12,423791,inf,trans,0.171442007,7834,417956,433534,False
YAL038W,CDC19; PYK1,6.794338221,-0.878803792,0,7686,12,265316,inf,trans,0.878803792,7686,265316,265316,False
YAL038W,CDC19; PYK1,5.682934401,-0.138320017,0,7979,12,570032,inf,trans,0.138320017,7979,563476,576167,False
YAL038W,CDC19; PYK1,4.935239679,-0.127521842,0,5611,9,138792,inf,trans,0.127521842,5611,122617,144955,False
YAL038W,CDC19; PYK1,4.890034445,-0.129607505,0,8264,12,911265,inf,trans,0.129607505,8264,894613,933520,False
YAL038W,CDC19; PYK1,4.802976142,-0.133820229,0,643,2,524731,inf,trans,0.133820229,643,507274,530047,False
YAL038W,CDC19; PYK1,4.409616323,0.118949337,1,87,1,113050,39761.0,trans,0.118949337,87,112549,114628,False
YAL038W,CDC19; PYK1,4.319328651,0.117976314,1,5475,9,57578,inf,trans,0.117976314,5475,57000,72621,False
YDR483W,KRE2; MNT1,6.972464178,-0.173562518,0,9798,14,644949,inf,trans,0.173562518,9798,620369,650841,False
YPR159W,KRE6; CWH48,6.333352251,0.264945034,1,10960,15,981687,inf,trans,0.264945034,10960,970097,986923,False
YKL110C,KTI12,8.021654935,-0.219519772,0,10194,15,173340,inf,trans,0.219519772,10194,165912,184082,False
YKL110C,KTI12,6.022119554,0.160836671,0,9642,14,543122,inf,trans,0.160836671,9642,543122,551869,False
YOR099W,KTR1,6.369953874,0.261358817,1,7154,11,382202,inf,trans,0.261358817,7154,373968,384150,False
YMR296C,LCB1,8.397286357,0.802001955,0,7873,12,460678,inf,trans,0.802001955,7873,460678,460678,False
YMR296C,LCB1,6.837233829,0.185474358,1,2559,4,1345654,inf,trans,0.185474358,2559,1337514,1367398,False
YMR296C,LCB1,5.519369732,-0.146586849,0,273,2,93952,inf,trans,0.146586849,273,80873,103188,False
YMR296C,LCB1,5.289142457,-0.37019479,0,7558,12,132253,inf,trans,0.37019479,7558,132253,132253,False
YOR317W,FAA1,14.48550784,0.199498157,1,11677,16,571530,inf,trans,0.199498157,11677,544393,587778,False
YOR317W,FAA1,12.27402672,-0.242074108,1,8457,13,55098,inf,trans,0.242074108,8457,55098,65881,False
YOR317W,FAA1,9.76726134,0.158414768,0,5610,9,138636,inf,trans,0.158414768,5610,125289,144955,False
YOR317W,FAA1,7.343929632,0.13535689,0,6482,10,662679,inf,trans,0.13535689,6482,653026,667117,False
YOR317W,FAA1,6.665225398,0.127172666,1,6877,11,104549,inf,trans,0.127172666,6877,96863,124784,False
YOR317W,FAA1,6.36270507,0.245821752,0,9117,13,774724,inf,trans,0.245821752,9117,774724,774724,False
YOR317W,FAA1,6.294590558,0.123529027,0,7860,12,443164,inf,trans,0.123529027,7860,425418,443164,False
YOR317W,FAA1,6.077407347,0.129313699,0,636,2,517548,inf,trans,0.129313699,636,505207,530047,False
YOR317W,FAA1,5.924510763,-0.13477239,0,10892,15,911795,353.0,cis,0.13477239,10892,892522,923218,True
YOR317W,FAA1,5.359106597,0.112826044,1,7985,12,574586,inf,trans,0.112826044,7985,567889,586321,False
YOR317W,FAA1,5.200457639,0.117146213,1,3681,6,76526,inf,trans,0.117146213,3681,76427,76526,False
YOR317W,FAA1,5.163273798,-0.137494426,0,8218,12,873682,inf,trans,0.137494426,8218,872449,874900,False
YOR317W,FAA1,4.861331727,-0.127549237,0,10860,15,876366,32974.0,trans,0.127549237,10860,859618,880507,False
YOR317W,FAA1,4.636307118,0.185045145,1,10191,15,171671,737669.0,trans,0.185045145,10191,165912,184082,False
YOR317W,FAA1,4.521834654,-0.85564961,0,10554,15,594822,314518.0,trans,0.85564961,10554,594819,594822,False
YOR317W,FAA1,4.33896042,-0.100730188,0,3905,7,42627,inf,trans,0.100730188,3905,37288,48435,False
YOR317W,FAA1,4.272459524,0.104952725,1,4267,7,442196,inf,trans,0.104952725,4267,442196,442196,False
YOR317W,FAA1,4.141933297,-0.116336291,1,906,3,2644,inf,trans,0.116336291,906,1349,5784,False
YOR317W,FAA1,4.029204818,-0.096676909,1,4914,8,74739,inf,trans,0.096676909,4914,74739,80030,False
YOR317W,FAA1,4.001949743,0.168987642,1,10180,15,166369,742971.0,trans,0.168987642,10180,165912,179652,False
YOR317W,FAA1,3.898525371,-0.129084965,0,6643,11,7664,inf,trans,0.129084965,6643,2740,14046,False
YOR317W,FAA1,3.857802973,0.100476108,0,8088,12,719563,inf,trans,0.100476108,8088,712324,725191,False
YOR317W,FAA1,3.796608236,-0.148049883,0,10438,15,448815,460525.0,trans,0.148049883,10438,448815,448820,False
YOR317W,FAA1,3.773832654,0.091901296,1,11257,16,147108,inf,trans,0.091901296,11257,136628,156560,False
YOR317W,FAA1,3.683391853,0.103423009,0,8288,12,950296,inf,trans,0.103423009,8288,933520,950296,False
YMR246W,FAA4,13.14590648,-0.200997486,0,5607,9,136619,inf,trans,0.200997486,5607,114834,144955,False
YMR246W,FAA4,10.99867817,0.228320117,1,8457,13,55098,704708.0,trans,0.228320117,8457,55098,65881,False
YMR246W,FAA4,7.541744092,-0.161646811,1,10198,15,181071,inf,trans,0.161646811,10198,168199,185951,False
YMR246W,FAA4,7.13369412,-0.136452825,0,9109,13,762630,740.0,cis,0.136452825,9109,753081,770563,True
YMR246W,FAA4,6.955269493,-0.136726089,0,11532,16,374664,inf,trans,0.136726089,11532,370944,382997,False
YMR246W,FAA4,6.852500993,0.142716656,0,8666,13,331270,428536.0,trans,0.142716656,8666,329611,333904,False
YMR246W,FAA4,6.841073663,-0.135958674,0,7974,12,567889,inf,trans,0.135958674,7974,563476,576167,False
YMR246W,FAA4,6.51602661,0.134170897,0,3667,6,66460,inf,trans,0.134170897,3667,62743,74406,False
YMR246W,FAA4,6.230313431,0.130168365,0,7647,12,235026,inf,trans,0.130168365,7647,230601,243991,False
YMR246W,FAA4,5.318407867,0.136170746,0,9259,14,6912,inf,trans,0.136170746,9259,6906,6914,False
YMR246W,FAA4,5.192718393,-0.115332633,0,6078,10,175030,inf,trans,0.115332633,6078,163124,189445,False
YMR246W,FAA4,5.069975695,-0.114531646,0,11683,16,575622,inf,trans,0.114531646,11683,554350,590624,False
YMR246W,FAA4,4.830274094,0.135320739,1,5798,9,273993,inf,trans,0.135320739,5798,270121,276759,False
YMR246W,FAA4,4.320544491,0.109306887,0,1769,4,487957,inf,trans,0.109306887,1769,472918,504419,False
YMR246W,FAA4,4.101975625,0.141547872,0,5251,8,389013,inf,trans,0.141547872,5251,389013,389018,False
YNL323W,LEM3,6.462158226,0.466252748,0,4207,7,412630,inf,trans,0.466252748,4207,412630,412630,False
YOR123C,LEO1,6.690365173,-0.341162093,0,1784,4,520430,inf,trans,0.341162093,1784,520430,520430,False
YOR123C,LEO1,6.171118082,-0.158839327,0,5483,9,68615,inf,trans,0.158839327,5483,57000,73076,False
YOR123C,LEO1,5.674302338,0.838876844,0,4215,7,414263,inf,trans,0.838876844,4215,414263,414263,False
YNL104C,LEU4,9.088524955,0.213696174,0,10191,15,171671,inf,trans,0.213696174,10191,165912,184082,False
YNL104C,LEU4,8.551646832,-0.221506097,1,5373,8,507195,inf,trans,0.221506097,5373,500907,509537,False
YNL104C,LEU4,8.369392458,-0.382067015,0,835,2,773703,inf,trans,0.382067015,835,773703,773703,False
YNL104C,LEU4,6.853461541,-0.159587539,0,9218,13,877043,inf,trans,0.159587539,9218,869923,896327,False
YNL104C,LEU4,6.230291597,0.157472457,1,1939,4,623642,inf,trans,0.157472457,1939,613791,629973,False
YNL104C,LEU4,6.135362076,0.151381304,1,5595,9,136044,inf,trans,0.151381304,5595,114834,144955,False
YNL104C,LEU4,5.782974308,0.145743019,0,9471,14,312060,112837.0,trans,0.145743019,9471,308851,327674,False
YNL104C,LEU4,5.644658346,-0.145653108,0,1994,4,680423,inf,trans,0.145653108,1994,671424,697690,False
YNL104C,LEU4,5.363536931,-0.139016421,0,10837,15,849407,inf,trans,0.139016421,10837,841040,870871,False
YNL104C,LEU4,4.627104689,0.162218566,0,3672,6,73357,inf,trans,0.162218566,3672,67184,73433,False
YNL104C,LEU4,4.388269824,-0.124578175,0,1187,3,285659,inf,trans,0.124578175,1187,267625,297295,False
YNL104C,LEU4,4.242950216,-0.126443176,1,4220,7,416657,inf,trans,0.126443176,4220,407454,426067,False
YCL018W,LEU2,12.4899445,-0.220279195,0,7980,12,570630,inf,trans,0.220279195,7980,563476,576167,False
YCL018W,LEU2,7.724644956,-0.165737257,0,5611,9,138792,inf,trans,0.165737257,5611,122617,144955,False
YCL018W,LEU2,7.553159241,0.165535517,0,4293,7,472246,inf,trans,0.165535517,4293,460296,479063,False
YCL018W,LEU2,6.476033613,0.452466728,0,7031,11,231612,inf,trans,0.452466728,7031,231612,231612,False
YCL018W,LEU2,6.440228184,-0.405446332,0,4207,7,412630,inf,trans,0.405446332,4207,412630,412630,False
YCL018W,LEU2,5.818897476,0.149778296,1,4543,7,769305,inf,trans,0.149778296,4543,751217,779852,False
YCL018W,LEU2,5.559419475,-0.326179487,0,996,3,84937,6387.0,trans,0.326179487,996,84937,84937,False
YCL018W,LEU2,5.519638118,0.273438955,1,1663,4,383443,inf,trans,0.273438955,1663,376511,390909,False
YCL018W,LEU2,4.839329115,-0.12933281,0,7854,12,442615,inf,trans,0.12933281,7854,425418,443164,False
YCL018W,LEU2,4.692577472,0.127884742,0,1306,4,72324,inf,trans,0.127884742,1306,65329,85322,False
YCL018W,LEU2,4.232209639,0.208143879,1,659,2,553512,inf,trans,0.208143879,659,553512,553512,False
YGL009C,LEU1,11.51145477,0.18884372,0,4296,7,477857,0.0,cis,0.18884372,4296,469647,492815,True
YGL009C,LEU1,8.06090024,-0.324125147,0,4647,7,876941,398284.0,trans,0.324125147,4647,876941,876941,False
YGL009C,LEU1,5.892285204,-0.157569697,1,11245,16,132456,inf,trans,0.157569697,11245,132456,132456,False
YML004C,GLO1,17.89554302,0.279561145,0,11677,16,571530,inf,trans,0.279561145,11677,544393,587778,False
YML004C,GLO1,13.40715672,0.235507312,0,8625,13,262788,103.0,cis,0.235507312,8625,247407,283371,True
YML004C,GLO1,8.48253685,0.210045502,1,10191,15,171671,inf,trans,0.210045502,10191,165912,184082,False
YML004C,GLO1,5.128834925,-0.141228446,0,5329,8,465075,inf,trans,0.141228446,5329,463767,481335,False
YDL051W,LHP1,8.4560824,-0.204425805,0,10191,15,171671,inf,trans,0.204425805,10191,165912,184082,False
YDL051W,LHP1,6.159704722,-0.151488471,0,11708,16,591536,inf,trans,0.151488471,11708,576040,593213,False
YDL051W,LHP1,5.055391649,-0.267780264,0,11041,15,1074302,inf,trans,0.267780264,11041,1074302,1074302,False
YNL045W,LAP2,7.647585325,0.186882865,1,9642,14,543122,0.0,cis,0.186882865,9642,543122,551869,True
YCL034W,LSB5,7.746854187,-0.350246424,0,1784,4,520430,inf,trans,0.350246424,1784,520430,520430,False
YCL034W,LSB5,7.227715018,0.199484794,0,10192,15,172074,inf,trans,0.199484794,10192,165912,184082,False
YCL034W,LSB5,6.404979129,0.159869527,1,11680,16,572345,inf,trans,0.159869527,11680,572345,572345,False
YCL034W,LSB5,5.948785628,0.164398855,0,7907,12,511533,inf,trans,0.164398855,7907,511533,512394,False
YCL034W,LSB5,5.82427929,-0.703189341,1,5437,9,19763,inf,trans,0.703189341,5437,19763,19763,False
YCL034W,LSB5,4.928205134,-0.14228352,0,10150,15,136895,inf,trans,0.14228352,10150,112248,143047,False
YER112W,LSM4,7.732718709,1.086847873,0,4215,7,414263,inf,trans,1.086847873,4215,414263,414263,False
YDR378C,LSM6,10.40509389,0.223404363,0,10194,15,173340,inf,trans,0.223404363,10194,165912,184082,False
YDR378C,LSM6,7.034209611,0.157549325,0,1940,4,624555,604786.0,trans,0.157549325,1940,613791,629973,False
YDR378C,LSM6,6.11062952,0.21973866,0,2631,4,1443906,214305.0,trans,0.21973866,2631,1433591,1453498,False
YDR378C,LSM6,6.020080404,-0.149334676,1,8663,13,319136,inf,trans,0.149334676,8663,309981,319136,False
YDR378C,LSM6,5.586553787,0.282249758,1,5914,9,392697,inf,trans,0.282249758,5914,392697,392697,False
YDR378C,LSM6,5.192039363,-0.130827523,0,9802,14,648789,inf,trans,0.130827523,9802,625901,650841,False
YDR378C,LSM6,5.174838858,0.26309353,0,6228,10,388260,inf,trans,0.26309353,6228,388260,388260,False
YDR378C,LSM6,4.637924818,-0.140519105,0,7595,12,185198,inf,trans,0.140519105,7595,182813,194466,False
YDR378C,LSM6,4.409843195,0.12684415,0,6178,10,319864,inf,trans,0.12684415,6178,317643,330168,False
YDR378C,LSM6,4.283028136,-0.243485105,0,6242,10,400245,inf,trans,0.243485105,6242,400245,400245,False
YDR378C,LSM6,4.2569926,0.263301096,1,895,3,658,inf,trans,0.263301096,895,658,658,False
YDR378C,LSM6,4.188565115,0.116661915,1,2092,4,801680,427661.0,trans,0.116661915,2092,794376,802519,False
YDR378C,LSM6,4.171927852,-0.136363663,1,3577,5,566427,inf,trans,0.136363663,3577,564968,566755,False
YDR378C,LSM6,4.15694675,0.115111593,0,5159,8,312174,inf,trans,0.115111593,5159,284047,324043,False
YDR378C,LSM6,4.029662616,0.116959078,0,5613,9,139266,inf,trans,0.116959078,5613,125289,144955,False
YDR378C,LSM6,4.002315261,-0.145827695,0,8457,13,55098,inf,trans,0.145827695,8457,55098,65881,False
YDR378C,LSM6,3.835115049,0.120128213,0,3661,6,62990,inf,trans,0.120128213,3661,57460,71997,False
YGR169C-A,LSO2,10.17236747,0.232665703,1,10190,15,171150,inf,trans,0.232665703,10190,165912,184082,False
YGR169C-A,LSO2,6.973174965,-0.16781019,1,5550,9,91111,inf,trans,0.16781019,5550,84696,94251,False
YGR169C-A,LSO2,6.889232531,0.166435228,0,11677,16,571530,inf,trans,0.166435228,11677,544393,587778,False
YGR169C-A,LSO2,6.425729071,0.159912545,0,5321,8,458155,inf,trans,0.159912545,5321,448047,461438,False
YPL004C,LSP1,40.23724906,0.393149457,1,11680,16,572345,20691.0,trans,0.393149457,11680,572345,572345,False
YPL004C,LSP1,26.7661063,0.247977151,0,642,2,523217,inf,trans,0.247977151,642,505207,530047,False
YPL004C,LSP1,13.14161596,0.168253404,1,3661,6,62990,inf,trans,0.168253404,3661,57460,71997,False
YPL004C,LSP1,12.50683655,0.149613686,1,6483,10,662711,inf,trans,0.149613686,6483,649610,667117,False
YPL004C,LSP1,12.40688673,0.350816233,1,10191,15,171671,inf,trans,0.350816233,10191,165912,184082,False
YPL004C,LSP1,10.73648129,0.138997303,0,7861,12,448368,inf,trans,0.138997303,7861,448368,493255,False
YPL004C,LSP1,10.46348384,0.136621151,0,5611,9,138792,inf,trans,0.136621151,5611,122617,144955,False
YPL004C,LSP1,10.38065467,0.299401661,1,10992,15,1014707,inf,trans,0.299401661,10992,1010191,1018776,False
YPL004C,LSP1,9.341086241,-0.175694379,0,8460,13,58847,inf,trans,0.175694379,8460,55098,73225,False
YPL004C,LSP1,7.700362878,0.27341355,1,10194,15,173340,inf,trans,0.27341355,10194,165912,184082,False
YPL004C,LSP1,7.652893628,0.311522781,0,5507,9,71189,inf,trans,0.311522781,5507,57000,77957,False
YPL004C,LSP1,7.482662886,-0.113103286,0,1187,3,285659,inf,trans,0.113103286,1187,267625,297295,False
YPL004C,LSP1,7.325233284,-0.111838446,0,3902,7,36180,inf,trans,0.111838446,3902,23383,37288,False
YPL004C,LSP1,6.84264167,-0.108664585,0,2557,4,1345539,inf,trans,0.108664585,2557,1337043,1367398,False
YPL004C,LSP1,6.494572132,0.223564178,0,896,3,757,inf,trans,0.223564178,896,757,757,False
YPL004C,LSP1,6.121353112,0.112936056,0,8108,12,740250,inf,trans,0.112936056,8108,732202,754859,False
YPL004C,LSP1,5.613087431,-0.095684416,1,5080,8,203274,inf,trans,0.095684416,5080,193408,206590,False
YPL004C,LSP1,5.357904804,0.093984421,0,9228,13,892136,inf,trans,0.093984421,9228,877043,902532,False
YPL004C,LSP1,5.290033145,-0.205330168,1,10990,15,1012233,inf,trans,0.205330168,10990,1008479,1018776,False
YPL004C,LSP1,5.08475422,0.107671408,0,8126,12,767420,inf,trans,0.107671408,8126,759848,777907,False
YPL004C,LSP1,4.930302152,0.088564886,0,6198,10,347536,inf,trans,0.088564886,6198,336613,349573,False
YPL004C,LSP1,4.798010356,-0.12388123,0,11673,16,561420,9766.0,trans,0.12388123,11673,535809,574886,False
YPL004C,LSP1,4.571874725,-0.09357102,0,7565,12,136315,inf,trans,0.09357102,7565,126688,158615,False
YPL004C,LSP1,4.403703443,-0.167727169,0,1784,4,520430,inf,trans,0.167727169,1784,520430,520430,False
YPL004C,LSP1,4.266163044,-0.083221924,1,10517,15,544846,inf,trans,0.083221924,10517,535075,549314,False
YPL004C,LSP1,4.244678487,-0.083371199,0,9793,14,642445,inf,trans,0.083371199,9793,621027,647843,False
YPL004C,LSP1,3.883087619,0.077904058,0,9499,14,337016,inf,trans,0.077904058,9499,327569,350501,False
YPL004C,LSP1,3.753109765,-0.180244056,1,5478,9,62935,inf,trans,0.180244056,5478,57000,72697,False
YPL004C,LSP1,3.681570967,-0.076293319,0,3984,7,140416,inf,trans,0.076293319,3984,128719,142935,False
YPL004C,LSP1,3.666145048,0.078073639,0,1898,4,590984,inf,trans,0.078073639,1898,574801,597710,False
YPL004C,LSP1,3.653360451,-0.203438685,1,5482,9,68365,inf,trans,0.203438685,5482,57000,72998,False
YPL004C,LSP1,3.447087736,0.072441744,0,10295,15,271552,inf,trans,0.072441744,10295,267332,274603,False
YIR034C,LYS1,36.0460501,-0.395612138,1,10194,15,173340,inf,trans,0.395612138,10194,165912,184082,False
YIR034C,LYS1,34.98993348,0.351948835,1,5955,9,419470,142.0,cis,0.351948835,5955,409700,423054,True
YIR034C,LYS1,12.93259848,0.25020998,1,8462,13,60048,inf,trans,0.25020998,8462,55098,75198,False
YIR034C,LYS1,11.97344808,-0.186050119,0,11686,16,576969,inf,trans,0.186050119,11686,571530,591786,False
YIR034C,LYS1,8.035041643,0.153684407,1,8670,13,333904,inf,trans,0.153684407,8670,329611,338431,False
YIR034C,LYS1,7.780157267,-0.148857182,0,5598,9,136172,283440.0,trans,0.148857182,5598,114834,144955,False
YIR034C,LYS1,7.049168391,-0.272231609,0,9213,13,874266,inf,trans,0.272231609,9213,868856,877100,False
YIR034C,LYS1,6.704253045,-0.144270097,0,642,2,523217,inf,trans,0.144270097,642,505207,530047,False
YIR034C,LYS1,5.473912298,-0.120076207,1,7901,12,508853,inf,trans,0.120076207,7901,500001,512394,False
YIR034C,LYS1,5.18805025,-0.297529775,0,1806,4,538069,inf,trans,0.297529775,1806,538030,538069,False
YIR034C,LYS1,4.687463484,-0.108452563,0,2371,4,1095148,inf,trans,0.108452563,2371,1091087,1116044,False
YIR034C,LYS1,4.195719902,0.345137965,1,9679,14,571979,inf,trans,0.345137965,9679,571968,572015,False
YIR034C,LYS1,4.182017133,0.178819962,1,4841,7,1073937,inf,trans,0.178819962,4841,1073937,1073937,False
YIR034C,LYS1,4.133533679,-0.199907213,1,10077,15,63056,inf,trans,0.199907213,10077,63056,63056,False
YIL094C,LYS12,25.50218644,-0.268990143,1,5657,9,187970,341.0,cis,0.268990143,5657,180087,193013,True
YIL094C,LYS12,21.3760596,-0.335790524,1,11680,16,572345,inf,trans,0.335790524,11680,572345,572345,False
YIL094C,LYS12,21.33983423,-0.273239755,1,10195,15,179652,inf,trans,0.273239755,10195,165912,185951,False
YIL094C,LYS12,10.57773269,-0.162775237,0,5958,9,419805,232176.0,trans,0.162775237,5958,406743,424069,False
YIL094C,LYS12,9.899456374,-0.158953617,0,7853,12,442034,inf,trans,0.158953617,7853,425418,443164,False
YIL094C,LYS12,9.710487262,-0.156916575,0,7978,12,569926,inf,trans,0.156916575,7978,563476,576167,False
YIL094C,LYS12,5.138741408,0.257512441,1,11167,16,64363,inf,trans,0.257512441,11167,64363,64363,False
YIL094C,LYS12,5.119836755,0.115620201,0,1189,3,286440,inf,trans,0.115620201,1189,273446,297295,False
YIL094C,LYS12,4.980279318,-0.116012548,0,636,2,517548,inf,trans,0.116012548,636,505207,530047,False
YIL094C,LYS12,4.829762318,0.142650102,0,8461,13,60008,inf,trans,0.142650102,8461,55098,73814,False
YIL094C,LYS12,4.812171864,0.114566066,0,11763,16,648665,inf,trans,0.114566066,11763,648665,652919,False
YIL094C,LYS12,4.744264585,-0.105518862,0,5616,9,144386,42128.0,trans,0.105518862,5616,132718,155581,False
YIL094C,LYS12,4.701835098,0.398784311,0,6263,10,416078,inf,trans,0.398784311,6263,410391,454991,False
YIL094C,LYS12,4.691633651,-0.103871547,0,10727,15,757952,inf,trans,0.103871547,10727,748030,766858,False
YIL094C,LYS12,4.500181203,-0.102470323,0,8837,13,534609,inf,trans,0.102470323,8837,517233,542977,False
YIL094C,LYS12,4.303636893,-0.098309974,0,2483,4,1256509,inf,trans,0.098309974,2483,1248530,1264269,False
YIL094C,LYS12,4.226786351,-0.099557363,0,3667,6,66460,inf,trans,0.099557363,3667,62743,74406,False
YIL094C,LYS12,4.038868663,0.101010434,0,8667,13,331334,inf,trans,0.101010434,8667,329611,333904,False
YBR115C,LYS2,17.78212937,-0.232093429,1,11680,16,572345,inf,trans,0.232093429,11680,572345,572345,False
YBR115C,LYS2,14.95846149,-0.214882582,1,596,2,474141,221.0,cis,0.214882582,596,464424,484021,True
YBR115C,LYS2,13.64404009,-0.273286347,0,10992,15,1014707,inf,trans,0.273286347,10992,1010191,1018776,False
YBR115C,LYS2,10.40646647,0.220367146,1,8457,13,55098,inf,trans,0.220367146,8457,55098,65881,False
YBR115C,LYS2,8.652364289,-0.159425301,0,5612,9,139216,inf,trans,0.159425301,5612,125289,144955,False
YBR115C,LYS2,7.042042569,-0.151209953,0,642,2,523217,49297.0,trans,0.151209953,642,505207,530047,False
YBR115C,LYS2,6.915430519,-0.142033108,0,8112,12,747836,inf,trans,0.142033108,8112,732202,754859,False
YBR115C,LYS2,6.841262602,0.14310615,0,8681,13,345749,inf,trans,0.14310615,8681,338431,350249,False
YBR115C,LYS2,5.785041464,-0.244812593,1,10198,15,181071,inf,trans,0.244812593,10198,168199,185951,False
YBR115C,LYS2,5.773469159,-0.123942143,0,8303,12,961463,inf,trans,0.123942143,8303,956127,976001,False
YBR115C,LYS2,5.439689685,-0.118895277,0,5963,9,422867,inf,trans,0.118895277,5963,418993,429181,False
YBR115C,LYS2,4.802888033,0.894232666,0,986,3,82706,inf,trans,0.894232666,986,82706,82706,False
YBR115C,LYS2,4.751369949,-0.218769182,1,10191,15,171671,inf,trans,0.218769182,10191,165912,184082,False
YBR115C,LYS2,4.3806781,0.105414534,1,9858,14,711992,inf,trans,0.105414534,9858,707555,716298,False
YBR115C,LYS2,4.079159291,-0.101796599,0,7988,12,576037,inf,trans,0.101796599,7988,567889,589446,False
YBR115C,LYS2,3.979370781,0.0993424,0,3868,7,14747,inf,trans,0.0993424,3868,595,23383,False
YDR234W,LYS4; LYS3,10.19864533,-0.172340684,0,11685,16,576347,inf,trans,0.172340684,11685,564355,591786,False
YDR234W,LYS4; LYS3,8.168048848,0.372153723,0,844,2,780425,inf,trans,0.372153723,844,780425,780425,False
YDR234W,LYS4; LYS3,5.927559108,0.126242573,0,7980,12,570630,inf,trans,0.126242573,7980,563476,576167,False
YDR234W,LYS4; LYS3,4.713283738,-0.109109804,0,4547,7,784494,inf,trans,0.109109804,4547,776465,793559,False
YDR234W,LYS4; LYS3,4.694494935,0.245215674,1,8041,12,646385,inf,trans,0.245215674,8041,646385,646385,False
YDR234W,LYS4; LYS3,4.687208579,-0.12207406,0,5957,9,419563,inf,trans,0.12207406,5957,411520,421228,False
YDR234W,LYS4; LYS3,4.402037301,0.105459406,0,7024,11,225819,inf,trans,0.105459406,7024,215041,230092,False
YNR050C,LYS9; LYS13,15.73258406,-0.265114319,0,5957,9,419563,inf,trans,0.265114319,5957,411520,421228,False
YNR050C,LYS9; LYS13,5.884259196,-0.156664174,0,10190,15,171150,inf,trans,0.156664174,10190,165912,184082,False
YNR050C,LYS9; LYS13,5.030639621,0.512471934,0,11873,16,786427,inf,trans,0.512471934,11873,786427,786427,False
YNR050C,LYS9; LYS13,4.951625456,-0.195879636,0,983,3,80341,inf,trans,0.195879636,983,79867,92716,False
YNR050C,LYS9; LYS13,4.882569501,0.269678111,0,896,3,757,inf,trans,0.269678111,896,757,757,False
YIL070C,MAM33,18.06247822,0.277965242,1,10191,15,171671,inf,trans,0.277965242,10191,165912,184082,False
YIL070C,MAM33,15.72621266,0.228932251,1,5612,9,139216,91053.0,trans,0.228932251,5612,125289,144955,False
YIL070C,MAM33,10.10506552,0.176974393,0,10992,15,1014707,inf,trans,0.176974393,10992,1010191,1018776,False
YIL070C,MAM33,7.726288227,-0.157500948,1,8670,13,333904,inf,trans,0.157500948,8670,329611,338431,False
YIL070C,MAM33,6.115580641,0.135041115,0,11696,16,586856,inf,trans,0.135041115,11696,571530,593213,False
YIL070C,MAM33,5.673048368,0.130125452,1,7975,12,568017,inf,trans,0.130125452,7975,568017,568017,False
YIL070C,MAM33,5.348623314,-0.126370235,0,5496,9,70145,160124.0,trans,0.126370235,5496,57000,77957,False
YIL070C,MAM33,5.232000684,-0.321048774,0,4825,7,1048545,inf,trans,0.321048774,4825,1048545,1048545,False
YIL070C,MAM33,4.469342298,-0.113741976,0,1187,3,285659,inf,trans,0.113741976,1187,267625,297295,False
YIL070C,MAM33,4.330628303,0.10890698,1,5170,8,324043,inf,trans,0.10890698,5170,298467,327592,False
YIL070C,MAM33,4.287063012,0.110078242,0,1142,3,247158,inf,trans,0.110078242,1142,241126,249928,False
YIL070C,MAM33,4.143304103,-0.113633552,0,7097,11,335215,inf,trans,0.113633552,7097,332693,341771,False
YGL156W,AMS1,8.309814368,0.223378404,1,10191,15,171671,inf,trans,0.223378404,10191,165912,184082,False
YGL156W,AMS1,6.389629957,0.353227448,0,2982,5,132565,inf,trans,0.353227448,2982,132565,132565,False
YKL029C,MAE1,39.32137343,-0.359086434,1,7157,11,384867,499.0,cis,0.359086434,7157,379841,385019,True
YKL029C,MAE1,22.73809057,-0.287167719,1,10191,15,171671,inf,trans,0.287167719,10191,165912,184082,False
YKL029C,MAE1,14.36974194,-0.265871128,1,11683,16,575622,inf,trans,0.265871128,11683,554350,590624,False
YKL029C,MAE1,9.515102339,-0.157030631,0,5615,9,142542,inf,trans,0.157030631,5615,131829,155581,False
YKL029C,MAE1,8.828512256,0.159970421,0,8668,13,331755,inf,trans,0.159970421,8668,329611,333904,False
YKL029C,MAE1,8.018844072,-0.141255934,0,7852,12,441706,inf,trans,0.141255934,7852,425418,443164,False
YKL029C,MAE1,7.667982919,-0.166699993,1,8586,13,205923,inf,trans,0.166699993,8586,193232,205923,False
YKL029C,MAE1,7.093983141,0.135212029,1,769,2,699889,inf,trans,0.135212029,769,682239,701195,False
YKL029C,MAE1,6.827790049,0.129180436,0,5832,9,323432,inf,trans,0.129180436,5832,322200,336040,False
YKL029C,MAE1,6.598178148,-0.128079572,0,7977,12,569918,inf,trans,0.128079572,7977,563476,576167,False
YKL029C,MAE1,6.177333076,-0.13470588,0,10992,15,1014707,inf,trans,0.13470588,10992,1010191,1018776,False
YKL029C,MAE1,5.792435096,0.126460363,0,1263,4,27059,inf,trans,0.126460363,1263,21871,29835,False
YKL029C,MAE1,4.708432884,-0.104859708,0,8110,12,745735,inf,trans,0.104859708,8110,732202,754859,False
YKL029C,MAE1,4.527760902,0.102486873,1,2550,4,1337514,inf,trans,0.102486873,2550,1333470,1345654,False
YKL029C,MAE1,4.315356971,-0.09949807,0,9109,13,762630,inf,trans,0.09949807,9109,753081,770563,False
YKL029C,MAE1,4.307613125,-0.100552165,0,676,2,573624,inf,trans,0.100552165,676,567265,594044,False
YKL029C,MAE1,4.043729731,0.101663503,0,366,2,184146,inf,trans,0.101663503,366,182758,192390,False
YKL029C,MAE1,4.013511675,-0.095873757,0,9237,13,901212,inf,trans,0.095873757,9237,888463,912820,False
YKL029C,MAE1,3.925811967,0.257349259,0,6287,10,424621,inf,trans,0.257349259,6287,424617,424621,False
YLR244C,MAP1,15.60874773,0.246028258,1,8024,12,626279,0.0,cis,0.246028258,8024,618828,627996,True
YLR244C,MAP1,10.47359194,-0.18380331,0,8959,13,640192,inf,trans,0.18380331,8959,626195,654641,False
YLR244C,MAP1,6.816420443,0.200039828,0,8072,12,694457,68124.0,trans,0.200039828,8072,681175,703407,False
YLR244C,MAP1,5.582235153,-0.268713175,0,4647,7,876941,inf,trans,0.268713175,4647,876941,876941,False
YLR244C,MAP1,5.037424745,-0.252696165,0,7146,11,379892,inf,trans,0.252696165,7146,376286,380964,False
YBL091C,MAP2,7.347101788,0.36711729,0,896,3,757,inf,trans,0.36711729,896,757,757,False
YBL091C,MAP2,6.620058747,0.1617387,1,11969,16,900472,inf,trans,0.1617387,11969,896683,903415,False
YBL091C,MAP2,6.357743874,-0.276419765,0,1004,3,92716,inf,trans,0.276419765,1004,79867,95493,False
YBL091C,MAP2,5.569422909,-0.14748374,1,3092,5,242428,inf,trans,0.14748374,3092,229365,251866,False
YBL091C,MAP2,5.305922495,0.21709324,1,8039,12,645231,inf,trans,0.21709324,8039,645231,645231,False
YNL064C,YDJ1; MAS5,16.90564898,-0.24995172,0,1277,4,48617,inf,trans,0.24995172,1277,37106,60023,False
YNL064C,YDJ1; MAS5,13.47817913,-0.2519876,1,10198,15,181071,inf,trans,0.2519876,10198,168199,185951,False
YNL064C,YDJ1; MAS5,10.59203933,-0.19946204,1,1916,4,598800,inf,trans,0.19946204,1916,592839,609905,False
YNL064C,YDJ1; MAS5,7.015464646,-0.163508669,1,10827,15,834594,inf,trans,0.163508669,10827,829621,834594,False
YNL064C,YDJ1; MAS5,6.384821442,0.146518983,0,9788,14,636754,129656.0,trans,0.146518983,9788,607236,648789,False
YOR298C-A,MBF1; SUF13,26.15480071,-0.29825076,1,1281,4,51735,inf,trans,0.29825076,1281,43687,60460,False
YOR298C-A,MBF1; SUF13,9.723625157,0.224449221,0,8474,13,70380,inf,trans,0.224449221,8474,56990,77330,False
YOR298C-A,MBF1; SUF13,9.487512279,-0.1917362,0,10181,15,168199,709030.0,trans,0.1917362,10181,165912,181071,False
YOR298C-A,MBF1; SUF13,8.881981489,-0.164218005,0,7861,12,448368,inf,trans,0.164218005,7861,448368,493255,False
YOR298C-A,MBF1; SUF13,6.813673224,0.380366981,0,3240,5,443367,inf,trans,0.380366981,3240,443367,443378,False
YOR298C-A,MBF1; SUF13,5.486488751,0.254912418,0,1784,4,520430,inf,trans,0.254912418,1784,520430,520430,False
YOR298C-A,MBF1; SUF13,5.092138187,0.133650753,0,7561,12,135855,inf,trans,0.133650753,7561,126688,153748,False
YOR298C-A,MBF1; SUF13,5.021394243,-0.119376089,0,2488,4,1260275,inf,trans,0.119376089,2488,1256208,1268325,False
YOR298C-A,MBF1; SUF13,4.91995069,-0.118730476,0,11532,16,374664,inf,trans,0.118730476,11532,370944,382997,False
YOR298C-A,MBF1; SUF13,4.607355279,0.113472851,0,1096,3,204854,inf,trans,0.113472851,1096,195779,204903,False
YOR298C-A,MBF1; SUF13,4.509723917,-0.112978567,0,6007,10,61708,inf,trans,0.112978567,6007,61391,68934,False
YOR298C-A,MBF1; SUF13,4.405997079,0.111013544,1,9792,14,641214,inf,trans,0.111013544,9792,613306,648789,False
YOR298C-A,MBF1; SUF13,4.264098154,-0.615851486,0,7686,12,265316,inf,trans,0.615851486,7686,265316,265316,False
YBR177C,EHT1,10.63488774,0.209711649,0,5609,9,138029,inf,trans,0.209711649,5609,125289,144955,False
YBR177C,EHT1,6.855955613,-0.157814777,0,5338,8,474449,inf,trans,0.157814777,5338,465075,481335,False
YBR177C,EHT1,5.275947655,-0.140996133,0,7396,11,642730,inf,trans,0.140996133,7396,635886,645162,False
YBR177C,EHT1,5.227953459,0.135850161,0,7138,11,372538,inf,trans,0.135850161,7138,372538,382201,False
YNL307C,MCK1; YPK1,7.773612217,0.363879138,1,7871,12,460676,inf,trans,0.363879138,7871,460676,460676,False
YNL307C,MCK1; YPK1,6.693947701,1.007902221,0,10777,15,785154,inf,trans,1.007902221,10777,785154,785154,False
YNL307C,MCK1; YPK1,6.358950721,0.156882507,0,662,2,555633,inf,trans,0.156882507,662,552681,558703,False
YKL150W,MCR1,44.49415685,0.342973305,1,10191,15,171671,inf,trans,0.342973305,10191,165912,184082,False
YKL150W,MCR1,21.26476465,0.426927813,1,6952,11,167261,0.0,cis,0.426927813,6952,146291,174007,True
YKL150W,MCR1,20.12818721,0.197711521,0,11677,16,571530,inf,trans,0.197711521,11677,544393,587778,False
YKL150W,MCR1,11.00845848,0.137634332,0,5610,9,138636,inf,trans,0.137634332,5610,125289,144955,False
YKL150W,MCR1,10.78191367,0.14022478,1,8108,12,740250,inf,trans,0.14022478,8108,732202,754859,False
YKL150W,MCR1,10.73311605,0.150875485,0,642,2,523217,inf,trans,0.150875485,642,505207,530047,False
YKL150W,MCR1,8.056865607,0.256283318,1,10992,15,1014707,inf,trans,0.256283318,10992,1010191,1018776,False
YKL150W,MCR1,7.644036536,-0.119710049,0,8670,13,333904,inf,trans,0.119710049,8670,329611,338431,False
YKL150W,MCR1,6.360046212,0.217957105,1,6955,11,170526,3069.0,trans,0.217957105,6955,152009,179802,False
YKL150W,MCR1,5.744793811,-0.097098423,0,2572,4,1359163,inf,trans,0.097098423,2572,1342485,1381394,False
YKL150W,MCR1,5.527979971,-0.107444657,1,1690,4,405368,inf,trans,0.107444657,1690,397927,408981,False
YKL150W,MCR1,5.313886978,-0.092697141,0,7213,11,445373,277916.0,trans,0.092697141,7213,421231,462463,False
YKL150W,MCR1,4.856762752,-0.087465035,0,2864,5,42051,inf,trans,0.087465035,2864,38200,42740,False
YKL150W,MCR1,4.765252383,0.08724023,0,5941,9,405593,inf,trans,0.08724023,5941,400574,412923,False
YKL150W,MCR1,4.689549274,-0.189577826,1,10990,15,1012233,inf,trans,0.189577826,10990,1008479,1018776,False
YKL150W,MCR1,4.562837785,0.084896502,0,9245,13,909989,inf,trans,0.084896502,9245,899239,914897,False
YKL150W,MCR1,4.236931467,0.080990534,0,7979,12,570032,inf,trans,0.080990534,7979,563476,576167,False
YKL085W,MDH1,76.90148392,0.506702657,1,10191,15,171671,inf,trans,0.506702657,10191,165912,184082,False
YKL085W,MDH1,28.9475585,0.252748626,1,5610,9,138636,inf,trans,0.252748626,5610,125289,144955,False
YKL085W,MDH1,20.66689878,0.210584433,0,11677,16,571530,inf,trans,0.210584433,11677,544393,587778,False
YKL085W,MDH1,20.12894961,-0.283702246,0,8458,13,56990,inf,trans,0.283702246,8458,55098,73225,False
YKL085W,MDH1,16.68715239,-0.195972782,1,8667,13,331334,inf,trans,0.195972782,8667,329611,333904,False
YKL085W,MDH1,13.85276001,-0.168979225,1,8816,13,509524,inf,trans,0.168979225,8816,500062,513217,False
YKL085W,MDH1,13.48965191,0.164545762,0,8110,12,745735,inf,trans,0.164545762,8110,732202,754859,False
YKL085W,MDH1,12.81111259,0.175022538,1,650,2,541028,inf,trans,0.175022538,650,541028,541028,False
YKL085W,MDH1,10.01358326,0.140570098,0,7979,12,570032,inf,trans,0.140570098,7979,563476,576167,False
YKL085W,MDH1,7.976323147,-0.123868788,0,2846,5,32038,inf,trans,0.123868788,2846,30505,38200,False
YKL085W,MDH1,7.650458341,-0.43343692,0,5080,8,203274,inf,trans,0.43343692,5080,193408,206590,False
YKL085W,MDH1,7.583792541,0.123485503,1,8311,12,974822,inf,trans,0.123485503,8311,968660,987293,False
YKL085W,MDH1,6.241438431,0.107361109,0,10992,15,1014707,inf,trans,0.107361109,10992,1010191,1018776,False
YKL085W,MDH1,6.033548086,-0.105485746,0,2557,4,1345539,inf,trans,0.105485746,2557,1337043,1367398,False
YKL085W,MDH1,5.583686534,-0.100741335,0,7076,11,285782,6011.0,trans,0.100741335,7076,281677,303479,False
YKL085W,MDH1,5.484959118,0.357811885,1,5082,8,203615,inf,trans,0.357811885,5082,193408,206590,False
YKL085W,MDH1,5.456072134,-0.103512893,0,2307,4,976264,inf,trans,0.103512893,2307,959283,1000959,False
YKL085W,MDH1,5.441804843,-0.099706482,0,3913,7,47250,inf,trans,0.099706482,3913,42627,53544,False
YKL085W,MDH1,4.62673784,0.091092886,0,5199,8,359203,inf,trans,0.091092886,5199,343641,363516,False
YKL085W,MDH1,4.163250745,0.086041876,0,4185,7,394456,inf,trans,0.086041876,4185,389537,397324,False
YKL085W,MDH1,3.948737811,-0.251823469,0,9717,14,599354,inf,trans,0.251823469,9717,599354,599354,False
YKL085W,MDH1,3.948548458,-0.082546859,0,3044,5,215862,inf,trans,0.082546859,3044,210350,225569,False
YKL085W,MDH1,3.899254381,0.081502622,0,6890,11,115612,163155.0,trans,0.081502622,6890,102671,125700,False
YKL085W,MDH1,3.779072779,-0.081706623,0,7648,12,235332,inf,trans,0.081706623,7648,230908,245473,False
YDL078C,MDH3,9.742832571,0.224063262,0,10194,15,173340,inf,trans,0.224063262,10194,165912,184082,False
YDL078C,MDH3,6.706142854,-0.887517626,0,7686,12,265316,inf,trans,0.887517626,7686,265316,265316,False
YDL078C,MDH3,6.433663381,0.15834338,0,5613,9,139266,inf,trans,0.15834338,5613,125289,144955,False
YDL078C,MDH3,5.631881088,-0.149456565,1,1189,3,286440,inf,trans,0.149456565,1189,273446,297295,False
YDL078C,MDH3,5.496971707,0.396297994,0,7430,12,19930,inf,trans,0.396297994,7430,19930,19930,False
YDL078C,MDH3,5.228371477,-0.135816245,0,9798,14,644949,inf,trans,0.135816245,9798,620369,650841,False
YDL078C,MDH3,5.227271048,0.134979137,1,6003,10,54201,inf,trans,0.134979137,6003,41756,54931,False
YDL078C,MDH3,5.056054734,-0.13331558,0,10881,15,906473,inf,trans,0.13331558,10881,887134,912729,False
YDL078C,MDH3,4.823130524,0.129770791,0,6893,11,118012,inf,trans,0.129770791,6893,102671,125700,False
YDL078C,MDH3,4.631564939,0.417088656,1,8179,12,829417,inf,trans,0.417088656,8179,829417,829417,False
YDL078C,MDH3,4.607555928,0.25686681,0,10087,15,70222,inf,trans,0.25686681,10087,69757,72740,False
YDL078C,MDH3,4.432705487,-0.136533468,0,7566,12,136527,inf,trans,0.136533468,7566,126688,153748,False
YOL027C,MDM38,6.299428041,-0.361225026,1,8041,12,646385,inf,trans,0.361225026,8041,646385,646385,False
YFR030W,MET10,7.816848994,-0.187983131,0,10197,15,180978,inf,trans,0.187983131,10197,168199,185951,False
YFR030W,MET10,6.371199888,0.154633598,0,8801,13,499228,inf,trans,0.154633598,8801,492500,506332,False
YFR030W,MET10,6.340068057,-0.316885385,0,5416,8,541428,inf,trans,0.316885385,5416,541428,541428,False
YFR030W,MET10,6.164331623,0.840971516,0,7686,12,265316,inf,trans,0.840971516,7686,265316,265316,False
YFR030W,MET10,5.89702789,0.821075015,0,11539,16,383323,inf,trans,0.821075015,11539,383323,383323,False
YFR030W,MET10,5.704404844,0.180462651,1,8470,13,68113,inf,trans,0.180462651,8470,56990,75198,False
YFR030W,MET10,5.51355123,0.135471013,0,10882,15,906721,inf,trans,0.135471013,10882,887134,912729,False
YFR030W,MET10,5.404906543,-0.313428588,1,1891,4,584486,inf,trans,0.313428588,1891,565447,592839,False
YFR030W,MET10,5.051983272,-0.128141757,0,3787,6,212247,1053.0,trans,0.128141757,3787,211447,216365,False
YFR030W,MET10,4.604481817,-0.121442037,0,9505,14,345215,inf,trans,0.121442037,9505,334886,354457,False
YFR030W,MET10,4.572847295,0.764203257,0,10777,15,785154,inf,trans,0.764203257,10777,785154,785154,False
YFR030W,MET10,4.539340092,-0.121745084,0,11698,16,586960,inf,trans,0.121745084,11698,571530,593213,False
YFR030W,MET10,4.423416805,-0.118946899,0,9228,13,892136,inf,trans,0.118946899,9228,877043,902532,False
YFR030W,MET10,4.156966036,-0.1152519,1,1966,4,664414,inf,trans,0.1152519,1966,657631,677658,False
YFR030W,MET10,4.092758949,-0.290291527,0,8525,13,99287,inf,trans,0.290291527,8525,99287,99287,False
YFR030W,MET10,4.011988257,0.119376301,0,8670,13,333904,inf,trans,0.119376301,8670,329611,338431,False
YOL064C,MET22; HAL2,11.92140787,-0.262044648,0,10193,15,172102,34001.0,trans,0.262044648,10193,165912,184082,False
YOL064C,MET22; HAL2,7.128380992,-0.176351179,0,10220,15,204722,1381.0,trans,0.176351179,10220,202330,214375,False
YJR010W,MET3,9.042073775,0.212705511,1,8470,13,68113,inf,trans,0.212705511,8470,56990,75198,False
YJR010W,MET3,7.040038179,-0.144823937,0,11699,16,586993,inf,trans,0.144823937,11699,572464,593213,False
YJR010W,MET3,6.737404655,-0.140637308,0,2480,4,1248695,inf,trans,0.140637308,2480,1242195,1256509,False
YJR010W,MET3,6.257706859,-0.289639934,0,5416,8,541428,inf,trans,0.289639934,5416,541428,541428,False
YJR010W,MET3,6.016952896,0.344333624,0,4207,7,412630,inf,trans,0.344333624,4207,412630,412630,False
YJR010W,MET3,5.967658887,0.26199429,0,1784,4,520430,inf,trans,0.26199429,1784,520430,520430,False
YJR010W,MET3,5.35670715,0.188215539,1,671,2,571328,inf,trans,0.188215539,671,571328,571328,False
YJR010W,MET3,5.00310747,-0.169106398,0,8009,12,605674,inf,trans,0.169106398,8009,605674,605674,False
YJR010W,MET3,4.321952985,0.183357459,1,7032,11,234032,inf,trans,0.183357459,7032,234032,234032,False
YJR010W,MET3,4.209973274,0.399069688,0,3852,6,270110,inf,trans,0.399069688,3852,270110,270110,False
YJR010W,MET3,4.14918532,0.104486465,0,10882,15,906721,inf,trans,0.104486465,10882,887134,912729,False
YJR010W,MET3,4.090766358,0.165160062,1,2752,4,1521818,inf,trans,0.165160062,2752,1521818,1521818,False
YJR010W,MET3,4.081495875,0.122886431,0,6315,10,456040,192.0,cis,0.122886431,6315,421100,461243,True
YJR137C,MET5; ECM17,8.209027458,-0.395177087,0,11041,15,1074302,inf,trans,0.395177087,11041,1074302,1074302,False
YJR137C,MET5; ECM17,5.764260265,0.824634897,0,6597,10,745571,62292.0,trans,0.824634897,6597,745571,745571,False
YLR180W,SAM1; ETH10,23.76201054,0.281727673,0,7917,12,515351,0.0,cis,0.281727673,7917,514437,518231,True
YLR180W,SAM1; ETH10,11.63123724,-1.111220741,0,7686,12,265316,249948.0,trans,1.111220741,7686,265316,265316,False
YLR180W,SAM1; ETH10,10.30363659,-1.125771389,0,10777,15,785154,inf,trans,1.125771389,10777,785154,785154,False
YLR180W,SAM1; ETH10,8.42764899,-0.181319293,0,3485,5,564360,inf,trans,0.181319293,3485,563348,565125,False
YLR180W,SAM1; ETH10,7.213157772,-0.412291675,0,4207,7,412630,inf,trans,0.412291675,4207,412630,412630,False
YLR180W,SAM1; ETH10,5.892543708,-0.129246162,1,9803,14,650841,inf,trans,0.129246162,9803,643364,651987,False
YLR180W,SAM1; ETH10,5.344786981,0.126141349,0,1931,4,620206,inf,trans,0.126141349,1931,611309,624555,False
YLR180W,SAM1; ETH10,5.176194914,0.243209453,0,5429,8,556173,inf,trans,0.243209453,5429,556173,556175,False
YLR180W,SAM1; ETH10,4.38252424,-0.110997978,1,1292,4,61772,inf,trans,0.110997978,1292,53342,62324,False
YLR180W,SAM1; ETH10,4.272543389,0.153714222,1,7672,12,253093,262171.0,trans,0.153714222,7672,253093,253093,False
YLR180W,SAM1; ETH10,4.239834686,0.107657816,0,2433,4,1172576,inf,trans,0.107657816,2433,1171385,1198548,False
YDR502C,SAM2; ETH2,19.33540715,-1.708685419,0,10777,15,785154,inf,trans,1.708685419,10777,785154,785154,False
YDR502C,SAM2; ETH2,9.601704908,-0.510529343,0,4207,7,412630,inf,trans,0.510529343,4207,412630,412630,False
YDR502C,SAM2; ETH2,7.419811128,-0.362304926,0,3485,5,564360,inf,trans,0.362304926,3485,563348,565125,False
YDR502C,SAM2; ETH2,6.169791784,-0.833580578,0,7686,12,265316,inf,trans,0.833580578,7686,265316,265316,False
YDR502C,SAM2; ETH2,5.121917033,0.131653085,1,2478,4,1246177,207125.0,trans,0.131653085,2478,1242195,1256208,False
YDR502C,SAM2; ETH2,4.90320398,0.126463343,0,6964,11,173020,inf,trans,0.126463343,6964,167261,186085,False
YDR502C,SAM2; ETH2,4.54128312,-0.120461511,0,5350,8,484694,inf,trans,0.120461511,5350,484694,485972,False
YDR502C,SAM2; ETH2,4.400864566,-0.667940515,0,4215,7,414263,inf,trans,0.667940515,4215,414263,414263,False
YPL169C,MEX67,5.578835615,0.15305414,0,10076,15,62400,inf,trans,0.15305414,10076,55421,72740,False
YPL169C,MEX67,5.150662394,-0.148601619,0,9796,14,643876,inf,trans,0.148601619,9796,619153,650841,False
YPL169C,MEX67,5.026122172,-0.768977955,0,3121,5,266246,inf,trans,0.768977955,3121,266246,266246,False
YPL169C,MEX67,4.658191903,-0.138506064,0,5192,8,347011,inf,trans,0.138506064,5192,342706,360938,False
YKL195W,MIA40; TIM40,10.47129384,0.233537788,1,10191,15,171671,inf,trans,0.233537788,10191,165912,184082,False
YKL195W,MIA40; TIM40,5.601878697,0.144122549,0,5611,9,138792,inf,trans,0.144122549,5611,122617,144955,False
YCL057C-A,MIC10,15.63960716,0.304710797,1,10194,15,173340,inf,trans,0.304710797,10194,165912,184082,False
YCL057C-A,MIC10,6.607566425,0.167737704,0,5614,9,139442,inf,trans,0.167737704,5614,125289,144955,False
YCL057C-A,MIC10,5.737792673,-0.167298737,0,6316,10,459184,inf,trans,0.167298737,6316,423286,464142,False
YCL057C-A,MIC10,5.720484529,-0.301085079,0,3384,5,561678,inf,trans,0.301085079,3384,554104,563347,False
YCL057C-A,MIC10,5.34263206,-0.156920805,0,8668,13,331755,inf,trans,0.156920805,8668,329611,333904,False
YCL057C-A,MIC10,4.955192989,-0.189759274,0,8458,13,56990,inf,trans,0.189759274,8458,55098,73225,False
YCL057C-A,MIC10,4.680934072,0.135409128,0,7985,12,574586,inf,trans,0.135409128,7985,567889,586321,False
YCL057C-A,MIC10,4.488895046,0.131869966,0,6892,11,116979,inf,trans,0.131869966,6892,102671,125700,False
YFR011C,MIC19,30.44433896,0.357933157,1,10191,15,171671,inf,trans,0.357933157,10191,165912,184082,False
YFR011C,MIC19,18.0398621,0.243479784,0,5612,9,139216,inf,trans,0.243479784,5612,125289,144955,False
YFR011C,MIC19,10.64686717,0.25496115,0,7977,12,569918,inf,trans,0.25496115,7977,563476,576167,False
YFR011C,MIC19,9.079975139,0.163912786,1,11687,16,578941,inf,trans,0.163912786,11687,571530,591786,False
YFR011C,MIC19,7.993025837,-0.159513994,1,8667,13,331334,inf,trans,0.159513994,8667,329611,333904,False
YFR011C,MIC19,6.424515438,0.133748991,0,7834,12,423791,inf,trans,0.133748991,7834,417956,433534,False
YFR011C,MIC19,6.349508484,0.135394827,0,8106,12,737804,inf,trans,0.135394827,8106,727931,749514,False
YFR011C,MIC19,6.169699707,0.142255903,1,650,2,541028,inf,trans,0.142255903,650,541028,541028,False
YFR011C,MIC19,5.926229873,0.128292581,0,10992,15,1014707,inf,trans,0.128292581,10992,1010191,1018776,False
YFR011C,MIC19,4.967903799,-0.116516163,0,1183,3,278791,inf,trans,0.116516163,1183,265059,290417,False
YFR011C,MIC19,4.906276356,0.118538357,0,8311,12,974822,inf,trans,0.118538357,8311,968660,987293,False
YFR011C,MIC19,4.412611805,0.108095198,0,6059,10,146902,inf,trans,0.108095198,6059,139826,150178,False
YKR016W,MIC60,23.36114439,0.34098325,1,10191,15,171671,inf,trans,0.34098325,10191,165912,184082,False
YKR016W,MIC60,11.552037,0.202879023,0,5610,9,138636,inf,trans,0.202879023,5610,125289,144955,False
YKR016W,MIC60,10.45583824,0.193664564,0,7980,12,570630,inf,trans,0.193664564,7980,563476,576167,False
YKR016W,MIC60,7.971555095,-0.215090048,0,8474,13,70380,inf,trans,0.215090048,8474,56990,77330,False
YKR016W,MIC60,6.408357686,0.157142862,0,637,2,517869,inf,trans,0.157142862,637,505207,530047,False
YKR016W,MIC60,6.2196507,-0.24821042,0,9716,14,598714,inf,trans,0.24821042,9716,574170,602807,False
YKR016W,MIC60,5.51379069,-0.137008882,0,5731,9,249562,inf,trans,0.137008882,5731,242937,261156,False
YKR016W,MIC60,5.457913274,-0.305743971,0,8669,13,331971,inf,trans,0.305743971,8669,331971,331971,False
YKR016W,MIC60,4.319901756,0.121914,0,5802,9,280878,inf,trans,0.121914,5802,276483,289513,False
YKR016W,MIC60,4.311729479,-0.116461642,0,86,1,112742,inf,trans,0.116461642,86,112549,114628,False
YKR016W,MIC60,4.251713116,0.115344073,0,6917,11,124479,344881.0,trans,0.115344073,6917,111132,132044,False
YGL035C,MIG1,12.40852348,0.265007962,0,10192,15,172074,inf,trans,0.265007962,10192,165912,184082,False
YGL035C,MIG1,9.528804454,0.20666676,0,11681,16,572464,inf,trans,0.20666676,11681,544393,587778,False
YNL085W,MKT1,7.284139338,-0.19687112,0,10198,15,181071,inf,trans,0.19687112,10198,168199,185951,False
YNL085W,MKT1,6.649911407,0.513588332,0,4248,7,433855,inf,trans,0.513588332,4248,433855,433855,False
YGL106W,MLC1,34.70768198,-0.380500261,1,4099,7,307361,349.0,cis,0.380500261,4099,307361,315634,True
YGL106W,MLC1,7.084957126,0.165915323,0,9234,13,899344,inf,trans,0.165915323,9234,888463,910929,False
YGL106W,MLC1,6.838401399,-0.156287082,1,6892,11,116979,inf,trans,0.156287082,6892,102671,125700,False
YGL106W,MLC1,5.611320278,0.14020021,0,9419,14,214248,inf,trans,0.14020021,9419,199813,225776,False
YGL106W,MLC1,4.953596307,0.131640083,0,10843,15,860696,inf,trans,0.131640083,10843,843952,876366,False
YGL106W,MLC1,4.833520609,0.12950344,0,6984,11,193196,inf,trans,0.12950344,6984,182151,204491,False
YIL051C,MMF1; IBM1,44.17582851,-0.411258294,0,5772,9,258345,66.0,cis,0.411258294,5772,249562,267323,True
YIL051C,MMF1; IBM1,9.210081084,0.196893097,1,10191,15,171671,inf,trans,0.196893097,10191,165912,184082,False
YIL051C,MMF1; IBM1,6.854438156,0.148233009,0,11678,16,572250,inf,trans,0.148233009,11678,546787,587778,False
YIL051C,MMF1; IBM1,6.570078964,0.14830408,0,1273,4,43823,inf,trans,0.14830408,1273,37106,51859,False
YIL051C,MMF1; IBM1,6.547626692,0.145971231,0,1898,4,590984,inf,trans,0.145971231,1898,574801,597710,False
YIL051C,MMF1; IBM1,5.558336106,-0.130524757,0,8834,13,527416,inf,trans,0.130524757,8834,513217,541095,False
YIL051C,MMF1; IBM1,4.802659201,0.11827246,0,4626,7,869033,inf,trans,0.11827246,4626,853046,886766,False
YIL051C,MMF1; IBM1,4.461411852,-0.226882598,0,10870,15,888854,inf,trans,0.226882598,10870,888854,888854,False
YBR015C,MNN2,8.418099151,0.200683802,1,10179,15,165912,inf,trans,0.200683802,10179,165912,179652,False
YBR015C,MNN2,6.28337725,-0.151188239,1,6380,10,569834,inf,trans,0.151188239,6380,564317,571888,False
YBR015C,MNN2,5.925916886,0.635201806,1,10115,15,111081,inf,trans,0.635201806,10115,111081,111081,False
YBR015C,MNN2,5.448156152,0.274472854,0,8920,13,588661,inf,trans,0.274472854,8920,577143,589215,False
YBR015C,MNN2,4.705384178,-0.315579915,0,844,2,780425,510922.0,trans,0.315579915,844,780425,780425,False
YBR015C,MNN2,4.681697294,-0.21595004,1,9655,14,554919,inf,trans,0.21595004,9655,554919,554919,False
YBR015C,MNN2,4.389486342,-0.410807332,0,10844,15,860902,inf,trans,0.410807332,10844,860902,860902,False
YBR015C,MNN2,4.350419892,0.27008624,0,8986,13,667202,inf,trans,0.27008624,8986,667202,667202,False
YBR015C,MNN2,4.326173214,-0.122311491,0,7076,11,285782,inf,trans,0.122311491,7076,281677,303479,False
YBR015C,MNN2,4.293092355,-0.270486967,0,10120,15,113958,inf,trans,0.270486967,10120,113956,116621,False
YBR015C,MNN2,4.226961865,0.246528003,0,4460,7,659973,inf,trans,0.246528003,4460,656911,660725,False
YJR077C,MIR1,12.70601523,0.208864814,0,5611,9,138792,inf,trans,0.208864814,5611,122617,144955,False
YJR077C,MIR1,10.99162126,0.232671866,1,11677,16,571530,inf,trans,0.232671866,11677,544393,587778,False
YJR077C,MIR1,8.268071776,0.184931474,1,10191,15,171671,inf,trans,0.184931474,10191,165912,184082,False
YJR077C,MIR1,8.177704536,0.16428715,0,7860,12,443164,inf,trans,0.16428715,7860,425418,443164,False
YJR077C,MIR1,6.134007744,0.139228857,0,7993,12,583133,inf,trans,0.139228857,7993,574586,603024,False
YJR077C,MIR1,5.431307748,-0.179901101,1,8458,13,56990,inf,trans,0.179901101,8458,55098,73225,False
YJR077C,MIR1,5.217059087,-0.128158399,0,1967,4,664456,inf,trans,0.128158399,1967,657631,677658,False
YJR077C,MIR1,4.941936363,0.134587425,0,642,2,523217,inf,trans,0.134587425,642,505207,530047,False
YJR077C,MIR1,4.70447312,0.373525809,0,4248,7,433855,inf,trans,0.373525809,4248,433855,433855,False
YDL055C,PSA1,28.07136717,0.374493521,0,10194,15,173340,inf,trans,0.374493521,10194,165912,184082,False
YDL055C,PSA1,10.16027754,-0.183538173,0,1631,4,351322,4352.0,trans,0.183538173,1631,351322,356541,False
YDL055C,PSA1,9.621039681,0.179933418,0,11686,16,576969,inf,trans,0.179933418,11686,571530,591786,False
YDL055C,PSA1,7.835546305,-0.459752883,0,4207,7,412630,inf,trans,0.459752883,4207,412630,412630,False
YDL055C,PSA1,7.204753324,0.15276913,1,8110,12,745735,inf,trans,0.15276913,8110,732202,754859,False
YDL055C,PSA1,6.401214877,-0.142608891,0,3211,5,401545,inf,trans,0.142608891,3211,396266,407785,False
YDL055C,PSA1,5.728345652,0.2078726,0,5427,8,556136,inf,trans,0.2078726,5427,556136,556148,False
YDL055C,PSA1,5.264888449,-0.236503819,1,5793,9,270686,inf,trans,0.236503819,5793,270121,273993,False
YDL055C,PSA1,4.504403436,0.116763139,0,2485,4,1257441,900682.0,trans,0.116763139,2485,1250650,1264269,False
YDL055C,PSA1,4.36650186,0.11552254,0,5594,9,136028,inf,trans,0.11552254,5594,114834,144955,False
YDL055C,PSA1,4.320331961,0.125238164,0,4202,7,409847,inf,trans,0.125238164,4202,397324,424620,False
YDL055C,PSA1,4.281642403,0.112773972,0,4487,7,689845,inf,trans,0.112773972,4487,678429,698512,False
YDL055C,PSA1,4.253366891,0.114643762,0,4085,7,275338,inf,trans,0.114643762,4085,274400,284441,False
YDL055C,PSA1,4.252178434,-0.112590168,0,2863,5,41075,inf,trans,0.112590168,2863,34350,42740,False
YDL055C,PSA1,4.133339276,-0.115232061,0,10549,15,589481,inf,trans,0.115232061,10549,587077,602954,False
YDL055C,PSA1,4.095624281,-0.693901004,0,10777,15,785154,inf,trans,0.693901004,10777,785154,785154,False
YER003C,PMI40,12.95799015,0.231452746,0,5608,9,137267,inf,trans,0.231452746,5608,122617,144955,False
YER003C,PMI40,10.26103117,0.227563693,0,10191,15,171671,inf,trans,0.227563693,10191,165912,184082,False
YER003C,PMI40,5.875905203,0.145557124,0,7385,11,629750,inf,trans,0.145557124,7385,618029,632234,False
YHR024C,MAS2; MIF2,8.156946641,0.223892004,1,5003,8,159162,0.0,cis,0.223892004,5003,150593,170419,True
YHR024C,MAS2; MIF2,7.548898147,0.211463592,1,8018,12,616786,inf,trans,0.211463592,8018,614130,622770,False
YHR024C,MAS2; MIF2,4.829697406,-0.170701454,1,4996,8,144671,13066.0,trans,0.170701454,4996,143451,144671,False
YLR163C,MAS1; MIF1,10.05254594,0.202955993,0,5611,9,138792,inf,trans,0.202955993,5611,122617,144955,False
YLR163C,MAS1; MIF1,6.682704543,0.436295368,0,5864,9,355716,inf,trans,0.436295368,5864,355716,355716,False
YLR163C,MAS1; MIF1,5.031360092,0.189561441,1,10955,15,977029,inf,trans,0.189561441,10955,977029,977029,False
YDR033W,MRH1,9.776684686,-0.257523294,0,8461,13,60008,inf,trans,0.257523294,8461,55098,73814,False
YDR033W,MRH1,8.771947827,-0.185668581,0,11666,16,553465,inf,trans,0.185668581,11666,535809,574886,False
YDR033W,MRH1,6.096454146,-0.175904797,0,10194,15,173340,inf,trans,0.175904797,10194,165912,184082,False
YDR033W,MRH1,5.70233766,-0.354780983,0,844,2,780425,inf,trans,0.354780983,844,780425,780425,False
YDR033W,MRH1,5.047896133,-0.288421655,0,896,3,757,inf,trans,0.288421655,896,757,757,False
YPL184C,MRN1; PTR69,6.261500405,-0.176586175,1,1088,3,197297,inf,trans,0.176586175,1088,186935,204903,False
YPL184C,MRN1; PTR69,6.252320375,-0.186506719,0,11287,16,170885,25064.0,trans,0.186506719,11287,167913,182956,False
YKL142W,MRP8,35.49743594,0.409358081,1,10191,15,171671,inf,trans,0.409358081,10191,165912,184082,False
YKL142W,MRP8,21.45508734,0.277834025,1,11680,16,572345,inf,trans,0.277834025,11680,572345,572345,False
YKL142W,MRP8,6.553591374,0.144400049,0,8108,12,740250,inf,trans,0.144400049,8108,732202,754859,False
YKL142W,MRP8,6.313012703,0.150336526,0,642,2,523217,inf,trans,0.150336526,642,505207,530047,False
YKL142W,MRP8,5.135483787,0.25055797,0,9501,14,337792,inf,trans,0.25055797,9501,337016,337792,False
YKL142W,MRP8,4.749208029,-0.23504314,0,4732,7,951285,inf,trans,0.23504314,4732,951285,951285,False
YKL142W,MRP8,4.650980079,0.230475434,0,4383,7,607418,inf,trans,0.230475434,4383,607418,607810,False
YKL142W,MRP8,4.639314074,0.48428874,0,7873,12,460678,inf,trans,0.48428874,7873,460678,460678,False
YKL142W,MRP8,4.432851799,-0.231054763,0,2568,4,1354715,inf,trans,0.231054763,2568,1352371,1354715,False
YKL009W,MRT4,12.07023978,-0.239633471,0,10198,15,181071,inf,trans,0.239633471,10198,168199,185951,False
YKL009W,MRT4,11.1948062,-0.620427277,0,7031,11,231612,194273.0,trans,0.620427277,7031,231612,231612,False
YKL009W,MRT4,8.724133147,-0.44372472,0,8525,13,99287,inf,trans,0.44372472,8525,99287,99287,False
YKL009W,MRT4,7.060743045,0.856148714,0,4215,7,414263,inf,trans,0.856148714,4215,414263,414263,False
YKL009W,MRT4,5.579872964,-0.137839268,0,11653,16,535986,inf,trans,0.137839268,11653,532338,564355,False
YKL009W,MRT4,4.774416284,0.129462327,0,8378,12,1025145,inf,trans,0.129462327,8378,1020161,1025145,False
YKL009W,MRT4,4.774269339,0.124882478,1,7834,12,423791,inf,trans,0.124882478,7834,417956,433534,False
YPL168W,MRX4,31.98032169,-0.352757585,0,11686,16,576969,344461.0,trans,0.352757585,11686,571530,591786,False
YPL168W,MRX4,7.160371463,-0.151384924,0,5618,9,144955,inf,trans,0.151384924,5618,132718,155581,False
YPL168W,MRX4,6.272551365,0.183757662,0,8474,13,70380,inf,trans,0.183757662,8474,56990,77330,False
YDR194C,MSS116,6.231274636,-0.187546809,0,8280,12,932584,inf,trans,0.187546809,8280,913066,948003,False
YDR194C,MSS116,5.755291758,0.178001411,0,8231,12,892496,inf,trans,0.178001411,8231,885015,901592,False
YML128C,MSC1,21.36976317,0.388586529,1,10191,15,171671,inf,trans,0.388586529,10191,165912,184082,False
YML128C,MSC1,19.74265294,0.258300951,0,11689,16,579790,inf,trans,0.258300951,11689,554350,591786,False
YML128C,MSC1,10.43589368,0.201448915,0,4359,7,592042,inf,trans,0.201448915,4359,587240,603497,False
YML128C,MSC1,7.730008612,-0.158848184,0,2557,4,1345539,inf,trans,0.158848184,2557,1337043,1367398,False
YML128C,MSC1,7.706408055,0.187112165,0,1891,4,584486,inf,trans,0.187112165,1891,565447,592839,False
YML128C,MSC1,7.643603765,0.196983584,0,6482,10,662679,inf,trans,0.196983584,6482,653026,667117,False
YML128C,MSC1,6.798198394,0.318809136,1,8986,13,667202,650525.0,trans,0.318809136,8986,667202,667202,False
YML128C,MSC1,6.328209568,0.145796028,0,636,2,517548,inf,trans,0.145796028,636,505207,530047,False
YML128C,MSC1,5.971887584,0.133983621,0,3669,6,71471,inf,trans,0.133983621,3669,62743,74913,False
YER042W,MXR1,7.028271843,-0.223281846,0,6647,11,7765,inf,trans,0.223281846,6647,2737,14280,False
YER042W,MXR1,5.556888969,-0.150856863,0,5214,8,372172,inf,trans,0.150856863,5214,363516,378565,False
YER042W,MXR1,5.311815953,0.184355356,0,6786,11,30395,inf,trans,0.184355356,6786,25361,33534,False
YLR017W,MEU1,7.80587759,-0.381370238,0,5416,8,541428,inf,trans,0.381370238,5416,541428,541428,False
YLR017W,MEU1,7.008471508,0.352994675,0,10881,15,906473,inf,trans,0.352994675,10881,887134,912729,False
YLR017W,MEU1,5.986671273,-0.148981983,1,477,2,344347,inf,trans,0.148981983,477,344347,350086,False
YLR017W,MEU1,5.673665907,0.363325676,0,844,2,780425,inf,trans,0.363325676,844,780425,780425,False
YLR017W,MEU1,5.43569221,0.393104766,0,4207,7,412630,inf,trans,0.393104766,4207,412630,412630,False
YLR017W,MEU1,5.086439403,0.756995859,0,3121,5,266246,inf,trans,0.756995859,3121,266246,266246,False
YLR017W,MEU1,4.742171641,0.280751449,0,5420,8,554022,inf,trans,0.280751449,5420,554022,554022,False
YLR017W,MEU1,4.527710772,0.247375424,1,1005,3,92744,inf,trans,0.247375424,1005,92744,92744,False
YLR017W,MEU1,4.410032869,-0.428673876,0,8582,13,179719,inf,trans,0.428673876,8582,179719,179719,False
YLR017W,MEU1,4.409958491,-0.126512126,0,2369,4,1094122,inf,trans,0.126512126,2369,1091087,1116044,False
YJL123C,MTC1,21.72583073,0.314416747,1,6088,10,189030,0.0,cis,0.314416747,6088,182634,189445,True
YJL123C,MTC1,6.527157785,0.188152527,0,10194,15,173340,inf,trans,0.188152527,10194,165912,184082,False
YKR080W,MTD1,18.17644136,-0.246416747,0,8815,13,509480,inf,trans,0.246416747,8815,500062,513217,False
YKR080W,MTD1,17.78137498,-0.278045245,1,10198,15,181071,inf,trans,0.278045245,10198,168199,185951,False
YKR080W,MTD1,11.30013964,-0.195329662,0,11691,16,584269,inf,trans,0.195329662,11691,571530,593213,False
YKR080W,MTD1,6.972409364,-0.150358889,0,10991,15,1012745,inf,trans,0.150358889,10991,1010191,1018776,False
YKR080W,MTD1,6.650260699,-0.146491704,0,8123,12,767196,inf,trans,0.146491704,8123,759605,777907,False
YKR080W,MTD1,6.055913925,0.136652946,0,7158,11,385019,205018.0,trans,0.136652946,7158,379841,385019,False
YKR080W,MTD1,5.616782733,-0.130039046,0,7977,12,569918,inf,trans,0.130039046,7977,563476,576167,False
YKR080W,MTD1,5.529049726,0.129754182,1,1276,4,48267,inf,trans,0.129754182,1276,37106,56089,False
YKR080W,MTD1,5.196057454,0.12595704,0,1902,4,591983,inf,trans,0.12595704,1902,576758,597710,False
YKR080W,MTD1,4.825501448,-0.126741475,0,7845,12,440342,inf,trans,0.126741475,7845,430049,443164,False
YKR080W,MTD1,4.712690044,0.116818426,1,5884,9,372204,inf,trans,0.116818426,5884,362255,377169,False
YKR080W,MTD1,4.549845757,0.482083726,1,7871,12,460676,inf,trans,0.482083726,7871,460676,460676,False
YGL125W,MET13,24.03612987,-0.274841332,1,4080,7,272144,382.0,cis,0.274841332,4080,272144,272365,True
YGL125W,MET13,10.66984233,0.548590616,0,4207,7,412630,138302.0,trans,0.548590616,4207,412630,412630,False
YGL125W,MET13,8.822615998,0.160196761,0,11350,16,206288,inf,trans,0.160196761,11350,196859,213411,False
YGL125W,MET13,8.552547913,-0.468049406,0,7031,11,231612,inf,trans,0.468049406,7031,231612,231612,False
YGL125W,MET13,8.513346189,-0.284241666,0,2337,4,1026744,inf,trans,0.284241666,2337,1013362,1036857,False
YGL125W,MET13,8.107847581,0.194905256,1,8470,13,68113,inf,trans,0.194905256,8470,56990,75198,False
YGL125W,MET13,6.561490125,-0.133763774,0,86,1,112742,inf,trans,0.133763774,86,112549,114628,False
YGL125W,MET13,5.775831881,-0.123057113,0,4792,7,1022886,748558.0,trans,0.123057113,4792,1017880,1042056,False
YGL125W,MET13,5.657391787,0.322484568,1,3865,7,8780,263746.0,trans,0.322484568,3865,8780,8780,False
YGL125W,MET13,5.137445412,-0.12729822,0,4210,7,413438,139110.0,trans,0.12729822,4210,399178,425235,False
YGL125W,MET13,4.777713316,0.110068603,1,1575,4,280859,inf,trans,0.110068603,1575,274059,285568,False
YGL125W,MET13,4.568165832,-0.143026569,1,7127,11,358455,inf,trans,0.143026569,7127,356064,362171,False
YGL125W,MET13,4.547607863,-0.112363729,0,7158,11,385019,inf,trans,0.112363729,7158,379841,385019,False
YGL125W,MET13,4.539510416,0.109347799,0,5611,9,138792,inf,trans,0.109347799,5611,122617,144955,False
YGL125W,MET13,4.395473594,-0.106662125,0,751,2,679565,inf,trans,0.106662125,751,671051,682239,False
YGL125W,MET13,4.325747144,-0.107059537,1,9454,14,275245,inf,trans,0.107059537,9454,267696,288822,False
YGL125W,MET13,4.243480978,-0.218807331,0,10279,15,256619,inf,trans,0.218807331,10279,256619,256619,False
YGL125W,MET13,4.224632954,0.11561655,0,7568,12,138154,inf,trans,0.11561655,7568,126769,158615,False
YGL125W,MET13,4.157415065,-0.115742483,0,2092,4,801680,inf,trans,0.115742483,2092,794376,802519,False
YGL125W,MET13,4.155045761,-0.120893904,0,5790,9,268440,inf,trans,0.120893904,5790,267323,268445,False
YGL125W,MET13,4.150171507,-0.103893113,1,8858,13,539269,inf,trans,0.103893113,8858,522293,552236,False
YGL125W,MET13,4.016514213,-0.100701644,0,392,2,207561,inf,trans,0.100701644,392,196912,215016,False
YGL125W,MET13,3.994127736,0.099745094,0,10978,15,999455,inf,trans,0.099745094,10978,991809,1008599,False
YNR043W,MVD1,17.6808952,0.239064577,0,7860,12,443164,inf,trans,0.239064577,7860,425418,443164,False
YNR043W,MVD1,11.03904503,-0.187209554,0,1932,4,620786,inf,trans,0.187209554,1932,610797,629042,False
YNR043W,MVD1,9.555231194,1.05881926,0,10777,15,785154,inf,trans,1.05881926,10777,785154,785154,False
YNR043W,MVD1,9.252833812,-0.175857987,0,4777,7,1002265,inf,trans,0.175857987,4777,995677,1008513,False
YNR043W,MVD1,7.059777415,-0.175806969,0,7215,11,446795,inf,trans,0.175806969,7215,436668,452711,False
YNR043W,MVD1,6.867407979,0.806453413,0,7686,12,265316,inf,trans,0.806453413,7686,265316,265316,False
YNR043W,MVD1,6.446933233,-0.137772626,0,9835,14,701530,367.0,cis,0.137772626,9835,700405,708456,True
YNR043W,MVD1,5.602997722,0.280012056,1,5611,9,138792,inf,trans,0.280012056,5611,122617,144955,False
YNR043W,MVD1,5.572778403,0.145689643,1,11250,16,138809,inf,trans,0.145689643,11250,136628,149133,False
YNR043W,MVD1,5.497644137,-0.130342392,0,11701,16,587395,inf,trans,0.130342392,11701,574886,593213,False
YNR043W,MVD1,5.458067719,0.141233957,0,8288,12,950296,inf,trans,0.141233957,8288,933520,950296,False
YNR043W,MVD1,5.373972259,-0.127620883,0,7038,11,237829,inf,trans,0.127620883,7038,236028,245775,False
YNR043W,MVD1,5.187795442,-0.248486802,0,5326,8,461748,inf,trans,0.248486802,5326,461748,461748,False
YNR043W,MVD1,5.061483034,-0.121868847,0,3670,6,71997,inf,trans,0.121868847,3670,62743,74913,False
YNR043W,MVD1,4.909771883,-0.119288525,0,11361,16,212773,inf,trans,0.119288525,11361,199543,213411,False
YNR043W,MVD1,4.640689826,0.113847394,0,3236,5,432587,inf,trans,0.113847394,3236,416981,451448,False
YNR043W,MVD1,4.249237424,0.109827449,0,9040,13,706506,inf,trans,0.109827449,9040,701153,714847,False
YNR043W,MVD1,4.242467406,-0.202900495,1,4277,7,459752,inf,trans,0.202900495,4277,459752,459752,False
YNR043W,MVD1,4.084305891,-0.308129117,0,7031,11,231612,inf,trans,0.308129117,7031,231612,231612,False
YNR043W,MVD1,3.982044221,0.104498187,0,11009,15,1039474,inf,trans,0.104498187,11009,1039474,1041240,False
YHR193C,EGD2,9.95056926,-0.398250378,0,1784,4,520430,inf,trans,0.398250378,1784,520430,520430,False
YHR193C,EGD2,9.318587751,-0.54185539,0,8443,13,33830,inf,trans,0.54185539,8443,33830,33830,False
YHR193C,EGD2,4.963600584,0.285371523,0,896,3,757,inf,trans,0.285371523,896,757,757,False
YPL037C,EGD1,10.18115977,-0.376800397,0,1784,4,520430,inf,trans,0.376800397,1784,520430,520430,False
YPL037C,EGD1,8.490461662,-0.175128998,0,10014,15,18025,inf,trans,0.175128998,10014,18025,18028,False
YPL037C,EGD1,5.034153332,-0.129165113,0,11836,16,737361,255463.0,trans,0.129165113,11836,719912,747487,False
YPL037C,EGD1,4.919414656,0.125299799,0,6140,10,264881,inf,trans,0.125299799,6140,248024,275952,False
YPL037C,EGD1,4.613379974,0.244773733,0,11792,16,681149,199251.0,trans,0.244773733,11792,681149,681149,False
YFR047C,BNA6; QPT1,25.91401972,-0.348235214,1,3810,6,244245,21.0,cis,0.348235214,3810,236114,251165,True
YKR048C,NAP1,13.74706334,-0.489435419,0,1784,4,520430,inf,trans,0.489435419,1784,520430,520430,False
YKR048C,NAP1,5.224576268,-1.175849866,0,8456,13,53770,inf,trans,1.175849866,8456,53770,53770,False
YKR048C,NAP1,5.025296846,-0.13827396,1,2100,4,811690,inf,trans,0.13827396,2100,795937,826324,False
YIL043C,CBR1,6.432938436,-0.271830932,1,4316,7,508801,inf,trans,0.271830932,4316,508801,508801,False
YIL043C,CBR1,5.587956321,-0.147761101,1,1095,3,203261,inf,trans,0.147761101,1095,195779,204903,False
YMR125W,,7.749845686,0.507703026,0,8411,13,8208,509330.0,trans,0.507703026,8411,8208,8208,False
YMR125W,,6.448641398,-0.816795136,0,3121,5,266246,inf,trans,0.816795136,3121,266246,266246,False
YMR125W,,6.340944338,-0.173279563,0,10198,15,181071,inf,trans,0.173279563,10198,168199,185951,False
YMR125W,,5.079835333,-0.135567028,0,7081,11,298716,inf,trans,0.135567028,7081,285782,307466,False
YMR125W,,4.81632807,-0.130048136,1,11602,16,481940,inf,trans,0.130048136,11602,473892,488158,False
YPL178W,CBC2,6.242438892,-0.258193026,0,2261,4,938510,inf,trans,0.258193026,2261,929694,950108,False
YPL178W,CBC2,5.639524907,0.389484463,1,9093,13,740880,inf,trans,0.389484463,9093,718591,743797,False
YPL178W,CBC2,5.233262316,0.286512273,0,7933,12,545933,inf,trans,0.286512273,7933,545933,545933,False
YPL178W,CBC2,5.162851003,0.156635853,0,10200,15,183037,inf,trans,0.156635853,10200,170347,185951,False
YPL178W,CBC2,5.105412996,0.141755446,1,6199,10,349573,inf,trans,0.141755446,6199,340762,349573,False
YPL178W,CBC2,4.809317754,-0.170345305,0,9774,14,627417,inf,trans,0.170345305,9774,616988,639287,False
YHR042W,NCP1,69.85798877,-0.524334922,1,5049,8,190366,170.0,cis,0.524334922,5049,190366,190872,True
YHR042W,NCP1,7.925885256,0.156229182,0,1272,4,43708,inf,trans,0.156229182,1272,37106,52141,False
YHR042W,NCP1,7.674340209,0.173822147,1,10191,15,171671,inf,trans,0.173822147,10191,165912,184082,False
YMR145C,NDE1; NDH1,21.43385866,0.283589179,1,10191,15,171671,inf,trans,0.283589179,10191,165912,184082,False
YMR145C,NDE1; NDH1,19.77727641,0.2437153,0,7978,12,569926,inf,trans,0.2437153,7978,563476,576167,False
YMR145C,NDE1; NDH1,16.62015831,0.219466393,0,7852,12,441706,inf,trans,0.219466393,7852,425418,443164,False
YMR145C,NDE1; NDH1,14.66792781,0.214643695,0,5613,9,139266,inf,trans,0.214643695,5613,125289,144955,False
YMR145C,NDE1; NDH1,14.27587041,-0.279068254,1,8458,13,56990,497802.0,trans,0.279068254,8458,55098,73225,False
YMR145C,NDE1; NDH1,8.373229224,0.15799417,0,635,2,510140,inf,trans,0.15799417,635,498324,524731,False
YMR145C,NDE1; NDH1,7.643319696,0.143013489,1,6892,11,116979,inf,trans,0.143013489,6892,102671,125700,False
YMR145C,NDE1; NDH1,7.083050298,-0.162248038,0,8809,13,503653,51139.0,trans,0.162248038,8809,499228,506332,False
YMR145C,NDE1; NDH1,6.879729838,-0.134367446,0,10840,15,852168,inf,trans,0.134367446,10840,841052,876222,False
YMR145C,NDE1; NDH1,5.34586291,-0.124304148,1,2275,4,957589,inf,trans,0.124304148,2275,956734,961744,False
YML120C,NDI1,16.46157722,-0.317351599,0,8461,13,60008,30201.0,trans,0.317351599,8461,55098,73814,False
YML120C,NDI1,16.1728385,0.26106949,0,10186,15,170347,inf,trans,0.26106949,10186,165912,184082,False
YML120C,NDI1,15.67054744,0.238898721,0,5609,9,138029,inf,trans,0.238898721,5609,125289,144955,False
YML120C,NDI1,9.675018168,-0.17613357,0,8816,13,509524,479717.0,trans,0.17613357,8816,500062,513217,False
YML120C,NDI1,8.643997335,0.180452373,0,637,2,517869,inf,trans,0.180452373,637,505207,530047,False
YML120C,NDI1,7.109294181,0.148043769,0,7974,12,567889,inf,trans,0.148043769,7974,563476,576167,False
YML120C,NDI1,7.026261378,-0.147598747,1,2276,4,959283,inf,trans,0.147598747,2276,956734,980835,False
YML120C,NDI1,6.683925728,0.141928644,1,7862,12,449184,inf,trans,0.141928644,7862,448368,491881,False
YML120C,NDI1,6.224074461,-0.144483123,0,8665,13,329923,300116.0,trans,0.144483123,8665,329611,333904,False
YML120C,NDI1,5.632211952,-0.128632436,1,10868,15,888555,inf,trans,0.128632436,10868,880049,906722,False
YML120C,NDI1,4.932065747,0.119924883,0,11274,16,159409,inf,trans,0.119924883,11274,149006,168266,False
YML120C,NDI1,4.619703793,-0.123561692,0,5345,8,475895,inf,trans,0.123561692,5345,465663,481335,False
YML120C,NDI1,4.265405723,0.114704808,0,8118,12,760199,inf,trans,0.114704808,8118,749514,773247,False
YKL067W,YNK1,6.739759063,0.182892878,0,10192,15,172074,inf,trans,0.182892878,10192,165912,184082,False
YKL067W,YNK1,6.228054441,0.224665521,0,11048,15,1077950,inf,trans,0.224665521,11048,1077950,1077950,False
YKL067W,YNK1,5.46678467,-0.185474616,1,8457,13,55098,inf,trans,0.185474616,8457,55098,65881,False
YKL067W,YNK1,5.051943457,-0.138499642,0,8812,13,506197,inf,trans,0.138499642,8812,495523,511842,False
YKL067W,YNK1,5.011484656,0.1385768,0,11691,16,584269,inf,trans,0.1385768,11691,571530,593213,False
YKL067W,YNK1,4.797754121,-0.26640138,0,4732,7,951285,inf,trans,0.26640138,4732,951285,951285,False
YPL226W,NEW1,10.10113732,-0.212062405,0,11683,16,575622,450265.0,trans,0.212062405,11683,554350,590624,False
YPL226W,NEW1,6.473405159,0.687452328,0,7873,12,460678,inf,trans,0.687452328,7873,460678,460678,False
YKL040C,NFU1; NUB1,33.29413512,0.363853086,0,7131,11,362163,692.0,cis,0.363853086,7131,352832,367086,True
YKL040C,NFU1; NUB1,7.865338486,-0.166279612,0,11684,16,576040,inf,trans,0.166279612,11684,571530,591786,False
YPR052C,NHP6A; NHPA,8.716118092,0.191601687,0,10192,15,172074,inf,trans,0.191601687,10192,165912,184082,False
YPR052C,NHP6A; NHPA,6.493159417,0.142862974,0,5615,9,142542,inf,trans,0.142862974,5615,131829,155581,False
YPR052C,NHP6A; NHPA,5.730609218,-0.267534841,0,7550,12,131003,inf,trans,0.267534841,7550,126688,144481,False
YPR052C,NHP6A; NHPA,5.685149961,-0.13175669,0,6006,10,61545,inf,trans,0.13175669,6006,61391,68934,False
YPR052C,NHP6A; NHPA,5.516181906,-0.259864874,0,2816,5,22917,inf,trans,0.259864874,2816,18746,25103,False
YPR052C,NHP6A; NHPA,5.023762838,-0.124546844,0,10011,15,14837,inf,trans,0.124546844,10011,14837,14837,False
YPR052C,NHP6A; NHPA,4.951964793,-0.343842312,0,1394,4,149162,inf,trans,0.343842312,1394,149162,149162,False
YPR052C,NHP6A; NHPA,4.764601224,0.237126596,0,9117,13,774724,inf,trans,0.237126596,9117,774724,774724,False
YBR089C-A,NHP6B; NHPB,10.64827471,0.242400935,0,10187,15,170413,inf,trans,0.242400935,10187,165912,184082,False
YBR089C-A,NHP6B; NHPB,6.28720364,-0.22013617,0,8460,13,58847,inf,trans,0.22013617,8460,55098,73225,False
YBR089C-A,NHP6B; NHPB,5.815573615,-0.200807819,0,5056,8,193438,inf,trans,0.200807819,5056,191947,200617,False
YBR089C-A,NHP6B; NHPB,5.168303596,0.142861051,1,5214,8,372172,inf,trans,0.142861051,5214,363516,378565,False
YLR351C,NIT3,8.362349241,0.765142072,0,7873,12,460678,368810.0,trans,0.765142072,7873,460678,460678,False
YLR351C,NIT3,7.613553493,0.199067383,1,10191,15,171671,inf,trans,0.199067383,10191,165912,184082,False
YLR351C,NIT3,5.677603086,-0.147026398,0,10827,15,834594,inf,trans,0.147026398,10827,829621,834594,False
YLR351C,NIT3,5.618093605,-0.424423378,0,7031,11,231612,inf,trans,0.424423378,7031,231612,231612,False
YLR351C,NIT3,4.567019869,0.130853553,0,5176,8,334394,inf,trans,0.130853553,5176,329765,334860,False
YLR351C,NIT3,4.499284056,0.14725787,0,12039,17,48143,inf,trans,0.14725787,12039,48143,48143,False
YLR351C,NIT3,4.444405293,-0.128297747,0,1993,4,679624,inf,trans,0.128297747,1993,667986,696549,False
YLR351C,NIT3,4.392980234,-0.127679171,1,11405,16,262948,inf,trans,0.127679171,11405,248105,279067,False
YLR351C,NIT3,4.346127908,0.125870834,1,6199,10,349573,inf,trans,0.125870834,6199,340762,349573,False
YLR328W,NMA1,7.308076229,0.196756524,0,8681,13,345749,inf,trans,0.196756524,8681,338431,350249,False
YLR328W,NMA1,6.050316605,0.713062128,0,7873,12,460678,324235.0,trans,0.713062128,7873,460678,460678,False
YHR170W,NMD3,11.17171284,0.242926189,0,5308,8,449957,4572.0,trans,0.242926189,5308,425448,460316,False
YKL151C,YKL151C; YKL606,7.588519336,0.21828641,0,10190,15,171150,inf,trans,0.21828641,10190,165912,184082,False
YKL151C,YKL151C; YKL606,5.864325662,0.182246327,1,4041,7,206341,inf,trans,0.182246327,4041,206341,206341,False
YPL093W,NOG1,7.830990599,-0.215767094,0,10197,15,180978,inf,trans,0.215767094,10197,168199,185951,False
YOL041C,NOP12,7.006897548,1.016067951,0,10777,15,785154,532509.0,trans,1.016067951,10777,785154,785154,False
YNL175C,NOP13,8.630380083,0.230764637,0,10148,15,134750,inf,trans,0.230764637,10148,109676,136895,False
YNL175C,NOP13,5.411440943,0.303761118,0,2568,4,1354715,inf,trans,0.303761118,2568,1352371,1354715,False
YNL175C,NOP13,5.149219388,-0.179456885,0,10157,15,144887,inf,trans,0.179456885,10157,143047,151907,False
YNL061W,NOP2; YNA1,14.15081342,-0.263335916,1,10198,15,181071,inf,trans,0.263335916,10198,168199,185951,False
YNL061W,NOP2; YNA1,8.186733563,-0.173232219,0,11683,16,575622,inf,trans,0.173232219,11683,554350,590624,False
YNL061W,NOP2; YNA1,6.472709512,-0.361516487,0,8525,13,99287,inf,trans,0.361516487,8525,99287,99287,False
YNL061W,NOP2; YNA1,6.038875161,0.790227865,0,4215,7,414263,inf,trans,0.790227865,4215,414263,414263,False
YNL061W,NOP2; YNA1,5.541106818,-0.274660631,0,6228,10,388260,inf,trans,0.274660631,6228,388260,388260,False
YNL061W,NOP2; YNA1,5.362858016,0.420803196,1,3938,7,80602,inf,trans,0.420803196,3938,80602,80602,False
YNL061W,NOP2; YNA1,4.616299411,0.128580014,0,8679,13,343706,inf,trans,0.128580014,8679,338431,345749,False
YDR432W,,8.039382629,-0.350647918,0,1784,4,520430,808345.0,trans,0.350647918,1784,520430,520430,False
YDR432W,,5.968334569,0.336546374,0,5613,9,139266,inf,trans,0.336546374,5613,125289,144955,False
YDR432W,,5.762523694,0.307020567,0,896,3,757,inf,trans,0.307020567,896,757,757,False
YDR432W,,5.175964251,0.367558001,0,261,2,84412,inf,trans,0.367558001,261,84412,84412,False
YDR432W,,5.082908579,0.266982073,0,1094,3,201026,inf,trans,0.266982073,1094,198615,201026,False
YDR432W,,4.899423481,0.263317058,0,11278,16,164219,inf,trans,0.263317058,11278,163733,164219,False
YPL043W,NOP4; NOP77,6.345233007,0.156601393,0,11597,16,473892,1899.0,trans,0.156601393,11597,464655,481940,False
YLR197W,NOP56; SIK1,14.56517944,-0.237640035,1,7927,12,543480,2619.0,trans,0.237640035,7927,536833,552743,False
YLR197W,NOP56; SIK1,8.371684895,-0.190491955,0,10201,15,184074,inf,trans,0.190491955,10201,170682,185951,False
YLR197W,NOP56; SIK1,5.598563785,-0.171461671,1,11042,15,1074311,inf,trans,0.171461671,11042,1074311,1074311,False
YOR310C,NOP58; NOP5,8.675292234,-0.200564517,0,10195,15,179652,717170.0,trans,0.200564517,10195,165912,185951,False
YOR310C,NOP58; NOP5,7.865837554,-0.226199896,1,1891,4,584486,inf,trans,0.226199896,1891,565447,592839,False
YPL006W,NCR1,8.980343461,0.70116384,0,993,3,84800,inf,trans,0.70116384,993,84800,84800,False
YPL006W,NCR1,6.050319185,0.2067443,1,826,2,757162,inf,trans,0.2067443,826,757162,757162,False
YPL006W,NCR1,5.844552423,-0.346297192,1,5416,8,541428,inf,trans,0.346297192,5416,541428,541428,False
YDL046W,NPC2,7.004970064,0.192518034,1,10198,15,181071,inf,trans,0.192518034,10198,168199,185951,False
YDL046W,NPC2,5.639446435,-0.3080149,1,1781,4,512749,140991.0,trans,0.3080149,1781,487562,521148,False
YOR209C,NPT1,11.05067495,0.593211722,0,7031,11,231612,inf,trans,0.593211722,7031,231612,231612,False
YOR209C,NPT1,6.429011486,-0.295928517,0,1784,4,520430,inf,trans,0.295928517,1784,520430,520430,False
YOR209C,NPT1,6.028523452,-0.146909236,0,9794,14,642447,inf,trans,0.146909236,9794,620369,648789,False
YOR209C,NPT1,5.737638296,0.139828413,0,2480,4,1248695,inf,trans,0.139828413,2480,1242195,1256509,False
YOR209C,NPT1,4.857776641,-0.290564327,0,8669,13,331971,inf,trans,0.290564327,8669,331971,331971,False
YOR209C,NPT1,4.541585319,0.25139212,1,4648,7,876951,inf,trans,0.25139212,4648,876951,876951,False
YOR209C,NPT1,4.521568689,-0.260379989,0,996,3,84937,inf,trans,0.260379989,996,84937,84937,False
YJL041W,NSP1,8.055602894,0.216284196,0,10192,15,172074,inf,trans,0.216284196,10192,165912,184082,False
YGR159C,NSR1,7.946734131,0.859028715,0,3121,5,266246,inf,trans,0.859028715,3121,266246,266246,False
YGR159C,NSR1,7.363932306,0.5492207,0,993,3,84800,inf,trans,0.5492207,993,84800,84800,False
YGR159C,NSR1,5.832166202,0.29261204,0,5420,8,554022,inf,trans,0.29261204,5420,554022,554022,False
YGR159C,NSR1,5.036973338,0.277120711,0,896,3,757,inf,trans,0.277120711,896,757,757,False
YGR159C,NSR1,4.882193127,-0.125486391,0,3016,5,178674,inf,trans,0.125486391,3016,164144,187642,False
YER009W,NTF2,9.011059068,-0.405752946,0,1784,4,520430,inf,trans,0.405752946,1784,520430,520430,False
YJL208C,NUC1,6.32938509,-0.165695355,0,1940,4,624555,inf,trans,0.165695355,1940,613791,629973,False
YER006W,NUG1,6.733655191,-0.177090202,0,11684,16,576040,inf,trans,0.177090202,11684,571530,591786,False
YLR335W,NUP2,10.66046827,-0.208083763,0,8147,12,797168,262.0,cis,0.208083763,8147,790027,807547,True
YLR335W,NUP2,6.112785911,-0.477707696,0,4248,7,433855,inf,trans,0.477707696,4248,433855,433855,False
YLR335W,NUP2,5.136395271,0.138559675,1,1943,4,629973,inf,trans,0.138559675,1943,623642,631409,False
YGR119C,NUP57,11.47208969,0.254811501,1,10192,15,172074,inf,trans,0.254811501,10192,165912,184082,False
YGR119C,NUP57,7.530002131,0.180599814,0,11678,16,572250,inf,trans,0.180599814,11678,546787,587778,False
YKL120W,OAC1,9.380886824,-0.207732124,0,10198,15,181071,inf,trans,0.207732124,10198,168199,185951,False
YKL120W,OAC1,5.69392855,0.14036956,0,4295,7,477678,inf,trans,0.14036956,4295,469647,492815,False
YKL120W,OAC1,5.014171759,-0.12978507,0,1141,3,245238,inf,trans,0.12978507,1141,238714,248454,False
YKL120W,OAC1,4.922029316,-0.127597448,0,7981,12,570792,inf,trans,0.127597448,7981,563476,576167,False
YKL120W,OAC1,4.728535267,0.150966753,0,5808,9,287755,inf,trans,0.150966753,5808,286125,289513,False
YNL099C,OCA1,6.930308591,0.481231808,0,4207,7,412630,inf,trans,0.481231808,4207,412630,412630,False
YOR222W,ODC2,75.73786003,-0.564653091,0,10727,15,757952,379.0,cis,0.564653091,10727,748030,766858,True
YIL125W,KGD1; OGD1,31.63672537,0.378659628,1,10191,15,171671,inf,trans,0.378659628,10191,165912,184082,False
YIL125W,KGD1; OGD1,17.92772594,-0.308663305,1,8473,13,70356,inf,trans,0.308663305,8473,56990,77330,False
YIL125W,KGD1; OGD1,14.50794155,0.21430847,0,7978,12,569926,inf,trans,0.21430847,7978,563476,576167,False
YIL125W,KGD1; OGD1,13.01286027,0.30106486,1,11680,16,572345,inf,trans,0.30106486,11680,572345,572345,False
YIL125W,KGD1; OGD1,9.379418962,0.259199118,0,5611,9,138792,13059.0,trans,0.259199118,5611,122617,144955,False
YIL125W,KGD1; OGD1,6.437330309,0.137452206,0,8103,12,736985,inf,trans,0.137452206,8103,727931,754859,False
YIL125W,KGD1; OGD1,6.390516835,-0.137904466,0,1195,3,290527,inf,trans,0.137904466,1195,282537,302380,False
YIL125W,KGD1; OGD1,6.343707761,-0.384311277,0,7031,11,231612,inf,trans,0.384311277,7031,231612,231612,False
YIL125W,KGD1; OGD1,5.932489477,0.141621009,0,642,2,523217,inf,trans,0.141621009,642,505207,530047,False
YIL125W,KGD1; OGD1,5.814152686,-0.136911006,0,8665,13,329923,inf,trans,0.136911006,8665,329611,333904,False
YIL125W,KGD1; OGD1,5.335034945,-0.123895167,1,2276,4,959283,inf,trans,0.123895167,2276,956734,980835,False
YIL125W,KGD1; OGD1,5.21093655,0.124081849,0,7857,12,442845,inf,trans,0.124081849,7857,430049,443164,False
YIL125W,KGD1; OGD1,4.90008939,-0.116717736,0,9762,14,614340,inf,trans,0.116717736,9762,602396,641214,False
YIL125W,KGD1; OGD1,4.811669072,0.211831402,1,5038,8,170619,inf,trans,0.211831402,5038,170619,170619,False
YIL125W,KGD1; OGD1,4.342063742,0.294360767,0,8412,13,8262,inf,trans,0.294360767,8412,8262,8262,False
YIL125W,KGD1; OGD1,4.191454966,-0.163573684,0,5581,9,125289,0.0,cis,0.163573684,5581,103774,139442,True
YDR148C,KGD2,28.22435179,0.361429313,1,10191,15,171671,inf,trans,0.361429313,10191,165912,184082,False
YDR148C,KGD2,16.59311611,0.236808466,0,5610,9,138636,inf,trans,0.236808466,5610,125289,144955,False
YDR148C,KGD2,14.63139289,-0.304443371,1,8458,13,56990,inf,trans,0.304443371,8458,55098,73225,False
YDR148C,KGD2,11.53645117,0.195292252,0,11687,16,578941,inf,trans,0.195292252,11687,571530,591786,False
YDR148C,KGD2,7.714286848,0.155596837,0,7978,12,569926,inf,trans,0.155596837,7978,563476,576167,False
YDR148C,KGD2,6.971011892,0.160392121,0,642,2,523217,inf,trans,0.160392121,642,505207,530047,False
YDR148C,KGD2,6.64807399,0.146136502,1,8313,12,974973,inf,trans,0.146136502,8313,961463,990758,False
YDR148C,KGD2,6.45919344,0.142108506,0,8105,12,737776,inf,trans,0.142108506,8105,727931,749514,False
YDR148C,KGD2,6.118586852,-0.143773848,0,8665,13,329923,inf,trans,0.143773848,8665,329611,333904,False
YDR148C,KGD2,5.485574667,0.795304925,0,10777,15,785154,inf,trans,0.795304925,10777,785154,785154,False
YDR148C,KGD2,5.334941716,-0.12588255,1,7190,11,428422,inf,trans,0.12588255,7190,411456,448760,False
YDR148C,KGD2,4.822529169,-0.141090844,1,8856,13,538631,inf,trans,0.141090844,8856,536190,538631,False
YDR148C,KGD2,4.292397553,0.296324571,0,4186,7,394889,inf,trans,0.296324571,4186,394889,394889,False
YDR148C,KGD2,4.151471383,0.110434916,0,10993,15,1015033,inf,trans,0.110434916,10993,1010191,1018776,False
YNL071W,LAT1,19.92200723,0.256048049,1,9605,14,485955,5569.0,trans,0.256048049,9605,478868,485955,False
YNL071W,LAT1,18.85520401,0.289876457,0,10192,15,172074,inf,trans,0.289876457,10192,165912,184082,False
YNL071W,LAT1,13.40735734,0.283825892,0,11688,16,579283,inf,trans,0.283825892,11688,559542,591786,False
YNL071W,LAT1,7.87516534,-0.209292338,0,8461,13,60008,inf,trans,0.209292338,8461,55098,73814,False
YNL071W,LAT1,7.783355848,0.307946089,0,3437,5,563421,inf,trans,0.307946089,3437,561786,564360,False
YNL071W,LAT1,7.428504863,0.150380558,0,8111,12,746392,inf,trans,0.150380558,8111,732202,754859,False
YNL071W,LAT1,6.535029714,0.138339042,0,5616,9,144386,inf,trans,0.138339042,5616,132718,155581,False
YNL071W,LAT1,5.781994442,0.13609298,0,647,2,533672,inf,trans,0.13609298,647,528468,538990,False
YNL071W,LAT1,5.451123876,0.127785448,0,8718,13,393315,inf,trans,0.127785448,8718,386654,404548,False
YNL071W,LAT1,5.212461456,-0.124635747,0,7184,11,417049,inf,trans,0.124635747,7184,404841,428422,False
YNL071W,LAT1,5.159331115,-0.127727521,0,3122,5,266246,inf,trans,0.127727521,3122,260512,277836,False
YNL071W,LAT1,5.072150247,-0.851824601,0,6839,11,64101,inf,trans,0.851824601,6839,64101,64101,False
YNL071W,LAT1,4.962685105,-0.167041683,0,11673,16,561420,inf,trans,0.167041683,11673,535809,574886,False
YNL071W,LAT1,4.450451996,0.194077428,1,4758,7,983120,inf,trans,0.194077428,4758,983120,983120,False
YNL071W,LAT1,4.082622423,-0.212460755,0,3563,5,565800,inf,trans,0.212460755,3563,564732,566740,False
YNL071W,LAT1,3.962885574,-0.11183666,1,8664,13,329611,inf,trans,0.11183666,8664,329611,333904,False
YER178W,PDA1,14.61771125,0.267012602,1,10191,15,171671,inf,trans,0.267012602,10191,165912,184082,False
YER178W,PDA1,12.77480506,0.219671409,0,11677,16,571530,inf,trans,0.219671409,11677,544393,587778,False
YER178W,PDA1,6.886570135,-0.153297218,1,10918,15,956308,inf,trans,0.153297218,10918,950568,964403,False
YER178W,PDA1,5.463232529,0.658527564,0,5097,8,210269,inf,trans,0.658527564,5097,210269,210269,False
YER178W,PDA1,5.284733455,-0.132187845,1,9803,14,650841,inf,trans,0.132187845,9803,643364,651987,False
YER178W,PDA1,5.127407154,0.292704209,1,20,1,29283,inf,trans,0.292704209,20,29283,29283,False
YER178W,PDA1,4.615237662,-0.392883028,0,2066,4,758027,inf,trans,0.392883028,2066,758027,758027,False
YER178W,PDA1,4.462574195,0.331934569,1,957,3,56833,inf,trans,0.331934569,957,56833,56833,False
YER178W,PDA1,4.403028602,-0.119146869,1,2875,5,57276,489536.0,trans,0.119146869,2875,44304,66168,False
YER178W,PDA1,4.317808019,0.120199669,0,7045,11,245775,inf,trans,0.120199669,7045,236028,255600,False
YER178W,PDA1,4.304434561,-0.116638964,0,3043,5,214752,332060.0,trans,0.116638964,3043,210350,223004,False
YER178W,PDA1,4.132217894,-0.137273768,1,4267,7,442196,inf,trans,0.137273768,4267,442196,442196,False
YBR221C,PDB1,11.90050062,0.242897416,0,10190,15,171150,inf,trans,0.242897416,10190,165912,184082,False
YBR221C,PDB1,8.216481327,1.0866801,0,10777,15,785154,inf,trans,1.0866801,10777,785154,785154,False
YBR221C,PDB1,7.859728621,0.191711825,0,3484,5,564355,inf,trans,0.191711825,3484,563347,565122,False
YBR221C,PDB1,7.18509785,0.890368776,0,4215,7,414263,inf,trans,0.890368776,4215,414263,414263,False
YBR221C,PDB1,6.685297613,0.876145065,0,7686,12,265316,inf,trans,0.876145065,7686,265316,265316,False
YBR221C,PDB1,6.64138401,-0.445991024,0,7031,11,231612,inf,trans,0.445991024,7031,231612,231612,False
YBR221C,PDB1,6.516608732,-0.153181086,1,1934,4,621879,inf,trans,0.153181086,1934,621879,621879,False
YBR221C,PDB1,4.924622165,0.131054556,0,11677,16,571530,inf,trans,0.131054556,11677,544393,587778,False
YBR221C,PDB1,4.572095154,0.123790592,0,5214,8,372172,inf,trans,0.123790592,5214,363516,378565,False
YBR025C,OLA1,18.78558003,-0.25061062,0,11689,16,579790,inf,trans,0.25061062,11689,554350,591786,False
YBR025C,OLA1,17.55498965,-0.270490971,1,10195,15,179652,inf,trans,0.270490971,10195,165912,185951,False
YBR025C,OLA1,11.2659622,-0.186780922,0,1277,4,48617,inf,trans,0.186780922,1277,37106,60023,False
YBR025C,OLA1,9.660198781,-1.53138586,0,8368,12,1019132,inf,trans,1.53138586,8368,1019132,1019132,False
YBR025C,OLA1,7.736563563,0.208690595,1,2146,4,850450,inf,trans,0.208690595,2146,843818,858371,False
YBR025C,OLA1,6.7673991,-0.142431517,0,11836,16,737361,inf,trans,0.142431517,11836,719912,747487,False
YBR025C,OLA1,6.191788168,0.32957015,0,844,2,780425,488560.0,trans,0.32957015,844,780425,780425,False
YBR025C,OLA1,5.887165665,-0.13210944,0,11009,15,1039474,inf,trans,0.13210944,11009,1039474,1041240,False
YBR025C,OLA1,5.689567499,0.264766559,0,2568,4,1354715,inf,trans,0.264766559,2568,1352371,1354715,False
YBR025C,OLA1,5.493303933,-0.125281489,0,10727,15,757952,inf,trans,0.125281489,10727,748030,766858,False
YBR025C,OLA1,5.13933002,-0.120124556,1,394,2,210102,80579.0,trans,0.120124556,394,198110,215016,False
YBR025C,OLA1,4.825650723,0.214872667,0,9675,14,569854,inf,trans,0.214872667,9675,569854,569854,False
YBR025C,OLA1,4.792451775,0.295768516,0,11039,15,1071630,inf,trans,0.295768516,11039,1071630,1071630,False
YBR025C,OLA1,4.729773024,0.152880933,1,11226,16,117213,inf,trans,0.152880933,11226,117213,117213,False
YBR025C,OLA1,4.66548239,-0.155707978,0,2128,4,843045,inf,trans,0.155707978,2128,838720,849577,False
YBR025C,OLA1,4.577112507,0.263253116,0,11617,16,500581,inf,trans,0.263253116,11617,500581,500581,False
YBR025C,OLA1,4.53478544,0.11607154,0,7500,12,93045,inf,trans,0.11607154,7500,91612,98701,False
YBR025C,OLA1,4.218863352,0.19325015,1,4949,8,105612,inf,trans,0.19325015,4949,105612,105612,False
YBR025C,OLA1,4.104112957,0.121118543,0,6275,10,417543,inf,trans,0.121118543,6275,413692,448026,False
YBR025C,OLA1,3.927284526,-0.103611099,0,9244,13,909982,inf,trans,0.103611099,9244,899239,914897,False
YBR025C,OLA1,3.886582345,-0.104288958,0,3298,5,523232,inf,trans,0.104288958,3298,519067,526007,False
YIL136W,OM45,26.08953127,0.294944574,0,11685,16,576347,inf,trans,0.294944574,11685,564355,591786,False
YIL136W,OM45,11.15964588,0.194335077,0,636,2,517548,inf,trans,0.194335077,636,505207,530047,False
YIL136W,OM45,10.82979509,0.316621468,1,10191,15,171671,inf,trans,0.316621468,10191,165912,184082,False
YIL136W,OM45,8.173288634,-0.207652375,0,8462,13,60048,inf,trans,0.207652375,8462,55098,75198,False
YIL136W,OM45,7.969752497,0.151366207,1,5622,9,150475,55675.0,trans,0.151366207,5622,142542,158904,False
YIL136W,OM45,7.151995342,-0.184700208,1,1595,4,293190,inf,trans,0.184700208,1595,283830,303011,False
YIL136W,OM45,6.102760398,0.132416984,0,3669,6,71471,inf,trans,0.132416984,3669,62743,74913,False
YIL136W,OM45,5.962790003,0.217745959,0,10200,15,183037,inf,trans,0.217745959,10200,170347,185951,False
YIL136W,OM45,5.405004058,0.128586745,0,4377,7,598680,inf,trans,0.128586745,4377,587567,607810,False
YIL136W,OM45,5.255493333,-0.119043489,0,3868,7,14747,inf,trans,0.119043489,3868,595,23383,False
YIL136W,OM45,4.877023757,0.114824315,0,8307,12,970600,inf,trans,0.114824315,8307,956127,987293,False
YIL136W,OM45,4.758745067,0.114828493,0,8108,12,740250,inf,trans,0.114828493,8108,732202,754859,False
YIL136W,OM45,4.542258725,0.145838959,0,1616,4,307387,inf,trans,0.145838959,1616,302611,314015,False
YIL136W,OM45,4.09697667,0.102430997,0,10992,15,1014707,inf,trans,0.102430997,10992,1010191,1018776,False
YHR001W,OSH7,7.529560274,0.207273364,0,10189,15,170944,inf,trans,0.207273364,10189,165912,184082,False
YEL002C,WBP1,5.883105285,0.995919054,0,10777,15,785154,inf,trans,0.995919054,10777,785154,785154,False
YJL088W,ARG3,30.72988287,0.341989793,0,6148,10,268671,123.0,cis,0.341989793,6148,256140,275952,True
YJL088W,ARG3,9.516044829,0.211074281,0,8455,13,50766,inf,trans,0.211074281,8455,44607,50766,False
YJL088W,ARG3,8.771381598,-0.172182549,0,8688,13,352789,inf,trans,0.172182549,8688,347381,367606,False
YJL088W,ARG3,7.624846798,0.158454345,0,1527,4,267372,inf,trans,0.158454345,1527,259994,271787,False
YJL088W,ARG3,6.546418778,-0.244294577,1,8320,12,982986,inf,trans,0.244294577,8320,968660,994744,False
YJL088W,ARG3,6.360152681,-0.145380969,0,1878,4,576758,inf,trans,0.145380969,1878,563928,591983,False
YJL088W,ARG3,5.871364171,-0.154643453,0,10191,15,171671,inf,trans,0.154643453,10191,165912,184082,False
YJL088W,ARG3,5.185936324,0.128660521,0,11348,16,199543,inf,trans,0.128660521,11348,195694,212773,False
YJL088W,ARG3,4.607633914,-0.1166993,0,6950,11,162925,inf,trans,0.1166993,6950,137613,171647,False
YJL088W,ARG3,4.523430829,-0.117056478,0,5816,9,299767,inf,trans,0.117056478,5816,289043,304133,False
YJL088W,ARG3,4.440987053,0.115678564,0,7190,11,428422,inf,trans,0.115678564,7190,411456,448760,False
YHR179W,OYE2,18.11072218,-0.245274533,1,5327,8,463767,63.0,cis,0.245274533,5327,463767,465742,True
YHR179W,OYE2,17.15456784,-0.265082878,0,10190,15,171150,inf,trans,0.265082878,10190,165912,184082,False
YHR179W,OYE2,12.46869087,-0.196443851,0,7977,12,569918,inf,trans,0.196443851,7977,563476,576167,False
YHR179W,OYE2,10.23561696,-0.174611213,0,5611,9,138792,inf,trans,0.174611213,5611,122617,144955,False
YHR179W,OYE2,9.094538343,-0.165339905,0,7854,12,442615,inf,trans,0.165339905,7854,425418,443164,False
YHR179W,OYE2,8.379967203,0.158223231,1,1276,4,48267,inf,trans,0.158223231,1276,37106,56089,False
YHR179W,OYE2,6.447105739,0.388986769,0,7031,11,231612,inf,trans,0.388986769,7031,231612,231612,False
YHR179W,OYE2,4.806931405,-0.119617937,0,620,2,498324,inf,trans,0.119617937,620,495558,510140,False
YHR179W,OYE2,4.649556913,-0.112170487,1,6892,11,116979,inf,trans,0.112170487,6892,102671,125700,False
YHR179W,OYE2,4.258551141,-0.107173111,0,1087,3,196733,inf,trans,0.107173111,1087,186935,204903,False
YHR179W,OYE2,4.226030991,0.123626408,0,8447,13,43354,inf,trans,0.123626408,8447,43096,46758,False
YHR179W,OYE2,4.088877498,0.21475185,0,7146,11,379892,inf,trans,0.21475185,7146,376286,380964,False
YHR179W,OYE2,4.088439875,-0.26100953,0,844,2,780425,inf,trans,0.26100953,844,780425,780425,False
YHR179W,OYE2,4.08786644,-0.104378058,0,10992,15,1014707,inf,trans,0.104378058,10992,1010191,1018776,False
YHR179W,OYE2,4.048979399,0.131468901,1,2668,4,1458160,inf,trans,0.131468901,2668,1458160,1458160,False
YHR179W,OYE2,4.024992803,0.233196967,0,1675,4,383923,inf,trans,0.233196967,1675,383923,383923,False
YER023W,PRO3; ORE2,6.993568939,-0.160123153,1,11348,16,199543,inf,trans,0.160123153,11348,195694,212773,False
YER023W,PRO3; ORE2,5.578191709,0.176780944,1,10258,15,236985,inf,trans,0.176780944,10258,236985,236985,False
YER023W,PRO3; ORE2,5.476085569,0.136045099,0,5195,8,353097,inf,trans,0.136045099,5195,342706,361900,False
YDR071C,PAA1,5.729697252,0.169448535,0,10193,15,172102,inf,trans,0.169448535,10193,165912,184082,False
YDR071C,PAA1,5.530828647,0.311211597,0,896,3,757,inf,trans,0.311211597,896,757,757,False
YDR071C,PAA1,5.268296973,-0.285828088,0,1784,4,520430,68395.0,trans,0.285828088,1784,520430,520430,False
YDR071C,PAA1,5.068781119,-0.137530266,0,1187,3,285659,inf,trans,0.137530266,1187,267625,297295,False
YIR006C,PAN1,6.747143673,0.190588935,0,10193,15,172102,inf,trans,0.190588935,10193,165912,184082,False
YIR006C,PAN1,6.480354188,-0.612926682,0,9532,14,379436,inf,trans,0.612926682,9532,379436,379436,False
YIR006C,PAN1,6.37104434,0.160092663,0,7976,12,568225,inf,trans,0.160092663,7976,563476,576167,False
YIR006C,PAN1,6.02330966,-0.168787698,0,7570,12,140997,inf,trans,0.168787698,7570,128383,158615,False
YIR006C,PAN1,5.44737186,-0.250101986,1,4840,7,1068695,inf,trans,0.250101986,4840,1068695,1068695,False
YIL145C,PAN6,17.52034853,-0.278877305,1,5538,9,76394,0.0,cis,0.278877305,5538,69704,86720,True
YHR063C,PAN5,9.827818324,0.219152943,0,5108,8,225328,157.0,cis,0.219152943,5108,221387,231269,True
YHR063C,PAN5,4.893336126,0.146876846,0,5074,8,197968,26064.0,trans,0.146876846,5074,191947,206590,False
YHR063C,PAN5,4.830122613,-0.227434036,1,1002,3,92556,inf,trans,0.227434036,1002,79867,96560,False
YHR063C,PAN5,4.747651691,0.85822142,0,10777,15,785154,inf,trans,0.85822142,10777,785154,785154,False
YHR063C,PAN5,4.638911861,0.133882349,0,5293,8,432524,207353.0,trans,0.133882349,5293,425448,449957,False
YGR178C,PBP1; MRS16,7.304615043,-0.296370445,0,1321,4,84004,inf,trans,0.296370445,1321,68860,90424,False
YDL053C,PBP4,6.271712684,0.17033554,0,5609,9,138029,inf,trans,0.17033554,5609,125289,144955,False
YBR088C,POL30,12.98359997,0.258560738,0,10192,15,172074,inf,trans,0.258560738,10192,165912,184082,False
YBR088C,POL30,7.767814155,-0.398082906,1,5479,9,64645,inf,trans,0.398082906,5479,57000,72757,False
YBR088C,POL30,7.067686555,0.46552148,0,7031,11,231612,inf,trans,0.46552148,7031,231612,231612,False
YBR088C,POL30,5.929151277,0.149426505,0,9837,14,704255,inf,trans,0.149426505,9837,704255,704301,False
YBR088C,POL30,5.486478583,0.13935244,0,11693,16,584582,inf,trans,0.13935244,11693,571530,593213,False
YBR088C,POL30,5.114397594,0.311997052,1,5529,9,72757,inf,trans,0.311997052,5529,64645,77957,False
YBR088C,POL30,4.841038478,-0.129831276,0,565,2,441927,16167.0,trans,0.129831276,565,429095,446471,False
YLR044C,PDC1,9.909771081,-0.228443248,0,10183,15,168592,inf,trans,0.228443248,10183,165912,181071,False
YLR044C,PDC1,7.227036898,0.181975122,1,10858,15,874597,inf,trans,0.181975122,10858,859618,880507,False
YLR044C,PDC1,5.310401672,-0.146403671,0,7980,12,570630,336548.0,trans,0.146403671,7980,563476,576167,False
YCL043C,PDI1,9.285838182,0.174310625,0,4457,7,659437,inf,trans,0.174310625,4457,652017,669370,False
YCL043C,PDI1,6.909756358,0.149364774,0,2479,4,1248530,inf,trans,0.149364774,2479,1242195,1256509,False
YCL043C,PDI1,5.229850565,0.267747342,0,7161,11,387462,inf,trans,0.267747342,7161,387462,387462,False
YNL231C,PDR16; SFH3,29.39037182,0.3568606,1,4292,7,471518,inf,trans,0.3568606,4292,458896,479063,False
YNL231C,PDR16; SFH3,12.97578891,0.22664858,0,11689,16,579790,inf,trans,0.22664858,11689,554350,591786,False
YNL231C,PDR16; SFH3,5.257582882,0.136348758,0,11256,16,145918,inf,trans,0.136348758,11256,136628,156560,False
YNL231C,PDR16; SFH3,5.209135053,0.135660375,0,3172,5,341262,inf,trans,0.135660375,3172,336687,350876,False
YKR046C,PET10,22.26765035,0.305225152,1,10186,15,170347,inf,trans,0.305225152,10186,165912,184082,False
YKR046C,PET10,11.55552011,0.189638734,0,5610,9,138636,inf,trans,0.189638734,5610,125289,144955,False
YKR046C,PET10,10.32306934,0.181327047,0,7853,12,442034,inf,trans,0.181327047,7853,425418,443164,False
YKR046C,PET10,9.117908161,-0.167223412,0,1187,3,285659,inf,trans,0.167223412,1187,267625,297295,False
YKR046C,PET10,7.570800658,-0.203898664,0,8461,13,60008,inf,trans,0.203898664,8461,55098,73814,False
YKR046C,PET10,7.409130977,-0.147922204,0,10840,15,852168,inf,trans,0.147922204,10840,841052,876222,False
YKR046C,PET10,6.9188537,0.142011796,1,7985,12,574586,inf,trans,0.142011796,7985,567889,586321,False
YKR046C,PET10,6.416942308,0.13955709,1,10993,15,1015033,inf,trans,0.13955709,10993,1010191,1018776,False
YKR046C,PET10,5.215408618,-0.508173938,1,6263,10,416078,inf,trans,0.508173938,6263,410391,454991,False
YKR046C,PET10,4.948328539,-0.190635809,1,10104,15,93845,inf,trans,0.190635809,10104,93845,93845,False
YKR046C,PET10,4.947140465,-0.118687279,1,7190,11,428422,95443.0,trans,0.118687279,7190,411456,448760,False
YKR046C,PET10,4.55086587,0.121964805,0,637,2,517869,inf,trans,0.121964805,637,505207,530047,False
YML094W,GIM5; PFD5,7.385824111,0.207345749,0,8503,13,82403,0.0,cis,0.207345749,8503,75558,92384,True
YML094W,GIM5; PFD5,6.158484627,-0.190428488,0,4733,7,952040,inf,trans,0.190428488,4733,942301,957457,False
YML094W,GIM5; PFD5,5.510919857,0.176423447,0,7299,11,549457,inf,trans,0.176423447,7299,532258,559870,False
YLR200W,YKE2,7.234677594,0.909196426,0,3121,5,266246,inf,trans,0.909196426,3121,266246,266246,False
YLR200W,YKE2,6.112631139,-0.156036957,0,4117,7,326640,inf,trans,0.156036957,4117,315634,337273,False
YLR200W,YKE2,5.91533235,0.648282194,0,7873,12,460678,88336.0,trans,0.648282194,7873,460678,460678,False
YGR240C,PFK1,24.48481455,-0.327271056,1,10191,15,171671,inf,trans,0.327271056,10191,165912,184082,False
YGR240C,PFK1,12.70911567,-0.200389497,0,5610,9,138636,inf,trans,0.200389497,5610,125289,144955,False
YGR240C,PFK1,11.55956756,-0.188905782,0,7859,12,443030,inf,trans,0.188905782,7859,425418,443164,False
YGR240C,PFK1,11.26122069,-0.201479588,0,641,2,518844,inf,trans,0.201479588,641,505207,530047,False
YGR240C,PFK1,8.840165759,-0.170711454,0,8312,12,974945,inf,trans,0.170711454,8312,963579,987293,False
YGR240C,PFK1,8.316542165,-0.156706539,0,10992,15,1014707,inf,trans,0.156706539,10992,1010191,1018776,False
YGR240C,PFK1,8.107882996,-0.172997362,1,7975,12,568017,inf,trans,0.172997362,7975,568017,568017,False
YGR240C,PFK1,7.163468947,0.1521466,1,5478,9,62935,inf,trans,0.1521466,5478,57000,72697,False
YGR240C,PFK1,6.802996081,0.14056355,0,1284,4,52141,inf,trans,0.14056355,1284,43687,60460,False
YGR240C,PFK1,6.45743138,0.136511459,1,3704,6,95926,inf,trans,0.136511459,3704,95448,95926,False
YGR240C,PFK1,6.228134714,-0.134759197,0,11657,16,539109,inf,trans,0.134759197,11657,532338,565119,False
YGR240C,PFK1,5.736657682,0.1301456,0,11848,16,745923,inf,trans,0.1301456,11848,730557,757660,False
YGR240C,PFK1,5.470081102,0.125801032,1,801,2,725577,inf,trans,0.125801032,801,717833,734586,False
YGR240C,PFK1,5.156771537,0.122245589,1,5471,9,49801,inf,trans,0.122245589,5471,44433,49801,False
YGR240C,PFK1,5.074012285,0.131536787,0,4737,7,957457,13319.0,trans,0.131536787,4737,952040,957457,False
YGR240C,PFK1,4.725430932,0.149462048,1,8457,13,55098,inf,trans,0.149462048,8457,55098,65881,False
YGR240C,PFK1,4.064088766,-0.414053732,0,876,2,801689,inf,trans,0.414053732,876,801689,801690,False
YGR240C,PFK1,3.853330544,-0.102668665,1,4980,8,124640,inf,trans,0.102668665,4980,120385,140065,False
YGR240C,PFK1,3.832432668,-0.101484098,0,1135,3,237105,inf,trans,0.101484098,1135,233663,241126,False
YMR205C,PFK2,7.90747931,-0.166562064,1,7996,12,586321,inf,trans,0.166562064,7996,574586,604413,False
YMR205C,PFK2,7.728358001,-0.188118207,1,10191,15,171671,inf,trans,0.188118207,10191,165912,184082,False
YMR205C,PFK2,6.972317282,0.167293297,0,1936,4,621999,inf,trans,0.167293297,1936,614738,624555,False
YMR205C,PFK2,6.962242856,-0.153890162,0,7859,12,443030,inf,trans,0.153890162,7859,425418,443164,False
YMR205C,PFK2,6.873693858,-0.195452216,0,1874,4,575468,inf,trans,0.195452216,1874,562709,590025,False
YMR205C,PFK2,6.11798817,0.270560946,1,4277,7,459752,inf,trans,0.270560946,4277,459752,459752,False
YMR205C,PFK2,5.596909004,-0.756846348,0,4215,7,414263,inf,trans,0.756846348,4215,414263,414263,False
YMR205C,PFK2,5.56851509,0.136392881,0,7019,11,223086,inf,trans,0.136392881,7019,213574,230092,False
YMR205C,PFK2,4.668785853,-0.702661816,0,7686,12,265316,inf,trans,0.702661816,7686,265316,265316,False
YMR205C,PFK2,4.63816062,0.123125997,0,5470,9,49364,inf,trans,0.123125997,5470,44433,49801,False
YMR205C,PFK2,4.515936555,0.122575604,0,3666,6,65183,inf,trans,0.122575604,3666,57460,74406,False
YMR205C,PFK2,4.434565611,0.12358019,0,11349,16,202983,inf,trans,0.12358019,11349,196859,213411,False
YMR205C,PFK2,4.343864145,-0.739627488,0,10777,15,785154,inf,trans,0.739627488,10777,785154,785154,False
YMR205C,PFK2,4.30724373,0.253611553,0,4208,7,412630,inf,trans,0.253611553,4208,412630,412630,False
YMR205C,PFK2,4.283547833,0.116722223,0,11106,16,40390,inf,trans,0.116722223,11106,29135,46114,False
YMR205C,PFK2,4.206804383,0.165180827,1,6095,10,197405,inf,trans,0.165180827,6095,197405,197405,False
YCR012W,PGK1,13.46581928,-0.213347851,0,7978,12,569926,inf,trans,0.213347851,7978,563476,576167,False
YCR012W,PGK1,13.29071979,-0.212836646,0,7854,12,442615,inf,trans,0.212836646,7854,425418,443164,False
YCR012W,PGK1,9.384012688,-0.542073041,0,4248,7,433855,inf,trans,0.542073041,4248,433855,433855,False
YCR012W,PGK1,8.624381492,0.176100506,0,1031,3,136656,1088.0,trans,0.176100506,1031,126125,158006,False
YCR012W,PGK1,8.520954309,-0.260864249,1,9446,14,257173,inf,trans,0.260864249,9446,241965,257173,False
YCR012W,PGK1,8.177115063,-0.161841589,0,6892,11,116979,inf,trans,0.161841589,6892,102671,125700,False
YCR012W,PGK1,7.571418594,0.211709433,1,8460,13,58847,inf,trans,0.211709433,8460,55098,73225,False
YCR012W,PGK1,7.265257297,-0.264612471,0,4401,7,620294,inf,trans,0.264612471,4401,615456,624442,False
YCR012W,PGK1,7.091827264,0.240378838,0,6621,11,3599,inf,trans,0.240378838,6621,2733,10969,False
YCR012W,PGK1,5.919324152,-0.345687835,1,157,1,186896,inf,trans,0.345687835,157,183802,186896,False
YCR012W,PGK1,5.592962881,-0.137366933,0,5805,9,283213,inf,trans,0.137366933,5805,276483,289513,False
YCR012W,PGK1,5.49272825,0.130221731,0,10855,15,870871,inf,trans,0.130221731,10855,849407,880507,False
YCR012W,PGK1,5.452163498,0.166800993,0,2976,5,124644,inf,trans,0.166800993,2976,124644,132221,False
YCR012W,PGK1,4.903968861,-0.126394658,0,635,2,510140,inf,trans,0.126394658,635,498324,524731,False
YCR012W,PGK1,4.742634749,-0.167972303,1,4268,7,443332,inf,trans,0.167972303,4268,443332,443332,False
YCR012W,PGK1,4.462671116,0.188390893,0,9442,14,250455,inf,trans,0.188390893,9442,239611,257173,False
YCR012W,PGK1,4.385358849,-0.184420498,0,6760,11,20281,inf,trans,0.184420498,6760,15153,22005,False
YCR012W,PGK1,4.340772632,0.235837253,0,8194,12,845781,inf,trans,0.235837253,8194,845781,845781,False
YCR012W,PGK1,3.9310144,0.107090228,0,11458,16,283618,inf,trans,0.107090228,11458,266518,297486,False
YCR012W,PGK1,3.923497128,-0.260038819,0,3820,6,245963,inf,trans,0.260038819,3820,245963,245963,False
YCR012W,PGK1,3.915051462,0.183899014,1,4405,7,624442,inf,trans,0.183899014,4405,615456,634684,False
YMR105C,PGM2,24.51825882,0.326199295,0,10191,15,171671,inf,trans,0.326199295,10191,165912,184082,False
YMR105C,PGM2,11.47039776,0.190790021,1,11680,16,572345,inf,trans,0.190790021,11680,572345,572345,False
YMR105C,PGM2,7.440246632,0.150330054,0,3669,6,71471,inf,trans,0.150330054,3669,62743,74913,False
YMR105C,PGM2,7.390822317,0.149215797,0,9478,14,318991,inf,trans,0.149215797,9478,312060,332647,False
YMR105C,PGM2,6.282435299,0.14101616,0,8787,13,475855,41.0,cis,0.14101616,8787,459157,483306,True
YMR105C,PGM2,5.594488256,-0.158268932,0,2981,5,132221,inf,trans,0.158268932,2981,124644,157488,False
YMR105C,PGM2,5.428755151,-0.16605839,0,8461,13,60008,415888.0,trans,0.16605839,8461,55098,73814,False
YMR105C,PGM2,4.555022491,-0.125994705,0,6263,10,416078,inf,trans,0.125994705,6263,410391,454991,False
YGR132C,PHB1; PHB,30.44178822,0.394974868,1,10191,15,171671,inf,trans,0.394974868,10191,165912,184082,False
YGR132C,PHB1; PHB,10.776453,0.202613018,0,5613,9,139266,inf,trans,0.202613018,5613,125289,144955,False
YGR132C,PHB1; PHB,7.177604569,-0.212807724,0,8458,13,56990,inf,trans,0.212807724,8458,55098,73225,False
YGR132C,PHB1; PHB,6.749238296,0.150916838,0,7976,12,568225,inf,trans,0.150916838,7976,563476,576167,False
YGR132C,PHB1; PHB,6.482152697,-0.146737122,0,1187,3,285659,inf,trans,0.146737122,1187,267625,297295,False
YGR132C,PHB1; PHB,5.320894773,-0.155079222,0,8809,13,503653,inf,trans,0.155079222,8809,499228,506332,False
YGR132C,PHB1; PHB,4.956411651,-0.131872467,0,8664,13,329611,inf,trans,0.131872467,8664,329611,333904,False
YGR231C,PHB2,12.32423397,0.256914395,1,10191,15,171671,inf,trans,0.256914395,10191,165912,184082,False
YGR231C,PHB2,6.890610144,0.162911243,0,5611,9,138792,inf,trans,0.162911243,5611,122617,144955,False
YGR231C,PHB2,6.223122678,-0.211200002,1,8458,13,56990,inf,trans,0.211200002,8458,55098,73225,False
YGR231C,PHB2,4.920211335,0.133953381,1,8360,12,1012062,inf,trans,0.133953381,8360,1010871,1012062,False
YPL031C,PHO85; SSG3,7.548576832,0.212626448,0,10195,15,179652,inf,trans,0.212626448,10195,165912,185951,False
YBR106W,PHO88; SND3,10.07773597,-0.229723038,0,10197,15,180978,inf,trans,0.229723038,10197,168199,185951,False
YBR106W,PHO88; SND3,5.721154886,-0.146038364,0,7982,12,570843,inf,trans,0.146038364,7982,563476,576167,False
YBR106W,PHO88; SND3,5.480309712,0.268402936,1,6801,11,46711,inf,trans,0.268402936,6801,46711,46711,False
YBR106W,PHO88; SND3,5.078145816,-0.666874839,0,5097,8,210269,inf,trans,0.666874839,5097,210269,210269,False
YPR160W,GPH1,43.29397306,0.426034439,1,10191,15,171671,inf,trans,0.426034439,10191,165912,184082,False
YPR160W,GPH1,12.33962899,0.186494048,0,11689,16,579790,281512.0,trans,0.186494048,11689,554350,591786,False
YPR160W,GPH1,6.633485374,0.131314305,0,9477,14,317822,inf,trans,0.131314305,9477,312060,331132,False
YPR160W,GPH1,6.433421535,-0.172431537,0,8461,13,60008,inf,trans,0.172431537,8461,55098,73814,False
YPR160W,GPH1,6.311913224,0.12936847,1,3669,6,71471,inf,trans,0.12936847,3669,62743,74913,False
YPR160W,GPH1,6.102172446,0.124321691,0,1281,4,51735,inf,trans,0.124321691,1281,43687,60460,False
YPR160W,GPH1,5.929526618,-0.14032314,0,6276,10,417732,inf,trans,0.14032314,6276,413692,455828,False
YPR160W,GPH1,4.49783836,-0.111826006,1,7193,11,431308,inf,trans,0.111826006,7193,431308,431308,False
YPR160W,GPH1,4.306797729,-0.204322851,0,1784,4,520430,inf,trans,0.204322851,1784,520430,520430,False
YPR160W,GPH1,4.192317088,-0.161024837,0,10438,15,448815,inf,trans,0.161024837,10438,448815,448820,False
YGR086C,PIL1,47.33765418,0.354023661,0,11686,16,576969,inf,trans,0.354023661,11686,571530,591786,False
YGR086C,PIL1,14.45097935,0.196865708,0,642,2,523217,inf,trans,0.196865708,642,505207,530047,False
YGR086C,PIL1,12.55886037,0.330867308,1,10191,15,171671,inf,trans,0.330867308,10191,165912,184082,False
YGR086C,PIL1,9.240406682,0.144241932,1,3673,6,73433,inf,trans,0.144241932,3673,62743,75397,False
YGR086C,PIL1,9.037823937,-0.18126521,1,8471,13,69500,inf,trans,0.18126521,8471,56990,77330,False
YGR086C,PIL1,8.302646028,0.136811893,0,8108,12,740250,inf,trans,0.136811893,8108,732202,754859,False
YGR086C,PIL1,7.343948464,0.129079687,0,5613,9,139266,inf,trans,0.129079687,5613,125289,144955,False
YGR086C,PIL1,7.241776853,0.266399387,0,896,3,757,inf,trans,0.266399387,896,757,757,False
YGR086C,PIL1,6.603101129,-0.233892738,0,1784,4,520430,inf,trans,0.233892738,1784,520430,520430,False
YGR086C,PIL1,5.965926074,-0.109557526,1,5080,8,203274,inf,trans,0.109557526,5080,193408,206590,False
YGR086C,PIL1,5.247164987,-0.108219485,1,8670,13,333904,inf,trans,0.108219485,8670,329611,338431,False
YGR086C,PIL1,5.201214826,-0.103235422,0,3868,7,14747,634855.0,trans,0.103235422,3868,595,23383,False
YGR086C,PIL1,4.994605061,-0.291189653,1,8443,13,33830,inf,trans,0.291189653,8443,33830,33830,False
YGR086C,PIL1,4.99028452,-0.101357427,0,11827,16,726414,inf,trans,0.101357427,11827,714288,739602,False
YGR086C,PIL1,4.753638443,-0.101166073,0,9806,14,651964,inf,trans,0.101166073,9806,650841,651987,False
YGR086C,PIL1,4.637863534,0.095676042,0,10992,15,1014707,inf,trans,0.095676042,10992,1010191,1018776,False
YGR086C,PIL1,4.543093453,0.095995904,0,8309,12,972944,inf,trans,0.095995904,8309,960254,987293,False
YGR086C,PIL1,4.473077694,0.092964891,0,9391,14,187740,inf,trans,0.092964891,9391,182297,196374,False
YGR086C,PIL1,4.398913388,0.282538298,0,7431,12,19930,inf,trans,0.282538298,7431,19930,19930,False
YGR086C,PIL1,4.167286664,-0.097112307,0,7539,12,130108,inf,trans,0.097112307,7539,126688,144481,False
YGR086C,PIL1,4.009939704,0.173535021,1,10198,15,181071,inf,trans,0.173535021,10198,168199,185951,False
YGR086C,PIL1,3.995228254,-0.090383217,0,2553,4,1341560,inf,trans,0.090383217,2553,1335020,1354322,False
YGR086C,PIL1,3.963299153,0.089267534,0,1913,4,593676,inf,trans,0.089267534,1913,588662,598800,False
YGR086C,PIL1,3.804210532,0.086952603,0,7901,12,508853,inf,trans,0.086952603,7901,500001,512394,False
YGR086C,PIL1,3.695113175,0.083587542,0,6199,10,349573,inf,trans,0.083587542,6199,340762,349573,False
YGR086C,PIL1,3.695067723,0.083532793,0,6483,10,662711,inf,trans,0.083532793,6483,649610,667117,False
YGR086C,PIL1,3.507196134,-0.081393322,0,3801,6,229567,inf,trans,0.081393322,3801,229335,232479,False
YPR154W,PIN3; LSB2,6.375253086,-0.824784073,0,3121,5,266246,inf,trans,0.824784073,3121,266246,266246,False
YPR154W,PIN3; LSB2,6.034474474,0.151996991,0,4538,7,762575,inf,trans,0.151996991,4538,751217,769305,False
YMR008C,PLB1,6.132628242,-0.184259764,1,906,3,2644,inf,trans,0.184259764,906,1349,5784,False
YMR006C,PLB2,10.95922102,-0.193714637,0,5610,9,138636,inf,trans,0.193714637,5610,125289,144955,False
YMR006C,PLB2,8.350428464,0.333877661,0,2184,4,878026,inf,trans,0.333877661,2184,866929,892444,False
YMR006C,PLB2,7.464756265,-0.168485912,0,4153,7,362037,inf,trans,0.168485912,4153,355322,372094,False
YMR006C,PLB2,6.35714911,-0.146815584,0,7150,11,381673,inf,trans,0.146815584,7150,372538,385019,False
YMR006C,PLB2,6.161032972,-0.141584578,1,7965,12,559220,inf,trans,0.141584578,7965,559220,559220,False
YMR006C,PLB2,5.166141406,-0.127449379,0,7863,12,449482,inf,trans,0.127449379,7863,448368,501734,False
YMR006C,PLB2,4.691593427,0.238863232,0,9676,14,569966,inf,trans,0.238863232,9676,558289,598006,False
YMR006C,PLB2,4.410062518,0.124985636,0,1190,3,286652,inf,trans,0.124985636,1190,273631,297295,False
YJR073C,OPI3; PEM2,5.3530852,0.13532949,0,8670,13,333904,inf,trans,0.13532949,8670,329611,338431,False
YJR073C,OPI3; PEM2,5.299984664,0.281117121,0,9278,14,33230,inf,trans,0.281117121,9278,33230,33230,False
YJR073C,OPI3; PEM2,5.170970238,-0.307981334,0,844,2,780425,inf,trans,0.307981334,844,780425,780425,False
YJR073C,OPI3; PEM2,4.874212689,-0.120008863,0,7982,12,570843,inf,trans,0.120008863,7982,563476,576167,False
YJR073C,OPI3; PEM2,4.82882608,0.11973902,1,1284,4,52141,inf,trans,0.11973902,1284,43687,60460,False
YJR073C,OPI3; PEM2,4.670049146,-0.11712617,0,6883,11,108841,inf,trans,0.11712617,6883,96863,120740,False
YJR073C,OPI3; PEM2,4.666630096,-0.116605467,0,10994,15,1016660,inf,trans,0.116605467,10994,1010191,1022262,False
YBL036C,YBL036C; YBL0413,7.312847791,-0.894553494,0,3121,5,266246,inf,trans,0.894553494,3121,266246,266246,False
YBL036C,YBL036C; YBL0413,5.830056966,-0.154435017,1,11790,16,678686,inf,trans,0.154435017,11790,676149,678686,False
YPR127W,YPR127W,14.19858341,0.224274064,1,5609,9,138029,inf,trans,0.224274064,5609,125289,144955,False
YPR127W,YPR127W,11.29636369,-0.196102981,0,2305,4,976036,inf,trans,0.196102981,2305,959283,1000959,False
YPR127W,YPR127W,8.210179384,-0.236407411,0,1680,4,384607,inf,trans,0.236407411,1680,375648,390909,False
YPR127W,YPR127W,7.594433919,-0.351663162,0,8669,13,331971,inf,trans,0.351663162,8669,331971,331971,False
YPR127W,YPR127W,7.367801704,-0.569366199,1,6263,10,416078,inf,trans,0.569366199,6263,410391,454991,False
YPR127W,YPR127W,7.08464672,0.167868888,1,10191,15,171671,inf,trans,0.167868888,10191,165912,184082,False
YPR127W,YPR127W,5.538788134,-0.168272132,0,8468,13,66821,inf,trans,0.168272132,8468,56990,75773,False
YPR127W,YPR127W,5.353788774,0.24497256,0,1665,4,383485,inf,trans,0.24497256,1665,382176,384607,False
YPR127W,YPR127W,5.121464029,0.469234632,0,6262,10,415984,inf,trans,0.469234632,6262,410391,454904,False
YPR127W,YPR127W,4.817894781,0.11788301,0,11218,16,115153,674926.0,trans,0.11788301,11218,110992,122212,False
YPR127W,YPR127W,4.309784837,-0.110751421,0,4675,7,895001,inf,trans,0.110751421,4675,885002,903446,False
YGL008C,PMA1,10.94020333,-1.299512611,0,10777,15,785154,inf,trans,1.299512611,10777,785154,785154,False
YGL008C,PMA1,8.434526401,-0.965215512,0,3121,5,266246,inf,trans,0.965215512,3121,266246,266246,False
YGL008C,PMA1,6.159498412,0.278371082,1,4277,7,459752,20163.0,trans,0.278371082,4277,459752,459752,False
YGL008C,PMA1,5.627423252,0.144513481,0,1306,4,72324,inf,trans,0.144513481,1306,65329,85322,False
YGL008C,PMA1,5.29048283,-0.379575893,0,4207,7,412630,67285.0,trans,0.379575893,4207,412630,412630,False
YGL008C,PMA1,4.794291019,-0.709955723,0,4215,7,414263,65652.0,trans,0.709955723,4215,414263,414263,False
YGL008C,PMA1,4.546059897,-0.285426714,1,8041,12,646385,inf,trans,0.285426714,8041,646385,646385,False
YKL152C,GPM1; GPM,11.86729144,-0.208863838,0,7978,12,569926,inf,trans,0.208863838,7978,563476,576167,False
YKL152C,GPM1; GPM,7.372028461,-0.166232021,0,5805,9,283213,inf,trans,0.166232021,5805,276483,289513,False
YKL152C,GPM1; GPM,6.45726416,-0.156935019,0,7855,12,442798,inf,trans,0.156935019,7855,430049,443164,False
YKL152C,GPM1; GPM,6.387299542,-0.155040267,0,635,2,510140,inf,trans,0.155040267,635,498324,524731,False
YKL152C,GPM1; GPM,6.320071354,-0.17084543,0,10194,15,173340,inf,trans,0.17084543,10194,165912,184082,False
YKL152C,GPM1; GPM,5.763053947,0.140842311,0,11458,16,283618,inf,trans,0.140842311,11458,266518,297486,False
YKL152C,GPM1; GPM,5.279514582,0.301683562,1,8041,12,646385,inf,trans,0.301683562,8041,646385,646385,False
YKL152C,GPM1; GPM,5.16375181,0.13206288,0,9800,14,646585,inf,trans,0.13206288,9800,629832,650841,False
YKL152C,GPM1; GPM,5.10853436,0.133817125,0,6654,11,8331,155316.0,trans,0.133817125,6654,2722,14438,False
YKL152C,GPM1; GPM,4.931338839,-0.163250893,0,3672,6,73357,inf,trans,0.163250893,3672,67184,73433,False
YKL152C,GPM1; GPM,4.399839268,0.15134386,0,8479,13,74713,inf,trans,0.15134386,8479,61764,81354,False
YKL152C,GPM1; GPM,4.315076919,0.200064281,0,7032,11,234032,69642.0,trans,0.200064281,7032,234032,234032,False
YKL152C,GPM1; GPM,4.240857853,0.124876142,0,10858,15,874597,inf,trans,0.124876142,10858,859618,880507,False
YKL152C,GPM1; GPM,4.198675485,-0.124579476,0,5599,9,136210,inf,trans,0.124579476,5599,122617,144699,False
YDL021W,GPM2,8.209858705,0.178147992,1,1282,4,51859,362091.0,trans,0.178147992,1282,43687,60460,False
YDL021W,GPM2,6.469129057,-0.176322477,1,9514,14,357746,inf,trans,0.176322477,9514,356409,364156,False
YDL021W,GPM2,5.926347905,0.29557409,1,4394,7,616171,inf,trans,0.29557409,4394,616171,616171,False
YDL021W,GPM2,5.850929848,0.150658733,1,1906,4,592980,178095.0,trans,0.150658733,1906,592980,592980,False
YDL021W,GPM2,5.849938813,-0.366827836,0,844,2,780425,inf,trans,0.366827836,844,780425,780425,False
YDL021W,GPM2,5.709931252,0.145782147,1,415,2,258311,inf,trans,0.145782147,415,252305,268086,False
YDL021W,GPM2,5.55512437,0.160387956,0,10189,15,170944,inf,trans,0.160387956,10189,165912,184082,False
YDL021W,GPM2,5.350006269,0.313346679,0,11279,16,165813,inf,trans,0.313346679,11279,165813,165813,False
YDL021W,GPM2,5.048755712,-0.141243306,0,4664,7,888223,inf,trans,0.141243306,4664,877846,902481,False
YDL021W,GPM2,4.53053564,0.142999285,0,9503,14,340237,inf,trans,0.142999285,9503,330041,351040,False
YDL021W,GPM2,4.436024305,0.127072213,0,11696,16,586856,inf,trans,0.127072213,11696,571530,593213,False
YFL045C,SEC53; ALG4,8.464412712,-0.354669613,0,3384,5,561678,inf,trans,0.354669613,3384,554104,563347,False
YFL045C,SEC53; ALG4,5.641623146,-0.142955696,1,9812,14,668533,inf,trans,0.142955696,9812,668533,674210,False
YFL045C,SEC53; ALG4,5.349483325,0.13977212,0,6007,10,61708,inf,trans,0.13977212,6007,61391,68934,False
YAL023C,PMT2; FUN25,7.609122557,-0.1731224,0,8980,13,660071,inf,trans,0.1731224,8980,646103,665729,False
YAL023C,PMT2; FUN25,5.289787209,0.300870655,0,7161,11,387462,inf,trans,0.300870655,7161,387462,387462,False
YAL023C,PMT2; FUN25,5.264943468,-0.309821655,1,8041,12,646385,inf,trans,0.309821655,8041,646385,646385,False
YAL023C,PMT2; FUN25,5.228709758,-0.286285913,0,9350,14,138534,inf,trans,0.286285913,9350,138534,138534,False
YGL037C,PNC1,16.58581472,0.283829742,0,10194,15,173340,inf,trans,0.283829742,10194,165912,184082,False
YGL037C,PNC1,9.561240495,0.184000812,0,11686,16,576969,inf,trans,0.184000812,11686,571530,591786,False
YGL037C,PNC1,6.686010927,0.149730952,0,2480,4,1248695,inf,trans,0.149730952,2480,1242195,1256509,False
YGL037C,PNC1,5.936346635,0.140777372,0,3666,6,65183,inf,trans,0.140777372,3666,57460,74406,False
YGL037C,PNC1,5.756984778,-0.160499105,0,3484,5,564355,inf,trans,0.160499105,3484,563347,565122,False
YGL037C,PNC1,5.534482752,-0.187288574,1,3284,5,510020,inf,trans,0.187288574,3284,510020,510020,False
YGL037C,PNC1,5.517669107,0.268124014,0,6228,10,388260,inf,trans,0.268124014,6228,388260,388260,False
YGL037C,PNC1,5.036702056,0.125955322,1,7985,12,574586,inf,trans,0.125955322,7985,567889,586321,False
YGL037C,PNC1,5.006452532,0.127022216,0,1940,4,624555,inf,trans,0.127022216,1940,613791,629973,False
YGL037C,PNC1,4.956004432,-0.125604934,0,9801,14,647843,inf,trans,0.125604934,9801,621027,651987,False
YGL037C,PNC1,4.869643122,-0.159766075,0,8473,13,70356,inf,trans,0.159766075,8473,56990,77330,False
YGL037C,PNC1,4.800360436,-0.767467682,0,10777,15,785154,inf,trans,0.767467682,10777,785154,785154,False
YGL037C,PNC1,4.762471052,-0.243881429,0,11565,16,425229,inf,trans,0.243881429,11565,425229,425229,False
YGL037C,PNC1,4.632257682,-0.456339265,0,3852,6,270110,inf,trans,0.456339265,3852,270110,270110,False
YGL037C,PNC1,4.439308823,0.141787138,1,11516,16,347675,inf,trans,0.141787138,11516,340393,354554,False
YGL037C,PNC1,3.933034292,-0.119004174,0,7560,12,134496,inf,trans,0.119004174,7560,126688,153748,False
YDL047W,SIT4; PPH1,7.097352343,0.711712925,1,7869,12,451539,inf,trans,0.711712925,7869,451539,451539,False
YER133W,GLC7,13.4135602,0.266334988,0,10191,15,171671,inf,trans,0.266334988,10191,165912,184082,False
YER133W,GLC7,6.118613583,0.153095952,0,3230,5,430235,2256.0,trans,0.153095952,3230,416981,441594,False
YER133W,GLC7,5.7164772,0.14572284,0,11687,16,578941,inf,trans,0.14572284,11687,571530,591786,False
YER133W,GLC7,5.713476848,0.313702985,1,6952,11,167261,inf,trans,0.313702985,6952,146291,174007,False
YER133W,GLC7,5.533540604,-0.327232011,0,8669,13,331971,inf,trans,0.327232011,8669,331971,331971,False
YER133W,GLC7,4.898346837,-0.135399842,0,2333,4,1018955,inf,trans,0.135399842,2333,1013362,1029308,False
YER089C,PTC2,12.58145543,0.255571326,1,10191,15,171671,inf,trans,0.255571326,10191,165912,184082,False
YER089C,PTC2,9.649071008,-0.263644955,0,8462,13,60048,inf,trans,0.263644955,8462,55098,75198,False
YER089C,PTC2,6.307853039,0.303795104,0,4384,7,607495,inf,trans,0.303795104,4384,607495,607495,False
YER089C,PTC2,5.460729959,-0.140523108,0,9792,14,641214,inf,trans,0.140523108,9792,613306,648789,False
YBL056W,PTC3,6.677349753,-0.330050787,1,1595,4,293190,inf,trans,0.330050787,1595,283830,303011,False
YLR216C,CPR6,26.0445633,-0.345428237,0,1276,4,48267,inf,trans,0.345428237,1276,37106,56089,False
YNL044W,YIP3; PRA1,6.406306583,-0.835248429,0,4919,8,78883,inf,trans,0.835248429,4919,78883,78883,False
YNL044W,YIP3; PRA1,5.180208842,-0.147991536,0,10197,15,180978,inf,trans,0.147991536,10197,168199,185951,False
YOR323C,PRO2,7.915220139,-0.174815147,1,3171,5,341045,inf,trans,0.174815147,3171,341045,350876,False
YOR323C,PRO2,5.385016254,-0.15943225,0,10190,15,171150,750382.0,trans,0.15943225,10190,165912,184082,False
YDR300C,PRO1,10.72401668,-0.22197727,0,11685,16,576347,inf,trans,0.22197727,11685,564355,591786,False
YDR300C,PRO1,6.690807542,-0.185421954,0,10202,15,184082,inf,trans,0.185421954,10202,170347,185951,False
YGL120C,PRP43,9.556612123,-0.23222533,0,10198,15,181071,inf,trans,0.23222533,10198,168199,185951,False
YGL120C,PRP43,6.6335467,-0.171246435,0,7448,12,35196,inf,trans,0.171246435,7448,23264,43295,False
YGL120C,PRP43,5.861356548,-0.392861746,0,9606,14,486552,inf,trans,0.392861746,9606,486552,486552,False
YGL120C,PRP43,5.836337504,0.960425958,0,10777,15,785154,inf,trans,0.960425958,10777,785154,785154,False
YOR117W,RPT5; YTA1,8.741440648,0.803546972,0,7873,12,460678,inf,trans,0.803546972,7873,460678,460678,False
YOR117W,RPT5; YTA1,6.543385676,0.551901622,0,993,3,84800,inf,trans,0.551901622,993,84800,84800,False
YOR117W,RPT5; YTA1,6.088442428,0.158118094,0,9441,14,250138,inf,trans,0.158118094,9441,239611,257173,False
YKL145W,RPT1,15.54474649,-0.759589213,0,7031,11,231612,55991.0,trans,0.759589213,7031,231612,231612,False
YKL145W,RPT1,6.614850643,1.032842324,0,10777,15,785154,inf,trans,1.032842324,10777,785154,785154,False
YKL145W,RPT1,6.022669879,0.424525852,0,261,2,84412,inf,trans,0.424525852,261,84412,84412,False
YKL145W,RPT1,5.93460791,0.417613645,0,4207,7,412630,inf,trans,0.417613645,4207,412630,412630,False
YGL048C,,6.295338191,-0.223619666,1,3111,5,258177,inf,trans,0.223619666,3111,258177,258177,False
YGL048C,,6.26726025,-0.19557655,1,11877,16,790960,inf,trans,0.19557655,11877,787485,798666,False
YGL048C,,5.183252602,0.152951405,0,11836,16,737361,inf,trans,0.152951405,11836,719912,747487,False
YEL060C,PRB1,12.70289615,0.213189547,1,10191,15,171671,inf,trans,0.213189547,10191,165912,184082,False
YEL060C,PRB1,10.3510206,0.1655558,0,4412,7,629962,inf,trans,0.1655558,4412,624442,640575,False
YEL060C,PRB1,9.592949991,0.216105778,0,1891,4,584486,inf,trans,0.216105778,1891,565447,592839,False
YEL060C,PRB1,8.697117184,-0.573114357,1,6263,10,416078,inf,trans,0.573114357,6263,410391,454991,False
YEL060C,PRB1,6.747846673,0.504366524,0,6262,10,415984,inf,trans,0.504366524,6262,410391,454904,False
YEL060C,PRB1,4.689641096,-0.107688832,0,3984,7,140416,inf,trans,0.107688832,3984,128719,142935,False
YEL060C,PRB1,4.371569249,-0.343933738,0,10844,15,860902,inf,trans,0.343933738,10844,860902,860902,False
YEL060C,PRB1,4.312425649,-0.10127868,0,2864,5,42051,98.0,cis,0.10127868,2864,38200,42740,True
YEL060C,PRB1,4.301366938,0.123271607,1,11245,16,132456,inf,trans,0.123271607,11245,132456,132456,False
YCL057W,PRD1,28.6160673,0.365886157,1,928,3,25563,0.0,cis,0.365886157,928,16356,31109,True
YBL064C,PRX1,20.836942,0.317637441,1,10191,15,171671,inf,trans,0.317637441,10191,165912,184082,False
YBL064C,PRX1,12.8780201,-0.286419883,0,8461,13,60008,inf,trans,0.286419883,8461,55098,73814,False
YBL064C,PRX1,6.677721403,0.15544888,1,5609,9,138029,inf,trans,0.15544888,5609,125289,144955,False
YBL064C,PRX1,5.823834612,0.135925226,1,7985,12,574586,inf,trans,0.135925226,7985,567889,586321,False
YBL064C,PRX1,5.670875238,-0.271491091,0,2285,4,971731,inf,trans,0.271491091,2285,961744,998174,False
YBL064C,PRX1,5.244897063,0.130639576,0,11696,16,586856,inf,trans,0.130639576,11696,571530,593213,False
YJL079C,PRY1,37.82718661,0.422740448,1,10191,15,171671,inf,trans,0.422740448,10191,165912,184082,False
YJL079C,PRY1,17.60074416,0.303650888,1,11677,16,571530,inf,trans,0.303650888,11677,544393,587778,False
YJL079C,PRY1,12.32507414,0.217642574,1,642,2,523217,inf,trans,0.217642574,642,505207,530047,False
YJL079C,PRY1,11.5899737,0.191476563,0,5618,9,144955,inf,trans,0.191476563,5618,132718,155581,False
YJL079C,PRY1,6.684266715,-0.150666569,0,8667,13,331334,inf,trans,0.150666569,8667,329611,333904,False
YJL079C,PRY1,5.202804121,-0.161363718,0,8469,13,67103,inf,trans,0.161363718,8469,56990,75558,False
YJL079C,PRY1,5.158701349,0.127064607,0,4382,7,605966,inf,trans,0.127064607,4382,592970,609851,False
YJL079C,PRY1,4.932808343,0.119941676,0,6167,10,294588,3819.0,trans,0.119941676,6167,291248,294588,False
YJL079C,PRY1,4.503488782,0.116425716,0,8109,12,745383,inf,trans,0.116425716,8109,732202,754859,False
YJL079C,PRY1,4.222646663,-0.109946636,0,11107,16,40490,inf,trans,0.109946636,11107,27710,46114,False
YGL011C,SCL1,7.003340825,0.162148125,1,9446,14,257173,inf,trans,0.162148125,9446,241965,257173,False
YGL011C,SCL1,6.933989119,0.169621707,0,1939,4,623642,inf,trans,0.169621707,1939,613791,629973,False
YGL011C,SCL1,5.724354237,-0.146059338,0,1314,4,82080,inf,trans,0.146059338,1314,68860,86904,False
YGL011C,SCL1,5.636650265,-0.144749385,0,3310,5,535074,inf,trans,0.144749385,3310,524247,545826,False
YGL011C,SCL1,5.056729609,0.568424781,0,7873,12,460678,inf,trans,0.568424781,7873,460678,460678,False
YGL011C,SCL1,5.008453457,0.136647339,0,5176,8,334394,inf,trans,0.136647339,5176,329765,334860,False
YGL011C,SCL1,4.672831248,0.136337103,0,2669,4,1459398,inf,trans,0.136337103,2669,1455597,1462057,False
YOL038W,PRE6,10.2374911,0.233970668,0,10183,15,168592,86744.0,trans,0.233970668,10183,165912,181071,False
YOL038W,PRE6,8.458422307,-0.53083653,0,7031,11,231612,inf,trans,0.53083653,7031,231612,231612,False
YGR253C,PUP2; DOA5,14.96236553,-0.480570266,0,1784,4,520430,inf,trans,0.480570266,1784,520430,520430,False
YGR253C,PUP2; DOA5,12.98628379,0.473591805,0,896,3,757,inf,trans,0.473591805,896,757,757,False
YGR253C,PUP2; DOA5,8.289779046,0.196510868,0,10191,15,171671,inf,trans,0.196510868,10191,165912,184082,False
YGR253C,PUP2; DOA5,5.995351422,-0.477476048,0,8582,13,179719,inf,trans,0.477476048,8582,179719,179719,False
YGR253C,PUP2; DOA5,5.856537347,0.151470999,0,7979,12,570032,inf,trans,0.151470999,7979,563476,576167,False
YGR253C,PUP2; DOA5,5.169546669,-0.143801856,0,8013,12,607324,inf,trans,0.143801856,8013,601489,609627,False
YGR253C,PUP2; DOA5,4.512378237,0.12312731,0,1940,4,624555,inf,trans,0.12312731,1940,613791,629973,False
YGR253C,PUP2; DOA5,4.267640475,0.118276188,0,4422,7,639021,359342.0,trans,0.118276188,4422,625864,642420,False
YGR253C,PUP2; DOA5,4.136879811,0.115580688,0,5164,8,318497,inf,trans,0.115580688,5164,284047,324043,False
YGR253C,PUP2; DOA5,4.107260253,-0.115244188,0,1185,3,284743,inf,trans,0.115244188,1185,267625,297295,False
YMR314W,PRE5,8.923647089,-0.19907585,0,11083,16,24983,inf,trans,0.19907585,11083,24966,24983,False
YMR314W,PRE5,8.49917835,1.14505863,0,10777,15,785154,inf,trans,1.14505863,10777,785154,785154,False
YMR314W,PRE5,6.503935055,0.895897347,0,7686,12,265316,inf,trans,0.895897347,7686,265316,265316,False
YMR314W,PRE5,5.271867133,-0.169935787,1,2744,4,1517680,inf,trans,0.169935787,2744,1517680,1517680,False
YOR362C,PRE10,5.740048762,0.511343016,0,10260,15,237009,780869.0,trans,0.511343016,10260,237009,237009,False
YOR362C,PRE10,5.687133648,0.60044312,0,876,2,801689,inf,trans,0.60044312,876,801689,801690,False
YJL001W,PRE3,22.65260676,0.371603453,0,6267,10,416524,18633.0,trans,0.371603453,6267,413692,455828,False
YER094C,PUP3,7.062639673,-0.572469961,0,8582,13,179719,inf,trans,0.572469961,8582,179719,179719,False
YER094C,PUP3,6.948374498,0.65736784,0,11873,16,786427,inf,trans,0.65736784,11873,786427,786427,False
YER094C,PUP3,5.624006946,0.674978287,0,7873,12,460678,inf,trans,0.674978287,7873,460678,460678,False
YER094C,PUP3,5.602456765,1.002336138,0,10777,15,785154,inf,trans,1.002336138,10777,785154,785154,False
YBL041W,PRE7,12.41639946,0.248531512,0,315,2,140863,387.0,cis,0.248531512,315,133355,147946,True
YBL041W,PRE7,11.51999147,0.930368028,0,7873,12,460678,inf,trans,0.930368028,7873,460678,460678,False
YGR232W,NAS6,106.3560349,-0.643489828,1,4735,7,954516,0.0,cis,0.643489828,4735,942301,963056,True
YGR232W,NAS6,7.097451706,-0.135107431,1,9803,14,650841,inf,trans,0.135107431,9803,643364,651987,False
YGR232W,NAS6,5.509461908,-0.150767776,1,3752,6,168360,inf,trans,0.150767776,3752,168335,168360,False
YDR055W,PST1; HPF2,19.6133747,0.2753242,0,11685,16,576347,inf,trans,0.2753242,11685,564355,591786,False
YDR055W,PST1; HPF2,7.683395804,0.161249356,0,11584,16,454180,inf,trans,0.161249356,11584,434375,458134,False
YDR055W,PST1; HPF2,7.308383167,0.549679108,1,5527,9,72684,inf,trans,0.549679108,5527,60132,84696,False
YDR055W,PST1; HPF2,6.845261791,0.159850512,0,5609,9,138029,inf,trans,0.159850512,5609,125289,144955,False
YDR055W,PST1; HPF2,5.536165289,0.13718181,0,2137,4,845665,280806.0,trans,0.13718181,2137,839960,855322,False
YDR055W,PST1; HPF2,5.160873544,-0.264997041,0,1786,4,520560,42965.0,trans,0.264997041,1786,512749,521148,False
YDR055W,PST1; HPF2,5.158978127,-0.178264844,0,8458,13,56990,inf,trans,0.178264844,8458,55098,73225,False
YDR055W,PST1; HPF2,4.864104755,-0.124839532,0,7179,11,411456,inf,trans,0.124839532,7179,403781,428422,False
YDR055W,PST1; HPF2,4.765908304,0.125278082,0,11210,16,100561,inf,trans,0.125278082,11210,89859,105336,False
YDR055W,PST1; HPF2,4.481127655,-0.412283276,1,5530,9,72784,inf,trans,0.412283276,5530,66985,77957,False
YDR032C,PST2,34.01507425,0.344268044,0,11685,16,576347,inf,trans,0.344268044,11685,564355,591786,False
YDR032C,PST2,7.767981043,0.15143579,1,8108,12,740250,inf,trans,0.15143579,8108,732202,754859,False
YDR032C,PST2,7.108316455,0.144837048,0,3669,6,71471,inf,trans,0.144837048,3669,62743,74913,False
YDR032C,PST2,6.927247529,0.151352017,1,640,2,518385,inf,trans,0.151352017,640,505207,530047,False
YDR032C,PST2,6.331406626,0.262764084,1,10185,15,169414,inf,trans,0.262764084,10185,165912,181071,False
YDR032C,PST2,5.54861929,0.122957059,0,2487,4,1260055,755363.0,trans,0.122957059,2487,1256208,1268325,False
YDR032C,PST2,5.202248839,-0.118442072,1,5359,8,491126,inf,trans,0.118442072,5359,485969,500928,False
YDR032C,PST2,5.063273541,0.11668115,0,9505,14,345215,inf,trans,0.11668115,9505,334886,354457,False
YDR032C,PST2,5.01794737,0.116158994,0,6482,10,662679,inf,trans,0.116158994,6482,653026,667117,False
YDR032C,PST2,4.866644405,-0.113801792,0,11770,16,656034,inf,trans,0.113801792,11770,652919,664738,False
YDR032C,PST2,4.752237103,-0.111247147,0,3044,5,215862,inf,trans,0.111247147,3044,210350,225569,False
YDR032C,PST2,4.590468471,0.109340534,0,6008,10,63279,inf,trans,0.109340534,6008,61391,68934,False
YDR032C,PST2,4.388932945,0.117917713,1,9390,14,187639,inf,trans,0.117917713,9390,184703,194811,False
YDR032C,PST2,4.066724101,-0.583527399,1,7677,12,259721,inf,trans,0.583527399,7677,259721,259721,False
YDR032C,PST2,4.05287756,-0.235683386,0,9264,14,6945,inf,trans,0.235683386,9264,6941,6946,False
YJR034W,PET191,8.804349906,0.216037091,0,10194,15,173340,inf,trans,0.216037091,10194,165912,184082,False
YJR034W,PET191,5.924957823,0.151403751,0,5580,9,122617,inf,trans,0.151403751,5580,103774,138792,False
YJR019C,TES1; PTE1,11.51023118,0.261885974,1,10191,15,171671,inf,trans,0.261885974,10191,165912,184082,False
YJR019C,TES1; PTE1,7.131246496,0.184598401,0,644,2,528468,inf,trans,0.184598401,644,517548,538868,False
YNL016W,PUB1; RNP1,31.54485795,0.363141361,0,9694,14,574170,28738.0,trans,0.363141361,9694,574015,602388,False
YNL016W,PUB1; RNP1,7.766776587,-0.416465485,0,8525,13,99287,inf,trans,0.416465485,8525,99287,99287,False
YNL016W,PUB1; RNP1,6.688719087,0.177295371,0,10192,15,172074,inf,trans,0.177295371,10192,165912,184082,False
YNL016W,PUB1; RNP1,5.778211677,0.211155474,0,11974,16,909717,inf,trans,0.211155474,11974,909717,909717,False
YNL016W,PUB1; RNP1,4.894948654,0.711914002,0,4215,7,414263,inf,trans,0.711914002,4215,414263,414263,False
YMR300C,ADE4,17.78447678,-0.224029154,1,8819,13,510968,354590.0,trans,0.224029154,8819,505070,513217,False
YMR300C,ADE4,16.0160455,-0.240831578,0,10198,15,181071,inf,trans,0.240831578,10198,168199,185951,False
YMR300C,ADE4,8.630782281,0.202756917,0,8461,13,60008,805550.0,trans,0.202756917,8461,55098,73814,False
YMR300C,ADE4,8.198840352,-0.146874398,0,1533,4,271787,inf,trans,0.146874398,1533,265022,279037,False
YMR300C,ADE4,6.13176328,-0.126105045,0,11687,16,578941,inf,trans,0.126105045,11687,571530,591786,False
YMR300C,ADE4,5.876214075,0.202827833,0,10424,15,427890,inf,trans,0.202827833,10424,427884,427890,False
YMR300C,ADE4,5.828165882,0.208039852,1,1860,4,562709,inf,trans,0.208039852,1860,554056,575468,False
YMR300C,ADE4,5.618211087,0.271068036,1,8664,13,329611,535947.0,trans,0.271068036,8664,329611,333904,False
YMR300C,ADE4,4.775082443,-0.107466375,0,5622,9,150475,inf,trans,0.107466375,5622,142542,158904,False
YMR300C,ADE4,4.574165296,0.111669106,0,1931,4,620206,inf,trans,0.111669106,1931,611309,624555,False
YGL234W,"ADE5,7",29.76008245,-0.314939512,1,8817,13,510249,inf,trans,0.314939512,8817,503363,513217,False
YGL234W,"ADE5,7",23.76958137,-0.312501681,0,10198,15,181071,inf,trans,0.312501681,10198,168199,185951,False
YGL234W,"ADE5,7",18.71648253,-0.242116574,1,1532,4,271035,inf,trans,0.242116574,1532,264432,275191,False
YGL234W,"ADE5,7",11.24158559,-0.191720599,1,2480,4,1248695,inf,trans,0.191720599,2480,1242195,1256509,False
YGL234W,"ADE5,7",7.814295719,-0.313343889,0,4647,7,876941,818051.0,trans,0.313343889,4647,876941,876941,False
YGL234W,"ADE5,7",7.786148905,0.194246731,0,8474,13,70380,inf,trans,0.194246731,8474,56990,77330,False
YGL234W,"ADE5,7",6.899387473,0.316658766,1,8041,12,646385,inf,trans,0.316658766,8041,646385,646385,False
YGL234W,"ADE5,7",5.480418555,0.122605306,0,7385,11,629750,inf,trans,0.122605306,7385,618029,632234,False
YGL234W,"ADE5,7",5.214794484,-0.120981759,0,5594,9,136028,inf,trans,0.120981759,5594,114834,144955,False
YGL234W,"ADE5,7",4.283342374,0.110390132,0,2430,4,1171794,inf,trans,0.110390132,2430,1171385,1197837,False
YDR408C,ADE8,8.412449598,-0.19096542,1,8817,13,510249,inf,trans,0.19096542,8817,503363,513217,False
YDR408C,ADE8,5.466305978,-0.169989937,0,10191,15,171671,inf,trans,0.169989937,10191,165912,184082,False
YDR408C,ADE8,5.202341219,0.144502146,0,10510,15,529986,inf,trans,0.144502146,10510,510569,542319,False
YDR408C,ADE8,4.648262664,0.147204465,0,7580,12,152803,inf,trans,0.147204465,7580,134496,168087,False
YGR061C,ADE6,25.03988841,-0.342168599,0,10193,15,172102,inf,trans,0.342168599,10193,165912,184082,False
YGR061C,ADE6,9.286294638,0.173172101,1,11827,16,726414,inf,trans,0.173172101,11827,714288,739602,False
YGR061C,ADE6,9.256229572,0.174138755,0,4399,7,619361,3392.0,trans,0.174138755,4399,611358,624442,False
YGR061C,ADE6,7.628525859,-0.151594963,0,5618,9,144955,inf,trans,0.151594963,5618,132718,155581,False
YGR061C,ADE6,7.472353471,-0.154095742,0,8820,13,511585,inf,trans,0.154095742,8820,506148,514849,False
YGR061C,ADE6,6.699709764,0.14957864,1,8664,13,329611,inf,trans,0.14957864,8664,329611,333904,False
YGR061C,ADE6,6.606076675,-0.141848644,0,11687,16,578941,inf,trans,0.141848644,11687,571530,591786,False
YGR061C,ADE6,5.740439084,-0.133633382,0,8123,12,767196,inf,trans,0.133633382,8123,759605,777907,False
YGR061C,ADE6,5.36167314,-0.361153519,1,7031,11,231612,inf,trans,0.361153519,7031,231612,231612,False
YGR061C,ADE6,4.495096236,-0.115442685,0,3674,6,74406,inf,trans,0.115442685,3674,65183,75397,False
YGR061C,ADE6,4.293539292,-0.118937335,0,642,2,523217,inf,trans,0.118937335,642,505207,530047,False
YGR061C,ADE6,4.169217241,0.163690782,0,10700,15,714897,inf,trans,0.163690782,10700,714897,717962,False
YGR061C,ADE6,4.12640941,-0.108364718,0,1549,4,275715,inf,trans,0.108364718,1549,271787,283830,False
YOR128C,ADE2,42.24630403,-0.356416143,1,8816,13,509524,inf,trans,0.356416143,8816,500062,513217,False
YOR128C,ADE2,35.7739912,-0.336199784,1,1532,4,271035,inf,trans,0.336199784,1532,264432,275191,False
YOR128C,ADE2,9.472767945,-0.157920135,0,11689,16,579790,inf,trans,0.157920135,11689,554350,591786,False
YOR128C,ADE2,8.65746409,-0.165613026,0,10181,15,168199,396278.0,trans,0.165613026,10181,165912,181071,False
YOR128C,ADE2,6.439216714,0.296865569,1,11167,16,64363,inf,trans,0.296865569,11167,64363,64363,False
YOR128C,ADE2,6.006675085,0.146625221,0,7215,11,446795,inf,trans,0.146625221,7215,436668,452711,False
YOR128C,ADE2,4.875676451,0.109296715,0,1930,4,619541,inf,trans,0.109296715,1930,611309,624555,False
YOR128C,ADE2,4.582704499,0.205194898,0,10049,15,32395,532082.0,trans,0.205194898,10049,32395,32395,False
YAR015W,ADE1,7.352657132,0.149845654,0,8492,13,80254,inf,trans,0.149845654,8492,73225,89691,False
YAR015W,ADE1,7.246512026,-0.238611419,1,5040,8,173184,inf,trans,0.238611419,5040,173184,173184,False
YAR015W,ADE1,6.201471424,0.43088289,0,9532,14,379436,inf,trans,0.43088289,9532,379436,379436,False
YAR015W,ADE1,5.739629491,-0.215058738,0,8815,13,509480,inf,trans,0.215058738,8815,500062,513217,False
YAR015W,ADE1,5.675706086,0.682709314,0,10777,15,785154,inf,trans,0.682709314,10777,785154,785154,False
YAR015W,ADE1,5.512995527,-0.106685656,0,5220,8,374065,inf,trans,0.106685656,5220,369658,378565,False
YAR015W,ADE1,5.303767703,-0.105845967,0,2484,4,1257382,inf,trans,0.105845967,2484,1256208,1264269,False
YAR015W,ADE1,5.281249805,0.114112321,0,7388,11,635532,inf,trans,0.114112321,7388,632234,644791,False
YAR015W,ADE1,5.148278987,0.111819912,0,7773,12,371483,inf,trans,0.111819912,7773,347029,383137,False
YAR015W,ADE1,5.045930154,-0.201894442,0,8817,13,510249,inf,trans,0.201894442,8817,503363,513217,False
YAR015W,ADE1,5.006020693,0.154512007,1,671,2,571328,inf,trans,0.154512007,671,571328,571328,False
YAR015W,ADE1,4.725403153,-0.099076237,1,9454,14,275245,inf,trans,0.099076237,9454,267696,288822,False
YAR015W,ADE1,4.687431908,-0.192412039,0,1532,4,271035,inf,trans,0.192412039,1532,264432,275191,False
YAR015W,ADE1,4.643405781,-0.152788817,0,983,3,80341,inf,trans,0.152788817,983,79867,92716,False
YAR015W,ADE1,4.625975133,0.117447412,0,7215,11,446795,inf,trans,0.117447412,7215,436668,452711,False
YAR015W,ADE1,4.55261672,0.102919786,1,11763,16,648665,inf,trans,0.102919786,11763,648665,652919,False
YAR015W,ADE1,4.058784054,0.089500306,1,6806,11,49416,inf,trans,0.089500306,6806,46848,66128,False
YAR015W,ADE1,3.958735582,-0.091292915,1,10022,15,24669,inf,trans,0.091292915,10022,24669,24676,False
YLR359W,ADE13,28.94961941,-0.30704652,1,1532,4,271035,inf,trans,0.30704652,1532,264432,275191,False
YLR359W,ADE13,26.06685068,-0.321051024,0,10192,15,172074,inf,trans,0.321051024,10192,165912,184082,False
YLR359W,ADE13,9.960808141,-0.169832159,0,5612,9,139216,inf,trans,0.169832159,5612,125289,144955,False
YLR359W,ADE13,8.021592135,0.18943319,0,8457,13,55098,inf,trans,0.18943319,8457,55098,65881,False
YLR359W,ADE13,6.435898526,-0.132889818,0,11703,16,587661,inf,trans,0.132889818,11703,572250,593213,False
YLR359W,ADE13,5.451186468,0.119368861,0,7176,11,407251,inf,trans,0.119368861,7176,403233,425985,False
YLR359W,ADE13,5.436760937,-0.12717405,0,641,2,518844,inf,trans,0.12717405,641,505207,530047,False
YLR359W,ADE13,5.335888069,0.115986535,0,5709,9,243529,inf,trans,0.115986535,5709,240673,252323,False
YLR359W,ADE13,5.276876071,0.123769642,0,7575,12,150435,693846.0,trans,0.123769642,7575,134496,168087,False
YLR359W,ADE13,5.064000286,-0.113605793,0,10992,15,1014707,inf,trans,0.113605793,10992,1010191,1018776,False
YLR359W,ADE13,4.888785122,-0.111232942,0,9411,14,210226,inf,trans,0.111232942,9411,199813,225776,False
YLR359W,ADE13,4.783429115,0.115503983,0,8664,13,329611,inf,trans,0.115503983,8664,329611,333904,False
YLR359W,ADE13,4.704413188,-0.109147181,0,7977,12,569918,274363.0,trans,0.109147181,7977,563476,576167,False
YLR359W,ADE13,4.542962177,0.106414176,1,1189,3,286440,inf,trans,0.106414176,1189,273446,297295,False
YLR359W,ADE13,4.516534531,-0.104976538,0,7863,12,449482,394799.0,trans,0.104976538,7863,448368,501734,False
YLR359W,ADE13,4.363481687,-0.106925821,0,8123,12,767196,77085.0,trans,0.106925821,8123,759605,777907,False
YLR359W,ADE13,4.023078865,0.099854398,0,11361,16,212773,inf,trans,0.099854398,11361,199543,213411,False
YLR359W,ADE13,4.002846772,-0.098665355,0,9221,13,883627,inf,trans,0.098665355,9221,877043,896327,False
YLR028C,ADE16,26.29001053,0.306868253,1,8815,13,509480,inf,trans,0.306868253,8815,500062,513217,False
YLR028C,ADE16,13.34087508,0.248739851,0,10193,15,172102,inf,trans,0.248739851,10193,165912,184082,False
YLR028C,ADE16,5.264054262,0.259572153,0,6609,11,2733,inf,trans,0.259572153,6609,2722,8331,False
YMR120C,ADE17,70.69028148,0.648153314,0,8815,13,509480,201.0,cis,0.648153314,8815,500062,513217,True
YMR120C,ADE17,8.551870341,0.197582379,1,8819,13,510968,1689.0,trans,0.197582379,8819,505070,513217,False
YMR120C,ADE17,8.317484175,0.236755732,1,8184,12,832184,inf,trans,0.236755732,8184,828754,838168,False
YMR120C,ADE17,6.75149421,-0.110732757,0,10190,15,171150,inf,trans,0.110732757,10190,165912,184082,False
YMR120C,ADE17,5.010515436,-0.177395616,0,8182,12,829993,inf,trans,0.177395616,8182,828754,838168,False
YMR120C,ADE17,4.86849207,0.503418026,0,6597,10,745571,inf,trans,0.503418026,6597,745571,745571,False
YMR120C,ADE17,4.516060284,-0.081116185,0,1529,4,268855,inf,trans,0.081116185,1529,259994,271787,False
YNL220W,ADE12,17.94269156,0.359264581,1,8458,13,56990,inf,trans,0.359264581,8458,55098,73225,False
YNL220W,ADE12,12.28467205,-0.241425863,1,10191,15,171671,inf,trans,0.241425863,10191,165912,184082,False
YNL220W,ADE12,6.217558019,-0.146382703,0,7988,12,576037,inf,trans,0.146382703,7988,567889,589446,False
YNL220W,ADE12,6.192651366,0.148423052,0,5478,9,62935,inf,trans,0.148423052,5478,57000,72697,False
YNL220W,ADE12,5.824734143,-0.146912405,0,5598,9,136172,inf,trans,0.146912405,5598,114834,144955,False
YHR037W,PUT2,12.21172869,0.225669622,1,11680,16,572345,inf,trans,0.225669622,11680,572345,572345,False
YHR037W,PUT2,8.603713451,0.206653805,0,10186,15,170347,inf,trans,0.206653805,10186,165912,184082,False
YHR037W,PUT2,7.537640199,-0.234750847,0,8458,13,56990,inf,trans,0.234750847,8458,55098,73225,False
YHR037W,PUT2,5.443424989,0.141352501,0,7985,12,574586,inf,trans,0.141352501,7985,567889,586321,False
YHR037W,PUT2,5.032204166,-0.136501581,0,5045,8,185325,1628.0,trans,0.136501581,5045,179821,188007,False
YLR196W,PWP1,15.92673083,0.23826575,0,7932,12,545673,0.0,cis,0.23826575,7932,537571,553802,True
YLR196W,PWP1,6.156161745,-0.159184483,1,10181,15,168199,inf,trans,0.159184483,10181,165912,181071,False
YLR196W,PWP1,5.81804903,-0.431396284,0,10026,15,25217,inf,trans,0.431396284,10026,25217,25217,False
YLR196W,PWP1,5.583737832,-0.134125771,0,8016,12,609627,63927.0,trans,0.134125771,8016,604413,609627,False
YLR196W,PWP1,4.853824955,0.251472624,0,5420,8,554022,inf,trans,0.251472624,5420,554022,554022,False
YLR196W,PWP1,4.621363478,0.302626913,0,261,2,84412,inf,trans,0.302626913,261,84412,84412,False
YGL062W,PYC1; PYV,12.37665593,-0.221653969,0,5613,9,139266,inf,trans,0.221653969,5613,125289,144955,False
YGL062W,PYC1; PYV,11.06313404,-0.232177049,0,10194,15,173340,inf,trans,0.232177049,10194,165912,184082,False
YGL062W,PYC1; PYV,8.063418529,-0.210290206,0,8622,13,258020,inf,trans,0.210290206,8622,247407,280923,False
YGL062W,PYC1; PYV,7.367200552,0.170127582,0,8667,13,331334,inf,trans,0.170127582,8667,329611,333904,False
YGL062W,PYC1; PYV,6.27082282,0.145505578,0,1279,4,49408,inf,trans,0.145505578,1279,37106,60460,False
YGL062W,PYC1; PYV,6.174596924,0.144963547,0,1187,3,285659,inf,trans,0.144963547,1187,267625,297295,False
YGL062W,PYC1; PYV,6.142375873,0.605666648,0,7873,12,460678,inf,trans,0.605666648,7873,460678,460678,False
YGL062W,PYC1; PYV,5.258260477,0.134015054,0,3357,5,561193,inf,trans,0.134015054,3357,553130,562436,False
YGL062W,PYC1; PYV,5.105986521,-0.131178046,0,7853,12,442034,inf,trans,0.131178046,7853,425418,443164,False
YBR218C,PYC2,6.683645489,-0.471426679,0,7031,11,231612,inf,trans,0.471426679,7031,231612,231612,False
YBR218C,PYC2,5.996288866,0.262876983,1,8366,12,1019116,inf,trans,0.262876983,8366,1019116,1019116,False
YBR218C,PYC2,5.551978073,0.146825361,0,745,2,662669,425.0,cis,0.146825361,745,657722,662669,True
YBR218C,PYC2,5.499792118,-1.017445328,0,162,1,190148,inf,trans,1.017445328,162,190132,190169,False
YJL130C,URA2,38.55119929,0.375816145,1,430,2,283573,inf,trans,0.375816145,430,274614,288379,False
YJL130C,URA2,7.013324215,-0.16591775,0,10196,15,180876,inf,trans,0.16591775,10196,168199,185951,False
YJL130C,URA2,5.722268505,0.129041593,0,7139,11,373968,inf,trans,0.129041593,7139,372538,384150,False
YJL130C,URA2,5.13053705,-0.121952438,0,5335,8,469153,inf,trans,0.121952438,5335,465075,481335,False
YJL130C,URA2,4.690560807,0.143688896,0,5487,9,69699,inf,trans,0.143688896,5487,62935,73950,False
YJL130C,URA2,4.680733101,0.118098693,0,8682,13,347381,inf,trans,0.118098693,8682,343136,352789,False
YLR420W,URA4,20.39446113,0.279314275,1,430,2,283573,inf,trans,0.279314275,430,274614,288379,False
YLR420W,URA4,17.09961557,-0.304896541,0,10195,15,179652,inf,trans,0.304896541,10195,165912,185951,False
YLR420W,URA4,16.97947528,0.255046432,1,5209,8,361900,inf,trans,0.255046432,5209,353097,368023,False
YLR420W,URA4,8.348335881,0.333189057,0,8319,12,981700,16824.0,trans,0.333189057,8319,968660,987293,False
YLR420W,URA4,6.749343126,-0.207672998,0,8458,13,56990,inf,trans,0.207672998,8458,55098,73225,False
YLR420W,URA4,6.533326852,-0.149121139,0,1549,4,275715,inf,trans,0.149121139,1549,271787,283830,False
YLR420W,URA4,5.726512982,0.136371785,1,11890,16,812990,inf,trans,0.136371785,11890,798666,821586,False
YLR420W,URA4,4.933486288,-0.125516256,0,11682,16,574886,inf,trans,0.125516256,11682,549715,590624,False
YLR420W,URA4,4.612437721,0.137736248,0,10162,15,150503,inf,trans,0.137736248,10162,144887,158969,False
YLR420W,URA4,4.594242962,0.120628662,0,6360,10,547222,inf,trans,0.120628662,6360,531791,557799,False
YKL216W,URA1,48.86290665,0.397969305,1,430,2,283573,inf,trans,0.397969305,430,274614,288379,False
YKL216W,URA1,25.28185749,0.267151988,0,5208,8,360938,inf,trans,0.267151988,5208,345499,363516,False
YKL216W,URA1,14.07238342,-0.195920636,1,11680,16,572345,inf,trans,0.195920636,11680,572345,572345,False
YKL216W,URA1,12.63563745,-0.252832413,1,8458,13,56990,inf,trans,0.252832413,8458,55098,73225,False
YKL216W,URA1,10.40502766,0.167099677,1,10114,15,111081,inf,trans,0.167099677,10114,108576,134843,False
YKL216W,URA1,9.648489887,0.157045516,1,11890,16,812990,inf,trans,0.157045516,11890,798666,821586,False
YKL216W,URA1,8.485066819,0.149645272,0,8686,13,350249,inf,trans,0.149645272,8686,345749,365504,False
YKL216W,URA1,8.069802532,-0.165514411,0,10194,15,173340,inf,trans,0.165514411,10194,165912,184082,False
YKL216W,URA1,6.225113912,0.123600077,0,4523,7,730706,inf,trans,0.123600077,4523,713462,732233,False
YKL216W,URA1,6.03323384,-0.151316694,0,2694,4,1489545,inf,trans,0.151316694,2694,1488575,1489545,False
YKL216W,URA1,5.276023121,0.137497793,0,7222,11,458692,432532.0,trans,0.137497793,7222,452711,462463,False
YKL216W,URA1,5.260711977,0.596453026,0,9667,14,561322,inf,trans,0.596453026,9667,561322,561322,False
YKL216W,URA1,5.060328799,-0.112481636,0,1561,4,276820,inf,trans,0.112481636,1561,271787,283830,False
YKL216W,URA1,4.772077064,-0.107417333,0,4293,7,472246,inf,trans,0.107417333,4293,460296,479063,False
YKL216W,URA1,4.765089073,-0.106263917,1,3301,5,524625,inf,trans,0.106263917,3301,522215,540169,False
YKL216W,URA1,4.248556974,0.198602125,0,6328,10,497098,inf,trans,0.198602125,6328,497098,497098,False
YKL216W,URA1,4.214207063,-0.098877555,0,10862,15,880049,inf,trans,0.098877555,10862,861655,888555,False
YKL216W,URA1,3.985984548,0.1116046,0,672,2,571362,inf,trans,0.1116046,672,567265,579042,False
YKL216W,URA1,3.816986254,-0.093746602,0,5961,9,421228,inf,trans,0.093746602,5961,409700,424069,False
YML106W,URA5; PYR5,31.01041524,0.499062419,1,8458,13,56990,0.0,cis,0.499062419,8458,55098,73225,True
YML106W,URA5; PYR5,10.08916131,-0.393138101,0,1784,4,520430,inf,trans,0.393138101,1784,520430,520430,False
YML106W,URA5; PYR5,5.785485623,0.450990361,0,4248,7,433855,inf,trans,0.450990361,4248,433855,433855,False
YML106W,URA5; PYR5,5.476648112,0.141314694,0,7654,12,239002,inf,trans,0.141314694,7654,234472,251868,False
YBL045C,COR1; QCR1,39.07138158,0.306426172,0,5610,9,138636,inf,trans,0.306426172,5610,125289,144955,False
YBL045C,COR1; QCR1,34.36867021,0.324110982,1,10191,15,171671,inf,trans,0.324110982,10191,165912,184082,False
YBL045C,COR1; QCR1,29.2819153,-0.357978335,1,8458,13,56990,inf,trans,0.357978335,8458,55098,73225,False
YBL045C,COR1; QCR1,25.04955834,0.238819337,0,7978,12,569926,inf,trans,0.238819337,7978,563476,576167,False
YBL045C,COR1; QCR1,12.91791425,-0.175888494,0,8667,13,331334,inf,trans,0.175888494,8667,329611,333904,False
YBL045C,COR1; QCR1,12.70056043,0.167296563,0,7857,12,442845,inf,trans,0.167296563,7857,430049,443164,False
YBL045C,COR1; QCR1,10.71072365,0.163260138,0,642,2,523217,387698.0,trans,0.163260138,642,505207,530047,False
YBL045C,COR1; QCR1,8.748473745,-0.13486327,1,2276,4,959283,inf,trans,0.13486327,2276,956734,980835,False
YBL045C,COR1; QCR1,8.329992429,0.131350019,0,11677,16,571530,inf,trans,0.131350019,11677,544393,587778,False
YBL045C,COR1; QCR1,8.215759563,-0.128331146,0,2846,5,32038,inf,trans,0.128331146,2846,30505,38200,False
YBL045C,COR1; QCR1,8.1053639,0.170843989,0,7442,12,26922,inf,trans,0.170843989,7442,17131,37884,False
YBL045C,COR1; QCR1,6.463379921,0.112873325,0,2483,4,1256509,inf,trans,0.112873325,2483,1248530,1264269,False
YBL045C,COR1; QCR1,6.118407735,0.11146003,0,8106,12,737804,inf,trans,0.11146003,8106,727931,749514,False
YBL045C,COR1; QCR1,5.686257857,0.104078561,0,4166,7,371385,inf,trans,0.104078561,4166,359010,379511,False
YBL045C,COR1; QCR1,5.45938342,0.102600636,0,10992,15,1014707,inf,trans,0.102600636,10992,1010191,1018776,False
YBL045C,COR1; QCR1,5.028167172,0.097039395,0,6896,11,118759,inf,trans,0.097039395,6896,104549,125700,False
YBL045C,COR1; QCR1,5.022546952,-0.098791445,1,3905,7,42627,inf,trans,0.098791445,3905,37288,48435,False
YBL045C,COR1; QCR1,4.956318915,-0.097084004,0,6698,11,14320,inf,trans,0.097084004,6698,7823,19538,False
YBL045C,COR1; QCR1,4.927928062,-0.096965287,0,8816,13,509524,inf,trans,0.096965287,8816,500062,513217,False
YBL045C,COR1; QCR1,4.850315292,-0.096230489,0,1285,4,53342,inf,trans,0.096230489,1285,46065,61772,False
YBL045C,COR1; QCR1,4.802280325,-0.12619519,1,7456,12,43295,inf,trans,0.12619519,7456,29949,50531,False
YBL045C,COR1; QCR1,4.586989039,0.246235295,0,3240,5,443367,inf,trans,0.246235295,3240,443367,443378,False
YBL045C,COR1; QCR1,4.379544523,0.201759803,1,8986,13,667202,inf,trans,0.201759803,8986,667202,667202,False
YBL045C,COR1; QCR1,4.296833348,-0.097741388,0,3446,5,563580,inf,trans,0.097741388,3446,561906,564472,False
YBL045C,COR1; QCR1,3.930722803,-0.087069404,0,2553,4,1341560,inf,trans,0.087069404,2553,1335020,1354322,False
YBL045C,COR1; QCR1,3.917402438,0.085992119,0,8307,12,970600,inf,trans,0.085992119,8307,956127,987293,False
YBL045C,COR1; QCR1,3.781245464,0.082942295,0,6076,10,173737,inf,trans,0.082942295,6076,163124,185241,False
YPR191W,QCR2,38.90499415,0.316263618,0,5610,9,138636,inf,trans,0.316263618,5610,125289,144955,False
YPR191W,QCR2,33.64704338,0.336116239,0,10191,15,171671,inf,trans,0.336116239,10191,165912,184082,False
YPR191W,QCR2,23.70072007,0.240898439,1,7979,12,570032,inf,trans,0.240898439,7979,563476,576167,False
YPR191W,QCR2,20.54922149,-0.343771817,1,8458,13,56990,inf,trans,0.343771817,8458,55098,73225,False
YPR191W,QCR2,16.15804138,0.192716141,0,7859,12,443030,inf,trans,0.192716141,7859,425418,443164,False
YPR191W,QCR2,13.42616418,0.192861368,0,642,2,523217,inf,trans,0.192861368,642,505207,530047,False
YPR191W,QCR2,13.09589923,0.179211824,1,8311,12,974822,inf,trans,0.179211824,8311,968660,987293,False
YPR191W,QCR2,11.51142758,-0.170349289,1,8664,13,329611,inf,trans,0.170349289,8664,329611,333904,False
YPR191W,QCR2,10.30675786,0.316141407,1,10993,15,1015033,inf,trans,0.316141407,10993,1010191,1018776,False
YPR191W,QCR2,8.690583635,0.140078791,0,11687,16,578941,340436.0,trans,0.140078791,11687,571530,591786,False
YPR191W,QCR2,5.539008887,0.107872341,0,4185,7,394456,inf,trans,0.107872341,4185,389537,397324,False
YPR191W,QCR2,5.279517844,-0.104938191,0,8816,13,509524,inf,trans,0.104938191,8816,500062,513217,False
YPR191W,QCR2,4.933811644,-0.106896694,1,2275,4,957589,inf,trans,0.106896694,2275,956734,961744,False
YPR191W,QCR2,4.835023639,-0.098824104,0,2846,5,32038,inf,trans,0.098824104,2846,30505,38200,False
YPR191W,QCR2,4.795563637,-0.099421573,0,1285,4,53342,inf,trans,0.099421573,1285,46065,61772,False
YPR191W,QCR2,4.642235109,0.096543807,1,5195,8,353097,inf,trans,0.096543807,5195,342706,361900,False
YPR191W,QCR2,4.311759307,0.092192268,0,6884,11,108870,inf,trans,0.092192268,6884,96863,122192,False
YPR191W,QCR2,4.243342895,-0.093437834,0,1762,4,481074,inf,trans,0.093437834,1762,450801,504419,False
YPR191W,QCR2,4.057338397,-0.197988643,0,11110,16,43052,876325.0,trans,0.197988643,11110,43046,43059,False
YPR191W,QCR2,3.928530463,-0.091196262,0,5348,8,479718,inf,trans,0.091196262,5348,465075,481335,False
YDR529C,QCR7,24.40693839,0.267464699,1,5615,9,142542,inf,trans,0.267464699,5615,131829,155581,False
YDR529C,QCR7,21.96681052,0.28492906,1,10191,15,171671,inf,trans,0.28492906,10191,165912,184082,False
YDR529C,QCR7,18.25248141,0.226449312,1,7979,12,570032,inf,trans,0.226449312,7979,563476,576167,False
YDR529C,QCR7,17.21092365,0.217831653,0,7859,12,443030,inf,trans,0.217831653,7859,425418,443164,False
YDR529C,QCR7,16.84395777,-0.296614558,1,8458,13,56990,inf,trans,0.296614558,8458,55098,73225,False
YDR529C,QCR7,10.75844473,0.185254106,0,642,2,523217,inf,trans,0.185254106,642,505207,530047,False
YDR529C,QCR7,10.6778464,0.173514506,0,8313,12,974973,inf,trans,0.173514506,8313,961463,990758,False
YDR529C,QCR7,9.264986809,-0.167642907,0,8668,13,331755,inf,trans,0.167642907,8668,329611,333904,False
YDR529C,QCR7,8.225912852,0.145320596,0,10992,15,1014707,inf,trans,0.145320596,10992,1010191,1018776,False
YDR529C,QCR7,7.759160783,0.439663031,0,4248,7,433855,inf,trans,0.439663031,4248,433855,433855,False
YDR529C,QCR7,6.237698784,-0.196478444,1,5475,9,57578,inf,trans,0.196478444,5475,57000,72621,False
YDR529C,QCR7,5.364815265,-0.114546498,0,3913,7,47250,inf,trans,0.114546498,3913,42627,53544,False
YDR529C,QCR7,5.214556506,0.114096066,0,1086,3,196680,inf,trans,0.114096066,1086,186935,204903,False
YDR529C,QCR7,4.819873292,0.108635268,0,11687,16,578941,inf,trans,0.108635268,11687,571530,591786,False
YDR529C,QCR7,4.756807166,-0.108608711,0,1927,4,613791,882366.0,trans,0.108608711,1927,604043,624555,False
YDR529C,QCR7,4.637236056,-0.205049633,0,1000,3,90725,inf,trans,0.205049633,1000,90723,90727,False
YDR529C,QCR7,4.460354233,-0.22042375,0,11110,16,43052,inf,trans,0.22042375,11110,43046,43059,False
YDR529C,QCR7,4.327186529,-0.10226983,1,8819,13,510968,inf,trans,0.10226983,8819,505070,513217,False
YDR529C,QCR7,4.014056909,0.098524293,1,8962,13,648377,inf,trans,0.098524293,8962,632242,661923,False
YDR529C,QCR7,3.903954967,-0.095280317,0,3704,6,95926,inf,trans,0.095280317,3704,95448,95926,False
YEL037C,RAD23,8.520332106,-0.203240236,1,11585,16,455737,inf,trans,0.203240236,11585,452142,458134,False
YEL037C,RAD23,7.339900481,-0.342283047,0,1784,4,520430,inf,trans,0.342283047,1784,520430,520430,False
YEL037C,RAD23,5.727966011,-0.145876474,0,5477,9,60132,inf,trans,0.145876474,5477,57000,72684,False
YEL037C,RAD23,5.698690934,0.38297796,0,261,2,84412,inf,trans,0.38297796,261,84412,84412,False
YEL037C,RAD23,5.647280926,-0.330736094,0,1705,4,428805,inf,trans,0.330736094,1705,428805,428805,False
YEL037C,RAD23,5.287946255,0.15829412,0,1745,4,471707,inf,trans,0.15829412,1745,454913,482653,False
YEL037C,RAD23,4.65834746,0.129325713,0,9443,14,250690,inf,trans,0.129325713,9443,239611,257173,False
YEL037C,RAD23,4.61991259,0.445751108,0,993,3,84800,inf,trans,0.445751108,993,84800,84800,False
YEL037C,RAD23,4.533483399,0.127499199,0,3993,7,142935,inf,trans,0.127499199,3993,129502,144443,False
YNL216W,RAP1,6.367040952,0.188600534,0,10191,15,171671,inf,trans,0.188600534,10191,165912,184082,False
YNL098C,RAS2,19.93222055,0.324126271,1,10191,15,171671,inf,trans,0.324126271,10191,165912,184082,False
YNL098C,RAS2,12.20444691,0.218978402,0,11699,16,586993,inf,trans,0.218978402,11699,572464,593213,False
YNL098C,RAS2,7.729100299,0.257323389,1,8759,13,438478,inf,trans,0.257323389,8759,426996,445628,False
YNL098C,RAS2,5.208588881,-0.135302551,0,4189,7,397449,inf,trans,0.135302551,4189,395909,412413,False
YNL098C,RAS2,4.733788838,0.127333482,0,2485,4,1257441,inf,trans,0.127333482,2485,1250650,1264269,False
YNL098C,RAS2,4.695745503,-0.252967896,0,1784,4,520430,inf,trans,0.252967896,1784,520430,520430,False
YAL036C,RBG1; FUN11,6.792056548,-0.197890852,1,10197,15,180978,inf,trans,0.197890852,10197,168199,185951,False
YGR173W,RBG2; GIR1,7.804379669,-0.185024239,0,11684,16,576040,inf,trans,0.185024239,11684,571530,591786,False
YGR173W,RBG2; GIR1,6.340129649,-0.161281374,0,11497,16,336019,inf,trans,0.161281374,11497,324393,338769,False
YLR248W,RCK2,7.131108787,-0.182451309,0,1056,3,152080,inf,trans,0.182451309,1056,131971,158006,False
YLR248W,RCK2,6.550866579,0.519742292,0,4248,7,433855,inf,trans,0.519742292,4248,433855,433855,False
YLR248W,RCK2,6.073960215,-0.160738911,0,2456,4,1213754,inf,trans,0.160738911,2456,1184872,1227990,False
YLR248W,RCK2,5.652378967,0.154332569,0,2660,4,1451946,inf,trans,0.154332569,2660,1440118,1457873,False
YLR248W,RCK2,5.570669651,0.171133592,0,10193,15,172102,inf,trans,0.171133592,10193,165912,184082,False
YLR248W,RCK2,5.274716294,0.160276591,1,12000,16,935931,inf,trans,0.160276591,12000,935931,935931,False
YOR285W,RDL1,64.18625358,0.516981778,1,10838,15,849538,96.0,cis,0.516981778,10838,841040,867290,True
YOR285W,RDL1,13.91516039,0.24740354,0,10191,15,171671,677963.0,trans,0.24740354,10191,165912,184082,False
YOR285W,RDL1,5.833092176,-0.13939736,1,1189,3,286440,inf,trans,0.13939736,1189,273446,297295,False
YOR285W,RDL1,5.01873883,0.256019744,0,8405,12,1059495,inf,trans,0.256019744,8405,1059123,1059495,False
YOR285W,RDL1,4.970126301,-0.284403191,0,9777,14,628840,inf,trans,0.284403191,9777,628840,628840,False
YNL312W,RFA2; BUF1,7.656067175,0.266543546,0,11685,16,576347,inf,trans,0.266543546,11685,564355,591786,False
YNL312W,RFA2; BUF1,6.083930126,-0.504283612,0,5762,9,257464,inf,trans,0.504283612,5762,254091,265537,False
YNL312W,RFA2; BUF1,5.573263974,0.150447698,1,658,2,552681,inf,trans,0.150447698,658,552681,558703,False
YNL312W,RFA2; BUF1,5.131994946,0.239006879,1,4016,7,173129,inf,trans,0.239006879,4016,164509,178295,False
YJL173C,RFA3,7.446132359,-0.533574133,0,12041,17,48192,inf,trans,0.533574133,12041,48192,48192,False
YJL173C,RFA3,7.193634331,-0.353090004,0,1784,4,520430,inf,trans,0.353090004,1784,520430,520430,False
YJL173C,RFA3,6.100779402,0.414401784,0,4207,7,412630,inf,trans,0.414401784,4207,412630,412630,False
YIL118W,RHO3,12.92546376,0.278399368,1,10193,15,172102,inf,trans,0.278399368,10193,165912,184082,False
YDR487C,RIB3,6.684464886,0.17969581,0,8438,13,31587,inf,trans,0.17969581,8438,29394,34097,False
YDR487C,RIB3,6.346961214,0.861067401,0,4215,7,414263,inf,trans,0.861067401,4215,414263,414263,False
YDR487C,RIB3,5.72616599,0.30641277,0,651,2,541047,inf,trans,0.30641277,651,541047,541047,False
YDR487C,RIB3,5.296941037,-0.280778564,0,1784,4,520430,907916.0,trans,0.280778564,1784,520430,520430,False
YDR487C,RIB3,5.272716595,0.143524291,0,7198,11,439973,inf,trans,0.143524291,7198,430725,460484,False
YDR487C,RIB3,5.145828322,-0.562826604,0,10262,15,238354,inf,trans,0.562826604,10262,238354,238354,False
YDR487C,RIB3,5.075003048,-0.162043416,0,8424,13,14021,inf,trans,0.162043416,8424,11305,14024,False
YOL143C,RIB4,9.699462534,0.19558033,0,429,2,283431,inf,trans,0.19558033,429,274614,287187,False
YOL143C,RIB4,7.325517394,0.16597133,0,10091,15,70998,15895.0,trans,0.16597133,10091,62400,82212,False
YOL143C,RIB4,5.88688806,-0.145732596,0,10883,15,906722,851619.0,trans,0.145732596,10883,887134,912729,False
YOL143C,RIB4,5.760560071,0.145757168,0,1939,4,623642,inf,trans,0.145757168,1939,613791,629973,False
YOL143C,RIB4,5.650496212,0.141814276,1,2477,4,1242383,inf,trans,0.141814276,2477,1237546,1248695,False
YOL143C,RIB4,5.175840837,0.135936227,0,6007,10,61708,inf,trans,0.135936227,6007,61391,68934,False
YOL143C,RIB4,5.0338538,0.133680739,0,4523,7,730706,inf,trans,0.133680739,4523,713462,732233,False
YOL143C,RIB4,4.820352144,-0.150657708,0,8503,13,82403,inf,trans,0.150657708,8503,75558,92384,False
YOL143C,RIB4,4.781111092,0.12778593,0,5541,9,84696,inf,trans,0.12778593,5541,72672,94251,False
YOL143C,RIB4,4.760782491,0.385063392,1,1809,4,538174,inf,trans,0.385063392,1809,538174,538183,False
YOL143C,RIB4,4.689031789,-0.717935293,0,7686,12,265316,inf,trans,0.717935293,7686,265316,265316,False
YOL143C,RIB4,4.684332647,0.139194453,0,3661,6,62990,inf,trans,0.139194453,3661,57460,71997,False
YOL143C,RIB4,4.615044798,-0.12537262,1,9804,14,651855,inf,trans,0.12537262,9804,651855,651855,False
YCR028C-A,RIM1,9.536241937,0.217196272,1,10194,15,173340,inf,trans,0.217196272,10194,165912,184082,False
YCR028C-A,RIM1,8.23774133,0.172446931,0,11687,16,578941,inf,trans,0.172446931,11687,571530,591786,False
YCR028C-A,RIM1,7.462953814,0.1672331,0,5612,9,139216,inf,trans,0.1672331,5612,125289,144955,False
YCR028C-A,RIM1,5.634183489,0.300056985,0,896,3,757,172189.0,trans,0.300056985,896,757,757,False
YCR028C-A,RIM1,5.145320309,0.26644551,0,1094,3,201026,27590.0,trans,0.26644551,1094,198615,201026,False
YCR028C-A,RIM1,4.918810266,-0.267014739,0,10218,15,204530,inf,trans,0.267014739,10218,204530,204530,False
YCR028C-A,RIM1,4.504497613,0.12328929,0,2484,4,1257382,inf,trans,0.12328929,2484,1256208,1264269,False
YCR028C-A,RIM1,4.423631424,-0.395147136,0,8582,13,179719,inf,trans,0.395147136,8582,179719,179719,False
YER070W,RNR1,19.14000361,0.287493784,1,11681,16,572464,inf,trans,0.287493784,11681,544393,587778,False
YER070W,RNR1,10.96803799,-0.221459537,0,7905,12,510268,inf,trans,0.221459537,7905,504262,511884,False
YER070W,RNR1,6.779074157,-0.161326077,0,7950,12,552743,inf,trans,0.161326077,7950,543141,557933,False
YER070W,RNR1,5.708779482,0.615388594,0,7873,12,460678,inf,trans,0.615388594,7873,460678,460678,False
YER070W,RNR1,5.682915477,0.183166911,1,8479,13,74713,inf,trans,0.183166911,8479,61764,81354,False
YER070W,RNR1,5.345486744,-0.212349401,0,1006,3,95493,inf,trans,0.212349401,1006,92556,101814,False
YER070W,RNR1,5.219749998,0.775697596,1,11538,16,383323,inf,trans,0.775697596,11538,383323,383323,False
YJL026W,RNR2; CRT6,30.82566695,-0.272426125,0,11681,16,572464,inf,trans,0.272426125,11681,544393,587778,False
YJL026W,RNR2; CRT6,11.29961025,-0.420676709,0,4207,7,412630,inf,trans,0.420676709,4207,412630,412630,False
YJL026W,RNR2; CRT6,10.393556,0.305671457,0,7902,12,509786,inf,trans,0.305671457,7902,501100,512394,False
YJL026W,RNR2; CRT6,8.970575714,0.301002663,0,7905,12,510268,inf,trans,0.301002663,7905,504262,511884,False
YJL026W,RNR2; CRT6,7.338185156,0.124737616,0,3670,6,71997,inf,trans,0.124737616,3670,62743,74913,False
YJL026W,RNR2; CRT6,6.777863578,0.135160124,0,1939,4,623642,inf,trans,0.135160124,1939,613791,629973,False
YJL026W,RNR2; CRT6,6.443819106,0.113074801,0,3777,6,201882,inf,trans,0.113074801,3777,199005,203342,False
YJL026W,RNR2; CRT6,6.409798946,0.114709011,1,2478,4,1246177,inf,trans,0.114709011,2478,1242195,1256208,False
YJL026W,RNR2; CRT6,5.135008322,-0.100395655,0,1148,3,251274,inf,trans,0.100395655,1148,248454,259020,False
YJL026W,RNR2; CRT6,4.493559809,-0.103239833,1,11585,16,455737,inf,trans,0.103239833,11585,452142,458134,False
YJL026W,RNR2; CRT6,4.491579588,-0.136586404,1,4896,8,58900,inf,trans,0.136586404,4896,58900,58900,False
YJL026W,RNR2; CRT6,4.409802749,0.091656994,0,9481,14,319699,inf,trans,0.091656994,9481,312060,334886,False
YJL026W,RNR2; CRT6,4.29533989,-0.093037329,0,436,2,296082,inf,trans,0.093037329,436,294941,301710,False
YJL026W,RNR2; CRT6,4.205789776,-0.087933635,0,9798,14,644949,inf,trans,0.087933635,9798,620369,650841,False
YJL026W,RNR2; CRT6,4.185109113,0.09073341,0,1685,4,397927,inf,trans,0.09073341,1685,390909,405368,False
YJL026W,RNR2; CRT6,3.9399831,-0.085630619,0,10992,15,1014707,inf,trans,0.085630619,10992,1010191,1018776,False
YJL026W,RNR2; CRT6,3.918421593,-0.085017875,1,3190,5,377631,inf,trans,0.085017875,3190,366361,384156,False
YJL026W,RNR2; CRT6,3.888759402,0.255776153,0,7031,11,231612,inf,trans,0.255776153,7031,231612,231612,False
YJL026W,RNR2; CRT6,3.828307467,-0.098488566,1,11776,16,657410,inf,trans,0.098488566,11776,654906,659088,False
YJL026W,RNR2; CRT6,3.797085631,0.085591668,0,7194,11,431573,inf,trans,0.085591668,7194,421231,456846,False
YJL026W,RNR2; CRT6,3.770180011,0.172634687,0,4,1,1470,inf,trans,0.172634687,4,1470,1470,False
YJL026W,RNR2; CRT6,3.638711887,-0.082651589,0,2333,4,1018955,inf,trans,0.082651589,2333,1013362,1029308,False
YGR180C,RNR4; CRT3,16.55240659,0.414450397,0,7905,12,510268,inf,trans,0.414450397,7905,504262,511884,False
YGR180C,RNR4; CRT3,8.963411851,0.137104269,1,7217,11,449454,inf,trans,0.137104269,7217,430725,462463,False
YGR180C,RNR4; CRT3,6.374530766,0.231253858,0,7903,12,509982,inf,trans,0.231253858,7903,501100,512394,False
YGR180C,RNR4; CRT3,6.177768862,0.110991708,1,2558,4,1345604,inf,trans,0.110991708,2558,1337043,1367398,False
YGR180C,RNR4; CRT3,5.840561819,-0.18690654,0,11682,16,574886,inf,trans,0.18690654,11682,549715,590624,False
YGR180C,RNR4; CRT3,5.752452391,-0.106067262,0,1088,3,197297,inf,trans,0.106067262,1088,186935,204903,False
YGR180C,RNR4; CRT3,5.636442695,0.104288674,0,4617,7,865950,9644.0,trans,0.104288674,4617,853046,885002,False
YGR180C,RNR4; CRT3,5.294618667,0.11443815,1,1633,4,355411,inf,trans,0.11443815,1633,353020,356853,False
YGR180C,RNR4; CRT3,4.959229233,-0.186203025,1,11679,16,572345,inf,trans,0.186203025,11679,571530,579913,False
YGR180C,RNR4; CRT3,4.758068341,-0.10641546,0,11585,16,455737,inf,trans,0.10641546,11585,452142,458134,False
YGR180C,RNR4; CRT3,4.226999411,-0.175106286,0,11874,16,786427,inf,trans,0.175106286,11874,786427,786427,False
YGR180C,RNR4; CRT3,4.174090591,0.088058001,1,8898,13,577143,inf,trans,0.088058001,8898,568827,589215,False
YGR180C,RNR4; CRT3,4.143623098,0.08762625,0,10862,15,880049,inf,trans,0.08762625,10862,861655,888555,False
YGR180C,RNR4; CRT3,4.07518638,0.086340707,1,4047,7,209438,645831.0,trans,0.086340707,4047,199802,209438,False
YLR075W,RPL10,6.096617265,-0.850434101,0,3486,5,564372,inf,trans,0.850434101,3486,563372,565208,False
YLR075W,RPL10,5.31199104,-0.800207854,0,7686,12,265316,17612.0,trans,0.800207854,7686,265316,265316,False
YLR075W,RPL10,5.099123934,-0.137287106,0,9798,14,644949,inf,trans,0.137287106,9798,620369,650841,False
YLR075W,RPL10,4.953437739,0.359667672,0,4825,7,1048545,inf,trans,0.359667672,4825,1048545,1048545,False
YHL001W,RPL14B,9.358894136,-0.186383145,0,9798,14,644949,inf,trans,0.186383145,9798,620369,650841,False
YHL001W,RPL14B,9.12183986,-0.513346288,0,4207,7,412630,inf,trans,0.513346288,4207,412630,412630,False
YHL001W,RPL14B,8.610660206,-0.963552844,0,4215,7,414263,inf,trans,0.963552844,4215,414263,414263,False
YHL001W,RPL14B,7.405439659,0.162213951,0,5514,9,71693,inf,trans,0.162213951,5514,57000,77957,False
YHL001W,RPL14B,5.635832238,-0.889597047,0,10777,15,785154,inf,trans,0.889597047,10777,785154,785154,False
YHL001W,RPL14B,5.37255354,0.270773773,0,1784,4,520430,inf,trans,0.270773773,1784,520430,520430,False
YHL001W,RPL14B,4.719403868,0.124296565,0,6006,10,61545,inf,trans,0.124296565,6006,61391,68934,False
YHL001W,RPL14B,4.609397714,0.124678918,0,2478,4,1246177,inf,trans,0.124678918,2478,1242195,1256208,False
YIL133C,RPL16A,11.03915194,-0.199473384,1,9799,14,645369,inf,trans,0.199473384,9799,620369,650841,False
YIL133C,RPL16A,6.252445268,0.148231908,0,1933,4,621613,inf,trans,0.148231908,1933,613791,624555,False
YIL133C,RPL16A,6.162415199,-0.442811723,0,7031,11,231612,inf,trans,0.442811723,7031,231612,231612,False
YIL133C,RPL16A,6.132382757,0.142388234,1,6006,10,61545,inf,trans,0.142388234,6006,61391,68934,False
YIL133C,RPL16A,6.08562309,0.169898672,0,3664,6,65125,inf,trans,0.169898672,3664,62743,73433,False
YIL133C,RPL16A,5.336902768,0.133002555,0,2083,4,783543,inf,trans,0.133002555,2083,769065,802519,False
YIL133C,RPL16A,5.09701709,-0.33858863,0,1210,3,292662,inf,trans,0.33858863,1210,292662,292662,False
YIL133C,RPL16A,5.040172806,-0.130549547,0,1993,4,679624,inf,trans,0.130549547,1993,667986,696549,False
YIL133C,RPL16A,5.022308992,-0.426881537,0,4248,7,433855,inf,trans,0.426881537,4248,433855,433855,False
YIL133C,RPL16A,4.729507539,-0.127649965,1,8931,13,605897,inf,trans,0.127649965,8931,600543,621167,False
YIL133C,RPL16A,4.371929805,0.218851099,0,4824,7,1048542,inf,trans,0.218851099,4824,1048542,1048542,False
YIL133C,RPL16A,4.331667194,-0.135984247,1,3645,6,50825,inf,trans,0.135984247,3645,45282,56091,False
YIL133C,RPL16A,4.055061405,-0.225688896,0,11041,15,1074302,inf,trans,0.225688896,11041,1074302,1074302,False
YIL133C,RPL16A,4.022589868,0.111773811,0,9165,13,840462,inf,trans,0.111773811,9165,830456,849970,False
YIL133C,RPL16A,3.97876534,0.112305075,0,3802,6,231725,inf,trans,0.112305075,3802,229335,240985,False
YIL133C,RPL16A,3.858734031,0.112421251,0,3216,5,406826,inf,trans,0.112421251,3216,401545,409900,False
YIL133C,RPL16A,3.752944545,0.120163884,1,2672,4,1462057,inf,trans,0.120163884,2672,1455597,1474060,False
YIL133C,RPL16A,3.751381581,-0.109584228,0,11684,16,576040,inf,trans,0.109584228,11684,571530,591786,False
YIL133C,RPL16A,3.715455229,-0.586954702,0,4215,7,414263,inf,trans,0.586954702,4215,414263,414263,False
YNL069C,RPL16B,10.23192033,-0.193832989,1,9803,14,650841,155839.0,trans,0.193832989,9803,643364,651987,False
YNL069C,RPL16B,8.393785075,-0.175553737,0,11683,16,575622,inf,trans,0.175553737,11683,554350,590624,False
YNL069C,RPL16B,7.729585029,-0.485567259,0,7031,11,231612,inf,trans,0.485567259,7031,231612,231612,False
YNL069C,RPL16B,7.066238169,0.158844058,0,5506,9,71094,inf,trans,0.158844058,5506,57000,77957,False
YNL069C,RPL16B,5.584607898,0.138939643,0,11840,16,739602,inf,trans,0.138939643,11840,726414,747487,False
YNL069C,RPL16B,5.381133033,0.34228773,0,844,2,780425,inf,trans,0.34228773,844,780425,780425,False
YNL069C,RPL16B,5.127251023,0.132675402,0,11108,16,40552,inf,trans,0.132675402,11108,29135,46114,False
YNL069C,RPL16B,4.862395836,0.128143197,0,6006,10,61545,inf,trans,0.128143197,6006,61391,68934,False
YLR061W,RPL22A,7.069101858,-0.16016543,0,2479,4,1248530,inf,trans,0.16016543,2479,1242195,1256509,False
YLR061W,RPL22A,6.96403196,0.159936218,0,9800,14,646585,inf,trans,0.159936218,9800,629832,650841,False
YLR061W,RPL22A,6.084291904,-0.149426608,0,1939,4,623642,inf,trans,0.149426608,1939,613791,629973,False
YLR061W,RPL22A,5.6298564,-0.141197007,0,6006,10,61545,inf,trans,0.141197007,6006,61391,68934,False
YLR061W,RPL22A,5.243747579,-0.153231676,0,10195,15,179652,inf,trans,0.153231676,10195,165912,185951,False
YLR061W,RPL22A,5.056926432,-0.273560928,0,4,1,1470,inf,trans,0.273560928,4,1470,1470,False
YLR061W,RPL22A,4.830967826,0.265624367,0,6273,10,417350,inf,trans,0.265624367,6273,414241,442604,False
YLR061W,RPL22A,4.67588854,-0.141808748,0,12039,17,48143,inf,trans,0.141808748,12039,48143,48143,False
YLR061W,RPL22A,4.64535369,0.692473975,0,4215,7,414263,inf,trans,0.692473975,4215,414263,414263,False
YLR061W,RPL22A,4.597190673,0.330025807,0,4207,7,412630,inf,trans,0.330025807,4207,412630,412630,False
YLR061W,RPL22A,4.532585629,-0.124218462,0,11274,16,159409,inf,trans,0.124218462,11274,149006,168266,False
YLR061W,RPL22A,4.479915274,-0.124498541,0,7950,12,552743,288794.0,trans,0.124498541,7950,543141,557933,False
YLR061W,RPL22A,4.445957372,0.123318723,0,7382,11,628767,inf,trans,0.123318723,7382,618029,632234,False
YGL031C,RPL24A,14.06578107,-0.691687107,1,7032,11,234032,inf,trans,0.691687107,7032,234032,234032,False
YGL031C,RPL24A,5.813394245,-0.145419221,0,2480,4,1248695,inf,trans,0.145419221,2480,1242195,1256509,False
YGL031C,RPL24A,5.553491789,0.166648334,0,8502,13,81354,inf,trans,0.166648334,8502,73225,92384,False
YGL031C,RPL24A,5.160584338,-0.281327618,0,4647,7,876941,439002.0,trans,0.281327618,4647,876941,876941,False
YGL031C,RPL24A,4.973250405,-0.272259831,0,4554,7,790386,352447.0,trans,0.272259831,4554,790386,790386,False
YGL031C,RPL24A,4.918744071,-0.146105855,1,10203,15,185252,inf,trans,0.146105855,10203,179652,185951,False
YGL031C,RPL24A,4.736717236,0.145064412,0,284,2,119246,inf,trans,0.145064412,284,119244,123100,False
YGL031C,RPL24A,4.404203971,0.176751528,1,1907,4,592981,inf,trans,0.176751528,1907,592981,592981,False
YGR148C,RPL24B; RPL30B,7.004157208,0.329017969,0,1784,4,520430,inf,trans,0.329017969,1784,520430,520430,False
YGR148C,RPL24B; RPL30B,5.514158749,-0.139690172,0,2479,4,1248530,inf,trans,0.139690172,2479,1242195,1256509,False
YGR148C,RPL24B; RPL30B,5.488469503,-0.313546811,0,5416,8,541428,inf,trans,0.313546811,5416,541428,541428,False
YOL127W,RPL25,7.021308947,-0.485613357,0,7031,11,231612,inf,trans,0.485613357,7031,231612,231612,False
YOL127W,RPL25,5.669047667,-0.142351232,1,4565,7,794505,inf,trans,0.142351232,4565,789160,794535,False
YOL127W,RPL25,5.655675932,-0.296078,0,4647,7,876941,inf,trans,0.296078,4647,876941,876941,False
YOL127W,RPL25,5.498358587,-0.17210166,1,11245,16,132456,inf,trans,0.17210166,11245,132456,132456,False
YOL127W,RPL25,5.118569129,0.146856035,0,7571,12,144481,inf,trans,0.146856035,7571,128383,158615,False
YOL127W,RPL25,5.028124027,0.160275615,1,912,3,4582,inf,trans,0.160275615,912,2644,5784,False
YOL127W,RPL25,4.817185312,-0.147881233,0,10192,15,172074,90884.0,trans,0.147881233,10192,165912,184082,False
YGR034W,RPL26B; RPL33B,9.869017503,-0.851408304,0,7873,12,460678,inf,trans,0.851408304,7873,460678,460678,False
YGL103W,RPL28; CYH2,15.04619184,-0.284088041,0,10198,15,181071,inf,trans,0.284088041,10198,168199,185951,False
YOR063W,RPL3,8.498773742,-0.574740596,0,10260,15,237009,207679.0,trans,0.574740596,10260,237009,237009,False
YOR063W,RPL3,6.180938149,0.142001497,1,6890,11,115612,inf,trans,0.142001497,6890,102671,125700,False
YOR063W,RPL3,6.094504643,-0.221555976,0,11684,16,576040,inf,trans,0.221555976,11684,571530,591786,False
YOR063W,RPL3,5.89483871,0.14053954,0,5482,9,68365,inf,trans,0.14053954,5482,57000,72998,False
YOR063W,RPL3,5.848477897,-0.222680157,0,10869,15,888848,442997.0,trans,0.222680157,10869,888848,888856,False
YOR063W,RPL3,5.789594588,0.272136791,0,5429,8,556173,inf,trans,0.272136791,5429,556173,556175,False
YOR063W,RPL3,5.073053247,0.136891914,0,2440,4,1176138,inf,trans,0.136891914,2440,1171385,1191935,False
YOR063W,RPL3,5.00265312,0.126202091,1,9641,14,539456,inf,trans,0.126202091,9641,534351,539456,False
YGL030W,RPL30; RPL32,8.575056389,-0.233321253,0,9798,14,644949,inf,trans,0.233321253,9798,620369,650841,False
YGL030W,RPL30; RPL32,7.505683226,0.169062049,1,2478,4,1246177,inf,trans,0.169062049,2478,1242195,1256208,False
YGL030W,RPL30; RPL32,6.588949752,-0.366875982,0,3484,5,564355,inf,trans,0.366875982,3484,563347,565122,False
YGL030W,RPL30; RPL32,6.335047765,-0.955253264,0,10777,15,785154,inf,trans,0.955253264,10777,785154,785154,False
YGL030W,RPL30; RPL32,5.697528223,0.144798419,0,1940,4,624555,inf,trans,0.144798419,1940,613791,629973,False
YGL030W,RPL30; RPL32,5.567623756,0.183978623,0,9762,14,614340,inf,trans,0.183978623,9762,602396,641214,False
YGL030W,RPL30; RPL32,5.351995377,-0.138493439,1,5230,8,379942,inf,trans,0.138493439,5230,379942,379942,False
YGL030W,RPL30; RPL32,5.230732552,-0.374673736,0,4207,7,412630,26466.0,trans,0.374673736,4207,412630,412630,False
YGL030W,RPL30; RPL32,5.008638319,-0.769651571,0,7686,12,265316,inf,trans,0.769651571,7686,265316,265316,False
YBL092W,RPL32,7.903107862,0.262831828,0,2640,4,1445462,inf,trans,0.262831828,2640,1435743,1453498,False
YBL092W,RPL32,5.718091936,0.141709826,0,6892,11,116979,inf,trans,0.141709826,6892,102671,125700,False
YBL092W,RPL32,5.673021431,-0.140118114,0,9798,14,644949,inf,trans,0.140118114,9798,620369,650841,False
YBL092W,RPL32,5.660716959,-0.466712129,0,10260,15,237009,inf,trans,0.466712129,10260,237009,237009,False
YBL092W,RPL32,5.510081147,0.13856022,1,4146,7,356291,inf,trans,0.13856022,4146,351511,367665,False
YBL092W,RPL32,5.003290306,0.132922435,0,3660,6,62743,inf,trans,0.132922435,3660,55876,73433,False
YBL092W,RPL32,4.827678122,0.128205858,0,7942,12,549297,inf,trans,0.128205858,7942,543141,553802,False
YBL092W,RPL32,4.655907881,0.700320127,0,6936,11,144916,inf,trans,0.700320127,6936,144916,144916,False
YBL092W,RPL32,4.6477144,-0.254248175,0,5229,8,379942,inf,trans,0.254248175,5229,379942,381783,False
YBL092W,RPL32,4.468470648,0.126435659,1,6006,10,61545,inf,trans,0.126435659,6006,61391,68934,False
YBL092W,RPL32,4.158682541,-0.119279306,0,10751,15,765854,inf,trans,0.119279306,10751,757677,768292,False
YBL092W,RPL32,4.14491374,0.116629238,0,5547,9,86720,inf,trans,0.116629238,5547,76394,94251,False
YPL143W,RPL33A; RPL37A,9.135990138,-0.386301422,0,5911,9,388051,inf,trans,0.386301422,5911,388051,388051,False
YPL143W,RPL33A; RPL37A,8.178310115,0.222927802,0,8461,13,60008,inf,trans,0.222927802,8461,55098,73814,False
YPL143W,RPL33A; RPL37A,6.861451258,-0.149294262,0,2477,4,1242383,inf,trans,0.149294262,2477,1237546,1248695,False
YPL143W,RPL33A; RPL37A,6.472838037,-0.174588584,0,11516,16,347675,64706.0,trans,0.174588584,11516,340393,354554,False
YPL143W,RPL33A; RPL37A,5.915486547,0.446639336,0,10882,15,906721,inf,trans,0.446639336,10882,887134,912729,False
YPL143W,RPL33A; RPL37A,5.467397434,0.132485101,0,9799,14,645369,inf,trans,0.132485101,9799,620369,650841,False
YPL143W,RPL33A; RPL37A,5.419068662,-0.283655737,0,11110,16,43052,239069.0,trans,0.283655737,11110,43046,43059,False
YPL143W,RPL33A; RPL37A,5.195008643,0.796711335,0,10777,15,785154,inf,trans,0.796711335,10777,785154,785154,False
YPL143W,RPL33A; RPL37A,5.031624254,-0.27792052,1,5416,8,541428,inf,trans,0.27792052,5416,541428,541428,False
YPL143W,RPL33A; RPL37A,4.945880429,-0.136555095,0,3661,6,62990,inf,trans,0.136555095,3661,57460,71997,False
YPL143W,RPL33A; RPL37A,4.631843568,0.281116425,0,5892,9,380935,inf,trans,0.281116425,5892,380935,380935,False
YPL143W,RPL33A; RPL37A,4.165148147,0.112650998,0,11034,15,1067520,inf,trans,0.112650998,11034,1049703,16749,False
YPL143W,RPL33A; RPL37A,4.111569798,-0.113467163,0,759,2,690583,inf,trans,0.113467163,759,680493,701195,False
YPL143W,RPL33A; RPL37A,4.037426117,-0.110869322,1,5799,9,276483,inf,trans,0.110869322,5799,273029,283290,False
YPL143W,RPL33A; RPL37A,3.967174553,-0.109999215,0,5621,9,150327,inf,trans,0.109999215,5621,142542,158904,False
YPL143W,RPL33A; RPL37A,3.941792164,0.11806477,0,3530,5,565013,inf,trans,0.11806477,3530,564298,566466,False
YOR234C,RPL33B; RPL37B,7.264746103,-0.500158505,0,7031,11,231612,inf,trans,0.500158505,7031,231612,231612,False
YOR234C,RPL33B; RPL37B,6.04850049,-0.172370284,0,10200,15,183037,595519.0,trans,0.172370284,10200,170347,185951,False
YLR185W,RPL37A; RPL35A,18.94305899,0.549608551,0,1784,4,520430,inf,trans,0.549608551,1784,520430,520430,False
YLR185W,RPL37A; RPL35A,8.204094533,-0.568191402,0,10260,15,237009,inf,trans,0.568191402,10260,237009,237009,False
YLR185W,RPL37A; RPL35A,7.013873593,0.46665279,0,12041,17,48192,inf,trans,0.46665279,12041,48192,48192,False
YLR185W,RPL37A; RPL35A,6.938574176,0.334474488,1,4731,7,950863,inf,trans,0.334474488,4731,942301,955286,False
YLR185W,RPL37A; RPL35A,5.484127357,0.144909338,0,9164,13,839615,inf,trans,0.144909338,9164,830349,849392,False
YLR185W,RPL37A; RPL35A,5.087688524,0.127788249,0,5477,9,60132,inf,trans,0.127788249,5477,57000,72684,False
YLR185W,RPL37A; RPL35A,4.715817562,-0.130026134,0,9178,13,858794,inf,trans,0.130026134,9178,856903,860589,False
YLR185W,RPL37A; RPL35A,4.446152554,-0.123826502,0,7120,11,355180,inf,trans,0.123826502,7120,348254,362171,False
YDR500C,RPL37B; RPL35B,11.78748427,-0.671277784,0,7031,11,231612,inf,trans,0.671277784,7031,231612,231612,False
YLR325C,RPL38,7.889254246,-0.951632808,0,7686,12,265316,515827.0,trans,0.951632808,7686,265316,265316,False
YLR325C,RPL38,5.447689141,0.273861681,0,1094,3,201026,inf,trans,0.273861681,1094,198615,201026,False
YLR325C,RPL38,5.108571665,0.140797133,0,2440,4,1176138,inf,trans,0.140797133,2440,1171385,1191935,False
YPL131W,RPL5,6.785474643,-0.887744288,0,3121,5,266246,inf,trans,0.887744288,3121,266246,266246,False
YPL131W,RPL5,6.744160533,-0.233148663,0,6423,10,610850,inf,trans,0.233148663,6423,599712,622018,False
YPL131W,RPL5,6.008821546,0.170441109,0,575,2,455029,inf,trans,0.170441109,575,451779,465824,False
YPL131W,RPL5,5.051789383,-0.373443102,0,4207,7,412630,inf,trans,0.373443102,4207,412630,412630,False
YML073C,RPL6A,7.771624303,0.340410905,0,1784,4,520430,inf,trans,0.340410905,1784,520430,520430,False
YML073C,RPL6A,7.74680344,-0.500874201,0,7031,11,231612,inf,trans,0.500874201,7031,231612,231612,False
YML073C,RPL6A,6.715879775,-0.160408695,1,11709,16,591589,inf,trans,0.160408695,11709,584269,593213,False
YML073C,RPL6A,6.156129739,-0.198133629,1,4549,7,785333,inf,trans,0.198133629,4549,785333,785333,False
YML073C,RPL6A,5.757653498,0.335276828,0,337,2,161451,inf,trans,0.335276828,337,161451,161451,False
YML073C,RPL6A,5.331417936,-0.133756954,0,3266,5,486157,inf,trans,0.133756954,3266,478715,491888,False
YML073C,RPL6A,5.047294912,-0.14888621,0,10196,15,180876,inf,trans,0.14888621,10196,168199,185951,False
YML073C,RPL6A,4.79055705,0.134370632,1,8670,13,333904,209732.0,trans,0.134370632,8670,329611,338431,False
YML073C,RPL6A,4.434741505,-0.120859121,1,6387,10,578893,inf,trans,0.120859121,6387,577816,586368,False
YML073C,RPL6A,4.370440936,0.123809738,0,11757,16,638486,inf,trans,0.123809738,11757,625011,641565,False
YGL076C,RPL7A,16.10999203,-0.295262184,0,10195,15,179652,inf,trans,0.295262184,10195,165912,185951,False
YGL076C,RPL7A,6.793153205,0.169911472,1,8670,13,333904,inf,trans,0.169911472,8670,329611,338431,False
YGL076C,RPL7A,4.967233367,0.182786319,0,8461,13,60008,inf,trans,0.182786319,8461,55098,73814,False
YGL076C,RPL7A,4.934579596,-0.136073303,0,7977,12,569918,inf,trans,0.136073303,7977,563476,576167,False
YGL076C,RPL7A,4.904771231,0.423168763,0,4248,7,433855,67856.0,trans,0.423168763,4248,433855,433855,False
YPL198W,RPL7B,16.94292813,-0.248580314,0,4155,7,362321,inf,trans,0.248580314,4155,354145,376215,False
YPL198W,RPL7B,14.37378675,-0.263621465,0,10194,15,173340,inf,trans,0.263621465,10194,165912,184082,False
YPL198W,RPL7B,13.8281698,0.226410906,0,11337,16,191167,16466.0,trans,0.226410906,11337,174996,198072,False
YPL198W,RPL7B,6.894659385,0.154986205,0,11822,16,719279,544578.0,trans,0.154986205,11822,714288,734857,False
YPL198W,RPL7B,5.636251134,-0.14140357,0,7984,12,572030,inf,trans,0.14140357,7984,567889,576167,False
YPL198W,RPL7B,4.473146308,0.190490724,1,4190,7,397834,inf,trans,0.190490724,4190,397834,397834,False
YHL033C,RPL8A,7.441707143,0.168638435,1,5615,9,142542,inf,trans,0.168638435,5615,131829,155581,False
YHL033C,RPL8A,5.312168409,0.141819227,0,11337,16,191167,inf,trans,0.141819227,11337,174996,198072,False
YHL033C,RPL8A,5.066198592,0.270453602,0,1784,4,520430,inf,trans,0.270453602,1784,520430,520430,False
YHL033C,RPL8A,4.99573714,-0.148673505,0,390,2,205965,inf,trans,0.148673505,390,196912,215016,False
YHL033C,RPL8A,4.668775869,-0.258659214,0,9784,14,631825,inf,trans,0.258659214,9784,616988,641214,False
YHL033C,RPL8A,4.48026239,0.131374284,1,11846,16,745701,inf,trans,0.131374284,11846,730557,754310,False
YHL033C,RPL8A,4.436881802,0.125435181,1,3969,7,122646,inf,trans,0.125435181,3969,109520,122646,False
YHL033C,RPL8A,4.390586596,-0.12437649,0,1286,4,55290,inf,trans,0.12437649,1286,48267,62324,False
YHL033C,RPL8A,4.201904939,0.145216056,0,8490,13,80160,inf,trans,0.145216056,8490,73225,91960,False
YLL045C,RPL8B,12.68507825,-0.251450638,0,10195,15,179652,inf,trans,0.251450638,10195,165912,185951,False
YLL045C,RPL8B,8.363684042,-0.501425246,1,7023,11,225381,inf,trans,0.501425246,7023,213574,230092,False
YLL045C,RPL8B,7.705554446,-0.233298969,0,1891,4,584486,inf,trans,0.233298969,1891,565447,592839,False
YLL045C,RPL8B,5.893046286,-1.26858897,0,8368,12,1019132,970504.0,trans,1.26858897,8368,1019132,1019132,False
YLL045C,RPL8B,5.466439452,0.168929234,1,11073,16,23447,inf,trans,0.168929234,11073,23447,23447,False
YGL147C,RPL9A,11.81552085,-0.470498022,0,3484,5,564355,inf,trans,0.470498022,3484,563347,565122,False
YGL147C,RPL9A,10.96380803,-1.244356477,0,10777,15,785154,inf,trans,1.244356477,10777,785154,785154,False
YGL147C,RPL9A,7.717921243,-0.444097799,0,4207,7,412630,184296.0,trans,0.444097799,4207,412630,412630,False
YGL147C,RPL9A,7.279202506,0.320415385,0,4,1,1470,inf,trans,0.320415385,4,1470,1470,False
YGL147C,RPL9A,7.176725571,-0.151678098,1,9803,14,650841,inf,trans,0.151678098,9803,643364,651987,False
YGL147C,RPL9A,7.109812416,0.304427323,0,10087,15,70222,inf,trans,0.304427323,10087,69757,72740,False
YGL147C,RPL9A,6.164435115,0.292263327,0,7507,12,97159,inf,trans,0.292263327,7507,97147,97159,False
YGL147C,RPL9A,6.084097951,0.28616134,0,3416,5,562667,inf,trans,0.28616134,3416,561353,564048,False
YGL147C,RPL9A,5.8681682,0.138544692,0,1940,4,624555,inf,trans,0.138544692,1940,613791,629973,False
YGL147C,RPL9A,5.643304156,-0.544614835,0,6273,10,417350,inf,trans,0.544614835,6273,414241,442604,False
YGL147C,RPL9A,4.554515437,0.119864366,0,2478,4,1246177,inf,trans,0.119864366,2478,1242195,1256208,False
YGL147C,RPL9A,4.299469152,-0.664077016,0,7686,12,265316,inf,trans,0.664077016,7686,265316,265316,False
YGL147C,RPL9A,4.188347383,0.112932002,0,6006,10,61545,inf,trans,0.112932002,6006,61391,68934,False
YGL147C,RPL9A,4.091883014,0.114531883,0,4183,7,390823,162489.0,trans,0.114531883,4183,389537,394456,False
YGL147C,RPL9A,4.056952849,-0.116229797,0,5260,8,390246,inf,trans,0.116229797,5260,380610,397561,False
YLR340W,,6.855201074,0.555838965,0,10844,15,860902,inf,trans,0.555838965,10844,860902,860902,False
YLR340W,,5.644800779,0.1590331,1,8527,13,99599,inf,trans,0.1590331,8527,99599,99599,False
YLR340W,,5.217168393,-0.150338684,0,10183,15,168592,inf,trans,0.150338684,10183,165912,181071,False
YOL039W,,5.680951124,-0.172794535,0,10180,15,166369,87927.0,trans,0.172794535,10180,165912,179652,False
YDL130W,,8.356560642,0.184897878,0,1940,4,624555,394028.0,trans,0.184897878,1940,613791,629973,False
YDL130W,,5.24822012,0.136411902,1,2433,4,1172576,942049.0,trans,0.136411902,2433,1171385,1198548,False
YDL130W,,4.943716741,0.133645896,1,1095,3,203261,inf,trans,0.133645896,1095,195779,204903,False
YDR382W,RPP2B,7.527005051,0.390264828,1,5383,8,520123,inf,trans,0.390264828,5383,517167,528155,False
YDR382W,RPP2B,6.783268298,-1.071734481,0,10777,15,785154,inf,trans,1.071734481,10777,785154,785154,False
YDR091C,RLI1,9.796480981,1.072642092,0,3121,5,266246,inf,trans,1.072642092,3121,266246,266246,False
YDR091C,RLI1,6.823569803,1.11060568,0,10777,15,785154,inf,trans,1.11060568,10777,785154,785154,False
YDR091C,RLI1,5.895684557,-0.166413494,0,10200,15,183037,inf,trans,0.166413494,10200,170347,185951,False
YNL002C,RLP7; RPL7,5.230207988,-0.164103254,1,10208,15,194895,inf,trans,0.164103254,10208,194895,195381,False
YNL002C,RLP7; RPL7,5.084923466,-0.302945175,0,5416,8,541428,inf,trans,0.302945175,5416,541428,541428,False
YNL002C,RLP7; RPL7,4.802249996,-0.244787455,1,7906,12,510429,inf,trans,0.244787455,7906,510429,510429,False
YCL028W,RNQ1,12.18478525,0.254015689,1,10186,15,170347,inf,trans,0.254015689,10186,165912,184082,False
YCL028W,RNQ1,9.828245673,0.199685334,1,5615,9,142542,inf,trans,0.199685334,5615,131829,155581,False
YCL028W,RNQ1,7.105029808,0.566590069,0,993,3,84800,13433.0,trans,0.566590069,993,84800,84800,False
YOR341W,RPA190,6.967589208,-0.194790149,0,10196,15,180876,780108.0,trans,0.194790149,10196,168199,185951,False
YOR341W,RPA190,5.715462033,0.645969178,1,10115,15,111081,849903.0,trans,0.645969178,10115,111081,111081,False
YOR341W,RPA190,5.216312786,0.605373738,0,7873,12,460678,inf,trans,0.605373738,7873,460678,460678,False
YJR063W,RPA12; RRN4,11.09011748,0.867196712,0,7873,12,460678,inf,trans,0.867196712,7873,460678,460678,False
YJR063W,RPA12; RRN4,6.629784362,0.266777502,0,5243,8,386052,inf,trans,0.266777502,5243,386052,386052,False
YJR063W,RPA12; RRN4,5.76914693,0.498461626,0,993,3,84800,inf,trans,0.498461626,993,84800,84800,False
YJR063W,RPA12; RRN4,5.010279036,-0.977657884,0,12030,17,20146,inf,trans,0.977657884,12030,20146,20146,False
YJR063W,RPA12; RRN4,4.869214032,-0.151143798,0,10194,15,173340,inf,trans,0.151143798,10194,165912,184082,False
YJR063W,RPA12; RRN4,4.704374752,-0.131541791,0,4728,7,947039,inf,trans,0.131541791,4728,942301,955286,False
YJR063W,RPA12; RRN4,4.504191362,0.542739169,1,10115,15,111081,inf,trans,0.542739169,10115,111081,111081,False
YPR010C,RPA135,9.628613535,-0.238076153,1,10197,15,180978,inf,trans,0.238076153,10197,168199,185951,False
YJL148W,RPA34,5.766590069,-0.427240318,0,4456,7,659189,inf,trans,0.427240318,4456,652017,669370,False
YOR224C,RPB8,8.07742647,1.226462627,0,10777,15,785154,23888.0,trans,1.226462627,10777,785154,785154,False
YPR110C,RPC40; RPC5,7.101288129,0.592646224,0,3819,6,245962,inf,trans,0.592646224,3819,245962,245962,False
YPR110C,RPC40; RPC5,6.627284142,0.350855681,0,5420,8,554022,inf,trans,0.350855681,5420,554022,554022,False
YPR110C,RPC40; RPC5,5.910440804,0.184312554,1,8479,13,74713,inf,trans,0.184312554,8479,61764,81354,False
YPR110C,RPC40; RPC5,5.550259395,-0.44032538,0,7031,11,231612,inf,trans,0.44032538,7031,231612,231612,False
YNL113W,RPC19,9.903968108,0.671753906,0,4248,7,433855,inf,trans,0.671753906,4248,433855,433855,False
YNL113W,RPC19,7.430318866,-0.566437513,0,8582,13,179719,inf,trans,0.566437513,8582,179719,179719,False
YNL113W,RPC19,5.79874473,0.257373459,1,5243,8,386052,inf,trans,0.257373459,5243,386052,386052,False
YNL113W,RPC19,5.557369015,0.362506469,0,844,2,780425,inf,trans,0.362506469,844,780425,780425,False
YNL113W,RPC19,4.727204523,-0.285467795,0,5416,8,541428,inf,trans,0.285467795,5416,541428,541428,False
YOL005C,RPB11,6.970240924,0.359870822,0,896,3,757,inf,trans,0.359870822,896,757,757,False
YOL005C,RPB11,6.053456251,-0.327655058,0,10891,15,911748,595572.0,trans,0.327655058,10891,911748,911748,False
YOL005C,RPB11,5.480626367,-0.145309667,1,9803,14,650841,inf,trans,0.145309667,9803,643364,651987,False
YOL005C,RPB11,5.068403211,0.313876975,0,7624,12,211932,inf,trans,0.313876975,7624,211932,211932,False
YOL005C,RPB11,4.555125517,0.13155274,0,7125,11,356064,inf,trans,0.13155274,7125,348254,363809,False
YDR404C,RPB7,5.773746118,0.160123935,1,2214,4,912557,364089.0,trans,0.160123935,2214,896181,927559,False
YDR404C,RPB7,5.588811283,0.155745317,0,5803,9,281757,inf,trans,0.155745317,5803,276483,289513,False
YDR404C,RPB7,5.361723215,-0.151831199,1,10784,15,796798,inf,trans,0.151831199,10784,789434,803281,False
YJL121C,RPE1,6.883605328,-0.547922471,0,12049,17,69095,inf,trans,0.547922471,12049,69095,69095,False
YJL121C,RPE1,6.192188877,0.350583787,1,11698,16,586960,inf,trans,0.350583787,11698,571530,593213,False
YJL121C,RPE1,5.807632743,0.174620035,0,10194,15,173340,inf,trans,0.174620035,10194,165912,184082,False
YJL121C,RPE1,5.406437239,0.152467768,0,4632,7,871573,inf,trans,0.152467768,4632,858005,877846,False
YJL121C,RPE1,4.662109398,-0.169903113,0,1010,3,101685,inf,trans,0.169903113,1010,95493,105429,False
YJL121C,RPE1,4.641190086,0.447356456,0,7936,12,547680,inf,trans,0.447356456,7936,547680,547680,False
YJL121C,RPE1,4.553916137,0.328630462,0,54,1,69821,inf,trans,0.328630462,54,69821,69821,False
YKR081C,RPF2,8.119365877,-0.180286084,1,9802,14,648789,inf,trans,0.180286084,9802,625901,650841,False
YKR081C,RPF2,6.933066142,0.165681923,0,6007,10,61708,inf,trans,0.165681923,6007,61391,68934,False
YKR081C,RPF2,5.093307211,-0.156226362,0,3484,5,564355,inf,trans,0.156226362,3484,563347,565122,False
YKR081C,RPF2,4.922128311,-0.27678977,0,6610,11,2737,588411.0,trans,0.27678977,6610,2722,8878,False
YKR081C,RPF2,4.879847046,0.133236836,0,3762,6,184860,inf,trans,0.133236836,3762,175273,193671,False
YOR095C,RKI1,7.347065647,-0.172561867,0,10198,15,181071,322482.0,trans,0.172561867,10198,168199,185951,False
YOR095C,RKI1,7.068217366,-0.150689406,0,2480,4,1248695,inf,trans,0.150689406,2480,1242195,1256509,False
YOR095C,RKI1,5.420937577,-0.128143096,0,5572,9,112614,inf,trans,0.128143096,5572,103774,132718,False
YOR095C,RKI1,5.062724061,0.127577799,0,8673,13,339643,inf,trans,0.127577799,8673,338431,345749,False
YOR095C,RKI1,4.846158368,0.120803755,1,7384,11,629511,inf,trans,0.120803755,7384,618029,632234,False
YOR095C,RKI1,4.825123994,0.662560382,0,3121,5,266246,inf,trans,0.662560382,3121,266246,266246,False
YOR095C,RKI1,4.784110838,-0.121828213,1,7218,11,452711,inf,trans,0.121828213,7218,430725,463057,False
YOR095C,RKI1,4.710468496,0.149662222,0,3851,6,270091,inf,trans,0.149662222,3851,256493,270091,False
YOR095C,RKI1,4.409714691,-0.286362982,0,8525,13,99287,inf,trans,0.286362982,8525,99287,99287,False
YOR095C,RKI1,4.268641135,0.122156684,1,11763,16,648665,inf,trans,0.122156684,11763,648665,652919,False
YOR095C,RKI1,4.260089826,0.222384118,0,10049,15,32395,471158.0,trans,0.222384118,10049,32395,32395,False
YOR095C,RKI1,4.209714197,0.231769266,0,5420,8,554022,inf,trans,0.231769266,5420,554022,554022,False
YHR027C,RPN1,5.746722408,0.145738957,0,11361,16,212773,inf,trans,0.145738957,11361,199543,213411,False
YHR027C,RPN1,5.405157065,-0.14037297,1,1966,4,664414,inf,trans,0.14037297,1966,657631,677658,False
YFR004W,RPN11; MPR1,8.033298274,1.125234574,0,10777,15,785154,inf,trans,1.125234574,10777,785154,785154,False
YFR004W,RPN11; MPR1,6.906061427,0.169131133,0,8313,12,974973,inf,trans,0.169131133,8313,961463,990758,False
YFR004W,RPN11; MPR1,6.346263064,-0.45427847,0,7031,11,231612,inf,trans,0.45427847,7031,231612,231612,False
YFR004W,RPN11; MPR1,5.435652243,-0.154588316,0,67,1,84701,inf,trans,0.154588316,67,83284,89616,False
YFR004W,RPN11; MPR1,5.29247685,0.142116125,0,3843,6,265477,111169.0,trans,0.142116125,3843,251165,270091,False
YFR004W,RPN11; MPR1,4.753045952,-0.336190851,0,8525,13,99287,inf,trans,0.336190851,8525,99287,99287,False
YFR052W,RPN12; NIN1,6.962390929,0.72333345,0,7873,12,460678,inf,trans,0.72333345,7873,460678,460678,False
YFR052W,RPN12; NIN1,5.727277032,0.878034018,0,7686,12,265316,inf,trans,0.878034018,7686,265316,265316,False
YFR052W,RPN12; NIN1,5.303632631,-0.594581926,1,7149,11,381673,inf,trans,0.594581926,7149,381673,381673,False
YLR421C,RPN13; DAQ1,7.237160944,0.475861177,0,4207,7,412630,inf,trans,0.475861177,4207,412630,412630,False
YLR421C,RPN13; DAQ1,5.667247843,-0.15770676,1,87,1,113050,inf,trans,0.15770676,87,112549,114628,False
YIL075C,RPN2; SEN3,7.417246696,0.167186984,1,10477,15,478685,inf,trans,0.167186984,10477,471823,479604,False
YIL075C,RPN2; SEN3,5.909587344,0.137214459,0,11342,16,196859,inf,trans,0.137214459,11342,187861,210158,False
YIL075C,RPN2; SEN3,5.623283819,0.132699577,0,5805,9,283213,62516.0,trans,0.132699577,5805,276483,289513,False
YIL075C,RPN2; SEN3,5.503597159,0.271466,0,4647,7,876941,inf,trans,0.271466,4647,876941,876941,False
YIL075C,RPN2; SEN3,5.084186443,0.130147197,0,3667,6,66460,inf,trans,0.130147197,3667,62743,74406,False
YIL075C,RPN2; SEN3,5.068288382,0.251378064,0,12044,17,50757,inf,trans,0.251378064,12044,50757,50757,False
YIL075C,RPN2; SEN3,5.026144646,-0.136985319,0,10443,15,451421,inf,trans,0.136985319,10443,446521,453019,False
YER021W,RPN3; SUN2,7.335496533,-0.350316267,1,3874,7,17843,inf,trans,0.350316267,3874,17838,17843,False
YDL147W,RPN5; NAS5,8.663034468,0.54405847,0,4248,7,433855,inf,trans,0.54405847,4248,433855,433855,False
YDL147W,RPN5; NAS5,5.746797984,-0.158237097,0,10198,15,181071,inf,trans,0.158237097,10198,168199,185951,False
YPR108W,RPN7,6.725146215,0.430315737,1,197,2,9812,inf,trans,0.430315737,197,8250,28209,False
YDR427W,RPN9; NAS7,6.377732561,0.206916286,0,8757,13,433701,inf,trans,0.206916286,8757,426996,444319,False
YMR131C,RRB1,7.893519141,0.210084062,1,6215,10,382599,inf,trans,0.210084062,6215,381270,388763,False
YMR131C,RRB1,6.034397114,0.172613603,1,8676,13,341722,191440.0,trans,0.172613603,8676,338431,345749,False
YMR131C,RRB1,5.877897302,-0.248922789,1,11395,16,246835,inf,trans,0.248922789,11395,246835,246835,False
YMR131C,RRB1,5.559729521,-0.159418877,1,5218,8,373932,inf,trans,0.159418877,5218,369658,378565,False
YMR131C,RRB1,5.558620613,0.162249759,1,2774,5,13449,inf,trans,0.162249759,2774,8786,14028,False
YMR131C,RRB1,4.968121901,0.504320339,0,993,3,84800,inf,trans,0.504320339,993,84800,84800,False
YHR065C,RRP3,7.438377696,1.349178388,0,986,3,82706,inf,trans,1.349178388,986,82706,82706,False
YHR065C,RRP3,6.768319,0.286263551,0,5111,8,230941,1902.0,trans,0.286263551,5111,223812,235793,False
YHR065C,RRP3,5.438296302,-0.152563243,0,8087,12,718170,inf,trans,0.152563243,8087,708038,725191,False
YMR229C,RRP5; FMI1,17.69044291,-0.326950967,1,10198,15,181071,inf,trans,0.326950967,10198,168199,185951,False
YOR369C,RPS12,8.989990969,-1.121981109,0,10777,15,785154,243038.0,trans,1.121981109,10777,785154,785154,False
YOR369C,RPS12,7.758563814,0.484417048,0,7031,11,231612,inf,trans,0.484417048,7031,231612,231612,False
YOR369C,RPS12,6.67468236,-0.174157645,0,10190,15,171150,857042.0,trans,0.174157645,10190,165912,184082,False
YDR064W,RPS13; RPS13C,8.066737453,0.170034059,0,6007,10,61708,inf,trans,0.170034059,6007,61391,68934,False
YDR064W,RPS13; RPS13C,7.291412712,-0.158424297,0,9796,14,643876,inf,trans,0.158424297,9796,619153,650841,False
YDR064W,RPS13; RPS13C,6.930485839,0.153984911,1,4146,7,356291,inf,trans,0.153984911,4146,351511,367665,False
YDR064W,RPS13; RPS13C,6.915811979,-0.316595643,0,6610,11,2737,inf,trans,0.316595643,6610,2722,8878,False
YDR064W,RPS13; RPS13C,5.504891389,-0.14477547,0,1993,4,679624,99174.0,trans,0.14477547,1993,667986,696549,False
YDR064W,RPS13; RPS13C,5.462588811,-0.141927347,0,9451,14,272462,inf,trans,0.141927347,9451,264064,285036,False
YDR064W,RPS13; RPS13C,5.360009882,0.131637839,0,6891,11,116643,inf,trans,0.131637839,6891,102671,125700,False
YDR064W,RPS13; RPS13C,4.330489417,0.120059191,0,3754,6,173904,inf,trans,0.120059191,3754,167198,180643,False
YDR064W,RPS13; RPS13C,4.264624587,-0.118020479,0,10545,15,588953,inf,trans,0.118020479,10545,587077,602954,False
YOL040C,RPS15; RPS21,11.41884066,-1.11145531,0,7686,12,265316,inf,trans,1.11145531,7686,265316,265316,False
YOL040C,RPS15; RPS21,8.120528815,0.319995814,0,3488,5,564395,inf,trans,0.319995814,3488,564395,564395,False
YOL040C,RPS15; RPS21,7.123520854,0.154894644,1,1933,4,621613,inf,trans,0.154894644,1933,613791,624555,False
YOL040C,RPS15; RPS21,6.970626551,0.343741469,1,2433,4,1172576,inf,trans,0.343741469,2433,1171385,1198548,False
YOL040C,RPS15; RPS21,6.771564168,0.212269792,0,7951,12,553350,inf,trans,0.212269792,7951,545567,560481,False
YOL040C,RPS15; RPS21,6.379649366,-0.139516744,0,9798,14,644949,inf,trans,0.139516744,9798,620369,650841,False
YOL040C,RPS15; RPS21,6.321712928,0.261704127,1,4277,7,459752,inf,trans,0.261704127,4277,459752,459752,False
YOL040C,RPS15; RPS21,6.248413803,-0.944496441,0,10777,15,785154,531578.0,trans,0.944496441,10777,785154,785154,False
YOL040C,RPS15; RPS21,5.500706232,-0.331235989,0,1210,3,292662,inf,trans,0.331235989,1210,292662,292662,False
YOL040C,RPS15; RPS21,5.184470266,-0.564280312,0,7873,12,460678,inf,trans,0.564280312,7873,460678,460678,False
YOL040C,RPS15; RPS21,4.992331663,0.124022096,0,7188,11,425936,inf,trans,0.124022096,7188,407251,448760,False
YOL040C,RPS15; RPS21,4.892081058,-0.140514558,1,672,2,571362,inf,trans,0.140514558,672,567265,579042,False
YOL040C,RPS15; RPS21,4.871462645,-0.12102167,0,10743,15,762665,509089.0,trans,0.12102167,10743,757677,768052,False
YOL040C,RPS15; RPS21,4.510905987,0.115798665,0,6892,11,116979,inf,trans,0.115798665,6892,102671,125700,False
YOL040C,RPS15; RPS21,4.398660514,-0.225790304,0,2915,5,79231,inf,trans,0.225790304,2915,79231,79231,False
YOL040C,RPS15; RPS21,4.360932968,-0.114058551,0,8925,13,600549,inf,trans,0.114058551,8925,600543,618430,False
YOL040C,RPS15; RPS21,4.076401597,0.110926295,0,3660,6,62743,inf,trans,0.110926295,3660,55876,73433,False
YGL123W,RPS2,8.744858545,0.339778499,0,1784,4,520430,inf,trans,0.339778499,1784,520430,520430,False
YGL123W,RPS2,8.353769753,-0.48256342,0,7031,11,231612,inf,trans,0.48256342,7031,231612,231612,False
YGL123W,RPS2,7.787397891,0.155626841,0,5506,9,71094,inf,trans,0.155626841,5506,57000,77957,False
YGL123W,RPS2,7.682283386,-0.15603381,0,11684,16,576040,inf,trans,0.15603381,11684,571530,591786,False
YGL123W,RPS2,7.629056881,-0.49419917,1,6619,11,3391,inf,trans,0.49419917,6619,2737,10897,False
YGL123W,RPS2,6.027486235,0.134213272,0,7981,12,570792,inf,trans,0.134213272,7981,563476,576167,False
YGL123W,RPS2,5.617029623,0.334589815,0,844,2,780425,inf,trans,0.334589815,844,780425,780425,False
YGL123W,RPS2,5.186667305,0.123018407,0,11841,16,740758,inf,trans,0.123018407,11841,726730,753557,False
YGL123W,RPS2,5.172992951,0.131614678,0,8684,13,349796,inf,trans,0.131614678,8684,345749,365504,False
YGL123W,RPS2,5.11096772,-0.138943881,0,10198,15,181071,inf,trans,0.138943881,10198,168199,185951,False
YGL123W,RPS2,4.991614117,-0.124282413,0,5209,8,361900,inf,trans,0.124282413,5209,353097,368023,False
YGL123W,RPS2,4.548330375,0.119595903,0,8565,13,146107,inf,trans,0.119595903,8565,144518,158199,False
YGL123W,RPS2,4.403588461,-0.429086519,0,10815,15,822926,inf,trans,0.429086519,10815,822926,822926,False
YGL123W,RPS2,4.384663914,-0.250585217,0,9683,14,572143,inf,trans,0.250585217,9683,572143,572150,False
YGL123W,RPS2,4.377753409,0.112099526,0,6890,11,115612,inf,trans,0.112099526,6890,102671,125700,False
YGL123W,RPS2,4.340064284,0.361122447,1,6665,11,9690,inf,trans,0.361122447,6665,3343,16738,False
YGL123W,RPS2,4.255724319,-0.235250644,0,6451,10,635779,inf,trans,0.235250644,6451,635779,635779,False
YGL123W,RPS2,4.030696402,0.105688068,0,4690,7,907934,629547.0,trans,0.105688068,4690,905443,912826,False
YGL123W,RPS2,4.024518221,0.285008687,1,6749,11,19607,inf,trans,0.285008687,6749,19607,19607,False
YHL015W,RPS20; URP2,5.876712047,-0.160858319,0,10195,15,179652,inf,trans,0.160858319,10195,165912,185951,False
YHL015W,RPS20; URP2,5.204051594,0.225961378,1,7032,11,234032,inf,trans,0.225961378,7032,234032,234032,False
YKR057W,,6.991396332,0.169028875,0,1940,4,624555,inf,trans,0.169028875,1940,613791,629973,False
YLR388W,RPS29A,12.80772593,0.437054625,0,1784,4,520430,inf,trans,0.437054625,1784,520430,520430,False
YLR388W,RPS29A,9.019227472,-0.507357614,0,7031,11,231612,inf,trans,0.507357614,7031,231612,231612,False
YLR388W,RPS29A,5.559421996,0.791098832,0,4919,8,78883,inf,trans,0.791098832,4919,78883,78883,False
YDL061C,RPS29B,12.64977257,-0.64728807,1,7032,11,234032,inf,trans,0.64728807,7032,234032,234032,False
YDL061C,RPS29B,8.128661483,-0.37676611,1,4648,7,876951,inf,trans,0.37676611,4648,876951,876951,False
YDL061C,RPS29B,6.962213256,-0.842386819,0,3121,5,266246,inf,trans,0.842386819,3121,266246,266246,False
YDL061C,RPS29B,5.525956748,0.692857026,0,9656,14,554932,inf,trans,0.692857026,9656,554932,554932,False
YDL061C,RPS29B,5.068817133,-1.153904199,0,8368,12,1019132,inf,trans,1.153904199,8368,1019132,1019132,False
YDL061C,RPS29B,4.975441783,0.261230803,0,1094,3,201026,inf,trans,0.261230803,1094,198615,201026,False
YDL061C,RPS29B,4.618801267,0.262353855,0,1784,4,520430,179632.0,trans,0.262353855,1784,520430,520430,False
YDL061C,RPS29B,4.463371558,0.241615237,0,10049,15,32395,inf,trans,0.241615237,10049,32395,32395,False
YDL061C,RPS29B,4.393578088,0.277872124,1,8041,12,646385,inf,trans,0.277872124,8041,646385,646385,False
YNL178W,RPS3; SUF14,9.862717266,-0.545900442,0,4207,7,412630,inf,trans,0.545900442,4207,412630,412630,False
YNL178W,RPS3; SUF14,7.924383063,-0.198465126,0,10191,15,171671,inf,trans,0.198465126,10191,165912,184082,False
YNL178W,RPS3; SUF14,5.036129558,-0.73424644,0,4215,7,414263,inf,trans,0.73424644,4215,414263,414263,False
YNL178W,RPS3; SUF14,5.007410331,0.271923255,0,2568,4,1354715,inf,trans,0.271923255,2568,1352371,1354715,False
YLR167W,RPS31,5.147105418,0.135380097,1,2433,4,1172576,inf,trans,0.135380097,2433,1171385,1198548,False
YLR167W,RPS31,5.091395041,0.137706439,0,1940,4,624555,inf,trans,0.137706439,1940,613791,629973,False
YLR167W,RPS31,5.014951711,0.163699479,0,7215,11,446795,inf,trans,0.163699479,7215,436668,452711,False
YLR441C,RPS1A,6.881054327,-0.185712966,0,10179,15,165912,inf,trans,0.185712966,10179,165912,179652,False
YLR441C,RPS1A,6.850987475,-0.435201186,1,6653,11,8317,inf,trans,0.435201186,6653,2722,14431,False
YLR441C,RPS1A,5.046793691,-0.282711234,0,6451,10,635779,inf,trans,0.282711234,6451,635779,635779,False
YLR441C,RPS1A,4.866675899,-0.16568816,1,6400,10,586417,inf,trans,0.16568816,6400,586417,586417,False
YML063W,RPS1B,6.937364996,0.435509812,1,4206,7,412555,inf,trans,0.435509812,4206,398372,425235,False
YML063W,RPS1B,5.472499827,0.144594279,0,7713,12,290718,inf,trans,0.144594279,7713,286066,299795,False
YOR096W,RPS7A; RPS30,7.822180576,-0.186885923,0,10195,15,179652,326143.0,trans,0.186885923,10195,165912,185951,False
YOR096W,RPS7A; RPS30,7.764861608,-0.164674078,0,2479,4,1248530,inf,trans,0.164674078,2479,1242195,1256509,False
YOR096W,RPS7A; RPS30,7.143604928,-0.341690505,0,5416,8,541428,inf,trans,0.341690505,5416,541428,541428,False
YOR096W,RPS7A; RPS30,6.416827506,0.177429224,1,8527,13,99599,inf,trans,0.177429224,8527,99599,99599,False
YOR096W,RPS7A; RPS30,4.938636323,0.261599929,0,1784,4,520430,inf,trans,0.261599929,1784,520430,520430,False
YOR096W,RPS7A; RPS30,4.861028646,0.478358978,0,3852,6,270110,inf,trans,0.478358978,3852,270110,270110,False
YOR096W,RPS7A; RPS30,4.504421673,0.14896242,0,8487,13,77330,inf,trans,0.14896242,8487,69500,84172,False
YOR096W,RPS7A; RPS30,4.403927222,-0.248382587,1,4564,7,793891,inf,trans,0.248382587,4564,793891,793891,False
YOR096W,RPS7A; RPS30,4.328076475,-0.293594537,0,8525,13,99287,inf,trans,0.293594537,8525,99287,99287,False
YOR096W,RPS7A; RPS30,4.224475855,0.116302604,0,11037,15,1068851,562083.0,trans,0.116302604,11037,1049703,16749,False
YOR096W,RPS7A; RPS30,4.086423697,0.139206981,0,912,3,4582,inf,trans,0.139206981,912,2644,5784,False
YOR096W,RPS7A; RPS30,4.066279868,0.115631542,0,9800,14,646585,inf,trans,0.115631542,9800,629832,650841,False
YOR096W,RPS7A; RPS30,4.007584132,0.113776079,0,10882,15,906721,399953.0,trans,0.113776079,10882,887134,912729,False
YNL096C,RPS7B,6.497639668,-0.150701038,0,6007,10,61708,inf,trans,0.150701038,6007,61391,68934,False
YNL096C,RPS7B,6.45270879,-0.386126581,0,8525,13,99287,inf,trans,0.386126581,8525,99287,99287,False
YNL096C,RPS7B,6.145747392,-0.323120023,1,5416,8,541428,inf,trans,0.323120023,5416,541428,541428,False
YNL096C,RPS7B,5.623072214,0.313207939,1,8041,12,646385,inf,trans,0.313207939,8041,646385,646385,False
YNL096C,RPS7B,4.780481152,0.227587986,1,475,2,342440,inf,trans,0.227587986,475,342440,342440,False
YNL096C,RPS7B,4.701851633,0.312814729,0,844,2,780425,inf,trans,0.312814729,844,780425,780425,False
YNL096C,RPS7B,4.501160359,0.132085607,1,319,2,145823,inf,trans,0.132085607,319,138209,147946,False
YNL096C,RPS7B,4.476953458,0.126088901,0,8801,13,499228,inf,trans,0.126088901,8801,492500,506332,False
YNL096C,RPS7B,4.405839095,0.198411236,0,8522,13,99275,inf,trans,0.198411236,8522,99275,99275,False
YNL096C,RPS7B,4.343827287,-0.358234068,0,1807,4,538120,inf,trans,0.358234068,1807,538120,538120,False
YML127W,RSC9,7.137380746,0.393131573,0,3750,6,168223,inf,trans,0.393131573,3750,146131,173904,False
YER125W,RSP5,10.10596379,0.246180367,0,10191,15,171671,inf,trans,0.246180367,10191,165912,184082,False
YLR048W,RPS0B,7.138106547,0.387983595,0,844,2,780425,inf,trans,0.387983595,844,780425,780425,False
YLR048W,RPS0B,6.294780263,-0.481297848,0,8582,13,179719,inf,trans,0.481297848,8582,179719,179719,False
YLR048W,RPS0B,6.280878106,0.905953207,0,10777,15,785154,inf,trans,0.905953207,10777,785154,785154,False
YLR048W,RPS0B,5.352861218,0.132541777,0,10899,15,923218,inf,trans,0.132541777,10899,911795,927535,False
YDR347W,MRP1,8.723244452,0.216334314,1,10191,15,171671,inf,trans,0.216334314,10191,165912,184082,False
YDR347W,MRP1,6.422900625,-0.158627404,0,10868,15,888555,inf,trans,0.158627404,10868,880049,906722,False
YDR347W,MRP1,6.000599008,0.154268589,0,5611,9,138792,inf,trans,0.154268589,5611,122617,144955,False
YDR347W,MRP1,5.925779823,0.249712317,0,1904,4,592539,576633.0,trans,0.249712317,1904,592539,592539,False
YDR347W,MRP1,4.786837654,-0.13508068,0,1324,4,84897,1084275.0,trans,0.13508068,1324,68860,90554,False
YNR037C,RSM19,18.3929377,0.230559433,0,5613,9,139266,inf,trans,0.230559433,5613,125289,144955,False
YNR037C,RSM19,11.81553456,0.197573366,0,10191,15,171671,inf,trans,0.197573366,10191,165912,184082,False
YNR037C,RSM19,8.588781157,0.146276943,0,7980,12,570630,inf,trans,0.146276943,7980,563476,576167,False
YNR037C,RSM19,7.937618148,0.139047452,1,3190,5,377631,inf,trans,0.139047452,3190,366361,384156,False
YNR037C,RSM19,7.619032391,-0.212486019,0,6843,11,66073,inf,trans,0.212486019,6843,66073,66073,False
YNR037C,RSM19,7.073627795,0.133727683,0,10537,15,578365,inf,trans,0.133727683,10537,560958,583940,False
YNR037C,RSM19,6.866484647,-0.134875977,0,8670,13,333904,inf,trans,0.134875977,8670,329611,338431,False
YNR037C,RSM19,6.718975139,0.12610669,0,6874,11,98757,inf,trans,0.12610669,6874,96863,114020,False
YNR037C,RSM19,6.57349607,-0.129106897,0,2265,4,942067,inf,trans,0.129106897,2265,932727,953287,False
YNR037C,RSM19,6.042572209,0.146857409,0,2191,4,886952,inf,trans,0.146857409,2191,865297,892444,False
YNR037C,RSM19,5.780841126,-0.11514668,0,3704,6,95926,inf,trans,0.11514668,3704,95448,95926,False
YNR037C,RSM19,5.67147714,-0.114069397,0,3934,7,70413,inf,trans,0.114069397,3934,62689,74414,False
YNR037C,RSM19,5.38827136,0.232317803,0,7849,12,441523,inf,trans,0.232317803,7849,441523,441523,False
YNR037C,RSM19,5.347326661,-0.121199503,1,10495,15,508952,inf,trans,0.121199503,10495,507796,510569,False
YNR037C,RSM19,5.309689155,0.122707659,0,11468,16,297486,inf,trans,0.122707659,11468,281799,305368,False
YNR037C,RSM19,5.217164719,-0.15057599,1,11925,16,857189,inf,trans,0.15057599,11925,857189,857189,False
YNR037C,RSM19,5.197890313,-0.117957922,0,2844,5,31451,inf,trans,0.117957922,2844,30505,32038,False
YNR037C,RSM19,5.11542097,0.107600226,1,6199,10,349573,inf,trans,0.107600226,6199,340762,349573,False
YNR037C,RSM19,5.017656366,0.188234841,0,12043,17,50506,inf,trans,0.188234841,12043,50506,50506,False
YNR037C,RSM19,4.62913812,0.358022539,0,7221,11,458159,inf,trans,0.358022539,7221,458159,458159,False
YNR037C,RSM19,4.356840854,-0.219257223,0,11168,16,64363,inf,trans,0.219257223,11168,64363,64363,False
YNR037C,RSM19,4.012972017,0.094221066,0,6061,10,148293,inf,trans,0.094221066,6061,139826,150178,False
YNR037C,RSM19,3.939572359,-0.128561369,1,8458,13,56990,inf,trans,0.128561369,8458,55098,73225,False
YNR037C,RSM19,3.799366933,0.090887587,0,5164,8,318497,inf,trans,0.090887587,5164,284047,324043,False
YNR037C,RSM19,3.784606995,-0.147067348,1,55,1,70906,inf,trans,0.147067348,55,70906,70906,False
YFR049W,YMR31,8.65775453,1.027737061,0,3121,5,266246,inf,trans,1.027737061,3121,266246,266246,False
YFR049W,YMR31,8.28258936,0.913775201,0,7873,12,460678,inf,trans,0.913775201,7873,460678,460678,False
YFR049W,YMR31,6.980805879,0.591704109,0,993,3,84800,inf,trans,0.591704109,993,84800,84800,False
YFR049W,YMR31,6.12255723,-0.331764399,0,5416,8,541428,inf,trans,0.331764399,5416,541428,541428,False
YFR049W,YMR31,5.230238295,0.145167476,1,7973,12,563530,inf,trans,0.145167476,7973,563530,563530,False
YFR049W,YMR31,4.946201759,0.161072667,0,10198,15,181071,inf,trans,0.161072667,10198,168199,185951,False
YFR049W,YMR31,4.938745515,0.139784375,0,11643,16,525073,inf,trans,0.139784375,11643,518590,526392,False
YFR049W,YMR31,4.566183723,-0.133528799,0,8823,13,513217,inf,trans,0.133528799,8823,509480,527416,False
YFR049W,YMR31,4.40076429,0.308701626,0,1837,4,544142,inf,trans,0.308701626,1837,544142,544142,False
YDR233C,RTN1,7.602893168,-0.222118578,1,11553,16,404629,inf,trans,0.222118578,11553,382997,423193,False
YDR233C,RTN1,6.769957056,0.147589558,0,7148,11,381658,inf,trans,0.147589558,7148,372538,385019,False
YDR233C,RTN1,6.008390801,-0.136713582,0,6049,10,131311,inf,trans,0.136713582,6049,111674,140918,False
YDR233C,RTN1,5.906963959,-0.305893733,1,8041,12,646385,inf,trans,0.305893733,8041,646385,646385,False
YDR233C,RTN1,5.693351491,-0.133405371,1,5615,9,142542,inf,trans,0.133405371,5615,131829,155581,False
YDR233C,RTN1,4.974319674,-0.123997292,1,7861,12,448368,inf,trans,0.123997292,7861,448368,493255,False
YDR233C,RTN1,4.959406845,0.131299056,0,3663,6,65043,inf,trans,0.131299056,3663,62743,73433,False
YDR233C,RTN1,4.930893006,0.241623787,1,3032,5,207275,inf,trans,0.241623787,3032,207235,212506,False
YDR233C,RTN1,4.765806597,0.259465786,0,11110,16,43052,inf,trans,0.259465786,11110,43046,43059,False
YDR233C,RTN1,4.593331076,-0.291910653,0,844,2,780425,inf,trans,0.291910653,844,780425,780425,False
YDR233C,RTN1,4.289035634,0.116856307,0,4456,7,659189,inf,trans,0.116856307,4456,652017,669370,False
YDR233C,RTN1,4.048881625,-0.110846838,0,7980,12,570630,inf,trans,0.110846838,7980,563476,576167,False
YOR158W,PET123,7.505637702,0.377224751,0,10891,15,911748,278627.0,trans,0.377224751,10891,911748,911748,False
YOR158W,PET123,7.464163098,-0.271451324,0,10616,15,653769,20648.0,trans,0.271451324,10616,640033,660805,False
YOR158W,PET123,6.645826037,0.189214041,0,10194,15,173340,458825.0,trans,0.189214041,10194,165912,184082,False
YOR158W,PET123,6.27606017,-0.621293034,0,11873,16,786427,inf,trans,0.621293034,11873,786427,786427,False
YOR158W,PET123,5.961572343,0.512158258,0,8582,13,179719,inf,trans,0.512158258,8582,179719,179719,False
YDR190C,RVB1,9.118119917,1.196209371,0,10777,15,785154,inf,trans,1.196209371,10777,785154,785154,False
YDR190C,RVB1,5.88802227,0.20107723,0,10191,15,171671,inf,trans,0.20107723,10191,165912,184082,False
YDR190C,RVB1,5.468291138,-0.411204733,0,7031,11,231612,inf,trans,0.411204733,7031,231612,231612,False
YDR190C,RVB1,5.20168172,-0.142754444,0,764,2,698030,inf,trans,0.142754444,764,682076,701195,False
YPL235W,RVB2,6.074717384,0.172160994,0,5601,9,136219,inf,trans,0.172160994,5601,122617,144699,False
YCR009C,RVS161,6.942735643,0.959817757,0,7686,12,265316,inf,trans,0.959817757,7686,265316,265316,False
YCR009C,RVS161,5.528328194,0.92418129,0,10777,15,785154,inf,trans,0.92418129,10777,785154,785154,False
YCR009C,RVS161,5.091050253,0.150836777,0,2228,4,917833,inf,trans,0.150836777,2228,903873,928575,False
YDR388W,RVS167,7.552740432,0.736141377,0,7873,12,460678,inf,trans,0.736141377,7873,460678,460678,False
YDR388W,RVS167,5.238781163,-0.148679691,0,4680,7,895768,inf,trans,0.148679691,4680,885002,903446,False
YER043C,SAH1,9.076819379,-0.187558088,1,10192,15,172074,inf,trans,0.187558088,10192,165912,184082,False
YER043C,SAH1,6.830318434,0.16762211,1,11245,16,132456,inf,trans,0.16762211,11245,132456,132456,False
YER043C,SAH1,6.000697353,0.132410126,0,9871,14,721219,inf,trans,0.132410126,9871,716055,725113,False
YER043C,SAH1,5.319066991,-0.121823957,0,4792,7,1022886,inf,trans,0.121823957,4792,1017880,1042056,False
YER043C,SAH1,4.636863342,0.234006833,0,4647,7,876941,inf,trans,0.234006833,4647,876941,876941,False
YPL273W,SAM4,11.74754277,0.275164375,0,9240,13,907355,inf,trans,0.275164375,9240,896327,914897,False
YPL218W,SAR1,15.63569473,-0.459628062,0,1784,4,520430,inf,trans,0.459628062,1784,520430,520430,False
YPL218W,SAR1,6.977162885,0.441739434,0,5430,8,556173,inf,trans,0.441739434,5430,556173,556173,False
YPL218W,SAR1,5.853275519,0.434293094,0,10260,15,237009,inf,trans,0.434293094,10260,237009,237009,False
YPL218W,SAR1,5.568948875,-0.121309236,0,5542,9,84804,inf,trans,0.121309236,5542,76394,94251,False
YPL218W,SAR1,5.294836061,0.43440084,1,11214,16,105267,33430.0,trans,0.43440084,11214,92791,105336,False
YPL218W,SAR1,5.103050474,-0.11819114,0,3670,6,71997,inf,trans,0.11819114,3670,62743,74913,False
YPL218W,SAR1,4.521676088,0.631359116,0,11539,16,383323,243915.0,trans,0.631359116,11539,383323,383323,False
YKL117W,SBA1,7.173535766,0.243076294,1,9800,14,646585,inf,trans,0.243076294,9800,629832,650841,False
YKL117W,SBA1,5.785191309,-0.142306395,0,7021,11,223467,2849.0,trans,0.142306395,7021,213574,230092,False
YKL117W,SBA1,5.60411511,-0.288869888,0,1784,4,520430,inf,trans,0.288869888,1784,520430,520430,False
YKL117W,SBA1,5.275893381,-0.134682612,0,5483,9,68615,inf,trans,0.134682612,5483,57000,73076,False
YKL117W,SBA1,5.152024013,0.421998774,0,5430,8,556173,inf,trans,0.421998774,5430,556173,556173,False
YKL117W,SBA1,5.018391025,0.437716203,0,10260,15,237009,inf,trans,0.437716203,10260,237009,237009,False
YKL117W,SBA1,4.786727692,-0.142297123,1,11585,16,455737,inf,trans,0.142297123,11585,452142,458134,False
YKL117W,SBA1,4.507053217,-0.125018759,1,566,2,446471,inf,trans,0.125018759,566,434090,450017,False
YJL080C,SCP160; HX,23.01056503,-0.294572404,1,6160,10,287737,0.0,cis,0.294572404,6160,285600,293222,True
YJL080C,SCP160; HX,11.39920366,-0.565159298,0,10695,15,703636,inf,trans,0.565159298,10695,703622,703639,False
YJL080C,SCP160; HX,6.561494064,0.14770693,0,5265,8,394731,inf,trans,0.14770693,5265,378565,402964,False
YJL080C,SCP160; HX,5.209939969,0.13149683,0,7980,12,570630,inf,trans,0.13149683,7980,563476,576167,False
YJL080C,SCP160; HX,5.169838474,0.223440138,1,4758,7,983120,inf,trans,0.223440138,4758,983120,983120,False
YJL080C,SCP160; HX,4.708566635,-0.122105784,0,5810,9,289127,inf,trans,0.122105784,5810,280761,299767,False
YJL080C,SCP160; HX,4.649388883,-0.392181714,0,4248,7,433855,inf,trans,0.392181714,4248,433855,433855,False
YJL080C,SCP160; HX,4.461907895,0.147467216,1,9742,14,602099,inf,trans,0.147467216,9742,602099,602099,False
YJL080C,SCP160; HX,4.451423921,-0.672231707,0,11539,16,383323,inf,trans,0.672231707,11539,383323,383323,False
YJL080C,SCP160; HX,4.442166598,0.252722463,0,4208,7,412630,inf,trans,0.252722463,4208,412630,412630,False
YJL080C,SCP160; HX,4.387237926,-0.235790538,0,5063,8,194545,inf,trans,0.235790538,5063,191947,204670,False
YJL080C,SCP160; HX,4.279910717,-0.139731774,1,11245,16,132456,inf,trans,0.139731774,11245,132456,132456,False
YJL080C,SCP160; HX,4.140339216,0.190138114,1,10699,15,711322,inf,trans,0.190138114,10699,695613,711322,False
YJL080C,SCP160; HX,4.083534727,-0.136104233,0,8455,13,50766,inf,trans,0.136104233,8455,44607,50766,False
YDR086C,SSS1,39.61575051,0.405276065,1,8221,12,876059,inf,trans,0.405276065,8221,868297,876059,False
YDR086C,SSS1,8.801309091,0.175888751,1,4461,7,659973,inf,trans,0.175888751,4461,659973,659973,False
YDR086C,SSS1,7.979381727,-0.480291982,0,7031,11,231612,inf,trans,0.480291982,7031,231612,231612,False
YER019C-A,SBH2; SEB2,8.548532897,-0.399639723,1,3873,7,17840,inf,trans,0.399639723,3873,17838,17843,False
YER019C-A,SBH2; SEB2,5.730869903,-0.165487323,0,9364,14,166587,inf,trans,0.165487323,9364,151127,185411,False
YER019C-A,SBH2; SEB2,5.666630963,-0.169424573,0,2913,5,79208,115064.0,trans,0.169424573,2913,72069,83188,False
YER019C-A,SBH2; SEB2,4.956099639,0.155898912,0,8513,13,91960,inf,trans,0.155898912,8513,80145,97472,False
YER019C-A,SBH2; SEB2,4.897775157,0.585820974,0,7873,12,460678,inf,trans,0.585820974,7873,460678,460678,False
YER019C-A,SBH2; SEB2,4.577866359,0.138391098,0,11338,16,191290,inf,trans,0.138391098,11338,179596,198072,False
YER019C-A,SBH2; SEB2,4.559422178,-0.168573258,0,345,2,168012,inf,trans,0.168573258,345,164166,171254,False
YPR129W,SCD6,8.915910101,-1.159715021,0,10777,15,785154,inf,trans,1.159715021,10777,785154,785154,False
YPR129W,SCD6,6.067494872,0.17160333,0,10191,15,171671,inf,trans,0.17160333,10191,165912,184082,False
YPR129W,SCD6,5.851082569,-0.833108784,0,7686,12,265316,inf,trans,0.833108784,7686,265316,265316,False
YPR129W,SCD6,5.679316713,-0.143666988,0,9803,14,650841,inf,trans,0.143666988,9803,643364,651987,False
YPR129W,SCD6,5.450698033,-0.163337566,1,8527,13,99599,inf,trans,0.163337566,8527,99599,99599,False
YPR129W,SCD6,5.182491785,0.270135132,0,3488,5,564395,inf,trans,0.270135132,3488,564395,564395,False
YPR129W,SCD6,4.651252699,-0.297803376,0,9264,14,6945,inf,trans,0.297803376,9264,6941,6946,False
YPR129W,SCD6,4.503422662,0.138645694,0,3661,6,62990,inf,trans,0.138645694,3661,57460,71997,False
YPR129W,SCD6,4.493869236,0.129479885,0,1939,4,623642,inf,trans,0.129479885,1939,613791,629973,False
YPR129W,SCD6,4.242640425,0.257088403,0,5911,9,388051,inf,trans,0.257088403,5911,388051,388051,False
YPR129W,SCD6,4.22920438,0.441326021,1,3615,6,30082,inf,trans,0.441326021,3615,30082,30082,False
YGR049W,SCM4,81.71368114,0.643184658,0,4358,7,591077,241.0,cis,0.643184658,4358,585575,603497,True
YGR049W,SCM4,6.78725678,-0.652735821,0,9656,14,554932,inf,trans,0.652735821,9656,554932,554932,False
YGR049W,SCM4,5.558127507,-0.116478406,0,11682,16,574886,inf,trans,0.116478406,11682,549715,590624,False
YGR049W,SCM4,4.644605283,-0.154871259,1,178,1,206666,inf,trans,0.154871259,178,206666,206675,False
YGR049W,SCM4,4.627824002,-0.103461871,1,10864,15,885299,inf,trans,0.103461871,10864,876222,906404,False
YGR049W,SCM4,4.626929261,-0.232997458,0,3874,7,17843,573475.0,trans,0.232997458,3874,17838,17843,False
YER120W,SCS2,6.613737792,0.181140993,0,10186,15,170347,inf,trans,0.181140993,10186,165912,184082,False
YER120W,SCS2,5.644249285,0.147788638,0,1284,4,52141,inf,trans,0.147788638,1284,43687,60460,False
YER120W,SCS2,5.613531419,-0.364060797,0,844,2,780425,inf,trans,0.364060797,844,780425,780425,False
YMR272C,SCS7; FAH1,10.60423598,-0.209050924,1,9803,14,650841,inf,trans,0.209050924,9803,643364,651987,False
YMR305C,SCW10,7.296038618,0.195760226,0,10192,15,172074,inf,trans,0.195760226,10192,165912,184082,False
YMR305C,SCW10,6.733599978,0.164281588,0,7852,12,441706,inf,trans,0.164281588,7852,425418,443164,False
YMR305C,SCW10,6.348142789,0.199112963,0,4557,7,791720,inf,trans,0.199112963,4557,779852,797099,False
YMR305C,SCW10,5.64329885,-0.166537654,1,3151,5,302362,inf,trans,0.166537654,3151,283807,310175,False
YMR305C,SCW10,5.431897626,-0.145493268,0,5475,9,57578,inf,trans,0.145493268,5475,57000,72621,False
YMR305C,SCW10,4.910613557,-0.138217458,0,1088,3,197297,inf,trans,0.138217458,1088,186935,204903,False
YGR279C,SCW4,17.02031793,0.299952822,1,10198,15,181071,inf,trans,0.299952822,10198,168199,185951,False
YGR279C,SCW4,8.015629158,-0.34836608,0,1784,4,520430,inf,trans,0.34836608,1784,520430,520430,False
YGR279C,SCW4,7.232641875,-0.168223784,0,5482,9,68365,inf,trans,0.168223784,5482,57000,72998,False
YGR279C,SCW4,6.616242655,0.155809897,0,11687,16,578941,inf,trans,0.155809897,11687,571530,591786,False
YGR279C,SCW4,6.267909816,0.472038085,1,8619,13,255043,inf,trans,0.472038085,8619,255043,255043,False
YGR279C,SCW4,5.253942247,-0.1376186,0,1088,3,197297,inf,trans,0.1376186,1088,186935,204903,False
YGR279C,SCW4,4.916867917,0.379169397,0,7031,11,231612,inf,trans,0.379169397,7031,231612,231612,False
YKL141W,SDH3; CYB3,11.02680367,0.229647425,1,10191,15,171671,inf,trans,0.229647425,10191,165912,184082,False
YKL141W,SDH3; CYB3,9.28825017,0.287591455,0,5611,9,138792,inf,trans,0.287591455,5611,122617,144955,False
YKL141W,SDH3; CYB3,8.364618774,0.188410474,0,638,2,518106,inf,trans,0.188410474,638,505207,530047,False
YKL141W,SDH3; CYB3,6.950097203,0.157725867,1,11677,16,571530,inf,trans,0.157725867,11677,544393,587778,False
YKL141W,SDH3; CYB3,6.008562702,-0.188419745,0,8465,13,65230,inf,trans,0.188419745,8465,55098,74713,False
YKL141W,SDH3; CYB3,5.733600036,0.383871152,0,5864,9,355716,inf,trans,0.383871152,5864,355716,355716,False
YKL141W,SDH3; CYB3,5.723686262,-0.147165117,0,6633,11,5928,173744.0,trans,0.147165117,6633,2733,12232,False
YKL141W,SDH3; CYB3,5.455199447,0.270516745,0,9983,14,764782,inf,trans,0.270516745,9983,757948,780322,False
YKL141W,SDH3; CYB3,5.062370855,0.132810332,0,7980,12,570630,inf,trans,0.132810332,7980,563476,576167,False
YKL141W,SDH3; CYB3,4.399571934,-0.122025273,0,5338,8,474449,inf,trans,0.122025273,5338,465075,481335,False
YKL141W,SDH3; CYB3,4.284564649,-0.204387431,1,9716,14,598714,inf,trans,0.204387431,9716,574170,602807,False
YKL148C,SDH1; SDHA,25.9840678,0.317917059,1,10191,15,171671,inf,trans,0.317917059,10191,165912,184082,False
YKL148C,SDH1; SDHA,23.91457436,0.268383552,0,7978,12,569926,inf,trans,0.268383552,7978,563476,576167,False
YKL148C,SDH1; SDHA,21.93927653,0.253725991,0,5610,9,138636,inf,trans,0.253725991,5610,125289,144955,False
YKL148C,SDH1; SDHA,12.73592361,-0.259019938,1,8460,13,58847,inf,trans,0.259019938,8460,55098,73225,False
YKL148C,SDH1; SDHA,8.914512624,0.156795879,0,11690,16,579913,inf,trans,0.156795879,11690,571530,591786,False
YKL148C,SDH1; SDHA,8.812118582,0.292806146,0,7857,12,442845,inf,trans,0.292806146,7857,430049,443164,False
YKL148C,SDH1; SDHA,8.706232982,0.15557994,0,8107,12,738039,inf,trans,0.15557994,8107,727931,749514,False
YKL148C,SDH1; SDHA,7.663904506,-0.149735373,0,8667,13,331334,inf,trans,0.149735373,8667,329611,333904,False
YKL148C,SDH1; SDHA,7.400032364,0.138824901,0,10992,15,1014707,inf,trans,0.138824901,10992,1010191,1018776,False
YKL148C,SDH1; SDHA,7.343078274,0.151098676,0,642,2,523217,inf,trans,0.151098676,642,505207,530047,False
YKL148C,SDH1; SDHA,7.225916239,-0.138592364,1,8817,13,510249,inf,trans,0.138592364,8817,503363,513217,False
YKL148C,SDH1; SDHA,5.068423159,-0.22250001,0,6644,11,7691,161521.0,trans,0.22250001,6644,3277,14047,False
YKL148C,SDH1; SDHA,4.51855407,0.106147193,0,8307,12,970600,inf,trans,0.106147193,8307,956127,987293,False
YLL041C,SDH2,22.41487098,0.294076753,1,10191,15,171671,inf,trans,0.294076753,10191,165912,184082,False
YLL041C,SDH2,19.25943922,0.237988938,0,7974,12,567889,513959.0,trans,0.237988938,7974,563476,576167,False
YLL041C,SDH2,16.57757168,0.218385049,0,5610,9,138636,inf,trans,0.218385049,5610,125289,144955,False
YLL041C,SDH2,12.06045384,-0.251182097,0,8458,13,56990,inf,trans,0.251182097,8458,55098,73225,False
YLL041C,SDH2,11.39114756,-0.519857108,0,7031,11,231612,inf,trans,0.519857108,7031,231612,231612,False
YLL041C,SDH2,10.01773357,-0.166964367,0,8817,13,510249,inf,trans,0.166964367,8817,503363,513217,False
YLL041C,SDH2,8.249200886,0.148889447,0,11688,16,579283,inf,trans,0.148889447,11688,559542,591786,False
YLL041C,SDH2,7.073383097,-0.143408977,0,8665,13,329923,inf,trans,0.143408977,8665,329611,333904,False
YLL041C,SDH2,6.560541386,0.141913928,0,642,2,523217,inf,trans,0.141913928,642,505207,530047,False
YLL041C,SDH2,6.374301468,-0.26915576,0,4647,7,876941,inf,trans,0.26915576,4647,876941,876941,False
YLL041C,SDH2,6.342294873,0.129184413,0,10993,15,1015033,inf,trans,0.129184413,10993,1010191,1018776,False
YLL041C,SDH2,6.041335738,0.12503674,0,8119,12,761323,707393.0,trans,0.12503674,8119,754859,773247,False
YLL041C,SDH2,5.47837981,-0.117716242,0,2317,4,997624,inf,trans,0.117716242,2317,960833,1006085,False
YLL041C,SDH2,5.381001864,-0.116508616,0,3913,7,47250,inf,trans,0.116508616,3913,42627,53544,False
YLL041C,SDH2,5.35079335,0.118084574,0,8313,12,974973,921043.0,trans,0.118084574,8313,961463,990758,False
YLL041C,SDH2,4.59536257,-0.10626828,0,7207,11,444152,inf,trans,0.10626828,7207,425090,462463,False
YLL041C,SDH2,4.380399702,-0.103166444,0,2846,5,32038,inf,trans,0.103166444,2846,30505,38200,False
YOL071W,SDH5; EMI5,13.84465634,-0.48239906,0,8460,13,58847,inf,trans,0.48239906,8460,55098,73225,False
YOL071W,SDH5; EMI5,11.83453967,0.267276573,1,10193,15,172102,24405.0,trans,0.267276573,10193,165912,184082,False
YOL071W,SDH5; EMI5,6.252126033,0.285814521,0,8478,13,73814,inf,trans,0.285814521,8478,60008,81354,False
YOL071W,SDH5; EMI5,5.275702466,-0.153431641,0,7809,12,394590,inf,trans,0.153431641,7809,394590,401564,False
YOL071W,SDH5; EMI5,5.045548489,-1.03083037,0,6781,11,22075,inf,trans,1.03083037,6781,22075,22075,False
YBR269C,SDH8; FMP21,11.0765962,0.244622194,0,10190,15,171150,inf,trans,0.244622194,10190,165912,184082,False
YBR269C,SDH8; FMP21,10.44454247,0.211614729,0,5608,9,137267,inf,trans,0.211614729,5608,122617,144955,False
YBR269C,SDH8; FMP21,6.140472227,-0.205131511,0,8468,13,66821,inf,trans,0.205131511,8468,56990,75773,False
YBR269C,SDH8; FMP21,4.888684723,-0.253914653,1,4277,7,459752,inf,trans,0.253914653,4277,459752,459752,False
YBR269C,SDH8; FMP21,4.813414167,0.135051488,0,7974,12,567889,inf,trans,0.135051488,7974,563476,576167,False
YHR087W,RTC3,53.02102438,0.408602878,0,11689,16,579790,inf,trans,0.408602878,11689,554350,591786,False
YHR087W,RTC3,39.67579528,0.389897282,1,10191,15,171671,inf,trans,0.389897282,10191,165912,184082,False
YHR087W,RTC3,9.273089471,0.157040276,0,1891,4,584486,inf,trans,0.157040276,1891,565447,592839,False
YHR087W,RTC3,7.080220994,-0.13057277,0,5089,8,204645,76177.0,trans,0.13057277,5089,193408,206590,False
YHR087W,RTC3,6.761905133,0.132767152,0,4385,7,607810,inf,trans,0.132767152,4385,592987,609851,False
YHR087W,RTC3,6.558353999,0.131644882,1,5799,9,276483,inf,trans,0.131644882,5799,273029,283290,False
YHR087W,RTC3,5.374341198,-0.898858314,0,10029,15,25250,inf,trans,0.898858314,10029,25250,25265,False
YHR087W,RTC3,5.154948994,0.108574212,0,11589,16,463745,inf,trans,0.108574212,11589,458134,470812,False
YHR087W,RTC3,4.940239007,0.116268463,0,642,2,523217,inf,trans,0.116268463,642,505207,530047,False
YHR087W,RTC3,4.755634355,-0.145944699,1,6642,11,7663,inf,trans,0.145944699,6642,3277,13973,False
YHR087W,RTC3,4.719752629,-0.576143999,0,8523,13,99276,inf,trans,0.576143999,8523,99276,99276,False
YHR087W,RTC3,4.531176606,-0.20212443,0,4732,7,951285,inf,trans,0.20212443,4732,951285,951285,False
YHR087W,RTC3,4.470708111,0.101091728,0,9505,14,345215,inf,trans,0.101091728,9505,334886,354457,False
YHR087W,RTC3,4.449346553,0.102966782,1,8287,12,948003,inf,trans,0.102966782,8287,930981,950296,False
YHR087W,RTC3,4.21601564,0.098380469,0,8111,12,746392,inf,trans,0.098380469,8111,732202,754859,False
YHR087W,RTC3,4.016594574,0.177165255,0,5040,8,173184,107638.0,trans,0.177165255,5040,173184,173184,False
YHR087W,RTC3,4.01272769,-0.198089091,0,5762,9,257464,inf,trans,0.198089091,5762,254091,265537,False
YHR087W,RTC3,3.862350113,0.142009026,0,3609,6,27551,inf,trans,0.142009026,3609,27551,27551,False
YKL193C,SDS22; EGP1,15.05794746,0.28451485,0,10192,15,172074,inf,trans,0.28451485,10192,165912,184082,False
YKL193C,SDS22; EGP1,9.288953335,-0.194149772,0,6857,11,81030,1143.0,trans,0.194149772,6857,80491,84259,False
YKL193C,SDS22; EGP1,8.232416184,0.293350267,1,11689,16,579790,inf,trans,0.293350267,11689,554350,591786,False
YKL193C,SDS22; EGP1,7.586520389,-0.239893686,0,7539,12,130108,inf,trans,0.239893686,7539,126688,144481,False
YBR214W,SDS24,10.73206139,0.224720185,0,10195,15,179652,inf,trans,0.224720185,10195,165912,185951,False
YBR214W,SDS24,7.557745455,-0.217547187,0,8461,13,60008,inf,trans,0.217547187,8461,55098,73814,False
YBR214W,SDS24,5.410054201,0.13578054,0,11708,16,591536,inf,trans,0.13578054,11708,576040,593213,False
YBR214W,SDS24,5.260828363,-0.150766571,0,3041,5,212506,inf,trans,0.150766571,3041,207275,214406,False
YBR214W,SDS24,4.937118205,-0.128495635,0,10883,15,906722,inf,trans,0.128495635,10883,887134,912729,False
YBR214W,SDS24,4.85307512,0.127511529,1,1281,4,51735,inf,trans,0.127511529,1281,43687,60460,False
YLR208W,SEC13; ANU3,7.582867422,-0.344650983,0,1784,4,520430,inf,trans,0.344650983,1784,520430,520430,False
YLR208W,SEC13; ANU3,7.384519649,0.168897835,0,7966,12,560481,35.0,cis,0.168897835,7966,553350,563498,True
YLR208W,SEC13; ANU3,7.340410281,0.550577645,0,10260,15,237009,inf,trans,0.550577645,10260,237009,237009,False
YLR208W,SEC13; ANU3,5.771508364,-0.161022315,1,11585,16,455737,inf,trans,0.161022315,11585,452142,458134,False
YLR208W,SEC13; ANU3,5.134819968,0.134592565,0,3998,7,154206,inf,trans,0.134592565,3998,149219,171892,False
YLR208W,SEC13; ANU3,4.965435752,0.423495013,0,5430,8,556173,inf,trans,0.423495013,5430,556173,556173,False
YLR208W,SEC13; ANU3,4.417331154,-0.123515669,0,1151,3,252801,inf,trans,0.123515669,1151,249928,259458,False
YMR079W,SEC14; PIT1,9.072493851,0.645104877,0,4248,7,433855,inf,trans,0.645104877,4248,433855,433855,False
YMR079W,SEC14; PIT1,6.688169871,0.421780254,0,6222,10,386341,inf,trans,0.421780254,6222,386341,386341,False
YMR079W,SEC14; PIT1,5.382471984,-0.295108993,0,4,1,1470,inf,trans,0.295108993,4,1470,1470,False
YMR079W,SEC14; PIT1,5.307757517,0.321552784,1,6236,10,398569,inf,trans,0.321552784,6236,396694,409661,False
YMR079W,SEC14; PIT1,5.262358087,-0.247283881,0,1002,3,92556,inf,trans,0.247283881,1002,79867,96560,False
YMR079W,SEC14; PIT1,5.087833027,-0.134157666,1,8730,13,401237,23751.0,trans,0.134157666,8730,391103,406726,False
YMR079W,SEC14; PIT1,4.866653131,-0.148158078,0,10183,15,168592,inf,trans,0.148158078,10183,165912,181071,False
YMR079W,SEC14; PIT1,4.840394942,0.471733505,0,993,3,84800,inf,trans,0.471733505,993,84800,84800,False
YMR079W,SEC14; PIT1,4.695730462,0.147980371,1,8527,13,99599,325389.0,trans,0.147980371,8527,99599,99599,False
YMR079W,SEC14; PIT1,4.694813524,-0.424146232,0,8582,13,179719,245269.0,trans,0.424146232,8582,179719,179719,False
YDL195W,SEC31; WEB1,12.48326557,0.380027078,1,10191,15,171671,inf,trans,0.380027078,10191,165912,184082,False
YDL195W,SEC31; WEB1,11.81385711,0.21687574,0,7974,12,567889,inf,trans,0.21687574,7974,563476,576167,False
YDL195W,SEC31; WEB1,9.684727285,0.19510364,1,1349,4,108510,0.0,cis,0.19510364,1349,105908,127323,True
YDL195W,SEC31; WEB1,6.750538974,-0.449651623,0,7031,11,231612,inf,trans,0.449651623,7031,231612,231612,False
YOR254C,SEC63,8.319447889,-0.206311065,0,10194,15,173340,631693.0,trans,0.206311065,10194,165912,184082,False
YDR170C,SEC7,6.40751558,-0.201110877,0,255,2,79931,inf,trans,0.201110877,255,79931,87849,False
YDR170C,SEC7,6.007040431,-0.180618955,0,5753,9,254891,inf,trans,0.180618955,5753,249562,266567,False
YDR170C,SEC7,5.901244588,-0.159285258,0,8316,12,976001,inf,trans,0.159285258,8316,960254,990758,False
YLR292C,SEC72,6.852724989,0.198160061,0,10194,15,173340,inf,trans,0.198160061,10194,165912,184082,False
YIL074C,SER33,7.166560503,-0.193629574,0,10195,15,179652,inf,trans,0.193629574,10195,165912,185951,False
YIL074C,SER33,6.922733871,-0.405267671,0,8525,13,99287,inf,trans,0.405267671,8525,99287,99287,False
YER081W,SER3,24.30052105,-0.321435765,0,10192,15,172074,inf,trans,0.321435765,10192,165912,184082,False
YER081W,SER3,18.89996047,-0.251041985,1,1898,4,590984,inf,trans,0.251041985,1898,574801,597710,False
YER081W,SER3,11.83396028,0.192390296,0,8812,13,506197,inf,trans,0.192390296,8812,495523,511842,False
YER081W,SER3,10.26966418,-0.176654994,0,11688,16,579283,inf,trans,0.176654994,11688,559542,591786,False
YER081W,SER3,7.96622575,-0.15668608,0,10991,15,1012745,inf,trans,0.15668608,10991,1010191,1018776,False
YER081W,SER3,7.364010638,-0.158189251,0,642,2,523217,inf,trans,0.158189251,642,505207,530047,False
YER081W,SER3,7.054336426,-0.156814495,1,7973,12,563530,inf,trans,0.156814495,7973,563530,563530,False
YER081W,SER3,6.976920994,-0.185184915,1,1684,4,390909,inf,trans,0.185184915,1684,380252,397927,False
YER081W,SER3,6.882563176,-0.166798522,0,7856,12,442818,inf,trans,0.166798522,7856,433534,443164,False
YER081W,SER3,6.837615074,0.148833853,1,8670,13,333904,inf,trans,0.148833853,8670,329611,338431,False
YER081W,SER3,5.985208994,-0.130297983,0,5615,9,142542,inf,trans,0.130297983,5615,131829,155581,False
YER081W,SER3,4.643145773,-0.12562058,0,9390,14,187639,inf,trans,0.12562058,9390,184703,194811,False
YER081W,SER3,4.551879715,0.218673034,0,999,3,90723,inf,trans,0.218673034,999,90723,90727,False
YER081W,SER3,4.11143681,0.110119997,0,2306,4,976174,inf,trans,0.110119997,2306,959283,1000959,False
YGR208W,SER2,56.38604234,0.46206358,1,4692,7,912826,9.0,cis,0.46206358,4692,907716,912826,True
YGR208W,SER2,11.17574274,-0.205740867,0,10195,15,179652,inf,trans,0.205740867,10195,165912,185951,False
YGR208W,SER2,8.254832074,0.959813126,0,10777,15,785154,inf,trans,0.959813126,10777,785154,785154,False
YGR208W,SER2,5.839954469,-0.127958825,0,10101,15,86266,inf,trans,0.127958825,10101,82212,96254,False
YGR208W,SER2,5.597549191,-0.128415258,0,9234,13,899344,inf,trans,0.128415258,9234,888463,910929,False
YGR208W,SER2,5.00039375,0.121510444,0,8664,13,329611,inf,trans,0.121510444,8664,329611,333904,False
YGR208W,SER2,4.765177104,-0.120947791,0,2373,4,1101892,inf,trans,0.120947791,2373,1091087,1108564,False
YGR208W,SER2,4.675087969,0.124625461,0,7594,12,184955,inf,trans,0.124625461,7594,182813,194466,False
YGR208W,SER2,4.397221699,0.108432232,0,6188,10,334716,inf,trans,0.108432232,6188,327857,340762,False
YGR208W,SER2,4.348454807,-0.106950448,0,8803,13,500365,inf,trans,0.106950448,8803,492500,509524,False
YOR184W,SER1; SERC,10.03387915,-0.227415853,0,10182,15,168558,510800.0,trans,0.227415853,10182,165912,181071,False
YOR184W,SER1; SERC,5.95307523,-0.161628028,0,636,2,517548,inf,trans,0.161628028,636,505207,530047,False
YOR021C,SFM1,10.14942375,0.254991843,1,10382,15,372714,84.0,cis,0.254991843,10382,363969,382511,True
YOR021C,SFM1,8.650625199,-0.35432048,0,1784,4,520430,inf,trans,0.35432048,1784,520430,520430,False
YOR021C,SFM1,5.366363881,0.135284429,1,7834,12,423791,inf,trans,0.135284429,7834,417956,433534,False
YOR021C,SFM1,4.728278543,-0.200471702,0,984,3,80444,inf,trans,0.200471702,984,79867,92716,False
YOR021C,SFM1,4.62412775,0.276346362,0,1999,4,681972,inf,trans,0.276346362,1999,681972,681972,False
YOR057W,SGT1,8.435066349,-0.288094026,0,2933,5,96610,inf,trans,0.288094026,2933,90716,99489,False
YOR057W,SGT1,5.214891118,0.152241567,0,3753,6,168572,inf,trans,0.152241567,3753,146131,173904,False
YOR057W,SGT1,5.158153589,0.320085414,1,5416,8,541428,inf,trans,0.320085414,5416,541428,541428,False
YOR007C,SGT2,6.91986392,0.159529074,0,7218,11,452711,inf,trans,0.159529074,7218,430725,463057,False
YOR007C,SGT2,6.852427967,-0.155081581,0,1281,4,51735,inf,trans,0.155081581,1281,43687,60460,False
YOR007C,SGT2,6.508166609,0.3169141,0,6273,10,417350,inf,trans,0.3169141,6273,414241,442604,False
YOR007C,SGT2,5.903163387,0.4935315,0,993,3,84800,inf,trans,0.4935315,993,84800,84800,False
YOR007C,SGT2,5.779955971,-0.290464008,0,4,1,1470,inf,trans,0.290464008,4,1470,1470,False
YOR007C,SGT2,5.280137213,0.135297974,0,9800,14,646585,inf,trans,0.135297974,9800,629832,650841,False
YOR007C,SGT2,5.11209,-0.265016392,0,8432,13,26716,inf,trans,0.265016392,8432,26716,26716,False
YKR043C,SHB17,5.940780354,-0.160725861,1,11680,16,572345,inf,trans,0.160725861,11680,572345,572345,False
YKR043C,SHB17,5.925998735,0.161665781,0,7602,12,190554,inf,trans,0.161665781,7602,182813,198501,False
YKR043C,SHB17,5.057744849,0.147041487,0,8804,13,500701,inf,trans,0.147041487,8804,492500,509524,False
YKR043C,SHB17,5.015407548,-0.164704654,0,10198,15,181071,inf,trans,0.164704654,10198,168199,185951,False
YGL228W,SHE10,11.05642014,-0.214397719,0,3928,7,65725,1873.0,trans,0.214397719,3928,62689,74414,False
YGL228W,SHE10,6.76935209,0.165472159,0,3667,6,66460,inf,trans,0.165472159,3667,62743,74406,False
YGL228W,SHE10,6.357568069,0.220142376,1,5251,8,389013,inf,trans,0.220142376,5251,389013,389018,False
YIL123W,SIM1; PBP3,7.266478878,-0.173374118,0,1088,3,197297,inf,trans,0.173374118,1088,186935,204903,False
YIL123W,SIM1; PBP3,7.074329915,0.353607759,0,9278,14,33230,inf,trans,0.353607759,9278,33230,33230,False
YIL123W,SIM1; PBP3,6.260303902,0.986141729,0,10777,15,785154,inf,trans,0.986141729,10777,785154,785154,False
YIL123W,SIM1; PBP3,5.693449332,-0.14831612,0,5475,9,57578,70573.0,trans,0.14831612,5475,57000,72621,False
YIL123W,SIM1; PBP3,5.444367316,0.19383529,1,10033,15,29669,inf,trans,0.19383529,10033,29669,29669,False
YIL123W,SIM1; PBP3,4.906172375,-0.232009325,0,1004,3,92716,inf,trans,0.232009325,1004,79867,95493,False
YNL007C,SIS1,33.76353382,-0.377450974,0,1280,4,49675,inf,trans,0.377450974,1280,38160,60460,False
YNL007C,SIS1,7.434135642,0.170160246,0,11356,16,210433,inf,trans,0.170160246,11356,199543,213411,False
YNL007C,SIS1,6.707342364,0.156455232,0,5608,9,137267,inf,trans,0.156455232,5608,122617,144955,False
YNL243W,SLA2,5.770272244,0.360597985,0,8552,13,125833,inf,trans,0.360597985,8552,114474,138830,False
YDR515W,SLF1,12.19166059,0.250404381,0,2682,4,1475645,881.0,cis,0.250404381,2682,1467660,1475645,True
YLR147C,SMD3,7.002986972,0.196007698,0,10193,15,172102,inf,trans,0.196007698,10193,165912,184082,False
YLR147C,SMD3,6.06280312,-0.164454987,0,8667,13,331334,inf,trans,0.164454987,8667,329611,333904,False
YLR147C,SMD3,5.295366556,-0.320314883,0,11168,16,64363,inf,trans,0.320314883,11168,64363,64363,False
YLR147C,SMD3,4.894687605,0.14430214,0,4489,7,698512,inf,trans,0.14430214,4489,688776,705337,False
YML058W,SML1,7.342319251,0.202021094,0,1935,4,621945,inf,trans,0.202021094,1935,613791,624555,False
YML058W,SML1,7.063006981,0.535232894,0,4248,7,433855,inf,trans,0.535232894,4248,433855,433855,False
YML058W,SML1,6.276148378,0.155747336,1,9441,14,250138,inf,trans,0.155747336,9441,239611,257173,False
YML058W,SML1,6.062730964,0.198847923,1,9866,14,716675,inf,trans,0.198847923,9866,716055,716750,False
YML058W,SML1,5.008060621,0.138610991,1,2621,4,1436351,inf,trans,0.138610991,2621,1429971,1446003,False
YML058W,SML1,4.969865916,-0.362879453,0,4825,7,1048545,inf,trans,0.362879453,4825,1048545,1048545,False
YML058W,SML1,4.91874601,0.428120515,0,5430,8,556173,inf,trans,0.428120515,5430,556173,556173,False
YML058W,SML1,4.879061066,0.363660203,0,6222,10,386341,inf,trans,0.363660203,6222,386341,386341,False
YDR510W,SMT3,11.67931994,0.271139023,0,10192,15,172074,inf,trans,0.271139023,10192,165912,184082,False
YDR477W,,6.258166709,0.153948553,1,11347,16,198072,inf,trans,0.153948553,11347,187861,210158,False
YDR477W,,5.903662817,0.285832027,0,8920,13,588661,inf,trans,0.285832027,8920,577143,589215,False
YDR477W,,5.857770865,0.145894362,0,2242,4,927509,484856.0,trans,0.145894362,2242,911766,930823,False
YDR477W,,4.702636851,-0.128691009,0,11405,16,262948,inf,trans,0.128691009,11405,248105,279067,False
YDR477W,,4.69916637,0.127342439,0,1282,4,51859,1360506.0,trans,0.127342439,1282,43687,60460,False
YLR025W,SNF7,10.86796926,-0.432390187,1,1781,4,512749,inf,trans,0.432390187,1781,487562,521148,False
YLR025W,SNF7,6.345355967,0.157720985,0,7606,12,194466,0.0,cis,0.157720985,7606,182813,198501,True
YLR025W,SNF7,5.617749209,0.942644382,0,10777,15,785154,inf,trans,0.942644382,10777,785154,785154,False
YLR025W,SNF7,5.554656561,0.286662593,0,4383,7,607418,inf,trans,0.286662593,4383,607418,607810,False
YLR025W,SNF7,5.352878511,0.142023857,0,6372,10,554468,inf,trans,0.142023857,6372,547222,557799,False
YEL026W,SNU13,7.641361571,0.384180178,0,896,3,757,inf,trans,0.384180178,896,757,757,False
YEL026W,SNU13,5.509386889,-0.252031138,0,9764,14,619117,inf,trans,0.252031138,9764,619117,619117,False
YJR104C,SOD1,13.85877743,0.230085473,0,7977,12,569918,inf,trans,0.230085473,7977,563476,576167,False
YHR008C,SOD2,12.21437976,0.244917134,1,10191,15,171671,inf,trans,0.244917134,10191,165912,184082,False
YHR008C,SOD2,11.72475734,-0.293389246,0,8458,13,56990,inf,trans,0.293389246,8458,55098,73225,False
YHR008C,SOD2,10.15640064,0.532020742,0,8412,13,8262,inf,trans,0.532020742,8412,8262,8262,False
YHR008C,SOD2,9.927661571,0.192094739,0,7978,12,569926,inf,trans,0.192094739,7978,563476,576167,False
YHR008C,SOD2,8.768620262,0.18722313,0,5613,9,139266,inf,trans,0.18722313,5613,125289,144955,False
YHR008C,SOD2,7.183943353,0.159949613,0,7852,12,441706,inf,trans,0.159949613,7852,425418,443164,False
YHR008C,SOD2,5.606430457,-0.146866419,0,8665,13,329923,inf,trans,0.146866419,8665,329611,333904,False
YHR008C,SOD2,5.331789729,0.13420753,0,6077,10,173883,inf,trans,0.13420753,6077,163124,185241,False
YHR008C,SOD2,5.064748695,0.132150577,0,11687,16,578941,inf,trans,0.132150577,11687,571530,591786,False
YHR008C,SOD2,4.343427409,-0.21055042,1,523,2,389428,inf,trans,0.21055042,523,389425,389428,False
YHR163W,SOL3,74.90906542,0.520974734,0,5324,8,460316,35841.0,trans,0.520974734,5324,449957,461438,False
YHR163W,SOL3,14.54333242,-0.270679333,0,8458,13,56990,inf,trans,0.270679333,8458,55098,73225,False
YHR163W,SOL3,9.060259895,0.159782056,0,11690,16,579913,inf,trans,0.159782056,11690,571530,591786,False
YHR163W,SOL3,7.433299578,0.142195986,0,11634,16,521626,inf,trans,0.142195986,11634,518590,526392,False
YHR163W,SOL3,6.775151625,-0.134786832,1,5286,8,422328,1398.0,trans,0.134786832,5286,421095,422657,False
YHR163W,SOL3,6.707162907,-0.245731891,1,2550,4,1337514,inf,trans,0.245731891,2550,1333470,1345654,False
YHR163W,SOL3,5.158285781,0.117932693,0,1265,4,32140,inf,trans,0.117932693,1265,29835,32140,False
YHR163W,SOL3,4.503172725,-0.101460916,0,7152,11,381937,inf,trans,0.101460916,7152,372538,385019,False
YHR163W,SOL3,4.461678344,-0.103420434,0,8592,13,211631,inf,trans,0.103420434,8592,209723,217356,False
YPR069C,SPE3,10.88482944,-0.194096707,0,7143,11,379841,inf,trans,0.194096707,7143,372538,385019,False
YPR069C,SPE3,10.2891683,0.257477849,1,8458,13,56990,inf,trans,0.257477849,8458,55098,73225,False
YPR069C,SPE3,6.794819367,-0.167569462,0,10183,15,168592,inf,trans,0.167569462,10183,165912,181071,False
YPR069C,SPE3,6.781332309,0.167862925,0,284,2,119246,inf,trans,0.167862925,284,119244,123100,False
YPR069C,SPE3,5.601098146,0.142926975,1,1265,4,32140,inf,trans,0.142926975,1265,29835,32140,False
YPR069C,SPE3,5.494022705,-0.27263918,1,5609,9,138029,inf,trans,0.27263918,5609,125289,144955,False
YPR069C,SPE3,4.956210447,-0.440530429,0,8454,13,49851,inf,trans,0.440530429,8454,49851,49851,False
YPR069C,SPE3,4.750091905,-0.121478069,0,662,2,555633,inf,trans,0.121478069,662,552681,558703,False
YPR069C,SPE3,4.725809277,0.246726125,0,1094,3,201026,inf,trans,0.246726125,1094,198615,201026,False
YPR069C,SPE3,4.506333553,-0.116926138,1,10058,15,39199,inf,trans,0.116926138,10058,30790,41993,False
YGL207W,SPT16,7.549400161,0.178566866,0,3956,7,103626,1546.0,trans,0.178566866,3956,98223,114462,False
YGL207W,SPT16,5.877812,0.289359919,0,6801,11,46711,inf,trans,0.289359919,6801,46711,46711,False
YCL037C,SRO9,10.4146149,-0.224974019,1,10195,15,179652,inf,trans,0.224974019,10195,165912,185951,False
YCL037C,SRO9,6.31952595,-0.334164656,1,8986,13,667202,inf,trans,0.334164656,8986,667202,667202,False
YCL037C,SRO9,6.26592347,0.391864679,0,4207,7,412630,inf,trans,0.391864679,4207,412630,412630,False
YCL037C,SRO9,5.86943359,-0.145893776,0,2478,4,1246177,inf,trans,0.145893776,2478,1242195,1256208,False
YCL037C,SRO9,5.493192764,0.160860884,0,8503,13,82403,inf,trans,0.160860884,8503,75558,92384,False
YCL037C,SRO9,5.211424336,0.364209655,0,2181,4,877783,inf,trans,0.364209655,2181,877783,877784,False
YLR250W,SSP120,8.046140477,0.6376583,0,10260,15,237009,inf,trans,0.6376583,10260,237009,237009,False
YLR250W,SSP120,6.422117189,-0.542534102,0,8582,13,179719,inf,trans,0.542534102,8582,179719,179719,False
YDL229W,SSB1; YG101,17.34709498,-0.268181658,1,11841,16,740758,inf,trans,0.268181658,11841,726730,753557,False
YDL229W,SSB1; YG101,9.52121044,-0.191090445,1,1281,4,51735,5828.0,trans,0.191090445,1281,43687,60460,False
YNL209W,SSB2; YG103,7.689328546,-0.749323147,0,7873,12,460678,inf,trans,0.749323147,7873,460678,460678,False
YHL034C,SBP1,18.10217693,0.298824663,0,10191,15,171671,inf,trans,0.298824663,10191,165912,184082,False
YHL034C,SBP1,17.44115232,-0.528179061,0,1784,4,520430,inf,trans,0.528179061,1784,520430,520430,False
YHL034C,SBP1,6.633439126,-0.461948393,1,12031,17,34281,inf,trans,0.461948393,12031,34281,34281,False
YHL034C,SBP1,6.260365769,0.145874159,1,8116,12,759605,inf,trans,0.145874159,8116,749514,773247,False
YHL034C,SBP1,6.056147285,0.14138596,0,4860,8,33975,0.0,cis,0.14138596,4860,25786,45571,True
YHL034C,SBP1,5.134251122,-0.128616551,0,2083,4,783543,inf,trans,0.128616551,2083,769065,802519,False
YHL034C,SBP1,4.532445047,0.437966206,0,993,3,84800,inf,trans,0.437966206,993,84800,84800,False
YBR283C,SSH1,7.925842234,-0.195957738,0,10197,15,180978,inf,trans,0.195957738,10197,168199,185951,False
YBR283C,SSH1,5.440427351,-0.138378939,1,5620,9,146928,inf,trans,0.138378939,5620,146928,146928,False
YBR283C,SSH1,5.244950816,-0.149283532,1,6088,10,189030,inf,trans,0.149283532,6088,182634,189445,False
YBR283C,SSH1,4.862323684,0.168725004,1,8457,13,55098,inf,trans,0.168725004,8457,55098,65881,False
YBR283C,SSH1,4.816366829,-0.136317876,0,13,1,27822,inf,trans,0.136317876,13,27816,31435,False
YBR283C,SSH1,4.610381228,0.129845705,0,7593,12,182813,inf,trans,0.129845705,7593,180329,194466,False
YHR064C,SSZ1; PDR13,7.41820243,0.160053491,0,1080,3,189025,inf,trans,0.160053491,1080,168031,198615,False
YHR064C,SSZ1; PDR13,5.957924656,-0.140731999,1,5810,9,289127,inf,trans,0.140731999,5810,280761,299767,False
YHR064C,SSZ1; PDR13,4.943363536,-0.128702237,0,11354,16,209279,inf,trans,0.128702237,11354,197237,213411,False
YHR064C,SSZ1; PDR13,4.938275589,0.125601209,0,6061,10,148293,inf,trans,0.125601209,6061,139826,150178,False
YJR117W,STE24; AFC1,6.225933386,-0.161417536,0,10776,15,785154,inf,trans,0.161417536,10776,774673,791260,False
YJR117W,STE24; AFC1,6.14562261,-0.312796898,0,1784,4,520430,inf,trans,0.312796898,1784,520430,520430,False
YJR117W,STE24; AFC1,5.176389055,-0.374451919,0,3240,5,443367,inf,trans,0.374451919,3240,443367,443378,False
YJR117W,STE24; AFC1,5.161646857,-0.30514441,1,9266,14,7114,inf,trans,0.30514441,9266,7114,7114,False
YJR117W,STE24; AFC1,4.840832889,0.149005363,0,7685,12,265316,inf,trans,0.149005363,7685,261503,266631,False
YJR117W,STE24; AFC1,4.681477288,-0.159709173,0,301,2,133943,inf,trans,0.159709173,301,133355,136173,False
YJR117W,STE24; AFC1,4.496500925,0.19036298,0,5905,9,385640,inf,trans,0.19036298,5905,385640,385640,False
YJR117W,STE24; AFC1,4.464510665,0.132768619,1,6460,10,643441,79.0,cis,0.132768619,6460,642106,656247,True
YJR117W,STE24; AFC1,4.379020654,1.025242441,0,10030,15,25265,inf,trans,1.025242441,10030,25250,25265,False
YGR008C,STF2,6.129382176,0.169785258,0,10181,15,168199,inf,trans,0.169785258,10181,165912,181071,False
YGR008C,STF2,5.958393438,-0.26874644,1,4841,7,1073937,565569.0,trans,0.26874644,4841,1073937,1073937,False
YOR027W,STI1,8.141530241,-0.304478905,0,1280,4,49675,inf,trans,0.304478905,1280,38160,60460,False
YOR027W,STI1,8.031662356,-0.203400024,0,8458,13,56990,inf,trans,0.203400024,8458,55098,73225,False
YOR027W,STI1,6.603616802,-0.171907648,1,798,2,723281,inf,trans,0.171907648,798,717833,734586,False
YOR027W,STI1,4.984561148,0.27847655,0,844,2,780425,inf,trans,0.27847655,844,780425,780425,False
YOR027W,STI1,4.920469107,-0.231564132,1,1276,4,48267,inf,trans,0.231564132,1276,37106,56089,False
YOR027W,STI1,4.531176737,-0.261634285,0,4539,7,765774,inf,trans,0.261634285,4539,765774,765774,False
YOR027W,STI1,4.407810873,0.10582829,0,5573,9,114834,inf,trans,0.10582829,5573,103774,136619,False
YLR150W,STM1,7.848003192,-0.179515755,0,10186,15,170347,inf,trans,0.179515755,10186,165912,184082,False
YLR150W,STM1,6.120033861,0.13970653,0,3984,7,140416,inf,trans,0.13970653,3984,128719,142935,False
YMR054W,STV1,6.257452937,0.614440615,0,10260,15,237009,inf,trans,0.614440615,10260,237009,237009,False
YMR039C,SUB1; TSP1,6.510827692,0.561006681,0,10260,15,237009,inf,trans,0.561006681,10260,237009,237009,False
YMR039C,SUB1; TSP1,5.511256274,0.154226405,0,5221,8,374928,inf,trans,0.154226405,5221,369658,378565,False
YMR039C,SUB1; TSP1,5.032049534,0.154991695,0,8681,13,345749,2894.0,trans,0.154991695,8681,338431,350249,False
YDL084W,SUB2,13.63146025,0.267553021,0,10192,15,172074,inf,trans,0.267553021,10192,165912,184082,False
YDL084W,SUB2,7.257241337,-0.164624473,0,11790,16,678686,inf,trans,0.164624473,11790,676149,678686,False
YDL084W,SUB2,7.102796996,0.167417211,0,11703,16,587661,inf,trans,0.167417211,11703,572250,593213,False
YDL084W,SUB2,6.2355061,-0.372803069,1,4219,7,416060,inf,trans,0.372803069,4219,407454,426067,False
YDL084W,SUB2,4.903993071,-0.132624295,1,3804,6,233698,inf,trans,0.132624295,3804,231725,240985,False
YDL084W,SUB2,4.72269184,-0.129371795,0,760,2,694474,inf,trans,0.129371795,760,680493,701195,False
YDL084W,SUB2,4.609391493,-0.134509384,0,8681,13,345749,inf,trans,0.134509384,8681,338431,350249,False
YOR142W,LSC1,37.78705421,0.397809992,1,10191,15,171671,421387.0,trans,0.397809992,10191,165912,184082,False
YOR142W,LSC1,17.73800736,0.228464619,0,11688,16,579283,inf,trans,0.228464619,11688,559542,591786,False
YOR142W,LSC1,15.14162739,-0.281523061,0,8461,13,60008,inf,trans,0.281523061,8461,55098,73814,False
YOR142W,LSC1,12.0001805,0.184866458,0,5610,9,138636,inf,trans,0.184866458,5610,125289,144955,False
YOR142W,LSC1,10.80021519,0.174805274,0,7978,12,569926,inf,trans,0.174805274,7978,563476,576167,False
YOR142W,LSC1,10.7359231,-0.181741215,1,8670,13,333904,inf,trans,0.181741215,8670,329611,338431,False
YOR142W,LSC1,9.058129601,-0.158318568,1,2276,4,959283,inf,trans,0.158318568,2276,956734,980835,False
YOR142W,LSC1,6.879760639,0.147139873,0,637,2,517869,inf,trans,0.147139873,637,505207,530047,False
YOR142W,LSC1,6.507013647,0.25491981,0,12032,17,40367,inf,trans,0.25491981,12032,40367,40367,False
YOR142W,LSC1,5.330784096,0.116898936,0,10992,15,1014707,420660.0,trans,0.116898936,10992,1010191,1018776,False
YOR142W,LSC1,5.310438737,0.120617868,0,7857,12,442845,inf,trans,0.120617868,7857,430049,443164,False
YOR142W,LSC1,5.076756836,0.116884378,0,8109,12,745383,inf,trans,0.116884378,8109,732202,754859,False
YOR142W,LSC1,5.060275977,-0.112925027,1,88,1,113135,inf,trans,0.112925027,88,112549,114628,False
YOR142W,LSC1,4.961366793,-0.342040475,1,9717,14,599354,inf,trans,0.342040475,9717,599354,599354,False
YOR142W,LSC1,4.596814526,0.106985356,1,9431,14,233872,inf,trans,0.106985356,9431,220803,241114,False
YGR244C,LSC2,33.86543174,0.377265717,1,10195,15,179652,inf,trans,0.377265717,10195,165912,185951,False
YGR244C,LSC2,23.34705718,0.271797935,1,11680,16,572345,inf,trans,0.271797935,11680,572345,572345,False
YGR244C,LSC2,18.54935907,0.244504639,1,4751,7,979301,0.0,cis,0.244504639,4751,971272,992324,True
YGR244C,LSC2,14.37343064,-0.281972492,0,8460,13,58847,inf,trans,0.281972492,8460,55098,73225,False
YGR244C,LSC2,13.46878402,0.196454589,0,5610,9,138636,inf,trans,0.196454589,5610,125289,144955,False
YGR244C,LSC2,7.280890817,0.141138633,1,10993,15,1015033,inf,trans,0.141138633,10993,1010191,1018776,False
YGR244C,LSC2,7.049086109,-0.166876938,0,912,3,4582,inf,trans,0.166876938,912,2644,5784,False
YGR244C,LSC2,5.819944752,0.269399762,0,9117,13,774724,inf,trans,0.269399762,9117,774724,774724,False
YGR244C,LSC2,5.801808066,0.124570645,0,7978,12,569926,inf,trans,0.124570645,7978,563476,576167,False
YGR244C,LSC2,5.5436651,0.127290426,0,633,2,507491,inf,trans,0.127290426,633,498324,524731,False
YGR244C,LSC2,5.349927578,0.118234673,0,8103,12,736985,inf,trans,0.118234673,8103,727931,754859,False
YGR244C,LSC2,4.470721356,-0.112542128,0,1037,3,143428,inf,trans,0.112542128,1037,131971,158006,False
YGR244C,LSC2,4.468252177,-0.112560613,0,8664,13,329611,inf,trans,0.112560613,8664,329611,333904,False
YGR244C,LSC2,4.201563085,0.64012562,0,10777,15,785154,inf,trans,0.64012562,10777,785154,785154,False
YGR244C,LSC2,4.030965796,0.100741793,1,3687,6,79955,inf,trans,0.100741793,3687,78316,88475,False
YGR244C,LSC2,3.94875863,0.099207344,0,6483,10,662711,inf,trans,0.099207344,6483,649610,667117,False
YNL244C,SUI1; RFR1,9.56338115,0.205229799,0,11353,16,208852,inf,trans,0.205229799,11353,196859,213411,False
YNL244C,SUI1; RFR1,5.617770707,-0.375126269,0,844,2,780425,inf,trans,0.375126269,844,780425,780425,False
YDR310C,SUM1,7.593418607,-0.968702563,0,3121,5,266246,inf,trans,0.968702563,3121,266246,266246,False
YDR310C,SUM1,6.195252673,0.363052464,0,10891,15,911748,inf,trans,0.363052464,10891,911748,911748,False
YKR069W,MET1; MET20,7.054720822,0.173618489,0,8360,12,1012062,inf,trans,0.173618489,8360,1010871,1012062,False
YKR069W,MET1; MET20,6.897683114,0.365906166,0,8229,12,888706,inf,trans,0.365906166,8229,885953,892506,False
YKR069W,MET1; MET20,6.419316027,-0.444325998,1,8283,12,935473,inf,trans,0.444325998,8283,914107,950296,False
YKR069W,MET1; MET20,5.185083817,-0.413154965,1,3846,6,266627,inf,trans,0.413154965,3846,252271,270091,False
YDR346C,SVF1; SGI1,6.792255485,0.168563611,0,5316,8,455745,inf,trans,0.168563611,5316,445835,461438,False
YDR346C,SVF1; SGI1,6.733426211,0.553078019,0,10260,15,237009,inf,trans,0.553078019,10260,237009,237009,False
YDR346C,SVF1; SGI1,5.658431566,-0.27064757,0,1002,3,92556,inf,trans,0.27064757,1002,79867,96560,False
YDR346C,SVF1; SGI1,5.24491241,-0.179457951,1,11042,15,1074311,inf,trans,0.179457951,11042,1074311,1074311,False
YDR346C,SVF1; SGI1,5.235015906,-0.162670373,0,10181,15,168199,inf,trans,0.162670373,10181,165912,181071,False
YPL032C,SVL3,7.029958459,-0.168602635,0,1502,4,228580,inf,trans,0.168602635,1502,211612,238194,False
YOR335C,ALA1; CDC64,6.034059259,0.166396982,1,11763,16,648665,inf,trans,0.166396982,11763,648665,652919,False
YOR335C,ALA1; CDC64,5.693408373,-0.143230648,1,11586,16,458134,inf,trans,0.143230648,11586,452142,463745,False
YNL247W,YNL247W; N0885,6.389536557,-0.32789807,0,835,2,773703,inf,trans,0.32789807,835,773703,773703,False
YNL247W,YNL247W; N0885,6.286372019,0.192041207,0,9664,14,560799,375620.0,trans,0.192041207,9664,558289,593538,False
YNL247W,YNL247W; N0885,6.12747686,-0.375066008,0,54,1,69821,inf,trans,0.375066008,54,69821,69821,False
YNL247W,YNL247W; N0885,5.710031593,-0.151908123,0,9767,14,620369,435190.0,trans,0.151908123,9767,606273,645369,False
YNL247W,YNL247W; N0885,5.254279634,-0.141195936,0,2333,4,1018955,inf,trans,0.141195936,2333,1013362,1029308,False
YNL247W,YNL247W; N0885,5.025920775,-0.147278396,0,3445,5,563565,inf,trans,0.147278396,3445,561824,564469,False
YNL247W,YNL247W; N0885,4.935103266,0.135314527,0,1939,4,623642,inf,trans,0.135314527,1939,613791,629973,False
YNL247W,YNL247W; N0885,4.626325802,0.130080101,0,11806,16,700309,inf,trans,0.130080101,11806,695787,706473,False
YLL018C,DPS1,17.93765464,-0.289819099,0,10196,15,180876,inf,trans,0.289819099,10196,168199,185951,False
YGL245W,GUS1,6.578611432,0.16370954,0,11349,16,202983,inf,trans,0.16370954,11349,196859,213411,False
YGL245W,GUS1,5.404197182,-0.313450207,0,6096,10,197415,inf,trans,0.313450207,6096,197415,197423,False
YGL245W,GUS1,5.28829293,0.138097595,1,3704,6,95926,inf,trans,0.138097595,3704,95448,95926,False
YGL245W,GUS1,5.083606172,-0.151184595,0,10203,15,185252,inf,trans,0.151184595,10203,179652,185951,False
YFL022C,FRS2,7.423622312,-0.560433912,0,4248,7,433855,inf,trans,0.560433912,4248,433855,433855,False
YFL022C,FRS2,6.709133559,0.298929781,1,10202,15,184082,inf,trans,0.298929781,10202,170347,185951,False
YFL022C,FRS2,6.5779927,0.352663801,1,4199,7,408928,inf,trans,0.352663801,4199,397324,418899,False
YLR060W,FRS1,6.778895407,-0.15168582,1,2320,4,1006085,inf,trans,0.15168582,2320,997624,1018597,False
YLR060W,FRS1,5.806367769,-0.14790838,0,8667,13,331334,inf,trans,0.14790838,8667,329611,333904,False
YLR060W,FRS1,5.468641554,-0.133460568,0,9798,14,644949,inf,trans,0.133460568,9798,620369,650841,False
YLR060W,FRS1,5.147428527,-0.734400025,0,11539,16,383323,inf,trans,0.734400025,11539,383323,383323,False
YLR060W,FRS1,4.998375069,0.129058292,0,5614,9,139442,inf,trans,0.129058292,5614,125289,144955,False
YLR060W,FRS1,4.882794378,0.128239184,0,566,2,446471,inf,trans,0.128239184,566,434090,450017,False
YLR060W,FRS1,4.506237209,-0.4935847,0,10032,15,28873,inf,trans,0.4935847,10032,28873,28873,False
YLR060W,FRS1,4.415438539,0.121514937,0,1931,4,620206,inf,trans,0.121514937,1931,611309,624555,False
YBR121C,GRS1,18.43178891,0.267232935,0,608,2,483628,267.0,cis,0.267232935,608,472403,488757,True
YBR121C,GRS1,9.174214365,-0.526155915,0,7031,11,231612,inf,trans,0.526155915,7031,231612,231612,False
YBR121C,GRS1,7.599617243,0.525162287,0,10391,15,385655,inf,trans,0.525162287,10391,385655,385655,False
YBR121C,GRS1,6.828234532,0.302138787,0,1784,4,520430,inf,trans,0.302138787,1784,520430,520430,False
YBR121C,GRS1,6.504180778,-0.150610185,1,7218,11,452711,inf,trans,0.150610185,7218,430725,463057,False
YBR121C,GRS1,5.470316689,-0.324349217,0,8525,13,99287,inf,trans,0.324349217,8525,99287,99287,False
YBR121C,GRS1,4.570056375,0.233001958,0,1005,3,92744,inf,trans,0.233001958,1005,92744,92744,False
YPR033C,HTS1,8.909878627,1.111635944,0,10777,15,785154,inf,trans,1.111635944,10777,785154,785154,False
YPR033C,HTS1,8.48204959,0.435013637,0,844,2,780425,inf,trans,0.435013637,844,780425,780425,False
YPR033C,HTS1,8.114374422,-0.364704112,0,10891,15,911748,inf,trans,0.364704112,10891,911748,911748,False
YPR033C,HTS1,7.334382365,0.849852304,0,3121,5,266246,inf,trans,0.849852304,3121,266246,266246,False
YPR033C,HTS1,6.98223869,-0.17701413,0,10194,15,173340,inf,trans,0.17701413,10194,165912,184082,False
YPR033C,HTS1,6.501211952,0.147523961,0,10882,15,906721,inf,trans,0.147523961,10882,887134,912729,False
YPR033C,HTS1,4.86181174,0.163236494,1,8470,13,68113,inf,trans,0.163236494,8470,56990,75198,False
YPR033C,HTS1,4.815181636,-0.257281907,0,4554,7,790386,inf,trans,0.257281907,4554,790386,790386,False
YPR033C,HTS1,4.577186257,-0.120839993,0,7437,12,24735,inf,trans,0.120839993,7437,17131,37884,False
YPR033C,HTS1,4.25469174,-0.233993094,0,5924,9,396176,inf,trans,0.233993094,5924,394182,396464,False
YPR033C,HTS1,4.23049289,-0.386471311,0,8582,13,179719,inf,trans,0.386471311,8582,179719,179719,False
YPR033C,HTS1,4.196214852,-0.253517183,0,5416,8,541428,inf,trans,0.253517183,5416,541428,541428,False
YPR033C,HTS1,4.171397587,0.116531321,1,7483,12,84341,inf,trans,0.116531321,7483,82740,84341,False
YBL076C,ILS1,19.28096921,-0.270572503,0,10198,15,181071,inf,trans,0.270572503,10198,168199,185951,False
YBL076C,ILS1,10.23091584,0.316657758,1,262,2,84412,153.0,cis,0.316657758,262,80873,84447,True
YBL076C,ILS1,8.02735077,-0.161720104,0,5603,9,136527,inf,trans,0.161720104,5603,125289,144699,False
YBL076C,ILS1,7.059745461,-0.137657274,0,10992,15,1014707,inf,trans,0.137657274,10992,1010191,1018776,False
YBL076C,ILS1,5.816671301,-0.125498838,1,7856,12,442818,inf,trans,0.125498838,7856,433534,443164,False
YBL076C,ILS1,5.775540013,-0.122398046,0,7974,12,567889,inf,trans,0.122398046,7974,563476,576167,False
YBL076C,ILS1,4.829015635,-0.114564335,0,8312,12,974945,inf,trans,0.114564335,8312,963579,987293,False
YBL076C,ILS1,4.709374729,-0.112570292,1,653,2,542505,458246.0,trans,0.112570292,653,538868,544962,False
YBL076C,ILS1,4.432076826,0.10639632,0,155,1,185954,inf,trans,0.10639632,155,183802,186896,False
YBL076C,ILS1,4.270405044,0.104327533,0,11347,16,198072,inf,trans,0.104327533,11347,187861,210158,False
YBL076C,ILS1,4.203136695,0.102245843,0,7691,12,274242,inf,trans,0.102245843,7691,271300,277526,False
YDR037W,KRS1; GCD5,23.62225009,-0.34372001,0,10193,15,172102,inf,trans,0.34372001,10193,165912,184082,False
YDR037W,KRS1; GCD5,8.006258612,-0.166435241,0,11677,16,571530,inf,trans,0.166435241,11677,544393,587778,False
YDR037W,KRS1; GCD5,6.615373676,-0.147761098,1,8111,12,746392,inf,trans,0.147761098,8111,732202,754859,False
YDR037W,KRS1; GCD5,6.097221404,-0.150127075,0,640,2,518385,inf,trans,0.150127075,640,505207,530047,False
YDR037W,KRS1; GCD5,5.715946012,0.150170847,0,6886,11,109811,inf,trans,0.150170847,6886,98757,116979,False
YDR037W,KRS1; GCD5,5.041166644,-0.126099852,0,9221,13,883627,inf,trans,0.126099852,9221,877043,896327,False
YDR037W,KRS1; GCD5,4.64599814,0.122751964,0,2565,4,1353994,826782.0,trans,0.122751964,2565,1341560,1381394,False
YDR037W,KRS1; GCD5,4.4877693,-0.11668688,0,9803,14,650841,inf,trans,0.11668688,9803,643364,651987,False
YDR037W,KRS1; GCD5,4.446278717,-0.121231782,0,6418,10,605428,inf,trans,0.121231782,6418,598877,620664,False
YDR037W,KRS1; GCD5,4.351193434,-0.217130222,1,2057,4,747529,220317.0,trans,0.217130222,2057,747523,747529,False
YDR037W,KRS1; GCD5,4.307639862,0.149400946,0,8465,13,65230,inf,trans,0.149400946,8465,55098,74713,False
YDR037W,KRS1; GCD5,4.251740876,-0.130382293,0,3484,5,564355,inf,trans,0.130382293,3484,563347,565122,False
YDR037W,KRS1; GCD5,4.2367945,-0.144944027,0,1836,4,542558,15346.0,trans,0.144944027,1836,542558,542558,False
YDR037W,KRS1; GCD5,4.1963178,0.11264056,0,3149,5,293706,inf,trans,0.11264056,3149,271971,309654,False
YDR037W,KRS1; GCD5,4.022464167,0.196628985,0,3872,7,17838,inf,trans,0.196628985,3872,17838,17843,False
YDR037W,KRS1; GCD5,4.001259099,0.109556953,0,11976,16,911554,inf,trans,0.109556953,11976,905004,918804,False
YPL160W,CDC60,11.42611019,-0.24895156,0,10198,15,181071,inf,trans,0.24895156,10198,168199,185951,False
YPL160W,CDC60,5.211097361,-0.142189312,0,11687,16,578941,328680.0,trans,0.142189312,11687,571530,591786,False
YGR264C,MES1,24.39292305,-0.356159136,0,10198,15,181071,inf,trans,0.356159136,10198,168199,185951,False
YGR264C,MES1,8.118267099,-0.172882381,0,5597,9,136134,inf,trans,0.172882381,5597,114834,144955,False
YGR264C,MES1,8.01246113,-0.168699503,0,11860,16,757660,inf,trans,0.168699503,11860,743305,769532,False
YGR264C,MES1,5.223956428,0.553511772,0,7873,12,460678,inf,trans,0.553511772,7873,460678,460678,False
YGR264C,MES1,5.190539296,0.138814265,1,8681,13,345749,inf,trans,0.138814265,8681,338431,350249,False
YGR264C,MES1,5.05049666,0.29825348,1,11214,16,105267,inf,trans,0.29825348,11214,92791,105336,False
YGR264C,MES1,4.706920095,-0.12573527,0,11699,16,586993,inf,trans,0.12573527,11699,572464,593213,False
YHR019C,DED81,9.052126951,-0.226018688,1,10197,15,180978,inf,trans,0.226018688,10197,168199,185951,False
YHR019C,DED81,7.094634117,-0.210865511,1,10990,15,1012233,inf,trans,0.210865511,10990,1008479,1018776,False
YHR019C,DED81,5.788853631,-0.154696465,1,11680,16,572345,inf,trans,0.154696465,11680,572345,572345,False
YHR019C,DED81,4.989147892,-0.148824798,0,4370,7,594506,inf,trans,0.148824798,4370,587240,607810,False
YHR019C,DED81,4.957995726,-0.141177675,0,1993,4,679624,inf,trans,0.141177675,1993,667986,696549,False
YCR030C,SYP1,21.87176258,0.354145349,1,10186,15,170347,inf,trans,0.354145349,10186,165912,184082,False
YOR168W,GLN4,14.50220861,-0.243286853,1,11843,16,743305,inf,trans,0.243286853,11843,730557,757660,False
YOR168W,GLN4,5.546243972,-0.145092728,0,6411,10,599081,inf,trans,0.145092728,6411,590619,607274,False
YDR341C,YDR341C; D9651.10,20.55268813,-0.305980474,0,10198,15,181071,inf,trans,0.305980474,10198,168199,185951,False
YDR341C,YDR341C; D9651.10,10.75745712,-0.188422487,1,5615,9,142542,inf,trans,0.188422487,5615,131829,155581,False
YDR341C,YDR341C; D9651.10,6.901475023,-0.202003784,1,708,2,618987,inf,trans,0.202003784,708,592643,630554,False
YDR341C,YDR341C; D9651.10,6.242657283,-0.14183672,0,11678,16,572250,inf,trans,0.14183672,11678,546787,587778,False
YDR341C,YDR341C; D9651.10,5.630877429,0.130898125,1,1281,4,51735,1100062.0,trans,0.130898125,1281,43687,60460,False
YDR341C,YDR341C; D9651.10,5.544867487,0.137328516,0,8665,13,329923,inf,trans,0.137328516,8665,329611,333904,False
YDR341C,YDR341C; D9651.10,5.388745746,-0.12800626,0,10992,15,1014707,inf,trans,0.12800626,10992,1010191,1018776,False
YDR341C,YDR341C; D9651.10,5.293589991,-0.137463026,1,8126,12,767420,inf,trans,0.137463026,8126,759848,777907,False
YDR341C,YDR341C; D9651.10,4.125248448,0.108397141,0,3037,5,211245,inf,trans,0.108397141,3037,207235,217319,False
YDR341C,YDR341C; D9651.10,4.037351319,0.149099734,1,720,2,630554,inf,trans,0.149099734,720,618987,633859,False
YDR341C,YDR341C; D9651.10,3.995099194,0.113391056,0,11338,16,191290,inf,trans,0.113391056,11338,179596,198072,False
YDR341C,YDR341C; D9651.10,3.930733535,-0.107888235,0,1966,4,664414,487383.0,trans,0.107888235,1966,657631,677658,False
YDR023W,SES1; SERS,7.006308731,0.535629822,0,9734,14,600908,inf,trans,0.535629822,9734,600908,600937,False
YDR023W,SES1; SERS,5.532672822,-0.140194917,0,9455,14,278085,inf,trans,0.140194917,9455,267696,288822,False
YIL078W,THS1,13.22448963,-0.252568715,0,10198,15,181071,inf,trans,0.252568715,10198,168199,185951,False
YIL078W,THS1,9.191177826,1.027591766,0,7686,12,265316,inf,trans,1.027591766,7686,265316,265316,False
YIL078W,THS1,8.719865102,-0.176698157,0,5573,9,114834,97662.0,trans,0.176698157,5573,103774,136619,False
YIL078W,THS1,8.200033097,0.711199712,0,7873,12,460678,inf,trans,0.711199712,7873,460678,460678,False
YIL078W,THS1,6.993948692,-0.156858084,0,11699,16,586993,inf,trans,0.156858084,11699,572464,593213,False
YIL078W,THS1,6.636588144,-0.278955974,1,6191,10,337630,inf,trans,0.278955974,6191,332075,347536,False
YIL078W,THS1,6.428579764,0.157823942,0,8666,13,331270,inf,trans,0.157823942,8666,329611,333904,False
YIL078W,THS1,6.111236636,0.160853824,1,1189,3,286440,inf,trans,0.160853824,1189,273446,297295,False
YIL078W,THS1,5.322883867,-0.133248122,0,10992,15,1014707,inf,trans,0.133248122,10992,1010191,1018776,False
YIL078W,THS1,4.943375635,-0.127932631,0,3162,5,317740,inf,trans,0.127932631,3162,312612,321654,False
YIL078W,THS1,4.687718693,0.191204297,0,688,2,583485,inf,trans,0.191204297,688,583485,583485,False
YIL078W,THS1,4.411134641,0.155342527,0,8457,13,55098,inf,trans,0.155342527,8457,55098,65881,False
YIL078W,THS1,4.356778332,0.119761612,0,11343,16,197237,inf,trans,0.119761612,11343,187861,210158,False
YIL078W,THS1,4.265139519,-0.120026611,0,435,2,296073,inf,trans,0.120026611,435,294941,301710,False
YIL078W,THS1,4.137248246,-0.123118666,0,1161,3,257462,inf,trans,0.123118666,1161,251255,261281,False
YIL078W,THS1,3.98044128,0.209783653,1,6188,10,334716,inf,trans,0.209783653,6188,327857,340762,False
YIL078W,THS1,3.945273454,0.114881491,0,4199,7,408928,inf,trans,0.114881491,4199,397324,418899,False
YGR094W,VAS1,25.28233646,-0.338114796,1,10198,15,181071,inf,trans,0.338114796,10198,168199,185951,False
YGR094W,VAS1,8.768866334,-0.165663142,0,10992,15,1014707,inf,trans,0.165663142,10992,1010191,1018776,False
YGR094W,VAS1,7.97318869,-0.156572757,0,5581,9,125289,inf,trans,0.156572757,5581,103774,139442,False
YGR094W,VAS1,7.300926752,-0.15096389,0,11683,16,575622,inf,trans,0.15096389,11683,554350,590624,False
YGR094W,VAS1,6.656597825,0.141262122,0,1287,4,56089,inf,trans,0.141262122,1287,48267,62324,False
YGR094W,VAS1,5.861646434,0.173336588,0,8470,13,68113,inf,trans,0.173336588,8470,56990,75198,False
YGR094W,VAS1,5.364557367,0.132282024,0,8670,13,333904,inf,trans,0.132282024,8670,329611,338431,False
YGR094W,VAS1,5.004265563,-0.121805015,0,7853,12,442034,inf,trans,0.121805015,7853,425418,443164,False
YGR094W,VAS1,4.731611214,-0.118619391,0,8303,12,961463,inf,trans,0.118619391,8303,956127,976001,False
YGR094W,VAS1,4.669708738,0.12390854,0,1189,3,286440,inf,trans,0.12390854,1189,273446,297295,False
YOL097C,WRS1,7.337588105,-0.182585401,0,10160,15,149218,11393.0,trans,0.182585401,10160,144887,159655,False
YLR354C,TAL1,32.47295321,0.270798242,0,11684,16,576040,inf,trans,0.270798242,11684,571530,591786,False
YLR354C,TAL1,21.55244618,0.248053492,0,10192,15,172074,inf,trans,0.248053492,10192,165912,184082,False
YLR354C,TAL1,16.09764512,0.182915721,0,1268,4,38160,inf,trans,0.182915721,1268,34142,49675,False
YLR354C,TAL1,13.9924449,-0.169594943,1,8819,13,510968,inf,trans,0.169594943,8819,505070,513217,False
YLR354C,TAL1,11.81551028,-0.154276806,0,7983,12,570923,265426.0,trans,0.154276806,7983,563476,576167,False
YLR354C,TAL1,11.30615827,0.229840167,1,10618,15,656377,inf,trans,0.229840167,10618,649242,660805,False
YLR354C,TAL1,10.34058511,-0.145635037,0,5318,8,455785,inf,trans,0.145635037,5318,445658,461438,False
YLR354C,TAL1,10.26037007,0.164188073,1,8198,12,854833,17477.0,trans,0.164188073,8198,840314,860877,False
YLR354C,TAL1,8.938902843,0.142304915,0,637,2,517869,inf,trans,0.142304915,637,505207,530047,False
YLR354C,TAL1,8.592140968,-0.216277758,1,4223,7,417241,inf,trans,0.216277758,4223,407454,426067,False
YLR354C,TAL1,6.387844881,0.109570902,1,10873,15,894338,inf,trans,0.109570902,10873,894338,894338,False
YLR354C,TAL1,6.127633352,0.107608614,0,1522,4,257828,inf,trans,0.107608614,1522,243657,264432,False
YLR354C,TAL1,6.103673287,0.107446341,0,8110,12,745735,90614.0,trans,0.107446341,8110,732202,754859,False
YLR354C,TAL1,6.084313615,-0.107347161,0,11819,16,716826,inf,trans,0.107347161,11819,709840,726730,False
YLR354C,TAL1,5.600204678,-0.191031808,1,8537,13,111799,inf,trans,0.191031808,8537,111799,111799,False
YLR354C,TAL1,5.34360908,0.101149682,1,1113,3,212095,inf,trans,0.101149682,1113,211348,212095,False
YLR354C,TAL1,4.81459861,-0.118222086,0,7660,12,245256,591093.0,trans,0.118222086,7660,241614,245473,False
YLR354C,TAL1,4.747874898,0.092557019,0,3211,5,401545,inf,trans,0.092557019,3211,396266,407785,False
YLR354C,TAL1,4.396543397,0.193270688,1,8457,13,55098,inf,trans,0.193270688,8457,55098,65881,False
YLR354C,TAL1,4.374139928,0.205173298,1,8458,13,56990,inf,trans,0.205173298,8458,55098,73225,False
YLR354C,TAL1,4.372134694,0.149937041,0,4233,7,424652,inf,trans,0.149937041,4233,411864,427479,False
YLR354C,TAL1,4.309272455,-0.088103558,0,7148,11,381658,inf,trans,0.088103558,7148,372538,385019,False
YLR354C,TAL1,4.27915122,-0.086961204,0,5937,9,402212,inf,trans,0.086961204,5937,399838,412923,False
YLR354C,TAL1,4.220162282,0.086862017,0,11255,16,145806,inf,trans,0.086862017,11255,136628,156560,False
YLR354C,TAL1,4.064209124,0.096954262,1,8217,12,873653,36297.0,trans,0.096954262,8217,873653,873653,False
YLR354C,TAL1,3.951210901,0.083970257,0,7310,11,564538,inf,trans,0.083970257,7310,549137,567885,False
YLR354C,TAL1,3.792210359,-0.082879237,0,6073,10,165521,inf,trans,0.082879237,6073,157487,176664,False
YLR354C,TAL1,3.746426193,0.126877882,0,10624,15,660208,inf,trans,0.126877882,10624,653769,660805,False
YML085C,TUB1,9.261301533,0.184313759,1,3168,5,335406,inf,trans,0.184313759,3168,335406,336687,False
YML085C,TUB1,7.811745444,0.391715842,0,5420,8,554022,inf,trans,0.391715842,5420,554022,554022,False
YML085C,TUB1,7.326982636,-0.555768631,0,7031,11,231612,inf,trans,0.555768631,7031,231612,231612,False
YML124C,TUB3,7.144163994,0.376061112,1,1662,4,382176,inf,trans,0.376061112,1662,375648,390909,False
YML124C,TUB3,6.042680098,-0.189722105,1,1649,4,368457,inf,trans,0.189722105,1649,368078,372110,False
YML124C,TUB3,5.368755512,0.385174128,0,4207,7,412630,inf,trans,0.385174128,4207,412630,412630,False
YML124C,TUB3,5.10463068,-0.246473967,0,3758,6,179345,inf,trans,0.246473967,3758,179345,179345,False
YML124C,TUB3,5.026698566,0.876603672,0,10777,15,785154,inf,trans,0.876603672,10777,785154,785154,False
YFL037W,TUB2,11.20328874,0.259643581,0,10193,15,172102,inf,trans,0.259643581,10193,165912,184082,False
YML072C,TCB3,6.825836007,0.368248126,0,2953,5,104442,inf,trans,0.368248126,2953,102203,106822,False
YML072C,TCB3,4.938040003,-0.207022311,0,2936,5,98040,inf,trans,0.207022311,2936,90716,99489,False
YML072C,TCB3,4.865484179,-0.259899101,0,4948,8,105611,inf,trans,0.259899101,4948,105611,105611,False
YML072C,TCB3,4.822458932,-0.140574324,0,11807,16,700433,inf,trans,0.140574324,11807,695787,705266,False
YDR212W,TCP1; CCT1,7.881200231,-0.182524969,0,1984,4,672752,214477.0,trans,0.182524969,1984,657631,682178,False
YDR212W,TCP1; CCT1,6.948635352,0.165835511,0,7939,12,548452,inf,trans,0.165835511,7939,543141,553802,False
YDR212W,TCP1; CCT1,5.865044274,-0.149694349,0,9801,14,647843,inf,trans,0.149694349,9801,621027,651987,False
YDR212W,TCP1; CCT1,5.102797693,-1.083368757,0,11,1,27561,inf,trans,1.083368757,11,27561,27561,False
YDL143W,CCT4,7.216897985,-0.470720982,0,7031,11,231612,inf,trans,0.470720982,7031,231612,231612,False
YDL143W,CCT4,7.142576399,0.929849535,0,7686,12,265316,inf,trans,0.929849535,7686,265316,265316,False
YDL143W,CCT4,5.80454444,0.613387233,0,7873,12,460678,inf,trans,0.613387233,7873,460678,460678,False
YDL143W,CCT4,5.404227029,-0.142350258,0,11725,16,606419,inf,trans,0.142350258,11725,599525,613369,False
YDL143W,CCT4,5.378685333,0.147594716,0,5260,8,390246,inf,trans,0.147594716,5260,380610,397561,False
YJR064W,CCT5; TCP5,7.481573586,-0.34271069,0,2737,4,1513956,inf,trans,0.34271069,2737,1513956,1513956,False
YJR064W,CCT5; TCP5,6.684075952,0.476136769,0,4823,7,1048541,inf,trans,0.476136769,4823,1048541,1048541,False
YJR064W,CCT5; TCP5,5.675160818,0.144947887,1,9433,14,237449,inf,trans,0.144947887,9433,223967,244751,False
YJR064W,CCT5; TCP5,5.130750835,0.307630585,0,5254,8,389023,inf,trans,0.307630585,5254,389023,389023,False
YJR064W,CCT5; TCP5,4.896155714,-0.248554841,0,5040,8,173184,inf,trans,0.248554841,5040,173184,173184,False
YJR064W,CCT5; TCP5,4.884152841,0.129721733,0,7942,12,549297,inf,trans,0.129721733,7942,543141,553802,False
YJR064W,CCT5; TCP5,4.876856575,0.129983566,0,1081,3,189052,inf,trans,0.129983566,1081,168031,198615,False
YJL014W,CCT3,10.053623,-0.229844684,0,10198,15,181071,inf,trans,0.229844684,10198,168199,185951,False
YJL014W,CCT3,5.780389752,-0.354308153,0,8525,13,99287,inf,trans,0.354308153,8525,99287,99287,False
YJL111W,CCT7,6.847657754,0.336942158,0,11278,16,164219,inf,trans,0.336942158,11278,163733,164219,False
YJL008C,CCT8,8.448313168,0.727023707,0,11524,16,359487,inf,trans,0.727023707,11524,359487,359487,False
YJL008C,CCT8,7.741069517,-0.341493826,1,6201,10,359824,60127.0,trans,0.341493826,6201,359824,359824,False
YJL008C,CCT8,6.604089505,-0.171893176,0,10171,15,158776,inf,trans,0.171893176,10171,149218,160644,False
YJL008C,CCT8,5.593870378,0.1495289,1,10125,15,126797,inf,trans,0.1495289,10125,109676,136895,False
YJL008C,CCT8,5.093698795,-0.13114589,0,10827,15,834594,inf,trans,0.13114589,10827,829621,834594,False
YJL008C,CCT8,4.663382133,-0.127342516,0,6413,10,602670,181013.0,trans,0.127342516,6413,590619,619631,False
YJL008C,CCT8,4.530703931,0.122064452,1,6131,10,257035,162916.0,trans,0.122064452,6131,248024,271477,False
YKL056C,TMA19; MMI1,8.247141578,0.604057632,0,5430,8,556173,inf,trans,0.604057632,5430,556173,556173,False
YHR009C,TDA3; BTN3,9.051334867,0.381799054,1,5580,9,122617,inf,trans,0.381799054,5580,103774,138792,False
YGL043W,DST1; PPR2,11.42540099,-0.229411101,0,4232,7,424620,6204.0,trans,0.229411101,4232,409847,427479,False
YER086W,ILV1,11.79028055,-0.246323293,0,10198,15,181071,inf,trans,0.246323293,10198,168199,185951,False
YER086W,ILV1,7.168313996,0.811233423,0,9656,14,554932,inf,trans,0.811233423,9656,554932,554932,False
YER086W,ILV1,7.027871951,-0.390350892,0,8525,13,99287,inf,trans,0.390350892,8525,99287,99287,False
YER086W,ILV1,6.720548999,-0.158024574,1,3167,5,328525,0.0,cis,0.158024574,3167,324331,328525,True
YER086W,ILV1,5.142092785,-0.136246042,0,11553,16,404629,inf,trans,0.136246042,11553,382997,423193,False
YOL055C,THI20,5.404546999,-0.213733279,0,917,3,7958,inf,trans,0.213733279,917,6078,21337,False
YOL055C,THI20,5.398925483,0.220624651,1,982,3,79867,inf,trans,0.220624651,982,79867,92716,False
YOR143C,THI80,5.959673583,0.332060886,0,5426,8,554202,inf,trans,0.332060886,5426,554202,554202,False
YOR143C,THI80,5.568893996,-0.219586814,1,2250,4,930964,inf,trans,0.219586814,2250,930964,930964,False
YOR143C,THI80,5.301788499,-0.439812499,0,7031,11,231612,inf,trans,0.439812499,7031,231612,231612,False
YPL028W,ERG10,9.920123943,0.191440376,0,5613,9,139266,inf,trans,0.191440376,5613,125289,144955,False
YPL028W,ERG10,8.524842267,-0.331137327,0,3384,5,561678,inf,trans,0.331137327,3384,554104,563347,False
YPL028W,ERG10,8.281544641,-0.937438412,0,7686,12,265316,inf,trans,0.937438412,7686,265316,265316,False
YPL028W,ERG10,7.903653126,0.325550312,1,4162,7,367665,inf,trans,0.325550312,4162,355322,379511,False
YPL028W,ERG10,7.845847743,-0.221584659,0,8463,13,61764,inf,trans,0.221584659,8463,55098,75198,False
YPL028W,ERG10,6.850686572,0.148430389,0,6892,11,116979,inf,trans,0.148430389,6892,102671,125700,False
YPL028W,ERG10,6.030742252,0.138925528,0,7843,12,439038,inf,trans,0.138925528,7843,425418,443164,False
YPL028W,ERG10,5.875275219,-0.584590595,0,7873,12,460678,inf,trans,0.584590595,7873,460678,460678,False
YPL028W,ERG10,4.929005904,-0.260004798,1,4158,7,365007,inf,trans,0.260004798,4158,355322,376215,False
YPL028W,ERG10,4.920229477,-0.280741878,0,9265,14,6946,inf,trans,0.280741878,9265,6941,6946,False
YPL028W,ERG10,4.896429816,0.141443008,0,10198,15,181071,inf,trans,0.141443008,10198,168199,185951,False
YPL028W,ERG10,4.853604548,0.274882324,0,8986,13,667202,inf,trans,0.274882324,8986,667202,667202,False
YPL028W,ERG10,4.471098581,-0.117190556,0,10743,15,762665,inf,trans,0.117190556,10743,757677,768052,False
YPL028W,ERG10,4.40235462,0.170046529,1,11048,15,1077950,inf,trans,0.170046529,11048,1077950,1077950,False
YPL028W,ERG10,4.337516263,0.114447481,1,2483,4,1256509,inf,trans,0.114447481,2483,1248530,1264269,False
YPL028W,ERG10,4.20530297,-0.119362992,0,8670,13,333904,inf,trans,0.119362992,8670,329611,338431,False
YPL028W,ERG10,4.16299962,-0.207924293,0,8086,12,718114,inf,trans,0.207924293,8086,718114,718114,False
YPL028W,ERG10,4.162865528,-0.113186223,0,1187,3,285659,inf,trans,0.113186223,1187,267625,297295,False
YPL028W,ERG10,4.02061929,0.11039245,0,7978,12,569926,inf,trans,0.11039245,7978,563476,576167,False
YER063W,THO1,6.45266748,0.336108692,0,896,3,757,inf,trans,0.336108692,896,757,757,False
YER063W,THO1,6.392693138,0.669527001,1,10115,15,111081,inf,trans,0.669527001,10115,111081,111081,False
YCR053W,THR4,13.28370302,-0.235251229,0,10198,15,181071,inf,trans,0.235251229,10198,168199,185951,False
YCR053W,THR4,11.06608308,-0.381522411,0,1784,4,520430,inf,trans,0.381522411,1784,520430,520430,False
YCR053W,THR4,8.940928876,0.359501969,0,896,3,757,215936.0,trans,0.359501969,896,757,757,False
YCR053W,THR4,8.742025103,-0.243202448,0,7854,12,442615,inf,trans,0.243202448,7854,425418,443164,False
YCR053W,THR4,8.123636894,-0.155376877,0,11589,16,463745,inf,trans,0.155376877,11589,458134,470812,False
YCR053W,THR4,7.749887312,0.322011786,0,5420,8,554022,inf,trans,0.322011786,5420,554022,554022,False
YCR053W,THR4,7.199565103,-0.149309833,0,5597,9,136134,inf,trans,0.149309833,5597,114834,144955,False
YCR053W,THR4,6.655315962,-0.268982772,0,11690,16,579913,inf,trans,0.268982772,11690,571530,591786,False
YCR053W,THR4,5.730356415,0.463175021,0,378,2,197598,inf,trans,0.463175021,378,197598,197598,False
YCR053W,THR4,5.479502256,0.322544339,0,1210,3,292662,74425.0,trans,0.322544339,1210,292662,292662,False
YCR053W,THR4,5.425178694,0.128664745,0,1762,4,481074,inf,trans,0.128664745,1762,450801,504419,False
YCR053W,THR4,5.200499614,0.179482026,1,7835,12,425418,inf,trans,0.179482026,7835,420304,443164,False
YCR053W,THR4,4.749395343,-0.118574106,0,1913,4,593676,inf,trans,0.118574106,1913,588662,598800,False
YCR053W,THR4,4.427019399,-0.114397449,0,10991,15,1012745,inf,trans,0.114397449,10991,1010191,1018776,False
YCR053W,THR4,4.235391389,0.108181092,0,3817,6,245636,inf,trans,0.108181092,3817,240423,252271,False
YCR053W,THR4,4.131931876,-0.144687693,0,1139,3,242447,24210.0,trans,0.144687693,1139,242447,242447,False
YCR053W,THR4,4.045459099,-0.104980128,0,6893,11,118012,inf,trans,0.104980128,6893,102671,125700,False
YOR251C,TUM1,6.56886732,0.562244542,0,10260,15,237009,565542.0,trans,0.562244542,10260,237009,237009,False
YOR251C,TUM1,5.78237857,0.846159207,0,4215,7,414263,inf,trans,0.846159207,4215,414263,414263,False
YOR251C,TUM1,5.442055053,-0.150017909,1,10827,15,834594,31129.0,trans,0.150017909,10827,829621,834594,False
YOR251C,TUM1,5.249120951,-0.425210846,1,7031,11,231612,inf,trans,0.425210846,7031,231612,231612,False
YHR005C-A,TIM10; MRS11,11.89846319,0.214358436,0,11677,16,571530,inf,trans,0.214358436,11677,544393,587778,False
YHR005C-A,TIM10; MRS11,9.15176897,0.182611529,1,5615,9,142542,inf,trans,0.182611529,5615,131829,155581,False
YHR005C-A,TIM10; MRS11,7.431993676,0.186903016,0,10191,15,171671,inf,trans,0.186903016,10191,165912,184082,False
YHR005C-A,TIM10; MRS11,7.428111993,0.366394754,0,896,3,757,inf,trans,0.366394754,896,757,757,False
YHR005C-A,TIM10; MRS11,5.311049649,0.140089087,0,8312,12,974945,inf,trans,0.140089087,8312,963579,987293,False
YHR005C-A,TIM10; MRS11,4.568302726,-0.122900985,0,3096,5,246143,inf,trans,0.122900985,3096,234669,254385,False
YHR005C-A,TIM10; MRS11,4.555847368,-0.171085491,0,8458,13,56990,inf,trans,0.171085491,8458,55098,73225,False
YHR005C-A,TIM10; MRS11,4.546778882,0.251084502,0,1094,3,201026,inf,trans,0.251084502,1094,198615,201026,False
YHR005C-A,TIM10; MRS11,4.414017905,-0.360882693,0,2351,4,1057929,inf,trans,0.360882693,2351,1057929,1057929,False
YHR005C-A,TIM10; MRS11,4.227989285,0.118792669,0,7852,12,441706,inf,trans,0.118792669,7852,425418,443164,False
YGR181W,TIM13,25.79907226,0.328404997,0,10191,15,171671,inf,trans,0.328404997,10191,165912,184082,False
YGR181W,TIM13,14.18567483,0.207159843,1,5610,9,138636,inf,trans,0.207159843,5610,125289,144955,False
YGR181W,TIM13,7.412193989,-0.151908991,1,8670,13,333904,inf,trans,0.151908991,8670,329611,338431,False
YGR181W,TIM13,7.349255664,0.145144958,0,8104,12,737369,inf,trans,0.145144958,8104,727931,754859,False
YGR181W,TIM13,5.951630765,-0.130672966,1,3014,5,178044,inf,trans,0.130672966,3014,164144,187642,False
YGR181W,TIM13,5.938018093,-0.127074934,0,1185,3,284743,inf,trans,0.127074934,1185,267625,297295,False
YGR181W,TIM13,5.63839885,0.337459391,0,6222,10,386341,inf,trans,0.337459391,6222,386341,386341,False
YGR181W,TIM13,5.567361801,0.212224814,1,8366,12,1019116,inf,trans,0.212224814,8366,1019116,1019116,False
YGR181W,TIM13,5.252470437,-0.296220682,0,8525,13,99287,inf,trans,0.296220682,8525,99287,99287,False
YGR181W,TIM13,5.181565464,-0.315560509,0,4825,7,1048545,189936.0,trans,0.315560509,4825,1048545,1048545,False
YGR181W,TIM13,5.128603119,0.119159114,0,11677,16,571530,inf,trans,0.119159114,11677,544393,587778,False
YGR181W,TIM13,4.7415395,-0.115477752,0,4608,7,853535,4757.0,trans,0.115477752,4608,850794,870220,False
YGR181W,TIM13,4.678582679,0.163994668,1,11048,15,1077950,inf,trans,0.163994668,11048,1077950,1077950,False
YGR181W,TIM13,4.599195505,0.126703963,0,8304,12,963499,inf,trans,0.126703963,8304,956153,971945,False
YGR181W,TIM13,4.343629913,0.261084277,0,7871,12,460676,inf,trans,0.261084277,7871,460676,460676,False
YGR181W,TIM13,4.299629978,0.66806907,0,10777,15,785154,inf,trans,0.66806907,10777,785154,785154,False
YGR181W,TIM13,4.295257075,-0.147562692,0,8458,13,56990,inf,trans,0.147562692,8458,55098,73225,False
YGR181W,TIM13,4.175695765,0.104345342,0,6198,10,347536,inf,trans,0.104345342,6198,336613,349573,False
YIL022W,TIM44,7.571442336,0.344674434,1,10191,15,171671,inf,trans,0.344674434,10191,165912,184082,False
YIL022W,TIM44,6.618164528,-0.493711118,1,1306,4,72324,inf,trans,0.493711118,1306,65329,85322,False
YIL022W,TIM44,5.785658756,-0.428775723,0,7031,11,231612,inf,trans,0.428775723,7031,231612,231612,False
YIL022W,TIM44,5.211430828,0.876717932,0,10777,15,785154,inf,trans,0.876717932,10777,785154,785154,False
YIL022W,TIM44,4.898987568,0.135859849,0,5608,9,137267,173896.0,trans,0.135859849,5608,122617,144955,False
YIL022W,TIM44,4.764043134,-0.263820768,1,10197,15,180978,inf,trans,0.263820768,10197,168199,185951,False
YIL022W,TIM44,4.498542922,-0.214026726,0,1004,3,92716,inf,trans,0.214026726,1004,79867,95493,False
YIL022W,TIM44,4.484096719,0.381236917,0,10984,15,1004274,inf,trans,0.381236917,10984,1004274,1004274,False
YEL020W-A,TIM9,8.530375869,0.169753854,0,5611,9,138792,inf,trans,0.169753854,5611,122617,144955,False
YEL020W-A,TIM9,7.862575834,0.185682715,0,10191,15,171671,inf,trans,0.185682715,10191,165912,184082,False
YEL020W-A,TIM9,7.513766664,0.160904929,0,11678,16,572250,inf,trans,0.160904929,11678,546787,587778,False
YEL020W-A,TIM9,7.081217014,-0.409275124,0,4825,7,1048545,inf,trans,0.409275124,4825,1048545,1048545,False
YEL020W-A,TIM9,5.628484053,0.230793396,0,12043,17,50506,inf,trans,0.230793396,12043,50506,50506,False
YEL020W-A,TIM9,5.609065983,-0.173979029,0,8457,13,55098,inf,trans,0.173979029,8457,55098,65881,False
YEL020W-A,TIM9,5.377833968,0.130482993,0,5170,8,324043,inf,trans,0.130482993,5170,298467,327592,False
YEL020W-A,TIM9,5.049003604,-0.373263304,0,995,3,84803,inf,trans,0.373263304,995,84802,84803,False
YEL020W-A,TIM9,4.747823141,0.121271316,0,6076,10,173737,inf,trans,0.121271316,6076,163124,185241,False
YEL020W-A,TIM9,4.666911663,0.379833746,0,4248,7,433855,inf,trans,0.379833746,4248,433855,433855,False
YEL020W-A,TIM9,4.540178021,0.11901379,1,7975,12,568017,inf,trans,0.11901379,7975,568017,568017,False
YEL020W-A,TIM9,4.378892604,-0.122451721,1,8670,13,333904,inf,trans,0.122451721,8670,329611,338431,False
YEL020W-A,TIM9,4.317653953,-0.117000649,0,3717,6,106653,inf,trans,0.117000649,3717,101306,111711,False
YEL020W-A,TIM9,4.190358621,-0.230398775,0,12044,17,50757,inf,trans,0.230398775,12044,50757,50757,False
YEL020W-A,TIM9,4.113724029,0.407416258,0,3819,6,245962,inf,trans,0.407416258,3819,245962,245962,False
YPR074C,TKL1,18.54851301,0.257070398,1,11805,16,698663,3828.0,trans,0.257070398,11805,693600,705266,False
YPR074C,TKL1,18.11102423,-0.349810299,1,8458,13,56990,inf,trans,0.349810299,8458,55098,73225,False
YPR074C,TKL1,9.174602922,-0.173565163,0,5323,8,459723,inf,trans,0.173565163,5323,449957,461438,False
YPR074C,TKL1,7.955148419,0.162937013,0,8200,12,860244,inf,trans,0.162937013,8200,843963,867397,False
YPR074C,TKL1,7.171604824,0.153194071,1,431,2,286762,inf,trans,0.153194071,431,274614,288379,False
YPR074C,TKL1,6.212123456,-0.854154363,0,7686,12,265316,inf,trans,0.854154363,7686,265316,265316,False
YPR074C,TKL1,5.850916142,-0.492596395,0,10260,15,237009,inf,trans,0.492596395,10260,237009,237009,False
YPR074C,TKL1,5.572654348,0.140709387,0,15,1,27825,inf,trans,0.140709387,15,27816,31435,False
YPR074C,TKL1,5.017468417,0.218739209,0,8467,13,65927,inf,trans,0.218739209,8467,65927,65927,False
YPR074C,TKL1,4.549756993,0.117250534,0,6078,10,175030,inf,trans,0.117250534,6078,163124,189445,False
YBR117C,TKL2,19.88070022,0.269947003,1,11689,16,579790,inf,trans,0.269947003,11689,554350,591786,False
YBR117C,TKL2,18.67619275,0.292384812,1,10195,15,179652,inf,trans,0.292384812,10195,165912,185951,False
YBR117C,TKL2,8.234378308,-0.460437093,1,6428,10,615292,inf,trans,0.460437093,6428,602670,629030,False
YBR117C,TKL2,7.886942184,-0.165456322,0,600,2,477272,841.0,cis,0.165456322,600,470145,486033,True
YBR117C,TKL2,7.257501067,0.160962337,0,4369,7,594413,inf,trans,0.160962337,4369,585680,607810,False
YBR117C,TKL2,6.548553329,0.160222628,0,5795,9,273029,inf,trans,0.160222628,5795,270121,276759,False
YBR117C,TKL2,6.49738873,0.157293623,0,642,2,523217,46786.0,trans,0.157293623,642,505207,530047,False
YBR117C,TKL2,6.411875602,0.277219541,0,6430,10,618031,inf,trans,0.277219541,6430,607274,622018,False
YBR117C,TKL2,6.186733311,-0.52534311,0,9848,14,704486,inf,trans,0.52534311,9848,704486,704486,False
YBR117C,TKL2,5.272142186,-0.327213117,0,1210,3,292662,inf,trans,0.327213117,1210,292662,292662,False
YBR117C,TKL2,4.99404236,0.198886527,0,1170,3,260010,inf,trans,0.198886527,1170,260010,260010,False
YBR117C,TKL2,4.824022745,0.917440868,1,12022,17,10781,inf,trans,0.917440868,12022,10781,10781,False
YBR117C,TKL2,4.737101891,0.119461173,0,6198,10,347536,inf,trans,0.119461173,6198,336613,349573,False
YBR117C,TKL2,4.482907216,-0.145107198,1,4612,7,856430,inf,trans,0.145107198,4612,856430,856430,False
YBR117C,TKL2,4.336474465,-0.115550507,0,8817,13,510249,inf,trans,0.115550507,8817,503363,513217,False
YDL110C,TMA17,13.38861189,0.256549196,1,10191,15,171671,inf,trans,0.256549196,10191,165912,184082,False
YDL110C,TMA17,10.10492101,0.264501945,0,11685,16,576347,inf,trans,0.264501945,11685,564355,591786,False
YDL110C,TMA17,5.826965697,0.288724504,0,4460,7,659973,inf,trans,0.288724504,4460,656911,660725,False
YDL110C,TMA17,5.01438806,-0.258299414,0,1784,4,520430,255466.0,trans,0.258299414,1784,520430,520430,False
YER007C-A,TMA20,8.923685356,0.48698279,0,261,2,84412,inf,trans,0.48698279,261,84412,84412,False
YER007C-A,TMA20,6.148458021,-0.154668487,0,2475,4,1242195,inf,trans,0.154668487,2475,1237546,1248695,False
YER007C-A,TMA20,5.459534485,0.144441524,0,7384,11,629511,inf,trans,0.144441524,7384,618029,632234,False
YOR091W,TMA46; DFRP1,8.093512174,-0.236426974,1,3169,5,335771,inf,trans,0.236426974,3169,335406,336687,False
YLR262C-A,TMA7,6.782934936,-0.169471519,0,8874,13,549287,inf,trans,0.169471519,8874,539260,556725,False
YGR082W,TOM20,6.972894849,-0.399277968,0,6962,11,171646,inf,trans,0.399277968,6962,154565,182151,False
YGR082W,TOM20,6.64190494,0.896366675,0,7686,12,265316,inf,trans,0.896366675,7686,265316,265316,False
YGR082W,TOM20,6.369379071,0.963268802,0,10777,15,785154,inf,trans,0.963268802,10777,785154,785154,False
YGR082W,TOM20,5.159648514,-0.363723762,1,4825,7,1048545,403946.0,trans,0.363723762,4825,1048545,1048545,False
YNL131W,TOM22,10.09138563,0.230651426,0,10191,15,171671,inf,trans,0.230651426,10191,165912,184082,False
YNL131W,TOM22,9.037079251,0.496800002,1,2057,4,747529,inf,trans,0.496800002,2057,747523,747529,False
YNL131W,TOM22,7.800485867,0.178673148,1,11677,16,571530,inf,trans,0.178673148,11677,544393,587778,False
YMR203W,TOM40,5.948184067,-0.455470903,0,7031,11,231612,inf,trans,0.455470903,7031,231612,231612,False
YMR203W,TOM40,5.365234955,-0.149256376,0,6005,10,61391,inf,trans,0.149256376,6005,61391,68934,False
YER049W,TPA1,13.503296,-0.253965736,0,3107,5,253670,9.0,cis,0.253965736,3107,243584,262671,True
YDR050C,TPI1,7.135640827,-0.182892898,0,10181,15,168199,inf,trans,0.182892898,10181,165912,181071,False
YDR050C,TPI1,5.272884249,0.269807852,0,6228,10,388260,inf,trans,0.269807852,6228,388260,388260,False
YDR050C,TPI1,4.676689049,0.128484869,0,4110,7,323123,inf,trans,0.128484869,4110,315634,335709,False
YDR050C,TPI1,4.672477762,0.128591522,0,70,1,87445,inf,trans,0.128591522,70,83284,93789,False
YDR050C,TPI1,4.568475728,0.12610632,0,7125,11,356064,inf,trans,0.12610632,7125,348254,363809,False
YNL079C,TPM1,7.330262505,-0.479838727,0,11345,16,197765,inf,trans,0.479838727,11345,197765,197765,False
YNL079C,TPM1,7.077155729,-0.342161239,0,4784,7,1011080,inf,trans,0.342161239,4784,1011080,1011080,False
YNL079C,TPM1,7.034678746,0.474603402,0,7031,11,231612,inf,trans,0.474603402,7031,231612,231612,False
YNL079C,TPM1,5.571298153,0.1368663,0,9247,13,910745,inf,trans,0.1368663,9247,899239,914897,False
YNL079C,TPM1,4.978899487,1.136740539,0,8368,12,1019132,inf,trans,1.136740539,8368,1019132,1019132,False
YIL138C,TPM2,6.143086667,0.176064021,0,10188,15,170682,inf,trans,0.176064021,10188,165912,184082,False
YIL138C,TPM2,5.144458875,0.504528253,0,10088,15,70222,inf,trans,0.504528253,10088,70222,70222,False
YBR126C,,38.97465244,0.404243563,1,10191,15,171671,inf,trans,0.404243563,10191,165912,184082,False
YBR126C,,23.56571055,0.274133244,0,11685,16,576347,inf,trans,0.274133244,11685,564355,591786,False
YBR126C,,8.703965321,0.166756566,0,642,2,523217,32831.0,trans,0.166756566,642,505207,530047,False
YBR126C,,7.770092881,-0.300838868,0,2568,4,1354715,inf,trans,0.300838868,2568,1352371,1354715,False
YBR126C,,6.053141481,0.128878747,0,3673,6,73433,inf,trans,0.128878747,3673,62743,75397,False
YBR126C,,5.818278983,0.12820091,1,4387,7,609851,inf,trans,0.12820091,4387,605966,609851,False
YBR126C,,5.159672455,-0.114980537,1,5324,8,460316,inf,trans,0.114980537,5324,449957,461438,False
YBR126C,,4.949389141,-0.156834902,1,8458,13,56990,inf,trans,0.156834902,8458,55098,73225,False
YBR126C,,4.727443146,-0.125583535,0,6275,10,417543,inf,trans,0.125583535,6275,413692,448026,False
YDR074W,TPS2; PFK3,58.74757799,0.494144615,1,10191,15,171671,inf,trans,0.494144615,10191,165912,184082,False
YDR074W,TPS2; PFK3,40.52802808,0.351513923,1,11680,16,572345,inf,trans,0.351513923,11680,572345,572345,False
YDR074W,TPS2; PFK3,15.56389952,0.223402885,1,642,2,523217,inf,trans,0.223402885,642,505207,530047,False
YDR074W,TPS2; PFK3,7.489883806,0.140118336,1,8108,12,740250,inf,trans,0.140118336,8108,732202,754859,False
YDR074W,TPS2; PFK3,6.654754919,0.133044439,0,4382,7,605966,inf,trans,0.133044439,4382,592970,609851,False
YDR074W,TPS2; PFK3,6.10610676,-0.12367421,0,3984,7,140416,inf,trans,0.12367421,3984,128719,142935,False
YDR074W,TPS2; PFK3,5.956553332,-0.166557848,1,8458,13,56990,inf,trans,0.166557848,8458,55098,73225,False
YDR074W,TPS2; PFK3,5.7003418,0.116942573,0,5611,9,138792,inf,trans,0.116942573,5611,122617,144955,False
YDR074W,TPS2; PFK3,5.477031354,0.115369513,0,8298,12,956127,inf,trans,0.115369513,8298,954167,971945,False
YDR074W,TPS2; PFK3,5.470610765,0.22709547,0,9117,13,774724,inf,trans,0.22709547,9117,774724,774724,False
YDR074W,TPS2; PFK3,5.195905858,-0.111912839,0,2557,4,1345539,748959.0,trans,0.111912839,2557,1337043,1367398,False
YDR074W,TPS2; PFK3,4.875786624,-0.12296472,0,6275,10,417543,inf,trans,0.12296472,6275,413692,448026,False
YDR074W,TPS2; PFK3,4.195661294,0.098896466,0,11256,16,145918,inf,trans,0.098896466,11256,136628,156560,False
YDR074W,TPS2; PFK3,4.163725814,0.098412859,0,8725,13,397928,inf,trans,0.098412859,8725,389323,406726,False
YDR074W,TPS2; PFK3,4.023759675,0.097551971,0,3667,6,66460,inf,trans,0.097551971,3667,62743,74406,False
YNR046W,TRM112,6.081312636,0.406570821,0,261,2,84412,inf,trans,0.406570821,261,84412,84412,False
YNR046W,TRM112,5.854183543,0.868873868,0,11539,16,383323,inf,trans,0.868873868,11539,383323,383323,False
YDR001C,NTH1; NTH,7.434991618,0.184079106,0,10185,15,169414,inf,trans,0.184079106,10185,165912,181071,False
YDR165W,TRM82,9.501155256,-0.233294785,1,10198,15,181071,inf,trans,0.233294785,10198,168199,185951,False
YDR165W,TRM82,6.918304108,0.450220476,0,4207,7,412630,inf,trans,0.450220476,4207,412630,412630,False
YGL026C,TRP5,11.15680388,-0.228689082,0,10188,15,170682,inf,trans,0.228689082,10188,165912,184082,False
YGL026C,TRP5,10.40284452,-0.202373874,0,5612,9,139216,inf,trans,0.202373874,5612,125289,144955,False
YGL026C,TRP5,8.182471018,-0.364253505,0,835,2,773703,inf,trans,0.364253505,835,773703,773703,False
YGL026C,TRP5,7.843467368,-0.171600022,0,7874,12,490980,inf,trans,0.171600022,7874,448368,505016,False
YGL026C,TRP5,6.598484894,-0.298055289,1,6083,10,179618,inf,trans,0.298055289,6083,164844,189445,False
YGL026C,TRP5,5.353481607,-0.142939484,0,634,2,510017,inf,trans,0.142939484,634,498324,524731,False
YGL026C,TRP5,5.087307437,0.169321387,0,8457,13,55098,inf,trans,0.169321387,8457,55098,65881,False
YGL026C,TRP5,5.059814087,-0.130661534,0,1159,3,256593,inf,trans,0.130661534,1159,251255,261281,False
YGL026C,TRP5,4.932124318,-0.159063654,0,2980,5,131540,inf,trans,0.159063654,2980,124644,155745,False
YGL026C,TRP5,4.767535736,0.13421351,0,11832,16,731793,inf,trans,0.13421351,11832,720559,740758,False
YGL026C,TRP5,4.632879474,0.123175977,0,3864,7,5119,441298.0,trans,0.123175977,3864,595,20451,False
YGL026C,TRP5,4.612407739,0.524514334,0,7873,12,460678,inf,trans,0.524514334,7873,460678,460678,False
YGL026C,TRP5,4.393971993,-0.126603352,0,7984,12,572030,inf,trans,0.126603352,7984,567889,576167,False
YGL026C,TRP5,4.38750557,-0.122669089,0,8096,12,724833,inf,trans,0.122669089,8096,712324,728585,False
YER090W,TRP2,5.948446392,-0.177686792,0,10198,15,181071,inf,trans,0.177686792,10198,168199,185951,False
YER090W,TRP2,5.755352932,0.454972109,1,7539,12,130108,inf,trans,0.454972109,7539,126688,144481,False
YER090W,TRP2,5.629649485,0.297042586,0,1784,4,520430,inf,trans,0.297042586,1784,520430,520430,False
YER090W,TRP2,5.034866349,-0.34003627,0,11680,16,572345,inf,trans,0.34003627,11680,572345,572345,False
YER090W,TRP2,4.897041632,-0.149794579,0,639,2,518133,inf,trans,0.149794579,639,505207,530047,False
YKL211C,TRP3,9.329722511,0.295415618,0,11847,16,745885,inf,trans,0.295415618,11847,730557,757660,False
YKL211C,TRP3,5.493650097,-0.17006487,0,10196,15,180876,inf,trans,0.17006487,10196,168199,185951,False
YKL211C,TRP3,5.398736944,0.150565098,0,4259,7,436063,inf,trans,0.150565098,4259,428717,438823,False
YKL211C,TRP3,5.183109426,-0.417977866,0,9688,14,572330,inf,trans,0.417977866,9688,572330,572330,False
YKL211C,TRP3,4.948601477,-0.140700147,1,1140,3,242578,inf,trans,0.140700147,1140,238714,248454,False
YLR043C,TRX1; TRX2,6.844022237,0.184657023,0,8448,13,43972,inf,trans,0.184657023,8448,43096,46758,False
YLR043C,TRX1; TRX2,6.768926843,0.823508883,0,3121,5,266246,inf,trans,0.823508883,3121,266246,266246,False
YLR043C,TRX1; TRX2,6.505723052,0.223029483,0,6377,10,557799,inf,trans,0.223029483,6377,547222,557799,False
YLR043C,TRX1; TRX2,6.377259615,0.177202492,1,11751,16,631047,inf,trans,0.177202492,11751,622910,638486,False
YLR043C,TRX1; TRX2,5.596469069,-0.158690575,0,8425,13,14024,inf,trans,0.158690575,8425,11305,14024,False
YLR043C,TRX1; TRX2,5.24509594,-0.132012461,0,6964,11,173020,inf,trans,0.132012461,6964,167261,186085,False
YLR043C,TRX1; TRX2,5.22982031,-0.14043791,0,7634,12,224908,6795.0,trans,0.14043791,7634,210685,230601,False
YLR043C,TRX1; TRX2,5.158335353,0.132528657,0,10882,15,906721,inf,trans,0.132528657,10882,887134,912729,False
YLR043C,TRX1; TRX2,5.098533422,0.129487838,0,1096,3,204854,inf,trans,0.129487838,1096,195779,204903,False
YLR043C,TRX1; TRX2,5.094473541,-0.402095331,1,505,2,369788,inf,trans,0.402095331,505,369788,369788,False
YLR043C,TRX1; TRX2,5.061135904,0.812523249,0,10777,15,785154,inf,trans,0.812523249,10777,785154,785154,False
YLR043C,TRX1; TRX2,4.469231646,0.373812987,0,5430,8,556173,inf,trans,0.373812987,5430,556173,556173,False
YLR043C,TRX1; TRX2,4.357470807,-0.172677235,0,8009,12,605674,373660.0,trans,0.172677235,8009,605674,605674,False
YLR043C,TRX1; TRX2,4.298275461,-0.253090043,1,10889,15,909076,inf,trans,0.253090043,10889,909076,909076,False
YLR043C,TRX1; TRX2,4.269847803,0.204397028,0,5243,8,386052,inf,trans,0.204397028,5243,386052,386052,False
YLR043C,TRX1; TRX2,4.075267171,-0.137778392,0,11734,16,611083,inf,trans,0.137778392,11734,599525,622910,False
YLR043C,TRX1; TRX2,4.0469898,0.125424895,0,321,2,145980,inf,trans,0.125424895,321,138318,150394,False
YGR209C,TRX2; TRX1,13.30298187,0.26388074,0,10191,15,171671,inf,trans,0.26388074,10191,165912,184082,False
YGR209C,TRX2; TRX1,6.323591209,0.152477919,0,9407,14,205279,inf,trans,0.152477919,9407,199813,220803,False
YGR209C,TRX2; TRX1,5.886492878,0.148224623,0,11689,16,579790,inf,trans,0.148224623,11689,554350,591786,False
YGR209C,TRX2; TRX1,5.676939777,-0.143461136,0,4693,7,918781,5549.0,trans,0.143461136,4693,918781,935765,False
YGR209C,TRX2; TRX1,5.312442558,-0.162389371,0,9259,14,6912,inf,trans,0.162389371,9259,6906,6914,False
YGR209C,TRX2; TRX1,5.052970572,0.284454223,1,5245,8,386061,inf,trans,0.284454223,5245,386060,386061,False
YGR209C,TRX2; TRX1,4.628526395,0.127776105,0,7900,12,506655,inf,trans,0.127776105,7900,493255,510268,False
YCR083W,TRX3,16.88945781,0.313544428,1,10191,15,171671,inf,trans,0.313544428,10191,165912,184082,False
YCR083W,TRX3,10.2802841,0.210152743,1,11680,16,572345,inf,trans,0.210152743,11680,572345,572345,False
YDR353W,TRR1,6.780944405,-1.018967693,0,10777,15,785154,inf,trans,1.018967693,10777,785154,785154,False
YDR353W,TRR1,5.699495951,0.148610479,0,2434,4,1172914,10378.0,trans,0.148610479,2434,1171385,1198548,False
YML028W,TSA1,7.469719799,-1.059473871,0,10777,15,785154,inf,trans,1.059473871,10777,785154,785154,False
YML028W,TSA1,7.063591953,0.165470802,1,2478,4,1246177,inf,trans,0.165470802,2478,1242195,1256208,False
YML028W,TSA1,6.740240631,-0.445970778,0,4207,7,412630,inf,trans,0.445970778,4207,412630,412630,False
YML028W,TSA1,5.560250737,-0.829237407,0,7686,12,265316,inf,trans,0.829237407,7686,265316,265316,False
YML028W,TSA1,5.325799057,-0.282968902,0,8367,12,1019132,inf,trans,0.282968902,8367,1019132,1019132,False
YML028W,TSA1,5.195256297,0.138122156,1,1933,4,621613,inf,trans,0.138122156,1933,613791,624555,False
YML028W,TSA1,5.066994752,-0.15376163,1,3477,5,564252,inf,trans,0.15376163,3477,563148,564968,False
YML028W,TSA1,4.965586455,-0.13435514,1,5235,8,383024,inf,trans,0.13435514,5235,378565,397561,False
YML028W,TSA1,4.845611323,0.157513952,1,11516,16,347675,inf,trans,0.157513952,11516,340393,354554,False
YBR265W,TSC10,6.711019182,0.188360411,0,10189,15,170944,inf,trans,0.188360411,10189,165912,184082,False
YBR265W,TSC10,6.139366047,0.170716705,0,643,2,524731,213846.0,trans,0.170716705,643,507274,530047,False
YBR265W,TSC10,6.119210395,0.371052725,0,8318,12,981527,inf,trans,0.371052725,8318,981527,981527,False
YBR265W,TSC10,6.008829095,0.180468288,0,147,1,185469,inf,trans,0.180468288,147,183802,186896,False
YBR265W,TSC10,5.498818391,-0.156122666,0,4671,7,892437,inf,trans,0.156122666,4671,885002,902481,False
YBR265W,TSC10,5.42176142,0.63937958,1,7871,12,460676,inf,trans,0.63937958,7871,460676,460676,False
YBR265W,TSC10,5.138328886,-0.353028051,0,652,2,541054,197523.0,trans,0.353028051,652,541054,541054,False
YBR265W,TSC10,5.05285825,0.144750478,0,5272,8,402810,inf,trans,0.144750478,5272,393351,417360,False
YBR265W,TSC10,4.522579949,0.185187403,0,8906,13,588570,inf,trans,0.185187403,8906,588570,588579,False
YML100W,TSL1,64.89366778,0.513484303,1,10191,15,171671,inf,trans,0.513484303,10191,165912,184082,False
YML100W,TSL1,42.75683212,0.354572112,1,11680,16,572345,inf,trans,0.354572112,11680,572345,572345,False
YML100W,TSL1,11.96349627,0.183901556,0,636,2,517548,inf,trans,0.183901556,636,505207,530047,False
YML100W,TSL1,8.838412106,0.199685606,0,1891,4,584486,inf,trans,0.199685606,1891,565447,592839,False
YML100W,TSL1,7.268906689,-0.427132786,1,7540,12,130128,inf,trans,0.427132786,7540,126688,144481,False
YML100W,TSL1,7.180308263,0.562679827,0,6258,10,415474,inf,trans,0.562679827,6258,410391,443374,False
YML100W,TSL1,6.611468299,-0.161714682,0,8474,13,70380,244.0,cis,0.161714682,8474,56990,77330,True
YML100W,TSL1,5.9743701,0.120078715,0,8109,12,745383,inf,trans,0.120078715,8109,732202,754859,False
YML100W,TSL1,5.917560571,0.118991987,0,5607,9,136619,inf,trans,0.118991987,5607,114834,144955,False
YML100W,TSL1,5.124059332,-0.361942367,0,10844,15,860902,inf,trans,0.361942367,10844,860902,860902,False
YML100W,TSL1,4.936711739,0.106835766,0,3669,6,71471,inf,trans,0.106835766,3669,62743,74913,False
YML100W,TSL1,4.861042821,-0.104498759,0,2557,4,1345539,inf,trans,0.104498759,2557,1337043,1367398,False
YML100W,TSL1,4.75875831,0.106704797,0,9249,13,910929,837009.0,trans,0.106704797,9249,899239,914897,False
YML100W,TSL1,4.623229417,0.102450757,0,8295,12,954827,inf,trans,0.102450757,8295,954167,956536,False
YML100W,TSL1,4.337381433,0.101457127,0,4380,7,601612,inf,trans,0.101457127,4380,591077,607810,False
YML100W,TSL1,4.306047844,0.316722807,1,7547,12,130739,inf,trans,0.316722807,7547,126688,144481,False
YML100W,TSL1,3.981926232,-0.383091712,1,6263,10,416078,inf,trans,0.383091712,6263,410391,454991,False
YML100W,TSL1,3.855379239,0.090851759,0,9476,14,314885,inf,trans,0.090851759,9476,308851,327674,False
YML100W,TSL1,3.822930178,-0.123056028,1,1860,4,562709,inf,trans,0.123056028,1860,554056,575468,False
YCR084C,,26.43114462,0.345466664,0,10191,15,171671,inf,trans,0.345466664,10191,165912,184082,False
YCR084C,,10.53059098,0.246108258,1,11689,16,579790,inf,trans,0.246108258,11689,554350,591786,False
YCR084C,,8.195036613,0.163020069,1,8112,12,747836,inf,trans,0.163020069,8112,732202,754859,False
YCR084C,,8.088555838,0.170511786,0,641,2,518844,inf,trans,0.170511786,641,505207,530047,False
YCR084C,,7.687821479,0.152979334,1,5615,9,142542,inf,trans,0.152979334,5615,131829,155581,False
YCR084C,,7.345115538,0.519280486,1,991,3,84766,175542.0,trans,0.519280486,991,84766,84766,False
YCR084C,,6.528113074,-0.1519516,0,8667,13,331334,inf,trans,0.1519516,8667,329611,333904,False
YCR084C,,6.39188427,-0.178379809,1,8457,13,55098,inf,trans,0.178379809,8457,55098,65881,False
YCR084C,,6.209573381,0.137712487,0,9837,14,704255,inf,trans,0.137712487,9837,704255,704301,False
YCR084C,,6.139904092,0.140313981,1,8656,13,302918,inf,trans,0.140313981,8656,296799,302918,False
YCR084C,,5.004926504,0.263265821,0,896,3,757,259551.0,trans,0.263265821,896,757,757,False
YCR084C,,4.827775545,0.307677021,0,261,2,84412,inf,trans,0.307677021,261,84412,84412,False
YCR084C,,4.424722802,-0.260821843,0,3709,6,99153,inf,trans,0.260821843,3709,99153,99153,False
YCR084C,,4.270644761,-0.127306842,0,9259,14,6912,inf,trans,0.127306842,9259,6906,6914,False
YCR084C,,4.231961694,0.465167975,0,10115,15,111081,inf,trans,0.465167975,10115,111081,111081,False
YCR084C,,4.200909086,-0.106843066,1,3092,5,242428,inf,trans,0.106843066,3092,229365,251866,False
YCR084C,,4.112819523,-0.149302722,1,11712,16,593213,inf,trans,0.149302722,11712,584269,593213,False
YCR084C,,3.915416114,0.103229962,0,9146,13,821488,inf,trans,0.103229962,9146,819594,830456,False
YGR080W,TWF1,5.93137005,0.181490854,0,10186,15,170347,inf,trans,0.181490854,10186,165912,184082,False
YBR291C,CTP1,14.84409458,-0.281955604,0,10197,15,180978,inf,trans,0.281955604,10197,168199,185951,False
YBR291C,CTP1,7.408280193,0.170000183,0,11357,16,211386,inf,trans,0.170000183,11357,199543,213411,False
YBR291C,CTP1,6.034784125,-0.149954385,0,7988,12,576037,inf,trans,0.149954385,7988,567889,589446,False
YBR291C,CTP1,5.894840466,0.38721757,0,4207,7,412630,inf,trans,0.38721757,4207,412630,412630,False
YBR291C,CTP1,5.315453339,-0.140479798,0,5967,9,423041,inf,trans,0.140479798,5967,418993,429181,False
YKL210W,UBA1,9.446309934,0.184250619,1,3669,6,71471,inf,trans,0.184250619,3669,62743,74913,False
YKL210W,UBA1,8.601990874,-0.563589663,1,10259,15,236991,inf,trans,0.563589663,10259,236991,236991,False
YKL210W,UBA1,7.915531615,0.154613868,1,11349,16,202983,inf,trans,0.154613868,11349,196859,213411,False
YKL210W,UBA1,7.880444569,-0.619684641,0,9532,14,379436,inf,trans,0.619684641,9532,379436,379436,False
YKL210W,UBA1,7.30545031,-0.141971093,0,9801,14,647843,inf,trans,0.141971093,9801,621027,651987,False
YKL210W,UBA1,6.971398599,-0.236883511,0,6797,11,39138,26.0,cis,0.236883511,6797,39138,40753,True
YKL210W,UBA1,6.631411297,0.28815831,0,10891,15,911748,inf,trans,0.28815831,10891,911748,911748,False
YKL210W,UBA1,6.299513658,-0.224464442,1,6799,11,40753,0.0,cis,0.224464442,6799,39138,47424,True
YKL210W,UBA1,5.670075317,-0.124206247,0,10886,15,907245,inf,trans,0.124206247,10886,888108,912729,False
YKL210W,UBA1,4.597087703,0.109251893,0,7917,12,515351,inf,trans,0.109251893,7917,514437,518231,False
YKL210W,UBA1,4.239611529,0.107240092,0,1895,4,590025,inf,trans,0.107240092,1895,574801,594369,False
YDR177W,UBC1,41.61365054,0.418791073,1,2108,4,817729,207.0,cis,0.418791073,2108,808113,832289,True
YDR177W,UBC1,13.9332188,0.256070974,1,10183,15,168592,inf,trans,0.256070974,10183,165912,181071,False
YDR177W,UBC1,8.991210445,-0.346958906,0,1784,4,520430,296445.0,trans,0.346958906,1784,520430,520430,False
YDR177W,UBC1,6.311685828,0.144598755,0,6466,10,652591,inf,trans,0.144598755,6466,642106,662415,False
YDR177W,UBC1,4.702638469,-0.282712722,1,3707,6,98707,inf,trans,0.282712722,3707,98707,98707,False
YDR177W,UBC1,4.675970909,0.128613083,0,636,2,517548,inf,trans,0.128613083,636,505207,530047,False
YDR177W,UBC1,4.46858785,0.117418213,0,5580,9,122617,inf,trans,0.117418213,5580,103774,138792,False
YMR022W,UBC7; QRI8,17.54582984,-0.311021131,1,8663,13,319136,0.0,cis,0.311021131,8663,309981,319136,True
YFR010W,UBP6,7.731694586,0.208264203,0,10182,15,168558,inf,trans,0.208264203,10182,165912,181071,False
YBL058W,SHP1; UBX1,10.57030984,0.242556634,0,10191,15,171671,inf,trans,0.242556634,10191,165912,184082,False
YBL058W,SHP1; UBX1,8.400944374,0.189404045,1,11678,16,572250,inf,trans,0.189404045,11678,546787,587778,False
YBL058W,SHP1; UBX1,6.970288535,-0.338561643,0,1784,4,520430,inf,trans,0.338561643,1784,520430,520430,False
YBL058W,SHP1; UBX1,5.565476434,-0.37172452,0,4477,7,678070,inf,trans,0.37172452,4477,678070,678070,False
YEL024W,RIP1,23.53558089,0.311987533,1,10191,15,171671,inf,trans,0.311987533,10191,165912,184082,False
YEL024W,RIP1,20.89955548,0.255413703,0,5611,9,138792,inf,trans,0.255413703,5611,122617,144955,False
YEL024W,RIP1,16.33238181,0.223086143,0,7979,12,570032,inf,trans,0.223086143,7979,563476,576167,False
YEL024W,RIP1,15.80462359,-0.302162297,1,8458,13,56990,inf,trans,0.302162297,8458,55098,73225,False
YEL024W,RIP1,10.13801478,0.170761028,0,7859,12,443030,inf,trans,0.170761028,7859,425418,443164,False
YEL024W,RIP1,8.353279478,0.168898247,0,638,2,518106,inf,trans,0.168898247,638,505207,530047,False
YEL024W,RIP1,7.810633179,-0.159390555,0,8668,13,331755,inf,trans,0.159390555,8668,329611,333904,False
YEL024W,RIP1,7.600097004,0.149035745,0,8106,12,737804,inf,trans,0.149035745,8106,727931,749514,False
YEL024W,RIP1,6.027234636,0.12771002,0,6884,11,108870,inf,trans,0.12771002,6884,96863,122192,False
YEL024W,RIP1,5.818768255,0.18604063,0,11048,15,1077950,inf,trans,0.18604063,11048,1077950,1077950,False
YEL024W,RIP1,5.080329083,0.120343754,0,8313,12,974973,inf,trans,0.120343754,8313,961463,990758,False
YEL024W,RIP1,4.695566557,0.112738791,0,11687,16,578941,inf,trans,0.112738791,11687,571530,591786,False
YEL024W,RIP1,4.481268751,-0.108857623,0,1187,3,285659,inf,trans,0.108857623,1187,267625,297295,False
YEL024W,RIP1,4.182043748,0.266029867,0,261,2,84412,inf,trans,0.266029867,261,84412,84412,False
YGR048W,UFD1; PIP3,7.06462037,-0.271917314,1,4329,7,543693,46137.0,trans,0.271917314,4329,516852,576468,False
YGR048W,UFD1; PIP3,6.368920625,0.179691931,1,7137,11,369257,inf,trans,0.179691931,7137,367086,369257,False
YKL035W,UGP1,71.41561191,0.567422366,1,10191,15,171671,inf,trans,0.567422366,10191,165912,184082,False
YKL035W,UGP1,29.81909894,0.301505871,1,11686,16,576969,inf,trans,0.301505871,11686,571530,591786,False
YKL035W,UGP1,10.78093219,0.173327639,0,3669,6,71471,inf,trans,0.173327639,3669,62743,74913,False
YKL035W,UGP1,10.40235185,0.182174752,0,642,2,523217,inf,trans,0.182174752,642,505207,530047,False
YKL035W,UGP1,9.184511036,0.156732611,0,8110,12,745735,inf,trans,0.156732611,8110,732202,754859,False
YKL035W,UGP1,5.967107916,-0.12251841,0,3895,7,34691,inf,trans,0.12251841,3895,23383,37288,False
YKL035W,UGP1,5.70627592,-0.241157287,0,2568,4,1354715,inf,trans,0.241157287,2568,1352371,1354715,False
YKL035W,UGP1,5.375712204,0.118872664,0,4389,7,610923,inf,trans,0.118872664,4389,610875,617052,False
YKL035W,UGP1,5.357689566,0.17558781,0,3609,6,27551,inf,trans,0.17558781,3609,27551,27551,False
YKL035W,UGP1,4.922405761,-0.1122683,1,4983,8,131702,inf,trans,0.1122683,4983,124640,140065,False
YKL035W,UGP1,4.135870073,0.098728606,0,3777,6,201882,inf,trans,0.098728606,3777,199005,203342,False
YHR128W,FUR1,28.77617603,-0.305082573,1,5209,8,361900,218.0,cis,0.305082573,5209,353097,368023,True
YHR128W,FUR1,15.13052275,0.298233617,1,8458,13,56990,inf,trans,0.298233617,8458,55098,73225,False
YHR128W,FUR1,6.797317597,0.138649022,1,8203,12,862519,inf,trans,0.138649022,8203,859419,869357,False
YHR128W,FUR1,6.546673765,-0.137103442,1,11892,16,814192,inf,trans,0.137103442,11892,810605,821586,False
YHR128W,FUR1,6.166768505,0.131544265,0,5337,8,469571,106803.0,trans,0.131544265,5337,465075,481335,False
YHR128W,FUR1,5.802664491,-0.52883905,0,7873,12,460678,inf,trans,0.52883905,7873,460678,460678,False
YHR128W,FUR1,4.975587917,0.115041098,1,10864,15,885299,inf,trans,0.115041098,10864,876222,906404,False
YHR128W,FUR1,4.757834496,-0.114441285,0,7647,12,235026,inf,trans,0.114441285,7647,230601,243991,False
YHR128W,FUR1,4.684146465,-0.111541207,0,6476,10,656247,inf,trans,0.111541207,6476,642327,662934,False
YHR128W,FUR1,4.33149194,-0.113004114,1,4301,7,485796,inf,trans,0.113004114,4301,477177,520054,False
YBL039C,URA7,5.917144071,-0.165906227,0,10200,15,183037,inf,trans,0.165906227,10200,170347,185951,False
YJR103W,URA8,21.66664844,-0.31231278,1,6426,10,611690,9057.0,trans,0.31231278,6426,599712,627474,False
YJR103W,URA8,5.863697187,0.162199924,0,1899,4,591356,inf,trans,0.162199924,1899,576758,597710,False
YKR042W,UTH1,16.09357396,-0.25887649,0,5510,9,71252,inf,trans,0.25887649,5510,57000,77957,False
YKR042W,UTH1,11.17521553,-0.212094481,1,1079,3,188979,inf,trans,0.212094481,1079,168031,198615,False
YKR042W,UTH1,7.211127291,-0.167351328,0,5806,9,283290,inf,trans,0.167351328,5806,276483,289513,False
YKR042W,UTH1,7.126848224,0.273433689,0,8820,13,511585,inf,trans,0.273433689,8820,506148,514849,False
YKR042W,UTH1,6.192588737,0.153399032,0,1272,4,43708,inf,trans,0.153399032,1272,37106,52141,False
YKR042W,UTH1,5.752328127,0.151349024,0,11701,16,587395,inf,trans,0.151349024,11701,574886,593213,False
YKR042W,UTH1,5.655722554,0.145343307,0,6007,10,61708,inf,trans,0.145343307,6007,61391,68934,False
YKR042W,UTH1,5.272522754,0.143346032,0,8378,12,1025145,inf,trans,0.143346032,8378,1020161,1025145,False
YJL109C,UTP10,6.364528216,-0.181319422,0,10200,15,183037,inf,trans,0.181319422,10200,170347,185951,False
YLR222C,UTP13,6.920262169,-0.252214826,0,2151,4,852621,inf,trans,0.252214826,2151,843927,861470,False
YLR447C,VMA6,6.285326976,0.154734356,0,6892,11,116979,inf,trans,0.154734356,6892,102671,125700,False
YDL185W,VMA1,26.13148127,0.350951659,0,10193,15,172102,inf,trans,0.350951659,10193,165912,184082,False
YDL185W,VMA1,7.953906454,0.158230475,0,1276,4,48267,78521.0,trans,0.158230475,1276,37106,56089,False
YDL185W,VMA1,7.893556259,-0.154600123,0,11879,16,792584,inf,trans,0.154600123,11879,790960,810640,False
YDL185W,VMA1,6.095525383,0.138272939,0,11685,16,576347,inf,trans,0.138272939,11685,564355,591786,False
YDL185W,VMA1,6.009912287,0.137242843,1,5209,8,361900,inf,trans,0.137242843,5209,353097,368023,False
YDL185W,VMA1,5.508602968,0.544093923,0,8583,13,183474,inf,trans,0.544093923,8583,183474,183474,False
YDL185W,VMA1,5.502694727,-0.132696882,0,11356,16,210433,inf,trans,0.132696882,11356,199543,213411,False
YDL185W,VMA1,5.39703032,-0.125951928,1,4270,7,449305,inf,trans,0.125951928,4270,446235,449489,False
YDL185W,VMA1,5.366063245,-0.302741544,0,8525,13,99287,inf,trans,0.302741544,8525,99287,99287,False
YDL185W,VMA1,5.257172032,-0.124642993,1,7988,12,576037,inf,trans,0.124642993,7988,567889,589446,False
YDL185W,VMA1,4.95904962,-0.209641208,1,3758,6,179345,inf,trans,0.209641208,3758,179345,179345,False
YDL185W,VMA1,4.816222479,0.117694286,1,9218,13,877043,inf,trans,0.117694286,9218,869923,896327,False
YDL185W,VMA1,4.764501097,0.117295766,0,8815,13,509480,inf,trans,0.117295766,8815,500062,513217,False
YDL185W,VMA1,4.670151163,-0.281270313,1,2057,4,747529,617526.0,trans,0.281270313,2057,747523,747529,False
YDL185W,VMA1,4.365012817,-0.110869358,0,3783,6,208815,inf,trans,0.110869358,3783,208815,208850,False
YDL185W,VMA1,4.310575343,0.115271736,0,3358,5,561211,inf,trans,0.115271736,3358,553130,562451,False
YDL185W,VMA1,4.280154977,-0.228649642,0,7146,11,379892,inf,trans,0.228649642,7146,376286,380964,False
YDL185W,VMA1,4.162349619,-0.109993495,0,199,2,10135,inf,trans,0.109993495,199,8250,28209,False
YDL185W,VMA1,3.977551545,0.105800725,0,87,1,113050,inf,trans,0.105800725,87,112549,114628,False
YBR127C,VMA2; VAT2,25.75393721,0.349831532,0,10193,15,172102,inf,trans,0.349831532,10193,165912,184082,False
YBR127C,VMA2; VAT2,11.44099598,0.197043858,0,11685,16,576347,inf,trans,0.197043858,11685,564355,591786,False
YBR127C,VMA2; VAT2,9.486312986,0.176117633,0,6007,10,61708,inf,trans,0.176117633,6007,61391,68934,False
YBR127C,VMA2; VAT2,7.877529111,0.157720418,1,1928,4,614738,inf,trans,0.157720418,1928,604043,624555,False
YBR127C,VMA2; VAT2,6.755425936,0.1570351,0,3661,6,62990,inf,trans,0.1570351,3661,57460,71997,False
YBR127C,VMA2; VAT2,6.715610744,-0.143793283,1,9801,14,647843,inf,trans,0.143793283,9801,621027,651987,False
YBR127C,VMA2; VAT2,5.407579107,0.12697391,0,4649,7,877072,inf,trans,0.12697391,4649,854465,887971,False
YBR127C,VMA2; VAT2,5.276858679,-0.125809119,1,6361,10,548227,inf,trans,0.125809119,6361,543383,557799,False
YBR127C,VMA2; VAT2,5.132214437,-0.123640308,1,11877,16,790960,inf,trans,0.123640308,11877,787485,798666,False
YBR127C,VMA2; VAT2,4.960238946,-0.123397486,0,10883,15,906722,inf,trans,0.123397486,10883,887134,912729,False
YBR127C,VMA2; VAT2,4.303860273,-0.117609447,0,11356,16,210433,inf,trans,0.117609447,11356,199543,213411,False
YBR127C,VMA2; VAT2,4.228908862,0.113521166,0,7045,11,245775,inf,trans,0.113521166,7045,236028,255600,False
YBR127C,VMA2; VAT2,4.132091986,-0.3870574,0,10260,15,237009,inf,trans,0.3870574,10260,237009,237009,False
YBR127C,VMA2; VAT2,3.991059333,0.128396052,1,650,2,541028,48212.0,trans,0.128396052,650,541028,541028,False
YBR127C,VMA2; VAT2,3.957050833,0.236060351,0,7624,12,211932,inf,trans,0.236060351,7624,211932,211932,False
YBR127C,VMA2; VAT2,3.835094623,0.104597341,0,9641,14,539456,inf,trans,0.104597341,9641,534351,539456,False
YKL080W,VMA5,8.45925393,-0.182472471,0,9793,14,642445,inf,trans,0.182472471,9793,621027,647843,False
YKL080W,VMA5,8.077565694,-0.984703202,0,7686,12,265316,inf,trans,0.984703202,7686,265316,265316,False
YKL080W,VMA5,6.412358909,0.155642557,1,7045,11,245775,38899.0,trans,0.155642557,7045,236028,255600,False
YKL080W,VMA5,6.317561148,0.15504181,1,1916,4,598800,inf,trans,0.15504181,1916,592839,609905,False
YKL080W,VMA5,5.430283944,-0.143229742,0,8660,13,313844,inf,trans,0.143229742,8660,309981,319136,False
YKL080W,VMA5,5.343582786,0.138136536,0,6007,10,61708,inf,trans,0.138136536,6007,61391,68934,False
YKL080W,VMA5,5.155784103,-0.13415302,0,8225,12,885965,inf,trans,0.13415302,8225,879953,895625,False
YKL080W,VMA5,5.04404037,0.152199675,0,10192,15,172074,inf,trans,0.152199675,10192,165912,184082,False
YKL080W,VMA5,4.87684589,-0.130238857,1,1159,3,256593,inf,trans,0.130238857,1159,251255,261281,False
YKL080W,VMA5,4.464211901,-0.124281369,1,11877,16,790960,inf,trans,0.124281369,11877,787485,798666,False
YKL080W,VMA5,4.298289382,-0.120001553,0,10370,15,358094,inf,trans,0.120001553,10370,343921,370822,False
YKL080W,VMA5,4.186921213,0.120487107,0,11686,16,576969,inf,trans,0.120487107,11686,571530,591786,False
YOR332W,VMA4; VAT5,8.496617968,-0.454045093,0,4207,7,412630,inf,trans,0.454045093,4207,412630,412630,False
YOR332W,VMA4; VAT5,6.681463093,-0.295322824,0,1784,4,520430,inf,trans,0.295322824,1784,520430,520430,False
YOR332W,VMA4; VAT5,6.078924391,0.141470375,0,11685,16,576347,inf,trans,0.141470375,11685,564355,591786,False
YOR332W,VMA4; VAT5,6.071725958,0.178894303,0,10194,15,173340,770313.0,trans,0.178894303,10194,165912,184082,False
YOR332W,VMA4; VAT5,5.882760385,0.301289586,0,896,3,757,inf,trans,0.301289586,896,757,757,False
YOR332W,VMA4; VAT5,5.505544434,0.397990262,0,7031,11,231612,inf,trans,0.397990262,7031,231612,231612,False
YOR332W,VMA4; VAT5,5.286701844,-0.468151751,1,11834,16,734843,inf,trans,0.468151751,11834,718898,747487,False
YOR332W,VMA4; VAT5,5.02122399,0.12519341,0,8818,13,510643,inf,trans,0.12519341,8818,503363,513217,False
YOR332W,VMA4; VAT5,4.728196227,-0.765800424,0,10777,15,785154,158499.0,trans,0.765800424,10777,785154,785154,False
YOR332W,VMA4; VAT5,4.646585501,0.123834852,1,9233,13,899295,inf,trans,0.123834852,9233,895661,910929,False
YOR332W,VMA4; VAT5,4.450910397,-0.243531326,0,8746,13,426219,inf,trans,0.243531326,8746,426219,426224,False
YOR332W,VMA4; VAT5,4.356117808,-0.278090677,0,9785,14,631825,inf,trans,0.278090677,9785,631825,631825,False
YOR332W,VMA4; VAT5,4.241896825,-0.113290039,0,9998,14,778347,inf,trans,0.113290039,9998,757948,780322,False
YOR332W,VMA4; VAT5,4.013226199,-0.12580818,1,10259,15,236991,706662.0,trans,0.12580818,10259,236991,236991,False
YPR036W,VMA13; CLS11,6.745483923,0.169854146,1,11245,16,132456,511377.0,trans,0.169854146,11245,132456,132456,False
YPR036W,VMA13; CLS11,6.682401899,-0.476236502,0,10844,15,860902,inf,trans,0.476236502,10844,860902,860902,False
YPR036W,VMA13; CLS11,6.510000165,0.137281842,0,6006,10,61545,inf,trans,0.137281842,6006,61391,68934,False
YPR036W,VMA13; CLS11,6.192100114,-0.430565129,0,10391,15,385655,inf,trans,0.430565129,10391,385655,385655,False
YPR036W,VMA13; CLS11,5.529934062,-0.152436209,0,912,3,4582,inf,trans,0.152436209,912,2644,5784,False
YPR036W,VMA13; CLS11,4.640892499,0.113546987,0,1281,4,51735,inf,trans,0.113546987,1281,43687,60460,False
YPR036W,VMA13; CLS11,4.344003908,-0.191414121,1,11395,16,246835,396998.0,trans,0.191414121,11395,246835,246835,False
YNL055C,POR1,58.06852752,0.455614991,1,10191,15,171671,inf,trans,0.455614991,10191,165912,184082,False
YNL055C,POR1,19.2937073,0.214878559,1,11680,16,572345,inf,trans,0.214878559,11680,572345,572345,False
YNL055C,POR1,18.43703583,0.208448949,1,5609,9,138029,inf,trans,0.208448949,5609,125289,144955,False
YNL055C,POR1,17.27394847,-0.277569749,0,8458,13,56990,inf,trans,0.277569749,8458,55098,73225,False
YNL055C,POR1,10.78895455,0.156441438,1,7977,12,569918,inf,trans,0.156441438,7977,563476,576167,False
YNL055C,POR1,10.10962138,0.164291706,0,642,2,523217,inf,trans,0.164291706,642,505207,530047,False
YNL055C,POR1,9.868866304,0.150199319,0,8106,12,737804,inf,trans,0.150199319,8106,727931,749514,False
YNL055C,POR1,7.825394524,-0.137452289,0,8664,13,329611,inf,trans,0.137452289,8664,329611,333904,False
YNL055C,POR1,7.263027167,-0.3559843,0,7031,11,231612,inf,trans,0.3559843,7031,231612,231612,False
YNL055C,POR1,6.651685644,-0.242615191,0,2568,4,1354715,inf,trans,0.242615191,2568,1352371,1354715,False
YNL055C,POR1,6.452288074,-0.118184845,0,2848,5,33814,inf,trans,0.118184845,2848,30505,38677,False
YNL055C,POR1,5.955009517,0.111266259,1,5195,8,353097,inf,trans,0.111266259,5195,342706,361900,False
YNL055C,POR1,5.212066123,-0.122314471,0,6271,10,417313,inf,trans,0.122314471,6271,413692,448026,False
YNL055C,POR1,5.185753865,-0.207588709,0,2285,4,971731,inf,trans,0.207588709,2285,961744,998174,False
YNL055C,POR1,4.837249076,0.099985987,0,2487,4,1260055,inf,trans,0.099985987,2487,1256208,1268325,False
YNL055C,POR1,4.442586931,0.096793447,0,8311,12,974822,inf,trans,0.096793447,8311,968660,987293,False
YNL055C,POR1,4.004355424,0.090163693,0,10993,15,1015033,inf,trans,0.090163693,10993,1010191,1018776,False
YNL055C,POR1,3.982957234,-0.101171974,1,7484,12,87080,inf,trans,0.101171974,7484,87080,87275,False
YOR270C,VPH1,5.651340345,0.194066093,0,8462,13,60048,inf,trans,0.194066093,8462,55098,75198,False
YOR270C,VPH1,5.296825997,0.136997141,0,1283,4,52093,inf,trans,0.136997141,1283,43687,60460,False
YOR270C,VPH1,5.147871183,-0.154000946,0,10196,15,180876,647175.0,trans,0.154000946,10196,168199,185951,False
YOR270C,VPH1,4.849485328,-0.130152471,0,10992,15,1014707,184134.0,trans,0.130152471,10992,1010191,1018776,False
YOR270C,VPH1,4.639007758,-0.126339843,0,29,1,36146,inf,trans,0.126339843,29,28495,41499,False
YOR270C,VPH1,4.490394219,0.124744942,1,798,2,723281,inf,trans,0.124744942,798,717833,734586,False
YKR001C,VPS1,9.292019602,0.830263911,0,7873,12,460678,inf,trans,0.830263911,7873,460678,460678,False
YOR089C,,6.92387744,-0.280990853,1,912,3,4582,inf,trans,0.280990853,912,2644,5784,False
YOR089C,,6.22017839,-0.161308776,1,6381,10,571678,inf,trans,0.161308776,6381,569834,571888,False
YOR089C,,5.327381923,0.151364436,0,11304,16,171534,inf,trans,0.151364436,11304,167913,187861,False
YOR089C,,4.996724493,0.32791848,0,8414,13,8306,inf,trans,0.32791848,8414,8303,8312,False
YOR089C,,4.993996541,-0.145346297,0,9004,13,696701,inf,trans,0.145346297,9004,696701,701153,False
YHR012W,VPS29,9.616063678,0.212640321,0,1938,4,622563,inf,trans,0.212640321,1938,614738,629042,False
YPR173C,,5.99601555,0.157258688,0,11956,16,888040,207.0,cis,0.157258688,11956,883992,892106,True
YDR372C,VPS74,6.680291856,-0.338103418,0,1784,4,520430,700674.0,trans,0.338103418,1784,520430,520430,False
YDR372C,VPS74,5.86628915,-0.191319813,0,8477,13,73225,inf,trans,0.191319813,8477,56990,81354,False
YDR372C,VPS74,5.522152416,0.147361811,0,9869,14,719403,inf,trans,0.147361811,9869,713348,721219,False
YDR372C,VPS74,5.23125891,-0.424165925,0,12041,17,48192,inf,trans,0.424165925,12041,48192,48192,False
YDR372C,VPS74,5.032276029,-0.14779906,0,9807,14,651987,inf,trans,0.14779906,9807,647843,651987,False
YJL012C,VTC4; PHM3,6.239891711,-0.694043988,1,10183,15,168592,inf,trans,0.694043988,10183,165912,181071,False
YJL012C,VTC4; PHM3,5.043016369,-0.140211127,0,1481,4,211612,inf,trans,0.140211127,1481,203027,228580,False
YJL012C,VTC4; PHM3,5.006564791,0.143246278,0,7593,12,182813,inf,trans,0.143246278,7593,180329,194466,False
YMR197C,VTI1,10.81696404,-0.208787572,0,8978,13,659245,48.0,cis,0.208787572,8978,646103,665729,True
YOR230W,WTM1,26.61307776,0.338384898,0,10192,15,172074,598727.0,trans,0.338384898,10192,165912,184082,False
YOR230W,WTM1,16.18627531,0.229347851,0,3666,6,65183,inf,trans,0.229347851,3666,57460,74406,False
YOR230W,WTM1,12.82590703,0.432659364,1,5416,8,541428,inf,trans,0.432659364,5416,541428,541428,False
YOR230W,WTM1,9.108614545,-0.415928268,0,844,2,780425,inf,trans,0.415928268,844,780425,780425,False
YOR230W,WTM1,7.643466034,-0.15063911,0,11684,16,576040,inf,trans,0.15063911,11684,571530,591786,False
YOR230W,WTM1,7.148921509,0.14721125,1,8594,13,212453,inf,trans,0.14721125,8594,209723,217356,False
YOR230W,WTM1,6.933794939,0.14097132,0,3777,6,201882,inf,trans,0.14097132,3777,199005,203342,False
YOR230W,WTM1,6.050613204,-0.130544187,1,3969,7,122646,inf,trans,0.130544187,3969,109520,122646,False
YOR230W,WTM1,5.842908463,-0.129482072,0,4980,8,124640,inf,trans,0.129482072,4980,120385,140065,False
YOR230W,WTM1,5.237099454,-0.120771128,0,5814,9,296974,inf,trans,0.120771128,5814,286125,303507,False
YOR230W,WTM1,5.212292282,0.120352428,0,5029,8,167286,inf,trans,0.120352428,5029,154940,170419,False
YOR230W,WTM1,4.780925411,-0.114162149,0,10919,15,957477,185363.0,trans,0.114162149,10919,950568,964403,False
YOR230W,WTM1,4.610635625,-0.230846848,0,1784,4,520430,inf,trans,0.230846848,1784,520430,520430,False
YOR230W,WTM1,4.481927146,0.117034256,0,7145,11,379877,inf,trans,0.117034256,7145,372538,384150,False
YOR230W,WTM1,4.481365068,0.238905649,0,3197,5,382523,inf,trans,0.238905649,3197,382523,382523,False
YOR230W,WTM1,4.477894463,0.164133096,1,11048,15,1077950,305836.0,trans,0.164133096,11048,1077950,1077950,False
YOR230W,WTM1,4.429691469,0.108261657,0,6065,10,159755,inf,trans,0.108261657,6065,157487,165720,False
YOR230W,WTM1,4.239904705,0.214999786,0,1487,4,218148,inf,trans,0.214999786,1487,217566,228580,False
YOR230W,WTM1,4.089210256,-0.561403108,0,3121,5,266246,inf,trans,0.561403108,3121,266246,266246,False
YOR230W,WTM1,4.056777715,-0.104412559,1,11890,16,812990,inf,trans,0.104412559,11890,798666,821586,False
YOR230W,WTM1,3.715570669,0.194166448,0,799,2,723663,inf,trans,0.194166448,799,723663,723663,False
YFL010C,WWM1,24.53079499,-0.328372416,1,3725,6,115037,65.0,cis,0.328372416,3725,111439,123079,True
YFL010C,WWM1,10.04798599,0.574730824,0,7031,11,231612,inf,trans,0.574730824,7031,231612,231612,False
YFL010C,WWM1,7.48272142,-0.340443668,0,1784,4,520430,inf,trans,0.340443668,1784,520430,520430,False
YGL173C,,7.163223137,0.169592644,1,1281,4,51735,inf,trans,0.169592644,1281,43687,60460,False
YGL173C,,6.214204734,-0.156726249,0,1080,3,189025,inf,trans,0.156726249,1080,168031,198615,False
YGL173C,,4.918414418,0.136846673,0,3832,6,259953,inf,trans,0.136846673,3832,251165,270091,False
YPL239W,YAR1,8.101990233,0.717275061,1,6274,10,417351,inf,trans,0.717275061,6274,413692,448026,False
YPL239W,YAR1,7.22666175,-0.193584757,0,10193,15,172102,inf,trans,0.193584757,10193,165912,184082,False
YPL239W,YAR1,7.171960138,1.046979511,0,10777,15,785154,inf,trans,1.046979511,10777,785154,785154,False
YPL239W,YAR1,6.416822326,0.499967614,0,5430,8,556173,inf,trans,0.499967614,5430,556173,556173,False
YPL239W,YAR1,4.723453136,0.750524925,0,11539,16,383323,283237.0,trans,0.750524925,11539,383323,383323,False
YPL239W,YAR1,4.568399003,-0.31811421,1,6274,10,417351,inf,trans,0.31811421,6274,413692,448026,False
YBR085C-A,YBR085C-A,30.17148531,-0.347157944,1,554,2,419803,645.0,cis,0.347157944,554,406688,429095,True
YBR085C-A,YBR085C-A,12.51543951,-1.329070138,0,10777,15,785154,inf,trans,1.329070138,10777,785154,785154,False
YBR085C-A,YBR085C-A,5.53857351,0.138107185,0,1939,4,623642,inf,trans,0.138107185,1939,613791,629973,False
YBR085C-A,YBR085C-A,4.949380856,0.145048371,0,10198,15,181071,inf,trans,0.145048371,10198,168199,185951,False
YBR085C-A,YBR085C-A,4.622106798,-0.121523552,1,9803,14,650841,inf,trans,0.121523552,9803,643364,651987,False
YBR053C,YBR053C; YBR0506,51.48379878,0.470132707,1,474,2,340466,0.0,cis,0.470132707,474,333006,340466,True
YBR053C,YBR053C; YBR0506,6.169490457,0.473735161,0,10260,15,237009,inf,trans,0.473735161,10260,237009,237009,False
YBR053C,YBR053C; YBR0506,5.904277693,-0.279919457,0,4732,7,951285,inf,trans,0.279919457,4732,951285,951285,False
YDR135C,YCF1,5.552327842,0.390549993,0,2760,4,1523440,795892.0,trans,0.390549993,2760,1523440,1523482,False
YDR135C,YCF1,5.34332984,-0.20121572,0,2981,5,132221,inf,trans,0.20121572,2981,124644,157488,False
YCR004C,YCP4,39.45079561,0.433484429,0,10192,15,172074,inf,trans,0.433484429,10192,165912,184082,False
YCR004C,YCP4,16.59482951,0.237807402,0,11685,16,576347,inf,trans,0.237807402,11685,564355,591786,False
YCR004C,YCP4,12.52933169,0.198811385,0,6482,10,662679,inf,trans,0.198811385,6482,653026,667117,False
YCR004C,YCP4,8.77362595,0.170420533,1,646,2,530047,inf,trans,0.170420533,646,517548,538990,False
YCR004C,YCP4,6.50712916,0.141575824,0,3660,6,62743,inf,trans,0.141575824,3660,55876,73433,False
YCR004C,YCP4,5.366913423,0.124507093,0,1282,4,51859,inf,trans,0.124507093,1282,43687,60460,False
YCR004C,YCP4,5.274790146,0.181039947,0,5905,9,385640,inf,trans,0.181039947,5905,385640,385640,False
YCR004C,YCP4,4.481997111,0.113099866,1,6007,10,61708,inf,trans,0.113099866,6007,61391,68934,False
YCR004C,YCP4,4.474487947,-0.616468536,0,6300,10,436354,inf,trans,0.616468536,6300,436354,436354,False
YCR004C,YCP4,4.382965085,-0.114563836,0,8539,13,117501,inf,trans,0.114563836,8539,107506,133462,False
YCR004C,YCP4,4.248015502,-0.135319499,0,8218,12,873682,inf,trans,0.135319499,8218,872449,874900,False
YCR004C,YCP4,4.227759276,0.109140707,0,7162,11,392685,inf,trans,0.109140707,7162,392685,400712,False
YCR016W,YCR016W; YCR16W,7.711332729,-1.017951697,0,3121,5,266246,inf,trans,1.017951697,3121,266246,266246,False
YCR043C,YCR043C,7.297515155,0.555789695,0,4248,7,433855,inf,trans,0.555789695,4248,433855,433855,False
YCR090C,YCR090C,6.318395277,-0.206514944,0,4517,7,727961,inf,trans,0.206514944,4517,712998,732233,False
YCR102C,YCR102C,5.222780355,-0.147927191,0,10434,15,447362,inf,trans,0.147927191,10434,443566,453019,False
YCR102C,YCR102C,5.007958068,0.142139975,0,10157,15,144887,inf,trans,0.142139975,10157,143047,151907,False
YER156C,YER156C,10.41908007,0.180978984,0,7979,12,570032,inf,trans,0.180978984,7979,563476,576167,False
YER156C,YER156C,8.898617234,-0.411852942,0,8525,13,99287,inf,trans,0.411852942,8525,99287,99287,False
YER156C,YER156C,6.059414738,0.134054642,0,7847,12,440640,inf,trans,0.134054642,7847,425418,443164,False
YER156C,YER156C,5.374288215,0.520014304,0,11524,16,359487,inf,trans,0.520014304,11524,359487,359487,False
YER156C,YER156C,5.096078739,-0.155146018,1,7503,12,97108,inf,trans,0.155146018,7503,97108,97108,False
YER156C,YER156C,4.537423009,0.113016908,0,11770,16,656034,inf,trans,0.113016908,11770,652919,664738,False
YER156C,YER156C,4.50918375,-0.135411511,1,11245,16,132456,inf,trans,0.135411511,11245,132456,132456,False
YGR130C,YGR130C,35.26382955,0.429034616,1,10193,15,172102,inf,trans,0.429034616,10193,165912,184082,False
YGR130C,YGR130C,12.39250331,0.213452934,0,11683,16,575622,inf,trans,0.213452934,11683,554350,590624,False
YGR130C,YGR130C,6.258832934,-0.254752237,1,2924,5,86488,inf,trans,0.254752237,2924,86488,86488,False
YGR130C,YGR130C,5.257778098,0.131234287,0,5628,9,158904,inf,trans,0.131234287,5628,144699,161738,False
YGR130C,YGR130C,4.878289004,-0.124888202,0,8205,12,863920,inf,trans,0.124888202,8205,859419,872449,False
YGR130C,YGR130C,4.731448406,-0.242578246,0,11094,16,25536,inf,trans,0.242578246,11094,25536,25536,False
YGR130C,YGR130C,4.71433425,0.136032971,0,4359,7,592042,159357.0,trans,0.136032971,4359,587240,603497,False
YGR130C,YGR130C,4.710820677,-0.188726286,1,671,2,571328,inf,trans,0.188726286,671,571328,571328,False
YGR130C,YGR130C,4.680254943,0.12108632,1,1346,4,105908,inf,trans,0.12108632,1346,102509,123976,False
YGR130C,YGR130C,4.573123651,0.123228601,0,3669,6,71471,inf,trans,0.123228601,3669,62743,74913,False
YGR130C,YGR130C,4.43249061,0.117389293,0,6198,10,347536,inf,trans,0.117389293,6198,336613,349573,False
YGL101W,YGL101W,7.463729932,0.213325302,0,10194,15,173340,inf,trans,0.213325302,10194,165912,184082,False
YNL160W,YGP1,34.75077,0.376073597,1,10191,15,171671,inf,trans,0.376073597,10191,165912,184082,False
YNL160W,YGP1,33.05031799,0.322806154,1,11680,16,572345,inf,trans,0.322806154,11680,572345,572345,False
YNL160W,YGP1,25.71132513,-0.382137226,1,8458,13,56990,inf,trans,0.382137226,8458,55098,73225,False
YNL160W,YGP1,7.675749318,0.145260065,0,8107,12,738039,inf,trans,0.145260065,8107,727931,749514,False
YNL160W,YGP1,6.937472678,0.141034972,0,4356,7,587567,inf,trans,0.141034972,4356,585575,599356,False
YNL160W,YGP1,5.99905248,0.123446307,1,6198,10,347536,inf,trans,0.123446307,6198,336613,349573,False
YNL160W,YGP1,5.988639128,0.129114605,0,1891,4,584486,inf,trans,0.129114605,1891,565447,592839,False
YNL160W,YGP1,5.58457167,0.118709278,0,1336,4,96325,inf,trans,0.118709278,1336,90193,103991,False
YNL160W,YGP1,5.445928215,0.116677392,0,11589,16,463745,inf,trans,0.116677392,11589,458134,470812,False
YNL160W,YGP1,5.388335033,0.117276597,0,8295,12,954827,inf,trans,0.117276597,8295,954167,956536,False
YNL160W,YGP1,4.850472937,-0.109488627,0,5087,8,204151,inf,trans,0.109488627,5087,193408,206590,False
YNL160W,YGP1,4.695390796,-0.108741111,0,3893,7,33441,inf,trans,0.108741111,3893,23383,37288,False
YNL160W,YGP1,4.392005118,0.106347486,1,3673,6,73433,inf,trans,0.106347486,3673,62743,75397,False
YHR020W,YHR020W,19.69827139,-0.249876954,1,11683,16,575622,inf,trans,0.249876954,11683,554350,590624,False
YHR020W,YHR020W,8.424192116,-0.169629895,1,8126,12,767420,inf,trans,0.169629895,8126,759848,777907,False
YHR020W,YHR020W,8.215993831,0.152641474,1,4996,8,144671,0.0,cis,0.152641474,4996,143451,144671,True
YHR020W,YHR020W,6.747083614,0.136606972,0,6872,11,96863,inf,trans,0.136606972,6872,92153,111132,False
YHR020W,YHR020W,6.581711911,0.271253265,0,1784,4,520430,inf,trans,0.271253265,1784,520430,520430,False
YHR020W,YHR020W,5.499167336,-0.122327382,0,660,2,553949,inf,trans,0.122327382,660,552681,558703,False
YHR020W,YHR020W,5.252845349,0.962242037,0,986,3,82706,inf,trans,0.962242037,986,82706,82706,False
YHR020W,YHR020W,5.085973886,-0.134827494,1,10177,15,160429,inf,trans,0.134827494,10177,158171,160644,False
YHR020W,YHR020W,4.735800075,-0.119289789,0,1304,4,70552,inf,trans,0.119289789,1304,65329,85322,False
YHR020W,YHR020W,4.721765638,0.22820874,0,2568,4,1354715,inf,trans,0.22820874,2568,1352371,1354715,False
YHR020W,YHR020W,4.673653888,-0.8686531,0,8603,13,225322,inf,trans,0.8686531,8603,223846,228874,False
YHR020W,YHR020W,4.647521815,-0.111730038,0,3301,5,524625,inf,trans,0.111730038,3301,522215,540169,False
YHR020W,YHR020W,4.407359176,-0.107768106,1,9185,13,867636,inf,trans,0.107768106,9185,864754,874247,False
YHR020W,YHR020W,4.341953312,-0.212603763,0,10198,15,181071,inf,trans,0.212603763,10198,168199,185951,False
YHR029C,YHI9,14.60610419,0.284247118,0,5037,8,170419,1865.0,trans,0.284247118,5037,159162,170419,False
YMR241W,YHM2,14.71654768,-0.267880136,0,10197,15,180978,inf,trans,0.267880136,10197,168199,185951,False
YMR241W,YHM2,6.153367168,-0.144434005,0,9092,13,739183,12777.0,trans,0.144434005,9092,716963,743797,False
YMR241W,YHM2,6.012563554,-0.155381199,0,5603,9,136527,inf,trans,0.155381199,5603,125289,144699,False
YMR241W,YHM2,5.150752,0.262134527,0,2285,4,971731,inf,trans,0.262134527,2285,961744,998174,False
YMR241W,YHM2,4.705516534,0.12337754,0,1284,4,52141,inf,trans,0.12337754,1284,43687,60460,False
YHR112C,YHR112C,7.283150992,-0.407998466,0,844,2,780425,inf,trans,0.407998466,844,780425,780425,False
YHR112C,YHR112C,6.900789341,0.159427324,0,9437,14,241114,inf,trans,0.159427324,9437,233872,250690,False
YHR112C,YHR112C,6.854225476,-0.163480926,0,11678,16,572250,inf,trans,0.163480926,11678,546787,587778,False
YIR035C,YIR035C,9.521452123,-0.288692415,0,8816,13,509524,inf,trans,0.288692415,8816,500062,513217,False
YJL133C-A,YJL133C-A,5.818937759,0.225197289,0,10851,15,866884,inf,trans,0.225197289,10851,848974,880507,False
YJL133C-A,YJL133C-A,5.376842941,0.168580174,0,6178,10,319864,160020.0,trans,0.168580174,6178,317643,330168,False
YJR096W,YJR096W; J1926,49.23006316,0.461836617,0,6426,10,611690,0.0,cis,0.461836617,6426,599712,627474,True
YJR096W,YJR096W; J1926,15.03322416,0.254392105,1,10192,15,172074,inf,trans,0.254392105,10192,165912,184082,False
YJR096W,YJR096W; J1926,5.086443029,0.248885729,0,4383,7,607418,inf,trans,0.248885729,4383,607418,607810,False
YJR096W,YJR096W; J1926,4.967278487,-0.250687279,0,2568,4,1354715,inf,trans,0.250687279,2568,1352371,1354715,False
YJR096W,YJR096W; J1926,4.774059824,-0.121564202,0,7189,11,425985,inf,trans,0.121564202,7189,407251,445373,False
YJR096W,YJR096W; J1926,4.724406282,-0.221263963,1,4196,7,400550,inf,trans,0.221263963,4196,400550,400550,False
YJL171C,YJL171C; J0512,45.52310309,0.403047324,1,1093,3,198615,inf,trans,0.403047324,1093,188758,204903,False
YJL171C,YJL171C; J0512,6.692238565,0.306544887,0,8986,13,667202,inf,trans,0.306544887,8986,667202,667202,False
YJL171C,YJL171C; J0512,6.337830271,0.134520572,0,5505,9,70962,inf,trans,0.134520572,5505,57000,77957,False
YJL171C,YJL171C; J0512,5.913613034,0.128425475,0,4463,7,660057,inf,trans,0.128425475,4463,652017,669370,False
YJL171C,YJL171C; J0512,5.738574182,-0.195737376,1,36,1,45634,inf,trans,0.195737376,36,45634,45634,False
YKL033W-A,YKL033W-A,11.16536974,-0.644793716,0,12041,17,48192,inf,trans,0.644793716,12041,48192,48192,False
YKL033W-A,YKL033W-A,6.321498097,-0.312484654,0,1784,4,520430,inf,trans,0.312484654,1784,520430,520430,False
YKL033W-A,YKL033W-A,5.332469383,0.139214435,1,7975,12,568017,inf,trans,0.139214435,7975,568017,568017,False
YKL033W-A,YKL033W-A,5.259505221,0.78563089,0,7686,12,265316,inf,trans,0.78563089,7686,265316,265316,False
YKL033W-A,YKL033W-A,4.904854741,0.132819121,0,4596,7,833212,inf,trans,0.132819121,4596,823954,839118,False
YKL033W-A,YKL033W-A,4.792720901,0.129525369,0,11626,16,508190,inf,trans,0.129525369,11626,504270,518590,False
YKL033W-A,YKL033W-A,4.645621931,-0.129997157,0,8022,12,622770,inf,trans,0.129997157,8022,614130,626279,False
YKL033W-A,YKL033W-A,4.622766776,0.147307097,0,10193,15,172102,inf,trans,0.147307097,10193,165912,184082,False
YKL033W-A,YKL033W-A,4.620495948,0.12871997,0,7616,12,205111,inf,trans,0.12871997,7616,196147,222718,False
YKL033W-A,YKL033W-A,4.504282913,0.134745385,0,4373,7,594969,inf,trans,0.134745385,4373,587240,607810,False
YKL033W-A,YKL033W-A,4.331910626,0.122926532,1,6193,10,340762,inf,trans,0.122926532,6193,334716,349573,False
YLR179C,YLR179C; L9470.20,58.84581944,-0.347969997,1,8055,12,676313,161598.0,trans,0.347969997,8055,662007,683588,False
YLR179C,YLR179C; L9470.20,23.17877447,-0.206593792,1,10618,15,656377,inf,trans,0.206593792,10618,649242,660805,False
YLR179C,YLR179C; L9470.20,15.35985515,0.371380895,1,7917,12,515351,636.0,cis,0.371380895,7917,514437,518231,True
YLR179C,YLR179C; L9470.20,10.32871617,0.311847464,1,7915,12,514965,250.0,cis,0.311847464,7915,514437,515351,True
YLR179C,YLR179C; L9470.20,6.613854932,-0.102173677,0,5807,9,286125,inf,trans,0.102173677,5807,280761,296974,False
YLR179C,YLR179C; L9470.20,6.360884029,-0.21492486,1,371,2,191599,inf,trans,0.21492486,371,182758,192390,False
YLR179C,YLR179C; L9470.20,5.968825503,-0.671313267,1,3615,6,30082,inf,trans,0.671313267,3615,30082,30082,False
YLR179C,YLR179C; L9470.20,5.783488975,0.122261319,0,6612,11,2745,inf,trans,0.122261319,6612,2720,8909,False
YLR179C,YLR179C; L9470.20,5.231433103,0.33075507,0,8620,13,255043,inf,trans,0.33075507,8620,255043,255043,False
YLR179C,YLR179C; L9470.20,5.043360173,0.089240869,0,10840,15,852168,inf,trans,0.089240869,10840,841052,876222,False
YLR179C,YLR179C; L9470.20,4.844366729,0.089841466,0,306,2,135925,inf,trans,0.089841466,306,127887,141545,False
YLR179C,YLR179C; L9470.20,4.806070308,-0.1696831,0,2095,4,802970,inf,trans,0.1696831,2095,789241,808113,False
YLR179C,YLR179C; L9470.20,4.709543619,-0.085527847,0,9478,14,318991,inf,trans,0.085527847,9478,312060,332647,False
YLR179C,YLR179C; L9470.20,4.44314563,0.086553258,0,9747,14,602678,inf,trans,0.086553258,9747,575614,613306,False
YLR179C,YLR179C; L9470.20,4.275063613,0.089525878,1,10889,15,909076,inf,trans,0.089525878,10889,909076,909076,False
YLR257W,YLR257W,16.77987724,0.279023565,0,10192,15,172074,inf,trans,0.279023565,10192,165912,184082,False
YLR257W,YLR257W,12.29398695,0.205882828,1,8046,12,659849,56.0,cis,0.205882828,8046,659849,670660,True
YLR257W,YLR257W,7.839715607,-0.220329081,0,8460,13,58847,inf,trans,0.220329081,8460,55098,73225,False
YLR257W,YLR257W,7.698489847,-0.209393301,1,10922,15,960845,inf,trans,0.209393301,10922,956308,964403,False
YLR257W,YLR257W,6.665173407,0.147544317,0,7978,12,569926,88902.0,trans,0.147544317,7978,563476,576167,False
YLR257W,YLR257W,6.464326907,-0.147550462,0,5478,9,62935,inf,trans,0.147550462,5478,57000,72697,False
YLR257W,YLR257W,5.583037611,-0.270923783,0,2568,4,1354715,inf,trans,0.270923783,2568,1352371,1354715,False
YLR257W,YLR257W,5.514921527,-0.263449367,0,1784,4,520430,inf,trans,0.263449367,1784,520430,520430,False
YLR257W,YLR257W,5.110266545,-0.126771178,0,1187,3,285659,inf,trans,0.126771178,1187,267625,297295,False
YLR257W,YLR257W,4.817891716,0.131109763,0,643,2,524731,inf,trans,0.131109763,643,507274,530047,False
YLR257W,YLR257W,4.512340461,-0.117264199,0,11579,16,447582,inf,trans,0.117264199,11579,429194,454180,False
YLR257W,YLR257W,4.337569678,0.120366061,1,5620,9,146928,inf,trans,0.120366061,5620,146928,146928,False
YMR196W,YMR196W; YM9646.09,25.38706395,0.293534937,0,11685,16,576347,inf,trans,0.293534937,11685,564355,591786,False
YMR196W,YMR196W; YM9646.09,14.87524396,0.214760714,0,6482,10,662679,inf,trans,0.214760714,6482,653026,667117,False
YMR196W,YMR196W; YM9646.09,10.12566779,0.314148593,1,10190,15,171150,inf,trans,0.314148593,10190,165912,184082,False
YMR196W,YMR196W; YM9646.09,7.953494873,0.157071809,0,646,2,530047,inf,trans,0.157071809,646,517548,538990,False
YMR196W,YMR196W; YM9646.09,7.708169246,0.151000361,0,8970,13,650533,4542.0,trans,0.151000361,8970,632242,661923,False
YMR196W,YMR196W; YM9646.09,7.233874791,0.301439433,1,8107,12,738039,inf,trans,0.301439433,8107,727931,749514,False
YMR196W,YMR196W; YM9646.09,7.225064342,0.1473479,0,3669,6,71471,inf,trans,0.1473479,3669,62743,74913,False
YMR196W,YMR196W; YM9646.09,4.877128481,0.114600569,0,1278,4,48723,inf,trans,0.114600569,1278,37106,60023,False
YMR196W,YMR196W; YM9646.09,4.844146204,-0.340345755,1,1241,3,307149,inf,trans,0.340345755,1241,307149,307149,False
YMR196W,YMR196W; YM9646.09,4.54152458,-0.11145821,0,5478,9,62935,inf,trans,0.11145821,5478,57000,72697,False
YMR196W,YMR196W; YM9646.09,4.431942703,0.217728015,0,4384,7,607495,inf,trans,0.217728015,4384,607495,607495,False
YMR196W,YMR196W; YM9646.09,4.209547704,0.191015013,0,10180,15,166369,inf,trans,0.191015013,10180,165912,179652,False
YMR226C,YMR226C; YM9959.08C,13.83807746,0.220167614,1,11680,16,572345,inf,trans,0.220167614,11680,572345,572345,False
YMR226C,YMR226C; YM9959.08C,11.94409485,-0.402562428,0,1784,4,520430,inf,trans,0.402562428,1784,520430,520430,False
YMR226C,YMR226C; YM9959.08C,10.91363349,0.193696529,1,7856,12,442818,inf,trans,0.193696529,7856,433534,443164,False
YMR226C,YMR226C; YM9959.08C,6.644495872,0.150941738,0,8311,12,974822,inf,trans,0.150941738,8311,968660,987293,False
YMR226C,YMR226C; YM9959.08C,6.150097991,0.157446263,0,10180,15,166369,inf,trans,0.157446263,10180,165912,179652,False
YMR226C,YMR226C; YM9959.08C,5.06439798,0.139855997,0,7979,12,570032,inf,trans,0.139855997,7979,563476,576167,False
YMR226C,YMR226C; YM9959.08C,5.002125599,-0.123209819,1,11890,16,812990,inf,trans,0.123209819,11890,798666,821586,False
YMR226C,YMR226C; YM9959.08C,4.938665573,-0.223135435,1,1004,3,92716,inf,trans,0.223135435,1004,79867,95493,False
YMR226C,YMR226C; YM9959.08C,4.673913753,-0.121325256,0,11354,16,209279,inf,trans,0.121325256,11354,197237,213411,False
YMR226C,YMR226C; YM9959.08C,4.609942645,0.11894099,0,9050,13,718591,3001.0,trans,0.11894099,9050,714847,740946,False
YMR226C,YMR226C; YM9959.08C,4.186221254,0.111929911,0,5199,8,359203,inf,trans,0.111929911,5199,343641,363516,False
YMR226C,YMR226C; YM9959.08C,4.160048908,-0.110458605,0,5092,8,205962,inf,trans,0.110458605,5092,193408,206590,False
YMR315W,YMR315W; YM9924.07,57.08460869,0.423497199,0,11689,16,579790,inf,trans,0.423497199,11689,554350,591786,False
YMR315W,YMR315W; YM9924.07,32.66679296,0.347398985,1,10191,15,171671,inf,trans,0.347398985,10191,165912,184082,False
YMR315W,YMR315W; YM9924.07,17.55939234,0.214497076,1,5322,8,458435,inf,trans,0.214497076,5322,448047,461438,False
YMR315W,YMR315W; YM9924.07,9.929663567,0.170403774,0,642,2,523217,inf,trans,0.170403774,642,505207,530047,False
YMR315W,YMR315W; YM9924.07,8.093479049,0.143625961,0,1884,4,579070,inf,trans,0.143625961,1884,563928,592839,False
YMR315W,YMR315W; YM9924.07,7.674320762,-0.136327431,1,2573,4,1359608,inf,trans,0.136327431,2573,1342134,1381394,False
YMR315W,YMR315W; YM9924.07,7.655171303,0.137174469,1,8108,12,740250,inf,trans,0.137174469,8108,732202,754859,False
YMR315W,YMR315W; YM9924.07,7.154583838,0.13129431,0,5610,9,138636,inf,trans,0.13129431,5610,125289,144955,False
YMR315W,YMR315W; YM9924.07,6.114240405,-0.119583975,0,4789,7,1012595,inf,trans,0.119583975,4789,1011349,1012595,False
YMR315W,YMR315W; YM9924.07,5.733967294,-0.135131857,0,1187,3,285659,inf,trans,0.135131857,1187,267625,297295,False
YMR315W,YMR315W; YM9924.07,5.623849851,0.130760876,0,8288,12,950296,inf,trans,0.130760876,8288,933520,950296,False
YMR315W,YMR315W; YM9924.07,5.577491244,0.127389077,0,4534,7,755392,inf,trans,0.127389077,4534,751217,769305,False
YMR315W,YMR315W; YM9924.07,4.604426982,-0.102921818,0,3970,7,128719,inf,trans,0.102921818,3970,128719,142863,False
YMR315W,YMR315W; YM9924.07,4.407536152,-0.379621225,0,9532,14,379436,inf,trans,0.379621225,9532,379436,379436,False
YMR315W,YMR315W; YM9924.07,4.345126,-0.099032386,0,2864,5,42051,inf,trans,0.099032386,2864,38200,42740,False
YMR315W,YMR315W; YM9924.07,4.186078327,0.097805956,0,7974,12,567889,inf,trans,0.097805956,7974,563476,576167,False
YPR024W,YME1,7.431332629,0.176735182,0,5608,9,137267,inf,trans,0.176735182,5608,122617,144955,False
YPR024W,YME1,6.63754419,0.186146094,0,10191,15,171671,inf,trans,0.186146094,10191,165912,184082,False
YPR024W,YME1,5.683047627,0.15548876,0,7980,12,570630,inf,trans,0.15548876,7980,563476,576167,False
YPR024W,YME1,4.916069691,0.173751127,0,4981,8,126150,inf,trans,0.173751127,4981,126150,126150,False
YPR024W,YME1,4.915543135,-0.277620581,0,9784,14,631825,inf,trans,0.277620581,9784,616988,641214,False
YML131W,YML131W; YM4987.04,41.2688161,-0.417199957,1,11678,16,572250,inf,trans,0.417199957,11678,546787,587778,False
YML131W,YML131W; YM4987.04,11.16478595,-0.199974856,0,1084,3,195779,inf,trans,0.199974856,1084,186935,204903,False
YML131W,YML131W; YM4987.04,10.14927287,-0.185639764,0,2286,4,973283,inf,trans,0.185639764,2286,959283,1000959,False
YML131W,YML131W; YM4987.04,5.936851755,0.162451785,0,1014,3,114371,inf,trans,0.162451785,1014,111179,126954,False
YML131W,YML131W; YM4987.04,5.504044707,-0.153730297,0,10192,15,172074,inf,trans,0.153730297,10192,165912,184082,False
YML131W,YML131W; YM4987.04,4.693650856,-0.385188234,0,10391,15,385655,inf,trans,0.385188234,10391,385655,385655,False
YMR090W,YMR090W; YM9582.15,36.33705572,0.437582523,1,10191,15,171671,inf,trans,0.437582523,10191,165912,184082,False
YMR090W,YMR090W; YM9582.15,10.38297022,0.206806796,0,636,2,517548,inf,trans,0.206806796,636,505207,530047,False
YMR090W,YMR090W; YM9582.15,8.493994572,0.17993838,0,4385,7,607810,inf,trans,0.17993838,4385,592987,609851,False
YMR090W,YMR090W; YM9582.15,6.351928255,0.148558005,0,11677,16,571530,inf,trans,0.148558005,11677,544393,587778,False
YMR090W,YMR090W; YM9582.15,6.090103086,0.271558689,0,1303,4,70129,inf,trans,0.271558689,1303,65329,85322,False
YMR090W,YMR090W; YM9582.15,4.796128389,0.549258469,0,7873,12,460678,inf,trans,0.549258469,7873,460678,460678,False
YMR090W,YMR090W; YM9582.15,4.770792652,-0.247175329,0,4732,7,951285,inf,trans,0.247175329,4732,951285,951285,False
YMR090W,YMR090W; YM9582.15,4.739040556,-0.142650602,0,5732,9,249625,inf,trans,0.142650602,5732,249562,251030,False
YMR090W,YMR090W; YM9582.15,4.381943957,0.1224308,0,1891,4,584486,inf,trans,0.1224308,1891,565447,592839,False
YMR099C,YMR099C; YM6543.06C,10.34249807,0.24019115,0,10192,15,172074,inf,trans,0.24019115,10192,165912,184082,False
YMR099C,YMR099C; YM6543.06C,6.099525856,0.154767317,0,7962,12,557450,inf,trans,0.154767317,7962,551811,563498,False
YMR099C,YMR099C; YM6543.06C,5.829380868,-0.152572151,0,10828,15,841040,inf,trans,0.152572151,10828,841040,850586,False
YNR034W-A,YNR034W-A,6.998387535,0.180166181,0,10198,15,181071,inf,trans,0.180166181,10198,168199,185951,False
YNR034W-A,YNR034W-A,6.346551296,0.149556974,0,11216,16,110992,inf,trans,0.149556974,11216,110992,122212,False
YNR034W-A,YNR034W-A,5.876181664,-0.284241906,0,4732,7,951285,inf,trans,0.284241906,4732,951285,951285,False
YNL010W,YNL010W; N2866,7.664835139,-0.360813371,0,10891,15,911748,inf,trans,0.360813371,10891,911748,911748,False
YNL010W,YNL010W; N2866,5.892447214,0.474269392,0,5430,8,556173,inf,trans,0.474269392,5430,556173,556173,False
YNL010W,YNL010W; N2866,5.430689922,0.247897296,0,12043,17,50506,inf,trans,0.247897296,12043,50506,50506,False
YNL134C,YNL134C,7.791480736,0.16336799,0,10166,15,151907,inf,trans,0.16336799,10166,144887,160644,False
YNL134C,YNL134C,5.220973381,-0.42238092,0,10844,15,860902,inf,trans,0.42238092,10844,860902,860902,False
YNL208W,YNL208W; N1338,6.778699773,0.166820917,0,8308,12,971945,inf,trans,0.166820917,8308,956127,985083,False
YOR283W,YOR283W,10.21264767,-0.219544663,0,10832,15,846553,899.0,cis,0.219544663,10832,841040,864445,True
YPR028W,YOP1; YIP2,7.043238959,0.165412904,0,4458,7,659882,inf,trans,0.165412904,4458,652017,666200,False
YPR028W,YOP1; YIP2,6.765680279,0.145856811,0,11740,16,616806,6718.0,trans,0.145856811,11740,611083,627281,False
YPR028W,YOP1; YIP2,6.748078331,-0.145028554,1,5621,9,150327,inf,trans,0.145028554,5621,142542,158904,False
YPR028W,YOP1; YIP2,5.584968107,0.168591692,1,8457,13,55098,inf,trans,0.168591692,8457,55098,65881,False
YPR028W,YOP1; YIP2,5.391559237,0.284546452,0,11168,16,64363,559161.0,trans,0.284546452,11168,64363,64363,False
YPR028W,YOP1; YIP2,4.943351191,-0.271346206,0,3874,7,17843,inf,trans,0.271346206,3874,17838,17843,False
YPR028W,YOP1; YIP2,4.664175681,0.117587107,1,9477,14,317822,inf,trans,0.117587107,9477,312060,331132,False
YPR028W,YOP1; YIP2,4.438099912,0.120123342,0,11338,16,191290,432234.0,trans,0.120123342,11338,179596,198072,False
YPR028W,YOP1; YIP2,4.419457379,0.13827294,0,5808,9,287755,inf,trans,0.13827294,5808,286125,289513,False
YPR028W,YOP1; YIP2,4.213314835,0.113785585,0,2232,4,924619,inf,trans,0.113785585,2232,903873,929694,False
YPR010C-A,YPR010C-A,22.81934259,0.301126562,1,10191,15,171671,inf,trans,0.301126562,10191,165912,184082,False
YPR010C-A,YPR010C-A,20.77977858,0.253246304,0,5611,9,138792,inf,trans,0.253246304,5611,122617,144955,False
YPR010C-A,YPR010C-A,14.74818983,0.208313993,0,7859,12,443030,inf,trans,0.208313993,7859,425418,443164,False
YPR010C-A,YPR010C-A,12.42762259,0.191519296,1,7979,12,570032,inf,trans,0.191519296,7979,563476,576167,False
YPR010C-A,YPR010C-A,9.629606713,0.179830178,0,643,2,524731,inf,trans,0.179830178,643,507274,530047,False
YPR010C-A,YPR010C-A,9.213094428,-0.174738456,1,8667,13,331334,inf,trans,0.174738456,8667,329611,333904,False
YPR010C-A,YPR010C-A,8.294643596,-0.153871043,0,1933,4,621613,inf,trans,0.153871043,1933,613791,624555,False
YPR010C-A,YPR010C-A,7.908536832,0.153946432,0,8313,12,974973,inf,trans,0.153946432,8313,961463,990758,False
YPR010C-A,YPR010C-A,7.52005345,-0.199097552,0,8458,13,56990,inf,trans,0.199097552,8458,55098,73225,False
YPR010C-A,YPR010C-A,6.551686836,0.136432222,0,8106,12,737804,inf,trans,0.136432222,8106,727931,749514,False
YPR010C-A,YPR010C-A,6.133789838,-0.128763825,0,8819,13,510968,inf,trans,0.128763825,8819,505070,513217,False
YPR010C-A,YPR010C-A,4.690422923,-0.110288264,0,5075,8,200519,inf,trans,0.110288264,5075,191947,206590,False
YPR010C-A,YPR010C-A,4.262751322,0.328810479,0,4248,7,433855,inf,trans,0.328810479,4248,433855,433855,False
YPR010C-A,YPR010C-A,4.171082496,0.105115136,0,10993,15,1015033,inf,trans,0.105115136,10993,1010191,1018776,False
YPL199C,YPL199C,8.232428873,0.554370757,1,7031,11,231612,inf,trans,0.554370757,7031,231612,231612,False
YPL199C,YPL199C,7.826704166,0.190333551,1,11324,16,174996,2242.0,trans,0.190333551,11324,167913,191167,False
YPL199C,YPL199C,5.47590171,0.165771889,0,2922,5,83188,inf,trans,0.165771889,2922,79208,83188,False
YPL225W,YPL225W,9.874873872,0.579450024,1,7031,11,231612,inf,trans,0.579450024,7031,231612,231612,False
YPL225W,YPL225W,7.309469383,0.347878917,0,4647,7,876941,inf,trans,0.347878917,4647,876941,876941,False
YPL225W,YPL225W,5.758316393,0.40935237,1,10178,15,160644,inf,trans,0.40935237,10178,150771,160644,False
YPL225W,YPL225W,5.11472389,0.142393456,0,1901,4,591697,inf,trans,0.142393456,1901,588662,592839,False
YPL260W,YPL260W,7.595731117,0.184312466,0,4412,7,629962,inf,trans,0.184312466,4412,624442,640575,False
YPL260W,YPL260W,6.591731359,0.158560291,1,11342,16,196859,145901.0,trans,0.158560291,11342,187861,210158,False
YPL260W,YPL260W,6.005833333,-0.29231338,0,11152,16,64109,13151.0,trans,0.29231338,11152,51066,73035,False
YPL260W,YPL260W,5.589796899,0.16012222,0,10185,15,169414,inf,trans,0.16012222,10185,165912,181071,False
YPL260W,YPL260W,4.616854796,-0.159052506,0,2694,4,1489545,inf,trans,0.159052506,2694,1488575,1489545,False
YKL126W,YPK1; SLI2,6.123502172,0.617752328,0,7873,12,460678,inf,trans,0.617752328,7873,460678,460678,False
YKL126W,YPK1; SLI2,5.570470221,-0.153035856,0,2440,4,1176138,inf,trans,0.153035856,2440,1171385,1191935,False
YKL126W,YPK1; SLI2,5.199380822,0.136979158,0,8899,13,582883,inf,trans,0.136979158,8899,573670,589215,False
YKL126W,YPK1; SLI2,5.03831536,0.850692747,0,6781,11,22075,183276.0,trans,0.850692747,6781,22075,22075,False
YKL126W,YPK1; SLI2,4.903559583,-0.132459494,1,4904,8,65889,inf,trans,0.132459494,4904,56351,65889,False
YKL126W,YPK1; SLI2,4.638112999,0.322960536,0,11793,16,681149,inf,trans,0.322960536,11793,681149,681149,False
YDR368W,YPR1,29.40572192,-0.33047023,1,2455,4,1213560,336.0,cis,0.33047023,2455,1184872,1235719,True
YDR368W,YPR1,12.87413679,-0.212814758,1,11679,16,572345,inf,trans,0.212814758,11679,571530,579913,False
YDR368W,YPR1,7.514759529,0.162142445,0,5537,9,73950,inf,trans,0.162142445,5537,69699,77957,False
YDR368W,YPR1,7.478791794,-0.582152119,0,9532,14,379436,inf,trans,0.582152119,9532,379436,379436,False
YDR368W,YPR1,4.888604395,0.122591923,0,3662,6,64449,inf,trans,0.122591923,3662,57460,73433,False
YLR120C,YPS1; YAP3,9.799076837,0.189096439,1,7805,12,384824,1688.0,trans,0.189096439,7805,372955,387634,False
YLR120C,YPS1; YAP3,9.389072901,0.206125886,0,10186,15,170347,inf,trans,0.206125886,10186,165912,184082,False
YLR120C,YPS1; YAP3,8.424142173,0.174395494,1,5595,9,136044,inf,trans,0.174395494,5595,114834,144955,False
YLR120C,YPS1; YAP3,7.906266966,0.168101894,0,11276,16,163733,inf,trans,0.168101894,11276,151512,168266,False
YLR120C,YPS1; YAP3,7.580283017,-0.176142118,0,10763,15,775499,inf,trans,0.176142118,10763,774372,785674,False
YLR120C,YPS1; YAP3,7.087210646,-0.223168258,1,11608,16,488158,inf,trans,0.223168258,11608,481940,494210,False
YLR120C,YPS1; YAP3,6.164475876,-0.144717246,0,1186,3,285299,inf,trans,0.144717246,1186,267625,297295,False
YLR120C,YPS1; YAP3,5.574854569,-0.282858956,0,1789,4,520568,inf,trans,0.282858956,1789,512749,521148,False
YLR120C,YPS1; YAP3,5.504313501,0.151874712,0,11697,16,586864,inf,trans,0.151874712,11697,572250,593213,False
YLR120C,YPS1; YAP3,5.079559311,0.142173668,0,4524,7,730940,inf,trans,0.142173668,4524,716049,732233,False
YLR120C,YPS1; YAP3,4.833816839,0.373895117,0,4656,7,885849,inf,trans,0.373895117,4656,885849,885849,False
YLR120C,YPS1; YAP3,4.544140305,0.124261774,0,1920,4,605918,inf,trans,0.124261774,1920,597710,614738,False
YLR120C,YPS1; YAP3,4.470070465,-0.139103603,1,285,2,119247,inf,trans,0.139103603,285,119244,123100,False
YLR120C,YPS1; YAP3,4.0885735,0.115641569,0,4117,7,326640,inf,trans,0.115641569,4117,315634,337273,False
YLR120C,YPS1; YAP3,4.069716297,0.121864919,0,10720,15,748030,inf,trans,0.121864919,10720,745301,760114,False
YFL038C,YPT1; YP2,6.804974221,1.39115607,0,8368,12,1019132,inf,trans,1.39115607,8368,1019132,1019132,False
YFL038C,YPT1; YP2,5.234766954,-0.337934664,0,844,2,780425,inf,trans,0.337934664,844,780425,780425,False
YKR014C,YPT52,7.267701066,0.193559253,1,10191,15,171671,inf,trans,0.193559253,10191,165912,184082,False
YKR014C,YPT52,5.544507681,0.150425077,0,8123,12,767196,inf,trans,0.150425077,8123,759605,777907,False
YML001W,YPT7; VAM4,9.128357943,0.184255586,0,2478,4,1246177,inf,trans,0.184255586,2478,1242195,1256208,False
YML001W,YPT7; VAM4,8.76829268,-0.392392058,0,5420,8,554022,inf,trans,0.392392058,5420,554022,554022,False
YML001W,YPT7; VAM4,7.751980479,0.16864885,0,1940,4,624555,inf,trans,0.16864885,1940,613791,629973,False
YML001W,YPT7; VAM4,7.748688841,-0.755402655,0,3486,5,564372,inf,trans,0.755402655,3486,563372,565208,False
YML001W,YPT7; VAM4,7.15365032,-0.44017266,0,4207,7,412630,inf,trans,0.44017266,4207,412630,412630,False
YML001W,YPT7; VAM4,6.963080439,-0.274191892,1,9799,14,645369,inf,trans,0.274191892,9799,620369,650841,False
YML001W,YPT7; VAM4,6.034469005,-0.270413014,1,8086,12,718114,inf,trans,0.270413014,8086,718114,718114,False
YML001W,YPT7; VAM4,4.698343856,-0.809649499,0,10777,15,785154,inf,trans,0.809649499,10777,785154,785154,False
YML001W,YPT7; VAM4,4.666313544,0.125046055,0,6894,11,118055,inf,trans,0.125046055,6894,102671,125700,False
YML001W,YPT7; VAM4,4.506794506,-0.30862603,1,11787,16,675808,inf,trans,0.30862603,11787,675808,675808,False
YDR381W,YRA1,10.60900545,0.49004724,1,7150,11,381673,inf,trans,0.49004724,7150,372538,385019,False
YDR381W,YRA1,9.970801717,0.217570781,0,10186,15,170347,inf,trans,0.217570781,10186,165912,184082,False
YDR381W,YRA1,8.940755269,0.649975159,1,7149,11,381673,inf,trans,0.649975159,7149,381673,381673,False
YDR381W,YRA1,8.932326092,0.182523686,0,7373,11,624345,inf,trans,0.182523686,7373,615824,629750,False
YDR381W,YRA1,6.776477048,0.395898005,0,1676,4,383923,852627.0,trans,0.395898005,1676,383923,383923,False
YDR381W,YRA1,5.505453754,-0.137027317,1,3952,7,98223,inf,trans,0.137027317,3952,92844,105525,False
YDR381W,YRA1,4.794521409,-0.127111312,1,9809,14,654336,inf,trans,0.127111312,9809,654230,663083,False
YKL214C,YRA2,10.6888303,-0.222596167,0,6791,11,31861,167.0,cis,0.222596167,6791,25361,33534,True
YKL214C,YRA2,5.652775124,-0.155556179,1,7218,11,452711,421017.0,trans,0.155556179,7218,430725,463057,False
YKL214C,YRA2,5.052315244,0.14725266,0,10113,15,109676,inf,trans,0.14725266,10113,106762,134843,False
YKL214C,YRA2,5.005953828,-0.604614533,0,7149,11,381673,349979.0,trans,0.604614533,7149,381673,381673,False
YKL214C,YRA2,4.950815055,-0.143354205,0,2579,4,1372531,inf,trans,0.143354205,2579,1353994,1385147,False
YDR002W,YRB1,6.067059243,0.450776894,0,7031,11,231612,inf,trans,0.450776894,7031,231612,231612,False
YOR272W,YTM1,7.529180357,0.227947213,0,7110,11,341027,inf,trans,0.227947213,7110,336742,341771,False
YOL109W,ZEO1,13.71513405,-0.234460158,0,11685,16,576347,inf,trans,0.234460158,11685,564355,591786,False
YOL109W,ZEO1,13.41552793,-0.242265886,1,8667,13,331334,inf,trans,0.242265886,8667,329611,333904,False
YOL109W,ZEO1,7.488641502,-0.16611799,1,4287,7,467736,inf,trans,0.16611799,4287,467736,467736,False
YOL109W,ZEO1,6.626938225,-0.154069496,0,7141,11,376286,inf,trans,0.154069496,7141,372538,384150,False
YOL109W,ZEO1,6.211810653,-0.147975726,1,2319,4,1000959,inf,trans,0.147975726,2319,961744,1006085,False
YOL109W,ZEO1,5.905128927,0.144825334,0,7853,12,442034,inf,trans,0.144825334,7853,425418,443164,False
YOL109W,ZEO1,5.163934857,0.285291129,0,5420,8,554022,inf,trans,0.285291129,5420,554022,554022,False
YOL109W,ZEO1,5.099143238,0.418553988,0,5430,8,556173,inf,trans,0.418553988,5430,556173,556173,False
YGR211W,ZPR1,8.267679541,-0.166491688,0,1287,4,56089,inf,trans,0.166491688,1287,48267,62324,False
YGR211W,ZPR1,5.908801956,0.137990742,0,5879,9,365725,inf,trans,0.137990742,5879,347652,372842,False
YGR211W,ZPR1,5.508098063,-0.136593497,0,1779,4,504047,inf,trans,0.136593497,1779,481074,521148,False
YGL255W,ZRT1,13.4718755,-0.214726343,1,11699,16,586993,inf,trans,0.214726343,11699,572464,593213,False
YGL255W,ZRT1,11.71262291,-0.231408696,0,10192,15,172074,inf,trans,0.231408696,10192,165912,184082,False
YGL255W,ZRT1,9.85250024,0.253066994,1,8458,13,56990,inf,trans,0.253066994,8458,55098,73225,False
YGL255W,ZRT1,7.85723454,-0.166010895,1,10226,15,214375,inf,trans,0.166010895,10226,203046,218248,False
YGL255W,ZRT1,7.382884154,-0.151277882,0,3877,7,19896,1082.0,trans,0.151277882,3877,1581,23383,False
YGL255W,ZRT1,6.050425109,-0.13725197,0,3673,6,73433,inf,trans,0.13725197,3673,62743,75397,False
YGL255W,ZRT1,5.690633416,0.520847262,1,990,3,84735,inf,trans,0.520847262,990,84735,92716,False
YGL255W,ZRT1,5.233351775,-0.124299884,0,7224,11,462463,inf,trans,0.124299884,7224,441961,467786,False
YGL255W,ZRT1,5.207535024,-0.123989706,0,6065,10,159755,inf,trans,0.123989706,6065,157487,165720,False
YGL255W,ZRT1,5.101678198,0.122849731,0,1285,4,53342,inf,trans,0.122849731,1285,46065,61772,False
YGL255W,ZRT1,4.773893767,-0.121238254,0,5612,9,139216,inf,trans,0.121238254,5612,125289,144955,False
YGL255W,ZRT1,4.480010989,-0.115389244,1,8107,12,738039,inf,trans,0.115389244,8107,727931,749514,False
YGL255W,ZRT1,4.452748197,-0.114406194,0,6941,11,153313,inf,trans,0.114406194,6941,137433,169186,False
YGL255W,ZRT1,4.140265512,0.111320186,1,10270,15,248251,inf,trans,0.111320186,10270,242903,255007,False
YGL255W,ZRT1,4.004221235,0.108653655,0,7631,12,222736,inf,trans,0.108653655,7631,206648,229358,False
